time,uptime_us,boot_id,time_left,time_right,left_device_id,right_device_id,left_firmware_version,right_firmware_version,left_source,right_source,left_position_mm,right_position_mm,left_sensor_distance_mm,right_sensor_distance_mm,left_mpu_accel_x,right_mpu_accel_x,left_mpu_accel_y,right_mpu_accel_y,left_mpu_accel_z,right_mpu_accel_z,left_mpu_gyro_x,right_mpu_gyro_x,left_mpu_gyro_y,right_mpu_gyro_y,left_mpu_gyro_z,right_mpu_gyro_z,left_mpu_temp_c,right_mpu_temp_c,left_adc_raw,right_adc_raw,left_adc_voltage_v,right_adc_voltage_v,left_sensor_voltage_v,right_sensor_voltage_v,left_sample_seq,right_sample_seq,left_batch_seq,right_batch_seq,left_dropped_batches,right_dropped_batches,left_status_flags,right_status_flags,left_tilt_deg,right_tilt_deg,left_roll_deg,right_roll_deg,left_delta_mm,right_delta_mm,left_distance_delta_mm,right_distance_delta_mm,left_m_mm,right_m_mm,left_dm_dx,right_dm_dx,left_ddelta_dx,right_ddelta_dx,left_apeak,right_apeak,left_magnitude_mm,right_magnitude_mm,left_abnormal_score,right_abnormal_score,rail_x_mm,rear_wheel_x_mm,encoder_scale_left,encoder_scale_right,sensor_valid,analysis_window,joint_marker
2026-09-28T21:47:08.313437+09:00,57159450,dccd50fe,2026-09-28T21:47:08.313437+09:00,2026-09-28T21:47:08.399874+09:00,rail-left-01,rail-right-01,0.6.7-draft,0.6.7-draft,mqtt,mqtt,0.05,0.05,7.405,6.659,0.024,0.029,0.146,-0.263,10.472,9.64,-0.0673,0.0313,0.0338,0.0566,-0.008,-0.0055,26.98,27.23,18765,18917,2.346,2.365,7.037,7.094,1,1,1,1,0,0,0,0,,0.04257798,,0.04257798,,0.73863351,,0.73863351,,1.06218917,,0.0,,0.0,,0.73835,0.0,0.41259026,0.0,0.0,,,,,1,0,0
2026-09-28T21:47:08.331399+09:00,57177412,dccd50fe,2026-09-28T21:47:08.331399+09:00,2026-09-28T21:47:08.417836+09:00,rail-left-01,rail-right-01,0.6.7-draft,0.6.7-draft,mqtt,mqtt,0.25,0.15,7.404,6.659,0.022,0.047,0.144,-0.26,10.454,9.667,-0.0669,0.0317,0.0342,0.0561,-0.0087,-0.0076,27.0,27.25,18761,18917,2.345,2.365,7.035,7.094,2,2,1,1,0,0,0,0,,0.06806217,,0.06806217,,0.73863351,,0.73863351,,1.06218917,,0.0,,0.0,,0.73835,0.0,0.41259026,0.0,0.0,,,,,1,0,0
2026-09-28T21:47:08.351536+09:00,57197549,dccd50fe,2026-09-28T21:47:08.351536+09:00,2026-09-28T21:47:08.437972+09:00,rail-left-01,rail-right-01,0.6.7-draft,0.6.7-draft,mqtt,mqtt,0.5,0.4,7.403,6.658,0.006,0.023,0.092,-0.401,10.436,9.665,-0.0653,0.032,0.0369,0.0561,-0.0092,-0.0047,26.95,27.26,18759,18915,2.345,2.364,7.035,7.093,3,3,1,1,0,0,0,0,,0.05387984,,0.05387984,,0.73896684,,0.73896684,,1.0620225,,-0.00307692,,0.00615385,,0.73835,0.0,0.41257914,0.0,0.0,,,,,1,0,0
2026-09-28T21:47:08.371429+09:00,57217442,dccd50fe,2026-09-28T21:47:08.371429+09:00,2026-09-28T21:47:08.457865+09:00,rail-left-01,rail-right-01,0.6.7-draft,0.6.7-draft,mqtt,mqtt,0.85,0.7,7.401,6.659,0.045,-0.031,-1.059,-1.519,10.427,9.77,-0.0629,0.0298,0.0369,0.0641,-0.0144,-0.0195,26.98,27.23,18755,18917,2.344,2.365,7.033,7.094,4,4,1,1,0,0,0,0,,0.00868079,,0.00868079,,0.73888351,,0.73888351,,1.06206417,,-0.00029703,,0.00059406,,0.73835,0.0,0.41258192,0.0,0.0,,,,,1,0,0
2026-09-28T21:47:08.392320+09:00,57238333,dccd50fe,2026-09-28T21:47:08.392320+09:00,2026-09-28T21:47:08.478756+09:00,rail-left-01,rail-right-01,0.6.7-draft,0.6.7-draft,mqtt,mqtt,1.29,1.04,7.401,6.664,0.142,0.104,-0.423,-0.01,10.557,9.831,-0.069,0.035,0.038,0.059,-0.0061,-0.0029,27.0,27.24,18753,18929,2.344,2.366,7.032,7.098,5,5,1,1,0,0,0,0,,0.05755895,,0.05755895,,0.73783351,,0.73783351,,1.06258917,,0.00442644,,-0.00885288,,0.73835,0.0,0.41261692,0.0,0.0,,,,,1,0,0
2026-09-28T21:47:08.412287+09:00,57258300,dccd50fe,2026-09-28T21:47:08.412287+09:00,2026-09-28T21:47:08.498724+09:00,rail-left-01,rail-right-01,0.6.7-draft,0.6.7-draft,mqtt,mqtt,1.79,1.49,7.403,6.673,0.043,0.05,-0.126,-0.518,10.588,9.723,-0.0679,0.034,0.0406,0.0596,-0.0088,-0.0047,26.97,27.21,18760,18949,2.345,2.369,7.035,7.106,6,6,1,1,0,0,0,0,,0.06492723,,0.06492723,,0.73563351,,0.73563351,,1.06368917,,0.00925005,,-0.0185001,,0.73835,0.0,0.41269026,0.0,0.0,,,,,1,0,0
2026-09-28T21:47:08.431474+09:00,57277487,dccd50fe,2026-09-28T21:47:08.431474+09:00,2026-09-28T21:47:08.517911+09:00,rail-left-01,rail-right-01,0.6.7-draft,0.6.7-draft,mqtt,mqtt,2.29,1.94,7.401,6.683,0.006,0.034,0.049,-0.566,10.5,9.71,-0.069,0.0329,0.0425,0.0594,-0.0064,0.0004,26.98,27.23,18755,18972,2.344,2.372,7.033,7.115,7,7,1,1,0,0,0,0,,0.06373397,,0.06373397,,0.73263351,,0.73263351,,1.06518917,,0.01259981,,-0.02519962,,0.73835,0.0,0.41279026,0.0,0.0,,,,,1,0,0
2026-09-28T21:47:08.451464+09:00,57297477,dccd50fe,2026-09-28T21:47:08.451464+09:00,2026-09-28T21:47:08.537900+09:00,rail-left-01,rail-right-01,0.6.7-draft,0.6.7-draft,mqtt,mqtt,2.88,2.44,7.394,6.691,-0.043,0.006,0.18,-0.238,10.406,9.62,-0.0658,0.0308,0.0416,0.058,-0.0091,-0.0032,26.94,27.25,18736,18990,2.342,2.374,7.026,7.121,8,8,1,1,0,0,0,0,,0.05292588,,0.05292588,,0.72938351,,0.72938351,,1.06681417,,0.0141139,,-0.0282278,,0.73835,0.0,0.41289859,0.0,0.0,,,,,1,0,0
2026-09-28T21:47:08.471385+09:00,57317398,dccd50fe,2026-09-28T21:47:08.471385+09:00,2026-09-28T21:47:08.557821+09:00,rail-left-01,rail-right-01,0.6.7-draft,0.6.7-draft,mqtt,mqtt,3.53,2.98,7.386,6.7,-0.032,0.01,0.142,-0.426,10.402,9.707,-0.0628,0.0345,0.0405,0.0596,-0.014,-0.01,26.98,27.24,18717,19008,2.34,2.376,7.019,7.128,9,9,1,1,0,0,0,0,,0.04578783,,0.04578783,,0.72585573,,0.72585573,,1.06857806,,0.01495101,,-0.02990202,,0.73835,0.0,0.41301618,0.0,0.0,,,,,1,0,0
2026-09-28T21:47:08.491560+09:00,57337573,dccd50fe,2026-09-28T21:47:08.491560+09:00,2026-09-28T21:47:08.577997+09:00,rail-left-01,rail-right-01,0.6.7-draft,0.6.7-draft,mqtt,mqtt,4.18,3.58,7.377,6.709,-0.014,0.005,-0.126,-0.328,10.545,9.792,-0.067,0.0322,0.0382,0.0566,-0.0092,-0.0037,26.98,27.26,18695,19028,2.337,2.379,7.011,7.136,10,10,1,1,0,0,0,0,,0.03867346,,0.03867346,,0.72213351,,0.72213351,,1.07043917,,0.01530525,,-0.03061049,,0.73835,0.0,0.41314026,0.0,0.0,,,,,1,0,0
2026-09-28T21:47:08.642315+09:00,57477421,dccd50fe,2026-09-28T21:47:08.642315+09:00,2026-09-28T21:47:08.726872+09:00,rail-left-01,rail-right-01,0.6.7-draft,0.6.7-draft,mqtt,mqtt,9.7,8.35,7.379,6.713,0.017,0.045,0.038,-0.407,10.473,9.742,-0.0667,0.0341,0.0388,0.0556,-0.0097,-0.0023,26.99,27.26,18699,19038,2.337,2.38,7.012,7.139,11,11,2,2,0,0,0,0,0.0059178,-0.17446661,0.0059178,-0.17446661,0.71926987,0.72306208,0.71926987,0.72306208,1.0720528,1.08864155,0.0068339,0.00532227,-0.01283289,0.00046817,0.73835,0.73835,0.41324783,0.41435375,0.0,0.0,,,,,1,0,0
2026-09-28T21:47:08.662488+09:00,57497594,dccd50fe,2026-09-28T21:47:08.662488+09:00,2026-09-28T21:47:08.747044+09:00,rail-left-01,rail-right-01,0.6.7-draft,0.6.7-draft,mqtt,mqtt,10.54,9.1,7.383,6.741,0.025,0.051,0.116,-0.269,10.502,9.741,-0.0718,0.0341,0.0381,0.0554,-0.0128,-0.0128,26.99,27.24,18709,19100,2.339,2.388,7.016,7.163,12,12,2,2,0,0,0,0,-0.02444921,-0.13213607,-0.02444921,-0.13213607,0.71721684,0.72195169,0.71721684,0.72195169,1.07356417,1.09025735,0.00584948,0.00523377,-0.00988204,-0.00020366,0.73835,0.73835,0.41334859,0.41446147,0.0,0.0,,,,,1,0,0
2026-09-28T21:47:08.682450+09:00,57517556,dccd50fe,2026-09-28T21:47:08.682450+09:00,2026-09-28T21:47:08.767006+09:00,rail-left-01,rail-right-01,0.6.7-draft,0.6.7-draft,mqtt,mqtt,11.44,9.84,7.4,6.746,-0.102,-0.074,0.0,-0.412,10.499,9.643,-0.071,0.0309,0.034,0.0529,-0.0116,-0.0089,26.98,27.24,18751,19112,2.344,2.389,7.032,7.167,13,13,2,2,0,0,0,0,-0.05372705,-0.10886309,-0.05372705,-0.10886309,0.71678735,0.72072046,0.71678735,0.72072046,1.07549686,1.09184134,0.0059853,0.00518606,-0.0070977,-0.0007551,0.73835,0.73835,0.41347744,0.41456707,0.0,0.0,,,,,1,0,0
2026-09-28T21:47:08.702371+09:00,57537477,dccd50fe,2026-09-28T21:47:08.702371+09:00,2026-09-28T21:47:08.786927+09:00,rail-left-01,rail-right-01,0.6.7-draft,0.6.7-draft,mqtt,mqtt,12.28,10.64,7.422,6.745,0.105,0.14,0.545,0.025,10.399,9.717,-0.069,0.0338,0.0348,0.0548,-0.0095,-0.0064,26.99,27.21,18806,19108,2.351,2.389,7.052,7.166,14,14,2,2,0,0,0,0,-0.08044256,-0.06219457,-0.08044256,-0.06219457,0.71799065,0.71963351,0.71799065,0.71963351,1.07793917,1.0932725,0.00658185,0.00510579,-0.00420745,-0.00112332,0.73835,0.73835,0.41364026,0.41466248,0.0,0.0,,,,,1,0,0
2026-09-28T21:47:08.722527+09:00,57557633,dccd50fe,2026-09-28T21:47:08.722527+09:00,2026-09-28T21:47:08.807083+09:00,rail-left-01,rail-right-01,0.6.7-draft,0.6.7-draft,mqtt,mqtt,13.18,11.44,7.432,6.748,-0.028,0.022,0.199,-0.515,10.281,9.574,-0.0686,0.0346,0.0392,0.0594,-0.0169,-0.0107,27.0,27.24,18831,19116,2.354,2.39,7.062,7.169,15,15,2,2,0,0,0,0,-0.10620551,-0.03250907,-0.10620551,-0.03250907,0.71970017,0.71851351,0.71970017,0.71851351,1.08038917,1.09464917,0.0070208,0.00503783,-0.00197766,-0.00143611,0.73835,0.73835,0.41380359,0.41475426,0.0,0.0,,,,,1,0,0
2026-09-28T21:47:08.742477+09:00,57577583,dccd50fe,2026-09-28T21:47:08.742477+09:00,2026-09-28T21:47:08.827034+09:00,rail-left-01,rail-right-01,0.6.7-draft,0.6.7-draft,mqtt,mqtt,14.12,12.23,7.427,6.755,-0.048,0.011,-0.055,-0.089,10.378,9.6,-0.0669,0.0324,0.0392,0.0581,-0.0103,-0.0087,26.99,27.23,18820,19132,2.353,2.391,7.058,7.174,16,16,2,2,0,0,0,0,-0.13121211,-0.00635317,-0.13121211,-0.00635317,0.72088351,0.71721043,0.72088351,0.71721043,1.08237667,1.09605455,0.00704095,0.00500799,-0.00077812,-0.00176694,0.73835,0.73835,0.41393609,0.41484795,0.0,0.0,,,,,1,0,0
2026-09-28T21:47:08.762388+09:00,57597494,dccd50fe,2026-09-28T21:47:08.762388+09:00,2026-09-28T21:47:08.846944+09:00,rail-left-01,rail-right-01,0.6.7-draft,0.6.7-draft,mqtt,mqtt,15.01,13.03,7.428,6.762,0.017,0.05,0.247,-0.188,10.271,9.728,-0.0661,0.0337,0.0381,0.061,-0.0129,-0.0081,26.99,27.22,18821,19147,2.353,2.393,7.058,7.18,17,17,2,2,0,0,0,0,-0.15505043,0.02182464,-0.15505043,0.02182464,0.72198645,0.71574462,0.72198645,0.71574462,1.08415976,1.09748546,0.00695602,0.00500447,5.424e-05,-0.00210766,0.73835,0.73835,0.41405496,0.41494334,0.0,0.0,,,,,1,0,0
2026-09-28T21:47:08.782447+09:00,57617553,dccd50fe,2026-09-28T21:47:08.782447+09:00,2026-09-28T21:47:08.867003+09:00,rail-left-01,rail-right-01,0.6.7-draft,0.6.7-draft,mqtt,mqtt,15.96,13.82,7.421,6.773,0.055,0.049,0.219,-0.253,10.339,9.608,-0.0682,0.0338,0.0398,0.061,-0.0112,-0.0075,26.99,27.24,18803,19170,2.35,2.396,7.051,7.189,18,18,2,2,0,0,0,0,-0.17768345,0.04804909,-0.17768345,0.04804909,0.72257795,0.71399065,0.72257795,0.71399065,1.08555028,1.0990106,0.00667442,0.00504433,0.00039507,-0.00250121,0.73835,0.73835,0.41414766,0.41504502,0.0,0.0,,,,,1,0,0
2026-09-28T21:47:08.802390+09:00,57637496,dccd50fe,2026-09-28T21:47:08.802390+09:00,2026-09-28T21:47:08.886946+09:00,rail-left-01,rail-right-01,0.6.7-draft,0.6.7-draft,mqtt,mqtt,16.85,14.67,7.409,6.767,-0.096,-0.032,-0.062,-0.267,10.497,9.683,-0.0682,0.033,0.034,0.0529,-0.0105,-0.0084,26.94,27.24,18774,19157,2.347,2.395,7.04,7.184,19,19,2,2,0,0,0,0,-0.19993721,0.0643984,-0.19993721,0.0643984,0.72247561,0.71256454,0.72247561,0.71256454,1.08647864,1.1003271,0.00621428,0.00501882,0.00028074,-0.00274041,0.73835,0.73835,0.41420955,0.41513278,0.0,0.0,,,,,1,0,0
2026-09-28T21:47:08.822421+09:00,57657527,dccd50fe,2026-09-28T21:47:08.822421+09:00,2026-09-28T21:47:08.906977+09:00,rail-left-01,rail-right-01,0.6.7-draft,0.6.7-draft,mqtt,mqtt,17.8,15.46,7.419,6.768,0.215,0.253,-0.024,-0.263,10.396,9.547,-0.0674,0.0318,0.0365,0.0546,-0.0151,-0.0175,26.96,27.24,18798,19159,2.35,2.395,7.049,7.185,20,20,2,2,0,0,0,0,-0.22017493,0.107062,-0.22017493,0.107062,0.72288351,0.71120017,0.72288351,0.71120017,1.08756417,1.1015725,0.00593239,0.00498251,0.00045661,-0.00293492,0.73835,0.73835,0.41428192,0.41521581,0.0,0.0,,,,,1,0,0
2026-09-28T21:47:08.996943+09:00,57808441,dccd50fe,2026-09-28T21:47:08.996943+09:00,2026-09-28T21:47:09.054224+09:00,rail-left-01,rail-right-01,0.6.7-draft,0.6.7-draft,mqtt,mqtt,25.11,21.88,7.419,6.768,0.251,0.321,-0.048,0.05,9.985,9.538,-0.0922,0.0334,0.0524,0.0785,-0.0386,-0.0312,26.95,27.26,18799,19160,2.35,2.395,7.05,7.185,21,21,3,3,0,0,4,4,0.13529798,0.27208798,0.13529798,0.27208798,0.70992383,0.40295058,0.70992383,0.40295058,1.10273756,0.96244527,0.00471338,-0.02412803,-0.00300765,-0.05762661,0.73835,9.80635,0.41529348,0.42220441,0.0,0.6,,,,,1,0,0
2026-09-28T21:47:09.017082+09:00,57828580,dccd50fe,2026-09-28T21:47:09.017082+09:00,2026-09-28T21:47:09.074363+09:00,rail-left-01,rail-right-01,0.6.7-draft,0.6.7-draft,mqtt,mqtt,26.1,22.72,6.965,6.739,0.306,0.188,0.47,-0.183,9.705,9.674,-0.1494,0.033,0.0521,0.1367,-0.0663,-0.0051,26.96,27.25,17670,19096,2.209,2.387,6.626,7.161,22,22,3,3,0,0,4,4,0.16074367,0.28479747,0.16074367,0.28479747,0.69453976,0.37865732,0.69453976,0.37865732,1.09673604,0.95058203,0.00196429,-0.02485979,-0.00809837,-0.05840375,0.73835,9.80635,0.41489338,0.42464361,0.0,0.6,,,,,1,0,0
2026-09-28T21:47:09.037014+09:00,57848512,dccd50fe,2026-09-28T21:47:09.037014+09:00,2026-09-28T21:47:09.094295+09:00,rail-left-01,rail-right-01,0.6.7-draft,0.6.7-draft,mqtt,mqtt,27.1,23.57,6.191,6.743,-2.079,-1.787,-0.974,-0.231,19.613,11.813,-0.0807,0.0382,0.0244,0.022,-0.0005,-0.0286,26.97,27.27,15741,19105,1.968,2.388,5.903,7.164,23,23,3,3,0,0,4,4,0.17806706,0.17707828,0.17806706,0.17707828,0.65663351,0.35540095,0.65663351,0.35540095,1.07937099,0.93931708,-0.0039691,-0.02539479,-0.0195982,-0.05893247,9.80635,9.80635,0.41373571,0.42642693,0.0,0.6,,,,,1,0,0
2026-09-28T21:47:09.057111+09:00,57868609,dccd50fe,2026-09-28T21:47:09.057111+09:00,2026-09-28T21:47:09.114392+09:00,rail-left-01,rail-right-01,0.6.7-draft,0.6.7-draft,mqtt,mqtt,28.09,24.41,6.056,6.767,1.132,0.905,0.121,-1.387,11.723,11.244,-0.0588,0.0345,0.0207,0.0404,-0.0313,-0.0107,26.98,27.22,15406,19157,1.926,2.395,5.777,7.184,24,24,3,3,0,0,4,4,0.19654731,0.23304987,0.19654731,0.23304987,0.61698645,0.33265623,0.61698645,0.33265623,1.06104211,0.9288369,-0.00915045,-0.02572943,-0.02962499,-0.05936925,9.80635,9.80635,0.41251379,0.4275424,0.0,0.6,,,,,1,0,0
2026-09-28T21:47:09.076969+09:00,57888467,dccd50fe,2026-09-28T21:47:09.076969+09:00,2026-09-28T21:47:09.134250+09:00,rail-left-01,rail-right-01,0.6.7-draft,0.6.7-draft,mqtt,mqtt,29.04,25.21,6.119,6.736,-0.682,-0.63,-0.593,0.369,10.448,10.032,-0.0624,0.0318,0.0554,0.0546,-0.0107,-0.0003,26.97,27.22,15562,19089,1.945,2.386,5.836,7.158,25,25,3,3,0,0,4,4,0.21003034,0.19461278,0.21003034,0.19461278,0.58140494,0.31161129,0.58140494,0.31161129,1.0446606,0.91847806,-0.01294856,-0.02603507,-0.03691179,-0.05948698,9.80635,9.80635,0.3849395,0.4285612,0.0,0.6,,,,,1,0,0
2026-09-28T21:47:09.097084+09:00,57908583,dccd50fe,2026-09-28T21:47:09.097084+09:00,2026-09-28T21:47:09.154366+09:00,rail-left-01,rail-right-01,0.6.7-draft,0.6.7-draft,mqtt,mqtt,29.93,25.95,6.12,6.759,0.321,0.505,0.23,0.054,10.898,8.953,-0.0665,0.0326,0.0426,0.0525,-0.0063,-0.0019,26.97,27.22,15566,19141,1.946,2.393,5.837,7.178,26,26,3,3,0,0,4,4,0.22227811,0.22889625,0.22227811,0.22889625,0.54782795,0.29098133,0.54782795,0.29098133,1.02920306,0.9088196,-0.0159508,-0.02620449,-0.04263101,-0.05959127,9.80635,9.80635,0.39494698,0.42912596,0.0,0.6,,,,,1,0,0
2026-09-28T21:47:09.117025+09:00,57928523,dccd50fe,2026-09-28T21:47:09.117025+09:00,2026-09-28T21:47:09.174306+09:00,rail-left-01,rail-right-01,0.6.7-draft,0.6.7-draft,mqtt,mqtt,30.78,26.7,6.128,6.753,-0.593,-0.357,0.286,-0.086,9.851,9.267,-0.0675,0.029,0.0374,0.0592,-0.0036,-0.0065,26.96,27.25,15585,19126,1.948,2.391,5.844,7.172,27,27,3,3,0,0,4,4,0.23078239,0.20782407,0.23078239,0.20782407,0.51628216,0.27135691,0.51628216,0.27135691,1.01468917,0.89950832,-0.01832267,-0.02632252,-0.04711063,-0.0595669,9.80635,9.80635,0.4028532,0.42951939,0.6,0.6,,,,,1,0,0
2026-09-28T21:47:09.137110+09:00,57948608,dccd50fe,2026-09-28T21:47:09.137110+09:00,2026-09-28T21:47:09.194391+09:00,rail-left-01,rail-right-01,0.6.7-draft,0.6.7-draft,mqtt,mqtt,31.57,27.35,6.109,6.758,0.292,0.214,0.336,-0.152,10.38,9.486,-0.0654,0.0322,0.0388,0.0612,-0.0068,-0.0123,26.97,27.23,15537,19138,1.942,2.392,5.826,7.177,28,28,3,3,0,0,4,4,0.23852591,0.22199884,0.23852591,0.22199884,0.48589667,0.25244601,0.48589667,0.25244601,1.00068917,0.89063709,-0.02029391,-0.02638263,-0.05080868,-0.05949156,9.80635,9.80635,0.40942403,0.42971975,0.6,0.6,,,,,1,0,0
2026-09-28T21:47:09.157031+09:00,57968529,dccd50fe,2026-09-28T21:47:09.157031+09:00,2026-09-28T21:47:09.214312+09:00,rail-left-01,rail-right-01,0.6.7-draft,0.6.7-draft,mqtt,mqtt,32.32,27.99,6.097,6.756,-0.171,-0.147,0.069,-0.235,10.303,9.849,-0.0652,0.0316,0.0345,0.0569,-0.0088,-0.0061,26.98,27.25,15508,19134,1.939,2.392,5.816,7.175,29,29,3,3,0,0,4,4,0.24433517,0.21447212,0.24433517,0.21447212,0.45676171,0.23434779,0.45676171,0.23434779,0.98725327,0.88210754,-0.0219294,-0.02640836,-0.05385271,-0.05935083,9.80635,9.80635,0.41487564,0.42980552,0.6,0.6,,,,,1,0,0
2026-09-28T21:47:09.177400+09:00,57988898,dccd50fe,2026-09-28T21:47:09.177400+09:00,2026-09-28T21:47:09.234681+09:00,rail-left-01,rail-right-01,0.6.7-draft,0.6.7-draft,mqtt,mqtt,33.06,28.59,6.101,6.754,0.095,0.089,0.174,-0.116,10.445,9.719,-0.0667,0.0332,0.0381,0.0566,-0.0104,-0.0021,26.99,27.24,15518,19129,1.94,2.391,5.819,7.173,30,30,3,3,0,0,4,4,0.24907533,0.22063907,0.24907533,0.22063907,0.42918351,0.21701351,0.42918351,0.21701351,0.97453917,0.87389917,-0.02325313,-0.02640749,-0.05628796,-0.0591606,9.80635,9.80635,0.41928808,0.4298026,0.6,0.6,,,,,1,0,0
2026-09-28T21:47:09.265353+09:00,58120449,dccd50fe,2026-09-28T21:47:09.265353+09:00,2026-09-28T21:47:09.343269+09:00,rail-left-01,rail-right-01,0.6.7-draft,0.6.7-draft,mqtt,mqtt,36.84,31.72,6.097,6.747,-0.092,-0.05,0.083,-0.145,10.403,9.7,-0.0653,0.0309,0.0352,0.0549,-0.008,-0.0051,26.96,27.26,15507,19114,1.938,2.389,5.815,7.168,31,31,4,4,0,0,4,4,0.22114865,0.18518164,0.22114865,0.18518164,0.20028057,0.06584662,0.20028057,0.06584662,0.86597348,0.80225474,-0.02623882,-0.02460935,-0.05859998,-0.0539967,9.80635,9.80635,0.42924037,0.42380882,0.6,0.6,,,,,1,0,0
2026-09-28T21:47:09.285433+09:00,58140529,dccd50fe,2026-09-28T21:47:09.285433+09:00,2026-09-28T21:47:09.363350+09:00,rail-left-01,rail-right-01,0.6.7-draft,0.6.7-draft,mqtt,mqtt,37.24,32.12,6.113,6.702,0.004,0.022,0.092,-0.23,10.439,9.729,-0.0666,0.0285,0.0368,0.0548,-0.0085,-0.0047,26.97,27.25,15547,19014,1.943,2.377,5.83,7.13,32,32,4,4,0,0,4,4,0.22065843,0.18393519,0.22065843,0.18393519,0.18449889,0.05566577,0.18449889,0.05566577,0.85850648,0.79662465,-0.02604967,-0.02445702,-0.05802485,-0.0533713,9.80635,9.80635,0.42860988,0.42330104,0.6,0.6,,,,,1,0,0
2026-09-28T21:47:09.305494+09:00,58160590,dccd50fe,2026-09-28T21:47:09.305494+09:00,2026-09-28T21:47:09.383410+09:00,rail-left-01,rail-right-01,0.6.7-draft,0.6.7-draft,mqtt,mqtt,37.64,32.47,6.114,6.692,-0.045,-0.036,0.257,-0.162,10.423,9.689,-0.0662,0.0289,0.0396,0.0557,-0.0077,-0.0035,26.95,27.27,15550,18991,1.944,2.374,5.831,7.122,33,33,4,4,0,0,4,4,0.2191325,0.18011236,0.2191325,0.18011236,0.16933162,0.04596684,0.16933162,0.04596684,0.85133068,0.79109393,-0.02586718,-0.02432002,-0.05748463,-0.05276258,9.80635,9.80635,0.42800156,0.42284436,0.6,0.6,,,,,1,0,0
2026-09-28T21:47:09.325513+09:00,58180609,dccd50fe,2026-09-28T21:47:09.325513+09:00,2026-09-28T21:47:09.403429+09:00,rail-left-01,rail-right-01,0.6.7-draft,0.6.7-draft,mqtt,mqtt,38.03,32.76,6.108,6.684,0.007,-0.041,0.097,-0.198,10.41,9.695,-0.0649,0.0285,0.0372,0.0542,-0.0072,-0.0052,26.96,27.25,15536,18973,1.942,2.372,5.826,7.115,34,34,4,4,0,0,4,4,0.21680038,0.17618705,0.21680038,0.17618705,0.15461499,0.03669601,0.15461499,0.03669601,0.84436509,0.78567354,-0.0257009,-0.02419611,-0.0569949,-0.05217674,9.80635,9.80635,0.42744732,0.42243136,0.6,0.6,,,,,1,0,0
2026-09-28T21:47:09.345557+09:00,58200653,dccd50fe,2026-09-28T21:47:09.345557+09:00,2026-09-28T21:47:09.423473+09:00,rail-left-01,rail-right-01,0.6.7-draft,0.6.7-draft,mqtt,mqtt,38.38,33.06,6.109,6.673,0.001,0.004,0.114,-0.101,10.409,9.682,-0.0655,0.0293,0.0352,0.0549,-0.0092,-0.0047,26.98,27.24,15537,18949,1.942,2.369,5.826,7.106,35,35,4,4,0,0,4,4,0.21374582,0.17435221,0.21374582,0.17435221,0.14045169,0.02787966,0.14045169,0.02787966,0.8376619,0.78033532,-0.02554014,-0.02408632,-0.05653175,-0.05160464,9.80635,9.80635,0.42691146,0.42206538,0.6,0.6,,,,,1,0,0
2026-09-28T21:47:09.365450+09:00,58220546,dccd50fe,2026-09-28T21:47:09.365450+09:00,2026-09-28T21:47:09.443366+09:00,rail-left-01,rail-right-01,0.6.7-draft,0.6.7-draft,mqtt,mqtt,38.68,33.31,6.111,6.66,-0.035,-0.014,0.107,-0.183,10.436,9.701,-0.065,0.0285,0.0348,0.053,-0.0084,-0.0044,26.97,27.27,15543,18920,1.943,2.365,5.829,7.095,36,36,4,4,0,0,4,4,0.20997734,0.17179668,0.20997734,0.17179668,0.12682994,0.01952745,0.12682994,0.01952745,0.83121595,0.77506038,-0.02538466,-0.02399208,-0.0560928,-0.05104424,9.80635,9.80635,0.42639317,0.42175123,0.6,0.6,,,,,1,0,0
2026-09-28T21:47:09.385569+09:00,58240665,dccd50fe,2026-09-28T21:47:09.385569+09:00,2026-09-28T21:47:09.463485+09:00,rail-left-01,rail-right-01,0.6.7-draft,0.6.7-draft,mqtt,mqtt,38.98,33.56,6.111,6.651,0.03,-0.017,0.204,-0.175,10.386,9.711,-0.0652,0.0301,0.0342,0.0548,-0.0068,-0.006,26.97,27.27,15544,18901,1.943,2.363,5.829,7.088,37,37,4,4,0,0,4,4,0.20568675,0.16919013,0.20568675,0.16919013,0.11368614,0.01155888,0.11368614,0.01155888,0.82499619,0.76987574,-0.02523616,-0.02390803,-0.05567941,-0.05050135,9.80635,9.80635,0.42589819,0.42147107,0.6,0.6,,,,,1,0,0
2026-09-28T21:47:09.405468+09:00,58260564,dccd50fe,2026-09-28T21:47:09.405468+09:00,2026-09-28T21:47:09.483384+09:00,rail-left-01,rail-right-01,0.6.7-draft,0.6.7-draft,mqtt,mqtt,39.23,33.81,6.114,6.637,-0.028,-0.001,0.144,-0.207,10.441,9.716,-0.0658,0.0297,0.0338,0.054,-0.0099,-0.006,26.97,27.25,15551,18869,1.944,2.359,5.832,7.076,38,38,4,4,0,0,4,4,0.20082684,0.16732881,0.20082684,0.16732881,0.1010473,0.00403057,0.1010473,0.00403057,0.81901675,0.76474064,-0.02509181,-0.02383733,-0.05528468,-0.04996549,9.80635,9.80635,0.42541702,0.4212354,0.6,0.6,,,,,1,0,0
2026-09-28T21:47:09.425492+09:00,58280588,dccd50fe,2026-09-28T21:47:09.425492+09:00,2026-09-28T21:47:09.503408+09:00,rail-left-01,rail-right-01,0.6.7-draft,0.6.7-draft,mqtt,mqtt,39.48,34.01,6.117,6.626,0.04,-0.007,0.184,-0.157,10.426,9.697,-0.0638,0.029,0.0358,0.0564,-0.0092,-0.0068,26.98,27.26,15558,18845,1.945,2.356,5.834,7.067,39,39,4,4,0,0,4,4,0.19555705,0.16527471,0.19555705,0.16527471,0.08888774,-0.00312012,0.08888774,-0.00312012,0.81326544,0.75967468,-0.02495104,-0.02377713,-0.054906,-0.04944375,9.80635,9.80635,0.42494778,0.42103474,0.6,0.6,,,,,1,0,0
2026-09-28T21:47:09.445513+09:00,58300609,dccd50fe,2026-09-28T21:47:09.445513+09:00,2026-09-28T21:47:09.523429+09:00,rail-left-01,rail-right-01,0.6.7-draft,0.6.7-draft,mqtt,mqtt,39.68,34.21,6.116,6.617,0.016,-0.02,0.14,-0.193,10.449,9.689,-0.0662,0.0298,0.0354,0.0561,-0.0091,-0.0064,26.98,27.25,15556,18825,1.945,2.353,5.834,7.059,40,40,4,4,0,0,4,4,0.18987938,0.16275106,0.18987938,0.16275106,0.07711684,-0.00993792,0.07711684,-0.00993792,0.8076975,0.75468917,-0.02481926,-0.02372472,-0.05455341,-0.04893786,9.80635,9.80635,0.42450852,0.42086003,0.6,0.6,,,,,1,0,0
2026-09-28T21:47:09.864229+09:00,58422596,dccd50fe,2026-09-28T21:47:09.864229+09:00,2026-09-28T21:47:09.919854+09:00,rail-left-01,rail-right-01,0.6.7-draft,0.6.7-draft,mqtt,mqtt,40.47,34.95,6.111,6.615,-0.004,-0.01,0.096,-0.263,10.451,9.691,-0.0655,0.0305,0.0398,0.0558,-0.0093,-0.008,26.98,27.23,15543,18820,1.943,2.353,5.829,7.058,41,41,5,5,0,0,4,4,0.15111546,0.04380544,0.15111546,0.04380544,-0.0166341,-0.07650229,-0.0166341,-0.07650229,0.74980889,0.70660892,-0.02366434,-0.0233204,-0.04843685,-0.04511203,9.80635,9.80635,0.42065878,0.41951232,0.6,0.6,,,,,1,0,0
2026-09-28T21:47:09.884405+09:00,58442772,dccd50fe,2026-09-28T21:47:09.884405+09:00,2026-09-28T21:47:09.940030+09:00,rail-left-01,rail-right-01,0.6.7-draft,0.6.7-draft,mqtt,mqtt,40.52,35.05,6.098,6.611,-0.042,-0.047,0.142,-0.175,10.429,9.664,-0.0655,0.0313,0.0358,0.0553,-0.0079,-0.0059,26.97,27.23,15510,18811,1.939,2.351,5.816,7.054,42,42,5,5,0,0,4,4,0.13935616,0.04254096,0.13935616,0.04254096,-0.02332483,-0.08162259,-0.02332483,-0.08162259,0.74497389,0.70282941,-0.0236174,-0.02328968,-0.04799087,-0.0448496,9.80635,9.80635,0.4205023,0.41940992,0.6,0.6,,,,,1,0,0
2026-09-28T21:47:09.904388+09:00,58462755,dccd50fe,2026-09-28T21:47:09.904388+09:00,2026-09-28T21:47:09.960013+09:00,rail-left-01,rail-right-01,0.6.7-draft,0.6.7-draft,mqtt,mqtt,40.57,35.05,6.096,6.61,0.002,0.001,0.121,-0.248,10.411,9.663,-0.0669,0.0313,0.0373,0.0562,-0.0085,-0.0072,26.98,27.22,15505,18809,1.938,2.351,5.814,7.053,43,43,5,5,0,0,4,4,0.1275539,0.04295607,0.1275539,0.04295607,-0.02985964,-0.08660746,-0.02985964,-0.08660746,0.74025766,0.69913495,-0.02357441,-0.0232612,-0.04757796,-0.04460053,9.80635,9.80635,0.42035901,0.41931499,0.6,0.6,,,,,1,0,0
2026-09-28T21:47:09.924626+09:00,58482993,dccd50fe,2026-09-28T21:47:09.924626+09:00,2026-09-28T21:47:09.980251+09:00,rail-left-01,rail-right-01,0.6.7-draft,0.6.7-draft,mqtt,mqtt,40.57,35.1,6.095,6.609,-0.031,-0.018,0.147,-0.199,10.418,9.68,-0.0655,0.0318,0.0388,0.0549,-0.0084,-0.0048,26.97,27.24,15503,18808,1.938,2.351,5.814,7.053,44,44,5,5,0,0,4,4,0.11565928,0.04271604,0.11565928,0.04271604,-0.03623136,-0.09146173,-0.03623136,-0.09146173,0.73566214,0.6955225,-0.02353516,-0.02323412,-0.04719555,-0.04436214,9.80635,9.80635,0.42022817,0.4192247,0.6,0.6,,,,,1,0,0
2026-09-28T21:47:09.944606+09:00,58502973,dccd50fe,2026-09-28T21:47:09.944606+09:00,2026-09-28T21:47:10.000231+09:00,rail-left-01,rail-right-01,0.6.7-draft,0.6.7-draft,mqtt,mqtt,40.57,35.1,6.095,6.609,-0.029,-0.002,0.146,-0.23,10.429,9.664,-0.0666,0.0316,0.037,0.0553,-0.0068,-0.0047,26.99,27.23,15499,18807,1.937,2.351,5.812,7.053,45,45,5,5,0,0,4,4,0.10371273,0.04301864,0.10371273,0.04301864,-0.04243316,-0.09620179,-0.04243316,-0.09620179,0.73118917,0.69199505,-0.02349858,-0.02320845,-0.04683918,-0.04413623,9.80635,9.80635,0.42010623,0.41913914,0.6,0.6,,,,,1,0,0
2026-09-28T21:47:09.964803+09:00,58523170,dccd50fe,2026-09-28T21:47:09.964803+09:00,2026-09-28T21:47:10.020428+09:00,rail-left-01,rail-right-01,0.6.7-draft,0.6.7-draft,mqtt,mqtt,40.57,35.15,6.094,6.608,-0.019,-0.024,0.103,-0.237,10.42,9.697,-0.0667,0.031,0.0373,0.0546,-0.0077,-0.0051,26.97,27.23,15501,18806,1.938,2.351,5.813,7.052,46,46,5,5,0,0,4,4,0.09173898,0.04258463,0.09173898,0.04258463,-0.04848491,-0.10081998,-0.04848491,-0.10081998,0.72682733,0.68854382,-0.02346507,-0.02318396,-0.0465076,-0.04391931,9.80635,9.80635,0.41999453,0.41905753,0.6,0.6,,,,,1,0,0
2026-09-28T21:47:09.984370+09:00,58542737,dccd50fe,2026-09-28T21:47:09.984370+09:00,2026-09-28T21:47:10.039995+09:00,rail-left-01,rail-right-01,0.6.7-draft,0.6.7-draft,mqtt,mqtt,40.57,35.15,6.094,6.609,-0.023,-0.02,0.115,-0.229,10.414,9.685,-0.0661,0.031,0.0396,0.0569,-0.0081,-0.0052,26.99,27.24,15503,18808,1.938,2.351,5.814,7.053,47,47,5,5,0,0,4,4,0.07974021,0.0422916,0.07974021,0.0422916,-0.05437948,-0.1053435,-0.05437948,-0.1053435,0.72257878,0.68517767,-0.02343369,-0.0231602,-0.04619714,-0.0437142,9.80635,9.80635,0.41988994,0.41897832,0.6,0.6,,,,,1,0,0
2026-09-28T21:47:10.004241+09:00,58562608,dccd50fe,2026-09-28T21:47:10.004241+09:00,2026-09-28T21:47:10.059866+09:00,rail-left-01,rail-right-01,0.6.7-draft,0.6.7-draft,mqtt,mqtt,40.52,35.15,6.093,6.609,-0.03,0.001,0.081,-0.263,10.432,9.661,-0.0661,0.0314,0.038,0.0564,-0.0083,-0.0055,26.98,27.23,15499,18807,1.937,2.351,5.812,7.053,48,48,5,5,0,0,4,4,0.0677266,0.04268605,0.0677266,0.04268605,-0.06013572,-0.10976422,-0.06013572,-0.10976422,0.71843276,0.68188803,-0.02340564,-0.0231376,-0.04590901,-0.04351905,9.80635,9.80635,0.41979645,0.41890297,0.6,0.6,,,,,1,0,0
2026-09-28T21:47:10.024238+09:00,58582605,dccd50fe,2026-09-28T21:47:10.024238+09:00,2026-09-28T21:47:10.079863+09:00,rail-left-01,rail-right-01,0.6.7-draft,0.6.7-draft,mqtt,mqtt,40.52,35.15,6.093,6.609,-0.03,-0.018,0.109,-0.271,10.44,9.674,-0.0661,0.0313,0.0374,0.0568,-0.0087,-0.0067,26.98,27.26,15502,18808,1.938,2.351,5.813,7.053,49,49,5,5,0,0,4,4,0.05571323,0.04246262,0.05571323,0.04246262,-0.06574624,-0.11408559,-0.06574624,-0.11408559,0.7143917,0.67867231,-0.02337927,-0.02311606,-0.0456381,-0.04333316,9.80635,9.80635,0.41970854,0.41883119,0.6,0.6,,,,,1,0,0
2026-09-28T21:47:10.044502+09:00,58602869,dccd50fe,2026-09-28T21:47:10.044502+09:00,2026-09-28T21:47:10.100127+09:00,rail-left-01,rail-right-01,0.6.7-draft,0.6.7-draft,mqtt,mqtt,40.52,35.15,6.094,6.609,0.026,-0.031,0.096,-0.244,10.429,9.731,-0.0663,0.0314,0.0377,0.0558,-0.008,-0.0048,26.97,27.25,15503,18806,1.938,2.351,5.814,7.052,50,50,5,5,0,0,4,4,0.04378347,0.04183292,0.04378347,0.04183292,-0.07120399,-0.11831094,-0.07120399,-0.11831094,0.71045792,0.67552806,-0.02335385,-0.02309553,-0.04538176,-0.04315589,9.80635,9.80635,0.4196238,0.41876274,0.6,0.6,,,,,1,0,0
2026-09-28T21:47:19.887717+09:00,68746644,dccd50fe,2026-09-28T21:47:19.887717+09:00,2026-09-28T21:47:19.922121+09:00,rail-left-01,rail-right-01,0.6.7-draft,0.6.7-draft,mqtt,mqtt,40.52,35.15,6.134,6.626,-0.048,-0.018,0.045,-0.26,10.435,9.675,-0.0665,0.0312,0.0368,0.0554,-0.0081,-0.0053,27.0,27.27,15604,18845,1.951,2.356,5.852,7.067,281,281,29,29,24,23,4,4,,,,,,,,,,,,,,,,,0.0,0.0,0.0,0.0,,,,,1,0,0
2026-09-28T21:47:19.908141+09:00,68767069,dccd50fe,2026-09-28T21:47:19.908141+09:00,2026-09-28T21:47:19.942546+09:00,rail-left-01,rail-right-01,0.6.7-draft,0.6.7-draft,mqtt,mqtt,40.52,35.15,6.134,6.626,-0.016,-0.001,0.107,-0.245,10.445,9.681,-0.0665,0.0312,0.0385,0.0565,-0.0076,-0.0055,26.98,27.24,15599,18846,1.95,2.356,5.85,7.067,282,282,29,29,24,23,4,4,,,,,,,,,,,,,,,,,0.0,0.0,0.0,0.0,,,,,1,0,0
2026-09-28T21:47:19.927841+09:00,68786769,dccd50fe,2026-09-28T21:47:19.927841+09:00,2026-09-28T21:47:19.962246+09:00,rail-left-01,rail-right-01,0.6.7-draft,0.6.7-draft,mqtt,mqtt,40.52,35.15,6.134,6.626,-0.017,0.011,0.092,-0.287,10.449,9.71,-0.0674,0.0321,0.0366,0.0564,-0.0095,-0.0043,26.99,27.24,15597,18846,1.95,2.356,5.849,7.067,283,283,29,29,24,23,4,4,,,,,,,,,,,,,,,,,0.0,0.0,0.0,0.0,,,,,1,0,0
2026-09-28T21:47:19.947685+09:00,68806613,dccd50fe,2026-09-28T21:47:19.947685+09:00,2026-09-28T21:47:19.982090+09:00,rail-left-01,rail-right-01,0.6.7-draft,0.6.7-draft,mqtt,mqtt,40.52,35.15,6.134,6.626,-0.034,0.028,0.069,-0.281,10.434,9.767,-0.0649,0.0316,0.0381,0.0566,-0.0096,-0.0072,26.98,27.26,15601,18844,1.95,2.356,5.85,7.067,284,284,29,29,24,23,4,4,,,,,,,,,,,,,,,,,0.0,0.0,0.0,0.0,,,,,1,0,0
2026-09-28T21:47:19.967681+09:00,68826608,dccd50fe,2026-09-28T21:47:19.967681+09:00,2026-09-28T21:47:20.002085+09:00,rail-left-01,rail-right-01,0.6.7-draft,0.6.7-draft,mqtt,mqtt,40.52,35.15,6.134,6.626,-0.02,-0.004,0.107,-0.271,10.38,9.659,-0.0638,0.0318,0.0377,0.0565,-0.008,-0.0064,26.97,27.24,15602,18844,1.95,2.356,5.851,7.067,285,285,29,29,24,23,4,4,,,,,,,,,,,,,,,,,0.0,0.0,0.0,0.0,,,,,1,0,0
2026-09-28T21:47:23.237387+09:00,72096315,dccd50fe,2026-09-28T21:47:23.237387+09:00,2026-09-28T21:47:23.271792+09:00,rail-left-01,rail-right-01,0.6.7-draft,0.6.7-draft,mqtt,mqtt,40.52,35.15,6.134,6.626,0.004,0.025,-0.01,-0.214,10.442,9.673,-0.0667,0.0321,0.0405,0.0614,-0.0099,-0.0115,26.97,27.25,15598,18846,1.95,2.356,5.849,7.067,286,286,29,29,24,23,4,4,,0.04105902,,0.04105902,,-0.12213572,,-0.12213572,,0.67279356,,-0.02304793,,-0.04296137,,9.80635,0.0,0.41860407,0.0,0.6,,,,,1,0,0
2026-09-28T21:47:23.379122+09:00,72238050,dccd50fe,2026-09-28T21:47:23.379122+09:00,2026-09-28T21:47:23.413527+09:00,rail-left-01,rail-right-01,0.6.7-draft,0.6.7-draft,mqtt,mqtt,40.52,35.15,6.134,6.626,-0.042,-0.031,0.158,-0.126,10.445,9.713,-0.067,0.032,0.0384,0.0576,-0.0081,-0.0055,26.98,27.26,15598,18846,1.95,2.356,5.849,7.067,287,287,29,29,24,23,4,4,,0.03856564,,0.03856564,,-0.12587736,,-0.12587736,,0.67011852,,-0.02300244,,-0.04277546,,9.80635,0.0,0.41845244,0.0,0.6,,,,,1,0,0
2026-09-28T21:47:23.400094+09:00,72259022,dccd50fe,2026-09-28T21:47:23.400094+09:00,2026-09-28T21:47:23.434499+09:00,rail-left-01,rail-right-01,0.6.7-draft,0.6.7-draft,mqtt,mqtt,40.52,35.15,6.136,6.637,-0.005,0.018,0.183,-0.171,10.473,9.728,-0.0646,0.0308,0.0372,0.0552,-0.0081,-0.0063,26.99,27.24,15649,19093,1.956,2.387,5.868,7.16,288,288,29,29,24,23,4,4,,0.03762974,,0.03762974,,-0.12965681,,-0.12965681,,0.66756014,,-0.02295417,,-0.04260711,,9.80635,0.0,0.41829154,0.0,0.6,,,,,1,0,0
2026-09-28T21:47:23.420193+09:00,72279120,dccd50fe,2026-09-28T21:47:23.420193+09:00,2026-09-28T21:47:23.454597+09:00,rail-left-01,rail-right-01,0.6.7-draft,0.6.7-draft,mqtt,mqtt,40.52,35.15,6.137,6.648,-0.025,-0.007,0.26,-0.014,10.459,9.653,-0.0662,0.0326,0.0385,0.059,-0.0085,-0.0059,26.97,27.24,15644,19102,1.956,2.388,5.867,7.163,289,289,29,29,24,23,4,4,,0.03595062,,0.03595062,,-0.13347288,,-0.13347288,,0.6651147,,-0.02290329,,-0.0424552,,9.80635,0.0,0.41812196,0.0,0.6,,,,,1,0,0
2026-09-28T21:47:23.439117+09:00,72298045,dccd50fe,2026-09-28T21:47:23.439117+09:00,2026-09-28T21:47:23.473522+09:00,rail-left-01,rail-right-01,0.6.7-draft,0.6.7-draft,mqtt,mqtt,40.52,35.15,6.139,6.658,-0.035,-0.019,0.439,0.129,10.366,9.685,-0.0661,0.0325,0.0401,0.057,-0.0087,-0.0067,26.99,27.28,15647,19109,1.956,2.389,5.868,7.166,290,290,29,29,24,23,4,4,,0.03394794,,0.03394794,,-0.13731386,,-0.13731386,,0.66277338,,-0.02285039,,-0.04231788,,9.80635,0.0,0.41794562,0.0,0.6,,,,,1,0,0
2026-09-28T21:47:23.516841+09:00,72374457,dccd50fe,2026-09-28T21:47:23.516841+09:00,2026-09-28T21:47:23.594991+09:00,rail-left-01,rail-right-01,0.6.7-draft,0.6.7-draft,mqtt,mqtt,40.52,35.15,6.14,6.667,-0.072,-0.016,0.457,0.086,10.47,9.687,-0.0669,0.0334,0.0376,0.0566,-0.0063,-0.0031,26.98,27.25,15640,19115,1.955,2.389,5.865,7.168,291,291,30,30,24,23,4,4,0.02994173,-0.01977755,0.02994173,-0.01977755,-0.14106441,-0.17564951,-0.14106441,-0.17564951,0.66048604,0.6395854,-0.02279924,-0.02241148,-0.04218534,-0.04117584,9.80635,9.80635,0.41777511,0.41648256,0.6,0.6,,,,,1,0,0
2026-09-28T21:47:23.536877+09:00,72394493,dccd50fe,2026-09-28T21:47:23.536877+09:00,2026-09-28T21:47:23.615027+09:00,rail-left-01,rail-right-01,0.6.7-draft,0.6.7-draft,mqtt,mqtt,40.52,35.15,6.14,6.678,-0.06,-0.036,0.363,0.029,10.393,9.815,-0.0677,0.0328,0.0381,0.0585,-0.008,-0.006,26.97,27.24,15601,19182,1.95,2.398,5.85,7.193,292,292,30,30,24,23,4,4,0.0255268,-0.01906048,0.0255268,-0.01906048,-0.14473763,-0.17900201,-0.14473763,-0.17900201,0.65824587,0.63776393,-0.02275012,-0.02237598,-0.04205809,-0.04111105,9.80635,9.80635,0.41761139,0.41636424,0.6,0.6,,,,,1,0,0
2026-09-28T21:47:23.556900+09:00,72414516,dccd50fe,2026-09-28T21:47:23.556900+09:00,2026-09-28T21:47:23.635050+09:00,rail-left-01,rail-right-01,0.6.7-draft,0.6.7-draft,mqtt,mqtt,40.52,35.15,6.138,6.689,-0.037,0.05,0.433,0.078,10.439,9.67,-0.0665,0.0342,0.0405,0.0556,-0.0069,-0.0061,26.99,27.25,15587,19211,1.948,2.401,5.845,7.204,293,293,30,30,24,23,4,4,0.0207471,-0.01606905,0.0207471,-0.01606905,-0.14835629,-0.18239427,-0.14835629,-0.18239427,0.65604121,0.63602713,-0.02270371,-0.02233806,-0.04193737,-0.04105555,9.80635,9.80635,0.41745668,0.41623784,0.6,0.6,,,,,1,0,0
2026-09-28T21:47:23.576897+09:00,72434513,dccd50fe,2026-09-28T21:47:23.576897+09:00,2026-09-28T21:47:23.655047+09:00,rail-left-01,rail-right-01,0.6.7-draft,0.6.7-draft,mqtt,mqtt,40.52,35.15,6.137,6.7,-0.087,-0.055,0.323,0.08,10.444,9.7,-0.0657,0.0308,0.0393,0.0566,-0.0087,-0.0085,26.97,27.24,15571,19231,1.946,2.404,5.839,7.212,294,294,30,30,24,23,4,4,0.01558297,-0.01589535,0.01558297,-0.01589535,-0.15191195,-0.18582521,-0.15191195,-0.18582521,0.65387604,0.63437265,-0.02265946,-0.02229783,-0.04182204,-0.04100889,9.80635,9.80635,0.41730917,0.41610374,0.6,0.6,,,,,1,0,0
2026-09-28T21:47:23.596903+09:00,72454519,dccd50fe,2026-09-28T21:47:23.596903+09:00,2026-09-28T21:47:23.675053+09:00,rail-left-01,rail-right-01,0.6.7-draft,0.6.7-draft,mqtt,mqtt,40.52,35.15,6.135,6.71,-0.024,-0.002,0.333,-0.237,10.402,9.77,-0.0654,0.0333,0.0409,0.053,-0.0065,-0.0041,26.96,27.24,15555,19225,1.944,2.403,5.833,7.209,295,295,30,30,24,23,4,4,0.01012415,-0.01434989,0.01012415,-0.01434989,-0.15541649,-0.18928467,-0.15541649,-0.18928467,0.65174417,0.63279371,-0.02261762,-0.02225572,-0.04171255,-0.04097002,9.80635,9.80635,0.41716972,0.41596337,0.6,0.6,,,,,1,0,0
2026-09-28T21:47:23.616936+09:00,72474552,dccd50fe,2026-09-28T21:47:23.616936+09:00,2026-09-28T21:47:23.695086+09:00,rail-left-01,rail-right-01,0.6.7-draft,0.6.7-draft,mqtt,mqtt,40.52,35.15,6.132,6.719,0.063,0.05,-0.043,-0.056,10.458,9.555,-0.0658,0.0302,0.0448,0.0581,-0.0079,-0.0108,26.99,27.26,15545,19239,1.943,2.405,5.829,7.215,296,296,30,30,24,23,4,4,0.00446725,-0.01146589,0.00446725,-0.01146589,-0.15888134,-0.19276289,-0.15888134,-0.19276289,0.64963966,0.63128376,-0.02257844,-0.02221212,-0.04160932,-0.04093796,9.80635,9.80635,0.4170391,0.41581805,0.6,0.6,,,,,1,0,0
2026-09-28T21:47:23.636912+09:00,72494528,dccd50fe,2026-09-28T21:47:23.636912+09:00,2026-09-28T21:47:23.715062+09:00,rail-left-01,rail-right-01,0.6.7-draft,0.6.7-draft,mqtt,mqtt,40.52,35.15,6.129,6.727,-0.201,-0.133,0.14,-0.389,10.539,9.584,-0.0679,0.0325,0.0409,0.0541,-0.0069,0.0007,26.98,27.27,15521,19235,1.94,2.404,5.82,7.213,297,297,30,30,24,23,4,4,-0.00163026,-0.01334384,-0.00163026,-0.01334384,-0.16230767,-0.19625042,-0.16230767,-0.19625042,0.64756172,0.62983649,-0.02254175,-0.02216742,-0.041512,-0.04091178,9.80635,9.80635,0.41691683,0.41566903,0.6,0.6,,,,,1,0,0
2026-09-28T21:47:23.656941+09:00,72514557,dccd50fe,2026-09-28T21:47:23.656941+09:00,2026-09-28T21:47:23.735091+09:00,rail-left-01,rail-right-01,0.6.7-draft,0.6.7-draft,mqtt,mqtt,40.52,35.15,6.126,6.736,0.023,0.055,-0.069,-0.204,10.416,9.586,-0.0657,0.031,0.0397,0.0586,-0.0088,-0.01,26.99,27.26,15503,19252,1.938,2.407,5.814,7.22,298,298,30,30,24,23,4,4,-0.00789215,-0.01039656,-0.00789215,-0.01039656,-0.16569659,-0.19975587,-0.16569659,-0.19975587,0.64550956,0.62845466,-0.02250744,-0.02212135,-0.04142027,-0.04089181,9.80635,9.80635,0.41680246,0.41551548,0.6,0.6,,,,,1,0,0
2026-09-28T21:47:23.676961+09:00,72534577,dccd50fe,2026-09-28T21:47:23.676961+09:00,2026-09-28T21:47:23.755111+09:00,rail-left-01,rail-right-01,0.6.7-draft,0.6.7-draft,mqtt,mqtt,40.52,35.15,6.123,6.743,-0.129,-0.096,-0.054,-0.542,10.187,9.752,-0.0617,0.03,0.0336,0.0488,-0.0099,-0.0041,26.99,27.26,15514,19242,1.939,2.405,5.818,7.216,299,299,30,30,24,23,4,4,-0.01443262,-0.0113076,-0.01443262,-0.0113076,-0.16904918,-0.20326123,-0.16904918,-0.20326123,0.64348244,0.62712777,-0.02247538,-0.02207458,-0.04133385,-0.0408766,9.80635,9.80635,0.41669558,0.41535958,0.6,0.6,,,,,1,0,0
2026-09-28T21:47:23.697007+09:00,72554623,dccd50fe,2026-09-28T21:47:23.697007+09:00,2026-09-28T21:47:23.775157+09:00,rail-left-01,rail-right-01,0.6.7-draft,0.6.7-draft,mqtt,mqtt,40.52,35.15,6.123,6.749,0.056,0.043,-0.415,-0.546,10.307,9.427,-0.0663,0.0321,0.0382,0.0562,-0.0089,-0.0069,26.98,27.24,15569,19236,1.946,2.405,5.838,7.214,300,300,30,30,24,23,4,4,-0.02105758,-0.00870984,-0.02105758,-0.00870984,-0.17233792,-0.2067578,-0.17233792,-0.2067578,0.64149393,0.62585004,-0.02244442,-0.02202743,-0.0412504,-0.04086534,9.80635,9.80635,0.41659238,0.4152024,0.6,0.6,,,,,1,0,0
2026-09-28T21:47:23.863304+09:00,72676408,dccd50fe,2026-09-28T21:47:23.863304+09:00,2026-09-28T21:47:23.949781+09:00,rail-left-01,rail-right-01,0.6.7-draft,0.6.7-draft,mqtt,mqtt,40.52,35.15,6.122,6.754,-0.019,0.019,0.072,-0.206,10.444,9.681,-0.0662,0.0297,0.0372,0.0556,-0.0091,-0.0072,26.98,27.25,15554,19232,1.944,2.404,5.833,7.212,301,301,31,31,24,23,4,4,-0.00950493,-0.03071268,-0.00950493,-0.03071268,-0.2102027,-0.24184268,-0.2102027,-0.24184268,0.62459003,0.61303044,-0.02198192,-0.02159392,-0.04085498,-0.04077841,9.80635,9.80635,0.41505072,0.41375737,0.6,0.6,,,,,1,0,0
2026-09-28T21:47:23.883469+09:00,72696573,dccd50fe,2026-09-28T21:47:23.883469+09:00,2026-09-28T21:47:23.969946+09:00,rail-left-01,rail-right-01,0.6.7-draft,0.6.7-draft,mqtt,mqtt,40.52,35.15,6.122,6.759,-0.074,-0.059,0.037,-0.218,10.424,9.65,-0.0659,0.0322,0.0378,0.0582,-0.0081,-0.006,26.97,27.25,15564,19236,1.946,2.405,5.837,7.214,302,302,31,31,24,23,4,4,-0.01072877,-0.03175239,-0.01072877,-0.03175239,-0.21358871,-0.24482319,-0.21358871,-0.24482319,0.62335156,0.61200413,-0.02193772,-0.02155858,-0.04084492,-0.04077752,9.80635,9.80635,0.41490337,0.41363957,0.6,0.6,,,,,1,0,0
2026-09-28T21:47:23.903453+09:00,72716557,dccd50fe,2026-09-28T21:47:23.903453+09:00,2026-09-28T21:47:23.989930+09:00,rail-left-01,rail-right-01,0.6.7-draft,0.6.7-draft,mqtt,mqtt,40.52,35.15,6.122,6.763,-0.005,0.049,0.057,-0.256,10.427,9.694,-0.0667,0.0314,0.0382,0.057,-0.0091,-0.0073,26.99,27.24,15559,19238,1.945,2.405,5.835,7.214,303,303,31,31,24,23,4,4,-0.01228681,-0.03036913,-0.01228681,-0.03036913,-0.21691734,-0.24778837,-0.21691734,-0.24778837,0.62213408,0.61100948,-0.02189476,-0.02152312,-0.04083515,-0.04077862,9.80635,9.80635,0.41476017,0.41352139,0.6,0.6,,,,,1,0,0
2026-09-28T21:47:23.923451+09:00,72736555,dccd50fe,2026-09-28T21:47:23.923451+09:00,2026-09-28T21:47:24.009927+09:00,rail-left-01,rail-right-01,0.6.7-draft,0.6.7-draft,mqtt,mqtt,40.52,35.15,6.121,6.767,-0.086,-0.04,0.166,-0.229,10.429,9.707,-0.0649,0.0313,0.037,0.0577,-0.0084,-0.0056,26.97,27.25,15561,19237,1.945,2.405,5.835,7.214,304,304,31,31,24,23,4,4,-0.01422732,-0.03097244,-0.01422732,-0.03097244,-0.22019843,-0.25073859,-0.22019843,-0.25073859,0.62093287,0.61004576,-0.02185326,-0.02148756,-0.04082619,-0.04078164,9.80635,9.80635,0.41462185,0.41340286,0.6,0.6,,,,,1,0,0
2026-09-28T21:47:23.943588+09:00,72756692,dccd50fe,2026-09-28T21:47:23.943588+09:00,2026-09-28T21:47:24.030065+09:00,rail-left-01,rail-right-01,0.6.7-draft,0.6.7-draft,mqtt,mqtt,40.52,35.15,6.121,6.77,-0.013,-0.029,0.044,-0.263,10.367,9.691,-0.0644,0.0304,0.0368,0.0566,-0.0087,-0.0055,26.98,27.23,15560,19233,1.945,2.404,5.835,7.212,305,305,31,31,24,23,4,4,-0.01645878,-0.03132602,-0.01645878,-0.03132602,-0.22342483,-0.25366649,-0.22342483,-0.25366649,0.61975167,0.6091084,-0.0218129,-0.02145214,-0.04081748,-0.04078602,9.80635,9.80635,0.41448731,0.41328478,0.6,0.6,,,,,1,0,0
2026-09-28T21:47:23.963609+09:00,72776713,dccd50fe,2026-09-28T21:47:23.963609+09:00,2026-09-28T21:47:24.050086+09:00,rail-left-01,rail-right-01,0.6.7-draft,0.6.7-draft,mqtt,mqtt,40.52,35.15,6.12,6.773,-0.044,-0.026,0.043,-0.269,10.39,9.681,-0.0649,0.0316,0.0364,0.0568,-0.008,-0.0059,26.98,27.27,15551,19232,1.944,2.404,5.832,7.212,306,306,31,31,24,23,4,4,-0.01898659,-0.0316092,-0.01898659,-0.0316092,-0.22660616,-0.2565726,-0.22660616,-0.2565726,0.61858586,0.6081968,-0.0217739,-0.02141685,-0.04080954,-0.04079172,9.80635,9.80635,0.4143573,0.41316714,0.6,0.6,,,,,1,0,0
2026-09-28T21:47:23.983389+09:00,72796493,dccd50fe,2026-09-28T21:47:23.983389+09:00,2026-09-28T21:47:24.069866+09:00,rail-left-01,rail-right-01,0.6.7-draft,0.6.7-draft,mqtt,mqtt,40.52,35.15,6.12,6.776,0.002,0.0,0.066,-0.253,10.435,9.708,-0.0665,0.0317,0.0364,0.0557,-0.0093,-0.0049,26.97,27.27,15553,19232,1.944,2.404,5.832,7.212,307,307,31,31,24,23,4,4,-0.02174566,-0.0313266,-0.02174566,-0.0313266,-0.22973534,-0.2594574,-0.22973534,-0.2594574,0.61743917,0.60731038,-0.02173593,-0.02138168,-0.04080182,-0.04079869,9.80635,9.80635,0.41423075,0.41304992,0.6,0.6,,,,,1,0,0
2026-09-28T21:47:24.003388+09:00,72816492,dccd50fe,2026-09-28T21:47:24.003388+09:00,2026-09-28T21:47:24.089865+09:00,rail-left-01,rail-right-01,0.6.7-draft,0.6.7-draft,mqtt,mqtt,40.52,35.15,6.119,6.779,-0.02,-0.013,0.101,-0.242,10.459,9.676,-0.0652,0.0305,0.0362,0.0568,-0.0077,-0.0063,26.97,27.25,15554,19232,1.944,2.404,5.833,7.212,308,308,31,31,24,23,4,4,-0.02474181,-0.03132691,-0.02474181,-0.03132691,-0.23282178,-0.26232138,-0.23282178,-0.26232138,0.61630705,0.60644857,-0.02169923,-0.02134664,-0.04079482,-0.04080688,9.80635,9.80635,0.4141084,0.41293311,0.6,0.6,,,,,1,0,0
2026-09-28T21:47:24.023514+09:00,72836618,dccd50fe,2026-09-28T21:47:24.023514+09:00,2026-09-28T21:47:24.109991+09:00,rail-left-01,rail-right-01,0.6.7-draft,0.6.7-draft,mqtt,mqtt,40.52,35.15,6.119,6.781,-0.044,-0.025,0.098,-0.249,10.411,9.71,-0.065,0.0317,0.0377,0.0554,-0.0079,-0.0049,26.99,27.26,15544,19231,1.943,2.404,5.829,7.212,309,309,31,31,24,23,4,4,-0.02798846,-0.03158177,-0.02798846,-0.03158177,-0.23585843,-0.26515754,-0.23585843,-0.26515754,0.6151932,0.60560708,-0.02166347,-0.02131194,-0.040788,-0.0408158,9.80635,9.80635,0.41398922,0.41281745,0.6,0.6,,,,,1,0,0
2026-09-28T21:47:24.043724+09:00,72856828,dccd50fe,2026-09-28T21:47:24.043724+09:00,2026-09-28T21:47:24.130201+09:00,rail-left-01,rail-right-01,0.6.7-draft,0.6.7-draft,mqtt,mqtt,40.52,35.15,6.118,6.783,0.002,0.008,0.078,-0.242,10.416,9.697,-0.0662,0.0302,0.0398,0.0534,-0.0085,-0.0071,26.95,27.22,15547,19234,1.943,2.404,5.83,7.213,310,310,31,31,24,23,4,4,-0.03143734,-0.03113682,-0.03143734,-0.03113682,-0.23885449,-0.26796649,-0.23885449,-0.26796649,0.61409317,0.60478546,-0.02162889,-0.02127758,-0.04078187,-0.04082543,9.80635,9.80635,0.41387394,0.41270291,0.6,0.6,,,,,1,0,0
2026-09-28T21:47:24.188942+09:00,73031414,dccd50fe,2026-09-28T21:47:24.188942+09:00,2026-09-28T21:47:24.227311+09:00,rail-left-01,rail-right-01,0.6.7-draft,0.6.7-draft,mqtt,mqtt,40.52,35.15,6.117,6.785,0.011,0.065,0.128,0.063,10.637,9.796,-0.063,0.0377,0.047,0.055,-0.0099,-0.012,26.99,27.25,15539,19234,1.942,2.404,5.827,7.213,311,311,32,32,24,23,4,4,-0.03303692,-0.06590522,-0.03303692,-0.06590522,-0.27074149,-0.29839389,-0.27074149,-0.29839389,0.60397226,0.59546999,-0.02124421,-0.02100526,-0.04083528,-0.04103992,9.80635,9.80635,0.41259168,0.41179517,0.6,0.6,,,,,1,0,0
2026-09-28T21:47:24.209033+09:00,73051505,dccd50fe,2026-09-28T21:47:24.209033+09:00,2026-09-28T21:47:24.247402+09:00,rail-left-01,rail-right-01,0.6.7-draft,0.6.7-draft,mqtt,mqtt,40.52,35.15,6.114,6.79,0.183,0.139,0.297,0.026,10.408,9.714,-0.0648,0.0369,0.0701,0.0554,-0.0108,-0.0155,27.0,27.24,15474,19308,1.934,2.414,5.803,7.241,312,312,32,32,24,23,4,4,-0.03517297,-0.06524448,-0.03517297,-0.06524448,-0.27349788,-0.301142,-0.27349788,-0.301142,0.60315997,0.59463475,-0.02121225,-0.02098683,-0.04084625,-0.04106925,9.80635,9.80635,0.41248514,0.41173375,0.6,0.6,,,,,1,0,0
2026-09-28T21:47:24.229067+09:00,73071539,dccd50fe,2026-09-28T21:47:24.229067+09:00,2026-09-28T21:47:24.267436+09:00,rail-left-01,rail-right-01,0.6.7-draft,0.6.7-draft,mqtt,mqtt,40.52,35.15,6.109,6.797,0.051,0.08,0.33,0.057,10.41,9.603,-0.0706,0.0344,0.0929,0.0477,-0.012,-0.0212,26.97,27.24,15424,19368,1.928,2.421,5.784,7.263,313,313,32,32,24,23,4,4,-0.03772522,-0.06572929,-0.03772522,-0.06572929,-0.27625055,-0.30390028,-0.27625055,-0.30390028,0.60234134,0.59383444,-0.02118208,-0.02096739,-0.04085916,-0.04110075,9.80635,9.80635,0.41238457,0.41166896,0.6,0.6,,,,,1,0,0
2026-09-28T21:47:24.249326+09:00,73091798,dccd50fe,2026-09-28T21:47:24.249326+09:00,2026-09-28T21:47:24.287695+09:00,rail-left-01,rail-right-01,0.6.7-draft,0.6.7-draft,mqtt,mqtt,40.52,35.15,6.103,6.804,-0.15,-0.145,0.303,-0.171,10.39,9.644,-0.0641,0.0313,0.0923,0.044,-0.0088,-0.0192,26.99,27.25,15390,19389,1.924,2.424,5.771,7.271,314,314,32,32,24,23,4,4,-0.04083036,-0.07050647,-0.04083036,-0.07050647,-0.27900678,-0.30666851,-0.27900678,-0.30666851,0.60151291,0.59306836,-0.02115386,-0.02094697,-0.04087439,-0.04113437,9.80635,9.80635,0.41229052,0.41160087,0.6,0.6,,,,,1,0,0
2026-09-28T21:47:24.269438+09:00,73111910,dccd50fe,2026-09-28T21:47:24.269438+09:00,2026-09-28T21:47:24.307807+09:00,rail-left-01,rail-right-01,0.6.7-draft,0.6.7-draft,mqtt,mqtt,40.52,35.15,6.096,6.812,-0.342,-0.176,0.214,-0.084,10.238,9.48,-0.0654,0.0349,0.0457,0.052,-0.0123,-0.0101,26.98,27.25,15365,19419,1.921,2.427,5.762,7.282,315,315,32,32,24,23,4,4,-0.0444187,-0.07585592,-0.0444187,-0.07585592,-0.28177364,-0.30945316,-0.28177364,-0.30945316,0.60067131,0.59233917,-0.02112775,-0.02092539,-0.04089228,-0.04117042,9.80635,9.80635,0.41220348,0.41152895,0.6,0.6,,,,,1,0,0
2026-09-28T21:47:24.289461+09:00,73131933,dccd50fe,2026-09-28T21:47:24.289461+09:00,2026-09-28T21:47:24.327830+09:00,rail-left-01,rail-right-01,0.6.7-draft,0.6.7-draft,mqtt,mqtt,40.52,35.15,6.09,6.82,-0.077,-0.006,0.113,-0.35,10.269,9.548,-0.063,0.0324,0.0366,0.0541,-0.0108,-0.0107,26.99,27.26,15354,19437,1.919,2.43,5.758,7.289,316,316,32,32,24,23,4,4,-0.04821391,-0.07789325,-0.04821391,-0.07789325,-0.2845438,-0.31225391,-0.2845438,-0.31225391,0.59982037,0.59164612,-0.02110346,-0.0209027,-0.04091234,-0.04120885,9.80635,9.80635,0.41212252,0.41145331,0.6,0.6,,,,,1,0,0
2026-09-28T21:47:24.309064+09:00,73151536,dccd50fe,2026-09-28T21:47:24.309064+09:00,2026-09-28T21:47:24.347433+09:00,rail-left-01,rail-right-01,0.6.7-draft,0.6.7-draft,mqtt,mqtt,40.52,35.15,6.085,6.828,-0.036,0.012,-0.024,-0.215,10.416,9.827,-0.0674,0.0354,0.0373,0.0588,-0.01,-0.0067,26.97,27.23,15351,19450,1.919,2.431,5.757,7.294,317,317,32,32,24,23,4,4,-0.05216806,-0.07953485,-0.05216806,-0.07953485,-0.28731015,-0.31507044,-0.28731015,-0.31507044,0.59896382,0.59098851,-0.02108073,-0.02087892,-0.04093407,-0.04124958,9.80635,9.80635,0.41204676,0.41137406,0.6,0.6,,,,,1,0,0
2026-09-28T21:47:24.329145+09:00,73171617,dccd50fe,2026-09-28T21:47:24.329145+09:00,2026-09-28T21:47:24.367514+09:00,rail-left-01,rail-right-01,0.6.7-draft,0.6.7-draft,mqtt,mqtt,40.52,35.15,6.078,6.837,-0.091,0.004,-0.047,-0.553,10.433,9.619,-0.0646,0.0329,0.0337,0.0594,-0.0111,-0.0083,26.99,27.25,15310,19490,1.914,2.436,5.741,7.309,318,318,32,32,24,23,4,4,-0.05630293,-0.08132626,-0.05630293,-0.08132626,-0.29008677,-0.31790898,-0.29008677,-0.31790898,0.59809476,0.59036891,-0.02105993,-0.0208539,-0.04095825,-0.04129293,9.80635,9.80635,0.4119774,0.41129066,0.6,0.6,,,,,1,0,0
2026-09-28T21:47:24.348973+09:00,73191445,dccd50fe,2026-09-28T21:47:24.348973+09:00,2026-09-28T21:47:24.387342+09:00,rail-left-01,rail-right-01,0.6.7-draft,0.6.7-draft,mqtt,mqtt,40.52,35.15,6.072,6.845,-0.146,-0.073,-0.297,-0.612,10.321,9.564,-0.0658,0.0294,0.0336,0.0564,-0.0063,-0.0071,26.99,27.26,15313,19493,1.914,2.437,5.742,7.31,319,319,32,32,24,23,4,4,-0.06064466,-0.08453043,-0.06064466,-0.08453043,-0.29286649,-0.3207626,-0.29286649,-0.3207626,0.59721695,0.58978332,-0.02104078,-0.02082786,-0.04098439,-0.04133844,9.80635,9.80635,0.41191359,0.41120386,0.6,0.6,,,,,1,0,0
2026-09-28T21:47:24.369221+09:00,73211693,dccd50fe,2026-09-28T21:47:24.369221+09:00,2026-09-28T21:47:24.407590+09:00,rail-left-01,rail-right-01,0.6.7-draft,0.6.7-draft,mqtt,mqtt,40.52,35.15,6.067,6.85,-0.128,-0.109,-0.351,-0.881,10.472,9.477,-0.067,0.0212,0.0237,0.0553,-0.0097,0.0021,26.97,27.27,15311,19447,1.914,2.431,5.742,7.293,320,320,32,32,24,23,4,4,-0.06513149,-0.08837642,-0.06513149,-0.08837642,-0.29564235,-0.32361165,-0.29564235,-0.32361165,0.596334,0.58922143,-0.02102304,-0.02080138,-0.04101203,-0.04138495,9.80635,9.80635,0.41185445,0.41111559,0.6,0.6,,,,,1,0,0
2026-09-28T21:47:24.497474+09:00,73308434,dccd50fe,2026-09-28T21:47:24.497474+09:00,2026-09-28T21:47:24.536195+09:00,rail-left-01,rail-right-01,0.6.7-draft,0.6.7-draft,mqtt,mqtt,40.52,35.15,6.062,6.852,0.127,0.093,-0.042,-0.491,10.579,10.144,-0.0674,0.0329,0.0381,0.0597,-0.006,-0.0077,27.01,27.24,15316,19387,1.915,2.423,5.744,7.27,321,321,33,33,24,23,4,4,-0.09296582,-0.14014112,-0.09296582,-0.14014112,-0.32645624,-0.35322794,-0.32645624,-0.35322794,0.58865071,0.58322833,-0.0207763,-0.02055382,-0.04143244,-0.04187517,9.80635,9.80635,0.41103198,0.41029038,0.6,0.6,,,,,1,0,0
2026-09-28T21:47:24.517629+09:00,73328589,dccd50fe,2026-09-28T21:47:24.517629+09:00,2026-09-28T21:47:24.556350+09:00,rail-left-01,rail-right-01,0.6.7-draft,0.6.7-draft,mqtt,mqtt,40.52,35.15,6.061,6.835,-0.13,-0.062,-0.044,-0.229,10.532,9.687,-0.0663,0.0333,0.038,0.052,-0.004,0.0004,26.98,27.29,15406,18968,1.926,2.371,5.777,7.113,322,322,33,33,24,23,4,4,-0.09779698,-0.14138321,-0.09779698,-0.14138321,-0.32927095,-0.35564793,-0.32927095,-0.35564793,0.58808407,0.5826712,-0.02075185,-0.02053641,-0.04147942,-0.04191091,9.80635,9.80635,0.41095049,0.41023235,0.6,0.6,,,,,1,0,0
2026-09-28T21:47:24.537570+09:00,73348530,dccd50fe,2026-09-28T21:47:24.537570+09:00,2026-09-28T21:47:24.576291+09:00,rail-left-01,rail-right-01,0.6.7-draft,0.6.7-draft,mqtt,mqtt,40.52,35.15,6.061,6.82,0.075,0.071,-0.194,-0.5,10.375,9.641,-0.0661,0.0313,0.044,0.0604,-0.0087,-0.0104,26.99,27.24,15402,18966,1.925,2.371,5.776,7.112,323,323,33,33,24,23,4,4,-0.10272938,-0.14035468,-0.10272938,-0.14035468,-0.33205004,-0.35794983,-0.33205004,-0.35794983,0.58752461,0.58207607,-0.02072785,-0.02052176,-0.04152556,-0.04194113,9.80635,9.80635,0.41087047,0.41018351,0.6,0.6,,,,,1,0,0
2026-09-28T21:47:24.557604+09:00,73368564,dccd50fe,2026-09-28T21:47:24.557604+09:00,2026-09-28T21:47:24.596325+09:00,rail-left-01,rail-right-01,0.6.7-draft,0.6.7-draft,mqtt,mqtt,40.52,35.15,6.06,6.806,-0.079,0.035,-0.218,-0.417,10.289,9.591,-0.0667,0.0317,0.0389,0.0564,-0.0067,-0.0005,26.99,27.23,15406,18962,1.926,2.37,5.777,7.111,324,324,33,33,24,23,4,4,-0.10784619,-0.13994765,-0.10784619,-0.13994765,-0.33480045,-0.36014164,-0.33480045,-0.36014164,0.58696904,0.58144657,-0.02070445,-0.02050963,-0.04157124,-0.04196628,9.80635,9.80635,0.41079247,0.41014309,0.6,0.6,,,,,1,0,0
2026-09-28T21:47:24.577870+09:00,73388830,dccd50fe,2026-09-28T21:47:24.577870+09:00,2026-09-28T21:47:24.616591+09:00,rail-left-01,rail-right-01,0.6.7-draft,0.6.7-draft,mqtt,mqtt,40.52,35.15,6.059,6.793,-0.045,-0.072,0.551,-0.121,10.481,9.67,-0.0653,0.0321,0.0425,0.0557,-0.0092,-0.0045,26.99,27.25,15398,18967,1.925,2.371,5.774,7.113,325,325,33,33,24,23,4,4,-0.11312464,-0.14133841,-0.11312464,-0.14133841,-0.33752274,-0.3622312,-0.33752274,-0.3622312,0.58641729,0.58078623,-0.02068164,-0.02049981,-0.04161646,-0.04198681,9.80635,9.80635,0.41071644,0.41011034,0.6,0.6,,,,,1,0,0
2026-09-28T21:47:24.598066+09:00,73409026,dccd50fe,2026-09-28T21:47:24.598066+09:00,2026-09-28T21:47:24.636787+09:00,rail-left-01,rail-right-01,0.6.7-draft,0.6.7-draft,mqtt,mqtt,40.52,35.15,6.059,6.782,-0.062,-0.008,0.512,-0.208,10.451,9.718,-0.0655,0.0316,0.0436,0.0574,-0.0084,-0.0108,26.99,27.26,15399,18968,1.925,2.371,5.775,7.113,326,326,33,33,24,23,4,4,-0.11856802,-0.14164305,-0.11856802,-0.14164305,-0.34021121,-0.36423199,-0.34021121,-0.36423199,0.5858724,0.58010145,-0.02065923,-0.02049191,-0.04166088,-0.04200348,9.80635,9.80635,0.41064173,0.410084,0.6,0.6,,,,,1,0,0
2026-09-28T21:47:24.617494+09:00,73428454,dccd50fe,2026-09-28T21:47:24.617494+09:00,2026-09-28T21:47:24.656215+09:00,rail-left-01,rail-right-01,0.6.7-draft,0.6.7-draft,mqtt,mqtt,40.52,35.15,6.058,6.772,-0.066,0.001,-0.022,-0.156,10.475,9.714,-0.0661,0.031,0.0406,0.0564,-0.0067,-0.0081,26.96,27.24,15398,18972,1.925,2.372,5.774,7.115,327,327,33,33,24,23,4,4,-0.12414892,-0.14179549,-0.12414892,-0.14179549,-0.34287267,-0.36615138,-0.34287267,-0.36615138,0.58533114,0.57939556,-0.02063738,-0.02048572,-0.04170488,-0.0420167,9.80635,9.80635,0.41056891,0.41006339,0.6,0.6,,,,,1,0,0
2026-09-28T21:47:24.637496+09:00,73448456,dccd50fe,2026-09-28T21:47:24.637496+09:00,2026-09-28T21:47:24.676217+09:00,rail-left-01,rail-right-01,0.6.7-draft,0.6.7-draft,mqtt,mqtt,40.52,35.15,6.058,6.763,-0.011,0.019,-0.04,-0.189,10.457,9.691,-0.0667,0.0325,0.0393,0.0538,-0.0069,-0.0031,26.96,27.25,15398,18969,1.925,2.371,5.774,7.113,328,328,33,33,24,23,4,4,-0.12982117,-0.14165092,-0.12982117,-0.14165092,-0.34550146,-0.36799655,-0.34550146,-0.36799655,0.58479653,0.57867183,-0.02061591,-0.02048106,-0.04174813,-0.04202686,9.80635,9.80635,0.41049733,0.41004785,0.6,0.6,,,,,1,0,0
2026-09-28T21:47:24.657630+09:00,73468590,dccd50fe,2026-09-28T21:47:24.657630+09:00,2026-09-28T21:47:24.696351+09:00,rail-left-01,rail-right-01,0.6.7-draft,0.6.7-draft,mqtt,mqtt,40.52,35.15,6.057,6.755,-0.081,-0.019,0.038,-0.257,10.448,9.686,-0.0654,0.0313,0.0406,0.0562,-0.0079,-0.0044,26.99,27.26,15398,18968,1.925,2.371,5.774,7.113,329,329,33,33,24,23,4,4,-0.1356299,-0.1421304,-0.1356299,-0.1421304,-0.3481043,-0.36977454,-0.3481043,-0.36977454,0.58426539,0.57793342,-0.02059497,-0.02047773,-0.04179097,-0.04203436,9.80635,9.80635,0.41042755,0.41003674,0.6,0.6,,,,,1,0,0
2026-09-28T21:47:24.677718+09:00,73488678,dccd50fe,2026-09-28T21:47:24.677718+09:00,2026-09-28T21:47:24.716439+09:00,rail-left-01,rail-right-01,0.6.7-draft,0.6.7-draft,mqtt,mqtt,40.52,35.15,6.057,6.748,-0.06,-0.007,0.083,-0.26,10.424,9.677,-0.0661,0.0321,0.0398,0.0541,-0.0084,-0.0037,26.96,27.25,15400,18966,1.925,2.371,5.775,7.112,330,330,33,33,24,23,4,4,-0.14154759,-0.14240951,-0.14154759,-0.14240951,-0.35067558,-0.37149221,-0.35067558,-0.37149221,0.58374068,0.57718345,-0.02057439,-0.02047553,-0.04183309,-0.04203956,9.80635,9.80635,0.41035894,0.41002942,0.6,0.6,,,,,1,0,0
2026-09-28T21:47:24.806343+09:00,73617426,dccd50fe,2026-09-28T21:47:24.806343+09:00,2026-09-28T21:47:24.887571+09:00,rail-left-01,rail-right-01,0.6.7-draft,0.6.7-draft,mqtt,mqtt,40.52,35.15,6.056,6.741,-0.056,0.059,-0.069,-0.204,10.429,9.685,-0.0655,0.0314,0.1468,0.0376,-0.0101,-0.0117,26.98,27.23,15397,18964,1.925,2.371,5.774,7.112,331,331,34,34,24,23,4,4,-0.14601767,-0.19167172,-0.14601767,-0.19167172,-0.37319604,-0.39119983,-0.37319604,-0.39119983,0.57643917,0.56841229,-0.02047353,-0.02050964,-0.04204499,-0.04220014,9.80635,9.80635,0.41002274,0.41014312,0.6,0.6,,,,,1,0,0
2026-09-28T21:47:24.826368+09:00,73637451,dccd50fe,2026-09-28T21:47:24.826368+09:00,2026-09-28T21:47:24.907596+09:00,rail-left-01,rail-right-01,0.6.7-draft,0.6.7-draft,mqtt,mqtt,40.52,35.15,6.048,6.734,-0.237,-0.047,0.073,-0.303,10.393,9.701,-0.0649,0.0322,0.1395,0.0392,-0.0105,-0.0128,27.0,27.24,15143,18954,1.893,2.369,5.679,7.108,332,332,34,34,24,23,4,4,-0.15017078,-0.19384537,-0.15017078,-0.19384537,-0.37492581,-0.39292799,-0.37492581,-0.39292799,0.57568069,0.56756885,-0.02047278,-0.02051765,-0.04205278,-0.04221623,9.80635,9.80635,0.41002024,0.41016982,0.6,0.6,,,,,1,0,0
2026-09-28T21:47:24.846389+09:00,73657472,dccd50fe,2026-09-28T21:47:24.846389+09:00,2026-09-28T21:47:24.927617+09:00,rail-left-01,rail-right-01,0.6.7-draft,0.6.7-draft,mqtt,mqtt,40.52,35.15,6.04,6.728,-0.461,-0.226,0.132,-0.195,10.359,9.726,-0.0662,0.031,0.0894,0.0478,-0.0079,-0.0076,27.0,27.24,15095,18945,1.887,2.368,5.661,7.104,333,333,34,34,24,23,4,4,-0.15482064,-0.19870002,-0.15482064,-0.19870002,-0.3766811,-0.39460585,-0.3766811,-0.39460585,0.57490827,0.56671842,-0.02047326,-0.02052639,-0.04206289,-0.04223039,9.80635,9.80635,0.41002184,0.41019896,0.6,0.6,,,,,1,0,0
2026-09-28T21:47:24.866676+09:00,73677759,dccd50fe,2026-09-28T21:47:24.866676+09:00,2026-09-28T21:47:24.947904+09:00,rail-left-01,rail-right-01,0.6.7-draft,0.6.7-draft,mqtt,mqtt,40.52,35.15,6.032,6.723,-0.196,-0.041,0.034,-0.29,10.43,9.671,-0.0674,0.0321,0.0522,0.0532,-0.01,-0.0063,26.98,27.25,15082,18952,1.885,2.369,5.656,7.107,334,334,34,34,24,23,4,4,-0.15966322,-0.20072766,-0.15966322,-0.20072766,-0.37846146,-0.39623951,-0.37846146,-0.39623951,0.57412213,0.56586377,-0.02047494,-0.02053571,-0.04207526,-0.04224296,9.80635,9.80635,0.41002743,0.41023002,0.6,0.6,,,,,1,0,0
2026-09-28T21:47:24.886565+09:00,73697648,dccd50fe,2026-09-28T21:47:24.886565+09:00,2026-09-28T21:47:24.967793+09:00,rail-left-01,rail-right-01,0.6.7-draft,0.6.7-draft,mqtt,mqtt,40.52,35.15,6.025,6.718,-0.204,0.004,0.092,-0.244,10.415,9.691,-0.0679,0.031,0.0421,0.0554,-0.0092,-0.0055,26.97,27.25,15079,18950,1.885,2.369,5.655,7.106,335,335,34,34,24,23,4,4,-0.16465561,-0.202056,-0.16465561,-0.202056,-0.38026094,-0.39782965,-0.38026094,-0.39782965,0.57332528,0.56500496,-0.02047764,-0.0205456,-0.04208954,-0.04225395,9.80635,9.80635,0.41003643,0.41026297,0.6,0.6,,,,,1,0,0
2026-09-28T21:47:24.906379+09:00,73717462,dccd50fe,2026-09-28T21:47:24.906379+09:00,2026-09-28T21:47:24.987607+09:00,rail-left-01,rail-right-01,0.6.7-draft,0.6.7-draft,mqtt,mqtt,40.52,35.15,6.019,6.713,-0.19,0.018,0.056,-0.251,10.394,9.664,-0.0649,0.0306,0.0364,0.0554,-0.008,-0.0048,26.98,27.25,15076,18951,1.885,2.369,5.654,7.107,336,336,34,34,24,23,4,4,-0.16976138,-0.20316447,-0.16976138,-0.20316447,-0.38207367,-0.39937696,-0.38207367,-0.39937696,0.57252066,0.56414205,-0.02048119,-0.02055604,-0.04210539,-0.04226342,9.80635,9.80635,0.41004827,0.41029777,0.6,0.6,,,,,1,0,0
2026-09-28T21:47:24.926498+09:00,73737581,dccd50fe,2026-09-28T21:47:24.926498+09:00,2026-09-28T21:47:25.007726+09:00,rail-left-01,rail-right-01,0.6.7-draft,0.6.7-draft,mqtt,mqtt,40.52,35.15,6.013,6.709,-0.154,-0.007,0.059,-0.254,10.412,9.641,-0.0661,0.0321,0.0394,0.0556,-0.0073,-0.0048,26.98,27.23,15075,18951,1.884,2.369,5.653,7.107,337,337,34,34,24,23,4,4,-0.17496188,-0.20463584,-0.17496188,-0.20463584,-0.38389946,-0.40088733,-0.38389946,-0.40088733,0.5717084,0.56327771,-0.02048557,-0.02056688,-0.04212278,-0.04227165,9.80635,9.80635,0.41006289,0.41033393,0.6,0.6,,,,,1,0,0
2026-09-28T21:47:24.946487+09:00,73757570,dccd50fe,2026-09-28T21:47:24.946487+09:00,2026-09-28T21:47:25.027715+09:00,rail-left-01,rail-right-01,0.6.7-draft,0.6.7-draft,mqtt,mqtt,40.52,35.15,6.008,6.706,-0.209,0.002,0.081,-0.255,10.393,9.65,-0.0665,0.0302,0.0368,0.0541,-0.0089,-0.0057,26.99,27.25,15071,18953,1.884,2.369,5.652,7.107,338,338,34,34,24,23,4,4,-0.18027409,-0.20595767,-0.18027409,-0.20595767,-0.38573261,-0.40236649,-0.38573261,-0.40236649,0.57089135,0.56241456,-0.02049063,-0.02057799,-0.04214137,-0.04227895,9.80635,9.80635,0.41007973,0.41037095,0.6,0.6,,,,,1,0,0
2026-09-28T21:47:24.966449+09:00,73777532,dccd50fe,2026-09-28T21:47:24.966449+09:00,2026-09-28T21:47:25.047677+09:00,rail-left-01,rail-right-01,0.6.7-draft,0.6.7-draft,mqtt,mqtt,40.52,35.15,6.003,6.703,-0.144,0.061,0.069,-0.241,10.452,9.677,-0.0649,0.0317,0.0377,0.0565,-0.008,-0.0059,26.97,27.25,15073,18952,1.884,2.369,5.652,7.107,339,339,34,34,24,23,4,4,-0.18565326,-0.20639543,-0.18565326,-0.20639543,-0.38757301,-0.40381495,-0.38757301,-0.40381495,0.5700696,0.56155257,-0.02049633,-0.02058935,-0.04216115,-0.04228534,9.80635,9.80635,0.41009875,0.41040882,0.6,0.6,,,,,1,0,0
2026-09-28T21:47:24.986602+09:00,73797685,dccd50fe,2026-09-28T21:47:24.986602+09:00,2026-09-28T21:47:25.067830+09:00,rail-left-01,rail-right-01,0.6.7-draft,0.6.7-draft,mqtt,mqtt,40.52,35.15,5.999,6.7,-0.163,0.026,0.079,-0.257,10.414,9.685,-0.0663,0.031,0.0374,0.0549,-0.0091,-0.0047,26.98,27.25,15075,18952,1.884,2.369,5.653,7.107,340,340,34,34,24,23,4,4,-0.19110526,-0.20733974,-0.19110526,-0.20733974,-0.38941514,-0.40523316,-0.38941514,-0.40523316,0.56924593,0.56069173,-0.02050253,-0.02060096,-0.04218179,-0.04229083,9.80635,9.80635,0.41011941,0.41044753,0.6,0.6,,,,,1,0,0
2026-09-28T21:47:25.156225+09:00,73968421,dccd50fe,2026-09-28T21:47:25.156225+09:00,2026-09-28T21:47:25.195687+09:00,rail-left-01,rail-right-01,0.6.7-draft,0.6.7-draft,mqtt,mqtt,40.52,35.15,5.995,6.697,-0.183,0.036,0.047,-0.235,10.406,9.679,-0.0658,0.031,0.0368,0.0569,-0.0083,-0.0059,26.99,27.25,15072,18951,1.884,2.369,5.652,7.107,341,341,35,35,24,23,4,4,-0.21004592,-0.24170038,-0.21004592,-0.24170038,-0.40665731,-0.42100241,-0.40665731,-0.42100241,0.55982947,0.55122072,-0.02061296,-0.02074763,-0.04229733,-0.04240234,9.80635,9.80635,0.4104875,0.4109364,0.6,0.6,,,,,1,0,0
2026-09-28T21:47:25.176339+09:00,73988535,dccd50fe,2026-09-28T21:47:25.176339+09:00,2026-09-28T21:47:25.215801+09:00,rail-left-01,rail-right-01,0.6.7-draft,0.6.7-draft,mqtt,mqtt,40.52,35.15,5.99,6.695,-0.141,0.026,0.111,-0.269,10.392,9.679,-0.0653,0.031,0.0353,0.0557,-0.0083,-0.0052,26.95,27.25,15026,18954,1.878,2.369,5.635,7.108,342,342,35,35,24,23,4,4,-0.21289785,-0.24319002,-0.21289785,-0.24319002,-0.40809238,-0.42238099,-0.40809238,-0.42238099,0.55896328,0.55037274,-0.02062545,-0.02076186,-0.04230506,-0.04241317,9.80635,9.80635,0.41052915,0.41098385,0.6,0.6,,,,,1,0,0
2026-09-28T21:47:25.196389+09:00,74008585,dccd50fe,2026-09-28T21:47:25.196389+09:00,2026-09-28T21:47:25.235851+09:00,rail-left-01,rail-right-01,0.6.7-draft,0.6.7-draft,mqtt,mqtt,40.52,35.15,5.987,6.693,-0.162,-0.031,0.085,-0.265,10.409,9.73,-0.0667,0.0317,0.0362,0.0566,-0.0081,-0.006,26.98,27.26,15024,18953,1.878,2.369,5.634,7.107,343,343,35,35,24,23,4,4,-0.21590027,-0.2454376,-0.21590027,-0.2454376,-0.40952811,-0.42373668,-0.40952811,-0.42373668,0.55809826,0.54952811,-0.02063818,-0.02077617,-0.04231348,-0.04242336,9.80635,9.80635,0.41057157,0.41103153,0.6,0.6,,,,,1,0,0
2026-09-28T21:47:25.216399+09:00,74028595,dccd50fe,2026-09-28T21:47:25.216399+09:00,2026-09-28T21:47:25.255861+09:00,rail-left-01,rail-right-01,0.6.7-draft,0.6.7-draft,mqtt,mqtt,40.52,35.15,5.983,6.691,-0.151,0.025,0.085,-0.25,10.475,9.695,-0.0646,0.031,0.0373,0.054,-0.0077,-0.0052,26.97,27.27,15024,18952,1.878,2.369,5.634,7.107,344,344,35,35,24,23,4,4,-0.21904047,-0.24690663,-0.21904047,-0.24690663,-0.41096951,-0.42506984,-0.41096951,-0.42506984,0.55723188,0.54868678,-0.02065126,-0.02079054,-0.04232284,-0.04243294,9.80635,9.80635,0.41061517,0.41107945,0.6,0.6,,,,,1,0,0
2026-09-28T21:47:25.236410+09:00,74048606,dccd50fe,2026-09-28T21:47:25.236410+09:00,2026-09-28T21:47:25.275872+09:00,rail-left-01,rail-right-01,0.6.7-draft,0.6.7-draft,mqtt,mqtt,40.52,35.15,5.98,6.69,-0.156,0.031,0.068,-0.247,10.435,9.685,-0.0666,0.0308,0.0392,0.0554,-0.0089,-0.0064,26.97,27.25,15026,18955,1.878,2.369,5.635,7.108,345,345,35,35,24,23,4,4,-0.22231806,-0.24828158,-0.22231806,-0.24828158,-0.41241149,-0.42638554,-0.41241149,-0.42638554,0.55636667,0.54785107,-0.02066456,-0.02080486,-0.04233286,-0.04244216,9.80635,9.80635,0.41065951,0.41112718,0.6,0.6,,,,,1,0,0
2026-09-28T21:47:25.256457+09:00,74068653,dccd50fe,2026-09-28T21:47:25.256457+09:00,2026-09-28T21:47:25.295919+09:00,rail-left-01,rail-right-01,0.6.7-draft,0.6.7-draft,mqtt,mqtt,40.52,35.15,5.977,6.688,-0.096,0.017,0.057,-0.265,10.408,9.695,-0.0667,0.0322,0.0402,0.0566,-0.0087,-0.0057,26.96,27.22,15028,18954,1.879,2.369,5.636,7.108,346,346,35,35,24,23,4,4,-0.22569484,-0.24983117,-0.22569484,-0.24983117,-0.41385405,-0.42767929,-0.41385405,-0.42767929,0.5555026,0.54701855,-0.02067808,-0.02081925,-0.04234352,-0.04245078,9.80635,9.80635,0.41070457,0.41117515,0.6,0.6,,,,,1,0,0
2026-09-28T21:47:25.276339+09:00,74088535,dccd50fe,2026-09-28T21:47:25.276339+09:00,2026-09-28T21:47:25.315801+09:00,rail-left-01,rail-right-01,0.6.7-draft,0.6.7-draft,mqtt,mqtt,40.52,35.15,5.974,6.687,-0.163,0.029,0.081,-0.239,10.429,9.699,-0.0653,0.0306,0.038,0.0546,-0.0087,-0.0052,26.99,27.24,15032,18956,1.879,2.37,5.637,7.109,347,347,35,35,24,23,4,4,-0.22919342,-0.25120445,-0.22919342,-0.25120445,-0.41529719,-0.42895611,-0.41529719,-0.42895611,0.55463966,0.54619153,-0.02069181,-0.02083359,-0.04235482,-0.04245905,9.80635,9.80635,0.41075033,0.41122294,0.6,0.6,,,,,1,0,0
2026-09-28T21:47:25.296403+09:00,74108599,dccd50fe,2026-09-28T21:47:25.296403+09:00,2026-09-28T21:47:25.335865+09:00,rail-left-01,rail-right-01,0.6.7-draft,0.6.7-draft,mqtt,mqtt,40.52,35.15,5.972,6.686,-0.181,0.022,0.044,-0.249,10.417,9.698,-0.0653,0.0302,0.036,0.0557,-0.0072,-0.0057,26.97,27.23,15037,18952,1.88,2.369,5.639,7.107,348,348,35,35,24,23,4,4,-0.23281173,-0.25265853,-0.23281173,-0.25265853,-0.41673595,-0.43021626,-0.41673595,-0.43021626,0.5537803,0.54536992,-0.02070561,-0.02084787,-0.04236648,-0.04246699,9.80635,9.80635,0.41079636,0.41127055,0.6,0.6,,,,,1,0,0
2026-09-28T21:47:25.316237+09:00,74128433,dccd50fe,2026-09-28T21:47:25.316237+09:00,2026-09-28T21:47:25.355699+09:00,rail-left-01,rail-right-01,0.6.7-draft,0.6.7-draft,mqtt,mqtt,40.52,35.15,5.97,6.684,-0.164,-0.001,0.093,-0.232,10.397,9.676,-0.0679,0.0324,0.034,0.0554,-0.008,-0.0052,26.98,27.25,15033,18949,1.879,2.369,5.637,7.106,349,349,35,35,24,23,4,4,-0.23652613,-0.25440823,-0.23652613,-0.25440823,-0.41817041,-0.43145528,-0.41817041,-0.43145528,0.55292446,0.54455132,-0.0207195,-0.02086222,-0.0423785,-0.04247435,9.80635,9.80635,0.41084265,0.41131838,0.6,0.6,,,,,1,0,0
2026-09-28T21:47:25.336848+09:00,74149044,dccd50fe,2026-09-28T21:47:25.336848+09:00,2026-09-28T21:47:25.376310+09:00,rail-left-01,rail-right-01,0.6.7-draft,0.6.7-draft,mqtt,mqtt,40.52,35.15,5.968,6.683,-0.219,0.002,0.068,-0.231,10.424,9.687,-0.0667,0.0305,0.0232,0.056,-0.0092,-0.0056,26.99,27.26,15024,18948,1.878,2.368,5.634,7.106,350,350,35,35,24,23,4,4,-0.24033523,-0.2561003,-0.24033523,-0.2561003,-0.41960064,-0.43267812,-0.41960064,-0.43267812,0.5520721,0.54373801,-0.02073346,-0.02087652,-0.04239087,-0.04248139,9.80635,9.80635,0.41088919,0.41136604,0.6,0.6,,,,,1,0,0
2026-09-28T21:47:25.478464+09:00,74277436,dccd50fe,2026-09-28T21:47:25.478464+09:00,2026-09-28T21:47:25.563324+09:00,rail-left-01,rail-right-01,0.6.7-draft,0.6.7-draft,mqtt,mqtt,40.52,35.15,5.966,6.682,-0.114,0.022,0.057,-0.25,10.449,9.698,-0.0666,0.0318,0.0224,0.0593,-0.0075,-0.0052,26.98,27.25,15015,18947,1.877,2.368,5.631,7.105,351,351,36,36,24,23,4,4,-0.25861817,-0.28456271,-0.25861817,-0.28456271,-0.4338989,-0.44543729,-0.4338989,-0.44543729,0.54292759,0.53525112,-0.02089089,-0.02102405,-0.04248881,-0.04255473,9.80635,9.80635,0.41141393,0.41185781,0.6,0.6,,,,,1,0,0
2026-09-28T21:47:25.498546+09:00,74297518,dccd50fe,2026-09-28T21:47:25.498546+09:00,2026-09-28T21:47:25.583406+09:00,rail-left-01,rail-right-01,0.6.7-draft,0.6.7-draft,mqtt,mqtt,40.52,35.15,5.966,6.681,-0.168,-0.019,0.072,-0.268,10.441,9.664,-0.0665,0.0306,0.0212,0.0585,-0.0091,-0.0056,26.99,27.26,15083,18946,1.885,2.368,5.656,7.105,352,352,36,36,24,23,4,4,-0.26125133,-0.28441325,-0.26125133,-0.28441325,-0.43510843,-0.44651627,-0.43510843,-0.44651627,0.54212465,0.53452177,-0.02090508,-0.0210365,-0.04249615,-0.04255996,9.80635,9.80635,0.41146125,0.4118993,0.6,0.6,,,,,1,0,0
2026-09-28T21:47:25.518590+09:00,74317562,dccd50fe,2026-09-28T21:47:25.518590+09:00,2026-09-28T21:47:25.603450+09:00,rail-left-01,rail-right-01,0.6.7-draft,0.6.7-draft,mqtt,mqtt,40.52,35.15,5.966,6.68,-0.081,0.0,0.092,-0.233,10.39,9.701,-0.0654,0.0317,0.022,0.0594,-0.0089,-0.0063,26.99,27.27,15097,18945,1.887,2.368,5.661,7.104,353,353,36,36,24,23,4,4,-0.26395099,-0.28402617,-0.26395099,-0.28402617,-0.43630686,-0.4475814,-0.43630686,-0.4475814,0.54132908,0.53379662,-0.02091911,-0.02104892,-0.0425034,-0.04256492,9.80635,9.80635,0.41150802,0.4119407,0.6,0.6,,,,,1,0,0
2026-09-28T21:47:25.538613+09:00,74337585,dccd50fe,2026-09-28T21:47:25.538613+09:00,2026-09-28T21:47:25.623473+09:00,rail-left-01,rail-right-01,0.6.7-draft,0.6.7-draft,mqtt,mqtt,40.52,35.15,5.966,6.679,-0.104,0.002,0.079,-0.28,10.414,9.712,-0.0674,0.0312,0.0245,0.0574,-0.0089,-0.0053,26.97,27.24,15108,18945,1.889,2.368,5.666,7.104,354,354,36,36,24,23,4,4,-0.26673043,-0.28361719,-0.26673043,-0.28361719,-0.43749435,-0.44863287,-0.43749435,-0.44863287,0.54054077,0.53307563,-0.02093298,-0.02106131,-0.04251057,-0.04256961,9.80635,9.80635,0.41155424,0.41198202,0.6,0.6,,,,,1,0,0
2026-09-28T21:47:25.558561+09:00,74357533,dccd50fe,2026-09-28T21:47:25.558561+09:00,2026-09-28T21:47:25.643421+09:00,rail-left-01,rail-right-01,0.6.7-draft,0.6.7-draft,mqtt,mqtt,40.52,35.15,5.966,6.678,-0.114,0.018,0.053,-0.283,10.411,9.728,-0.0649,0.0313,0.0285,0.0574,-0.0099,-0.006,26.97,27.24,15118,18943,1.89,2.368,5.669,7.104,355,355,36,36,24,23,4,4,-0.26959918,-0.28301361,-0.26959918,-0.28301361,-0.43867104,-0.44967084,-0.43867104,-0.44967084,0.53975962,0.53235873,-0.02094669,-0.02107368,-0.04251766,-0.04257402,9.80635,9.80635,0.41159994,0.41202324,0.6,0.6,,,,,1,0,0
2026-09-28T21:47:25.578463+09:00,74377435,dccd50fe,2026-09-28T21:47:25.578463+09:00,2026-09-28T21:47:25.663323+09:00,rail-left-01,rail-right-01,0.6.7-draft,0.6.7-draft,mqtt,mqtt,40.52,35.15,5.967,6.677,-0.128,0.005,0.065,-0.245,10.362,9.677,-0.0654,0.0316,0.0302,0.0574,-0.0093,-0.0052,26.97,27.24,15129,18941,1.891,2.368,5.673,7.103,356,356,36,36,24,23,4,4,-0.27256269,-0.28257702,-0.27256269,-0.28257702,-0.43983256,-0.4506955,-0.43983256,-0.4506955,0.53898781,0.53164588,-0.02096012,-0.02108602,-0.04252443,-0.04257818,9.80635,9.80635,0.41164472,0.41206438,0.6,0.6,,,,,1,0,0
2026-09-28T21:47:25.598571+09:00,74397543,dccd50fe,2026-09-28T21:47:25.598571+09:00,2026-09-28T21:47:25.683431+09:00,rail-left-01,rail-right-01,0.6.7-draft,0.6.7-draft,mqtt,mqtt,40.52,35.15,5.968,6.677,-0.117,0.044,0.059,-0.25,10.452,9.676,-0.0659,0.0317,0.0293,0.0586,-0.0085,-0.0068,26.96,27.26,15133,18942,1.892,2.368,5.675,7.103,357,357,36,36,24,23,4,4,-0.27560825,-0.28166574,-0.27560825,-0.28166574,-0.4409791,-0.45171132,-0.4409791,-0.45171132,0.5382252,0.53093917,-0.02097329,-0.02109823,-0.0425309,-0.04258228,9.80635,9.80635,0.41168862,0.41210507,0.6,0.6,,,,,1,0,0
2026-09-28T21:47:25.618606+09:00,74417578,dccd50fe,2026-09-28T21:47:25.618606+09:00,2026-09-28T21:47:25.703466+09:00,rail-left-01,rail-right-01,0.6.7-draft,0.6.7-draft,mqtt,mqtt,40.52,35.15,5.968,6.676,-0.109,-0.002,0.062,-0.263,10.463,9.664,-0.0674,0.0313,0.0329,0.0572,-0.0101,-0.0053,26.97,27.24,15140,18941,1.893,2.368,5.678,7.103,358,358,36,36,24,23,4,4,-0.27873517,-0.28132476,-0.27873517,-0.28132476,-0.44211537,-0.45271413,-0.44211537,-0.45271413,0.53746944,0.53023638,-0.02098631,-0.02111041,-0.0425373,-0.04258613,9.80635,9.80635,0.41173201,0.41214568,0.6,0.6,,,,,1,0,0
2026-09-28T21:47:25.638589+09:00,74437561,dccd50fe,2026-09-28T21:47:25.638589+09:00,2026-09-28T21:47:25.723449+09:00,rail-left-01,rail-right-01,0.6.7-draft,0.6.7-draft,mqtt,mqtt,40.52,35.15,5.969,6.675,-0.164,-0.02,0.049,-0.271,10.4,9.717,-0.0662,0.0298,0.0314,0.058,-0.0096,-0.0064,26.97,27.26,15143,18940,1.893,2.368,5.679,7.102,359,359,36,36,24,23,4,4,-0.2819613,-0.28120292,-0.2819613,-0.28120292,-0.44323703,-0.4537041,-0.44323703,-0.4537041,0.53672265,0.52953746,-0.02099907,-0.02112257,-0.0425434,-0.04258973,9.80635,9.80635,0.41177454,0.41218621,0.6,0.6,,,,,1,0,0
2026-09-28T21:47:25.658677+09:00,74457649,dccd50fe,2026-09-28T21:47:25.658677+09:00,2026-09-28T21:47:25.743537+09:00,rail-left-01,rail-right-01,0.6.7-draft,0.6.7-draft,mqtt,mqtt,40.52,35.15,5.97,6.675,-0.069,0.059,0.104,-0.259,10.453,9.67,-0.0667,0.032,0.031,0.0565,-0.0084,-0.006,27.0,27.26,15153,18940,1.894,2.368,5.682,7.102,360,360,36,36,24,23,4,4,-0.2852335,-0.28012747,-0.2852335,-0.28012747,-0.44434427,-0.45468564,-0.44434427,-0.45468564,0.53598472,0.52884449,-0.02101157,-0.0211346,-0.04254921,-0.04259329,9.80635,9.80635,0.41181622,0.41222632,0.6,0.6,,,,,1,0,0
2026-09-28T21:47:25.875079+09:00,74646476,dccd50fe,2026-09-28T21:47:25.875079+09:00,2026-09-28T21:47:25.996655+09:00,rail-left-01,rail-right-01,0.6.7-draft,0.6.7-draft,mqtt,mqtt,40.52,35.15,5.97,6.674,-0.124,0.019,0.073,-0.236,10.422,9.652,-0.0671,0.0317,0.0376,0.0557,-0.0071,-0.0055,26.98,27.23,15153,18939,1.894,2.367,5.682,7.102,361,361,37,37,24,23,4,4,-0.28098717,-0.29517788,-0.28098717,-0.29517788,-0.45565887,-0.46471609,-0.45565887,-0.46471609,0.52815739,0.52170949,-0.02114651,-0.02125326,-0.04259681,-0.04261824,9.80635,9.80635,0.412266,0.41262184,0.6,0.6,,,,,1,0,0
2026-09-28T21:47:25.895260+09:00,74666657,dccd50fe,2026-09-28T21:47:25.895260+09:00,2026-09-28T21:47:26.016836+09:00,rail-left-01,rail-right-01,0.6.7-draft,0.6.7-draft,mqtt,mqtt,40.52,35.15,5.972,6.674,-0.11,-0.007,0.072,-0.251,10.44,9.742,-0.0669,0.031,0.0374,0.0553,-0.0087,-0.0068,26.96,27.26,15179,18949,1.897,2.369,5.692,7.106,362,362,37,37,24,23,4,4,-0.2820045,-0.29574754,-0.2820045,-0.29574754,-0.45661544,-0.46556892,-0.45661544,-0.46556892,0.52748031,0.52109605,-0.02115807,-0.02126322,-0.04259987,-0.04261965,9.80635,9.80635,0.41230456,0.41265504,0.6,0.6,,,,,1,0,0
2026-09-28T21:47:25.915093+09:00,74686490,dccd50fe,2026-09-28T21:47:25.915093+09:00,2026-09-28T21:47:26.036669+09:00,rail-left-01,rail-right-01,0.6.7-draft,0.6.7-draft,mqtt,mqtt,40.52,35.15,5.973,6.674,-0.083,0.053,0.069,-0.294,10.457,9.7,-0.0657,0.0314,0.0396,0.0554,-0.0075,-0.0048,26.99,27.25,15185,18952,1.898,2.369,5.694,7.107,363,363,37,37,24,23,4,4,-0.2831612,-0.29562561,-0.2831612,-0.29562561,-0.45755977,-0.46641488,-0.45755977,-0.46641488,0.52681102,0.52048756,-0.02116942,-0.02127308,-0.04260269,-0.04262105,9.80635,9.80635,0.41234237,0.41268791,0.6,0.6,,,,,1,0,0
2026-09-28T21:47:25.935153+09:00,74706550,dccd50fe,2026-09-28T21:47:25.935153+09:00,2026-09-28T21:47:26.056729+09:00,rail-left-01,rail-right-01,0.6.7-draft,0.6.7-draft,mqtt,mqtt,40.52,35.15,5.974,6.674,-0.124,-0.008,0.096,-0.267,10.379,9.688,-0.0663,0.03,0.038,0.0561,-0.0081,-0.0053,26.97,27.24,15188,18955,1.899,2.369,5.696,7.108,364,364,37,37,24,23,4,4,-0.28446673,-0.29620508,-0.28446673,-0.29620508,-0.45849202,-0.46725404,-0.45849202,-0.46725404,0.52614942,0.51988395,-0.02118054,-0.02128284,-0.04260528,-0.04262243,9.80635,9.80635,0.41237944,0.41272045,0.6,0.6,,,,,1,0,0
2026-09-28T21:47:25.955087+09:00,74726484,dccd50fe,2026-09-28T21:47:25.955087+09:00,2026-09-28T21:47:26.076663+09:00,rail-left-01,rail-right-01,0.6.7-draft,0.6.7-draft,mqtt,mqtt,40.52,35.15,5.975,6.674,-0.11,0.014,0.062,-0.219,10.403,9.691,-0.065,0.0316,0.0377,0.0565,-0.0084,-0.0055,26.97,27.26,15190,18956,1.899,2.37,5.696,7.109,365,365,37,37,24,23,4,4,-0.2859051,-0.29652832,-0.2859051,-0.29652832,-0.45941233,-0.46808649,-0.45941233,-0.46808649,0.52549542,0.51928517,-0.02119144,-0.02129251,-0.04260763,-0.0426238,9.80635,9.80635,0.41241578,0.41275267,0.6,0.6,,,,,1,0,0
2026-09-28T21:47:25.975122+09:00,74746519,dccd50fe,2026-09-28T21:47:25.975122+09:00,2026-09-28T21:47:26.096698+09:00,rail-left-01,rail-right-01,0.6.7-draft,0.6.7-draft,mqtt,mqtt,40.52,35.15,5.976,6.674,-0.113,0.01,0.079,-0.237,10.406,9.661,-0.0661,0.0309,0.038,0.0577,-0.0081,-0.006,26.96,27.26,15190,18956,1.899,2.37,5.696,7.109,366,366,37,37,24,23,4,4,-0.28747189,-0.29689682,-0.28747189,-0.29689682,-0.46032085,-0.46891231,-0.46032085,-0.46891231,0.52484892,0.51869116,-0.02120213,-0.02130208,-0.04260975,-0.04262515,9.80635,9.80635,0.41245141,0.41278458,0.6,0.6,,,,,1,0,0
2026-09-28T21:47:25.995106+09:00,74766503,dccd50fe,2026-09-28T21:47:25.995106+09:00,2026-09-28T21:47:26.116682+09:00,rail-left-01,rail-right-01,0.6.7-draft,0.6.7-draft,mqtt,mqtt,40.52,35.15,5.977,6.675,-0.119,-0.002,0.042,-0.283,10.418,9.705,-0.0662,0.0317,0.0385,0.0558,-0.0072,-0.0056,26.99,27.23,15185,18955,1.898,2.369,5.694,7.108,367,367,37,37,24,23,4,4,-0.28916365,-0.29739492,-0.28916365,-0.29739492,-0.46121773,-0.46973554,-0.46121773,-0.46973554,0.52420983,0.51810385,-0.02121261,-0.02131146,-0.04261165,-0.04262668,9.80635,9.80635,0.41248633,0.41281585,0.6,0.6,,,,,1,0,0
2026-09-28T21:47:26.015129+09:00,74786526,dccd50fe,2026-09-28T21:47:26.015129+09:00,2026-09-28T21:47:26.136705+09:00,rail-left-01,rail-right-01,0.6.7-draft,0.6.7-draft,mqtt,mqtt,40.52,35.15,5.977,6.675,-0.098,0.018,0.087,-0.255,10.49,9.692,-0.0666,0.031,0.0374,0.057,-0.0077,-0.0063,26.98,27.24,15179,18956,1.897,2.37,5.692,7.109,368,368,37,37,24,23,4,4,-0.29096175,-0.2976644,-0.29096175,-0.2976644,-0.46210723,-0.47055226,-0.46210723,-0.47055226,0.523576,0.51752118,-0.02122298,-0.02132075,-0.04261353,-0.0426282,9.80635,9.80635,0.4125209,0.41284682,0.6,0.6,,,,,1,0,0
2026-09-28T21:47:26.035220+09:00,74806617,dccd50fe,2026-09-28T21:47:26.035220+09:00,2026-09-28T21:47:26.156796+09:00,rail-left-01,rail-right-01,0.6.7-draft,0.6.7-draft,mqtt,mqtt,40.52,35.15,5.978,6.675,-0.114,0.022,0.049,-0.215,10.415,9.657,-0.0663,0.0316,0.0381,0.055,-0.008,-0.0047,26.97,27.26,15184,18958,1.898,2.37,5.694,7.109,369,369,37,37,24,23,4,4,-0.29286953,-0.29788922,-0.29286953,-0.29788922,-0.46298534,-0.47136256,-0.46298534,-0.47136256,0.52294941,0.51694311,-0.02123314,-0.02132995,-0.04261518,-0.04262971,9.80635,9.80635,0.41255478,0.41287749,0.6,0.6,,,,,1,0,0
2026-09-28T21:47:26.055255+09:00,74826652,dccd50fe,2026-09-28T21:47:26.055255+09:00,2026-09-28T21:47:26.176831+09:00,rail-left-01,rail-right-01,0.6.7-draft,0.6.7-draft,mqtt,mqtt,40.52,35.15,5.978,6.675,-0.146,-0.035,0.114,-0.272,10.369,9.697,-0.0658,0.0313,0.04,0.0577,-0.008,-0.0064,27.0,27.23,15183,18957,1.898,2.37,5.694,7.109,370,370,37,37,24,23,4,4,-0.29489925,-0.29874772,-0.29489925,-0.29874772,-0.46385629,-0.47216649,-0.46385629,-0.47216649,0.52232794,0.51636956,-0.0212432,-0.02133907,-0.04261682,-0.0426312,9.80635,9.80635,0.41258831,0.41290786,0.6,0.6,,,,,1,0,0
2026-09-28T21:47:26.260567+09:00,75077545,dccd50fe,2026-09-28T21:47:26.260567+09:00,2026-09-28T21:47:26.342479+09:00,rail-left-01,rail-right-01,0.6.7-draft,0.6.7-draft,mqtt,mqtt,40.52,35.15,5.979,6.675,-0.115,0.006,0.089,-0.241,10.402,9.68,-0.0655,0.031,0.0368,0.0588,-0.0099,-0.006,26.95,27.27,15184,18956,1.898,2.37,5.694,7.109,371,371,38,38,24,23,4,4,-0.30103725,-0.32617597,-0.30103725,-0.32617597,-0.47296024,-0.48053942,-0.47296024,-0.48053942,0.51580245,0.5103809,-0.021348,-0.02143208,-0.04263249,-0.04264325,9.80635,9.80635,0.41293763,0.41321792,0.6,0.6,,,,,1,0,0
2026-09-28T21:47:26.280747+09:00,75097725,dccd50fe,2026-09-28T21:47:26.280747+09:00,2026-09-28T21:47:26.362659+09:00,rail-left-01,rail-right-01,0.6.7-draft,0.6.7-draft,mqtt,mqtt,40.52,35.15,5.979,6.675,-0.152,-0.016,0.042,-0.271,10.41,9.682,-0.0662,0.0302,0.0373,0.0557,-0.0096,-0.0063,26.96,27.22,15178,18948,1.897,2.368,5.692,7.106,372,372,38,38,24,23,4,4,-0.30346122,-0.32639538,-0.30346122,-0.32639538,-0.47374782,-0.48126162,-0.47374782,-0.48126162,0.51523975,0.50986333,-0.02135684,-0.02143996,-0.04263376,-0.04264405,9.80635,9.80635,0.41296711,0.41324419,0.6,0.6,,,,,1,0,0
2026-09-28T21:47:26.300700+09:00,75117679,dccd50fe,2026-09-28T21:47:26.300700+09:00,2026-09-28T21:47:26.382612+09:00,rail-left-01,rail-right-01,0.6.7-draft,0.6.7-draft,mqtt,mqtt,40.52,35.15,5.979,6.674,-0.123,0.037,0.109,-0.262,10.441,9.685,-0.0677,0.0318,0.0358,0.0576,-0.0088,-0.0055,26.97,27.26,15170,18941,1.896,2.368,5.689,7.103,373,373,38,38,24,23,4,4,-0.30599505,-0.32604941,-0.30599505,-0.32604941,-0.47452928,-0.4819747,-0.47452928,-0.4819747,0.51468142,0.50934775,-0.0213656,-0.02144786,-0.04263502,-0.04264467,9.80635,9.80635,0.41299632,0.41327052,0.6,0.6,,,,,1,0,0
2026-09-28T21:47:26.320699+09:00,75137678,dccd50fe,2026-09-28T21:47:26.320699+09:00,2026-09-28T21:47:26.402611+09:00,rail-left-01,rail-right-01,0.6.7-draft,0.6.7-draft,mqtt,mqtt,40.52,35.15,5.979,6.674,-0.129,-0.013,0.061,-0.298,10.428,9.732,-0.0655,0.0316,0.0344,0.0558,-0.0093,-0.006,26.97,27.25,15166,18940,1.896,2.368,5.687,7.102,374,374,38,38,24,23,4,4,-0.3086324,-0.3262324,-0.3086324,-0.3262324,-0.47530472,-0.48268248,-0.47530472,-0.48268248,0.51412739,0.50883601,-0.02137428,-0.02145569,-0.04263627,-0.04264528,9.80635,9.80635,0.41302524,0.41329661,0.6,0.6,,,,,1,0,0
2026-09-28T21:47:26.340969+09:00,75157948,dccd50fe,2026-09-28T21:47:26.340969+09:00,2026-09-28T21:47:26.422881+09:00,rail-left-01,rail-right-01,0.6.7-draft,0.6.7-draft,mqtt,mqtt,40.52,35.15,5.979,6.673,-0.068,0.054,0.086,-0.247,10.424,9.661,-0.0636,0.0314,0.0324,0.0561,-0.0076,-0.0052,26.99,27.25,15171,18941,1.896,2.368,5.689,7.103,375,375,38,38,24,23,4,4,-0.3113386,-0.32571099,-0.3113386,-0.32571099,-0.47607418,-0.48338131,-0.47607418,-0.48338131,0.51357763,0.50832621,-0.02138288,-0.02146354,-0.04263751,-0.04264571,9.80635,9.80635,0.4130539,0.41332277,0.6,0.6,,,,,1,0,0
2026-09-28T21:47:26.361145+09:00,75178124,dccd50fe,2026-09-28T21:47:26.361145+09:00,2026-09-28T21:47:26.443057+09:00,rail-left-01,rail-right-01,0.6.7-draft,0.6.7-draft,mqtt,mqtt,40.52,35.15,5.98,6.673,-0.134,0.013,0.057,-0.262,10.411,9.712,-0.067,0.0313,0.0372,0.0557,-0.0083,-0.0056,26.99,27.25,15177,18939,1.897,2.367,5.691,7.102,376,376,38,38,24,23,4,4,-0.3141472,-0.32562223,-0.3141472,-0.32562223,-0.47683393,-0.48407498,-0.47683393,-0.48407498,0.513034,0.50782016,-0.0213913,-0.02147131,-0.04263855,-0.04264613,9.80635,9.80635,0.41308198,0.41334869,0.6,0.6,,,,,1,0,0
2026-09-28T21:47:26.380754+09:00,75197733,dccd50fe,2026-09-28T21:47:26.380754+09:00,2026-09-28T21:47:26.462667+09:00,rail-left-01,rail-right-01,0.6.7-draft,0.6.7-draft,mqtt,mqtt,40.52,35.15,5.98,6.673,-0.091,-0.01,0.095,-0.281,10.451,9.687,-0.0653,0.0322,0.0362,0.0558,-0.0079,-0.0063,26.95,27.24,15176,18941,1.897,2.368,5.691,7.103,377,377,38,38,24,23,4,4,-0.31702927,-0.32577645,-0.31702927,-0.32577645,-0.47758787,-0.48476355,-0.47758787,-0.48476355,0.51249451,0.50731785,-0.02139965,-0.02147902,-0.04263958,-0.04264655,9.80635,9.80635,0.4131098,0.41337439,0.6,0.6,,,,,1,0,0
2026-09-28T21:47:26.400759+09:00,75217738,dccd50fe,2026-09-28T21:47:26.400759+09:00,2026-09-28T21:47:26.482671+09:00,rail-left-01,rail-right-01,0.6.7-draft,0.6.7-draft,mqtt,mqtt,40.52,35.15,5.98,6.672,-0.139,0.014,0.077,-0.271,10.418,9.685,-0.0667,0.0312,0.0384,0.0574,-0.0075,-0.0075,26.98,27.24,15179,18941,1.897,2.368,5.692,7.103,378,378,38,38,24,23,4,4,-0.32000687,-0.32567915,-0.32000687,-0.32567915,-0.47833607,-0.48544342,-0.47833607,-0.48544342,0.51195913,0.50681737,-0.02140791,-0.02148675,-0.0426406,-0.04264679,9.80635,9.80635,0.41313736,0.41340015,0.6,0.6,,,,,1,0,0
2026-09-28T21:47:26.420589+09:00,75237568,dccd50fe,2026-09-28T21:47:26.420589+09:00,2026-09-28T21:47:26.502501+09:00,rail-left-01,rail-right-01,0.6.7-draft,0.6.7-draft,mqtt,mqtt,40.52,35.15,5.98,6.672,-0.108,0.017,0.061,-0.277,10.42,9.686,-0.0645,0.0306,0.0388,0.055,-0.0083,-0.0048,26.97,27.26,15183,18940,1.898,2.368,5.694,7.102,379,379,38,38,24,23,4,4,-0.32306154,-0.32555131,-0.32306154,-0.32555131,-0.47907861,-0.48611832,-0.47907861,-0.48611832,0.5114278,0.50632056,-0.02141611,-0.02149441,-0.04264161,-0.04264703,9.80635,9.80635,0.41316467,0.41342568,0.6,0.6,,,,,1,0,0
2026-09-28T21:47:26.440847+09:00,75257826,dccd50fe,2026-09-28T21:47:26.440847+09:00,2026-09-28T21:47:26.522759+09:00,rail-left-01,rail-right-01,0.6.7-draft,0.6.7-draft,mqtt,mqtt,40.52,35.15,5.981,6.672,-0.119,0.011,0.057,-0.247,10.421,9.633,-0.0687,0.03,0.037,0.0568,-0.0073,-0.0055,27.01,27.24,15182,18942,1.898,2.368,5.693,7.103,380,380,38,38,24,23,4,4,-0.32619139,-0.32548953,-0.32619139,-0.32548953,-0.47981178,-0.48678831,-0.47981178,-0.48678831,0.51090238,0.50582735,-0.02142413,-0.021502,-0.04264243,-0.04264726,9.80635,9.80635,0.41319142,0.41345099,0.6,0.6,,,,,1,0,0
2026-09-28T21:47:26.652731+09:00,75424370,dccd50fe,2026-09-28T21:47:26.652731+09:00,2026-09-28T21:47:26.737414+09:00,rail-left-01,rail-right-01,0.6.7-draft,0.6.7-draft,mqtt,mqtt,40.52,35.15,5.981,6.671,-0.115,0.012,0.072,-0.232,10.441,9.682,-0.0657,0.0313,0.0377,0.0558,-0.0081,-0.0073,26.97,27.22,15173,18939,1.897,2.367,5.69,7.102,381,381,39,39,24,23,4,4,-0.32687528,-0.34325663,-0.32687528,-0.34325663,-0.48745345,-0.49382104,-0.48745345,-0.49382104,0.50533772,0.50064022,-0.02150953,-0.02158083,-0.0426475,-0.04264839,9.80635,9.80635,0.41347608,0.41371375,0.6,0.6,,,,,1,0,0
2026-09-28T21:47:26.672900+09:00,75444539,dccd50fe,2026-09-28T21:47:26.672900+09:00,2026-09-28T21:47:26.757583+09:00,rail-left-01,rail-right-01,0.6.7-draft,0.6.7-draft,mqtt,mqtt,40.52,35.15,5.981,6.671,-0.127,0.005,0.12,-0.239,10.41,9.637,-0.0659,0.0313,0.037,0.0545,-0.0085,-0.0049,26.96,27.25,15183,18939,1.898,2.367,5.694,7.102,382,382,39,39,24,23,4,4,-0.32838643,-0.34269777,-0.32838643,-0.34269777,-0.48811378,-0.49442921,-0.48811378,-0.49442921,0.50485162,0.50018743,-0.02151699,-0.02158768,-0.04264773,-0.04264828,9.80635,9.80635,0.41350095,0.41373659,0.6,0.6,,,,,1,0,0
2026-09-28T21:47:26.692879+09:00,75464518,dccd50fe,2026-09-28T21:47:26.692879+09:00,2026-09-28T21:47:26.777562+09:00,rail-left-01,rail-right-01,0.6.7-draft,0.6.7-draft,mqtt,mqtt,40.52,35.15,5.981,6.671,-0.066,-0.022,0.071,-0.253,10.426,9.679,-0.0658,0.0312,0.037,0.056,-0.0085,-0.0059,26.98,27.27,15188,18939,1.899,2.367,5.696,7.102,383,383,39,39,24,23,4,4,-0.32999108,-0.34240875,-0.32999108,-0.34240875,-0.48876937,-0.49503316,-0.48876937,-0.49503316,0.50436902,0.49973778,-0.02152439,-0.02159448,-0.04264796,-0.04264817,9.80635,9.80635,0.4135256,0.41375925,0.6,0.6,,,,,1,0,0
2026-09-28T21:47:26.712877+09:00,75484516,dccd50fe,2026-09-28T21:47:26.712877+09:00,2026-09-28T21:47:26.797560+09:00,rail-left-01,rail-right-01,0.6.7-draft,0.6.7-draft,mqtt,mqtt,40.52,35.15,5.981,6.671,-0.115,0.004,0.095,-0.238,10.445,9.722,-0.0652,0.0318,0.0378,0.0557,-0.0076,-0.0043,26.97,27.23,15188,18939,1.899,2.367,5.696,7.102,384,384,39,39,24,23,4,4,-0.33170516,-0.34186386,-0.33170516,-0.34186386,-0.48942026,-0.49563293,-0.48942026,-0.49563293,0.50388989,0.49929124,-0.02153172,-0.02160122,-0.04264819,-0.04264806,9.80635,9.80635,0.41355004,0.41378172,0.6,0.6,,,,,1,0,0
2026-09-28T21:47:26.732966+09:00,75504605,dccd50fe,2026-09-28T21:47:26.732966+09:00,2026-09-28T21:47:26.817649+09:00,rail-left-01,rail-right-01,0.6.7-draft,0.6.7-draft,mqtt,mqtt,40.52,35.15,5.982,6.67,-0.092,0.006,0.107,-0.277,10.402,9.711,-0.0663,0.032,0.0361,0.057,-0.0076,-0.0055,26.97,27.24,15185,18940,1.898,2.368,5.694,7.102,385,385,39,39,24,23,4,4,-0.33351103,-0.34130344,-0.33351103,-0.34130344,-0.49006292,-0.49622511,-0.49006292,-0.49622511,0.50341595,0.49884607,-0.0215389,-0.02160799,-0.04264824,-0.04264778,9.80635,9.80635,0.41357399,0.41380427,0.6,0.6,,,,,1,0,0
2026-09-28T21:47:26.753136+09:00,75524775,dccd50fe,2026-09-28T21:47:26.753136+09:00,2026-09-28T21:47:26.837819+09:00,rail-left-01,rail-right-01,0.6.7-draft,0.6.7-draft,mqtt,mqtt,40.52,35.15,5.982,6.67,-0.097,-0.011,0.061,-0.269,10.427,9.674,-0.0674,0.0316,0.0378,0.0561,-0.0076,-0.0047,26.97,27.25,15186,18938,1.898,2.367,5.695,7.102,386,386,39,39,24,23,4,4,-0.33540938,-0.34091461,-0.33540938,-0.34091461,-0.49070101,-0.49681323,-0.49070101,-0.49681323,0.5029454,0.49840395,-0.02154603,-0.0216147,-0.0426483,-0.04264751,9.80635,9.80635,0.41359773,0.41382665,0.6,0.6,,,,,1,0,0
2026-09-28T21:47:26.772858+09:00,75544497,dccd50fe,2026-09-28T21:47:26.772858+09:00,2026-09-28T21:47:26.857541+09:00,rail-left-01,rail-right-01,0.6.7-draft,0.6.7-draft,mqtt,mqtt,40.52,35.15,5.982,6.67,-0.135,0.0,0.065,-0.248,10.412,9.714,-0.0658,0.0308,0.0386,0.0565,-0.0092,-0.0049,26.98,27.26,15187,18940,1.898,2.368,5.695,7.102,387,387,39,39,24,23,4,4,-0.33740918,-0.34041968,-0.33740918,-0.34041968,-0.49133458,-0.49739731,-0.49133458,-0.49739731,0.50247818,0.49796485,-0.02155309,-0.02162136,-0.04264835,-0.04264724,9.80635,9.80635,0.41362128,0.41384884,0.6,0.6,,,,,1,0,0
2026-09-28T21:47:26.792896+09:00,75564535,dccd50fe,2026-09-28T21:47:26.792896+09:00,2026-09-28T21:47:26.877579+09:00,rail-left-01,rail-right-01,0.6.7-draft,0.6.7-draft,mqtt,mqtt,40.52,35.15,5.982,6.67,-0.114,-0.002,0.085,-0.257,10.435,9.677,-0.0673,0.0321,0.0377,0.056,-0.0087,-0.0065,26.97,27.26,15186,18939,1.898,2.367,5.695,7.102,388,388,39,39,24,23,4,4,-0.33949674,-0.33994882,-0.33949674,-0.33994882,-0.49196367,-0.49797741,-0.49196367,-0.49797741,0.50201426,0.49752876,-0.02156009,-0.02162796,-0.0426484,-0.04264697,9.80635,9.80635,0.41364462,0.41387084,0.6,0.6,,,,,1,0,0
2026-09-28T21:47:26.812902+09:00,75584541,dccd50fe,2026-09-28T21:47:26.812902+09:00,2026-09-28T21:47:26.897585+09:00,rail-left-01,rail-right-01,0.6.7-draft,0.6.7-draft,mqtt,mqtt,40.52,35.15,5.982,6.67,-0.11,0.02,0.073,-0.263,10.386,9.677,-0.0655,0.0322,0.0368,0.0548,-0.0092,-0.0053,26.98,27.23,15184,18940,1.898,2.368,5.694,7.102,389,389,39,39,24,23,4,4,-0.34166387,-0.33926778,-0.34166387,-0.33926778,-0.49258832,-0.49855357,-0.49258832,-0.49855357,0.50155361,0.49709563,-0.02156704,-0.02163451,-0.04264846,-0.0426467,9.80635,9.80635,0.41366776,0.41389268,0.6,0.6,,,,,1,0,0
2026-09-28T21:47:26.833198+09:00,75604837,dccd50fe,2026-09-28T21:47:26.833198+09:00,2026-09-28T21:47:26.917881+09:00,rail-left-01,rail-right-01,0.6.7-draft,0.6.7-draft,mqtt,mqtt,40.52,35.15,5.982,6.67,-0.069,0.042,0.102,-0.238,10.416,9.685,-0.0657,0.0308,0.0366,0.0572,-0.0083,-0.006,26.99,27.23,15183,18939,1.898,2.367,5.694,7.102,390,390,39,39,24,23,4,4,-0.34389088,-0.33837861,-0.34389088,-0.33837861,-0.4932086,-0.49912581,-0.4932086,-0.49912581,0.50109619,0.49666544,-0.02157392,-0.02164101,-0.04264851,-0.04264644,9.80635,9.80635,0.41369071,0.41391433,0.6,0.6,,,,,1,0,0
2026-09-28T21:47:27.018488+09:00,75819428,dccd50fe,2026-09-28T21:47:27.018488+09:00,2026-09-28T21:47:27.108380+09:00,rail-left-01,rail-right-01,0.6.7-draft,0.6.7-draft,mqtt,mqtt,40.52,35.15,5.982,6.67,-0.117,0.002,0.066,-0.247,10.444,9.708,-0.0663,0.0314,0.0377,0.0562,-0.0085,-0.0055,26.97,27.26,15183,18940,1.898,2.368,5.694,7.102,391,391,40,40,24,23,4,4,-0.33886184,-0.34865765,-0.33886184,-0.34865765,-0.4996942,-0.50513447,-0.4996942,-0.50513447,0.49623816,0.49213852,-0.02164745,-0.02170823,-0.04264618,-0.04264182,9.80635,9.80635,0.41393581,0.41413843,0.6,0.6,,,,,1,0,0
2026-09-28T21:47:27.038783+09:00,75839723,dccd50fe,2026-09-28T21:47:27.038783+09:00,2026-09-28T21:47:27.128675+09:00,rail-left-01,rail-right-01,0.6.7-draft,0.6.7-draft,mqtt,mqtt,40.52,35.15,5.983,6.669,-0.115,-0.025,0.084,-0.261,10.478,9.687,-0.0673,0.0326,0.0366,0.056,-0.0091,-0.0051,26.99,27.27,15187,18940,1.898,2.368,5.695,7.102,392,392,40,40,24,23,4,4,-0.33948229,-0.34898738,-0.33948229,-0.34898738,-0.50025538,-0.50565314,-0.50025538,-0.50565314,0.49581543,0.49174291,-0.02165376,-0.02171407,-0.04264576,-0.04264113,9.80635,9.80635,0.41395686,0.41415788,0.6,0.6,,,,,1,0,0
2026-09-28T21:47:27.058671+09:00,75859611,dccd50fe,2026-09-28T21:47:27.058671+09:00,2026-09-28T21:47:27.148562+09:00,rail-left-01,rail-right-01,0.6.7-draft,0.6.7-draft,mqtt,mqtt,40.52,35.15,5.983,6.669,-0.119,-0.004,0.071,-0.263,10.432,9.716,-0.0661,0.0309,0.0385,0.0556,-0.0092,-0.0051,26.97,27.23,15188,18938,1.899,2.367,5.696,7.102,393,393,40,40,24,23,4,4,-0.34023555,-0.34911901,-0.34023555,-0.34911901,-0.5008128,-0.50616844,-0.5008128,-0.50616844,0.49539554,0.49134988,-0.02166003,-0.02171986,-0.04264534,-0.04264044,9.80635,9.80635,0.41397773,0.41417719,0.6,0.6,,,,,1,0,0
2026-09-28T21:47:27.078502+09:00,75879442,dccd50fe,2026-09-28T21:47:27.078502+09:00,2026-09-28T21:47:27.168393+09:00,rail-left-01,rail-right-01,0.6.7-draft,0.6.7-draft,mqtt,mqtt,40.52,35.15,5.983,6.669,-0.096,-0.007,0.077,-0.255,10.478,9.714,-0.0667,0.0324,0.0366,0.0566,-0.0091,-0.0047,26.99,27.27,15191,18940,1.899,2.368,5.697,7.102,394,394,40,40,24,23,4,4,-0.34110282,-0.34927751,-0.34110282,-0.34927751,-0.50136649,-0.50668041,-0.50136649,-0.50668041,0.49497847,0.4909594,-0.02166624,-0.02172561,-0.04264493,-0.04263976,9.80635,9.80635,0.41399844,0.41419635,0.6,0.6,,,,,1,0,0
2026-09-28T21:47:27.099113+09:00,75900053,dccd50fe,2026-09-28T21:47:27.099113+09:00,2026-09-28T21:47:27.189004+09:00,rail-left-01,rail-right-01,0.6.7-draft,0.6.7-draft,mqtt,mqtt,40.52,35.15,5.983,6.669,-0.111,-0.007,0.066,-0.277,10.436,9.655,-0.0662,0.0304,0.0361,0.0558,-0.0088,-0.0051,27.0,27.24,15193,18939,1.899,2.367,5.697,7.102,395,395,40,40,24,23,4,4,-0.34208748,-0.34943877,-0.34208748,-0.34943877,-0.50191649,-0.50718907,-0.50191649,-0.50718907,0.49456417,0.49057143,-0.0216724,-0.02173132,-0.04264452,-0.04263909,9.80635,9.80635,0.41401899,0.41421536,0.6,0.6,,,,,1,0,0
2026-09-28T21:47:27.119291+09:00,75920231,dccd50fe,2026-09-28T21:47:27.119291+09:00,2026-09-28T21:47:27.209182+09:00,rail-left-01,rail-right-01,0.6.7-draft,0.6.7-draft,mqtt,mqtt,40.52,35.15,5.983,6.669,-0.105,0.02,0.078,-0.261,10.41,9.661,-0.0649,0.0313,0.0366,0.0561,-0.0091,-0.0069,27.0,27.25,15188,18939,1.899,2.367,5.696,7.102,396,396,40,40,24,23,4,4,-0.34317987,-0.34935109,-0.34317987,-0.34935109,-0.50246284,-0.50769447,-0.50246284,-0.50769447,0.49415262,0.49018595,-0.02167852,-0.02173698,-0.04264412,-0.04263841,9.80635,9.80635,0.41403937,0.41423423,0.6,0.6,,,,,1,0,0
2026-09-28T21:47:27.138513+09:00,75939453,dccd50fe,2026-09-28T21:47:27.138513+09:00,2026-09-28T21:47:27.228404+09:00,rail-left-01,rail-right-01,0.6.7-draft,0.6.7-draft,mqtt,mqtt,40.52,35.15,5.983,6.669,-0.15,0.018,0.077,-0.249,10.392,9.697,-0.0659,0.0298,0.0376,0.055,-0.0077,-0.0057,26.96,27.24,15192,18940,1.899,2.368,5.697,7.102,397,397,40,40,24,23,4,4,-0.34438702,-0.34928038,-0.34438702,-0.34928038,-0.50300557,-0.50819662,-0.50300557,-0.50819662,0.4937438,0.48980295,-0.02168459,-0.0217426,-0.04264371,-0.04263775,9.80635,9.80635,0.4140596,0.41425296,0.6,0.6,,,,,1,0,0
2026-09-28T21:47:27.158529+09:00,75959469,dccd50fe,2026-09-28T21:47:27.158529+09:00,2026-09-28T21:47:27.248420+09:00,rail-left-01,rail-right-01,0.6.7-draft,0.6.7-draft,mqtt,mqtt,40.52,35.15,5.983,6.669,-0.086,0.011,0.116,-0.274,10.447,9.697,-0.0673,0.0318,0.0366,0.0578,-0.0088,-0.0048,26.99,27.26,15191,18940,1.899,2.368,5.697,7.102,398,398,40,40,24,23,4,4,-0.34568289,-0.34927376,-0.34568289,-0.34927376,-0.50354471,-0.50869557,-0.50354471,-0.50869557,0.49333768,0.4894224,-0.02169061,-0.02174817,-0.04264331,-0.04263709,9.80635,9.80635,0.41407967,0.41427155,0.6,0.6,,,,,1,0,0
2026-09-28T21:47:27.178533+09:00,75979473,dccd50fe,2026-09-28T21:47:27.178533+09:00,2026-09-28T21:47:27.268424+09:00,rail-left-01,rail-right-01,0.6.7-draft,0.6.7-draft,mqtt,mqtt,40.52,35.15,5.983,6.669,-0.13,-0.002,0.074,-0.262,10.394,9.68,-0.0659,0.0308,0.0382,0.056,-0.0092,-0.0053,26.97,27.24,15187,18939,1.898,2.367,5.695,7.102,399,399,40,40,24,23,4,4,-0.34708166,-0.34938604,-0.34708166,-0.34938604,-0.50408031,-0.50919133,-0.50408031,-0.50919133,0.49293423,0.48904426,-0.02169658,-0.02175371,-0.04264292,-0.04263643,9.80635,9.80635,0.41409958,0.41429,0.6,0.6,,,,,1,0,0
2026-09-28T21:47:27.198718+09:00,75999658,dccd50fe,2026-09-28T21:47:27.198718+09:00,2026-09-28T21:47:27.288610+09:00,rail-left-01,rail-right-01,0.6.7-draft,0.6.7-draft,mqtt,mqtt,40.52,35.15,5.984,6.669,-0.133,0.001,0.079,-0.257,10.435,9.665,-0.0657,0.0313,0.0377,0.0566,-0.0085,-0.0063,26.98,27.24,15188,18940,1.899,2.368,5.696,7.102,400,400,40,40,24,23,4,4,-0.34857909,-0.34947137,-0.34857909,-0.34947137,-0.50460912,-0.50968395,-0.50460912,-0.50968395,0.49253507,0.48866853,-0.02170243,-0.0217592,-0.04264237,-0.04263578,9.80635,9.80635,0.41411908,0.41430831,0.6,0.6,,,,,1,0,0
2026-09-28T21:47:27.416632+09:00,76216411,dccd50fe,2026-09-28T21:47:27.416632+09:00,2026-09-28T21:47:27.493739+09:00,rail-left-01,rail-right-01,0.6.7-draft,0.6.7-draft,mqtt,mqtt,40.52,35.15,5.983,6.669,-0.152,0.017,0.072,-0.281,10.436,9.692,-0.0666,0.0306,0.0394,0.0584,-0.0079,-0.0073,26.99,27.26,15181,18938,1.898,2.367,5.693,7.102,401,401,41,41,24,23,4,4,-0.35092903,-0.36711459,-0.35092903,-0.36711459,-0.51017662,-0.51490637,-0.51017662,-0.51490637,0.4882936,0.4846861,-0.02176473,-0.0218171,-0.04263528,-0.04262906,9.80635,9.80635,0.41432673,0.4145013,0.6,0.6,,,,,1,0,0
2026-09-28T21:47:27.436783+09:00,76236561,dccd50fe,2026-09-28T21:47:27.436783+09:00,2026-09-28T21:47:27.513889+09:00,rail-left-01,rail-right-01,0.6.7-draft,0.6.7-draft,mqtt,mqtt,40.52,35.15,5.984,6.669,-0.109,0.012,0.102,-0.237,10.446,9.698,-0.0658,0.0313,0.037,0.0557,-0.0087,-0.0056,26.97,27.26,15193,18940,1.899,2.368,5.697,7.102,402,402,41,41,24,23,4,4,-0.35247994,-0.36659194,-0.35247994,-0.36659194,-0.51066302,-0.51536343,-0.51066302,-0.51536343,0.48792261,0.48433749,-0.02177014,-0.02182213,-0.04263463,-0.04262846,9.80635,9.80635,0.41434477,0.41451807,0.6,0.6,,,,,1,0,0
2026-09-28T21:47:27.456669+09:00,76256447,dccd50fe,2026-09-28T21:47:27.456669+09:00,2026-09-28T21:47:27.533775+09:00,rail-left-01,rail-right-01,0.6.7-draft,0.6.7-draft,mqtt,mqtt,40.52,35.15,5.984,6.669,-0.078,0.025,0.101,-0.263,10.429,9.718,-0.0674,0.0318,0.0374,0.0572,-0.0083,-0.0068,26.97,27.24,15192,18938,1.899,2.367,5.697,7.102,403,403,41,41,24,23,4,4,-0.35410812,-0.36595929,-0.35410812,-0.36595929,-0.51114637,-0.51581771,-0.51114637,-0.51581771,0.48755395,0.483991,-0.02177551,-0.02182712,-0.042634,-0.04262786,9.80635,9.80635,0.41436267,0.41453473,0.6,0.6,,,,,1,0,0
2026-09-28T21:47:27.476669+09:00,76276448,dccd50fe,2026-09-28T21:47:27.476669+09:00,2026-09-28T21:47:27.553776+09:00,rail-left-01,rail-right-01,0.6.7-draft,0.6.7-draft,mqtt,mqtt,40.52,35.15,5.984,6.669,-0.127,-0.006,0.06,-0.267,10.451,9.67,-0.0657,0.0318,0.0381,0.0564,-0.0083,-0.0056,26.99,27.25,15191,18939,1.899,2.367,5.697,7.102,404,404,41,41,24,23,4,4,-0.35582798,-0.36559995,-0.35582798,-0.36559995,-0.51162668,-0.51626923,-0.51162668,-0.51626923,0.4871876,0.48364662,-0.02178084,-0.02183208,-0.04263336,-0.04262728,9.80635,9.80635,0.41438045,0.41455126,0.6,0.6,,,,,1,0,0
2026-09-28T21:47:27.496914+09:00,76296693,dccd50fe,2026-09-28T21:47:27.496914+09:00,2026-09-28T21:47:27.574021+09:00,rail-left-01,rail-right-01,0.6.7-draft,0.6.7-draft,mqtt,mqtt,40.52,35.15,5.984,6.669,-0.086,-0.006,0.141,-0.28,10.447,9.671,-0.0658,0.0294,0.0382,0.0556,-0.0077,-0.0065,26.98,27.26,15188,18939,1.899,2.367,5.696,7.102,405,405,41,41,24,23,4,4,-0.3576219,-0.36524275,-0.3576219,-0.36524275,-0.51210399,-0.51671801,-0.51210399,-0.51671801,0.48682354,0.48330432,-0.02178613,-0.02183701,-0.04263273,-0.04262669,9.80635,9.80635,0.41439809,0.41456768,0.6,0.6,,,,,1,0,0
2026-09-28T21:47:27.517095+09:00,76316873,dccd50fe,2026-09-28T21:47:27.517095+09:00,2026-09-28T21:47:27.594201+09:00,rail-left-01,rail-right-01,0.6.7-draft,0.6.7-draft,mqtt,mqtt,40.52,35.15,5.984,6.669,-0.114,0.017,0.092,-0.256,10.447,9.68,-0.0662,0.0325,0.0365,0.0561,-0.0076,-0.0052,26.99,27.23,15187,18939,1.898,2.367,5.695,7.102,406,406,41,41,24,23,4,4,-0.35949233,-0.36468961,-0.35949233,-0.36468961,-0.51257833,-0.51716408,-0.51257833,-0.51716408,0.48646175,0.48296409,-0.02179139,-0.0218419,-0.04263211,-0.04262611,9.80635,9.80635,0.41441561,0.41458398,0.6,0.6,,,,,1,0,0
2026-09-28T21:47:27.536861+09:00,76336640,dccd50fe,2026-09-28T21:47:27.536861+09:00,2026-09-28T21:47:27.613968+09:00,rail-left-01,rail-right-01,0.6.7-draft,0.6.7-draft,mqtt,mqtt,40.52,35.15,5.984,6.669,-0.133,-0.007,0.063,-0.26,10.42,9.669,-0.0661,0.0314,0.0373,0.056,-0.0089,-0.0057,26.99,27.24,15191,18938,1.899,2.367,5.697,7.102,407,407,41,41,24,23,4,4,-0.36144132,-0.36434595,-0.36144132,-0.36434595,-0.51304972,-0.51760746,-0.51304972,-0.51760746,0.48610221,0.48262592,-0.02179661,-0.02184676,-0.04263149,-0.04262553,9.80635,9.80635,0.41443299,0.41460017,0.6,0.6,,,,,1,0,0
2026-09-28T21:47:27.556683+09:00,76356461,dccd50fe,2026-09-28T21:47:27.556683+09:00,2026-09-28T21:47:27.633789+09:00,rail-left-01,rail-right-01,0.6.7-draft,0.6.7-draft,mqtt,mqtt,40.52,35.15,5.984,6.669,-0.111,0.041,0.097,-0.274,10.438,9.651,-0.0659,0.0317,0.0381,0.0569,-0.0076,-0.0057,26.98,27.25,15194,18938,1.899,2.367,5.698,7.102,408,408,41,41,24,23,4,4,-0.36345887,-0.36359419,-0.36345887,-0.36359419,-0.5135182,-0.51804817,-0.5135182,-0.51804817,0.4857449,0.48228977,-0.02180178,-0.02185158,-0.04263088,-0.04262496,9.80635,9.80635,0.41445026,0.41461624,0.6,0.6,,,,,1,0,0
2026-09-28T21:47:27.576813+09:00,76376591,dccd50fe,2026-09-28T21:47:27.576813+09:00,2026-09-28T21:47:27.653919+09:00,rail-left-01,rail-right-01,0.6.7-draft,0.6.7-draft,mqtt,mqtt,40.52,35.15,5.984,6.668,-0.124,0.006,0.08,-0.255,10.398,9.7,-0.0673,0.0317,0.0372,0.0545,-0.0085,-0.0052,26.99,27.25,15192,18938,1.899,2.367,5.697,7.102,409,409,41,41,24,23,4,4,-0.36554539,-0.36314405,-0.36554539,-0.36314405,-0.51398378,-0.51848326,-0.51398378,-0.51848326,0.48538979,0.48195414,-0.02180692,-0.02185644,-0.04263026,-0.04262425,9.80635,9.80635,0.41446739,0.41463244,0.6,0.6,,,,,1,0,0
2026-09-28T21:47:27.597420+09:00,76397198,dccd50fe,2026-09-28T21:47:27.597420+09:00,2026-09-28T21:47:27.674526+09:00,rail-left-01,rail-right-01,0.6.7-draft,0.6.7-draft,mqtt,mqtt,40.52,35.15,5.984,6.668,-0.081,-0.001,0.123,-0.274,10.451,9.681,-0.0662,0.0316,0.0373,0.0562,-0.0083,-0.0061,26.98,27.25,15191,18938,1.899,2.367,5.697,7.102,410,410,41,41,24,23,4,4,-0.36768403,-0.36275667,-0.36768403,-0.36275667,-0.51444649,-0.51891575,-0.51444649,-0.51891575,0.48503686,0.48162051,-0.02181203,-0.02186126,-0.04262966,-0.04262355,9.80635,9.80635,0.41448441,0.41464852,0.6,0.6,,,,,1,0,0
2026-09-28T21:47:27.726021+09:00,76577415,dccd50fe,2026-09-28T21:47:27.726021+09:00,2026-09-28T21:47:27.767751+09:00,rail-left-01,rail-right-01,0.6.7-draft,0.6.7-draft,mqtt,mqtt,40.52,35.15,5.984,6.668,-0.116,0.006,0.084,-0.263,10.43,9.68,-0.0667,0.0308,0.0368,0.0546,-0.0092,-0.0056,26.98,27.23,15183,18939,1.898,2.367,5.694,7.102,411,411,42,42,24,23,4,4,-0.36324356,-0.37261739,-0.36324356,-0.37261739,-0.51934566,-0.52350811,-0.51934566,-0.52350811,0.48128887,0.4780779,-0.02186605,-0.0219122,-0.04262285,-0.04261613,9.80635,9.80635,0.41466449,0.41481832,0.6,0.6,,,,,1,0,0
2026-09-28T21:47:27.746240+09:00,76597634,dccd50fe,2026-09-28T21:47:27.746240+09:00,2026-09-28T21:47:27.787970+09:00,rail-left-01,rail-right-01,0.6.7-draft,0.6.7-draft,mqtt,mqtt,40.52,35.15,5.984,6.668,-0.113,0.011,0.092,-0.247,10.422,9.689,-0.0666,0.0321,0.0369,0.0572,-0.0095,-0.0067,26.99,27.26,15187,18940,1.898,2.368,5.695,7.102,412,412,42,42,24,23,4,4,-0.36385813,-0.37250277,-0.36385813,-0.37250277,-0.51977302,-0.52391116,-0.51977302,-0.52391116,0.4809592,0.47776698,-0.02187081,-0.02191665,-0.04262216,-0.04261548,9.80635,9.80635,0.41468035,0.41483314,0.6,0.6,,,,,1,0,0
2026-09-28T21:47:27.766118+09:00,76617513,dccd50fe,2026-09-28T21:47:27.766118+09:00,2026-09-28T21:47:27.807849+09:00,rail-left-01,rail-right-01,0.6.7-draft,0.6.7-draft,mqtt,mqtt,40.52,35.15,5.984,6.668,-0.119,0.03,0.102,-0.244,10.439,9.686,-0.0659,0.031,0.0389,0.0545,-0.008,-0.0059,26.98,27.24,15188,18938,1.899,2.367,5.696,7.102,413,413,42,42,24,23,4,4,-0.36459729,-0.37223362,-0.36459729,-0.37223362,-0.52019785,-0.52431189,-0.52019785,-0.52431189,0.48063148,0.47745785,-0.02187554,-0.02192106,-0.04262147,-0.04261484,9.80635,9.80635,0.4146961,0.41484786,0.6,0.6,,,,,1,0,0
2026-09-28T21:47:27.786138+09:00,76637532,dccd50fe,2026-09-28T21:47:27.786138+09:00,2026-09-28T21:47:27.827868+09:00,rail-left-01,rail-right-01,0.6.7-draft,0.6.7-draft,mqtt,mqtt,40.52,35.15,5.984,6.668,-0.115,0.03,0.091,-0.271,10.463,9.691,-0.0653,0.0316,0.0381,0.0558,-0.0077,-0.0065,26.95,27.25,15192,18938,1.899,2.367,5.697,7.102,414,414,42,42,24,23,4,4,-0.36545327,-0.37196581,-0.36545327,-0.37196581,-0.52062018,-0.52471033,-0.52062018,-0.52471033,0.48030569,0.47715049,-0.02188023,-0.02192545,-0.04262079,-0.0426142,9.80635,9.80635,0.41471174,0.41486248,0.6,0.6,,,,,1,0,0
2026-09-28T21:47:27.806152+09:00,76657546,dccd50fe,2026-09-28T21:47:27.806152+09:00,2026-09-28T21:47:27.847882+09:00,rail-left-01,rail-right-01,0.6.7-draft,0.6.7-draft,mqtt,mqtt,40.52,35.15,5.984,6.668,-0.119,-0.005,0.083,-0.263,10.39,9.71,-0.0667,0.0317,0.037,0.0558,-0.0092,-0.0051,26.98,27.25,15193,18939,1.899,2.367,5.697,7.102,415,415,42,42,24,23,4,4,-0.36641999,-0.37198296,-0.36641999,-0.37198296,-0.52104002,-0.52510649,-0.52104002,-0.52510649,0.47998182,0.47684488,-0.02188489,-0.02192981,-0.04262011,-0.04261356,9.80635,9.80635,0.41472728,0.41487701,0.6,0.6,,,,,1,0,0
2026-09-28T21:47:27.826100+09:00,76677494,dccd50fe,2026-09-28T21:47:27.826100+09:00,2026-09-28T21:47:27.867830+09:00,rail-left-01,rail-right-01,0.6.7-draft,0.6.7-draft,mqtt,mqtt,40.52,35.15,5.984,6.668,-0.071,0.012,0.062,-0.227,10.404,9.651,-0.0669,0.0312,0.0381,0.0577,-0.008,-0.0048,26.97,27.27,15188,18938,1.899,2.367,5.696,7.102,416,416,42,42,24,23,4,4,-0.36747801,-0.37186513,-0.36747801,-0.37186513,-0.5214574,-0.5255004,-0.5214574,-0.5255004,0.47965984,0.47654102,-0.02188952,-0.02193414,-0.04261943,-0.04261293,9.80635,9.80635,0.41474271,0.41489144,0.6,0.6,,,,,1,0,0
2026-09-28T21:47:27.846142+09:00,76697537,dccd50fe,2026-09-28T21:47:27.846142+09:00,2026-09-28T21:47:27.887873+09:00,rail-left-01,rail-right-01,0.6.7-draft,0.6.7-draft,mqtt,mqtt,40.52,35.15,5.984,6.668,-0.113,0.017,0.053,-0.236,10.415,9.697,-0.0655,0.0316,0.0384,0.0545,-0.0085,-0.0055,27.0,27.24,15193,18938,1.899,2.367,5.697,7.102,417,417,42,42,24,23,4,4,-0.36863724,-0.37170544,-0.36863724,-0.37170544,-0.52187234,-0.52589206,-0.52187234,-0.52589206,0.47933975,0.47623888,-0.02189412,-0.02193844,-0.04261876,-0.04261231,9.80635,9.80635,0.41475804,0.41490578,0.6,0.6,,,,,1,0,0
2026-09-28T21:47:27.866162+09:00,76717557,dccd50fe,2026-09-28T21:47:27.866162+09:00,2026-09-28T21:47:27.907893+09:00,rail-left-01,rail-right-01,0.6.7-draft,0.6.7-draft,mqtt,mqtt,40.52,35.15,5.984,6.668,-0.132,-0.023,0.069,-0.242,10.459,9.667,-0.0677,0.0308,0.0372,0.0572,-0.0081,-0.0056,26.96,27.26,15188,18938,1.899,2.367,5.696,7.102,418,418,42,42,24,23,4,4,-0.36989658,-0.37187069,-0.36989658,-0.37187069,-0.52228486,-0.52628151,-0.52228486,-0.52628151,0.47902153,0.47593846,-0.02189868,-0.02194271,-0.0426181,-0.04261168,9.80635,9.80635,0.41477326,0.41492002,0.6,0.6,,,,,1,0,0
2026-09-28T21:47:27.886182+09:00,76737577,dccd50fe,2026-09-28T21:47:27.886182+09:00,2026-09-28T21:47:27.927913+09:00,rail-left-01,rail-right-01,0.6.7-draft,0.6.7-draft,mqtt,mqtt,40.52,35.15,5.984,6.668,-0.122,0.008,0.117,-0.253,10.433,9.661,-0.065,0.0313,0.038,0.0556,-0.0075,-0.0041,27.0,27.25,15189,18938,1.899,2.367,5.696,7.102,419,419,42,42,24,23,4,4,-0.37124923,-0.3717859,-0.37124923,-0.3717859,-0.52269498,-0.52666875,-0.52269498,-0.52666875,0.47870516,0.47563973,-0.02190322,-0.02194696,-0.04261744,-0.04261107,9.80635,9.80635,0.41478838,0.41493417,0.6,0.6,,,,,1,0,0
2026-09-28T21:47:27.906248+09:00,76757642,dccd50fe,2026-09-28T21:47:27.906248+09:00,2026-09-28T21:47:27.947978+09:00,rail-left-01,rail-right-01,0.6.7-draft,0.6.7-draft,mqtt,mqtt,40.52,35.15,5.984,6.668,-0.128,0.007,0.093,-0.271,10.451,9.663,-0.0662,0.0308,0.037,0.0554,-0.0084,-0.0075,26.97,27.26,15186,18938,1.898,2.367,5.695,7.102,420,420,42,42,24,23,4,4,-0.37269099,-0.37170952,-0.37269099,-0.37170952,-0.52310272,-0.52705382,-0.52310272,-0.52705382,0.47839062,0.47534269,-0.02190773,-0.02195118,-0.04261678,-0.04261045,9.80635,9.80635,0.4148034,0.41494823,0.6,0.6,,,,,1,0,0
2026-09-28T21:47:28.055548+09:00,76850431,dccd50fe,2026-09-28T21:47:28.055548+09:00,2026-09-28T21:47:28.137684+09:00,rail-left-01,rail-right-01,0.6.7-draft,0.6.7-draft,mqtt,mqtt,40.52,35.15,5.984,6.668,-0.091,0.0,0.057,-0.261,10.417,9.706,-0.065,0.0306,0.0376,0.0546,-0.0073,-0.0052,26.98,27.25,15185,18939,1.898,2.367,5.694,7.102,421,421,43,43,24,23,4,4,-0.37242618,-0.38286864,-0.37242618,-0.38286864,-0.52743672,-0.53115065,-0.52743672,-0.53115065,0.47504731,0.47218234,-0.02195537,-0.02199583,-0.04260984,-0.04260395,9.80635,9.80635,0.4149622,0.41509706,0.6,0.6,,,,,1,0,0
2026-09-28T21:47:28.075601+09:00,76870484,dccd50fe,2026-09-28T21:47:28.075601+09:00,2026-09-28T21:47:28.157737+09:00,rail-left-01,rail-right-01,0.6.7-draft,0.6.7-draft,mqtt,mqtt,40.52,35.15,5.984,6.668,-0.087,0.019,0.077,-0.259,10.429,9.706,-0.0657,0.031,0.0362,0.0572,-0.0083,-0.0048,26.97,27.24,15187,18937,1.898,2.367,5.695,7.101,422,422,43,43,24,23,4,4,-0.37323747,-0.38260848,-0.37323747,-0.38260848,-0.52781747,-0.53151091,-0.52781747,-0.53151091,0.47475359,0.47190443,-0.02195953,-0.02199973,-0.04260923,-0.04260338,9.80635,9.80635,0.41497608,0.41511008,0.6,0.6,,,,,1,0,0
2026-09-28T21:47:28.095627+09:00,76890510,dccd50fe,2026-09-28T21:47:28.095627+09:00,2026-09-28T21:47:28.177763+09:00,rail-left-01,rail-right-01,0.6.7-draft,0.6.7-draft,mqtt,mqtt,40.52,35.15,5.984,6.668,-0.079,0.008,0.092,-0.255,10.405,9.689,-0.0674,0.0309,0.038,0.0557,-0.0088,-0.0055,26.99,27.26,15189,18938,1.899,2.367,5.696,7.102,423,423,43,43,24,23,4,4,-0.37413904,-0.38243551,-0.37413904,-0.38243551,-0.5281961,-0.53186921,-0.5281961,-0.53186921,0.47446151,0.47162803,-0.02196367,-0.02200361,-0.04260863,-0.04260281,9.80635,9.80635,0.41498986,0.41512303,0.6,0.6,,,,,1,0,0
2026-09-28T21:47:28.115585+09:00,76910468,dccd50fe,2026-09-28T21:47:28.115585+09:00,2026-09-28T21:47:28.197721+09:00,rail-left-01,rail-right-01,0.6.7-draft,0.6.7-draft,mqtt,mqtt,40.52,35.15,5.984,6.668,-0.114,0.013,0.087,-0.279,10.436,9.677,-0.0652,0.0321,0.0377,0.0577,-0.0097,-0.0069,26.98,27.25,15192,18939,1.899,2.367,5.697,7.102,424,424,43,43,24,23,4,4,-0.37513637,-0.38222538,-0.37513637,-0.38222538,-0.52857262,-0.53222557,-0.52857262,-0.53222557,0.47417106,0.47135313,-0.02196778,-0.02200747,-0.04260803,-0.04260225,9.80635,9.80635,0.41500357,0.41513589,0.6,0.6,,,,,1,0,0
2026-09-28T21:47:28.135592+09:00,76930475,dccd50fe,2026-09-28T21:47:28.135592+09:00,2026-09-28T21:47:28.217728+09:00,rail-left-01,rail-right-01,0.6.7-draft,0.6.7-draft,mqtt,mqtt,40.52,35.15,5.984,6.668,-0.124,0.013,0.119,-0.247,10.436,9.626,-0.0655,0.0301,0.0384,0.0557,-0.008,-0.0065,27.0,27.26,15188,18939,1.899,2.367,5.696,7.102,425,425,43,43,24,23,4,4,-0.37622915,-0.38201848,-0.37622915,-0.38201848,-0.52894705,-0.53258001,-0.52894705,-0.53258001,0.47388222,0.47107971,-0.02197186,-0.02201131,-0.04260744,-0.04260169,9.80635,9.80635,0.41501718,0.41514867,0.6,0.6,,,,,1,0,0
2026-09-28T21:47:28.156587+09:00,76951469,dccd50fe,2026-09-28T21:47:28.156587+09:00,2026-09-28T21:47:28.238722+09:00,rail-left-01,rail-right-01,0.6.7-draft,0.6.7-draft,mqtt,mqtt,40.52,35.15,5.984,6.668,-0.159,0.006,0.079,-0.269,10.421,9.688,-0.0657,0.0309,0.0377,0.0566,-0.0081,-0.0071,26.98,27.27,15187,18938,1.898,2.367,5.695,7.102,426,426,43,43,24,23,4,4,-0.37742734,-0.3818639,-0.37742734,-0.3818639,-0.5293194,-0.53293253,-0.5293194,-0.53293253,0.47359499,0.47080777,-0.02197592,-0.02201512,-0.04260685,-0.04260114,9.80635,9.80635,0.4150307,0.41516137,0.6,0.6,,,,,1,0,0
2026-09-28T21:47:28.176506+09:00,76971389,dccd50fe,2026-09-28T21:47:28.176506+09:00,2026-09-28T21:47:28.258642+09:00,rail-left-01,rail-right-01,0.6.7-draft,0.6.7-draft,mqtt,mqtt,40.52,35.15,5.984,6.668,-0.116,0.008,0.049,-0.253,10.435,9.661,-0.0658,0.0302,0.0384,0.0574,-0.0079,-0.0059,27.0,27.24,15190,18938,1.899,2.367,5.696,7.102,427,427,43,43,24,23,4,4,-0.3787084,-0.38169598,-0.3787084,-0.38169598,-0.5296897,-0.53328316,-0.5296897,-0.53328316,0.47330933,0.47053729,-0.02197995,-0.02201891,-0.04260626,-0.04260058,9.80635,9.80635,0.41504414,0.415174,0.6,0.6,,,,,1,0,0
2026-09-28T21:47:28.195634+09:00,76990517,dccd50fe,2026-09-28T21:47:28.195634+09:00,2026-09-28T21:47:28.277770+09:00,rail-left-01,rail-right-01,0.6.7-draft,0.6.7-draft,mqtt,mqtt,40.52,35.15,5.984,6.668,-0.115,0.011,0.091,-0.259,10.415,9.664,-0.0667,0.0314,0.0362,0.0556,-0.0093,-0.0057,26.99,27.26,15190,18939,1.899,2.367,5.696,7.102,428,428,43,43,24,23,4,4,-0.38006149,-0.38150591,-0.38006149,-0.38150591,-0.53005795,-0.53363191,-0.53005795,-0.53363191,0.47302526,0.47026826,-0.02198396,-0.02202267,-0.04260568,-0.04260004,9.80635,9.80635,0.4150575,0.41518655,0.6,0.6,,,,,1,0,0
2026-09-28T21:47:28.215661+09:00,77010544,dccd50fe,2026-09-28T21:47:28.215661+09:00,2026-09-28T21:47:28.297797+09:00,rail-left-01,rail-right-01,0.6.7-draft,0.6.7-draft,mqtt,mqtt,40.52,35.15,5.984,6.668,-0.103,0.032,0.074,-0.25,10.378,9.697,-0.0661,0.031,0.0385,0.0556,-0.0099,-0.0053,26.98,27.27,15188,18938,1.899,2.367,5.696,7.102,429,429,43,43,24,23,4,4,-0.38148645,-0.38115565,-0.38148645,-0.38115565,-0.53042418,-0.53397879,-0.53042418,-0.53397879,0.47274274,0.47000067,-0.02198794,-0.02202641,-0.0426051,-0.04259949,9.80635,9.80635,0.41507077,0.41519902,0.6,0.6,,,,,1,0,0
2026-09-28T21:47:28.235689+09:00,77030572,dccd50fe,2026-09-28T21:47:28.235689+09:00,2026-09-28T21:47:28.317825+09:00,rail-left-01,rail-right-01,0.6.7-draft,0.6.7-draft,mqtt,mqtt,40.52,35.15,5.984,6.668,-0.12,0.016,0.061,-0.259,10.43,9.699,-0.0665,0.0297,0.0368,0.057,-0.0091,-0.0055,26.99,27.25,15191,18937,1.899,2.367,5.697,7.101,430,430,43,43,24,23,4,4,-0.38298212,-0.38092864,-0.38298212,-0.38092864,-0.53078841,-0.53432383,-0.53078841,-0.53432383,0.47246177,0.4697345,-0.02199189,-0.02203013,-0.04260452,-0.04259895,9.80635,9.80635,0.41508396,0.41521141,0.6,0.6,,,,,1,0,0
2026-09-28T21:47:28.364680+09:00,77219437,dccd50fe,2026-09-28T21:47:28.364680+09:00,2026-09-28T21:47:28.453505+09:00,rail-left-01,rail-right-01,0.6.7-draft,0.6.7-draft,mqtt,mqtt,40.52,35.15,5.984,6.668,-0.101,0.001,0.066,-0.248,10.41,9.72,-0.0661,0.0294,0.0376,0.055,-0.0077,-0.0055,26.98,27.27,15187,18937,1.898,2.367,5.695,7.101,431,431,44,44,24,23,4,4,-0.38141253,-0.38936132,-0.38141253,-0.38936132,-0.53466702,-0.53795976,-0.53466702,-0.53795976,0.46946975,0.46691844,-0.02203383,-0.02206864,-0.04259841,-0.04259132,9.80635,9.80635,0.41522373,0.41533979,0.6,0.6,,,,,1,0,0
2026-09-28T21:47:28.384693+09:00,77239450,dccd50fe,2026-09-28T21:47:28.384693+09:00,2026-09-28T21:47:28.473518+09:00,rail-left-01,rail-right-01,0.6.7-draft,0.6.7-draft,mqtt,mqtt,40.52,35.15,5.985,6.668,-0.099,0.004,0.074,-0.275,10.426,9.705,-0.0669,0.0316,0.0372,0.0554,-0.0081,-0.0056,27.0,27.24,15250,18938,1.906,2.367,5.719,7.102,432,432,44,44,24,23,4,4,-0.38199826,-0.38878837,-0.38199826,-0.38878837,-0.53500575,-0.53827605,-0.53500575,-0.53827605,0.46920774,0.46667237,-0.02203744,-0.02207193,-0.04259776,-0.04259047,9.80635,9.80635,0.41523577,0.41535075,0.6,0.6,,,,,1,0,0
2026-09-28T21:47:28.404839+09:00,77259596,dccd50fe,2026-09-28T21:47:28.404839+09:00,2026-09-28T21:47:28.493664+09:00,rail-left-01,rail-right-01,0.6.7-draft,0.6.7-draft,mqtt,mqtt,40.52,35.15,5.986,6.668,-0.105,-0.01,0.031,-0.254,10.444,9.686,-0.0658,0.0317,0.0377,0.0544,-0.0087,-0.0049,26.98,27.26,15203,18938,1.9,2.367,5.701,7.102,433,433,44,44,24,23,4,4,-0.38268411,-0.3883214,-0.38268411,-0.3883214,-0.53534004,-0.53859072,-0.53534004,-0.53859072,0.46894843,0.46642757,-0.02204097,-0.0220752,-0.04259698,-0.04258963,9.80635,9.80635,0.41524754,0.41536165,0.6,0.6,,,,,1,0,0
2026-09-28T21:47:28.424696+09:00,77279453,dccd50fe,2026-09-28T21:47:28.424696+09:00,2026-09-28T21:47:28.513521+09:00,rail-left-01,rail-right-01,0.6.7-draft,0.6.7-draft,mqtt,mqtt,40.52,35.15,5.985,6.668,-0.111,-0.002,0.093,-0.259,10.453,9.683,-0.065,0.0308,0.0366,0.0565,-0.0071,-0.0056,26.97,27.25,15171,18938,1.896,2.367,5.689,7.102,434,434,44,44,24,23,4,4,-0.38346406,-0.38779841,-0.38346406,-0.38779841,-0.5356752,-0.53890377,-0.5356752,-0.53890377,0.46868917,0.46618403,-0.02204454,-0.02207845,-0.04259634,-0.04258879,9.80635,9.80635,0.41525944,0.41537248,0.6,0.6,,,,,1,0,0
2026-09-28T21:47:28.444707+09:00,77299464,dccd50fe,2026-09-28T21:47:28.444707+09:00,2026-09-28T21:47:28.533532+09:00,rail-left-01,rail-right-01,0.6.7-draft,0.6.7-draft,mqtt,mqtt,40.52,35.15,5.985,6.668,-0.099,0.013,0.111,-0.269,10.428,9.674,-0.0658,0.0313,0.0384,0.0561,-0.0075,-0.0051,26.97,27.25,15180,18938,1.898,2.367,5.693,7.102,435,435,44,44,24,23,4,4,-0.38433352,-0.38716887,-0.38433352,-0.38716887,-0.5360086,-0.53921521,-0.5360086,-0.53921521,0.46843127,0.46594173,-0.02204809,-0.02208168,-0.04259569,-0.04258795,9.80635,9.80635,0.41527127,0.41538324,0.6,0.6,,,,,1,0,0
2026-09-28T21:47:28.465540+09:00,77320297,dccd50fe,2026-09-28T21:47:28.465540+09:00,2026-09-28T21:47:28.554365+09:00,rail-left-01,rail-right-01,0.6.7-draft,0.6.7-draft,mqtt,mqtt,40.52,35.15,5.985,6.668,-0.117,-0.006,0.086,-0.277,10.441,9.645,-0.0657,0.031,0.0377,0.0561,-0.0077,-0.0068,27.0,27.27,15179,18940,1.897,2.368,5.692,7.102,436,436,44,44,24,23,4,4,-0.38529606,-0.38668156,-0.38529606,-0.38668156,-0.53634025,-0.53952506,-0.53634025,-0.53952506,0.46817473,0.46570068,-0.02205162,-0.02208489,-0.04259505,-0.04258712,9.80635,9.80635,0.41528303,0.41539395,0.6,0.6,,,,,1,0,0
2026-09-28T21:47:28.485888+09:00,77340645,dccd50fe,2026-09-28T21:47:28.485888+09:00,2026-09-28T21:47:28.574713+09:00,rail-left-01,rail-right-01,0.6.7-draft,0.6.7-draft,mqtt,mqtt,40.52,35.15,5.985,6.668,-0.119,0.019,0.066,-0.248,10.422,9.717,-0.0657,0.0313,0.0374,0.0569,-0.0075,-0.0048,26.97,27.27,15197,18938,1.9,2.367,5.699,7.102,437,437,44,44,24,23,4,4,-0.38634511,-0.38601384,-0.38634511,-0.38601384,-0.53667016,-0.53983333,-0.53667016,-0.53983333,0.46791954,0.46546085,-0.02205512,-0.02208808,-0.04259442,-0.04258629,9.80635,9.80635,0.41529472,0.41540459,0.6,0.6,,,,,1,0,0
2026-09-28T21:47:28.504911+09:00,77359668,dccd50fe,2026-09-28T21:47:28.504911+09:00,2026-09-28T21:47:28.593736+09:00,rail-left-01,rail-right-01,0.6.7-draft,0.6.7-draft,mqtt,mqtt,40.52,35.15,5.985,6.668,-0.097,0.031,0.072,-0.26,10.453,9.662,-0.065,0.031,0.0374,0.0569,-0.0072,-0.0045,26.98,27.25,15217,18938,1.902,2.367,5.706,7.102,438,438,44,44,24,23,4,4,-0.38746491,-0.38526346,-0.38746491,-0.38526346,-0.53699835,-0.54014003,-0.53699835,-0.54014003,0.46766567,0.46522225,-0.02205861,-0.02209126,-0.04259378,-0.04258547,9.80635,9.80635,0.41530633,0.41541517,0.6,0.6,,,,,1,0,0
2026-09-28T21:47:28.524825+09:00,77379582,dccd50fe,2026-09-28T21:47:28.524825+09:00,2026-09-28T21:47:28.613650+09:00,rail-left-01,rail-right-01,0.6.7-draft,0.6.7-draft,mqtt,mqtt,40.52,35.15,5.986,6.668,-0.111,0.0,0.063,-0.244,10.422,9.697,-0.0663,0.031,0.0386,0.0553,-0.0095,-0.0055,26.97,27.28,15242,18938,1.905,2.367,5.716,7.102,439,439,44,44,24,23,4,4,-0.38866112,-0.38474012,-0.38866112,-0.38474012,-0.53732222,-0.54044517,-0.53732222,-0.54044517,0.46741443,0.46498485,-0.02206201,-0.02209441,-0.04259304,-0.04258466,9.80635,9.80635,0.41531768,0.41542569,0.6,0.6,,,,,1,0,0
2026-09-28T21:47:28.544798+09:00,77399555,dccd50fe,2026-09-28T21:47:28.544798+09:00,2026-09-28T21:47:28.633623+09:00,rail-left-01,rail-right-01,0.6.7-draft,0.6.7-draft,mqtt,mqtt,40.52,35.15,5.987,6.668,-0.063,0.024,0.074,-0.253,10.461,9.724,-0.0666,0.0302,0.0378,0.0557,-0.0091,-0.0049,26.98,27.27,15262,18938,1.908,2.367,5.723,7.102,440,440,44,44,24,23,4,4,-0.38991544,-0.38404635,-0.38991544,-0.38404635,-0.53764182,-0.54074877,-0.53764182,-0.54074877,0.46716579,0.46474866,-0.02206534,-0.02209755,-0.04259218,-0.04258384,9.80635,9.80635,0.41532877,0.41543615,0.6,0.6,,,,,1,0,0
2026-09-28T21:47:28.733418+09:00,77536387,dccd50fe,2026-09-28T21:47:28.733418+09:00,2026-09-28T21:47:28.772057+09:00,rail-left-01,rail-right-01,0.6.7-draft,0.6.7-draft,mqtt,mqtt,40.52,35.15,5.989,6.668,-0.102,-0.01,0.086,-0.251,10.403,9.639,-0.0667,0.0313,0.0374,0.0557,-0.0079,-0.0051,26.97,27.27,15265,18939,1.908,2.367,5.724,7.102,441,441,45,45,24,23,4,4,-0.38435551,-0.39108593,-0.38435551,-0.39108593,-0.54104579,-0.54368669,-0.54104579,-0.54368669,0.46451619,0.46237882,-0.02210056,-0.02212409,-0.04258281,-0.04256156,9.80635,9.80635,0.41544617,0.4155246,0.6,0.6,,,,,1,0,0
2026-09-28T21:47:28.753535+09:00,77556504,dccd50fe,2026-09-28T21:47:28.753535+09:00,2026-09-28T21:47:28.792174+09:00,rail-left-01,rail-right-01,0.6.7-draft,0.6.7-draft,mqtt,mqtt,40.52,35.15,5.991,6.668,-0.109,0.0,0.078,-0.291,10.434,9.699,-0.0662,0.031,0.0364,0.0566,-0.0085,-0.0063,26.99,27.27,15303,18938,1.913,2.367,5.739,7.102,442,442,45,45,24,23,4,4,-0.38476584,-0.39081802,-0.38476584,-0.39081802,-0.54133627,-0.5439316,-0.54133627,-0.5439316,0.46428741,0.46217688,-0.02210343,-0.02212609,-0.04258155,-0.04255896,9.80635,9.80635,0.41545575,0.41553129,0.6,0.6,,,,,1,0,0
2026-09-28T21:47:28.773588+09:00,77576557,dccd50fe,2026-09-28T21:47:28.773588+09:00,2026-09-28T21:47:28.812227+09:00,rail-left-01,rail-right-01,0.6.7-draft,0.6.7-draft,mqtt,mqtt,40.52,35.15,5.994,6.668,-0.117,0.02,0.09,-0.244,10.429,9.669,-0.0655,0.0302,0.0373,0.0558,-0.0089,-0.0052,26.98,27.27,15302,18938,1.913,2.367,5.738,7.102,443,443,45,45,24,23,4,4,-0.38527576,-0.39041259,-0.38527576,-0.39041259,-0.54161775,-0.54417532,-0.54161775,-0.54417532,0.46406354,0.46197593,-0.02210612,-0.02212809,-0.04257996,-0.04255637,9.80635,9.80635,0.41546471,0.41553796,0.6,0.6,,,,,1,0,0
2026-09-28T21:47:28.793553+09:00,77596522,dccd50fe,2026-09-28T21:47:28.793553+09:00,2026-09-28T21:47:28.832192+09:00,rail-left-01,rail-right-01,0.6.7-draft,0.6.7-draft,mqtt,mqtt,40.52,35.15,5.996,6.668,-0.129,0.013,0.083,-0.279,10.38,9.707,-0.0657,0.0304,0.0382,0.0566,-0.0075,-0.0047,26.98,27.26,15302,18938,1.913,2.367,5.738,7.102,444,444,45,45,24,23,4,4,-0.3858848,-0.39005685,-0.3858848,-0.39005685,-0.54189281,-0.54441784,-0.54189281,-0.54441784,0.4638433,0.46177597,-0.02210868,-0.02213008,-0.04257815,-0.0425538,9.80635,9.80635,0.41547324,0.41554458,0.6,0.6,,,,,1,0,0
2026-09-28T21:47:28.814034+09:00,77617003,dccd50fe,2026-09-28T21:47:28.814034+09:00,2026-09-28T21:47:28.852673+09:00,rail-left-01,rail-right-01,0.6.7-draft,0.6.7-draft,mqtt,mqtt,40.52,35.15,5.998,6.668,-0.122,0.032,0.062,-0.239,10.429,9.677,-0.0669,0.0314,0.0376,0.0561,-0.0089,-0.0047,27.02,27.27,15304,18939,1.913,2.367,5.739,7.102,445,445,45,45,24,23,4,4,-0.38658787,-0.38957156,-0.38658787,-0.38957156,-0.54216149,-0.54465918,-0.54216149,-0.54465918,0.46362667,0.46157697,-0.02211111,-0.02213206,-0.04257613,-0.04255124,9.80635,9.80635,0.41548134,0.41555117,0.6,0.6,,,,,1,0,0
2026-09-28T21:47:28.834213+09:00,77637182,dccd50fe,2026-09-28T21:47:28.834213+09:00,2026-09-28T21:47:28.872851+09:00,rail-left-01,rail-right-01,0.6.7-draft,0.6.7-draft,mqtt,mqtt,40.52,35.15,5.999,6.668,-0.119,0.005,0.083,-0.245,10.427,9.674,-0.0663,0.0298,0.0378,0.0565,-0.0088,-0.0053,26.98,27.25,15298,18937,1.912,2.367,5.737,7.101,446,446,45,45,24,23,4,4,-0.38737858,-0.3892761,-0.38737858,-0.3892761,-0.54242634,-0.54489934,-0.54242634,-0.54489934,0.46341236,0.46137895,-0.02211347,-0.02213402,-0.04257401,-0.04254869,9.80635,9.80635,0.41548922,0.41555772,0.6,0.6,,,,,1,0,0
2026-09-28T21:47:28.853465+09:00,77656434,dccd50fe,2026-09-28T21:47:28.853465+09:00,2026-09-28T21:47:28.892104+09:00,rail-left-01,rail-right-01,0.6.7-draft,0.6.7-draft,mqtt,mqtt,40.52,35.15,6.0,6.668,-0.109,0.037,0.103,-0.268,10.385,9.695,-0.0665,0.032,0.0381,0.0557,-0.0091,-0.0048,26.98,27.25,15297,18938,1.912,2.367,5.736,7.102,447,447,45,45,24,23,4,4,-0.38824672,-0.38876007,-0.38824672,-0.38876007,-0.54268739,-0.54513834,-0.54268739,-0.54513834,0.46320036,0.46118189,-0.02211576,-0.02213598,-0.04257178,-0.04254616,9.80635,9.80635,0.41549686,0.41556424,0.6,0.6,,,,,1,0,0
2026-09-28T21:47:28.873578+09:00,77676547,dccd50fe,2026-09-28T21:47:28.873578+09:00,2026-09-28T21:47:28.912217+09:00,rail-left-01,rail-right-01,0.6.7-draft,0.6.7-draft,mqtt,mqtt,40.52,35.15,6.002,6.668,-0.101,0.006,0.105,-0.26,10.4,9.682,-0.0657,0.0314,0.0378,0.0566,-0.0097,-0.008,26.99,27.26,15300,18937,1.913,2.367,5.738,7.101,448,448,45,45,24,23,4,4,-0.38918944,-0.38846084,-0.38918944,-0.38846084,-0.54294217,-0.54537618,-0.54294217,-0.54537618,0.4629919,0.46098578,-0.02211793,-0.02213792,-0.04256934,-0.04254365,9.80635,9.80635,0.41550408,0.41557072,0.6,0.6,,,,,1,0,0
2026-09-28T21:47:28.893590+09:00,77696559,dccd50fe,2026-09-28T21:47:28.893590+09:00,2026-09-28T21:47:28.932229+09:00,rail-left-01,rail-right-01,0.6.7-draft,0.6.7-draft,mqtt,mqtt,40.52,35.15,6.003,6.668,-0.095,0.008,0.099,-0.238,10.418,9.681,-0.0663,0.031,0.0381,0.0552,-0.0081,-0.0043,26.99,27.26,15302,18938,1.913,2.367,5.738,7.102,449,449,45,45,24,23,4,4,-0.39020155,-0.38814931,-0.39020155,-0.38814931,-0.54319322,-0.54561287,-0.54319322,-0.54561287,0.4627857,0.46079062,-0.02212003,-0.02213986,-0.04256681,-0.04254114,9.80635,9.80635,0.41551108,0.41557717,0.6,0.6,,,,,1,0,0
2026-09-28T21:47:28.913675+09:00,77716644,dccd50fe,2026-09-28T21:47:28.913675+09:00,2026-09-28T21:47:28.952314+09:00,rail-left-01,rail-right-01,0.6.7-draft,0.6.7-draft,mqtt,mqtt,40.52,35.15,6.004,6.668,-0.099,-0.012,0.078,-0.249,10.412,9.705,-0.0677,0.031,0.0392,0.0554,-0.0087,-0.0059,26.98,27.25,15296,18937,1.912,2.367,5.736,7.101,450,450,45,45,24,23,4,4,-0.39128253,-0.38797579,-0.39128253,-0.38797579,-0.54344057,-0.54584842,-0.54344057,-0.54584842,0.46258176,0.4605964,-0.02212206,-0.02214178,-0.04256418,-0.04253865,9.80635,9.80635,0.41551786,0.41558358,0.6,0.6,,,,,1,0,0
2026-09-28T21:47:29.005278+09:00,77853520,dccd50fe,2026-09-28T21:47:29.005278+09:00,2026-09-28T21:47:29.059754+09:00,rail-left-01,rail-right-01,0.6.7-draft,0.6.7-draft,mqtt,mqtt,40.52,35.15,6.004,6.668,-0.114,-0.004,0.057,-0.238,10.436,9.701,-0.0661,0.0305,0.0369,0.0546,-0.0092,-0.0055,26.99,27.23,15289,18936,1.911,2.367,5.733,7.101,451,451,46,46,24,23,4,4,-0.38831094,-0.3953287,-0.38831094,-0.3953287,-0.54608284,-0.54832424,-0.54608284,-0.54832424,0.46040311,0.45854128,-0.02214369,-0.02216132,-0.04253617,-0.04251023,9.80635,9.80635,0.41558996,0.41564871,0.6,0.6,,,,,1,0,0
2026-09-28T21:47:29.025438+09:00,77873680,dccd50fe,2026-09-28T21:47:29.025438+09:00,2026-09-28T21:47:29.079914+09:00,rail-left-01,rail-right-01,0.6.7-draft,0.6.7-draft,mqtt,mqtt,40.52,35.15,6.005,6.668,-0.115,-0.016,0.061,-0.243,10.385,9.67,-0.0659,0.0316,0.0366,0.0574,-0.0088,-0.0075,26.99,27.23,15287,18938,1.911,2.367,5.733,7.102,452,452,46,46,24,23,4,4,-0.38875161,-0.39515636,-0.38875161,-0.39515636,-0.54631373,-0.54854214,-0.54631373,-0.54854214,0.46021195,0.45836013,-0.02214554,-0.02216302,-0.0425336,-0.04250769,9.80635,9.80635,0.41559612,0.41565439,0.6,0.6,,,,,1,0,0
2026-09-28T21:47:29.045339+09:00,77893581,dccd50fe,2026-09-28T21:47:29.045339+09:00,2026-09-28T21:47:29.099815+09:00,rail-left-01,rail-right-01,0.6.7-draft,0.6.7-draft,mqtt,mqtt,40.52,35.15,6.005,6.668,-0.128,0.008,0.092,-0.249,10.416,9.676,-0.0653,0.0312,0.0376,0.0569,-0.0081,-0.0057,26.98,27.25,15288,18939,1.911,2.367,5.733,7.102,453,453,46,46,24,23,4,4,-0.38929629,-0.39482499,-0.38929629,-0.39482499,-0.54654353,-0.54875902,-0.54654353,-0.54875902,0.4600217,0.45817982,-0.02214738,-0.02216471,-0.04253105,-0.04250517,9.80635,9.80635,0.41560225,0.41566003,0.6,0.6,,,,,1,0,0
2026-09-28T21:47:29.065325+09:00,77913567,dccd50fe,2026-09-28T21:47:29.065325+09:00,2026-09-28T21:47:29.119801+09:00,rail-left-01,rail-right-01,0.6.7-draft,0.6.7-draft,mqtt,mqtt,40.52,35.15,6.005,6.668,-0.087,0.025,0.136,-0.256,10.424,9.732,-0.0667,0.0324,0.0361,0.0578,-0.0079,-0.0061,26.99,27.26,15288,18939,1.911,2.367,5.733,7.102,454,454,46,46,24,23,4,4,-0.38992789,-0.39438104,-0.38992789,-0.39438104,-0.54677222,-0.54897488,-0.54677222,-0.54897488,0.45983237,0.45800036,-0.02214921,-0.0221664,-0.0425285,-0.04250265,9.80635,9.80635,0.41560834,0.41566564,0.6,0.6,,,,,1,0,0
2026-09-28T21:47:29.085575+09:00,77933817,dccd50fe,2026-09-28T21:47:29.085575+09:00,2026-09-28T21:47:29.140051+09:00,rail-left-01,rail-right-01,0.6.7-draft,0.6.7-draft,mqtt,mqtt,40.52,35.15,6.006,6.668,-0.141,0.008,0.084,-0.268,10.408,9.703,-0.0671,0.0326,0.0382,0.0557,-0.0084,-0.0055,26.99,27.25,15291,18938,1.911,2.367,5.734,7.102,455,455,46,46,24,23,4,4,-0.39066053,-0.39405223,-0.39066053,-0.39405223,-0.54699744,-0.54918975,-0.54699744,-0.54918975,0.45964512,0.45782173,-0.02215098,-0.02216807,-0.04252587,-0.04250015,9.80635,9.80635,0.41561423,0.41567122,0.6,0.6,,,,,1,0,0
2026-09-28T21:47:29.105755+09:00,77953997,dccd50fe,2026-09-28T21:47:29.105755+09:00,2026-09-28T21:47:29.160231+09:00,rail-left-01,rail-right-01,0.6.7-draft,0.6.7-draft,mqtt,mqtt,40.52,35.15,6.006,6.668,-0.104,0.001,0.09,-0.26,10.427,9.694,-0.0661,0.0313,0.0378,0.0564,-0.0089,-0.0071,26.99,27.26,15287,18938,1.911,2.367,5.733,7.102,456,456,46,46,24,23,4,4,-0.39147884,-0.39377139,-0.39147884,-0.39377139,-0.5472216,-0.54940362,-0.5472216,-0.54940362,0.45945876,0.45764393,-0.02215273,-0.02216974,-0.04252324,-0.04249766,9.80635,9.80635,0.41562008,0.41567677,0.6,0.6,,,,,1,0,0
2026-09-28T21:47:29.125511+09:00,77973753,dccd50fe,2026-09-28T21:47:29.125511+09:00,2026-09-28T21:47:29.179987+09:00,rail-left-01,rail-right-01,0.6.7-draft,0.6.7-draft,mqtt,mqtt,40.52,35.15,6.006,6.668,-0.133,-0.004,0.073,-0.249,10.44,9.726,-0.0659,0.031,0.0382,0.0553,-0.0079,-0.0053,27.0,27.26,15286,18938,1.911,2.367,5.732,7.102,457,457,46,46,24,23,4,4,-0.39238496,-0.39352372,-0.39238496,-0.39352372,-0.54744469,-0.54961649,-0.54744469,-0.54961649,0.45927329,0.45746695,-0.02215448,-0.0221714,-0.04252063,-0.04249519,9.80635,9.80635,0.41562591,0.4156823,0.6,0.6,,,,,1,0,0
2026-09-28T21:47:29.145391+09:00,77993633,dccd50fe,2026-09-28T21:47:29.145391+09:00,2026-09-28T21:47:29.199867+09:00,rail-left-01,rail-right-01,0.6.7-draft,0.6.7-draft,mqtt,mqtt,40.52,35.15,6.006,6.668,-0.144,-0.005,0.077,-0.254,10.439,9.692,-0.0661,0.031,0.0373,0.057,-0.0085,-0.0061,26.98,27.24,15288,18938,1.911,2.367,5.733,7.102,458,458,46,46,24,23,4,4,-0.39337698,-0.39328487,-0.39337698,-0.39328487,-0.54766673,-0.54982839,-0.54766673,-0.54982839,0.4590887,0.45729079,-0.02215622,-0.02217304,-0.04251804,-0.04249273,9.80635,9.80635,0.4156317,0.41568779,0.6,0.6,,,,,1,0,0
2026-09-28T21:47:29.165377+09:00,78013619,dccd50fe,2026-09-28T21:47:29.165377+09:00,2026-09-28T21:47:29.219853+09:00,rail-left-01,rail-right-01,0.6.7-draft,0.6.7-draft,mqtt,mqtt,40.52,35.15,6.007,6.668,-0.121,-0.005,0.047,-0.249,10.426,9.692,-0.0666,0.0324,0.037,0.0544,-0.0077,-0.0056,26.97,27.24,15283,18938,1.91,2.367,5.731,7.102,459,459,46,46,24,23,4,4,-0.39444501,-0.39304712,-0.39444501,-0.39304712,-0.54788536,-0.5500393,-0.54788536,-0.5500393,0.45890615,0.45711544,-0.02215789,-0.02217468,-0.04251535,-0.04249028,9.80635,9.80635,0.41563728,0.41569326,0.6,0.6,,,,,1,0,0
2026-09-28T21:47:29.185636+09:00,78033878,dccd50fe,2026-09-28T21:47:29.185636+09:00,2026-09-28T21:47:29.240112+09:00,rail-left-01,rail-right-01,0.6.7-draft,0.6.7-draft,mqtt,mqtt,40.52,35.15,6.006,6.668,-0.097,0.002,0.053,-0.261,10.453,9.661,-0.0679,0.0309,0.0394,0.0565,-0.0085,-0.0059,26.98,27.25,15282,18937,1.91,2.367,5.731,7.101,460,460,46,46,24,23,4,4,-0.39558328,-0.39276566,-0.39558328,-0.39276566,-0.54810532,-0.55024925,-0.54810532,-0.55024925,0.45872329,0.45694089,-0.02215961,-0.02217632,-0.04251279,-0.04248784,9.80635,9.80635,0.41564301,0.4156987,0.6,0.6,,,,,1,0,0
2026-09-28T21:47:29.297962+09:00,78143386,dccd50fe,2026-09-28T21:47:29.297962+09:00,2026-09-28T21:47:29.373464+09:00,rail-left-01,rail-right-01,0.6.7-draft,0.6.7-draft,mqtt,mqtt,40.52,35.15,6.006,6.668,-0.121,0.029,0.087,-0.245,10.414,9.679,-0.0659,0.03,0.037,0.054,-0.0091,-0.0047,26.97,27.26,15277,18938,1.91,2.367,5.729,7.102,461,461,47,47,24,23,4,4,-0.39307801,-0.39902174,-0.39307801,-0.39902174,-0.55045824,-0.55249654,-0.55045824,-0.55249654,0.45676715,0.45507258,-0.02217794,-0.02219373,-0.04248542,-0.04246185,9.80635,9.80635,0.41570411,0.41575673,0.6,0.6,,,,,1,0,0
2026-09-28T21:47:29.318130+09:00,78163554,dccd50fe,2026-09-28T21:47:29.318130+09:00,2026-09-28T21:47:29.393632+09:00,rail-left-01,rail-right-01,0.6.7-draft,0.6.7-draft,mqtt,mqtt,40.52,35.15,6.006,6.668,-0.119,0.014,0.086,-0.254,10.402,9.697,-0.0662,0.0308,0.0349,0.0565,-0.0092,-0.0072,26.99,27.27,15274,18939,1.909,2.367,5.728,7.102,462,462,47,47,24,23,4,4,-0.39348781,-0.39842817,-0.39348781,-0.39842817,-0.55066626,-0.55269535,-0.55066626,-0.55269535,0.4565942,0.45490729,-0.02217956,-0.02219526,-0.04248301,-0.04245956,9.80635,9.80635,0.4157095,0.41576185,0.6,0.6,,,,,1,0,0
2026-09-28T21:47:29.338034+09:00,78183458,dccd50fe,2026-09-28T21:47:29.338034+09:00,2026-09-28T21:47:29.413536+09:00,rail-left-01,rail-right-01,0.6.7-draft,0.6.7-draft,mqtt,mqtt,40.52,35.15,6.006,6.668,-0.104,0.03,0.068,-0.251,10.411,9.694,-0.0653,0.0314,0.0366,0.056,-0.0077,-0.0049,26.98,27.25,15275,18940,1.909,2.368,5.728,7.102,463,463,47,47,24,23,4,4,-0.39398774,-0.39773569,-0.39398774,-0.39773569,-0.55087334,-0.55289328,-0.55087334,-0.55289328,0.45642205,0.45474274,-0.02218116,-0.02219679,-0.04248061,-0.04245728,9.80635,9.80635,0.41571485,0.41576694,0.6,0.6,,,,,1,0,0
2026-09-28T21:47:29.358068+09:00,78203492,dccd50fe,2026-09-28T21:47:29.358068+09:00,2026-09-28T21:47:29.433570+09:00,rail-left-01,rail-right-01,0.6.7-draft,0.6.7-draft,mqtt,mqtt,40.52,35.15,6.006,6.668,-0.113,0.016,0.097,-0.256,10.403,9.687,-0.0648,0.031,0.0325,0.0574,-0.0073,-0.0069,26.99,27.24,15278,18940,1.91,2.368,5.729,7.102,464,464,47,47,24,23,4,4,-0.39457133,-0.3971351,-0.39457133,-0.3971351,-0.55107948,-0.55309032,-0.55107948,-0.55309032,0.45625067,0.45457892,-0.02218276,-0.02219831,-0.04247822,-0.04245501,9.80635,9.80635,0.41572018,0.41577201,0.6,0.6,,,,,1,0,0
2026-09-28T21:47:29.378146+09:00,78223570,dccd50fe,2026-09-28T21:47:29.378146+09:00,2026-09-28T21:47:29.453648+09:00,rail-left-01,rail-right-01,0.6.7-draft,0.6.7-draft,mqtt,mqtt,40.52,35.15,6.006,6.668,-0.101,0.0,0.048,-0.245,10.402,9.677,-0.0659,0.0318,0.0341,0.0565,-0.0079,-0.0056,26.99,27.27,15283,18941,1.91,2.368,5.731,7.103,465,465,47,47,24,23,4,4,-0.3952339,-0.39663856,-0.3952339,-0.39663856,-0.55128467,-0.55328649,-0.55128467,-0.55328649,0.45608008,0.45441584,-0.02218435,-0.02219982,-0.04247585,-0.04245275,9.80635,9.80635,0.41572548,0.41577705,0.6,0.6,,,,,1,0,0
2026-09-28T21:47:29.398334+09:00,78243758,dccd50fe,2026-09-28T21:47:29.398334+09:00,2026-09-28T21:47:29.473836+09:00,rail-left-01,rail-right-01,0.6.7-draft,0.6.7-draft,mqtt,mqtt,40.52,35.15,6.006,6.668,-0.083,0.007,0.065,-0.255,10.422,9.682,-0.0659,0.032,0.0369,0.0562,-0.0091,-0.0049,26.99,27.24,15285,18942,1.911,2.368,5.732,7.103,466,466,47,47,24,23,4,4,-0.39597115,-0.39609994,-0.39597115,-0.39609994,-0.55148894,-0.55348179,-0.55148894,-0.55348179,0.45591026,0.45425347,-0.02218593,-0.02220133,-0.04247348,-0.0424505,9.80635,9.80635,0.41573076,0.41578207,0.6,0.6,,,,,1,0,0
2026-09-28T21:47:29.418116+09:00,78263540,dccd50fe,2026-09-28T21:47:29.418116+09:00,2026-09-28T21:47:29.493618+09:00,rail-left-01,rail-right-01,0.6.7-draft,0.6.7-draft,mqtt,mqtt,40.52,35.15,6.006,6.669,-0.135,-0.013,0.063,-0.256,10.39,9.694,-0.0662,0.0312,0.0389,0.0552,-0.0083,-0.0053,26.99,27.24,15282,18942,1.91,2.368,5.731,7.103,467,467,47,47,24,23,4,4,-0.39679342,-0.39568939,-0.39679342,-0.39568939,-0.55169228,-0.55367844,-0.55169228,-0.55367844,0.4557412,0.45409293,-0.02218751,-0.02220278,-0.04247113,-0.04244836,9.80635,9.80635,0.415736,0.4157869,0.6,0.6,,,,,1,0,0
2026-09-28T21:47:29.438051+09:00,78283475,dccd50fe,2026-09-28T21:47:29.438051+09:00,2026-09-28T21:47:29.513553+09:00,rail-left-01,rail-right-01,0.6.7-draft,0.6.7-draft,mqtt,mqtt,40.52,35.15,6.006,6.669,-0.14,0.004,0.074,-0.232,10.439,9.665,-0.0662,0.0324,0.0389,0.0565,-0.0081,-0.0059,26.97,27.24,15284,18941,1.911,2.368,5.732,7.103,468,468,47,47,24,23,4,4,-0.39769858,-0.3951744,-0.39769858,-0.3951744,-0.55189471,-0.55387422,-0.55189471,-0.55387422,0.45557292,0.4539331,-0.02218907,-0.02220422,-0.0424688,-0.04244624,9.80635,9.80635,0.41574123,0.4157917,0.6,0.6,,,,,1,0,0
2026-09-28T21:47:29.458146+09:00,78303570,dccd50fe,2026-09-28T21:47:29.458146+09:00,2026-09-28T21:47:29.533648+09:00,rail-left-01,rail-right-01,0.6.7-draft,0.6.7-draft,mqtt,mqtt,40.52,35.15,6.006,6.669,-0.124,-0.007,0.084,-0.245,10.466,9.713,-0.0665,0.0317,0.0385,0.0565,-0.0067,-0.0056,26.99,27.24,15286,18942,1.911,2.368,5.732,7.103,469,469,47,47,24,23,4,4,-0.39867886,-0.39472969,-0.39867886,-0.39472969,-0.55209622,-0.55406914,-0.55209622,-0.55406914,0.45540538,0.45377397,-0.02219063,-0.02220565,-0.04246647,-0.04244412,9.80635,9.80635,0.41574642,0.41579648,0.6,0.6,,,,,1,0,0
2026-09-28T21:47:29.478242+09:00,78323666,dccd50fe,2026-09-28T21:47:29.478242+09:00,2026-09-28T21:47:29.553744+09:00,rail-left-01,rail-right-01,0.6.7-draft,0.6.7-draft,mqtt,mqtt,40.52,35.15,6.006,6.669,-0.061,0.007,0.109,-0.263,10.445,9.688,-0.0666,0.0309,0.0373,0.0557,-0.0077,-0.0049,27.0,27.27,15287,18941,1.911,2.368,5.733,7.103,470,470,47,47,24,23,4,4,-0.39971368,-0.3941999,-0.39971368,-0.3941999,-0.55229683,-0.5542632,-0.55229683,-0.5542632,0.45523861,0.45361554,-0.02219218,-0.02220708,-0.04246415,-0.04244201,9.80635,9.80635,0.41575159,0.41580124,0.6,0.6,,,,,1,0,0
2026-09-28T21:47:29.605452+09:00,78456587,dccd50fe,2026-09-28T21:47:29.605452+09:00,2026-09-28T21:47:29.651762+09:00,rail-left-01,rail-right-01,0.6.7-draft,0.6.7-draft,mqtt,mqtt,40.52,35.15,6.006,6.669,-0.092,0.029,0.065,-0.242,10.422,9.731,-0.0659,0.0305,0.0385,0.056,-0.0081,-0.0051,27.0,27.26,15276,18941,1.91,2.368,5.729,7.103,471,471,48,48,24,23,4,4,-0.39431195,-0.39875964,-0.39431195,-0.39875964,-0.5544564,-0.55634289,-0.5544564,-0.55634289,0.45345781,0.45191771,-0.0222085,-0.02222233,-0.04243992,-0.04241951,9.80635,9.80635,0.41580597,0.41585207,0.6,0.6,,,,,1,0,0
2026-09-28T21:47:29.625610+09:00,78476745,dccd50fe,2026-09-28T21:47:29.625610+09:00,2026-09-28T21:47:29.671920+09:00,rail-left-01,rail-right-01,0.6.7-draft,0.6.7-draft,mqtt,mqtt,40.52,35.15,6.006,6.669,-0.102,-0.037,0.101,-0.25,10.448,9.675,-0.0653,0.0318,0.0385,0.0552,-0.0088,-0.0052,26.99,27.24,15281,18941,1.91,2.368,5.73,7.103,472,472,48,48,24,23,4,4,-0.39452308,-0.39873601,-0.39452308,-0.39873601,-0.55464877,-0.55652709,-0.55464877,-0.55652709,0.45330077,0.45176733,-0.02220991,-0.02222367,-0.04243783,-0.04241752,9.80635,9.80635,0.41581068,0.41585655,0.6,0.6,,,,,1,0,0
2026-09-28T21:47:29.645503+09:00,78496638,dccd50fe,2026-09-28T21:47:29.645503+09:00,2026-09-28T21:47:29.691813+09:00,rail-left-01,rail-right-01,0.6.7-draft,0.6.7-draft,mqtt,mqtt,40.52,35.15,6.006,6.669,-0.068,0.045,0.096,-0.26,10.403,9.688,-0.0648,0.0304,0.0384,0.0569,-0.0087,-0.0061,27.01,27.26,15280,18940,1.91,2.368,5.73,7.102,473,473,48,48,24,23,4,4,-0.39481944,-0.39821276,-0.39481944,-0.39821276,-0.55484029,-0.55671051,-0.55484029,-0.55671051,0.45314441,0.45161759,-0.02221132,-0.02222501,-0.04243576,-0.04241554,9.80635,9.80635,0.41581537,0.41586102,0.6,0.6,,,,,1,0,0
2026-09-28T21:47:29.665509+09:00,78516644,dccd50fe,2026-09-28T21:47:29.665509+09:00,2026-09-28T21:47:29.711819+09:00,rail-left-01,rail-right-01,0.6.7-draft,0.6.7-draft,mqtt,mqtt,40.52,35.15,6.006,6.669,-0.12,0.017,0.062,-0.244,10.441,9.736,-0.0669,0.0318,0.0374,0.0561,-0.0075,-0.0047,27.0,27.24,15283,18940,1.91,2.368,5.731,7.102,474,474,48,48,24,23,4,4,-0.39520879,-0.39786064,-0.39520879,-0.39786064,-0.55503098,-0.55689314,-0.55503098,-0.55689314,0.45298873,0.45146849,-0.02221272,-0.02222635,-0.04243369,-0.04241358,9.80635,9.80635,0.41582003,0.41586547,0.6,0.6,,,,,1,0,0
2026-09-28T21:47:29.685767+09:00,78536902,dccd50fe,2026-09-28T21:47:29.685767+09:00,2026-09-28T21:47:29.732077+09:00,rail-left-01,rail-right-01,0.6.7-draft,0.6.7-draft,mqtt,mqtt,40.52,35.15,6.006,6.669,-0.108,-0.006,0.067,-0.244,10.438,9.718,-0.0654,0.0298,0.0378,0.056,-0.0072,-0.0059,26.99,27.27,15283,18941,1.91,2.368,5.731,7.103,475,475,48,48,24,23,4,4,-0.39568561,-0.39764968,-0.39568561,-0.39764968,-0.55522084,-0.557075,-0.55522084,-0.557075,0.45283373,0.45132002,-0.02221411,-0.02222767,-0.04243164,-0.04241162,9.80635,9.80635,0.41582468,0.41586989,0.6,0.6,,,,,1,0,0
2026-09-28T21:47:29.705960+09:00,78557095,dccd50fe,2026-09-28T21:47:29.705960+09:00,2026-09-28T21:47:29.752270+09:00,rail-left-01,rail-right-01,0.6.7-draft,0.6.7-draft,mqtt,mqtt,40.52,35.15,6.006,6.669,-0.123,-0.001,0.098,-0.256,10.421,9.694,-0.0678,0.0321,0.0364,0.0557,-0.0085,-0.0057,27.02,27.24,15282,18941,1.91,2.368,5.731,7.103,476,476,48,48,24,23,4,4,-0.39624753,-0.39741014,-0.39624753,-0.39741014,-0.55540988,-0.55725609,-0.55540988,-0.55725609,0.45267941,0.45117218,-0.0222155,-0.022229,-0.04242959,-0.04240967,9.80635,9.80635,0.4158293,0.4158743,0.6,0.6,,,,,1,0,0
2026-09-28T21:47:29.725573+09:00,78576708,dccd50fe,2026-09-28T21:47:29.725573+09:00,2026-09-28T21:47:29.771883+09:00,rail-left-01,rail-right-01,0.6.7-draft,0.6.7-draft,mqtt,mqtt,40.52,35.15,6.006,6.669,-0.067,0.006,0.086,-0.251,10.43,9.651,-0.0674,0.0305,0.0384,0.0564,-0.0083,-0.0053,27.01,27.26,15284,18940,1.911,2.368,5.732,7.102,477,477,48,48,24,23,4,4,-0.39687761,-0.39713057,-0.39687761,-0.39713057,-0.55559809,-0.55743641,-0.55559809,-0.55743641,0.45252575,0.45102497,-0.02221687,-0.02223031,-0.04242756,-0.04240773,9.80635,9.80635,0.41583389,0.41587868,0.6,0.6,,,,,1,0,0
2026-09-28T21:47:29.745641+09:00,78596776,dccd50fe,2026-09-28T21:47:29.745641+09:00,2026-09-28T21:47:29.791951+09:00,rail-left-01,rail-right-01,0.6.7-draft,0.6.7-draft,mqtt,mqtt,40.52,35.15,6.006,6.669,-0.092,0.029,0.079,-0.257,10.44,9.728,-0.0658,0.0318,0.0373,0.0558,-0.0073,-0.0049,26.98,27.25,15281,18941,1.91,2.368,5.73,7.103,478,478,48,48,24,23,4,4,-0.39757887,-0.39671178,-0.39757887,-0.39671178,-0.5557855,-0.55761596,-0.5557855,-0.55761596,0.45237275,0.45087839,-0.02221825,-0.02223162,-0.04242553,-0.04240579,9.80635,9.80635,0.41583847,0.41588304,0.6,0.6,,,,,1,0,0
2026-09-28T21:47:29.765471+09:00,78616606,dccd50fe,2026-09-28T21:47:29.765471+09:00,2026-09-28T21:47:29.811781+09:00,rail-left-01,rail-right-01,0.6.7-draft,0.6.7-draft,mqtt,mqtt,40.52,35.15,6.006,6.669,-0.102,0.004,0.132,-0.254,10.421,9.698,-0.0657,0.0304,0.0373,0.0558,-0.0083,-0.0063,26.96,27.27,15281,18940,1.91,2.368,5.73,7.102,479,479,48,48,24,23,4,4,-0.39834955,-0.39644557,-0.39834955,-0.39644557,-0.5559721,-0.55779476,-0.5559721,-0.55779476,0.45222042,0.45073242,-0.02221961,-0.02223292,-0.04242351,-0.04240387,9.80635,9.80635,0.41584302,0.41588739,0.6,0.6,,,,,1,0,0
2026-09-28T21:47:29.786447+09:00,78637582,dccd50fe,2026-09-28T21:47:29.786447+09:00,2026-09-28T21:47:29.832757+09:00,rail-left-01,rail-right-01,0.6.7-draft,0.6.7-draft,mqtt,mqtt,40.52,35.15,6.006,6.669,-0.099,0.006,0.109,-0.231,10.422,9.659,-0.0662,0.0328,0.037,0.0576,-0.0092,-0.0051,26.97,27.24,15280,18940,1.91,2.368,5.73,7.102,480,480,48,48,24,23,4,4,-0.39918921,-0.39616958,-0.39918921,-0.39616958,-0.55615789,-0.55797281,-0.55615789,-0.55797281,0.45206874,0.45058706,-0.02222097,-0.02223422,-0.04242151,-0.04240196,9.80635,9.80635,0.41584755,0.41589171,0.6,0.6,,,,,1,0,0
2026-09-28T21:47:29.940595+09:00,78747532,dccd50fe,2026-09-28T21:47:29.940595+09:00,2026-09-28T21:47:29.996414+09:00,rail-left-01,rail-right-01,0.6.7-draft,0.6.7-draft,mqtt,mqtt,40.52,35.15,6.006,6.669,-0.138,0.019,0.053,-0.266,10.399,9.663,-0.0662,0.0306,0.0372,0.0548,-0.0093,-0.0064,26.99,27.26,15278,18940,1.91,2.368,5.729,7.102,481,481,49,49,24,23,4,4,-0.39662229,-0.40385506,-0.39662229,-0.40385506,-0.55815011,-0.55989324,-0.55815011,-0.55989324,0.45044232,0.4490225,-0.02223551,-0.02224832,-0.04240005,-0.04238193,9.80635,9.80635,0.41589601,0.41593871,0.6,0.6,,,,,1,0,0
2026-09-28T21:47:29.960750+09:00,78767687,dccd50fe,2026-09-28T21:47:29.960750+09:00,2026-09-28T21:47:30.016569+09:00,rail-left-01,rail-right-01,0.6.7-draft,0.6.7-draft,mqtt,mqtt,40.52,35.15,6.006,6.669,-0.096,0.019,0.066,-0.249,10.438,9.719,-0.0655,0.032,0.0376,0.0562,-0.008,-0.0061,26.99,27.25,15277,18941,1.91,2.368,5.729,7.103,482,482,49,49,24,23,4,4,-0.39715503,-0.40366788,-0.39715503,-0.40366788,-0.55832666,-0.56006464,-0.55832666,-0.56006464,0.45029818,0.44888321,-0.02223679,-0.02224959,-0.04239816,-0.04238021,9.80635,9.80635,0.41590029,0.41594295,0.6,0.6,,,,,1,0,0
2026-09-28T21:47:29.980740+09:00,78787677,dccd50fe,2026-09-28T21:47:29.980740+09:00,2026-09-28T21:47:30.036559+09:00,rail-left-01,rail-right-01,0.6.7-draft,0.6.7-draft,mqtt,mqtt,40.52,35.15,6.006,6.669,-0.122,-0.01,0.065,-0.249,10.447,9.703,-0.0645,0.0293,0.0381,0.0556,-0.0079,-0.0052,26.98,27.27,15279,18941,1.91,2.368,5.73,7.103,483,483,49,49,24,23,4,4,-0.39777003,-0.40365105,-0.39777003,-0.40365105,-0.55850248,-0.56023534,-0.55850248,-0.56023534,0.45015465,0.4487445,-0.02223807,-0.02225086,-0.04239627,-0.0423785,9.80635,9.80635,0.41590456,0.41594717,0.6,0.6,,,,,1,0,0
2026-09-28T21:47:30.000671+09:00,78807608,dccd50fe,2026-09-28T21:47:30.000671+09:00,2026-09-28T21:47:30.056491+09:00,rail-left-01,rail-right-01,0.6.7-draft,0.6.7-draft,mqtt,mqtt,40.52,35.15,6.006,6.669,-0.122,0.017,0.113,-0.253,10.433,9.662,-0.0663,0.031,0.0372,0.0573,-0.0079,-0.0051,26.99,27.26,15279,18940,1.91,2.368,5.73,7.102,484,484,49,49,24,23,4,4,-0.39846231,-0.40347853,-0.39846231,-0.40347853,-0.55867756,-0.56040535,-0.55867756,-0.56040535,0.45001172,0.44860635,-0.02223935,-0.02225212,-0.04239439,-0.04237679,9.80635,9.80635,0.4159088,0.41595137,0.6,0.6,,,,,1,0,0
2026-09-28T21:47:30.020944+09:00,78827881,dccd50fe,2026-09-28T21:47:30.020944+09:00,2026-09-28T21:47:30.076763+09:00,rail-left-01,rail-right-01,0.6.7-draft,0.6.7-draft,mqtt,mqtt,40.52,35.15,6.006,6.669,-0.11,-0.001,0.072,-0.257,10.422,9.712,-0.0674,0.0313,0.0381,0.056,-0.0085,-0.0043,27.0,27.28,15282,18941,1.91,2.368,5.731,7.103,485,485,49,49,24,23,4,4,-0.39922785,-0.40340955,-0.39922785,-0.40340955,-0.55885191,-0.56057466,-0.55885191,-0.56057466,0.44986938,0.44846876,-0.02224061,-0.02225337,-0.04239252,-0.0423751,9.80635,9.80635,0.41591302,0.41595556,0.6,0.6,,,,,1,0,0
2026-09-28T21:47:30.041215+09:00,78848152,dccd50fe,2026-09-28T21:47:30.041215+09:00,2026-09-28T21:47:30.097035+09:00,rail-left-01,rail-right-01,0.6.7-draft,0.6.7-draft,mqtt,mqtt,40.52,35.15,6.006,6.669,-0.122,0.028,0.062,-0.257,10.424,9.713,-0.0661,0.0298,0.0372,0.0558,-0.0087,-0.0056,27.0,27.26,15279,18941,1.91,2.368,5.73,7.103,486,486,49,49,24,23,4,4,-0.40006498,-0.40317288,-0.40006498,-0.40317288,-0.55902554,-0.56074327,-0.55902554,-0.56074327,0.44972763,0.44833173,-0.02224187,-0.02225462,-0.04239066,-0.04237341,9.80635,9.80635,0.41591723,0.41595972,0.6,0.6,,,,,1,0,0
2026-09-28T21:47:30.060698+09:00,78867635,dccd50fe,2026-09-28T21:47:30.060698+09:00,2026-09-28T21:47:30.116518+09:00,rail-left-01,rail-right-01,0.6.7-draft,0.6.7-draft,mqtt,mqtt,40.52,35.15,6.005,6.669,-0.093,0.002,0.097,-0.253,10.422,9.694,-0.0649,0.032,0.0388,0.0556,-0.008,-0.0049,26.99,27.27,15277,18940,1.91,2.368,5.729,7.102,487,487,49,49,24,23,4,4,-0.40096299,-0.40308812,-0.40096299,-0.40308812,-0.55920052,-0.56091121,-0.55920052,-0.56091121,0.44958543,0.44819527,-0.02224318,-0.02225587,-0.0423889,-0.04237172,9.80635,9.80635,0.41592156,0.41596386,0.6,0.6,,,,,1,0,0
2026-09-28T21:47:30.080682+09:00,78887619,dccd50fe,2026-09-28T21:47:30.080682+09:00,2026-09-28T21:47:30.136501+09:00,rail-left-01,rail-right-01,0.6.7-draft,0.6.7-draft,mqtt,mqtt,40.52,35.15,6.005,6.669,-0.128,-0.005,0.071,-0.248,10.439,9.707,-0.0652,0.0312,0.0378,0.0569,-0.0089,-0.0068,27.0,27.27,15275,18940,1.909,2.368,5.728,7.102,488,488,49,49,24,23,4,4,-0.40192742,-0.40304362,-0.40192742,-0.40304362,-0.55937477,-0.56107846,-0.55937477,-0.56107846,0.44944383,0.44805935,-0.02224447,-0.0222571,-0.04238715,-0.04237005,9.80635,9.80635,0.41592588,0.41596799,0.6,0.6,,,,,1,0,0
2026-09-28T21:47:30.100716+09:00,78907653,dccd50fe,2026-09-28T21:47:30.100716+09:00,2026-09-28T21:47:30.156535+09:00,rail-left-01,rail-right-01,0.6.7-draft,0.6.7-draft,mqtt,mqtt,40.52,35.15,6.005,6.669,-0.12,0.004,0.098,-0.257,10.429,9.716,-0.0679,0.0321,0.0381,0.0557,-0.0075,-0.0053,27.01,27.24,15277,18941,1.91,2.368,5.729,7.103,489,489,49,49,24,23,4,4,-0.40295386,-0.40294717,-0.40295386,-0.40294717,-0.55954831,-0.56124503,-0.55954831,-0.56124503,0.4493028,0.44792399,-0.02224576,-0.02225834,-0.0423854,-0.04236838,9.80635,9.80635,0.41593018,0.41597209,0.6,0.6,,,,,1,0,0
2026-09-28T21:47:30.120828+09:00,78927765,dccd50fe,2026-09-28T21:47:30.120828+09:00,2026-09-28T21:47:30.176647+09:00,rail-left-01,rail-right-01,0.6.7-draft,0.6.7-draft,mqtt,mqtt,40.52,35.15,6.005,6.669,-0.129,0.017,0.114,-0.244,10.436,9.685,-0.0671,0.0304,0.0377,0.0548,-0.0079,-0.0061,27.04,27.25,15274,18941,1.909,2.368,5.728,7.103,490,490,49,49,24,23,4,4,-0.40404121,-0.40277742,-0.40404121,-0.40277742,-0.55972113,-0.56141094,-0.55972113,-0.56141094,0.44916236,0.44778917,-0.02224704,-0.02225956,-0.04238366,-0.04236672,9.80635,9.80635,0.41593446,0.41597618,0.6,0.6,,,,,1,0,0
2026-09-28T21:47:30.264975+09:00,79078431,dccd50fe,2026-09-28T21:47:30.264975+09:00,2026-09-28T21:47:30.301480+09:00,rail-left-01,rail-right-01,0.6.7-draft,0.6.7-draft,mqtt,mqtt,40.52,35.15,6.005,6.669,-0.086,0.008,0.102,-0.271,10.423,9.711,-0.0669,0.0309,0.0373,0.0554,-0.0095,-0.0057,26.99,27.26,15270,18940,1.909,2.368,5.726,7.102,491,491,50,50,24,23,4,4,-0.40314837,-0.40923678,-0.40314837,-0.40923678,-0.56157617,-0.56319653,-0.56157617,-0.56319653,0.44765489,0.44633937,-0.02226078,-0.02227279,-0.04236507,-0.04234911,9.80635,9.80635,0.41598025,0.41602027,0.6,0.6,,,,,1,0,0
2026-09-28T21:47:30.285133+09:00,79098589,dccd50fe,2026-09-28T21:47:30.285133+09:00,2026-09-28T21:47:30.321638+09:00,rail-left-01,rail-right-01,0.6.7-draft,0.6.7-draft,mqtt,mqtt,40.52,35.15,6.004,6.669,-0.089,-0.005,0.09,-0.302,10.408,9.674,-0.0653,0.0314,0.038,0.0561,-0.0092,-0.0048,27.03,27.25,15276,18941,1.91,2.368,5.729,7.103,492,492,50,50,24,23,4,4,-0.40359174,-0.40911129,-0.40359174,-0.40911129,-0.56174275,-0.56335466,-0.56174275,-0.56335466,0.44752015,0.44621086,-0.02226204,-0.02227395,-0.04236351,-0.04234753,9.80635,9.80635,0.41598445,0.41602415,0.6,0.6,,,,,1,0,0
2026-09-28T21:47:30.305125+09:00,79118581,dccd50fe,2026-09-28T21:47:30.305125+09:00,2026-09-28T21:47:30.341630+09:00,rail-left-01,rail-right-01,0.6.7-draft,0.6.7-draft,mqtt,mqtt,40.52,35.15,6.004,6.669,-0.079,-0.004,0.097,-0.231,10.398,9.688,-0.0653,0.0306,0.0381,0.0558,-0.0087,-0.0053,26.99,27.27,15278,18941,1.91,2.368,5.729,7.103,493,493,50,50,24,23,4,4,-0.40410157,-0.40898021,-0.40410157,-0.40898021,-0.56190866,-0.56351216,-0.56190866,-0.56351216,0.44738596,0.44608287,-0.0222633,-0.02227511,-0.04236196,-0.04234597,9.80635,9.80635,0.41598864,0.41602801,0.6,0.6,,,,,1,0,0
2026-09-28T21:47:30.325133+09:00,79138589,dccd50fe,2026-09-28T21:47:30.325133+09:00,2026-09-28T21:47:30.361638+09:00,rail-left-01,rail-right-01,0.6.7-draft,0.6.7-draft,mqtt,mqtt,40.52,35.15,6.005,6.669,-0.121,0.014,0.071,-0.271,10.408,9.689,-0.0682,0.0316,0.038,0.0574,-0.0089,-0.0043,26.99,27.27,15280,18943,1.91,2.368,5.73,7.104,494,494,50,50,24,23,4,4,-0.40468403,-0.40874867,-0.40468403,-0.40874867,-0.5620719,-0.56366905,-0.5620719,-0.56366905,0.4472533,0.44595538,-0.0222645,-0.02227626,-0.04236033,-0.0423444,9.80635,9.80635,0.41599265,0.41603186,0.6,0.6,,,,,1,0,0
2026-09-28T21:47:30.345214+09:00,79158671,dccd50fe,2026-09-28T21:47:30.345214+09:00,2026-09-28T21:47:30.381720+09:00,rail-left-01,rail-right-01,0.6.7-draft,0.6.7-draft,mqtt,mqtt,40.52,35.15,6.005,6.669,-0.097,0.024,0.071,-0.254,10.412,9.699,-0.0654,0.0305,0.0373,0.0552,-0.0091,-0.0045,26.99,27.26,15280,18941,1.91,2.368,5.73,7.103,495,495,50,50,24,23,4,4,-0.40532999,-0.40846183,-0.40532999,-0.40846183,-0.56223449,-0.56382532,-0.56223449,-0.56382532,0.44712117,0.44582838,-0.0222657,-0.02227741,-0.04235871,-0.04234285,9.80635,9.80635,0.41599665,0.41603568,0.6,0.6,,,,,1,0,0
2026-09-28T21:47:30.365395+09:00,79178851,dccd50fe,2026-09-28T21:47:30.365395+09:00,2026-09-28T21:47:30.401900+09:00,rail-left-01,rail-right-01,0.6.7-draft,0.6.7-draft,mqtt,mqtt,40.52,35.15,6.005,6.669,-0.126,0.005,0.079,-0.254,10.41,9.646,-0.064,0.0305,0.0374,0.0569,-0.0087,-0.0059,26.99,27.26,15278,18941,1.91,2.368,5.729,7.103,496,496,50,50,24,23,4,4,-0.40604337,-0.40828381,-0.40604337,-0.40828381,-0.56239643,-0.56398097,-0.56239643,-0.56398097,0.44698957,0.44570189,-0.0222669,-0.02227856,-0.04235709,-0.0423413,9.80635,9.80635,0.41600063,0.41603949,0.6,0.6,,,,,1,0,0
2026-09-28T21:47:30.385032+09:00,79198488,dccd50fe,2026-09-28T21:47:30.385032+09:00,2026-09-28T21:47:30.421537+09:00,rail-left-01,rail-right-01,0.6.7-draft,0.6.7-draft,mqtt,mqtt,40.52,35.15,6.005,6.669,-0.087,0.019,0.073,-0.244,10.432,9.68,-0.0662,0.032,0.0382,0.055,-0.0081,-0.0064,26.99,27.27,15279,18942,1.91,2.368,5.73,7.103,497,497,50,50,24,23,4,4,-0.40681177,-0.40802736,-0.40681177,-0.40802736,-0.56255773,-0.56413602,-0.56255773,-0.56413602,0.44685849,0.44557589,-0.02226808,-0.02227969,-0.04235548,-0.04233976,9.80635,9.80635,0.41600459,0.41604329,0.6,0.6,,,,,1,0,0
2026-09-28T21:47:30.405066+09:00,79218522,dccd50fe,2026-09-28T21:47:30.405066+09:00,2026-09-28T21:47:30.441571+09:00,rail-left-01,rail-right-01,0.6.7-draft,0.6.7-draft,mqtt,mqtt,40.52,35.15,6.005,6.669,-0.089,-0.004,0.093,-0.26,10.416,9.629,-0.0674,0.0313,0.0381,0.0565,-0.0091,-0.006,26.99,27.26,15276,18941,1.91,2.368,5.729,7.103,498,498,50,50,24,23,4,4,-0.40763411,-0.40790164,-0.40763411,-0.40790164,-0.56271838,-0.56429047,-0.56271838,-0.56429047,0.44672794,0.44545038,-0.02226927,-0.02228083,-0.04235388,-0.04233823,9.80635,9.80635,0.41600854,0.41604707,0.6,0.6,,,,,1,0,0
2026-09-28T21:47:30.425072+09:00,79238528,dccd50fe,2026-09-28T21:47:30.425072+09:00,2026-09-28T21:47:30.461577+09:00,rail-left-01,rail-right-01,0.6.7-draft,0.6.7-draft,mqtt,mqtt,40.52,35.15,6.005,6.669,-0.101,-0.016,0.075,-0.274,10.473,9.681,-0.0658,0.033,0.0378,0.0553,-0.0081,-0.0044,26.98,27.27,15278,18940,1.91,2.368,5.729,7.102,499,499,50,50,24,23,4,4,-0.40851003,-0.40784133,-0.40851003,-0.40784133,-0.5628784,-0.56444431,-0.5628784,-0.56444431,0.4465979,0.44532536,-0.02227045,-0.02228196,-0.04235228,-0.0423367,9.80635,9.80635,0.41601247,0.41605083,0.6,0.6,,,,,1,0,0
2026-09-28T21:47:30.445154+09:00,79258610,dccd50fe,2026-09-28T21:47:30.445154+09:00,2026-09-28T21:47:30.481659+09:00,rail-left-01,rail-right-01,0.6.7-draft,0.6.7-draft,mqtt,mqtt,40.52,35.15,6.005,6.669,-0.116,0.0,0.053,-0.26,10.385,9.664,-0.0658,0.032,0.0349,0.0558,-0.0077,-0.0053,27.0,27.28,15278,18941,1.91,2.368,5.729,7.103,500,500,50,50,24,23,4,4,-0.40943741,-0.40769309,-0.40943741,-0.40769309,-0.56303778,-0.56459756,-0.56303778,-0.56459756,0.44646838,0.44520082,-0.02227162,-0.02228308,-0.04235069,-0.04233518,9.80635,9.80635,0.41601638,0.41605458,0.6,0.6,,,,,1,0,0
2026-09-28T21:47:30.526600+09:00,79382625,dccd50fe,2026-09-28T21:47:30.526600+09:00,2026-09-28T21:47:30.563516+09:00,rail-left-01,rail-right-01,0.6.7-draft,0.6.7-draft,mqtt,mqtt,40.52,35.15,6.004,6.669,-0.114,0.022,0.091,-0.251,10.457,9.677,-0.0655,0.032,0.0378,0.0549,-0.0091,-0.0068,26.99,27.25,15276,18941,1.91,2.368,5.729,7.103,501,501,51,51,24,23,4,4,-0.40790752,-0.41276311,-0.40790752,-0.41276311,-0.56475215,-0.5662087,-0.56475215,-0.5662087,0.4450758,0.44388023,-0.02228424,-0.02229434,-0.04233375,-0.04231728,9.80635,9.80635,0.41605845,0.41609211,0.6,0.6,,,,,1,0,0
2026-09-28T21:47:30.546779+09:00,79402803,dccd50fe,2026-09-28T21:47:30.546779+09:00,2026-09-28T21:47:30.583694+09:00,rail-left-01,rail-right-01,0.6.7-draft,0.6.7-draft,mqtt,mqtt,40.52,35.15,6.005,6.669,-0.08,0.018,0.098,-0.274,10.452,9.682,-0.0669,0.0318,0.0374,0.0548,-0.0087,-0.0057,27.02,27.24,15296,18944,1.912,2.368,5.736,7.104,502,502,51,51,24,23,4,4,-0.40819949,-0.41246084,-0.40819949,-0.41246084,-0.56490421,-0.56634941,-0.56490421,-0.56634941,0.44495222,0.44376412,-0.02228535,-0.02229529,-0.04233224,-0.04231558,9.80635,9.80635,0.41606216,0.41609527,0.6,0.6,,,,,1,0,0
2026-09-28T21:47:30.566638+09:00,79422663,dccd50fe,2026-09-28T21:47:30.566638+09:00,2026-09-28T21:47:30.603554+09:00,rail-left-01,rail-right-01,0.6.7-draft,0.6.7-draft,mqtt,mqtt,40.52,35.15,6.006,6.67,-0.113,-0.02,0.073,-0.265,10.451,9.718,-0.0658,0.0309,0.0396,0.0568,-0.008,-0.0051,26.97,27.28,15298,18944,1.912,2.368,5.737,7.104,503,503,51,51,24,23,4,4,-0.40857364,-0.41236346,-0.40857364,-0.41236346,-0.56505375,-0.56649149,-0.56505375,-0.56649149,0.4448301,0.4436494,-0.02228642,-0.02229619,-0.04233065,-0.04231398,9.80635,9.80635,0.41606572,0.41609827,0.6,0.6,,,,,1,0,0
2026-09-28T21:47:30.586647+09:00,79442671,dccd50fe,2026-09-28T21:47:30.586647+09:00,2026-09-28T21:47:30.623562+09:00,rail-left-01,rail-right-01,0.6.7-draft,0.6.7-draft,mqtt,mqtt,40.52,35.15,6.006,6.67,-0.085,0.013,0.093,-0.255,10.44,9.7,-0.0659,0.0317,0.039,0.0549,-0.0069,-0.0057,26.98,27.27,15294,18944,1.912,2.368,5.735,7.104,504,504,51,51,24,23,4,4,-0.40902034,-0.41208956,-0.40902034,-0.41208956,-0.56520272,-0.56663303,-0.56520272,-0.56663303,0.44470844,0.4435351,-0.02228748,-0.02229708,-0.04232907,-0.04231239,9.80635,9.80635,0.41606926,0.41610125,0.6,0.6,,,,,1,0,0
2026-09-28T21:47:30.606907+09:00,79462931,dccd50fe,2026-09-28T21:47:30.606907+09:00,2026-09-28T21:47:30.643822+09:00,rail-left-01,rail-right-01,0.6.7-draft,0.6.7-draft,mqtt,mqtt,40.52,35.15,6.007,6.67,-0.108,-0.024,0.095,-0.22,10.42,9.681,-0.0658,0.0313,0.0377,0.0561,-0.0089,-0.0065,26.98,27.27,15291,18944,1.911,2.368,5.734,7.104,505,505,51,51,24,23,4,4,-0.40954073,-0.41201599,-0.40954073,-0.41201599,-0.56534918,-0.56677404,-0.56534918,-0.56677404,0.44458821,0.44342124,-0.0222885,-0.02229797,-0.04232741,-0.0423108,9.80635,9.80635,0.41607265,0.41610423,0.6,0.6,,,,,1,0,0
2026-09-28T21:47:30.627088+09:00,79483113,dccd50fe,2026-09-28T21:47:30.627088+09:00,2026-09-28T21:47:30.664004+09:00,rail-left-01,rail-right-01,0.6.7-draft,0.6.7-draft,mqtt,mqtt,40.52,35.15,6.007,6.67,-0.101,0.031,0.098,-0.245,10.418,9.707,-0.0666,0.0318,0.0369,0.0546,-0.008,-0.0045,26.98,27.26,15291,18945,1.911,2.368,5.734,7.104,506,506,51,51,24,23,4,4,-0.41012886,-0.41164718,-0.41012886,-0.41164718,-0.56549509,-0.56691451,-0.56549509,-0.56691451,0.44446844,0.44330781,-0.02228951,-0.02229886,-0.04232576,-0.04230921,9.80635,9.80635,0.41607602,0.41610719,0.6,0.6,,,,,1,0,0
2026-09-28T21:47:30.646692+09:00,79502717,dccd50fe,2026-09-28T21:47:30.646692+09:00,2026-09-28T21:47:30.683608+09:00,rail-left-01,rail-right-01,0.6.7-draft,0.6.7-draft,mqtt,mqtt,40.52,35.15,6.007,6.67,-0.12,0.008,0.089,-0.273,10.416,9.679,-0.0669,0.0312,0.0384,0.0545,-0.0092,-0.0059,27.0,27.26,15293,18944,1.912,2.368,5.735,7.104,507,507,51,51,24,23,4,4,-0.41078526,-0.41140346,-0.41078526,-0.41140346,-0.56564044,-0.56705446,-0.56564044,-0.56705446,0.44434913,0.44319481,-0.02229052,-0.02229975,-0.04232412,-0.04230764,9.80635,9.80635,0.41607938,0.41611014,0.6,0.6,,,,,1,0,0
2026-09-28T21:47:30.666710+09:00,79522734,dccd50fe,2026-09-28T21:47:30.666710+09:00,2026-09-28T21:47:30.703625+09:00,rail-left-01,rail-right-01,0.6.7-draft,0.6.7-draft,mqtt,mqtt,40.52,35.15,6.008,6.67,-0.067,0.017,0.097,-0.275,10.475,9.716,-0.0665,0.0314,0.0382,0.0553,-0.0083,-0.0051,26.97,27.27,15294,18944,1.912,2.368,5.735,7.104,508,508,51,51,24,23,4,4,-0.41149687,-0.41111168,-0.41149687,-0.41111168,-0.56578332,-0.56719388,-0.56578332,-0.56719388,0.44423123,0.44308223,-0.02229148,-0.02230063,-0.0423224,-0.04230607,9.80635,9.80635,0.41608258,0.41611308,0.6,0.6,,,,,1,0,0
2026-09-28T21:47:30.686695+09:00,79542719,dccd50fe,2026-09-28T21:47:30.686695+09:00,2026-09-28T21:47:30.723610+09:00,rail-left-01,rail-right-01,0.6.7-draft,0.6.7-draft,mqtt,mqtt,40.52,35.15,6.008,6.67,-0.087,-0.013,0.053,-0.253,10.396,9.679,-0.0665,0.031,0.0365,0.0554,-0.0081,-0.006,27.0,27.24,15290,18944,1.911,2.368,5.734,7.104,509,509,51,51,24,23,4,4,-0.41226354,-0.4109819,-0.41226354,-0.4109819,-0.56592565,-0.56733278,-0.56592565,-0.56733278,0.44411379,0.44297007,-0.02229244,-0.02230151,-0.04232068,-0.04230451,9.80635,9.80635,0.41608577,0.41611601,0.6,0.6,,,,,1,0,0
2026-09-28T21:47:30.706819+09:00,79562843,dccd50fe,2026-09-28T21:47:30.706819+09:00,2026-09-28T21:47:30.743734+09:00,rail-left-01,rail-right-01,0.6.7-draft,0.6.7-draft,mqtt,mqtt,40.52,35.15,6.008,6.67,-0.107,0.007,0.105,-0.26,10.436,9.667,-0.0655,0.0324,0.0373,0.0552,-0.0071,-0.0063,27.02,27.27,15291,18944,1.911,2.368,5.734,7.104,510,510,51,51,24,23,4,4,-0.41308811,-0.41074643,-0.41308811,-0.41074643,-0.56606744,-0.56747117,-0.56606744,-0.56747117,0.44399679,0.44285833,-0.02229339,-0.02230238,-0.04231898,-0.04230295,9.80635,9.80635,0.41608895,0.41611892,0.6,0.6,,,,,1,0,0
2026-09-28T21:47:30.842957+09:00,79645427,dccd50fe,2026-09-28T21:47:30.842957+09:00,2026-09-28T21:47:30.894041+09:00,rail-left-01,rail-right-01,0.6.7-draft,0.6.7-draft,mqtt,mqtt,40.52,35.15,6.008,6.67,-0.11,0.025,0.075,-0.261,10.424,9.691,-0.0663,0.0312,0.0373,0.0553,-0.0075,-0.0045,27.0,27.26,15292,18943,1.912,2.368,5.735,7.104,511,511,52,52,24,23,4,4,-0.41104435,-0.41633854,-0.41104435,-0.41633854,-0.56760903,-0.56894708,-0.56760903,-0.56894708,0.442747,0.44166261,-0.02230325,-0.02231149,-0.0423014,-0.04228568,9.80635,9.80635,0.41612182,0.41614928,0.6,0.6,,,,,1,0,0
2026-09-28T21:47:30.863118+09:00,79665588,dccd50fe,2026-09-28T21:47:30.863118+09:00,2026-09-28T21:47:30.914202+09:00,rail-left-01,rail-right-01,0.6.7-draft,0.6.7-draft,mqtt,mqtt,40.52,35.15,6.008,6.67,-0.115,-0.004,0.081,-0.261,10.405,9.686,-0.0657,0.031,0.0374,0.0573,-0.0077,-0.0067,26.97,27.26,15287,18943,1.911,2.368,5.733,7.104,512,512,52,52,24,23,4,4,-0.41141796,-0.41609241,-0.41141796,-0.41609241,-0.56774638,-0.56907764,-0.56774638,-0.56907764,0.4426361,0.44155663,-0.02230412,-0.02231228,-0.04229986,-0.04228412,9.80635,9.80635,0.41612471,0.41615192,0.6,0.6,,,,,1,0,0
2026-09-28T21:47:30.883086+09:00,79685556,dccd50fe,2026-09-28T21:47:30.883086+09:00,2026-09-28T21:47:30.934170+09:00,rail-left-01,rail-right-01,0.6.7-draft,0.6.7-draft,mqtt,mqtt,40.52,35.15,6.008,6.67,-0.107,0.005,0.078,-0.249,10.444,9.687,-0.0657,0.0316,0.0373,0.0564,-0.0079,-0.0059,26.98,27.27,15287,18944,1.911,2.368,5.733,7.104,513,513,52,52,24,23,4,4,-0.41186144,-0.41580044,-0.41186144,-0.41580044,-0.56788322,-0.56920773,-0.56788322,-0.56920773,0.4425256,0.44145103,-0.02230498,-0.02231307,-0.04229832,-0.04228256,9.80635,9.80635,0.41612759,0.41615456,0.6,0.6,,,,,1,0,0
2026-09-28T21:47:30.903092+09:00,79705562,dccd50fe,2026-09-28T21:47:30.903092+09:00,2026-09-28T21:47:30.954176+09:00,rail-left-01,rail-right-01,0.6.7-draft,0.6.7-draft,mqtt,mqtt,40.52,35.15,6.008,6.67,-0.138,0.0,0.073,-0.267,10.387,9.677,-0.0659,0.0313,0.0381,0.0573,-0.0085,-0.0061,27.02,27.28,15289,18943,1.911,2.368,5.733,7.104,514,514,52,52,24,23,4,4,-0.41237899,-0.41553568,-0.41237899,-0.41553568,-0.56801955,-0.56933735,-0.56801955,-0.56933735,0.44241551,0.44134582,-0.02230584,-0.02231386,-0.04229679,-0.04228101,9.80635,9.80635,0.41613046,0.41615718,0.6,0.6,,,,,1,0,0
2026-09-28T21:47:30.923480+09:00,79725950,dccd50fe,2026-09-28T21:47:30.923480+09:00,2026-09-28T21:47:30.974564+09:00,rail-left-01,rail-right-01,0.6.7-draft,0.6.7-draft,mqtt,mqtt,40.52,35.15,6.009,6.67,-0.114,0.028,0.095,-0.26,10.432,9.665,-0.0677,0.0313,0.0377,0.0565,-0.0079,-0.0045,27.02,27.27,15292,18944,1.912,2.368,5.735,7.104,515,515,52,52,24,23,4,4,-0.41296317,-0.41512716,-0.41296317,-0.41512716,-0.56815353,-0.56946649,-0.56815353,-0.56946649,0.44230676,0.44124099,-0.02230666,-0.02231465,-0.04229518,-0.04227947,9.80635,9.80635,0.41613318,0.41615979,0.6,0.6,,,,,1,0,0
2026-09-28T21:47:30.943510+09:00,79745980,dccd50fe,2026-09-28T21:47:30.943510+09:00,2026-09-28T21:47:30.994594+09:00,rail-left-01,rail-right-01,0.6.7-draft,0.6.7-draft,mqtt,mqtt,40.52,35.15,6.009,6.67,-0.099,0.006,0.109,-0.253,10.406,9.687,-0.0662,0.0306,0.0372,0.0552,-0.008,-0.0064,26.99,27.26,15295,18944,1.912,2.368,5.736,7.104,516,516,52,52,24,23,4,4,-0.4136063,-0.41483336,-0.4136063,-0.41483336,-0.56828701,-0.56959517,-0.56828701,-0.56959517,0.44219841,0.44113654,-0.02230747,-0.02231543,-0.04229358,-0.04227793,9.80635,9.80635,0.41613589,0.4161624,0.6,0.6,,,,,1,0,0
2026-09-28T21:47:30.963116+09:00,79765586,dccd50fe,2026-09-28T21:47:30.963116+09:00,2026-09-28T21:47:31.014200+09:00,rail-left-01,rail-right-01,0.6.7-draft,0.6.7-draft,mqtt,mqtt,40.52,35.15,6.009,6.67,-0.098,0.012,0.065,-0.26,10.417,9.692,-0.0655,0.0322,0.0388,0.0565,-0.0079,-0.0059,27.02,27.27,15289,18943,1.911,2.368,5.733,7.104,517,517,52,52,24,23,4,4,-0.41430589,-0.41450959,-0.41430589,-0.41450959,-0.56842,-0.56972338,-0.56842,-0.56972338,0.44209046,0.44103247,-0.02230828,-0.0223162,-0.04229199,-0.0422764,9.80635,9.80635,0.41613859,0.41616499,0.6,0.6,,,,,1,0,0
2026-09-28T21:47:30.983120+09:00,79785590,dccd50fe,2026-09-28T21:47:30.983120+09:00,2026-09-28T21:47:31.034204+09:00,rail-left-01,rail-right-01,0.6.7-draft,0.6.7-draft,mqtt,mqtt,40.52,35.15,6.009,6.67,-0.108,0.019,0.073,-0.277,10.435,9.691,-0.0677,0.0304,0.0381,0.0546,-0.0077,-0.0047,26.98,27.25,15292,18944,1.912,2.368,5.735,7.104,518,518,52,52,24,23,4,4,-0.41506182,-0.414151,-0.41506182,-0.414151,-0.5685525,-0.56985112,-0.5685525,-0.56985112,0.44198291,0.44092877,-0.02230909,-0.02231698,-0.0422904,-0.04227488,9.80635,9.80635,0.41614128,0.41616757,0.6,0.6,,,,,1,0,0
2026-09-28T21:47:31.003118+09:00,79805588,dccd50fe,2026-09-28T21:47:31.003118+09:00,2026-09-28T21:47:31.054202+09:00,rail-left-01,rail-right-01,0.6.7-draft,0.6.7-draft,mqtt,mqtt,40.52,35.15,6.009,6.67,-0.127,0.032,0.078,-0.255,10.423,9.686,-0.0679,0.0308,0.038,0.0572,-0.0092,-0.006,26.99,27.26,15294,18944,1.912,2.368,5.735,7.104,519,519,52,52,24,23,4,4,-0.41587523,-0.41372703,-0.41587523,-0.41372703,-0.56868451,-0.56997841,-0.56868451,-0.56997841,0.44187575,0.44082545,-0.02230989,-0.02231775,-0.04228882,-0.04227336,9.80635,9.80635,0.41614396,0.41617015,0.6,0.6,,,,,1,0,0
2026-09-28T21:47:31.023212+09:00,79825682,dccd50fe,2026-09-28T21:47:31.023212+09:00,2026-09-28T21:47:31.074296+09:00,rail-left-01,rail-right-01,0.6.7-draft,0.6.7-draft,mqtt,mqtt,40.52,35.15,6.009,6.67,-0.095,0.006,0.101,-0.242,10.449,9.669,-0.0653,0.0309,0.0378,0.056,-0.0099,-0.0043,26.99,27.27,15296,18943,1.912,2.368,5.736,7.104,520,520,52,52,24,23,4,4,-0.41673706,-0.41343828,-0.41673706,-0.41343828,-0.56881603,-0.57010523,-0.56881603,-0.57010523,0.44176899,0.4407225,-0.02231069,-0.02231852,-0.04228725,-0.04227185,9.80635,9.80635,0.41614662,0.41617271,0.6,0.6,,,,,1,0,0
2026-09-28T21:47:31.131945+09:00,79980427,dccd50fe,2026-09-28T21:47:31.131945+09:00,2026-09-28T21:47:31.224859+09:00,rail-left-01,rail-right-01,0.6.7-draft,0.6.7-draft,mqtt,mqtt,40.52,35.15,6.009,6.67,-0.109,-0.01,0.072,-0.251,10.436,9.693,-0.0659,0.0318,0.0373,0.0562,-0.0085,-0.0047,26.99,27.24,15290,18943,1.911,2.368,5.734,7.104,521,521,53,53,24,23,4,4,-0.41359278,-0.41786375,-0.41359278,-0.41786375,-0.5702316,-0.57145483,-0.5702316,-0.57145483,0.44061992,0.43962203,-0.02231928,-0.02232643,-0.04227034,-0.0422549,9.80635,9.80635,0.41617526,0.41619909,0.6,0.6,,,,,1,0,0
2026-09-28T21:47:31.151961+09:00,80000443,dccd50fe,2026-09-28T21:47:31.151961+09:00,2026-09-28T21:47:31.244875+09:00,rail-left-01,rail-right-01,0.6.7-draft,0.6.7-draft,mqtt,mqtt,40.52,35.15,6.01,6.67,-0.104,0.01,0.055,-0.284,10.421,9.716,-0.0658,0.0302,0.0384,0.0561,-0.008,-0.0067,27.0,27.26,15296,18942,1.912,2.368,5.736,7.103,522,522,53,53,24,23,4,4,-0.41382497,-0.4175837,-0.41382497,-0.4175837,-0.57035572,-0.57157461,-0.57035572,-0.57157461,0.44051861,0.43952427,-0.02232001,-0.02232713,-0.04226876,-0.04225338,9.80635,9.80635,0.41617767,0.41620141,0.6,0.6,,,,,1,0,0
2026-09-28T21:47:31.172083+09:00,80020565,dccd50fe,2026-09-28T21:47:31.172083+09:00,2026-09-28T21:47:31.264997+09:00,rail-left-01,rail-right-01,0.6.7-draft,0.6.7-draft,mqtt,mqtt,40.52,35.15,6.01,6.67,-0.124,0.005,0.107,-0.237,10.402,9.693,-0.0661,0.032,0.0381,0.0561,-0.0077,-0.0051,26.98,27.28,15293,18942,1.912,2.368,5.735,7.103,523,523,53,53,24,23,4,4,-0.41413549,-0.41733025,-0.41413549,-0.41733025,-0.5704794,-0.57169396,-0.5704794,-0.57169396,0.44041766,0.43942684,-0.02232073,-0.02232782,-0.04226719,-0.04225187,9.80635,9.80635,0.41618008,0.41620372,0.6,0.6,,,,,1,0,0
2026-09-28T21:47:31.192134+09:00,80040616,dccd50fe,2026-09-28T21:47:31.192134+09:00,2026-09-28T21:47:31.285048+09:00,rail-left-01,rail-right-01,0.6.7-draft,0.6.7-draft,mqtt,mqtt,40.52,35.15,6.01,6.67,-0.068,0.001,0.053,-0.283,10.449,9.707,-0.0661,0.032,0.0365,0.0561,-0.0088,-0.0069,26.99,27.28,15290,18941,1.911,2.368,5.734,7.103,524,524,53,53,24,23,4,4,-0.41450798,-0.41709737,-0.41450798,-0.41709737,-0.57060263,-0.57181289,-0.57060263,-0.57181289,0.44031708,0.43932977,-0.02232145,-0.02232851,-0.04226562,-0.04225036,9.80635,9.80635,0.41618247,0.41620603,0.6,0.6,,,,,1,0,0
2026-09-28T21:47:31.212094+09:00,80060576,dccd50fe,2026-09-28T21:47:31.212094+09:00,2026-09-28T21:47:31.305008+09:00,rail-left-01,rail-right-01,0.6.7-draft,0.6.7-draft,mqtt,mqtt,40.52,35.15,6.01,6.67,-0.128,0.016,0.059,-0.238,10.417,9.679,-0.0657,0.0308,0.0354,0.0564,-0.0092,-0.006,26.99,27.27,15290,18944,1.911,2.368,5.734,7.104,525,525,53,53,24,23,4,4,-0.41495007,-0.41679096,-0.41495007,-0.41679096,-0.57072542,-0.5719314,-0.57072542,-0.5719314,0.44021685,0.43923303,-0.02232216,-0.0223292,-0.04226406,-0.04224886,9.80635,9.80635,0.41618485,0.41620832,0.6,0.6,,,,,1,0,0
2026-09-28T21:47:31.232909+09:00,80081391,dccd50fe,2026-09-28T21:47:31.232909+09:00,2026-09-28T21:47:31.325823+09:00,rail-left-01,rail-right-01,0.6.7-draft,0.6.7-draft,mqtt,mqtt,40.52,35.15,6.01,6.67,-0.062,0.042,0.098,-0.254,10.41,9.645,-0.0662,0.0317,0.0384,0.0572,-0.0089,-0.0068,26.99,27.27,15288,18943,1.911,2.368,5.733,7.104,526,526,53,53,24,23,4,4,-0.41545114,-0.41635624,-0.41545114,-0.41635624,-0.57084778,-0.5720495,-0.57084778,-0.5720495,0.44011698,0.43913663,-0.02232287,-0.02232989,-0.04226251,-0.04224737,9.80635,9.80635,0.41618723,0.4162106,0.6,0.6,,,,,1,0,0
2026-09-28T21:47:31.253274+09:00,80101756,dccd50fe,2026-09-28T21:47:31.253274+09:00,2026-09-28T21:47:31.346188+09:00,rail-left-01,rail-right-01,0.6.7-draft,0.6.7-draft,mqtt,mqtt,40.52,35.15,6.01,6.67,-0.103,0.0,0.104,-0.261,10.408,9.698,-0.0654,0.0318,0.0394,0.056,-0.0081,-0.004,26.99,27.27,15291,18942,1.911,2.368,5.734,7.103,527,527,53,53,24,23,4,4,-0.41601639,-0.41613149,-0.41601639,-0.41613149,-0.5709697,-0.57216719,-0.5709697,-0.57216719,0.44001746,0.43904057,-0.02232358,-0.02233057,-0.04226096,-0.04224588,9.80635,9.80635,0.41618959,0.41621288,0.6,0.6,,,,,1,0,0
2026-09-28T21:47:31.272043+09:00,80120525,dccd50fe,2026-09-28T21:47:31.272043+09:00,2026-09-28T21:47:31.364957+09:00,rail-left-01,rail-right-01,0.6.7-draft,0.6.7-draft,mqtt,mqtt,40.52,35.15,6.01,6.67,-0.11,0.012,0.093,-0.294,10.428,9.669,-0.0662,0.0306,0.0368,0.057,-0.0089,-0.006,27.01,27.26,15290,18944,1.911,2.368,5.734,7.104,528,528,53,53,24,23,4,4,-0.41663699,-0.41584849,-0.41663699,-0.41584849,-0.57109118,-0.57228447,-0.57109118,-0.57228447,0.4399183,0.43894484,-0.02232429,-0.02233125,-0.04225942,-0.04224439,9.80635,9.80635,0.41619195,0.41621515,0.6,0.6,,,,,1,0,0
2026-09-28T21:47:31.292069+09:00,80140551,dccd50fe,2026-09-28T21:47:31.292069+09:00,2026-09-28T21:47:31.384983+09:00,rail-left-01,rail-right-01,0.6.7-draft,0.6.7-draft,mqtt,mqtt,40.52,35.15,6.009,6.67,-0.101,0.01,0.107,-0.245,10.404,9.708,-0.0649,0.0321,0.0385,0.0556,-0.0083,-0.0065,26.99,27.27,15288,18941,1.911,2.368,5.733,7.103,529,529,53,53,24,23,4,4,-0.41731407,-0.41557555,-0.41731407,-0.41557555,-0.57121401,-0.57240134,-0.57121401,-0.57240134,0.4398186,0.43884945,-0.02232503,-0.02233193,-0.04225796,-0.04224291,9.80635,9.80635,0.41619443,0.41621741,0.6,0.6,,,,,1,0,0
2026-09-28T21:47:31.312087+09:00,80160569,dccd50fe,2026-09-28T21:47:31.312087+09:00,2026-09-28T21:47:31.405001+09:00,rail-left-01,rail-right-01,0.6.7-draft,0.6.7-draft,mqtt,mqtt,40.52,35.15,6.01,6.67,-0.101,-0.011,0.092,-0.256,10.409,9.695,-0.0657,0.0317,0.0368,0.0558,-0.0076,-0.0064,26.98,27.26,15294,18943,1.912,2.368,5.735,7.104,530,530,53,53,24,23,4,4,-0.41804338,-0.41540793,-0.41804338,-0.41540793,-0.57133463,-0.5725178,-0.57133463,-0.5725178,0.43972014,0.43875439,-0.02232574,-0.0223326,-0.04225643,-0.04224144,9.80635,9.80635,0.41619676,0.41621966,0.6,0.6,,,,,1,0,0
2026-09-28T21:47:31.456687+09:00,80307411,dccd50fe,2026-09-28T21:47:31.456687+09:00,2026-09-28T21:47:31.492089+09:00,rail-left-01,rail-right-01,0.6.7-draft,0.6.7-draft,mqtt,mqtt,40.52,35.15,6.009,6.67,-0.08,0.006,0.073,-0.245,10.438,9.655,-0.0673,0.0304,0.0376,0.0561,-0.0083,-0.0064,27.0,27.26,15286,18942,1.911,2.368,5.732,7.103,531,531,54,54,24,23,4,4,-0.41573847,-0.4211251,-0.41573847,-0.4211251,-0.57263559,-0.57378287,-0.57263559,-0.57378287,0.43865879,0.437725,-0.02233331,-0.02234009,-0.04224005,-0.04222604,9.80635,9.80635,0.41622202,0.4162446,0.6,0.6,,,,,1,0,0
2026-09-28T21:47:31.476894+09:00,80327618,dccd50fe,2026-09-28T21:47:31.476894+09:00,2026-09-28T21:47:31.512296+09:00,rail-left-01,rail-right-01,0.6.7-draft,0.6.7-draft,mqtt,mqtt,40.52,35.15,6.009,6.67,-0.078,0.005,0.087,-0.25,10.409,9.675,-0.0679,0.032,0.0378,0.0558,-0.0095,-0.0053,26.99,27.27,15286,18942,1.911,2.368,5.732,7.103,532,532,54,54,24,23,4,4,-0.41613441,-0.42079588,-0.41613441,-0.42079588,-0.57275297,-0.5738946,-0.57275297,-0.5738946,0.43856352,0.4376338,-0.02233402,-0.02234073,-0.04223866,-0.04222463,9.80635,9.80635,0.41622438,0.41624675,0.6,0.6,,,,,1,0,0
2026-09-28T21:47:31.496913+09:00,80347637,dccd50fe,2026-09-28T21:47:31.496913+09:00,2026-09-28T21:47:31.532315+09:00,rail-left-01,rail-right-01,0.6.7-draft,0.6.7-draft,mqtt,mqtt,40.52,35.15,6.009,6.67,-0.102,-0.005,0.08,-0.247,10.384,9.687,-0.0674,0.0312,0.0364,0.056,-0.0083,-0.0065,27.02,27.25,15290,18942,1.911,2.368,5.734,7.103,533,533,54,54,24,23,4,4,-0.41659552,-0.42051595,-0.41659552,-0.42051595,-0.57286995,-0.57400595,-0.57286995,-0.57400595,0.43846858,0.43754291,-0.02233473,-0.02234137,-0.04223728,-0.04222323,9.80635,9.80635,0.41622673,0.41624889,0.6,0.6,,,,,1,0,0
2026-09-28T21:47:31.516786+09:00,80367510,dccd50fe,2026-09-28T21:47:31.516786+09:00,2026-09-28T21:47:31.552188+09:00,rail-left-01,rail-right-01,0.6.7-draft,0.6.7-draft,mqtt,mqtt,40.52,35.15,6.009,6.67,-0.096,0.019,0.092,-0.257,10.436,9.655,-0.0657,0.0318,0.037,0.0549,-0.0081,-0.0072,27.0,27.26,15292,18942,1.912,2.368,5.735,7.103,534,534,54,54,24,23,4,4,-0.41711783,-0.4201215,-0.41711783,-0.4201215,-0.57298653,-0.57411692,-0.57298653,-0.57411692,0.43837397,0.43745233,-0.02233543,-0.02234201,-0.0422359,-0.04222183,9.80635,9.80635,0.41622907,0.41625102,0.6,0.6,,,,,1,0,0
2026-09-28T21:47:31.537682+09:00,80388406,dccd50fe,2026-09-28T21:47:31.537682+09:00,2026-09-28T21:47:31.573084+09:00,rail-left-01,rail-right-01,0.6.7-draft,0.6.7-draft,mqtt,mqtt,40.52,35.15,6.009,6.67,-0.136,-0.016,0.059,-0.266,10.447,9.708,-0.0659,0.0302,0.0372,0.0556,-0.0084,-0.0051,27.02,27.25,15293,18942,1.912,2.368,5.735,7.103,535,535,54,54,24,23,4,4,-0.41770967,-0.41989623,-0.41770967,-0.41989623,-0.5731027,-0.57422751,-0.5731027,-0.57422751,0.43827969,0.43736205,-0.02233613,-0.02234265,-0.04223453,-0.04222043,9.80635,9.80635,0.4162314,0.41625315,0.6,0.6,,,,,1,0,0
2026-09-28T21:47:31.557685+09:00,80408409,dccd50fe,2026-09-28T21:47:31.557685+09:00,2026-09-28T21:47:31.593087+09:00,rail-left-01,rail-right-01,0.6.7-draft,0.6.7-draft,mqtt,mqtt,40.52,35.15,6.009,6.67,-0.086,-0.012,0.079,-0.277,10.436,9.692,-0.0658,0.0318,0.0376,0.0573,-0.008,-0.0064,27.0,27.25,15290,18943,1.911,2.368,5.734,7.104,536,536,54,54,24,23,4,4,-0.41835598,-0.41965286,-0.41835598,-0.41965286,-0.57321847,-0.57433773,-0.57321847,-0.57433773,0.43818573,0.43727208,-0.02233682,-0.02234329,-0.04223317,-0.04221905,9.80635,9.80635,0.41623373,0.41625527,0.6,0.6,,,,,1,0,0
2026-09-28T21:47:31.576768+09:00,80427492,dccd50fe,2026-09-28T21:47:31.576768+09:00,2026-09-28T21:47:31.612170+09:00,rail-left-01,rail-right-01,0.6.7-draft,0.6.7-draft,mqtt,mqtt,40.52,35.15,6.01,6.67,-0.067,-0.018,0.071,-0.245,10.442,9.701,-0.0667,0.0314,0.0376,0.0572,-0.0084,-0.0053,27.02,27.27,15292,18942,1.912,2.368,5.735,7.103,537,537,54,54,24,23,4,4,-0.41904849,-0.41943893,-0.41904849,-0.41943893,-0.57333213,-0.57444757,-0.57333213,-0.57444757,0.43809295,0.43718241,-0.02233748,-0.02234392,-0.04223173,-0.04221766,9.80635,9.80635,0.41623592,0.41625738,0.6,0.6,,,,,1,0,0
2026-09-28T21:47:31.596848+09:00,80447572,dccd50fe,2026-09-28T21:47:31.596848+09:00,2026-09-28T21:47:31.632250+09:00,rail-left-01,rail-right-01,0.6.7-draft,0.6.7-draft,mqtt,mqtt,40.52,35.15,6.01,6.67,-0.124,0.025,0.061,-0.248,10.433,9.703,-0.0663,0.0324,0.0376,0.0546,-0.0087,-0.0053,26.99,27.27,15292,18941,1.912,2.368,5.735,7.103,538,538,54,54,24,23,4,4,-0.41979828,-0.41901941,-0.41979828,-0.41901941,-0.57344539,-0.57455705,-0.57344539,-0.57455705,0.43800049,0.43709305,-0.02233814,-0.02234455,-0.0422303,-0.04221628,9.80635,9.80635,0.4162381,0.41625948,0.6,0.6,,,,,1,0,0
2026-09-28T21:47:31.616846+09:00,80467570,dccd50fe,2026-09-28T21:47:31.616846+09:00,2026-09-28T21:47:31.652248+09:00,rail-left-01,rail-right-01,0.6.7-draft,0.6.7-draft,mqtt,mqtt,40.52,35.15,6.01,6.67,-0.148,-0.013,0.072,-0.263,10.409,9.712,-0.067,0.03,0.0366,0.0554,-0.0083,-0.0064,27.02,27.26,15291,18942,1.911,2.368,5.734,7.103,539,539,54,54,24,23,4,4,-0.42060611,-0.41878306,-0.42060611,-0.41878306,-0.57355827,-0.57466616,-0.57355827,-0.57466616,0.43790835,0.43700398,-0.02233879,-0.02234518,-0.04222887,-0.04221491,9.80635,9.80635,0.41624027,0.41626157,0.6,0.6,,,,,1,0,0
2026-09-28T21:47:31.636939+09:00,80487663,dccd50fe,2026-09-28T21:47:31.636939+09:00,2026-09-28T21:47:31.672341+09:00,rail-left-01,rail-right-01,0.6.7-draft,0.6.7-draft,mqtt,mqtt,40.52,35.15,6.01,6.67,-0.085,0.023,0.084,-0.245,10.44,9.701,-0.0654,0.0317,0.0389,0.0569,-0.0096,-0.0056,27.01,27.29,15289,18942,1.911,2.368,5.733,7.103,540,540,54,54,24,23,4,4,-0.42145993,-0.41837565,-0.42145993,-0.41837565,-0.57367077,-0.5747749,-0.57367077,-0.5747749,0.43781652,0.43691522,-0.02233944,-0.0223458,-0.04222745,-0.04221354,9.80635,9.80635,0.41624244,0.41626366,0.6,0.6,,,,,1,0,0
2026-09-28T21:47:31.715805+09:00,80574430,dccd50fe,2026-09-28T21:47:31.715805+09:00,2026-09-28T21:47:31.773568+09:00,rail-left-01,rail-right-01,0.6.7-draft,0.6.7-draft,mqtt,mqtt,40.52,35.15,6.009,6.67,-0.145,-0.014,0.056,-0.242,10.415,9.7,-0.065,0.0304,0.0385,0.056,-0.0076,-0.0067,27.01,27.27,15285,18940,1.911,2.368,5.732,7.102,541,541,55,55,24,23,4,4,-0.4183211,-0.42095828,-0.4183211,-0.42095828,-0.57488495,-0.5759655,-0.57488495,-0.5759655,0.43682591,0.43594907,-0.02234647,-0.02235294,-0.04221225,-0.0421996,9.80635,9.80635,0.41626586,0.41628744,0.6,0.6,,,,,1,0,0
2026-09-28T21:47:31.736025+09:00,80594650,dccd50fe,2026-09-28T21:47:31.736025+09:00,2026-09-28T21:47:31.793788+09:00,rail-left-01,rail-right-01,0.6.7-draft,0.6.7-draft,mqtt,mqtt,40.52,35.15,6.009,6.67,-0.099,0.011,0.048,-0.263,10.444,9.667,-0.0665,0.0322,0.0392,0.0572,-0.0075,-0.0068,27.0,27.27,15288,18942,1.911,2.368,5.733,7.103,542,542,55,55,24,23,4,4,-0.4183453,-0.42080448,-0.4183453,-0.42080448,-0.57499463,-0.5760716,-0.57499463,-0.5760716,0.43673691,0.43586297,-0.02234712,-0.02235357,-0.04221097,-0.04219836,9.80635,9.80635,0.41626805,0.41628955,0.6,0.6,,,,,1,0,0
2026-09-28T21:47:31.755937+09:00,80614562,dccd50fe,2026-09-28T21:47:31.755937+09:00,2026-09-28T21:47:31.813700+09:00,rail-left-01,rail-right-01,0.6.7-draft,0.6.7-draft,mqtt,mqtt,40.52,35.15,6.009,6.67,-0.115,-0.013,0.109,-0.266,10.423,9.683,-0.0659,0.0309,0.0382,0.0537,-0.0076,-0.0055,27.01,27.26,15286,18941,1.911,2.368,5.732,7.103,543,543,55,55,24,23,4,4,-0.41844572,-0.4207631,-0.41844572,-0.4207631,-0.57510395,-0.57617735,-0.57510395,-0.57617735,0.4366482,0.43577716,-0.02234778,-0.0223542,-0.04220968,-0.04219712,9.80635,9.80635,0.41627024,0.41629166,0.6,0.6,,,,,1,0,0
2026-09-28T21:47:31.775986+09:00,80634611,dccd50fe,2026-09-28T21:47:31.775986+09:00,2026-09-28T21:47:31.833750+09:00,rail-left-01,rail-right-01,0.6.7-draft,0.6.7-draft,mqtt,mqtt,40.52,35.15,6.009,6.67,-0.152,-0.013,0.057,-0.265,10.42,9.688,-0.064,0.0317,0.0385,0.0562,-0.0087,-0.0036,26.99,27.24,15288,18941,1.911,2.368,5.733,7.103,544,544,55,55,24,23,4,4,-0.4186266,-0.4207217,-0.4186266,-0.4207217,-0.5752129,-0.57628275,-0.5752129,-0.57628275,0.43655979,0.43569163,-0.02234843,-0.02235483,-0.04220841,-0.04219589,9.80635,9.80635,0.41627242,0.41629376,0.6,0.6,,,,,1,0,0
2026-09-28T21:47:31.796217+09:00,80654841,dccd50fe,2026-09-28T21:47:31.796217+09:00,2026-09-28T21:47:31.853980+09:00,rail-left-01,rail-right-01,0.6.7-draft,0.6.7-draft,mqtt,mqtt,40.52,35.15,6.009,6.67,-0.084,0.02,0.075,-0.248,10.391,9.694,-0.0654,0.0316,0.0364,0.0562,-0.0081,-0.0051,26.98,27.26,15283,18940,1.91,2.368,5.731,7.102,545,545,55,55,24,23,4,4,-0.41887063,-0.42052634,-0.41887063,-0.42052634,-0.57532149,-0.5763878,-0.57532149,-0.5763878,0.43647167,0.43560638,-0.02234908,-0.02235546,-0.04220714,-0.04219466,9.80635,9.80635,0.41627459,0.41629585,0.6,0.6,,,,,1,0,0
2026-09-28T21:47:31.816231+09:00,80674856,dccd50fe,2026-09-28T21:47:31.816231+09:00,2026-09-28T21:47:31.873995+09:00,rail-left-01,rail-right-01,0.6.7-draft,0.6.7-draft,mqtt,mqtt,40.52,35.15,6.009,6.67,-0.133,0.008,0.101,-0.237,10.394,9.716,-0.0665,0.0316,0.0357,0.0557,-0.0084,-0.006,26.99,27.25,15281,18940,1.91,2.368,5.73,7.102,546,546,55,55,24,23,4,4,-0.4191827,-0.42038689,-0.4191827,-0.42038689,-0.57542972,-0.57649252,-0.57542972,-0.57649252,0.43638384,0.43552141,-0.02234973,-0.02235609,-0.04220587,-0.04219344,9.80635,9.80635,0.41627675,0.41629794,0.6,0.6,,,,,1,0,0
2026-09-28T21:47:31.835828+09:00,80694453,dccd50fe,2026-09-28T21:47:31.835828+09:00,2026-09-28T21:47:31.893591+09:00,rail-left-01,rail-right-01,0.6.7-draft,0.6.7-draft,mqtt,mqtt,40.52,35.15,6.009,6.67,-0.089,0.018,0.065,-0.275,10.439,9.686,-0.0663,0.0312,0.035,0.0561,-0.0085,-0.0057,26.99,27.24,15291,18943,1.911,2.368,5.734,7.104,547,547,55,55,24,23,4,4,-0.41954996,-0.42020222,-0.41954996,-0.42020222,-0.57553759,-0.57659688,-0.57553759,-0.57659688,0.43629631,0.43543672,-0.02235038,-0.02235671,-0.04220461,-0.04219222,9.80635,9.80635,0.4162789,0.41630002,0.6,0.6,,,,,1,0,0
2026-09-28T21:47:31.855827+09:00,80714452,dccd50fe,2026-09-28T21:47:31.855827+09:00,2026-09-28T21:47:31.913590+09:00,rail-left-01,rail-right-01,0.6.7-draft,0.6.7-draft,mqtt,mqtt,40.52,35.15,6.009,6.67,-0.101,-0.008,0.093,-0.249,10.454,9.685,-0.0665,0.0312,0.0378,0.0561,-0.0085,-0.0049,27.0,27.25,15291,18943,1.911,2.368,5.734,7.104,548,548,55,55,24,23,4,4,-0.41997584,-0.42013888,-0.41997584,-0.42013888,-0.5756451,-0.57670091,-0.5756451,-0.57670091,0.43620907,0.4353523,-0.02235102,-0.02235733,-0.04220335,-0.04219101,9.80635,9.80635,0.41628105,0.41630209,0.6,0.6,,,,,1,0,0
2026-09-28T21:47:31.875844+09:00,80734469,dccd50fe,2026-09-28T21:47:31.875844+09:00,2026-09-28T21:47:31.933607+09:00,rail-left-01,rail-right-01,0.6.7-draft,0.6.7-draft,mqtt,mqtt,40.52,35.15,6.009,6.67,-0.09,-0.023,0.115,-0.262,10.421,9.669,-0.0659,0.0313,0.0386,0.055,-0.0083,-0.0065,27.0,27.27,15288,18943,1.911,2.368,5.733,7.104,549,549,55,55,24,23,4,4,-0.42045653,-0.42014583,-0.42045653,-0.42014583,-0.57575225,-0.5768046,-0.57575225,-0.5768046,0.43612212,0.43526816,-0.02235166,-0.02235795,-0.04220209,-0.0421898,9.80635,9.80635,0.41628318,0.41630415,0.6,0.6,,,,,1,0,0
2026-09-28T21:47:31.895938+09:00,80754563,dccd50fe,2026-09-28T21:47:31.895938+09:00,2026-09-28T21:47:31.953701+09:00,rail-left-01,rail-right-01,0.6.7-draft,0.6.7-draft,mqtt,mqtt,40.52,35.15,6.009,6.67,-0.126,0.007,0.09,-0.243,10.446,9.688,-0.0657,0.0312,0.0382,0.0562,-0.0085,-0.0053,26.99,27.29,15291,18942,1.911,2.368,5.734,7.103,550,550,55,55,24,23,4,4,-0.42099597,-0.4200133,-0.42099597,-0.4200133,-0.57585905,-0.57690796,-0.57585905,-0.57690796,0.43603545,0.43518429,-0.0223523,-0.02235857,-0.04220084,-0.04218859,9.80635,9.80635,0.41628531,0.41630621,0.6,0.6,,,,,1,0,0
2026-09-28T21:47:32.060103+09:00,80854430,dccd50fe,2026-09-28T21:47:32.060103+09:00,2026-09-28T21:47:32.145741+09:00,rail-left-01,rail-right-01,0.6.7-draft,0.6.7-draft,mqtt,mqtt,40.52,35.15,6.009,6.67,-0.101,0.013,0.065,-0.259,10.447,9.646,-0.0657,0.0318,0.037,0.0568,-0.0089,-0.0061,26.99,27.26,15286,18941,1.911,2.368,5.732,7.103,551,551,56,56,24,23,4,4,-0.42038832,-0.42590687,-0.42038832,-0.42590687,-0.57701097,-0.57801665,-0.57701097,-0.57801665,0.43510069,0.43428262,-0.02235918,-0.02236507,-0.04218739,-0.04217533,9.80635,9.80635,0.41630825,0.41632789,0.6,0.6,,,,,1,0,0
2026-09-28T21:47:32.080123+09:00,80874450,dccd50fe,2026-09-28T21:47:32.080123+09:00,2026-09-28T21:47:32.165761+09:00,rail-left-01,rail-right-01,0.6.7-draft,0.6.7-draft,mqtt,mqtt,40.52,35.15,6.009,6.67,-0.092,0.031,0.091,-0.254,10.428,9.686,-0.0646,0.0321,0.0388,0.0566,-0.0088,-0.0047,26.99,27.27,15285,18944,1.911,2.368,5.732,7.104,552,552,56,56,24,23,4,4,-0.42082151,-0.42559979,-0.42082151,-0.42559979,-0.57711366,-0.5781145,-0.57711366,-0.5781145,0.43501737,0.43420273,-0.0223598,-0.02236563,-0.04218619,-0.0421741,9.80635,9.80635,0.4163103,0.41632975,0.6,0.6,,,,,1,0,0
2026-09-28T21:47:32.100144+09:00,80894471,dccd50fe,2026-09-28T21:47:32.100144+09:00,2026-09-28T21:47:32.185782+09:00,rail-left-01,rail-right-01,0.6.7-draft,0.6.7-draft,mqtt,mqtt,40.52,35.15,6.009,6.67,-0.147,0.022,0.068,-0.272,10.448,9.704,-0.0653,0.0306,0.0388,0.057,-0.0084,-0.0053,26.99,27.25,15289,18944,1.911,2.368,5.733,7.104,553,553,56,56,24,23,4,4,-0.42132006,-0.42533411,-0.42132006,-0.42533411,-0.57721601,-0.57821203,-0.57721601,-0.57821203,0.43493431,0.43412309,-0.02236041,-0.02236619,-0.042185,-0.04217288,9.80635,9.80635,0.41631233,0.4163316,0.6,0.6,,,,,1,0,0
2026-09-28T21:47:32.120173+09:00,80914500,dccd50fe,2026-09-28T21:47:32.120173+09:00,2026-09-28T21:47:32.205811+09:00,rail-left-01,rail-right-01,0.6.7-draft,0.6.7-draft,mqtt,mqtt,40.52,35.15,6.009,6.67,-0.08,0.01,0.124,-0.248,10.421,9.68,-0.0683,0.0312,0.039,0.0558,-0.0088,-0.006,26.97,27.27,15293,18943,1.912,2.368,5.735,7.104,554,554,56,56,24,23,4,4,-0.42186942,-0.42512408,-0.42186942,-0.42512408,-0.57731803,-0.57830926,-0.57731803,-0.57830926,0.43485153,0.4340437,-0.02236101,-0.02236674,-0.04218381,-0.04217167,9.80635,9.80635,0.41631436,0.41633345,0.6,0.6,,,,,1,0,0
2026-09-28T21:47:32.140174+09:00,80934501,dccd50fe,2026-09-28T21:47:32.140174+09:00,2026-09-28T21:47:32.225812+09:00,rail-left-01,rail-right-01,0.6.7-draft,0.6.7-draft,mqtt,mqtt,40.52,35.15,6.009,6.67,-0.085,0.007,0.099,-0.254,10.434,9.691,-0.0657,0.0298,0.037,0.055,-0.0081,-0.0056,26.99,27.27,15292,18942,1.912,2.368,5.735,7.103,555,555,56,56,24,23,4,4,-0.42246638,-0.42492801,-0.42246638,-0.42492801,-0.57741972,-0.57840617,-0.57741972,-0.57840617,0.43476901,0.43396457,-0.02236162,-0.02236729,-0.04218263,-0.04217046,9.80635,9.80635,0.41631638,0.41633529,0.6,0.6,,,,,1,0,0
2026-09-28T21:47:32.161041+09:00,80955368,dccd50fe,2026-09-28T21:47:32.161041+09:00,2026-09-28T21:47:32.246679+09:00,rail-left-01,rail-right-01,0.6.7-draft,0.6.7-draft,mqtt,mqtt,40.52,35.15,6.009,6.67,-0.096,0.031,0.114,-0.283,10.402,9.647,-0.0658,0.0322,0.0377,0.0569,-0.0092,-0.0059,27.01,27.26,15291,18943,1.911,2.368,5.734,7.104,556,556,56,56,24,23,4,4,-0.42311347,-0.42462515,-0.42311347,-0.42462515,-0.57752108,-0.57850278,-0.57752108,-0.57850278,0.43468675,0.43388568,-0.02236222,-0.02236784,-0.04218145,-0.04216925,9.80635,9.80635,0.41631839,0.41633712,0.6,0.6,,,,,1,0,0
2026-09-28T21:47:32.180929+09:00,80975256,dccd50fe,2026-09-28T21:47:32.180929+09:00,2026-09-28T21:47:32.266567+09:00,rail-left-01,rail-right-01,0.6.7-draft,0.6.7-draft,mqtt,mqtt,40.52,35.15,6.009,6.67,-0.091,0.014,0.089,-0.273,10.439,9.687,-0.0652,0.0296,0.0389,0.0558,-0.0069,-0.0052,26.96,27.26,15295,18942,1.912,2.368,5.736,7.103,557,557,56,56,24,23,4,4,-0.42380627,-0.42439906,-0.42380627,-0.42439906,-0.57762212,-0.57859909,-0.57762212,-0.57859909,0.43460476,0.43380705,-0.02236283,-0.02236839,-0.04218027,-0.04216804,9.80635,9.80635,0.4163204,0.41633895,0.6,0.6,,,,,1,0,0
2026-09-28T21:47:32.200199+09:00,80994526,dccd50fe,2026-09-28T21:47:32.200199+09:00,2026-09-28T21:47:32.285837+09:00,rail-left-01,rail-right-01,0.6.7-draft,0.6.7-draft,mqtt,mqtt,40.52,35.15,6.01,6.67,-0.08,0.02,0.095,-0.249,10.432,9.647,-0.065,0.0325,0.0377,0.0557,-0.008,-0.0041,26.97,27.26,15296,18944,1.912,2.368,5.736,7.104,558,558,56,56,24,23,4,4,-0.42453847,-0.42414755,-0.42453847,-0.42414755,-0.57772123,-0.57869509,-0.57772123,-0.57869509,0.43452384,0.43372866,-0.02236339,-0.02236894,-0.04217903,-0.04216684,9.80635,9.80635,0.41632228,0.41634077,0.6,0.6,,,,,1,0,0
2026-09-28T21:47:32.220232+09:00,81014559,dccd50fe,2026-09-28T21:47:32.220232+09:00,2026-09-28T21:47:32.305870+09:00,rail-left-01,rail-right-01,0.6.7-draft,0.6.7-draft,mqtt,mqtt,40.52,35.15,6.01,6.67,-0.107,0.02,0.065,-0.263,10.454,9.698,-0.0662,0.0304,0.0369,0.0564,-0.0077,-0.0056,27.0,27.25,15296,18943,1.912,2.368,5.736,7.104,559,559,56,56,24,23,4,4,-0.42531389,-0.42389577,-0.42531389,-0.42389577,-0.57782002,-0.57879078,-0.57782002,-0.57879078,0.43444318,0.43365053,-0.02236395,-0.02236948,-0.04217779,-0.04216565,9.80635,9.80635,0.41632416,0.41634258,0.6,0.6,,,,,1,0,0
2026-09-28T21:47:32.240259+09:00,81034586,dccd50fe,2026-09-28T21:47:32.240259+09:00,2026-09-28T21:47:32.325897+09:00,rail-left-01,rail-right-01,0.6.7-draft,0.6.7-draft,mqtt,mqtt,40.52,35.15,6.01,6.67,-0.113,-0.014,0.073,-0.272,10.446,9.679,-0.0648,0.0314,0.0374,0.0568,-0.0085,-0.0048,26.99,27.25,15296,18945,1.912,2.368,5.736,7.104,560,560,56,56,24,23,4,4,-0.42613205,-0.42379761,-0.42613205,-0.42379761,-0.57791849,-0.57888618,-0.57791849,-0.57888618,0.43436277,0.43357263,-0.02236452,-0.02237002,-0.04217656,-0.04216446,9.80635,9.80635,0.41632603,0.41634439,0.6,0.6,,,,,1,0,0
2026-09-28T21:47:32.421268+09:00,81227421,dccd50fe,2026-09-28T21:47:32.421268+09:00,2026-09-28T21:47:32.471094+09:00,rail-left-01,rail-right-01,0.6.7-draft,0.6.7-draft,mqtt,mqtt,40.52,35.15,6.01,6.67,-0.107,0.018,0.096,-0.262,10.435,9.689,-0.0671,0.0312,0.0376,0.056,-0.0079,-0.0061,27.01,27.25,15292,18943,1.912,2.368,5.735,7.104,561,561,57,57,24,23,4,4,-0.42425779,-0.4302592,-0.42425779,-0.4302592,-0.57898127,-0.57992686,-0.57898127,-0.57992686,0.43349499,0.43272632,-0.02237056,-0.0223761,-0.04216327,-0.04215208,9.80635,9.80635,0.41634619,0.41636465,0.6,0.6,,,,,1,0,0
2026-09-28T21:47:32.441293+09:00,81247446,dccd50fe,2026-09-28T21:47:32.441293+09:00,2026-09-28T21:47:32.491119+09:00,rail-left-01,rail-right-01,0.6.7-draft,0.6.7-draft,mqtt,mqtt,40.52,35.15,6.01,6.67,-0.107,0.028,0.095,-0.259,10.447,9.681,-0.0669,0.0312,0.038,0.0572,-0.0083,-0.0047,27.01,27.26,15291,18941,1.911,2.368,5.734,7.103,562,562,57,57,24,23,4,4,-0.42477614,-0.42977029,-0.42477614,-0.42977029,-0.57907607,-0.58002028,-0.57907607,-0.58002028,0.43341758,0.43265053,-0.0223711,-0.02237666,-0.04216209,-0.042151,9.80635,9.80635,0.41634799,0.4163665,0.6,0.6,,,,,1,0,0
2026-09-28T21:47:32.461358+09:00,81267511,dccd50fe,2026-09-28T21:47:32.461358+09:00,2026-09-28T21:47:32.511184+09:00,rail-left-01,rail-right-01,0.6.7-draft,0.6.7-draft,mqtt,mqtt,40.52,35.15,6.01,6.67,-0.098,0.005,0.054,-0.272,10.414,9.663,-0.0653,0.031,0.0374,0.0549,-0.0089,-0.0052,26.99,27.26,15289,18942,1.911,2.368,5.733,7.103,563,563,57,57,24,23,4,4,-0.42534814,-0.42938424,-0.42534814,-0.42938424,-0.57917057,-0.58011341,-0.57917057,-0.58011341,0.43334042,0.43257497,-0.02237164,-0.02237721,-0.04216091,-0.04214993,9.80635,9.80635,0.41634977,0.41636834,0.6,0.6,,,,,1,0,0
2026-09-28T21:47:32.481389+09:00,81287542,dccd50fe,2026-09-28T21:47:32.481389+09:00,2026-09-28T21:47:32.531215+09:00,rail-left-01,rail-right-01,0.6.7-draft,0.6.7-draft,mqtt,mqtt,40.52,35.15,6.01,6.67,-0.107,0.0,0.05,-0.268,10.396,9.671,-0.0648,0.0317,0.0381,0.0573,-0.0073,-0.0055,26.98,27.27,15285,18941,1.911,2.368,5.732,7.103,564,564,57,57,24,23,4,4,-0.42597351,-0.42902123,-0.42597351,-0.42902123,-0.57926477,-0.58020625,-0.57926477,-0.58020625,0.4332635,0.43249965,-0.02237217,-0.02237776,-0.04215973,-0.04214885,9.80635,9.80635,0.41635156,0.41637017,0.6,0.6,,,,,1,0,0
2026-09-28T21:47:32.501417+09:00,81307570,dccd50fe,2026-09-28T21:47:32.501417+09:00,2026-09-28T21:47:32.551243+09:00,rail-left-01,rail-right-01,0.6.7-draft,0.6.7-draft,mqtt,mqtt,40.52,35.15,6.009,6.67,-0.093,0.035,0.078,-0.26,10.454,9.647,-0.0665,0.0309,0.0376,0.0556,-0.0083,-0.0053,26.99,27.25,15287,18941,1.911,2.368,5.733,7.103,565,565,57,57,24,23,4,4,-0.42664697,-0.42850605,-0.42664697,-0.42850605,-0.57936024,-0.5802988,-0.57936024,-0.5802988,0.43318604,0.43242455,-0.02237274,-0.02237831,-0.04215863,-0.04214779,9.80635,9.80635,0.41635345,0.416372,0.6,0.6,,,,,1,0,0
2026-09-28T21:47:32.522235+09:00,81328388,dccd50fe,2026-09-28T21:47:32.522235+09:00,2026-09-28T21:47:32.572061+09:00,rail-left-01,rail-right-01,0.6.7-draft,0.6.7-draft,mqtt,mqtt,40.52,35.15,6.009,6.67,-0.096,0.014,0.105,-0.245,10.416,9.68,-0.0659,0.0304,0.0373,0.0568,-0.0072,-0.0059,27.01,27.25,15284,18942,1.911,2.368,5.732,7.103,566,566,57,57,24,23,4,4,-0.42736851,-0.42808411,-0.42736851,-0.42808411,-0.57945542,-0.58039107,-0.57945542,-0.58039107,0.43310883,0.43234969,-0.02237331,-0.02237885,-0.04215753,-0.04214672,9.80635,9.80635,0.41635533,0.41637382,0.6,0.6,,,,,1,0,0
2026-09-28T21:47:32.542649+09:00,81348802,dccd50fe,2026-09-28T21:47:32.542649+09:00,2026-09-28T21:47:32.592475+09:00,rail-left-01,rail-right-01,0.6.7-draft,0.6.7-draft,mqtt,mqtt,40.52,35.15,6.009,6.67,-0.121,0.006,0.083,-0.271,10.435,9.68,-0.0674,0.0312,0.0376,0.0545,-0.0081,-0.0048,27.0,27.26,15285,18942,1.911,2.368,5.732,7.103,567,567,57,57,24,23,4,4,-0.42813958,-0.42769841,-0.42813958,-0.42769841,-0.57955029,-0.58048306,-0.57955029,-0.58048306,0.43303185,0.43227506,-0.02237387,-0.0223794,-0.04215643,-0.04214566,9.80635,9.80635,0.41635721,0.41637563,0.6,0.6,,,,,1,0,0
2026-09-28T21:47:32.561351+09:00,81367504,dccd50fe,2026-09-28T21:47:32.561351+09:00,2026-09-28T21:47:32.611177+09:00,rail-left-01,rail-right-01,0.6.7-draft,0.6.7-draft,mqtt,mqtt,40.52,35.15,6.009,6.67,-0.139,-0.005,0.043,-0.26,10.429,9.688,-0.0654,0.0308,0.0373,0.0569,-0.0092,-0.0053,27.01,27.23,15289,18943,1.911,2.368,5.733,7.104,568,568,57,57,24,23,4,4,-0.42895655,-0.42736175,-0.42895655,-0.42736175,-0.57964487,-0.58057476,-0.57964487,-0.58057476,0.43295511,0.43220065,-0.02237443,-0.02237994,-0.04215534,-0.0421446,9.80635,9.80635,0.41635908,0.41637744,0.6,0.6,,,,,1,0,0
2026-09-28T21:47:32.581438+09:00,81387591,dccd50fe,2026-09-28T21:47:32.581438+09:00,2026-09-28T21:47:32.631264+09:00,rail-left-01,rail-right-01,0.6.7-draft,0.6.7-draft,mqtt,mqtt,40.52,35.15,6.009,6.67,-0.105,0.038,0.04,-0.263,10.406,9.671,-0.0661,0.0313,0.0373,0.0552,-0.0077,-0.0051,26.98,27.26,15287,18942,1.911,2.368,5.733,7.103,569,569,57,57,24,23,4,4,-0.42981501,-0.42683902,-0.42981501,-0.42683902,-0.57973916,-0.58066619,-0.57973916,-0.58066619,0.43287861,0.43212648,-0.02237499,-0.02238048,-0.04215425,-0.04214355,9.80635,9.80635,0.41636094,0.41637925,0.6,0.6,,,,,1,0,0
2026-09-28T21:47:32.601448+09:00,81407601,dccd50fe,2026-09-28T21:47:32.601448+09:00,2026-09-28T21:47:32.651274+09:00,rail-left-01,rail-right-01,0.6.7-draft,0.6.7-draft,mqtt,mqtt,40.52,35.15,6.009,6.67,-0.068,0.008,0.096,-0.245,10.434,9.688,-0.0658,0.0313,0.0361,0.0565,-0.0085,-0.0063,27.0,27.23,15285,18941,1.911,2.368,5.732,7.103,570,570,57,57,24,23,4,4,-0.43070555,-0.42644819,-0.43070555,-0.42644819,-0.57983316,-0.58075733,-0.57983316,-0.58075733,0.43280235,0.43205253,-0.02237555,-0.02238102,-0.04215316,-0.0421425,9.80635,9.80635,0.4163628,0.41638104,0.6,0.6,,,,,1,0,0
2026-09-28T21:47:33.861916+09:00,82713398,dccd50fe,2026-09-28T21:47:33.861916+09:00,2026-09-28T21:47:33.940380+09:00,rail-left-01,rail-right-01,0.6.7-draft,0.6.7-draft,mqtt,mqtt,0.0,0.0,6.027,6.668,-0.157,-0.007,0.095,-0.285,10.336,9.644,-0.0669,0.0298,0.0372,0.0576,-0.0089,-0.0061,26.99,27.28,15335,18937,1.917,2.367,5.751,7.101,571,571,58,58,24,23,0,0,-0.42644802,-0.42888753,-0.42644802,-0.42888753,-0.58082076,-0.58169082,-0.58082076,-0.58169082,0.43199252,0.43127626,-0.02207979,-0.01907934,-0.04159693,-0.03613748,9.80635,9.80635,0.41537695,0.40537544,0.6,0.6,,,,,1,0,0
2026-09-28T21:47:33.881835+09:00,82733316,dccd50fe,2026-09-28T21:47:33.881835+09:00,2026-09-28T21:47:33.960299+09:00,rail-left-01,rail-right-01,0.6.7-draft,0.6.7-draft,mqtt,mqtt,0.15,0.1,6.023,6.667,-0.099,0.011,0.084,-0.259,10.485,9.729,-0.0652,0.0321,0.0286,0.057,-0.0085,-0.0055,26.97,27.26,15324,18935,1.916,2.367,5.747,7.101,572,572,58,58,24,23,0,0,-0.42650913,-0.42871312,-0.42650913,-0.42871312,-0.58089008,-0.58176829,-0.58089008,-0.58176829,0.43192966,0.43120566,-0.0217877,-0.01836942,-0.04106775,-0.03483142,9.80635,9.80635,0.41440331,0.40300904,0.6,0.6,,,,,1,0,0
2026-09-28T21:47:33.901165+09:00,82752646,dccd50fe,2026-09-28T21:47:33.901165+09:00,2026-09-28T21:47:33.979629+09:00,rail-left-01,rail-right-01,0.6.7-draft,0.6.7-draft,mqtt,mqtt,0.35,0.3,6.02,6.664,-0.089,0.0,0.104,-0.283,10.432,9.716,-0.0674,0.0313,0.031,0.0566,-0.008,-0.0041,26.99,27.24,15316,18930,1.915,2.366,5.744,7.099,573,573,58,58,24,23,0,0,-0.42662762,-0.42858636,-0.42662762,-0.42858636,-0.58096376,-0.58184104,-0.58096376,-0.58184104,0.4318647,0.43113303,-0.02150534,-0.01771116,-0.04055612,-0.03362621,9.80635,9.80635,0.41346212,0.40081484,0.6,0.6,,,,,1,0,0
2026-09-28T21:47:33.921224+09:00,82772705,dccd50fe,2026-09-28T21:47:33.921224+09:00,2026-09-28T21:47:33.999688+09:00,rail-left-01,rail-right-01,0.6.7-draft,0.6.7-draft,mqtt,mqtt,0.7,0.55,6.015,6.66,-0.073,0.097,-1.258,-1.223,10.359,9.849,-0.0679,0.0317,0.0354,0.0613,-0.0061,-0.0039,27.04,27.25,15304,18920,1.913,2.365,5.739,7.095,574,574,58,58,24,23,0,0,-0.42680413,-0.42804706,-0.42680413,-0.42804706,-0.58104479,-0.5819076,-0.58104479,-0.5819076,0.43179615,0.43105763,-0.02123372,-0.01709936,-0.04006383,-0.03251351,9.80635,9.80635,0.41255672,0.3987755,0.6,0.0,,,,,1,0,0
2026-09-28T21:47:33.941203+09:00,82792684,dccd50fe,2026-09-28T21:47:33.941203+09:00,2026-09-28T21:47:34.019667+09:00,rail-left-01,rail-right-01,0.6.7-draft,0.6.7-draft,mqtt,mqtt,1.09,0.89,6.008,6.665,-0.115,-0.09,0.379,-0.651,10.512,9.645,-0.0695,0.0336,0.0252,0.0554,-0.0069,0.0047,27.0,27.28,15286,18931,1.911,2.366,5.732,7.099,575,575,58,58,24,23,0,0,-0.4270343,-0.42830675,-0.4270343,-0.42830675,-0.58113619,-0.58198142,-0.58113619,-0.58198142,0.4317225,0.43098618,-0.02097217,-0.01653466,-0.03958957,-0.03147794,9.80635,9.80635,0.41168488,0.39689319,0.6,0.0,,,,,1,0,0
2026-09-28T21:47:33.961211+09:00,82812692,dccd50fe,2026-09-28T21:47:33.961211+09:00,2026-09-28T21:47:34.039675+09:00,rail-left-01,rail-right-01,0.6.7-draft,0.6.7-draft,mqtt,mqtt,1.54,1.29,5.999,6.679,-0.074,-0.018,0.466,-0.421,10.36,9.732,-0.0666,0.0313,0.0393,0.0614,-0.0116,-0.0077,26.99,27.27,15261,18963,1.908,2.37,5.723,7.111,576,576,58,58,24,23,0,0,-0.42732094,-0.42825697,-0.42732094,-0.42825697,-0.58124092,-0.58207588,-0.58124092,-0.58207588,0.43164227,0.43092538,-0.02072032,-0.01601702,-0.03913261,-0.03050511,9.80635,9.80635,0.41084539,0.39516771,0.6,0.0,,,,,1,0,0
2026-09-28T21:47:33.981156+09:00,82832637,dccd50fe,2026-09-28T21:47:33.981156+09:00,2026-09-28T21:47:34.059620+09:00,rail-left-01,rail-right-01,0.6.7-draft,0.6.7-draft,mqtt,mqtt,2.04,1.74,6.001,6.693,-0.072,-0.03,-0.053,-0.658,10.367,9.6,-0.0634,0.032,0.0409,0.0593,-0.0101,-0.0065,26.98,27.26,15268,18994,1.909,2.374,5.726,7.123,577,577,58,58,24,23,0,0,-0.42766243,-0.42826227,-0.42766243,-0.42826227,-0.58134232,-0.5821909,-0.58134232,-0.5821909,0.43156379,0.43087518,-0.02048148,-0.01554228,-0.03869959,-0.02958982,9.80635,9.80635,0.41004924,0.39358524,0.6,0.0,,,,,1,0,0
2026-09-28T21:47:34.001219+09:00,82852700,dccd50fe,2026-09-28T21:47:34.001219+09:00,2026-09-28T21:47:34.079683+09:00,rail-left-01,rail-right-01,0.6.7-draft,0.6.7-draft,mqtt,mqtt,2.64,2.24,6.002,6.701,-0.037,-0.008,-0.03,-0.245,10.405,9.692,-0.0659,0.0316,0.0406,0.059,-0.0075,-0.0029,27.0,27.26,15272,19012,1.909,2.377,5.727,7.13,578,578,58,58,24,23,0,0,-0.42805061,-0.42817157,-0.42805061,-0.42817157,-0.58144191,-0.58231746,-0.58144191,-0.58231746,0.4314863,0.43083107,-0.02025584,-0.0151043,-0.03829081,-0.0287324,9.80635,9.80635,0.4092971,0.39212529,0.6,0.0,,,,,1,0,0
2026-09-28T21:47:34.021140+09:00,82872621,dccd50fe,2026-09-28T21:47:34.021140+09:00,2026-09-28T21:47:34.099604+09:00,rail-left-01,rail-right-01,0.6.7-draft,0.6.7-draft,mqtt,mqtt,3.23,2.78,6.01,6.714,-0.078,0.028,-0.128,-0.338,10.424,9.629,-0.0669,0.0293,0.0408,0.0581,-0.0105,-0.0087,27.01,27.27,15292,19040,1.912,2.38,5.735,7.14,579,579,58,58,24,23,0,0,-0.42849003,-0.42793032,-0.42849003,-0.42793032,-0.58152914,-0.58246293,-0.58152914,-0.58246293,0.43141507,0.43079674,-0.02004441,-0.0147019,-0.03790846,-0.02792404,9.80635,9.80635,0.40859234,0.39078398,0.6,0.0,,,,,1,0,0
2026-09-28T21:47:34.041268+09:00,82892749,dccd50fe,2026-09-28T21:47:34.041268+09:00,2026-09-28T21:47:34.119732+09:00,rail-left-01,rail-right-01,0.6.7-draft,0.6.7-draft,mqtt,mqtt,3.93,3.33,6.013,6.72,-0.121,-0.031,-0.119,-0.32,10.435,9.752,-0.0646,0.0341,0.0374,0.0566,-0.0088,-0.0019,26.99,27.27,15298,19054,1.912,2.382,5.737,7.145,580,580,58,58,24,23,0,0,-0.42898323,-0.42793547,-0.42898323,-0.42793547,-0.58161161,-0.58261686,-0.58161161,-0.58261686,0.43134631,0.43076695,-0.01984626,-0.01432908,-0.03755058,-0.02716554,9.80635,9.80635,0.40793184,0.38954126,0.6,0.0,,,,,1,0,0
2026-09-28T21:47:34.188203+09:00,83021434,dccd50fe,2026-09-28T21:47:34.188203+09:00,2026-09-28T21:47:34.249485+09:00,rail-left-01,rail-right-01,0.6.7-draft,0.6.7-draft,mqtt,mqtt,8.85,7.66,6.015,6.721,-0.031,0.092,-0.098,-0.164,10.353,9.639,-0.0667,0.0333,0.0409,0.0586,-0.0101,-0.0056,27.01,27.27,15304,19056,1.913,2.382,5.739,7.146,581,581,59,59,24,23,0,0,-0.42832426,-0.43359329,-0.42832426,-0.43359329,-0.58276738,-0.584642,-0.58276738,-0.584642,0.43073872,0.4302657,-0.01402643,-0.01186356,-0.02654639,-0.02209523,9.80635,9.80635,0.38853242,0.38075378,0.0,0.0,,,,,1,0,0
2026-09-28T21:47:34.208351+09:00,83041582,dccd50fe,2026-09-28T21:47:34.208351+09:00,2026-09-28T21:47:34.269633+09:00,rail-left-01,rail-right-01,0.6.7-draft,0.6.7-draft,mqtt,mqtt,9.7,8.4,5.994,6.789,-0.086,-0.045,0.09,-0.323,10.393,9.792,-0.0657,0.0325,0.0425,0.0624,-0.0104,-0.0043,27.0,27.25,15236,19206,1.905,2.401,5.714,7.202,582,582,59,59,24,23,0,0,-0.42877263,-0.43347839,-0.42877263,-0.43347839,-0.58294847,-0.58491962,-0.58294847,-0.58491962,0.43069508,0.43027287,-0.01373764,-0.01174823,-0.02595529,-0.02179117,9.80635,9.80635,0.38756977,0.38077229,0.0,0.0,,,,,1,0,0
2026-09-28T21:47:34.228396+09:00,83061627,dccd50fe,2026-09-28T21:47:34.228396+09:00,2026-09-28T21:47:34.289678+09:00,rail-left-01,rail-right-01,0.6.7-draft,0.6.7-draft,mqtt,mqtt,10.59,9.15,5.987,6.8,-0.201,-0.111,-0.043,-0.402,10.476,9.668,-0.064,0.0318,0.0408,0.0568,-0.0113,-0.0032,27.01,27.26,15201,19232,1.9,2.404,5.7,7.212,583,583,59,59,24,23,0,0,-0.42929474,-0.43364085,-0.42929474,-0.43364085,-0.58313935,-0.58521242,-0.58313935,-0.58521242,0.4306464,0.43028801,-0.01346635,-0.01164167,-0.02539951,-0.02149764,9.80635,9.80635,0.38666546,0.38079181,0.0,0.0,,,,,1,0,0
2026-09-28T21:47:34.248367+09:00,83081598,dccd50fe,2026-09-28T21:47:34.248367+09:00,2026-09-28T21:47:34.309648+09:00,rail-left-01,rail-right-01,0.6.7-draft,0.6.7-draft,mqtt,mqtt,11.44,9.89,5.985,6.807,0.018,0.117,0.022,-0.362,10.392,9.743,-0.0624,0.0317,0.042,0.0614,-0.0107,-0.0061,27.0,27.27,15193,19247,1.899,2.406,5.697,7.218,584,584,59,59,24,23,0,0,-0.42985302,-0.43285873,-0.42985302,-0.43285873,-0.58333262,-0.58551453,-0.58333262,-0.58551453,0.43059639,0.43030818,-0.01321224,-0.01154245,-0.02487839,-0.02121563,9.80635,9.80635,0.38581846,0.38081195,0.0,0.0,,,,,1,0,0
2026-09-28T21:47:34.269233+09:00,83102464,dccd50fe,2026-09-28T21:47:34.269233+09:00,2026-09-28T21:47:34.330515+09:00,rail-left-01,rail-right-01,0.6.7-draft,0.6.7-draft,mqtt,mqtt,12.38,10.69,5.979,6.824,-0.182,-0.056,0.237,-0.139,10.591,9.578,-0.0652,0.0321,0.041,0.0588,-0.0073,-0.0051,27.01,27.27,15166,19284,1.896,2.411,5.687,7.232,585,585,59,59,24,23,0,0,-0.43047973,-0.43279661,-0.43047973,-0.43279661,-0.58353414,-0.58584041,-0.58353414,-0.58584041,0.43054211,0.43034062,-0.01297344,-0.01145246,-0.0243881,-0.02094107,9.80635,9.80635,0.38502243,0.38083367,0.0,0.0,,,,,1,0,0
2026-09-28T21:47:34.289182+09:00,83122413,dccd50fe,2026-09-28T21:47:34.289182+09:00,2026-09-28T21:47:34.350464+09:00,rail-left-01,rail-right-01,0.6.7-draft,0.6.7-draft,mqtt,mqtt,13.27,11.48,5.986,6.846,-0.098,-0.044,0.054,-0.479,10.344,9.692,-0.063,0.0305,0.0408,0.0597,-0.0121,-0.0091,27.02,27.27,15196,19332,1.9,2.417,5.699,7.25,586,586,59,59,24,23,0,0,-0.4311557,-0.43268195,-0.4311557,-0.43268195,-0.58372479,-0.58619717,-0.58372479,-0.58619717,0.43049313,0.43038888,-0.01275204,-0.01137208,-0.02393287,-0.02067148,9.80635,9.80635,0.38428445,0.38085746,0.0,0.0,,,,,1,0,0
2026-09-28T21:47:34.308372+09:00,83141603,dccd50fe,2026-09-28T21:47:34.308372+09:00,2026-09-28T21:47:34.369654+09:00,rail-left-01,rail-right-01,0.6.7-draft,0.6.7-draft,mqtt,mqtt,14.17,12.23,5.986,6.854,-0.031,0.031,-0.077,-0.089,10.482,9.661,-0.0663,0.031,0.0401,0.0596,-0.0112,-0.0055,26.99,27.28,15196,19351,1.9,2.419,5.699,7.257,587,587,59,59,24,23,0,0,-0.43186599,-0.43225891,-0.43186599,-0.43225891,-0.58391488,-0.58656447,-0.58391488,-0.58656447,0.4304443,0.43044278,-0.01254478,-0.01129786,-0.02350612,-0.02041169,9.80635,9.80635,0.38359357,0.38088194,0.0,0.0,,,,,1,0,0
2026-09-28T21:47:34.328299+09:00,83161530,dccd50fe,2026-09-28T21:47:34.328299+09:00,2026-09-28T21:47:34.389581+09:00,rail-left-01,rail-right-01,0.6.7-draft,0.6.7-draft,mqtt,mqtt,15.06,13.03,5.986,6.858,-0.199,-0.096,0.057,-0.293,10.608,9.608,-0.0682,0.0312,0.0373,0.0522,-0.0092,-0.0015,27.02,27.27,15196,19359,1.9,2.42,5.699,7.26,588,588,59,59,24,23,0,0,-0.43263462,-0.43236234,-0.43263462,-0.43236234,-0.58410441,-0.58693648,-0.58410441,-0.58693648,0.43039561,0.43049941,-0.01235048,-0.01122888,-0.0231055,-0.02016324,9.80635,9.80635,0.3829459,0.38090674,0.0,0.0,,,,,1,0,0
2026-09-28T21:47:34.348228+09:00,83181459,dccd50fe,2026-09-28T21:47:34.348228+09:00,2026-09-28T21:47:34.409510+09:00,rail-left-01,rail-right-01,0.6.7-draft,0.6.7-draft,mqtt,mqtt,16.01,13.87,5.992,6.853,-0.055,0.01,0.261,-0.242,10.428,9.874,-0.0678,0.0318,0.0365,0.0542,-0.0137,-0.0044,27.03,27.27,15228,19348,1.904,2.419,5.711,7.256,589,589,59,59,24,23,0,0,-0.4334358,-0.43202436,-0.4334358,-0.43202436,-0.58428462,-0.58730021,-0.58428462,-0.58730021,0.43035145,0.43055228,-0.01217015,-0.01116335,-0.022733,-0.0199292,9.80635,9.80635,0.38234481,0.38093099,0.0,0.0,,,,,1,0,0
2026-09-28T21:47:34.368353+09:00,83201584,dccd50fe,2026-09-28T21:47:34.368353+09:00,2026-09-28T21:47:34.429635+09:00,rail-left-01,rail-right-01,0.6.7-draft,0.6.7-draft,mqtt,mqtt,16.95,14.67,5.993,6.853,-0.08,-0.008,0.091,-0.284,10.402,9.59,-0.0661,0.0288,0.0414,0.055,-0.0147,-0.0096,27.01,27.26,15232,19348,1.904,2.419,5.712,7.256,590,590,59,59,24,23,0,0,-0.43427636,-0.43176562,-0.43427636,-0.43176562,-0.58446284,-0.5876629,-0.58446284,-0.5876629,0.43030815,0.430605,-0.01200141,-0.01110182,-0.02238385,-0.01970665,9.80635,9.80635,0.38178235,0.38095517,0.0,0.0,,,,,1,0,0
2026-09-28T21:47:34.475461+09:00,83330451,dccd50fe,2026-09-28T21:47:34.475461+09:00,2026-09-28T21:47:34.526288+09:00,rail-left-01,rail-right-01,0.6.7-draft,0.6.7-draft,mqtt,mqtt,23.17,20.04,5.986,6.853,-0.17,-0.032,0.128,-0.233,10.548,9.664,-0.0629,0.0276,0.0388,0.0581,-0.01,-0.008,27.01,27.25,15199,19349,1.9,2.419,5.7,7.256,591,591,60,60,24,23,0,0,-0.43191264,-0.43528545,-0.43191264,-0.43528545,-0.5880346,-0.59195998,-0.5880346,-0.59195998,0.43065253,0.43098733,-0.01106035,-0.01078509,-0.01953957,-0.01832454,9.80635,9.80635,0.38097995,0.38124164,0.0,0.0,,,,,1,0,0
2026-09-28T21:47:34.495758+09:00,83350748,dccd50fe,2026-09-28T21:47:34.495758+09:00,2026-09-28T21:47:34.546585+09:00,rail-left-01,rail-right-01,0.6.7-draft,0.6.7-draft,mqtt,mqtt,24.16,20.93,5.963,6.868,0.031,0.049,0.208,-0.243,10.487,9.82,-0.0655,0.0326,0.0386,0.0526,-0.0073,-0.01,27.0,27.25,15087,19381,1.886,2.423,5.658,7.268,592,592,60,60,24,23,0,0,-0.43210071,-0.4348146,-0.43210071,-0.4348146,-0.58843823,-0.5923481,-0.58843823,-0.5923481,0.43068343,0.43104065,-0.01101896,-0.01077841,-0.01937589,-0.01826488,9.80635,9.80635,0.38100686,0.38126752,0.0,0.0,,,,,1,0,0
2026-09-28T21:47:34.515596+09:00,83370586,dccd50fe,2026-09-28T21:47:34.515596+09:00,2026-09-28T21:47:34.566423+09:00,rail-left-01,rail-right-01,0.6.7-draft,0.6.7-draft,mqtt,mqtt,25.16,21.78,5.961,6.864,-0.316,-0.157,0.028,-0.467,10.379,9.584,-0.0624,0.0313,0.0398,0.0534,-0.0123,-0.0056,27.0,27.26,15076,19372,1.885,2.422,5.654,7.265,593,593,60,60,24,23,0,0,-0.43238252,-0.43518409,-0.43238252,-0.43518409,-0.58884357,-0.59272949,-0.58884357,-0.59272949,0.43071281,0.431091,-0.0109806,-0.01077247,-0.01922147,-0.01821033,9.80635,9.80635,0.38103388,0.38129294,0.0,0.0,,,,,1,0,0
2026-09-28T21:47:34.535590+09:00,83390580,dccd50fe,2026-09-28T21:47:34.535590+09:00,2026-09-28T21:47:34.586417+09:00,rail-left-01,rail-right-01,0.6.7-draft,0.6.7-draft,mqtt,mqtt,26.15,22.62,5.94,6.848,0.138,0.163,0.154,-0.135,10.363,9.791,-0.0609,0.0305,0.0354,0.0584,-0.0089,-0.0045,26.98,27.27,14971,19338,1.871,2.417,5.614,7.252,594,594,60,60,24,23,0,0,-0.43267964,-0.43425694,-0.43267964,-0.43425694,-0.58927779,-0.59308723,-0.58927779,-0.59308723,0.43072708,0.43112993,-0.01094261,-0.01076645,-0.01907085,-0.01816211,9.80635,9.80635,0.38106283,0.38131679,0.0,0.0,,,,,1,0,0
2026-09-28T21:47:34.555878+09:00,83410868,dccd50fe,2026-09-28T21:47:34.555878+09:00,2026-09-28T21:47:34.606705+09:00,rail-left-01,rail-right-01,0.6.7-draft,0.6.7-draft,mqtt,mqtt,27.15,23.52,5.94,6.823,-0.087,0.007,0.071,-0.214,9.998,9.444,-0.0717,0.0298,0.0329,0.0513,-0.0101,-0.008,27.02,27.24,14971,19282,1.871,2.41,5.614,7.231,595,595,60,60,24,23,0,0,-0.43302586,-0.43396371,-0.43302586,-0.43396371,-0.58971078,-0.59340875,-0.58971078,-0.59340875,0.43074131,0.43115114,-0.0109077,-0.01075995,-0.01892942,-0.01812114,9.80635,9.80635,0.3810917,0.38133823,0.0,0.0,,,,,1,0,0
2026-09-28T21:47:34.575869+09:00,83430859,dccd50fe,2026-09-28T21:47:34.575869+09:00,2026-09-28T21:47:34.626696+09:00,rail-left-01,rail-right-01,0.6.7-draft,0.6.7-draft,mqtt,mqtt,28.14,24.36,5.964,6.813,-0.084,-0.03,-0.099,-0.387,10.483,9.398,-0.0689,0.0286,0.0328,0.0528,-0.0105,-0.0065,27.05,27.25,15090,19260,1.886,2.408,5.659,7.222,596,596,60,60,24,23,0,0,-0.43341745,-0.43382322,-0.43341745,-0.43382322,-0.59010829,-0.5937153,-0.59010829,-0.5937153,0.43077262,0.43116526,-0.01087859,-0.01075384,-0.01880247,-0.01808492,9.80635,9.80635,0.3811182,0.38135866,0.0,0.0,,,,,1,0,0
2026-09-28T21:47:34.595598+09:00,83450588,dccd50fe,2026-09-28T21:47:34.595598+09:00,2026-09-28T21:47:34.646425+09:00,rail-left-01,rail-right-01,0.6.7-draft,0.6.7-draft,mqtt,mqtt,29.13,25.21,5.974,6.795,-0.156,0.038,0.202,-0.151,10.354,9.731,-0.067,0.0265,0.0298,0.0494,-0.0112,-0.0059,27.01,27.29,15140,19220,1.893,2.403,5.678,7.208,597,597,60,60,24,23,0,0,-0.43386083,-0.43340249,-0.43386083,-0.43340249,-0.59049042,-0.59399571,-0.59049042,-0.59399571,0.43081096,0.4311667,-0.01085322,-0.01074772,-0.01868588,-0.01805401,9.80635,9.80635,0.38114367,0.38137736,0.0,0.0,,,,,1,0,0
2026-09-28T21:47:34.615537+09:00,83470527,dccd50fe,2026-09-28T21:47:34.615537+09:00,2026-09-28T21:47:34.666364+09:00,rail-left-01,rail-right-01,0.6.7-draft,0.6.7-draft,mqtt,mqtt,30.13,26.1,5.983,6.768,-0.089,-0.072,-0.178,-0.292,10.36,9.556,-0.0634,0.026,0.0341,0.0516,-0.0123,-0.0065,26.99,27.27,15185,19161,1.898,2.395,5.694,7.185,598,598,60,60,24,23,0,0,-0.43434714,-0.43342922,-0.43434714,-0.43342922,-0.59085867,-0.59423746,-0.59085867,-0.59423746,0.4308556,0.4311492,-0.01083127,-0.01074129,-0.01857893,-0.01802894,9.80635,9.80635,0.38116822,0.38139348,0.0,0.0,,,,,1,0,0
2026-09-28T21:47:34.635630+09:00,83490620,dccd50fe,2026-09-28T21:47:34.635630+09:00,2026-09-28T21:47:34.686457+09:00,rail-left-01,rail-right-01,0.6.7-draft,0.6.7-draft,mqtt,mqtt,31.17,26.95,5.985,6.728,-0.042,0.063,0.119,-0.218,10.457,9.673,-0.064,0.0228,0.0314,0.0516,-0.0101,-0.0072,26.98,27.27,15193,19071,1.899,2.384,5.697,7.152,599,599,60,60,24,23,0,0,-0.43486525,-0.43291045,-0.43486525,-0.43291045,-0.59122303,-0.59442251,-0.59122303,-0.59442251,0.43090153,0.43110373,-0.01081182,-0.01073408,-0.01847987,-0.01801013,9.80635,9.80635,0.38119251,0.38140581,0.0,0.0,,,,,1,0,0
2026-09-28T21:47:34.655728+09:00,83510718,dccd50fe,2026-09-28T21:47:34.655728+09:00,2026-09-28T21:47:34.706555+09:00,rail-left-01,rail-right-01,0.6.7-draft,0.6.7-draft,mqtt,mqtt,32.17,27.84,5.981,6.69,-0.085,-0.032,0.175,-0.378,10.325,9.54,-0.0633,0.0329,0.0398,0.056,-0.0115,-0.0076,27.0,27.27,15172,18986,1.897,2.373,5.69,7.12,600,600,60,60,24,23,0,0,-0.43542719,-0.43277695,-0.43542719,-0.43277695,-0.59159202,-0.5945539,-0.59159202,-0.5945539,0.43094449,0.43103183,-0.01079405,-0.01072645,-0.01838688,-0.01799673,9.80635,9.80635,0.38121711,0.38141457,0.0,0.0,,,,,1,0,0
2026-09-28T21:47:34.808629+09:00,83607586,dccd50fe,2026-09-28T21:47:34.808629+09:00,2026-09-28T21:47:34.893871+09:00,rail-left-01,rail-right-01,0.6.7-draft,0.6.7-draft,mqtt,mqtt,37.09,32.12,5.974,6.678,0.008,0.104,0.068,-0.229,10.37,9.862,-0.0638,0.0346,0.0369,0.0522,-0.0111,-0.0111,27.01,27.26,15141,18961,1.893,2.37,5.678,7.11,601,601,61,61,24,23,0,0,-0.43299127,-0.43684469,-0.43299127,-0.43684469,-0.5946947,-0.59434032,-0.5946947,-0.59434032,0.43095523,0.43105487,-0.01072396,-0.01069459,-0.01799226,-0.01793235,9.80635,9.80635,0.38142396,0.38140033,0.0,0.0,,,,,1,0,0
2026-09-28T21:47:34.828790+09:00,83627747,dccd50fe,2026-09-28T21:47:34.828790+09:00,2026-09-28T21:47:34.914032+09:00,rail-left-01,rail-right-01,0.6.7-draft,0.6.7-draft,mqtt,mqtt,38.13,33.01,5.955,6.594,-0.134,-0.03,0.11,-0.358,10.418,9.707,-0.0661,0.0304,0.0422,0.0564,-0.0097,-0.0105,27.0,27.28,15046,18773,1.881,2.347,5.642,7.04,602,602,61,61,24,23,0,0,-0.4332751,-0.4368407,-0.4332751,-0.4368407,-0.59486161,-0.59391257,-0.59486161,-0.59391257,0.4308656,0.43113071,-0.01072208,-0.01068377,-0.01798883,-0.01789313,9.80635,9.80635,0.38143509,0.38137182,0.0,0.0,,,,,1,0,0
2026-09-28T21:47:34.848732+09:00,83647689,dccd50fe,2026-09-28T21:47:34.848732+09:00,2026-09-28T21:47:34.933974+09:00,rail-left-01,rail-right-01,0.6.7-draft,0.6.7-draft,mqtt,mqtt,39.18,33.91,5.938,6.597,-0.192,-0.085,0.462,-0.268,10.932,9.76,-0.0701,0.0302,0.0308,0.0465,-0.0123,-0.0049,27.0,27.29,14964,18780,1.871,2.348,5.612,7.043,603,603,61,61,24,23,0,0,-0.43362405,-0.43705025,-0.43362405,-0.43705025,-0.59505173,-0.59349012,-0.59505173,-0.59349012,0.43076438,0.4312084,-0.01072091,-0.01067143,-0.01798666,-0.01785024,9.80635,9.80635,0.38144776,0.38134365,0.0,0.0,,,,,1,0,0
2026-09-28T21:47:34.868682+09:00,83667639,dccd50fe,2026-09-28T21:47:34.868682+09:00,2026-09-28T21:47:34.953924+09:00,rail-left-01,rail-right-01,0.6.7-draft,0.6.7-draft,mqtt,mqtt,40.17,34.8,5.975,6.59,-0.065,-0.049,-0.105,-0.171,10.295,9.657,-0.0686,0.0329,0.0342,0.0526,-0.0116,-0.0089,27.02,27.27,15142,18765,1.893,2.346,5.678,7.037,604,604,61,61,24,23,0,0,-0.43401944,-0.43712207,-0.43401944,-0.43712207,-0.59518986,-0.59305922,-0.59518986,-0.59305922,0.43068917,0.43128108,-0.01072061,-0.01065805,-0.0179861,-0.01780254,9.80635,9.80635,0.38145697,0.38131493,0.0,0.0,,,,,1,0,0
2026-09-28T21:47:34.888705+09:00,83687662,dccd50fe,2026-09-28T21:47:34.888705+09:00,2026-09-28T21:47:34.973947+09:00,rail-left-01,rail-right-01,0.6.7-draft,0.6.7-draft,mqtt,mqtt,41.22,35.7,6.005,6.583,-0.086,0.124,-0.089,-0.078,10.501,9.549,-0.0653,0.0286,0.0345,0.0514,-0.0113,-0.0072,26.99,27.24,15278,18749,1.91,2.344,5.729,7.031,605,605,61,61,24,23,0,0,-0.43446269,-0.43651538,-0.43446269,-0.43651538,-0.59528594,-0.59261992,-0.59528594,-0.59261992,0.430635,0.43134876,-0.01072076,-0.0106436,-0.01798636,-0.0177498,9.80635,9.80635,0.38146337,0.38128564,0.0,0.0,,,,,1,0,0
2026-09-28T21:47:34.908721+09:00,83707678,dccd50fe,2026-09-28T21:47:34.908721+09:00,2026-09-28T21:47:34.993963+09:00,rail-left-01,rail-right-01,0.6.7-draft,0.6.7-draft,mqtt,mqtt,42.21,36.59,6.047,6.579,-0.177,-0.071,0.02,-0.169,10.297,9.67,-0.06,0.0301,0.0329,0.0524,-0.0085,-0.0035,27.0,27.27,15383,18741,1.923,2.343,5.769,7.028,606,606,61,61,24,23,0,0,-0.43496472,-0.43667337,-0.43496472,-0.43667337,-0.5953235,-0.59217634,-0.5953235,-0.59217634,0.43061011,0.43141352,-0.01072089,-0.0106279,-0.01798655,-0.01769224,9.80635,9.80635,0.38146588,0.38125607,0.0,0.0,,,,,1,0,0
2026-09-28T21:47:34.928801+09:00,83727758,dccd50fe,2026-09-28T21:47:34.928801+09:00,2026-09-28T21:47:35.014043+09:00,rail-left-01,rail-right-01,0.6.7-draft,0.6.7-draft,mqtt,mqtt,43.25,37.49,6.084,6.581,-0.025,0.062,0.217,-0.551,10.506,9.752,-0.0606,0.0313,0.0313,0.0525,-0.0121,-0.0112,27.01,27.25,15477,18746,1.935,2.343,5.804,7.03,607,607,61,61,24,23,0,0,-0.43549835,-0.43631031,-0.43549835,-0.43631031,-0.59530971,-0.59173671,-0.59530971,-0.59173671,0.43061091,0.43147947,-0.01072058,-0.01061049,-0.01798582,-0.01763051,9.80635,9.80635,0.38146496,0.38122676,0.0,0.0,315.8,65.8,0.9858,1.1018,1,1,0
2026-09-28T21:47:34.948739+09:00,83747696,dccd50fe,2026-09-28T21:47:34.948739+09:00,2026-09-28T21:47:35.033981+09:00,rail-left-01,rail-right-01,0.6.7-draft,0.6.7-draft,mqtt,mqtt,44.25,38.38,6.163,6.59,-0.163,-0.014,0.136,-0.275,10.579,9.773,-0.0678,0.0318,0.0309,0.0513,-0.0093,-0.0095,27.01,27.28,15672,18764,1.959,2.345,5.877,7.036,608,608,61,61,24,23,0,0,-0.43608248,-0.43624303,-0.43608248,-0.43624303,-0.59518669,-0.59131056,-0.59518669,-0.59131056,0.43066635,0.43155138,-0.01071872,-0.01059082,-0.01798203,-0.0175656,9.80635,9.80635,0.38145676,0.38119835,0.0,0.0,316.8,66.8,0.9858,1.1018,1,1,0
2026-09-28T21:47:34.968678+09:00,83767635,dccd50fe,2026-09-28T21:47:34.968678+09:00,2026-09-28T21:47:35.053920+09:00,rail-left-01,rail-right-01,0.6.7-draft,0.6.7-draft,mqtt,mqtt,45.24,39.28,6.245,6.601,-0.095,0.05,0.054,-0.26,10.333,9.674,-0.069,0.032,0.0349,0.0544,-0.0104,-0.0072,27.0,27.26,15877,18790,1.985,2.349,5.954,7.046,609,609,61,61,24,23,0,0,-0.43670791,-0.4359292,-0.43670791,-0.4359292,-0.59495075,-0.59090055,-0.59495075,-0.59090055,0.43077826,0.43163059,-0.01071448,-0.0105686,-0.01797349,-0.01749784,9.80635,9.80635,0.38144103,0.38117101,0.0,0.0,317.7,67.7,0.9858,1.1018,1,1,0
2026-09-28T21:47:34.988712+09:00,83787669,dccd50fe,2026-09-28T21:47:34.988712+09:00,2026-09-28T21:47:35.073954+09:00,rail-left-01,rail-right-01,0.6.7-draft,0.6.7-draft,mqtt,mqtt,46.29,40.17,6.29,6.608,-0.122,-0.005,0.03,-0.34,10.362,9.698,-0.0678,0.0301,0.0346,0.0569,-0.0101,-0.0064,27.0,27.26,15989,18806,1.999,2.351,5.996,7.052,610,610,61,61,24,23,0,0,-0.4373769,-0.43582962,-0.4373769,-0.43582962,-0.59465339,-0.59050119,-0.59465339,-0.59050119,0.43092089,0.43171434,-0.01070784,-0.01054402,-0.01796026,-0.01742675,9.80635,9.80635,0.3814212,0.38114439,0.0,0.0,318.8,68.8,0.9858,1.1018,1,1,0
2026-09-28T21:47:35.158124+09:00,83975436,dccd50fe,2026-09-28T21:47:35.158124+09:00,2026-09-28T21:47:35.192594+09:00,rail-left-01,rail-right-01,0.6.7-draft,0.6.7-draft,mqtt,mqtt,55.78,48.53,6.295,6.605,0.005,0.092,0.103,-0.159,10.39,9.637,-0.0658,0.0306,0.0348,0.0564,-0.0099,-0.0024,27.0,27.27,16000,18798,2.0,2.35,6.0,7.049,611,611,62,62,24,23,0,0,-0.43605723,-0.72441065,-0.43605723,-0.72441065,-0.59009611,-0.14136649,-0.59009611,-0.14136649,0.43180126,0.5707606,-0.01049374,-0.00391178,-0.01729692,-0.00689742,9.80635,0.68135,0.38111739,0.39752457,0.0,0.0,328.1,78.1,0.9858,1.1018,1,1,0
2026-09-28T21:47:35.178225+09:00,83995537,dccd50fe,2026-09-28T21:47:35.178225+09:00,2026-09-28T21:47:35.212695+09:00,rail-left-01,rail-right-01,0.6.7-draft,0.6.7-draft,mqtt,mqtt,56.83,49.42,6.452,6.547,-0.243,-0.124,0.11,-0.277,10.426,9.717,-0.0663,0.0289,0.0377,0.0548,-0.0107,-0.0025,27.0,27.28,16391,18670,2.049,2.334,6.147,7.001,612,612,62,62,24,23,0,0,-0.43636067,-0.7214079,-0.43636067,-0.7214079,-0.58947911,-0.13724149,-0.58947911,-0.13724149,0.43199446,0.56525167,-0.01042092,-0.00592181,-0.01712166,-0.00114626,9.80635,0.68135,0.38107625,0.39715731,0.0,0.0,329.2,79.2,0.9858,1.1018,1,1,0
2026-09-28T21:47:35.198329+09:00,84015641,dccd50fe,2026-09-28T21:47:35.198329+09:00,2026-09-28T21:47:35.232799+09:00,rail-left-01,rail-right-01,0.6.7-draft,0.6.7-draft,mqtt,mqtt,57.82,50.31,6.463,6.538,0.096,0.156,0.095,-0.462,10.488,9.535,-0.0681,0.0313,0.0405,0.0582,-0.0125,-0.0064,27.01,27.25,16418,18649,2.052,2.331,6.157,6.993,613,613,62,62,24,23,0,0,-0.43668828,-0.63075932,-0.43668828,-0.63075932,-0.58884888,-0.13303316,-0.58884888,-0.13303316,0.43219459,0.56046695,-0.01034354,-0.00672456,-0.016937,0.0013941,9.80635,0.68135,0.38103424,0.39683833,0.0,0.0,330.1,80.1,0.9858,1.1018,1,1,0
2026-09-28T21:47:35.218215+09:00,84035527,dccd50fe,2026-09-28T21:47:35.218215+09:00,2026-09-28T21:47:35.252685+09:00,rail-left-01,rail-right-01,0.6.7-draft,0.6.7-draft,mqtt,mqtt,58.87,51.21,6.459,6.546,-0.219,-0.115,-0.028,-0.28,10.343,9.665,-0.0683,0.0301,0.0393,0.0612,-0.0085,-0.0036,27.0,27.26,16409,18667,2.051,2.333,6.153,7.0,614,614,62,62,24,23,0,0,-0.43708437,-0.63534459,-0.43708437,-0.63534459,-0.58822576,-0.13046649,-0.58822576,-0.13046649,0.43239147,0.55703917,-0.01026328,-0.00680025,-0.01674636,0.0022486,9.80635,0.68135,0.3809927,0.39660981,0.0,0.0,331.2,81.2,0.9858,1.1018,1,1,0
2026-09-28T21:47:35.238389+09:00,84055701,dccd50fe,2026-09-28T21:47:35.238389+09:00,2026-09-28T21:47:35.272859+09:00,rail-left-01,rail-right-01,0.6.7-draft,0.6.7-draft,mqtt,mqtt,59.91,52.1,6.465,6.549,0.044,0.195,-0.081,-0.333,10.478,9.606,-0.0706,0.0332,0.0366,0.0574,-0.0076,-0.0061,27.01,27.25,16423,18675,2.053,2.334,6.159,7.003,615,615,62,62,24,23,0,0,-0.74875823,-0.55892244,-0.74875823,-0.55892244,-0.12236649,-0.12863922,-0.12236649,-0.12863922,0.58068917,0.55437099,0.0,-0.00667573,0.0,0.00259391,0.67135,0.68135,0.39818648,0.39643193,0.0,0.0,332.2,82.2,0.9858,1.1018,1,1,0
2026-09-28T21:47:35.258357+09:00,84075669,dccd50fe,2026-09-28T21:47:35.258357+09:00,2026-09-28T21:47:35.292827+09:00,rail-left-01,rail-right-01,0.6.7-draft,0.6.7-draft,mqtt,mqtt,60.9,53.0,6.465,6.56,-0.099,-0.043,-0.308,-0.053,10.35,9.697,-0.0679,0.0326,0.0421,0.0628,-0.0059,-0.0051,27.01,27.27,16423,18699,2.053,2.337,6.159,7.012,616,616,62,62,24,23,0,0,-0.76731687,-0.55161105,-0.76731687,-0.55161105,-0.12236649,-0.12803316,-0.12236649,-0.12803316,0.58068917,0.55260584,0.0,-0.00632554,0.0,0.00242737,0.67135,0.68135,0.39818648,0.39631425,0.0,0.0,333.2,83.2,0.9858,1.1018,1,1,0
2026-09-28T21:47:35.278731+09:00,84096043,dccd50fe,2026-09-28T21:47:35.278731+09:00,2026-09-28T21:47:35.313201+09:00,rail-left-01,rail-right-01,0.6.7-draft,0.6.7-draft,mqtt,mqtt,61.95,53.89,6.45,6.567,-0.016,0.055,0.345,0.01,10.38,9.713,-0.067,0.031,0.0397,0.0568,-0.0081,-0.0032,27.0,27.26,16387,18713,2.048,2.339,6.145,7.017,617,617,62,62,24,23,0,0,-0.78208724,-0.52401532,-0.78208724,-0.52401532,-0.12736649,-0.1280588,-0.12736649,-0.1280588,0.57818917,0.55138148,-0.00742289,-0.00591053,-0.01484578,0.00208815,0.67135,0.68135,0.39801981,0.39623263,0.0,0.0,334.2,84.2,0.9858,1.1018,1,1,0
2026-09-28T21:47:35.298356+09:00,84115668,dccd50fe,2026-09-28T21:47:35.298356+09:00,2026-09-28T21:47:35.332826+09:00,rail-left-01,rail-right-01,0.6.7-draft,0.6.7-draft,mqtt,mqtt,62.99,54.79,6.455,6.581,-0.084,0.032,0.117,-0.464,10.367,9.544,-0.0655,0.0304,0.0409,0.0617,-0.0079,-0.0115,26.99,27.26,16399,18745,2.05,2.343,6.15,7.029,618,618,62,62,24,23,0,0,-0.79743563,-0.50517691,-0.79743563,-0.50517691,-0.12861649,-0.12908078,-0.12861649,-0.12908078,0.57756417,0.55083203,-0.00438379,-0.0053725,-0.00876758,0.00147218,0.67135,0.68135,0.39797814,0.396196,0.0,0.0,335.2,85.2,0.9858,1.1018,1,1,0
2026-09-28T21:47:35.318257+09:00,84135569,dccd50fe,2026-09-28T21:47:35.318257+09:00,2026-09-28T21:47:35.352727+09:00,rail-left-01,rail-right-01,0.6.7-draft,0.6.7-draft,mqtt,mqtt,63.99,55.68,6.448,6.592,-0.129,-0.029,0.095,-0.26,10.359,9.567,-0.0663,0.0332,0.042,0.0588,-0.0076,-0.0091,27.01,27.26,16381,18770,2.048,2.346,6.143,7.039,619,619,62,62,24,23,0,0,-0.81396308,-0.50044815,-0.81396308,-0.50044815,-0.13076649,-0.13069983,-0.13076649,-0.13069983,0.57648917,0.5507225,-0.00429835,-0.00479636,-0.00859671,0.0007531,0.67135,0.68135,0.39790648,0.3961887,0.0,0.0,336.2,86.2,0.9858,1.1018,1,1,0
2026-09-28T21:47:35.338828+09:00,84156140,dccd50fe,2026-09-28T21:47:35.338828+09:00,2026-09-28T21:47:35.373298+09:00,rail-left-01,rail-right-01,0.6.7-draft,0.6.7-draft,mqtt,mqtt,65.08,56.58,6.418,6.594,-0.123,-0.037,0.116,-0.254,10.488,9.772,-0.0641,0.0301,0.037,0.0584,-0.0087,-0.0077,27.0,27.27,16308,18774,2.039,2.347,6.116,7.04,620,620,62,62,24,23,0,0,-0.8304363,-0.4974498,-0.8304363,-0.4974498,-0.13719983,-0.13224149,-0.13719983,-0.13224149,0.5732725,0.55068917,-0.00781028,-0.00429369,-0.01562055,0.00015908,0.68135,0.68135,0.39769203,0.39618648,0.0,0.0,337.3,87.3,0.9858,1.1018,1,1,0
2026-09-28T21:47:35.422310+09:00,84275455,dccd50fe,2026-09-28T21:47:35.422310+09:00,2026-09-28T21:47:35.519657+09:00,rail-left-01,rail-right-01,0.6.7-draft,0.6.7-draft,mqtt,mqtt,71.2,61.95,6.418,6.592,-0.023,0.098,0.292,-0.482,10.3,9.717,-0.0642,0.0321,0.041,0.059,-0.0079,-0.0089,27.0,27.27,16306,18770,2.038,2.346,6.115,7.039,621,621,63,63,24,23,0,0,-0.5044205,-0.60868492,-0.5044205,-0.60868492,-0.13360179,-0.16781094,-0.13360179,-0.16781094,0.55065976,0.53733732,-0.00344117,-0.00328199,-0.000464,-0.00603126,0.68135,0.86835,0.39618451,0.39529635,0.0,0.0,343.3,93.3,0.9858,1.1018,1,1,0
2026-09-28T21:47:35.442454+09:00,84295599,dccd50fe,2026-09-28T21:47:35.442454+09:00,2026-09-28T21:47:35.539802+09:00,rail-left-01,rail-right-01,0.6.7-draft,0.6.7-draft,mqtt,mqtt,72.19,62.84,6.341,6.63,-0.134,-0.054,-0.061,-0.308,10.651,9.53,-0.0657,0.0332,0.041,0.0549,-0.0067,-0.0048,26.99,27.27,16116,18854,2.015,2.357,6.044,7.07,622,622,63,63,24,23,0,0,-0.51338693,-0.61428675,-0.51338693,-0.61428675,-0.13908871,-0.17086649,-0.13908871,-0.17086649,0.54849472,0.53733203,-0.00369202,-0.00292969,-0.00249782,-0.00620037,0.84435,0.86835,0.39604018,0.395296,0.0,0.0,344.3,94.3,0.9858,1.1018,1,1,0
2026-09-28T21:47:35.462409+09:00,84315554,dccd50fe,2026-09-28T21:47:35.462409+09:00,2026-09-28T21:47:35.559757+09:00,rail-left-01,rail-right-01,0.6.7-draft,0.6.7-draft,mqtt,mqtt,73.24,63.74,6.344,6.625,-0.031,0.007,0.031,0.001,10.449,9.924,-0.0654,0.0322,0.0409,0.0601,-0.0084,-0.0088,27.01,27.27,16124,18843,2.016,2.355,6.047,7.066,623,623,63,63,24,23,0,0,-0.5233269,-0.61310148,-0.5233269,-0.61310148,-0.14384018,-0.17353891,-0.14384018,-0.17353891,0.54663654,0.53724089,-0.00379852,-0.00266509,-0.00379672,-0.00626468,0.84435,0.86835,0.3959163,0.39528992,0.0,0.0,345.3,95.3,0.9858,1.1018,1,1,0
2026-09-28T21:47:35.482445+09:00,84335590,dccd50fe,2026-09-28T21:47:35.482445+09:00,2026-09-28T21:47:35.579793+09:00,rail-left-01,rail-right-01,0.6.7-draft,0.6.7-draft,mqtt,mqtt,74.23,64.63,6.34,6.646,-0.402,-0.221,0.338,-0.485,10.466,9.589,-0.0669,0.0308,0.0473,0.0545,0.0099,0.0021,27.01,27.28,16114,18890,2.014,2.361,6.043,7.084,624,624,63,63,24,23,0,0,-0.53623058,-0.63395823,-0.53623058,-0.63395823,-0.14831649,-0.17673316,-0.14831649,-0.17673316,0.54486417,0.53750584,-0.00387606,-0.00236134,-0.00475314,-0.00646066,0.84435,0.86835,0.39579814,0.39530759,0.0,0.0,346.3,96.3,0.9858,1.1018,1,1,0
2026-09-28T21:47:35.502895+09:00,84356040,dccd50fe,2026-09-28T21:47:35.502895+09:00,2026-09-28T21:47:35.600243+09:00,rail-left-01,rail-right-01,0.6.7-draft,0.6.7-draft,mqtt,mqtt,75.27,65.58,6.338,6.67,0.188,0.3,0.122,-0.32,10.353,9.464,-0.0689,0.0313,0.041,0.0514,0.0024,-0.0001,27.02,27.29,16107,18942,2.013,2.368,6.04,7.103,625,625,63,63,24,23,0,0,-0.54830296,-0.60555695,-0.54830296,-0.60555695,-0.15246173,-0.18049552,-0.15246173,-0.18049552,0.54321298,0.53814078,-0.0039186,-0.00201794,-0.00545333,-0.00677381,0.84435,0.86835,0.39568806,0.39534992,0.0,0.0,347.3,97.3,0.9858,1.1018,1,1,0
2026-09-28T21:47:35.522938+09:00,84376083,dccd50fe,2026-09-28T21:47:35.522938+09:00,2026-09-28T21:47:35.620286+09:00,rail-left-01,rail-right-01,0.6.7-draft,0.6.7-draft,mqtt,mqtt,76.32,66.47,6.352,6.674,-0.218,-0.205,-0.071,-0.423,10.217,9.803,-0.0689,0.0313,0.0486,0.0553,0.0036,0.0032,27.01,27.25,16142,18952,2.018,2.369,6.053,7.107,626,626,63,63,24,23,0,0,-0.56185976,-0.62353002,-0.56185976,-0.62353002,-0.15559377,-0.18414774,-0.15559377,-0.18414774,0.54203008,0.53879854,-0.00383143,-0.00171563,-0.00576342,-0.00703819,0.84435,0.86835,0.3956092,0.39539377,0.0,0.0,348.4,98.4,0.9858,1.1018,1,1,0
2026-09-28T21:47:35.542359+09:00,84395504,dccd50fe,2026-09-28T21:47:35.542359+09:00,2026-09-28T21:47:35.639707+09:00,rail-left-01,rail-right-01,0.6.7-draft,0.6.7-draft,mqtt,mqtt,77.31,67.37,6.342,6.673,-0.071,0.104,0.104,-0.318,10.675,9.439,-0.0695,0.0338,0.0382,0.0512,-0.0008,-0.0009,26.99,27.25,16118,18950,2.015,2.369,6.044,7.106,627,627,63,63,24,23,0,0,-0.57560286,-0.61420064,-0.57560286,-0.61420064,-0.15888823,-0.18754831,-0.15888823,-0.18754831,0.54073265,0.53940129,-0.00380122,-0.00146186,-0.00608999,-0.00723206,0.86835,0.86835,0.39552271,0.39543395,0.0,0.0,349.4,99.4,0.9858,1.1018,1,1,0
2026-09-28T21:47:35.562468+09:00,84415613,dccd50fe,2026-09-28T21:47:35.562468+09:00,2026-09-28T21:47:35.659815+09:00,rail-left-01,rail-right-01,0.6.7-draft,0.6.7-draft,mqtt,mqtt,78.31,68.26,6.358,6.68,-0.128,-0.026,-0.025,-0.162,10.211,9.746,-0.0655,0.0305,0.0474,0.0556,0.0003,0.0013,26.99,27.27,16159,18964,2.02,2.371,6.06,7.112,628,628,63,63,24,23,0,0,-0.58998984,-0.61608471,-0.58998984,-0.61608471,-0.16124149,-0.19095473,-0.16124149,-0.19095473,0.53987667,0.54007152,-0.00366749,-0.00122326,-0.00613713,-0.00741799,0.86835,0.86835,0.39546564,0.39547863,0.0,0.0,350.3,100.3,0.9858,1.1018,1,1,0
2026-09-28T21:47:35.582365+09:00,84435510,dccd50fe,2026-09-28T21:47:35.582365+09:00,2026-09-28T21:47:35.679713+09:00,rail-left-01,rail-right-01,0.6.7-draft,0.6.7-draft,mqtt,mqtt,79.35,69.16,6.345,6.679,-0.077,0.093,-0.05,-0.145,10.556,9.823,-0.0681,0.0329,0.038,0.061,-0.0011,-0.0037,27.0,27.28,16125,18962,2.016,2.37,6.047,7.111,629,629,63,63,24,23,0,0,-0.60442183,-0.60821582,-0.60442183,-0.60821582,-0.16392649,-0.19413792,-0.16392649,-0.19413792,0.53882917,0.54068917,-0.00360709,-0.00101997,-0.00627616,-0.00755173,0.86835,0.86835,0.39539581,0.39551981,0.0,0.0,351.4,101.4,0.9858,1.1018,1,1,0
2026-09-28T21:47:35.602424+09:00,84455569,dccd50fe,2026-09-28T21:47:35.602424+09:00,2026-09-28T21:47:35.699772+09:00,rail-left-01,rail-right-01,0.6.7-draft,0.6.7-draft,mqtt,mqtt,80.34,70.05,6.356,6.684,-0.214,-0.147,0.132,-0.394,10.527,9.503,-0.0683,0.0297,0.0397,0.0561,-0.0017,0.0004,26.99,27.29,16154,18974,2.019,2.372,6.058,7.115,630,630,63,63,24,23,0,0,-0.61946871,-0.62000227,-0.61946871,-0.62000227,-0.16598188,-0.19728316,-0.16598188,-0.19728316,0.53807378,0.54134195,-0.00348804,-0.0008299,-0.00625391,-0.00767516,0.86835,0.86835,0.39534545,0.39556333,0.0,0.0,352.3,102.3,0.9858,1.1018,1,1,0
2026-09-28T21:47:35.764411+09:00,84601445,dccd50fe,2026-09-28T21:47:35.764411+09:00,2026-09-28T21:47:35.811545+09:00,rail-left-01,rail-right-01,0.6.7-draft,0.6.7-draft,mqtt,mqtt,87.8,76.67,6.37,6.691,-0.109,-0.018,0.075,-0.268,10.406,9.776,-0.0671,0.0326,0.0357,0.057,-0.0056,-0.0041,26.99,27.26,16187,18988,2.023,2.374,6.07,7.121,631,631,64,64,24,23,0,0,-0.63789144,-0.78288615,-0.63789144,-0.78288615,-0.19988001,-0.21940905,-0.19988001,-0.21940905,0.54214863,0.54865725,-0.00056591,0.00058167,-0.00754156,-0.00627013,0.86835,0.86835,0.39561711,0.39605101,0.0,0.0,359.7,109.7,0.9858,1.1018,1,1,0
2026-09-28T21:47:35.784556+09:00,84621590,dccd50fe,2026-09-28T21:47:35.784556+09:00,2026-09-28T21:47:35.831690+09:00,rail-left-01,rail-right-01,0.6.7-draft,0.6.7-draft,mqtt,mqtt,88.85,77.56,6.384,6.795,-0.138,-0.028,0.273,-0.101,10.6,9.445,-0.069,0.0317,0.0412,0.0542,-0.0117,-0.0005,27.0,27.27,16223,19220,2.028,2.403,6.084,7.208,632,632,64,64,24,23,0,0,-0.65578086,-0.77521955,-0.65578086,-0.77521955,-0.20197176,-0.22340816,-0.20197176,-0.22340816,0.54309706,0.55021,-0.00031064,0.00080591,-0.00733103,-0.00651826,0.86835,0.86835,0.39568034,0.39615453,0.0,0.0,360.7,110.7,0.9858,1.1018,1,1,0
2026-09-28T21:47:35.804569+09:00,84641603,dccd50fe,2026-09-28T21:47:35.804569+09:00,2026-09-28T21:47:35.851703+09:00,rail-left-01,rail-right-01,0.6.7-draft,0.6.7-draft,mqtt,mqtt,89.84,78.46,6.391,6.803,-0.051,0.022,0.089,-0.304,10.1,9.849,-0.0649,0.0296,0.0392,0.059,-0.0153,-0.0087,27.01,27.27,16240,19237,2.03,2.405,6.09,7.214,633,633,64,64,24,23,0,0,-0.6733707,-0.76483651,-0.6733707,-0.76483651,-0.20377675,-0.22740731,-0.20377675,-0.22740731,0.5440866,0.55178101,-8.191e-05,0.00100968,-0.00710227,-0.0067472,0.86835,0.86835,0.3957463,0.39625926,0.0,0.0,361.7,111.7,0.9858,1.1018,1,1,0
2026-09-28T21:47:35.824543+09:00,84661577,dccd50fe,2026-09-28T21:47:35.824543+09:00,2026-09-28T21:47:35.871677+09:00,rail-left-01,rail-right-01,0.6.7-draft,0.6.7-draft,mqtt,mqtt,90.88,79.35,6.384,6.819,-0.153,-0.047,0.078,-0.366,10.608,9.61,-0.0659,0.0302,0.0425,0.063,-0.0128,-0.008,27.02,27.27,16222,19274,2.028,2.409,6.083,7.228,634,634,64,64,24,23,0,0,-0.69096953,-0.75884812,-0.69096953,-0.75884812,-0.20566649,-0.23156649,-0.20566649,-0.23156649,0.54493917,0.55344917,9.167e-05,0.00120906,-0.00692793,-0.00698535,0.86835,0.86835,0.39580314,0.39637048,0.0,0.0,362.7,112.7,0.9858,1.1018,1,1,0
2026-09-28T21:47:35.844598+09:00,84681632,dccd50fe,2026-09-28T21:47:35.844598+09:00,2026-09-28T21:47:35.891732+09:00,rail-left-01,rail-right-01,0.6.7-draft,0.6.7-draft,mqtt,mqtt,91.88,80.29,6.376,6.825,-0.147,0.022,-0.038,-0.123,10.374,9.846,-0.0687,0.0312,0.0377,0.0581,-0.0092,-0.0071,27.0,27.27,16202,19286,2.025,2.411,6.076,7.232,635,635,64,64,24,23,0,0,-0.70847519,-0.74919404,-0.70847519,-0.74919404,-0.20765918,-0.23568022,-0.20765918,-0.23568022,0.54565258,0.55511074,0.00021917,0.00138979,-0.00680203,-0.00720067,0.86835,0.86835,0.3958507,0.39648125,0.0,0.0,363.7,113.7,0.9858,1.1018,1,1,0
2026-09-28T21:47:35.864598+09:00,84701632,dccd50fe,2026-09-28T21:47:35.864598+09:00,2026-09-28T21:47:35.911732+09:00,rail-left-01,rail-right-01,0.6.7-draft,0.6.7-draft,mqtt,mqtt,92.92,81.19,6.375,6.832,-0.053,0.019,-0.097,-0.369,10.508,9.614,-0.0661,0.0337,0.0356,0.0608,-0.0093,-0.0052,27.01,27.25,16201,19302,2.025,2.413,6.075,7.238,636,636,64,64,24,23,0,0,-0.72558445,-0.74013384,-0.72558445,-0.74013384,-0.20958078,-0.23977034,-0.20958078,-0.23977034,0.54632012,0.55677571,0.00032502,0.0015561,-0.00668396,-0.00739974,0.86835,0.86835,0.39589521,0.39659224,0.0,0.0,364.7,114.7,0.9858,1.1018,1,1,0
2026-09-28T21:47:35.884539+09:00,84721573,dccd50fe,2026-09-28T21:47:35.884539+09:00,2026-09-28T21:47:35.931673+09:00,rail-left-01,rail-right-01,0.6.7-draft,0.6.7-draft,mqtt,mqtt,93.97,82.08,6.37,6.834,-0.117,0.055,0.032,-0.196,10.405,9.548,-0.0677,0.0318,0.0397,0.0593,-0.0061,-0.0029,27.0,27.28,16188,19307,2.024,2.413,6.071,7.24,637,637,64,64,24,23,0,0,-0.74252666,-0.72949916,-0.74252666,-0.72949916,-0.21152928,-0.24374385,-0.21152928,-0.24374385,0.54689847,0.55839672,0.000405,0.00170342,-0.0065887,-0.00757166,0.86835,0.86835,0.39593376,0.39670031,0.0,0.0,365.8,115.8,0.9858,1.1018,1,1,0
2026-09-28T21:47:35.904552+09:00,84741586,dccd50fe,2026-09-28T21:47:35.904552+09:00,2026-09-28T21:47:35.951686+09:00,rail-left-01,rail-right-01,0.6.7-draft,0.6.7-draft,mqtt,mqtt,94.96,82.98,6.358,6.843,-0.12,-0.04,0.29,-0.32,10.439,9.65,-0.0653,0.0313,0.0325,0.0564,-0.0068,-0.0021,27.02,27.26,16158,19327,2.02,2.416,6.059,7.248,638,638,64,64,24,23,0,0,-0.75920791,-0.72422457,-0.75920791,-0.72422457,-0.21366195,-0.24773686,-0.21366195,-0.24773686,0.54731417,0.56004102,0.00045019,0.00184348,-0.00654008,-0.00773824,0.86835,0.86835,0.39596148,0.39680993,0.0,0.0,366.8,116.8,0.9858,1.1018,1,1,0
2026-09-28T21:47:35.924546+09:00,84761580,dccd50fe,2026-09-28T21:47:35.924546+09:00,2026-09-28T21:47:35.971680+09:00,rail-left-01,rail-right-01,0.6.7-draft,0.6.7-draft,mqtt,mqtt,96.01,83.87,6.36,6.85,-0.045,-0.053,0.232,-0.366,10.416,9.796,-0.0693,0.0297,0.0393,0.0636,-0.0071,-0.0045,27.02,27.28,16162,19341,2.02,2.418,6.061,7.253,639,639,64,64,24,23,0,0,-0.77552565,-0.71974848,-0.77552565,-0.71974848,-0.21565538,-0.25171195,-0.21565538,-0.25171195,0.54773361,0.56168917,0.00049232,0.00197473,-0.00647788,-0.00789524,0.86835,0.86835,0.39598944,0.39691981,0.0,0.0,367.8,117.8,0.9858,1.1018,1,1,0
2026-09-28T21:47:35.944608+09:00,84781642,dccd50fe,2026-09-28T21:47:35.944608+09:00,2026-09-28T21:47:35.991742+09:00,rail-left-01,rail-right-01,0.6.7-draft,0.6.7-draft,mqtt,mqtt,97.05,84.82,6.363,6.863,-0.117,-0.036,-0.108,-0.189,10.579,9.574,-0.0705,0.0282,0.0381,0.054,-0.0064,-0.0048,26.99,27.27,16170,19370,2.021,2.421,6.064,7.264,640,640,64,64,24,23,0,0,-0.79164463,-0.71466327,-0.79164463,-0.71466327,-0.21749693,-0.25577721,-0.21749693,-0.25577721,0.54816743,0.56339453,0.00053355,0.00210529,-0.00640127,-0.00805749,0.86835,0.86835,0.39601836,0.3970335,0.0,0.0,368.8,118.8,0.9858,1.1018,1,1,0
2026-09-28T21:47:36.057749+09:00,84895454,dccd50fe,2026-09-28T21:47:36.057749+09:00,2026-09-28T21:47:36.142845+09:00,rail-left-01,rail-right-01,0.6.7-draft,0.6.7-draft,mqtt,mqtt,102.97,89.94,6.369,6.861,-0.092,0.061,-0.172,-0.395,10.485,9.589,-0.0604,0.0326,0.035,0.0566,-0.0104,-0.0067,27.05,27.27,16186,19367,2.023,2.421,6.07,7.263,641,641,65,65,24,23,0,0,-0.71365895,-0.24601362,-0.71365895,-0.24601362,-0.25959456,-0.49536649,-0.25959456,-0.49536649,0.56509268,0.64718917,0.00222763,0.0,-0.00814521,0.0,0.86835,0.63335,0.39714671,0.37883407,0.0,0.0,374.6,124.6,0.9858,1.1018,1,1,0
2026-09-28T21:47:36.077918+09:00,84915623,dccd50fe,2026-09-28T21:47:36.077918+09:00,2026-09-28T21:47:36.163014+09:00,rail-left-01,rail-right-01,0.6.7-draft,0.6.7-draft,mqtt,mqtt,104.01,90.88,6.411,6.849,-0.122,-0.018,-0.037,-0.168,10.247,9.815,-0.063,0.0265,0.0358,0.0574,-0.0085,-0.0057,27.01,27.26,16291,19339,2.036,2.417,6.109,7.252,642,642,65,65,24,23,0,0,-0.71341499,-0.35637127,-0.71341499,-0.35637127,-0.26255615,-0.48936649,-0.26255615,-0.48936649,0.56709434,0.64418917,0.00238255,-0.01276596,-0.00811309,0.02553191,0.86835,0.63335,0.39728015,0.37863407,0.0,0.0,375.7,125.7,0.9858,1.1018,1,1,0
2026-09-28T21:47:36.097873+09:00,84935578,dccd50fe,2026-09-28T21:47:36.097873+09:00,2026-09-28T21:47:36.182970+09:00,rail-left-01,rail-right-01,0.6.7-draft,0.6.7-draft,mqtt,mqtt,105.0,91.78,6.405,6.848,-0.062,0.051,-0.092,-0.188,10.616,9.614,-0.0641,0.028,0.038,0.0573,-0.0069,-0.0044,27.01,27.25,16275,19337,2.034,2.417,6.103,7.251,643,643,65,65,24,23,0,0,-0.7137624,-0.32900655,-0.7137624,-0.32900655,-0.26551903,-0.48703316,-0.26551903,-0.48703316,0.5689773,0.6430225,0.00251039,-0.00710742,-0.0080891,0.01421484,0.86835,0.63335,0.39740568,0.3785563,0.0,0.0,376.6,126.6,0.9858,1.1018,1,1,0
2026-09-28T21:47:36.117784+09:00,84955489,dccd50fe,2026-09-28T21:47:36.117784+09:00,2026-09-28T21:47:36.202880+09:00,rail-left-01,rail-right-01,0.6.7-draft,0.6.7-draft,mqtt,mqtt,106.05,92.67,6.403,6.828,-0.225,-0.151,0.154,-0.437,10.266,9.651,-0.0693,0.0264,0.0372,0.0508,-0.0025,-0.0056,26.99,27.27,16270,19294,2.034,2.412,6.101,7.235,644,644,65,65,24,23,0,0,-0.71494466,-0.45919942,-0.71494466,-0.45919942,-0.26841649,-0.48086649,-0.26841649,-0.48086649,0.57078084,0.63993917,0.00261937,-0.01098601,-0.00806287,0.02197201,0.86835,0.63335,0.39752592,0.37835074,0.0,0.0,377.7,127.7,0.9858,1.1018,1,1,0
2026-09-28T21:47:36.138017+09:00,84975722,dccd50fe,2026-09-28T21:47:36.138017+09:00,2026-09-28T21:47:36.223113+09:00,rail-left-01,rail-right-01,0.6.7-draft,0.6.7-draft,mqtt,mqtt,107.09,93.62,6.403,6.797,-0.013,0.134,-0.022,-0.226,10.421,9.683,-0.0669,0.0217,0.0334,0.0513,-0.0035,-0.0059,27.0,27.29,16271,19224,2.034,2.403,6.102,7.209,645,645,65,65,24,23,0,0,-0.71647557,-0.37476246,-0.71647557,-0.37476246,-0.27121895,-0.47096649,-0.27121895,-0.47096649,0.57252523,0.63498917,0.00271414,-0.01631069,-0.00803071,0.03262139,0.86835,0.63335,0.39764221,0.37802074,0.0,0.0,378.7,128.7,0.9858,1.1018,1,1,0
2026-09-28T21:47:36.158023+09:00,84995728,dccd50fe,2026-09-28T21:47:36.158023+09:00,2026-09-28T21:47:36.243119+09:00,rail-left-01,rail-right-01,0.6.7-draft,0.6.7-draft,mqtt,mqtt,108.14,94.51,6.399,6.757,-0.153,-0.071,0.292,-0.051,10.41,9.699,-0.0661,0.0244,0.0346,0.0496,-0.0049,-0.0047,26.98,27.27,16261,19136,2.033,2.392,6.098,7.176,646,646,65,65,24,23,0,0,-0.71857926,-0.41566693,-0.71857926,-0.41566693,-0.27399552,-0.45769983,-0.27399552,-0.45769983,0.5741811,0.62835584,0.00279254,-0.02177714,-0.00800136,0.04355427,0.86835,0.63335,0.3977526,0.37757852,0.0,0.0,379.7,129.7,0.9858,1.1018,1,1,0
2026-09-28T21:47:36.177787+09:00,85015492,dccd50fe,2026-09-28T21:47:36.177787+09:00,2026-09-28T21:47:36.262883+09:00,rail-left-01,rail-right-01,0.6.7-draft,0.6.7-draft,mqtt,mqtt,109.18,95.41,6.391,6.736,-0.096,0.049,-0.097,-0.496,10.47,9.656,-0.0677,0.0318,0.0413,0.057,-0.0088,-0.0088,26.99,27.27,16240,19089,2.03,2.386,6.09,7.158,647,647,65,65,24,23,0,0,-0.72115665,-0.39620107,-0.72115665,-0.39620107,-0.27681094,-0.44522364,-0.27681094,-0.44522364,0.57572091,0.62211774,0.00285287,-0.02390393,-0.00798221,0.04780786,0.86835,0.63335,0.39785526,0.37716265,0.0,0.0,380.8,130.8,0.9858,1.1018,1,1,0
2026-09-28T21:47:36.197762+09:00,85035467,dccd50fe,2026-09-28T21:47:36.197762+09:00,2026-09-28T21:47:36.282858+09:00,rail-left-01,rail-right-01,0.6.7-draft,0.6.7-draft,mqtt,mqtt,110.23,96.35,6.372,6.736,-0.087,0.014,-0.093,-0.162,10.318,9.517,-0.0673,0.0297,0.0418,0.0592,-0.0067,-0.0015,27.0,27.29,16192,19088,2.024,2.386,6.072,7.158,648,648,65,65,24,23,0,0,-0.72416103,-0.39440497,-0.72416103,-0.39440497,-0.27983524,-0.43586649,-0.27983524,-0.43586649,0.57706417,0.61743917,0.00288728,-0.02274042,-0.0079921,0.04548084,0.86835,0.63335,0.39794481,0.37685074,0.0,0.0,381.8,131.8,0.9858,1.1018,1,1,0
2026-09-28T21:47:36.217868+09:00,85055573,dccd50fe,2026-09-28T21:47:36.217868+09:00,2026-09-28T21:47:36.302964+09:00,rail-left-01,rail-right-01,0.6.7-draft,0.6.7-draft,mqtt,mqtt,111.27,97.25,6.342,6.723,-0.11,0.05,0.192,-0.024,10.616,9.626,-0.0675,0.0337,0.0373,0.054,-0.0061,-0.0012,27.0,27.25,16118,19060,2.015,2.383,6.044,7.148,649,649,65,65,24,23,0,0,-0.7275539,-0.38135646,-0.7275539,-0.38135646,-0.28322803,-0.42714427,-0.28322803,-0.42714427,0.57813532,0.61307806,0.00288927,-0.0216559,-0.00804691,0.04331179,0.86835,0.63335,0.39801622,0.37656,0.0,0.0,382.8,132.8,0.9858,1.1018,1,1,0
2026-09-28T21:47:36.238140+09:00,85075845,dccd50fe,2026-09-28T21:47:36.238140+09:00,2026-09-28T21:47:36.323236+09:00,rail-left-01,rail-right-01,0.6.7-draft,0.6.7-draft,mqtt,mqtt,112.31,98.19,6.345,6.709,-0.147,-0.077,0.103,-0.324,10.44,9.786,-0.0661,0.033,0.032,0.0514,-0.0037,0.002,27.0,27.27,16125,19028,2.016,2.379,6.047,7.136,650,650,65,65,24,23,0,0,-0.73132277,-0.40667246,-0.73132277,-0.40667246,-0.28647255,-0.41876649,-0.28647255,-0.41876649,0.57919674,0.60888917,0.00289107,-0.02072105,-0.00808452,0.04144211,0.86835,0.63335,0.39808698,0.37628074,0.0,0.0,383.9,133.9,0.9858,1.1018,1,1,0
2026-09-28T21:47:36.367314+09:00,85225449,dccd50fe,2026-09-28T21:47:36.367314+09:00,2026-09-28T21:47:36.406683+09:00,rail-left-01,rail-right-01,0.6.7-draft,0.6.7-draft,mqtt,mqtt,120.07,105.05,6.354,6.703,-0.13,-0.008,-0.037,-0.298,10.432,9.724,-0.0586,0.0281,0.0321,0.0497,-0.0119,-0.0068,26.99,27.3,16149,19015,2.019,2.377,6.056,7.131,651,651,66,66,24,23,0,0,-0.44881461,-0.66431083,-0.44881461,-0.66431083,-0.41109377,-0.24836649,-0.41109377,-0.24836649,0.60587099,0.65430822,-0.01086785,0.00892621,0.02370664,0.03564787,0.63335,0.69635,0.37607953,0.37930868,0.0,0.0,391.5,141.5,0.9858,1.1018,1,1,0
2026-09-28T21:47:36.387457+09:00,85245592,dccd50fe,2026-09-28T21:47:36.387457+09:00,2026-09-28T21:47:36.426826+09:00,rail-left-01,rail-right-01,0.6.7-draft,0.6.7-draft,mqtt,mqtt,121.11,105.95,6.536,6.62,0.042,0.048,-0.063,-0.305,10.38,9.573,-0.0609,0.0332,0.0352,0.0548,-0.0072,-0.0036,26.99,27.27,16600,18831,2.075,2.354,6.225,7.062,652,652,66,66,24,23,0,0,-0.48544874,-0.62204576,-0.48544874,-0.62204576,-0.38953316,-0.23541195,-0.38953316,-0.23541195,0.61093917,0.65512099,-0.0025281,0.0077551,0.03158485,0.03450706,0.63335,0.69635,0.37641741,0.37936286,0.0,0.0,392.5,142.5,0.9858,1.1018,1,1,0
2026-09-28T21:47:36.407477+09:00,85265612,dccd50fe,2026-09-28T21:47:36.407477+09:00,2026-09-28T21:47:36.446846+09:00,rail-left-01,rail-right-01,0.6.7-draft,0.6.7-draft,mqtt,mqtt,122.16,106.89,6.578,6.62,-0.17,-0.042,0.183,-0.183,10.307,9.639,-0.0626,0.0321,0.0346,0.0512,-0.0075,-0.0027,27.0,27.27,16706,18831,2.088,2.354,6.265,7.062,653,653,66,66,24,23,0,0,-0.51954962,-0.59462911,-0.51954962,-0.59462911,-0.3680588,-0.22358388,-0.3680588,-0.22358388,0.61684301,0.65586308,0.0018886,0.00689832,0.03596526,0.03349176,0.63335,0.69635,0.376811,0.37941233,0.0,0.0,393.6,143.6,0.9858,1.1018,1,1,0
2026-09-28T21:47:36.427452+09:00,85285587,dccd50fe,2026-09-28T21:47:36.427452+09:00,2026-09-28T21:47:36.466821+09:00,rail-left-01,rail-right-01,0.6.7-draft,0.6.7-draft,mqtt,mqtt,123.2,107.79,6.595,6.609,-0.007,0.102,0.164,-0.384,10.441,9.62,-0.0645,0.0298,0.038,0.0554,-0.0099,-0.0065,26.99,27.29,16748,18808,2.094,2.351,6.281,7.053,654,654,66,66,24,23,0,0,-0.55039716,-0.55240669,-0.55039716,-0.55240669,-0.34843792,-0.21228316,-0.34843792,-0.21228316,0.6225106,0.65631417,0.00445697,0.0061728,0.03816652,0.03270875,0.63435,0.69635,0.37718884,0.37944241,0.0,0.0,394.6,144.6,0.9858,1.1018,1,1,0
2026-09-28T21:47:36.447501+09:00,85305636,dccd50fe,2026-09-28T21:47:36.447501+09:00,2026-09-28T21:47:36.486870+09:00,rail-left-01,rail-right-01,0.6.7-draft,0.6.7-draft,mqtt,mqtt,124.25,108.68,6.606,6.607,-0.12,-0.04,-0.069,-0.204,10.332,9.653,-0.0659,0.0314,0.0376,0.0528,-0.0081,-0.0085,26.99,27.26,16776,18802,2.097,2.35,6.291,7.051,655,655,66,66,24,23,0,0,-0.57940487,-0.52974168,-0.57940487,-0.52974168,-0.33069983,-0.20180649,-0.33069983,-0.20180649,0.62778917,0.65668917,0.00607805,0.00558784,0.03918926,0.03198227,0.63435,0.69635,0.37754074,0.37946741,0.0,0.0,395.6,145.6,0.9858,1.1018,1,1,0
2026-09-28T21:47:36.467487+09:00,85325622,dccd50fe,2026-09-28T21:47:36.467487+09:00,2026-09-28T21:47:36.506856+09:00,rail-left-01,rail-right-01,0.6.7-draft,0.6.7-draft,mqtt,mqtt,125.29,109.63,6.637,6.599,-0.135,0.001,0.016,-0.188,10.271,9.703,-0.0605,0.0332,0.034,0.0525,-0.0095,-0.0101,26.99,27.28,16852,18785,2.107,2.348,6.32,7.044,656,656,66,66,24,23,0,0,-0.6068125,-0.50434822,-0.6068125,-0.50434822,-0.31324149,-0.19182803,-0.31324149,-0.19182803,0.63337667,0.65688148,0.00745146,0.00506841,0.0401313,0.03134803,0.63435,0.69635,0.37791324,0.37948023,0.0,0.0,396.7,146.7,0.9858,1.1018,1,1,0
2026-09-28T21:47:36.487743+09:00,85345878,dccd50fe,2026-09-28T21:47:36.487743+09:00,2026-09-28T21:47:36.527112+09:00,rail-left-01,rail-right-01,0.6.7-draft,0.6.7-draft,mqtt,mqtt,126.33,110.52,6.655,6.589,-0.083,0.053,0.103,-0.26,10.503,9.694,-0.0625,0.0316,0.0348,0.0526,-0.0081,-0.0036,27.02,27.26,16898,18763,2.112,2.345,6.337,7.036,657,657,66,66,24,23,0,0,-0.63252704,-0.47536795,-0.63252704,-0.47536795,-0.29677826,-0.18221834,-0.29677826,-0.18221834,0.63883623,0.65687435,0.00850884,0.00459188,0.04070806,0.03081158,0.69635,0.69635,0.37827721,0.37947975,0.0,0.0,397.7,147.7,0.9858,1.1018,1,1,0
2026-09-28T21:47:36.507481+09:00,85365616,dccd50fe,2026-09-28T21:47:36.507481+09:00,2026-09-28T21:47:36.546850+09:00,rail-left-01,rail-right-01,0.6.7-draft,0.6.7-draft,mqtt,mqtt,127.38,111.42,6.655,6.582,-0.065,0.045,0.041,-0.49,10.343,9.651,-0.0653,0.033,0.0428,0.0572,-0.0111,-0.012,27.0,27.29,16897,18748,2.112,2.344,6.336,7.031,658,658,66,66,24,23,0,0,-0.65688142,-0.44924907,-0.65688142,-0.44924907,-0.28214427,-0.17304506,-0.28214427,-0.17304506,0.64368917,0.65674274,0.00917038,0.00416137,0.04067724,0.03032184,0.69635,0.69635,0.37860074,0.37947098,0.0,0.0,398.7,148.7,0.9858,1.1018,1,1,0
2026-09-28T21:47:36.527380+09:00,85385515,dccd50fe,2026-09-28T21:47:36.527380+09:00,2026-09-28T21:47:36.566749+09:00,rail-left-01,rail-right-01,0.6.7-draft,0.6.7-draft,mqtt,mqtt,128.42,112.36,6.65,6.59,-0.221,-0.11,0.036,-0.092,10.473,9.673,-0.067,0.0325,0.0376,0.056,-0.0073,-0.0047,27.01,27.28,16884,18766,2.111,2.346,6.332,7.037,659,659,66,66,24,23,0,0,-0.68078061,-0.44012529,-0.68078061,-0.44012529,-0.26931386,-0.16478029,-0.26931386,-0.16478029,0.64789969,0.65675813,0.0095217,0.00382537,0.04016772,0.02974507,0.69635,0.69635,0.37888144,0.379472,0.0,0.0,399.7,149.7,0.9858,1.1018,1,1,0
2026-09-28T21:47:36.548170+09:00,85406305,dccd50fe,2026-09-28T21:47:36.548170+09:00,2026-09-28T21:47:36.587539+09:00,rail-left-01,rail-right-01,0.6.7-draft,0.6.7-draft,mqtt,mqtt,129.52,113.31,6.636,6.575,0.045,0.193,0.175,-0.198,10.495,9.991,-0.0653,0.0312,0.0366,0.0568,-0.0072,-0.0031,26.99,27.25,16849,18732,2.106,2.342,6.318,7.024,660,660,66,66,24,23,0,0,-0.70276882,-0.40326729,-0.70276882,-0.40326729,-0.25846649,-0.15656649,-0.25846649,-0.15656649,0.65133917,0.6565225,0.00957983,0.00347796,0.039169,0.02927348,0.69635,0.69635,0.37911074,0.3794563,0.0,0.0,400.8,150.8,0.9858,1.1018,1,1,0
2026-09-28T21:47:36.637822+09:00,85489498,dccd50fe,2026-09-28T21:47:36.637822+09:00,2026-09-28T21:47:36.719333+09:00,rail-left-01,rail-right-01,0.6.7-draft,0.6.7-draft,mqtt,mqtt,133.79,117.09,6.63,6.574,-0.045,0.035,0.049,-0.387,10.43,9.485,-0.0665,0.0305,0.0384,0.0589,-0.0075,-0.0043,26.97,27.27,16835,18729,2.104,2.341,6.313,7.023,661,661,67,67,24,23,0,0,-0.37670329,-0.25976505,-0.37670329,-0.25976505,-0.14907617,-0.10553722,-0.14907617,-0.10553722,0.6562053,0.64822575,0.00306754,0.00019875,0.02829001,0.01939004,0.69635,0.71935,0.37943515,0.37890318,0.0,0.0,405.0,155.0,0.9858,1.1018,1,1,0
2026-09-28T21:47:36.657934+09:00,85509610,dccd50fe,2026-09-28T21:47:36.657934+09:00,2026-09-28T21:47:36.739445+09:00,rail-left-01,rail-right-01,0.6.7-draft,0.6.7-draft,mqtt,mqtt,134.84,117.98,6.638,6.588,-0.098,-0.035,-0.104,-0.221,10.444,9.811,-0.0624,0.0297,0.0382,0.055,-0.0096,-0.004,27.01,27.26,16854,18760,2.107,2.345,6.32,7.035,662,662,67,67,24,23,0,0,-0.35362981,-0.26656112,-0.35362981,-0.26656112,-0.14180399,-0.1038903,-0.14180399,-0.1038903,0.65603292,0.64716536,0.0027539,-7.64e-06,0.0274475,0.01840981,0.69635,0.71935,0.37942366,0.37883249,0.0,0.0,406.1,156.1,0.9858,1.1018,1,1,0
2026-09-28T21:47:36.677844+09:00,85529520,dccd50fe,2026-09-28T21:47:36.677844+09:00,2026-09-28T21:47:36.759355+09:00,rail-left-01,rail-right-01,0.6.7-draft,0.6.7-draft,mqtt,mqtt,135.88,118.93,6.624,6.576,-0.049,0.095,0.097,-0.095,10.325,9.772,-0.0689,0.033,0.0372,0.0585,-0.0077,-0.0076,27.0,27.26,16819,18733,2.102,2.342,6.307,7.025,663,663,67,67,24,23,0,0,-0.33346564,-0.26450888,-0.33346564,-0.26450888,-0.1353968,-0.10204091,-0.1353968,-0.10204091,0.65565887,0.64601475,0.00244079,-0.00020998,0.02656875,0.01757893,0.69635,0.71935,0.37939872,0.37875578,0.0,0.0,407.1,157.1,0.9858,1.1018,1,1,0
2026-09-28T21:47:36.697982+09:00,85549658,dccd50fe,2026-09-28T21:47:36.697982+09:00,2026-09-28T21:47:36.779493+09:00,rail-left-01,rail-right-01,0.6.7-draft,0.6.7-draft,mqtt,mqtt,136.92,119.82,6.627,6.576,-0.079,0.035,0.192,-0.505,10.465,9.655,-0.0666,0.0329,0.04,0.0541,-0.0091,-0.0065,27.01,27.27,16827,18735,2.103,2.342,6.31,7.026,664,664,67,67,24,23,0,0,-0.31605794,-0.26645546,-0.31605794,-0.26645546,-0.12927826,-0.10027558,-0.12927826,-0.10027558,0.65535093,0.64491644,0.00218281,-0.00038486,0.02577307,0.016829,0.69635,0.71935,0.37937819,0.37868256,0.0,0.0,408.1,158.1,0.9858,1.1018,1,1,0
2026-09-28T21:47:36.718038+09:00,85569714,dccd50fe,2026-09-28T21:47:36.718038+09:00,2026-09-28T21:47:36.799549+09:00,rail-left-01,rail-right-01,0.6.7-draft,0.6.7-draft,mqtt,mqtt,137.97,120.72,6.612,6.573,-0.188,-0.093,-0.041,-0.229,10.3,9.687,-0.0634,0.0337,0.0386,0.0562,-0.0088,-0.0011,27.01,27.25,16790,18727,2.099,2.341,6.296,7.023,665,665,67,67,24,23,0,0,-0.30141983,-0.27638732,-0.30141983,-0.27638732,-0.12393792,-0.09852205,-0.12393792,-0.09852205,0.65484631,0.64383361,0.001916,-0.0005423,0.02493922,0.01615793,0.69635,0.71935,0.37934455,0.37861037,0.0,0.0,409.2,159.2,0.9858,1.1018,1,1,0
2026-09-28T21:47:36.737996+09:00,85589672,dccd50fe,2026-09-28T21:47:36.737996+09:00,2026-09-28T21:47:36.819507+09:00,rail-left-01,rail-right-01,0.6.7-draft,0.6.7-draft,mqtt,mqtt,139.01,121.66,6.589,6.565,-0.043,0.045,0.381,-0.241,10.526,9.888,-0.0662,0.0314,0.0382,0.0601,-0.012,-0.0088,26.99,27.26,16733,18709,2.092,2.339,6.275,7.016,666,666,67,67,24,23,0,0,-0.28880849,-0.27729215,-0.28880849,-0.27729215,-0.11953316,-0.09667084,-0.11953316,-0.09667084,0.65405028,0.64271091,0.00162154,-0.0006938,0.02403597,0.01556966,0.71935,0.71935,0.37929148,0.37853552,0.0,0.0,410.2,160.2,0.9858,1.1018,1,1,0
2026-09-28T21:47:36.757912+09:00,85609588,dccd50fe,2026-09-28T21:47:36.757912+09:00,2026-09-28T21:47:36.839423+09:00,rail-left-01,rail-right-01,0.6.7-draft,0.6.7-draft,mqtt,mqtt,140.01,122.56,6.582,6.566,-0.116,0.008,0.232,-0.352,10.484,9.758,-0.0689,0.0326,0.0404,0.0573,-0.0088,-0.0053,27.02,27.24,16715,18711,2.089,2.339,6.268,7.017,667,667,67,67,24,23,0,0,-0.27825516,-0.2804316,-0.27825516,-0.2804316,-0.11555568,-0.09491968,-0.11555568,-0.09491968,0.65320268,0.64164662,0.00134843,-0.00082476,0.02316809,0.01502378,0.71935,0.71935,0.37923497,0.37846457,0.0,0.0,411.2,161.2,0.9858,1.1018,1,1,0
2026-09-28T21:47:36.777842+09:00,85629518,dccd50fe,2026-09-28T21:47:36.777842+09:00,2026-09-28T21:47:36.859353+09:00,rail-left-01,rail-right-01,0.6.7-draft,0.6.7-draft,mqtt,mqtt,141.05,123.45,6.556,6.57,-0.205,-0.144,-0.059,-0.362,10.488,9.641,-0.0673,0.0342,0.0445,0.06,-0.0157,-0.0099,27.03,27.27,16650,18721,2.081,2.34,6.244,7.02,668,668,67,67,24,23,0,0,-0.2698574,-0.29251185,-0.2698574,-0.29251185,-0.11247176,-0.09332483,-0.11247176,-0.09332483,0.65205759,0.64066834,0.00104631,-0.00093326,0.02223507,0.01450563,0.71935,0.71935,0.37915864,0.37839935,0.0,0.0,412.2,162.2,0.9858,1.1018,1,1,0
2026-09-28T21:47:36.797939+09:00,85649615,dccd50fe,2026-09-28T21:47:36.797939+09:00,2026-09-28T21:47:36.879450+09:00,rail-left-01,rail-right-01,0.6.7-draft,0.6.7-draft,mqtt,mqtt,142.09,124.4,6.547,6.574,-0.025,0.061,-0.11,-0.156,10.418,9.87,-0.0637,0.0305,0.0377,0.0593,-0.0132,-0.0103,27.03,27.28,16628,18730,2.079,2.341,6.236,7.024,669,669,67,67,24,23,0,0,-0.26280464,-0.29211822,-0.26280464,-0.29211822,-0.10977675,-0.0918767,-0.10977675,-0.0918767,0.65085584,0.6397708,0.00076144,-0.00102255,0.02133202,0.0140099,0.71935,0.71935,0.37907852,0.37833952,0.0,0.0,413.2,163.2,0.9858,1.1018,1,1,0
2026-09-28T21:47:36.817996+09:00,85669672,dccd50fe,2026-09-28T21:47:36.817996+09:00,2026-09-28T21:47:36.899507+09:00,rail-left-01,rail-right-01,0.6.7-draft,0.6.7-draft,mqtt,mqtt,143.14,125.29,6.531,6.582,-0.158,0.02,0.096,-0.253,10.471,9.547,-0.0657,0.0321,0.0457,0.0602,-0.0103,-0.0045,27.02,27.26,16588,18748,2.074,2.344,6.221,7.031,670,670,67,67,24,23,0,0,-0.25743064,-0.29417544,-0.25743064,-0.29417544,-0.10761649,-0.09064649,-0.10761649,-0.09064649,0.64951417,0.63898917,0.00047615,-0.00108923,0.02042506,0.01352471,0.71935,0.71935,0.37898907,0.37828741,0.0,0.0,414.2,164.2,0.9858,1.1018,1,1,0
2026-09-28T21:47:37.001486+09:00,85801406,dccd50fe,2026-09-28T21:47:37.001486+09:00,2026-09-28T21:47:37.040209+09:00,rail-left-01,rail-right-01,0.6.7-draft,0.6.7-draft,mqtt,mqtt,149.95,131.31,6.514,6.588,-0.103,0.059,-0.102,-0.509,10.382,9.736,-0.0648,0.0298,0.0416,0.0576,-0.0112,-0.0064,27.01,27.27,16545,18760,2.068,2.345,6.204,7.035,671,671,68,68,24,23,0,0,-0.30300468,-0.39254001,-0.30300468,-0.39254001,-0.08979786,-0.11557961,-0.08979786,-0.11557961,0.63807152,0.61427933,-0.00117448,-0.0034265,0.01281151,0.00449074,0.71935,0.78735,0.37822623,0.37664008,0.0,0.0,421.0,171.0,0.9858,1.1018,1,1,0
2026-09-28T21:47:37.021611+09:00,85821531,dccd50fe,2026-09-28T21:47:37.021611+09:00,2026-09-28T21:47:37.060334+09:00,rail-left-01,rail-right-01,0.6.7-draft,0.6.7-draft,mqtt,mqtt,151.04,132.2,6.361,6.596,-0.098,-0.013,-0.105,-0.067,10.217,9.652,-0.0677,0.0344,0.0444,0.0613,-0.0085,-0.0063,27.02,27.26,16166,18778,2.021,2.347,6.062,7.042,672,672,68,68,24,23,0,0,-0.31222349,-0.39198701,-0.31222349,-0.39198701,-0.09192418,-0.11838262,-0.09192418,-0.11838262,0.63571801,0.61219723,-0.00148563,-0.0035356,0.01169088,0.00386944,0.71935,0.78735,0.37806933,0.37650128,0.0,0.0,422.0,172.0,0.9858,1.1018,1,1,0
2026-09-28T21:47:37.041530+09:00,85841450,dccd50fe,2026-09-28T21:47:37.041530+09:00,2026-09-28T21:47:37.080253+09:00,rail-left-01,rail-right-01,0.6.7-draft,0.6.7-draft,mqtt,mqtt,152.04,133.15,6.356,6.609,-0.101,0.036,0.057,-0.238,10.47,9.634,-0.0666,0.0297,0.0404,0.0581,-0.0075,-0.0056,27.02,27.25,16153,18807,2.019,2.351,6.057,7.053,673,673,68,68,24,23,0,0,-0.32173811,-0.38924325,-0.32173811,-0.38924325,-0.09406461,-0.121303,-0.09406461,-0.121303,0.63340615,0.61028441,-0.00176285,-0.0036153,0.01067909,0.00328495,0.71935,0.78735,0.37791521,0.37637376,0.0,0.0,423.0,173.0,0.9858,1.1018,1,1,0
2026-09-28T21:47:37.061604+09:00,85861524,dccd50fe,2026-09-28T21:47:37.061604+09:00,2026-09-28T21:47:37.100327+09:00,rail-left-01,rail-right-01,0.6.7-draft,0.6.7-draft,mqtt,mqtt,153.08,134.04,6.322,6.617,-0.066,0.04,0.034,-0.182,10.594,9.766,-0.0658,0.0333,0.0468,0.0621,-0.0113,-0.0096,27.01,27.27,16069,18825,2.009,2.353,6.026,7.059,674,674,68,68,24,23,0,0,-0.33150577,-0.38638623,-0.33150577,-0.38638623,-0.09675538,-0.12425712,-0.09675538,-0.12425712,0.63086509,0.60849386,-0.00205226,-0.00367509,0.00967683,0.00274367,0.78735,0.78735,0.3777458,0.37625439,0.0,0.0,424.0,174.0,0.9858,1.1018,1,1,0
2026-09-28T21:47:37.082446+09:00,85882366,dccd50fe,2026-09-28T21:47:37.082446+09:00,2026-09-28T21:47:37.121169+09:00,rail-left-01,rail-right-01,0.6.7-draft,0.6.7-draft,mqtt,mqtt,154.18,134.99,6.301,6.624,-0.157,-0.068,0.024,-0.324,10.53,9.697,-0.069,0.0356,0.0448,0.0545,-0.0107,-0.0043,27.02,27.26,16015,18841,2.002,2.355,6.006,7.065,675,675,68,68,24,23,0,0,-0.34167911,-0.38834154,-0.34167911,-0.38834154,-0.09973013,-0.12722803,-0.09973013,-0.12722803,0.62822553,0.60681225,-0.00233396,-0.00371859,0.00871778,0.00224123,0.78735,0.78735,0.37756983,0.37614228,0.0,0.0,425.1,175.1,0.9858,1.1018,1,1,0
2026-09-28T21:47:37.102399+09:00,85902319,dccd50fe,2026-09-28T21:47:37.102399+09:00,2026-09-28T21:47:37.141122+09:00,rail-left-01,rail-right-01,0.6.7-draft,0.6.7-draft,mqtt,mqtt,155.22,135.88,6.305,6.635,-0.175,-0.029,0.22,-0.129,10.343,9.618,-0.0678,0.0305,0.041,0.0572,-0.0125,-0.0077,27.0,27.28,16027,18865,2.003,2.358,6.01,7.074,676,676,68,68,24,23,0,0,-0.35217784,-0.38858526,-0.35217784,-0.38858526,-0.10252721,-0.13027558,-0.10252721,-0.13027558,0.62571595,0.60526493,-0.00257603,-0.00374442,0.0078641,0.00176619,0.78735,0.78735,0.37740253,0.37603912,0.0,0.0,426.2,176.2,0.9858,1.1018,1,1,0
2026-09-28T21:47:37.121616+09:00,85921536,dccd50fe,2026-09-28T21:47:37.121616+09:00,2026-09-28T21:47:37.160339+09:00,rail-left-01,rail-right-01,0.6.7-draft,0.6.7-draft,mqtt,mqtt,156.21,136.77,6.312,6.634,-0.171,-0.018,0.248,-0.306,10.49,9.711,-0.0667,0.0341,0.0393,0.0536,-0.0121,-0.0033,27.02,27.26,16044,18863,2.006,2.358,6.017,7.074,677,677,68,68,24,23,0,0,-0.36291037,-0.3883285,-0.36291037,-0.3883285,-0.10510333,-0.13321724,-0.10510333,-0.13321724,0.62335584,0.60375633,-0.00278006,-0.00376568,0.00711066,0.00133696,0.78735,0.78735,0.37724518,0.37593855,0.0,0.0,427.1,177.1,0.9858,1.1018,1,1,0
2026-09-28T21:47:37.141555+09:00,85941475,dccd50fe,2026-09-28T21:47:37.141555+09:00,2026-09-28T21:47:37.180278+09:00,rail-left-01,rail-right-01,0.6.7-draft,0.6.7-draft,mqtt,mqtt,157.26,137.67,6.311,6.633,-0.095,-0.013,0.158,-0.299,10.311,9.882,-0.061,0.032,0.0517,0.0572,-0.0165,-0.0156,27.02,27.26,16041,18861,2.005,2.358,6.015,7.073,678,678,68,68,24,23,0,0,-0.37383834,-0.38782678,-0.37383834,-0.38782678,-0.10760787,-0.13605767,-0.10760787,-0.13605767,0.62106848,0.60228476,-0.0029607,-0.00378292,0.00642396,0.00094801,0.78735,0.78735,0.37709269,0.37584045,0.0,0.0,428.2,178.2,0.9858,1.1018,1,1,0
2026-09-28T21:47:37.161631+09:00,85961551,dccd50fe,2026-09-28T21:47:37.161631+09:00,2026-09-28T21:47:37.200354+09:00,rail-left-01,rail-right-01,0.6.7-draft,0.6.7-draft,mqtt,mqtt,158.3,138.56,6.309,6.645,-0.238,-0.109,0.0,-0.224,10.435,9.734,-0.0632,0.0306,0.0444,0.0561,-0.016,-0.006,27.01,27.27,16036,18886,2.005,2.361,6.014,7.082,679,679,68,68,24,23,0,0,-0.38513297,-0.39131674,-0.38513297,-0.39131674,-0.11006141,-0.13898968,-0.11006141,-0.13898968,0.61884171,0.60094279,-0.00312195,-0.00378582,0.00579411,0.00057318,0.78735,0.78735,0.37694424,0.37575098,0.0,0.0,429.2,179.2,0.9858,1.1018,1,1,0
2026-09-28T21:47:37.181612+09:00,85981532,dccd50fe,2026-09-28T21:47:37.181612+09:00,2026-09-28T21:47:37.220335+09:00,rail-left-01,rail-right-01,0.6.7-draft,0.6.7-draft,mqtt,mqtt,159.35,139.51,6.286,6.657,-0.113,0.09,-0.001,-0.28,10.499,9.571,-0.064,0.0329,0.0465,0.0624,-0.0135,-0.0056,27.0,27.28,15979,18914,1.997,2.364,5.992,7.093,680,680,68,68,24,23,0,0,-0.39653398,-0.3866645,-0.39653398,-0.3866645,-0.11281649,-0.14200935,-0.11281649,-0.14200935,0.6164975,0.59972488,-0.00328916,-0.00377592,0.00516838,0.00021071,0.78735,0.78735,0.37678796,0.37566979,0.0,0.0,430.2,180.2,0.9858,1.1018,1,1,0
2026-09-28T21:47:37.313492+09:00,86122448,dccd50fe,2026-09-28T21:47:37.313492+09:00,2026-09-28T21:47:37.390477+09:00,rail-left-01,rail-right-01,0.6.7-draft,0.6.7-draft,mqtt,mqtt,166.66,145.92,6.272,6.665,-0.206,-0.044,-0.11,-0.408,10.331,9.505,-0.0678,0.032,0.0438,0.0557,-0.0099,-0.0064,27.02,27.27,15944,18932,1.993,2.367,5.979,7.1,681,681,69,69,24,23,0,0,-0.43914648,-0.59847767,-0.43914648,-0.59847767,-0.36436649,-0.42009377,-0.36436649,-0.42009377,0.50868917,0.4815528,0.0,-0.00672632,0.0,-0.0150611,0.52435,0.74535,0.36131368,0.35961766,0.0,0.0,437.4,187.4,0.9858,1.1018,1,1,0
2026-09-28T21:47:37.333628+09:00,86142584,dccd50fe,2026-09-28T21:47:37.333628+09:00,2026-09-28T21:47:37.410613+09:00,rail-left-01,rail-right-01,0.6.7-draft,0.6.7-draft,mqtt,mqtt,167.7,146.87,6.28,6.723,-0.053,0.042,0.23,0.145,10.543,9.805,-0.0648,0.0298,0.0352,0.0604,-0.0092,-0.0089,27.02,27.26,15964,19059,1.996,2.382,5.987,7.147,682,682,69,69,24,23,0,0,-0.45566663,-0.58109263,-0.45566663,-0.58109263,-0.36036649,-0.42711649,-0.36036649,-0.42711649,0.51068917,0.48348084,0.00769231,-0.00282374,0.01538462,-0.01514268,0.73635,0.74535,0.36143868,0.35973816,0.0,0.0,438.5,188.5,0.9858,1.1018,1,1,0
2026-09-28T21:47:37.353549+09:00,86162505,dccd50fe,2026-09-28T21:47:37.353549+09:00,2026-09-28T21:47:37.430534+09:00,rail-left-01,rail-right-01,0.6.7-draft,0.6.7-draft,mqtt,mqtt,168.74,147.76,6.262,6.721,-0.06,0.074,0.209,-0.461,10.427,9.729,-0.0667,0.0305,0.0334,0.0541,-0.0077,-0.0056,27.0,27.29,15920,19056,1.99,2.382,5.97,7.146,683,683,69,69,24,23,0,0,-0.47157085,-0.55951504,-0.47157085,-0.55951504,-0.36503316,-0.43290495,-0.36503316,-0.43290495,0.50835584,0.48503532,-0.00480769,-0.00111069,-0.00961538,-0.0147593,0.73635,0.74535,0.36129285,0.35983532,0.0,0.0,439.5,189.5,0.9858,1.1018,1,1,0
2026-09-28T21:47:37.373557+09:00,86182513,dccd50fe,2026-09-28T21:47:37.373557+09:00,2026-09-28T21:47:37.450542+09:00,rail-left-01,rail-right-01,0.6.7-draft,0.6.7-draft,mqtt,mqtt,169.74,148.66,6.253,6.72,-0.421,-0.314,0.072,-0.17,10.233,9.704,-0.0671,0.032,0.0345,0.0686,-0.0087,-0.0131,27.02,27.24,15897,19054,1.987,2.382,5.961,7.145,684,684,69,69,24,23,0,0,-0.49724285,-0.61971414,-0.49724285,-0.61971414,-0.36961649,-0.43779506,-0.36961649,-0.43779506,0.50606417,0.48633203,-0.00727613,-0.00018211,-0.01455227,-0.01425934,0.73635,0.74535,0.36114962,0.35991636,0.0,0.0,440.5,190.5,0.9858,1.1018,1,1,0
2026-09-28T21:47:37.393802+09:00,86202758,dccd50fe,2026-09-28T21:47:37.393802+09:00,2026-09-28T21:47:37.470787+09:00,rail-left-01,rail-right-01,0.6.7-draft,0.6.7-draft,mqtt,mqtt,170.83,149.6,6.222,6.717,0.23,0.346,0.048,-0.233,10.487,9.673,-0.064,0.0312,0.0288,0.0663,-0.0077,-0.0156,27.0,27.26,15820,19046,1.978,2.381,5.933,7.142,685,685,69,69,24,23,0,0,-0.5112302,-0.54693135,-0.5112302,-0.54693135,-0.37856649,-0.44183316,-0.37856649,-0.44183316,0.50158917,0.48735584,-0.01227236,0.00034155,-0.02454473,-0.01364283,0.73635,0.74535,0.36086993,0.35998035,0.0,0.0,441.5,191.5,0.9858,1.1018,1,1,0
2026-09-28T21:47:37.413770+09:00,86222726,dccd50fe,2026-09-28T21:47:37.413770+09:00,2026-09-28T21:47:37.490755+09:00,rail-left-01,rail-right-01,0.6.7-draft,0.6.7-draft,mqtt,mqtt,171.88,150.5,6.215,6.725,-0.238,-0.145,0.03,-0.086,10.415,9.679,-0.0687,0.033,0.0422,0.0565,-0.0053,-0.0001,27.02,27.27,15803,19065,1.975,2.383,5.926,7.149,686,686,69,69,24,23,0,0,-0.5292301,-0.57048665,-0.5292301,-0.57048665,-0.38569983,-0.44586649,-0.38569983,-0.44586649,0.4980225,0.48850167,-0.01284995,0.00079205,-0.0256999,-0.01328801,0.73635,0.74535,0.36064702,0.36005197,0.0,0.0,442.6,192.6,0.9858,1.1018,1,1,0
2026-09-28T21:47:37.433501+09:00,86242457,dccd50fe,2026-09-28T21:47:37.433501+09:00,2026-09-28T21:47:37.510486+09:00,rail-left-01,rail-right-01,0.6.7-draft,0.6.7-draft,mqtt,mqtt,172.87,151.39,6.188,6.728,0.02,0.145,0.176,-0.23,10.552,9.713,-0.0616,0.0305,0.0397,0.0524,-0.0129,-0.0107,27.02,27.27,15734,19072,1.967,2.384,5.9,7.152,687,687,69,69,24,23,0,0,-0.54496185,-0.54277149,-0.54496185,-0.54277149,-0.39465221,-0.44960179,-0.39465221,-0.44960179,0.49354631,0.48960093,-0.01451616,0.0011327,-0.02903232,-0.01297123,0.74535,0.74535,0.36036726,0.36012067,0.0,0.0,443.6,193.6,0.9858,1.1018,1,1,0
2026-09-28T21:47:37.453622+09:00,86262578,dccd50fe,2026-09-28T21:47:37.453622+09:00,2026-09-28T21:47:37.530607+09:00,rail-left-01,rail-right-01,0.6.7-draft,0.6.7-draft,mqtt,mqtt,173.91,152.29,6.152,6.733,-0.159,-0.077,0.079,-0.323,10.258,9.726,-0.0597,0.0298,0.048,0.0606,-0.0092,-0.0107,27.02,27.26,15645,19083,1.956,2.385,5.867,7.156,688,688,69,69,24,23,0,0,-0.56228003,-0.55310917,-0.56228003,-0.55310917,-0.40586649,-0.45319983,-0.40586649,-0.45319983,0.48793917,0.49071695,-0.01689388,0.00142213,-0.03378777,-0.01272394,0.74535,0.74535,0.36001681,0.36019042,0.0,0.0,444.6,194.6,0.9858,1.1018,1,1,0
2026-09-28T21:47:37.473617+09:00,86282573,dccd50fe,2026-09-28T21:47:37.473617+09:00,2026-09-28T21:47:37.550602+09:00,rail-left-01,rail-right-01,0.6.7-draft,0.6.7-draft,mqtt,mqtt,174.96,153.23,6.147,6.743,-0.034,-0.02,0.141,-0.39,10.341,9.304,-0.075,0.0297,0.0342,0.0544,-0.0043,-0.0041,27.02,27.26,15633,19104,1.954,2.388,5.862,7.164,689,689,69,69,24,23,0,0,-0.57805279,-0.55448819,-0.57805279,-0.55448819,-0.41514427,-0.45694544,-0.41514427,-0.45694544,0.48330028,0.49197864,-0.01719136,0.00172321,-0.03438272,-0.01261754,0.74535,0.74535,0.35972688,0.36026928,0.0,0.0,445.6,195.6,0.9858,1.1018,1,1,0
2026-09-28T21:47:37.493675+09:00,86302631,dccd50fe,2026-09-28T21:47:37.493675+09:00,2026-09-28T21:47:37.570660+09:00,rail-left-01,rail-right-01,0.6.7-draft,0.6.7-draft,mqtt,mqtt,176.0,154.13,6.198,6.741,-0.18,-0.043,0.051,-0.175,10.476,10.029,-0.0707,0.0308,0.0308,0.0508,-0.0101,-0.006,26.99,27.27,15759,19100,1.97,2.388,5.91,7.163,690,690,69,69,24,23,0,0,-0.59409583,-0.55791827,-0.59409583,-0.55791827,-0.41746649,-0.46021649,-0.41746649,-0.46021649,0.48213917,0.49306417,-0.01371916,0.0019212,-0.02743833,-0.01239949,0.74535,0.74535,0.35965431,0.36033712,0.0,0.0,446.6,196.6,0.9858,1.1018,1,1,0
2026-09-28T21:47:37.657586+09:00,86472456,dccd50fe,2026-09-28T21:47:37.657586+09:00,2026-09-28T21:47:37.694010+09:00,rail-left-01,rail-right-01,0.6.7-draft,0.6.7-draft,mqtt,mqtt,184.85,161.88,6.21,6.738,-0.114,-0.035,0.102,-0.154,10.427,9.907,-0.0646,0.0352,0.0334,0.0498,-0.0088,-0.0007,27.0,27.29,15789,19093,1.974,2.387,5.921,7.16,691,691,70,70,24,23,0,0,-0.57304531,-0.69186328,-0.57304531,-0.69186328,-0.46260459,-0.46894714,-0.46260459,-0.46894714,0.49433203,0.50694723,0.00207856,0.00303803,-0.01063641,-0.00313336,0.74535,0.89035,0.36041636,0.36120481,0.0,0.0,455.4,205.4,0.9858,1.1018,1,1,0
2026-09-28T21:47:37.677614+09:00,86492484,dccd50fe,2026-09-28T21:47:37.677614+09:00,2026-09-28T21:47:37.714038+09:00,rail-left-01,rail-right-01,0.6.7-draft,0.6.7-draft,mqtt,mqtt,185.9,162.78,6.192,6.612,-0.089,-0.103,0.336,-0.262,10.445,9.633,-0.0654,0.0318,0.038,0.054,-0.0084,-0.0072,27.05,27.28,15745,18813,1.968,2.352,5.904,7.055,692,692,70,70,24,23,0,0,-0.58813773,-0.68474813,-0.58813773,-0.68474813,-0.46559377,-0.46167899,-0.46559377,-0.46167899,0.49507553,0.50759542,0.00198446,0.0028546,-0.00982171,-0.00097565,0.74535,0.89035,0.36046283,0.36124532,0.0,0.0,456.4,206.4,0.9858,1.1018,1,1,0
2026-09-28T21:47:37.697756+09:00,86512626,dccd50fe,2026-09-28T21:47:37.697756+09:00,2026-09-28T21:47:37.734180+09:00,rail-left-01,rail-right-01,0.6.7-draft,0.6.7-draft,mqtt,mqtt,186.94,163.72,6.209,6.606,-0.085,0.071,0.119,-0.409,10.435,9.667,-0.0671,0.0288,0.0386,0.058,-0.0108,-0.0085,26.99,27.25,15787,18801,1.973,2.35,5.92,7.05,693,693,70,70,24,23,0,0,-0.60315332,-0.662958,-0.60315332,-0.662958,-0.46758388,-0.45466952,-0.46758388,-0.45466952,0.49612395,0.50811341,0.00204019,0.00268257,-0.00894486,0.0007369,0.74535,0.89035,0.36052836,0.3612777,0.0,0.0,457.4,207.4,0.9858,1.1018,1,1,0
2026-09-28T21:47:37.717715+09:00,86532586,dccd50fe,2026-09-28T21:47:37.717715+09:00,2026-09-28T21:47:37.754139+09:00,rail-left-01,rail-right-01,0.6.7-draft,0.6.7-draft,mqtt,mqtt,187.98,164.62,6.188,6.602,-0.098,-0.01,-0.168,-0.105,10.527,9.667,-0.0687,0.0286,0.0384,0.0522,-0.0111,-0.0031,27.0,27.26,15735,18791,1.967,2.349,5.901,7.047,694,694,70,70,24,23,0,0,-0.61809676,-0.64926434,-0.61809676,-0.64926434,-0.47028316,-0.44795473,-0.47028316,-0.44795473,0.4966475,0.50854211,0.00192201,0.00252616,-0.00855824,0.00211495,0.74535,0.89035,0.36056108,0.36130449,0.0,0.0,458.5,208.5,0.9858,1.1018,1,1,0
2026-09-28T21:47:37.737814+09:00,86552684,dccd50fe,2026-09-28T21:47:37.737814+09:00,2026-09-28T21:47:37.774237+09:00,rail-left-01,rail-right-01,0.6.7-draft,0.6.7-draft,mqtt,mqtt,189.03,165.51,6.195,6.592,0.096,0.129,-0.215,-0.09,10.428,9.626,-0.0658,0.0316,0.0412,0.0509,-0.0131,-0.0173,26.99,27.28,15753,18769,1.969,2.346,5.907,7.038,695,695,70,70,24,23,0,0,-0.63216555,-0.62498123,-0.63216555,-0.62498123,-0.47248649,-0.44133792,-0.47248649,-0.44133792,0.49726917,0.50880345,0.00186599,0.00236435,-0.00813965,0.00327987,0.74535,0.89035,0.36059993,0.36132083,0.0,0.0,459.5,209.5,0.9858,1.1018,1,1,0
2026-09-28T21:47:37.757857+09:00,86572727,dccd50fe,2026-09-28T21:47:37.757857+09:00,2026-09-28T21:47:37.794280+09:00,rail-left-01,rail-right-01,0.6.7-draft,0.6.7-draft,mqtt,mqtt,190.07,166.46,6.191,6.59,-0.253,-0.152,-0.108,-0.32,10.396,9.701,-0.0662,0.0294,0.0533,0.058,-0.0081,-0.01,26.98,27.27,15743,18764,1.968,2.345,5.904,7.036,696,696,70,70,24,23,0,0,-0.64715566,-0.62435731,-0.64715566,-0.62435731,-0.47467418,-0.43503316,-0.47467418,-0.43503316,0.49776609,0.5090225,0.00179201,0.00221987,-0.00782252,0.00424022,0.74535,0.89035,0.36063099,0.36133452,0.0,0.0,460.5,210.5,0.9858,1.1018,1,1,0
2026-09-28T21:47:37.777611+09:00,86592481,dccd50fe,2026-09-28T21:47:37.777611+09:00,2026-09-28T21:47:37.814034+09:00,rail-left-01,rail-right-01,0.6.7-draft,0.6.7-draft,mqtt,mqtt,191.12,167.35,6.179,6.594,-0.175,-0.01,0.255,-0.236,10.697,9.662,-0.0727,0.0298,0.0356,0.0513,-0.0089,-0.0025,27.0,27.26,15712,18773,1.964,2.347,5.892,7.04,697,697,70,70,24,23,0,0,-0.66218726,-0.61281854,-0.66218726,-0.61281854,-0.47714427,-0.4291773,-0.47714427,-0.4291773,0.49800398,0.50928376,0.00166732,0.0021047,-0.00765436,0.00501,0.89035,0.89035,0.36064586,0.36135085,0.0,0.0,461.5,211.5,0.9858,1.1018,1,1,0
2026-09-28T21:47:37.797755+09:00,86612626,dccd50fe,2026-09-28T21:47:37.797755+09:00,2026-09-28T21:47:37.834179+09:00,rail-left-01,rail-right-01,0.6.7-draft,0.6.7-draft,mqtt,mqtt,192.16,168.25,6.225,6.599,-0.177,-0.135,0.156,-0.329,10.473,9.774,-0.0698,0.0296,0.0317,0.0514,-0.0107,-0.0079,27.0,27.27,15828,18785,1.979,2.348,5.936,7.044,698,698,70,70,24,23,0,0,-0.67717361,-0.61121728,-0.67717361,-0.61121728,-0.47779506,-0.42376123,-0.47779506,-0.42376123,0.49904631,0.50959706,0.00176599,0.0020149,-0.00707671,0.00562476,0.89035,0.89035,0.36071101,0.36137043,0.0,0.0,462.6,212.6,0.9858,1.1018,1,1,0
2026-09-28T21:47:37.817720+09:00,86632590,dccd50fe,2026-09-28T21:47:37.817720+09:00,2026-09-28T21:47:37.854143+09:00,rail-left-01,rail-right-01,0.6.7-draft,0.6.7-draft,mqtt,mqtt,193.21,169.19,6.289,6.595,-0.148,-0.044,0.289,-0.259,10.521,9.61,-0.0694,0.0297,0.028,0.0514,-0.0101,-0.0075,27.01,27.27,15986,18775,1.998,2.347,5.995,7.041,699,699,70,70,24,23,0,0,-0.69189357,-0.60312119,-0.69189357,-0.60312119,-0.47619408,-0.41852034,-0.47619408,-0.41852034,0.5011202,0.50984301,0.00210044,0.00192542,-0.0060565,0.00615476,0.89035,0.89035,0.36084062,0.3613858,0.0,0.0,463.6,213.6,0.9858,1.1018,1,1,0
2026-09-28T21:47:37.838294+09:00,86653164,dccd50fe,2026-09-28T21:47:37.838294+09:00,2026-09-28T21:47:37.874717+09:00,rail-left-01,rail-right-01,0.6.7-draft,0.6.7-draft,mqtt,mqtt,194.25,170.09,6.355,6.573,-0.059,0.063,0.008,-0.335,10.363,9.548,-0.0592,0.0365,0.0294,0.0481,-0.0104,-0.0069,27.02,27.27,16150,18727,2.019,2.341,6.056,7.023,700,700,70,70,24,23,0,0,-0.70606868,-0.5877554,-0.70606868,-0.5877554,-0.47249983,-0.41299149,-0.47249983,-0.41299149,0.50415584,0.50980167,0.00261619,0.00179943,-0.004698,0.00668958,0.89035,0.89035,0.36103035,0.36138322,0.0,0.0,464.6,214.6,0.9858,1.1018,1,1,0
2026-09-28T21:47:37.923630+09:00,86775479,dccd50fe,2026-09-28T21:47:37.923630+09:00,2026-09-28T21:47:38.004559+09:00,rail-left-01,rail-right-01,0.6.7-draft,0.6.7-draft,mqtt,mqtt,200.61,175.7,6.387,6.568,-0.119,-0.034,0.29,-0.356,10.396,9.693,-0.0655,0.0268,0.0253,0.0473,-0.0109,-0.0076,27.02,27.27,16231,18717,2.029,2.34,6.087,7.019,701,701,71,71,24,23,0,0,-0.5774907,-0.53820733,-0.5774907,-0.53820733,-0.40695186,-0.32160179,-0.40695186,-0.32160179,0.51015258,0.53179701,0.00171998,0.00343853,0.00727283,0.01379771,0.89035,0.89035,0.36140515,0.36275792,0.0,0.0,470.9,220.9,0.9858,1.1018,1,1,0
2026-09-28T21:47:37.943813+09:00,86795662,dccd50fe,2026-09-28T21:47:37.943813+09:00,2026-09-28T21:47:38.024742+09:00,rail-left-01,rail-right-01,0.6.7-draft,0.6.7-draft,mqtt,mqtt,201.66,176.6,6.546,6.471,-0.045,0.097,0.344,-0.166,10.609,9.369,-0.0632,0.0366,0.044,0.0496,-0.0132,-0.012,27.0,27.28,16626,18500,2.078,2.312,6.235,6.938,702,702,71,71,24,23,0,0,-0.56873206,-0.52935366,-0.56873206,-0.52935366,-0.39741411,-0.31275111,-0.39741411,-0.31275111,0.51237964,0.53261225,0.00198456,0.00335528,0.00841293,0.01425325,0.89035,0.89035,0.36154434,0.36280888,0.0,0.0,471.9,221.9,0.9858,1.1018,1,1,0
2026-09-28T21:47:37.963745+09:00,86815594,dccd50fe,2026-09-28T21:47:37.963745+09:00,2026-09-28T21:47:38.044674+09:00,rail-left-01,rail-right-01,0.6.7-draft,0.6.7-draft,mqtt,mqtt,202.7,177.54,6.553,6.459,-0.128,0.04,-0.242,-0.262,10.137,9.598,-0.0674,0.0388,0.04,0.0488,-0.0113,-0.0111,27.02,27.29,16643,18474,2.08,2.309,6.241,6.928,703,703,71,71,24,23,0,0,-0.56148764,-0.52388163,-0.56148764,-0.52388163,-0.38815719,-0.304008,-0.38815719,-0.304008,0.51458452,0.53328351,0.00221759,0.00326278,0.00938559,0.01466607,0.89035,0.89035,0.36168214,0.36285083,0.0,0.0,473.0,223.0,0.9858,1.1018,1,1,0
2026-09-28T21:47:37.983703+09:00,86835552,dccd50fe,2026-09-28T21:47:37.983703+09:00,2026-09-28T21:47:38.064632+09:00,rail-left-01,rail-right-01,0.6.7-draft,0.6.7-draft,mqtt,mqtt,203.7,178.44,6.569,6.451,-0.104,0.029,-0.095,-0.338,10.254,9.567,-0.0634,0.0354,0.0389,0.0562,-0.0111,-0.0089,27.01,27.26,16682,18457,2.085,2.307,6.256,6.921,704,704,71,71,24,23,0,0,-0.55553873,-0.51920041,-0.55553873,-0.51920041,-0.3789574,-0.29544057,-0.3789574,-0.29544057,0.51687099,0.53385584,0.00244153,0.00316788,0.0102558,0.01503322,0.89035,0.89035,0.36182505,0.3628866,0.0,0.0,473.9,223.9,0.9858,1.1018,1,1,0
2026-09-28T21:47:38.003951+09:00,86855800,dccd50fe,2026-09-28T21:47:38.003951+09:00,2026-09-28T21:47:38.084880+09:00,rail-left-01,rail-right-01,0.6.7-draft,0.6.7-draft,mqtt,mqtt,204.74,179.38,6.581,6.449,-0.08,0.037,-0.101,-0.211,10.484,9.592,-0.0695,0.0345,0.0322,0.0534,-0.0085,-0.0049,27.01,27.29,16714,18452,2.089,2.307,6.268,6.92,705,705,71,71,24,23,0,0,-0.55063183,-0.51426873,-0.55063183,-0.51426873,-0.36989983,-0.28714831,-0.36989983,-0.28714831,0.51918917,0.53438917,0.00265066,0.00307788,0.01102767,0.01534704,0.89035,0.89035,0.36196993,0.36291993,0.0,0.0,475.0,225.0,0.9858,1.1018,1,1,0
2026-09-28T21:47:38.023941+09:00,86875790,dccd50fe,2026-09-28T21:47:38.023941+09:00,2026-09-28T21:47:38.104870+09:00,rail-left-01,rail-right-01,0.6.7-draft,0.6.7-draft,mqtt,mqtt,205.78,180.28,6.594,6.431,-0.104,-0.087,0.323,-0.072,10.246,9.546,-0.0685,0.0308,0.0374,0.0577,-0.01,-0.0073,27.0,27.29,16746,18413,2.093,2.302,6.28,6.905,706,706,71,71,24,23,0,0,-0.54678122,-0.51584841,-0.54678122,-0.51584841,-0.36095345,-0.27883078,-0.36095345,-0.27883078,0.52154786,0.53474274,0.00284884,0.00297452,0.01172077,0.01565134,0.89035,0.89035,0.36211735,0.36294203,0.0,0.0,476.0,226.0,0.9858,1.1018,1,1,0
2026-09-28T21:47:38.043785+09:00,86895634,dccd50fe,2026-09-28T21:47:38.043785+09:00,2026-09-28T21:47:38.124714+09:00,rail-left-01,rail-right-01,0.6.7-draft,0.6.7-draft,mqtt,mqtt,206.83,181.22,6.59,6.428,-0.159,-0.018,0.241,-0.371,10.403,9.437,-0.0641,0.0309,0.0372,0.0569,-0.0092,-0.0087,27.02,27.3,16736,18406,2.092,2.301,6.276,6.902,707,707,71,71,24,23,0,0,-0.54400739,-0.51395376,-0.54400739,-0.51395376,-0.35247288,-0.27075246,-0.35247288,-0.27075246,0.52376364,0.53505759,0.00301092,0.00287574,0.01229411,0.01591462,0.89035,0.89035,0.36225584,0.36296171,0.0,0.0,477.0,227.0,0.9858,1.1018,1,1,0
2026-09-28T21:47:38.063720+09:00,86915569,dccd50fe,2026-09-28T21:47:38.063720+09:00,2026-09-28T21:47:38.144649+09:00,rail-left-01,rail-right-01,0.6.7-draft,0.6.7-draft,mqtt,mqtt,207.87,182.12,6.597,6.428,-0.101,-0.065,0.235,-0.345,10.332,9.628,-0.0673,0.028,0.0332,0.0561,-0.0085,-0.0029,27.02,27.25,16754,18405,2.094,2.301,6.283,6.902,708,708,71,71,24,23,0,0,-0.5420342,-0.51436304,-0.5420342,-0.51436304,-0.34419983,-0.2629527,-0.34419983,-0.2629527,0.52596,0.53536158,0.003159,0.00278429,0.01279936,0.01613657,0.89035,0.89035,0.36239311,0.36298071,0.0,0.0,478.1,228.1,0.9858,1.1018,1,1,0
2026-09-28T21:47:38.083663+09:00,86935512,dccd50fe,2026-09-28T21:47:38.083663+09:00,2026-09-28T21:47:38.164592+09:00,rail-left-01,rail-right-01,0.6.7-draft,0.6.7-draft,mqtt,mqtt,208.87,183.01,6.594,6.412,-0.005,0.067,0.068,-0.274,10.387,9.839,-0.0658,0.032,0.0376,0.0594,-0.0129,-0.0071,27.01,27.27,16746,18371,2.093,2.296,6.28,6.889,709,709,71,71,24,23,0,0,-0.54062027,-0.5083651,-0.54062027,-0.5083651,-0.33632568,-0.25514615,-0.33632568,-0.25514615,0.52803611,0.53551968,0.00328087,0.00268357,0.01321832,0.0163542,0.89035,0.89035,0.36252287,0.36299059,0.0,0.0,479.0,229.0,0.9858,1.1018,1,1,0
2026-09-28T21:47:38.103686+09:00,86955535,dccd50fe,2026-09-28T21:47:38.103686+09:00,2026-09-28T21:47:38.184615+09:00,rail-left-01,rail-right-01,0.6.7-draft,0.6.7-draft,mqtt,mqtt,209.91,183.96,6.589,6.416,-0.124,-0.077,-0.048,-0.359,10.511,9.553,-0.0683,0.028,0.0405,0.0625,-0.0109,-0.0069,27.02,27.27,16732,18380,2.092,2.298,6.274,6.893,710,710,71,71,24,23,0,0,-0.54001033,-0.50945846,-0.54001033,-0.50945846,-0.32886649,-0.24766649,-0.32886649,-0.24766649,0.52997917,0.53570584,0.0033776,0.00259362,0.01355787,0.01652919,0.89035,0.89035,0.36264431,0.36300223,0.0,0.0,480.1,230.1,0.9858,1.1018,1,1,0
2026-09-28T21:47:38.272893+09:00,87086447,dccd50fe,2026-09-28T21:47:38.272893+09:00,2026-09-28T21:47:38.313969+09:00,rail-left-01,rail-right-01,0.6.7-draft,0.6.7-draft,mqtt,mqtt,216.67,190.02,6.59,6.418,-0.127,-0.022,0.34,-0.225,10.257,9.88,-0.0666,0.0318,0.0372,0.0582,-0.0077,-0.0065,26.99,27.27,16735,18383,2.092,2.298,6.276,6.894,711,711,72,72,24,23,0,0,-0.93911203,-1.01957468,-0.93911203,-1.01957468,0.19463351,0.10263351,0.19463351,0.10263351,0.54718917,0.50137099,0.0,-0.00699753,0.0,-0.0144015,0.45035,0.76835,0.42919353,0.4259208,0.0,0.0,486.7,236.7,0.9858,1.1018,1,1,0
2026-09-28T21:47:38.292919+09:00,87106473,dccd50fe,2026-09-28T21:47:38.292919+09:00,2026-09-28T21:47:38.333995+09:00,rail-left-01,rail-right-01,0.6.7-draft,0.6.7-draft,mqtt,mqtt,217.67,190.92,6.544,6.457,-0.192,-0.134,0.037,-0.354,10.502,9.717,-0.0674,0.0313,0.0454,0.0562,0.0021,-0.0015,26.99,27.25,16620,18469,2.078,2.309,6.233,6.926,712,712,72,72,24,23,0,0,-0.96558562,-0.98044344,-0.96558562,-0.98044344,0.17163351,0.09663351,0.17163351,0.09663351,0.53568917,0.5017725,-0.046,-0.00422479,-0.092,-0.01410732,0.69535,0.76835,0.4283721,0.42594948,0.0,0.0,487.7,237.7,0.9858,1.1018,1,1,0
2026-09-28T21:47:38.312881+09:00,87126435,dccd50fe,2026-09-28T21:47:38.312881+09:00,2026-09-28T21:47:38.353957+09:00,rail-left-01,rail-right-01,0.6.7-draft,0.6.7-draft,mqtt,mqtt,218.71,191.86,6.522,6.465,-0.032,0.028,0.145,-0.227,10.56,9.692,-0.0687,0.0341,0.0392,0.0556,-0.0037,-0.0072,27.02,27.27,16565,18488,2.071,2.311,6.212,6.933,713,713,72,72,24,23,0,0,-0.98433037,-0.91182891,-0.98433037,-0.91182891,0.15663351,0.0909412,0.15663351,0.0909412,0.52818917,0.50241994,-0.03325218,-0.00269873,-0.06650436,-0.01404422,0.75335,0.76835,0.42783639,0.42599573,0.0,0.0,488.7,238.7,0.9858,1.1018,1,1,0
2026-09-28T21:47:38.333008+09:00,87146562,dccd50fe,2026-09-28T21:47:38.333008+09:00,2026-09-28T21:47:38.374084+09:00,rail-left-01,rail-right-01,0.6.7-draft,0.6.7-draft,mqtt,mqtt,219.75,192.76,6.505,6.457,-0.117,0.007,-0.081,-0.221,10.38,9.649,-0.0665,0.034,0.039,0.0544,-0.0039,-0.0039,26.99,27.28,16525,18471,2.066,2.309,6.197,6.927,714,714,72,72,24,23,0,0,-1.00327691,-0.85731925,-1.00327691,-0.85731925,0.14488351,0.08663351,0.14488351,0.08663351,0.52231417,0.50268917,-0.02688101,-0.00197905,-0.05376202,-0.01344606,0.75335,0.76835,0.42741675,0.42601496,0.0,0.0,489.8,239.8,0.9858,1.1018,1,1,0
2026-09-28T21:47:38.352898+09:00,87166452,dccd50fe,2026-09-28T21:47:38.352898+09:00,2026-09-28T21:47:38.393974+09:00,rail-left-01,rail-right-01,0.6.7-draft,0.6.7-draft,mqtt,mqtt,220.8,193.7,6.49,6.431,0.023,0.097,0.086,-0.095,10.527,9.718,-0.0682,0.027,0.039,0.0578,-0.0019,-0.0083,27.04,27.27,16487,18412,2.061,2.302,6.183,6.905,715,715,72,72,24,23,0,0,-1.01883675,-0.79294544,-1.01883675,-0.79294544,0.13483351,0.08463351,0.13483351,0.08463351,0.51728917,0.50205584,-0.0230603,-0.00193588,-0.04612061,-0.01201384,0.75335,0.76835,0.42705782,0.42596972,0.0,0.0,490.8,240.8,0.9858,1.1018,1,1,0
2026-09-28T21:47:38.372907+09:00,87186460,dccd50fe,2026-09-28T21:47:38.372907+09:00,2026-09-28T21:47:38.413982+09:00,rail-left-01,rail-right-01,0.6.7-draft,0.6.7-draft,mqtt,mqtt,221.79,194.65,6.48,6.452,-0.141,-0.017,0.03,-0.341,10.369,9.625,-0.0652,0.0313,0.0442,0.0594,-0.0017,0.0004,27.0,27.28,16461,18459,2.058,2.307,6.173,6.922,716,716,72,72,24,23,0,0,-1.03609876,-0.75698519,-1.03609876,-0.75698519,0.12646684,0.08157101,0.12646684,0.08157101,0.51310584,0.50215792,-0.02021938,-0.00158268,-0.04043875,-0.01150345,0.75335,0.76835,0.42675901,0.42597701,0.0,0.0,491.8,241.8,0.9858,1.1018,1,1,0
2026-09-28T21:47:38.393047+09:00,87206601,dccd50fe,2026-09-28T21:47:38.393047+09:00,2026-09-28T21:47:38.434123+09:00,rail-left-01,rail-right-01,0.6.7-draft,0.6.7-draft,mqtt,mqtt,222.84,195.54,6.474,6.474,-0.065,-0.011,0.316,-0.236,10.209,9.612,-0.0707,0.028,0.0397,0.0614,-0.0032,-0.0063,27.02,27.26,16446,18508,2.056,2.314,6.167,6.941,717,717,72,72,24,23,0,0,-1.05259521,-0.72425279,-1.05259521,-0.72425279,0.11963351,0.07757468,0.11963351,0.07757468,0.50968917,0.50289505,-0.01760353,-0.00104644,-0.03520706,-0.01157128,0.75335,0.76835,0.42651496,0.42602967,0.0,0.0,492.8,242.8,0.9858,1.1018,1,1,0
2026-09-28T21:47:38.412990+09:00,87226544,dccd50fe,2026-09-28T21:47:38.412990+09:00,2026-09-28T21:47:38.454066+09:00,rail-left-01,rail-right-01,0.6.7-draft,0.6.7-draft,mqtt,mqtt,223.88,196.49,6.475,6.484,-0.069,0.065,-0.017,-0.31,10.455,9.782,-0.0644,0.0325,0.0366,0.0602,-0.0064,-0.006,27.02,27.26,16450,18530,2.056,2.316,6.169,6.949,718,718,72,72,24,23,0,0,-1.06825664,-0.68306964,-1.06825664,-0.68306964,0.11463351,0.07346684,0.11463351,0.07346684,0.50718917,0.50382806,-0.01495096,-0.00053585,-0.02990192,-0.01172087,0.75335,0.76835,0.42633639,0.42609631,0.0,0.0,493.8,243.8,0.9858,1.1018,1,1,0
2026-09-28T21:47:38.432952+09:00,87246506,dccd50fe,2026-09-28T21:47:38.432952+09:00,2026-09-28T21:47:38.474028+09:00,rail-left-01,rail-right-01,0.6.7-draft,0.6.7-draft,mqtt,mqtt,224.88,197.38,6.466,6.498,-0.067,-0.162,-0.101,-0.229,10.575,9.87,-0.0671,0.034,0.0422,0.0522,-0.0071,-0.0017,27.01,27.29,16427,18560,2.053,2.32,6.16,6.96,719,719,72,72,24,23,0,0,-1.08355911,-0.68001494,-1.08355911,-0.68001494,0.10974462,0.06905456,0.10974462,0.06905456,0.50474472,0.50503127,-0.01333674,-1.164e-05,-0.02667348,-0.01200859,0.76835,0.76835,0.42616178,0.42618225,0.0,0.0,494.8,244.8,0.9858,1.1018,1,1,0
2026-09-28T21:47:38.453009+09:00,87266563,dccd50fe,2026-09-28T21:47:38.453009+09:00,2026-09-28T21:47:38.494085+09:00,rail-left-01,rail-right-01,0.6.7-draft,0.6.7-draft,mqtt,mqtt,225.92,198.33,6.467,6.508,-0.059,0.071,0.001,-0.181,10.388,9.67,-0.065,0.0322,0.0457,0.053,-0.0013,-0.0011,27.02,27.29,16428,18584,2.054,2.323,6.161,6.969,720,720,72,72,24,23,0,0,-1.09863431,-0.64430029,-1.09863431,-0.64430029,0.10593351,0.06458351,0.10593351,0.06458351,0.50283917,0.50636417,-0.01172224,0.0004805,-0.02344448,-0.01230722,0.76835,0.76835,0.42602567,0.42627746,0.0,0.0,495.9,245.9,0.9858,1.1018,1,1,0
2026-09-28T21:47:38.541520+09:00,87396528,dccd50fe,2026-09-28T21:47:38.541520+09:00,2026-09-28T21:47:38.622263+09:00,rail-left-01,rail-right-01,0.6.7-draft,0.6.7-draft,mqtt,mqtt,232.58,204.34,6.46,6.519,-0.035,-0.023,0.14,-0.286,10.398,9.683,-0.0654,0.0329,0.0364,0.0584,-0.0084,-0.0092,27.03,27.28,16412,18607,2.052,2.326,6.155,6.978,721,721,73,73,24,23,0,0,-0.6206675,-0.54361203,-0.6206675,-0.54361203,0.06020494,0.03624641,0.06020494,0.03624641,0.50740345,0.51660852,0.0008653,0.00181905,-0.01185928,-0.00798306,0.76835,0.76835,0.42635169,0.4270092,0.0,0.0,502.4,252.4,0.9858,1.1018,1,1,0
2026-09-28T21:47:38.561645+09:00,87416653,dccd50fe,2026-09-28T21:47:38.561645+09:00,2026-09-28T21:47:38.642388+09:00,rail-left-01,rail-right-01,0.6.7-draft,0.6.7-draft,mqtt,mqtt,233.63,205.29,6.498,6.575,-0.092,0.034,-0.005,-0.3,10.463,9.756,-0.0653,0.0294,0.0384,0.0584,-0.0067,-0.0049,27.02,27.27,16506,18732,2.063,2.342,6.19,7.024,722,722,73,73,24,23,0,0,-0.60133051,-0.5323323,-0.60133051,-0.5323323,0.05795169,0.03182101,0.05795169,0.03182101,0.5092119,0.51784542,0.00145456,0.00194994,-0.01075407,-0.00829392,0.76835,0.76835,0.42648087,0.42709755,0.0,0.0,503.5,253.5,0.9858,1.1018,1,1,0
2026-09-28T21:47:38.581562+09:00,87436570,dccd50fe,2026-09-28T21:47:38.581562+09:00,2026-09-28T21:47:38.662305+09:00,rail-left-01,rail-right-01,0.6.7-draft,0.6.7-draft,mqtt,mqtt,234.62,206.18,6.497,6.579,-0.136,-0.062,-0.065,-0.206,10.511,9.777,-0.0621,0.0326,0.0418,0.0568,-0.008,-0.0039,27.0,27.27,16503,18741,2.063,2.343,6.189,7.028,723,723,73,73,24,23,0,0,-0.58591884,-0.53002426,-0.58591884,-0.53002426,0.0558509,0.0275426,0.0558509,0.0275426,0.51084134,0.51906796,0.00183666,0.00206104,-0.00993199,-0.00854007,0.76835,0.76835,0.42659726,0.42718487,0.0,0.0,504.4,254.4,0.9858,1.1018,1,1,0
2026-09-28T21:47:38.601645+09:00,87456653,dccd50fe,2026-09-28T21:47:38.601645+09:00,2026-09-28T21:47:38.682387+09:00,rail-left-01,rail-right-01,0.6.7-draft,0.6.7-draft,mqtt,mqtt,235.66,207.13,6.485,6.592,-0.014,0.035,0.018,-0.019,10.458,9.833,-0.0671,0.0325,0.0444,0.0585,-0.0055,-0.0013,27.0,27.27,16475,18769,2.059,2.346,6.178,7.038,724,724,73,73,24,23,0,0,-0.57337797,-0.51970354,-0.57337797,-0.51970354,0.05342517,0.02313351,0.05342517,0.02313351,0.512085,0.52040976,0.00201319,0.00218793,-0.00943809,-0.00879873,0.76835,0.76835,0.42668609,0.42728072,0.0,0.0,505.5,255.5,0.9858,1.1018,1,1,0
2026-09-28T21:47:38.621746+09:00,87476755,dccd50fe,2026-09-28T21:47:38.621746+09:00,2026-09-28T21:47:38.702490+09:00,rail-left-01,rail-right-01,0.6.7-draft,0.6.7-draft,mqtt,mqtt,236.71,208.07,6.48,6.607,-0.285,-0.071,0.151,-0.097,10.499,9.619,-0.0675,0.0316,0.0458,0.0541,-0.0099,-0.0025,27.0,27.25,16461,18802,2.058,2.35,6.173,7.051,725,725,73,73,24,23,0,0,-0.56452759,-0.51873039,-0.56452759,-0.51873039,0.05099351,0.01854779,0.05099351,0.01854779,0.51312917,0.52188917,0.00209986,0.00233227,-0.00907125,-0.0090783,0.76835,0.76835,0.42676067,0.42738639,0.0,0.0,506.5,256.5,0.9858,1.1018,1,1,0
2026-09-28T21:47:38.641556+09:00,87496565,dccd50fe,2026-09-28T21:47:38.641556+09:00,2026-09-28T21:47:38.722300+09:00,rail-left-01,rail-right-01,0.6.7-draft,0.6.7-draft,mqtt,mqtt,237.7,208.97,6.482,6.621,-0.045,0.145,0.032,-0.518,10.354,9.619,-0.0683,0.0354,0.0452,0.0572,-0.0093,-0.0005,27.0,27.28,16466,18833,2.058,2.354,6.175,7.062,726,726,73,73,24,23,0,0,-0.5577946,-0.50056945,-0.5577946,-0.50056945,0.04882582,0.01382795,0.04882582,0.01382795,0.51413148,0.52348084,0.00216552,0.0024864,-0.00871787,-0.00936741,0.76835,0.76835,0.42683227,0.42750008,0.0,0.0,507.5,257.5,0.9858,1.1018,1,1,0
2026-09-28T21:47:38.661541+09:00,87516550,dccd50fe,2026-09-28T21:47:38.661541+09:00,2026-09-28T21:47:38.742285+09:00,rail-left-01,rail-right-01,0.6.7-draft,0.6.7-draft,mqtt,mqtt,238.75,209.91,6.465,6.631,-0.267,-0.103,0.086,-0.147,10.432,9.549,-0.0633,0.0321,0.0444,0.055,-0.01,-0.0007,27.03,27.26,16425,18857,2.053,2.357,6.159,7.071,727,727,73,73,24,23,0,0,-0.55378712,-0.50270618,-0.55378712,-0.50270618,0.04618906,0.00909297,0.04618906,0.00909297,0.51474472,0.5251216,0.0021171,0.00263654,-0.00856991,-0.00964033,0.76835,0.76835,0.42687607,0.42761728,0.0,0.0,508.5,258.5,0.9858,1.1018,1,1,0
2026-09-28T21:47:38.681665+09:00,87536673,dccd50fe,2026-09-28T21:47:38.681665+09:00,2026-09-28T21:47:38.762407+09:00,rail-left-01,rail-right-01,0.6.7-draft,0.6.7-draft,mqtt,mqtt,239.74,210.86,6.471,6.635,-0.034,-0.002,0.038,-0.389,10.349,9.76,-0.0659,0.0333,0.0376,0.0601,-0.0105,-0.0063,27.01,27.27,16439,18865,2.055,2.358,6.165,7.074,728,728,73,73,24,23,0,0,-0.55109149,-0.49698626,-0.55109149,-0.49698626,0.04395494,0.00450193,0.04395494,0.00450193,0.51542131,0.52672864,0.00209719,0.00276755,-0.00835481,-0.00986854,0.76835,0.76835,0.4269244,0.42773206,0.0,0.0,509.5,259.5,0.9858,1.1018,1,1,0
2026-09-28T21:47:38.701725+09:00,87556734,dccd50fe,2026-09-28T21:47:38.701725+09:00,2026-09-28T21:47:38.782469+09:00,rail-left-01,rail-right-01,0.6.7-draft,0.6.7-draft,mqtt,mqtt,240.79,211.75,6.468,6.641,-0.144,0.045,0.013,-0.283,10.405,9.518,-0.0666,0.0304,0.0422,0.0598,-0.0107,-0.0037,27.02,27.26,16431,18879,2.054,2.36,6.162,7.08,729,729,73,73,24,23,0,0,-0.55003653,-0.48816818,-0.55003653,-0.48816818,0.04177144,-7.52e-06,0.04177144,-7.52e-06,0.51599951,0.52833019,0.0020581,0.00288785,-0.00816838,-0.01007096,0.76835,0.76835,0.4269657,0.42784646,0.0,0.0,510.5,260.5,0.9858,1.1018,1,1,0
2026-09-28T21:47:38.721595+09:00,87576604,dccd50fe,2026-09-28T21:47:38.721595+09:00,2026-09-28T21:47:38.802339+09:00,rail-left-01,rail-right-01,0.6.7-draft,0.6.7-draft,mqtt,mqtt,241.83,212.69,6.449,6.655,-0.098,0.099,-0.284,-0.127,10.319,9.673,-0.0667,0.0301,0.0397,0.0637,-0.0088,-0.0043,27.02,27.27,16385,18910,2.048,2.364,6.144,7.091,730,730,73,73,24,23,0,0,-0.55017907,-0.47589233,-0.55017907,-0.47589233,0.03910017,-0.00464149,0.03910017,-0.00464149,0.5162225,0.53002667,0.00193908,0.00301731,-0.00813696,-0.01028776,0.76835,0.76835,0.42698163,0.42796764,0.0,0.0,511.5,261.5,0.9858,1.1018,1,1,0
2026-09-28T21:47:38.890210+09:00,87705581,dccd50fe,2026-09-28T21:47:38.890210+09:00,2026-09-28T21:47:38.972395+09:00,rail-left-01,rail-right-01,0.6.7-draft,0.6.7-draft,mqtt,mqtt,248.44,218.66,6.439,6.657,-0.097,-0.031,0.05,-0.156,10.439,9.798,-0.0652,0.0286,0.037,0.0569,-0.0084,-0.0093,27.03,27.26,16359,18914,2.045,2.364,6.135,7.093,731,731,74,74,24,23,0,0,-0.47306999,-0.47251917,-0.47306999,-0.47251917,-0.00929332,-0.05062139,-0.00929332,-0.05062139,0.53151844,0.54083623,0.00307278,0.00275963,-0.01038611,-0.0105544,0.76835,0.77435,0.42807419,0.42873975,0.0,0.0,518.1,268.1,0.9858,1.1018,1,1,0
2026-09-28T21:47:38.910102+09:00,87725473,dccd50fe,2026-09-28T21:47:38.910102+09:00,2026-09-28T21:47:38.992286+09:00,rail-left-01,rail-right-01,0.6.7-draft,0.6.7-draft,mqtt,mqtt,249.49,219.56,6.44,6.671,-0.045,0.025,-0.096,-0.329,10.343,9.697,-0.0665,0.0317,0.0437,0.0566,-0.0096,-0.0057,27.01,27.24,16363,18945,2.045,2.368,6.136,7.104,732,732,74,74,24,23,0,0,-0.47131457,-0.45633399,-0.47131457,-0.45633399,-0.01369983,-0.05411649,-0.01369983,-0.05411649,0.53295107,0.54175648,0.00311346,0.00273264,-0.01043706,-0.0104473,0.76835,0.77435,0.42817652,0.42880548,0.0,0.0,519.1,269.1,0.9858,1.1018,1,1,0
2026-09-28T21:47:38.930201+09:00,87745572,dccd50fe,2026-09-28T21:47:38.930201+09:00,2026-09-28T21:47:39.012385+09:00,rail-left-01,rail-right-01,0.6.7-draft,0.6.7-draft,mqtt,mqtt,250.53,220.5,6.423,6.663,-0.089,0.113,0.012,-0.072,10.351,9.714,-0.0702,0.0309,0.0405,0.0564,-0.008,-0.0045,26.99,27.24,16320,18926,2.04,2.366,6.12,7.097,733,733,74,74,24,23,0,0,-0.47059757,-0.43601895,-0.47059757,-0.43601895,-0.01829672,-0.05732876,-0.01829672,-0.05732876,0.5341194,0.54256653,0.00310294,0.00269406,-0.0105308,-0.01031731,0.76835,0.77435,0.42825998,0.42886334,0.0,0.0,520.1,270.1,0.9858,1.1018,1,1,0
2026-09-28T21:47:38.950105+09:00,87765476,dccd50fe,2026-09-28T21:47:38.950105+09:00,2026-09-28T21:47:39.032290+09:00,rail-left-01,rail-right-01,0.6.7-draft,0.6.7-draft,mqtt,mqtt,251.57,221.4,6.384,6.662,-0.172,-0.061,-0.165,-0.323,10.35,9.671,-0.0694,0.0266,0.0437,0.0645,-0.0095,-0.0093,27.01,27.28,16223,18925,2.028,2.366,6.084,7.097,734,734,74,74,24,23,0,0,-0.47105019,-0.42566308,-0.47105019,-0.42566308,-0.02357104,-0.06040353,-0.02357104,-0.06040353,0.53479144,0.54333732,0.00300679,0.0026557,-0.01074872,-0.01018837,0.76835,0.77435,0.42830798,0.4289184,0.0,0.0,521.1,271.1,0.9858,1.1018,1,1,0
2026-09-28T21:47:38.970208+09:00,87785579,dccd50fe,2026-09-28T21:47:38.970208+09:00,2026-09-28T21:47:39.052392+09:00,rail-left-01,rail-right-01,0.6.7-draft,0.6.7-draft,mqtt,mqtt,252.62,222.34,6.367,6.671,-0.011,0.211,-0.119,-0.139,10.021,9.534,-0.0549,0.032,0.0381,0.0568,-0.0096,-0.0045,27.03,27.28,16181,18944,2.023,2.368,6.068,7.104,735,735,74,74,24,23,0,0,-0.47209396,-0.40140288,-0.47209396,-0.40140288,-0.02898871,-0.06353013,-0.02898871,-0.06353013,0.53524472,0.5441619,0.00288536,0.00263029,-0.01097925,-0.01008567,0.76835,0.77435,0.42834036,0.4289773,0.0,0.0,522.2,272.2,0.9858,1.1018,1,1,0
2026-09-28T21:47:38.990093+09:00,87805464,dccd50fe,2026-09-28T21:47:38.990093+09:00,2026-09-28T21:47:39.072277+09:00,rail-left-01,rail-right-01,0.6.7-draft,0.6.7-draft,mqtt,mqtt,253.66,223.28,6.41,6.685,-0.217,-0.092,0.117,-0.437,10.37,9.337,-0.0613,0.0288,0.0322,0.0566,-0.0093,-0.0055,27.02,27.28,16288,18975,2.036,2.372,6.108,7.116,736,736,74,74,24,23,0,0,-0.47408428,-0.3936106,-0.47408428,-0.3936106,-0.03323606,-0.06679506,-0.03323606,-0.06679506,0.53614569,0.54508203,0.00285418,0.00262193,-0.010999,-0.01001743,0.76835,0.77435,0.42840471,0.42904302,0.0,0.0,523.2,273.2,0.9858,1.1018,1,1,0
2026-09-28T21:47:39.010106+09:00,87825477,dccd50fe,2026-09-28T21:47:39.010106+09:00,2026-09-28T21:47:39.092290+09:00,rail-left-01,rail-right-01,0.6.7-draft,0.6.7-draft,mqtt,mqtt,254.71,224.18,6.43,6.689,-0.101,-0.049,-0.093,-0.306,10.262,9.701,-0.0658,0.0266,0.0169,0.0596,-0.01,-0.008,27.02,27.27,16338,18985,2.042,2.373,6.127,7.119,737,737,74,74,24,23,0,0,-0.47647844,-0.38394475,-0.47647844,-0.38394475,-0.03687713,-0.07001562,-0.03687713,-0.07001562,0.53722108,0.54600496,0.00285671,0.00261643,-0.01092642,-0.00995555,0.76835,0.77435,0.42848152,0.42910894,0.0,0.0,524.2,274.2,0.9858,1.1018,1,1,0
2026-09-28T21:47:39.030448+09:00,87845819,dccd50fe,2026-09-28T21:47:39.030448+09:00,2026-09-28T21:47:39.112633+09:00,rail-left-01,rail-right-01,0.6.7-draft,0.6.7-draft,mqtt,mqtt,255.7,225.12,6.435,6.679,0.093,0.036,0.245,-0.12,10.5,9.705,-0.0629,0.027,0.0292,0.0581,-0.0112,-0.0065,27.01,27.28,16349,18963,2.044,2.37,6.131,7.111,738,738,74,74,24,23,0,0,-0.47893473,-0.37042117,-0.47893473,-0.37042117,-0.04026233,-0.0729527,-0.04026233,-0.0729527,0.53830375,0.54680986,0.0028625,0.00259751,-0.01082871,-0.00986722,0.76835,0.77435,0.42855886,0.42916644,0.0,0.0,525.2,275.2,0.9858,1.1018,1,1,0
2026-09-28T21:47:39.050155+09:00,87865526,dccd50fe,2026-09-28T21:47:39.050155+09:00,2026-09-28T21:47:39.132339+09:00,rail-left-01,rail-right-01,0.6.7-draft,0.6.7-draft,mqtt,mqtt,256.75,226.02,6.42,6.652,-0.389,-0.241,-0.251,-0.348,10.581,9.649,-0.0685,0.0226,0.034,0.0517,-0.0008,-0.0071,27.02,27.25,16312,18903,2.039,2.363,6.117,7.089,739,739,74,74,24,23,0,0,-0.4825486,-0.37080287,-0.4825486,-0.37080287,-0.04381547,-0.07533259,-0.04381547,-0.07533259,0.53918917,0.54735866,0.00283925,0.00254896,-0.01077215,-0.00972026,0.77435,0.77435,0.4286221,0.42920564,0.0,0.0,526.2,276.2,0.9858,1.1018,1,1,0
2026-09-28T21:47:39.070196+09:00,87885568,dccd50fe,2026-09-28T21:47:39.070196+09:00,2026-09-28T21:47:39.152381+09:00,rail-left-01,rail-right-01,0.6.7-draft,0.6.7-draft,mqtt,mqtt,257.79,226.96,6.418,6.626,0.104,0.219,0.023,-0.186,10.327,9.685,-0.0659,0.0217,0.0325,0.0513,-0.0031,-0.0057,27.02,27.26,16306,18845,2.038,2.356,6.115,7.067,740,740,74,74,24,23,0,0,-0.48612614,-0.34921129,-0.48612614,-0.34921129,-0.04726649,-0.07719983,-0.04726649,-0.07719983,0.54001917,0.5476725,0.00281126,0.00247578,-0.01071136,-0.00952445,0.77435,0.77435,0.42868139,0.42922805,0.0,0.0,527.3,277.3,0.9858,1.1018,1,1,0
2026-09-28T21:47:39.205147+09:00,88053452,dccd50fe,2026-09-28T21:47:39.205147+09:00,2026-09-28T21:47:39.287668+09:00,rail-left-01,rail-right-01,0.6.7-draft,0.6.7-draft,mqtt,mqtt,266.49,234.77,6.407,6.607,-0.06,0.122,-0.123,-0.443,10.355,9.604,-0.0714,0.0312,0.0377,0.0506,-0.0016,-0.0029,27.02,27.27,16280,18803,2.035,2.35,6.105,7.051,741,741,75,75,24,23,0,0,-0.33440737,0.08945305,-0.33440737,0.08945305,-0.07918616,0.01288351,-0.07918616,0.01288351,0.54788589,0.66156417,0.00236115,-0.00040909,-0.00924804,0.00749891,0.77435,0.65735,0.4292433,0.48864129,0.0,0.0,535.8,285.8,0.9858,1.1018,1,1,0
2026-09-28T21:47:39.225295+09:00,88073600,dccd50fe,2026-09-28T21:47:39.225295+09:00,2026-09-28T21:47:39.307816+09:00,rail-left-01,rail-right-01,0.6.7-draft,0.6.7-draft,mqtt,mqtt,267.53,235.66,6.431,6.603,-0.164,0.028,-0.435,-0.219,10.537,9.538,-0.0693,0.0266,0.0348,0.0534,-0.0007,-0.0025,27.02,27.27,16340,18793,2.043,2.349,6.128,7.047,742,742,75,75,24,23,0,0,-0.32110015,-0.00803378,-0.32110015,-0.00803378,-0.08072133,0.01843351,-0.08072133,0.01843351,0.54828594,0.66068917,0.00228411,-0.00073219,-0.00894198,0.0074535,0.77435,0.65735,0.42927187,0.48857879,0.0,0.0,536.9,286.9,0.9858,1.1018,1,1,0
2026-09-28T21:47:39.245208+09:00,88093513,dccd50fe,2026-09-28T21:47:39.245208+09:00,2026-09-28T21:47:39.327729+09:00,rail-left-01,rail-right-01,0.6.7-draft,0.6.7-draft,mqtt,mqtt,268.58,236.61,6.446,6.601,-0.059,0.044,0.28,-0.255,10.234,9.568,-0.0661,0.0305,0.0366,0.0578,-0.0073,-0.0025,27.04,27.24,16378,18789,2.047,2.349,6.142,7.046,743,743,75,75,24,23,0,0,-0.30899934,-0.06524633,-0.30899934,-0.06524633,-0.08196967,0.02246684,-0.08196967,0.02246684,0.54879234,0.65993917,0.00222918,-0.00088743,-0.00863032,0.00731655,0.77435,0.65735,0.42930804,0.48852521,0.0,0.0,537.9,287.9,0.9858,1.1018,1,1,0
2026-09-28T21:47:39.265349+09:00,88113654,dccd50fe,2026-09-28T21:47:39.265349+09:00,2026-09-28T21:47:39.347870+09:00,rail-left-01,rail-right-01,0.6.7-draft,0.6.7-draft,mqtt,mqtt,269.62,237.55,6.458,6.607,-0.158,-0.101,0.368,-0.321,10.636,9.533,-0.0637,0.0318,0.0326,0.0501,-0.0049,-0.0008,27.0,27.26,16406,18802,2.051,2.35,6.152,7.051,744,744,75,75,24,23,0,0,-0.29816669,-0.16594925,-0.29816669,-0.16594925,-0.08299149,0.02449065,-0.08299149,0.02449065,0.54937667,0.65983203,0.00219002,-0.00074749,-0.00832057,0.00666169,0.82935,0.65735,0.42934978,0.48851756,0.0,0.0,538.9,288.9,0.9858,1.1018,1,1,0
2026-09-28T21:47:39.286007+09:00,88134312,dccd50fe,2026-09-28T21:47:39.286007+09:00,2026-09-28T21:47:39.368528+09:00,rail-left-01,rail-right-01,0.6.7-draft,0.6.7-draft,mqtt,mqtt,270.72,238.5,6.512,6.594,-0.074,0.126,0.098,-0.133,10.406,9.798,-0.0586,0.0297,0.0297,0.053,-0.0057,-0.0069,27.03,27.27,16540,18773,2.068,2.347,6.203,7.04,745,745,75,75,24,23,0,0,-0.28835775,-0.15943914,-0.28835775,-0.15943914,-0.08315111,0.02763351,-0.08315111,0.02763351,0.5503584,0.65893917,0.00220419,-0.00099033,-0.00793207,0.00680569,0.82935,0.65735,0.4294199,0.48845379,0.0,0.0,540.0,290.0,0.9858,1.1018,1,1,0
2026-09-28T21:47:39.305963+09:00,88154268,dccd50fe,2026-09-28T21:47:39.305963+09:00,2026-09-28T21:47:39.388484+09:00,rail-left-01,rail-right-01,0.6.7-draft,0.6.7-draft,mqtt,mqtt,271.71,239.44,6.557,6.604,-0.169,-0.034,-0.142,-0.424,10.416,9.637,-0.0621,0.0314,0.034,0.0536,-0.0047,-0.0061,27.02,27.27,16654,18796,2.082,2.35,6.245,7.049,746,746,75,75,24,23,0,0,-0.27967107,-0.20549193,-0.27967107,-0.20549193,-0.08262407,0.02896684,-0.08262407,0.02896684,0.55165129,0.65880028,0.00225592,-0.00089314,-0.00749483,0.00629348,0.82935,0.65735,0.42951225,0.48844386,0.0,0.0,541.0,291.0,0.9858,1.1018,1,1,0
2026-09-28T21:47:39.325327+09:00,88173632,dccd50fe,2026-09-28T21:47:39.325327+09:00,2026-09-28T21:47:39.407848+09:00,rail-left-01,rail-right-01,0.6.7-draft,0.6.7-draft,mqtt,mqtt,272.7,240.34,6.585,6.603,-0.081,0.004,-0.045,-0.229,10.414,9.616,-0.0654,0.0308,0.0334,0.0549,-0.0065,-0.0052,27.02,27.28,16723,18793,2.09,2.349,6.271,7.047,747,747,75,75,24,23,0,0,-0.27185849,-0.23147927,-0.27185849,-0.23147927,-0.08169485,0.03013351,-0.08169485,0.03013351,0.55311454,0.65863917,0.00232498,-0.00083238,-0.00704603,0.00587803,0.82935,0.65735,0.42961677,0.48843236,0.0,0.0,542.0,292.0,0.9858,1.1018,1,1,0
2026-09-28T21:47:39.345256+09:00,88193561,dccd50fe,2026-09-28T21:47:39.345256+09:00,2026-09-28T21:47:39.427777+09:00,rail-left-01,rail-right-01,0.6.7-draft,0.6.7-draft,mqtt,mqtt,273.75,241.23,6.606,6.593,-0.013,0.08,0.083,-0.164,10.381,9.698,-0.064,0.0306,0.0373,0.0548,-0.0103,-0.0036,27.03,27.25,16776,18771,2.097,2.346,6.291,7.039,748,748,75,75,24,23,0,0,0.20832774,-0.23280281,0.20832774,-0.23280281,0.00063351,0.03199714,0.00063351,0.03199714,0.66018917,0.6580528,0.0,-0.00095927,0.0,0.00585827,0.57435,0.65735,0.48854307,0.48839047,0.0,0.0,543.0,293.0,0.9858,1.1018,1,1,0
2026-09-28T21:47:39.365308+09:00,88213613,dccd50fe,2026-09-28T21:47:39.365308+09:00,2026-09-28T21:47:39.447829+09:00,rail-left-01,rail-right-01,0.6.7-draft,0.6.7-draft,mqtt,mqtt,274.79,242.18,6.602,6.589,-0.115,-0.013,-0.036,-0.237,10.464,9.609,-0.0629,0.0318,0.0396,0.0556,-0.0072,-0.0049,27.0,27.27,16766,18763,2.096,2.345,6.287,7.036,749,749,75,75,24,23,0,0,0.1849109,-0.25626741,0.1849109,-0.25626741,-0.00136649,0.03388351,-0.00136649,0.03388351,0.65918917,0.6573975,-0.00384615,-0.00110328,-0.00769231,0.00588482,0.65735,0.65735,0.48847164,0.48834367,0.0,0.0,544.0,294.0,0.9858,1.1018,1,1,0
2026-09-28T21:47:39.385304+09:00,88233609,dccd50fe,2026-09-28T21:47:39.385304+09:00,2026-09-28T21:47:39.467825+09:00,rail-left-01,rail-right-01,0.6.7-draft,0.6.7-draft,mqtt,mqtt,275.79,243.12,6.623,6.583,-0.166,-0.087,0.09,-0.156,10.329,9.668,-0.0632,0.0322,0.0334,0.0532,-0.0088,-0.0011,27.01,27.27,16818,18749,2.102,2.344,6.307,7.031,750,750,75,75,24,23,0,0,0.1614288,-0.29231312,0.1614288,-0.29231312,0.00496684,0.0359412,0.00496684,0.0359412,0.66235584,0.65661225,0.00825218,-0.00128688,0.01650436,0.00600481,0.65735,0.65735,0.48869783,0.48828758,0.0,0.0,545.0,295.0,0.9858,1.1018,1,1,0
2026-09-28T21:47:39.564573+09:00,88369446,dccd50fe,2026-09-28T21:47:39.564573+09:00,2026-09-28T21:47:39.603031+09:00,rail-left-01,rail-right-01,0.6.7-draft,0.6.7-draft,mqtt,mqtt,282.8,249.39,6.632,6.577,-0.278,-0.145,0.069,-0.326,10.39,9.638,-0.0621,0.0328,0.0402,0.0569,-0.0113,-0.0083,27.0,27.25,16840,18737,2.105,2.342,6.315,7.026,751,751,76,76,24,23,0,0,-0.35441747,-0.70203597,-0.35441747,-0.70203597,0.03834779,0.01509184,0.03834779,0.01509184,0.6562606,0.63596,-0.00111629,-0.0044632,0.00564358,-0.0040191,0.65735,0.71135,0.48826246,0.48681242,0.0,0.0,551.9,301.9,0.9858,1.1018,1,1,0
2026-09-28T21:47:39.584592+09:00,88389465,dccd50fe,2026-09-28T21:47:39.584592+09:00,2026-09-28T21:47:39.623050+09:00,rail-left-01,rail-right-01,0.6.7-draft,0.6.7-draft,mqtt,mqtt,283.84,250.33,6.599,6.54,0.077,0.108,-0.172,-0.054,10.427,9.573,-0.0678,0.0321,0.035,0.0541,-0.0072,-0.0052,27.01,27.24,16757,18655,2.095,2.332,6.284,6.996,752,752,76,76,24,23,0,0,-0.40857515,-0.66339793,-0.40857515,-0.66339793,0.03823351,0.01303351,0.03823351,0.01303351,0.65485584,0.63274917,-0.00153211,-0.00484732,0.00431972,-0.00411491,0.65735,0.71135,0.48816212,0.48658307,0.0,0.0,552.9,302.9,0.9858,1.1018,1,1,0
2026-09-28T21:47:39.604727+09:00,88409600,dccd50fe,2026-09-28T21:47:39.604727+09:00,2026-09-28T21:47:39.643185+09:00,rail-left-01,rail-right-01,0.6.7-draft,0.6.7-draft,mqtt,mqtt,284.89,251.28,6.604,6.503,-0.133,-0.017,0.035,-0.237,10.453,9.718,-0.0658,0.0376,0.0364,0.0526,-0.0071,-0.0069,27.0,27.26,16771,18571,2.096,2.321,6.289,6.964,753,753,76,76,24,23,0,0,-0.45776096,-0.64149738,-0.45776096,-0.64149738,0.03844601,0.01255658,0.03844601,0.01255658,0.65378292,0.62907378,-0.00169359,-0.00530545,0.00360273,-0.0037702,0.65735,0.71135,0.48808548,0.48632054,0.0,0.0,554.0,304.0,0.9858,1.1018,1,1,0
2026-09-28T21:47:39.624712+09:00,88429585,dccd50fe,2026-09-28T21:47:39.624712+09:00,2026-09-28T21:47:39.663170+09:00,rail-left-01,rail-right-01,0.6.7-draft,0.6.7-draft,mqtt,mqtt,285.93,252.22,6.59,6.483,-0.107,0.048,-0.085,-0.209,10.503,9.754,-0.0629,0.0329,0.0413,0.057,-0.0105,-0.0029,27.0,27.29,16735,18528,2.092,2.316,6.276,6.948,754,754,76,76,24,23,0,0,-0.50276336,-0.61436886,-0.50276336,-0.61436886,0.03780998,0.01285573,0.03780998,0.01285573,0.65242446,0.62530028,-0.00193418,-0.0057284,0.00278505,-0.00329693,0.69635,0.71135,0.48798845,0.48605101,0.0,0.0,555.0,305.0,0.9858,1.1018,1,1,0
2026-09-28T21:47:39.644590+09:00,88449463,dccd50fe,2026-09-28T21:47:39.644590+09:00,2026-09-28T21:47:39.683048+09:00,rail-left-01,rail-right-01,0.6.7-draft,0.6.7-draft,mqtt,mqtt,286.97,253.12,6.568,6.494,0.022,0.154,0.045,-0.334,10.268,9.618,-0.0679,0.0316,0.0401,0.0594,-0.0065,-0.0037,26.98,27.27,16680,18551,2.085,2.319,6.255,6.957,755,755,76,76,24,23,0,0,-0.54340367,-0.57832071,-0.54340367,-0.57832071,0.0360224,0.01274065,0.0360224,0.01274065,0.65060584,0.62199274,-0.00229346,-0.00598924,0.00176754,-0.00300923,0.69635,0.71135,0.48785855,0.48581475,0.0,0.0,556.0,306.0,0.9858,1.1018,1,1,0
2026-09-28T21:47:39.664594+09:00,88469467,dccd50fe,2026-09-28T21:47:39.664594+09:00,2026-09-28T21:47:39.703052+09:00,rail-left-01,rail-right-01,0.6.7-draft,0.6.7-draft,mqtt,mqtt,288.02,254.06,6.553,6.495,-0.231,-0.206,0.397,0.038,10.429,9.675,-0.0663,0.0325,0.0457,0.0524,-0.0103,-0.004,27.01,27.28,16643,18554,2.08,2.319,6.241,6.958,756,756,76,76,24,23,0,0,-0.58197067,-0.58022625,-0.58197067,-0.58022625,0.03363351,0.01259902,0.03363351,0.01259902,0.64858391,0.61893055,-0.00266057,-0.00617161,0.00076059,-0.00277537,0.69635,0.71135,0.48771412,0.48559603,0.0,0.0,557.1,307.1,0.9858,1.1018,1,1,0
2026-09-28T21:47:39.684710+09:00,88489583,dccd50fe,2026-09-28T21:47:39.684710+09:00,2026-09-28T21:47:39.723168+09:00,rail-left-01,rail-right-01,0.6.7-draft,0.6.7-draft,mqtt,mqtt,289.01,255.0,6.543,6.491,0.007,0.195,0.267,-0.578,10.513,9.668,-0.0666,0.032,0.0376,0.0545,-0.0121,-0.0083,27.03,27.27,16618,18546,2.077,2.318,6.232,6.955,757,757,76,76,24,23,0,0,-0.61716745,-0.54385051,-0.61716745,-0.54385051,0.03098351,0.01260017,0.03098351,0.01260017,0.64651417,0.61600584,-0.00298984,-0.00631347,-0.0001468,-0.00254541,0.70635,0.71135,0.48756629,0.48538712,0.0,0.0,558.0,308.0,0.9858,1.1018,1,1,0
2026-09-28T21:47:39.704658+09:00,88509531,dccd50fe,2026-09-28T21:47:39.704658+09:00,2026-09-28T21:47:39.743116+09:00,rail-left-01,rail-right-01,0.6.7-draft,0.6.7-draft,mqtt,mqtt,290.06,255.9,6.525,6.497,-0.238,-0.243,-0.025,-0.369,10.246,9.682,-0.0685,0.0337,0.0502,0.0625,-0.01,-0.0075,27.0,27.28,16573,18558,2.072,2.32,6.215,6.959,758,758,76,76,24,23,0,0,-0.65107691,-0.55014274,-0.65107691,-0.55014274,0.02772875,0.0124077,0.02772875,0.0124077,0.64421298,0.61336659,-0.0033463,-0.00639005,-0.00109318,-0.00238936,0.70635,0.71135,0.48740191,0.4851986,0.0,0.0,559.1,309.1,0.9858,1.1018,1,1,0
2026-09-28T21:47:39.724663+09:00,88529536,dccd50fe,2026-09-28T21:47:39.724663+09:00,2026-09-28T21:47:39.763121+09:00,rail-left-01,rail-right-01,0.6.7-draft,0.6.7-draft,mqtt,mqtt,291.1,256.84,6.495,6.509,-0.12,-0.035,0.093,-0.013,10.518,9.637,-0.0671,0.0316,0.041,0.0596,-0.012,-0.0068,27.04,27.27,16498,18586,2.062,2.323,6.187,6.97,759,759,76,76,24,23,0,0,-0.68296614,-0.53750809,-0.68296614,-0.53750809,0.02340623,0.01185226,0.02340623,0.01185226,0.64143917,0.61107979,-0.00379581,-0.00639574,-0.00221197,-0.00232936,0.71135,0.71135,0.48720379,0.48503526,0.0,0.0,560.1,310.1,0.9858,1.1018,1,1,0
2026-09-28T21:47:39.745084+09:00,88549957,dccd50fe,2026-09-28T21:47:39.745084+09:00,2026-09-28T21:47:39.783542+09:00,rail-left-01,rail-right-01,0.6.7-draft,0.6.7-draft,mqtt,mqtt,292.14,257.79,6.483,6.509,-0.016,0.018,0.049,-0.447,10.4,9.688,-0.0657,0.0342,0.0396,0.0581,-0.0105,-0.0036,27.02,27.25,16468,18586,2.059,2.323,6.175,6.97,760,760,76,76,24,23,0,0,-0.71254421,-0.52104711,-0.71254421,-0.52104711,0.01893786,0.01133048,0.01893786,0.01133048,0.63864569,0.60893159,-0.00420055,-0.00638202,-0.00322922,-0.00227192,0.71135,0.71135,0.48700425,0.48488182,0.0,0.0,561.1,311.1,0.9858,1.1018,1,1,0
2026-09-28T21:47:39.831967+09:00,88685460,dccd50fe,2026-09-28T21:47:39.831967+09:00,2026-09-28T21:47:39.872972+09:00,rail-left-01,rail-right-01,0.6.7-draft,0.6.7-draft,mqtt,mqtt,299.2,264.05,6.475,6.506,-0.042,0.004,0.177,-0.128,10.404,9.948,-0.0661,0.0322,0.0386,0.0537,-0.0107,-0.0083,27.01,27.28,16448,18578,2.056,2.322,6.168,6.967,761,761,77,77,24,23,0,0,-0.51190833,-0.50419211,-0.51190833,-0.50419211,0.0106041,-0.04954831,0.0106041,-0.04954831,0.60679211,0.56332553,-0.00623803,-0.00878601,-0.00221226,-0.00923073,0.71135,0.77335,0.484729,0.48162424,0.0,0.0,568.1,318.1,0.9858,1.1018,1,1,0
2026-09-28T21:47:39.852099+09:00,88705592,dccd50fe,2026-09-28T21:47:39.852099+09:00,2026-09-28T21:47:39.893104+09:00,rail-left-01,rail-right-01,0.6.7-draft,0.6.7-draft,mqtt,mqtt,300.25,264.95,6.305,6.535,-0.163,-0.148,0.37,-0.37,10.332,9.906,-0.0636,0.032,0.0521,0.0633,-0.0131,-0.0116,27.0,27.27,16026,18643,2.003,2.33,6.01,6.991,762,762,77,77,24,23,0,0,-0.5052637,-0.51279469,-0.5052637,-0.51279469,0.00506208,-0.0554776,0.00506208,-0.0554776,0.60234631,0.55993361,-0.00664595,-0.0087461,-0.00324409,-0.0095976,0.71135,0.77335,0.48441144,0.48138196,0.0,0.0,569.1,319.1,0.9858,1.1018,1,1,0
2026-09-28T21:47:39.872052+09:00,88725545,dccd50fe,2026-09-28T21:47:39.872052+09:00,2026-09-28T21:47:39.913057+09:00,rail-left-01,rail-right-01,0.6.7-draft,0.6.7-draft,mqtt,mqtt,301.29,265.89,6.266,6.549,-0.215,-0.018,0.031,-0.425,10.471,9.56,-0.0665,0.0322,0.0385,0.057,-0.0119,-0.01,27.05,27.26,15930,18674,1.991,2.334,5.974,7.003,763,763,77,77,24,23,0,0,-0.50076224,-0.51327519,-0.50076224,-0.51327519,-0.00125538,-0.06145345,-0.00125538,-0.06145345,0.59760584,0.55684134,-0.0070705,-0.00867221,-0.00429875,-0.00994371,0.71135,0.77335,0.48407283,0.48116108,0.0,0.0,570.2,320.2,0.9858,1.1018,1,1,0
2026-09-28T21:47:39.892131+09:00,88745624,dccd50fe,2026-09-28T21:47:39.892131+09:00,2026-09-28T21:47:39.933135+09:00,rail-left-01,rail-right-01,0.6.7-draft,0.6.7-draft,mqtt,mqtt,302.34,266.84,6.257,6.543,-0.018,0.084,-0.02,0.007,10.424,9.87,-0.069,0.0326,0.0389,0.0624,-0.0129,-0.016,27.03,27.28,15906,18660,1.988,2.333,5.965,6.998,764,764,77,77,24,23,0,0,-0.49759576,-0.50744881,-0.49759576,-0.50744881,-0.0074746,-0.06704734,-0.0074746,-0.06704734,0.59299998,0.55381683,-0.00742388,-0.00860497,-0.00520268,-0.01020465,0.71135,0.77335,0.48374384,0.48094505,0.0,0.0,571.2,321.2,0.9858,1.1018,1,1,0
2026-09-28T21:47:39.912210+09:00,88765703,dccd50fe,2026-09-28T21:47:39.912210+09:00,2026-09-28T21:47:39.953214+09:00,rail-left-01,rail-right-01,0.6.7-draft,0.6.7-draft,mqtt,mqtt,303.38,267.73,6.252,6.557,-0.183,-0.117,-0.096,-0.39,10.534,9.746,-0.0706,0.0357,0.0386,0.0601,-0.0116,-0.0147,27.04,27.28,15895,18691,1.987,2.336,5.961,7.009,765,765,77,77,24,23,0,0,-0.49608843,-0.51376282,-0.49608843,-0.51376282,-0.01349807,-0.07269983,-0.01349807,-0.07269983,0.58857075,0.55106417,-0.00771122,-0.00851228,-0.00596701,-0.01046044,0.72735,0.77335,0.48342747,0.48074843,0.0,0.0,572.2,322.2,0.9858,1.1018,1,1,0
2026-09-28T21:47:39.932194+09:00,88785687,dccd50fe,2026-09-28T21:47:39.932194+09:00,2026-09-28T21:47:39.973198+09:00,rail-left-01,rail-right-01,0.6.7-draft,0.6.7-draft,mqtt,mqtt,304.42,268.68,6.237,6.557,-0.133,-0.044,-0.048,-0.25,10.58,9.729,-0.0642,0.0344,0.0348,0.0586,-0.0088,-0.0052,27.03,27.25,15856,18692,1.982,2.337,5.946,7.01,766,766,77,77,24,23,0,0,-0.49585616,-0.51560778,-0.49585616,-0.51560778,-0.01959726,-0.07812159,-0.01959726,-0.07812159,0.58417635,0.54842386,-0.00796975,-0.00841918,-0.0066671,-0.01066862,0.77335,0.77335,0.48311358,0.48055983,0.0,0.0,573.2,323.2,0.9858,1.1018,1,1,0
2026-09-28T21:47:39.952127+09:00,88805620,dccd50fe,2026-09-28T21:47:39.952127+09:00,2026-09-28T21:47:39.993131+09:00,rail-left-01,rail-right-01,0.6.7-draft,0.6.7-draft,mqtt,mqtt,305.47,269.57,6.23,6.553,-0.032,0.051,0.245,-0.249,10.323,9.761,-0.0646,0.0365,0.0369,0.0584,-0.0115,-0.01,27.02,27.27,15839,18682,1.98,2.335,5.94,7.006,767,767,77,77,24,23,0,0,-0.49651137,-0.51197925,-0.49651137,-0.51197925,-0.02556649,-0.08324649,-0.02556649,-0.08324649,0.57991417,0.54584917,-0.00818656,-0.00833252,-0.00727812,-0.01082608,0.77335,0.77335,0.48280914,0.48037593,0.0,0.0,574.3,324.3,0.9858,1.1018,1,1,0
2026-09-28T21:47:39.972094+09:00,88825587,dccd50fe,2026-09-28T21:47:39.972094+09:00,2026-09-28T21:47:40.013099+09:00,rail-left-01,rail-right-01,0.6.7-draft,0.6.7-draft,mqtt,mqtt,306.51,270.47,6.198,6.555,-0.195,-0.13,0.272,-0.209,10.539,9.755,-0.0637,0.0325,0.0385,0.0557,-0.0137,-0.0151,27.02,27.27,15760,18687,1.97,2.336,5.91,7.008,768,768,77,77,24,23,0,0,-0.49841119,-0.51854791,-0.49841119,-0.51854791,-0.03202503,-0.08820963,-0.03202503,-0.08820963,0.57546966,0.54339505,-0.00842196,-0.00824304,-0.00792096,-0.01095721,0.77335,0.77335,0.48249168,0.48020063,0.0,0.0,575.3,325.3,0.9858,1.1018,1,1,0
2026-09-28T21:47:39.992247+09:00,88845740,dccd50fe,2026-09-28T21:47:39.992247+09:00,2026-09-28T21:47:40.033252+09:00,rail-left-01,rail-right-01,0.6.7-draft,0.6.7-draft,mqtt,mqtt,307.61,271.41,6.199,6.555,-0.151,0.028,0.183,-0.478,10.46,9.689,-0.0633,0.0317,0.0364,0.0552,-0.0132,-0.0111,27.04,27.27,15761,18688,1.97,2.336,5.91,7.008,769,769,77,77,24,23,0,0,-0.50128825,-0.51628243,-0.50128825,-0.51628243,-0.03815221,-0.09298188,-0.03815221,-0.09298188,0.57124869,0.54103532,-0.0086051,-0.00815345,-0.00845572,-0.01106024,0.77335,0.77335,0.48219018,0.48003208,0.0,0.0,576.4,326.4,0.9858,1.1018,1,1,0
2026-09-28T21:47:40.012432+09:00,88865925,dccd50fe,2026-09-28T21:47:40.012432+09:00,2026-09-28T21:47:40.053436+09:00,rail-left-01,rail-right-01,0.6.7-draft,0.6.7-draft,mqtt,mqtt,308.65,272.36,6.198,6.559,-0.169,-0.085,-0.047,-0.254,10.47,9.577,-0.0681,0.0353,0.0417,0.0601,-0.0132,-0.0089,27.02,27.25,15760,18697,1.97,2.337,5.91,7.011,770,770,77,77,24,23,0,0,-0.50514999,-0.5202377,-0.50514999,-0.5202377,-0.04401766,-0.09764951,-0.04401766,-0.09764951,0.56721242,0.53880238,-0.00874915,-0.00805877,-0.00890755,-0.01114908,0.77335,0.77335,0.48190187,0.47987259,0.0,0.0,577.4,327.4,0.9858,1.1018,1,1,0
2026-09-28T21:47:40.137198+09:00,88955452,dccd50fe,2026-09-28T21:47:40.137198+09:00,2026-09-28T21:47:40.220046+09:00,rail-left-01,rail-right-01,0.6.7-draft,0.6.7-draft,mqtt,mqtt,313.37,276.48,6.192,6.566,-0.074,0.002,0.008,-0.251,10.481,9.748,-0.0658,0.0326,0.0353,0.0574,-0.016,-0.0104,27.02,27.24,15745,18712,1.968,2.339,5.904,7.017,771,771,78,78,24,23,0,0,-0.52809508,-0.60865366,-0.52809508,-0.60865366,-0.10225538,-0.05631962,-0.10225538,-0.05631962,0.53659658,0.56047823,-0.00792464,-0.00228032,-0.01118266,-0.00184161,0.77335,0.79535,0.47971503,0.48142086,0.0,0.0,582.1,332.1,0.9858,1.1018,1,1,0
2026-09-28T21:47:40.157303+09:00,88975557,dccd50fe,2026-09-28T21:47:40.157303+09:00,2026-09-28T21:47:40.240151+09:00,rail-left-01,rail-right-01,0.6.7-draft,0.6.7-draft,mqtt,mqtt,314.42,277.38,6.239,6.599,-0.148,0.051,0.001,-0.387,10.423,9.722,-0.0662,0.0361,0.0401,0.06,-0.0133,-0.0075,27.01,27.27,15862,18784,1.983,2.348,5.948,7.044,772,772,78,78,24,23,0,0,-0.53648075,-0.14659388,-0.53648075,-0.14659388,-0.10583922,0.67863351,-0.10583922,0.67863351,0.53489826,0.97218917,-0.00773722,0.0,-0.01108073,0.0,0.77335,0.79535,0.47959372,0.51931446,0.0,0.0,583.1,333.1,0.9858,1.1018,1,1,0
2026-09-28T21:47:40.177236+09:00,88995490,dccd50fe,2026-09-28T21:47:40.177236+09:00,2026-09-28T21:47:40.260084+09:00,rail-left-01,rail-right-01,0.6.7-draft,0.6.7-draft,mqtt,mqtt,315.46,278.32,6.286,6.606,-0.16,-0.002,-0.102,-0.178,10.416,9.622,-0.0608,0.0346,0.0374,0.0586,-0.0092,-0.0061,26.99,27.25,15979,18800,1.997,2.35,5.992,7.05,773,773,78,78,24,23,0,0,-0.5453264,-0.22203119,-0.5453264,-0.22203119,-0.10845578,0.67513351,-0.10845578,0.67513351,0.53368024,0.97393917,-0.0075053,0.00744681,-0.01086474,-0.01489362,0.77335,0.79535,0.47950672,0.51943946,0.0,0.0,584.1,334.1,0.9858,1.1018,1,1,0
2026-09-28T21:47:40.197345+09:00,89015599,dccd50fe,2026-09-28T21:47:40.197345+09:00,2026-09-28T21:47:40.280193+09:00,rail-left-01,rail-right-01,0.6.7-draft,0.6.7-draft,mqtt,mqtt,316.51,279.22,6.355,6.608,-0.048,0.079,0.259,-0.293,10.291,9.695,-0.0677,0.0309,0.0365,0.0585,-0.0061,-0.0051,27.0,27.26,16150,18805,2.019,2.351,6.056,7.052,774,774,78,78,24,23,0,0,-0.5543605,-0.17060374,-0.5543605,-0.17060374,-0.10977,0.67330017,-0.10977,0.67330017,0.53311022,0.97485584,-0.00721078,0.00491022,-0.01050186,-0.00982044,0.77335,0.79535,0.479466,0.51950494,0.0,0.0,585.2,335.2,0.9858,1.1018,1,1,0
2026-09-28T21:47:40.217429+09:00,89035683,dccd50fe,2026-09-28T21:47:40.217429+09:00,2026-09-28T21:47:40.300277+09:00,rail-left-01,rail-right-01,0.6.7-draft,0.6.7-draft,mqtt,mqtt,317.55,280.16,6.472,6.604,-0.119,-0.026,0.218,-0.181,10.404,9.618,-0.0645,0.0313,0.035,0.0553,-0.008,-0.012,27.02,27.25,16442,18795,2.055,2.349,6.166,7.048,775,775,78,78,24,23,0,0,-0.56367357,-0.21933578,-0.56367357,-0.21933578,-0.10902166,0.67338351,-0.10902166,0.67338351,0.53356848,0.97481417,-0.00681092,0.00183875,-0.00990925,-0.0036775,0.77335,0.79535,0.47949874,0.51950196,0.0,0.0,586.2,336.2,0.9858,1.1018,1,1,0
2026-09-28T21:47:40.237538+09:00,89055792,dccd50fe,2026-09-28T21:47:40.237538+09:00,2026-09-28T21:47:40.320386+09:00,rail-left-01,rail-right-01,0.6.7-draft,0.6.7-draft,mqtt,mqtt,318.64,281.06,6.634,6.602,-0.145,-0.048,0.182,-0.403,10.398,9.681,-0.0645,0.0305,0.0364,0.0589,-0.0072,-0.0101,26.99,27.28,16844,18792,2.105,2.349,6.316,7.047,776,776,78,78,24,23,0,0,-0.57329181,-0.26077655,-0.57329181,-0.26077655,-0.10555293,0.67383351,-0.10555293,0.67383351,0.53538408,0.97458917,-0.00627293,0.00044043,-0.009024,-0.00088086,0.77335,0.79535,0.47962842,0.51948589,0.0,0.0,587.3,337.3,0.9858,1.1018,1,1,0
2026-09-28T21:47:40.257296+09:00,89075550,dccd50fe,2026-09-28T21:47:40.257296+09:00,2026-09-28T21:47:40.340144+09:00,rail-left-01,rail-right-01,0.6.7-draft,0.6.7-draft,mqtt,mqtt,319.64,282.0,6.753,6.605,-0.147,-0.147,0.157,-0.109,10.433,9.723,-0.0663,0.031,0.0433,0.0584,-0.0103,-0.0073,27.02,27.25,17140,18798,2.143,2.35,6.428,7.049,777,777,78,78,24,23,0,0,-0.58323201,-0.33476539,-0.58323201,-0.33476539,-0.10021649,0.67363351,-0.10021649,0.67363351,0.53813084,0.97468917,-0.00566129,0.00043719,-0.00797628,-0.00087437,0.77335,0.79535,0.47982462,0.51949303,0.0,0.0,588.2,338.2,0.9858,1.1018,1,1,0
2026-09-28T21:47:40.277309+09:00,89095563,dccd50fe,2026-09-28T21:47:40.277309+09:00,2026-09-28T21:47:40.360157+09:00,rail-left-01,rail-right-01,0.6.7-draft,0.6.7-draft,mqtt,mqtt,320.73,282.9,6.947,6.604,-0.057,0.051,-0.122,-0.333,10.536,9.623,-0.0614,0.0325,0.0414,0.0562,-0.014,-0.0097,27.02,27.28,17625,18795,2.203,2.349,6.609,7.048,778,778,78,78,24,23,0,0,-0.5932808,-0.30798625,-0.5932808,-0.30798625,-0.09187469,0.67363351,-0.09187469,0.67363351,0.54237769,0.97468917,-0.00491178,0.00027426,-0.00663998,-0.00054853,0.77335,0.79535,0.48012797,0.51949303,0.0,0.0,589.3,339.3,0.9858,1.1018,1,1,0
2026-09-28T21:47:40.297350+09:00,89115604,dccd50fe,2026-09-28T21:47:40.297350+09:00,2026-09-28T21:47:40.380198+09:00,rail-left-01,rail-right-01,0.6.7-draft,0.6.7-draft,mqtt,mqtt,321.78,283.84,7.108,6.616,-0.072,-0.075,-0.068,-0.224,10.193,9.662,-0.0621,0.0324,0.0476,0.0606,-0.0111,-0.0017,27.04,27.26,18025,18823,2.253,2.353,6.759,7.059,779,779,78,78,24,23,0,0,-0.60350361,-0.33239748,-0.60350361,-0.33239748,-0.0812052,0.67213351,-0.0812052,0.67213351,0.54778594,0.97543917,-0.00407473,0.00127052,-0.0051168,-0.00254104,0.77335,0.79535,0.48051427,0.51954661,0.0,0.0,590.3,340.3,0.9858,1.1018,1,1,0
2026-09-28T21:47:40.317699+09:00,89135953,dccd50fe,2026-09-28T21:47:40.317699+09:00,2026-09-28T21:47:40.400547+09:00,rail-left-01,rail-right-01,0.6.7-draft,0.6.7-draft,mqtt,mqtt,322.82,284.79,7.257,6.615,-0.103,-0.074,-0.158,-0.122,10.602,9.535,-0.0698,0.034,0.0332,0.0549,-0.0116,-0.0045,27.04,27.28,18397,18821,2.3,2.353,6.899,7.058,780,780,78,78,24,23,0,0,-0.6138011,-0.35142053,-0.6138011,-0.35142053,-0.06850935,0.67107795,-0.06850935,0.67107795,0.55420504,0.97596695,-0.00317322,0.0015748,-0.00345409,-0.0031496,0.79535,0.79535,0.48097278,0.5195843,0.0,0.0,591.4,341.4,0.9858,1.1018,1,1,0
2026-09-28T21:47:40.499867+09:00,89302437,dccd50fe,2026-09-28T21:47:40.499867+09:00,2026-09-28T21:47:40.582444+09:00,rail-left-01,rail-right-01,0.6.7-draft,0.6.7-draft,mqtt,mqtt,331.57,292.49,7.318,6.613,-0.157,-0.03,0.047,-0.139,10.457,9.729,-0.0642,0.0256,0.0333,0.0514,-0.0085,-0.0063,27.03,27.26,18547,18817,2.318,2.352,6.955,7.056,781,781,79,79,24,23,0,0,-0.40460626,-0.67967975,-0.40460626,-0.67967975,0.67633351,0.16778351,0.67633351,0.16778351,0.97943917,0.72886417,0.00450069,-0.04520355,0.00533035,-0.09207128,0.79535,0.79735,0.51983232,0.50193411,0.0,0.0,600.0,350.0,0.9858,1.1018,1,1,600
2026-09-28T21:47:40.519985+09:00,89322555,dccd50fe,2026-09-28T21:47:40.519985+09:00,2026-09-28T21:47:40.602562+09:00,rail-left-01,rail-right-01,0.6.7-draft,0.6.7-draft,mqtt,mqtt,332.62,293.44,6.328,7.178,-0.103,0.043,0.202,-0.241,10.453,9.687,-0.0677,0.0233,0.031,0.0466,-0.0099,-0.0055,27.02,27.28,16083,20069,2.01,2.509,6.031,7.526,782,782,79,79,24,23,0,0,-0.4511266,-0.63856801,-0.4511266,-0.63856801,0.59063351,0.11796684,0.59063351,0.11796684,0.93728008,0.73095107,-0.02893202,-0.03676942,-0.06103702,-0.09381712,0.79535,0.79735,0.51682096,0.50208317,0.0,0.0,601.0,351.0,0.9858,1.1018,1,1,0
2026-09-28T21:47:40.540075+09:00,89342645,dccd50fe,2026-09-28T21:47:40.540075+09:00,2026-09-28T21:47:40.622652+09:00,rail-left-01,rail-right-01,0.6.7-draft,0.6.7-draft,mqtt,mqtt,333.66,294.33,6.274,7.266,-0.147,-0.036,0.294,-0.165,10.27,9.65,-0.0658,0.0306,0.0373,0.0534,-0.0108,-0.0052,27.02,27.25,15949,20264,1.994,2.533,5.981,7.599,783,783,79,79,24,23,0,0,-0.49325307,-0.61134362,-0.49325307,-0.61134362,0.51471684,0.06867896,0.51471684,0.06867896,0.8998975,0.73484826,-0.04204214,-0.03022286,-0.08699106,-0.09565248,0.79535,0.79735,0.51415077,0.50236154,0.0,0.0,602.1,352.1,0.9858,1.1018,1,1,0
2026-09-28T21:47:40.560058+09:00,89362628,dccd50fe,2026-09-28T21:47:40.560058+09:00,2026-09-28T21:47:40.642635+09:00,rail-left-01,rail-right-01,0.6.7-draft,0.6.7-draft,mqtt,mqtt,334.7,295.28,6.246,7.328,-0.048,0.0,0.117,-0.298,10.55,9.494,-0.062,0.0308,0.0442,0.0578,-0.0132,-0.0116,27.0,27.27,15879,20403,1.985,2.55,5.955,7.651,784,784,79,79,24,23,0,0,-0.53129564,-0.58203469,-0.53129564,-0.58203469,0.44832582,0.02098133,0.44832582,0.02098133,0.86718917,0.73975439,-0.04835178,-0.02497761,-0.0994196,-0.09717097,0.79535,0.79735,0.51181446,0.50271198,0.0,0.0,603.1,353.1,0.9858,1.1018,1,1,0
2026-09-28T21:47:40.580547+09:00,89383117,dccd50fe,2026-09-28T21:47:40.580547+09:00,2026-09-28T21:47:40.663124+09:00,rail-left-01,rail-right-01,0.6.7-draft,0.6.7-draft,mqtt,mqtt,335.8,296.22,6.235,7.35,-0.187,-0.053,-0.048,-0.251,10.215,9.649,-0.0655,0.031,0.0441,0.0541,-0.0121,-0.0075,27.01,27.26,15851,20451,1.981,2.556,5.944,7.669,785,785,79,79,24,23,0,0,-0.56724225,-0.5614399,-0.56724225,-0.5614399,0.39063351,-0.02365816,0.39063351,-0.02365816,0.8387606,0.74471,-0.05140229,-0.02082466,-0.10536257,-0.09803753,0.79535,0.79735,0.50978385,0.50306595,0.0,0.0,604.2,354.2,0.9858,1.1018,1,1,0
2026-09-28T21:47:40.600513+09:00,89403083,dccd50fe,2026-09-28T21:47:40.600513+09:00,2026-09-28T21:47:40.683090+09:00,rail-left-01,rail-right-01,0.6.7-draft,0.6.7-draft,mqtt,mqtt,336.84,297.17,6.224,7.303,-0.005,0.062,-0.035,-0.341,10.475,9.657,-0.0674,0.0274,0.0398,0.0578,-0.0123,-0.0057,27.03,27.27,15824,20348,1.978,2.544,5.934,7.631,786,786,79,79,24,23,0,0,-0.59979916,-0.52947409,-0.59979916,-0.52947409,0.33990017,-0.06284649,0.33990017,-0.06284649,0.81375584,0.74832917,-0.05279281,-0.01777493,-0.10800773,-0.0977648,0.79535,0.79735,0.5079978,0.50332446,0.0,0.0,605.2,355.2,0.9858,1.1018,1,1,0
2026-09-28T21:47:40.619902+09:00,89422472,dccd50fe,2026-09-28T21:47:40.619902+09:00,2026-09-28T21:47:40.702479+09:00,rail-left-01,rail-right-01,0.6.7-draft,0.6.7-draft,mqtt,mqtt,337.84,298.06,6.209,7.236,-0.266,-0.171,-0.092,0.012,10.503,9.89,-0.0653,0.029,0.0364,0.0549,-0.0085,-0.0051,27.01,27.27,15788,20198,1.974,2.525,5.921,7.574,787,787,79,79,24,23,0,0,-0.63114284,-0.52514208,-0.63114284,-0.52514208,0.29457101,-0.09644342,0.29457101,-0.09644342,0.79140792,0.75038148,-0.0533043,-0.01561711,-0.10891088,-0.09654284,0.79535,0.79735,0.50640152,0.50347106,0.0,0.0,606.2,356.2,0.9858,1.1018,1,1,0
2026-09-28T21:47:40.640054+09:00,89442624,dccd50fe,2026-09-28T21:47:40.640054+09:00,2026-09-28T21:47:40.722631+09:00,rail-left-01,rail-right-01,0.6.7-draft,0.6.7-draft,mqtt,mqtt,338.88,299.01,6.206,7.105,0.085,0.147,0.229,-0.42,10.604,9.578,-0.0699,0.0318,0.0348,0.05,-0.0096,-0.0112,27.01,27.24,15780,19907,1.973,2.488,5.918,7.465,788,788,79,79,24,23,0,0,-0.65914604,-0.4879107,-0.65914604,-0.4879107,0.25439821,-0.12269983,0.25439821,-0.12269983,0.77160093,0.74985584,-0.0531362,-0.01437375,-0.10846498,-0.09407625,0.79735,0.79735,0.50498673,0.50343351,0.0,0.0,607.2,357.2,0.9858,1.1018,1,1,0
2026-09-28T21:47:40.659936+09:00,89462506,dccd50fe,2026-09-28T21:47:40.659936+09:00,2026-09-28T21:47:40.742513+09:00,rail-left-01,rail-right-01,0.6.7-draft,0.6.7-draft,mqtt,mqtt,339.92,299.9,6.254,6.95,-0.491,-0.317,0.263,-0.405,10.232,9.755,-0.075,0.0286,0.038,0.0553,-0.0124,-0.0045,27.0,27.26,15898,19564,1.987,2.446,5.962,7.337,789,789,79,79,24,23,0,0,-0.68799114,-0.50015402,-0.68799114,-0.50015402,0.22135573,-0.14154506,0.22135573,-0.14154506,0.75532806,0.74659988,-0.05206751,-0.01391533,-0.10622594,-0.09053918,0.79735,0.79735,0.50382438,0.50320094,0.0,0.0,608.2,358.2,0.9858,1.1018,1,1,0
2026-09-28T21:47:40.680030+09:00,89482600,dccd50fe,2026-09-28T21:47:40.680030+09:00,2026-09-28T21:47:40.762607+09:00,rail-left-01,rail-right-01,0.6.7-draft,0.6.7-draft,mqtt,mqtt,340.97,300.85,6.279,6.792,0.022,0.11,0.373,-0.211,10.59,9.665,-0.0711,0.0305,0.033,0.0544,-0.01,-0.0057,27.0,27.27,15962,19213,1.995,2.402,5.986,7.205,790,790,79,79,24,23,0,0,-0.71426508,-0.47003195,-0.71426508,-0.47003195,0.19310719,-0.15364235,0.19310719,-0.15364235,0.74142601,0.74084434,-0.05059497,-0.01406168,-0.10318568,-0.08615407,0.79735,0.79735,0.50283138,0.50278983,0.0,0.0,609.3,359.3,0.9858,1.1018,1,1,0
2026-09-28T21:47:40.865961+09:00,89676413,dccd50fe,2026-09-28T21:47:40.865961+09:00,2026-09-28T21:47:40.903977+09:00,rail-left-01,rail-right-01,0.6.7-draft,0.6.7-draft,mqtt,mqtt,351.06,309.84,6.301,6.717,0.016,0.151,0.097,-0.514,10.33,9.574,-0.0652,0.034,0.0364,0.0548,-0.0084,-0.0076,27.01,27.26,16015,19047,2.002,2.381,6.006,7.143,791,791,80,80,24,23,0,0,-0.45378116,-0.37740805,-0.45378116,-0.37740805,-0.16419983,-0.16956649,-0.16419983,-0.16956649,0.73583917,0.73326417,-0.01348283,-0.00573384,-0.07714871,-0.03117599,0.79735,0.79735,0.50243232,0.50224839,0.0,0.0,619.2,369.2,0.9858,1.1018,1,1,0
2026-09-28T21:47:40.886083+09:00,89696534,dccd50fe,2026-09-28T21:47:40.886083+09:00,2026-09-28T21:47:40.924099+09:00,rail-left-01,rail-right-01,0.6.7-draft,0.6.7-draft,mqtt,mqtt,352.1,310.74,6.555,6.266,-0.207,-0.079,0.245,-0.19,10.411,9.659,-0.0686,0.0374,0.0417,0.0538,-0.0092,-0.0096,27.01,27.26,16649,18047,2.081,2.256,6.243,6.768,792,792,80,80,24,23,0,0,-0.44066389,-0.37168027,-0.44066389,-0.37168027,-0.16588262,-0.15741527,-0.16588262,-0.15741527,0.73525368,0.72670136,-0.01199063,-0.00640389,-0.06819861,-0.02635571,0.79735,0.79735,0.5023905,0.50177962,0.0,0.0,620.2,370.2,0.9858,1.1018,1,1,0
2026-09-28T21:47:40.906002+09:00,89716454,dccd50fe,2026-09-28T21:47:40.906002+09:00,2026-09-28T21:47:40.944018+09:00,rail-left-01,rail-right-01,0.6.7-draft,0.6.7-draft,mqtt,mqtt,353.1,311.68,6.566,6.275,-0.186,-0.063,0.026,-0.457,10.508,9.683,-0.0634,0.0325,0.0361,0.0528,-0.0081,-0.0093,27.01,27.27,16676,18067,2.085,2.258,6.253,6.775,793,793,80,80,24,23,0,0,-0.43012052,-0.36513625,-0.43012052,-0.36513625,-0.16711649,-0.14605697,-0.16711649,-0.14605697,0.73487667,0.72055822,-0.01077592,-0.00692457,-0.06108248,-0.02238179,0.79735,0.79735,0.50236357,0.50134082,0.0,0.0,621.2,371.2,0.9858,1.1018,1,1,0
2026-09-28T21:47:40.926118+09:00,89736569,dccd50fe,2026-09-28T21:47:40.926118+09:00,2026-09-28T21:47:40.964133+09:00,rail-left-01,rail-right-01,0.6.7-draft,0.6.7-draft,mqtt,mqtt,354.14,312.63,6.583,6.288,-0.059,0.047,0.101,-0.224,10.355,9.74,-0.0633,0.0302,0.0396,0.0585,-0.0089,-0.0072,27.03,27.27,16717,18096,2.09,2.262,6.269,6.786,794,794,80,80,24,23,0,0,-0.42150203,-0.35162531,-0.42150203,-0.35162531,-0.16776043,-0.13552928,-0.16776043,-0.13552928,0.73478008,0.71485196,-0.00973565,-0.00732276,-0.05520631,-0.01907604,0.79735,0.79735,0.50235667,0.50093323,0.0,0.0,622.2,372.2,0.9858,1.1018,1,1,0
2026-09-28T21:47:40.946064+09:00,89756516,dccd50fe,2026-09-28T21:47:40.946064+09:00,2026-09-28T21:47:40.984080+09:00,rail-left-01,rail-right-01,0.6.7-draft,0.6.7-draft,mqtt,mqtt,355.19,313.52,6.588,6.285,-0.182,-0.126,-0.053,-0.461,10.421,9.708,-0.0711,0.0304,0.0352,0.0554,-0.0085,-0.0092,27.01,27.26,16731,18088,2.091,2.261,6.274,6.783,795,795,80,80,24,23,0,0,-0.41490596,-0.34990449,-0.41490596,-0.34990449,-0.16821943,-0.12541195,-0.16821943,-0.12541195,0.7347627,0.70937099,-0.0088595,-0.00765256,-0.05031015,-0.01624836,0.79735,0.79735,0.50235543,0.50054174,0.0,0.0,623.3,373.3,0.9858,1.1018,1,1,0
2026-09-28T21:47:40.966061+09:00,89776512,dccd50fe,2026-09-28T21:47:40.966061+09:00,2026-09-28T21:47:41.004077+09:00,rail-left-01,rail-right-01,0.6.7-draft,0.6.7-draft,mqtt,mqtt,356.23,314.47,6.588,6.293,0.062,0.036,-0.207,-0.172,10.428,9.772,-0.0663,0.0289,0.0372,0.0606,-0.0071,-0.0055,27.03,27.25,16730,18105,2.091,2.263,6.274,6.789,796,796,80,80,24,23,0,0,-0.40937282,-0.33803321,-0.40937282,-0.33803321,-0.16865221,-0.11592205,-0.16865221,-0.11592205,0.73474631,0.7042225,-0.00812187,-0.00790964,-0.04618586,-0.01383437,0.79735,0.79735,0.50235426,0.50017399,0.0,0.0,624.3,374.3,0.9858,1.1018,1,1,0
2026-09-28T21:47:40.985976+09:00,89796427,dccd50fe,2026-09-28T21:47:40.985976+09:00,2026-09-28T21:47:41.023991+09:00,rail-left-01,rail-right-01,0.6.7-draft,0.6.7-draft,mqtt,mqtt,357.28,315.41,6.588,6.298,-0.124,-0.083,0.105,-0.227,10.478,9.716,-0.0677,0.027,0.0313,0.0532,-0.0061,0.0007,27.0,27.26,16731,18117,2.091,2.265,6.274,6.794,797,797,80,80,24,23,0,0,-0.40526017,-0.33402247,-0.40526017,-0.33402247,-0.16906094,-0.10695345,-0.16906094,-0.10695345,0.73473084,0.69935221,-0.00749118,-0.00811233,-0.04265748,-0.01174943,0.79735,0.79735,0.50235315,0.49982611,0.0,0.0,625.3,375.3,0.9858,1.1018,1,1,0
2026-09-28T21:47:41.006115+09:00,89816567,dccd50fe,2026-09-28T21:47:41.006115+09:00,2026-09-28T21:47:41.044131+09:00,rail-left-01,rail-right-01,0.6.7-draft,0.6.7-draft,mqtt,mqtt,358.32,316.31,6.59,6.305,0.006,0.154,0.314,-0.302,10.315,9.619,-0.0663,0.0334,0.0396,0.0609,-0.0077,-0.0033,27.02,27.28,16735,18133,2.092,2.267,6.276,6.8,798,798,80,80,24,23,0,0,-0.4021573,-0.31579156,-0.4021573,-0.31579156,-0.16939352,-0.09851543,-0.16939352,-0.09851543,0.73474322,0.69476364,-0.00694082,-0.00826781,-0.0395935,-0.00994436,0.79735,0.79735,0.50235404,0.49949835,0.0,0.0,626.4,376.4,0.9858,1.1018,1,1,0
2026-09-28T21:47:41.026036+09:00,89836488,dccd50fe,2026-09-28T21:47:41.026036+09:00,2026-09-28T21:47:41.064052+09:00,rail-left-01,rail-right-01,0.6.7-draft,0.6.7-draft,mqtt,mqtt,359.36,317.25,6.576,6.305,-0.357,-0.229,0.206,-0.466,10.519,9.734,-0.0671,0.0329,0.036,0.0553,-0.0087,-0.0019,27.03,27.25,16701,18133,2.088,2.267,6.263,6.8,799,799,80,80,24,23,0,0,-0.40093745,-0.32104879,-0.40093745,-0.32104879,-0.17007702,-0.09042899,-0.17007702,-0.09042899,0.73457075,0.69036625,-0.00649044,-0.00839337,-0.03697414,-0.00835145,0.79735,0.79735,0.50234172,0.49918425,0.0,0.0,627.4,377.4,0.9858,1.1018,1,1,0
2026-09-28T21:47:41.046020+09:00,89856471,dccd50fe,2026-09-28T21:47:41.046020+09:00,2026-09-28T21:47:41.084035+09:00,rail-left-01,rail-right-01,0.6.7-draft,0.6.7-draft,mqtt,mqtt,360.41,318.2,6.574,6.295,0.029,0.136,0.059,-0.177,10.435,9.638,-0.0649,0.0346,0.035,0.0574,-0.0112,-0.0087,27.02,27.25,16696,18110,2.087,2.264,6.261,6.791,800,800,80,80,24,23,0,0,-0.40030098,-0.30488533,-0.40030098,-0.30488533,-0.17077675,-0.08246853,-0.17077675,-0.08246853,0.73438148,0.68604631,-0.00609596,-0.00850664,-0.03466576,-0.00691156,0.79735,0.79735,0.5023282,0.49887569,0.0,0.0,628.4,378.4,0.9858,1.1018,1,1,0
2026-09-28T21:47:41.169068+09:00,89986453,dccd50fe,2026-09-28T21:47:41.169068+09:00,2026-09-28T21:47:41.207463+09:00,rail-left-01,rail-right-01,0.6.7-draft,0.6.7-draft,mqtt,mqtt,367.12,324.21,6.572,6.291,-0.263,-0.116,-0.023,0.011,10.238,9.685,-0.0682,0.0366,0.0394,0.0536,0.0052,-0.0057,26.99,27.28,16691,18102,2.086,2.263,6.259,6.788,801,801,81,81,24,23,0,0,-0.2981514,-0.64104491,-0.2981514,-0.64104491,-0.07486649,0.17363351,-0.07486649,0.17363351,0.68187917,0.41168917,-0.00854322,0.0,-0.00541523,0.0,0.79735,0.52835,0.49857803,0.42220726,0.0,0.0,635.0,385.0,0.9858,1.1018,1,1,0
2026-09-28T21:47:41.189204+09:00,90006590,dccd50fe,2026-09-28T21:47:41.189204+09:00,2026-09-28T21:47:41.227600+09:00,rail-left-01,rail-right-01,0.6.7-draft,0.6.7-draft,mqtt,mqtt,368.21,325.16,6.48,6.269,0.028,0.157,0.178,-0.36,10.414,9.635,-0.0725,0.037,0.0358,0.0536,0.0036,-0.002,27.01,27.24,16462,18052,2.058,2.257,6.173,6.769,802,802,81,81,24,23,0,0,-0.29236338,-0.25022983,-0.29236338,-0.25022983,-0.06936649,0.18463351,-0.06936649,0.18463351,0.67697348,0.40618917,-0.00868325,-0.02315789,-0.00435319,0.04631579,0.79735,0.52835,0.49822763,0.42178418,0.0,0.0,636.1,386.1,0.9858,1.1018,1,1,0
2026-09-28T21:47:41.209136+09:00,90026521,dccd50fe,2026-09-28T21:47:41.209136+09:00,2026-09-28T21:47:41.247531+09:00,rail-left-01,rail-right-01,0.6.7-draft,0.6.7-draft,mqtt,mqtt,369.21,326.1,6.472,6.243,-0.214,-0.163,0.342,-0.365,10.367,9.755,-0.0667,0.0322,0.0358,0.0581,-0.0021,-0.0039,27.03,27.28,16442,17996,2.055,2.25,6.166,6.748,803,803,81,81,24,23,0,0,-0.28794462,-0.42443088,-0.28794462,-0.42443088,-0.06423188,0.19696684,-0.06423188,0.19696684,0.67217955,0.4000225,-0.00880432,-0.02539286,-0.00344289,0.05078571,0.79735,0.52835,0.4978852,0.42130982,0.0,0.0,637.1,387.1,0.9858,1.1018,1,1,0
2026-09-28T21:47:41.229224+09:00,90046610,dccd50fe,2026-09-28T21:47:41.229224+09:00,2026-09-28T21:47:41.267620+09:00,rail-left-01,rail-right-01,0.6.7-draft,0.6.7-draft,mqtt,mqtt,370.25,327.05,6.449,6.224,-0.014,0.084,0.135,-0.279,10.502,9.846,-0.0701,0.0345,0.0334,0.0522,-0.0003,-0.0079,27.04,27.26,16384,17954,2.048,2.244,6.144,6.733,804,804,81,81,24,23,0,0,-0.28434193,-0.33535772,-0.28434193,-0.33535772,-0.05972498,0.20788351,-0.05972498,0.20788351,0.66734955,0.39456417,-0.00892685,-0.02399321,-0.0026939,0.04798641,0.79735,0.52835,0.4975402,0.42088995,0.0,0.0,638.1,388.1,0.9858,1.1018,1,1,0
2026-09-28T21:47:41.249361+09:00,90066747,dccd50fe,2026-09-28T21:47:41.249361+09:00,2026-09-28T21:47:41.287757+09:00,rail-left-01,rail-right-01,0.6.7-draft,0.6.7-draft,mqtt,mqtt,371.3,327.99,6.457,6.218,-0.165,-0.071,-0.318,-0.353,10.4,9.55,-0.0658,0.0326,0.0416,0.0628,-0.0061,-0.0108,27.02,27.26,16405,17939,2.051,2.242,6.152,6.727,805,805,81,81,24,23,0,0,-0.28187926,-0.37143596,-0.28187926,-0.37143596,-0.05523686,0.21563351,-0.05523686,0.21563351,0.6627725,0.39068917,-0.00901562,-0.02021437,-0.00201139,0.04042874,0.79735,0.52835,0.49721327,0.42059187,0.0,0.0,639.2,389.2,0.9858,1.1018,1,1,0
2026-09-28T21:47:41.269372+09:00,90086758,dccd50fe,2026-09-28T21:47:41.269372+09:00,2026-09-28T21:47:41.307768+09:00,rail-left-01,rail-right-01,0.6.7-draft,0.6.7-draft,mqtt,mqtt,372.34,328.94,6.437,6.231,-0.247,0.048,0.176,0.028,10.751,9.58,-0.0713,0.0292,0.0373,0.057,-0.0028,-0.0033,27.02,27.28,16355,17968,2.044,2.246,6.133,6.738,806,806,81,81,24,23,0,0,-0.28056756,-0.33830005,-0.28056756,-0.33830005,-0.05127558,0.21863351,-0.05127558,0.21863351,0.65818008,0.38918917,-0.00910576,-0.01426211,-0.00144595,0.02852421,0.94435,0.52835,0.49688524,0.42047649,0.0,0.0,640.2,390.2,0.9858,1.1018,1,1,0
2026-09-28T21:47:41.289143+09:00,90106528,dccd50fe,2026-09-28T21:47:41.289143+09:00,2026-09-28T21:47:41.327538+09:00,rail-left-01,rail-right-01,0.6.7-draft,0.6.7-draft,mqtt,mqtt,373.38,329.83,6.442,6.229,-0.151,0.037,0.117,-0.424,10.307,9.483,-0.0681,0.0362,0.0376,0.0572,-0.0081,-0.0003,27.04,27.25,16368,17965,2.046,2.246,6.138,6.737,807,807,81,81,24,23,0,0,-0.28011379,-0.31929534,-0.28011379,-0.31929534,-0.04736649,0.22106208,-0.04736649,0.22106208,0.65379631,0.38797488,-0.00917142,-0.01094177,-0.00092971,0.02188354,0.94435,0.52835,0.49657212,0.42038308,0.0,0.0,641.2,391.2,0.9858,1.1018,1,1,0
2026-09-28T21:47:41.309103+09:00,90126488,dccd50fe,2026-09-28T21:47:41.309103+09:00,2026-09-28T21:47:41.347499+09:00,rail-left-01,rail-right-01,0.6.7-draft,0.6.7-draft,mqtt,mqtt,374.43,330.78,6.44,6.236,-0.315,-0.183,0.086,-0.011,10.477,9.79,-0.0667,0.0369,0.0466,0.0554,-0.0027,-0.0005,27.02,27.27,16363,17980,2.045,2.248,6.136,6.743,808,808,81,81,24,23,0,0,-0.28085072,-0.38293565,-0.28085072,-0.38293565,-0.04362965,0.22200851,-0.04362965,0.22200851,0.64954882,0.38750167,-0.0092228,-0.00798906,-0.0004699,0.01597811,0.94435,0.52835,0.49626872,0.42034668,0.0,0.0,642.3,392.3,0.9858,1.1018,1,1,0
2026-09-28T21:47:41.329221+09:00,90146606,dccd50fe,2026-09-28T21:47:41.329221+09:00,2026-09-28T21:47:41.367616+09:00,rail-left-01,rail-right-01,0.6.7-draft,0.6.7-draft,mqtt,mqtt,375.42,331.72,6.432,6.256,-0.16,0.068,0.39,-0.462,10.581,9.758,-0.0673,0.0297,0.0378,0.0498,-0.004,-0.0059,27.04,27.27,16341,18023,2.043,2.253,6.128,6.759,809,809,81,81,24,23,0,0,-0.28230217,-0.3530607,-0.28230217,-0.3530607,-0.0401596,0.2205224,-0.0401596,0.2205224,0.64537882,0.38824472,-0.00926793,-0.00464985,-7.112e-05,0.0092997,0.94435,0.52835,0.49597087,0.42040384,0.0,0.0,643.2,393.2,0.9858,1.1018,1,1,0
2026-09-28T21:47:41.349359+09:00,90166745,dccd50fe,2026-09-28T21:47:41.349359+09:00,2026-09-28T21:47:41.387755+09:00,rail-left-01,rail-right-01,0.6.7-draft,0.6.7-draft,mqtt,mqtt,376.47,332.66,6.444,6.261,-0.108,-0.037,0.224,-0.202,10.335,9.929,-0.0686,0.0338,0.0437,0.0588,-0.0041,-0.0059,27.02,27.27,16372,18036,2.047,2.255,6.14,6.764,810,810,81,81,24,23,0,0,-0.2843625,-0.35875219,-0.2843625,-0.35875219,-0.03660378,0.21883351,-0.03660378,0.21883351,0.64145188,0.38908917,-0.00928909,-0.00240063,0.00031099,0.00480127,0.94435,0.52835,0.49569037,0.4204688,0.0,0.0,644.3,394.3,0.9858,1.1018,1,1,0
2026-09-28T21:47:41.435662+09:00,90290419,dccd50fe,2026-09-28T21:47:41.435662+09:00,2026-09-28T21:47:41.520379+09:00,rail-left-01,rail-right-01,0.6.7-draft,0.6.7-draft,mqtt,mqtt,382.88,338.48,6.448,6.272,-0.182,-0.038,0.224,-0.289,10.314,9.734,-0.0666,0.0336,0.0358,0.0534,-0.0032,0.002,27.04,27.3,16383,18059,2.048,2.257,6.144,6.772,811,811,82,82,24,23,0,0,-0.38434972,-0.58293104,-0.38434972,-0.58293104,0.21781533,0.19844303,0.21781533,0.19844303,0.3899619,0.38737964,6.544e-05,-0.00100875,0.00075166,-0.00520304,0.52835,0.80435,0.42053593,0.42033729,0.0,0.0,650.6,400.6,0.9858,1.1018,1,1,0
2026-09-28T21:47:41.455784+09:00,90310541,dccd50fe,2026-09-28T21:47:41.455784+09:00,2026-09-28T21:47:41.540500+09:00,rail-left-01,rail-right-01,0.6.7-draft,0.6.7-draft,mqtt,mqtt,383.92,339.43,6.456,6.315,-0.127,-0.215,0.31,-0.098,10.318,9.838,-0.0673,0.0344,0.0525,0.055,-0.0057,-0.0079,27.02,27.27,16402,18154,2.05,2.269,6.151,6.808,812,812,82,82,24,23,0,0,-0.41025257,-0.59769487,-0.41025257,-0.59769487,0.21763351,0.19358805,0.21763351,0.19358805,0.3910225,0.3877119,0.00093232,-0.00071602,0.00031719,-0.00625615,0.52835,0.80435,0.42061751,0.42036285,0.0,0.0,651.6,401.6,0.9858,1.1018,1,1,0
2026-09-28T21:47:41.475712+09:00,90330469,dccd50fe,2026-09-28T21:47:41.475712+09:00,2026-09-28T21:47:41.560429+09:00,rail-left-01,rail-right-01,0.6.7-draft,0.6.7-draft,mqtt,mqtt,384.97,340.37,6.446,6.32,0.023,0.072,-0.019,-0.385,10.434,9.663,-0.0698,0.0365,0.0429,0.0501,-0.0023,-0.0065,27.02,27.28,16378,18165,2.047,2.271,6.142,6.812,813,813,82,82,24,23,0,0,-0.43453185,-0.57625442,-0.43453185,-0.57625442,0.21671043,0.18893786,0.21671043,0.18893786,0.39153532,0.38812395,0.00101505,-0.00046956,-0.00039009,-0.00701771,0.62735,0.80435,0.42065696,0.42039455,0.0,0.0,652.6,402.6,0.9858,1.1018,1,1,0
2026-09-28T21:47:41.496011+09:00,90350768,dccd50fe,2026-09-28T21:47:41.496011+09:00,2026-09-28T21:47:41.580728+09:00,rail-left-01,rail-right-01,0.6.7-draft,0.6.7-draft,mqtt,mqtt,386.01,341.32,6.441,6.309,-0.105,0.04,0.053,0.072,10.493,9.847,-0.0665,0.031,0.0445,0.0616,-0.0047,-0.0113,27.0,27.28,16365,18141,2.046,2.268,6.137,6.803,814,814,82,82,24,23,0,0,-0.45855342,-0.56029567,-0.45855342,-0.56029567,0.21556208,0.18513351,0.21556208,0.18513351,0.39179631,0.3882725,0.00093488,-0.00036224,-0.00095913,-0.00737606,0.68635,0.80435,0.42067704,0.42040597,0.0,0.0,653.7,403.7,0.9858,1.1018,1,1,0
2026-09-28T21:47:41.515785+09:00,90370543,dccd50fe,2026-09-28T21:47:41.515785+09:00,2026-09-28T21:47:41.600503+09:00,rail-left-01,rail-right-01,0.6.7-draft,0.6.7-draft,mqtt,mqtt,387.06,342.21,6.43,6.346,-0.055,0.057,-0.208,-0.548,10.406,9.625,-0.0721,0.0306,0.0433,0.0593,-0.0037,-0.0036,27.0,27.29,16337,18224,2.042,2.278,6.126,6.834,815,815,82,82,24,23,0,0,-0.48178382,-0.5437731,-0.48178382,-0.5437731,0.21383351,0.18015351,0.21383351,0.18015351,0.39165584,0.38914917,0.00068352,-5.533e-05,-0.00165543,-0.00805386,0.68635,0.80435,0.42066623,0.42047341,0.0,0.0,654.7,404.7,0.9858,1.1018,1,1,0
2026-09-28T21:47:41.535827+09:00,90390584,dccd50fe,2026-09-28T21:47:41.535827+09:00,2026-09-28T21:47:41.620544+09:00,rail-left-01,rail-right-01,0.6.7-draft,0.6.7-draft,mqtt,mqtt,388.05,343.16,6.425,6.379,-0.164,-0.012,-0.007,0.002,10.239,9.652,-0.0661,0.029,0.0389,0.0614,-0.0051,-0.0043,27.05,27.28,16324,18296,2.041,2.287,6.122,6.861,816,816,82,82,24,23,0,0,-0.50491271,-0.53601783,-0.50491271,-0.53601783,0.21200851,0.17428735,0.21200851,0.17428735,0.39137667,0.39059301,0.00043949,0.00036396,-0.00222466,-0.00889915,0.68635,0.80435,0.42064476,0.42058448,0.0,0.0,655.7,405.7,0.9858,1.1018,1,1,0
2026-09-28T21:47:41.555741+09:00,90410499,dccd50fe,2026-09-28T21:47:41.555741+09:00,2026-09-28T21:47:41.640459+09:00,rail-left-01,rail-right-01,0.6.7-draft,0.6.7-draft,mqtt,mqtt,389.1,344.1,6.42,6.385,-0.078,0.09,0.236,-0.321,10.526,9.554,-0.065,0.0318,0.038,0.0577,-0.0035,0.0011,27.02,27.28,16311,18311,2.039,2.289,6.117,6.867,817,817,82,82,24,23,0,0,-0.52725115,-0.51816479,-0.52725115,-0.51816479,0.2101041,0.16863351,0.2101041,0.16863351,0.39098329,0.39204102,0.00020318,0.0007234,-0.0027114,-0.00958461,0.71935,0.80435,0.4206145,0.42069586,0.0,0.0,656.7,406.7,0.9858,1.1018,1,1,0
2026-09-28T21:47:41.575678+09:00,90430436,dccd50fe,2026-09-28T21:47:41.575678+09:00,2026-09-28T21:47:41.660396+09:00,rail-left-01,rail-right-01,0.6.7-draft,0.6.7-draft,mqtt,mqtt,390.14,345.04,6.403,6.402,-0.208,-0.119,0.353,-0.47,10.287,9.725,-0.0681,0.0329,0.0373,0.0609,-0.0073,-0.0015,27.04,27.27,16271,18348,2.034,2.294,6.102,6.881,818,818,82,82,24,23,0,0,-0.5496345,-0.52260008,-0.5496345,-0.52260008,0.20746684,0.16277636,0.20746684,0.16277636,0.39016139,0.39368917,-0.00015934,0.00108811,-0.00340982,-0.01025155,0.71935,0.80435,0.42055127,0.42082264,0.0,0.0,657.7,407.7,0.9858,1.1018,1,1,0
2026-09-28T21:47:41.595802+09:00,90450559,dccd50fe,2026-09-28T21:47:41.595802+09:00,2026-09-28T21:47:41.680519+09:00,rail-left-01,rail-right-01,0.6.7-draft,0.6.7-draft,mqtt,mqtt,391.18,345.99,6.393,6.401,-0.035,-0.049,0.072,-0.136,10.433,9.856,-0.0678,0.0314,0.0366,0.0624,-0.0073,-0.0023,26.99,27.27,16246,18346,2.031,2.293,6.092,6.88,819,819,82,82,24,23,0,0,-0.57096277,-0.51983111,-0.57096277,-0.51983111,0.20458088,0.15735765,0.20458088,0.15735765,0.38916285,0.39520641,-0.00052509,0.00137676,-0.00408912,-0.01074474,0.71935,0.80435,0.42047446,0.42093935,0.0,0.0,658.8,408.8,0.9858,1.1018,1,1,0
2026-09-28T21:47:41.615868+09:00,90470626,dccd50fe,2026-09-28T21:47:41.615868+09:00,2026-09-28T21:47:41.700585+09:00,rail-left-01,rail-right-01,0.6.7-draft,0.6.7-draft,mqtt,mqtt,392.23,346.93,6.386,6.41,-0.109,-0.138,-0.107,-0.116,10.611,9.746,-0.0654,0.0313,0.0236,0.063,-0.0049,-0.0096,27.02,27.27,16228,18366,2.029,2.296,6.086,6.887,820,820,82,82,24,23,0,0,-0.59137881,-0.52567539,-0.59137881,-0.52567539,0.20163351,0.15200017,0.20163351,0.15200017,0.38808917,0.3967725,-0.00085957,0.00164612,-0.00468929,-0.0111837,0.80435,0.80435,0.42039187,0.42105982,0.0,0.0,659.8,409.8,0.9858,1.1018,1,1,0
2026-09-28T21:47:41.799853+09:00,90603590,dccd50fe,2026-09-28T21:47:41.799853+09:00,2026-09-28T21:47:41.882522+09:00,rail-left-01,rail-right-01,0.6.7-draft,0.6.7-draft,mqtt,mqtt,399.14,353.15,6.397,6.416,-0.239,-0.087,-0.267,-0.012,10.355,9.707,-0.0657,0.0293,0.0434,0.059,-0.0072,-0.0035,27.02,27.29,16255,18380,2.032,2.298,6.096,6.893,821,821,83,83,24,23,0,0,-0.54765837,-0.72633238,-0.54765837,-0.72633238,0.14734319,0.10287741,0.14734319,0.10287741,0.39841498,0.40538429,0.00192151,0.00185185,-0.01117156,-0.01125145,0.80435,0.98235,0.42118616,0.42172227,0.0,0.0,666.6,416.6,0.9858,1.1018,1,1,0
2026-09-28T21:47:41.819965+09:00,90623702,dccd50fe,2026-09-28T21:47:41.819965+09:00,2026-09-28T21:47:41.902634+09:00,rail-left-01,rail-right-01,0.6.7-draft,0.6.7-draft,mqtt,mqtt,400.18,354.09,6.353,6.448,0.017,0.09,0.029,-0.215,10.41,9.644,-0.0663,0.0302,0.041,0.0598,-0.0049,0.0012,27.04,27.27,16146,18450,2.018,2.306,6.055,6.919,822,822,83,83,24,23,0,0,-0.56902447,-0.7103996,-0.56902447,-0.7103996,0.14160226,0.0986097,0.14160226,0.0986097,0.39926729,0.40629631,0.00193874,0.00188332,-0.0114826,-0.01119158,0.80435,0.98235,0.42125173,0.42179242,0.0,0.0,667.6,417.6,0.9858,1.1018,1,1,0
2026-09-28T21:47:41.839884+09:00,90643621,dccd50fe,2026-09-28T21:47:41.839884+09:00,2026-09-28T21:47:41.922553+09:00,rail-left-01,rail-right-01,0.6.7-draft,0.6.7-draft,mqtt,mqtt,401.23,354.99,6.305,6.443,-0.248,-0.211,0.639,-0.221,10.789,9.688,-0.0687,0.0321,0.0389,0.0556,-0.0037,-0.0027,27.02,27.27,16026,18438,2.003,2.305,6.01,6.914,823,823,83,83,24,23,0,0,-0.59061082,-0.71516387,-0.59061082,-0.71516387,0.13475472,0.09465676,0.13475472,0.09465676,0.39934068,0.40710777,0.00176173,0.00189497,-0.01204566,-0.01109794,0.98235,0.98235,0.42125737,0.42185484,0.0,0.0,668.7,418.7,0.9858,1.1018,1,1,0
2026-09-28T21:47:41.860006+09:00,90663743,dccd50fe,2026-09-28T21:47:41.860006+09:00,2026-09-28T21:47:41.942675+09:00,rail-left-01,rail-right-01,0.6.7-draft,0.6.7-draft,mqtt,mqtt,402.32,355.98,6.343,6.454,-0.195,-0.028,0.005,-0.588,10.642,9.767,-0.0596,0.0321,0.0276,0.0536,-0.0083,-0.0081,27.02,27.29,16121,18463,2.015,2.308,6.045,6.924,824,824,83,83,24,23,0,0,-0.61201076,-0.70781841,-0.61201076,-0.70781841,0.12942763,0.09063351,0.12942763,0.09063351,0.39996858,0.40800735,0.00174616,0.00192342,-0.01218472,-0.01104119,0.98235,0.98235,0.42130567,0.42192404,0.0,0.0,669.7,419.7,0.9858,1.1018,1,1,0
2026-09-28T21:47:41.880093+09:00,90683831,dccd50fe,2026-09-28T21:47:41.880093+09:00,2026-09-28T21:47:41.962763+09:00,rail-left-01,rail-right-01,0.6.7-draft,0.6.7-draft,mqtt,mqtt,403.36,356.93,6.375,6.452,-0.037,-0.014,-0.022,0.03,10.291,9.839,-0.0617,0.0297,0.0322,0.0565,-0.0063,-0.0065,27.0,27.28,16201,18458,2.025,2.307,6.075,6.922,825,825,83,83,24,23,0,0,-0.63279019,-0.69988795,-0.63279019,-0.69988795,0.12531922,0.08683351,0.12531922,0.08683351,0.40101774,0.40884472,0.00183075,0.00194037,-0.01205061,-0.01096505,0.98235,0.98235,0.42138638,0.42198845,0.0,0.0,670.8,420.8,0.9858,1.1018,1,1,0
2026-09-28T21:47:41.900070+09:00,90703807,dccd50fe,2026-09-28T21:47:41.900070+09:00,2026-09-28T21:47:41.982739+09:00,rail-left-01,rail-right-01,0.6.7-draft,0.6.7-draft,mqtt,mqtt,404.41,357.82,6.379,6.439,-0.152,-0.083,-0.309,-0.37,10.459,9.688,-0.0659,0.0266,0.029,0.0565,-0.0071,-0.0085,27.04,27.26,16209,18431,2.026,2.304,6.078,6.912,826,826,83,83,24,23,0,0,-0.65326981,-0.69663666,-0.65326981,-0.69663666,0.12155017,0.08348133,0.12155017,0.08348133,0.40206417,0.40950439,0.00190663,0.0019284,-0.01187839,-0.01083518,0.98235,0.98235,0.42146687,0.4220392,0.0,0.0,671.8,421.8,0.9858,1.1018,1,1,0
2026-09-28T21:47:41.919978+09:00,90723715,dccd50fe,2026-09-28T21:47:41.919978+09:00,2026-09-28T21:47:42.002647+09:00,rail-left-01,rail-right-01,0.6.7-draft,0.6.7-draft,mqtt,mqtt,405.4,358.77,6.379,6.423,0.024,0.012,-0.019,-0.092,10.378,9.832,-0.0665,0.0256,0.0352,0.0541,-0.0039,0.0016,27.04,27.26,16209,18394,2.026,2.299,6.078,6.898,827,827,83,83,24,23,0,0,-0.67301614,-0.68771799,-0.67301614,-0.68771799,0.11798486,0.08061223,0.11798486,0.08061223,0.40305403,0.40996576,0.00196449,0.00188762,-0.01170233,-0.01065039,0.98235,0.98235,0.42154302,0.42207469,0.0,0.0,672.8,422.8,0.9858,1.1018,1,1,0
2026-09-28T21:47:41.939925+09:00,90743662,dccd50fe,2026-09-28T21:47:41.939925+09:00,2026-09-28T21:47:42.022594+09:00,rail-left-01,rail-right-01,0.6.7-draft,0.6.7-draft,mqtt,mqtt,406.45,359.71,6.356,6.391,-0.214,-0.104,0.261,-0.072,10.518,9.633,-0.0646,0.0211,0.034,0.0457,-0.0043,-0.0009,27.03,27.28,16152,18323,2.019,2.29,6.057,6.871,828,828,83,83,24,23,0,0,-0.69273347,-0.68613801,-0.69273347,-0.68613801,0.11400193,0.07852934,0.11400193,0.07852934,0.40368917,0.41007459,0.00194773,0.00179736,-0.0116421,-0.01036923,0.98235,0.98235,0.42159187,0.42208306,0.0,0.0,673.8,423.8,0.9858,1.1018,1,1,0
2026-09-28T21:47:41.959869+09:00,90763606,dccd50fe,2026-09-28T21:47:41.959869+09:00,2026-09-28T21:47:42.042538+09:00,rail-left-01,rail-right-01,0.6.7-draft,0.6.7-draft,mqtt,mqtt,407.49,360.66,6.358,6.354,0.05,0.05,0.415,-0.157,10.378,9.94,-0.0671,0.0262,0.0361,0.0529,-0.0053,-0.0019,26.99,27.27,16159,18242,2.02,2.28,6.06,6.841,829,829,83,83,24,23,0,0,-0.71168336,-0.6755836,-0.71168336,-0.6755836,0.11027453,0.07728657,0.11027453,0.07728657,0.40431737,0.40980141,0.00193341,0.00165839,-0.01155124,-0.0099929,0.98235,0.98235,0.4216402,0.42206204,0.0,0.0,674.8,424.8,0.9858,1.1018,1,1,0
2026-09-28T21:47:41.980090+09:00,90783827,dccd50fe,2026-09-28T21:47:41.980090+09:00,2026-09-28T21:47:42.062759+09:00,rail-left-01,rail-right-01,0.6.7-draft,0.6.7-draft,mqtt,mqtt,408.58,361.6,6.351,6.355,-0.11,-0.011,0.067,-0.718,10.405,9.714,-0.065,0.0302,0.0434,0.0542,-0.0083,0.0009,27.03,27.25,16140,18244,2.018,2.281,6.053,6.842,830,830,83,83,24,23,0,0,-0.73046062,-0.66896363,-0.73046062,-0.66896363,0.10655851,0.07607351,0.10655851,0.07607351,0.40482667,0.40954917,0.0018999,0.00153475,-0.01147654,-0.00964945,0.98235,0.98235,0.42167937,0.42204264,0.0,0.0,675.9,425.9,0.9858,1.1018,1,1,0
2026-09-28T21:47:42.147899+09:00,90965441,dccd50fe,2026-09-28T21:47:42.147899+09:00,2026-09-28T21:47:42.191703+09:00,rail-left-01,rail-right-01,0.6.7-draft,0.6.7-draft,mqtt,mqtt,418.08,370.1,6.336,6.356,-0.078,-0.001,-0.242,-0.164,10.6,9.649,-0.0667,0.0309,0.0366,0.0558,-0.0077,-0.0065,27.02,27.26,16102,18245,2.013,2.281,6.038,6.842,831,831,84,84,24,23,0,0,-0.66855056,-0.6792766,-0.66855056,-0.6792766,0.0746139,0.09473187,0.0746139,0.09473187,0.40915976,0.42202523,0.00135206,0.00217637,-0.00917672,-0.00278341,0.98235,0.98235,0.42201269,0.42300234,0.0,0.0,685.3,435.3,0.9858,1.1018,1,1,0
2026-09-28T21:47:42.168095+09:00,90985637,dccd50fe,2026-09-28T21:47:42.168095+09:00,2026-09-28T21:47:42.211899+09:00,rail-left-01,rail-right-01,0.6.7-draft,0.6.7-draft,mqtt,mqtt,419.12,371.05,6.418,6.365,-0.206,-0.02,-0.121,-0.198,10.416,9.798,-0.0582,0.0284,0.0289,0.0532,-0.0109,-0.0095,27.02,27.27,16308,18266,2.039,2.283,6.116,6.85,832,832,84,84,24,23,0,0,-0.66901948,-0.66859294,-0.66901948,-0.66859294,0.07478735,0.09673028,0.07478735,0.09673028,0.40957378,0.42341498,0.00132499,0.00223498,-0.00850186,-0.00235532,0.98235,0.98235,0.42204453,0.42310924,0.0,0.0,686.3,436.3,0.9858,1.1018,1,1,0
2026-09-28T21:47:42.188070+09:00,91005612,dccd50fe,2026-09-28T21:47:42.188070+09:00,2026-09-28T21:47:42.231874+09:00,rail-left-01,rail-right-01,0.6.7-draft,0.6.7-draft,mqtt,mqtt,420.17,371.99,6.477,6.382,-0.059,0.078,-0.026,-0.376,10.301,9.542,-0.0597,0.031,0.0293,0.054,-0.006,-0.0044,27.01,27.25,16455,18304,2.057,2.288,6.171,6.864,833,833,84,84,24,23,0,0,-0.66998061,-0.65381728,-0.66998061,-0.65381728,0.07606747,0.09839541,0.07606747,0.09839541,0.41052879,0.42489552,0.00138739,0.00230152,-0.00773623,-0.00201223,0.98235,0.98235,0.422118,0.42322313,0.0,0.0,687.3,437.3,0.9858,1.1018,1,1,0
2026-09-28T21:47:42.208055+09:00,91025597,dccd50fe,2026-09-28T21:47:42.208055+09:00,2026-09-28T21:47:42.251859+09:00,rail-left-01,rail-right-01,0.6.7-draft,0.6.7-draft,mqtt,mqtt,421.21,372.94,6.526,6.386,-0.09,-0.004,0.172,-0.147,10.282,9.615,-0.0598,0.0294,0.0346,0.0521,-0.0105,-0.0065,27.03,27.29,16576,18313,2.072,2.289,6.216,6.867,834,834,84,84,24,23,0,0,-0.67150501,0.02840502,-0.67150501,0.02840502,0.07820758,0.19763351,0.07820758,0.19763351,0.41190213,0.51868917,0.00150772,0.0,-0.00692749,0.0,0.98235,0.74935,0.42222364,0.44530525,0.0,0.0,688.4,438.4,0.9858,1.1018,1,1,0
2026-09-28T21:47:42.228353+09:00,91045895,dccd50fe,2026-09-28T21:47:42.228353+09:00,2026-09-28T21:47:42.272157+09:00,rail-left-01,rail-right-01,0.6.7-draft,0.6.7-draft,mqtt,mqtt,422.26,373.88,6.539,6.392,-0.084,-0.018,0.116,-0.259,10.327,9.7,-0.062,0.0293,0.0389,0.0576,-0.0107,-0.0069,27.02,27.27,16608,18325,2.076,2.291,6.228,6.872,835,835,84,84,24,23,0,0,-0.67357892,0.00854535,-0.67357892,0.00854535,0.08050623,0.19463351,0.08050623,0.19463351,0.41334371,0.52018917,0.00162745,0.00638298,-0.00618026,-0.01276596,0.98235,0.74935,0.42233453,0.44555525,0.0,0.0,689.4,439.4,0.9858,1.1018,1,1,0
2026-09-28T21:47:42.248359+09:00,91065901,dccd50fe,2026-09-28T21:47:42.248359+09:00,2026-09-28T21:47:42.292163+09:00,rail-left-01,rail-right-01,0.6.7-draft,0.6.7-draft,mqtt,mqtt,423.3,374.83,6.543,6.398,-0.101,-0.04,0.381,-0.323,10.449,9.697,-0.0657,0.0294,0.037,0.0546,-0.0093,-0.0055,27.02,27.28,16618,18339,2.077,2.292,6.232,6.877,836,836,84,84,24,23,0,0,-0.67615518,-0.01882111,-0.67615518,-0.01882111,0.08279422,0.19163351,0.08279422,0.19163351,0.41476953,0.52168917,0.00173514,0.00634915,-0.00550806,-0.01269829,0.98235,0.74935,0.42244421,0.44580525,0.0,0.0,690.4,440.4,0.9858,1.1018,1,1,0
2026-09-28T21:47:42.268211+09:00,91085753,dccd50fe,2026-09-28T21:47:42.268211+09:00,2026-09-28T21:47:42.312015+09:00,rail-left-01,rail-right-01,0.6.7-draft,0.6.7-draft,mqtt,mqtt,424.3,375.72,6.545,6.402,-0.172,-0.031,0.057,-0.245,10.449,9.596,-0.06,0.0317,0.038,0.051,-0.0113,-0.0103,27.02,27.26,16624,18347,2.078,2.293,6.234,6.88,837,837,84,84,24,23,0,0,-0.6793263,-0.02619935,-0.6793263,-0.02619935,0.08503702,0.18913351,0.08503702,0.18913351,0.41616285,0.52293917,0.00183024,0.00581894,-0.00490513,-0.01163789,0.98235,0.74935,0.42255139,0.44601358,0.0,0.0,691.4,441.4,0.9858,1.1018,1,1,0
2026-09-28T21:47:42.288029+09:00,91105571,dccd50fe,2026-09-28T21:47:42.288029+09:00,2026-09-28T21:47:42.331833+09:00,rail-left-01,rail-right-01,0.6.7-draft,0.6.7-draft,mqtt,mqtt,425.34,376.67,6.563,6.4,0.008,0.136,0.014,-0.171,10.406,9.82,-0.0632,0.0346,0.0361,0.0545,-0.0067,-0.0109,27.02,27.28,16668,18344,2.084,2.293,6.251,6.879,838,838,84,84,24,23,0,0,-0.68268064,0.06339674,-0.68268064,0.06339674,0.08751282,0.18803351,0.08751282,0.18803351,0.41766331,0.52348917,0.00193277,0.00408746,-0.00432433,-0.00817491,0.98235,0.74935,0.42266681,0.44610525,0.0,0.0,692.4,442.4,0.9858,1.1018,1,1,0
2026-09-28T21:47:42.307952+09:00,91125494,dccd50fe,2026-09-28T21:47:42.307952+09:00,2026-09-28T21:47:42.351756+09:00,rail-left-01,rail-right-01,0.6.7-draft,0.6.7-draft,mqtt,mqtt,426.38,377.61,6.581,6.412,-0.32,-0.205,-0.25,-0.303,10.442,9.553,-0.0667,0.0292,0.0438,0.0593,-0.0095,-0.0101,27.02,27.27,16714,18370,2.089,2.296,6.268,6.889,839,839,84,84,24,23,0,0,-0.68687644,-0.03786811,-0.68687644,-0.03786811,0.09020978,0.18530017,0.09020978,0.18530017,0.41926544,0.52485584,0.00204139,0.00484777,-0.0037633,-0.00969554,0.98235,0.74935,0.42279005,0.44633302,0.0,0.0,693.5,443.5,0.9858,1.1018,1,1,0
2026-09-28T21:47:42.328893+09:00,91146435,dccd50fe,2026-09-28T21:47:42.328893+09:00,2026-09-28T21:47:42.372697+09:00,rail-left-01,rail-right-01,0.6.7-draft,0.6.7-draft,mqtt,mqtt,427.48,378.55,6.563,6.418,0.014,0.176,0.174,-0.259,10.556,9.623,-0.0653,0.0316,0.0405,0.0561,-0.0079,0.0004,27.03,27.25,16669,18383,2.084,2.298,6.251,6.894,840,840,84,84,24,23,0,0,-0.69121228,0.04460813,-0.69121228,0.04460813,0.09251684,0.18249065,0.09251684,0.18249065,0.42066417,0.5262606,0.0021176,0.00528407,-0.00329406,-0.01056815,0.98235,0.74935,0.42289764,0.44656715,0.0,0.0,694.5,444.5,0.9858,1.1018,1,1,0
2026-09-28T21:47:42.420993+09:00,91274456,dccd50fe,2026-09-28T21:47:42.420993+09:00,2026-09-28T21:47:42.458490+09:00,rail-left-01,rail-right-01,0.6.7-draft,0.6.7-draft,mqtt,mqtt,434.14,384.57,6.553,6.415,-0.226,-0.08,0.166,-0.601,10.501,9.64,-0.0636,0.0316,0.0422,0.059,-0.0125,-0.008,27.02,27.27,16643,18377,2.08,2.297,6.241,6.891,841,841,85,85,24,23,0,0,0.06583112,-0.01077163,0.06583112,-0.01077163,0.17913351,0.09735573,0.17913351,0.09735573,0.52668917,0.49382806,0.00180587,-0.00795055,-0.00683469,-0.01981544,0.74935,0.74935,0.44663858,0.44116173,0.0,0.0,701.1,451.1,0.9858,1.1018,1,1,0
2026-09-28T21:47:42.441195+09:00,91294658,dccd50fe,2026-09-28T21:47:42.441195+09:00,2026-09-28T21:47:42.478692+09:00,rail-left-01,rail-right-01,0.6.7-draft,0.6.7-draft,mqtt,mqtt,435.18,385.47,6.507,6.449,-0.057,0.036,0.018,-0.156,10.529,9.718,-0.0655,0.0329,0.0386,0.0586,-0.008,-0.0048,27.04,27.3,16528,18452,2.066,2.307,6.198,6.92,842,842,85,85,24,23,0,0,0.07701953,-0.01573483,0.07701953,-0.01573483,0.17141129,0.08805456,0.17141129,0.08805456,0.52446695,0.49116285,-0.00080991,-0.00762634,-0.010299,-0.02009252,0.74935,0.74935,0.44626821,0.44071753,0.0,0.0,702.1,452.1,0.9858,1.1018,1,1,0
2026-09-28T21:47:42.461177+09:00,91314640,dccd50fe,2026-09-28T21:47:42.461177+09:00,2026-09-28T21:47:42.498674+09:00,rail-left-01,rail-right-01,0.6.7-draft,0.6.7-draft,mqtt,mqtt,436.23,386.41,6.5,6.448,-0.272,-0.119,-0.132,-0.172,10.402,9.646,-0.0658,0.0277,0.0416,0.0636,-0.0145,-0.0132,27.04,27.28,16512,18449,2.064,2.306,6.192,6.918,843,843,85,85,24,23,0,0,0.07889693,-0.04230696,0.07889693,-0.04230696,0.16453351,0.07973351,0.16453351,0.07973351,0.52233917,0.48873917,-0.0019473,-0.00735414,-0.01164418,-0.02008528,0.74935,0.74935,0.44591358,0.44031358,0.0,0.0,703.2,453.2,0.9858,1.1018,1,1,0
2026-09-28T21:47:42.481143+09:00,91334606,dccd50fe,2026-09-28T21:47:42.481143+09:00,2026-09-28T21:47:42.518640+09:00,rail-left-01,rail-right-01,0.6.7-draft,0.6.7-draft,mqtt,mqtt,437.27,387.36,6.477,6.46,0.134,0.204,-0.249,-0.344,10.548,9.565,-0.0669,0.0332,0.043,0.0586,-0.0073,0.0005,27.02,27.28,16455,18477,2.057,2.31,6.171,6.929,844,844,85,85,24,23,0,0,0.078217,-0.0224423,0.078217,-0.0224423,0.15681533,0.07163351,0.15681533,0.07163351,0.5195528,0.48683203,-0.00303198,-0.00701024,-0.01315664,-0.02011963,0.74935,0.74935,0.44544919,0.43999572,0.0,0.0,704.2,454.2,0.9858,1.1018,1,1,0
2026-09-28T21:47:42.501634+09:00,91355097,dccd50fe,2026-09-28T21:47:42.501634+09:00,2026-09-28T21:47:42.539131+09:00,rail-left-01,rail-right-01,0.6.7-draft,0.6.7-draft,mqtt,mqtt,438.32,388.3,6.469,6.461,-0.241,-0.073,0.109,-0.238,10.355,9.736,-0.0659,0.0336,0.0416,0.0561,-0.0121,-0.0033,27.03,27.26,16435,18479,2.054,2.31,6.163,6.93,845,845,85,85,24,23,0,0,0.07221329,-0.04025101,0.07221329,-0.04025101,0.14971684,0.06422442,0.14971684,0.06422442,0.5168975,0.48512099,-0.00374967,-0.00670392,-0.01406316,-0.02002423,0.74935,0.74935,0.44500663,0.43971055,0.0,0.0,705.2,455.2,0.9858,1.1018,1,1,0
2026-09-28T21:47:42.521705+09:00,91375168,dccd50fe,2026-09-28T21:47:42.521705+09:00,2026-09-28T21:47:42.559202+09:00,rail-left-01,rail-right-01,0.6.7-draft,0.6.7-draft,mqtt,mqtt,439.36,389.24,6.435,6.476,-0.049,0.011,0.126,-0.445,10.449,9.719,-0.0677,0.0322,0.0406,0.0624,-0.0127,-0.0088,27.02,27.29,16349,18513,2.044,2.314,6.131,6.942,846,846,85,85,24,23,0,0,0.06407911,-0.04615567,0.06407911,-0.04615567,0.14109505,0.05680742,0.14109505,0.05680742,0.51334301,0.48388482,-0.0047305,-0.00633512,-0.01557391,-0.02002386,0.74935,0.74935,0.44441422,0.43950452,0.0,0.0,706.3,456.3,0.9858,1.1018,1,1,0
2026-09-28T21:47:42.541039+09:00,91394502,dccd50fe,2026-09-28T21:47:42.541039+09:00,2026-09-28T21:47:42.578536+09:00,rail-left-01,rail-right-01,0.6.7-draft,0.6.7-draft,mqtt,mqtt,440.4,390.14,6.423,6.484,-0.213,-0.065,0.368,-0.099,10.515,9.743,-0.065,0.033,0.039,0.0574,-0.0072,-0.0036,27.01,27.29,16320,18529,2.04,2.316,6.12,6.948,847,847,85,85,24,23,0,0,0.05329387,-0.0605409,0.05329387,-0.0605409,0.13284779,0.04967517,0.13284779,0.04967517,0.50986774,0.48291834,-0.00549159,-0.0059693,-0.01669827,-0.02001175,0.74935,0.74935,0.44383501,0.43934344,0.0,0.0,707.3,457.3,0.9858,1.1018,1,1,0
2026-09-28T21:47:42.561042+09:00,91414506,dccd50fe,2026-09-28T21:47:42.561042+09:00,2026-09-28T21:47:42.598540+09:00,rail-left-01,rail-right-01,0.6.7-draft,0.6.7-draft,mqtt,mqtt,441.45,391.08,6.4,6.484,-0.086,-0.031,-0.022,-0.496,10.534,9.689,-0.0682,0.0336,0.0388,0.059,-0.0075,-0.0073,27.01,27.25,16263,18529,2.033,2.316,6.099,6.948,848,848,85,85,24,23,0,0,0.04133947,-0.06994972,0.04133947,-0.06994972,0.12416684,0.04311351,0.12416684,0.04311351,0.50608917,0.48202917,-0.00625727,-0.00564913,-0.01787067,-0.01990101,0.74935,0.74935,0.44320525,0.43919525,0.0,0.0,708.3,458.3,0.9858,1.1018,1,1,0
2026-09-28T21:47:42.581019+09:00,91434482,dccd50fe,2026-09-28T21:47:42.581019+09:00,2026-09-28T21:47:42.618516+09:00,rail-left-01,rail-right-01,0.6.7-draft,0.6.7-draft,mqtt,mqtt,442.49,392.03,6.381,6.488,-0.159,-0.037,-0.023,-0.136,10.403,9.601,-0.067,0.0296,0.0388,0.0588,-0.0085,-0.0075,27.04,27.27,16215,18538,2.027,2.317,6.081,6.952,849,849,85,85,24,23,0,0,0.02803485,-0.07934384,0.02803485,-0.07934384,0.11538351,0.03690274,0.11538351,0.03690274,0.50218917,0.48128532,-0.00696131,-0.00534433,-0.01895223,-0.01975739,0.74935,0.74935,0.44255525,0.43907127,0.0,0.0,709.3,459.3,0.9858,1.1018,1,1,0
2026-09-28T21:47:42.601072+09:00,91454535,dccd50fe,2026-09-28T21:47:42.601072+09:00,2026-09-28T21:47:42.638569+09:00,rail-left-01,rail-right-01,0.6.7-draft,0.6.7-draft,mqtt,mqtt,443.54,392.92,6.349,6.473,-0.073,0.01,0.136,-0.286,10.458,9.759,-0.0663,0.0344,0.0393,0.0588,-0.0089,-0.0063,27.02,27.27,16136,18506,2.017,2.313,6.051,6.94,850,850,85,85,24,23,0,0,0.01425163,-0.08301792,0.01425163,-0.08301792,0.10575115,0.03170758,0.10575115,0.03170758,0.49780682,0.4803188,-0.00775745,-0.00514335,-0.02024437,-0.01942,0.74935,0.74935,0.44182485,0.43891018,0.0,0.0,710.4,460.4,0.9858,1.1018,1,1,0
2026-09-28T21:47:42.687654+09:00,91541436,dccd50fe,2026-09-28T21:47:42.687654+09:00,2026-09-28T21:47:42.767552+09:00,rail-left-01,rail-right-01,0.6.7-draft,0.6.7-draft,mqtt,mqtt,448.06,397.0,6.336,6.47,-0.152,0.053,0.256,0.05,10.27,9.782,-0.0626,0.0356,0.0441,0.0524,-0.0125,-0.0075,27.0,27.26,16104,18498,2.013,2.312,6.039,6.937,851,851,86,86,24,23,0,0,-0.09539973,-0.23221125,-0.09539973,-0.23221125,0.02641922,-0.05834018,0.02641922,-0.05834018,0.47918917,0.4474918,-0.0048994,-0.00720551,-0.01878663,-0.02160757,0.74935,0.82335,0.43872191,0.43343902,0.0,0.0,714.8,464.8,0.9858,1.1018,1,1,0
2026-09-28T21:47:42.707654+09:00,91561436,dccd50fe,2026-09-28T21:47:42.707654+09:00,2026-09-28T21:47:42.787552+09:00,rail-left-01,rail-right-01,0.6.7-draft,0.6.7-draft,mqtt,mqtt,449.11,397.9,6.219,6.49,-0.178,-0.049,0.123,-0.453,10.348,9.583,-0.0691,0.0376,0.0413,0.0585,-0.0103,-0.0099,27.04,27.24,15811,18544,1.976,2.318,5.929,6.954,852,852,86,86,24,23,0,0,-0.10889424,-0.23713767,-0.10889424,-0.23713767,0.01746109,-0.06603316,0.01746109,-0.06603316,0.4761202,0.44485584,-0.00522044,-0.00720948,-0.01927158,-0.02157601,0.74935,0.82335,0.43821042,0.43299969,0.0,0.0,715.9,465.9,0.9858,1.1018,1,1,0
2026-09-28T21:47:42.727765+09:00,91581547,dccd50fe,2026-09-28T21:47:42.727765+09:00,2026-09-28T21:47:42.807663+09:00,rail-left-01,rail-right-01,0.6.7-draft,0.6.7-draft,mqtt,mqtt,450.15,398.84,6.208,6.481,-0.164,-0.067,0.081,-0.266,10.533,9.621,-0.0687,0.0356,0.0346,0.0541,-0.008,-0.0048,27.01,27.27,15785,18524,1.973,2.316,5.919,6.946,853,853,86,86,24,23,0,0,-0.12314654,-0.24308536,-0.12314654,-0.24308536,0.00873351,-0.07311649,0.00873351,-0.07311649,0.4730725,0.44223917,-0.00549998,-0.00721832,-0.01966668,-0.02145489,0.74935,0.82335,0.43770247,0.43256358,0.0,0.0,716.9,466.9,0.9858,1.1018,1,1,0
2026-09-28T21:47:42.747927+09:00,91601709,dccd50fe,2026-09-28T21:47:42.747927+09:00,2026-09-28T21:47:42.827825+09:00,rail-left-01,rail-right-01,0.6.7-draft,0.6.7-draft,mqtt,mqtt,451.24,399.78,6.204,6.46,-0.068,0.02,0.023,-0.109,10.387,9.811,-0.0691,0.0345,0.0414,0.0597,-0.0117,-0.0108,27.01,27.29,15774,18476,1.972,2.31,5.915,6.929,854,854,86,86,24,23,0,0,-0.13780941,-0.24261875,-0.13780941,-0.24261875,0.00043996,-0.0793421,0.00043996,-0.0793421,0.47015691,0.43949405,-0.00571917,-0.00725887,-0.0199351,-0.02120721,0.74935,0.82335,0.43721654,0.43210606,0.0,0.0,718.0,468.0,0.9858,1.1018,1,1,0
2026-09-28T21:47:42.767709+09:00,91621491,dccd50fe,2026-09-28T21:47:42.767709+09:00,2026-09-28T21:47:42.847607+09:00,rail-left-01,rail-right-01,0.6.7-draft,0.6.7-draft,mqtt,mqtt,452.29,400.73,6.193,6.476,-0.219,-0.152,-0.291,-0.285,10.342,9.658,-0.0667,0.0321,0.0446,0.062,-0.0107,-0.0123,27.0,27.29,15748,18512,1.969,2.314,5.906,6.942,855,855,86,86,24,23,0,0,-0.15333878,-0.25391224,-0.15333878,-0.25391224,-0.00767899,-0.08565221,-0.00767899,-0.08565221,0.46725167,0.43707012,-0.00591727,-0.00724351,-0.02015936,-0.02102012,0.74935,0.82335,0.43673233,0.43170207,0.0,0.0,719.0,469.0,0.9858,1.1018,1,1,0
2026-09-28T21:47:42.787650+09:00,91641432,dccd50fe,2026-09-28T21:47:42.787650+09:00,2026-09-28T21:47:42.867548+09:00,rail-left-01,rail-right-01,0.6.7-draft,0.6.7-draft,mqtt,mqtt,453.33,401.62,6.153,6.489,-0.018,0.043,0.328,-0.371,10.63,9.577,-0.0644,0.0336,0.0396,0.0584,-0.0116,-0.0061,27.02,27.26,15647,18541,1.956,2.318,5.868,6.953,856,856,86,86,24,23,0,0,-0.16885347,-0.25174248,-0.16885347,-0.25174248,-0.01651801,-0.09197114,-0.01651801,-0.09197114,0.46391644,0.4349101,-0.00619652,-0.00718984,-0.02054577,-0.02087344,0.82335,0.82335,0.43617646,0.43134207,0.0,0.0,720.0,470.0,0.9858,1.1018,1,1,0
2026-09-28T21:47:42.807746+09:00,91661527,dccd50fe,2026-09-28T21:47:42.807746+09:00,2026-09-28T21:47:42.887643+09:00,rail-left-01,rail-right-01,0.6.7-draft,0.6.7-draft,mqtt,mqtt,454.38,402.57,6.144,6.485,-0.345,-0.165,0.133,-0.024,10.285,9.743,-0.064,0.0361,0.0361,0.0621,-0.0121,-0.0132,27.02,27.26,15624,18531,1.953,2.316,5.859,6.949,857,857,86,86,24,23,0,0,-0.18533233,-0.26308679,-0.18533233,-0.26308679,-0.02510179,-0.09791195,-0.02510179,-0.09791195,0.46064505,0.4328028,-0.00643872,-0.00713743,-0.02085853,-0.0206905,0.82335,0.82335,0.43563123,0.43099085,0.0,0.0,721.1,471.1,0.9858,1.1018,1,1,0
2026-09-28T21:47:42.827672+09:00,91681454,dccd50fe,2026-09-28T21:47:42.827672+09:00,2026-09-28T21:47:42.907570+09:00,rail-left-01,rail-right-01,0.6.7-draft,0.6.7-draft,mqtt,mqtt,455.42,403.51,6.108,6.496,-0.061,0.029,0.247,-0.375,10.582,9.704,-0.0642,0.0342,0.0344,0.0598,-0.0108,-0.0149,27.01,27.27,15536,18556,1.942,2.32,5.826,6.959,858,858,86,86,24,23,0,0,-0.20169028,-0.26167368,-0.20169028,-0.26167368,-0.03422364,-0.10383316,-0.03422364,-0.10383316,0.45704631,0.43091139,-0.00673155,-0.00705811,-0.0212741,-0.02053482,0.82335,0.82335,0.43503144,0.43067562,0.0,0.0,722.1,472.1,0.9858,1.1018,1,1,0
2026-09-28T21:47:42.847843+09:00,91701625,dccd50fe,2026-09-28T21:47:42.847843+09:00,2026-09-28T21:47:42.927741+09:00,rail-left-01,rail-right-01,0.6.7-draft,0.6.7-draft,mqtt,mqtt,456.46,404.41,6.113,6.497,-0.236,-0.095,-0.078,-0.187,10.364,9.855,-0.0648,0.0334,0.0278,0.0545,-0.0109,-0.0197,27.03,27.25,15549,18558,1.944,2.32,5.831,6.959,859,859,86,86,24,23,0,0,-0.21835239,-0.26791459,-0.21835239,-0.26791459,-0.04269983,-0.10951867,-0.04269983,-0.10951867,0.45371695,0.42911308,-0.00694708,-0.00697505,-0.02153712,-0.0203681,0.82335,0.82335,0.43447654,0.4303759,0.0,0.0,723.1,473.1,0.9858,1.1018,1,1,0
2026-09-28T21:47:42.867760+09:00,91721542,dccd50fe,2026-09-28T21:47:42.867760+09:00,2026-09-28T21:47:42.947658+09:00,rail-left-01,rail-right-01,0.6.7-draft,0.6.7-draft,mqtt,mqtt,457.56,405.35,6.111,6.5,-0.099,0.045,0.235,-0.304,10.4,9.606,-0.0693,0.0349,0.0364,0.0593,-0.0128,-0.018,27.01,27.26,15544,18565,1.943,2.321,5.829,6.962,860,860,86,86,24,23,0,0,-0.23495772,-0.26550474,-0.23495772,-0.26550474,-0.0507719,-0.11502607,-0.0507719,-0.11502607,0.45054052,0.42742321,-0.00711722,-0.00688501,-0.02171021,-0.02019774,0.82335,0.82335,0.43394714,0.43009425,0.0,0.0,724.2,474.2,0.9858,1.1018,1,1,0
2026-09-28T21:47:42.994850+09:00,91851843,dccd50fe,2026-09-28T21:47:42.994850+09:00,2026-09-28T21:47:43.033554+09:00,rail-left-01,rail-right-01,0.6.7-draft,0.6.7-draft,mqtt,mqtt,464.42,411.37,6.109,6.497,-0.098,0.059,-0.032,-0.113,10.44,9.609,-0.0636,0.0336,0.0346,0.057,-0.0067,-0.0051,26.99,27.27,15537,18559,1.942,2.32,5.826,6.96,861,861,87,87,24,23,0,0,-0.26886087,-0.33257338,-0.26886087,-0.33257338,-0.12034566,-0.1749527,-0.12034566,-0.1749527,0.42578292,0.40668917,-0.00670416,-0.0060575,-0.01976118,-0.01763549,0.82335,1.37835,0.42982087,0.42663858,0.0,0.0,731.0,481.0,0.9858,1.1018,1,1,0
2026-09-28T21:47:43.014910+09:00,91871904,dccd50fe,2026-09-28T21:47:43.014910+09:00,2026-09-28T21:47:43.053615+09:00,rail-left-01,rail-right-01,0.6.7-draft,0.6.7-draft,mqtt,mqtt,465.46,412.31,6.101,6.568,-0.13,-0.038,-0.008,-0.299,10.351,9.667,-0.065,0.0305,0.0392,0.0593,-0.0053,-0.0037,27.0,27.28,15517,18716,1.94,2.34,5.819,7.019,862,862,87,87,24,23,0,0,-0.27304698,-0.34054599,-0.27304698,-0.34054599,-0.12561139,-0.18060378,-0.12561139,-0.18060378,0.42412794,0.40568917,-0.00655115,-0.00586444,-0.01937903,-0.0174781,0.82335,1.37835,0.42954504,0.42647191,0.0,0.0,732.0,482.0,0.9858,1.1018,1,1,0
2026-09-28T21:47:43.034844+09:00,91891837,dccd50fe,2026-09-28T21:47:43.034844+09:00,2026-09-28T21:47:43.073548+09:00,rail-left-01,rail-right-01,0.6.7-draft,0.6.7-draft,mqtt,mqtt,466.51,413.26,6.068,6.567,-0.051,0.018,0.372,-0.084,10.302,9.849,-0.0626,0.032,0.0356,0.0546,-0.0065,-0.0067,27.03,27.28,15436,18713,1.93,2.339,5.789,7.017,863,863,87,87,24,23,0,0,-0.27775776,-0.34547008,-0.27775776,-0.34547008,-0.13132649,-0.18604983,-0.13132649,-0.18604983,0.42220917,0.40471417,-0.00646377,-0.00568876,-0.01912725,-0.01731717,0.82335,1.37835,0.42922525,0.42630941,0.0,0.0,733.0,483.0,0.9858,1.1018,1,1,0
2026-09-28T21:47:43.054810+09:00,91911803,dccd50fe,2026-09-28T21:47:43.054810+09:00,2026-09-28T21:47:43.093514+09:00,rail-left-01,rail-right-01,0.6.7-draft,0.6.7-draft,mqtt,mqtt,467.55,414.15,6.068,6.56,-0.223,-0.195,0.198,-0.096,10.433,9.597,-0.0633,0.0316,0.0464,0.0574,-0.0139,-0.0056,26.99,27.29,15436,18698,1.93,2.337,5.789,7.012,864,864,87,87,24,23,0,0,-0.28342399,-0.36044777,-0.28342399,-0.36044777,-0.13681747,-0.19120256,-0.13681747,-0.19120256,0.42036564,0.40371376,-0.00637689,-0.00553533,-0.01887608,-0.01714132,0.82335,1.37835,0.42891799,0.42614268,0.0,0.0,734.0,484.0,0.9858,1.1018,1,1,0
2026-09-28T21:47:43.075046+09:00,91932040,dccd50fe,2026-09-28T21:47:43.075046+09:00,2026-09-28T21:47:43.113751+09:00,rail-left-01,rail-right-01,0.6.7-draft,0.6.7-draft,mqtt,mqtt,468.64,415.1,6.023,6.564,-0.005,0.151,0.145,-0.441,10.448,9.632,-0.0628,0.0321,0.0465,0.0584,-0.0129,-0.0064,27.02,27.3,15323,18707,1.915,2.338,5.746,7.015,865,865,87,87,24,23,0,0,-0.28949652,-0.35881941,-0.28949652,-0.35881941,-0.14296265,-0.19625359,-0.14296265,-0.19625359,0.41816032,0.40277788,-0.00635952,-0.00538852,-0.01876322,-0.01697556,0.82335,1.37835,0.42855044,0.4259867,0.0,0.0,735.1,485.1,0.9858,1.1018,1,1,0
2026-09-28T21:47:43.095011+09:00,91952005,dccd50fe,2026-09-28T21:47:43.095011+09:00,2026-09-28T21:47:43.133716+09:00,rail-left-01,rail-right-01,0.6.7-draft,0.6.7-draft,mqtt,mqtt,469.69,416.04,5.992,6.571,-0.522,-0.403,-0.023,-0.175,11.185,9.749,-0.0675,0.0332,0.0381,0.0578,-0.0127,-0.0063,27.01,27.28,15227,18722,1.903,2.34,5.71,7.021,866,866,87,87,24,23,0,0,-0.29686869,-0.38241436,-0.29686869,-0.38241436,-0.14946083,-0.20125538,-0.14946083,-0.20125538,0.41574577,0.40192726,-0.00638,-0.00524456,-0.01872612,-0.01682511,1.37835,1.37835,0.42814801,0.42584493,0.0,0.0,736.2,486.2,0.9858,1.1018,1,1,0
2026-09-28T21:47:43.114920+09:00,91971913,dccd50fe,2026-09-28T21:47:43.114920+09:00,2026-09-28T21:47:43.153624+09:00,rail-left-01,rail-right-01,0.6.7-draft,0.6.7-draft,mqtt,mqtt,470.73,416.94,6.013,6.567,0.066,0.224,0.091,-0.048,10.421,10.064,-0.0738,0.0328,0.0325,0.0525,-0.0132,-0.0075,27.02,27.28,15299,18715,1.912,2.339,5.737,7.018,867,867,87,87,24,23,0,0,-0.30419272,-0.3771887,-0.30419272,-0.3771887,-0.15532946,-0.20603837,-0.15532946,-0.20603837,0.41361509,0.40107198,-0.00635932,-0.0051145,-0.01860706,-0.01666695,1.37835,1.37835,0.4277929,0.42570238,0.0,0.0,737.2,487.2,0.9858,1.1018,1,1,0
2026-09-28T21:47:43.134839+09:00,91991832,dccd50fe,2026-09-28T21:47:43.134839+09:00,2026-09-28T21:47:43.173543+09:00,rail-left-01,rail-right-01,0.6.7-draft,0.6.7-draft,mqtt,mqtt,471.78,417.88,6.029,6.559,-0.268,-0.133,-0.062,-0.296,10.332,9.552,-0.0681,0.0324,0.0418,0.053,-0.0076,-0.0036,27.01,27.27,15340,18696,1.918,2.337,5.753,7.011,868,868,87,87,24,23,0,0,-0.31222325,-0.3880406,-0.31222325,-0.3880406,-0.16069377,-0.21055111,-0.16069377,-0.21055111,0.41170735,0.40018148,-0.0063105,-0.00500011,-0.01843208,-0.01649394,1.37835,1.37835,0.42747494,0.42555396,0.0,0.0,738.2,488.2,0.9858,1.1018,1,1,0
2026-09-28T21:47:43.154842+09:00,92011835,dccd50fe,2026-09-28T21:47:43.154842+09:00,2026-09-28T21:47:43.193546+09:00,rail-left-01,rail-right-01,0.6.7-draft,0.6.7-draft,mqtt,mqtt,472.82,418.83,6.048,6.562,-0.078,0.091,0.017,-0.129,10.359,9.64,-0.0699,0.0314,0.0373,0.0561,-0.0075,-0.0029,27.02,27.27,15387,18703,1.923,2.338,5.77,7.014,869,869,87,87,24,23,0,0,-0.32047016,-0.38871126,-0.32047016,-0.38871126,-0.16552721,-0.21497255,-0.16552721,-0.21497255,0.41003738,0.39934068,-0.00623407,-0.00488933,-0.01820245,-0.01632828,1.37835,1.37835,0.42719661,0.42541383,0.0,0.0,739.2,489.2,0.9858,1.1018,1,1,0
2026-09-28T21:47:43.175069+09:00,92032063,dccd50fe,2026-09-28T21:47:43.175069+09:00,2026-09-28T21:47:43.213774+09:00,rail-left-01,rail-right-01,0.6.7-draft,0.6.7-draft,mqtt,mqtt,473.91,419.77,6.039,6.55,-0.241,-0.062,0.182,-0.205,10.24,9.795,-0.0646,0.0284,0.0334,0.0544,-0.0087,-0.0068,27.01,27.27,15364,18676,1.921,2.335,5.762,7.003,870,870,87,87,24,23,0,0,-0.32919145,-0.39584167,-0.32919145,-0.39584167,-0.17034895,-0.21908291,-0.17034895,-0.21908291,0.40834706,0.39843544,-0.00616827,-0.00479519,-0.0179943,-0.01614287,1.37835,1.37835,0.42691489,0.42526296,0.0,0.0,740.3,490.3,0.9858,1.1018,1,1,0
2026-09-28T21:47:43.265195+09:00,92116419,dccd50fe,2026-09-28T21:47:43.265195+09:00,2026-09-28T21:47:43.305255+09:00,rail-left-01,rail-right-01,0.6.7-draft,0.6.7-draft,mqtt,mqtt,478.34,423.65,6.037,6.551,-0.184,-0.062,-0.157,-0.345,10.332,9.674,-0.0634,0.0268,0.0368,0.057,-0.0115,-0.0081,27.02,27.25,15359,18679,1.92,2.335,5.76,7.005,871,871,88,88,24,23,0,0,-0.40532305,-1.14383295,-0.40532305,-1.14383295,-0.22310179,-0.49125538,-0.22310179,-0.49125538,0.39754211,0.33835584,-0.00468598,0.00802285,-0.01590074,0.01576917,1.37835,0.70035,0.42511407,0.49125538,0.0,0.0,744.7,494.7,0.9858,1.1018,1,1,0
2026-09-28T21:47:43.285286+09:00,92136510,dccd50fe,2026-09-28T21:47:43.285286+09:00,2026-09-28T21:47:43.325346+09:00,rail-left-01,rail-right-01,0.6.7-draft,0.6.7-draft,mqtt,mqtt,479.38,424.59,5.995,6.501,-0.11,-0.019,0.063,-0.126,10.451,9.671,-0.0667,0.0272,0.0337,0.0537,-0.0095,-0.0067,27.01,27.27,15244,18567,1.906,2.321,5.717,6.963,872,872,88,88,24,23,0,0,-0.41492604,-1.08687714,-0.41492604,-1.08687714,-0.22761287,-0.48166649,-0.22761287,-0.48166649,0.39637033,0.33823917,-0.00461984,0.00509324,-0.01574107,0.01903943,1.37835,0.70035,0.42491877,0.48166649,0.0,0.0,745.7,495.7,0.9858,1.1018,1,1,0
2026-09-28T21:47:43.305374+09:00,92156598,dccd50fe,2026-09-28T21:47:43.305374+09:00,2026-09-28T21:47:43.345434+09:00,rail-left-01,rail-right-01,0.6.7-draft,0.6.7-draft,mqtt,mqtt,480.43,425.54,5.994,6.462,-0.176,0.038,0.019,-0.193,10.347,9.592,-0.0677,0.024,0.03,0.0469,-0.0071,-0.0029,27.02,27.27,15238,18480,1.905,2.31,5.714,6.93,873,873,88,88,24,23,0,0,-1.09952411,-1.02569339,-1.09952411,-1.02569339,-0.53536649,-0.47027558,-0.53536649,-0.47027558,0.31618917,0.33637099,0.0,0.00228621,0.0,0.02255321,0.54035,0.70035,0.53536649,0.47027558,0.0,0.0,746.7,496.7,0.9858,1.1018,1,1,0
2026-09-28T21:47:43.325284+09:00,92176508,dccd50fe,2026-09-28T21:47:43.325284+09:00,2026-09-28T21:47:43.365344+09:00,rail-left-01,rail-right-01,0.6.7-draft,0.6.7-draft,mqtt,mqtt,481.47,426.48,6.014,6.414,-0.096,0.053,0.037,-0.183,10.336,9.837,-0.0677,0.0265,0.0324,0.0484,-0.0081,-0.0021,27.03,27.27,15302,18374,1.913,2.297,5.738,6.89,874,874,88,88,24,23,0,0,-1.11088764,-0.9707665,-1.11088764,-0.9707665,-0.52536649,-0.45678316,-0.52536649,-0.45678316,0.32118917,0.33281417,0.01923077,-0.00060698,0.03846154,0.02650999,0.54035,0.70035,0.52536649,0.45678316,0.0,0.0,747.8,497.8,0.9858,1.1018,1,1,0
2026-09-28T21:47:43.345384+09:00,92196608,dccd50fe,2026-09-28T21:47:43.345384+09:00,2026-09-28T21:47:43.385444+09:00,rail-left-01,rail-right-01,0.6.7-draft,0.6.7-draft,mqtt,mqtt,482.57,427.43,6.025,6.389,-0.157,-0.121,0.423,-0.426,10.382,9.785,-0.0646,0.027,0.0372,0.0569,-0.01,-0.0076,27.01,27.27,15329,18320,1.916,2.29,5.748,6.87,875,875,88,88,24,23,0,0,-1.12513176,-0.96219662,-1.12513176,-0.96219662,-0.51836649,-0.44344342,-0.51836649,-0.44344342,0.32468917,0.32884301,0.01444289,-0.00290203,0.02888578,0.02944804,0.57535,0.70035,0.51836649,0.44344342,0.0,0.0,748.9,498.9,0.9858,1.1018,1,1,0
2026-09-28T21:47:43.365325+09:00,92216549,dccd50fe,2026-09-28T21:47:43.365325+09:00,2026-09-28T21:47:43.405384+09:00,rail-left-01,rail-right-01,0.6.7-draft,0.6.7-draft,mqtt,mqtt,483.61,428.32,6.025,6.396,-0.093,0.024,0.181,-0.255,10.507,9.622,-0.0644,0.0324,0.0477,0.0534,-0.0173,-0.0084,27.0,27.27,15329,18335,1.916,2.292,5.748,6.876,876,876,88,88,24,23,0,0,-1.13940921,-0.92583512,-1.13940921,-0.92583512,-0.51486649,-0.43250935,-0.51486649,-0.43250935,0.32643917,0.32568917,0.00977531,-0.00417242,0.01955063,0.0305143,0.70035,0.70035,0.51486649,0.43250935,0.0,0.0,749.9,499.9,0.9858,1.1018,1,1,0
2026-09-28T21:47:43.385288+09:00,92236512,dccd50fe,2026-09-28T21:47:43.385288+09:00,2026-09-28T21:47:43.425348+09:00,rail-left-01,rail-right-01,0.6.7-draft,0.6.7-draft,mqtt,mqtt,484.65,429.27,6.043,6.405,-0.303,-0.14,0.102,-0.296,10.293,9.687,-0.065,0.0306,0.0384,0.0568,-0.0136,-0.0084,27.02,27.27,15374,18354,1.922,2.294,5.765,6.883,877,877,88,88,24,23,0,0,-1.15709769,-0.92527911,-1.15709769,-0.92527911,-0.50916649,-0.42363316,-0.50916649,-0.42363316,0.32928917,0.32325584,0.01029986,-0.00480313,0.02059971,0.03040673,0.70035,0.70035,0.50916649,0.42363316,0.0,0.0,750.9,500.9,0.9858,1.1018,1,1,0
2026-09-28T21:47:43.405221+09:00,92256445,dccd50fe,2026-09-28T21:47:43.405221+09:00,2026-09-28T21:47:43.445281+09:00,rail-left-01,rail-right-01,0.6.7-draft,0.6.7-draft,mqtt,mqtt,485.7,430.21,6.039,6.4,-0.085,0.077,-0.097,-0.305,10.473,9.664,-0.0661,0.03,0.04,0.0556,-0.0129,-0.0068,27.0,27.26,15363,18343,1.92,2.293,5.761,6.879,878,878,88,88,24,23,0,0,-1.17233961,-0.88629067,-1.17233961,-0.88629067,-0.50603316,-0.41555399,-0.50603316,-0.41555399,0.33085584,0.32097042,0.00845374,-0.00525277,0.01690747,0.03003922,0.70035,0.70035,0.50603316,0.41555399,0.0,0.0,751.9,501.9,0.9858,1.1018,1,1,0
2026-09-28T21:47:43.425332+09:00,92276556,dccd50fe,2026-09-28T21:47:43.425332+09:00,2026-09-28T21:47:43.465392+09:00,rail-left-01,rail-right-01,0.6.7-draft,0.6.7-draft,mqtt,mqtt,486.74,431.16,6.034,6.38,-0.164,-0.011,0.035,0.065,10.502,9.841,-0.0718,0.0309,0.0282,0.0501,-0.0057,-0.0124,27.02,27.27,15351,18299,1.919,2.287,5.757,6.862,879,879,88,88,24,23,0,0,-1.18638937,-0.86632766,-1.18638937,-0.86632766,-0.50450935,-0.40724885,-0.50450935,-0.40724885,0.33161774,0.31836564,0.00639148,-0.00579006,0.01278295,0.02993635,0.70035,0.70035,0.50450935,0.40724885,0.0,0.0,753.0,503.0,0.9858,1.1018,1,1,0
2026-09-28T21:47:43.445203+09:00,92296427,dccd50fe,2026-09-28T21:47:43.445203+09:00,2026-09-28T21:47:43.485263+09:00,rail-left-01,rail-right-01,0.6.7-draft,0.6.7-draft,mqtt,mqtt,487.79,432.05,6.085,6.372,-0.183,-0.151,0.11,-0.362,10.482,9.711,-0.0743,0.0349,0.0274,0.0528,-0.0084,-0.0207,27.02,27.27,15478,18281,1.935,2.285,5.804,6.855,880,880,88,88,24,23,0,0,-1.19976122,-0.87084322,-1.19976122,-0.87084322,-0.49699149,-0.39942205,-0.49699149,-0.39942205,0.33537667,0.31582806,0.00902745,-0.0062215,0.01805489,0.0297243,0.70035,0.70035,0.49699149,0.39942205,0.0,0.0,754.0,504.0,0.9858,1.1018,1,1,0
2026-09-28T21:47:43.531456+09:00,92386659,dccd50fe,2026-09-28T21:47:43.531456+09:00,2026-09-28T21:47:43.568571+09:00,rail-left-01,rail-right-01,0.6.7-draft,0.6.7-draft,mqtt,mqtt,492.56,436.23,6.108,6.359,-0.096,-0.043,0.272,-0.22,10.344,9.592,-0.0612,0.0333,0.0328,0.0494,-0.0111,-0.0039,27.02,27.27,15536,18253,1.942,2.282,5.826,6.845,881,881,89,89,24,23,0,0,-0.88250415,-0.98676628,-0.88250415,-0.98676628,-0.3912086,-0.25298718,-0.3912086,-0.25298718,0.31416285,0.34699951,-0.005859,0.00578007,0.02813466,0.03720001,0.70035,0.81235,0.3912086,0.34699951,0.0,0.0,758.7,508.7,0.9858,1.1018,1,1,0
2026-09-28T21:47:43.551553+09:00,92406756,dccd50fe,2026-09-28T21:47:43.551553+09:00,2026-09-28T21:47:43.588668+09:00,rail-left-01,rail-right-01,0.6.7-draft,0.6.7-draft,mqtt,mqtt,493.6,437.17,6.234,6.338,-0.051,0.02,0.123,-0.214,10.386,9.57,-0.0582,0.0336,0.0318,0.0553,-0.0073,-0.0076,27.01,27.29,15849,18206,1.981,2.276,5.943,6.827,882,882,89,89,24,23,0,0,-0.89434229,-0.96910845,-0.89434229,-0.96910845,-0.37751649,-0.24126649,-0.37751649,-0.24126649,0.31581417,0.3494725,-0.00401294,0.00591113,0.02985324,0.036746,0.70035,0.81235,0.37751649,0.3494725,0.0,0.0,759.7,509.7,0.9858,1.1018,1,1,0
2026-09-28T21:47:43.571543+09:00,92426746,dccd50fe,2026-09-28T21:47:43.571543+09:00,2026-09-28T21:47:43.608658+09:00,rail-left-01,rail-right-01,0.6.7-draft,0.6.7-draft,mqtt,mqtt,494.65,438.12,6.297,6.345,-0.223,-0.055,-0.014,-0.395,10.343,9.515,-0.0644,0.0292,0.0338,0.0572,-0.0073,-0.0036,27.03,27.26,16006,18222,2.001,2.278,6.002,6.833,883,883,89,89,24,23,0,0,-0.90723072,-0.95955958,-0.90723072,-0.95955958,-0.3621284,-0.23052778,-0.3621284,-0.23052778,0.31880822,0.35189885,-0.00205414,0.00602029,0.03201619,0.03616084,0.70035,0.81235,0.3621284,0.35189885,0.0,0.0,760.8,510.8,0.9858,1.1018,1,1,0
2026-09-28T21:47:43.591488+09:00,92446691,dccd50fe,2026-09-28T21:47:43.591488+09:00,2026-09-28T21:47:43.628603+09:00,rail-left-01,rail-right-01,0.6.7-draft,0.6.7-draft,mqtt,mqtt,495.69,439.01,6.344,6.367,-0.043,0.001,0.035,-0.299,10.347,9.651,-0.0657,0.0316,0.0349,0.055,-0.0101,-0.0031,27.01,27.28,16124,18271,2.016,2.284,6.047,6.852,884,884,89,89,24,23,0,0,-0.92007273,-0.94548723,-0.92007273,-0.94548723,-0.34600286,-0.22114774,-0.34600286,-0.22114774,0.32259826,0.35451729,-0.00021112,0.00617881,0.03411134,0.03536712,0.70035,0.81235,0.34600286,0.35451729,0.0,0.0,761.8,511.8,0.9858,1.1018,1,1,0
2026-09-28T21:47:43.611695+09:00,92466898,dccd50fe,2026-09-28T21:47:43.611695+09:00,2026-09-28T21:47:43.648810+09:00,rail-left-01,rail-right-01,0.6.7-draft,0.6.7-draft,mqtt,mqtt,496.78,439.96,6.358,6.36,-0.123,-0.03,0.006,-0.189,10.406,9.817,-0.0642,0.0316,0.0352,0.0557,-0.0131,-0.0052,27.02,27.27,16159,18255,2.02,2.282,6.06,6.846,885,885,89,89,24,23,0,0,-0.93323543,-0.9347921,-0.93323543,-0.9347921,-0.33067084,-0.21212407,-0.33067084,-0.21212407,0.32636308,0.35687099,0.00126065,0.00625644,0.03557295,0.03464436,0.70035,0.81235,0.33067084,0.35687099,0.0,0.0,762.9,512.9,0.9858,1.1018,1,1,0
2026-09-28T21:47:43.631668+09:00,92486872,dccd50fe,2026-09-28T21:47:43.631668+09:00,2026-09-28T21:47:43.668784+09:00,rail-left-01,rail-right-01,0.6.7-draft,0.6.7-draft,mqtt,mqtt,497.83,440.9,6.366,6.355,-0.11,-0.048,-0.026,-0.242,10.374,9.664,-0.0675,0.0277,0.0336,0.0517,-0.0069,-0.0029,27.01,27.29,16177,18244,2.022,2.281,6.066,6.842,886,886,89,89,24,23,0,0,-0.94651651,-0.92636343,-0.94651651,-0.92636343,-0.31628316,-0.20348414,-0.31628316,-0.20348414,0.32998084,0.3590127,0.00241749,0.00628011,0.03651106,0.03396608,0.70035,0.81235,0.32998084,0.3590127,0.0,0.0,763.9,513.9,0.9858,1.1018,1,1,0
2026-09-28T21:47:43.651598+09:00,92506801,dccd50fe,2026-09-28T21:47:43.651598+09:00,2026-09-28T21:47:43.688712+09:00,rail-left-01,rail-right-01,0.6.7-draft,0.6.7-draft,mqtt,mqtt,498.87,441.85,6.377,6.338,-0.127,0.018,-0.081,-0.12,10.432,9.628,-0.065,0.0253,0.0301,0.0481,-0.0053,-0.0035,27.01,27.27,16205,18205,2.026,2.276,6.077,6.827,887,887,89,89,24,23,0,0,-0.95984848,-0.91307904,-0.95984848,-0.91307904,-0.30260649,-0.19485221,-0.30260649,-0.19485221,0.33352917,0.36078917,0.00336451,0.00622043,0.03712222,0.03340711,0.70035,0.81235,0.33352917,0.36078917,0.0,0.0,764.9,514.9,0.9858,1.1018,1,1,0
2026-09-28T21:47:43.671575+09:00,92526778,dccd50fe,2026-09-28T21:47:43.671575+09:00,2026-09-28T21:47:43.708690+09:00,rail-left-01,rail-right-01,0.6.7-draft,0.6.7-draft,mqtt,mqtt,499.92,442.74,6.384,6.295,0.019,0.062,0.272,-0.225,10.619,9.62,-0.0649,0.0305,0.0428,0.0541,-0.01,-0.0077,27.03,27.27,16223,18111,2.028,2.264,6.084,6.792,888,888,89,89,24,23,0,0,-0.97283696,-0.89705533,-0.97283696,-0.89705533,-0.28971265,-0.18550538,-0.28971265,-0.18550538,0.33693917,0.36186972,0.00412785,0.00601313,0.0374434,0.03312023,0.81235,0.81235,0.33693917,0.36186972,0.0,0.0,766.0,516.0,0.9858,1.1018,1,1,0
2026-09-28T21:47:43.691558+09:00,92546761,dccd50fe,2026-09-28T21:47:43.691558+09:00,2026-09-28T21:47:43.728673+09:00,rail-left-01,rail-right-01,0.6.7-draft,0.6.7-draft,mqtt,mqtt,500.96,443.69,6.405,6.32,-0.091,0.002,0.079,-0.431,10.324,9.724,-0.0686,0.0322,0.0396,0.0557,-0.0081,-0.0131,27.02,27.29,16274,18167,2.034,2.271,6.103,6.813,889,889,89,89,24,23,0,0,-0.9858853,-0.88644764,-0.9858853,-0.88644764,-0.27699612,-0.17733947,-0.27699612,-0.17733947,0.34048546,0.36322971,0.00483158,0.00589601,0.0377164,0.03262778,0.81235,0.81235,0.34048546,0.36322971,0.0,0.0,767.0,517.0,0.9858,1.1018,1,1,0
2026-09-28T21:47:43.711960+09:00,92567163,dccd50fe,2026-09-28T21:47:43.711960+09:00,2026-09-28T21:47:43.749075+09:00,rail-left-01,rail-right-01,0.6.7-draft,0.6.7-draft,mqtt,mqtt,502.01,444.63,6.416,6.337,-0.18,-0.239,0.315,-0.291,10.488,9.738,-0.0628,0.0349,0.0381,0.0553,-0.0075,-0.0051,27.02,27.29,16303,18203,2.038,2.275,6.114,6.826,890,890,89,89,24,23,0,0,-0.99928377,-0.89435072,-0.99928377,-0.89435072,-0.26479506,-0.1700507,-0.26479506,-0.1700507,0.34397488,0.3647418,0.00543047,0.00582896,0.0378412,0.03201981,0.81235,0.81235,0.34397488,0.3647418,0.0,0.0,768.0,518.0,0.9858,1.1018,1,1,0
2026-09-28T21:47:43.795329+09:00,92650445,dccd50fe,2026-09-28T21:47:43.795329+09:00,2026-09-28T21:47:43.870105+09:00,rail-left-01,rail-right-01,0.6.7-draft,0.6.7-draft,mqtt,mqtt,506.38,448.51,6.428,6.348,-0.318,-0.115,0.065,-0.36,10.403,9.634,-0.0646,0.0274,0.0354,0.0557,-0.0088,0.0005,27.0,27.27,16333,18227,2.042,2.278,6.125,6.835,891,891,90,90,24,23,0,0,-0.90806523,-1.01791424,-0.90806523,-1.01791424,-0.16282803,-0.1128767,-0.16282803,-0.1128767,0.36633019,0.37584223,0.00572278,0.00423154,0.03107624,0.02287761,0.81235,0.81235,0.36633019,0.37584223,0.0,0.0,772.3,522.3,0.9858,1.1018,1,1,0
2026-09-28T21:47:43.815473+09:00,92670589,dccd50fe,2026-09-28T21:47:43.815473+09:00,2026-09-28T21:47:43.890249+09:00,rail-left-01,rail-right-01,0.6.7-draft,0.6.7-draft,mqtt,mqtt,507.42,449.45,6.438,6.367,0.038,0.128,-0.056,-0.119,10.43,9.656,-0.0666,0.0328,0.0326,0.0584,-0.0069,-0.0033,27.02,27.28,16358,18271,2.045,2.284,6.134,6.852,892,892,90,90,24,23,0,0,-0.92148213,-0.98983504,-0.92148213,-0.98983504,-0.15571649,-0.11032649,-0.15571649,-0.11032649,0.36796417,0.37648917,0.0056459,0.00408647,0.03025456,0.02192034,0.81235,0.81235,0.36796417,0.37648917,0.0,0.0,773.4,523.4,0.9858,1.1018,1,1,0
2026-09-28T21:47:43.835412+09:00,92690528,dccd50fe,2026-09-28T21:47:43.835412+09:00,2026-09-28T21:47:43.910188+09:00,rail-left-01,rail-right-01,0.6.7-draft,0.6.7-draft,mqtt,mqtt,508.47,450.4,6.434,6.372,-0.172,-0.077,0.158,-0.232,10.357,9.691,-0.0663,0.0321,0.0372,0.06,-0.0059,-0.0031,27.03,27.29,16347,18282,2.043,2.285,6.13,6.856,893,893,90,90,24,23,0,0,-0.93522846,-0.97434464,-0.93522846,-0.97434464,-0.14904942,-0.10797434,-0.14904942,-0.10797434,0.36946966,0.37715976,0.00555446,0.00396196,0.02945564,0.02103263,0.81235,0.81235,0.36946966,0.37715976,0.0,0.0,774.4,524.4,0.9858,1.1018,1,1,0
2026-09-28T21:47:43.855368+09:00,92710484,dccd50fe,2026-09-28T21:47:43.855368+09:00,2026-09-28T21:47:43.930144+09:00,rail-left-01,rail-right-01,0.6.7-draft,0.6.7-draft,mqtt,mqtt,509.51,451.34,6.423,6.371,-0.151,-0.01,0.433,-0.068,10.438,9.592,-0.0663,0.0304,0.0352,0.0598,-0.0057,-0.0007,27.01,27.26,16319,18279,2.04,2.285,6.12,6.855,894,894,90,90,24,23,0,0,-0.94915964,-0.95577276,-0.94915964,-0.95577276,-0.14296173,-0.10569342,-0.14296173,-0.10569342,0.3707725,0.37779494,0.00543433,0.00384503,0.02864395,0.02022514,0.81235,0.81235,0.3707725,0.37779494,0.0,0.0,775.4,525.4,0.9858,1.1018,1,1,0
2026-09-28T21:47:43.875636+09:00,92730752,dccd50fe,2026-09-28T21:47:43.875636+09:00,2026-09-28T21:47:43.950412+09:00,rail-left-01,rail-right-01,0.6.7-draft,0.6.7-draft,mqtt,mqtt,510.56,452.29,6.418,6.386,-0.068,-0.053,0.057,-0.631,10.408,9.625,-0.0686,0.0326,0.0373,0.0593,-0.0091,-0.0068,27.02,27.27,16308,18312,2.039,2.289,6.116,6.867,895,895,90,90,24,23,0,0,-0.96305811,-0.9402251,-0.96305811,-0.9402251,-0.13727347,-0.10378159,-0.13727347,-0.10378159,0.37195661,0.37854766,0.00530589,0.00375973,0.02785322,0.01943589,0.81235,0.81235,0.37195661,0.37854766,0.0,0.0,776.4,526.4,0.9858,1.1018,1,1,0
2026-09-28T21:47:43.895650+09:00,92750766,dccd50fe,2026-09-28T21:47:43.895650+09:00,2026-09-28T21:47:43.970426+09:00,rail-left-01,rail-right-01,0.6.7-draft,0.6.7-draft,mqtt,mqtt,511.6,453.23,6.405,6.401,-0.113,-0.072,-0.103,-0.37,10.44,9.711,-0.0663,0.0297,0.0409,0.0582,-0.0089,-0.0072,27.03,27.27,16274,18345,2.034,2.293,6.103,6.879,896,896,90,90,24,23,0,0,-0.97705135,-0.92624625,-0.97705135,-0.92624625,-0.13213922,-0.10221834,-0.13213922,-0.10221834,0.37293917,0.37941139,0.00515328,0.00370135,0.02704734,0.01866431,0.81235,0.81235,0.37293917,0.37941139,0.0,0.0,777.5,527.5,0.9858,1.1018,1,1,0
2026-09-28T21:47:43.915427+09:00,92770543,dccd50fe,2026-09-28T21:47:43.915427+09:00,2026-09-28T21:47:43.990203+09:00,rail-left-01,rail-right-01,0.6.7-draft,0.6.7-draft,mqtt,mqtt,512.65,454.13,6.398,6.416,-0.104,-0.022,0.123,0.022,10.319,9.641,-0.0649,0.0296,0.0417,0.063,-0.0059,-0.01,27.0,27.28,16258,18378,2.032,2.297,6.097,6.892,897,897,90,90,24,23,0,0,-0.99109098,-0.9101859,-0.99109098,-0.9101859,-0.12738871,-0.10098467,-0.12738871,-0.10098467,0.37380028,0.38038008,0.00499421,0.00366616,0.02625716,0.01791123,0.81235,0.81235,0.37380028,0.38038008,0.0,0.0,778.5,528.5,0.9858,1.1018,1,1,0
2026-09-28T21:47:43.935392+09:00,92790508,dccd50fe,2026-09-28T21:47:43.935392+09:00,2026-09-28T21:47:44.010168+09:00,rail-left-01,rail-right-01,0.6.7-draft,0.6.7-draft,mqtt,mqtt,513.69,455.07,6.383,6.434,0.005,0.092,-0.075,-0.348,10.353,9.566,-0.069,0.0306,0.0409,0.057,-0.006,-0.0045,27.01,27.29,16221,18420,2.028,2.303,6.083,6.908,898,898,90,90,24,23,0,0,-1.00488448,-0.88885437,-1.00488448,-0.88885437,-0.12317084,-0.10011649,-0.12317084,-0.10011649,0.37446091,0.38147488,0.00481417,0.00365472,0.02545088,0.0171654,0.81235,0.81235,0.37446091,0.38147488,0.0,0.0,779.5,529.5,0.9858,1.1018,1,1,0
2026-09-28T21:47:43.955357+09:00,92810473,dccd50fe,2026-09-28T21:47:43.955357+09:00,2026-09-28T21:47:44.030133+09:00,rail-left-01,rail-right-01,0.6.7-draft,0.6.7-draft,mqtt,mqtt,514.73,456.02,6.373,6.443,-0.238,-0.165,0.08,-0.198,10.444,9.704,-0.0655,0.0328,0.0373,0.0576,-0.0053,-0.0008,27.02,27.26,16195,18438,2.024,2.305,6.073,6.914,899,899,90,90,24,23,0,0,-1.01895268,-0.88116805,-1.01895268,-0.88116805,-0.11934522,-0.09943667,-0.11934522,-0.09943667,0.37498704,0.38261022,0.00462709,0.00365176,0.02465357,0.01645067,0.81235,0.81235,0.37498704,0.38261022,0.0,0.0,780.6,530.6,0.9858,1.1018,1,1,0
2026-09-28T21:47:43.975478+09:00,92830594,dccd50fe,2026-09-28T21:47:43.975478+09:00,2026-09-28T21:47:44.050254+09:00,rail-left-01,rail-right-01,0.6.7-draft,0.6.7-draft,mqtt,mqtt,515.78,456.96,6.361,6.438,0.007,0.138,0.305,-0.342,10.38,9.688,-0.0682,0.0328,0.0361,0.0546,-0.0083,-0.0052,27.01,27.3,16166,18428,2.021,2.304,6.062,6.911,900,900,90,90,24,23,0,0,-1.03267958,-0.85883792,-1.03267958,-0.85883792,-0.11592899,-0.09869408,-0.11592899,-0.09869408,0.37536625,0.38366331,0.00443087,0.00363837,0.02385829,0.01580021,0.81235,0.81235,0.37536625,0.38366331,0.0,0.0,781.6,531.6,0.9858,1.1018,1,1,0
2026-09-28T21:47:44.136284+09:00,92956570,dccd50fe,2026-09-28T21:47:44.136284+09:00,2026-09-28T21:47:44.176398+09:00,rail-left-01,rail-right-01,0.6.7-draft,0.6.7-draft,mqtt,mqtt,522.34,462.88,6.359,6.446,-0.162,-0.114,-0.127,-0.157,10.442,9.771,-0.0657,0.0272,0.0346,0.0561,-0.0083,-0.0072,27.01,27.29,16160,18446,2.02,2.306,6.06,6.917,901,901,91,91,24,23,0,0,-0.84452389,-0.76386846,-0.84452389,-0.76386846,-0.09801056,-0.09658388,-0.09801056,-0.09658388,0.38466374,0.39102975,0.00358861,0.0028884,0.01498259,0.00918317,0.81235,0.83335,0.38466374,0.39102975,0.0,0.0,788.1,538.1,0.9858,1.1018,1,1,0
2026-09-28T21:47:44.156404+09:00,92976690,dccd50fe,2026-09-28T21:47:44.156404+09:00,2026-09-28T21:47:44.196518+09:00,rail-left-01,rail-right-01,0.6.7-draft,0.6.7-draft,mqtt,mqtt,523.43,463.82,6.322,6.487,-0.083,0.103,0.121,-0.259,10.459,9.382,-0.0699,0.032,0.0396,0.0546,-0.0081,-0.0032,27.0,27.28,16069,18536,2.009,2.317,6.026,6.951,902,902,91,91,24,23,0,0,-0.83144686,-0.75441411,-0.83144686,-0.75441411,-0.09796649,-0.09708078,-0.09796649,-0.09708078,0.3853225,0.39194631,0.00349054,0.0028703,0.01414263,0.00866567,0.81235,0.83335,0.3853225,0.39194631,0.0,0.0,789.1,539.1,0.9858,1.1018,1,1,0
2026-09-28T21:47:44.176329+09:00,92996615,dccd50fe,2026-09-28T21:47:44.176329+09:00,2026-09-28T21:47:44.216443+09:00,rail-left-01,rail-right-01,0.6.7-draft,0.6.7-draft,mqtt,mqtt,524.48,464.77,6.332,6.505,-0.33,-0.188,0.196,-0.272,10.457,9.798,-0.0685,0.0358,0.0398,0.0502,-0.0011,-0.0027,27.03,27.29,16092,18577,2.012,2.322,6.035,6.966,903,903,91,91,24,23,0,0,-0.8199535,-0.75689926,-0.8199535,-0.75689926,-0.09775993,-0.0978172,-0.09775993,-0.0978172,0.38604163,0.39296382,0.00341179,0.00286814,0.01340614,0.00816057,0.81235,0.83335,0.38604163,0.39296382,0.0,0.0,790.2,540.2,0.9858,1.1018,1,1,0
2026-09-28T21:47:44.196466+09:00,93016752,dccd50fe,2026-09-28T21:47:44.196466+09:00,2026-09-28T21:47:44.236580+09:00,rail-left-01,rail-right-01,0.6.7-draft,0.6.7-draft,mqtt,mqtt,525.52,465.71,6.332,6.509,0.073,0.15,0.326,-0.075,10.514,9.653,-0.0659,0.035,0.0389,0.0522,-0.0036,-0.0021,27.01,27.28,16092,18585,2.012,2.323,6.035,6.969,904,904,91,91,24,23,0,0,-0.80921214,-0.74590737,-0.80921214,-0.74590737,-0.09756004,-0.09858871,-0.09756004,-0.09858871,0.38673756,0.39398084,0.00333754,0.00286735,0.01273484,0.00769173,0.81235,0.83335,0.38673756,0.39398084,0.0,0.0,791.2,541.2,0.9858,1.1018,1,1,0
2026-09-28T21:47:44.216497+09:00,93036783,dccd50fe,2026-09-28T21:47:44.216497+09:00,2026-09-28T21:47:44.256611+09:00,rail-left-01,rail-right-01,0.6.7-draft,0.6.7-draft,mqtt,mqtt,526.57,466.66,6.334,6.498,-0.278,-0.129,0.159,-0.278,10.299,9.795,-0.0682,0.0314,0.0392,0.0598,-0.0053,-0.0093,26.99,27.27,16097,18561,2.012,2.32,6.036,6.96,905,905,91,91,24,23,0,0,-0.79978447,-0.74613504,-0.79978447,-0.74613504,-0.09733475,-0.09918841,-0.09733475,-0.09918841,0.38742726,0.39489465,0.0032695,0.00285498,0.0121247,0.0072802,0.81235,0.83335,0.38742726,0.39489465,0.0,0.0,792.2,542.2,0.9858,1.1018,1,1,0
2026-09-28T21:47:44.236549+09:00,93056835,dccd50fe,2026-09-28T21:47:44.236549+09:00,2026-09-28T21:47:44.276663+09:00,rail-left-01,rail-right-01,0.6.7-draft,0.6.7-draft,mqtt,mqtt,527.61,467.6,6.329,6.507,0.057,0.087,-0.109,-0.2,10.64,9.673,-0.0679,0.0332,0.0354,0.0572,-0.0023,-0.0025,27.02,27.29,16086,18581,2.011,2.323,6.032,6.968,906,906,91,91,24,23,0,0,-0.79096729,-0.73803256,-0.79096729,-0.73803256,-0.09719462,-0.09989352,-0.09719462,-0.09989352,0.38805636,0.39584457,0.00319922,0.00284892,0.01155287,0.0068865,0.83335,0.83335,0.38805636,0.39584457,0.0,0.0,793.3,543.3,0.9858,1.1018,1,1,0
2026-09-28T21:47:44.256298+09:00,93076584,dccd50fe,2026-09-28T21:47:44.256298+09:00,2026-09-28T21:47:44.296412+09:00,rail-left-01,rail-right-01,0.6.7-draft,0.6.7-draft,mqtt,mqtt,528.65,468.54,6.336,6.503,-0.274,-0.194,0.121,-0.339,10.391,9.755,-0.0701,0.0316,0.0405,0.054,-0.0005,-0.0044,26.99,27.29,16103,18572,2.013,2.322,6.039,6.965,907,907,91,91,24,23,0,0,-0.7833069,-0.95002525,-0.7833069,-0.95002525,-0.09695111,-0.14736649,-0.09695111,-0.14736649,0.38871994,0.46318917,0.00313992,0.0,0.01104065,0.0,0.83335,0.45935,0.38871994,0.46318917,0.0,0.0,794.3,544.3,0.9858,1.1018,1,1,0
2026-09-28T21:47:44.276433+09:00,93096719,dccd50fe,2026-09-28T21:47:44.276433+09:00,2026-09-28T21:47:44.316547+09:00,rail-left-01,rail-right-01,0.6.7-draft,0.6.7-draft,mqtt,mqtt,529.7,469.49,6.318,6.511,0.043,0.104,0.0,-0.278,10.421,9.717,-0.0633,0.0345,0.0388,0.0565,-0.0048,-0.0004,27.01,27.3,16059,18590,2.007,2.324,6.022,6.971,908,908,91,91,24,23,0,0,-0.77618899,-0.52375542,-0.77618899,-0.52375542,-0.0969877,-0.15136649,-0.0969877,-0.15136649,0.38922705,0.46518917,0.00306457,0.00842105,0.0105295,-0.01684211,0.83335,0.45935,0.38922705,0.46518917,0.0,0.0,795.3,545.3,0.9858,1.1018,1,1,0
2026-09-28T21:47:44.296418+09:00,93116703,dccd50fe,2026-09-28T21:47:44.296418+09:00,2026-09-28T21:47:44.336531+09:00,rail-left-01,rail-right-01,0.6.7-draft,0.6.7-draft,mqtt,mqtt,530.74,470.43,6.327,6.509,-0.227,-0.044,0.178,-0.111,10.418,9.586,-0.0661,0.032,0.0338,0.0529,-0.0025,-0.0035,27.01,27.29,16081,18586,2.01,2.323,6.03,6.97,909,909,91,91,24,23,0,0,-0.76997552,-0.52425826,-0.76997552,-0.52425826,-0.09688888,-0.15203316,-0.09688888,-0.15203316,0.38978618,0.4655225,0.00300208,0.00318391,0.01007369,-0.00636781,0.83335,0.45935,0.38978618,0.4655225,0.0,0.0,796.3,546.3,0.9858,1.1018,1,1,0
2026-09-28T21:47:44.316948+09:00,93137234,dccd50fe,2026-09-28T21:47:44.316948+09:00,2026-09-28T21:47:44.357062+09:00,rail-left-01,rail-right-01,0.6.7-draft,0.6.7-draft,mqtt,mqtt,531.79,471.38,6.335,6.505,-0.138,-0.074,0.369,-0.334,10.266,9.597,-0.0662,0.0396,0.038,0.0516,-0.0092,0.0004,27.03,27.27,16100,18577,2.013,2.322,6.038,6.966,910,910,91,91,24,23,0,0,-0.76450541,-0.54606894,-0.76450541,-0.54606894,-0.09667532,-0.15136649,-0.09667532,-0.15136649,0.3903877,0.46518917,0.00294996,0.00042462,0.00966492,-0.00084924,0.83335,0.45935,0.3903877,0.46518917,0.0,0.0,797.4,547.4,0.9858,1.1018,1,1,0
2026-09-28T21:47:44.446909+09:00,93259443,dccd50fe,2026-09-28T21:47:44.446909+09:00,2026-09-28T21:47:44.482565+09:00,rail-left-01,rail-right-01,0.6.7-draft,0.6.7-draft,mqtt,mqtt,538.2,477.15,6.342,6.501,-0.055,0.066,0.119,-0.244,10.251,9.688,-0.0679,0.0328,0.0358,0.0552,-0.002,0.0035,27.03,27.28,16117,18568,2.015,2.321,6.044,6.963,911,911,92,92,24,23,0,0,-0.60094327,-0.83090998,-0.60094327,-0.83090998,-0.14956649,-0.17056649,-0.14956649,-0.17056649,0.46568917,0.45385584,0.00062068,-0.00278119,0.00203566,-0.00485158,0.45935,0.70235,0.46568917,0.45385584,0.0,0.0,803.7,553.7,0.9858,1.1018,1,1,0
2026-09-28T21:47:44.467038+09:00,93279572,dccd50fe,2026-09-28T21:47:44.467038+09:00,2026-09-28T21:47:44.502694+09:00,rail-left-01,rail-right-01,0.6.7-draft,0.6.7-draft,mqtt,mqtt,539.24,478.14,6.315,6.494,-0.22,-0.124,0.209,-0.312,10.463,9.724,-0.0671,0.0344,0.0334,0.0581,-0.0057,-0.0039,27.01,27.28,16052,18553,2.007,2.319,6.019,6.957,912,912,92,92,24,23,0,0,-0.64550327,-0.84444945,-0.64550327,-0.84444945,-0.15286649,-0.17224149,-0.15286649,-0.17224149,0.4637725,0.45231417,-0.00108976,-0.00292589,-0.00134805,-0.0046358,0.65635,0.70235,0.4637725,0.45231417,0.0,0.0,804.7,554.7,0.9858,1.1018,1,1,0
2026-09-28T21:47:44.486979+09:00,93299512,dccd50fe,2026-09-28T21:47:44.486979+09:00,2026-09-28T21:47:44.522634+09:00,rail-left-01,rail-right-01,0.6.7-draft,0.6.7-draft,mqtt,mqtt,540.29,479.09,6.316,6.494,-0.099,-0.104,0.255,-0.262,10.332,9.536,-0.0693,0.032,0.0393,0.0608,-0.0077,-0.0033,27.04,27.27,16053,18553,2.007,2.319,6.02,6.957,913,913,92,92,24,23,0,0,-0.68243307,-0.85358948,-0.68243307,-0.85358948,-0.15508078,-0.17371943,-0.15508078,-0.17371943,0.46247488,0.45095387,-0.00153847,-0.00298266,-0.00227142,-0.00444804,0.65635,0.70235,0.46247488,0.45095387,0.0,0.0,805.8,555.8,0.9858,1.1018,1,1,0
2026-09-28T21:47:44.507080+09:00,93319614,dccd50fe,2026-09-28T21:47:44.507080+09:00,2026-09-28T21:47:44.542736+09:00,rail-left-01,rail-right-01,0.6.7-draft,0.6.7-draft,mqtt,mqtt,541.33,480.03,6.313,6.504,-0.17,-0.089,-0.005,-0.305,10.397,9.644,-0.0658,0.0302,0.039,0.0613,-0.0123,-0.0095,27.03,27.25,16045,18574,2.006,2.322,6.017,6.965,914,914,92,92,24,23,0,0,-0.71541062,-0.85902621,-0.71541062,-0.85902621,-0.15711649,-0.17558871,-0.15711649,-0.17558871,0.46131417,0.4500225,-0.0017924,-0.00288788,-0.00281937,-0.00448618,0.65635,0.70235,0.46131417,0.4500225,0.0,0.0,806.8,556.8,0.9858,1.1018,1,1,0
2026-09-28T21:47:44.527564+09:00,93340097,dccd50fe,2026-09-28T21:47:44.527564+09:00,2026-09-28T21:47:44.563219+09:00,rail-left-01,rail-right-01,0.6.7-draft,0.6.7-draft,mqtt,mqtt,542.43,480.97,6.316,6.503,-0.008,-0.002,-0.171,-0.15,10.47,9.743,-0.0687,0.0326,0.037,0.0589,-0.0087,-0.0077,27.02,27.27,16054,18573,2.007,2.322,6.02,6.965,915,915,92,92,24,23,0,0,-0.74349529,-0.85058769,-0.74349529,-0.85058769,-0.15836649,-0.1772086,-0.15836649,-0.1772086,0.46057806,0.44916285,-0.00179389,-0.00280517,-0.00286797,-0.00445639,0.66335,0.70235,0.46057806,0.44916285,0.0,0.0,807.9,557.9,0.9858,1.1018,1,1,0
2026-09-28T21:47:44.547996+09:00,93360530,dccd50fe,2026-09-28T21:47:44.547996+09:00,2026-09-28T21:47:44.583652+09:00,rail-left-01,rail-right-01,0.6.7-draft,0.6.7-draft,mqtt,mqtt,543.47,481.97,6.319,6.516,-0.109,0.066,-0.136,-0.223,10.428,9.618,-0.0666,0.0306,0.0352,0.0586,-0.0055,-0.0049,27.03,27.29,16060,18601,2.008,2.325,6.023,6.975,916,916,92,92,24,23,0,0,-0.76909896,-0.83345547,-0.76909896,-0.83345547,-0.15906649,-0.17931649,-0.15906649,-0.17931649,0.46013917,0.44871417,-0.00167883,-0.00261475,-0.00268322,-0.00461083,0.66335,0.70235,0.46013917,0.44871417,0.0,0.0,808.9,558.9,0.9858,1.1018,1,1,0
2026-09-28T21:47:44.568045+09:00,93380579,dccd50fe,2026-09-28T21:47:44.568045+09:00,2026-09-28T21:47:44.603701+09:00,rail-left-01,rail-right-01,0.6.7-draft,0.6.7-draft,mqtt,mqtt,544.56,482.91,6.307,6.52,-0.086,-0.056,-0.168,-0.132,10.493,9.542,-0.0663,0.0325,0.0396,0.0588,-0.0088,-0.0041,27.02,27.28,16032,18610,2.004,2.326,6.012,6.979,917,917,92,92,24,23,0,0,-0.79272192,-0.83478081,-0.79272192,-0.83478081,-0.16073013,-0.18141411,-0.16073013,-0.18141411,0.45923462,0.44840345,-0.00181737,-0.002423,-0.00300512,-0.00475471,0.68635,0.70235,0.45923462,0.44840345,0.0,0.0,810.0,560.0,0.9858,1.1018,1,1,0
2026-09-28T21:47:44.586926+09:00,93399459,dccd50fe,2026-09-28T21:47:44.586926+09:00,2026-09-28T21:47:44.622581+09:00,rail-left-01,rail-right-01,0.6.7-draft,0.6.7-draft,mqtt,mqtt,545.51,483.81,6.303,6.517,-0.023,0.063,0.093,-0.256,10.373,9.726,-0.0667,0.0348,0.0348,0.0582,-0.0085,-0.0039,26.99,27.27,16021,18602,2.003,2.325,6.008,6.976,918,918,92,92,24,23,0,0,-0.81388421,-0.82018954,-0.81388421,-0.82018954,-0.16244983,-0.18318467,-0.16244983,-0.18318467,0.45831417,0.4480528,-0.00195197,-0.00228039,-0.00331534,-0.00479646,0.68635,0.70235,0.45831417,0.4480528,0.0,0.0,810.9,560.9,0.9858,1.1018,1,1,0
2026-09-28T21:47:44.607049+09:00,93419583,dccd50fe,2026-09-28T21:47:44.607049+09:00,2026-09-28T21:47:44.642705+09:00,rail-left-01,rail-right-01,0.6.7-draft,0.6.7-draft,mqtt,mqtt,546.6,484.75,6.288,6.52,-0.087,-0.036,0.37,-0.04,10.509,9.695,-0.0675,0.0308,0.0389,0.058,-0.0064,0.0005,27.02,27.27,15984,18610,1.998,2.326,5.994,6.979,919,919,92,92,24,23,0,0,-0.83389922,-0.8192052,-0.83389922,-0.8192052,-0.1650588,-0.18493171,-0.1650588,-0.18493171,0.4569584,0.44779786,-0.00226248,-0.0021357,-0.00397603,-0.00483873,0.70235,0.70235,0.4569584,0.44779786,0.0,0.0,812.0,562.0,0.9858,1.1018,1,1,0
2026-09-28T21:47:44.627033+09:00,93439567,dccd50fe,2026-09-28T21:47:44.627033+09:00,2026-09-28T21:47:44.662689+09:00,rail-left-01,rail-right-01,0.6.7-draft,0.6.7-draft,mqtt,mqtt,547.65,485.7,6.276,6.516,-0.243,-0.127,0.369,-0.425,10.347,9.638,-0.0649,0.0281,0.0374,0.053,-0.0065,-0.0027,27.02,27.29,15954,18601,1.994,2.325,5.983,6.975,920,920,92,92,24,23,0,0,-0.85410578,-0.82926525,-0.85410578,-0.82926525,-0.16815221,-0.18636649,-0.16815221,-0.18636649,0.45536774,0.44748084,-0.00263206,-0.00203087,-0.00475249,-0.00479991,0.70235,0.70235,0.45536774,0.44748084,0.0,0.0,813.0,563.0,0.9858,1.1018,1,1,0
2026-09-28T21:47:44.710497+09:00,93564412,dccd50fe,2026-09-28T21:47:44.710497+09:00,2026-09-28T21:47:44.747137+09:00,rail-left-01,rail-right-01,0.6.7-draft,0.6.7-draft,mqtt,mqtt,554.21,491.56,6.262,6.51,-0.145,-0.059,0.239,-0.296,10.588,9.542,-0.0657,0.0288,0.0386,0.0528,-0.0063,0.0012,27.0,27.28,15918,18587,1.99,2.323,5.969,6.97,921,921,93,93,24,23,0,0,-0.84436771,-0.96487435,-0.84436771,-0.96487435,-0.18824649,-0.20133792,-0.18824649,-0.20133792,0.44690917,0.44271774,-0.00192779,-0.00128839,-0.00473629,-0.00362585,0.78135,0.93535,0.44690917,0.44271774,0.0,0.0,819.5,569.5,0.9858,1.1018,1,1,0
2026-09-28T21:47:44.730632+09:00,93584547,dccd50fe,2026-09-28T21:47:44.730632+09:00,2026-09-28T21:47:44.767272+09:00,rail-left-01,rail-right-01,0.6.7-draft,0.6.7-draft,mqtt,mqtt,555.3,492.51,6.266,6.508,-0.231,-0.108,0.298,-0.271,10.208,9.573,-0.0682,0.0293,0.0402,0.0525,-0.0079,-0.0007,27.01,27.3,15930,18583,1.991,2.323,5.974,6.969,922,922,93,93,24,23,0,0,-0.86003796,-0.95743576,-0.86003796,-0.95743576,-0.18982803,-0.2007276,-0.18982803,-0.2007276,0.4464584,0.44298084,-0.00181689,-0.0011133,-0.00461154,-0.00316203,0.78135,0.93535,0.4464584,0.44298084,0.0,0.0,820.6,570.6,0.9858,1.1018,1,1,0
2026-09-28T21:47:44.750724+09:00,93604639,dccd50fe,2026-09-28T21:47:44.750724+09:00,2026-09-28T21:47:44.787364+09:00,rail-left-01,rail-right-01,0.6.7-draft,0.6.7-draft,mqtt,mqtt,556.35,493.45,6.262,6.481,-0.107,0.018,-0.128,-0.417,10.295,9.637,-0.0641,0.0241,0.034,0.0522,-0.0056,-0.0032,26.99,27.27,15918,18523,1.99,2.315,5.969,6.946,923,923,93,93,24,23,0,0,-0.87550175,-0.94060167,-0.87550175,-0.94060167,-0.19144057,-0.19942055,-0.19144057,-0.19942055,0.44596695,0.44286484,-0.00174532,-0.00104451,-0.00453533,-0.00262237,0.78135,0.93535,0.44596695,0.44286484,0.0,0.0,821.6,571.6,0.9858,1.1018,1,1,0
2026-09-28T21:47:44.770644+09:00,93624559,dccd50fe,2026-09-28T21:47:44.770644+09:00,2026-09-28T21:47:44.807284+09:00,rail-left-01,rail-right-01,0.6.7-draft,0.6.7-draft,mqtt,mqtt,557.39,494.4,6.241,6.446,-0.135,-0.11,0.116,0.029,10.585,9.657,-0.0644,0.0204,0.0369,0.0542,-0.0065,-0.0065,27.02,27.3,15867,18446,1.983,2.306,5.95,6.917,924,924,93,93,24,23,0,0,-0.89089055,-0.93426685,-0.89089055,-0.93426685,-0.19368792,-0.19726123,-0.19368792,-0.19726123,0.4451356,0.44229443,-0.00178305,-0.0010773,-0.00465691,-0.00198501,0.78135,0.93535,0.4451356,0.44229443,0.0,0.0,822.6,572.6,0.9858,1.1018,1,1,0
2026-09-28T21:47:44.790875+09:00,93644790,dccd50fe,2026-09-28T21:47:44.790875+09:00,2026-09-28T21:47:44.827515+09:00,rail-left-01,rail-right-01,0.6.7-draft,0.6.7-draft,mqtt,mqtt,558.49,495.39,6.237,6.412,-0.02,0.043,0.133,-0.297,10.445,9.851,-0.0703,0.03,0.0386,0.056,-0.0108,-0.0088,27.01,27.27,15856,18369,1.982,2.296,5.946,6.888,925,925,93,93,24,23,0,0,-0.90578805,-0.91698578,-0.90578805,-0.91698578,-0.19591822,-0.19434085,-0.19591822,-0.19434085,0.44429262,0.44131737,-0.00182174,-0.00118588,-0.00476532,-0.00127842,0.78135,0.93535,0.44429262,0.44131737,0.0,0.0,823.7,573.7,0.9858,1.1018,1,1,0
2026-09-28T21:47:44.810905+09:00,93664820,dccd50fe,2026-09-28T21:47:44.810905+09:00,2026-09-28T21:47:44.847545+09:00,rail-left-01,rail-right-01,0.6.7-draft,0.6.7-draft,mqtt,mqtt,559.53,496.34,6.228,6.418,-0.147,-0.077,-0.324,-0.387,10.301,9.777,-0.0675,0.0272,0.0402,0.062,-0.0129,-0.0088,26.99,27.3,15835,18383,1.979,2.298,5.938,6.894,926,926,93,93,24,23,0,0,-0.92071871,-0.90911151,-0.92071871,-0.90911151,-0.19829983,-0.19171649,-0.19829983,-0.19171649,0.44335584,0.44046417,-0.00188152,-0.00126131,-0.00490492,-0.00070544,0.78135,0.93535,0.44335584,0.44046417,0.0,0.0,824.7,574.7,0.9858,1.1018,1,1,0
2026-09-28T21:47:44.830650+09:00,93684565,dccd50fe,2026-09-28T21:47:44.830650+09:00,2026-09-28T21:47:44.867290+09:00,rail-left-01,rail-right-01,0.6.7-draft,0.6.7-draft,mqtt,mqtt,560.57,497.23,6.219,6.42,-0.071,0.11,-0.043,0.057,10.742,9.742,-0.0686,0.0286,0.0352,0.0533,-0.0091,-0.002,27.02,27.27,15813,18388,1.977,2.299,5.93,6.896,927,927,93,93,24,23,0,0,-0.93525754,-0.88867266,-0.93525754,-0.88867266,-0.20081811,-0.18926893,-0.20081811,-0.18926893,0.44233433,0.43967697,-0.00195654,-0.00131885,-0.00506677,-0.00022417,0.93535,0.93535,0.44233433,0.43967697,0.0,0.0,825.7,575.7,0.9858,1.1018,1,1,0
2026-09-28T21:47:44.850589+09:00,93704504,dccd50fe,2026-09-28T21:47:44.850589+09:00,2026-09-28T21:47:44.887229+09:00,rail-left-01,rail-right-01,0.6.7-draft,0.6.7-draft,mqtt,mqtt,561.62,498.18,6.243,6.421,-0.165,-0.114,0.055,-0.318,10.634,9.778,-0.0705,0.0317,0.0305,0.0496,-0.0083,-0.0033,27.02,27.28,15872,18391,1.984,2.299,5.952,6.897,928,928,93,93,24,23,0,0,-0.94966649,-0.88434804,-0.94966649,-0.88434804,-0.20242899,-0.18696173,-0.20242899,-0.18696173,0.44175167,0.43893917,-0.0019271,-0.00136383,-0.0050134,0.00018692,0.93535,0.93535,0.44175167,0.43893917,0.0,0.0,826.8,576.8,0.9858,1.1018,1,1,0
2026-09-28T21:47:44.870529+09:00,93724444,dccd50fe,2026-09-28T21:47:44.870529+09:00,2026-09-28T21:47:44.907169+09:00,rail-left-01,rail-right-01,0.6.7-draft,0.6.7-draft,mqtt,mqtt,562.66,499.12,6.295,6.419,0.001,0.067,0.054,-0.132,10.302,9.626,-0.0683,0.0326,0.0288,0.0538,-0.0055,-0.0013,27.03,27.31,16002,18385,2.0,2.298,6.001,6.894,929,929,93,93,24,23,0,0,-0.96336184,-0.8683065,-0.96336184,-0.8683065,-0.20236649,-0.18471533,-0.20236649,-0.18471533,0.4419922,0.43821242,-0.00172575,-0.00140425,-0.00461131,0.00055107,0.93535,0.93535,0.4419922,0.43821242,0.0,0.0,827.8,577.8,0.9858,1.1018,1,1,0
2026-09-28T21:47:44.890718+09:00,93744633,dccd50fe,2026-09-28T21:47:44.890718+09:00,2026-09-28T21:47:44.927358+09:00,rail-left-01,rail-right-01,0.6.7-draft,0.6.7-draft,mqtt,mqtt,563.76,500.07,6.308,6.424,-0.135,-0.075,0.128,-0.492,10.399,9.825,-0.0687,0.0296,0.0297,0.056,-0.0053,-0.0013,27.02,27.29,16034,18397,2.004,2.3,6.013,6.899,930,930,93,93,24,23,0,0,-0.97685901,-0.86209319,-0.97685901,-0.86209319,-0.20192532,-0.18268467,-0.20192532,-0.18268467,0.44240976,0.43757553,-0.00151019,-0.00142787,-0.00417678,0.0008498,0.93535,0.93535,0.44240976,0.43757553,0.0,0.0,828.9,578.9,0.9858,1.1018,1,1,0
2026-09-28T21:47:44.973568+09:00,93829458,dccd50fe,2026-09-28T21:47:44.973568+09:00,2026-09-28T21:47:45.011122+09:00,rail-left-01,rail-right-01,0.6.7-draft,0.6.7-draft,mqtt,mqtt,568.23,504.09,6.31,6.423,-0.097,-0.093,0.012,-0.338,10.491,9.632,-0.0649,0.0354,0.0364,0.0561,-0.0099,-0.0028,27.02,27.28,16038,18395,2.005,2.299,6.014,6.898,931,931,94,94,24,23,0,0,-0.85998982,-0.87390818,-0.85998982,-0.87390818,-0.18069983,-0.13922104,-0.18069983,-0.13922104,0.43698917,0.44508008,-0.00143446,0.00017045,0.00113868,0.00559656,0.93535,0.93535,0.43698917,0.44508008,0.0,0.0,833.3,583.3,0.9858,1.1018,1,1,0
2026-09-28T21:47:44.993847+09:00,93849737,dccd50fe,2026-09-28T21:47:44.993847+09:00,2026-09-28T21:47:45.031401+09:00,rail-left-01,rail-right-01,0.6.7-draft,0.6.7-draft,mqtt,mqtt,569.27,505.04,6.349,6.427,-0.132,-0.004,-0.047,-0.077,10.245,9.731,-0.0537,0.0292,0.0293,0.052,-0.0091,-0.0072,27.02,27.26,16135,18404,2.017,2.301,6.051,6.902,932,932,94,94,24,23,0,0,-0.85886362,-0.86937004,-0.85886362,-0.86937004,-0.17795345,-0.13534864,-0.17795345,-0.13534864,0.43685221,0.44605524,-0.00136613,0.00029795,0.00152789,0.00585175,0.93535,0.93535,0.43685221,0.44605524,0.0,0.0,834.3,584.3,0.9858,1.1018,1,1,0
2026-09-28T21:47:45.013589+09:00,93869479,dccd50fe,2026-09-28T21:47:45.013589+09:00,2026-09-28T21:47:45.051143+09:00,rail-left-01,rail-right-01,0.6.7-draft,0.6.7-draft,mqtt,mqtt,570.32,505.98,6.402,6.424,-0.14,0.008,-0.068,-0.262,10.606,9.81,-0.0606,0.0345,0.0308,0.0498,-0.0093,-0.0037,27.02,27.27,16267,18397,2.033,2.3,6.1,6.899,933,933,94,94,24,23,0,0,-0.85862427,-0.86435543,-0.85862427,-0.86435543,-0.17419628,-0.13155947,-0.17419628,-0.13155947,0.43728491,0.44696987,-0.00121259,0.00040765,0.00204642,0.00607974,0.93535,0.93535,0.43728491,0.44696987,0.0,0.0,835.4,585.4,0.9858,1.1018,1,1,0
2026-09-28T21:47:45.033741+09:00,93889631,dccd50fe,2026-09-28T21:47:45.033741+09:00,2026-09-28T21:47:45.071295+09:00,rail-left-01,rail-right-01,0.6.7-draft,0.6.7-draft,mqtt,mqtt,571.36,506.93,6.436,6.429,-0.05,0.037,-0.069,-0.162,10.37,9.524,-0.0649,0.0293,0.0356,0.0573,-0.0072,-0.0051,27.01,27.24,16353,18408,2.044,2.301,6.132,6.903,934,934,94,94,24,23,0,0,-0.85905602,-0.85822778,-0.85905602,-0.85822778,-0.16988733,-0.12798718,-0.16988733,-0.12798718,0.43805375,0.44789607,-0.00102052,0.00051114,0.00260755,0.00626584,0.93535,0.93535,0.43805375,0.44789607,0.0,0.0,836.4,586.4,0.9858,1.1018,1,1,0
2026-09-28T21:47:45.054286+09:00,93910176,dccd50fe,2026-09-28T21:47:45.054286+09:00,2026-09-28T21:47:45.091840+09:00,rail-left-01,rail-right-01,0.6.7-draft,0.6.7-draft,mqtt,mqtt,572.46,507.92,6.446,6.439,-0.124,-0.073,0.17,-0.196,10.477,9.755,-0.0641,0.0302,0.0362,0.0549,-0.01,-0.0015,27.01,27.3,16378,18431,2.047,2.304,6.142,6.912,935,935,94,94,24,23,0,0,-0.86027796,-0.85747909,-0.86027796,-0.85747909,-0.16555017,-0.12470548,-0.16555017,-0.12470548,0.43889325,0.44887561,-0.00083412,0.00061468,0.00312799,0.00640451,0.93535,0.93535,0.43889325,0.44887561,0.0,0.0,837.5,587.5,0.9858,1.1018,1,1,0
2026-09-28T21:47:45.074230+09:00,93930120,dccd50fe,2026-09-28T21:47:45.074230+09:00,2026-09-28T21:47:45.111784+09:00,rail-left-01,rail-right-01,0.6.7-draft,0.6.7-draft,mqtt,mqtt,573.5,508.82,6.456,6.445,0.123,0.097,0.358,-0.266,10.418,9.767,-0.067,0.0294,0.0365,0.0528,-0.0073,0.0011,27.02,27.26,16401,18444,2.05,2.306,6.15,6.917,936,936,94,94,24,23,0,0,-0.8616583,-0.84874373,-0.8616583,-0.84874373,-0.16118649,-0.12163316,-0.16118649,-0.12163316,0.43979917,0.4498725,-0.00065335,0.00071373,0.00361236,0.00651074,0.93535,0.93535,0.43979917,0.4498725,0.0,0.0,838.5,588.5,0.9858,1.1018,1,1,0
2026-09-28T21:47:45.093765+09:00,93949655,dccd50fe,2026-09-28T21:47:45.093765+09:00,2026-09-28T21:47:45.131319+09:00,rail-left-01,rail-right-01,0.6.7-draft,0.6.7-draft,mqtt,mqtt,574.49,509.76,6.469,6.444,-0.33,-0.158,-0.002,-0.302,10.291,9.543,-0.0612,0.0309,0.0377,0.0517,-0.0084,-0.0036,27.01,27.27,16435,18440,2.054,2.305,6.163,6.915,937,937,94,94,24,23,0,0,-0.86413926,-0.85229558,-0.86413926,-0.85229558,-0.15673904,-0.11864518,-0.15673904,-0.11864518,0.44079701,0.45082851,-0.00047373,0.00080169,0.00407343,0.00660272,0.93535,0.93535,0.44079701,0.45082851,0.0,0.0,839.5,589.5,0.9858,1.1018,1,1,0
2026-09-28T21:47:45.113626+09:00,93969516,dccd50fe,2026-09-28T21:47:45.113626+09:00,2026-09-28T21:47:45.151180+09:00,rail-left-01,rail-right-01,0.6.7-draft,0.6.7-draft,mqtt,mqtt,575.54,510.71,6.489,6.441,0.072,0.066,0.005,-0.242,10.429,9.7,-0.062,0.0306,0.0398,0.0532,-0.0101,-0.0009,27.03,27.27,16483,18435,2.06,2.304,6.181,6.913,938,938,94,94,24,23,0,0,-0.8668132,-0.8453606,-0.8668132,-0.8453606,-0.15207803,-0.1157052,-0.15207803,-0.1157052,0.44194878,0.45172949,-0.00028555,0.0008779,0.00453329,0.00668599,0.93535,0.93535,0.44194878,0.45172949,0.0,0.0,840.5,590.5,0.9858,1.1018,1,1,0
2026-09-28T21:47:45.133722+09:00,93989612,dccd50fe,2026-09-28T21:47:45.133722+09:00,2026-09-28T21:47:45.171276+09:00,rail-left-01,rail-right-01,0.6.7-draft,0.6.7-draft,mqtt,mqtt,576.58,511.65,6.492,6.442,-0.075,-0.005,-0.108,-0.183,10.169,9.54,-0.0679,0.0322,0.0424,0.0554,-0.0113,-0.0128,27.01,27.29,16491,18437,2.061,2.305,6.184,6.914,939,939,94,94,24,23,0,0,-0.8699958,-0.84191887,-0.8699958,-0.84191887,-0.1475363,-0.11287443,-0.1475363,-0.11287443,0.4430854,0.4526098,-0.00011291,0.00094748,0.00494624,0.00675399,0.93535,0.93535,0.4430854,0.4526098,0.0,0.0,841.5,591.5,0.9858,1.1018,1,1,0
2026-09-28T21:47:45.153760+09:00,94009650,dccd50fe,2026-09-28T21:47:45.153760+09:00,2026-09-28T21:47:45.191314+09:00,rail-left-01,rail-right-01,0.6.7-draft,0.6.7-draft,mqtt,mqtt,577.63,512.6,6.484,6.446,-0.215,-0.059,-0.062,-0.187,10.514,9.832,-0.0659,0.0317,0.0386,0.0569,-0.0093,-0.004,27.02,27.26,16471,18446,2.059,2.306,6.177,6.917,940,940,94,94,24,23,0,0,-0.87387144,-0.84081946,-0.87387144,-0.84081946,-0.14331094,-0.11019462,-0.14331094,-0.11019462,0.44410584,0.45349386,3.209e-05,0.00101387,0.00529013,0.00680292,0.93535,0.93535,0.44410584,0.45349386,0.0,0.0,842.6,592.6,0.9858,1.1018,1,1,0
2026-09-28T21:47:45.237369+09:00,94092533,dccd50fe,2026-09-28T21:47:45.237369+09:00,2026-09-28T21:47:45.280764+09:00,rail-left-01,rail-right-01,0.6.7-draft,0.6.7-draft,mqtt,mqtt,581.95,516.47,6.475,6.446,-0.097,0.055,0.231,-0.268,10.366,9.687,-0.0605,0.0273,0.0426,0.0592,-0.0136,-0.0165,27.03,27.27,16449,18446,2.056,2.306,6.168,6.917,941,941,95,95,24,23,0,0,-0.84216992,-1.03053162,-0.84216992,-1.03053162,-0.10773572,-0.09336649,-0.10773572,-0.09336649,0.45428148,0.43318917,0.00106631,-0.00940142,0.00680592,-0.01880285,0.93535,0.75135,0.45428148,0.43318917,0.0,0.0,846.8,596.8,0.9858,1.1018,1,1,0
2026-09-28T21:47:45.257511+09:00,94112675,dccd50fe,2026-09-28T21:47:45.257511+09:00,2026-09-28T21:47:45.300906+09:00,rail-left-01,rail-right-01,0.6.7-draft,0.6.7-draft,mqtt,mqtt,583.0,517.42,6.451,6.487,-0.273,-0.213,0.157,-0.262,10.416,9.604,-0.0646,0.029,0.039,0.0564,-0.0091,-0.0049,26.99,27.28,16390,18537,2.049,2.317,6.146,6.951,942,942,95,95,24,23,0,0,-0.84429174,-1.05075094,-0.84429174,-1.05075094,-0.10571498,-0.10469983,-0.10571498,-0.10469983,0.45486341,0.43435584,0.00109089,-0.00403188,0.00675815,-0.02186039,0.93535,0.75135,0.45486341,0.43435584,0.0,0.0,847.9,597.9,0.9858,1.1018,1,1,0
2026-09-28T21:47:45.277449+09:00,94132613,dccd50fe,2026-09-28T21:47:45.277449+09:00,2026-09-28T21:47:45.320844+09:00,rail-left-01,rail-right-01,0.6.7-draft,0.6.7-draft,mqtt,mqtt,584.04,518.36,6.438,6.488,-0.114,-0.038,-0.005,-0.042,10.494,9.589,-0.0645,0.0258,0.0406,0.0578,-0.0161,-0.0148,27.01,27.27,16356,18538,2.045,2.317,6.134,6.952,943,943,95,95,24,23,0,0,-0.84686649,-0.99416978,-0.84686649,-0.99416978,-0.10394858,-0.11293792,-0.10394858,-0.11293792,0.45533096,0.4352606,0.00110077,-0.00199128,0.0066855,-0.02175525,0.93535,0.75135,0.45533096,0.4352606,0.0,0.0,848.9,598.9,0.9858,1.1018,1,1,0
2026-09-28T21:47:45.297562+09:00,94152726,dccd50fe,2026-09-28T21:47:45.297562+09:00,2026-09-28T21:47:45.340957+09:00,rail-left-01,rail-right-01,0.6.7-draft,0.6.7-draft,mqtt,mqtt,585.13,519.31,6.426,6.501,-0.192,-0.128,-0.259,-0.413,10.363,9.789,-0.0671,0.0308,0.04,0.0606,-0.0132,-0.0127,27.0,27.27,16326,18567,2.041,2.321,6.122,6.963,944,944,95,95,24,23,0,0,-0.84998155,-0.98263182,-0.84998155,-0.98263182,-0.10241061,-0.12074149,-0.10241061,-0.12074149,0.45569652,0.43675167,0.0010985,-0.00036398,0.00659241,-0.02195589,0.93535,0.75135,0.45569652,0.43675167,0.0,0.0,850.0,600.0,0.9858,1.1018,1,1,0
2026-09-28T21:47:45.317546+09:00,94172710,dccd50fe,2026-09-28T21:47:45.317546+09:00,2026-09-28T21:47:45.360941+09:00,rail-left-01,rail-right-01,0.6.7-draft,0.6.7-draft,mqtt,mqtt,586.18,520.2,6.409,6.51,-0.102,-0.006,0.212,-0.195,10.439,9.689,-0.0646,0.0296,0.0408,0.0592,-0.014,-0.0123,27.0,27.25,16284,18588,2.036,2.324,6.107,6.971,945,945,95,95,24,23,0,0,-0.85344958,-0.93576349,-0.85344958,-0.93576349,-0.10116359,-0.12781094,-0.10116359,-0.12781094,0.4559283,0.43841139,0.00108141,0.00085977,0.00647341,-0.02200377,0.93535,0.75135,0.4559283,0.43841139,0.0,0.0,851.0,601.0,0.9858,1.1018,1,1,0
2026-09-28T21:47:45.337516+09:00,94192680,dccd50fe,2026-09-28T21:47:45.337516+09:00,2026-09-28T21:47:45.380911+09:00,rail-left-01,rail-right-01,0.6.7-draft,0.6.7-draft,mqtt,mqtt,587.22,521.15,6.384,6.517,-0.054,-0.051,0.165,-0.29,10.441,9.638,-0.0666,0.0293,0.0421,0.0586,-0.01,-0.0096,27.0,27.27,16222,18603,2.028,2.325,6.083,6.976,946,946,95,95,24,23,0,0,-0.85717413,-0.91118749,-0.85717413,-0.91118749,-0.10030935,-0.13416649,-0.10030935,-0.13416649,0.45597488,0.44008917,0.00104482,0.00178887,0.00631888,-0.02180597,0.93535,0.75135,0.45597488,0.44008917,0.0,0.0,852.0,602.0,0.9858,1.1018,1,1,0
2026-09-28T21:47:45.357426+09:00,94212590,dccd50fe,2026-09-28T21:47:45.357426+09:00,2026-09-28T21:47:45.400821+09:00,rail-left-01,rail-right-01,0.6.7-draft,0.6.7-draft,mqtt,mqtt,588.27,522.09,6.378,6.526,-0.134,-0.04,0.212,-0.204,10.364,9.668,-0.067,0.0318,0.042,0.0598,-0.0083,-0.0028,26.99,27.27,16208,18622,2.026,2.328,6.078,6.983,947,947,95,95,24,23,0,0,-1.14671879,-0.88815169,-1.14671879,-0.88815169,-0.04736649,-0.14018467,-0.04736649,-0.14018467,0.45618917,0.44187099,0.0,0.00258219,0.0,-0.02161024,0.55735,0.75135,0.45618917,0.44187099,0.0,0.0,853.1,603.1,0.9858,1.1018,1,1,0
2026-09-28T21:47:45.377374+09:00,94232538,dccd50fe,2026-09-28T21:47:45.377374+09:00,2026-09-28T21:47:45.420769+09:00,rail-left-01,rail-right-01,0.6.7-draft,0.6.7-draft,mqtt,mqtt,589.31,523.04,6.348,6.54,-0.116,-0.113,0.158,-0.289,10.558,9.716,-0.0681,0.0312,0.0398,0.063,-0.0105,-0.0068,27.04,27.28,16133,18653,2.017,2.332,6.05,6.995,948,948,95,95,24,23,0,0,-1.16072491,-0.88603032,-1.16072491,-0.88603032,-0.06236649,-0.14636649,-0.06236649,-0.14636649,0.44868917,0.44393917,-0.02884615,0.00339554,-0.05769231,-0.02167029,0.75135,0.75135,0.44868917,0.44393917,0.0,0.0,854.1,604.1,0.9858,1.1018,1,1,0
2026-09-28T21:47:45.397500+09:00,94252664,dccd50fe,2026-09-28T21:47:45.397500+09:00,2026-09-28T21:47:45.440895+09:00,rail-left-01,rail-right-01,0.6.7-draft,0.6.7-draft,mqtt,mqtt,590.35,523.98,6.324,6.551,-0.117,-0.066,0.075,-0.39,10.489,9.543,-0.0648,0.0352,0.0428,0.059,-0.0116,-0.0057,26.99,27.28,16072,18678,2.009,2.335,6.027,7.004,949,949,95,95,24,23,0,0,-1.17506202,-0.87449392,-1.17506202,-0.87449392,-0.07536649,-0.15244342,-0.07536649,-0.15244342,0.44218917,0.44611225,-0.02596154,0.00412325,-0.05192308,-0.02174776,0.75135,0.75135,0.44218917,0.44611225,0.0,0.0,855.1,605.1,0.9858,1.1018,1,1,0
2026-09-28T21:47:45.417521+09:00,94272685,dccd50fe,2026-09-28T21:47:45.417521+09:00,2026-09-28T21:47:45.460916+09:00,rail-left-01,rail-right-01,0.6.7-draft,0.6.7-draft,mqtt,mqtt,591.4,524.93,6.305,6.561,-0.192,-0.056,0.038,-0.183,10.539,9.694,-0.0662,0.0305,0.0425,0.0602,-0.0128,-0.0071,27.03,27.26,16026,18701,2.003,2.338,6.01,7.013,950,950,95,95,24,23,0,0,-1.19114334,-0.86219084,-1.19114334,-0.86219084,-0.08661649,-0.15836649,-0.08661649,-0.15836649,0.43656417,0.44833203,-0.02329309,0.00475411,-0.04658617,-0.02178838,0.75135,0.75135,0.43656417,0.44833203,0.0,0.0,856.1,606.1,0.9858,1.1018,1,1,0
2026-09-28T21:47:45.552722+09:00,94362459,dccd50fe,2026-09-28T21:47:45.552722+09:00,2026-09-28T21:47:45.638206+09:00,rail-left-01,rail-right-01,0.6.7-draft,0.6.7-draft,mqtt,mqtt,596.12,529.1,6.297,6.57,-0.186,-0.117,-0.165,-0.133,10.529,9.742,-0.0629,0.0326,0.0437,0.062,-0.0129,-0.0055,27.03,27.25,16007,18721,2.001,2.34,6.003,7.02,951,951,96,96,24,23,0,0,-0.87241012,-0.98684217,-0.87241012,-0.98684217,-0.16403316,-0.24919983,-0.16403316,-0.24919983,0.44998917,0.43135584,0.00461575,-0.0036189,-0.01981668,-0.0248719,0.75135,1.00235,0.44998917,0.43135584,0.0,0.0,860.8,610.8,0.9858,1.1018,1,1,0
2026-09-28T21:47:45.572826+09:00,94382563,dccd50fe,2026-09-28T21:47:45.572826+09:00,2026-09-28T21:47:45.658310+09:00,rail-left-01,rail-right-01,0.6.7-draft,0.6.7-draft,mqtt,mqtt,597.17,530.05,6.199,6.62,0.004,0.095,0.067,-0.241,10.422,9.892,-0.0694,0.0318,0.0386,0.0566,-0.0113,-0.0009,27.02,27.26,15761,18831,1.97,2.354,5.91,7.062,952,952,96,96,24,23,0,0,-0.88267548,-0.95973476,-0.88267548,-0.95973476,-0.17511649,-0.25768649,-0.17511649,-0.25768649,0.44837667,0.43102917,0.00263839,-0.00322395,-0.02198364,-0.02446031,0.75135,1.00235,0.44837667,0.43102917,0.0,0.0,861.8,611.8,0.9858,1.1018,1,1,0
2026-09-28T21:47:45.592780+09:00,94402517,dccd50fe,2026-09-28T21:47:45.592780+09:00,2026-09-28T21:47:45.678264+09:00,rail-left-01,rail-right-01,0.6.7-draft,0.6.7-draft,mqtt,mqtt,598.21,530.94,6.184,6.63,-0.229,-0.126,0.188,-0.51,10.384,9.583,-0.0677,0.0334,0.0421,0.0597,-0.0081,-0.0013,27.03,27.27,15724,18854,1.966,2.357,5.897,7.07,953,953,96,96,24,23,0,0,-0.8945367,-0.95914969,-0.8945367,-0.95914969,-0.18577826,-0.26590495,-0.18577826,-0.26590495,0.4465127,0.43091994,0.00116192,-0.00285402,-0.02341192,-0.02415045,0.75135,1.00235,0.4465127,0.43091994,0.0,0.0,862.9,612.9,0.9858,1.1018,1,1,0
2026-09-28T21:47:45.612900+09:00,94422637,dccd50fe,2026-09-28T21:47:45.612900+09:00,2026-09-28T21:47:45.698384+09:00,rail-left-01,rail-right-01,0.6.7-draft,0.6.7-draft,mqtt,mqtt,599.3,531.89,6.186,6.643,-0.175,-0.049,0.4,-0.09,10.417,9.785,-0.0683,0.0298,0.0376,0.0576,-0.0129,-0.0056,27.02,27.27,15729,18883,1.966,2.36,5.898,7.081,954,954,96,96,24,23,0,0,-0.90717463,-0.95020369,-0.90717463,-0.95020369,-0.19514427,-0.27399612,-0.19514427,-0.27399612,0.44491139,0.43105954,0.0002025,-0.00248393,-0.02395792,-0.0239349,0.75135,1.00235,0.44491139,0.43105954,0.0,0.0,863.9,613.9,0.9858,1.1018,1,1,0
2026-09-28T21:47:45.632796+09:00,94442533,dccd50fe,2026-09-28T21:47:45.632796+09:00,2026-09-28T21:47:45.718280+09:00,rail-left-01,rail-right-01,0.6.7-draft,0.6.7-draft,mqtt,mqtt,600.35,532.83,6.17,6.657,-0.17,-0.053,0.092,-0.468,10.329,9.646,-0.065,0.0337,0.042,0.0626,-0.0125,-0.0127,27.01,27.26,15691,18914,1.961,2.364,5.884,7.093,955,955,96,96,24,23,0,0,-0.92047338,-0.9424799,-0.92047338,-0.9424799,-0.20436649,-0.28200935,-0.20436649,-0.28200935,0.44305759,0.43143917,-0.00064578,-0.00211166,-0.02441302,-0.02379733,0.75135,1.00235,0.44305759,0.43143917,0.0,0.0,865.0,615.0,0.9858,1.1018,1,1,0
2026-09-28T21:47:45.652840+09:00,94462577,dccd50fe,2026-09-28T21:47:45.652840+09:00,2026-09-28T21:47:45.738324+09:00,rail-left-01,rail-right-01,0.6.7-draft,0.6.7-draft,mqtt,mqtt,601.39,533.78,6.142,6.666,-0.139,-0.047,-0.024,-0.091,10.529,9.554,-0.0679,0.029,0.0448,0.0636,-0.0101,-0.0052,27.03,27.29,15620,18934,1.953,2.367,5.858,7.1,956,956,96,96,24,23,0,0,-0.93417015,-0.93481371,-0.93417015,-0.93481371,-0.21406649,-0.28978029,-0.21406649,-0.28978029,0.44068917,0.43194779,-0.00153395,-0.00176436,-0.025054,-0.02366638,0.75135,1.00235,0.44068917,0.43194779,0.0,0.0,866.0,616.0,0.9858,1.1018,1,1,0
2026-09-28T21:47:45.672830+09:00,94482567,dccd50fe,2026-09-28T21:47:45.672830+09:00,2026-09-28T21:47:45.758314+09:00,rail-left-01,rail-right-01,0.6.7-draft,0.6.7-draft,mqtt,mqtt,602.44,534.72,6.102,6.675,0.047,0.042,0.04,-0.204,10.809,9.839,-0.0661,0.0337,0.0452,0.061,-0.0104,-0.0065,27.05,27.27,15520,18954,1.94,2.369,5.82,7.108,957,957,96,96,24,23,0,0,-0.94718577,-0.91896336,-0.94718577,-0.91896336,-0.22474744,-0.29733316,-0.22474744,-0.29733316,0.43759393,0.4325725,-0.00254495,-0.00143779,-0.02602482,-0.02354223,1.00235,1.00235,0.43759393,0.4325725,0.0,0.0,867.0,617.0,0.9858,1.1018,1,1,0
2026-09-28T21:47:45.692771+09:00,94502508,dccd50fe,2026-09-28T21:47:45.692771+09:00,2026-09-28T21:47:45.778255+09:00,rail-left-01,rail-right-01,0.6.7-draft,0.6.7-draft,mqtt,mqtt,603.48,535.61,6.101,6.689,-0.193,-0.087,-0.043,-0.233,10.333,9.601,-0.0625,0.0344,0.0358,0.0509,-0.0101,-0.0061,27.0,27.28,15518,18985,1.94,2.373,5.819,7.119,958,958,96,96,24,23,0,0,-0.96055214,-0.91617438,-0.96055214,-0.91617438,-0.23450286,-0.30485036,-0.23450286,-0.30485036,0.43475735,0.43338272,-0.00329387,-0.00110894,-0.0265461,-0.02347021,1.00235,1.00235,0.43475735,0.43338272,0.0,0.0,868.0,618.0,0.9858,1.1018,1,1,0
2026-09-28T21:47:45.712888+09:00,94522625,dccd50fe,2026-09-28T21:47:45.712888+09:00,2026-09-28T21:47:45.798372+09:00,rail-left-01,rail-right-01,0.6.7-draft,0.6.7-draft,mqtt,mqtt,604.57,536.56,6.13,6.7,0.001,0.025,0.247,-0.22,10.313,9.603,-0.0665,0.0336,0.0408,0.0588,-0.0116,-0.0027,27.03,27.28,15591,19008,1.949,2.376,5.847,7.128,959,959,96,96,24,23,0,0,-0.97336662,-0.90358017,-0.97336662,-0.90358017,-0.2421491,-0.31224149,-0.2421491,-0.31224149,0.43279786,0.43431417,-0.00361981,-0.00079057,-0.02627627,-0.02340951,1.00235,1.00235,0.43279786,0.43431417,0.0,0.0,869.1,619.1,0.9858,1.1018,1,1,0
2026-09-28T21:47:45.732781+09:00,94542518,dccd50fe,2026-09-28T21:47:45.732781+09:00,2026-09-28T21:47:45.818265+09:00,rail-left-01,rail-right-01,0.6.7-draft,0.6.7-draft,mqtt,mqtt,605.62,537.5,6.138,6.704,-0.205,-0.105,0.096,-0.202,10.494,9.755,-0.0667,0.0348,0.0377,0.0517,-0.0109,-0.0035,27.02,27.27,15609,19018,1.951,2.377,5.853,7.132,960,960,96,96,24,23,0,0,,-0.9027776,,-0.9027776,,-0.31930589,,-0.31930589,,0.43524977,,-0.00050748,,-0.02330826,,1.00235,0.0,0.43524977,0.0,0.0,870.2,620.2,0.9858,1.1018,1,1,0
2026-09-28T21:47:45.906651+09:00,94719517,dccd50fe,2026-09-28T21:47:45.906651+09:00,2026-09-28T21:47:45.950005+09:00,rail-left-01,rail-right-01,0.6.7-draft,0.6.7-draft,mqtt,mqtt,614.92,545.76,6.143,6.709,-0.012,0.032,0.243,-0.165,10.579,9.491,-0.0636,0.0393,0.0382,0.0538,-0.0072,-0.004,27.03,27.29,15623,19029,1.953,2.379,5.859,7.136,961,961,97,97,24,23,0,0,-0.90764016,-0.92852999,-0.90764016,-0.92852999,-0.32580767,-0.3517719,-0.32580767,-0.3517719,0.43620387,0.43460809,-0.0001537,-0.00052376,-0.02219415,-0.02042518,1.00235,1.00235,0.43620387,0.43460809,0.0,0.0,879.3,629.3,0.9858,1.1018,1,1,0
2026-09-28T21:47:45.926776+09:00,94739642,dccd50fe,2026-09-28T21:47:45.926776+09:00,2026-09-28T21:47:45.970130+09:00,rail-left-01,rail-right-01,0.6.7-draft,0.6.7-draft,mqtt,mqtt,615.96,546.7,6.08,6.718,-0.251,-0.201,-0.087,-0.251,10.21,9.643,-0.0644,0.0361,0.0405,0.0569,-0.0125,-0.0088,27.02,27.26,15467,19048,1.933,2.381,5.8,7.143,962,962,97,97,24,23,0,0,-0.91363338,-0.93112033,-0.91363338,-0.93112033,-0.33373792,-0.36065597,-0.33373792,-0.36065597,0.43620345,0.43388654,-0.00013574,-0.00063583,-0.02176456,-0.01957434,1.00235,1.00235,0.43620345,0.43388654,0.0,0.0,880.3,630.3,0.9858,1.1018,1,1,0
2026-09-28T21:47:45.946728+09:00,94759594,dccd50fe,2026-09-28T21:47:45.946728+09:00,2026-09-28T21:47:45.990082+09:00,rail-left-01,rail-right-01,0.6.7-draft,0.6.7-draft,mqtt,mqtt,617.0,547.65,6.029,6.703,0.071,0.158,0.107,-0.06,10.36,9.77,-0.059,0.0306,0.0406,0.0605,-0.0105,-0.0047,27.0,27.28,15339,19015,1.917,2.377,5.752,7.131,963,963,97,97,24,23,0,0,-0.91961507,-0.90724545,-0.91961507,-0.90724545,-0.34264427,-0.36869983,-0.34264427,-0.36869983,0.43549472,0.43300968,-0.00030163,-0.00075883,-0.0217137,-0.01882674,1.00235,1.00235,0.43549472,0.43300968,0.0,0.0,881.4,631.4,0.9858,1.1018,1,1,0
2026-09-28T21:47:45.966744+09:00,94779610,dccd50fe,2026-09-28T21:47:45.966744+09:00,2026-09-28T21:47:46.010098+09:00,rail-left-01,rail-right-01,0.6.7-draft,0.6.7-draft,mqtt,mqtt,618.1,548.59,6.038,6.708,-0.183,-0.097,-0.099,-0.285,10.531,9.412,-0.0722,0.0282,0.039,0.0529,-0.0108,-0.0073,27.02,27.28,15361,19027,1.92,2.378,5.76,7.135,964,964,97,97,24,23,0,0,,-0.90301452,,-0.90301452,,-0.37646649,,-0.37646649,,0.43223917,,-0.00083425,,-0.01825417,,1.00235,0.0,0.43223917,0.0,0.0,882.5,632.5,0.9858,1.1018,1,1,0
2026-09-28T21:47:45.986989+09:00,94799855,dccd50fe,2026-09-28T21:47:45.986989+09:00,2026-09-28T21:47:46.030343+09:00,rail-left-01,rail-right-01,0.6.7-draft,0.6.7-draft,mqtt,mqtt,619.14,549.54,6.056,6.709,-0.117,0.001,0.17,-0.262,10.32,9.723,-0.0686,0.0337,0.0377,0.0528,-0.0111,-0.0032,27.01,27.27,15405,19029,1.926,2.379,5.777,7.136,965,965,97,97,24,23,0,0,,-0.89190122,,-0.89190122,,-0.38387869,,-0.38387869,,0.43151844,,-0.00088768,,-0.01777903,,1.00235,0.0,0.43151844,0.0,0.0,883.5,633.5,0.9858,1.1018,1,1,0
2026-09-28T21:47:46.006962+09:00,94819828,dccd50fe,2026-09-28T21:47:46.006962+09:00,2026-09-28T21:47:46.050316+09:00,rail-left-01,rail-right-01,0.6.7-draft,0.6.7-draft,mqtt,mqtt,620.19,550.48,6.078,6.705,-0.139,-0.002,0.366,0.071,10.404,9.838,-0.0665,0.0337,0.0369,0.0549,-0.0109,-0.0067,26.99,27.28,15461,19021,1.933,2.378,5.798,7.133,966,966,97,97,24,23,0,0,,-0.88145893,,-0.88145893,,-0.39084268,,-0.39084268,,0.43078441,,-0.0009366,,-0.01735151,,1.00235,0.0,0.43078441,0.0,0.0,884.5,634.5,0.9858,1.1018,1,1,0
2026-09-28T21:47:46.026712+09:00,94839578,dccd50fe,2026-09-28T21:47:46.026712+09:00,2026-09-28T21:47:46.070066+09:00,rail-left-01,rail-right-01,0.6.7-draft,0.6.7-draft,mqtt,mqtt,621.23,551.38,6.07,6.716,-0.136,-0.066,0.087,-0.54,10.372,9.844,-0.0657,0.0308,0.0421,0.0597,-0.0103,-0.0099,27.01,27.26,15441,19045,1.93,2.381,5.79,7.142,967,967,97,97,24,23,0,0,,-0.87571462,,-0.87571462,,-0.39773859,,-0.39773859,,0.43021242,,-0.0009526,,-0.01702014,,1.00235,0.0,0.43021242,0.0,0.0,885.5,635.5,0.9858,1.1018,1,1,0
2026-09-28T21:47:46.046768+09:00,94859634,dccd50fe,2026-09-28T21:47:46.046768+09:00,2026-09-28T21:47:46.090122+09:00,rail-left-01,rail-right-01,0.6.7-draft,0.6.7-draft,mqtt,mqtt,622.27,552.32,6.048,6.719,-0.141,-0.11,-0.066,-0.213,10.475,9.71,-0.061,0.0309,0.0378,0.0578,-0.0088,-0.0092,26.99,27.27,15385,19051,1.923,2.381,5.769,7.144,968,968,97,97,24,23,0,0,,-0.87317853,,-0.87317853,,-0.40438922,,-0.40438922,,0.42970053,,-0.00095865,,-0.01673018,,1.00235,0.0,0.42970053,0.0,0.0,886.6,636.6,0.9858,1.1018,1,1,0
2026-09-28T21:47:46.066834+09:00,94879700,dccd50fe,2026-09-28T21:47:46.066834+09:00,2026-09-28T21:47:46.110188+09:00,rail-left-01,rail-right-01,0.6.7-draft,0.6.7-draft,mqtt,mqtt,623.37,553.26,6.024,6.71,-0.007,0.059,-0.051,-0.103,10.444,9.679,-0.0667,0.0332,0.0382,0.0554,-0.0057,-0.0073,27.0,27.27,15326,19031,1.916,2.379,5.747,7.137,969,969,97,97,24,23,0,0,,-0.86005725,,-0.86005725,,-0.41054427,,-0.41054427,,0.42911139,,-0.0009773,,-0.016432,,1.00235,0.0,0.42911139,0.0,0.0,887.7,637.7,0.9858,1.1018,1,1,0
2026-09-28T21:47:46.087261+09:00,94900127,dccd50fe,2026-09-28T21:47:46.087261+09:00,2026-09-28T21:47:46.130615+09:00,rail-left-01,rail-right-01,0.6.7-draft,0.6.7-draft,mqtt,mqtt,624.46,554.21,6.008,6.704,-0.158,-0.085,0.042,-0.226,10.384,9.713,-0.0621,0.0294,0.038,0.0561,-0.0096,-0.0069,27.02,27.27,15287,19019,1.911,2.377,5.733,7.132,970,970,97,97,24,23,0,0,,-0.85642014,,-0.85642014,,-0.41630127,,-0.41630127,,0.42848265,,-0.00100097,,-0.01613714,,1.00235,0.0,0.42848265,0.0,0.0,888.7,638.7,0.9858,1.1018,1,1,0
2026-09-28T21:47:46.184272+09:00,95032599,dccd50fe,2026-09-28T21:47:46.184272+09:00,2026-09-28T21:47:46.265803+09:00,rail-left-01,rail-right-01,0.6.7-draft,0.6.7-draft,mqtt,mqtt,631.42,560.42,6.001,6.705,-0.16,-0.12,0.206,-0.299,10.312,9.552,-0.0649,0.0234,0.0325,0.0482,-0.0129,-0.0073,27.01,27.28,15270,19020,1.909,2.378,5.726,7.133,971,971,98,98,24,23,0,0,-0.85735389,,-0.85735389,,-0.42196224,,-0.42196224,,0.42780619,,-0.00102358,,-0.01569538,,1.00235,,0.42780619,0.0,0.0,0.0,895.6,645.6,0.9858,1.1018,1,1,0
2026-09-28T21:47:46.204460+09:00,95052787,dccd50fe,2026-09-28T21:47:46.204460+09:00,2026-09-28T21:47:46.285991+09:00,rail-left-01,rail-right-01,0.6.7-draft,0.6.7-draft,mqtt,mqtt,632.52,561.37,5.998,6.594,-0.142,0.025,0.223,-0.277,10.275,9.752,-0.0653,0.025,0.0309,0.0493,-0.0112,-0.0051,27.04,27.29,15258,18774,1.907,2.347,5.722,7.04,972,972,98,98,24,23,0,0,-0.85905447,-1.20895605,-0.85905447,-1.20895605,-0.42744983,-0.42036649,-0.42744983,-0.42036649,0.42712667,0.41768917,-0.00104524,0.0,-0.01531057,0.0,1.00235,0.61535,0.42744983,0.42036649,0.0,0.0,896.7,646.7,0.9858,1.1018,1,1,0
2026-09-28T21:47:46.224455+09:00,95072782,dccd50fe,2026-09-28T21:47:46.224455+09:00,2026-09-28T21:47:46.305986+09:00,rail-left-01,rail-right-01,0.6.7-draft,0.6.7-draft,mqtt,mqtt,633.56,562.31,5.999,6.552,-0.164,-0.056,0.028,-0.366,10.605,9.644,-0.0644,0.0262,0.0401,0.0561,-0.0147,-0.0139,27.01,27.29,15262,18681,1.908,2.335,5.723,7.005,973,973,98,98,24,23,0,0,-0.86158112,-1.13266093,-0.86158112,-1.13266093,-0.43269302,-0.39936649,-0.43269302,-0.39936649,0.42648509,0.40718917,-0.00106054,-0.04468085,-0.01496117,0.0893617,1.00235,0.61535,0.43269302,0.40718917,0.0,0.0,897.7,647.7,0.9858,1.1018,1,1,0
2026-09-28T21:47:46.244402+09:00,95092729,dccd50fe,2026-09-28T21:47:46.244402+09:00,2026-09-28T21:47:46.325933+09:00,rail-left-01,rail-right-01,0.6.7-draft,0.6.7-draft,mqtt,mqtt,634.6,563.26,6.025,6.547,-0.081,0.036,-0.272,-0.255,10.388,9.535,-0.0709,0.0341,0.0334,0.055,-0.0089,-0.0075,27.0,27.29,15329,18669,1.916,2.334,5.748,7.001,974,974,98,98,24,23,0,0,,-1.02113251,,-1.02113251,,-0.39069983,,-0.39069983,,0.40285584,,-0.02483297,,0.04966593,,0.61535,0.0,0.40285584,0.0,0.0,898.7,648.7,0.9858,1.1018,1,1,0
2026-09-28T21:47:46.264643+09:00,95112970,dccd50fe,2026-09-28T21:47:46.264643+09:00,2026-09-28T21:47:46.346174+09:00,rail-left-01,rail-right-01,0.6.7-draft,0.6.7-draft,mqtt,mqtt,635.65,564.2,6.085,6.547,-0.099,0.001,-0.183,-0.071,10.327,9.704,-0.0729,0.0332,0.0313,0.0524,-0.0065,-0.0019,27.04,27.27,15478,18669,1.935,2.334,5.804,7.001,975,975,98,98,24,23,0,0,,-0.98859774,,-0.98859774,,-0.38636649,,-0.38636649,,0.40068917,,-0.01545885,,0.0309177,,0.61535,0.0,0.40068917,0.0,0.0,899.8,649.8,0.9858,1.1018,1,1,0
2026-09-28T21:47:46.284649+09:00,95132976,dccd50fe,2026-09-28T21:47:46.284649+09:00,2026-09-28T21:47:46.366180+09:00,rail-left-01,rail-right-01,0.6.7-draft,0.6.7-draft,mqtt,mqtt,636.74,565.15,6.114,6.536,-0.066,-0.034,-0.078,-0.373,10.375,9.682,-0.0702,0.0294,0.0341,0.0562,-0.0099,-0.004,27.04,27.25,15551,18645,1.944,2.331,5.832,6.992,976,976,98,98,24,23,0,0,,-0.98921623,,-0.98921623,,-0.38156649,,-0.38156649,,0.39828917,,-0.01279781,,0.02559561,,0.61535,0.0,0.39828917,0.0,0.0,900.8,650.8,0.9858,1.1018,1,1,0
2026-09-28T21:47:46.304382+09:00,95152709,dccd50fe,2026-09-28T21:47:46.304382+09:00,2026-09-28T21:47:46.385913+09:00,rail-left-01,rail-right-01,0.6.7-draft,0.6.7-draft,mqtt,mqtt,637.79,566.04,6.117,6.529,0.02,0.135,0.03,-0.083,10.291,9.564,-0.0661,0.0329,0.0378,0.0508,-0.0092,-0.0065,27.0,27.26,15557,18629,1.945,2.329,5.834,6.986,977,977,98,98,24,23,0,0,,-0.90987065,,-0.90987065,,-0.37719983,,-0.37719983,,0.39610584,,-0.01138034,,0.02276068,,0.61535,0.0,0.39610584,0.0,0.0,901.9,651.9,0.9858,1.1018,1,1,0
2026-09-28T21:47:46.324315+09:00,95172642,dccd50fe,2026-09-28T21:47:46.324315+09:00,2026-09-28T21:47:46.405846+09:00,rail-left-01,rail-right-01,0.6.7-draft,0.6.7-draft,mqtt,mqtt,638.83,566.99,6.133,6.53,-0.117,0.006,0.119,-0.292,10.149,9.649,-0.0657,0.0328,0.0376,0.0545,-0.0049,-0.0076,27.02,27.25,15598,18632,1.95,2.329,5.849,6.987,978,978,98,98,24,23,0,0,,-0.90548409,,-0.90548409,,-0.37422364,,-0.37422364,,0.39461774,,-0.00951225,,0.0190245,,0.61535,0.0,0.39461774,0.0,0.0,902.9,652.9,0.9858,1.1018,1,1,0
2026-09-28T21:47:46.344348+09:00,95192675,dccd50fe,2026-09-28T21:47:46.344348+09:00,2026-09-28T21:47:46.425879+09:00,rail-left-01,rail-right-01,0.6.7-draft,0.6.7-draft,mqtt,mqtt,639.87,567.93,6.134,6.524,-0.074,-0.054,0.105,-0.085,10.476,9.657,-0.0701,0.0288,0.0378,0.0541,-0.0032,-0.0128,27.02,27.27,15600,18619,1.95,2.327,5.85,6.982,979,979,98,98,24,23,0,0,,-0.92354569,,-0.92354569,,-0.37124149,,-0.37124149,,0.39312667,,-0.0084681,,0.01693619,,0.61535,0.0,0.39312667,0.0,0.0,903.9,653.9,0.9858,1.1018,1,1,0
2026-09-28T21:47:46.364397+09:00,95212724,dccd50fe,2026-09-28T21:47:46.364397+09:00,2026-09-28T21:47:46.445928+09:00,rail-left-01,rail-right-01,0.6.7-draft,0.6.7-draft,mqtt,mqtt,640.92,568.83,6.153,6.511,-0.314,-0.195,0.014,-0.233,10.422,9.802,-0.0625,0.0308,0.0342,0.0564,-0.0075,-0.0084,27.01,27.28,15647,18590,1.956,2.324,5.868,6.971,980,980,98,98,24,23,0,0,,-0.98112089,,-0.98112089,,-0.3674776,,-0.3674776,,0.39124472,,-0.00836385,,0.0167277,,0.61535,0.0,0.39124472,0.0,0.0,905.0,655.0,0.9858,1.1018,1,1,0
2026-09-28T21:47:46.546967+09:00,95355841,dccd50fe,2026-09-28T21:47:46.546967+09:00,2026-09-28T21:47:46.585550+09:00,rail-left-01,rail-right-01,0.6.7-draft,0.6.7-draft,mqtt,mqtt,648.43,575.54,6.15,6.509,0.028,0.045,0.129,-0.49,10.461,9.811,-0.0666,0.0284,0.0329,0.0533,-0.0073,-0.0052,27.02,27.25,15639,18585,1.955,2.323,5.865,6.969,981,981,99,99,24,23,0,0,-1.03546221,,-1.03546221,,-0.36476649,,-0.36476649,,0.38958917,,-0.00465986,,0.00858784,,0.65435,,0.38958917,0.0,0.0,0.0,912.4,662.4,0.9858,1.1018,1,1,0
2026-09-28T21:47:46.567065+09:00,95375939,dccd50fe,2026-09-28T21:47:46.567065+09:00,2026-09-28T21:47:46.605648+09:00,rail-left-01,rail-right-01,0.6.7-draft,0.6.7-draft,mqtt,mqtt,649.47,576.48,6.404,6.477,-0.265,-0.164,0.286,-0.244,10.469,9.504,-0.064,0.0233,0.0348,0.0497,-0.0075,-0.0044,27.03,27.28,16272,18514,2.034,2.314,6.102,6.943,982,982,99,99,24,23,0,0,,,,,,,,,,,,,,,,,0.0,0.0,0.0,0.0,913.4,663.4,0.9858,1.1018,1,1,0
2026-09-28T21:47:46.587101+09:00,95395975,dccd50fe,2026-09-28T21:47:46.587101+09:00,2026-09-28T21:47:46.625683+09:00,rail-left-01,rail-right-01,0.6.7-draft,0.6.7-draft,mqtt,mqtt,650.56,577.43,6.413,6.437,0.078,0.177,0.069,-0.239,10.452,9.793,-0.0669,0.0353,0.0405,0.0536,-0.0068,-0.0089,27.0,27.26,16295,18425,2.037,2.303,6.111,6.909,983,983,99,99,24,23,0,0,,,,,,,,,,,,,,,,,0.0,0.0,0.0,0.0,914.5,664.5,0.9858,1.1018,1,1,0
2026-09-28T21:47:46.607076+09:00,95415950,dccd50fe,2026-09-28T21:47:46.607076+09:00,2026-09-28T21:47:46.645659+09:00,rail-left-01,rail-right-01,0.6.7-draft,0.6.7-draft,mqtt,mqtt,651.61,578.37,6.426,6.444,-0.066,0.061,-0.302,-0.232,10.379,9.679,-0.0675,0.0346,0.0426,0.0534,-0.0093,-0.0087,26.99,27.27,16326,18442,2.041,2.305,6.122,6.916,984,984,99,99,24,23,0,0,,-1.06426604,,-1.06426604,,-0.32500286,,-0.32500286,,0.40091644,,0.00622539,,0.02627485,,0.65435,0.0,0.40091644,0.0,0.0,915.5,665.5,0.9858,1.1018,1,1,0
2026-09-28T21:47:46.627271+09:00,95436145,dccd50fe,2026-09-28T21:47:46.627271+09:00,2026-09-28T21:47:46.665854+09:00,rail-left-01,rail-right-01,0.6.7-draft,0.6.7-draft,mqtt,mqtt,652.65,579.32,6.432,6.462,-0.208,-0.128,0.054,0.008,10.269,9.497,-0.0641,0.0349,0.0394,0.052,-0.0079,-0.0056,27.01,27.27,16341,18480,2.043,2.31,6.128,6.93,985,985,99,99,24,23,0,0,,-0.98785876,,-0.98785876,,-0.29336649,,-0.29336649,,0.41110584,,0.0073719,,0.02689013,,0.65435,0.0,0.41110584,0.0,0.0,916.5,666.5,0.9858,1.1018,1,1,0
2026-09-28T21:47:46.647244+09:00,95456118,dccd50fe,2026-09-28T21:47:46.647244+09:00,2026-09-28T21:47:46.685827+09:00,rail-left-01,rail-right-01,0.6.7-draft,0.6.7-draft,mqtt,mqtt,653.7,580.26,6.438,6.467,-0.063,0.045,0.144,-0.399,10.434,9.558,-0.0613,0.0342,0.0388,0.0538,-0.0113,-0.0069,27.01,27.27,16356,18492,2.045,2.312,6.134,6.935,986,986,99,99,24,23,0,0,,-0.88483362,,-0.88483362,,-0.26698188,,-0.26698188,,0.41991994,,0.00776959,,0.02673734,,0.65435,0.0,0.41991994,0.0,0.0,917.6,667.6,0.9858,1.1018,1,1,0
2026-09-28T21:47:46.666964+09:00,95475838,dccd50fe,2026-09-28T21:47:46.666964+09:00,2026-09-28T21:47:46.705547+09:00,rail-left-01,rail-right-01,0.6.7-draft,0.6.7-draft,mqtt,mqtt,654.74,581.21,6.424,6.466,-0.168,-0.089,0.061,-0.162,10.199,9.491,-0.061,0.03,0.0429,0.0614,-0.0092,-0.0085,27.01,27.25,16323,18491,2.04,2.311,6.121,6.934,987,987,99,99,24,23,0,0,,-0.82410893,,-0.82410893,,-0.24429506,,-0.24429506,,0.42743917,,0.00790403,,0.02646723,,0.65435,0.0,0.42743917,0.0,0.0,918.6,668.6,0.9858,1.1018,1,1,0
2026-09-28T21:47:46.686986+09:00,95495860,dccd50fe,2026-09-28T21:47:46.686986+09:00,2026-09-28T21:47:46.725569+09:00,rail-left-01,rail-right-01,0.6.7-draft,0.6.7-draft,mqtt,mqtt,655.78,582.15,6.385,6.467,-0.06,0.165,0.151,-0.238,10.184,9.635,-0.0761,0.0314,0.0282,0.0514,-0.0045,-0.0084,27.04,27.29,16225,18492,2.028,2.312,6.084,6.935,988,988,99,99,24,23,0,0,,-0.72287098,,-0.72287098,,-0.22469983,,-0.22469983,,0.43398917,,0.00794188,,0.02612519,,0.65435,0.0,0.43398917,0.0,0.0,919.6,669.6,0.9858,1.1018,1,1,0
2026-09-28T21:47:46.707121+09:00,95515995,dccd50fe,2026-09-28T21:47:46.707121+09:00,2026-09-28T21:47:46.745704+09:00,rail-left-01,rail-right-01,0.6.7-draft,0.6.7-draft,mqtt,mqtt,656.83,583.05,6.459,6.47,-0.245,-0.19,0.166,-0.578,10.473,9.606,-0.0758,0.0288,0.0288,0.0508,-0.0049,-0.0044,27.01,27.28,16409,18498,2.051,2.312,6.153,6.937,989,989,99,99,24,23,0,0,,-0.69798885,,-0.69798885,,-0.20774149,,-0.20774149,,0.43981417,,0.00794349,,0.02573193,,0.65435,0.0,0.43981417,0.0,0.0,920.6,670.6,0.9858,1.1018,1,1,0
2026-09-28T21:47:46.726988+09:00,95535862,dccd50fe,2026-09-28T21:47:46.726988+09:00,2026-09-28T21:47:46.765571+09:00,rail-left-01,rail-right-01,0.6.7-draft,0.6.7-draft,mqtt,mqtt,657.87,583.99,6.496,6.455,0.077,0.124,-0.151,-0.294,10.33,9.752,-0.0691,0.0328,0.0352,0.058,-0.0113,-0.0077,27.04,27.29,16502,18466,2.063,2.308,6.188,6.925,990,990,99,99,24,23,0,0,,-0.6231982,,-0.6231982,,-0.1918959,,-0.1918959,,0.4445127,,0.00783404,,0.02548203,,0.65435,0.0,0.4445127,0.0,0.0,921.7,671.7,0.9858,1.1018,1,1,0
2026-09-28T21:47:46.809098+09:00,95667457,dccd50fe,2026-09-28T21:47:46.809098+09:00,2026-09-28T21:47:46.890261+09:00,rail-left-01,rail-right-01,0.6.7-draft,0.6.7-draft,mqtt,mqtt,664.73,590.16,6.5,6.459,-0.184,-0.123,0.202,-0.613,10.424,9.554,-0.0645,0.0153,0.0562,0.0726,-0.0107,-0.0081,27.02,27.29,16512,18475,2.064,2.309,6.192,6.928,991,991,100,100,24,23,0,0,,,,,,,,,,,,,,,,,0.0,0.0,0.0,0.0,928.4,678.4,0.9858,1.1018,1,1,0
2026-09-28T21:47:46.829265+09:00,95687624,dccd50fe,2026-09-28T21:47:46.829265+09:00,2026-09-28T21:47:46.910428+09:00,rail-left-01,rail-right-01,0.6.7-draft,0.6.7-draft,mqtt,mqtt,665.78,591.1,6.439,6.766,-0.107,-0.045,-0.075,-0.136,10.251,9.641,-0.0695,0.0201,0.0442,0.0645,-0.0067,-0.0036,27.02,27.26,16359,19156,2.045,2.395,6.135,7.184,992,992,100,100,24,23,0,0,,,,,,,,,,,,,,,,,0.0,0.0,0.0,0.0,929.5,679.5,0.9858,1.1018,1,1,0
2026-09-28T21:47:46.849218+09:00,95707577,dccd50fe,2026-09-28T21:47:46.849218+09:00,2026-09-28T21:47:46.930381+09:00,rail-left-01,rail-right-01,0.6.7-draft,0.6.7-draft,mqtt,mqtt,666.82,592.05,6.447,6.834,-0.069,-0.032,0.06,-0.364,10.331,9.718,-0.0652,0.0216,0.0412,0.0659,-0.0081,-0.0063,27.0,27.26,16380,19307,2.048,2.413,6.143,7.24,993,993,100,100,24,23,0,0,,,,,,,,,,,,,,,,,0.0,0.0,0.0,0.0,930.5,680.5,0.9858,1.1018,1,1,0
2026-09-28T21:47:46.869213+09:00,95727572,dccd50fe,2026-09-28T21:47:46.869213+09:00,2026-09-28T21:47:46.950376+09:00,rail-left-01,rail-right-01,0.6.7-draft,0.6.7-draft,mqtt,mqtt,667.87,592.99,6.435,6.878,-0.12,0.029,-0.041,-0.32,10.54,9.667,-0.0718,0.0277,0.0409,0.0612,-0.0085,-0.0056,27.01,27.27,16349,19403,2.044,2.425,6.131,7.276,994,994,100,100,24,23,0,0,,,,,,,,,,,,,,,,,0.0,0.0,0.0,0.0,931.5,681.5,0.9858,1.1018,1,1,0
2026-09-28T21:47:46.889451+09:00,95747810,dccd50fe,2026-09-28T21:47:46.889451+09:00,2026-09-28T21:47:46.970614+09:00,rail-left-01,rail-right-01,0.6.7-draft,0.6.7-draft,mqtt,mqtt,668.91,593.93,6.434,6.909,-0.214,-0.117,0.078,-0.278,10.253,9.602,-0.0683,0.0309,0.043,0.0538,0.0004,0.0035,27.02,27.27,16347,19473,2.043,2.434,6.13,7.302,995,995,100,100,24,23,0,0,,,,,,,,,,,,,,,,,0.0,0.0,0.0,0.0,932.5,682.5,0.9858,1.1018,1,1,0
2026-09-28T21:47:46.909428+09:00,95767787,dccd50fe,2026-09-28T21:47:46.909428+09:00,2026-09-28T21:47:46.990591+09:00,rail-left-01,rail-right-01,0.6.7-draft,0.6.7-draft,mqtt,mqtt,669.95,594.88,6.43,6.92,-0.124,-0.05,-0.316,-0.518,10.423,9.789,-0.0705,0.0289,0.0378,0.0569,-0.0059,-0.0037,27.02,27.25,16336,19497,2.042,2.437,6.126,7.311,996,996,100,100,24,23,0,0,,-0.60502448,,-0.60502448,,-0.20531094,,-0.20531094,,0.4607725,,0.00925185,,0.01351502,,0.65435,0.0,0.4607725,0.0,0.0,933.6,683.6,0.9858,1.1018,1,1,0
2026-09-28T21:47:46.929221+09:00,95787580,dccd50fe,2026-09-28T21:47:46.929221+09:00,2026-09-28T21:47:47.010384+09:00,rail-left-01,rail-right-01,0.6.7-draft,0.6.7-draft,mqtt,mqtt,670.95,595.77,6.434,6.922,-0.092,0.022,0.279,0.062,10.424,9.777,-0.0689,0.0296,0.0373,0.0506,0.0001,0.0008,27.03,27.25,16348,19502,2.044,2.438,6.131,7.313,997,997,100,100,24,23,0,0,,-0.59086134,,-0.59086134,,-0.21741912,,-0.21741912,,0.47537338,,0.00987141,,0.00793526,,0.65435,0.0,0.47537338,0.0,0.0,934.6,684.6,0.9858,1.1018,1,1,0
2026-09-28T21:47:46.949198+09:00,95807557,dccd50fe,2026-09-28T21:47:46.949198+09:00,2026-09-28T21:47:47.030361+09:00,rail-left-01,rail-right-01,0.6.7-draft,0.6.7-draft,mqtt,mqtt,671.99,596.72,6.452,6.93,-0.175,-0.071,0.275,-0.535,10.502,9.652,-0.0698,0.0317,0.0401,0.0558,-0.0067,-0.0049,27.02,27.28,16392,19519,2.049,2.44,6.147,7.32,998,998,100,100,24,23,0,0,,-0.59153917,,-0.59153917,,-0.22871649,,-0.22871649,,0.48871417,,0.01021975,,0.00465278,,0.65435,0.0,0.48871417,0.0,0.0,935.6,685.6,0.9858,1.1018,1,1,0
2026-09-28T21:47:46.969171+09:00,95827530,dccd50fe,2026-09-28T21:47:46.969171+09:00,2026-09-28T21:47:47.050334+09:00,rail-left-01,rail-right-01,0.6.7-draft,0.6.7-draft,mqtt,mqtt,673.04,597.66,6.454,6.936,-0.12,-0.075,0.334,-0.239,10.538,9.65,-0.0679,0.0306,0.0354,0.0518,-0.0057,-0.0043,27.02,27.27,16397,19532,2.05,2.442,6.149,7.325,999,999,100,100,24,23,0,0,,-0.59270095,,-0.59270095,,-0.23922364,,-0.23922364,,0.50092726,,0.01043182,,0.00248542,,0.65435,0.0,0.50092726,0.0,0.0,936.6,686.6,0.9858,1.1018,1,1,0
2026-09-28T21:47:46.989393+09:00,95847752,dccd50fe,2026-09-28T21:47:46.989393+09:00,2026-09-28T21:47:47.070556+09:00,rail-left-01,rail-right-01,0.6.7-draft,0.6.7-draft,mqtt,mqtt,674.08,598.61,6.466,6.933,-0.14,-0.029,-0.031,-0.347,10.349,9.609,-0.0648,0.0313,0.0417,0.0633,-0.0128,-0.0163,27.0,27.27,16427,19525,2.053,2.441,6.16,7.322,1000,1000,100,100,24,23,0,0,,-0.58781257,,-0.58781257,,-0.24863922,,-0.24863922,,0.5119619,,0.01054211,,0.00098977,,0.65435,0.0,0.5119619,0.0,0.0,937.6,687.6,0.9858,1.1018,1,1,0
2026-09-28T21:47:47.128415+09:00,95973412,dccd50fe,2026-09-28T21:47:47.128415+09:00,2026-09-28T21:47:47.205054+09:00,rail-left-01,rail-right-01,0.6.7-draft,0.6.7-draft,mqtt,mqtt,680.64,604.47,6.464,6.942,0.113,0.232,0.04,-0.45,10.482,9.711,-0.0634,0.0314,0.0385,0.0524,-0.0107,-0.0037,27.02,27.27,16422,19545,2.053,2.443,6.158,7.329,1001,1001,101,101,24,23,0,0,,,,,,,,,,,,,,,,,0.0,0.0,0.0,0.0,944.1,694.1,0.9858,1.1018,1,1,0
2026-09-28T21:47:47.148569+09:00,95993566,dccd50fe,2026-09-28T21:47:47.148569+09:00,2026-09-28T21:47:47.225208+09:00,rail-left-01,rail-right-01,0.6.7-draft,0.6.7-draft,mqtt,mqtt,681.74,605.42,6.456,6.994,-0.341,-0.231,0.232,-0.136,10.58,9.75,-0.0646,0.0345,0.0366,0.0536,-0.0064,-0.0031,27.03,27.28,16403,19661,2.05,2.458,6.151,7.373,1002,1002,101,101,24,23,0,0,,,,,,,,,,,,,,,,,0.0,0.0,0.0,0.0,945.2,695.2,0.9858,1.1018,1,1,0
2026-09-28T21:47:47.168568+09:00,96013565,dccd50fe,2026-09-28T21:47:47.168568+09:00,2026-09-28T21:47:47.245207+09:00,rail-left-01,rail-right-01,0.6.7-draft,0.6.7-draft,mqtt,mqtt,682.78,606.36,6.482,6.995,-0.011,0.104,0.069,-0.342,10.399,9.746,-0.065,0.0337,0.0352,0.057,-0.0088,-0.0077,27.03,27.28,16466,19664,2.058,2.458,6.175,7.374,1003,1003,101,101,24,23,0,0,,,,,,,,,,,,,,,,,0.0,0.0,0.0,0.0,946.2,696.2,0.9858,1.1018,1,1,0
2026-09-28T21:47:47.188540+09:00,96033537,dccd50fe,2026-09-28T21:47:47.188540+09:00,2026-09-28T21:47:47.265179+09:00,rail-left-01,rail-right-01,0.6.7-draft,0.6.7-draft,mqtt,mqtt,683.83,607.31,6.487,6.998,-0.26,-0.144,-0.044,-0.429,10.415,9.641,-0.0653,0.0305,0.0378,0.0596,-0.0072,-0.0052,27.02,27.27,16480,19671,2.06,2.459,6.18,7.377,1004,1004,101,101,24,23,0,0,,,,,,,,,,,,,,,,,0.0,0.0,0.0,0.0,947.3,697.3,0.9858,1.1018,1,1,0
2026-09-28T21:47:47.208968+09:00,96053965,dccd50fe,2026-09-28T21:47:47.208968+09:00,2026-09-28T21:47:47.285607+09:00,rail-left-01,rail-right-01,0.6.7-draft,0.6.7-draft,mqtt,mqtt,684.87,608.25,6.472,7.002,-0.077,0.014,-0.181,-0.086,10.374,9.554,-0.0654,0.0321,0.045,0.0622,-0.002,-0.0097,27.01,27.25,16442,19678,2.055,2.46,6.166,7.379,1005,1005,101,101,24,23,0,0,,,,,,,,,,,,,,,,,0.0,0.0,0.0,0.0,948.3,698.3,0.9858,1.1018,1,1,0
2026-09-28T21:47:47.228973+09:00,96073970,dccd50fe,2026-09-28T21:47:47.228973+09:00,2026-09-28T21:47:47.305612+09:00,rail-left-01,rail-right-01,0.6.7-draft,0.6.7-draft,mqtt,mqtt,685.96,609.2,6.452,7.013,-0.056,0.113,0.036,-0.153,10.417,9.486,-0.0648,0.0364,0.0402,0.0592,-0.0005,0.0007,27.0,27.27,16393,19703,2.049,2.463,6.147,7.389,1006,1006,101,101,24,23,0,0,,,,,,,,,,,,,,,,,0.0,0.0,0.0,0.0,949.4,699.4,0.9858,1.1018,1,1,0
2026-09-28T21:47:47.248573+09:00,96093570,dccd50fe,2026-09-28T21:47:47.248573+09:00,2026-09-28T21:47:47.325212+09:00,rail-left-01,rail-right-01,0.6.7-draft,0.6.7-draft,mqtt,mqtt,686.96,610.09,6.456,7.017,-0.245,-0.061,0.188,-0.318,10.257,9.758,-0.0678,0.0324,0.039,0.0598,-0.0007,-0.0012,27.02,27.27,16403,19713,2.05,2.464,6.151,7.392,1007,1007,101,101,24,23,0,0,,,,,,,,,,,,,,,,,0.0,0.0,0.0,0.0,950.3,700.3,0.9858,1.1018,1,1,0
2026-09-28T21:47:47.268512+09:00,96113509,dccd50fe,2026-09-28T21:47:47.268512+09:00,2026-09-28T21:47:47.345151+09:00,rail-left-01,rail-right-01,0.6.7-draft,0.6.7-draft,mqtt,mqtt,688.05,611.04,6.453,7.035,-0.136,-0.114,0.351,-0.254,10.465,9.731,-0.0711,0.0338,0.037,0.059,-0.0043,-0.0011,27.02,27.27,16395,19753,2.049,2.469,6.148,7.407,1008,1008,101,101,24,23,0,0,,-1.07667845,,-1.07667845,,-0.54036649,,-0.54036649,,0.79868917,,0.0,,0.0,,0.62335,0.0,0.79868917,0.0,0.0,951.4,701.4,0.9858,1.1018,1,1,0
2026-09-28T21:47:47.288489+09:00,96133486,dccd50fe,2026-09-28T21:47:47.288489+09:00,2026-09-28T21:47:47.365128+09:00,rail-left-01,rail-right-01,0.6.7-draft,0.6.7-draft,mqtt,mqtt,689.1,611.98,6.467,7.043,-0.162,-0.11,0.261,-0.373,10.382,9.531,-0.0674,0.031,0.0333,0.0557,-0.0088,-0.0051,27.04,27.27,16428,19770,2.054,2.471,6.161,7.414,1009,1009,101,101,24,23,0,0,,-0.89855371,,-0.89855371,,-0.54436649,,-0.54436649,,0.80068917,,0.00851064,,-0.01702128,,0.62335,0.0,0.80068917,0.0,0.0,952.4,702.4,0.9858,1.1018,1,1,0
2026-09-28T21:47:47.308905+09:00,96153902,dccd50fe,2026-09-28T21:47:47.308905+09:00,2026-09-28T21:47:47.385544+09:00,rail-left-01,rail-right-01,0.6.7-draft,0.6.7-draft,mqtt,mqtt,690.14,612.93,6.474,7.037,-0.141,-0.119,0.056,-0.239,10.43,9.626,-0.0687,0.0358,0.0302,0.058,-0.0088,-0.0092,27.03,27.26,16446,19756,2.056,2.47,6.167,7.409,1010,1010,101,101,24,23,0,0,,-0.8466104,,-0.8466104,,-0.54369983,,-0.54369983,,0.80035584,,0.00104513,,-0.00209025,,0.62335,0.0,0.80035584,0.0,0.0,953.5,703.5,0.9858,1.1018,1,1,0
2026-09-28T21:47:47.436941+09:00,96289444,dccd50fe,2026-09-28T21:47:47.436941+09:00,2026-09-28T21:47:47.474120+09:00,rail-left-01,rail-right-01,0.6.7-draft,0.6.7-draft,mqtt,mqtt,697.3,619.34,6.479,7.034,-0.028,-0.002,-0.054,-0.012,10.454,9.705,-0.067,0.0344,0.0336,0.0542,-0.0071,-0.0067,27.02,27.27,16459,19750,2.057,2.469,6.172,7.406,1011,1011,102,102,24,23,0,0,,,,,,,,,,,,,,,,,0.0,0.0,0.0,0.0,960.5,710.5,0.9858,1.1018,1,1,0
2026-09-28T21:47:47.457084+09:00,96309587,dccd50fe,2026-09-28T21:47:47.457084+09:00,2026-09-28T21:47:47.494263+09:00,rail-left-01,rail-right-01,0.6.7-draft,0.6.7-draft,mqtt,mqtt,698.34,620.29,6.444,6.995,-0.198,-0.049,-0.151,-0.311,10.422,9.664,-0.0648,0.0357,0.0332,0.0485,-0.0051,-0.0063,27.02,27.28,16373,19664,2.047,2.458,6.14,7.374,1012,1012,102,102,24,23,0,0,,,,,,,,,,,,,,,,,0.0,0.0,0.0,0.0,961.6,711.6,0.9858,1.1018,1,1,0
2026-09-28T21:47:47.477035+09:00,96329538,dccd50fe,2026-09-28T21:47:47.477035+09:00,2026-09-28T21:47:47.514214+09:00,rail-left-01,rail-right-01,0.6.7-draft,0.6.7-draft,mqtt,mqtt,699.39,621.23,6.438,6.97,-0.113,-0.051,-0.032,-0.219,10.507,9.655,-0.0697,0.0346,0.0332,0.0538,-0.0056,-0.0033,27.04,27.29,16356,19609,2.045,2.451,6.134,7.353,1013,1013,102,102,24,23,0,0,,,,,,,,,,,,,,,,,0.0,0.0,0.0,0.0,962.6,712.6,0.9858,1.1018,1,1,0
2026-09-28T21:47:47.496948+09:00,96349451,dccd50fe,2026-09-28T21:47:47.496948+09:00,2026-09-28T21:47:47.534127+09:00,rail-left-01,rail-right-01,0.6.7-draft,0.6.7-draft,mqtt,mqtt,700.43,622.17,6.43,6.956,-0.136,-0.05,0.233,-0.28,10.376,9.627,-0.0686,0.0338,0.032,0.0566,-0.0069,-0.0039,27.01,27.27,16338,19577,2.042,2.447,6.127,7.341,1014,1014,102,102,24,23,0,0,,,,,,,,,,,,,,,,,0.0,0.0,0.0,0.0,963.6,713.6,0.9858,1.1018,1,1,0
2026-09-28T21:47:47.517540+09:00,96370043,dccd50fe,2026-09-28T21:47:47.517540+09:00,2026-09-28T21:47:47.554720+09:00,rail-left-01,rail-right-01,0.6.7-draft,0.6.7-draft,mqtt,mqtt,701.52,623.12,6.39,6.937,-0.073,-0.085,0.356,-0.186,10.458,9.847,-0.0679,0.0289,0.0324,0.0618,-0.0071,-0.0072,26.99,27.29,16238,19535,2.03,2.442,6.089,7.326,1015,1015,102,102,24,23,0,0,,,,,,,,,,,,,,,,,0.0,0.0,0.0,0.0,964.7,714.7,0.9858,1.1018,1,1,0
2026-09-28T21:47:47.537590+09:00,96390093,dccd50fe,2026-09-28T21:47:47.537590+09:00,2026-09-28T21:47:47.574769+09:00,rail-left-01,rail-right-01,0.6.7-draft,0.6.7-draft,mqtt,mqtt,702.57,624.06,6.399,6.935,-0.091,-0.045,-0.025,-0.123,10.604,9.562,-0.0582,0.0297,0.0262,0.0533,-0.0112,-0.0089,27.02,27.28,16260,19531,2.033,2.441,6.097,7.324,1016,1016,102,102,24,23,0,0,,,,,,,,,,,,,,,,,0.0,0.0,0.0,0.0,965.7,715.7,0.9858,1.1018,1,1,0
2026-09-28T21:47:47.557137+09:00,96409640,dccd50fe,2026-09-28T21:47:47.557137+09:00,2026-09-28T21:47:47.594317+09:00,rail-left-01,rail-right-01,0.6.7-draft,0.6.7-draft,mqtt,mqtt,703.61,625.01,6.432,6.936,-0.127,-0.034,-0.102,-0.383,10.351,9.675,-0.062,0.0341,0.0288,0.0522,-0.0105,-0.0049,27.02,27.27,16341,19532,2.043,2.442,6.128,7.325,1017,1017,102,102,24,23,0,0,,,,,,,,,,,,,,,,,0.0,0.0,0.0,0.0,966.8,716.8,0.9858,1.1018,1,1,0
2026-09-28T21:47:47.577020+09:00,96429523,dccd50fe,2026-09-28T21:47:47.577020+09:00,2026-09-28T21:47:47.614199+09:00,rail-left-01,rail-right-01,0.6.7-draft,0.6.7-draft,mqtt,mqtt,704.66,625.95,6.448,6.932,-0.132,-0.06,-0.001,-0.277,10.447,9.645,-0.0637,0.0325,0.0274,0.0546,-0.0099,-0.0021,27.0,27.26,16383,19524,2.048,2.441,6.144,7.321,1018,1018,102,102,24,23,0,0,,,,,,,,,,,,,,,,,0.0,0.0,0.0,0.0,967.8,717.8,0.9858,1.1018,1,1,0
2026-09-28T21:47:47.596958+09:00,96449461,dccd50fe,2026-09-28T21:47:47.596958+09:00,2026-09-28T21:47:47.634137+09:00,rail-left-01,rail-right-01,0.6.7-draft,0.6.7-draft,mqtt,mqtt,705.7,626.9,6.439,6.919,-0.059,0.049,0.092,-0.321,10.303,9.689,-0.0681,0.0272,0.022,0.0565,-0.01,-0.0067,27.0,27.28,16359,19494,2.045,2.437,6.135,7.31,1019,1019,102,102,24,23,0,0,,-0.9059978,,-0.9059978,,-0.52436649,,-0.52436649,,0.78018917,,-0.00510263,,0.00488918,,0.80235,0.0,0.78018917,0.0,0.0,968.8,718.8,0.9858,1.1018,1,1,0
2026-09-28T21:47:47.617178+09:00,96469681,dccd50fe,2026-09-28T21:47:47.617178+09:00,2026-09-28T21:47:47.654358+09:00,rail-left-01,rail-right-01,0.6.7-draft,0.6.7-draft,mqtt,mqtt,706.75,627.84,6.432,6.903,-0.168,-0.169,-0.127,-0.278,10.609,9.54,-0.0695,0.027,0.0344,0.0478,0.0029,-0.0043,27.01,27.28,16341,19460,2.043,2.433,6.128,7.298,1020,1020,102,102,24,23,0,0,,-0.91643929,,-0.91643929,,-0.50956649,,-0.50956649,,0.76648917,,-0.00528723,,0.00533342,,0.80235,0.0,0.76648917,0.0,0.0,969.8,719.8,0.9858,1.1018,1,1,0
2026-09-28T21:47:47.750896+09:00,96556440,dccd50fe,2026-09-28T21:47:47.750896+09:00,2026-09-28T21:47:47.836261+09:00,rail-left-01,rail-right-01,0.6.7-draft,0.6.7-draft,mqtt,mqtt,711.32,631.97,6.426,6.89,-0.2,-0.142,0.436,-0.207,10.458,9.951,-0.0689,0.0322,0.0356,0.0544,-0.0061,-0.0039,27.03,27.25,16326,19431,2.041,2.429,6.122,7.287,1021,1021,103,103,24,23,0,0,,,,,,,,,,,,,,,,,0.0,0.0,0.0,0.0,974.4,724.4,0.9858,1.1018,1,1,0
2026-09-28T21:47:47.770996+09:00,96576541,dccd50fe,2026-09-28T21:47:47.770996+09:00,2026-09-28T21:47:47.856361+09:00,rail-left-01,rail-right-01,0.6.7-draft,0.6.7-draft,mqtt,mqtt,712.36,632.91,6.475,6.819,-0.019,-0.065,0.107,-0.439,10.364,9.76,-0.0653,0.0298,0.0386,0.0598,-0.0148,-0.0109,27.02,27.29,16448,19274,2.056,2.409,6.168,7.228,1022,1022,103,103,24,23,0,0,,,,,,,,,,,,,,,,,0.0,0.0,0.0,0.0,975.4,725.4,0.9858,1.1018,1,1,0
2026-09-28T21:47:47.790927+09:00,96596471,dccd50fe,2026-09-28T21:47:47.790927+09:00,2026-09-28T21:47:47.876292+09:00,rail-left-01,rail-right-01,0.6.7-draft,0.6.7-draft,mqtt,mqtt,713.41,633.86,6.47,6.816,-0.132,-0.073,-0.177,-0.141,10.457,9.57,-0.0637,0.0322,0.0342,0.0572,-0.0115,-0.0059,27.0,27.29,16436,19266,2.055,2.408,6.164,7.225,1023,1023,103,103,24,23,0,0,,,,,,,,,,,,,,,,,0.0,0.0,0.0,0.0,976.4,726.4,0.9858,1.1018,1,1,0
2026-09-28T21:47:47.811113+09:00,96616657,dccd50fe,2026-09-28T21:47:47.811113+09:00,2026-09-28T21:47:47.896478+09:00,rail-left-01,rail-right-01,0.6.7-draft,0.6.7-draft,mqtt,mqtt,714.45,634.85,6.467,6.807,-0.068,-0.017,-0.135,-0.333,10.481,9.734,-0.0685,0.032,0.0324,0.0572,-0.0109,-0.0068,27.01,27.26,16430,19246,2.054,2.406,6.161,7.217,1024,1024,103,103,24,23,0,0,,,,,,,,,,,,,,,,,0.0,0.0,0.0,0.0,977.4,727.4,0.9858,1.1018,1,1,0
2026-09-28T21:47:47.831011+09:00,96636555,dccd50fe,2026-09-28T21:47:47.831011+09:00,2026-09-28T21:47:47.916376+09:00,rail-left-01,rail-right-01,0.6.7-draft,0.6.7-draft,mqtt,mqtt,715.5,635.8,6.47,6.785,-0.205,-0.147,-0.037,-0.079,10.473,9.699,-0.0693,0.0373,0.0337,0.0524,-0.0024,-0.0044,27.02,27.26,16437,19198,2.055,2.4,6.164,7.199,1025,1025,103,103,24,23,0,0,,,,,,,,,,,,,,,,,0.0,0.0,0.0,0.0,978.5,728.5,0.9858,1.1018,1,1,0
2026-09-28T21:47:47.850984+09:00,96656529,dccd50fe,2026-09-28T21:47:47.850984+09:00,2026-09-28T21:47:47.936350+09:00,rail-left-01,rail-right-01,0.6.7-draft,0.6.7-draft,mqtt,mqtt,716.54,636.74,6.471,6.776,-0.038,0.016,0.199,-0.255,10.32,9.725,-0.0638,0.0266,0.0421,0.0556,-0.008,-0.0097,27.02,27.27,16438,19177,2.055,2.397,6.164,7.191,1026,1026,103,103,24,23,0,0,,,,,,,,,,,,,,,,,0.0,0.0,0.0,0.0,979.5,729.5,0.9858,1.1018,1,1,0
2026-09-28T21:47:47.871076+09:00,96676620,dccd50fe,2026-09-28T21:47:47.871076+09:00,2026-09-28T21:47:47.956441+09:00,rail-left-01,rail-right-01,0.6.7-draft,0.6.7-draft,mqtt,mqtt,717.58,637.69,6.457,6.789,-0.086,-0.024,-0.066,-0.372,10.639,9.533,-0.0671,0.0269,0.0401,0.0545,-0.0019,-0.0029,27.01,27.27,16404,19206,2.051,2.401,6.152,7.202,1027,1027,103,103,24,23,0,0,,,,,,,,,,,,,,,,,0.0,0.0,0.0,0.0,980.5,730.5,0.9858,1.1018,1,1,0
2026-09-28T21:47:47.890979+09:00,96696523,dccd50fe,2026-09-28T21:47:47.890979+09:00,2026-09-28T21:47:47.976344+09:00,rail-left-01,rail-right-01,0.6.7-draft,0.6.7-draft,mqtt,mqtt,718.63,638.63,6.467,6.796,-0.041,0.004,0.225,-0.09,10.241,9.796,-0.065,0.0321,0.0369,0.058,-0.0065,-0.0056,27.02,27.28,16428,19222,2.054,2.403,6.161,7.208,1028,1028,103,103,24,23,0,0,,,,,,,,,,,,,,,,,0.0,0.0,0.0,0.0,981.6,731.6,0.9858,1.1018,1,1,0
2026-09-28T21:47:47.911214+09:00,96716758,dccd50fe,2026-09-28T21:47:47.911214+09:00,2026-09-28T21:47:47.996579+09:00,rail-left-01,rail-right-01,0.6.7-draft,0.6.7-draft,mqtt,mqtt,719.67,639.58,6.479,6.806,-0.183,-0.114,-0.097,-0.335,10.634,9.758,-0.0596,0.0293,0.0318,0.0537,-0.0077,-0.0024,26.98,27.27,16458,19244,2.057,2.406,6.172,7.217,1029,1029,103,103,24,23,0,0,,,,,,,,,,,,,,,,,0.0,0.0,0.0,0.0,982.6,732.6,0.9858,1.1018,1,1,0
2026-09-28T21:47:47.931038+09:00,96736582,dccd50fe,2026-09-28T21:47:47.931038+09:00,2026-09-28T21:47:48.016403+09:00,rail-left-01,rail-right-01,0.6.7-draft,0.6.7-draft,mqtt,mqtt,720.72,640.52,6.53,6.801,-0.042,0.038,0.163,-0.352,10.488,9.922,-0.0597,0.0308,0.0268,0.0506,-0.0079,-0.0056,26.98,27.27,16585,19233,2.073,2.404,6.219,7.212,1030,1030,103,103,24,23,0,0,,,,,,,,,,,,,,,,,0.0,0.0,0.0,0.0,983.6,733.6,0.9858,1.1018,1,1,0
2026-09-28T21:47:48.068568+09:00,96918434,dccd50fe,2026-09-28T21:47:48.068568+09:00,2026-09-28T21:47:48.108511+09:00,rail-left-01,rail-right-01,0.6.7-draft,0.6.7-draft,mqtt,mqtt,730.21,649.12,6.558,6.799,-0.104,-0.028,0.057,0.001,10.303,9.529,-0.0636,0.0312,0.0433,0.0585,-0.0077,-0.0061,26.99,27.3,16656,19229,2.082,2.404,6.246,7.211,1031,1031,104,104,24,23,0,0,,,,,,,,,,,,,,,,,0.0,0.0,0.0,0.0,993.0,743.0,0.9858,1.1018,1,1,0
2026-09-28T21:47:48.088644+09:00,96938510,dccd50fe,2026-09-28T21:47:48.088644+09:00,2026-09-28T21:47:48.128587+09:00,rail-left-01,rail-right-01,0.6.7-draft,0.6.7-draft,mqtt,mqtt,731.26,650.07,6.594,6.82,-0.032,0.006,0.066,-0.026,10.368,9.651,-0.0654,0.0316,0.0348,0.0557,-0.006,0.0012,27.02,27.29,16746,19276,2.093,2.41,6.28,7.229,1032,1032,104,104,24,23,0,0,,,,,,,,,,,,,,,,,0.0,0.0,0.0,0.0,994.0,744.0,0.9858,1.1018,1,1,0
2026-09-28T21:47:48.108600+09:00,96958466,dccd50fe,2026-09-28T21:47:48.108600+09:00,2026-09-28T21:47:48.148543+09:00,rail-left-01,rail-right-01,0.6.7-draft,0.6.7-draft,mqtt,mqtt,732.3,651.01,6.61,6.82,-0.087,-0.04,0.075,-0.262,10.415,9.779,-0.0614,0.032,0.0358,0.0546,-0.0116,-0.0036,26.99,27.25,16785,19275,2.098,2.409,6.294,7.228,1033,1033,104,104,24,23,0,0,,,,,,,,,,,,,,,,,0.0,0.0,0.0,0.0,995.0,745.0,0.9858,1.1018,1,1,0
2026-09-28T21:47:48.128724+09:00,96978590,dccd50fe,2026-09-28T21:47:48.128724+09:00,2026-09-28T21:47:48.168667+09:00,rail-left-01,rail-right-01,0.6.7-draft,0.6.7-draft,mqtt,mqtt,733.34,651.96,6.609,6.823,-0.11,-0.063,0.151,-0.278,10.405,9.706,-0.0666,0.0333,0.0374,0.0576,-0.0087,-0.0027,27.0,27.26,16783,19281,2.098,2.41,6.294,7.23,1034,1034,104,104,24,23,0,0,,,,,,,,,,,,,,,,,0.0,0.0,0.0,0.0,996.1,746.1,0.9858,1.1018,1,1,0
2026-09-28T21:47:48.148599+09:00,96998465,dccd50fe,2026-09-28T21:47:48.148599+09:00,2026-09-28T21:47:48.188542+09:00,rail-left-01,rail-right-01,0.6.7-draft,0.6.7-draft,mqtt,mqtt,734.39,652.9,6.599,6.822,-0.189,-0.019,0.081,-0.294,10.506,9.628,-0.0671,0.0282,0.0349,0.0529,-0.0112,-0.0113,27.0,27.29,16757,19279,2.095,2.41,6.284,7.23,1035,1035,104,104,24,23,0,0,,,,,,,,,,,,,,,,,0.0,0.0,0.0,0.0,997.1,747.1,0.9858,1.1018,1,1,0
2026-09-28T21:47:48.168584+09:00,97018450,dccd50fe,2026-09-28T21:47:48.168584+09:00,2026-09-28T21:47:48.208527+09:00,rail-left-01,rail-right-01,0.6.7-draft,0.6.7-draft,mqtt,mqtt,735.43,653.84,6.594,6.809,0.017,0.013,-0.057,-0.245,10.439,9.955,-0.0666,0.0333,0.0357,0.0568,-0.0063,-0.0064,27.01,27.28,16746,19251,2.093,2.406,6.28,7.219,1036,1036,104,104,24,23,0,0,,,,,,,,,,,,,,,,,0.0,0.0,0.0,0.0,998.1,748.1,0.9858,1.1018,1,1,0
2026-09-28T21:47:48.188671+09:00,97038537,dccd50fe,2026-09-28T21:47:48.188671+09:00,2026-09-28T21:47:48.228614+09:00,rail-left-01,rail-right-01,0.6.7-draft,0.6.7-draft,mqtt,mqtt,736.48,654.79,6.594,6.813,-0.086,-0.026,-0.081,-0.284,10.444,9.682,-0.0629,0.0282,0.0433,0.0609,-0.0124,-0.0099,26.99,27.28,16746,19259,2.093,2.407,6.28,7.222,1037,1037,104,104,24,23,0,0,,,,,,,,,,,,,,,,,0.0,0.0,0.0,0.0,999.2,749.2,0.9858,1.1018,1,1,0
2026-09-28T21:47:48.208680+09:00,97058546,dccd50fe,2026-09-28T21:47:48.208680+09:00,2026-09-28T21:47:48.248623+09:00,rail-left-01,rail-right-01,0.6.7-draft,0.6.7-draft,mqtt,mqtt,737.52,655.73,6.58,6.826,-0.101,-0.018,-0.031,-0.217,10.569,9.559,-0.069,0.0314,0.0405,0.0601,-0.0093,-0.0019,27.03,27.27,16711,19289,2.089,2.411,6.267,7.233,1038,1038,104,104,24,23,0,0,,,,,,,,,,,,,,,,,0.0,0.0,0.0,0.0,1000.2,750.2,0.9858,1.1018,1,1,0
2026-09-28T21:47:48.228611+09:00,97078478,dccd50fe,2026-09-28T21:47:48.228611+09:00,2026-09-28T21:47:48.268555+09:00,rail-left-01,rail-right-01,0.6.7-draft,0.6.7-draft,mqtt,mqtt,738.56,656.68,6.565,6.831,-0.085,-0.032,0.32,-0.227,10.302,9.81,-0.0655,0.0298,0.0433,0.0568,-0.0092,-0.0059,27.01,27.27,16674,19300,2.084,2.413,6.253,7.238,1039,1039,104,104,24,23,0,0,,,,,,,,,,,,,,,,,0.0,0.0,0.0,0.0,1001.2,751.2,0.9858,1.1018,1,1,0
2026-09-28T21:47:48.248815+09:00,97098681,dccd50fe,2026-09-28T21:47:48.248815+09:00,2026-09-28T21:47:48.288758+09:00,rail-left-01,rail-right-01,0.6.7-draft,0.6.7-draft,mqtt,mqtt,739.61,657.62,6.55,6.838,-0.119,-0.042,0.209,-0.29,10.353,9.645,-0.0702,0.032,0.0369,0.0545,-0.0055,-0.0004,26.99,27.27,16637,19316,2.08,2.414,6.239,7.243,1040,1040,104,104,24,23,0,0,,,,,,,,,,,,,,,,,0.0,0.0,0.0,0.0,1002.2,752.2,0.9858,1.1018,1,1,0
2026-09-28T21:47:48.331529+09:00,97190447,dccd50fe,2026-09-28T21:47:48.331529+09:00,2026-09-28T21:47:48.375216+09:00,rail-left-01,rail-right-01,0.6.7-draft,0.6.7-draft,mqtt,mqtt,744.43,661.9,6.548,6.836,-0.093,-0.093,-0.037,-0.417,10.312,9.561,-0.0685,0.0284,0.0392,0.0577,-0.0076,-0.0041,26.99,27.26,16631,19310,2.079,2.414,6.237,7.241,1041,1041,105,105,24,23,0,0,,,,,,,,,,,,,,,,,0.0,0.0,0.0,0.0,1007.0,757.0,0.9858,1.1018,1,1,0
2026-09-28T21:47:48.351660+09:00,97210578,dccd50fe,2026-09-28T21:47:48.351660+09:00,2026-09-28T21:47:48.395347+09:00,rail-left-01,rail-right-01,0.6.7-draft,0.6.7-draft,mqtt,mqtt,745.48,662.84,6.475,6.861,-0.01,-0.038,0.145,-0.115,10.406,9.759,-0.0701,0.0318,0.0374,0.0568,-0.0097,-0.0047,27.03,27.29,16448,19367,2.056,2.421,6.168,7.263,1042,1042,105,105,24,23,0,0,,,,,,,,,,,,,,,,,0.0,0.0,0.0,0.0,1008.0,758.0,0.9858,1.1018,1,1,0
2026-09-28T21:47:48.371713+09:00,97230631,dccd50fe,2026-09-28T21:47:48.371713+09:00,2026-09-28T21:47:48.415399+09:00,rail-left-01,rail-right-01,0.6.7-draft,0.6.7-draft,mqtt,mqtt,746.52,663.79,6.461,6.86,-0.109,-0.083,0.006,-0.073,10.382,9.893,-0.0673,0.03,0.0409,0.0616,-0.0119,-0.0069,27.0,27.29,16415,19365,2.052,2.421,6.156,7.262,1043,1043,105,105,24,23,0,0,,,,,,,,,,,,,,,,,0.0,0.0,0.0,0.0,1009.1,759.1,0.9858,1.1018,1,1,0
2026-09-28T21:47:48.391664+09:00,97250582,dccd50fe,2026-09-28T21:47:48.391664+09:00,2026-09-28T21:47:48.435351+09:00,rail-left-01,rail-right-01,0.6.7-draft,0.6.7-draft,mqtt,mqtt,747.56,664.73,6.444,6.878,-0.075,-0.007,-0.145,-0.43,10.622,9.89,-0.0644,0.0274,0.0402,0.0613,-0.0132,-0.0112,27.03,27.27,16373,19404,2.047,2.426,6.14,7.277,1044,1044,105,105,24,23,0,0,,,,,,,,,,,,,,,,,0.0,0.0,0.0,0.0,1010.1,760.1,0.9858,1.1018,1,1,0
2026-09-28T21:47:48.411521+09:00,97270439,dccd50fe,2026-09-28T21:47:48.411521+09:00,2026-09-28T21:47:48.455207+09:00,rail-left-01,rail-right-01,0.6.7-draft,0.6.7-draft,mqtt,mqtt,748.61,665.68,6.41,6.893,-0.104,-0.028,0.312,-0.235,10.442,9.714,-0.0677,0.0328,0.0462,0.0624,-0.01,-0.0079,27.02,27.24,16287,19437,2.036,2.43,6.108,7.289,1045,1045,105,105,24,23,0,0,,,,,,,,,,,,,,,,,0.0,0.0,0.0,0.0,1011.1,761.1,0.9858,1.1018,1,1,0
2026-09-28T21:47:48.432618+09:00,97291536,dccd50fe,2026-09-28T21:47:48.432618+09:00,2026-09-28T21:47:48.476304+09:00,rail-left-01,rail-right-01,0.6.7-draft,0.6.7-draft,mqtt,mqtt,749.75,666.67,6.391,6.915,-0.15,-0.072,0.12,-0.357,10.426,9.488,-0.0669,0.0293,0.0418,0.0581,-0.0104,-0.0096,27.01,27.26,16241,19485,2.03,2.436,6.09,7.307,1046,1046,105,105,24,23,0,0,,,,,,,,,,,,,,,,,0.0,0.0,0.0,0.0,1012.2,762.2,0.9858,1.1018,1,1,0
2026-09-28T21:47:48.452582+09:00,97311500,dccd50fe,2026-09-28T21:47:48.452582+09:00,2026-09-28T21:47:48.496269+09:00,rail-left-01,rail-right-01,0.6.7-draft,0.6.7-draft,mqtt,mqtt,750.8,667.62,6.355,6.934,-0.166,-0.19,0.266,-0.29,10.706,9.729,-0.0662,0.0338,0.0421,0.0632,-0.0147,-0.0115,27.0,27.24,16150,19529,2.019,2.441,6.056,7.323,1047,1047,105,105,24,23,0,0,,,,,,,,,,,,,,,,,0.0,0.0,0.0,0.0,1013.3,763.3,0.9858,1.1018,1,1,0
2026-09-28T21:47:48.471738+09:00,97330656,dccd50fe,2026-09-28T21:47:48.471738+09:00,2026-09-28T21:47:48.515425+09:00,rail-left-01,rail-right-01,0.6.7-draft,0.6.7-draft,mqtt,mqtt,751.79,668.51,6.351,6.941,-0.023,0.025,0.11,-0.344,10.512,9.786,-0.0641,0.0314,0.0412,0.0598,-0.0163,-0.012,27.04,27.27,16141,19544,2.018,2.443,6.053,7.329,1048,1048,105,105,24,23,0,0,,,,,,,,,,,,,,,,,0.0,0.0,0.0,0.0,1014.2,764.2,0.9858,1.1018,1,1,0
2026-09-28T21:47:48.491721+09:00,97350639,dccd50fe,2026-09-28T21:47:48.491721+09:00,2026-09-28T21:47:48.535408+09:00,rail-left-01,rail-right-01,0.6.7-draft,0.6.7-draft,mqtt,mqtt,752.83,669.41,6.333,6.948,-0.136,-0.141,-0.031,-0.245,10.594,9.742,-0.0682,0.0288,0.0389,0.0594,-0.0088,-0.0112,27.02,27.25,16095,19559,2.012,2.445,6.036,7.335,1049,1049,105,105,24,23,0,0,,,,,,,,,,,,,,,,,0.0,0.0,0.0,0.0,1015.3,765.3,0.9858,1.1018,1,1,0
2026-09-28T21:47:48.511684+09:00,97370602,dccd50fe,2026-09-28T21:47:48.511684+09:00,2026-09-28T21:47:48.555371+09:00,rail-left-01,rail-right-01,0.6.7-draft,0.6.7-draft,mqtt,mqtt,753.88,670.35,6.333,6.961,-0.163,-0.062,-0.013,-0.344,10.351,9.667,-0.0678,0.0333,0.042,0.0613,-0.0097,-0.0079,26.99,27.27,16095,19588,2.012,2.449,6.036,7.346,1050,1050,105,105,24,23,0,0,,,,,,,,,,,,,,,,,0.0,0.0,0.0,0.0,1016.3,766.3,0.9858,1.1018,1,1,0
2026-09-28T21:47:48.600327+09:00,97457555,dccd50fe,2026-09-28T21:47:48.600327+09:00,2026-09-28T21:47:48.677911+09:00,rail-left-01,rail-right-01,0.6.7-draft,0.6.7-draft,mqtt,mqtt,758.5,674.43,6.318,6.97,0.045,0.126,-0.023,-0.255,10.405,9.811,-0.0624,0.0293,0.0408,0.0602,-0.0111,-0.0049,27.02,27.29,16059,19607,2.007,2.451,6.022,7.353,1051,1051,106,106,24,23,0,0,,,,,,,,,,,,,,,,,0.0,0.0,0.0,0.0,1020.9,770.9,0.9858,1.1018,1,1,0
2026-09-28T21:47:48.620445+09:00,97477673,dccd50fe,2026-09-28T21:47:48.620445+09:00,2026-09-28T21:47:48.698029+09:00,rail-left-01,rail-right-01,0.6.7-draft,0.6.7-draft,mqtt,mqtt,759.55,675.37,6.336,7.01,-0.174,-0.102,0.165,-0.255,10.3,9.459,-0.0678,0.0314,0.0429,0.0606,-0.0076,-0.0053,27.0,27.28,16103,19696,2.013,2.462,6.039,7.386,1052,1052,106,106,24,23,0,0,,,,,,,,,,,,,,,,,0.0,0.0,0.0,0.0,1021.9,771.9,0.9858,1.1018,1,1,0
2026-09-28T21:47:48.640371+09:00,97497599,dccd50fe,2026-09-28T21:47:48.640371+09:00,2026-09-28T21:47:48.717955+09:00,rail-left-01,rail-right-01,0.6.7-draft,0.6.7-draft,mqtt,mqtt,760.64,676.32,6.322,7.028,-0.048,-0.055,0.038,-0.334,10.432,9.737,-0.0646,0.0328,0.038,0.0585,-0.008,-0.0028,26.96,27.28,16069,19737,2.009,2.467,6.026,7.401,1053,1053,106,106,24,23,0,0,,,,,,,,,,,,,,,,,0.0,0.0,0.0,0.0,1023.0,773.0,0.9858,1.1018,1,1,0
2026-09-28T21:47:48.660508+09:00,97517736,dccd50fe,2026-09-28T21:47:48.660508+09:00,2026-09-28T21:47:48.738092+09:00,rail-left-01,rail-right-01,0.6.7-draft,0.6.7-draft,mqtt,mqtt,761.68,677.26,6.301,7.037,-0.074,-0.109,0.315,-0.352,10.488,9.768,-0.0642,0.033,0.0417,0.0592,-0.0115,-0.0123,27.01,27.28,16016,19756,2.002,2.47,6.006,7.409,1054,1054,106,106,24,23,0,0,,,,,,,,,,,,,,,,,0.0,0.0,0.0,0.0,1024.0,774.0,0.9858,1.1018,1,1,0
2026-09-28T21:47:48.680439+09:00,97537667,dccd50fe,2026-09-28T21:47:48.680439+09:00,2026-09-28T21:47:48.758023+09:00,rail-left-01,rail-right-01,0.6.7-draft,0.6.7-draft,mqtt,mqtt,762.73,678.16,6.292,7.045,-0.205,-0.218,0.031,-0.048,10.319,9.464,-0.0693,0.0328,0.0428,0.0569,-0.0096,-0.0044,27.02,27.29,15993,19775,1.999,2.472,5.997,7.416,1055,1055,106,106,24,23,0,0,,,,,,,,,,,,,,,,,0.0,0.0,0.0,0.0,1025.0,775.0,0.9858,1.1018,1,1,0
2026-09-28T21:47:48.700574+09:00,97557802,dccd50fe,2026-09-28T21:47:48.700574+09:00,2026-09-28T21:47:48.778158+09:00,rail-left-01,rail-right-01,0.6.7-draft,0.6.7-draft,mqtt,mqtt,763.82,679.1,6.273,7.05,0.114,0.199,-0.165,-0.145,10.487,9.695,-0.0613,0.0322,0.041,0.0588,-0.0141,-0.0059,26.99,27.28,15947,19786,1.993,2.473,5.98,7.42,1056,1056,106,106,24,23,0,0,,,,,,,,,,,,,,,,,0.0,0.0,0.0,0.0,1026.1,776.1,0.9858,1.1018,1,1,0
2026-09-28T21:47:48.720503+09:00,97577731,dccd50fe,2026-09-28T21:47:48.720503+09:00,2026-09-28T21:47:48.798087+09:00,rail-left-01,rail-right-01,0.6.7-draft,0.6.7-draft,mqtt,mqtt,764.87,680.05,6.248,7.057,-0.273,-0.281,0.177,-0.202,10.758,9.675,-0.0637,0.0332,0.046,0.057,-0.0113,-0.0063,27.03,27.27,15885,19802,1.986,2.475,5.957,7.426,1057,1057,106,106,24,23,0,0,,,,,,,,,,,,,,,,,0.0,0.0,0.0,0.0,1027.1,777.1,0.9858,1.1018,1,1,0
2026-09-28T21:47:48.740435+09:00,97597663,dccd50fe,2026-09-28T21:47:48.740435+09:00,2026-09-28T21:47:48.818019+09:00,rail-left-01,rail-right-01,0.6.7-draft,0.6.7-draft,mqtt,mqtt,765.91,680.99,6.27,7.061,-0.2,0.012,-0.061,-0.381,10.718,9.851,-0.0685,0.0342,0.0297,0.0492,-0.0127,-0.0071,26.99,27.25,15938,19811,1.992,2.476,5.977,7.429,1058,1058,106,106,24,23,0,0,,,,,,,,,,,,,,,,,0.0,0.0,0.0,0.0,1028.2,778.2,0.9858,1.1018,1,1,0
2026-09-28T21:47:48.760405+09:00,97617633,dccd50fe,2026-09-28T21:47:48.760405+09:00,2026-09-28T21:47:48.837989+09:00,rail-left-01,rail-right-01,0.6.7-draft,0.6.7-draft,mqtt,mqtt,767.0,681.94,6.305,7.065,-0.11,-0.038,0.136,-0.387,10.382,9.489,-0.0714,0.0302,0.0396,0.0597,-0.0057,-0.0044,27.03,27.28,16027,19818,2.003,2.477,6.01,7.432,1059,1059,106,106,24,23,0,0,,,,,,,,,,,,,,,,,0.0,0.0,0.0,0.0,1029.2,779.2,0.9858,1.1018,1,1,0
2026-09-28T21:47:48.780671+09:00,97637899,dccd50fe,2026-09-28T21:47:48.780671+09:00,2026-09-28T21:47:48.858255+09:00,rail-left-01,rail-right-01,0.6.7-draft,0.6.7-draft,mqtt,mqtt,768.05,682.88,6.309,7.067,-0.208,-0.095,0.286,-0.083,10.479,9.717,-0.0648,0.0334,0.036,0.0525,-0.0047,-0.0032,27.02,27.29,16036,19823,2.005,2.478,6.014,7.434,1060,1060,106,106,24,23,0,0,,,,,,,,,,,,,,,,,0.0,0.0,0.0,0.0,1030.3,780.3,0.9858,1.1018,1,1,0
2026-09-28T21:47:48.905748+09:00,97760446,dccd50fe,2026-09-28T21:47:48.905748+09:00,2026-09-28T21:47:48.991825+09:00,rail-left-01,rail-right-01,0.6.7-draft,0.6.7-draft,mqtt,mqtt,774.56,688.6,6.312,7.066,-0.031,0.047,0.034,-0.25,10.416,9.641,-0.0679,0.0334,0.0397,0.055,-0.0093,-0.0037,27.02,27.27,16044,19822,2.006,2.478,6.017,7.433,1061,1061,107,107,24,23,0,0,,,,,,,,,,,,,,,,,0.0,0.0,0.0,0.0,1036.7,786.7,0.9858,1.1018,1,1,0
2026-09-28T21:47:48.925906+09:00,97780604,dccd50fe,2026-09-28T21:47:48.925906+09:00,2026-09-28T21:47:49.011983+09:00,rail-left-01,rail-right-01,0.6.7-draft,0.6.7-draft,mqtt,mqtt,775.65,689.54,6.221,7.046,-0.198,-0.109,0.038,-0.124,10.251,9.646,-0.0659,0.0308,0.0337,0.0522,-0.0085,-0.004,27.04,27.28,15818,19777,1.977,2.472,5.932,7.416,1062,1062,107,107,24,23,0,0,,,,,,,,,,,,,,,,,0.0,0.0,0.0,0.0,1037.8,787.8,0.9858,1.1018,1,1,0
2026-09-28T21:47:48.945843+09:00,97800541,dccd50fe,2026-09-28T21:47:48.945843+09:00,2026-09-28T21:47:49.031920+09:00,rail-left-01,rail-right-01,0.6.7-draft,0.6.7-draft,mqtt,mqtt,776.7,690.49,6.242,7.034,-0.057,0.025,0.311,-0.238,10.449,9.744,-0.0677,0.0329,0.0381,0.0517,-0.0097,-0.0044,27.02,27.29,15868,19750,1.984,2.469,5.951,7.406,1063,1063,107,107,24,23,0,0,,,,,,,,,,,,,,,,,0.0,0.0,0.0,0.0,1038.8,788.8,0.9858,1.1018,1,1,0
2026-09-28T21:47:48.965800+09:00,97820498,dccd50fe,2026-09-28T21:47:48.965800+09:00,2026-09-28T21:47:49.051877+09:00,rail-left-01,rail-right-01,0.6.7-draft,0.6.7-draft,mqtt,mqtt,777.79,691.38,6.248,7.026,-0.225,-0.175,-0.001,-0.34,10.29,9.671,-0.0681,0.0272,0.0349,0.0528,-0.0103,-0.0083,27.02,27.28,15885,19732,1.986,2.467,5.957,7.399,1064,1064,107,107,24,23,0,0,,,,,,,,,,,,,,,,,0.0,0.0,0.0,0.0,1039.9,789.9,0.9858,1.1018,1,1,0
2026-09-28T21:47:48.986028+09:00,97840726,dccd50fe,2026-09-28T21:47:48.986028+09:00,2026-09-28T21:47:49.072105+09:00,rail-left-01,rail-right-01,0.6.7-draft,0.6.7-draft,mqtt,mqtt,778.84,692.33,6.256,7.011,-0.018,-0.02,0.108,-0.29,10.495,9.633,-0.0666,0.0296,0.0349,0.0512,-0.0145,-0.0112,27.0,27.28,15903,19699,1.988,2.462,5.964,7.387,1065,1065,107,107,24,23,0,0,,,,,,,,,,,,,,,,,0.0,0.0,0.0,0.0,1040.9,790.9,0.9858,1.1018,1,1,0
2026-09-28T21:47:49.006549+09:00,97861247,dccd50fe,2026-09-28T21:47:49.006549+09:00,2026-09-28T21:47:49.092626+09:00,rail-left-01,rail-right-01,0.6.7-draft,0.6.7-draft,mqtt,mqtt,779.93,693.32,6.275,6.99,-0.14,-0.211,-0.108,-0.186,10.229,9.735,-0.0632,0.0314,0.0336,0.0497,-0.012,-0.0087,27.0,27.28,15952,19652,1.994,2.457,5.982,7.37,1066,1066,107,107,24,23,0,0,,,,,,,,,,,,,,,,,0.0,0.0,0.0,0.0,1042.0,792.0,0.9858,1.1018,1,1,0
2026-09-28T21:47:49.025752+09:00,97880450,dccd50fe,2026-09-28T21:47:49.025752+09:00,2026-09-28T21:47:49.111829+09:00,rail-left-01,rail-right-01,0.6.7-draft,0.6.7-draft,mqtt,mqtt,780.97,694.22,6.277,6.969,0.013,0.044,-0.114,-0.332,10.518,9.695,-0.0671,0.0306,0.03,0.0508,-0.0113,-0.0057,27.02,27.27,15955,19606,1.994,2.451,5.983,7.352,1067,1067,107,107,24,23,0,0,,,,,,,,,,,,,,,,,0.0,0.0,0.0,0.0,1043.0,793.0,0.9858,1.1018,1,1,0
2026-09-28T21:47:49.045857+09:00,97900555,dccd50fe,2026-09-28T21:47:49.045857+09:00,2026-09-28T21:47:49.131934+09:00,rail-left-01,rail-right-01,0.6.7-draft,0.6.7-draft,mqtt,mqtt,782.02,695.16,6.288,6.919,-0.077,0.005,0.05,-0.028,10.357,9.734,-0.0702,0.0245,0.022,0.041,-0.0061,-0.0044,27.02,27.27,15983,19495,1.998,2.437,5.994,7.311,1068,1068,107,107,24,23,0,0,,,,,,,,,,,,,,,,,0.0,0.0,0.0,0.0,1044.0,794.0,0.9858,1.1018,1,1,0
2026-09-28T21:47:49.065777+09:00,97920475,dccd50fe,2026-09-28T21:47:49.065777+09:00,2026-09-28T21:47:49.151854+09:00,rail-left-01,rail-right-01,0.6.7-draft,0.6.7-draft,mqtt,mqtt,783.11,696.11,6.35,6.883,-0.122,0.01,0.109,-0.33,10.472,9.543,-0.0729,0.0237,0.0281,0.0452,-0.0061,-0.0039,27.01,27.27,16138,19414,2.017,2.427,6.052,7.28,1069,1069,107,107,24,23,0,0,,,,,,,,,,,,,,,,,0.0,0.0,0.0,0.0,1045.1,795.1,0.9858,1.1018,1,1,0
2026-09-28T21:47:49.085935+09:00,97940633,dccd50fe,2026-09-28T21:47:49.085935+09:00,2026-09-28T21:47:49.172012+09:00,rail-left-01,rail-right-01,0.6.7-draft,0.6.7-draft,mqtt,mqtt,784.16,697.05,6.396,6.853,-0.121,0.018,0.116,-0.153,10.247,9.815,-0.0706,0.0288,0.0306,0.0464,-0.0092,-0.0092,27.03,27.27,16252,19349,2.032,2.419,6.095,7.256,1070,1070,107,107,24,23,0,0,,,,,,,,,,,,,,,,,0.0,0.0,0.0,0.0,1046.2,796.2,0.9858,1.1018,1,1,0
2026-09-28T21:47:49.257387+09:00,98074431,dccd50fe,2026-09-28T21:47:49.257387+09:00,2026-09-28T21:47:49.293933+09:00,rail-left-01,rail-right-01,0.6.7-draft,0.6.7-draft,mqtt,mqtt,791.27,703.31,6.408,6.843,-0.215,-0.162,0.102,-0.277,10.593,9.766,-0.0678,0.0294,0.0345,0.049,-0.0095,-0.0047,26.97,27.27,16283,19326,2.035,2.416,6.106,7.247,1071,1071,108,108,24,23,0,0,,,,,,,,,,,,,,,,,0.0,0.0,0.0,0.0,1053.2,803.2,0.9858,1.1018,1,1,0
2026-09-28T21:47:49.277527+09:00,98094571,dccd50fe,2026-09-28T21:47:49.277527+09:00,2026-09-28T21:47:49.314073+09:00,rail-left-01,rail-right-01,0.6.7-draft,0.6.7-draft,mqtt,mqtt,792.31,704.26,6.493,6.792,-0.102,-0.062,0.309,-0.176,10.529,9.749,-0.0621,0.03,0.037,0.0545,-0.0125,-0.0116,27.0,27.29,16495,19213,2.062,2.402,6.186,7.205,1072,1072,108,108,24,23,0,0,,,,,,,,,,,,,,,,,0.0,0.0,0.0,0.0,1054.2,804.2,0.9858,1.1018,1,1,0
2026-09-28T21:47:49.297465+09:00,98114509,dccd50fe,2026-09-28T21:47:49.297465+09:00,2026-09-28T21:47:49.334011+09:00,rail-left-01,rail-right-01,0.6.7-draft,0.6.7-draft,mqtt,mqtt,793.4,705.2,6.513,6.781,-0.169,-0.127,-0.218,-0.342,10.507,9.725,-0.0654,0.0261,0.0321,0.0528,-0.0091,-0.01,27.01,27.29,16544,19189,2.068,2.399,6.204,7.196,1073,1073,108,108,24,23,0,0,,,,,,,,,,,,,,,,,0.0,0.0,0.0,0.0,1055.3,805.3,0.9858,1.1018,1,1,0
2026-09-28T21:47:49.317402+09:00,98134446,dccd50fe,2026-09-28T21:47:49.317402+09:00,2026-09-28T21:47:49.353948+09:00,rail-left-01,rail-right-01,0.6.7-draft,0.6.7-draft,mqtt,mqtt,794.45,706.15,6.558,6.774,-0.128,-0.062,-0.187,-0.304,10.404,9.521,-0.0586,0.033,0.0298,0.0548,-0.0116,-0.0143,27.0,27.27,16655,19173,2.082,2.397,6.246,7.19,1074,1074,108,108,24,23,0,0,,,,,,,,,,,,,,,,,0.0,0.0,0.0,0.0,1056.3,806.3,0.9858,1.1018,1,1,0
2026-09-28T21:47:49.337884+09:00,98154928,dccd50fe,2026-09-28T21:47:49.337884+09:00,2026-09-28T21:47:49.374430+09:00,rail-left-01,rail-right-01,0.6.7-draft,0.6.7-draft,mqtt,mqtt,795.54,707.09,6.611,6.764,0.026,0.101,-0.062,-0.25,10.268,9.76,-0.0625,0.0329,0.0258,0.0521,-0.0083,-0.0092,27.0,27.29,16787,19150,2.098,2.394,6.295,7.181,1075,1075,108,108,24,23,0,0,,,,,,,,,,,,,,,,,0.0,0.0,0.0,0.0,1057.4,807.4,0.9858,1.1018,1,1,0
2026-09-28T21:47:49.357878+09:00,98174921,dccd50fe,2026-09-28T21:47:49.357878+09:00,2026-09-28T21:47:49.394423+09:00,rail-left-01,rail-right-01,0.6.7-draft,0.6.7-draft,mqtt,mqtt,796.59,708.04,6.653,6.77,0.038,0.024,0.133,-0.344,10.405,9.562,-0.064,0.0334,0.0384,0.0577,-0.0081,-0.0073,27.0,27.25,16893,19165,2.112,2.396,6.335,7.187,1076,1076,108,108,24,23,0,0,,,,,,,,,,,,,,,,,0.0,0.0,0.0,0.0,1058.4,808.4,0.9858,1.1018,1,1,0
2026-09-28T21:47:49.377448+09:00,98194492,dccd50fe,2026-09-28T21:47:49.377448+09:00,2026-09-28T21:47:49.413994+09:00,rail-left-01,rail-right-01,0.6.7-draft,0.6.7-draft,mqtt,mqtt,797.63,708.93,6.669,6.77,-0.181,-0.135,0.16,-0.219,10.514,9.691,-0.0669,0.0318,0.0326,0.0513,-0.0096,-0.0043,26.99,27.28,16932,19165,2.117,2.396,6.35,7.187,1077,1077,108,108,24,23,0,0,,,,,,,,,,,,,,,,,0.0,0.0,0.0,0.0,1059.4,809.4,0.9858,1.1018,1,1,0
2026-09-28T21:47:49.397400+09:00,98214444,dccd50fe,2026-09-28T21:47:49.397400+09:00,2026-09-28T21:47:49.433946+09:00,rail-left-01,rail-right-01,0.6.7-draft,0.6.7-draft,mqtt,mqtt,798.67,709.88,6.685,6.759,-0.04,-0.111,0.399,-0.22,10.344,9.688,-0.0663,0.0298,0.0357,0.056,-0.0116,-0.0075,27.0,27.27,16972,19141,2.122,2.393,6.365,7.178,1078,1078,108,108,24,23,0,0,,,,,,,,,,,,,,,,,0.0,0.0,0.0,0.0,1060.5,810.5,0.9858,1.1018,1,1,0
2026-09-28T21:47:49.417522+09:00,98234566,dccd50fe,2026-09-28T21:47:49.417522+09:00,2026-09-28T21:47:49.454068+09:00,rail-left-01,rail-right-01,0.6.7-draft,0.6.7-draft,mqtt,mqtt,799.72,710.82,6.694,6.746,-0.192,-0.134,0.023,-0.563,10.418,9.573,-0.0629,0.0264,0.036,0.0516,-0.0109,-0.0069,27.0,27.29,16995,19111,2.124,2.389,6.373,7.167,1079,1079,108,108,24,23,0,0,,,,,,,,,,,,,,,,,0.0,0.0,0.0,0.0,1061.5,811.5,0.9858,1.1018,1,1,0
2026-09-28T21:47:49.437615+09:00,98254659,dccd50fe,2026-09-28T21:47:49.437615+09:00,2026-09-28T21:47:49.474161+09:00,rail-left-01,rail-right-01,0.6.7-draft,0.6.7-draft,mqtt,mqtt,800.81,711.77,6.703,6.699,-0.011,0.087,-0.209,0.174,10.349,10.42,-0.0689,0.0338,0.027,0.0537,-0.0083,-0.0099,27.01,27.27,17017,19007,2.127,2.376,6.381,7.128,1080,1080,108,108,24,23,0,0,,,,,,,,,,,,,,,,,0.0,0.0,0.0,0.0,1062.6,812.6,0.9858,1.1018,1,1,0
2026-09-28T21:47:49.525681+09:00,98375615,dccd50fe,2026-09-28T21:47:49.525681+09:00,2026-09-28T21:47:49.561080+09:00,rail-left-01,rail-right-01,0.6.7-draft,0.6.7-draft,mqtt,mqtt,807.18,717.43,6.71,6.691,-0.139,-0.017,0.084,-0.256,10.344,9.626,-0.0659,0.0314,0.0354,0.052,-0.0067,-0.0092,27.0,27.28,17035,18988,2.129,2.374,6.388,7.121,1081,1081,109,109,24,23,0,0,,,,,,,,,,,,,,,,,0.0,0.0,0.0,0.0,1068.9,818.9,0.9858,1.1018,1,1,0
2026-09-28T21:47:49.545809+09:00,98395742,dccd50fe,2026-09-28T21:47:49.545809+09:00,2026-09-28T21:47:49.581207+09:00,rail-left-01,rail-right-01,0.6.7-draft,0.6.7-draft,mqtt,mqtt,808.27,718.38,6.723,6.682,-0.116,-0.09,0.151,-0.16,10.46,9.999,-0.0665,0.032,0.0385,0.0594,-0.0113,-0.0093,27.04,27.26,17066,18970,2.133,2.371,6.4,7.114,1082,1082,109,109,24,23,0,0,,,,,,,,,,,,,,,,,0.0,0.0,0.0,0.0,1069.9,819.9,0.9858,1.1018,1,1,0
2026-09-28T21:47:49.565747+09:00,98415681,dccd50fe,2026-09-28T21:47:49.565747+09:00,2026-09-28T21:47:49.601146+09:00,rail-left-01,rail-right-01,0.6.7-draft,0.6.7-draft,mqtt,mqtt,809.31,719.32,6.716,6.685,0.013,0.055,-0.083,-0.269,10.452,9.693,-0.0652,0.0318,0.038,0.0588,-0.0104,-0.0072,26.99,27.28,17048,18976,2.131,2.372,6.393,7.116,1083,1083,109,109,24,23,0,0,,,,,,,,,,,,,,,,,0.0,0.0,0.0,0.0,1071.0,821.0,0.9858,1.1018,1,1,0
2026-09-28T21:47:49.585698+09:00,98435632,dccd50fe,2026-09-28T21:47:49.585698+09:00,2026-09-28T21:47:49.621096+09:00,rail-left-01,rail-right-01,0.6.7-draft,0.6.7-draft,mqtt,mqtt,810.36,720.27,6.701,6.677,-0.113,-0.089,-0.043,-0.242,10.489,9.631,-0.0642,0.0344,0.0393,0.0577,-0.0097,-0.0079,27.0,27.29,17011,18959,2.126,2.37,6.379,7.11,1084,1084,109,109,24,23,0,0,,,,,,,,,,,,,,,,,0.0,0.0,0.0,0.0,1072.0,822.0,0.9858,1.1018,1,1,0
2026-09-28T21:47:49.605890+09:00,98455823,dccd50fe,2026-09-28T21:47:49.605890+09:00,2026-09-28T21:47:49.641288+09:00,rail-left-01,rail-right-01,0.6.7-draft,0.6.7-draft,mqtt,mqtt,811.45,721.21,6.695,6.678,0.034,0.091,-0.122,-0.292,10.336,9.474,-0.0698,0.0326,0.039,0.0572,-0.0076,-0.0035,27.01,27.27,16996,18961,2.125,2.37,6.373,7.11,1085,1085,109,109,24,23,0,0,,,,,,,,,,,,,,,,,0.0,0.0,0.0,0.0,1073.1,823.1,0.9858,1.1018,1,1,0
2026-09-28T21:47:49.625913+09:00,98475847,dccd50fe,2026-09-28T21:47:49.625913+09:00,2026-09-28T21:47:49.661312+09:00,rail-left-01,rail-right-01,0.6.7-draft,0.6.7-draft,mqtt,mqtt,812.5,722.16,6.676,6.674,-0.207,-0.132,0.304,0.026,10.544,9.774,-0.0638,0.0341,0.0409,0.0569,-0.0104,-0.0017,27.0,27.28,16950,18951,2.119,2.369,6.356,7.107,1086,1086,109,109,24,23,0,0,,,,,,,,,,,,,,,,,0.0,0.0,0.0,0.0,1074.1,824.1,0.9858,1.1018,1,1,0
2026-09-28T21:47:49.645835+09:00,98495769,dccd50fe,2026-09-28T21:47:49.645835+09:00,2026-09-28T21:47:49.681234+09:00,rail-left-01,rail-right-01,0.6.7-draft,0.6.7-draft,mqtt,mqtt,813.54,723.1,6.677,6.678,-0.086,-0.053,0.299,-0.466,10.406,9.659,-0.0654,0.0325,0.0394,0.0569,-0.0112,-0.0081,27.0,27.27,16953,18960,2.119,2.37,6.357,7.11,1087,1087,109,109,24,23,0,0,,,,,,,,,,,,,,,,,0.0,0.0,0.0,0.0,1075.1,825.1,0.9858,1.1018,1,1,0
2026-09-28T21:47:49.665776+09:00,98515709,dccd50fe,2026-09-28T21:47:49.665776+09:00,2026-09-28T21:47:49.701174+09:00,rail-left-01,rail-right-01,0.6.7-draft,0.6.7-draft,mqtt,mqtt,814.58,724.05,6.687,6.682,-0.121,-0.018,0.054,-0.287,10.417,9.627,-0.0658,0.0301,0.0416,0.0553,-0.0103,-0.0089,27.02,27.26,16978,18970,2.122,2.371,6.367,7.114,1088,1088,109,109,24,23,0,0,,,,,,,,,,,,,,,,,0.0,0.0,0.0,0.0,1076.1,826.1,0.9858,1.1018,1,1,0
2026-09-28T21:47:49.685726+09:00,98535660,dccd50fe,2026-09-28T21:47:49.685726+09:00,2026-09-28T21:47:49.721125+09:00,rail-left-01,rail-right-01,0.6.7-draft,0.6.7-draft,mqtt,mqtt,815.68,724.99,6.675,6.689,-0.036,-0.09,-0.249,-0.279,10.466,9.687,-0.0683,0.0313,0.0384,0.0585,-0.0044,-0.0101,27.01,27.26,16946,18985,2.118,2.373,6.355,7.119,1089,1089,109,109,24,23,0,0,,,,,,,,,,,,,,,,,0.0,0.0,0.0,0.0,1077.2,827.2,0.9858,1.1018,1,1,0
2026-09-28T21:47:49.705940+09:00,98555874,dccd50fe,2026-09-28T21:47:49.705940+09:00,2026-09-28T21:47:49.741339+09:00,rail-left-01,rail-right-01,0.6.7-draft,0.6.7-draft,mqtt,mqtt,816.72,725.94,6.687,6.684,0.035,0.055,-0.146,-0.028,10.432,9.662,-0.0675,0.0341,0.0382,0.0542,-0.0035,-0.0023,27.01,27.28,16978,18974,2.122,2.372,6.367,7.115,1090,1090,109,109,24,23,0,0,,,,,,,,,,,,,,,,,0.0,0.0,0.0,0.0,1078.3,828.3,0.9858,1.1018,1,1,0
2026-09-28T21:47:49.789762+09:00,98643440,dccd50fe,2026-09-28T21:47:49.789762+09:00,2026-09-28T21:47:49.872946+09:00,rail-left-01,rail-right-01,0.6.7-draft,0.6.7-draft,mqtt,mqtt,821.35,730.11,6.679,6.686,0.178,0.198,-0.277,-0.093,10.445,9.665,-0.0645,0.0336,0.0396,0.0558,-0.0069,-0.0053,26.99,27.28,16957,18979,2.12,2.372,6.359,7.117,1091,1091,110,110,24,23,0,0,,,,,,,,,,,,,,,,,0.0,0.0,0.0,0.0,1082.8,832.8,0.9858,1.1018,1,1,0
2026-09-28T21:47:49.809879+09:00,98663557,dccd50fe,2026-09-28T21:47:49.809879+09:00,2026-09-28T21:47:49.893063+09:00,rail-left-01,rail-right-01,0.6.7-draft,0.6.7-draft,mqtt,mqtt,822.44,731.06,6.704,6.705,-0.178,-0.17,0.128,-0.207,10.396,9.712,-0.0693,0.0328,0.038,0.0541,-0.0035,0.0004,27.0,27.27,17020,19020,2.128,2.378,6.383,7.133,1092,1092,110,110,24,23,0,0,,,,,,,,,,,,,,,,,0.0,0.0,0.0,0.0,1083.9,833.9,0.9858,1.1018,1,1,0
2026-09-28T21:47:49.829872+09:00,98683550,dccd50fe,2026-09-28T21:47:49.829872+09:00,2026-09-28T21:47:49.913057+09:00,rail-left-01,rail-right-01,0.6.7-draft,0.6.7-draft,mqtt,mqtt,823.48,732.0,6.698,6.697,0.022,0.101,0.418,-0.105,10.56,9.809,-0.0675,0.0338,0.0338,0.0509,-0.0059,-0.0044,27.0,27.27,17005,19002,2.126,2.375,6.377,7.126,1093,1093,110,110,24,23,0,0,,,,,,,,,,,,,,,,,0.0,0.0,0.0,0.0,1084.9,834.9,0.9858,1.1018,1,1,0
2026-09-28T21:47:49.849804+09:00,98703482,dccd50fe,2026-09-28T21:47:49.849804+09:00,2026-09-28T21:47:49.932988+09:00,rail-left-01,rail-right-01,0.6.7-draft,0.6.7-draft,mqtt,mqtt,824.53,732.95,6.719,6.692,-0.198,-0.211,0.339,-0.328,10.379,9.858,-0.0666,0.0318,0.0392,0.0594,-0.0059,-0.0033,27.0,27.28,17057,18992,2.132,2.374,6.396,7.122,1094,1094,110,110,24,23,0,0,,,,,,,,,,,,,,,,,0.0,0.0,0.0,0.0,1086.0,836.0,0.9858,1.1018,1,1,0
2026-09-28T21:47:49.869861+09:00,98723539,dccd50fe,2026-09-28T21:47:49.869861+09:00,2026-09-28T21:47:49.953046+09:00,rail-left-01,rail-right-01,0.6.7-draft,0.6.7-draft,mqtt,mqtt,825.62,733.89,6.702,6.709,-0.215,-0.127,-0.056,-0.424,10.694,9.523,-0.0703,0.0316,0.0492,0.0524,0.0019,-0.0071,27.01,27.27,17015,19029,2.127,2.379,6.381,7.136,1095,1095,110,110,24,23,0,0,,,,,,,,,,,,,,,,,0.0,0.0,0.0,0.0,1087.0,837.0,0.9858,1.1018,1,1,0
2026-09-28T21:47:49.889829+09:00,98743507,dccd50fe,2026-09-28T21:47:49.889829+09:00,2026-09-28T21:47:49.973013+09:00,rail-left-01,rail-right-01,0.6.7-draft,0.6.7-draft,mqtt,mqtt,826.67,734.84,6.696,6.712,0.105,0.004,-0.095,-0.075,10.452,9.833,-0.0691,0.0346,0.0392,0.0569,-0.0032,-0.0039,26.99,27.26,17000,19036,2.125,2.38,6.375,7.139,1096,1096,110,110,24,23,0,0,,,,,,,,,,,,,,,,,0.0,0.0,0.0,0.0,1088.1,838.1,0.9858,1.1018,1,1,0
2026-09-28T21:47:49.909892+09:00,98763570,dccd50fe,2026-09-28T21:47:49.909892+09:00,2026-09-28T21:47:49.993076+09:00,rail-left-01,rail-right-01,0.6.7-draft,0.6.7-draft,mqtt,mqtt,827.71,735.78,6.701,6.717,-0.142,-0.022,-0.139,-0.205,10.481,9.728,-0.0709,0.0321,0.0417,0.0529,-0.0075,-0.0059,26.99,27.28,17011,19046,2.126,2.381,6.379,7.142,1097,1097,110,110,24,23,0,0,,,,,,,,,,,,,,,,,0.0,0.0,0.0,0.0,1089.1,839.1,0.9858,1.1018,1,1,0
2026-09-28T21:47:49.929881+09:00,98783559,dccd50fe,2026-09-28T21:47:49.929881+09:00,2026-09-28T21:47:50.013065+09:00,rail-left-01,rail-right-01,0.6.7-draft,0.6.7-draft,mqtt,mqtt,828.75,736.73,6.689,6.732,0.006,0.095,-0.097,-0.35,10.348,9.592,-0.0669,0.0312,0.0381,0.0548,-0.0045,-0.0044,26.98,27.28,16982,19081,2.123,2.385,6.368,7.155,1098,1098,110,110,24,23,0,0,,,,,,,,,,,,,,,,,0.0,0.0,0.0,0.0,1090.1,840.1,0.9858,1.1018,1,1,0
2026-09-28T21:47:49.949838+09:00,98803516,dccd50fe,2026-09-28T21:47:49.949838+09:00,2026-09-28T21:47:50.033022+09:00,rail-left-01,rail-right-01,0.6.7-draft,0.6.7-draft,mqtt,mqtt,829.8,737.67,6.692,6.729,-0.157,-0.035,0.135,-0.105,10.356,9.613,-0.0714,0.0344,0.0406,0.0557,-0.0021,-0.0047,26.98,27.3,16990,19073,2.124,2.384,6.371,7.152,1099,1099,110,110,24,23,0,0,,,,,,,,,,,,,,,,,0.0,0.0,0.0,0.0,1091.1,841.1,0.9858,1.1018,1,1,0
2026-09-28T21:47:49.969887+09:00,98823565,dccd50fe,2026-09-28T21:47:49.969887+09:00,2026-09-28T21:47:50.053071+09:00,rail-left-01,rail-right-01,0.6.7-draft,0.6.7-draft,mqtt,mqtt,830.89,738.66,6.691,6.744,-0.03,0.041,0.026,-0.389,10.116,9.688,-0.0649,0.0305,0.0384,0.0557,-0.0027,-0.0048,27.04,27.28,16988,19106,2.124,2.388,6.371,7.165,1100,1100,110,110,24,23,0,0,,,,,,,,,,,,,,,,,0.0,0.0,0.0,0.0,1092.2,842.2,0.9858,1.1018,1,1,0
2026-09-28T21:47:50.100754+09:00,98957450,dccd50fe,2026-09-28T21:47:50.100754+09:00,2026-09-28T21:47:50.138829+09:00,rail-left-01,rail-right-01,0.6.7-draft,0.6.7-draft,mqtt,mqtt,837.9,745.03,6.691,6.742,-0.117,-0.035,0.159,-0.255,10.311,9.586,-0.0693,0.0336,0.0414,0.0609,-0.01,-0.0073,27.02,27.27,16986,19103,2.123,2.388,6.37,7.164,1101,1101,111,111,24,23,0,0,,,,,,,,,,,,,,,,,0.0,0.0,0.0,0.0,1099.1,849.1,0.9858,1.1018,1,1,0
2026-09-28T21:47:50.120794+09:00,98977490,dccd50fe,2026-09-28T21:47:50.120794+09:00,2026-09-28T21:47:50.158868+09:00,rail-left-01,rail-right-01,0.6.7-draft,0.6.7-draft,mqtt,mqtt,838.95,745.97,6.704,6.8,-0.002,-0.004,-0.287,-0.247,10.526,9.864,-0.0652,0.0305,0.0346,0.0568,-0.0085,-0.0057,26.99,27.28,17019,19232,2.127,2.404,6.382,7.212,1102,1102,111,111,24,23,0,0,,,,,,,,,,,,,,,,,0.0,0.0,0.0,0.0,1100.2,850.2,0.9858,1.1018,1,1,0
2026-09-28T21:47:50.140765+09:00,98997461,dccd50fe,2026-09-28T21:47:50.140765+09:00,2026-09-28T21:47:50.178840+09:00,rail-left-01,rail-right-01,0.6.7-draft,0.6.7-draft,mqtt,mqtt,840.04,746.92,6.698,6.804,-0.065,-0.05,-0.277,-0.254,10.512,9.774,-0.0669,0.032,0.0413,0.064,-0.0141,-0.0127,26.99,27.26,17003,19239,2.125,2.405,6.376,7.215,1103,1103,111,111,24,23,0,0,,,,,,,,,,,,,,,,,0.0,0.0,0.0,0.0,1101.2,851.2,0.9858,1.1018,1,1,0
2026-09-28T21:47:50.160898+09:00,99017594,dccd50fe,2026-09-28T21:47:50.160898+09:00,2026-09-28T21:47:50.198973+09:00,rail-left-01,rail-right-01,0.6.7-draft,0.6.7-draft,mqtt,mqtt,841.08,747.86,6.685,6.814,-0.001,0.09,-0.293,-0.192,10.484,9.62,-0.0678,0.0314,0.0348,0.0541,-0.0063,-0.0025,27.02,27.28,16971,19263,2.121,2.408,6.364,7.224,1104,1104,111,111,24,23,0,0,,,,,,,,,,,,,,,,,0.0,0.0,0.0,0.0,1102.3,852.3,0.9858,1.1018,1,1,0
2026-09-28T21:47:50.180781+09:00,99037477,dccd50fe,2026-09-28T21:47:50.180781+09:00,2026-09-28T21:47:50.218856+09:00,rail-left-01,rail-right-01,0.6.7-draft,0.6.7-draft,mqtt,mqtt,842.13,748.81,6.674,6.813,-0.069,0.018,-0.08,0.028,10.433,9.641,-0.0689,0.0301,0.0385,0.0586,-0.0028,-0.0015,27.02,27.25,16945,19260,2.118,2.408,6.354,7.222,1105,1105,111,111,24,23,0,0,,,,,,,,,,,,,,,,,0.0,0.0,0.0,0.0,1103.3,853.3,0.9858,1.1018,1,1,0
2026-09-28T21:47:50.200856+09:00,99057552,dccd50fe,2026-09-28T21:47:50.200856+09:00,2026-09-28T21:47:50.238931+09:00,rail-left-01,rail-right-01,0.6.7-draft,0.6.7-draft,mqtt,mqtt,843.17,749.75,6.656,6.823,-0.05,0.063,0.066,-0.291,10.38,9.497,-0.0657,0.0332,0.0358,0.0582,-0.0061,0.0007,27.03,27.27,16900,19281,2.113,2.41,6.338,7.23,1106,1106,111,111,24,23,0,0,,,,,,,,,,,,,,,,,0.0,0.0,0.0,0.0,1104.3,854.3,0.9858,1.1018,1,1,0
2026-09-28T21:47:50.220950+09:00,99077646,dccd50fe,2026-09-28T21:47:50.220950+09:00,2026-09-28T21:47:50.259025+09:00,rail-left-01,rail-right-01,0.6.7-draft,0.6.7-draft,mqtt,mqtt,844.27,750.7,6.652,6.827,-0.084,-0.051,0.391,-0.35,10.229,9.645,-0.0695,0.0318,0.0349,0.0574,-0.0073,-0.0024,27.02,27.26,16889,19290,2.111,2.411,6.333,7.234,1107,1107,111,111,24,23,0,0,,,,,,,,,,,,,,,,,0.0,0.0,0.0,0.0,1105.4,855.4,0.9858,1.1018,1,1,0
2026-09-28T21:47:50.240927+09:00,99097623,dccd50fe,2026-09-28T21:47:50.240927+09:00,2026-09-28T21:47:50.279002+09:00,rail-left-01,rail-right-01,0.6.7-draft,0.6.7-draft,mqtt,mqtt,845.31,751.69,6.65,6.823,-0.093,-0.107,0.099,-0.159,10.454,9.864,-0.0645,0.034,0.0372,0.0565,-0.0109,-0.0069,27.01,27.29,16885,19281,2.111,2.41,6.332,7.23,1108,1108,111,111,24,23,0,0,,,,,,,,,,,,,,,,,0.0,0.0,0.0,0.0,1106.4,856.4,0.9858,1.1018,1,1,0
2026-09-28T21:47:50.260929+09:00,99117625,dccd50fe,2026-09-28T21:47:50.260929+09:00,2026-09-28T21:47:50.299004+09:00,rail-left-01,rail-right-01,0.6.7-draft,0.6.7-draft,mqtt,mqtt,846.35,752.64,6.641,6.826,-0.079,-0.037,0.074,-0.362,10.423,9.641,-0.0638,0.0321,0.0386,0.0602,-0.0092,-0.0077,27.0,27.27,16863,19289,2.108,2.411,6.324,7.233,1109,1109,111,111,24,23,0,0,,,,,,,,,,,,,,,,,0.0,0.0,0.0,0.0,1107.5,857.5,0.9858,1.1018,1,1,0
2026-09-28T21:47:50.281159+09:00,99137855,dccd50fe,2026-09-28T21:47:50.281159+09:00,2026-09-28T21:47:50.319234+09:00,rail-left-01,rail-right-01,0.6.7-draft,0.6.7-draft,mqtt,mqtt,847.45,753.58,6.636,6.819,-0.133,-0.093,-0.309,-0.287,10.53,9.568,-0.0679,0.0316,0.0344,0.0525,-0.0121,-0.0135,26.99,27.29,16850,19274,2.106,2.409,6.319,7.228,1110,1110,111,111,24,23,0,0,,,,,,,,,,,,,,,,,0.0,0.0,0.0,0.0,1108.5,858.5,0.9858,1.1018,1,1,0
2026-09-28T21:47:50.406753+09:00,99220490,dccd50fe,2026-09-28T21:47:50.406753+09:00,2026-09-28T21:47:50.486379+09:00,rail-left-01,rail-right-01,0.6.7-draft,0.6.7-draft,mqtt,mqtt,851.82,757.51,6.634,6.81,0.001,0.0,0.283,-0.384,10.684,9.59,-0.0686,0.0286,0.039,0.0562,-0.0072,-0.006,27.01,27.27,16846,19254,2.106,2.407,6.317,7.22,1111,1111,112,112,24,23,0,0,,,,,,,,,,,,,,,,,0.0,0.0,0.0,0.0,1112.9,862.9,0.9858,1.1018,1,1,0
2026-09-28T21:47:50.426870+09:00,99240607,dccd50fe,2026-09-28T21:47:50.426870+09:00,2026-09-28T21:47:50.506496+09:00,rail-left-01,rail-right-01,0.6.7-draft,0.6.7-draft,mqtt,mqtt,852.87,758.45,6.589,6.805,-0.445,-0.299,0.353,-0.242,10.734,9.596,-0.0606,0.0308,0.0337,0.0537,-0.0153,-0.0079,27.02,27.27,16734,19243,2.092,2.405,6.275,7.216,1112,1112,112,112,24,23,0,0,,,,,,,,,,,,,,,,,0.0,0.0,0.0,0.0,1113.9,863.9,0.9858,1.1018,1,1,0
2026-09-28T21:47:50.446782+09:00,99260519,dccd50fe,2026-09-28T21:47:50.446782+09:00,2026-09-28T21:47:50.526408+09:00,rail-left-01,rail-right-01,0.6.7-draft,0.6.7-draft,mqtt,mqtt,853.96,759.4,6.631,6.814,0.146,0.204,0.176,-0.227,10.394,9.851,-0.0626,0.0314,0.0301,0.0526,-0.0097,-0.0052,27.01,27.26,16838,19261,2.105,2.408,6.314,7.223,1113,1113,112,112,24,23,0,0,,,,,,,,,,,,,,,,,0.0,0.0,0.0,0.0,1115.0,865.0,0.9858,1.1018,1,1,0
2026-09-28T21:47:50.466821+09:00,99280558,dccd50fe,2026-09-28T21:47:50.466821+09:00,2026-09-28T21:47:50.546447+09:00,rail-left-01,rail-right-01,0.6.7-draft,0.6.7-draft,mqtt,mqtt,855.01,760.34,6.66,6.793,-0.219,-0.187,-0.138,-0.567,10.517,9.712,-0.069,0.03,0.0312,0.053,-0.0067,-0.0073,27.01,27.27,16910,19216,2.114,2.402,6.341,7.206,1114,1114,112,112,24,23,0,0,,,,,,,,,,,,,,,,,0.0,0.0,0.0,0.0,1116.0,866.0,0.9858,1.1018,1,1,0
2026-09-28T21:47:50.486866+09:00,99300603,dccd50fe,2026-09-28T21:47:50.486866+09:00,2026-09-28T21:47:50.566492+09:00,rail-left-01,rail-right-01,0.6.7-draft,0.6.7-draft,mqtt,mqtt,856.05,761.34,6.675,6.758,-0.007,0.053,-0.081,-0.077,10.446,9.658,-0.0745,0.0285,0.0229,0.0481,-0.0113,-0.0092,27.0,27.25,16948,19137,2.118,2.392,6.356,7.176,1115,1115,112,112,24,23,0,0,,,,,,,,,,,,,,,,,0.0,0.0,0.0,0.0,1117.0,867.0,0.9858,1.1018,1,1,0
2026-09-28T21:47:50.506830+09:00,99320567,dccd50fe,2026-09-28T21:47:50.506830+09:00,2026-09-28T21:47:50.586456+09:00,rail-left-01,rail-right-01,0.6.7-draft,0.6.7-draft,mqtt,mqtt,857.09,762.28,6.715,6.723,-0.218,-0.133,-0.267,-0.23,10.351,9.644,-0.0715,0.0274,0.0294,0.0437,-0.0015,-0.0044,27.02,27.26,17046,19060,2.131,2.383,6.392,7.148,1116,1116,112,112,24,23,0,0,,,,,,,,,,,,,,,,,0.0,0.0,0.0,0.0,1118.1,868.1,0.9858,1.1018,1,1,0
2026-09-28T21:47:50.526929+09:00,99340666,dccd50fe,2026-09-28T21:47:50.526929+09:00,2026-09-28T21:47:50.606555+09:00,rail-left-01,rail-right-01,0.6.7-draft,0.6.7-draft,mqtt,mqtt,858.14,763.23,6.732,6.695,0.152,0.19,-0.194,-0.314,10.27,9.773,-0.0709,0.0246,0.029,0.0452,-0.0049,-0.0065,27.0,27.28,17089,18997,2.136,2.375,6.408,7.124,1117,1117,112,112,24,23,0,0,,,,,,,,,,,,,,,,,0.0,0.0,0.0,0.0,1119.1,869.1,0.9858,1.1018,1,1,0
2026-09-28T21:47:50.547250+09:00,99360987,dccd50fe,2026-09-28T21:47:50.547250+09:00,2026-09-28T21:47:50.626876+09:00,rail-left-01,rail-right-01,0.6.7-draft,0.6.7-draft,mqtt,mqtt,859.18,764.17,6.748,6.648,-0.195,-0.084,0.189,-0.3,10.47,9.464,-0.0685,0.0313,0.0353,0.0516,-0.0031,-0.0001,27.01,27.28,17128,18894,2.141,2.362,6.423,7.085,1118,1118,112,112,24,23,0,0,,,,,,,,,,,,,,,,,0.0,0.0,0.0,0.0,1120.1,870.1,0.9858,1.1018,1,1,0
2026-09-28T21:47:50.566858+09:00,99380595,dccd50fe,2026-09-28T21:47:50.566858+09:00,2026-09-28T21:47:50.646484+09:00,rail-left-01,rail-right-01,0.6.7-draft,0.6.7-draft,mqtt,mqtt,860.23,765.16,6.738,6.646,-0.074,-0.087,0.249,-0.233,10.459,9.437,-0.0707,0.0304,0.038,0.0589,-0.006,-0.0035,27.01,27.27,17104,18890,2.138,2.361,6.414,7.084,1119,1119,112,112,24,23,0,0,,,,,,,,,,,,,,,,,0.0,0.0,0.0,0.0,1121.1,871.1,0.9858,1.1018,1,1,0
2026-09-28T21:47:50.586917+09:00,99400654,dccd50fe,2026-09-28T21:47:50.586917+09:00,2026-09-28T21:47:50.666543+09:00,rail-left-01,rail-right-01,0.6.7-draft,0.6.7-draft,mqtt,mqtt,861.32,766.11,6.722,6.634,-0.141,-0.038,0.299,-0.235,10.404,9.633,-0.0659,0.035,0.0372,0.058,-0.0115,-0.0112,27.03,27.26,17064,18863,2.133,2.358,6.399,7.074,1120,1120,112,112,24,23,0,0,,,,,,,,,,,,,,,,,0.0,0.0,0.0,0.0,1122.2,872.2,0.9858,1.1018,1,1,0
2026-09-28T21:47:50.755627+09:00,99568629,dccd50fe,2026-09-28T21:47:50.755627+09:00,2026-09-28T21:47:50.794597+09:00,rail-left-01,rail-right-01,0.6.7-draft,0.6.7-draft,mqtt,mqtt,870.07,774.16,6.712,6.631,-0.152,0.038,0.172,-0.261,10.616,9.961,-0.056,0.0294,0.0234,0.0488,-0.0105,-0.0019,27.0,27.29,17038,18857,2.13,2.357,6.389,7.071,1121,1121,113,113,24,23,0,0,,,,,,,,,,,,,,,,,0.0,0.0,0.0,0.0,1130.8,880.8,0.9858,1.1018,1,1,0
2026-09-28T21:47:50.775834+09:00,99588836,dccd50fe,2026-09-28T21:47:50.775834+09:00,2026-09-28T21:47:50.814803+09:00,rail-left-01,rail-right-01,0.6.7-draft,0.6.7-draft,mqtt,mqtt,871.11,775.16,6.79,6.51,-0.108,-0.148,0.271,-0.208,10.287,9.798,-0.0558,0.0313,0.0333,0.0576,-0.0105,-0.0063,27.01,27.26,17233,18588,2.154,2.324,6.462,6.971,1122,1122,113,113,24,23,0,0,,,,,,,,,,,,,,,,,0.0,0.0,0.0,0.0,1131.9,881.9,0.9858,1.1018,1,1,0
2026-09-28T21:47:50.795903+09:00,99608905,dccd50fe,2026-09-28T21:47:50.795903+09:00,2026-09-28T21:47:50.834873+09:00,rail-left-01,rail-right-01,0.6.7-draft,0.6.7-draft,mqtt,mqtt,872.16,776.1,6.818,6.512,0.007,0.023,-0.073,-0.4,10.408,9.582,-0.0625,0.0309,0.022,0.0526,-0.0129,-0.0077,27.02,27.28,17302,18592,2.163,2.324,6.488,6.972,1123,1123,113,113,24,23,0,0,,,,,,,,,,,,,,,,,0.0,0.0,0.0,0.0,1132.9,882.9,0.9858,1.1018,1,1,0
2026-09-28T21:47:50.815764+09:00,99628766,dccd50fe,2026-09-28T21:47:50.815764+09:00,2026-09-28T21:47:50.854734+09:00,rail-left-01,rail-right-01,0.6.7-draft,0.6.7-draft,mqtt,mqtt,873.2,777.05,6.838,6.512,-0.124,-0.138,-0.037,-0.26,10.41,9.602,-0.0616,0.0288,0.0377,0.0597,-0.0133,-0.0103,27.02,27.27,17352,18591,2.169,2.324,6.507,6.972,1124,1124,113,113,24,23,0,0,,,,,,,,,,,,,,,,,0.0,0.0,0.0,0.0,1133.9,883.9,0.9858,1.1018,1,1,0
2026-09-28T21:47:50.835985+09:00,99648987,dccd50fe,2026-09-28T21:47:50.835985+09:00,2026-09-28T21:47:50.874955+09:00,rail-left-01,rail-right-01,0.6.7-draft,0.6.7-draft,mqtt,mqtt,874.25,778.04,6.843,6.51,0.044,0.101,-0.055,-0.11,10.324,9.704,-0.0666,0.0325,0.024,0.0557,-0.008,-0.0051,27.01,27.28,17364,18587,2.171,2.323,6.512,6.97,1125,1125,113,113,24,23,0,0,,,,,,,,,,,,,,,,,0.0,0.0,0.0,0.0,1135.0,885.0,0.9858,1.1018,1,1,0
2026-09-28T21:47:50.855945+09:00,99668948,dccd50fe,2026-09-28T21:47:50.855945+09:00,2026-09-28T21:47:50.894916+09:00,rail-left-01,rail-right-01,0.6.7-draft,0.6.7-draft,mqtt,mqtt,875.29,778.99,6.863,6.5,-0.061,-0.05,0.159,-0.251,10.391,9.742,-0.062,0.0346,0.0309,0.0513,-0.0076,0.0016,27.02,27.27,17415,18566,2.177,2.321,6.531,6.962,1126,1126,113,113,24,23,0,0,,,,,,,,,,,,,,,,,0.0,0.0,0.0,0.0,1136.0,886.0,0.9858,1.1018,1,1,0
2026-09-28T21:47:50.875690+09:00,99688692,dccd50fe,2026-09-28T21:47:50.875690+09:00,2026-09-28T21:47:50.914660+09:00,rail-left-01,rail-right-01,0.6.7-draft,0.6.7-draft,mqtt,mqtt,876.28,779.93,6.873,6.491,-0.038,-0.005,0.241,-0.119,10.429,9.814,-0.0625,0.0344,0.0354,0.0545,-0.0084,-0.0032,27.01,27.3,17440,18546,2.18,2.318,6.54,6.955,1127,1127,113,113,24,23,0,0,,,,,,,,,,,,,,,,,0.0,0.0,0.0,0.0,1137.0,887.0,0.9858,1.1018,1,1,0
2026-09-28T21:47:50.895676+09:00,99708678,dccd50fe,2026-09-28T21:47:50.895676+09:00,2026-09-28T21:47:50.934646+09:00,rail-left-01,rail-right-01,0.6.7-draft,0.6.7-draft,mqtt,mqtt,877.33,780.88,6.876,6.495,-0.043,0.029,0.177,-0.549,10.484,9.712,-0.0641,0.0334,0.0398,0.0562,-0.0097,-0.0085,27.01,27.29,17447,18554,2.181,2.319,6.543,6.958,1128,1128,113,113,24,23,0,0,,,,,,,,,,,,,,,,,0.0,0.0,0.0,0.0,1138.0,888.0,0.9858,1.1018,1,1,0
2026-09-28T21:47:50.915769+09:00,99728771,dccd50fe,2026-09-28T21:47:50.915769+09:00,2026-09-28T21:47:50.954739+09:00,rail-left-01,rail-right-01,0.6.7-draft,0.6.7-draft,mqtt,mqtt,878.37,781.82,6.868,6.491,-0.174,-0.165,0.25,0.014,10.297,9.94,-0.0659,0.0324,0.0369,0.0577,-0.0084,-0.0043,27.02,27.26,17428,18546,2.179,2.318,6.536,6.955,1129,1129,113,113,24,23,0,0,,,,,,,,,,,,,,,,,0.0,0.0,0.0,0.0,1139.0,889.0,0.9858,1.1018,1,1,0
2026-09-28T21:47:50.935624+09:00,99748626,dccd50fe,2026-09-28T21:47:50.935624+09:00,2026-09-28T21:47:50.974594+09:00,rail-left-01,rail-right-01,0.6.7-draft,0.6.7-draft,mqtt,mqtt,879.42,782.76,6.855,6.476,-0.104,-0.055,-0.184,-0.46,10.411,9.705,-0.0642,0.0325,0.0368,0.0569,-0.0171,-0.0121,27.0,27.27,17396,18512,2.174,2.314,6.523,6.942,1130,1130,113,113,24,23,0,0,,,,,,,,,,,,,,,,,0.0,0.0,0.0,0.0,1140.1,890.1,0.9858,1.1018,1,1,0
2026-09-28T21:47:51.070569+09:00,99876456,dccd50fe,2026-09-28T21:47:51.070569+09:00,2026-09-28T21:47:51.155605+09:00,rail-left-01,rail-right-01,0.6.7-draft,0.6.7-draft,mqtt,mqtt,886.08,788.88,6.85,6.471,-0.06,-0.017,0.097,-0.189,10.375,9.855,-0.062,0.032,0.0382,0.0569,-0.01,-0.0051,27.04,27.26,17382,18501,2.173,2.313,6.518,6.938,1131,1131,114,114,24,23,0,0,,,,,,,,,,,,,,,,,0.0,0.0,0.0,0.0,1146.6,896.6,0.9858,1.1018,1,1,0
2026-09-28T21:47:51.090627+09:00,99896514,dccd50fe,2026-09-28T21:47:51.090627+09:00,2026-09-28T21:47:51.175663+09:00,rail-left-01,rail-right-01,0.6.7-draft,0.6.7-draft,mqtt,mqtt,887.12,789.82,6.823,6.484,-0.073,-0.014,0.256,-0.269,10.308,9.665,-0.0658,0.0289,0.0385,0.0553,-0.0105,-0.0107,26.99,27.27,17315,18530,2.164,2.316,6.493,6.949,1132,1132,114,114,24,23,0,0,,,,,,,,,,,,,,,,,0.0,0.0,0.0,0.0,1147.7,897.7,0.9858,1.1018,1,1,0
2026-09-28T21:47:51.110605+09:00,99916492,dccd50fe,2026-09-28T21:47:51.110605+09:00,2026-09-28T21:47:51.195641+09:00,rail-left-01,rail-right-01,0.6.7-draft,0.6.7-draft,mqtt,mqtt,888.17,790.77,6.808,6.487,-0.08,-0.069,-0.145,-0.423,10.582,9.618,-0.0667,0.0305,0.0409,0.0596,-0.0121,-0.0093,27.02,27.28,17278,18536,2.16,2.317,6.479,6.951,1133,1133,114,114,24,23,0,0,,,,,,,,,,,,,,,,,0.0,0.0,0.0,0.0,1148.7,898.7,0.9858,1.1018,1,1,0
2026-09-28T21:47:51.130744+09:00,99936631,dccd50fe,2026-09-28T21:47:51.130744+09:00,2026-09-28T21:47:51.215780+09:00,rail-left-01,rail-right-01,0.6.7-draft,0.6.7-draft,mqtt,mqtt,889.21,791.71,6.787,6.49,-0.069,-0.057,-0.13,-0.154,10.307,9.774,-0.0687,0.0296,0.036,0.058,-0.0109,-0.0068,27.01,27.3,17227,18543,2.153,2.318,6.46,6.954,1134,1134,114,114,24,23,0,0,,,,,,,,,,,,,,,,,0.0,0.0,0.0,0.0,1149.7,899.7,0.9858,1.1018,1,1,0
2026-09-28T21:47:51.150626+09:00,99956513,dccd50fe,2026-09-28T21:47:51.150626+09:00,2026-09-28T21:47:51.235662+09:00,rail-left-01,rail-right-01,0.6.7-draft,0.6.7-draft,mqtt,mqtt,890.26,792.66,6.78,6.501,0.01,0.034,0.128,-0.066,10.386,9.674,-0.0673,0.0301,0.0425,0.06,-0.0072,-0.0059,26.99,27.27,17209,18568,2.151,2.321,6.453,6.963,1135,1135,114,114,24,23,0,0,,,,,,,,,,,,,,,,,0.0,0.0,0.0,0.0,1150.8,900.8,0.9858,1.1018,1,1,0
2026-09-28T21:47:51.170620+09:00,99976507,dccd50fe,2026-09-28T21:47:51.170620+09:00,2026-09-28T21:47:51.255656+09:00,rail-left-01,rail-right-01,0.6.7-draft,0.6.7-draft,mqtt,mqtt,891.3,793.6,6.755,6.517,-0.144,-0.067,-0.067,-0.262,10.501,9.622,-0.0661,0.0306,0.0425,0.0593,-0.0107,-0.0071,27.02,27.27,17145,18603,2.143,2.325,6.429,6.976,1136,1136,114,114,24,23,0,0,,,,,,,,,,,,,,,,,0.0,0.0,0.0,0.0,1151.8,901.8,0.9858,1.1018,1,1,0
2026-09-28T21:47:51.190779+09:00,99996666,dccd50fe,2026-09-28T21:47:51.190779+09:00,2026-09-28T21:47:51.275815+09:00,rail-left-01,rail-right-01,0.6.7-draft,0.6.7-draft,mqtt,mqtt,892.34,794.55,6.745,6.519,-0.028,0.023,0.163,-0.217,10.405,9.703,-0.069,0.0328,0.0368,0.0568,-0.0089,-0.0068,27.01,27.28,17120,18607,2.14,2.326,6.42,6.978,1137,1137,114,114,24,23,0,0,,,,,,,,,,,,,,,,,0.0,0.0,0.0,0.0,1152.8,902.8,0.9858,1.1018,1,1,0
2026-09-28T21:47:51.210616+09:00,100016503,dccd50fe,2026-09-28T21:47:51.210616+09:00,2026-09-28T21:47:51.295652+09:00,rail-left-01,rail-right-01,0.6.7-draft,0.6.7-draft,mqtt,mqtt,893.39,795.49,6.747,6.521,-0.111,-0.049,0.087,-0.279,10.539,9.858,-0.0694,0.0308,0.0393,0.0577,-0.0135,-0.0069,26.99,27.28,17125,18611,2.141,2.326,6.422,6.979,1138,1138,114,114,24,23,0,0,,,,,,,,,,,,,,,,,0.0,0.0,0.0,0.0,1153.8,903.8,0.9858,1.1018,1,1,0
2026-09-28T21:47:51.230750+09:00,100036637,dccd50fe,2026-09-28T21:47:51.230750+09:00,2026-09-28T21:47:51.315786+09:00,rail-left-01,rail-right-01,0.6.7-draft,0.6.7-draft,mqtt,mqtt,894.43,796.49,6.733,6.521,-0.126,-0.086,0.16,-0.188,10.546,9.829,-0.0689,0.0277,0.0369,0.0569,-0.0121,-0.0067,27.01,27.27,17092,18612,2.137,2.327,6.41,6.98,1139,1139,114,114,24,23,0,0,,,,,,,,,,,,,,,,,0.0,0.0,0.0,0.0,1154.9,904.9,0.9858,1.1018,1,1,0
2026-09-28T21:47:51.250847+09:00,100056734,dccd50fe,2026-09-28T21:47:51.250847+09:00,2026-09-28T21:47:51.335883+09:00,rail-left-01,rail-right-01,0.6.7-draft,0.6.7-draft,mqtt,mqtt,895.48,797.43,6.72,6.512,-0.01,0.0,0.029,-0.372,10.542,9.786,-0.0671,0.0306,0.0421,0.0592,-0.0117,-0.0092,27.0,27.27,17059,18592,2.132,2.324,6.397,6.972,1140,1140,114,114,24,23,0,0,,,,,,,,,,,,,,,,,0.0,0.0,0.0,0.0,1155.9,905.9,0.9858,1.1018,1,1,0
2026-09-28T21:47:51.377872+09:00,100237473,dccd50fe,2026-09-28T21:47:51.377872+09:00,2026-09-28T21:47:51.462395+09:00,rail-left-01,rail-right-01,0.6.7-draft,0.6.7-draft,mqtt,mqtt,905.02,805.93,6.703,6.52,-0.123,-0.054,-0.189,-0.269,10.625,9.681,-0.0653,0.0342,0.039,0.0508,-0.0091,0.0032,27.03,27.26,17017,18610,2.127,2.326,6.381,6.979,1141,1141,115,115,24,23,0,0,,,,,,,,,,,,,,,,,0.0,0.0,0.0,0.0,1165.3,915.3,0.9858,1.1018,1,1,0
2026-09-28T21:47:51.398031+09:00,100257631,dccd50fe,2026-09-28T21:47:51.398031+09:00,2026-09-28T21:47:51.482553+09:00,rail-left-01,rail-right-01,0.6.7-draft,0.6.7-draft,mqtt,mqtt,906.12,806.88,6.622,6.628,-0.045,-0.01,0.029,-0.032,10.223,9.776,-0.0641,0.0312,0.0426,0.0593,-0.0107,-0.0055,27.02,27.24,16815,18850,2.102,2.356,6.306,7.069,1142,1142,115,115,24,23,0,0,,,,,,,,,,,,,,,,,0.0,0.0,0.0,0.0,1166.4,916.4,0.9858,1.1018,1,1,0
2026-09-28T21:47:51.417979+09:00,100277580,dccd50fe,2026-09-28T21:47:51.417979+09:00,2026-09-28T21:47:51.502502+09:00,rail-left-01,rail-right-01,0.6.7-draft,0.6.7-draft,mqtt,mqtt,907.16,807.82,6.599,6.638,-0.012,0.026,0.198,-0.242,10.415,9.585,-0.0662,0.0342,0.0354,0.053,-0.0071,-0.0041,27.03,27.3,16757,18871,2.095,2.359,6.284,7.077,1143,1143,115,115,24,23,0,0,,,,,,,,,,,,,,,,,0.0,0.0,0.0,0.0,1167.4,917.4,0.9858,1.1018,1,1,0
2026-09-28T21:47:51.437949+09:00,100297550,dccd50fe,2026-09-28T21:47:51.437949+09:00,2026-09-28T21:47:51.522472+09:00,rail-left-01,rail-right-01,0.6.7-draft,0.6.7-draft,mqtt,mqtt,908.2,808.77,6.615,6.639,-0.101,-0.02,0.109,-0.339,10.409,9.485,-0.0642,0.0289,0.0392,0.0545,-0.0075,-0.0061,27.01,27.27,16797,18874,2.1,2.359,6.299,7.078,1144,1144,115,115,24,23,0,0,,,,,,,,,,,,,,,,,0.0,0.0,0.0,0.0,1168.4,918.4,0.9858,1.1018,1,1,0
2026-09-28T21:47:51.458027+09:00,100317627,dccd50fe,2026-09-28T21:47:51.458027+09:00,2026-09-28T21:47:51.542549+09:00,rail-left-01,rail-right-01,0.6.7-draft,0.6.7-draft,mqtt,mqtt,909.3,809.71,6.6,6.656,-0.059,0.024,0.059,-0.277,10.379,9.585,-0.0666,0.0349,0.0413,0.059,-0.008,-0.0063,26.99,27.27,16760,18912,2.095,2.364,6.285,7.092,1145,1145,115,115,24,23,0,0,,,,,,,,,,,,,,,,,0.0,0.0,0.0,0.0,1169.5,919.5,0.9858,1.1018,1,1,0
2026-09-28T21:47:51.478014+09:00,100337615,dccd50fe,2026-09-28T21:47:51.478014+09:00,2026-09-28T21:47:51.562537+09:00,rail-left-01,rail-right-01,0.6.7-draft,0.6.7-draft,mqtt,mqtt,910.34,810.66,6.583,6.662,-0.187,-0.151,0.198,-0.035,10.379,9.675,-0.0682,0.0336,0.0396,0.0573,-0.0088,-0.002,26.99,27.26,16719,18925,2.09,2.366,6.27,7.097,1146,1146,115,115,24,23,0,0,,,,,,,,,,,,,,,,,0.0,0.0,0.0,0.0,1170.5,920.5,0.9858,1.1018,1,1,0
2026-09-28T21:47:51.497960+09:00,100357561,dccd50fe,2026-09-28T21:47:51.497960+09:00,2026-09-28T21:47:51.582483+09:00,rail-left-01,rail-right-01,0.6.7-draft,0.6.7-draft,mqtt,mqtt,911.39,811.6,6.568,6.664,0.036,0.034,0.09,-0.259,10.584,9.549,-0.0618,0.0316,0.0462,0.0638,-0.0143,-0.0097,27.01,27.27,16680,18929,2.085,2.366,6.255,7.098,1147,1147,115,115,24,23,0,0,,,,,,,,,,,,,,,,,0.0,0.0,0.0,0.0,1171.6,921.6,0.9858,1.1018,1,1,0
2026-09-28T21:47:51.517927+09:00,100377528,dccd50fe,2026-09-28T21:47:51.517927+09:00,2026-09-28T21:47:51.602450+09:00,rail-left-01,rail-right-01,0.6.7-draft,0.6.7-draft,mqtt,mqtt,912.48,812.55,6.528,6.693,-0.14,-0.194,0.018,-0.248,10.542,9.615,-0.0621,0.0309,0.0465,0.0626,-0.0124,-0.0064,26.99,27.28,16580,18993,2.072,2.374,6.217,7.122,1148,1148,115,115,24,23,0,0,,,,,,,,,,,,,,,,,0.0,0.0,0.0,0.0,1172.7,922.7,0.9858,1.1018,1,1,0
2026-09-28T21:47:51.538105+09:00,100397706,dccd50fe,2026-09-28T21:47:51.538105+09:00,2026-09-28T21:47:51.622628+09:00,rail-left-01,rail-right-01,0.6.7-draft,0.6.7-draft,mqtt,mqtt,913.52,813.49,6.543,6.696,-0.049,0.007,-0.144,0.095,10.653,10.01,-0.0698,0.0318,0.0325,0.0525,-0.0131,-0.0067,27.01,27.27,16619,19000,2.077,2.375,6.232,7.125,1149,1149,115,115,24,23,0,0,,,,,,,,,,,,,,,,,0.0,0.0,0.0,0.0,1173.7,923.7,0.9858,1.1018,1,1,0
2026-09-28T21:47:51.558707+09:00,100418308,dccd50fe,2026-09-28T21:47:51.558707+09:00,2026-09-28T21:47:51.643230+09:00,rail-left-01,rail-right-01,0.6.7-draft,0.6.7-draft,mqtt,mqtt,914.62,814.43,6.579,6.713,0.035,0.002,0.238,-0.617,10.363,9.761,-0.0685,0.0297,0.0398,0.0558,-0.0149,-0.0152,27.03,27.27,16708,19039,2.089,2.38,6.266,7.14,1150,1150,115,115,24,23,0,0,,,,,,,,,,,,,,,,,0.0,0.0,0.0,0.0,1174.8,924.8,0.9858,1.1018,1,1,0
2026-09-28T21:47:51.698931+09:00,100546445,dccd50fe,2026-09-28T21:47:51.698931+09:00,2026-09-28T21:47:51.737058+09:00,rail-left-01,rail-right-01,0.6.7-draft,0.6.7-draft,mqtt,mqtt,921.43,820.45,6.582,6.72,-0.169,-0.066,0.041,-0.424,10.472,9.578,-0.0658,0.0296,0.0401,0.057,-0.0108,-0.0136,27.02,27.27,16716,19053,2.09,2.382,6.269,7.145,1151,1151,116,116,24,23,0,0,,,,,,,,,,,,,,,,,0.0,0.0,0.0,0.0,1181.5,931.5,0.9858,1.1018,1,1,0
2026-09-28T21:47:51.719058+09:00,100566572,dccd50fe,2026-09-28T21:47:51.719058+09:00,2026-09-28T21:47:51.757185+09:00,rail-left-01,rail-right-01,0.6.7-draft,0.6.7-draft,mqtt,mqtt,922.52,821.4,6.531,6.759,-0.043,0.036,-0.016,-0.2,10.439,9.625,-0.0666,0.0318,0.0389,0.0589,-0.0089,-0.0048,27.01,27.25,16588,19139,2.074,2.392,6.221,7.177,1152,1152,116,116,24,23,0,0,,,,,,,,,,,,,,,,,0.0,0.0,0.0,0.0,1182.6,932.6,0.9858,1.1018,1,1,0
2026-09-28T21:47:51.738998+09:00,100586511,dccd50fe,2026-09-28T21:47:51.738998+09:00,2026-09-28T21:47:51.777124+09:00,rail-left-01,rail-right-01,0.6.7-draft,0.6.7-draft,mqtt,mqtt,923.57,822.34,6.517,6.755,-0.006,-0.002,0.026,-0.255,10.285,9.677,-0.0682,0.0273,0.0377,0.0554,-0.0103,-0.0064,27.0,27.27,16554,19131,2.069,2.391,6.208,7.174,1153,1153,116,116,24,23,0,0,,,,,,,,,,,,,,,,,0.0,0.0,0.0,0.0,1183.6,933.6,0.9858,1.1018,1,1,0
2026-09-28T21:47:51.759106+09:00,100606619,dccd50fe,2026-09-28T21:47:51.759106+09:00,2026-09-28T21:47:51.797232+09:00,rail-left-01,rail-right-01,0.6.7-draft,0.6.7-draft,mqtt,mqtt,924.66,823.28,6.534,6.765,-0.045,0.037,0.049,-0.127,10.399,9.509,-0.071,0.0302,0.0384,0.0544,-0.0075,-0.0037,27.02,27.26,16597,19154,2.075,2.394,6.224,7.183,1154,1154,116,116,24,23,0,0,,,,,,,,,,,,,,,,,0.0,0.0,0.0,0.0,1184.7,934.7,0.9858,1.1018,1,1,0
2026-09-28T21:47:51.779386+09:00,100626900,dccd50fe,2026-09-28T21:47:51.779386+09:00,2026-09-28T21:47:51.817513+09:00,rail-left-01,rail-right-01,0.6.7-draft,0.6.7-draft,mqtt,mqtt,925.75,824.23,6.539,6.765,-0.108,-0.008,0.267,-0.208,10.368,9.694,-0.0637,0.0297,0.034,0.0505,-0.0108,-0.0063,27.02,27.27,16609,19154,2.076,2.394,6.228,7.183,1155,1155,116,116,24,23,0,0,,,,,,,,,,,,,,,,,0.0,0.0,0.0,0.0,1185.7,935.7,0.9858,1.1018,1,1,0
2026-09-28T21:47:51.799390+09:00,100646904,dccd50fe,2026-09-28T21:47:51.799390+09:00,2026-09-28T21:47:51.837517+09:00,rail-left-01,rail-right-01,0.6.7-draft,0.6.7-draft,mqtt,mqtt,926.8,825.17,6.561,6.761,-0.051,0.01,0.159,-0.454,10.473,9.4,-0.0669,0.0305,0.0422,0.0542,-0.0116,-0.0092,27.02,27.26,16663,19145,2.083,2.393,6.249,7.179,1156,1156,116,116,24,23,0,0,,,,,,,,,,,,,,,,,0.0,0.0,0.0,0.0,1186.8,936.8,0.9858,1.1018,1,1,0
2026-09-28T21:47:51.818980+09:00,100666494,dccd50fe,2026-09-28T21:47:51.818980+09:00,2026-09-28T21:47:51.857107+09:00,rail-left-01,rail-right-01,0.6.7-draft,0.6.7-draft,mqtt,mqtt,927.84,826.12,6.572,6.759,-0.22,-0.165,0.183,-0.186,10.386,9.637,-0.0649,0.0293,0.0386,0.054,-0.0109,-0.0028,27.0,27.28,16690,19141,2.086,2.393,6.259,7.178,1157,1157,116,116,24,23,0,0,,,,,,,,,,,,,,,,,0.0,0.0,0.0,0.0,1187.8,937.8,0.9858,1.1018,1,1,0
2026-09-28T21:47:51.838936+09:00,100686449,dccd50fe,2026-09-28T21:47:51.838936+09:00,2026-09-28T21:47:51.877062+09:00,rail-left-01,rail-right-01,0.6.7-draft,0.6.7-draft,mqtt,mqtt,928.89,827.06,6.591,6.75,-0.008,0.03,0.077,-0.366,10.324,9.615,-0.0667,0.0265,0.0365,0.0568,-0.0133,-0.0111,27.02,27.31,16737,19119,2.092,2.39,6.276,7.17,1158,1158,116,116,24,23,0,0,,,,,,,,,,,,,,,,,0.0,0.0,0.0,0.0,1188.8,938.8,0.9858,1.1018,1,1,0
2026-09-28T21:47:51.859038+09:00,100706552,dccd50fe,2026-09-28T21:47:51.859038+09:00,2026-09-28T21:47:51.897165+09:00,rail-left-01,rail-right-01,0.6.7-draft,0.6.7-draft,mqtt,mqtt,929.98,828.01,6.655,6.741,-0.078,-0.078,-0.299,-0.3,10.515,9.499,-0.0721,0.0296,0.0296,0.0492,-0.0092,-0.0068,27.01,27.25,16898,19099,2.112,2.387,6.337,7.162,1159,1159,116,116,24,23,0,0,,,,,,,,,,,,,,,,,0.0,0.0,0.0,0.0,1189.9,939.9,0.9858,1.1018,1,1,0
2026-09-28T21:47:51.879040+09:00,100726553,dccd50fe,2026-09-28T21:47:51.879040+09:00,2026-09-28T21:47:51.917166+09:00,rail-left-01,rail-right-01,0.6.7-draft,0.6.7-draft,mqtt,mqtt,931.02,828.95,6.775,6.718,0.04,0.075,-0.181,-0.136,10.311,9.768,-0.0731,0.029,0.0256,0.046,-0.0105,-0.0021,27.01,27.28,17196,19050,2.15,2.381,6.449,7.144,1160,1160,116,116,24,23,0,0,,,,,,,,,,,,,,,,,0.0,0.0,0.0,0.0,1190.9,940.9,0.9858,1.1018,1,1,0
2026-09-28T21:47:51.969626+09:00,100818572,dccd50fe,2026-09-28T21:47:51.969626+09:00,2026-09-28T21:47:52.015006+09:00,rail-left-01,rail-right-01,0.6.7-draft,0.6.7-draft,mqtt,mqtt,935.95,833.28,6.839,6.702,0.035,0.073,-0.128,-0.296,10.186,9.58,-0.0665,0.0346,0.0334,0.0584,-0.0069,-0.0043,27.02,27.28,17354,19014,2.169,2.377,6.508,7.13,1161,1161,117,117,24,23,0,0,,,,,,,,,,,,,,,,,0.0,0.0,0.0,0.0,1195.8,945.8,0.9858,1.1018,1,1,0
2026-09-28T21:47:51.989740+09:00,100838686,dccd50fe,2026-09-28T21:47:51.989740+09:00,2026-09-28T21:47:52.035120+09:00,rail-left-01,rail-right-01,0.6.7-draft,0.6.7-draft,mqtt,mqtt,936.99,834.22,7.654,6.599,0.074,0.019,0.136,-0.201,10.655,9.663,-0.0691,0.0306,0.0318,0.0588,0.0029,0.0033,27.0,27.27,19384,18785,2.423,2.348,7.269,7.044,1162,1162,117,117,24,23,0,0,,,,,,,,,,,,,,,,,0.0,0.0,0.0,0.0,1196.8,946.8,0.9858,1.1018,1,1,0
2026-09-28T21:47:52.009760+09:00,100858706,dccd50fe,2026-09-28T21:47:52.009760+09:00,2026-09-28T21:47:52.055140+09:00,rail-left-01,rail-right-01,0.6.7-draft,0.6.7-draft,mqtt,mqtt,938.08,835.17,7.822,6.58,-0.121,0.007,0.024,-0.059,10.54,9.755,-0.0694,0.0341,0.0376,0.0474,-0.0075,-0.0188,27.0,27.26,19803,18742,2.475,2.343,7.426,7.028,1163,1163,117,117,24,23,0,0,,,,,,,,,,,,,,,,,0.0,0.0,0.0,0.0,1197.9,947.9,0.9858,1.1018,1,1,0
2026-09-28T21:47:52.029704+09:00,100878651,dccd50fe,2026-09-28T21:47:52.029704+09:00,2026-09-28T21:47:52.075085+09:00,rail-left-01,rail-right-01,0.6.7-draft,0.6.7-draft,mqtt,mqtt,939.13,836.11,7.914,6.576,-0.178,-0.166,0.184,-0.362,10.491,9.764,-0.0665,0.0333,0.0373,0.0482,-0.0119,-0.0111,27.02,27.27,20032,18735,2.504,2.342,7.512,7.026,1164,1164,117,117,24,23,0,0,,,,,,,,,,,,,,,,,0.0,0.0,0.0,0.0,1198.9,948.9,0.9858,1.1018,1,1,0
2026-09-28T21:47:52.049963+09:00,100898909,dccd50fe,2026-09-28T21:47:52.049963+09:00,2026-09-28T21:47:52.095343+09:00,rail-left-01,rail-right-01,0.6.7-draft,0.6.7-draft,mqtt,mqtt,940.22,837.06,7.925,6.576,-0.135,-0.025,0.202,-0.263,10.506,9.74,-0.0658,0.0337,0.0352,0.0524,-0.0095,-0.0012,27.0,27.26,20059,18734,2.507,2.342,7.522,7.025,1165,1165,117,117,24,23,0,0,,,,,,,,,,,,,,,,,0.0,0.0,0.0,0.0,1200.0,950.0,0.9858,1.1018,1,1,1200
2026-09-28T21:47:52.070041+09:00,100918987,dccd50fe,2026-09-28T21:47:52.070041+09:00,2026-09-28T21:47:52.115421+09:00,rail-left-01,rail-right-01,0.6.7-draft,0.6.7-draft,mqtt,mqtt,941.27,838.0,7.856,6.581,-0.132,-0.062,0.15,-0.28,10.37,9.632,-0.0669,0.0288,0.0348,0.0528,-0.01,-0.0087,27.0,27.28,19888,18744,2.486,2.343,7.458,7.029,1166,1166,117,117,24,23,0,0,,,,,,,,,,,,,,,,,0.0,0.0,0.0,0.0,1201.0,951.0,0.9858,1.1018,1,1,0
2026-09-28T21:47:52.089687+09:00,100938633,dccd50fe,2026-09-28T21:47:52.089687+09:00,2026-09-28T21:47:52.135067+09:00,rail-left-01,rail-right-01,0.6.7-draft,0.6.7-draft,mqtt,mqtt,942.31,838.95,7.77,6.59,-0.051,-0.029,-0.045,-0.317,10.351,9.591,-0.0637,0.0302,0.0328,0.055,-0.0093,-0.0088,27.02,27.27,19672,18764,2.459,2.345,7.377,7.036,1167,1167,117,117,24,23,0,0,,,,,,,,,,,,,,,,,0.0,0.0,0.0,0.0,1202.1,952.1,0.9858,1.1018,1,1,0
2026-09-28T21:47:52.109640+09:00,100958586,dccd50fe,2026-09-28T21:47:52.109640+09:00,2026-09-28T21:47:52.155020+09:00,rail-left-01,rail-right-01,0.6.7-draft,0.6.7-draft,mqtt,mqtt,943.4,839.89,7.608,6.626,-0.02,-0.061,-0.103,-0.333,10.367,9.568,-0.0666,0.029,0.0292,0.0529,-0.0083,-0.0076,26.99,27.26,19270,18845,2.409,2.356,7.226,7.067,1168,1168,117,117,24,23,0,0,,,,,,,,,,,,,,,,,0.0,0.0,0.0,0.0,1203.1,953.1,0.9858,1.1018,1,1,0
2026-09-28T21:47:52.129790+09:00,100978737,dccd50fe,2026-09-28T21:47:52.129790+09:00,2026-09-28T21:47:52.175171+09:00,rail-left-01,rail-right-01,0.6.7-draft,0.6.7-draft,mqtt,mqtt,944.45,840.84,7.445,6.677,-0.03,0.062,-0.08,-0.063,10.336,9.555,-0.0588,0.0349,0.0282,0.048,-0.0084,-0.0059,27.01,27.27,18864,18959,2.358,2.37,7.074,7.11,1169,1169,117,117,24,23,0,0,,,,,,,,,,,,,,,,,0.0,0.0,0.0,0.0,1204.2,954.2,0.9858,1.1018,1,1,0
2026-09-28T21:47:52.149670+09:00,100998616,dccd50fe,2026-09-28T21:47:52.149670+09:00,2026-09-28T21:47:52.195050+09:00,rail-left-01,rail-right-01,0.6.7-draft,0.6.7-draft,mqtt,mqtt,945.49,841.78,7.315,6.756,-0.066,0.032,0.083,-0.267,10.329,9.644,-0.0605,0.0376,0.027,0.0453,-0.0055,-0.0027,27.0,27.26,18540,19134,2.318,2.392,6.953,7.175,1170,1170,117,117,24,23,0,0,,,,,,,,,,,,,,,,,0.0,0.0,0.0,0.0,1205.2,955.2,0.9858,1.1018,1,1,0
2026-09-28T21:47:52.294068+09:00,101100408,dccd50fe,2026-09-28T21:47:52.294068+09:00,2026-09-28T21:47:52.378817+09:00,rail-left-01,rail-right-01,0.6.7-draft,0.6.7-draft,mqtt,mqtt,950.86,846.55,7.257,6.805,0.095,0.054,-0.089,-0.164,10.483,10.285,-0.0663,0.0328,0.0308,0.0576,-0.0083,-0.0107,26.99,27.27,18396,19241,2.3,2.405,6.899,7.215,1171,1171,118,118,24,23,0,0,,,,,,,,,,,,,,,,,0.0,0.0,0.0,0.0,1210.5,960.5,0.9858,1.1018,1,1,0
2026-09-28T21:47:52.314200+09:00,101120540,dccd50fe,2026-09-28T21:47:52.314200+09:00,2026-09-28T21:47:52.398949+09:00,rail-left-01,rail-right-01,0.6.7-draft,0.6.7-draft,mqtt,mqtt,951.96,847.55,6.924,7.271,0.054,-0.024,-0.132,-0.257,10.558,9.805,-0.0659,0.0365,0.042,0.0558,-0.0079,-0.0071,27.02,27.28,17566,20277,2.196,2.535,6.587,7.604,1172,1172,118,118,24,23,0,0,,,,,,,,,,,,,,,,,0.0,0.0,0.0,0.0,1211.6,961.6,0.9858,1.1018,1,1,0
2026-09-28T21:47:52.334083+09:00,101140423,dccd50fe,2026-09-28T21:47:52.334083+09:00,2026-09-28T21:47:52.418832+09:00,rail-left-01,rail-right-01,0.6.7-draft,0.6.7-draft,mqtt,mqtt,953.0,848.49,6.9,7.198,-0.236,-0.093,-0.162,-0.134,10.616,9.635,-0.0675,0.0372,0.0385,0.0545,-0.0123,-0.0068,27.0,27.27,17508,20113,2.189,2.514,6.566,7.542,1173,1173,118,118,24,23,0,0,,,,,,,,,,,,,,,,,0.0,0.0,0.0,0.0,1212.6,962.6,0.9858,1.1018,1,1,0
2026-09-28T21:47:52.354219+09:00,101160559,dccd50fe,2026-09-28T21:47:52.354219+09:00,2026-09-28T21:47:52.438968+09:00,rail-left-01,rail-right-01,0.6.7-draft,0.6.7-draft,mqtt,mqtt,954.04,849.44,6.889,7.047,0.016,0.098,0.043,-0.257,10.306,9.688,-0.064,0.0316,0.0342,0.0522,-0.0083,-0.0081,27.02,27.27,17479,19780,2.185,2.473,6.555,7.418,1174,1174,118,118,24,23,0,0,,,,,,,,,,,,,,,,,0.0,0.0,0.0,0.0,1213.6,963.6,0.9858,1.1018,1,1,0
2026-09-28T21:47:52.374249+09:00,101180589,dccd50fe,2026-09-28T21:47:52.374249+09:00,2026-09-28T21:47:52.458998+09:00,rail-left-01,rail-right-01,0.6.7-draft,0.6.7-draft,mqtt,mqtt,955.14,850.38,6.899,6.824,-0.151,-0.113,0.241,-0.419,10.306,9.618,-0.067,0.0316,0.0378,0.0546,-0.0051,-0.0037,26.99,27.27,17505,19285,2.188,2.411,6.564,7.232,1175,1175,118,118,24,23,0,0,,,,,,,,,,,,,,,,,0.0,0.0,0.0,0.0,1214.7,964.7,0.9858,1.1018,1,1,0
2026-09-28T21:47:52.394213+09:00,101200553,dccd50fe,2026-09-28T21:47:52.394213+09:00,2026-09-28T21:47:52.478962+09:00,rail-left-01,rail-right-01,0.6.7-draft,0.6.7-draft,mqtt,mqtt,956.18,851.33,6.885,6.535,-0.054,-0.04,0.16,-0.293,10.58,9.596,-0.0658,0.0349,0.0373,0.0549,-0.0105,-0.0049,26.99,27.27,17469,18642,2.184,2.33,6.551,6.991,1176,1176,118,118,24,23,0,0,,,,,,,,,,,,,,,,,0.0,0.0,0.0,0.0,1215.7,965.7,0.9858,1.1018,1,1,0
2026-09-28T21:47:52.414264+09:00,101220604,dccd50fe,2026-09-28T21:47:52.414264+09:00,2026-09-28T21:47:52.499013+09:00,rail-left-01,rail-right-01,0.6.7-draft,0.6.7-draft,mqtt,mqtt,957.23,852.27,6.88,6.335,-0.062,-0.036,0.163,-0.272,10.29,9.75,-0.0645,0.0276,0.0348,0.0586,-0.0129,-0.0057,27.02,27.27,17458,18200,2.182,2.275,6.547,6.825,1177,1177,118,118,24,23,0,0,,,,,,,,,,,,,,,,,0.0,0.0,0.0,0.0,1216.8,966.8,0.9858,1.1018,1,1,0
2026-09-28T21:47:52.434124+09:00,101240464,dccd50fe,2026-09-28T21:47:52.434124+09:00,2026-09-28T21:47:52.518873+09:00,rail-left-01,rail-right-01,0.6.7-draft,0.6.7-draft,mqtt,mqtt,958.27,853.22,6.871,6.031,0.056,0.026,-0.035,-0.379,10.408,9.674,-0.065,0.0325,0.0424,0.0606,-0.0105,-0.0071,27.01,27.26,17435,17525,2.179,2.191,6.538,6.572,1178,1178,118,118,24,23,0,0,,,,,,,,,,,,,,,,,0.0,0.0,0.0,0.0,1217.8,967.8,0.9858,1.1018,1,1,0
2026-09-28T21:47:52.454244+09:00,101260584,dccd50fe,2026-09-28T21:47:52.454244+09:00,2026-09-28T21:47:52.538993+09:00,rail-left-01,rail-right-01,0.6.7-draft,0.6.7-draft,mqtt,mqtt,959.36,854.16,6.861,5.91,-0.109,-0.071,-0.221,-0.229,10.421,9.537,-0.0658,0.0314,0.0361,0.0585,-0.0101,-0.0035,27.02,27.27,17411,17022,2.176,2.128,6.529,6.383,1179,1179,118,118,24,23,0,0,,,,,,,,,,,,,,,,,0.0,0.0,0.0,0.0,1218.9,968.9,0.9858,1.1018,1,1,0
2026-09-28T21:47:52.474263+09:00,101280603,dccd50fe,2026-09-28T21:47:52.474263+09:00,2026-09-28T21:47:52.559012+09:00,rail-left-01,rail-right-01,0.6.7-draft,0.6.7-draft,mqtt,mqtt,960.41,855.1,6.847,5.819,-0.091,0.01,0.053,-0.028,10.511,9.762,-0.0655,0.0313,0.0348,0.0577,-0.0095,-0.0028,27.01,27.27,17376,16586,2.172,2.073,6.516,6.22,1180,1180,118,118,24,23,0,0,,,,,,,,,,,,,,,,,0.0,0.0,0.0,0.0,1219.9,969.9,0.9858,1.1018,1,1,0
2026-09-28T21:47:52.607627+09:00,101467450,dccd50fe,2026-09-28T21:47:52.607627+09:00,2026-09-28T21:47:52.643081+09:00,rail-left-01,rail-right-01,0.6.7-draft,0.6.7-draft,mqtt,mqtt,970.3,863.9,6.843,5.794,-0.023,-0.05,-0.073,0.0,10.471,9.732,-0.0691,0.0292,0.0362,0.0545,-0.0011,-0.0007,27.02,27.27,17366,16463,2.171,2.058,6.512,6.174,1181,1181,119,119,24,23,0,0,,,,,,,,,,,,,,,,,0.0,0.0,0.0,0.0,1229.7,979.7,0.9858,1.1018,1,1,0
2026-09-28T21:47:52.627787+09:00,101487610,dccd50fe,2026-09-28T21:47:52.627787+09:00,2026-09-28T21:47:52.663241+09:00,rail-left-01,rail-right-01,0.6.7-draft,0.6.7-draft,mqtt,mqtt,971.35,864.85,6.82,5.706,-0.005,0.06,0.116,-0.231,10.463,9.572,-0.0695,0.0349,0.0372,0.0546,-0.0003,-0.0012,27.02,27.26,17307,16040,2.163,2.005,6.49,6.015,1182,1182,119,119,24,23,0,0,,,,,,,,,,,,,,,,,0.0,0.0,0.0,0.0,1230.7,980.7,0.9858,1.1018,1,1,0
2026-09-28T21:47:52.647724+09:00,101507547,dccd50fe,2026-09-28T21:47:52.647724+09:00,2026-09-28T21:47:52.683179+09:00,rail-left-01,rail-right-01,0.6.7-draft,0.6.7-draft,mqtt,mqtt,972.39,865.79,6.818,5.711,-0.148,-0.09,0.336,-0.251,10.359,9.637,-0.0661,0.0332,0.0385,0.0554,-0.0019,0.0,27.02,27.27,17302,16063,2.163,2.008,6.488,6.024,1183,1183,119,119,24,23,0,0,,,,,,,,,,,,,,,,,0.0,0.0,0.0,0.0,1231.7,981.7,0.9858,1.1018,1,1,0
2026-09-28T21:47:52.667702+09:00,101527525,dccd50fe,2026-09-28T21:47:52.667702+09:00,2026-09-28T21:47:52.703156+09:00,rail-left-01,rail-right-01,0.6.7-draft,0.6.7-draft,mqtt,mqtt,973.43,866.74,6.798,5.708,-0.006,0.059,0.336,-0.124,10.517,9.793,-0.0691,0.0337,0.0396,0.0585,-0.0083,-0.0091,27.01,27.25,17253,16052,2.157,2.007,6.47,6.019,1184,1184,119,119,24,23,0,0,,,,,,,,,,,,,,,,,0.0,0.0,0.0,0.0,1232.7,982.7,0.9858,1.1018,1,1,0
2026-09-28T21:47:52.687970+09:00,101547793,dccd50fe,2026-09-28T21:47:52.687970+09:00,2026-09-28T21:47:52.723425+09:00,rail-left-01,rail-right-01,0.6.7-draft,0.6.7-draft,mqtt,mqtt,974.53,867.73,6.795,5.712,-0.153,-0.244,0.037,-0.304,10.647,9.832,-0.0653,0.0341,0.0398,0.0553,-0.0123,-0.0068,27.0,27.28,17245,16070,2.156,2.009,6.467,6.026,1185,1185,119,119,24,23,0,0,,,,,,,,,,,,,,,,,0.0,0.0,0.0,0.0,1233.8,983.8,0.9858,1.1018,1,1,0
2026-09-28T21:47:52.707976+09:00,101567799,dccd50fe,2026-09-28T21:47:52.707976+09:00,2026-09-28T21:47:52.743430+09:00,rail-left-01,rail-right-01,0.6.7-draft,0.6.7-draft,mqtt,mqtt,975.57,868.68,6.796,5.719,-0.122,-0.104,0.153,-0.294,10.537,9.708,-0.0694,0.0314,0.0432,0.0513,-0.0047,-0.0079,27.02,27.29,17247,16103,2.156,2.013,6.468,6.039,1186,1186,119,119,24,23,0,0,,,,,,,,,,,,,,,,,0.0,0.0,0.0,0.0,1234.8,984.8,0.9858,1.1018,1,1,0
2026-09-28T21:47:52.727757+09:00,101587580,dccd50fe,2026-09-28T21:47:52.727757+09:00,2026-09-28T21:47:52.763211+09:00,rail-left-01,rail-right-01,0.6.7-draft,0.6.7-draft,mqtt,mqtt,976.62,869.57,6.787,5.724,0.065,0.056,-0.108,-0.16,10.642,9.726,-0.0674,0.0354,0.0424,0.0517,0.0007,-0.0036,27.02,27.26,17227,16127,2.153,2.016,6.46,6.048,1187,1187,119,119,24,23,0,0,,,,,,,,,,,,,,,,,0.0,0.0,0.0,0.0,1235.9,985.9,0.9858,1.1018,1,1,0
2026-09-28T21:47:52.747717+09:00,101607540,dccd50fe,2026-09-28T21:47:52.747717+09:00,2026-09-28T21:47:52.783171+09:00,rail-left-01,rail-right-01,0.6.7-draft,0.6.7-draft,mqtt,mqtt,977.66,870.57,6.784,5.739,-0.081,-0.035,-0.186,-0.183,10.466,9.668,-0.0709,0.0309,0.0441,0.0556,-0.0001,-0.0083,27.02,27.28,17219,16200,2.152,2.025,6.457,6.075,1188,1188,119,119,24,23,0,0,,,,,,,,,,,,,,,,,0.0,0.0,0.0,0.0,1236.9,986.9,0.9858,1.1018,1,1,0
2026-09-28T21:47:52.767759+09:00,101627582,dccd50fe,2026-09-28T21:47:52.767759+09:00,2026-09-28T21:47:52.803213+09:00,rail-left-01,rail-right-01,0.6.7-draft,0.6.7-draft,mqtt,mqtt,978.75,871.51,6.776,5.747,-0.026,0.047,-0.068,-0.183,10.704,9.717,-0.0675,0.03,0.039,0.0512,0.0004,-0.0016,27.02,27.25,17199,16239,2.15,2.03,6.45,6.09,1189,1189,119,119,24,23,0,0,,,,,,,,,,,,,,,,,0.0,0.0,0.0,0.0,1238.0,988.0,0.9858,1.1018,1,1,0
2026-09-28T21:47:52.788202+09:00,101648025,dccd50fe,2026-09-28T21:47:52.788202+09:00,2026-09-28T21:47:52.823656+09:00,rail-left-01,rail-right-01,0.6.7-draft,0.6.7-draft,mqtt,mqtt,979.85,872.46,6.769,5.756,-0.044,-0.036,0.145,-0.354,10.329,9.64,-0.0649,0.0346,0.039,0.0569,-0.0023,-0.0008,27.01,27.27,17181,16281,2.148,2.035,6.443,6.105,1190,1190,119,119,24,23,0,0,,,,,,,,,,,,,,,,,0.0,0.0,0.0,0.0,1239.1,989.1,0.9858,1.1018,1,1,0
2026-09-28T21:47:52.869042+09:00,101727461,dccd50fe,2026-09-28T21:47:52.869042+09:00,2026-09-28T21:47:52.910728+09:00,rail-left-01,rail-right-01,0.6.7-draft,0.6.7-draft,mqtt,mqtt,984.02,876.23,6.758,5.758,-0.142,-0.042,-0.263,-0.387,10.344,9.732,-0.0666,0.0308,0.0386,0.0582,-0.0063,-0.0089,27.02,27.28,17153,16289,2.144,2.036,6.432,6.108,1191,1191,120,120,24,23,0,0,,,,,,,,,,,,,,,,,0.0,0.0,0.0,0.0,1243.2,993.2,0.9858,1.1018,1,1,0
2026-09-28T21:47:52.889181+09:00,101747600,dccd50fe,2026-09-28T21:47:52.889181+09:00,2026-09-28T21:47:52.930867+09:00,rail-left-01,rail-right-01,0.6.7-draft,0.6.7-draft,mqtt,mqtt,985.07,877.18,6.786,5.76,0.051,0.053,-0.063,-0.225,10.4,9.675,-0.0694,0.034,0.0389,0.0562,-0.0024,-0.0031,27.01,27.29,17224,16302,2.153,2.038,6.459,6.113,1192,1192,120,120,24,23,0,0,,,,,,,,,,,,,,,,,0.0,0.0,0.0,0.0,1244.2,994.2,0.9858,1.1018,1,1,0
2026-09-28T21:47:52.909117+09:00,101767536,dccd50fe,2026-09-28T21:47:52.909117+09:00,2026-09-28T21:47:52.950803+09:00,rail-left-01,rail-right-01,0.6.7-draft,0.6.7-draft,mqtt,mqtt,986.11,878.12,6.79,5.772,-0.081,-0.073,0.083,-0.268,10.282,9.689,-0.0691,0.0344,0.04,0.057,-0.0004,-0.0017,27.03,27.26,17232,16356,2.154,2.045,6.462,6.134,1193,1193,120,120,24,23,0,0,,,,,,,,,,,,,,,,,0.0,0.0,0.0,0.0,1245.2,995.2,0.9858,1.1018,1,1,0
2026-09-28T21:47:52.929062+09:00,101787481,dccd50fe,2026-09-28T21:47:52.929062+09:00,2026-09-28T21:47:52.970748+09:00,rail-left-01,rail-right-01,0.6.7-draft,0.6.7-draft,mqtt,mqtt,987.21,879.07,6.781,5.78,-0.028,0.016,0.091,0.007,10.353,9.61,-0.0663,0.0365,0.0405,0.0588,-0.0037,-0.0028,27.03,27.28,17210,16396,2.151,2.049,6.454,6.148,1194,1194,120,120,24,23,0,0,,,,,,,,,,,,,,,,,0.0,0.0,0.0,0.0,1246.3,996.3,0.9858,1.1018,1,1,0
2026-09-28T21:47:52.949111+09:00,101807530,dccd50fe,2026-09-28T21:47:52.949111+09:00,2026-09-28T21:47:52.990797+09:00,rail-left-01,rail-right-01,0.6.7-draft,0.6.7-draft,mqtt,mqtt,988.25,880.01,6.77,5.785,-0.194,-0.013,0.199,-0.478,10.341,9.598,-0.0706,0.0354,0.0372,0.0534,-0.0035,-0.0021,27.02,27.27,17183,16423,2.148,2.053,6.444,6.159,1195,1195,120,120,24,23,0,0,,,,,,,,,,,,,,,,,0.0,0.0,0.0,0.0,1247.3,997.3,0.9858,1.1018,1,1,0
2026-09-28T21:47:52.969100+09:00,101827519,dccd50fe,2026-09-28T21:47:52.969100+09:00,2026-09-28T21:47:53.010786+09:00,rail-left-01,rail-right-01,0.6.7-draft,0.6.7-draft,mqtt,mqtt,989.29,880.96,6.755,5.789,-0.085,-0.038,0.39,-0.233,10.233,9.602,-0.0645,0.0298,0.0393,0.0602,-0.0061,-0.0033,27.02,27.27,17147,16438,2.143,2.055,6.43,6.164,1196,1196,120,120,24,23,0,0,,,,,,,,,,,,,,,,,0.0,0.0,0.0,0.0,1248.4,998.4,0.9858,1.1018,1,1,0
2026-09-28T21:47:52.989112+09:00,101847531,dccd50fe,2026-09-28T21:47:52.989112+09:00,2026-09-28T21:47:53.030798+09:00,rail-left-01,rail-right-01,0.6.7-draft,0.6.7-draft,mqtt,mqtt,990.34,881.9,6.752,5.793,-0.147,-0.098,0.189,-0.393,10.339,9.595,-0.064,0.0328,0.0412,0.0608,-0.012,-0.0087,27.0,27.28,17138,16457,2.142,2.057,6.427,6.171,1197,1197,120,120,24,23,0,0,,,,,,,,,,,,,,,,,0.0,0.0,0.0,0.0,1249.4,999.4,0.9858,1.1018,1,1,0
2026-09-28T21:47:53.009163+09:00,101867582,dccd50fe,2026-09-28T21:47:53.009163+09:00,2026-09-28T21:47:53.050849+09:00,rail-left-01,rail-right-01,0.6.7-draft,0.6.7-draft,mqtt,mqtt,991.43,882.9,6.726,5.797,0.047,-0.037,-0.2,-0.339,10.542,9.815,-0.0646,0.0306,0.0389,0.0602,-0.014,-0.0104,27.02,27.27,17074,16480,2.134,2.06,6.403,6.18,1198,1198,120,120,24,23,0,0,,,,,,,,,,,,,,,,,0.0,0.0,0.0,0.0,1250.5,1000.5,0.9858,1.1018,1,1,0
2026-09-28T21:47:53.029102+09:00,101887521,dccd50fe,2026-09-28T21:47:53.029102+09:00,2026-09-28T21:47:53.070788+09:00,rail-left-01,rail-right-01,0.6.7-draft,0.6.7-draft,mqtt,mqtt,992.48,883.84,6.72,5.798,0.071,0.054,-0.177,0.012,10.506,9.681,-0.0681,0.0328,0.0385,0.0594,-0.0071,-0.0061,27.02,27.28,17059,16485,2.132,2.061,6.397,6.182,1199,1199,120,120,24,23,0,0,,,,,,,,,,,,,,,,,0.0,0.0,0.0,0.0,1251.5,1001.5,0.9858,1.1018,1,1,0
2026-09-28T21:47:53.049505+09:00,101907924,dccd50fe,2026-09-28T21:47:53.049505+09:00,2026-09-28T21:47:53.091191+09:00,rail-left-01,rail-right-01,0.6.7-draft,0.6.7-draft,mqtt,mqtt,993.57,884.79,6.702,5.803,-0.109,-0.016,-0.117,-0.162,10.635,9.677,-0.0679,0.035,0.0354,0.0561,-0.0043,-0.0007,27.03,27.28,17014,16509,2.127,2.064,6.38,6.191,1200,1200,120,120,24,23,0,0,,,,,,,,,,,,,,,,,0.0,0.0,0.0,0.0,1252.6,1002.6,0.9858,1.1018,1,1,0
2026-09-28T21:47:53.139997+09:00,101993447,dccd50fe,2026-09-28T21:47:53.139997+09:00,2026-09-28T21:47:53.231342+09:00,rail-left-01,rail-right-01,0.6.7-draft,0.6.7-draft,mqtt,mqtt,998.14,888.86,6.698,5.803,-0.026,0.036,0.281,0.067,10.445,9.651,-0.0657,0.0302,0.0349,0.054,-0.0092,-0.0055,27.0,27.27,17003,16507,2.125,2.063,6.376,6.19,1201,1201,121,121,24,23,0,0,,,,,,,,,,,,,,,,,0.0,0.0,0.0,0.0,1257.1,1007.1,0.9858,1.1018,1,1,0
2026-09-28T21:47:53.160117+09:00,102013566,dccd50fe,2026-09-28T21:47:53.160117+09:00,2026-09-28T21:47:53.251461+09:00,rail-left-01,rail-right-01,0.6.7-draft,0.6.7-draft,mqtt,mqtt,999.19,889.81,6.66,5.816,-0.187,-0.178,0.008,-0.371,10.348,9.815,-0.0622,0.0313,0.0405,0.0576,-0.0107,-0.0097,27.01,27.29,16909,16572,2.114,2.072,6.341,6.215,1202,1202,121,121,24,23,0,0,,,,,,,,,,,,,,,,,0.0,0.0,0.0,0.0,1258.1,1008.1,0.9858,1.1018,1,1,0
2026-09-28T21:47:53.180052+09:00,102033502,dccd50fe,2026-09-28T21:47:53.180052+09:00,2026-09-28T21:47:53.271397+09:00,rail-left-01,rail-right-01,0.6.7-draft,0.6.7-draft,mqtt,mqtt,1000.28,890.75,6.643,5.823,0.012,-0.034,-0.081,-0.089,10.56,9.756,-0.0657,0.0274,0.0406,0.0601,-0.0097,-0.0059,26.99,27.26,16868,16604,2.109,2.076,6.326,6.227,1203,1203,121,121,24,23,0,0,,,,,,,,,,,,,,,,,0.0,0.0,0.0,0.0,1259.2,1009.2,0.9858,1.1018,1,1,0
2026-09-28T21:47:53.200157+09:00,102053606,dccd50fe,2026-09-28T21:47:53.200157+09:00,2026-09-28T21:47:53.291501+09:00,rail-left-01,rail-right-01,0.6.7-draft,0.6.7-draft,mqtt,mqtt,1001.33,891.7,6.626,5.826,-0.022,-0.01,-0.225,-0.259,10.415,9.795,-0.0707,0.0297,0.0368,0.0576,-0.0101,-0.0075,27.02,27.28,16825,16616,2.103,2.077,6.309,6.231,1204,1204,121,121,24,23,0,0,,,,,,,,,,,,,,,,,0.0,0.0,0.0,0.0,1260.2,1010.2,0.9858,1.1018,1,1,0
2026-09-28T21:47:53.220200+09:00,102073650,dccd50fe,2026-09-28T21:47:53.220200+09:00,2026-09-28T21:47:53.311545+09:00,rail-left-01,rail-right-01,0.6.7-draft,0.6.7-draft,mqtt,mqtt,1002.42,892.64,6.602,5.828,0.025,0.049,-0.291,-0.115,10.527,9.701,-0.0719,0.0296,0.0438,0.0593,-0.0093,-0.0109,27.01,27.28,16765,16628,2.096,2.079,6.287,6.236,1205,1205,121,121,24,23,0,0,,,,,,,,,,,,,,,,,0.0,0.0,0.0,0.0,1261.3,1011.3,0.9858,1.1018,1,1,0
2026-09-28T21:47:53.240147+09:00,102093597,dccd50fe,2026-09-28T21:47:53.240147+09:00,2026-09-28T21:47:53.331492+09:00,rail-left-01,rail-right-01,0.6.7-draft,0.6.7-draft,mqtt,mqtt,1003.46,893.59,6.632,5.831,-0.218,-0.089,-0.304,-0.127,10.463,9.524,-0.0612,0.0314,0.0249,0.0498,-0.0079,-0.0035,27.02,27.27,16840,16644,2.105,2.081,6.315,6.242,1206,1206,121,121,24,23,0,0,,,,,,,,,,,,,,,,,0.0,0.0,0.0,0.0,1262.3,1012.3,0.9858,1.1018,1,1,0
2026-09-28T21:47:53.260465+09:00,102113914,dccd50fe,2026-09-28T21:47:53.260465+09:00,2026-09-28T21:47:53.351809+09:00,rail-left-01,rail-right-01,0.6.7-draft,0.6.7-draft,mqtt,mqtt,1004.51,894.53,6.684,5.834,0.085,0.099,0.093,-0.121,10.364,9.798,-0.0715,0.03,0.0097,0.0472,-0.0029,0.0003,27.0,27.26,16970,16656,2.121,2.082,6.364,6.246,1207,1207,121,121,24,23,0,0,,,,,,,,,,,,,,,,,0.0,0.0,0.0,0.0,1263.4,1013.4,0.9858,1.1018,1,1,0
2026-09-28T21:47:53.280040+09:00,102133490,dccd50fe,2026-09-28T21:47:53.280040+09:00,2026-09-28T21:47:53.371385+09:00,rail-left-01,rail-right-01,0.6.7-draft,0.6.7-draft,mqtt,mqtt,1005.6,895.48,6.743,5.825,-0.14,-0.104,0.418,-0.075,10.327,9.849,-0.0717,0.0296,0.0257,0.0512,-0.0039,0.0035,27.0,27.29,17117,16612,2.14,2.077,6.419,6.23,1208,1208,121,121,24,23,0,0,,,,,,,,,,,,,,,,,0.0,0.0,0.0,0.0,1264.5,1014.5,0.9858,1.1018,1,1,0
2026-09-28T21:47:53.300058+09:00,102153507,dccd50fe,2026-09-28T21:47:53.300058+09:00,2026-09-28T21:47:53.391402+09:00,rail-left-01,rail-right-01,0.6.7-draft,0.6.7-draft,mqtt,mqtt,1006.65,896.42,6.755,5.809,-0.128,-0.111,0.464,-0.449,10.549,9.584,-0.0681,0.0256,0.0205,0.0524,-0.0073,-0.0032,27.0,27.29,17146,16538,2.143,2.067,6.43,6.202,1209,1209,121,121,24,23,0,0,,,,,,,,,,,,,,,,,0.0,0.0,0.0,0.0,1265.5,1015.5,0.9858,1.1018,1,1,0
2026-09-28T21:47:53.320820+09:00,102174270,dccd50fe,2026-09-28T21:47:53.320820+09:00,2026-09-28T21:47:53.412165+09:00,rail-left-01,rail-right-01,0.6.7-draft,0.6.7-draft,mqtt,mqtt,1007.74,897.41,6.752,5.788,-0.065,-0.013,0.079,-0.097,10.364,9.64,-0.0665,0.0234,0.0376,0.0453,-0.0084,-0.012,27.0,27.26,17139,16437,2.142,2.055,6.427,6.164,1210,1210,121,121,24,23,0,0,,,,,,,,,,,,,,,,,0.0,0.0,0.0,0.0,1266.6,1016.6,0.9858,1.1018,1,1,0
2026-09-28T21:47:53.460621+09:00,102313463,dccd50fe,2026-09-28T21:47:53.460621+09:00,2026-09-28T21:47:53.496619+09:00,rail-left-01,rail-right-01,0.6.7-draft,0.6.7-draft,mqtt,mqtt,1015.15,903.98,6.755,5.777,-0.002,0.102,0.045,-0.204,10.396,9.659,-0.0652,0.0328,0.0374,0.0572,-0.0137,-0.0161,27.01,27.3,17145,16381,2.143,2.048,6.429,6.143,1211,1211,122,122,24,23,0,0,,,,,,,,,,,,,,,,,0.0,0.0,0.0,0.0,1273.9,1023.9,0.9858,1.1018,1,1,0
2026-09-28T21:47:53.480748+09:00,102333589,dccd50fe,2026-09-28T21:47:53.480748+09:00,2026-09-28T21:47:53.516745+09:00,rail-left-01,rail-right-01,0.6.7-draft,0.6.7-draft,mqtt,mqtt,1016.19,904.97,6.693,5.766,-0.181,-0.198,0.159,-0.291,10.325,9.996,-0.0682,0.0294,0.0373,0.0558,-0.0035,-0.0061,27.0,27.3,16991,16327,2.124,2.041,6.372,6.123,1212,1212,122,122,24,23,0,0,,,,,,,,,,,,,,,,,0.0,0.0,0.0,0.0,1274.9,1024.9,0.9858,1.1018,1,1,0
2026-09-28T21:47:53.500775+09:00,102353617,dccd50fe,2026-09-28T21:47:53.500775+09:00,2026-09-28T21:47:53.536773+09:00,rail-left-01,rail-right-01,0.6.7-draft,0.6.7-draft,mqtt,mqtt,1017.29,905.92,6.697,5.771,-0.007,0.01,-0.062,-0.32,10.452,9.568,-0.0648,0.0258,0.0401,0.0568,-0.0091,-0.01,27.02,27.28,17002,16354,2.125,2.044,6.376,6.133,1213,1213,122,122,24,23,0,0,,,,,,,,,,,,,,,,,0.0,0.0,0.0,0.0,1276.0,1026.0,0.9858,1.1018,1,1,0
2026-09-28T21:47:53.520727+09:00,102373569,dccd50fe,2026-09-28T21:47:53.520727+09:00,2026-09-28T21:47:53.556725+09:00,rail-left-01,rail-right-01,0.6.7-draft,0.6.7-draft,mqtt,mqtt,1018.33,906.86,6.684,5.774,-0.041,0.031,-0.069,-0.26,10.375,9.459,-0.0625,0.0318,0.0437,0.0572,-0.0099,-0.0069,27.02,27.26,16969,16370,2.121,2.046,6.363,6.139,1214,1214,122,122,24,23,0,0,,,,,,,,,,,,,,,,,0.0,0.0,0.0,0.0,1277.0,1027.0,0.9858,1.1018,1,1,0
2026-09-28T21:47:53.540991+09:00,102393833,dccd50fe,2026-09-28T21:47:53.540991+09:00,2026-09-28T21:47:53.576989+09:00,rail-left-01,rail-right-01,0.6.7-draft,0.6.7-draft,mqtt,mqtt,1019.37,907.81,6.673,5.778,-0.089,0.016,-0.011,-0.34,10.506,9.681,-0.0655,0.0334,0.0301,0.052,-0.0059,-0.0019,27.02,27.28,16941,16386,2.118,2.048,6.353,6.145,1215,1215,122,122,24,23,0,0,,,,,,,,,,,,,,,,,0.0,0.0,0.0,0.0,1278.0,1028.0,0.9858,1.1018,1,1,0
2026-09-28T21:47:53.560959+09:00,102413801,dccd50fe,2026-09-28T21:47:53.560959+09:00,2026-09-28T21:47:53.596957+09:00,rail-left-01,rail-right-01,0.6.7-draft,0.6.7-draft,mqtt,mqtt,1020.47,908.8,6.692,5.763,0.06,0.001,0.06,0.037,10.556,9.895,-0.0594,0.0366,0.0285,0.049,-0.0067,-0.0035,27.0,27.28,16989,16317,2.124,2.04,6.371,6.119,1216,1216,122,122,24,23,0,0,,,,,,,,,,,,,,,,,0.0,0.0,0.0,0.0,1279.1,1029.1,0.9858,1.1018,1,1,0
2026-09-28T21:47:53.580715+09:00,102433557,dccd50fe,2026-09-28T21:47:53.580715+09:00,2026-09-28T21:47:53.616713+09:00,rail-left-01,rail-right-01,0.6.7-draft,0.6.7-draft,mqtt,mqtt,1021.51,909.74,6.719,5.763,-0.069,-0.018,0.237,-0.297,10.552,9.674,-0.0624,0.032,0.0285,0.0493,-0.0096,-0.0071,27.0,27.27,17057,16314,2.132,2.039,6.396,6.118,1217,1217,122,122,24,23,0,0,,,,,,,,,,,,,,,,,0.0,0.0,0.0,0.0,1280.1,1030.1,0.9858,1.1018,1,1,0
2026-09-28T21:47:53.600823+09:00,102453665,dccd50fe,2026-09-28T21:47:53.600823+09:00,2026-09-28T21:47:53.636821+09:00,rail-left-01,rail-right-01,0.6.7-draft,0.6.7-draft,mqtt,mqtt,1022.56,910.69,6.759,5.759,-0.041,0.011,0.102,-0.387,10.433,9.791,-0.0618,0.0324,0.0312,0.0474,-0.0095,-0.0087,26.99,27.26,17155,16295,2.144,2.037,6.433,6.111,1218,1218,122,122,24,23,0,0,,,,,,,,,,,,,,,,,0.0,0.0,0.0,0.0,1281.2,1031.2,0.9858,1.1018,1,1,0
2026-09-28T21:47:53.620663+09:00,102473505,dccd50fe,2026-09-28T21:47:53.620663+09:00,2026-09-28T21:47:53.656661+09:00,rail-left-01,rail-right-01,0.6.7-draft,0.6.7-draft,mqtt,mqtt,1023.6,911.63,6.781,5.752,-0.108,0.002,0.113,-0.302,10.353,9.533,-0.0633,0.0316,0.0372,0.0548,-0.0115,-0.0092,27.01,27.28,17211,16261,2.151,2.033,6.454,6.098,1219,1219,122,122,24,23,0,0,,,,,,,,,,,,,,,,,0.0,0.0,0.0,0.0,1282.2,1032.2,0.9858,1.1018,1,1,0
2026-09-28T21:47:53.640683+09:00,102493525,dccd50fe,2026-09-28T21:47:53.640683+09:00,2026-09-28T21:47:53.676681+09:00,rail-left-01,rail-right-01,0.6.7-draft,0.6.7-draft,mqtt,mqtt,1024.64,912.58,6.777,5.747,-0.038,-0.017,-0.181,-0.332,10.385,9.699,-0.0646,0.0324,0.036,0.0568,-0.0108,-0.0095,27.0,27.27,17201,16240,2.15,2.03,6.45,6.09,1220,1220,122,122,24,23,0,0,,,,,,,,,,,,,,,,,0.0,0.0,0.0,0.0,1283.2,1033.2,0.9858,1.1018,1,1,0
2026-09-28T21:47:53.731062+09:00,102578531,dccd50fe,2026-09-28T21:47:53.731062+09:00,2026-09-28T21:47:53.769011+09:00,rail-left-01,rail-right-01,0.6.7-draft,0.6.7-draft,mqtt,mqtt,1029.07,916.66,6.768,5.746,-0.017,-0.03,0.089,-0.081,10.518,9.596,-0.0673,0.0322,0.0357,0.0541,-0.0084,-0.0063,27.01,27.28,17179,16233,2.147,2.029,6.442,6.087,1221,1221,123,123,24,23,0,0,,,,,,,,,,,,,,,,,0.0,0.0,0.0,0.0,1287.6,1037.6,0.9858,1.1018,1,1,0
2026-09-28T21:47:53.751170+09:00,102598640,dccd50fe,2026-09-28T21:47:53.751170+09:00,2026-09-28T21:47:53.789121+09:00,rail-left-01,rail-right-01,0.6.7-draft,0.6.7-draft,mqtt,mqtt,1030.11,917.65,6.754,5.698,0.001,-0.005,0.077,-0.324,10.253,9.54,-0.067,0.0357,0.0365,0.0553,-0.0115,-0.0073,27.0,27.25,17143,16002,2.143,2.0,6.429,6.001,1222,1222,123,123,24,23,0,0,,,,,,,,,,,,,,,,,0.0,0.0,0.0,0.0,1288.6,1038.6,0.9858,1.1018,1,1,0
2026-09-28T21:47:53.771128+09:00,102618597,dccd50fe,2026-09-28T21:47:53.771128+09:00,2026-09-28T21:47:53.809078+09:00,rail-left-01,rail-right-01,0.6.7-draft,0.6.7-draft,mqtt,mqtt,1031.16,918.59,6.745,5.69,-0.014,-0.017,0.256,-0.158,10.382,9.691,-0.065,0.0306,0.0381,0.0612,-0.0087,-0.0047,27.01,27.27,17120,15963,2.14,1.995,6.42,5.986,1223,1223,123,123,24,23,0,0,,,,,,,,,,,,,,,,,0.0,0.0,0.0,0.0,1289.6,1039.6,0.9858,1.1018,1,1,0
2026-09-28T21:47:53.791091+09:00,102638561,dccd50fe,2026-09-28T21:47:53.791091+09:00,2026-09-28T21:47:53.829041+09:00,rail-left-01,rail-right-01,0.6.7-draft,0.6.7-draft,mqtt,mqtt,1032.25,919.54,6.728,5.693,-0.102,-0.073,0.166,-0.244,10.635,9.795,-0.0604,0.0313,0.0364,0.0534,-0.0137,-0.0095,26.98,27.29,17080,15979,2.135,1.997,6.405,5.992,1224,1224,123,123,24,23,0,0,,,,,,,,,,,,,,,,,0.0,0.0,0.0,0.0,1290.7,1040.7,0.9858,1.1018,1,1,0
2026-09-28T21:47:53.811747+09:00,102659217,dccd50fe,2026-09-28T21:47:53.811747+09:00,2026-09-28T21:47:53.849697+09:00,rail-left-01,rail-right-01,0.6.7-draft,0.6.7-draft,mqtt,mqtt,1033.29,920.53,6.739,5.696,-0.047,0.031,-0.036,-0.323,10.293,9.697,-0.0649,0.0324,0.0376,0.0552,-0.0087,-0.0088,27.0,27.25,17106,15990,2.138,1.999,6.415,5.996,1225,1225,123,123,24,23,0,0,,,,,,,,,,,,,,,,,0.0,0.0,0.0,0.0,1291.7,1041.7,0.9858,1.1018,1,1,0
2026-09-28T21:47:53.831732+09:00,102679202,dccd50fe,2026-09-28T21:47:53.831732+09:00,2026-09-28T21:47:53.869682+09:00,rail-left-01,rail-right-01,0.6.7-draft,0.6.7-draft,mqtt,mqtt,1034.39,921.48,6.724,5.686,-0.059,-0.061,0.069,-0.101,10.5,9.681,-0.0665,0.0298,0.036,0.0566,-0.0072,-0.0052,27.01,27.26,17068,15943,2.134,1.993,6.401,5.979,1226,1226,123,123,24,23,0,0,,,,,,,,,,,,,,,,,0.0,0.0,0.0,0.0,1292.8,1042.8,0.9858,1.1018,1,1,0
2026-09-28T21:47:53.851117+09:00,102698587,dccd50fe,2026-09-28T21:47:53.851117+09:00,2026-09-28T21:47:53.889067+09:00,rail-left-01,rail-right-01,0.6.7-draft,0.6.7-draft,mqtt,mqtt,1035.38,922.42,6.722,5.683,0.008,-0.005,-0.117,-0.147,10.473,9.805,-0.0654,0.0324,0.0389,0.061,-0.0127,-0.0095,27.03,27.25,17065,15932,2.133,1.992,6.399,5.975,1227,1227,123,123,24,23,0,0,,,,,,,,,,,,,,,,,0.0,0.0,0.0,0.0,1293.8,1043.8,0.9858,1.1018,1,1,0
2026-09-28T21:47:53.871247+09:00,102718717,dccd50fe,2026-09-28T21:47:53.871247+09:00,2026-09-28T21:47:53.909197+09:00,rail-left-01,rail-right-01,0.6.7-draft,0.6.7-draft,mqtt,mqtt,1036.43,923.37,6.702,5.692,-0.042,0.012,0.177,-0.209,10.433,9.867,-0.0633,0.0337,0.0377,0.056,-0.0103,-0.0055,27.04,27.26,17015,15972,2.127,1.997,6.381,5.99,1228,1228,123,123,24,23,0,0,,,,,,,,,,,,,,,,,0.0,0.0,0.0,0.0,1294.8,1044.8,0.9858,1.1018,1,1,0
2026-09-28T21:47:53.891190+09:00,102738660,dccd50fe,2026-09-28T21:47:53.891190+09:00,2026-09-28T21:47:53.929140+09:00,rail-left-01,rail-right-01,0.6.7-draft,0.6.7-draft,mqtt,mqtt,1037.47,924.36,6.698,5.693,-0.108,-0.038,0.126,-0.292,10.513,9.697,-0.0663,0.0301,0.0404,0.0557,-0.014,-0.0125,27.01,27.26,17004,15976,2.126,1.997,6.377,5.991,1229,1229,123,123,24,23,0,0,,,,,,,,,,,,,,,,,0.0,0.0,0.0,0.0,1295.9,1045.9,0.9858,1.1018,1,1,0
2026-09-28T21:47:53.911255+09:00,102758725,dccd50fe,2026-09-28T21:47:53.911255+09:00,2026-09-28T21:47:53.949205+09:00,rail-left-01,rail-right-01,0.6.7-draft,0.6.7-draft,mqtt,mqtt,1038.56,925.31,6.679,5.698,-0.092,-0.061,0.329,-0.114,10.435,9.714,-0.0662,0.0314,0.0412,0.0578,-0.0096,-0.0059,27.0,27.28,16958,16003,2.12,2.0,6.359,6.001,1230,1230,123,123,24,23,0,0,,,,,,,,,,,,,,,,,0.0,0.0,0.0,0.0,1296.9,1046.9,0.9858,1.1018,1,1,0
2026-09-28T21:47:54.004063+09:00,102855519,dccd50fe,2026-09-28T21:47:54.004063+09:00,2026-09-28T21:47:54.086735+09:00,rail-left-01,rail-right-01,0.6.7-draft,0.6.7-draft,mqtt,mqtt,1043.64,929.93,6.663,5.7,0.007,-0.005,0.157,-0.37,10.222,9.653,-0.0659,0.0338,0.0392,0.0604,-0.0091,-0.004,27.01,27.25,16917,16012,2.115,2.002,6.344,6.005,1231,1231,124,124,24,23,0,0,,,,,,,,,,,,,,,,,0.0,0.0,0.0,0.0,1302.0,1052.0,0.9858,1.1018,1,1,0
2026-09-28T21:47:54.024196+09:00,102875652,dccd50fe,2026-09-28T21:47:54.024196+09:00,2026-09-28T21:47:54.106868+09:00,rail-left-01,rail-right-01,0.6.7-draft,0.6.7-draft,mqtt,mqtt,1044.73,930.88,6.591,5.711,-0.157,-0.135,0.06,-0.3,10.38,9.614,-0.0677,0.0342,0.0358,0.0556,-0.0087,-0.0024,27.02,27.3,16738,16064,2.092,2.008,6.277,6.024,1232,1232,124,124,24,23,0,0,,,,,,,,,,,,,,,,,0.0,0.0,0.0,0.0,1303.0,1053.0,0.9858,1.1018,1,1,0
2026-09-28T21:47:54.044175+09:00,102895631,dccd50fe,2026-09-28T21:47:54.044175+09:00,2026-09-28T21:47:54.126848+09:00,rail-left-01,rail-right-01,0.6.7-draft,0.6.7-draft,mqtt,mqtt,1045.77,931.87,6.565,5.688,0.062,0.059,0.09,0.134,10.396,10.023,-0.0632,0.0318,0.0409,0.0641,-0.0144,-0.0119,26.98,27.28,16674,15952,2.084,1.994,6.253,5.982,1233,1233,124,124,24,23,0,0,,,,,,,,,,,,,,,,,0.0,0.0,0.0,0.0,1304.0,1054.0,0.9858,1.1018,1,1,0
2026-09-28T21:47:54.064112+09:00,102915568,dccd50fe,2026-09-28T21:47:54.064112+09:00,2026-09-28T21:47:54.146785+09:00,rail-left-01,rail-right-01,0.6.7-draft,0.6.7-draft,mqtt,mqtt,1046.82,932.81,6.537,5.704,-0.035,-0.043,-0.302,-0.344,10.475,9.683,-0.0687,0.0297,0.0438,0.0648,-0.0108,-0.0055,27.01,27.27,16604,16032,2.076,2.004,6.227,6.012,1234,1234,124,124,24,23,0,0,,,,,,,,,,,,,,,,,0.0,0.0,0.0,0.0,1305.1,1055.1,0.9858,1.1018,1,1,0
2026-09-28T21:47:54.084160+09:00,102935616,dccd50fe,2026-09-28T21:47:54.084160+09:00,2026-09-28T21:47:54.166832+09:00,rail-left-01,rail-right-01,0.6.7-draft,0.6.7-draft,mqtt,mqtt,1047.91,933.76,6.51,5.72,-0.044,-0.008,-0.063,0.005,10.648,9.908,-0.0669,0.0285,0.0332,0.0558,-0.0084,-0.0057,27.02,27.27,16535,16107,2.067,2.013,6.201,6.04,1235,1235,124,124,24,23,0,0,,,,,,,,,,,,,,,,,0.0,0.0,0.0,0.0,1306.2,1056.2,0.9858,1.1018,1,1,0
2026-09-28T21:47:54.104142+09:00,102955598,dccd50fe,2026-09-28T21:47:54.104142+09:00,2026-09-28T21:47:54.186814+09:00,rail-left-01,rail-right-01,0.6.7-draft,0.6.7-draft,mqtt,mqtt,1048.96,934.7,6.509,5.734,-0.007,-0.024,0.201,-0.512,10.446,9.753,-0.0693,0.0345,0.0433,0.0589,-0.0087,-0.0036,27.02,27.24,16533,16177,2.067,2.022,6.2,6.066,1236,1236,124,124,24,23,0,0,,,,,,,,,,,,,,,,,0.0,0.0,0.0,0.0,1307.2,1057.2,0.9858,1.1018,1,1,0
2026-09-28T21:47:54.124159+09:00,102975615,dccd50fe,2026-09-28T21:47:54.124159+09:00,2026-09-28T21:47:54.206831+09:00,rail-left-01,rail-right-01,0.6.7-draft,0.6.7-draft,mqtt,mqtt,1050.0,935.65,6.498,5.743,-0.223,-0.209,0.227,-0.05,10.69,9.782,-0.069,0.0322,0.0406,0.0556,-0.0113,-0.0077,27.02,27.26,16507,16218,2.063,2.027,6.19,6.082,1237,1237,124,124,24,23,0,0,,,,,,,,,,,,,,,,,0.0,0.0,0.0,0.0,1308.2,1058.2,0.9858,1.1018,1,1,0
2026-09-28T21:47:54.144112+09:00,102995568,dccd50fe,2026-09-28T21:47:54.144112+09:00,2026-09-28T21:47:54.226785+09:00,rail-left-01,rail-right-01,0.6.7-draft,0.6.7-draft,mqtt,mqtt,1051.04,936.59,6.483,5.756,0.057,0.08,0.286,-0.266,10.604,9.716,-0.0683,0.0337,0.0392,0.0548,-0.0155,-0.0097,26.99,27.28,16470,16281,2.059,2.035,6.176,6.105,1238,1238,124,124,24,23,0,0,,,,,,,,,,,,,,,,,0.0,0.0,0.0,0.0,1309.2,1059.2,0.9858,1.1018,1,1,0
2026-09-28T21:47:54.164089+09:00,103015545,dccd50fe,2026-09-28T21:47:54.164089+09:00,2026-09-28T21:47:54.246761+09:00,rail-left-01,rail-right-01,0.6.7-draft,0.6.7-draft,mqtt,mqtt,1052.14,937.54,6.484,5.77,-0.129,-0.117,-0.02,-0.364,10.509,9.692,-0.0698,0.0301,0.0389,0.0561,-0.0137,-0.0107,26.97,27.29,16471,16350,2.059,2.044,6.177,6.131,1239,1239,124,124,24,23,0,0,,,,,,,,,,,,,,,,,0.0,0.0,0.0,0.0,1310.3,1060.3,0.9858,1.1018,1,1,0
2026-09-28T21:47:54.184152+09:00,103035608,dccd50fe,2026-09-28T21:47:54.184152+09:00,2026-09-28T21:47:54.266824+09:00,rail-left-01,rail-right-01,0.6.7-draft,0.6.7-draft,mqtt,mqtt,1053.18,938.48,6.479,5.777,0.044,0.059,0.221,-0.13,10.422,9.707,-0.0673,0.0329,0.0417,0.0573,-0.0105,-0.0076,26.98,27.26,16460,16381,2.058,2.048,6.173,6.143,1240,1240,124,124,24,23,0,0,,,,,,,,,,,,,,,,,0.0,0.0,0.0,0.0,1311.4,1061.4,0.9858,1.1018,1,1,0
2026-09-28T21:47:54.360763+09:00,103169459,dccd50fe,2026-09-28T21:47:54.360763+09:00,2026-09-28T21:47:54.441786+09:00,rail-left-01,rail-right-01,0.6.7-draft,0.6.7-draft,mqtt,mqtt,1060.34,944.85,6.462,5.782,-0.227,-0.241,-0.069,-0.227,11.003,9.706,-0.0662,0.0344,0.043,0.0582,-0.0101,-0.0008,27.0,27.26,16416,16406,2.052,2.051,6.156,6.152,1241,1241,125,125,24,23,0,0,,,,,,,,,,,,,,,,,0.0,0.0,0.0,0.0,1318.4,1068.4,0.9858,1.1018,1,1,0
2026-09-28T21:47:54.380935+09:00,103189631,dccd50fe,2026-09-28T21:47:54.380935+09:00,2026-09-28T21:47:54.461958+09:00,rail-left-01,rail-right-01,0.6.7-draft,0.6.7-draft,mqtt,mqtt,1061.44,945.79,6.364,5.845,-0.029,0.03,-0.044,-0.146,10.718,9.98,-0.0685,0.0317,0.0364,0.0537,-0.0179,-0.0087,27.02,27.28,16174,16708,2.022,2.089,6.065,6.266,1242,1242,125,125,24,23,0,0,,,,,,,,,,,,,,,,,0.0,0.0,0.0,0.0,1319.5,1069.5,0.9858,1.1018,1,1,0
2026-09-28T21:47:54.400854+09:00,103209550,dccd50fe,2026-09-28T21:47:54.400854+09:00,2026-09-28T21:47:54.481877+09:00,rail-left-01,rail-right-01,0.6.7-draft,0.6.7-draft,mqtt,mqtt,1062.48,946.74,6.393,5.856,-0.13,-0.132,0.198,-0.338,10.436,9.74,-0.0687,0.0337,0.0394,0.0538,-0.0115,-0.0075,26.99,27.27,16245,16762,2.031,2.095,6.092,6.286,1243,1243,125,125,24,23,0,0,,,,,,,,,,,,,,,,,0.0,0.0,0.0,0.0,1320.5,1070.5,0.9858,1.1018,1,1,0
2026-09-28T21:47:54.420781+09:00,103229477,dccd50fe,2026-09-28T21:47:54.420781+09:00,2026-09-28T21:47:54.501804+09:00,rail-left-01,rail-right-01,0.6.7-draft,0.6.7-draft,mqtt,mqtt,1063.52,947.68,6.4,5.859,-0.077,-0.035,0.005,-0.119,10.598,9.676,-0.0703,0.0289,0.0389,0.0581,-0.0072,-0.0059,27.02,27.31,16263,16777,2.033,2.097,6.099,6.291,1244,1244,125,125,24,23,0,0,,,,,,,,,,,,,,,,,0.0,0.0,0.0,0.0,1321.5,1071.5,0.9858,1.1018,1,1,0
2026-09-28T21:47:54.440807+09:00,103249504,dccd50fe,2026-09-28T21:47:54.440807+09:00,2026-09-28T21:47:54.521831+09:00,rail-left-01,rail-right-01,0.6.7-draft,0.6.7-draft,mqtt,mqtt,1064.62,948.62,6.381,5.866,-0.056,0.045,0.148,-0.36,10.36,9.639,-0.0638,0.0342,0.0372,0.0556,-0.0077,-0.0032,26.99,27.27,16216,16813,2.027,2.102,6.081,6.305,1245,1245,125,125,24,23,0,0,,,,,,,,,,,,,,,,,0.0,0.0,0.0,0.0,1322.6,1072.6,0.9858,1.1018,1,1,0
2026-09-28T21:47:54.460789+09:00,103269485,dccd50fe,2026-09-28T21:47:54.460789+09:00,2026-09-28T21:47:54.541812+09:00,rail-left-01,rail-right-01,0.6.7-draft,0.6.7-draft,mqtt,mqtt,1065.71,949.57,6.367,5.875,0.025,0.022,0.328,-0.236,10.338,9.663,-0.0663,0.0309,0.0429,0.0632,-0.0088,-0.0044,26.98,27.27,16180,16852,2.023,2.107,6.068,6.32,1246,1246,125,125,24,23,0,0,,,,,,,,,,,,,,,,,0.0,0.0,0.0,0.0,1323.7,1073.7,0.9858,1.1018,1,1,0
2026-09-28T21:47:54.480926+09:00,103289623,dccd50fe,2026-09-28T21:47:54.480926+09:00,2026-09-28T21:47:54.561950+09:00,rail-left-01,rail-right-01,0.6.7-draft,0.6.7-draft,mqtt,mqtt,1066.76,950.51,6.348,5.886,-0.083,-0.14,-0.017,-0.318,10.378,9.585,-0.0641,0.03,0.0396,0.0628,-0.0103,-0.0083,26.99,27.26,16132,16909,2.016,2.114,6.049,6.341,1247,1247,125,125,24,23,0,0,,,,,,,,,,,,,,,,,0.0,0.0,0.0,0.0,1324.7,1074.7,0.9858,1.1018,1,1,0
2026-09-28T21:47:54.500862+09:00,103309558,dccd50fe,2026-09-28T21:47:54.500862+09:00,2026-09-28T21:47:54.581885+09:00,rail-left-01,rail-right-01,0.6.7-draft,0.6.7-draft,mqtt,mqtt,1067.85,951.46,6.332,5.896,0.068,0.02,-0.157,-0.188,10.556,9.717,-0.067,0.029,0.0369,0.0565,-0.0091,-0.0043,26.98,27.25,16093,16957,2.012,2.12,6.035,6.359,1248,1248,125,125,24,23,0,0,,,,,,,,,,,,,,,,,0.0,0.0,0.0,0.0,1325.8,1075.8,0.9858,1.1018,1,1,0
2026-09-28T21:47:54.520796+09:00,103329492,dccd50fe,2026-09-28T21:47:54.520796+09:00,2026-09-28T21:47:54.601819+09:00,rail-left-01,rail-right-01,0.6.7-draft,0.6.7-draft,mqtt,mqtt,1068.89,952.4,6.314,5.9,-0.06,-0.065,-0.062,-0.396,10.666,9.717,-0.0636,0.0293,0.0426,0.0544,-0.0111,-0.0008,27.0,27.27,16049,16975,2.006,2.122,6.018,6.366,1249,1249,125,125,24,23,0,0,,,,,,,,,,,,,,,,,0.0,0.0,0.0,0.0,1326.8,1076.8,0.9858,1.1018,1,1,0
2026-09-28T21:47:54.540846+09:00,103349542,dccd50fe,2026-09-28T21:47:54.540846+09:00,2026-09-28T21:47:54.621869+09:00,rail-left-01,rail-right-01,0.6.7-draft,0.6.7-draft,mqtt,mqtt,1069.99,953.35,6.315,5.9,-0.074,-0.005,0.023,-0.187,10.465,9.604,-0.065,0.0321,0.0386,0.053,-0.0108,0.0005,27.0,27.28,16052,16974,2.007,2.122,6.019,6.365,1250,1250,125,125,24,23,0,0,,,,,,,,,,,,,,,,,0.0,0.0,0.0,0.0,1327.9,1077.9,0.9858,1.1018,1,1,0
2026-09-28T21:47:54.671923+09:00,103524418,dccd50fe,2026-09-28T21:47:54.671923+09:00,2026-09-28T21:47:54.711605+09:00,rail-left-01,rail-right-01,0.6.7-draft,0.6.7-draft,mqtt,mqtt,1079.33,961.6,6.308,5.899,-0.006,-0.012,0.249,-0.317,10.42,9.53,-0.0703,0.0261,0.0342,0.0553,-0.0133,-0.0115,27.02,27.29,16033,16970,2.004,2.121,6.012,6.364,1251,1251,126,126,24,23,0,0,,,,,,,,,,,,,,,,,0.0,0.0,0.0,0.0,1337.1,1087.1,0.9858,1.1018,1,1,0
2026-09-28T21:47:54.691964+09:00,103544459,dccd50fe,2026-09-28T21:47:54.691964+09:00,2026-09-28T21:47:54.731646+09:00,rail-left-01,rail-right-01,0.6.7-draft,0.6.7-draft,mqtt,mqtt,1080.38,962.55,6.39,5.922,-0.091,-0.096,0.0,-0.433,10.49,9.623,-0.0658,0.0288,0.0314,0.0528,-0.0103,-0.0077,27.01,27.29,16238,17080,2.03,2.135,6.089,6.405,1252,1252,126,126,24,23,0,0,,,,,,,,,,,,,,,,,0.0,0.0,0.0,0.0,1338.2,1088.2,0.9858,1.1018,1,1,0
2026-09-28T21:47:54.712090+09:00,103564585,dccd50fe,2026-09-28T21:47:54.712090+09:00,2026-09-28T21:47:54.751772+09:00,rail-left-01,rail-right-01,0.6.7-draft,0.6.7-draft,mqtt,mqtt,1081.47,963.49,6.402,5.913,0.028,0.056,0.089,-0.241,10.482,9.703,-0.0665,0.0272,0.0334,0.0513,-0.0117,-0.0068,27.02,27.25,16267,17038,2.033,2.13,6.1,6.389,1253,1253,126,126,24,23,0,0,,,,,,,,,,,,,,,,,0.0,0.0,0.0,0.0,1339.2,1089.2,0.9858,1.1018,1,1,0
2026-09-28T21:47:54.732104+09:00,103584599,dccd50fe,2026-09-28T21:47:54.732104+09:00,2026-09-28T21:47:54.771786+09:00,rail-left-01,rail-right-01,0.6.7-draft,0.6.7-draft,mqtt,mqtt,1082.52,964.43,6.401,5.893,-0.116,-0.187,-0.176,-0.12,10.581,9.713,-0.0671,0.0216,0.0334,0.0546,-0.0095,-0.0087,27.0,27.27,16265,16939,2.033,2.117,6.099,6.352,1254,1254,126,126,24,23,0,0,,,,,,,,,,,,,,,,,0.0,0.0,0.0,0.0,1340.3,1090.3,0.9858,1.1018,1,1,0
2026-09-28T21:47:54.752156+09:00,103604651,dccd50fe,2026-09-28T21:47:54.752156+09:00,2026-09-28T21:47:54.791838+09:00,rail-left-01,rail-right-01,0.6.7-draft,0.6.7-draft,mqtt,mqtt,1083.61,965.38,6.427,5.873,0.026,0.196,-0.084,-0.243,10.489,9.822,-0.0669,0.0234,0.0298,0.0474,-0.0111,-0.0037,27.01,27.26,16330,16843,2.041,2.105,6.124,6.316,1255,1255,126,126,24,23,0,0,,,,,,,,,,,,,,,,,0.0,0.0,0.0,0.0,1341.4,1091.4,0.9858,1.1018,1,1,0
2026-09-28T21:47:54.772307+09:00,103624802,dccd50fe,2026-09-28T21:47:54.772307+09:00,2026-09-28T21:47:54.811989+09:00,rail-left-01,rail-right-01,0.6.7-draft,0.6.7-draft,mqtt,mqtt,1084.65,966.32,6.432,5.86,-0.084,-0.085,0.267,-0.041,10.621,9.691,-0.0673,0.0308,0.038,0.0534,-0.0088,-0.0043,26.99,27.28,16341,16784,2.043,2.098,6.128,6.294,1256,1256,126,126,24,23,0,0,,,,,,,,,,,,,,,,,0.0,0.0,0.0,0.0,1342.4,1092.4,0.9858,1.1018,1,1,0
2026-09-28T21:47:54.791954+09:00,103644449,dccd50fe,2026-09-28T21:47:54.791954+09:00,2026-09-28T21:47:54.831636+09:00,rail-left-01,rail-right-01,0.6.7-draft,0.6.7-draft,mqtt,mqtt,1085.7,967.27,6.452,5.856,-0.099,-0.059,0.091,-0.348,10.459,9.718,-0.0675,0.0328,0.0372,0.0569,-0.0139,-0.0081,26.99,27.26,16391,16763,2.049,2.095,6.147,6.286,1257,1257,126,126,24,23,0,0,,,,,,,,,,,,,,,,,0.0,0.0,0.0,0.0,1343.4,1093.4,0.9858,1.1018,1,1,0
2026-09-28T21:47:54.812078+09:00,103664572,dccd50fe,2026-09-28T21:47:54.812078+09:00,2026-09-28T21:47:54.851759+09:00,rail-left-01,rail-right-01,0.6.7-draft,0.6.7-draft,mqtt,mqtt,1086.79,968.21,6.471,5.863,-0.019,-0.066,0.183,-0.233,10.117,9.68,-0.0649,0.0306,0.0372,0.0564,-0.0124,-0.0031,27.01,27.26,16439,16795,2.055,2.099,6.165,6.298,1258,1258,126,126,24,23,0,0,,,,,,,,,,,,,,,,,0.0,0.0,0.0,0.0,1344.5,1094.5,0.9858,1.1018,1,1,0
2026-09-28T21:47:54.832075+09:00,103684569,dccd50fe,2026-09-28T21:47:54.832075+09:00,2026-09-28T21:47:54.871756+09:00,rail-left-01,rail-right-01,0.6.7-draft,0.6.7-draft,mqtt,mqtt,1087.84,969.16,6.48,5.862,-0.121,-0.105,0.314,-0.257,10.458,9.607,-0.0662,0.0304,0.0374,0.0553,-0.0123,-0.0056,27.02,27.28,16461,16790,2.058,2.099,6.173,6.296,1259,1259,126,126,24,23,0,0,,,,,,,,,,,,,,,,,0.0,0.0,0.0,0.0,1345.5,1095.5,0.9858,1.1018,1,1,0
2026-09-28T21:47:54.852125+09:00,103704620,dccd50fe,2026-09-28T21:47:54.852125+09:00,2026-09-28T21:47:54.891807+09:00,rail-left-01,rail-right-01,0.6.7-draft,0.6.7-draft,mqtt,mqtt,1088.88,970.1,6.481,5.864,0.096,0.098,-0.011,-0.28,10.386,9.662,-0.0679,0.0304,0.0442,0.0549,-0.0132,-0.0171,27.02,27.26,16463,16799,2.058,2.1,6.174,6.3,1260,1260,126,126,24,23,0,0,,,,,,,,,,,,,,,,,0.0,0.0,0.0,0.0,1346.5,1096.5,0.9858,1.1018,1,1,0
2026-09-28T21:47:54.942355+09:00,103794471,dccd50fe,2026-09-28T21:47:54.942355+09:00,2026-09-28T21:47:54.979800+09:00,rail-left-01,rail-right-01,0.6.7-draft,0.6.7-draft,mqtt,mqtt,1093.65,974.33,6.479,5.869,0.078,0.074,-0.148,-0.122,10.497,9.62,-0.0669,0.0278,0.0318,0.0525,-0.0089,-0.0075,26.99,27.27,16458,16826,2.057,2.103,6.172,6.31,1261,1261,127,127,24,23,0,0,,,,,,,,,,,,,,,,,0.0,0.0,0.0,0.0,1351.2,1101.2,0.9858,1.1018,1,1,0
2026-09-28T21:47:54.962499+09:00,103814615,dccd50fe,2026-09-28T21:47:54.962499+09:00,2026-09-28T21:47:54.999944+09:00,rail-left-01,rail-right-01,0.6.7-draft,0.6.7-draft,mqtt,mqtt,1094.75,975.27,6.526,5.863,-0.157,-0.192,-0.048,-0.439,10.673,9.73,-0.0605,0.0317,0.0338,0.0536,-0.0123,-0.01,27.01,27.27,16575,16795,2.072,2.099,6.216,6.298,1262,1262,127,127,24,23,0,0,,,,,,,,,,,,,,,,,0.0,0.0,0.0,0.0,1352.3,1102.3,0.9858,1.1018,1,1,0
2026-09-28T21:47:54.982445+09:00,103834561,dccd50fe,2026-09-28T21:47:54.982445+09:00,2026-09-28T21:47:55.019890+09:00,rail-left-01,rail-right-01,0.6.7-draft,0.6.7-draft,mqtt,mqtt,1095.79,976.22,6.564,5.869,0.151,0.135,-0.126,-0.225,10.605,9.699,-0.0597,0.033,0.0292,0.0484,-0.0063,-0.0025,27.0,27.3,16671,16824,2.084,2.103,6.252,6.309,1263,1263,127,127,24,23,0,0,,,,,,,,,,,,,,,,,0.0,0.0,0.0,0.0,1353.4,1103.4,0.9858,1.1018,1,1,0
2026-09-28T21:47:55.002403+09:00,103854519,dccd50fe,2026-09-28T21:47:55.002403+09:00,2026-09-28T21:47:55.039848+09:00,rail-left-01,rail-right-01,0.6.7-draft,0.6.7-draft,mqtt,mqtt,1096.83,977.16,6.622,5.874,-0.079,-0.097,0.098,-0.243,10.307,9.583,-0.0617,0.0329,0.034,0.0533,-0.0073,-0.0021,27.0,27.26,16816,16848,2.102,2.106,6.306,6.318,1264,1264,127,127,24,23,0,0,,,,,,,,,,,,,,,,,0.0,0.0,0.0,0.0,1354.4,1104.4,0.9858,1.1018,1,1,0
2026-09-28T21:47:55.022636+09:00,103874752,dccd50fe,2026-09-28T21:47:55.022636+09:00,2026-09-28T21:47:55.060081+09:00,rail-left-01,rail-right-01,0.6.7-draft,0.6.7-draft,mqtt,mqtt,1097.88,978.11,6.644,5.88,0.069,0.084,0.04,-0.329,10.416,9.665,-0.0642,0.0306,0.0314,0.0528,-0.0081,-0.0024,27.03,27.27,16869,16877,2.109,2.11,6.326,6.329,1265,1265,127,127,24,23,0,0,,,,,,,,,,,,,,,,,0.0,0.0,0.0,0.0,1355.4,1105.4,0.9858,1.1018,1,1,0
2026-09-28T21:47:55.042713+09:00,103894829,dccd50fe,2026-09-28T21:47:55.042713+09:00,2026-09-28T21:47:55.080158+09:00,rail-left-01,rail-right-01,0.6.7-draft,0.6.7-draft,mqtt,mqtt,1098.97,979.05,6.659,5.873,-0.099,-0.029,0.29,-0.297,10.39,9.541,-0.0661,0.0308,0.0362,0.052,-0.0071,-0.0056,27.01,27.29,16908,16845,2.114,2.106,6.341,6.317,1266,1266,127,127,24,23,0,0,,,,,,,,,,,,,,,,,0.0,0.0,0.0,0.0,1356.5,1106.5,0.9858,1.1018,1,1,0
2026-09-28T21:47:55.062464+09:00,103914580,dccd50fe,2026-09-28T21:47:55.062464+09:00,2026-09-28T21:47:55.099909+09:00,rail-left-01,rail-right-01,0.6.7-draft,0.6.7-draft,mqtt,mqtt,1100.02,980.0,6.659,5.864,-0.138,-0.073,0.303,-0.284,10.38,9.503,-0.0636,0.026,0.0342,0.0518,-0.0107,-0.0032,26.98,27.26,16907,16799,2.113,2.1,6.34,6.3,1267,1267,127,127,24,23,0,0,,,,,,,,,,,,,,,,,0.0,0.0,0.0,0.0,1357.5,1107.5,0.9858,1.1018,1,1,0
2026-09-28T21:47:55.082405+09:00,103934521,dccd50fe,2026-09-28T21:47:55.082405+09:00,2026-09-28T21:47:55.119850+09:00,rail-left-01,rail-right-01,0.6.7-draft,0.6.7-draft,mqtt,mqtt,1101.06,980.94,6.661,5.839,0.041,0.043,-0.15,0.014,10.297,10.22,-0.0655,0.0313,0.031,0.0548,-0.0107,-0.0108,27.02,27.28,16912,16681,2.114,2.085,6.342,6.255,1268,1268,127,127,24,23,0,0,,,,,,,,,,,,,,,,,0.0,0.0,0.0,0.0,1358.6,1108.6,0.9858,1.1018,1,1,0
2026-09-28T21:47:55.102505+09:00,103954621,dccd50fe,2026-09-28T21:47:55.102505+09:00,2026-09-28T21:47:55.139950+09:00,rail-left-01,rail-right-01,0.6.7-draft,0.6.7-draft,mqtt,mqtt,1102.1,981.89,6.669,5.839,0.093,-0.074,-0.314,-0.415,10.4,9.936,-0.0644,0.0336,0.0398,0.0593,-0.0089,-0.0085,27.0,27.28,16933,16680,2.117,2.085,6.35,6.255,1269,1269,127,127,24,23,0,0,,,,,,,,,,,,,,,,,0.0,0.0,0.0,0.0,1359.6,1109.6,0.9858,1.1018,1,1,0
2026-09-28T21:47:55.122380+09:00,103974496,dccd50fe,2026-09-28T21:47:55.122380+09:00,2026-09-28T21:47:55.159825+09:00,rail-left-01,rail-right-01,0.6.7-draft,0.6.7-draft,mqtt,mqtt,1103.15,982.83,6.668,5.848,0.013,0.036,0.096,-0.057,10.568,9.59,-0.0634,0.036,0.041,0.0554,-0.0091,-0.0049,27.02,27.27,16929,16726,2.116,2.091,6.348,6.272,1270,1270,127,127,24,23,0,0,,,,,,,,,,,,,,,,,0.0,0.0,0.0,0.0,1360.6,1110.6,0.9858,1.1018,1,1,0
2026-09-28T21:47:55.209523+09:00,104061460,dccd50fe,2026-09-28T21:47:55.209523+09:00,2026-09-28T21:47:55.252068+09:00,rail-left-01,rail-right-01,0.6.7-draft,0.6.7-draft,mqtt,mqtt,1107.72,986.96,6.656,5.851,-0.041,-0.022,0.172,-0.401,10.428,9.667,-0.0659,0.0302,0.036,0.0528,-0.0047,-0.0031,27.0,27.29,16899,16741,2.112,2.093,6.337,6.278,1271,1271,128,128,24,23,0,0,,,,,,,,,,,,,,,,,0.0,0.0,0.0,0.0,1365.1,1115.1,0.9858,1.1018,1,1,0
2026-09-28T21:47:55.229683+09:00,104081620,dccd50fe,2026-09-28T21:47:55.229683+09:00,2026-09-28T21:47:55.272228+09:00,rail-left-01,rail-right-01,0.6.7-draft,0.6.7-draft,mqtt,mqtt,1108.82,987.9,6.654,5.833,-0.004,-0.01,0.359,-0.342,10.183,9.524,-0.0682,0.034,0.0334,0.0542,-0.0097,-0.0079,26.98,27.29,16895,16654,2.112,2.082,6.336,6.245,1272,1272,128,128,24,23,0,0,,,,,,,,,,,,,,,,,0.0,0.0,0.0,0.0,1366.2,1116.2,0.9858,1.1018,1,1,0
2026-09-28T21:47:55.249682+09:00,104101619,dccd50fe,2026-09-28T21:47:55.249682+09:00,2026-09-28T21:47:55.292227+09:00,rail-left-01,rail-right-01,0.6.7-draft,0.6.7-draft,mqtt,mqtt,1109.86,988.85,6.657,5.826,-0.073,-0.092,0.017,-0.405,10.35,9.379,-0.0652,0.0354,0.0352,0.0564,-0.0104,-0.0095,27.0,27.27,16902,16618,2.113,2.077,6.338,6.232,1273,1273,128,128,24,23,0,0,,,,,,,,,,,,,,,,,0.0,0.0,0.0,0.0,1367.2,1117.2,0.9858,1.1018,1,1,0
2026-09-28T21:47:55.269708+09:00,104121645,dccd50fe,2026-09-28T21:47:55.269708+09:00,2026-09-28T21:47:55.312253+09:00,rail-left-01,rail-right-01,0.6.7-draft,0.6.7-draft,mqtt,mqtt,1110.9,989.79,6.642,5.81,0.005,0.036,-0.255,-0.085,10.414,9.604,-0.0703,0.0384,0.0321,0.051,-0.0077,-0.0068,26.99,27.26,16865,16543,2.108,2.068,6.324,6.204,1274,1274,128,128,24,23,0,0,,,,,,,,,,,,,,,,,0.0,0.0,0.0,0.0,1368.3,1118.3,0.9858,1.1018,1,1,0
2026-09-28T21:47:55.290098+09:00,104142035,dccd50fe,2026-09-28T21:47:55.290098+09:00,2026-09-28T21:47:55.332643+09:00,rail-left-01,rail-right-01,0.6.7-draft,0.6.7-draft,mqtt,mqtt,1112.0,990.79,6.649,5.804,0.042,0.056,-0.221,-0.206,10.208,9.699,-0.0685,0.0313,0.0394,0.0593,-0.0043,-0.0056,26.99,27.26,16881,16510,2.11,2.064,6.33,6.191,1275,1275,128,128,24,23,0,0,,,,,,,,,,,,,,,,,0.0,0.0,0.0,0.0,1369.3,1119.3,0.9858,1.1018,1,1,0
2026-09-28T21:47:55.310056+09:00,104161993,dccd50fe,2026-09-28T21:47:55.310056+09:00,2026-09-28T21:47:55.352601+09:00,rail-left-01,rail-right-01,0.6.7-draft,0.6.7-draft,mqtt,mqtt,1113.04,991.73,6.643,5.813,-0.035,-0.024,-0.243,-0.114,10.385,9.811,-0.0707,0.0296,0.0362,0.0562,-0.0045,-0.0076,26.99,27.29,16868,16558,2.109,2.07,6.326,6.209,1276,1276,128,128,24,23,0,0,,,,,,,,,,,,,,,,,0.0,0.0,0.0,0.0,1370.4,1120.4,0.9858,1.1018,1,1,0
2026-09-28T21:47:55.329620+09:00,104181557,dccd50fe,2026-09-28T21:47:55.329620+09:00,2026-09-28T21:47:55.372165+09:00,rail-left-01,rail-right-01,0.6.7-draft,0.6.7-draft,mqtt,mqtt,1114.09,992.63,6.644,5.818,0.012,0.08,0.172,-0.289,10.455,9.667,-0.0714,0.035,0.0338,0.053,-0.0003,-0.0028,26.97,27.27,16871,16582,2.109,2.073,6.327,6.218,1277,1277,128,128,24,23,0,0,,,,,,,,,,,,,,,,,0.0,0.0,0.0,0.0,1371.4,1121.4,0.9858,1.1018,1,1,0
2026-09-28T21:47:55.349603+09:00,104201540,dccd50fe,2026-09-28T21:47:55.349603+09:00,2026-09-28T21:47:55.392148+09:00,rail-left-01,rail-right-01,0.6.7-draft,0.6.7-draft,mqtt,mqtt,1115.13,993.62,6.654,5.821,-0.132,-0.075,0.265,-0.279,10.429,9.54,-0.0694,0.0318,0.0382,0.0525,-0.0025,-0.0051,27.01,27.27,16894,16595,2.112,2.074,6.335,6.223,1278,1278,128,128,24,23,0,0,,,,,,,,,,,,,,,,,0.0,0.0,0.0,0.0,1372.4,1122.4,0.9858,1.1018,1,1,0
2026-09-28T21:47:55.369538+09:00,104221475,dccd50fe,2026-09-28T21:47:55.369538+09:00,2026-09-28T21:47:55.412083+09:00,rail-left-01,rail-right-01,0.6.7-draft,0.6.7-draft,mqtt,mqtt,1116.18,994.56,6.657,5.828,-0.032,0.044,0.36,-0.169,10.343,9.731,-0.0682,0.032,0.0373,0.0542,-0.0024,-0.0029,27.0,27.27,16903,16628,2.113,2.079,6.339,6.236,1279,1279,128,128,24,23,0,0,,,,,,,,,,,,,,,,,0.0,0.0,0.0,0.0,1373.5,1123.5,0.9858,1.1018,1,1,0
2026-09-28T21:47:55.389739+09:00,104241676,dccd50fe,2026-09-28T21:47:55.389739+09:00,2026-09-28T21:47:55.432284+09:00,rail-left-01,rail-right-01,0.6.7-draft,0.6.7-draft,mqtt,mqtt,1117.22,995.51,6.653,5.833,-0.198,-0.122,0.181,-0.567,10.461,9.704,-0.0666,0.0332,0.0374,0.0553,-0.0035,-0.0053,27.0,27.27,16893,16654,2.112,2.082,6.335,6.245,1280,1280,128,128,24,23,0,0,,,,,,,,,,,,,,,,,0.0,0.0,0.0,0.0,1374.5,1124.5,0.9858,1.1018,1,1,0
2026-09-28T21:47:55.481121+09:00,104335451,dccd50fe,2026-09-28T21:47:55.481121+09:00,2026-09-28T21:47:55.519020+09:00,rail-left-01,rail-right-01,0.6.7-draft,0.6.7-draft,mqtt,mqtt,1122.19,999.98,6.646,5.834,0.011,-0.097,0.227,-0.224,10.677,9.74,-0.0674,0.03,0.043,0.0588,-0.0084,-0.0072,27.01,27.26,16875,16659,2.109,2.082,6.328,6.247,1281,1281,129,129,24,23,0,0,,,,,,,,,,,,,,,,,0.0,0.0,0.0,0.0,1379.4,1129.4,0.9858,1.1018,1,1,0
2026-09-28T21:47:55.501274+09:00,104355604,dccd50fe,2026-09-28T21:47:55.501274+09:00,2026-09-28T21:47:55.539173+09:00,rail-left-01,rail-right-01,0.6.7-draft,0.6.7-draft,mqtt,mqtt,1123.23,1000.93,6.611,5.847,-0.086,-0.013,-0.056,-0.324,10.584,9.633,-0.0669,0.0285,0.0373,0.0537,-0.0129,-0.008,26.99,27.28,16788,16719,2.099,2.09,6.295,6.27,1282,1282,129,129,24,23,0,0,,,,,,,,,,,,,,,,,0.0,0.0,0.0,0.0,1380.4,1130.4,0.9858,1.1018,1,1,0
2026-09-28T21:47:55.521203+09:00,104375533,dccd50fe,2026-09-28T21:47:55.521203+09:00,2026-09-28T21:47:55.559101+09:00,rail-left-01,rail-right-01,0.6.7-draft,0.6.7-draft,mqtt,mqtt,1124.28,1001.87,6.603,5.853,0.043,0.104,-0.072,-0.34,10.488,9.562,-0.0669,0.035,0.0393,0.0588,-0.008,-0.0057,27.02,27.26,16768,16747,2.096,2.093,6.288,6.28,1283,1283,129,129,24,23,0,0,,,,,,,,,,,,,,,,,0.0,0.0,0.0,0.0,1381.4,1131.4,0.9858,1.1018,1,1,0
2026-09-28T21:47:55.541157+09:00,104395487,dccd50fe,2026-09-28T21:47:55.541157+09:00,2026-09-28T21:47:55.579056+09:00,rail-left-01,rail-right-01,0.6.7-draft,0.6.7-draft,mqtt,mqtt,1125.32,1002.82,6.602,5.86,-0.011,-0.006,-0.273,-0.157,10.359,9.634,-0.0685,0.031,0.0372,0.0594,-0.0075,-0.0087,26.99,27.26,16766,16784,2.096,2.098,6.287,6.294,1284,1284,129,129,24,23,0,0,,,,,,,,,,,,,,,,,0.0,0.0,0.0,0.0,1382.5,1132.5,0.9858,1.1018,1,1,0
2026-09-28T21:47:55.561625+09:00,104415955,dccd50fe,2026-09-28T21:47:55.561625+09:00,2026-09-28T21:47:55.599524+09:00,rail-left-01,rail-right-01,0.6.7-draft,0.6.7-draft,mqtt,mqtt,1126.42,1003.81,6.602,5.871,-0.096,-0.132,0.045,-0.285,10.335,9.717,-0.0662,0.0321,0.042,0.0548,-0.0009,0.0,26.99,27.24,16765,16835,2.096,2.104,6.287,6.313,1285,1285,129,129,24,23,0,0,,,,,,,,,,,,,,,,,0.0,0.0,0.0,0.0,1383.6,1133.6,0.9858,1.1018,1,1,0
2026-09-28T21:47:55.581611+09:00,104435941,dccd50fe,2026-09-28T21:47:55.581611+09:00,2026-09-28T21:47:55.619510+09:00,rail-left-01,rail-right-01,0.6.7-draft,0.6.7-draft,mqtt,mqtt,1127.46,1004.76,6.583,5.874,0.06,0.154,0.127,-0.007,10.587,9.47,-0.067,0.0357,0.0449,0.0533,0.0028,-0.0025,26.99,27.24,16718,16851,2.09,2.106,6.269,6.319,1286,1286,129,129,24,23,0,0,,,,,,,,,,,,,,,,,0.0,0.0,0.0,0.0,1384.6,1134.6,0.9858,1.1018,1,1,0
2026-09-28T21:47:55.601180+09:00,104455510,dccd50fe,2026-09-28T21:47:55.601180+09:00,2026-09-28T21:47:55.639079+09:00,rail-left-01,rail-right-01,0.6.7-draft,0.6.7-draft,mqtt,mqtt,1128.51,1005.7,6.57,5.882,-0.176,-0.103,0.265,-0.487,10.441,9.597,-0.0699,0.0318,0.0429,0.056,0.0019,-0.0033,27.0,27.27,16685,16887,2.086,2.111,6.257,6.333,1287,1287,129,129,24,23,0,0,,,,,,,,,,,,,,,,,0.0,0.0,0.0,0.0,1385.6,1135.6,0.9858,1.1018,1,1,0
2026-09-28T21:47:55.621127+09:00,104475457,dccd50fe,2026-09-28T21:47:55.621127+09:00,2026-09-28T21:47:55.659026+09:00,rail-left-01,rail-right-01,0.6.7-draft,0.6.7-draft,mqtt,mqtt,1129.55,1006.65,6.556,5.883,0.014,0.005,0.087,-0.168,10.525,9.71,-0.0682,0.0358,0.0428,0.0565,-0.0004,-0.0032,27.0,27.28,16651,16894,2.081,2.112,6.244,6.335,1288,1288,129,129,24,23,0,0,,,,,,,,,,,,,,,,,0.0,0.0,0.0,0.0,1386.6,1136.6,0.9858,1.1018,1,1,0
2026-09-28T21:47:55.641201+09:00,104495531,dccd50fe,2026-09-28T21:47:55.641201+09:00,2026-09-28T21:47:55.679100+09:00,rail-left-01,rail-right-01,0.6.7-draft,0.6.7-draft,mqtt,mqtt,1130.59,1007.59,6.554,5.883,0.083,0.043,-0.056,-0.163,10.361,9.743,-0.067,0.0342,0.0338,0.0556,-0.0017,-0.0004,27.0,27.26,16646,16894,2.081,2.112,6.242,6.335,1289,1289,129,129,24,23,0,0,,,,,,,,,,,,,,,,,0.0,0.0,0.0,0.0,1387.7,1137.7,0.9858,1.1018,1,1,0
2026-09-28T21:47:55.661179+09:00,104515509,dccd50fe,2026-09-28T21:47:55.661179+09:00,2026-09-28T21:47:55.699078+09:00,rail-left-01,rail-right-01,0.6.7-draft,0.6.7-draft,mqtt,mqtt,1131.69,1008.53,6.555,5.88,-0.105,-0.075,-0.165,-0.189,10.54,9.855,-0.069,0.0316,0.0452,0.0562,0.0024,-0.0071,26.98,27.26,16649,16878,2.081,2.11,6.243,6.329,1290,1290,129,129,24,23,0,0,,,,,,,,,,,,,,,,,0.0,0.0,0.0,0.0,1388.7,1138.7,0.9858,1.1018,1,1,0
2026-09-28T21:47:55.780677+09:00,104600569,dccd50fe,2026-09-28T21:47:55.780677+09:00,2026-09-28T21:47:55.817149+09:00,rail-left-01,rail-right-01,0.6.7-draft,0.6.7-draft,mqtt,mqtt,1136.16,1012.61,6.553,5.884,-0.062,0.013,0.037,-0.251,10.447,9.615,-0.0669,0.0346,0.0408,0.0542,-0.0035,-0.0023,27.0,27.27,16643,16896,2.08,2.112,6.241,6.336,1291,1291,130,130,24,23,0,0,,,,,,,,,,,,,,,,,0.0,0.0,0.0,0.0,1393.2,1143.2,0.9858,1.1018,1,1,0
2026-09-28T21:47:55.800975+09:00,104620867,dccd50fe,2026-09-28T21:47:55.800975+09:00,2026-09-28T21:47:55.837447+09:00,rail-left-01,rail-right-01,0.6.7-draft,0.6.7-draft,mqtt,mqtt,1137.21,1013.56,6.563,5.91,0.035,0.037,0.136,-0.115,10.491,9.888,-0.0693,0.0346,0.0394,0.0584,-0.0001,0.0003,27.02,27.27,16669,17022,2.084,2.128,6.251,6.383,1292,1292,130,130,24,23,0,0,,,,,,,,,,,,,,,,,0.0,0.0,0.0,0.0,1394.2,1144.2,0.9858,1.1018,1,1,0
2026-09-28T21:47:55.820777+09:00,104640669,dccd50fe,2026-09-28T21:47:55.820777+09:00,2026-09-28T21:47:55.857249+09:00,rail-left-01,rail-right-01,0.6.7-draft,0.6.7-draft,mqtt,mqtt,1138.25,1014.5,6.546,5.921,-0.08,-0.044,0.474,-0.275,10.379,9.618,-0.065,0.035,0.0394,0.058,-0.0052,-0.0016,26.98,27.27,16625,17077,2.078,2.135,6.234,6.404,1293,1293,130,130,24,23,0,0,,,,,,,,,,,,,,,,,0.0,0.0,0.0,0.0,1395.2,1145.2,0.9858,1.1018,1,1,0
2026-09-28T21:47:55.840695+09:00,104660587,dccd50fe,2026-09-28T21:47:55.840695+09:00,2026-09-28T21:47:55.877167+09:00,rail-left-01,rail-right-01,0.6.7-draft,0.6.7-draft,mqtt,mqtt,1139.34,1015.45,6.524,5.923,-0.116,-0.066,0.107,-0.435,10.491,9.671,-0.0682,0.0313,0.0392,0.0561,-0.008,-0.0057,27.01,27.3,16572,17086,2.072,2.136,6.215,6.407,1294,1294,130,130,24,23,0,0,,,,,,,,,,,,,,,,,0.0,0.0,0.0,0.0,1396.3,1146.3,0.9858,1.1018,1,1,0
2026-09-28T21:47:55.860891+09:00,104680783,dccd50fe,2026-09-28T21:47:55.860891+09:00,2026-09-28T21:47:55.897363+09:00,rail-left-01,rail-right-01,0.6.7-draft,0.6.7-draft,mqtt,mqtt,1140.39,1016.39,6.52,5.926,0.008,0.062,-0.063,-0.107,10.245,9.566,-0.0673,0.0344,0.0392,0.0588,-0.0073,-0.0061,27.0,27.26,16560,17100,2.07,2.138,6.21,6.413,1295,1295,130,130,24,23,0,0,,,,,,,,,,,,,,,,,0.0,0.0,0.0,0.0,1397.3,1147.3,0.9858,1.1018,1,1,0
2026-09-28T21:47:55.880878+09:00,104700770,dccd50fe,2026-09-28T21:47:55.880878+09:00,2026-09-28T21:47:55.917350+09:00,rail-left-01,rail-right-01,0.6.7-draft,0.6.7-draft,mqtt,mqtt,1141.43,1017.38,6.507,5.931,0.073,0.128,-0.254,-0.283,10.24,9.677,-0.0666,0.0305,0.0376,0.0597,-0.0073,-0.0037,27.01,27.27,16530,17126,2.066,2.141,6.199,6.422,1296,1296,130,130,24,23,0,0,,,,,,,,,,,,,,,,,0.0,0.0,0.0,0.0,1398.4,1148.4,0.9858,1.1018,1,1,0
2026-09-28T21:47:55.900791+09:00,104720683,dccd50fe,2026-09-28T21:47:55.900791+09:00,2026-09-28T21:47:55.937263+09:00,rail-left-01,rail-right-01,0.6.7-draft,0.6.7-draft,mqtt,mqtt,1142.53,1018.33,6.488,5.933,0.051,0.045,-0.175,0.078,10.361,9.614,-0.0686,0.0325,0.0361,0.0596,-0.0056,-0.0068,27.0,27.26,16481,17134,2.06,2.142,6.18,6.425,1297,1297,130,130,24,23,0,0,,,,,,,,,,,,,,,,,0.0,0.0,0.0,0.0,1399.4,1149.4,0.9858,1.1018,1,1,0
2026-09-28T21:47:55.920778+09:00,104740670,dccd50fe,2026-09-28T21:47:55.920778+09:00,2026-09-28T21:47:55.957250+09:00,rail-left-01,rail-right-01,0.6.7-draft,0.6.7-draft,mqtt,mqtt,1143.57,1019.27,6.473,5.94,0.01,0.078,-0.017,-0.257,10.214,9.793,-0.0667,0.0317,0.0345,0.0594,-0.0073,-0.0001,27.01,27.27,16445,17166,2.056,2.146,6.167,6.437,1298,1298,130,130,24,23,0,0,,,,,,,,,,,,,,,,,0.0,0.0,0.0,0.0,1400.5,1150.5,0.9858,1.1018,1,1,0
2026-09-28T21:47:55.940755+09:00,104760647,dccd50fe,2026-09-28T21:47:55.940755+09:00,2026-09-28T21:47:55.977227+09:00,rail-left-01,rail-right-01,0.6.7-draft,0.6.7-draft,mqtt,mqtt,1144.61,1020.22,6.449,5.947,-0.166,-0.174,0.36,-0.154,10.641,9.754,-0.0626,0.0324,0.0381,0.0584,-0.0079,-0.0011,26.98,27.28,16384,17201,2.048,2.15,6.144,6.45,1299,1299,130,130,24,23,0,0,,,,,,,,,,,,,,,,,0.0,0.0,0.0,0.0,1401.5,1151.5,0.9858,1.1018,1,1,0
2026-09-28T21:47:55.960834+09:00,104780726,dccd50fe,2026-09-28T21:47:55.960834+09:00,2026-09-28T21:47:55.997306+09:00,rail-left-01,rail-right-01,0.6.7-draft,0.6.7-draft,mqtt,mqtt,1145.71,1021.16,6.442,5.945,-0.089,-0.017,0.259,-0.069,10.463,9.792,-0.0661,0.0324,0.0368,0.0554,-0.0112,-0.0075,26.99,27.26,16366,17192,2.046,2.149,6.137,6.447,1300,1300,130,130,24,23,0,0,,,,,,,,,,,,,,,,,0.0,0.0,0.0,0.0,1402.6,1152.6,0.9858,1.1018,1,1,0
2026-09-28T21:47:56.045299+09:00,104899540,dccd50fe,2026-09-28T21:47:56.045299+09:00,2026-09-28T21:47:56.127124+09:00,rail-left-01,rail-right-01,0.6.7-draft,0.6.7-draft,mqtt,mqtt,1152.02,1026.83,6.427,5.948,-0.204,-0.156,0.236,-0.3,10.552,9.676,-0.0766,0.0328,0.0364,0.0516,-0.0057,-0.0031,27.03,27.27,16330,17206,2.041,2.151,6.124,6.452,1301,1301,131,131,24,23,0,0,,,,,,,,,,,,,,,,,0.0,0.0,0.0,0.0,1408.8,1158.8,0.9858,1.1018,1,1,0
2026-09-28T21:47:56.065332+09:00,104919573,dccd50fe,2026-09-28T21:47:56.065332+09:00,2026-09-28T21:47:56.147158+09:00,rail-left-01,rail-right-01,0.6.7-draft,0.6.7-draft,mqtt,mqtt,1153.12,1027.83,6.442,5.94,0.031,0.036,0.48,-0.066,10.221,9.844,-0.0737,0.0338,0.0368,0.0592,-0.0089,-0.0023,26.99,27.27,16367,17166,2.046,2.146,6.138,6.437,1302,1302,131,131,24,23,0,0,,,,,,,,,,,,,,,,,0.0,0.0,0.0,0.0,1409.9,1159.9,0.9858,1.1018,1,1,0
2026-09-28T21:47:56.085443+09:00,104939684,dccd50fe,2026-09-28T21:47:56.085443+09:00,2026-09-28T21:47:56.167268+09:00,rail-left-01,rail-right-01,0.6.7-draft,0.6.7-draft,mqtt,mqtt,1154.16,1028.77,6.44,5.941,-0.152,-0.142,0.008,-0.62,10.271,9.675,-0.0606,0.028,0.0298,0.0488,-0.0091,-0.0069,27.0,27.27,16363,17173,2.045,2.147,6.136,6.44,1303,1303,131,131,24,23,0,0,,,,,,,,,,,,,,,,,0.0,0.0,0.0,0.0,1410.9,1160.9,0.9858,1.1018,1,1,0
2026-09-28T21:47:56.105361+09:00,104959602,dccd50fe,2026-09-28T21:47:56.105361+09:00,2026-09-28T21:47:56.187186+09:00,rail-left-01,rail-right-01,0.6.7-draft,0.6.7-draft,mqtt,mqtt,1155.2,1029.71,6.493,5.941,0.04,0.029,-0.012,-0.208,10.379,9.477,-0.062,0.0296,0.0296,0.0504,-0.0083,-0.0057,27.01,27.27,16494,17173,2.062,2.147,6.185,6.44,1304,1304,131,131,24,23,0,0,,,,,,,,,,,,,,,,,0.0,0.0,0.0,0.0,1411.9,1161.9,0.9858,1.1018,1,1,0
2026-09-28T21:47:56.125478+09:00,104979719,dccd50fe,2026-09-28T21:47:56.125478+09:00,2026-09-28T21:47:56.207303+09:00,rail-left-01,rail-right-01,0.6.7-draft,0.6.7-draft,mqtt,mqtt,1156.3,1030.66,6.515,5.927,0.012,0.037,-0.242,-0.196,10.271,9.744,-0.063,0.0248,0.0309,0.0549,-0.0105,-0.0071,26.97,27.29,16548,17104,2.069,2.138,6.206,6.414,1305,1305,131,131,24,23,0,0,,,,,,,,,,,,,,,,,0.0,0.0,0.0,0.0,1413.0,1163.0,0.9858,1.1018,1,1,0
2026-09-28T21:47:56.146415+09:00,105000656,dccd50fe,2026-09-28T21:47:56.146415+09:00,2026-09-28T21:47:56.228240+09:00,rail-left-01,rail-right-01,0.6.7-draft,0.6.7-draft,mqtt,mqtt,1157.39,1031.7,6.509,5.912,0.074,0.01,-0.284,-0.172,10.434,9.787,-0.0658,0.0248,0.0302,0.0525,-0.0088,-0.0056,26.99,27.28,16533,17034,2.067,2.129,6.2,6.388,1306,1306,131,131,24,23,0,0,,,,,,,,,,,,,,,,,0.0,0.0,0.0,0.0,1414.1,1164.1,0.9858,1.1018,1,1,0
2026-09-28T21:47:56.166645+09:00,105020886,dccd50fe,2026-09-28T21:47:56.166645+09:00,2026-09-28T21:47:56.248470+09:00,rail-left-01,rail-right-01,0.6.7-draft,0.6.7-draft,mqtt,mqtt,1158.49,1032.65,6.509,5.884,-0.182,-0.037,0.05,-0.091,10.478,9.692,-0.0701,0.027,0.0316,0.044,-0.0015,0.0009,26.99,27.29,16533,16899,2.067,2.112,6.2,6.337,1307,1307,131,131,24,23,0,0,,,,,,,,,,,,,,,,,0.0,0.0,0.0,0.0,1415.2,1165.2,0.9858,1.1018,1,1,0
2026-09-28T21:47:56.185341+09:00,105039582,dccd50fe,2026-09-28T21:47:56.185341+09:00,2026-09-28T21:47:56.267166+09:00,rail-left-01,rail-right-01,0.6.7-draft,0.6.7-draft,mqtt,mqtt,1159.48,1033.54,6.509,5.874,-0.04,-0.017,0.3,-0.363,10.299,9.396,-0.0661,0.0317,0.0449,0.0581,-0.0084,-0.0079,27.01,27.27,16534,16851,2.067,2.106,6.2,6.319,1308,1308,131,131,24,23,0,0,,,,,,,,,,,,,,,,,0.0,0.0,0.0,0.0,1416.1,1166.1,0.9858,1.1018,1,1,0
2026-09-28T21:47:56.205388+09:00,105059629,dccd50fe,2026-09-28T21:47:56.205388+09:00,2026-09-28T21:47:56.287213+09:00,rail-left-01,rail-right-01,0.6.7-draft,0.6.7-draft,mqtt,mqtt,1160.52,1034.49,6.489,5.884,-0.138,-0.085,0.031,-0.225,10.35,9.657,-0.0679,0.0298,0.0362,0.0556,-0.0068,-0.002,26.99,27.27,16484,16896,2.061,2.112,6.182,6.336,1309,1309,131,131,24,23,0,0,,,,,,,,,,,,,,,,,0.0,0.0,0.0,0.0,1417.2,1167.2,0.9858,1.1018,1,1,0
2026-09-28T21:47:56.225340+09:00,105079581,dccd50fe,2026-09-28T21:47:56.225340+09:00,2026-09-28T21:47:56.307165+09:00,rail-left-01,rail-right-01,0.6.7-draft,0.6.7-draft,mqtt,mqtt,1161.62,1035.48,6.472,5.882,0.09,0.11,0.327,-0.177,10.359,9.766,-0.0687,0.0317,0.0418,0.061,-0.0096,-0.0059,26.99,27.26,16442,16890,2.055,2.111,6.166,6.334,1310,1310,131,131,24,23,0,0,,,,,,,,,,,,,,,,,0.0,0.0,0.0,0.0,1418.3,1168.3,0.9858,1.1018,1,1,0
2026-09-28T21:47:56.363187+09:00,105208519,dccd50fe,2026-09-28T21:47:56.363187+09:00,2026-09-28T21:47:56.405265+09:00,rail-left-01,rail-right-01,0.6.7-draft,0.6.7-draft,mqtt,mqtt,1168.43,1041.6,6.458,5.889,0.081,0.104,-0.146,-0.29,10.284,9.677,-0.0644,0.0317,0.0421,0.0601,-0.0065,-0.0068,26.99,27.29,16407,16921,2.051,2.115,6.153,6.345,1311,1311,132,132,24,23,0,0,,,,,,,,,,,,,,,,,0.0,0.0,0.0,0.0,1425.0,1175.0,0.9858,1.1018,1,1,0
2026-09-28T21:47:56.383246+09:00,105228578,dccd50fe,2026-09-28T21:47:56.383246+09:00,2026-09-28T21:47:56.425324+09:00,rail-left-01,rail-right-01,0.6.7-draft,0.6.7-draft,mqtt,mqtt,1169.52,1042.59,6.391,5.912,0.041,0.047,-0.097,-0.089,10.35,9.544,-0.0689,0.0302,0.0349,0.0533,-0.0039,-0.002,27.02,27.27,16239,17034,2.03,2.129,6.09,6.388,1312,1312,132,132,24,23,0,0,,,,,,,,,,,,,,,,,0.0,0.0,0.0,0.0,1426.0,1176.0,0.9858,1.1018,1,1,0
2026-09-28T21:47:56.403207+09:00,105248539,dccd50fe,2026-09-28T21:47:56.403207+09:00,2026-09-28T21:47:56.445285+09:00,rail-left-01,rail-right-01,0.6.7-draft,0.6.7-draft,mqtt,mqtt,1170.57,1043.54,6.401,5.913,0.013,0.029,0.241,-0.194,10.446,9.843,-0.0648,0.0318,0.0368,0.0554,-0.0052,0.0001,26.98,27.27,16264,17038,2.033,2.13,6.099,6.389,1313,1313,132,132,24,23,0,0,,,,,,,,,,,,,,,,,0.0,0.0,0.0,0.0,1427.1,1177.1,0.9858,1.1018,1,1,0
2026-09-28T21:47:56.423335+09:00,105268667,dccd50fe,2026-09-28T21:47:56.423335+09:00,2026-09-28T21:47:56.465413+09:00,rail-left-01,rail-right-01,0.6.7-draft,0.6.7-draft,mqtt,mqtt,1171.61,1044.48,6.409,5.92,-0.201,-0.217,0.151,-0.17,10.404,9.653,-0.0568,0.0318,0.035,0.052,-0.0109,-0.0057,26.99,27.26,16286,17073,2.036,2.134,6.107,6.402,1314,1314,132,132,24,23,0,0,,,,,,,,,,,,,,,,,0.0,0.0,0.0,0.0,1428.1,1178.1,0.9858,1.1018,1,1,0
2026-09-28T21:47:56.443233+09:00,105288564,dccd50fe,2026-09-28T21:47:56.443233+09:00,2026-09-28T21:47:56.485310+09:00,rail-left-01,rail-right-01,0.6.7-draft,0.6.7-draft,mqtt,mqtt,1172.66,1045.43,6.448,5.926,0.084,0.15,0.091,-0.5,10.384,9.623,-0.0578,0.0316,0.032,0.0514,-0.0112,-0.0064,27.0,27.28,16382,17100,2.048,2.138,6.143,6.413,1315,1315,132,132,24,23,0,0,,,,,,,,,,,,,,,,,0.0,0.0,0.0,0.0,1429.1,1179.1,0.9858,1.1018,1,1,0
2026-09-28T21:47:56.463225+09:00,105308557,dccd50fe,2026-09-28T21:47:56.463225+09:00,2026-09-28T21:47:56.505303+09:00,rail-left-01,rail-right-01,0.6.7-draft,0.6.7-draft,mqtt,mqtt,1173.75,1046.37,6.477,5.925,-0.108,-0.176,0.245,-0.073,10.381,9.846,-0.0598,0.0316,0.0333,0.0532,-0.0091,-0.0027,27.01,27.27,16455,17093,2.057,2.137,6.171,6.41,1316,1316,132,132,24,23,0,0,,,,,,,,,,,,,,,,,0.0,0.0,0.0,0.0,1430.2,1180.2,0.9858,1.1018,1,1,0
2026-09-28T21:47:56.483223+09:00,105328555,dccd50fe,2026-09-28T21:47:56.483223+09:00,2026-09-28T21:47:56.525301+09:00,rail-left-01,rail-right-01,0.6.7-draft,0.6.7-draft,mqtt,mqtt,1174.79,1047.32,6.482,5.922,0.096,0.075,-0.068,-0.32,10.408,9.664,-0.0626,0.0293,0.0384,0.0577,-0.0171,-0.0113,26.98,27.29,16467,17079,2.058,2.135,6.175,6.405,1317,1317,132,132,24,23,0,0,,,,,,,,,,,,,,,,,0.0,0.0,0.0,0.0,1431.2,1181.2,0.9858,1.1018,1,1,0
2026-09-28T21:47:56.503204+09:00,105348536,dccd50fe,2026-09-28T21:47:56.503204+09:00,2026-09-28T21:47:56.545282+09:00,rail-left-01,rail-right-01,0.6.7-draft,0.6.7-draft,mqtt,mqtt,1175.84,1048.31,6.478,5.926,-0.043,-0.055,-0.289,-0.327,10.519,9.627,-0.0645,0.0322,0.0372,0.0577,-0.01,-0.0075,27.0,27.29,16456,17098,2.057,2.137,6.171,6.412,1318,1318,132,132,24,23,0,0,,,,,,,,,,,,,,,,,0.0,0.0,0.0,0.0,1432.3,1182.3,0.9858,1.1018,1,1,0
2026-09-28T21:47:56.523486+09:00,105368818,dccd50fe,2026-09-28T21:47:56.523486+09:00,2026-09-28T21:47:56.565564+09:00,rail-left-01,rail-right-01,0.6.7-draft,0.6.7-draft,mqtt,mqtt,1176.93,1049.25,6.485,5.923,0.068,0.093,0.032,0.02,10.351,9.87,-0.0593,0.0338,0.0341,0.0558,-0.0081,-0.0059,26.97,27.28,16474,17087,2.059,2.136,6.178,6.408,1319,1319,132,132,24,23,0,0,,,,,,,,,,,,,,,,,0.0,0.0,0.0,0.0,1433.3,1183.3,0.9858,1.1018,1,1,0
2026-09-28T21:47:56.543546+09:00,105388878,dccd50fe,2026-09-28T21:47:56.543546+09:00,2026-09-28T21:47:56.585624+09:00,rail-left-01,rail-right-01,0.6.7-draft,0.6.7-draft,mqtt,mqtt,1177.97,1050.2,6.503,5.931,0.013,0.041,-0.062,-0.345,10.362,9.503,-0.0634,0.0314,0.0364,0.0534,-0.0111,-0.0068,27.0,27.27,16519,17122,2.065,2.14,6.195,6.421,1320,1320,132,132,24,23,0,0,,,,,,,,,,,,,,,,,0.0,0.0,0.0,0.0,1434.4,1184.4,0.9858,1.1018,1,1,0
2026-09-28T21:47:56.672944+09:00,105490457,dccd50fe,2026-09-28T21:47:56.672944+09:00,2026-09-28T21:47:56.711204+09:00,rail-left-01,rail-right-01,0.6.7-draft,0.6.7-draft,mqtt,mqtt,1183.39,1055.02,6.503,5.931,-0.017,0.018,-0.049,-0.333,10.499,9.56,-0.0609,0.0318,0.0377,0.0544,-0.0147,-0.0125,27.01,27.27,16520,17126,2.065,2.141,6.195,6.422,1321,1321,133,133,24,23,0,0,,,,,,,,,,,,,,,,,0.0,0.0,0.0,0.0,1439.7,1189.7,0.9858,1.1018,1,1,0
2026-09-28T21:47:56.693090+09:00,105510602,dccd50fe,2026-09-28T21:47:56.693090+09:00,2026-09-28T21:47:56.731349+09:00,rail-left-01,rail-right-01,0.6.7-draft,0.6.7-draft,mqtt,mqtt,1184.44,1056.02,6.432,5.947,-0.005,0.078,-0.095,-0.359,10.599,9.594,-0.0655,0.0329,0.0278,0.0474,-0.0076,-0.0037,27.01,27.27,16343,17200,2.043,2.15,6.129,6.45,1322,1322,133,133,24,23,0,0,,,,,,,,,,,,,,,,,0.0,0.0,0.0,0.0,1440.7,1190.7,0.9858,1.1018,1,1,0
2026-09-28T21:47:56.713123+09:00,105530635,dccd50fe,2026-09-28T21:47:56.713123+09:00,2026-09-28T21:47:56.751382+09:00,rail-left-01,rail-right-01,0.6.7-draft,0.6.7-draft,mqtt,mqtt,1185.48,1056.96,6.438,5.93,0.005,-0.071,0.309,-0.017,10.378,9.808,-0.0652,0.0341,0.0393,0.057,-0.0093,-0.0067,26.99,27.27,16358,17119,2.045,2.14,6.134,6.42,1323,1323,133,133,24,23,0,0,,,,,,,,,,,,,,,,,0.0,0.0,0.0,0.0,1441.8,1191.8,0.9858,1.1018,1,1,0
2026-09-28T21:47:56.733096+09:00,105550608,dccd50fe,2026-09-28T21:47:56.733096+09:00,2026-09-28T21:47:56.771355+09:00,rail-left-01,rail-right-01,0.6.7-draft,0.6.7-draft,mqtt,mqtt,1186.58,1057.91,6.42,5.931,-0.025,0.023,-0.103,-0.187,10.482,9.487,-0.065,0.0336,0.0394,0.0581,-0.0087,-0.0069,27.01,27.28,16312,17126,2.039,2.141,6.117,6.422,1324,1324,133,133,24,23,0,0,,,,,,,,,,,,,,,,,0.0,0.0,0.0,0.0,1442.9,1192.9,0.9858,1.1018,1,1,0
2026-09-28T21:47:56.753351+09:00,105570864,dccd50fe,2026-09-28T21:47:56.753351+09:00,2026-09-28T21:47:56.791611+09:00,rail-left-01,rail-right-01,0.6.7-draft,0.6.7-draft,mqtt,mqtt,1187.62,1058.9,6.405,5.929,0.041,0.03,0.219,-0.198,10.299,9.615,-0.0673,0.0312,0.0378,0.0557,-0.0099,-0.0087,26.99,27.27,16276,17113,2.035,2.139,6.104,6.417,1325,1325,133,133,24,23,0,0,,,,,,,,,,,,,,,,,0.0,0.0,0.0,0.0,1443.9,1193.9,0.9858,1.1018,1,1,0
2026-09-28T21:47:56.773346+09:00,105590858,dccd50fe,2026-09-28T21:47:56.773346+09:00,2026-09-28T21:47:56.811605+09:00,rail-left-01,rail-right-01,0.6.7-draft,0.6.7-draft,mqtt,mqtt,1188.71,1059.84,6.401,5.929,-0.014,0.016,0.025,-0.4,10.313,9.606,-0.067,0.0325,0.037,0.0549,-0.0097,-0.0057,27.01,27.28,16265,17113,2.033,2.139,6.099,6.417,1326,1326,133,133,24,23,0,0,,,,,,,,,,,,,,,,,0.0,0.0,0.0,0.0,1445.0,1195.0,0.9858,1.1018,1,1,0
2026-09-28T21:47:56.793134+09:00,105610646,dccd50fe,2026-09-28T21:47:56.793134+09:00,2026-09-28T21:47:56.831393+09:00,rail-left-01,rail-right-01,0.6.7-draft,0.6.7-draft,mqtt,mqtt,1189.76,1060.79,6.39,5.928,-0.041,-0.11,0.13,-0.166,10.527,9.685,-0.0674,0.0332,0.0381,0.0562,-0.0093,-0.0065,26.99,27.29,16237,17108,2.03,2.139,6.089,6.416,1327,1327,133,133,24,23,0,0,,,,,,,,,,,,,,,,,0.0,0.0,0.0,0.0,1446.0,1196.0,0.9858,1.1018,1,1,0
2026-09-28T21:47:56.813092+09:00,105630605,dccd50fe,2026-09-28T21:47:56.813092+09:00,2026-09-28T21:47:56.851352+09:00,rail-left-01,rail-right-01,0.6.7-draft,0.6.7-draft,mqtt,mqtt,1190.8,1061.73,6.369,5.927,0.062,0.001,-0.03,-0.371,10.484,9.668,-0.0637,0.0362,0.0388,0.0562,-0.0151,-0.0115,27.0,27.28,16186,17105,2.023,2.138,6.07,6.414,1328,1328,133,133,24,23,0,0,,,,,,,,,,,,,,,,,0.0,0.0,0.0,0.0,1447.0,1197.0,0.9858,1.1018,1,1,0
2026-09-28T21:47:56.833074+09:00,105650587,dccd50fe,2026-09-28T21:47:56.833074+09:00,2026-09-28T21:47:56.871334+09:00,rail-left-01,rail-right-01,0.6.7-draft,0.6.7-draft,mqtt,mqtt,1191.85,1062.68,6.34,5.924,-0.049,0.026,-0.016,-0.198,10.576,9.645,-0.0665,0.0377,0.0372,0.0566,-0.0071,-0.0043,27.01,27.28,16112,17090,2.014,2.136,6.042,6.409,1329,1329,133,133,24,23,0,0,,,,,,,,,,,,,,,,,0.0,0.0,0.0,0.0,1448.1,1198.1,0.9858,1.1018,1,1,0
2026-09-28T21:47:56.853460+09:00,105670973,dccd50fe,2026-09-28T21:47:56.853460+09:00,2026-09-28T21:47:56.891720+09:00,rail-left-01,rail-right-01,0.6.7-draft,0.6.7-draft,mqtt,mqtt,1192.94,1063.67,6.313,5.912,-0.057,0.008,0.03,-0.224,10.347,9.689,-0.0701,0.0364,0.0373,0.0577,-0.01,-0.0047,27.02,27.27,16046,17033,2.006,2.129,6.017,6.387,1330,1330,133,133,24,23,0,0,,,,,,,,,,,,,,,,,0.0,0.0,0.0,0.0,1449.1,1199.1,0.9858,1.1018,1,1,0
2026-09-28T21:47:56.949253+09:00,105794459,dccd50fe,2026-09-28T21:47:56.949253+09:00,2026-09-28T21:47:57.030843+09:00,rail-left-01,rail-right-01,0.6.7-draft,0.6.7-draft,mqtt,mqtt,1199.5,1069.59,6.289,5.91,0.044,-0.047,-0.263,-0.239,10.47,9.706,-0.0697,0.032,0.0405,0.0584,-0.0149,-0.0095,26.99,27.27,15987,17024,1.998,2.128,5.995,6.384,1331,1331,134,134,24,23,0,0,,,,,,,,,,,,,,,,,0.0,0.0,0.0,0.0,1455.6,1205.6,0.9858,1.1018,1,1,0
2026-09-28T21:47:56.969398+09:00,105814604,dccd50fe,2026-09-28T21:47:56.969398+09:00,2026-09-28T21:47:57.050989+09:00,rail-left-01,rail-right-01,0.6.7-draft,0.6.7-draft,mqtt,mqtt,1200.6,1070.53,6.211,5.924,0.086,0.095,-0.032,-0.141,10.386,9.878,-0.0689,0.0353,0.0448,0.0624,-0.0127,-0.0105,27.01,27.27,15793,17089,1.974,2.136,5.922,6.408,1332,1332,134,134,24,23,0,0,,,,,,,,,,,,,,,,,0.0,0.0,0.0,0.0,1456.7,1206.7,0.9858,1.1018,1,1,0
2026-09-28T21:47:56.989567+09:00,105834773,dccd50fe,2026-09-28T21:47:56.989567+09:00,2026-09-28T21:47:57.071158+09:00,rail-left-01,rail-right-01,0.6.7-draft,0.6.7-draft,mqtt,mqtt,1201.69,1071.48,6.174,5.938,-0.09,-0.074,-0.158,-0.421,10.406,9.665,-0.0645,0.0345,0.0425,0.0618,-0.0116,-0.0068,27.02,27.27,15700,17159,1.963,2.145,5.888,6.435,1333,1333,134,134,24,23,0,0,,,,,,,,,,,,,,,,,0.0,0.0,0.0,0.0,1457.8,1207.8,0.9858,1.1018,1,1,0
2026-09-28T21:47:57.009369+09:00,105854575,dccd50fe,2026-09-28T21:47:57.009369+09:00,2026-09-28T21:47:57.090960+09:00,rail-left-01,rail-right-01,0.6.7-draft,0.6.7-draft,mqtt,mqtt,1202.73,1072.42,6.144,5.947,-0.005,0.05,-0.05,-0.15,10.575,9.543,-0.0698,0.0314,0.039,0.0574,-0.0077,-0.0051,27.0,27.27,15624,17202,1.953,2.15,5.859,6.451,1334,1334,134,134,24,23,0,0,,,,,,,,,,,,,,,,,0.0,0.0,0.0,0.0,1458.8,1208.8,0.9858,1.1018,1,1,0
2026-09-28T21:47:57.029541+09:00,105874747,dccd50fe,2026-09-28T21:47:57.029541+09:00,2026-09-28T21:47:57.111132+09:00,rail-left-01,rail-right-01,0.6.7-draft,0.6.7-draft,mqtt,mqtt,1203.83,1073.42,6.126,5.953,-0.025,-0.057,0.079,-0.195,10.41,9.735,-0.0648,0.0346,0.0424,0.0594,-0.0069,-0.006,27.0,27.29,15580,17231,1.948,2.154,5.843,6.462,1335,1335,134,134,24,23,0,0,,,,,,,,,,,,,,,,,0.0,0.0,0.0,0.0,1459.9,1209.9,0.9858,1.1018,1,1,0
2026-09-28T21:47:57.049552+09:00,105894758,dccd50fe,2026-09-28T21:47:57.049552+09:00,2026-09-28T21:47:57.131143+09:00,rail-left-01,rail-right-01,0.6.7-draft,0.6.7-draft,mqtt,mqtt,1204.87,1074.36,6.087,5.958,-0.011,0.024,0.044,-0.23,10.438,9.682,-0.0657,0.0352,0.0404,0.0578,-0.0083,-0.006,26.98,27.29,15484,17252,1.936,2.157,5.807,6.47,1336,1336,134,134,24,23,0,0,,,,,,,,,,,,,,,,,0.0,0.0,0.0,0.0,1460.9,1210.9,0.9858,1.1018,1,1,0
2026-09-28T21:47:57.069336+09:00,105914542,dccd50fe,2026-09-28T21:47:57.069336+09:00,2026-09-28T21:47:57.150927+09:00,rail-left-01,rail-right-01,0.6.7-draft,0.6.7-draft,mqtt,mqtt,1205.97,1075.31,6.071,5.958,-0.19,-0.127,0.181,0.098,10.369,9.647,-0.0679,0.0309,0.0428,0.0573,-0.0101,-0.0051,27.01,27.26,15443,17256,1.93,2.157,5.791,6.471,1337,1337,134,134,24,23,0,0,,,,,,,,,,,,,,,,,0.0,0.0,0.0,0.0,1462.0,1212.0,0.9858,1.1018,1,1,0
2026-09-28T21:47:57.089380+09:00,105934586,dccd50fe,2026-09-28T21:47:57.089380+09:00,2026-09-28T21:47:57.170971+09:00,rail-left-01,rail-right-01,0.6.7-draft,0.6.7-draft,mqtt,mqtt,1207.01,1076.25,6.032,5.966,0.174,0.165,-0.054,-0.244,10.068,9.505,-0.06,0.0337,0.0432,0.0586,-0.0139,-0.0147,26.99,27.28,15347,17290,1.918,2.161,5.755,6.484,1338,1338,134,134,24,23,0,0,,,,,,,,,,,,,,,,,0.0,0.0,0.0,0.0,1463.0,1213.0,0.9858,1.1018,1,1,0
2026-09-28T21:47:57.109364+09:00,105954570,dccd50fe,2026-09-28T21:47:57.109364+09:00,2026-09-28T21:47:57.190955+09:00,rail-left-01,rail-right-01,0.6.7-draft,0.6.7-draft,mqtt,mqtt,1208.1,1077.2,5.998,5.973,-0.229,-0.245,0.004,-0.171,11.103,9.755,-0.0693,0.0322,0.037,0.0552,-0.0063,-0.0036,27.02,27.27,15256,17327,1.907,2.166,5.721,6.498,1339,1339,134,134,24,23,0,0,,,,,,,,,,,,,,,,,0.0,0.0,0.0,0.0,1464.1,1214.1,0.9858,1.1018,1,1,0
2026-09-28T21:47:57.129396+09:00,105974602,dccd50fe,2026-09-28T21:47:57.129396+09:00,2026-09-28T21:47:57.210987+09:00,rail-left-01,rail-right-01,0.6.7-draft,0.6.7-draft,mqtt,mqtt,1209.15,1078.14,6.037,5.972,-0.055,0.008,-0.183,-0.238,10.651,9.969,-0.0678,0.0345,0.025,0.0484,-0.0116,-0.0115,27.0,27.26,15358,17323,1.92,2.165,5.759,6.496,1340,1340,134,134,24,23,0,0,,,,,,,,,,,,,,,,,0.0,0.0,0.0,0.0,1465.1,1215.1,0.9858,1.1018,1,1,0
2026-09-28T21:47:57.302352+09:00,106113527,dccd50fe,2026-09-28T21:47:57.302352+09:00,2026-09-28T21:47:57.385150+09:00,rail-left-01,rail-right-01,0.6.7-draft,0.6.7-draft,mqtt,mqtt,1216.61,1084.75,6.063,5.971,-0.03,0.002,-0.127,-0.22,10.336,9.645,-0.0658,0.0317,0.0409,0.062,-0.0117,-0.0087,26.99,27.27,15424,17317,1.928,2.165,5.784,6.494,1341,1341,135,135,24,23,0,0,,,,,,,,,,,,,,,,,0.0,0.0,0.0,0.0,1472.5,1222.5,0.9858,1.1018,1,1,0
2026-09-28T21:47:57.322566+09:00,106133741,dccd50fe,2026-09-28T21:47:57.322566+09:00,2026-09-28T21:47:57.405364+09:00,rail-left-01,rail-right-01,0.6.7-draft,0.6.7-draft,mqtt,mqtt,1217.7,1085.7,5.979,6.082,0.063,0.089,-0.05,-0.236,10.461,9.54,-0.0683,0.0312,0.0381,0.0578,-0.0083,-0.0045,27.02,27.25,15165,17638,1.896,2.205,5.687,6.614,1342,1342,135,135,24,23,0,0,,,,,,,,,,,,,,,,,0.0,0.0,0.0,0.0,1473.5,1223.5,0.9858,1.1018,1,1,0
2026-09-28T21:47:57.342326+09:00,106153500,dccd50fe,2026-09-28T21:47:57.342326+09:00,2026-09-28T21:47:57.425123+09:00,rail-left-01,rail-right-01,0.6.7-draft,0.6.7-draft,mqtt,mqtt,1218.74,1086.64,5.963,6.085,0.081,0.087,0.02,-0.133,10.36,9.77,-0.0747,0.0322,0.0402,0.0588,-0.0076,-0.0059,27.01,27.28,15085,17645,1.886,2.206,5.657,6.617,1343,1343,135,135,24,23,0,0,,,,,,,,,,,,,,,,,0.0,0.0,0.0,0.0,1474.6,1224.6,0.9858,1.1018,1,1,0
2026-09-28T21:47:57.362462+09:00,106173637,dccd50fe,2026-09-28T21:47:57.362462+09:00,2026-09-28T21:47:57.445260+09:00,rail-left-01,rail-right-01,0.6.7-draft,0.6.7-draft,mqtt,mqtt,1219.84,1087.59,5.943,6.099,-0.345,-0.293,0.277,-0.069,10.939,9.543,-0.0652,0.0296,0.0378,0.0552,-0.0056,0.0003,27.0,27.26,14988,17676,1.874,2.21,5.621,6.628,1344,1344,135,135,24,23,0,0,,,,,,,,,,,,,,,,,0.0,0.0,0.0,0.0,1475.6,1225.6,0.9858,1.1018,1,1,0
2026-09-28T21:47:57.382691+09:00,106193866,dccd50fe,2026-09-28T21:47:57.382691+09:00,2026-09-28T21:47:57.465489+09:00,rail-left-01,rail-right-01,0.6.7-draft,0.6.7-draft,mqtt,mqtt,1220.93,1088.58,5.98,6.108,-0.047,0.026,0.152,-0.432,10.704,9.902,-0.058,0.0309,0.0289,0.0484,-0.0127,-0.0089,27.0,27.27,15169,17695,1.896,2.212,5.688,6.636,1345,1345,135,135,24,23,0,0,,,,,,,,,,,,,,,,,0.0,0.0,0.0,0.0,1476.7,1226.7,0.9858,1.1018,1,1,0
2026-09-28T21:47:57.402680+09:00,106213855,dccd50fe,2026-09-28T21:47:57.402680+09:00,2026-09-28T21:47:57.485478+09:00,rail-left-01,rail-right-01,0.6.7-draft,0.6.7-draft,mqtt,mqtt,1221.98,1089.53,6.019,6.116,-0.035,-0.031,0.206,-0.232,10.272,9.7,-0.0625,0.0346,0.0388,0.0517,-0.0136,-0.0115,26.98,27.28,15315,17714,1.914,2.214,5.743,6.643,1346,1346,135,135,24,23,0,0,,,,,,,,,,,,,,,,,0.0,0.0,0.0,0.0,1477.8,1227.8,0.9858,1.1018,1,1,0
2026-09-28T21:47:57.422447+09:00,106233622,dccd50fe,2026-09-28T21:47:57.422447+09:00,2026-09-28T21:47:57.505245+09:00,rail-left-01,rail-right-01,0.6.7-draft,0.6.7-draft,mqtt,mqtt,1223.07,1090.47,6.043,6.126,-0.102,-0.03,0.116,-0.214,10.409,9.492,-0.0652,0.0318,0.0358,0.0536,-0.0127,-0.0064,26.99,27.25,15374,17735,1.922,2.217,5.765,6.651,1347,1347,135,135,24,23,0,0,,,,,,,,,,,,,,,,,0.0,0.0,0.0,0.0,1478.8,1228.8,0.9858,1.1018,1,1,0
2026-09-28T21:47:57.442395+09:00,106253570,dccd50fe,2026-09-28T21:47:57.442395+09:00,2026-09-28T21:47:57.525193+09:00,rail-left-01,rail-right-01,0.6.7-draft,0.6.7-draft,mqtt,mqtt,1224.11,1091.42,6.044,6.138,0.01,0.006,-0.192,-0.35,10.325,9.82,-0.0673,0.029,0.0369,0.0578,-0.0125,-0.0103,27.0,27.27,15376,17763,1.922,2.22,5.766,6.661,1348,1348,135,135,24,23,0,0,,,,,,,,,,,,,,,,,0.0,0.0,0.0,0.0,1479.9,1229.9,0.9858,1.1018,1,1,0
2026-09-28T21:47:57.462373+09:00,106273547,dccd50fe,2026-09-28T21:47:57.462373+09:00,2026-09-28T21:47:57.545170+09:00,rail-left-01,rail-right-01,0.6.7-draft,0.6.7-draft,mqtt,mqtt,1225.21,1092.36,6.041,6.145,-0.093,-0.12,-0.036,-0.186,10.568,9.724,-0.0726,0.031,0.0326,0.0525,-0.0096,-0.0061,27.0,27.25,15369,17777,1.921,2.222,5.763,6.666,1349,1349,135,135,24,23,0,0,,,,,,,,,,,,,,,,,0.0,0.0,0.0,0.0,1480.9,1230.9,0.9858,1.1018,1,1,0
2026-09-28T21:47:57.482616+09:00,106293790,dccd50fe,2026-09-28T21:47:57.482616+09:00,2026-09-28T21:47:57.565413+09:00,rail-left-01,rail-right-01,0.6.7-draft,0.6.7-draft,mqtt,mqtt,1226.3,1093.3,6.085,6.147,-0.001,0.031,-0.044,-0.268,10.485,9.663,-0.0745,0.0282,0.0325,0.05,-0.0112,-0.0065,27.0,27.25,15478,17783,1.935,2.223,5.804,6.669,1350,1350,135,135,24,23,0,0,,,,,,,,,,,,,,,,,0.0,0.0,0.0,0.0,1482.0,1232.0,0.9858,1.1018,1,1,0
2026-09-28T21:47:57.611513+09:00,106470407,dccd50fe,2026-09-28T21:47:57.611513+09:00,2026-09-28T21:47:57.694694+09:00,rail-left-01,rail-right-01,0.6.7-draft,0.6.7-draft,mqtt,mqtt,1235.7,1101.66,6.102,6.146,0.051,0.068,0.069,-0.073,10.509,9.718,-0.0681,0.0384,0.041,0.0534,-0.0032,0.0051,27.02,27.27,15521,17780,1.94,2.223,5.82,6.668,1351,1351,136,136,24,23,0,0,,,,,,,,,,,,,,,,,0.0,0.0,0.0,0.0,1491.3,1241.3,0.9858,1.1018,1,1,0
2026-09-28T21:47:57.631626+09:00,106490520,dccd50fe,2026-09-28T21:47:57.631626+09:00,2026-09-28T21:47:57.714807+09:00,rail-left-01,rail-right-01,0.6.7-draft,0.6.7-draft,mqtt,mqtt,1236.79,1102.6,6.227,6.488,-0.154,-0.119,0.235,-0.265,10.325,9.518,-0.0675,0.0353,0.0384,0.0548,-0.0071,-0.0024,27.0,27.29,15832,18538,1.979,2.317,5.937,6.952,1352,1352,136,136,24,23,0,0,,,,,,,,,,,,,,,,,0.0,0.0,0.0,0.0,1492.4,1242.4,0.9858,1.1018,1,1,0
2026-09-28T21:47:57.651617+09:00,106510511,dccd50fe,2026-09-28T21:47:57.651617+09:00,2026-09-28T21:47:57.734798+09:00,rail-left-01,rail-right-01,0.6.7-draft,0.6.7-draft,mqtt,mqtt,1237.84,1103.55,6.235,6.498,0.022,-0.007,0.274,-0.208,10.432,9.645,-0.0638,0.033,0.037,0.0518,-0.0075,-0.0017,26.99,27.27,15851,18562,1.981,2.32,5.944,6.961,1353,1353,136,136,24,23,0,0,,,,,,,,,,,,,,,,,0.0,0.0,0.0,0.0,1493.4,1243.4,0.9858,1.1018,1,1,0
2026-09-28T21:47:57.671542+09:00,106530436,dccd50fe,2026-09-28T21:47:57.671542+09:00,2026-09-28T21:47:57.754723+09:00,rail-left-01,rail-right-01,0.6.7-draft,0.6.7-draft,mqtt,mqtt,1238.88,1104.49,6.262,6.499,-0.116,-0.038,-0.03,-0.187,10.215,9.664,-0.0674,0.0284,0.0353,0.0541,-0.0092,-0.0065,27.01,27.26,15920,18563,1.99,2.32,5.97,6.961,1354,1354,136,136,24,23,0,0,,,,,,,,,,,,,,,,,0.0,0.0,0.0,0.0,1494.4,1244.4,0.9858,1.1018,1,1,0
2026-09-28T21:47:57.691898+09:00,106550792,dccd50fe,2026-09-28T21:47:57.691898+09:00,2026-09-28T21:47:57.775079+09:00,rail-left-01,rail-right-01,0.6.7-draft,0.6.7-draft,mqtt,mqtt,1239.97,1105.44,6.268,6.509,0.026,0.05,-0.194,-0.215,10.379,9.651,-0.0682,0.0317,0.0374,0.06,-0.0092,-0.0092,26.99,27.28,15934,18585,1.992,2.323,5.975,6.969,1355,1355,136,136,24,23,0,0,,,,,,,,,,,,,,,,,0.0,0.0,0.0,0.0,1495.5,1245.5,0.9858,1.1018,1,1,0
2026-09-28T21:47:57.711885+09:00,106570779,dccd50fe,2026-09-28T21:47:57.711885+09:00,2026-09-28T21:47:57.795066+09:00,rail-left-01,rail-right-01,0.6.7-draft,0.6.7-draft,mqtt,mqtt,1241.02,1106.38,6.258,6.512,0.016,-0.012,-0.074,-0.239,10.351,9.71,-0.0685,0.0329,0.0324,0.0528,-0.0063,-0.0051,26.96,27.27,15910,18591,1.989,2.324,5.966,6.972,1356,1356,136,136,24,23,0,0,,,,,,,,,,,,,,,,,0.0,0.0,0.0,0.0,1496.5,1246.5,0.9858,1.1018,1,1,0
2026-09-28T21:47:57.731630+09:00,106590524,dccd50fe,2026-09-28T21:47:57.731630+09:00,2026-09-28T21:47:57.814811+09:00,rail-left-01,rail-right-01,0.6.7-draft,0.6.7-draft,mqtt,mqtt,1242.11,1107.28,6.268,6.509,-0.08,-0.053,-0.079,0.041,10.258,9.445,-0.0679,0.0265,0.0374,0.0588,-0.0079,-0.0085,27.01,27.27,15935,18585,1.992,2.323,5.976,6.969,1357,1357,136,136,24,23,0,0,,,,,,,,,,,,,,,,,0.0,0.0,0.0,0.0,1497.6,1247.6,0.9858,1.1018,1,1,0
2026-09-28T21:47:57.751579+09:00,106610473,dccd50fe,2026-09-28T21:47:57.751579+09:00,2026-09-28T21:47:57.834760+09:00,rail-left-01,rail-right-01,0.6.7-draft,0.6.7-draft,mqtt,mqtt,1243.16,1108.22,6.253,6.516,-0.014,0.071,0.156,-0.098,10.517,9.609,-0.0681,0.0281,0.0373,0.0524,-0.0084,-0.0105,26.98,27.29,15896,18600,1.987,2.325,5.961,6.975,1358,1358,136,136,24,23,0,0,,,,,,,,,,,,,,,,,0.0,0.0,0.0,0.0,1498.6,1248.6,0.9858,1.1018,1,1,0
2026-09-28T21:47:57.771594+09:00,106630488,dccd50fe,2026-09-28T21:47:57.771594+09:00,2026-09-28T21:47:57.854775+09:00,rail-left-01,rail-right-01,0.6.7-draft,0.6.7-draft,mqtt,mqtt,1244.2,1109.16,6.253,6.511,-0.113,-0.147,0.109,-0.283,10.318,9.809,-0.0648,0.0274,0.0361,0.0522,-0.0104,-0.0116,27.01,27.28,15897,18589,1.987,2.324,5.961,6.971,1359,1359,136,136,24,23,0,0,,,,,,,,,,,,,,,,,0.0,0.0,0.0,0.0,1499.7,1249.7,0.9858,1.1018,1,1,0
2026-09-28T21:47:57.792423+09:00,106651317,dccd50fe,2026-09-28T21:47:57.792423+09:00,2026-09-28T21:47:57.875604+09:00,rail-left-01,rail-right-01,0.6.7-draft,0.6.7-draft,mqtt,mqtt,1245.34,1110.16,6.261,6.514,0.05,0.089,-0.045,-0.072,10.596,9.608,-0.0633,0.0304,0.0372,0.0534,-0.0103,-0.0105,27.0,27.25,15917,18596,1.99,2.325,5.969,6.974,1360,1360,136,136,24,23,0,0,,,,,,,,,,,,,,,,,0.0,0.0,0.0,0.0,1500.8,1250.8,0.9858,1.1018,1,1,0
2026-09-28T21:47:57.936291+09:00,106779415,dccd50fe,2026-09-28T21:47:57.936291+09:00,2026-09-28T21:47:58.014178+09:00,rail-left-01,rail-right-01,0.6.7-draft,0.6.7-draft,mqtt,mqtt,1252.1,1116.18,6.262,6.52,0.068,0.03,-0.098,0.157,10.317,9.969,-0.0662,0.0277,0.0318,0.0509,-0.0077,-0.0076,26.99,27.27,15919,18609,1.99,2.326,5.97,6.978,1361,1361,137,137,24,23,0,0,,,,,,,,,,,,,,,,,0.0,0.0,0.0,0.0,1507.4,1257.4,0.9858,1.1018,1,1,0
2026-09-28T21:47:57.956448+09:00,106799572,dccd50fe,2026-09-28T21:47:57.956448+09:00,2026-09-28T21:47:58.034335+09:00,rail-left-01,rail-right-01,0.6.7-draft,0.6.7-draft,mqtt,mqtt,1253.2,1117.17,6.364,6.512,0.284,0.209,-0.086,-0.256,10.288,10.033,-0.0633,0.0341,0.0389,0.0577,-0.008,-0.0056,27.02,27.28,16172,18593,2.022,2.324,6.065,6.972,1362,1362,137,137,24,23,0,0,,,,,,,,,,,,,,,,,0.0,0.0,0.0,0.0,1508.5,1258.5,0.9858,1.1018,1,1,0
2026-09-28T21:47:57.976414+09:00,106819538,dccd50fe,2026-09-28T21:47:57.976414+09:00,2026-09-28T21:47:58.054301+09:00,rail-left-01,rail-right-01,0.6.7-draft,0.6.7-draft,mqtt,mqtt,1254.24,1118.11,6.374,6.531,-0.12,-0.162,0.135,-0.154,10.323,9.604,-0.067,0.0317,0.0386,0.0581,-0.0064,-0.0056,27.03,27.27,16198,18635,2.025,2.329,6.074,6.988,1363,1363,137,137,24,23,0,0,,,,,,,,,,,,,,,,,0.0,0.0,0.0,0.0,1509.6,1259.6,0.9858,1.1018,1,1,0
2026-09-28T21:47:57.996372+09:00,106839496,dccd50fe,2026-09-28T21:47:57.996372+09:00,2026-09-28T21:47:58.074259+09:00,rail-left-01,rail-right-01,0.6.7-draft,0.6.7-draft,mqtt,mqtt,1255.29,1119.01,6.382,6.557,-0.116,-0.017,0.227,-0.256,10.461,9.616,-0.0644,0.032,0.0408,0.0564,-0.0072,-0.0031,27.02,27.28,16217,18692,2.027,2.337,6.081,7.01,1364,1364,137,137,24,23,0,0,,,,,,,,,,,,,,,,,0.0,0.0,0.0,0.0,1510.6,1260.6,0.9858,1.1018,1,1,0
2026-09-28T21:47:58.016510+09:00,106859634,dccd50fe,2026-09-28T21:47:58.016510+09:00,2026-09-28T21:47:58.094397+09:00,rail-left-01,rail-right-01,0.6.7-draft,0.6.7-draft,mqtt,mqtt,1256.38,1120.0,6.379,6.563,0.012,-0.065,0.214,-0.259,10.235,9.691,-0.0646,0.0304,0.0336,0.0526,-0.0092,-0.0087,27.01,27.23,16209,18706,2.026,2.338,6.078,7.015,1365,1365,137,137,24,23,0,0,,,,,,,,,,,,,,,,,0.0,0.0,0.0,0.0,1511.7,1261.7,0.9858,1.1018,1,1,0
2026-09-28T21:47:58.037032+09:00,106880156,dccd50fe,2026-09-28T21:47:58.037032+09:00,2026-09-28T21:47:58.114919+09:00,rail-left-01,rail-right-01,0.6.7-draft,0.6.7-draft,mqtt,mqtt,1257.42,1120.95,6.391,6.562,-0.034,-0.041,-0.159,-0.304,10.321,9.64,-0.0633,0.0312,0.0398,0.0584,-0.0131,-0.0112,27.02,27.27,16241,18703,2.03,2.338,6.09,7.014,1366,1366,137,137,24,23,0,0,,,,,,,,,,,,,,,,,0.0,0.0,0.0,0.0,1512.7,1262.7,0.9858,1.1018,1,1,0
2026-09-28T21:47:58.056445+09:00,106899569,dccd50fe,2026-09-28T21:47:58.056445+09:00,2026-09-28T21:47:58.134332+09:00,rail-left-01,rail-right-01,0.6.7-draft,0.6.7-draft,mqtt,mqtt,1258.47,1121.89,6.381,6.568,0.164,0.087,-0.289,0.073,10.471,9.712,-0.0671,0.0281,0.0326,0.0553,-0.0041,-0.0031,26.99,27.27,16215,18717,2.027,2.34,6.081,7.019,1367,1367,137,137,24,23,0,0,,,,,,,,,,,,,,,,,0.0,0.0,0.0,0.0,1513.7,1263.7,0.9858,1.1018,1,1,0
2026-09-28T21:47:58.076384+09:00,106919508,dccd50fe,2026-09-28T21:47:58.076384+09:00,2026-09-28T21:47:58.154271+09:00,rail-left-01,rail-right-01,0.6.7-draft,0.6.7-draft,mqtt,mqtt,1259.51,1122.84,6.396,6.558,-0.089,-0.06,-0.11,-0.286,10.39,9.966,-0.0681,0.0322,0.0356,0.0546,-0.0047,-0.0017,27.02,27.27,16252,18694,2.032,2.337,6.095,7.01,1368,1368,137,137,24,23,0,0,,,,,,,,,,,,,,,,,0.0,0.0,0.0,0.0,1514.8,1264.8,0.9858,1.1018,1,1,0
2026-09-28T21:47:58.096327+09:00,106939451,dccd50fe,2026-09-28T21:47:58.096327+09:00,2026-09-28T21:47:58.174214+09:00,rail-left-01,rail-right-01,0.6.7-draft,0.6.7-draft,mqtt,mqtt,1260.56,1123.78,6.389,6.57,0.226,0.224,-0.09,-0.123,10.36,9.494,-0.0679,0.032,0.0337,0.0534,-0.0044,-0.0035,26.99,27.29,16234,18720,2.029,2.34,6.088,7.02,1369,1369,137,137,24,23,0,0,,,,,,,,,,,,,,,,,0.0,0.0,0.0,0.0,1515.8,1265.8,0.9858,1.1018,1,1,0
2026-09-28T21:47:58.116947+09:00,106960071,dccd50fe,2026-09-28T21:47:58.116947+09:00,2026-09-28T21:47:58.194834+09:00,rail-left-01,rail-right-01,0.6.7-draft,0.6.7-draft,mqtt,mqtt,1261.65,1124.73,6.405,6.566,-0.223,-0.165,0.183,-0.144,10.432,9.7,-0.0717,0.0316,0.0348,0.0558,-0.0035,-0.0012,27.03,27.27,16275,18711,2.034,2.339,6.103,7.017,1370,1370,137,137,24,23,0,0,,,,,,,,,,,,,,,,,0.0,0.0,0.0,0.0,1516.9,1266.9,0.9858,1.1018,1,1,0
2026-09-28T21:47:58.291774+09:00,107099434,dccd50fe,2026-09-28T21:47:58.291774+09:00,2026-09-28T21:47:58.337271+09:00,rail-left-01,rail-right-01,0.6.7-draft,0.6.7-draft,mqtt,mqtt,1269.06,1131.34,6.402,6.574,0.016,0.019,0.123,-0.304,10.301,9.692,-0.0667,0.0364,0.0404,0.0548,-0.0031,-0.0013,27.01,27.27,16267,18730,2.033,2.341,6.1,7.024,1371,1371,138,138,24,23,0,0,,,,,,,,,,,,,,,,,0.0,0.0,0.0,0.0,1524.2,1274.2,0.9858,1.1018,1,1,0
2026-09-28T21:47:58.312089+09:00,107119749,dccd50fe,2026-09-28T21:47:58.312089+09:00,2026-09-28T21:47:58.357586+09:00,rail-left-01,rail-right-01,0.6.7-draft,0.6.7-draft,mqtt,mqtt,1270.1,1132.33,6.384,6.594,-0.165,-0.158,0.387,-0.144,10.426,9.583,-0.0683,0.0321,0.0384,0.0548,-0.0056,-0.0043,26.98,27.27,16223,18773,2.028,2.347,6.084,7.04,1372,1372,138,138,24,23,0,0,,,,,,,,,,,,,,,,,0.0,0.0,0.0,0.0,1525.2,1275.2,0.9858,1.1018,1,1,0
2026-09-28T21:47:58.331908+09:00,107139567,dccd50fe,2026-09-28T21:47:58.331908+09:00,2026-09-28T21:47:58.377404+09:00,rail-left-01,rail-right-01,0.6.7-draft,0.6.7-draft,mqtt,mqtt,1271.15,1133.28,6.379,6.595,-0.034,0.059,0.017,-0.328,10.408,9.628,-0.0695,0.0313,0.0404,0.0534,-0.0013,-0.0016,27.02,27.27,16211,18777,2.026,2.347,6.079,7.041,1373,1373,138,138,24,23,0,0,,,,,,,,,,,,,,,,,0.0,0.0,0.0,0.0,1526.2,1276.2,0.9858,1.1018,1,1,0
2026-09-28T21:47:58.351845+09:00,107159505,dccd50fe,2026-09-28T21:47:58.351845+09:00,2026-09-28T21:47:58.397342+09:00,rail-left-01,rail-right-01,0.6.7-draft,0.6.7-draft,mqtt,mqtt,1272.24,1134.22,6.35,6.585,0.087,0.08,0.08,-0.117,10.263,9.782,-0.0634,0.0342,0.0405,0.0592,-0.0044,-0.0049,26.99,27.27,16139,18755,2.017,2.344,6.052,7.033,1374,1374,138,138,24,23,0,0,,,,,,,,,,,,,,,,,0.0,0.0,0.0,0.0,1527.3,1277.3,0.9858,1.1018,1,1,0
2026-09-28T21:47:58.372220+09:00,107179879,dccd50fe,2026-09-28T21:47:58.372220+09:00,2026-09-28T21:47:58.417716+09:00,rail-left-01,rail-right-01,0.6.7-draft,0.6.7-draft,mqtt,mqtt,1273.28,1135.22,6.305,6.591,-0.04,-0.023,-0.068,-0.311,10.301,9.628,-0.0634,0.0337,0.0458,0.0617,-0.0049,-0.0037,27.01,27.27,16027,18768,2.003,2.346,6.01,7.038,1375,1375,138,138,24,23,0,0,,,,,,,,,,,,,,,,,0.0,0.0,0.0,0.0,1528.3,1278.3,0.9858,1.1018,1,1,0
2026-09-28T21:47:58.392189+09:00,107199849,dccd50fe,2026-09-28T21:47:58.392189+09:00,2026-09-28T21:47:58.437686+09:00,rail-left-01,rail-right-01,0.6.7-draft,0.6.7-draft,mqtt,mqtt,1274.38,1136.16,6.232,6.577,0.019,0.022,-0.166,-0.196,10.198,9.753,-0.0541,0.0345,0.0432,0.0602,-0.0028,-0.0027,27.01,27.27,15844,18737,1.981,2.342,5.942,7.026,1376,1376,138,138,24,23,0,0,,,,,,,,,,,,,,,,,0.0,0.0,0.0,0.0,1529.4,1279.4,0.9858,1.1018,1,1,0
2026-09-28T21:47:58.411927+09:00,107219586,dccd50fe,2026-09-28T21:47:58.411927+09:00,2026-09-28T21:47:58.457423+09:00,rail-left-01,rail-right-01,0.6.7-draft,0.6.7-draft,mqtt,mqtt,1275.42,1137.11,6.164,6.568,0.034,0.032,-0.134,-0.235,10.19,9.619,-0.0545,0.0382,0.0457,0.067,-0.0045,-0.0047,27.01,27.3,15676,18717,1.96,2.34,5.878,7.019,1377,1377,138,138,24,23,0,0,,,,,,,,,,,,,,,,,0.0,0.0,0.0,0.0,1530.4,1280.4,0.9858,1.1018,1,1,0
2026-09-28T21:47:58.431866+09:00,107239526,dccd50fe,2026-09-28T21:47:58.431866+09:00,2026-09-28T21:47:58.477363+09:00,rail-left-01,rail-right-01,0.6.7-draft,0.6.7-draft,mqtt,mqtt,1276.47,1138.05,6.01,6.556,0.04,0.115,0.057,-0.189,10.284,9.723,-0.0486,0.0334,0.0512,0.0685,-0.0003,-0.0008,26.99,27.27,15292,18689,1.912,2.336,5.735,7.008,1378,1378,138,138,24,23,0,0,,,,,,,,,,,,,,,,,0.0,0.0,0.0,0.0,1531.5,1281.5,0.9858,1.1018,1,1,0
2026-09-28T21:47:58.451860+09:00,107259520,dccd50fe,2026-09-28T21:47:58.451860+09:00,2026-09-28T21:47:58.497357+09:00,rail-left-01,rail-right-01,0.6.7-draft,0.6.7-draft,mqtt,mqtt,1277.56,1139.0,5.918,6.57,-0.072,-0.165,0.36,-0.236,10.458,9.717,-0.0413,0.0314,0.056,0.0713,-0.0036,-0.0013,26.98,27.26,14862,18720,1.858,2.34,5.573,7.02,1379,1379,138,138,24,23,0,0,,,,,,,,,,,,,,,,,0.0,0.0,0.0,0.0,1532.5,1282.5,0.9858,1.1018,1,1,0
2026-09-28T21:47:58.471868+09:00,107279528,dccd50fe,2026-09-28T21:47:58.471868+09:00,2026-09-28T21:47:58.517365+09:00,rail-left-01,rail-right-01,0.6.7-draft,0.6.7-draft,mqtt,mqtt,1278.6,1139.94,5.808,6.59,-0.133,-0.12,0.267,-0.225,10.438,9.805,-0.0374,0.0345,0.0605,0.0739,-0.0016,-0.0031,27.0,27.27,14323,18764,1.79,2.345,5.371,7.036,1380,1380,138,138,24,23,0,0,,,,,,,,,,,,,,,,,0.0,0.0,0.0,0.0,1533.6,1283.6,0.9858,1.1018,1,1,0
2026-09-28T21:47:58.613461+09:00,107420455,dccd50fe,2026-09-28T21:47:58.613461+09:00,2026-09-28T21:47:58.695986+09:00,rail-left-01,rail-right-01,0.6.7-draft,0.6.7-draft,mqtt,mqtt,1286.21,1146.75,5.739,6.598,-0.007,0.018,-0.124,-0.522,10.254,9.67,0.0063,0.049,0.0818,0.1019,0.0004,-0.006,26.97,27.24,13987,18783,1.748,2.348,5.245,7.044,1381,1381,139,139,24,23,4,4,,,,,,,,,,,,,,,,,0.0,0.0,0.0,0.0,1541.1,1291.1,0.9858,1.1018,1,1,0
2026-09-28T21:47:58.633564+09:00,107440558,dccd50fe,2026-09-28T21:47:58.633564+09:00,2026-09-28T21:47:58.716089+09:00,rail-left-01,rail-right-01,0.6.7-draft,0.6.7-draft,mqtt,mqtt,1287.31,1147.7,3.674,6.512,-0.26,-0.241,0.196,-0.249,10.599,9.609,0.0193,0.0562,0.0814,0.1033,-0.0047,-0.0041,26.99,27.27,4644,18593,0.581,2.324,1.742,6.972,1382,1382,139,139,24,23,4,4,,,,,,,,,,,,,,,,,0.0,0.0,0.0,0.0,1542.2,1292.2,0.9858,1.1018,1,1,0
2026-09-28T21:47:58.653486+09:00,107460480,dccd50fe,2026-09-28T21:47:58.653486+09:00,2026-09-28T21:47:58.736012+09:00,rail-left-01,rail-right-01,0.6.7-draft,0.6.7-draft,mqtt,mqtt,1288.4,1148.69,2.529,6.41,-0.127,-0.051,0.095,-0.061,10.278,9.5,0.0254,0.0622,0.0818,0.1022,-0.0144,-0.0008,27.0,27.28,1808,18365,0.226,2.296,0.678,6.887,1383,1383,139,139,24,23,4,4,,,,,,,,,,,,,,,,,0.0,0.0,0.0,0.0,1543.2,1293.2,0.9858,1.1018,1,1,0
2026-09-28T21:47:58.673541+09:00,107480535,dccd50fe,2026-09-28T21:47:58.673541+09:00,2026-09-28T21:47:58.756067+09:00,rail-left-01,rail-right-01,0.6.7-draft,0.6.7-draft,mqtt,mqtt,1289.54,1149.64,0.0,6.272,0.122,0.14,-0.03,-0.612,9.747,9.366,0.0445,0.0687,0.0897,0.1132,-0.0095,-0.0013,26.99,27.27,-230,18060,-0.029,2.258,-0.086,6.773,1384,1384,139,139,24,23,4,4,,,,,,,,,,,,,,,,,0.0,0.0,0.0,0.0,1544.4,1294.4,0.9858,1.1018,0,1,0
2026-09-28T21:47:58.693589+09:00,107500583,dccd50fe,2026-09-28T21:47:58.693589+09:00,2026-09-28T21:47:58.776114+09:00,rail-left-01,rail-right-01,0.6.7-draft,0.6.7-draft,mqtt,mqtt,1290.64,1150.63,0.0,6.031,-0.132,-0.101,-0.412,-0.736,9.864,9.41,0.073,0.0831,0.1158,0.1407,0.0,-0.0019,27.0,27.27,-230,17525,-0.029,2.191,-0.086,6.572,1385,1385,139,139,24,23,4,4,,,,,,,,,,,,,,,,,0.0,0.0,0.0,0.0,1545.4,1295.4,0.9858,1.1018,0,1,0
2026-09-28T21:47:58.713562+09:00,107520556,dccd50fe,2026-09-28T21:47:58.713562+09:00,2026-09-28T21:47:58.796088+09:00,rail-left-01,rail-right-01,0.6.7-draft,0.6.7-draft,mqtt,mqtt,1291.73,1151.62,0.0,5.843,-0.534,-0.903,2.271,-0.024,15.862,10.062,0.0855,0.1119,-0.0021,0.026,0.0021,0.0384,26.99,27.25,-226,16700,-0.028,2.088,-0.085,6.263,1386,1386,139,139,24,23,4,4,,,,,,,,,,,,,,,,,0.0,0.0,0.0,0.0,1546.5,1296.5,0.9858,1.1018,0,1,0
2026-09-28T21:47:58.733634+09:00,107540628,dccd50fe,2026-09-28T21:47:58.733634+09:00,2026-09-28T21:47:58.816160+09:00,rail-left-01,rail-right-01,0.6.7-draft,0.6.7-draft,mqtt,mqtt,1292.82,1152.57,0.0,5.66,-0.518,-0.139,1.683,0.235,11.903,8.733,0.0117,0.1183,-0.0444,0.0017,0.0537,0.0604,27.0,27.26,-204,15817,-0.026,1.977,-0.077,5.931,1387,1387,139,139,24,23,4,4,,,,,,,,,,,,,,,,,0.0,0.0,0.0,0.0,1547.6,1297.6,0.9858,1.1018,0,1,0
2026-09-28T21:47:58.753639+09:00,107560633,dccd50fe,2026-09-28T21:47:58.753639+09:00,2026-09-28T21:47:58.836164+09:00,rail-left-01,rail-right-01,0.6.7-draft,0.6.7-draft,mqtt,mqtt,1293.92,1153.46,0.0,5.353,-0.748,0.158,1.168,-0.089,10.847,8.83,-0.0028,0.107,-0.0188,-0.0001,0.0119,0.0397,26.97,27.28,-200,14342,-0.025,1.793,-0.075,5.378,1388,1388,139,139,24,23,4,4,,,,,,,,,,,,,,,,,0.0,0.0,0.0,0.0,1548.7,1298.7,0.9858,1.1018,0,1,0
2026-09-28T21:47:58.773604+09:00,107580598,dccd50fe,2026-09-28T21:47:58.773604+09:00,2026-09-28T21:47:58.856129+09:00,rail-left-01,rail-right-01,0.6.7-draft,0.6.7-draft,mqtt,mqtt,1294.91,1154.36,0.0,5.039,-0.663,-0.409,1.032,-0.108,10.63,9.298,-0.0032,0.1033,-0.0112,0.0001,0.0119,0.0274,26.99,27.26,-196,12830,-0.025,1.604,-0.074,4.811,1389,1389,139,139,24,23,4,4,,,,,,,,,,,,,,,,,0.0,0.0,0.0,0.0,1549.6,1299.6,0.9858,1.1018,0,1,0
2026-09-28T21:47:58.793787+09:00,107600781,dccd50fe,2026-09-28T21:47:58.793787+09:00,2026-09-28T21:47:58.876313+09:00,rail-left-01,rail-right-01,0.6.7-draft,0.6.7-draft,mqtt,mqtt,1295.91,1155.25,0.0,4.713,-0.16,-0.035,0.698,-0.414,10.666,9.432,0.0047,0.0985,-0.0109,-0.0044,0.0099,0.0188,26.98,27.26,-180,11260,-0.023,1.408,-0.068,4.222,1390,1390,139,139,24,23,4,4,,,,,,,,,,,,,,,,,0.0,0.0,0.0,0.0,1550.6,1300.6,0.9858,1.1018,0,1,0
