time,uptime_us,boot_id,time_left,time_right,left_device_id,right_device_id,left_firmware_version,right_firmware_version,left_source,right_source,left_position_mm,right_position_mm,left_sensor_distance_mm,right_sensor_distance_mm,left_mpu_accel_x,right_mpu_accel_x,left_mpu_accel_y,right_mpu_accel_y,left_mpu_accel_z,right_mpu_accel_z,left_mpu_gyro_x,right_mpu_gyro_x,left_mpu_gyro_y,right_mpu_gyro_y,left_mpu_gyro_z,right_mpu_gyro_z,left_mpu_temp_c,right_mpu_temp_c,left_adc_raw,right_adc_raw,left_adc_voltage_v,right_adc_voltage_v,left_sensor_voltage_v,right_sensor_voltage_v,left_sample_seq,right_sample_seq,left_batch_seq,right_batch_seq,left_dropped_batches,right_dropped_batches,left_status_flags,right_status_flags,left_tilt_deg,right_tilt_deg,left_roll_deg,right_roll_deg,left_delta_mm,right_delta_mm,left_distance_delta_mm,right_distance_delta_mm,left_m_mm,right_m_mm,left_dm_dx,right_dm_dx,left_ddelta_dx,right_ddelta_dx,left_apeak,right_apeak,left_magnitude_mm,right_magnitude_mm,left_abnormal_score,right_abnormal_score,rail_x_mm,rear_wheel_x_mm,encoder_scale_left,encoder_scale_right,sensor_valid,analysis_window,joint_marker
2026-09-28T21:58:28.199270+09:00,42522427,1729468b,2026-09-28T21:58:28.199270+09:00,2026-09-28T21:58:28.246036+09:00,rail-left-01,rail-right-01,0.6.7-draft,0.6.7-draft,mqtt,mqtt,0.0,0.0,6.129,6.808,-0.04,-0.011,0.099,-0.267,10.416,9.673,-0.0624,0.0326,0.0376,0.0556,-0.0075,-0.0052,25.62,25.64,15589,19249,1.949,2.406,5.846,7.218,1,1,1,1,0,0,0,0,,-0.22838257,,-0.22838257,,-0.60436649,,-0.60436649,,0.53968917,,0.0,,0.0,,0.59035,0.0,0.38099573,0,0,282.0,32.0,0.9268,1.1052,1,1,0
2026-09-28T21:58:28.219274+09:00,42542431,1729468b,2026-09-28T21:58:28.219274+09:00,2026-09-28T21:58:28.266040+09:00,rail-left-01,rail-right-01,0.6.7-draft,0.6.7-draft,mqtt,mqtt,0.1,0.1,6.127,6.808,-0.008,0.0,0.065,-0.293,10.448,9.705,-0.065,0.031,0.039,0.0577,-0.0081,-0.0063,25.59,25.65,15583,19249,1.948,2.406,5.844,7.218,2,2,1,1,0,0,0,0,,-0.21252461,,-0.21252461,,-0.60436649,,-0.60436649,,0.53968917,,0.0,,0.0,,0.59035,0.0,0.38099573,0,0,282.0,32.0,0.9268,1.1052,1,1,0
2026-09-28T21:58:28.239398+09:00,42562555,1729468b,2026-09-28T21:58:28.239398+09:00,2026-09-28T21:58:28.286164+09:00,rail-left-01,rail-right-01,0.6.7-draft,0.6.7-draft,mqtt,mqtt,0.3,0.25,6.1,6.807,-0.054,-0.099,-0.662,-1.14,10.5,9.706,-0.0648,0.028,0.0413,0.0626,-0.0131,-0.0187,25.62,25.6,15515,19246,1.939,2.406,5.818,7.217,3,3,1,1,0,0,0,0,,-0.30128557,,-0.30128557,,-0.60403316,,-0.60403316,,0.5395225,,-0.00421053,,0.00842105,,0.59035,0.0,0.38097986,0,0,282.2,32.2,0.9268,1.1052,1,1,0
2026-09-28T21:58:28.259392+09:00,42582549,1729468b,2026-09-28T21:58:28.259392+09:00,2026-09-28T21:58:28.306158+09:00,rail-left-01,rail-right-01,0.6.7-draft,0.6.7-draft,mqtt,mqtt,0.65,0.5,6.098,6.81,0.117,0.135,-0.245,-0.128,10.441,9.716,-0.0667,0.0324,0.0381,0.0566,-0.0089,-0.0053,25.62,25.64,15510,19254,1.939,2.407,5.816,7.22,4,4,1,1,0,0,0,0,,-0.1789609,,-0.1789609,,-0.60461649,,-0.60461649,,0.53981417,,0.00378855,,-0.00757709,,0.59035,0.0,0.38100764,0,0,282.6,32.6,0.9268,1.1052,1,1,0
2026-09-28T21:58:28.279296+09:00,42602453,1729468b,2026-09-28T21:58:28.279296+09:00,2026-09-28T21:58:28.326062+09:00,rail-left-01,rail-right-01,0.6.7-draft,0.6.7-draft,mqtt,mqtt,0.99,0.85,6.104,6.817,-0.133,-0.095,-0.154,-0.333,10.47,9.712,-0.0629,0.0296,0.0396,0.057,-0.0123,-0.0097,25.62,25.64,15526,19268,1.941,2.409,5.822,7.226,5,5,1,1,0,0,0,0,,-0.23662239,,-0.23662239,,-0.60636649,,-0.60636649,,0.54068917,,0.01070664,,-0.02141328,,0.59035,0.0,0.38109097,0,0,282.9,32.9,0.9268,1.1052,1,1,0
2026-09-28T21:58:28.299330+09:00,42622487,1729468b,2026-09-28T21:58:28.299330+09:00,2026-09-28T21:58:28.346096+09:00,rail-left-01,rail-right-01,0.6.7-draft,0.6.7-draft,mqtt,mqtt,1.44,1.24,6.103,6.824,0.051,0.086,-0.157,-0.611,10.503,9.716,-0.0622,0.0324,0.0381,0.0564,-0.0097,-0.0055,25.59,25.64,15522,19285,1.94,2.411,5.821,7.232,6,6,1,1,0,0,0,0,,-0.18911403,,-0.18911403,,-0.60869983,,-0.60869983,,0.54185584,,0.01357268,,-0.02714536,,0.59035,0.0,0.38120208,0,0,283.3,33.3,0.9268,1.1052,1,1,0
2026-09-28T21:58:28.319223+09:00,42642380,1729468b,2026-09-28T21:58:28.319223+09:00,2026-09-28T21:58:28.365989+09:00,rail-left-01,rail-right-01,0.6.7-draft,0.6.7-draft,mqtt,mqtt,1.99,1.69,6.11,6.83,-0.061,-0.047,0.031,-0.347,10.469,9.645,-0.0628,0.0326,0.0405,0.054,-0.0057,-0.0033,25.64,25.66,15540,19298,1.943,2.412,5.828,7.237,7,7,1,1,0,0,0,0,,-0.20947137,,-0.20947137,,-0.61122364,,-0.61122364,,0.54311774,,0.01416977,,-0.02833955,,0.59035,0.0,0.38132226,0,0,283.8,33.8,0.9268,1.1052,1,1,0
2026-09-28T21:58:28.339371+09:00,42662528,1729468b,2026-09-28T21:58:28.339371+09:00,2026-09-28T21:58:28.386137+09:00,rail-left-01,rail-right-01,0.6.7-draft,0.6.7-draft,mqtt,mqtt,2.54,2.14,6.125,6.831,-0.002,-0.004,-0.102,-0.377,10.447,9.695,-0.064,0.0334,0.0388,0.0538,-0.0097,-0.0091,25.6,25.63,15577,19300,1.947,2.413,5.841,7.238,8,8,1,1,0,0,0,0,,-0.20930883,,-0.20930883,,-0.61324149,,-0.61324149,,0.54412667,,0.01271948,,-0.02543897,,0.59035,0.0,0.38141835,0,0,284.3,34.3,0.9268,1.1052,1,1,0
2026-09-28T21:58:28.359405+09:00,42682562,1729468b,2026-09-28T21:58:28.359405+09:00,2026-09-28T21:58:28.406171+09:00,rail-left-01,rail-right-01,0.6.7-draft,0.6.7-draft,mqtt,mqtt,3.18,2.68,6.148,6.827,-0.051,-0.026,-0.029,-0.142,10.593,9.803,-0.0616,0.0324,0.0377,0.0542,-0.0073,-0.0045,25.63,25.65,15634,19291,1.954,2.411,5.863,7.234,9,9,1,1,0,0,0,0,,-0.21599212,,-0.21599212,,-0.61436649,,-0.61436649,,0.54468917,,0.0097634,,-0.01952681,,0.59035,0.0,0.38147192,0,0,284.9,34.9,0.9268,1.1052,1,1,0
2026-09-28T21:58:28.379359+09:00,42702516,1729468b,2026-09-28T21:58:28.379359+09:00,2026-09-28T21:58:28.426125+09:00,rail-left-01,rail-right-01,0.6.7-draft,0.6.7-draft,mqtt,mqtt,3.83,3.23,6.183,6.834,-0.069,-0.089,0.019,-0.377,10.397,9.698,-0.0576,0.0316,0.0357,0.0545,-0.0107,-0.0097,25.63,25.64,15721,19306,1.965,2.413,5.895,7.24,10,10,1,1,0,0,0,0,,-0.23944166,,-0.23944166,,-0.61596649,,-0.61596649,,0.54548917,,0.00886619,,-0.01773238,,0.59035,0.0,0.38154811,0,0,285.5,35.5,0.9268,1.1052,1,1,0
2026-09-28T21:58:28.517668+09:00,42844202,1729468b,2026-09-28T21:58:28.517668+09:00,2026-09-28T21:58:28.601053+09:00,rail-left-01,rail-right-01,0.6.7-draft,0.6.7-draft,mqtt,mqtt,9.45,8.05,6.183,6.834,0.023,0.043,-0.067,-0.241,10.507,9.687,-0.0649,0.0321,0.0376,0.0529,-0.0093,-0.0055,25.63,25.68,15721,19306,1.965,2.413,5.895,7.24,11,11,2,2,0,0,0,0,-0.27942708,-0.52687,-0.27942708,-0.52687,-0.61727558,-0.55841411,-0.61727558,-0.55841411,0.54614371,0.58180822,0.00316076,0.01066019,-0.00632152,0.01706304,0.70035,0.74335,0.38161045,0.37992153,0,0,290.7,40.7,0.9268,1.1052,1,1,0
2026-09-28T21:58:28.538107+09:00,42864641,1729468b,2026-09-28T21:58:28.538107+09:00,2026-09-28T21:58:28.621492+09:00,rail-left-01,rail-right-01,0.6.7-draft,0.6.7-draft,mqtt,mqtt,10.34,8.8,6.307,6.83,-0.025,0.054,0.103,-0.315,10.457,9.754,-0.0628,0.0301,0.0401,0.056,-0.0121,-0.0072,25.62,25.63,16031,19298,2.004,2.412,6.012,7.237,12,12,2,2,0,0,0,0,-0.31602047,-0.5158141,-0.31602047,-0.5158141,-0.60803316,-0.55382104,-0.60803316,-0.55382104,0.55185584,0.58423462,0.00988557,0.01002321,0.00988001,0.01641585,0.70035,0.74335,0.38117033,0.38003707,0,0,291.5,41.5,0.9268,1.1052,1,1,0
2026-09-28T21:58:28.558086+09:00,42884620,1729468b,2026-09-28T21:58:28.558086+09:00,2026-09-28T21:58:28.641471+09:00,rail-left-01,rail-right-01,0.6.7-draft,0.6.7-draft,mqtt,mqtt,11.24,9.55,6.301,6.834,-0.028,-0.037,0.036,-0.266,10.475,9.698,-0.0633,0.029,0.0432,0.0586,-0.0128,-0.0103,25.64,25.63,16015,19306,2.002,2.413,6.006,7.24,13,13,2,2,0,0,0,0,-0.34997872,-0.51700683,-0.34997872,-0.51700683,-0.60067418,-0.54980127,-0.60067418,-0.54980127,0.5564584,0.58653699,0.01155366,0.00956221,0.01452047,0.01577728,0.70035,0.74335,0.38081991,0.38014671,0,0,292.4,42.4,0.9268,1.1052,1,1,0
2026-09-28T21:58:28.577640+09:00,42904174,1729468b,2026-09-28T21:58:28.577640+09:00,2026-09-28T21:58:28.661025+09:00,rail-left-01,rail-right-01,0.6.7-draft,0.6.7-draft,mqtt,mqtt,12.13,10.34,6.299,6.834,0.01,0.043,-0.156,-0.219,10.414,9.626,-0.0671,0.0313,0.0378,0.0544,-0.0077,-0.0079,25.62,25.64,16011,19306,2.001,2.413,6.004,7.24,14,14,2,2,0,0,0,0,-0.38120867,-0.50866686,-0.38120867,-0.50866686,-0.59450935,-0.54611649,-0.59450935,-0.54611649,0.56033203,0.5886475,0.01195028,0.00916879,0.01617125,0.01521455,0.70035,0.74335,0.38052634,0.38024721,0,0,293.2,43.2,0.9268,1.1052,1,1,0
2026-09-28T21:58:28.597740+09:00,42924273,1729468b,2026-09-28T21:58:28.597740+09:00,2026-09-28T21:58:28.681124+09:00,rail-left-01,rail-right-01,0.6.7-draft,0.6.7-draft,mqtt,mqtt,13.08,11.14,6.296,6.826,-0.074,-0.017,0.354,-0.321,10.447,9.883,-0.064,0.0317,0.0353,0.0532,-0.008,-0.0056,25.62,25.65,16003,19289,2.0,2.411,6.001,7.233,15,15,2,2,0,0,0,0,-0.41075481,-0.50759777,-0.41075481,-0.50759777,-0.58936649,-0.54240649,-0.58936649,-0.54240649,0.56358917,0.59042917,0.01180023,0.00875761,0.01653794,0.01483004,0.70035,0.74335,0.38028144,0.38033205,0,0,294.1,44.1,0.9268,1.1052,1,1,0
2026-09-28T21:58:28.617665+09:00,42944199,1729468b,2026-09-28T21:58:28.617665+09:00,2026-09-28T21:58:28.701050+09:00,rail-left-01,rail-right-01,0.6.7-draft,0.6.7-draft,mqtt,mqtt,14.02,11.93,6.31,6.821,-0.007,-0.074,0.104,-0.326,10.412,9.64,-0.0665,0.0298,0.038,0.0542,-0.0113,-0.01,25.62,25.62,16039,19277,2.005,2.41,6.015,7.229,16,16,2,2,0,0,0,0,-0.43846181,-0.51308814,-0.43846181,-0.51308814,-0.58399149,-0.53878957,-0.58399149,-0.53878957,0.56687667,0.59197763,0.01177196,0.00836046,0.01703205,0.01452579,0.70035,0.74335,0.38002549,0.38040578,0,0,294.9,44.9,0.9268,1.1052,1,1,0
2026-09-28T21:58:28.637709+09:00,42964243,1729468b,2026-09-28T21:58:28.637709+09:00,2026-09-28T21:58:28.721094+09:00,rail-left-01,rail-right-01,0.6.7-draft,0.6.7-draft,mqtt,mqtt,14.97,12.73,6.324,6.82,-0.018,-0.02,-0.065,-0.323,10.467,9.638,-0.0637,0.0292,0.0366,0.0553,-0.0121,-0.0096,25.61,25.65,16074,19275,2.009,2.409,6.028,7.228,17,17,2,2,0,0,0,0,-0.46462063,-0.51246917,-0.46462063,-0.51246917,-0.57842532,-0.53540353,-0.57842532,-0.53540353,0.57018917,0.59339287,0.01180636,0.00800135,0.0175746,0.0142265,0.70035,0.74335,0.37976044,0.38047318,0,0,295.8,45.8,0.9268,1.1052,1,1,0
2026-09-28T21:58:28.658287+09:00,42984821,1729468b,2026-09-28T21:58:28.658287+09:00,2026-09-28T21:58:28.741672+09:00,rail-left-01,rail-right-01,0.6.7-draft,0.6.7-draft,mqtt,mqtt,15.96,13.57,6.33,6.809,-0.198,-0.169,-0.035,-0.215,10.318,9.555,-0.0634,0.0305,0.0402,0.057,-0.0159,0.0,25.59,25.63,16089,19252,2.011,2.407,6.033,7.22,18,18,2,2,0,0,0,0,-0.49071635,-0.52720956,-0.49071635,-0.52720956,-0.57314427,-0.53186649,-0.57314427,-0.53186649,0.57330028,0.5945106,0.01173607,0.00760988,0.01785557,0.01404833,0.70035,0.74335,0.37951639,0.3805264,0,0,296.7,46.7,0.9268,1.1052,1,1,0
2026-09-28T21:58:28.677687+09:00,43004221,1729468b,2026-09-28T21:58:28.677687+09:00,2026-09-28T21:58:28.761072+09:00,rail-left-01,rail-right-01,0.6.7-draft,0.6.7-draft,mqtt,mqtt,16.9,14.42,6.326,6.802,0.207,0.237,0.129,-0.308,10.55,9.773,-0.0642,0.03,0.0385,0.0545,-0.0151,-0.0116,25.62,25.63,16078,19235,2.01,2.404,6.029,7.213,19,19,2,2,0,0,0,0,-0.51419074,-0.50091955,-0.51419074,-0.50091955,-0.56862965,-0.52833201,-0.56862965,-0.52833201,0.57597864,0.59543055,0.01146702,0.00721897,0.01769046,0.01391572,0.74335,0.74335,0.37964393,0.38057021,0,0,297.6,47.6,0.9268,1.1052,1,1,0
2026-09-28T21:58:28.697806+09:00,43024340,1729468b,2026-09-28T21:58:28.697806+09:00,2026-09-28T21:58:28.781191+09:00,rail-left-01,rail-right-01,0.6.7-draft,0.6.7-draft,mqtt,mqtt,17.9,15.26,6.352,6.793,-0.154,-0.154,-0.116,-0.37,10.446,9.705,-0.0663,0.0296,0.0385,0.0493,-0.0113,-0.0024,25.6,25.65,16144,19215,2.018,2.402,6.054,7.206,20,20,2,2,0,0,0,0,-0.53741911,-0.5134114,-0.53741911,-0.5134114,-0.56326649,-0.52473316,-0.56326649,-0.52473316,0.57903917,0.59613917,0.01146315,0.00682156,0.01802225,0.01383972,0.74335,0.74335,0.37978967,0.38060395,0,0,298.5,48.5,0.9268,1.1052,1,1,0
2026-09-28T21:58:28.837206+09:00,43206446,1729468b,2026-09-28T21:58:28.837206+09:00,2026-09-28T21:58:28.920857+09:00,rail-left-01,rail-right-01,0.6.7-draft,0.6.7-draft,mqtt,mqtt,27.15,23.12,6.357,6.783,0.061,0.19,0.057,-0.358,10.362,9.701,-0.0683,0.0328,0.0424,0.055,-0.0109,-0.0108,25.62,25.64,16155,19193,2.019,2.399,6.058,7.197,21,21,3,3,0,0,0,0,-0.53004394,-0.66084345,-0.53004394,-0.66084345,-0.5212052,-0.53751283,-0.5212052,-0.53751283,0.59688272,0.58101844,0.0059931,-0.00091204,0.01298012,0.00119877,0.74335,0.74335,0.38063936,0.37988392,0,0,307.1,57.1,0.9268,1.1052,1,1,0
2026-09-28T21:58:28.857507+09:00,43226747,1729468b,2026-09-28T21:58:28.857507+09:00,2026-09-28T21:58:28.941158+09:00,rail-left-01,rail-right-01,0.6.7-draft,0.6.7-draft,mqtt,mqtt,28.19,24.01,6.269,6.688,-0.263,-0.169,0.081,-0.181,10.385,9.498,-0.0703,0.0325,0.0514,0.0522,-0.0008,-0.0057,25.61,25.62,15937,18982,1.992,2.373,5.976,7.118,22,22,3,3,0,0,0,0,-0.54759089,-0.66613176,-0.54759089,-0.66613176,-0.52064774,-0.53767602,-0.52064774,-0.53767602,0.59620479,0.57789155,0.00488123,-0.00155263,0.01130666,0.00104377,0.74335,0.74335,0.38060708,0.37973502,0,0,308.1,58.1,0.9268,1.1052,1,1,0
2026-09-28T21:58:28.877393+09:00,43246633,1729468b,2026-09-28T21:58:28.877393+09:00,2026-09-28T21:58:28.961044+09:00,rail-left-01,rail-right-01,0.6.7-draft,0.6.7-draft,mqtt,mqtt,29.23,24.91,6.264,6.693,0.059,0.123,0.073,-0.414,10.47,9.755,-0.0679,0.0292,0.0481,0.0558,-0.0009,-0.0041,25.62,25.63,15925,18993,1.991,2.374,5.972,7.122,23,23,3,3,0,0,0,0,-0.56473902,-0.6516309,-0.56473902,-0.6516309,-0.52027558,-0.53794789,-0.52027558,-0.53794789,0.5954922,0.57496824,0.00401939,-0.00205163,0.00997663,0.00089136,0.74335,0.74335,0.38057315,0.37959581,0,0,309.0,59.0,0.9268,1.1052,1,1,0
2026-09-28T21:58:28.897493+09:00,43266733,1729468b,2026-09-28T21:58:28.897493+09:00,2026-09-28T21:58:28.981144+09:00,rail-left-01,rail-right-01,0.6.7-draft,0.6.7-draft,mqtt,mqtt,30.23,25.75,6.242,6.681,-0.113,-0.072,-0.024,-0.175,10.495,9.742,-0.0661,0.0316,0.053,0.0581,-0.0031,-0.0045,25.6,25.64,15870,18966,1.984,2.371,5.951,7.112,24,24,3,3,0,0,0,0,-0.58213914,-0.65038227,-0.58213914,-0.65038227,-0.52057237,-0.53793467,-0.52057237,-0.53793467,0.59449799,0.57204144,0.00325327,-0.00248355,0.00873272,0.00082095,0.74335,0.74335,0.3805258,0.37945644,0,0,310.0,60.0,0.9268,1.1052,1,1,0
2026-09-28T21:58:28.917720+09:00,43286960,1729468b,2026-09-28T21:58:28.917720+09:00,2026-09-28T21:58:29.001371+09:00,rail-left-01,rail-right-01,0.6.7-draft,0.6.7-draft,mqtt,mqtt,31.32,26.7,6.208,6.677,-0.083,0.022,0.138,-0.281,10.271,9.738,-0.0674,0.0321,0.0386,0.0641,-0.0057,-0.0112,25.61,25.65,15784,18959,1.973,2.37,5.919,7.11,25,25,3,3,0,0,0,0,-0.59941421,-0.64325543,-0.59941421,-0.64325543,-0.52182364,-0.53783316,-0.52182364,-0.53783316,0.59307488,0.56920028,0.00250601,-0.00284666,0.00745262,0.00077794,0.74335,0.74335,0.38045803,0.37932115,0,0,311.0,61.0,0.9268,1.1052,1,1,0
2026-09-28T21:58:28.937741+09:00,43306981,1729468b,2026-09-28T21:58:28.937741+09:00,2026-09-28T21:58:29.021393+09:00,rail-left-01,rail-right-01,0.6.7-draft,0.6.7-draft,mqtt,mqtt,32.37,27.59,6.174,6.679,0.054,0.104,0.207,-0.358,10.392,9.616,-0.0625,0.0298,0.0396,0.0602,-0.0096,-0.008,25.62,25.63,15699,18962,1.962,2.37,5.887,7.111,26,26,3,3,0,0,0,0,-0.6161271,-0.63138505,-0.6161271,-0.63138505,-0.52394983,-0.53777954,-0.52394983,-0.53777954,0.59125861,0.56650439,0.00177858,-0.00314304,0.00615831,0.0007323,0.74335,0.74335,0.38037155,0.37919277,0,0,312.0,62.0,0.9268,1.1052,1,1,0
2026-09-28T21:58:28.957332+09:00,43326572,1729468b,2026-09-28T21:58:28.957332+09:00,2026-09-28T21:58:29.040983+09:00,rail-left-01,rail-right-01,0.6.7-draft,0.6.7-draft,mqtt,mqtt,33.41,28.44,6.159,6.676,-0.104,-0.056,-0.087,-0.142,10.467,9.731,-0.064,0.0306,0.0452,0.0601,-0.01,-0.0079,25.61,25.64,15662,18956,1.958,2.37,5.873,7.109,27,27,3,3,0,0,0,0,-0.63283876,-0.62968607,-0.63283876,-0.62968607,-0.52636649,-0.53766436,-0.52636649,-0.53766436,0.58933782,0.5638913,0.00113465,-0.00339553,0.00499079,0.00070365,0.74335,0.74335,0.38028008,0.37906834,0,0,312.9,62.9,0.9268,1.1052,1,1,0
2026-09-28T21:58:28.977309+09:00,43346549,1729468b,2026-09-28T21:58:28.977309+09:00,2026-09-28T21:58:29.060961+09:00,rail-left-01,rail-right-01,0.6.7-draft,0.6.7-draft,mqtt,mqtt,34.45,29.33,6.138,6.686,0.02,0.019,-0.063,-0.217,10.33,9.728,-0.0624,0.0318,0.0396,0.0542,-0.0109,-0.0052,25.61,25.64,15611,18977,1.951,2.372,5.854,7.116,28,28,3,3,0,0,0,0,-0.64909765,-0.62361694,-0.64909765,-0.62361694,-0.5292086,-0.53776233,-0.5292086,-0.53776233,0.5872418,0.56149125,0.00053777,-0.00358933,0.00388669,0.00064247,0.74335,0.74335,0.38018027,0.37895405,0,0,313.9,63.9,0.9268,1.1052,1,1,0
2026-09-28T21:58:28.997333+09:00,43366573,1729468b,2026-09-28T21:58:28.997333+09:00,2026-09-28T21:58:29.080984+09:00,rail-left-01,rail-right-01,0.6.7-draft,0.6.7-draft,mqtt,mqtt,35.5,30.23,6.133,6.682,0.0,0.043,0.056,-0.35,10.368,9.7,-0.0634,0.0298,0.0409,0.0589,-0.0111,-0.0053,25.64,25.63,15598,18969,1.95,2.371,5.849,7.113,29,29,3,3,0,0,0,0,-0.66499757,-0.61641053,-0.66499757,-0.61641053,-0.53203316,-0.53777466,-0.53203316,-0.53777466,0.58518917,0.55914835,2.641e-05,-0.00375852,0.00292969,0.00060189,0.74335,0.74335,0.38008252,0.37884249,0,0,314.9,64.9,0.9268,1.1052,1,1,0
2026-09-28T21:58:29.017433+09:00,43386673,1729468b,2026-09-28T21:58:29.017433+09:00,2026-09-28T21:58:29.101084+09:00,rail-left-01,rail-right-01,0.6.7-draft,0.6.7-draft,mqtt,mqtt,36.59,31.17,6.123,6.683,-0.138,-0.128,0.09,-0.071,10.422,9.822,-0.0701,0.0322,0.0509,0.054,0.0027,-0.0053,25.61,25.63,15572,18971,1.947,2.371,5.84,7.114,30,30,3,3,0,0,0,0,-0.68106599,-0.61913844,-0.68106599,-0.61913844,-0.53496649,-0.53780649,-0.53496649,-0.53780649,0.58311417,0.55690917,-0.00043035,-0.0038991,0.00206277,0.00056237,0.74335,0.74335,0.37998372,0.37873586,0,0,315.9,65.9,0.9268,1.1052,1,1,0
2026-09-28T21:58:29.148089+09:00,43520457,1729468b,2026-09-28T21:58:29.148089+09:00,2026-09-28T21:58:29.230184+09:00,rail-left-01,rail-right-01,0.6.7-draft,0.6.7-draft,mqtt,mqtt,43.7,37.24,6.115,6.681,-0.108,0.05,0.063,-0.22,10.49,9.792,-0.0717,0.0325,0.0284,0.0514,-0.0041,0.0015,25.63,25.64,15552,18968,1.944,2.371,5.832,7.113,31,31,4,4,0,0,0,0,-0.62620006,-0.68705543,-0.62620006,-0.68705543,-0.53799394,-0.51133371,-0.53799394,-0.51133371,0.55467936,0.55046786,-0.00400663,-0.00266706,0.00048785,0.00332305,0.74335,0.81435,0.37862968,0.37842913,0,0,322.5,72.5,0.9268,1.1052,1,1,0
2026-09-28T21:58:29.168223+09:00,43540591,1729468b,2026-09-28T21:58:29.168223+09:00,2026-09-28T21:58:29.250318+09:00,rail-left-01,rail-right-01,0.6.7-draft,0.6.7-draft,mqtt,mqtt,44.75,38.13,6.219,6.636,0.0,0.017,0.066,-0.286,10.429,9.88,-0.0709,0.0298,0.0334,0.0518,-0.0061,-0.0057,25.6,25.64,15812,18867,1.977,2.358,5.93,7.075,32,32,4,4,0,0,0,0,-0.63346261,-0.67678882,-0.63346261,-0.67678882,-0.53617418,-0.50783423,-0.53617418,-0.50783423,0.55353532,0.55001981,-0.00392245,-0.00258212,0.0007612,0.00361085,0.74335,0.81435,0.3785752,0.37840779,0,0,323.4,73.4,0.9268,1.1052,1,1,0
2026-09-28T21:58:29.188229+09:00,43560597,1729468b,2026-09-28T21:58:29.188229+09:00,2026-09-28T21:58:29.270324+09:00,rail-left-01,rail-right-01,0.6.7-draft,0.6.7-draft,mqtt,mqtt,45.84,39.08,6.266,6.638,-0.023,0.073,0.077,-0.395,10.457,9.584,-0.0662,0.0332,0.0393,0.0532,-0.0075,-0.0089,25.62,25.61,15929,18871,1.991,2.359,5.973,7.077,33,33,4,4,0,0,0,0,-0.6410022,-0.66432814,-0.6410022,-0.66432814,-0.5335363,-0.5044776,-0.5335363,-0.5044776,0.55287785,0.54960187,-0.00377189,-0.00250239,0.00113819,0.00385788,0.74335,0.81435,0.37854389,0.37838789,0,0,324.4,74.4,0.9268,1.1052,1,1,0
2026-09-28T21:58:29.208290+09:00,43580658,1729468b,2026-09-28T21:58:29.208290+09:00,2026-09-28T21:58:29.290385+09:00,rail-left-01,rail-right-01,0.6.7-draft,0.6.7-draft,mqtt,mqtt,46.88,39.97,6.279,6.634,-0.16,-0.068,0.045,-0.175,10.345,9.664,-0.0683,0.0297,0.0422,0.0541,0.0009,-0.0063,25.6,25.64,15962,18862,1.995,2.358,5.986,7.073,34,34,4,4,0,0,0,0,-0.64909338,-0.65851375,-0.64909338,-0.65851375,-0.53075538,-0.50116337,-0.53075538,-0.50116337,0.55236509,0.54916573,-0.0036173,-0.00243326,0.00149994,0.00408191,0.74335,0.81435,0.37851947,0.37836712,0,0,325.4,75.4,0.9268,1.1052,1,1,0
2026-09-28T21:58:29.228196+09:00,43600564,1729468b,2026-09-28T21:58:29.228196+09:00,2026-09-28T21:58:29.310291+09:00,rail-left-01,rail-right-01,0.6.7-draft,0.6.7-draft,mqtt,mqtt,47.98,40.92,6.274,6.626,0.038,0.083,0.172,-0.105,10.52,9.905,-0.0662,0.0297,0.0356,0.0569,-0.0004,-0.0068,25.63,25.66,15949,18844,1.994,2.356,5.981,7.067,35,35,4,4,0,0,0,0,-0.65720986,-0.64631247,-0.65720986,-0.64631247,-0.52816649,-0.49782803,-0.52816649,-0.49782803,0.55182553,0.54868148,-0.00348386,-0.00237674,0.0017996,0.00429361,0.74335,0.81435,0.37849378,0.37834406,0,0,326.4,76.4,0.9268,1.1052,1,1,0
2026-09-28T21:58:29.248213+09:00,43620581,1729468b,2026-09-28T21:58:29.248213+09:00,2026-09-28T21:58:29.330308+09:00,rail-left-01,rail-right-01,0.6.7-draft,0.6.7-draft,mqtt,mqtt,49.02,41.81,6.289,6.625,0.036,0.051,0.169,-0.171,10.392,9.855,-0.0694,0.0321,0.036,0.0544,-0.0027,-0.0029,25.6,25.66,15985,18842,1.998,2.355,5.994,7.066,36,36,4,4,0,0,0,0,-0.66534882,-0.63583855,-0.66534882,-0.63583855,-0.52540221,-0.49457861,-0.52540221,-0.49457861,0.55143917,0.54820432,-0.00334275,-0.00232502,0.00209873,0.00448197,0.74335,0.81435,0.37847538,0.37832134,0,0,327.4,77.4,0.9268,1.1052,1,1,0
2026-09-28T21:58:29.268158+09:00,43640526,1729468b,2026-09-28T21:58:29.268158+09:00,2026-09-28T21:58:29.350253+09:00,rail-left-01,rail-right-01,0.6.7-draft,0.6.7-draft,mqtt,mqtt,50.12,42.71,6.285,6.627,-0.024,0.014,0.073,-0.285,10.621,9.583,-0.0686,0.0313,0.0381,0.0589,-0.0036,-0.0053,25.62,25.65,15977,18848,1.997,2.356,5.991,7.068,37,37,4,4,0,0,0,0,-0.67362769,-0.6272412,-0.67362769,-0.6272412,-0.52280509,-0.49145604,-0.52280509,-0.49145604,0.55103127,0.54775633,-0.00321856,-0.00227489,0.00235012,0.00464488,0.81435,0.81435,0.37845596,0.37830001,0,0,328.4,78.4,0.9268,1.1052,1,1,0
2026-09-28T21:58:29.288117+09:00,43660485,1729468b,2026-09-28T21:58:29.288117+09:00,2026-09-28T21:58:29.370212+09:00,rail-left-01,rail-right-01,0.6.7-draft,0.6.7-draft,mqtt,mqtt,51.16,43.65,6.296,6.634,-0.048,0.042,0.067,-0.259,10.397,9.662,-0.0669,0.0294,0.036,0.0529,-0.0076,-0.0073,25.61,25.65,16004,18863,2.001,2.358,6.002,7.074,38,38,4,4,0,0,0,0,-0.6820517,-0.617725,-0.6820517,-0.617725,-0.52010787,-0.48852826,-0.52010787,-0.48852826,0.55073227,0.54737299,-0.00309161,-0.00222195,0.00259594,0.0047773,0.81435,0.81435,0.37844172,0.37828175,0,0,329.4,79.4,0.9268,1.1052,1,1,0
2026-09-28T21:58:29.308233+09:00,43680601,1729468b,2026-09-28T21:58:29.308233+09:00,2026-09-28T21:58:29.390328+09:00,rail-left-01,rail-right-01,0.6.7-draft,0.6.7-draft,mqtt,mqtt,52.25,44.55,6.318,6.633,-0.032,-0.024,0.196,-0.3,10.435,9.705,-0.0679,0.0305,0.0361,0.057,-0.0083,-0.0075,25.6,25.64,16058,18860,2.007,2.358,6.022,7.073,39,39,4,4,0,0,0,0,-0.69057094,-0.61119337,-0.69057094,-0.61119337,-0.5171292,-0.48567084,-0.5171292,-0.48567084,0.55062985,0.54699352,-0.00294984,-0.00217309,0.00286148,0.00489572,0.81435,0.81435,0.37843684,0.37826368,0,0,330.4,80.4,0.9268,1.1052,1,1,0
2026-09-28T21:58:29.328174+09:00,43700542,1729468b,2026-09-28T21:58:29.328174+09:00,2026-09-28T21:58:29.410269+09:00,rail-left-01,rail-right-01,0.6.7-draft,0.6.7-draft,mqtt,mqtt,53.35,45.44,6.321,6.64,-0.035,0.022,0.144,-0.201,10.532,9.754,-0.0662,0.0321,0.0409,0.0585,-0.0101,-0.0083,25.61,25.64,16065,18877,2.008,2.36,6.024,7.079,40,40,4,4,0,0,0,0,-0.69921114,-0.60298657,-0.69921114,-0.60298657,-0.51419983,-0.48299506,-0.51419983,-0.48299506,0.55055584,0.54667488,-0.00281616,-0.00212174,0.00310232,0.00498958,0.81435,0.81435,0.37843332,0.37824851,0,0,331.4,81.4,0.9268,1.1052,1,1,0
2026-09-28T21:58:29.451594+09:00,43828445,1729468b,2026-09-28T21:58:29.451594+09:00,2026-09-28T21:58:29.529175+09:00,rail-left-01,rail-right-01,0.6.7-draft,0.6.7-draft,mqtt,mqtt,60.26,51.26,6.317,6.645,-0.127,-0.08,0.045,-0.141,10.212,9.594,-0.0649,0.0306,0.0432,0.0561,-0.0108,-0.0059,25.61,25.64,16056,18888,2.007,2.361,6.021,7.083,41,41,5,5,0,0,0,0,-0.37749467,-0.56433585,-0.37749467,-0.56433585,-0.30236649,-0.27900286,-0.30236649,-0.27900286,0.52268917,0.53482553,0.0,0.00156093,0.0,0.0021571,0.40535,0.83335,0.39491754,0.39549546,0,0,337.8,87.8,0.9268,1.1052,1,1,0
2026-09-28T21:58:29.471734+09:00,43848585,1729468b,2026-09-28T21:58:29.471734+09:00,2026-09-28T21:58:29.549315+09:00,rail-left-01,rail-right-01,0.6.7-draft,0.6.7-draft,mqtt,mqtt,61.35,52.2,6.346,6.678,0.043,0.127,-0.059,-0.474,10.487,9.904,-0.0661,0.0316,0.0357,0.055,-0.008,-0.0051,25.59,25.65,16128,18960,2.016,2.37,6.048,7.11,42,42,5,5,0,0,0,0,-0.39274709,-0.53330643,-0.39274709,-0.53330643,-0.28786649,-0.28236649,-0.28786649,-0.28236649,0.52993917,0.5362725,0.0266055,0.00213709,0.05321101,-0.0011571,0.68035,0.83335,0.39526278,0.39556436,0,0,338.8,88.8,0.9268,1.1052,1,1,0
2026-09-28T21:58:29.491673+09:00,43868524,1729468b,2026-09-28T21:58:29.491673+09:00,2026-09-28T21:58:29.569254+09:00,rail-left-01,rail-right-01,0.6.7-draft,0.6.7-draft,mqtt,mqtt,62.45,53.1,6.354,6.689,-0.077,-0.04,-0.007,-0.407,10.38,9.679,-0.065,0.0326,0.0445,0.0618,-0.0087,-0.0053,25.62,25.62,16149,18985,2.019,2.373,6.056,7.119,43,43,5,5,0,0,0,0,-0.41347613,-0.54388902,-0.41347613,-0.54388902,-0.28036649,-0.2860588,-0.28036649,-0.2860588,0.53368917,0.53791994,0.01688026,0.00261519,0.03376053,-0.00315907,0.68035,0.83335,0.39544135,0.39564281,0,0,339.8,89.8,0.9268,1.1052,1,1,0
2026-09-28T21:58:29.511761+09:00,43888612,1729468b,2026-09-28T21:58:29.511761+09:00,2026-09-28T21:58:29.589342+09:00,rail-left-01,rail-right-01,0.6.7-draft,0.6.7-draft,mqtt,mqtt,63.49,54.04,6.336,6.71,-0.037,0.054,-0.101,-0.148,10.473,9.779,-0.0697,0.0312,0.0432,0.0624,-0.0072,-0.0071,25.64,25.66,16103,19031,2.013,2.379,6.039,7.137,44,44,5,5,0,0,0,0,-0.43392446,-0.5336501,-0.43392446,-0.5336501,-0.28111649,-0.29072364,-0.28111649,-0.29072364,0.53331417,0.54008203,0.00612711,0.0032368,0.01225422,-0.00501786,0.68035,0.83335,0.39542349,0.39574577,0,0,340.8,90.8,0.9268,1.1052,1,1,0
2026-09-28T21:58:29.531818+09:00,43908669,1729468b,2026-09-28T21:58:29.531818+09:00,2026-09-28T21:58:29.609399+09:00,rail-left-01,rail-right-01,0.6.7-draft,0.6.7-draft,mqtt,mqtt,64.58,54.94,6.306,6.732,0.005,0.03,0.168,-0.346,10.319,9.701,-0.0701,0.0334,0.0446,0.0644,-0.0059,-0.0071,25.59,25.65,16028,19079,2.003,2.385,6.01,7.155,45,45,5,5,0,0,0,0,-0.45316991,-0.52944266,-0.45316991,-0.52944266,-0.28756649,-0.29623316,-0.28756649,-0.29623316,0.53008917,0.54268917,-0.00290783,0.00392743,-0.00581566,-0.00679913,0.68035,0.83335,0.39526992,0.39586992,0,0,341.8,91.8,0.9268,1.1052,1,1,0
2026-09-28T21:58:29.551780+09:00,43928631,1729468b,2026-09-28T21:58:29.551780+09:00,2026-09-28T21:58:29.629361+09:00,rail-left-01,rail-right-01,0.6.7-draft,0.6.7-draft,mqtt,mqtt,65.68,55.83,6.316,6.744,-0.156,-0.029,0.107,0.098,10.35,9.404,-0.0565,0.0354,0.0313,0.0552,-0.006,-0.0007,25.62,25.66,16054,19106,2.007,2.388,6.02,7.165,46,46,5,5,0,0,0,0,-0.47328195,-0.53687521,-0.47328195,-0.53687521,-0.29019983,-0.30180399,-0.29019983,-0.30180399,0.5287725,0.54534542,-0.00374842,0.00450311,-0.00749685,-0.0082285,0.68035,0.83335,0.39520722,0.39599641,0,0,342.8,92.8,0.9268,1.1052,1,1,0
2026-09-28T21:58:29.571691+09:00,43948542,1729468b,2026-09-28T21:58:29.571691+09:00,2026-09-28T21:58:29.649272+09:00,rail-left-01,rail-right-01,0.6.7-draft,0.6.7-draft,mqtt,mqtt,66.77,56.78,6.346,6.738,0.026,0.053,-0.2,-0.412,10.417,10.101,-0.0604,0.0322,0.03,0.0573,-0.0091,-0.0079,25.63,25.65,16128,19093,2.016,2.387,6.048,7.16,47,47,5,5,0,0,0,0,-0.4906977,-0.52864997,-0.4906977,-0.52864997,-0.28779506,-0.30636649,-0.28779506,-0.30636649,0.52997488,0.5475127,-0.00066352,0.00478007,-0.00132704,-0.00898625,0.68035,0.83335,0.39526448,0.39609961,0,0,343.8,93.8,0.9268,1.1052,1,1,0
2026-09-28T21:58:29.591627+09:00,43968478,1729468b,2026-09-28T21:58:29.591627+09:00,2026-09-28T21:58:29.669208+09:00,rail-left-01,rail-right-01,0.6.7-draft,0.6.7-draft,mqtt,mqtt,67.87,57.67,6.379,6.744,-0.119,-0.045,-0.044,-0.267,10.374,9.756,-0.0637,0.034,0.0216,0.0657,-0.0089,-0.0104,25.62,25.65,16209,19107,2.026,2.388,6.078,7.165,48,48,5,5,0,0,0,0,-0.50772929,-0.5371991,-0.50772929,-0.5371991,-0.28186649,-0.31075538,-0.28186649,-0.31075538,0.53293917,0.54960584,0.0032169,0.00499952,0.0064338,-0.00957814,0.68035,0.83335,0.39540563,0.39619929,0,0,344.9,94.9,0.9268,1.1052,1,1,0
2026-09-28T21:58:29.611820+09:00,43988671,1729468b,2026-09-28T21:58:29.611820+09:00,2026-09-28T21:58:29.689401+09:00,rail-left-01,rail-right-01,0.6.7-draft,0.6.7-draft,mqtt,mqtt,68.96,58.57,6.373,6.749,0.02,0.02,0.353,0.01,10.64,9.565,-0.0593,0.0352,0.0429,0.0558,-0.0075,-0.0043,25.62,25.65,16196,19118,2.025,2.39,6.074,7.169,49,49,5,5,0,0,0,0,-0.52402765,-0.5353705,-0.52402765,-0.5353705,-0.27792205,-0.31494544,-0.27792205,-0.31494544,0.53491139,0.55161022,0.00443077,0.00516817,0.00886155,-0.01003334,0.83335,0.83335,0.39549955,0.39629473,0,0,345.9,95.9,0.9268,1.1052,1,1,0
2026-09-28T21:58:29.631965+09:00,44008816,1729468b,2026-09-28T21:58:29.631965+09:00,2026-09-28T21:58:29.709546+09:00,rail-left-01,rail-right-01,0.6.7-draft,0.6.7-draft,mqtt,mqtt,70.05,59.51,6.338,6.755,-0.195,-0.063,0.062,-0.314,10.39,9.989,-0.0629,0.0341,0.0405,0.0544,-0.0065,-0.0073,25.61,25.66,16108,19131,2.014,2.391,6.041,7.174,50,50,5,5,0,0,0,0,-0.54192964,-0.54486853,-0.54192964,-0.54486853,-0.27826649,-0.31901649,-0.27826649,-0.31901649,0.53473917,0.55356417,0.00304395,0.00530768,0.0060879,-0.01040521,0.83335,0.83335,0.39549135,0.39638778,0,0,346.9,96.9,0.9268,1.1052,1,1,0
2026-09-28T21:58:29.808191+09:00,44128453,1729468b,2026-09-28T21:58:29.808191+09:00,2026-09-28T21:58:29.898303+09:00,rail-left-01,rail-right-01,0.6.7-draft,0.6.7-draft,mqtt,mqtt,76.62,64.98,6.333,6.762,-0.061,-0.042,0.128,-0.128,10.496,9.738,-0.0646,0.0385,0.0324,0.05,-0.0061,-0.0011,25.61,25.66,16095,19147,2.012,2.393,6.036,7.18,51,51,6,6,0,0,0,0,-0.56419393,-0.70058697,-0.56419393,-0.70058697,-0.32293792,-0.33601165,-0.32293792,-0.33601165,0.55521298,0.57218917,0.00501424,0.00492785,-0.01014555,-0.00440291,0.83335,0.90735,0.39646629,0.39727468,0,0,353.0,103.0,0.9268,1.1052,1,1,0
2026-09-28T21:58:29.828319+09:00,44148581,1729468b,2026-09-28T21:58:29.828319+09:00,2026-09-28T21:58:29.918431+09:00,rail-left-01,rail-right-01,0.6.7-draft,0.6.7-draft,mqtt,mqtt,77.71,65.88,6.305,6.812,0.031,0.034,0.006,-0.195,10.244,9.908,-0.065,0.0353,0.0357,0.0593,-0.0101,-0.0068,25.61,25.63,16026,19258,2.003,2.407,6.01,7.222,52,52,6,6,0,0,0,0,-0.58251972,-0.67984342,-0.58251972,-0.67984342,-0.32777558,-0.33521024,-0.32777558,-0.33521024,0.55607553,0.57589229,0.00451721,0.00537237,-0.01039158,-0.00373666,0.83335,0.90735,0.39650737,0.39745102,0,0,354.0,104.0,0.9268,1.1052,1,1,0
2026-09-28T21:58:29.848260+09:00,44168522,1729468b,2026-09-28T21:58:29.848260+09:00,2026-09-28T21:58:29.938372+09:00,rail-left-01,rail-right-01,0.6.7-draft,0.6.7-draft,mqtt,mqtt,78.75,66.77,6.308,6.812,-0.201,-0.136,0.029,-0.29,10.714,9.736,-0.0652,0.0349,0.042,0.0522,-0.0109,-0.0056,25.61,25.64,16034,19258,2.004,2.407,6.013,7.222,53,53,6,6,0,0,0,0,-0.60115968,-0.67507124,-0.60115968,-0.67507124,-0.33206214,-0.3344574,-0.33206214,-0.3344574,0.5569283,0.57937099,0.004163,0.00570538,-0.01042665,-0.003199,0.90735,0.90735,0.39654797,0.39761667,0,0,354.9,104.9,0.9268,1.1052,1,1,0
2026-09-28T21:58:29.868387+09:00,44188649,1729468b,2026-09-28T21:58:29.868387+09:00,2026-09-28T21:58:29.958499+09:00,rail-left-01,rail-right-01,0.6.7-draft,0.6.7-draft,mqtt,mqtt,79.85,67.72,6.315,6.814,0.057,0.087,0.198,-0.095,10.289,9.658,-0.0669,0.0348,0.0428,0.0517,-0.0059,-0.0069,25.61,25.66,16052,19261,2.007,2.408,6.019,7.223,54,54,6,6,0,0,0,0,-0.61888802,-0.65184485,-0.61888802,-0.65184485,-0.33569983,-0.33380767,-0.33569983,-0.33380767,0.55785584,0.58267446,0.00392488,0.00596234,-0.01027315,-0.00276872,0.90735,0.90735,0.39659214,0.39777398,0,0,356.0,106.0,0.9268,1.1052,1,1,0
2026-09-28T21:58:29.888388+09:00,44208650,1729468b,2026-09-28T21:58:29.888388+09:00,2026-09-28T21:58:29.978500+09:00,rail-left-01,rail-right-01,0.6.7-draft,0.6.7-draft,mqtt,mqtt,80.94,68.61,6.334,6.816,-0.08,-0.008,-0.068,-0.373,10.378,9.655,-0.0673,0.033,0.0554,0.0516,-0.0037,-0.0044,25.62,25.65,16099,19267,2.012,2.408,6.037,7.225,55,55,6,6,0,0,0,0,-0.63665725,-0.63772454,-0.63665725,-0.63772454,-0.33828649,-0.33325221,-0.33828649,-0.33325221,0.55908917,0.58581774,0.0038401,0.00616214,-0.00984965,-0.00242168,0.90735,0.90735,0.39665087,0.39792366,0,0,357.0,107.0,0.9268,1.1052,1,1,0
2026-09-28T21:58:29.908519+09:00,44228781,1729468b,2026-09-28T21:58:29.908519+09:00,2026-09-28T21:58:29.998631+09:00,rail-left-01,rail-right-01,0.6.7-draft,0.6.7-draft,mqtt,mqtt,82.08,69.56,6.337,6.804,0.006,0.023,-0.041,-0.221,10.473,9.658,-0.063,0.0325,0.0408,0.0513,-0.0055,-0.0052,25.61,25.65,16106,19240,2.013,2.405,6.04,7.215,56,56,6,6,0,0,0,0,-0.65374456,-0.6219204,-0.65374456,-0.6219204,-0.3405588,-0.33239427,-0.3405588,-0.33239427,0.56028532,0.58861972,0.00376727,0.00627632,-0.00942685,-0.00205692,0.90735,0.90735,0.39670783,0.39805709,0,0,358.0,108.0,0.9268,1.1052,1,1,0
2026-09-28T21:58:29.928285+09:00,44248547,1729468b,2026-09-28T21:58:29.928285+09:00,2026-09-28T21:58:30.018397+09:00,rail-left-01,rail-right-01,0.6.7-draft,0.6.7-draft,mqtt,mqtt,83.13,70.45,6.347,6.799,-0.041,0.007,0.119,-0.352,10.391,9.728,-0.0659,0.0337,0.0348,0.0538,-0.0052,-0.0083,25.62,25.65,16131,19228,2.016,2.404,6.049,7.211,57,57,6,6,0,0,0,0,-0.6702551,-0.60819893,-0.6702551,-0.60819893,-0.34229242,-0.33144757,-0.34229242,-0.33144757,0.56157806,0.59120268,0.00374196,0.00634338,-0.00894186,-0.00171884,0.90735,0.90735,0.39676939,0.39818009,0,0,359.0,109.0,0.9268,1.1052,1,1,0
2026-09-28T21:58:29.948207+09:00,44268469,1729468b,2026-09-28T21:58:29.948207+09:00,2026-09-28T21:58:30.038319+09:00,rail-left-01,rail-right-01,0.6.7-draft,0.6.7-draft,mqtt,mqtt,84.22,71.35,6.371,6.785,-0.02,0.083,0.008,-0.144,10.59,9.717,-0.0578,0.0354,0.0226,0.046,-0.0103,-0.0048,25.64,25.66,16191,19198,2.024,2.4,6.072,7.199,58,58,6,6,0,0,0,0,-0.68590721,-0.58948686,-0.68590721,-0.58948686,-0.34304506,-0.33018228,-0.34304506,-0.33018228,0.56320703,0.59346548,0.00381724,0.00635002,-0.00827957,-0.00135687,0.90735,0.90735,0.39684696,0.39828784,0,0,360.0,110.0,0.9268,1.1052,1,1,0
2026-09-28T21:58:29.968305+09:00,44288567,1729468b,2026-09-28T21:58:29.968305+09:00,2026-09-28T21:58:30.058417+09:00,rail-left-01,rail-right-01,0.6.7-draft,0.6.7-draft,mqtt,mqtt,85.32,72.24,6.437,6.754,-0.028,-0.028,0.089,-0.305,10.405,9.738,-0.057,0.037,0.0278,0.0525,-0.0135,-0.008,25.62,25.65,16355,19128,2.044,2.391,6.133,7.173,59,59,6,6,0,0,0,0,-0.70091237,-0.57986069,-0.70091237,-0.57986069,-0.34146994,-0.32818701,-0.34146994,-0.32818701,0.56586158,0.59521481,0.00415242,0.00626767,-0.00711825,-0.00089542,0.90735,0.90735,0.39697337,0.39837114,0,0,361.0,111.0,0.9268,1.1052,1,1,0
2026-09-28T21:58:29.988339+09:00,44308601,1729468b,2026-09-28T21:58:29.988339+09:00,2026-09-28T21:58:30.078451+09:00,rail-left-01,rail-right-01,0.6.7-draft,0.6.7-draft,mqtt,mqtt,86.41,73.19,6.481,6.737,-0.047,0.032,0.188,-0.169,10.336,9.724,-0.0596,0.036,0.0324,0.049,-0.0128,-0.0067,25.59,25.66,16465,19091,2.058,2.386,6.174,7.159,60,60,6,6,0,0,0,0,-0.71547238,-0.56643525,-0.71547238,-0.56643525,-0.33853316,-0.32586649,-0.33853316,-0.32586649,0.5690725,0.59666417,0.0045896,0.00614426,-0.00577316,-0.00041741,0.90735,0.90735,0.39712627,0.39844016,0,0,362.0,112.0,0.9268,1.1052,1,1,0
2026-09-28T21:58:30.128847+09:00,44497484,1729468b,2026-09-28T21:58:30.128847+09:00,2026-09-28T21:58:30.212807+09:00,rail-left-01,rail-right-01,0.6.7-draft,0.6.7-draft,mqtt,mqtt,96.75,81.84,6.498,6.731,-0.022,-0.044,0.018,-0.186,10.256,9.755,-0.0629,0.0248,0.0248,0.048,-0.0101,-0.0064,25.62,25.62,16507,19077,2.063,2.385,6.19,7.154,61,61,7,7,0,0,0,0,-0.55893808,-0.52629255,-0.55893808,-0.52629255,-0.32324454,-0.28003316,-0.32324454,-0.28003316,0.59825014,0.62189505,0.00587767,0.00566554,0.00022154,0.00546864,0.90735,0.90735,0.39851568,0.39964163,0,0,371.6,121.6,0.9268,1.1052,1,1,0
2026-09-28T21:58:30.148882+09:00,44517519,1729468b,2026-09-28T21:58:30.148882+09:00,2026-09-28T21:58:30.232842+09:00,rail-left-01,rail-right-01,0.6.7-draft,0.6.7-draft,mqtt,mqtt,97.85,82.78,6.625,6.599,0.022,0.056,0.042,-0.443,10.418,9.579,-0.0646,0.0254,0.0277,0.051,-0.0092,-0.0088,25.62,25.63,16822,18784,2.103,2.348,6.308,7.044,62,62,7,7,0,0,0,0,-0.55242716,-0.51386781,-0.55242716,-0.51386781,-0.31772364,-0.27478957,-0.31772364,-0.27478957,0.6012725,0.62203532,0.00596958,0.00527808,0.00137378,0.00591117,0.90735,0.90735,0.3986596,0.39964831,0,0,372.6,122.6,0.9268,1.1052,1,1,0
2026-09-28T21:58:30.169000+09:00,44537637,1729468b,2026-09-28T21:58:30.169000+09:00,2026-09-28T21:58:30.252960+09:00,rail-left-01,rail-right-01,0.6.7-draft,0.6.7-draft,mqtt,mqtt,98.99,83.73,6.637,6.551,0.005,0.024,0.067,-0.184,10.363,9.687,-0.0663,0.0297,0.031,0.0533,-0.0084,-0.0096,25.61,25.65,16853,18678,2.107,2.335,6.32,7.004,63,63,7,7,0,0,0,0,-0.54689813,-0.50363691,-0.54689813,-0.50363691,-0.31218045,-0.26883819,-0.31218045,-0.26883819,0.60429382,0.62171747,0.0060565,0.0048729,0.00236411,0.00641677,0.90735,0.90735,0.39880348,0.39963317,0,0,373.7,123.7,0.9268,1.1052,1,1,0
2026-09-28T21:58:30.188905+09:00,44557542,1729468b,2026-09-28T21:58:30.188905+09:00,2026-09-28T21:58:30.272865+09:00,rail-left-01,rail-right-01,0.6.7-draft,0.6.7-draft,mqtt,mqtt,100.08,84.62,6.642,6.529,-0.042,-0.002,0.165,-0.25,10.439,9.737,-0.0646,0.0278,0.0354,0.0596,-0.0095,-0.0103,25.6,25.66,16866,18630,2.108,2.329,6.325,6.986,64,64,7,7,0,0,0,0,-0.54242327,-0.49514881,-0.54242327,-0.49514881,-0.30677558,-0.26269983,-0.30677558,-0.26269983,0.60723462,0.62120769,0.00612479,0.00449017,0.00319747,0.00690164,0.90735,0.90735,0.39894351,0.3996089,0,0,374.7,124.7,0.9268,1.1052,1,1,0
2026-09-28T21:58:30.208969+09:00,44577606,1729468b,2026-09-28T21:58:30.208969+09:00,2026-09-28T21:58:30.292929+09:00,rail-left-01,rail-right-01,0.6.7-draft,0.6.7-draft,mqtt,mqtt,101.18,85.57,6.636,6.533,-0.105,0.03,0.054,-0.265,10.484,9.694,-0.0648,0.034,0.0385,0.0574,-0.0108,-0.0069,25.62,25.64,16851,18638,2.106,2.33,6.319,6.989,65,65,7,7,0,0,0,0,-0.53909921,-0.48532109,-0.53909921,-0.48532109,-0.30174427,-0.2568574,-0.30174427,-0.2568574,0.60997806,0.6207528,0.00615637,0.00415837,0.00386332,0.00730313,0.90735,0.90735,0.39907415,0.39958724,0,0,375.7,125.7,0.9268,1.1052,1,1,0
2026-09-28T21:58:30.228977+09:00,44597614,1729468b,2026-09-28T21:58:30.228977+09:00,2026-09-28T21:58:30.312937+09:00,rail-left-01,rail-right-01,0.6.7-draft,0.6.7-draft,mqtt,mqtt,102.27,86.51,6.634,6.531,-0.05,0.016,-0.133,-0.431,10.433,9.603,-0.0678,0.0317,0.0421,0.0572,-0.0083,-0.008,25.6,25.61,16845,18635,2.106,2.329,6.317,6.988,66,66,7,7,0,0,0,0,-0.53672536,-0.4765529,-0.53672536,-0.4765529,-0.29697519,-0.25118792,-0.29697519,-0.25118792,0.61258047,0.62029631,0.00616674,0.00386174,0.00441084,0.00765006,0.90735,0.90735,0.39919808,0.3995655,0,0,376.7,126.7,0.9268,1.1052,1,1,0
2026-09-28T21:58:30.248892+09:00,44617529,1729468b,2026-09-28T21:58:30.248892+09:00,2026-09-28T21:58:30.332852+09:00,rail-left-01,rail-right-01,0.6.7-draft,0.6.7-draft,mqtt,mqtt,103.36,87.45,6.622,6.523,-0.031,0.024,-0.148,-0.057,10.461,9.826,-0.0654,0.0349,0.0334,0.0569,-0.0124,-0.0093,25.58,25.64,16815,18616,2.102,2.327,6.306,6.981,67,67,7,7,0,0,0,0,-0.53506177,-0.46769801,-0.53506177,-0.46769801,-0.29266436,-0.24557702,-0.29266436,-0.24557702,0.61494449,0.61978566,0.0061426,0.00358787,0.00482747,0.00796494,0.90735,0.90735,0.39931065,0.39954118,0,0,377.8,127.8,0.9268,1.1052,1,1,0
2026-09-28T21:58:30.268860+09:00,44637497,1729468b,2026-09-28T21:58:30.268860+09:00,2026-09-28T21:58:30.352820+09:00,rail-left-01,rail-right-01,0.6.7-draft,0.6.7-draft,mqtt,mqtt,104.46,88.35,6.602,6.497,0.065,0.071,0.06,0.073,10.411,9.983,-0.0645,0.0336,0.0372,0.0594,-0.0128,-0.0047,25.61,25.65,16766,18559,2.096,2.32,6.287,6.96,68,68,7,7,0,0,0,0,-0.53386765,-0.45688645,-0.53386765,-0.45688645,-0.28894983,-0.23971132,-0.28894983,-0.23971132,0.61700167,0.61906848,0.00607734,0.00331434,0.0051109,0.00829154,0.90735,0.90735,0.39940861,0.39950703,0,0,378.8,128.8,0.9268,1.1052,1,1,0
2026-09-28T21:58:30.288994+09:00,44657631,1729468b,2026-09-28T21:58:30.288994+09:00,2026-09-28T21:58:30.372954+09:00,rail-left-01,rail-right-01,0.6.7-draft,0.6.7-draft,mqtt,mqtt,105.6,89.29,6.589,6.498,-0.054,-0.078,0.165,-0.559,10.513,9.849,-0.067,0.0274,0.0406,0.0612,-0.0107,-0.0027,25.61,25.64,16733,18562,2.092,2.32,6.275,6.961,69,69,7,7,0,0,0,0,-0.53340796,-0.45353116,-0.53340796,-0.45353116,-0.28565221,-0.23406141,-0.28565221,-0.23406141,0.61884223,0.61838408,0.00598931,0.0030689,0.00530687,0.00857191,0.90735,0.90735,0.39949626,0.39947444,0,0,379.8,129.8,0.9268,1.1052,1,1,0
2026-09-28T21:58:30.308859+09:00,44677496,1729468b,2026-09-28T21:58:30.308859+09:00,2026-09-28T21:58:30.392819+09:00,rail-left-01,rail-right-01,0.6.7-draft,0.6.7-draft,mqtt,mqtt,106.7,90.24,6.571,6.512,-0.014,-0.034,0.008,-0.259,10.509,9.893,-0.0653,0.0269,0.0425,0.0628,-0.0107,-0.01,25.62,25.65,16687,18591,2.086,2.324,6.258,6.972,70,70,7,7,0,0,0,0,-0.53353855,-0.44821897,-0.53353855,-0.44821897,-0.28284649,-0.22883316,-0.28284649,-0.22883316,0.62042917,0.61783917,0.00587571,0.0028604,0.00541541,0.00878697,0.90735,0.90735,0.39957183,0.39944849,0,0,380.8,130.8,0.9268,1.1052,1,1,0
2026-09-28T21:58:30.487296+09:00,44812414,1729468b,2026-09-28T21:58:30.487296+09:00,2026-09-28T21:58:30.575552+09:00,rail-left-01,rail-right-01,0.6.7-draft,0.6.7-draft,mqtt,mqtt,114.15,96.55,6.562,6.515,-0.146,-0.12,0.469,-0.312,10.625,9.811,-0.0701,0.0297,0.0424,0.0577,-0.0108,-0.0067,25.62,25.65,16666,18599,2.083,2.325,6.25,6.975,71,71,8,8,0,0,0,0,-0.62787054,-0.72690849,-0.62787054,-0.72690849,0.07063351,-0.00191195,0.07063351,-0.00191195,0.58118917,0.54518917,0.0,0.00184043,0.0,0.00311351,0.81835,0.89535,0.37503081,0.37331653,0,0,387.8,137.8,0.9268,1.1052,1,1,0
2026-09-28T21:58:30.507410+09:00,44832529,1729468b,2026-09-28T21:58:30.507410+09:00,2026-09-28T21:58:30.595667+09:00,rail-left-01,rail-right-01,0.6.7-draft,0.6.7-draft,mqtt,mqtt,115.25,97.5,6.442,6.52,0.054,0.069,0.122,-0.153,10.366,9.518,-0.0699,0.027,0.0385,0.0533,-0.0079,-0.0068,25.64,25.63,16367,18610,2.046,2.326,6.138,6.979,72,72,8,8,0,0,0,0,-0.64269391,-0.64275684,-0.64269391,-0.64275684,0.01063351,-0.00086649,0.01063351,-0.00086649,0.55118917,0.54635584,-0.10909091,0.00206873,-0.21818182,0.00281047,0.81835,0.89535,0.37360224,0.37337208,0,0,388.8,138.8,0.9268,1.1052,1,1,0
2026-09-28T21:58:30.527326+09:00,44852445,1729468b,2026-09-28T21:58:30.527326+09:00,2026-09-28T21:58:30.615583+09:00,rail-left-01,rail-right-01,0.6.7-draft,0.6.7-draft,mqtt,mqtt,116.34,98.39,6.443,6.49,-0.093,-0.05,0.08,-0.344,10.6,9.771,-0.0681,0.024,0.0325,0.051,-0.0081,-0.0057,25.6,25.64,16369,18544,2.046,2.318,6.138,6.954,73,73,8,8,0,0,0,0,-0.66120346,-0.59791872,-0.66120346,-0.59791872,-0.00903316,0.00232582,-0.00903316,0.00232582,0.54135584,0.54618917,-0.05442162,0.00143664,-0.10884323,0.00400062,0.81835,0.89535,0.37313399,0.37336415,0,0,389.8,139.8,0.9268,1.1052,1,1,0
2026-09-28T21:58:30.547457+09:00,44872575,1729468b,2026-09-28T21:58:30.547457+09:00,2026-09-28T21:58:30.635713+09:00,rail-left-01,rail-right-01,0.6.7-draft,0.6.7-draft,mqtt,mqtt,117.48,99.34,6.45,6.48,0.038,0.008,0.249,-0.454,10.118,9.823,-0.0723,0.0341,0.0348,0.0578,-0.0088,-0.0092,25.62,25.65,16386,18520,2.048,2.315,6.145,6.945,74,74,8,8,0,0,0,0,-0.67711823,-0.54769613,-0.67711823,-0.54769613,-0.01711649,0.00577636,-0.01711649,0.00577636,0.53731417,0.54568917,-0.03008112,0.00087832,-0.06016224,0.00495565,0.81835,0.89535,0.37294153,0.37334034,0,0,390.8,140.8,0.9268,1.1052,1,1,0
2026-09-28T21:58:30.567322+09:00,44892440,1729468b,2026-09-28T21:58:30.567322+09:00,2026-09-28T21:58:30.655578+09:00,rail-left-01,rail-right-01,0.6.7-draft,0.6.7-draft,mqtt,mqtt,118.58,100.28,6.491,6.493,-0.048,0.01,0.041,-0.17,10.702,9.758,-0.0709,0.033,0.038,0.055,-0.0063,-0.0069,25.62,25.64,16488,18550,2.061,2.319,6.183,6.956,75,75,8,8,0,0,0,0,-0.69390531,-0.50376687,-0.69390531,-0.50376687,-0.01376649,0.00790017,-0.01376649,0.00790017,0.53898917,0.54568917,-0.01199083,0.00072323,-0.02398166,0.00506847,0.89535,0.89535,0.37302129,0.37334034,0,0,391.9,141.9,0.9268,1.1052,1,1,0
2026-09-28T21:58:30.587506+09:00,44912625,1729468b,2026-09-28T21:58:30.587506+09:00,2026-09-28T21:58:30.675763+09:00,rail-left-01,rail-right-01,0.6.7-draft,0.6.7-draft,mqtt,mqtt,119.67,101.23,6.503,6.509,-0.017,0.032,0.034,-0.486,10.258,9.786,-0.0686,0.0328,0.0416,0.0616,-0.0073,-0.0105,25.63,25.67,16519,18586,2.065,2.323,6.195,6.97,76,76,8,8,0,0,0,0,-0.71078384,-0.46142191,-0.71078384,-0.46142191,-0.00953316,0.00875851,-0.00953316,0.00875851,0.54110584,0.54618917,-0.0036127,0.00082527,-0.0072254,0.00465068,0.89535,0.89535,0.37312208,0.37336415,0,0,392.9,142.9,0.9268,1.1052,1,1,0
2026-09-28T21:58:30.607483+09:00,44932601,1729468b,2026-09-28T21:58:30.607483+09:00,2026-09-28T21:58:30.695739+09:00,rail-left-01,rail-right-01,0.6.7-draft,0.6.7-draft,mqtt,mqtt,120.82,102.17,6.493,6.517,-0.084,-0.032,0.211,0.08,10.549,9.667,-0.0654,0.0304,0.038,0.054,-0.0068,-0.0072,25.6,25.63,16495,18602,2.062,2.325,6.186,6.976,77,77,8,8,0,0,0,0,-0.72821513,-0.43478509,-0.72821513,-0.43478509,-0.00793792,0.00904527,-0.00793792,0.00904527,0.54190345,0.54686564,-0.00115896,0.00098157,-0.00231792,0.0041192,0.89535,0.89535,0.37316007,0.37339636,0,0,393.9,143.9,0.9268,1.1052,1,1,0
2026-09-28T21:58:30.627414+09:00,44952532,1729468b,2026-09-28T21:58:30.627414+09:00,2026-09-28T21:58:30.715670+09:00,rail-left-01,rail-right-01,0.6.7-draft,0.6.7-draft,mqtt,mqtt,121.91,103.12,6.497,6.514,0.063,0.066,0.078,-0.36,10.367,9.707,-0.0645,0.0313,0.039,0.055,-0.0077,-0.0048,25.62,25.67,16503,18596,2.063,2.325,6.189,6.974,78,78,8,8,0,0,0,0,-0.74389222,-0.39553793,-0.74389222,-0.39553793,-0.00624149,0.00946684,-0.00624149,0.00946684,0.54275167,0.54738361,0.0002456,0.00105346,0.00049119,0.00375575,0.89535,0.89535,0.37320046,0.37342102,0,0,394.9,144.9,0.9268,1.1052,1,1,0
2026-09-28T21:58:30.647537+09:00,44972656,1729468b,2026-09-28T21:58:30.647537+09:00,2026-09-28T21:58:30.735794+09:00,rail-left-01,rail-right-01,0.6.7-draft,0.6.7-draft,mqtt,mqtt,123.0,104.01,6.486,6.513,-0.035,-0.041,0.129,-0.192,10.418,9.716,-0.0638,0.0313,0.0362,0.0541,-0.0091,-0.0037,25.61,25.63,16476,18595,2.059,2.324,6.179,6.973,79,79,8,8,0,0,0,0,-0.75934879,-0.37652542,-0.75934879,-0.37652542,-0.00614427,0.00989667,-0.00614427,0.00989667,0.54280028,0.54782075,0.00022481,0.00108849,0.00044961,0.00347264,0.89535,0.89535,0.37320277,0.37344184,0,0,396.0,146.0,0.9268,1.1052,1,1,0
2026-09-28T21:58:30.667371+09:00,44992489,1729468b,2026-09-28T21:58:30.667371+09:00,2026-09-28T21:58:30.755627+09:00,rail-left-01,rail-right-01,0.6.7-draft,0.6.7-draft,mqtt,mqtt,124.1,104.96,6.51,6.505,0.029,0.05,0.001,-0.204,10.329,9.741,-0.0658,0.0305,0.0344,0.0548,-0.0104,-0.0097,25.61,25.63,16537,18576,2.067,2.322,6.201,6.966,80,80,8,8,0,0,0,0,-0.77371116,-0.34642276,-0.77371116,-0.34642276,-0.00366649,0.01068351,-0.00366649,0.01068351,0.54403917,0.54801417,0.00138049,0.00103667,0.00276098,0.00336644,0.89535,0.89535,0.37326177,0.37345105,0,0,397.0,147.0,0.9268,1.1052,1,1,0
2026-09-28T21:58:30.806545+09:00,45178445,1729468b,2026-09-28T21:58:30.806545+09:00,2026-09-28T21:58:30.843030+09:00,rail-left-01,rail-right-01,0.6.7-draft,0.6.7-draft,mqtt,mqtt,134.44,113.66,6.512,6.504,-0.053,-0.041,0.136,-0.259,10.276,9.902,-0.0604,0.0334,0.0416,0.0621,-0.012,-0.0083,25.62,25.67,16542,18575,2.068,2.322,6.203,6.966,81,81,9,9,0,0,0,0,-0.33593172,-0.3238333,-0.33593172,-0.3238333,0.01149065,-0.00907617,0.01149065,-0.00907617,0.54823679,0.53675368,0.00087846,-0.00176138,0.00289336,-0.0028533,0.89535,0.89535,0.37346165,0.37291484,0,0,406.6,156.6,0.9268,1.1052,1,1,0
2026-09-28T21:58:30.826655+09:00,45198555,1729468b,2026-09-28T21:58:30.826655+09:00,2026-09-28T21:58:30.863139+09:00,rail-left-01,rail-right-01,0.6.7-draft,0.6.7-draft,mqtt,mqtt,135.58,114.6,6.481,6.56,0.042,0.042,-0.043,-0.183,10.597,9.6,-0.0655,0.0316,0.0384,0.0577,-0.0116,-0.0071,25.61,25.64,16465,18698,2.058,2.337,6.174,7.012,82,82,9,9,0,0,0,0,-0.3280635,-0.30764437,-0.3280635,-0.30764437,0.01081533,-0.01311649,0.01081533,-0.01311649,0.54773462,0.53637667,0.00049481,-0.00164445,0.00202549,-0.0034676,0.89535,0.89535,0.37343774,0.37289688,0,0,407.6,157.6,0.9268,1.1052,1,1,0
2026-09-28T21:58:30.846672+09:00,45218572,1729468b,2026-09-28T21:58:30.846672+09:00,2026-09-28T21:58:30.883156+09:00,rail-left-01,rail-right-01,0.6.7-draft,0.6.7-draft,mqtt,mqtt,136.68,115.55,6.472,6.558,-0.049,-0.051,0.148,0.023,10.573,9.851,-0.0655,0.0284,0.0368,0.0565,-0.0111,-0.0043,25.61,25.64,16442,18693,2.055,2.337,6.166,7.01,83,83,9,9,0,0,0,0,-0.32279815,-0.30045877,-0.32279815,-0.30045877,0.00980742,-0.01685134,0.00980742,-0.01685134,0.54708047,0.5359922,0.00017941,-0.00155628,0.00132246,-0.00391443,0.89535,0.89535,0.37340659,0.37287858,0,0,408.6,158.6,0.9268,1.1052,1,1,0
2026-09-28T21:58:30.866673+09:00,45238573,1729468b,2026-09-28T21:58:30.866673+09:00,2026-09-28T21:58:30.903158+09:00,rail-left-01,rail-right-01,0.6.7-draft,0.6.7-draft,mqtt,mqtt,137.82,116.49,6.465,6.562,-0.06,-0.011,0.124,-0.277,10.405,9.925,-0.0613,0.031,0.0425,0.0605,-0.0159,-0.0115,25.6,25.64,16424,18704,2.053,2.338,6.159,7.014,84,84,9,9,0,0,0,0,-0.3199191,-0.2903818,-0.3199191,-0.2903818,0.00859184,-0.02048414,0.00859184,-0.02048414,0.546335,0.53568917,-8.261e-05,-0.00147067,0.00074203,-0.00427886,0.89535,0.89535,0.37337109,0.37286415,0,0,409.7,159.7,0.9268,1.1052,1,1,0
2026-09-28T21:58:30.887623+09:00,45259523,1729468b,2026-09-28T21:58:30.887623+09:00,2026-09-28T21:58:30.924108+09:00,rail-left-01,rail-right-01,0.6.7-draft,0.6.7-draft,mqtt,mqtt,138.96,117.48,6.437,6.58,0.018,0.01,-0.074,-0.256,10.386,9.718,-0.0674,0.0317,0.043,0.0618,-0.0095,-0.008,25.61,25.67,16355,18742,2.044,2.343,6.133,7.028,85,85,9,9,0,0,0,0,-0.31880435,-0.27916468,-0.31880435,-0.27916468,0.00635351,-0.02442364,0.00635351,-0.02442364,0.54508917,0.5356606,-0.00043122,-0.00134884,-1.53e-06,-0.00465865,0.89535,0.89535,0.37331177,0.37286279,0,0,410.7,160.7,0.9268,1.1052,1,1,0
2026-09-28T21:58:30.907557+09:00,45279457,1729468b,2026-09-28T21:58:30.907557+09:00,2026-09-28T21:58:30.944041+09:00,rail-left-01,rail-right-01,0.6.7-draft,0.6.7-draft,mqtt,mqtt,140.06,118.38,6.431,6.586,-0.163,-0.151,0.045,-0.339,10.471,9.577,-0.0637,0.028,0.0389,0.0588,-0.0109,-0.0116,25.61,25.64,16339,18756,2.042,2.345,6.127,7.034,86,86,9,9,0,0,0,0,-0.31979617,-0.28133829,-0.31979617,-0.28133829,0.00405658,-0.02831094,0.00405658,-0.02831094,0.54382378,0.53571695,-0.0007184,-0.00123122,-0.00061516,-0.00498853,0.89535,0.89535,0.37325151,0.37286547,0,0,411.8,161.8,0.9268,1.1052,1,1,0
2026-09-28T21:58:30.926595+09:00,45298495,1729468b,2026-09-28T21:58:30.926595+09:00,2026-09-28T21:58:30.963079+09:00,rail-left-01,rail-right-01,0.6.7-draft,0.6.7-draft,mqtt,mqtt,141.15,119.27,6.42,6.599,0.085,0.105,-0.069,-0.499,10.254,9.554,-0.0682,0.0325,0.0414,0.0625,-0.0109,-0.0092,25.62,25.63,16313,18784,2.039,2.348,6.117,7.044,87,87,9,9,0,0,0,0,-0.32159283,-0.2635994,-0.32159283,-0.2635994,0.0015224,-0.03233947,0.0015224,-0.03233947,0.54244843,0.53594593,-0.00098533,-0.00110092,-0.00118318,-0.00531222,0.89535,0.89535,0.37318602,0.37287637,0,0,412.8,162.8,0.9268,1.1052,1,1,0
2026-09-28T21:58:30.946644+09:00,45318544,1729468b,2026-09-28T21:58:30.946644+09:00,2026-09-28T21:58:30.983129+09:00,rail-left-01,rail-right-01,0.6.7-draft,0.6.7-draft,mqtt,mqtt,142.24,120.22,6.412,6.611,-0.036,0.028,0.138,-0.202,10.29,9.679,-0.0624,0.035,0.0409,0.0573,-0.0125,-0.0083,25.62,25.64,16292,18812,2.037,2.352,6.11,7.055,88,88,9,9,0,0,0,0,-0.32458633,-0.25261987,-0.32458633,-0.25261987,-0.00111649,-0.03647176,-0.00111649,-0.03647176,0.54102845,0.53632075,-0.00122362,-0.00096295,-0.00169014,-0.00562579,0.89535,0.89535,0.3731184,0.37289422,0,0,413.8,163.8,0.9268,1.1052,1,1,0
2026-09-28T21:58:30.966681+09:00,45338581,1729468b,2026-09-28T21:58:30.966681+09:00,2026-09-28T21:58:31.003165+09:00,rail-left-01,rail-right-01,0.6.7-draft,0.6.7-draft,mqtt,mqtt,143.39,121.16,6.4,6.621,-0.022,-0.059,0.136,-0.412,10.427,9.756,-0.0641,0.0288,0.0397,0.0572,-0.0117,-0.0093,25.62,25.64,16263,18834,2.033,2.354,6.099,7.063,89,89,9,9,0,0,0,0,-0.32852749,-0.24854047,-0.32852749,-0.24854047,-0.00398718,-0.04064854,-0.00398718,-0.04064854,0.53949951,0.53680455,-0.00145548,-0.00082341,-0.00218157,-0.00592243,0.89535,0.89535,0.37304559,0.37291726,0,0,414.9,164.9,0.9268,1.1052,1,1,0
2026-09-28T21:58:30.986553+09:00,45358453,1729468b,2026-09-28T21:58:30.986553+09:00,2026-09-28T21:58:31.023037+09:00,rail-left-01,rail-right-01,0.6.7-draft,0.6.7-draft,mqtt,mqtt,144.48,122.11,6.401,6.632,0.026,0.067,0.171,-0.283,10.461,9.442,-0.0632,0.0345,0.0465,0.0606,-0.0129,-0.0077,25.58,25.64,16264,18859,2.033,2.357,6.099,7.072,90,90,9,9,0,0,0,0,-0.33322088,-0.23563391,-0.33322088,-0.23563391,-0.00663316,-0.04489149,-0.00663316,-0.04489149,0.53808917,0.53740167,-0.00163416,-0.00068097,-0.00256423,-0.00620859,0.89535,0.89535,0.37297843,0.37294569,0,0,415.9,165.9,0.9268,1.1052,1,1,0
2026-09-28T21:58:31.119705+09:00,45441497,1729468b,2026-09-28T21:58:31.119705+09:00,2026-09-28T21:58:31.220134+09:00,rail-left-01,rail-right-01,0.6.7-draft,0.6.7-draft,mqtt,mqtt,149.15,125.94,6.389,6.641,-0.061,-0.012,0.097,-0.37,10.5,9.926,-0.0604,0.0338,0.0392,0.0552,-0.0109,-0.0091,25.62,25.67,16235,18878,2.029,2.36,6.088,7.079,91,91,10,10,0,0,0,0,-0.23197418,-0.24675286,-0.23197418,-0.24675286,-0.04922015,-0.08558218,-0.04922015,-0.08558218,0.53782331,0.54010093,-0.00056299,-7.694e-05,-0.00647101,-0.00754829,0.89535,0.89535,0.37296577,0.37307423,0,0,420.2,170.2,0.9268,1.1052,1,1,0
2026-09-28T21:58:31.139806+09:00,45461598,1729468b,2026-09-28T21:58:31.139806+09:00,2026-09-28T21:58:31.240236+09:00,rail-left-01,rail-right-01,0.6.7-draft,0.6.7-draft,mqtt,mqtt,150.25,126.88,6.379,6.679,-0.08,-0.047,-0.049,-0.388,10.497,9.786,-0.065,0.0314,0.0418,0.0581,-0.0077,-0.0061,25.63,25.66,16210,18962,2.026,2.37,6.079,7.111,92,92,10,10,0,0,0,0,-0.22979407,-0.24807055,-0.22979407,-0.24807055,-0.05358078,-0.08990495,-0.05358078,-0.08990495,0.53810584,0.54043917,-0.00048032,-2.97e-05,-0.00671813,-0.00771326,0.89535,0.89535,0.37297923,0.37309034,0,0,421.2,171.2,0.9268,1.1052,1,1,0
2026-09-28T21:58:31.159814+09:00,45481606,1729468b,2026-09-28T21:58:31.159814+09:00,2026-09-28T21:58:31.260244+09:00,rail-left-01,rail-right-01,0.6.7-draft,0.6.7-draft,mqtt,mqtt,151.39,127.83,6.388,6.696,-0.028,-0.05,0.017,-0.128,10.314,9.673,-0.0649,0.0314,0.041,0.0584,-0.0095,-0.0055,25.59,25.65,16232,19000,2.029,2.375,6.087,7.125,93,93,10,10,0,0,0,0,-0.22879073,-0.24953195,-0.22879073,-0.24953195,-0.05752928,-0.09438536,-0.05752928,-0.09438536,0.53847987,0.54092502,-0.00039249,3.225e-05,-0.00688488,-0.00789106,0.89535,0.89535,0.37299704,0.37311347,0,0,422.3,172.3,0.9268,1.1052,1,1,0
2026-09-28T21:58:31.179770+09:00,45501562,1729468b,2026-09-28T21:58:31.179770+09:00,2026-09-28T21:58:31.280199+09:00,rail-left-01,rail-right-01,0.6.7-draft,0.6.7-draft,mqtt,mqtt,152.49,128.77,6.375,6.7,-0.087,0.004,0.087,-0.083,10.665,9.653,-0.0605,0.0313,0.0429,0.0564,-0.0117,-0.0097,25.63,25.65,16200,19008,2.025,2.376,6.075,7.128,94,94,10,10,0,0,0,0,-0.22901307,-0.24811176,-0.22901307,-0.24811176,-0.06159377,-0.0987739,-0.06159377,-0.0987739,0.53868917,0.54142991,-0.00033761,9.197e-05,-0.00705975,-0.00805035,0.89535,0.89535,0.373007,0.37313752,0,0,423.3,173.3,0.9268,1.1052,1,1,0
2026-09-28T21:58:31.200183+09:00,45521975,1729468b,2026-09-28T21:58:31.200183+09:00,2026-09-28T21:58:31.300612+09:00,rail-left-01,rail-right-01,0.6.7-draft,0.6.7-draft,mqtt,mqtt,153.63,129.71,6.379,6.716,0.006,0.073,0.044,-0.365,10.448,9.619,-0.0652,0.035,0.0418,0.0556,-0.01,-0.0025,25.62,25.64,16210,19044,2.026,2.381,6.079,7.142,95,95,10,10,0,0,0,0,-0.23011279,-0.2431878,-0.23011279,-0.2431878,-0.06538871,-0.10329377,-0.06538871,-0.10329377,0.53893361,0.5420619,-0.00028285,0.00016263,-0.00718658,-0.00821941,0.89535,0.89535,0.37301864,0.37316761,0,0,424.3,174.3,0.9268,1.1052,1,1,0
2026-09-28T21:58:31.220245+09:00,45542037,1729468b,2026-09-28T21:58:31.220245+09:00,2026-09-28T21:58:31.320675+09:00,rail-left-01,rail-right-01,0.6.7-draft,0.6.7-draft,mqtt,mqtt,154.77,130.66,6.393,6.726,-0.146,-0.097,0.281,-0.364,10.347,9.832,-0.0673,0.0322,0.0417,0.0562,-0.0101,-0.0041,25.63,25.65,16246,19066,2.031,2.383,6.092,7.15,96,96,10,10,0,0,0,0,-0.23235183,-0.24696992,-0.23235183,-0.24696992,-0.06871432,-0.10783078,-0.06871432,-0.10783078,0.5393196,0.5427606,-0.00021324,0.00023642,-0.00724304,-0.00838421,0.89535,0.89535,0.37303702,0.37320088,0,0,425.4,175.4,0.9268,1.1052,1,1,0
2026-09-28T21:58:31.239875+09:00,45561667,1729468b,2026-09-28T21:58:31.239875+09:00,2026-09-28T21:58:31.340305+09:00,rail-left-01,rail-right-01,0.6.7-draft,0.6.7-draft,mqtt,mqtt,155.87,131.55,6.391,6.74,0.026,-0.012,0.209,-0.159,10.466,9.761,-0.0648,0.033,0.0404,0.0581,-0.0077,-0.0084,25.61,25.63,16240,19097,2.03,2.387,6.09,7.161,97,97,10,10,0,0,0,0,-0.23517553,-0.24644444,-0.23517553,-0.24644444,-0.07194096,-0.11245421,-0.07194096,-0.11245421,0.53966789,0.54355759,-0.00015452,0.00031671,-0.00728701,-0.00855333,0.89535,0.89535,0.37305361,0.37323883,0,0,426.4,176.4,0.9268,1.1052,1,1,0
2026-09-28T21:58:31.259805+09:00,45581597,1729468b,2026-09-28T21:58:31.259805+09:00,2026-09-28T21:58:31.360235+09:00,rail-left-01,rail-right-01,0.6.7-draft,0.6.7-draft,mqtt,mqtt,156.96,132.5,6.396,6.753,-0.004,0.013,-0.037,-0.332,10.43,9.725,-0.0618,0.032,0.0398,0.0569,-0.008,-0.0085,25.61,25.63,16252,19126,2.032,2.391,6.095,7.172,98,98,10,10,0,0,0,0,-0.23859345,-0.24472674,-0.23859345,-0.24472674,-0.07492899,-0.11714235,-0.07492899,-0.11714235,0.54005375,0.54443917,-9.548e-05,0.00040169,-0.00730121,-0.00872384,0.89535,0.89535,0.37307198,0.37328081,0,0,427.4,177.4,0.9268,1.1052,1,1,0
2026-09-28T21:58:31.279755+09:00,45601547,1729468b,2026-09-28T21:58:31.279755+09:00,2026-09-28T21:58:31.380185+09:00,rail-left-01,rail-right-01,0.6.7-draft,0.6.7-draft,mqtt,mqtt,158.1,133.39,6.379,6.753,-0.03,-0.078,0.105,-0.099,10.436,9.869,-0.0642,0.0336,0.0466,0.059,-0.0077,-0.0065,25.61,25.64,16210,19127,2.026,2.391,6.079,7.173,99,99,10,10,0,0,0,0,-0.24267812,-0.24737372,-0.24267812,-0.24737372,-0.078142,-0.12167158,-0.078142,-0.12167158,0.54025039,0.54529086,-6.523e-05,0.00047858,-0.00734771,-0.0088716,0.89535,0.89535,0.37308135,0.37332137,0,0,428.5,178.5,0.9268,1.1052,1,1,0
2026-09-28T21:58:31.299844+09:00,45621636,1729468b,2026-09-28T21:58:31.299844+09:00,2026-09-28T21:58:31.400273+09:00,rail-left-01,rail-right-01,0.6.7-draft,0.6.7-draft,mqtt,mqtt,159.2,134.34,6.348,6.77,-0.065,-0.096,0.183,-0.363,10.568,9.755,-0.0618,0.0312,0.0412,0.0548,-0.0091,-0.0088,25.63,25.64,16132,19165,2.016,2.396,6.049,7.187,100,100,10,10,0,0,0,0,-0.24738251,-0.25081568,-0.24738251,-0.25081568,-0.08184649,-0.12633316,-0.08184649,-0.12633316,0.54012917,0.54625584,-7.738e-05,0.00056353,-0.00745746,-0.00902929,0.89535,0.89535,0.37307558,0.37336732,0,0,429.5,179.5,0.9268,1.1052,1,1,0
2026-09-28T21:58:31.493991+09:00,45826476,1729468b,2026-09-28T21:58:31.493991+09:00,2026-09-28T21:58:31.536937+09:00,rail-left-01,rail-right-01,0.6.7-draft,0.6.7-draft,mqtt,mqtt,170.68,143.88,6.354,6.776,-0.096,0.047,-0.03,-0.25,10.39,9.701,-0.0636,0.0314,0.0365,0.0582,-0.0036,-0.0091,25.61,25.64,16148,19177,2.019,2.397,6.056,7.191,101,101,11,11,0,0,0,0,-0.84544465,-0.92794906,-0.84544465,-0.92794906,-0.39536649,-0.27954831,-0.39536649,-0.27954831,0.60618917,0.66464371,0.0,0.00219633,0.0,0.00331903,0.58335,0.80935,0.36671153,0.36936855,0,0,440.1,190.1,0.9268,1.1052,1,1,0
2026-09-28T21:58:31.514089+09:00,45846574,1729468b,2026-09-28T21:58:31.514089+09:00,2026-09-28T21:58:31.557035+09:00,rail-left-01,rail-right-01,0.6.7-draft,0.6.7-draft,mqtt,mqtt,171.78,144.83,6.486,6.738,-0.193,-0.114,0.277,-0.037,10.444,9.747,-0.0596,0.0376,0.057,0.0486,-0.0115,0.0007,25.59,25.64,16476,19094,2.059,2.387,6.179,7.16,102,102,11,11,0,0,0,0,-0.87588896,-0.89357625,-0.87588896,-0.89357625,-0.32936649,-0.27786649,-0.32936649,-0.27786649,0.63918917,0.6627725,0.12,0.00013713,0.24,0.00313662,0.63735,0.80935,0.36821153,0.3692835,0,0,441.2,191.2,0.9268,1.1052,1,1,0
2026-09-28T21:58:31.534026+09:00,45866511,1729468b,2026-09-28T21:58:31.534026+09:00,2026-09-28T21:58:31.576972+09:00,rail-left-01,rail-right-01,0.6.7-draft,0.6.7-draft,mqtt,mqtt,172.92,145.77,6.469,6.729,0.01,0.029,0.102,-0.485,10.411,9.653,-0.058,0.033,0.0424,0.0558,-0.0133,-0.0076,25.59,25.62,16433,19073,2.054,2.384,6.162,7.152,103,103,11,11,0,0,0,0,-0.8953715,-0.83337635,-0.8953715,-0.83337635,-0.31303316,-0.27575111,-0.31303316,-0.27575111,0.64735584,0.66084301,0.05093793,-0.00087853,0.10187586,0.00335595,0.63735,0.80935,0.36858274,0.3691958,0,0,442.2,192.2,0.9268,1.1052,1,1,0
2026-09-28T21:58:31.554125+09:00,45886610,1729468b,2026-09-28T21:58:31.554125+09:00,2026-09-28T21:58:31.597071+09:00,rail-left-01,rail-right-01,0.6.7-draft,0.6.7-draft,mqtt,mqtt,174.01,146.72,6.441,6.702,-0.129,0.065,-0.092,-0.223,10.616,9.929,-0.0711,0.0345,0.03,0.0416,-0.0069,-0.0025,25.59,25.64,16365,19013,2.046,2.377,6.137,7.13,104,104,11,11,0,0,0,0,-0.91393477,-0.77445099,-0.91393477,-0.77445099,-0.31186649,-0.27200935,-0.31186649,-0.27200935,0.64793917,0.65822488,0.02188553,-0.00181582,0.04377106,0.00425046,0.80935,0.80935,0.36860926,0.36907679,0,0,443.2,193.2,0.9268,1.1052,1,1,0
2026-09-28T21:58:31.573994+09:00,45906479,1729468b,2026-09-28T21:58:31.573994+09:00,2026-09-28T21:58:31.616940+09:00,rail-left-01,rail-right-01,0.6.7-draft,0.6.7-draft,mqtt,mqtt,175.16,147.61,6.487,6.667,-0.12,-0.084,0.129,-0.353,10.289,9.463,-0.0707,0.026,0.038,0.053,-0.0079,-0.0103,25.61,25.64,16479,18935,2.06,2.367,6.18,7.101,105,105,11,11,0,0,0,0,-0.93254119,-0.75193027,-0.93254119,-0.75193027,-0.30196649,-0.26643316,-0.30196649,-0.26643316,0.65288917,0.65478917,0.01971986,-0.00280359,0.03943972,0.00562744,0.80935,0.80935,0.36883426,0.36892062,0,0,444.3,194.3,0.9268,1.1052,1,1,0
2026-09-28T21:58:31.593972+09:00,45926457,1729468b,2026-09-28T21:58:31.593972+09:00,2026-09-28T21:58:31.636918+09:00,rail-left-01,rail-right-01,0.6.7-draft,0.6.7-draft,mqtt,mqtt,176.25,148.56,6.516,6.645,-0.068,0.006,0.18,-0.178,10.337,9.707,-0.0669,0.0241,0.0306,0.0466,-0.0065,-0.0032,25.61,25.65,16550,18886,2.069,2.361,6.206,7.082,106,106,11,11,0,0,0,0,-0.94932521,-0.71593173,-0.94932521,-0.71593173,-0.29053316,-0.26017899,-0.29053316,-0.26017899,0.65860584,0.65109542,0.02006884,-0.00366593,0.04013768,0.00695627,0.80935,0.80935,0.36909411,0.36875272,0,0,445.3,195.3,0.9268,1.1052,1,1,0
2026-09-28T21:58:31.614057+09:00,45946543,1729468b,2026-09-28T21:58:31.614057+09:00,2026-09-28T21:58:31.657004+09:00,rail-left-01,rail-right-01,0.6.7-draft,0.6.7-draft,mqtt,mqtt,177.39,149.5,6.519,6.616,-0.142,-0.062,0.083,-0.364,10.475,9.736,-0.0645,0.0248,0.0376,0.0516,-0.0072,-0.0057,25.59,25.64,16559,18822,2.07,2.353,6.21,7.058,107,107,11,11,0,0,0,0,-0.96663413,-0.69548879,-0.96663413,-0.69548879,-0.28193792,-0.25295473,-0.28193792,-0.25295473,0.66290345,0.64698329,0.01828523,-0.00451194,0.03657045,0.00837472,0.80935,0.80935,0.36928945,0.36856581,0,0,446.4,196.4,0.9268,1.1052,1,1,0
2026-09-28T21:58:31.634007+09:00,45966492,1729468b,2026-09-28T21:58:31.634007+09:00,2026-09-28T21:58:31.676953+09:00,rail-left-01,rail-right-01,0.6.7-draft,0.6.7-draft,mqtt,mqtt,178.49,150.45,6.505,6.572,-0.005,0.056,0.073,-0.199,10.519,9.755,-0.063,0.0298,0.0438,0.0582,-0.0072,-0.0064,25.59,25.64,16523,18725,2.065,2.341,6.196,7.022,108,108,11,11,0,0,0,0,-0.98262421,-0.65873802,-0.98262421,-0.65873802,-0.27724149,-0.24408871,-0.27724149,-0.24408871,0.66525167,0.64210584,0.01500625,-0.00546651,0.03001251,0.01008937,0.80935,0.80935,0.36939619,0.36834411,0,0,447.4,197.4,0.9268,1.1052,1,1,0
2026-09-28T21:58:31.654056+09:00,45986542,1729468b,2026-09-28T21:58:31.654056+09:00,2026-09-28T21:58:31.697003+09:00,rail-left-01,rail-right-01,0.6.7-draft,0.6.7-draft,mqtt,mqtt,179.63,151.39,6.481,6.577,-0.098,-0.038,-0.091,-0.239,10.499,9.541,-0.0622,0.0308,0.0441,0.0544,-0.0087,-0.0028,25.62,25.64,16464,18737,2.058,2.342,6.174,7.026,109,109,11,11,0,0,0,0,-0.99879155,-0.6400316,-0.99879155,-0.6400316,-0.27625538,-0.23641912,-0.27625538,-0.23641912,0.66574472,0.63787338,0.01101362,-0.00610757,0.02202724,0.0112311,0.80935,0.80935,0.3694186,0.36815172,0,0,448.4,198.4,0.9268,1.1052,1,1,0
2026-09-28T21:58:31.674297+09:00,46006782,1729468b,2026-09-28T21:58:31.674297+09:00,2026-09-28T21:58:31.717243+09:00,rail-left-01,rail-right-01,0.6.7-draft,0.6.7-draft,mqtt,mqtt,180.73,152.34,6.458,6.564,-0.068,0.037,0.163,-0.359,10.482,9.671,-0.0637,0.032,0.0464,0.0574,-0.0087,-0.0035,25.62,25.63,16408,18707,2.051,2.338,6.153,7.015,110,110,11,11,0,0,0,0,-1.01478246,-0.61243673,-1.01478246,-0.61243673,-0.27776649,-0.22886649,-0.27776649,-0.22886649,0.66498917,0.63373917,0.00727981,-0.00665342,0.01455962,0.01222089,0.80935,0.80935,0.36938426,0.3679638,0,0,449.5,199.5,0.9268,1.1052,1,1,0
2026-09-28T21:58:31.772507+09:00,46137649,1729468b,2026-09-28T21:58:31.772507+09:00,2026-09-28T21:58:31.863126+09:00,rail-left-01,rail-right-01,0.6.7-draft,0.6.7-draft,mqtt,mqtt,188.08,158.45,6.44,6.558,-0.017,0.018,0.104,-0.153,10.532,9.99,-0.0678,0.0328,0.0573,0.0545,-0.0055,-0.0051,25.62,25.66,16362,18695,2.045,2.337,6.136,7.011,111,111,12,12,0,0,0,0,-0.59918179,-0.58291402,-0.59918179,-0.58291402,-0.2228903,-0.20023746,-0.2228903,-0.20023746,0.62957012,0.59452788,-0.006954,-0.0074706,0.01217517,0.00760991,0.80935,0.87535,0.3677743,0.36618147,0,0,456.3,206.3,0.9268,1.1052,1,1,0
2026-09-28T21:58:31.792492+09:00,46157634,1729468b,2026-09-28T21:58:31.792492+09:00,2026-09-28T21:58:31.883111+09:00,rail-left-01,rail-right-01,0.6.7-draft,0.6.7-draft,mqtt,mqtt,189.18,159.4,6.359,6.526,0.074,0.136,0.04,-0.302,10.461,9.726,-0.0665,0.032,0.0703,0.0549,-0.0044,-0.0013,25.62,25.66,16160,18623,2.02,2.328,6.06,6.984,112,112,12,12,0,0,0,0,-0.58919188,-0.5670668,-0.58919188,-0.5670668,-0.22113922,-0.19714774,-0.22113922,-0.19714774,0.62393917,0.59186104,-0.00768504,-0.00732706,0.01087714,0.00754483,0.80935,0.87535,0.36751835,0.36606025,0,0,457.3,207.3,0.9268,1.1052,1,1,0
2026-09-28T21:58:31.812435+09:00,46177577,1729468b,2026-09-28T21:58:31.812435+09:00,2026-09-28T21:58:31.903054+09:00,rail-left-01,rail-right-01,0.6.7-draft,0.6.7-draft,mqtt,mqtt,190.32,160.34,6.332,6.526,-0.289,-0.158,0.122,-0.255,10.617,9.594,-0.071,0.0297,0.0505,0.0512,-0.0057,-0.0049,25.61,25.65,16094,18623,2.012,2.328,6.035,6.984,113,113,12,12,0,0,0,0,-0.58320217,-0.57736792,-0.58320217,-0.57736792,-0.22071432,-0.19424528,-0.22071432,-0.19424528,0.61821091,0.58935584,-0.00831782,-0.00719091,0.00953853,0.00747078,0.81035,0.87535,0.36725797,0.36594638,0,0,458.3,208.3,0.9268,1.1052,1,1,0
2026-09-28T21:58:31.832562+09:00,46197704,1729468b,2026-09-28T21:58:31.832562+09:00,2026-09-28T21:58:31.923181+09:00,rail-left-01,rail-right-01,0.6.7-draft,0.6.7-draft,mqtt,mqtt,191.42,161.24,6.344,6.526,-0.023,0.018,0.256,-0.244,10.359,9.741,-0.0689,0.0345,0.0396,0.0476,-0.0075,-0.0015,25.6,25.67,16123,18624,2.015,2.328,6.046,6.984,114,114,12,12,0,0,0,0,-0.5791594,-0.57235074,-0.5791594,-0.57235074,-0.21982483,-0.19151355,-0.21982483,-0.19151355,0.61321,0.58699799,-0.00866451,-0.00706169,0.00862968,0.00739135,0.81035,0.87535,0.36703066,0.3658392,0,0,459.4,209.4,0.9268,1.1052,1,1,0
2026-09-28T21:58:31.852438+09:00,46217580,1729468b,2026-09-28T21:58:31.852438+09:00,2026-09-28T21:58:31.943057+09:00,rail-left-01,rail-right-01,0.6.7-draft,0.6.7-draft,mqtt,mqtt,192.56,162.18,6.395,6.519,-0.166,-0.043,0.141,-0.324,10.374,9.588,-0.0701,0.0305,0.04,0.054,-0.0072,-0.0047,25.6,25.65,16250,18607,2.031,2.326,6.094,6.978,115,115,12,12,0,0,0,0,-0.57739402,-0.57263402,-0.57739402,-0.57263402,-0.21696649,-0.18873792,-0.21696649,-0.18873792,0.60962917,0.58467488,-0.00861967,-0.00695577,0.00840564,0.00734434,0.81035,0.87535,0.36686789,0.36573361,0,0,460.4,210.4,0.9268,1.1052,1,1,0
2026-09-28T21:58:31.873005+09:00,46238147,1729468b,2026-09-28T21:58:31.873005+09:00,2026-09-28T21:58:31.963624+09:00,rail-left-01,rail-right-01,0.6.7-draft,0.6.7-draft,mqtt,mqtt,193.7,163.13,6.407,6.514,0.012,0.072,-0.038,-0.255,10.464,9.649,-0.0669,0.0336,0.037,0.0514,-0.0057,0.0,25.6,25.67,16281,18597,2.035,2.325,6.105,6.974,116,116,12,12,0,0,0,0,-0.57679429,-0.56385113,-0.57679429,-0.56385113,-0.21386649,-0.1859776,-0.21386649,-0.1859776,0.60655455,0.58241139,-0.00848396,-0.00686303,0.00829773,0.00731244,0.81035,0.87535,0.36672814,0.36563072,0,0,461.5,211.5,0.9268,1.1052,1,1,0
2026-09-28T21:58:31.892539+09:00,46257681,1729468b,2026-09-28T21:58:31.892539+09:00,2026-09-28T21:58:31.983158+09:00,rail-left-01,rail-right-01,0.6.7-draft,0.6.7-draft,mqtt,mqtt,194.8,164.07,6.417,6.503,-0.11,-0.038,0.101,-0.121,10.382,9.744,-0.0693,0.034,0.0328,0.0532,-0.0071,-0.0043,25.61,25.66,16304,18572,2.038,2.322,6.114,6.965,117,117,12,12,0,0,0,0,-0.57754631,-0.56384962,-0.57754631,-0.56384962,-0.21062575,-0.1830692,-0.21062575,-0.1830692,0.60389287,0.5801216,-0.00829442,-0.00679505,0.00825823,0.00732054,0.81035,0.87535,0.36660715,0.36552664,0,0,462.5,212.5,0.9268,1.1052,1,1,0
2026-09-28T21:58:31.912484+09:00,46277626,1729468b,2026-09-28T21:58:31.912484+09:00,2026-09-28T21:58:32.003103+09:00,rail-left-01,rail-right-01,0.6.7-draft,0.6.7-draft,mqtt,mqtt,195.89,164.97,6.423,6.492,-0.128,-0.107,0.056,-0.315,10.472,9.716,-0.0717,0.0306,0.0683,0.0501,0.0088,-0.0065,25.62,25.65,16320,18547,2.04,2.318,6.12,6.955,118,118,12,12,0,0,0,0,-0.58024789,-0.56896822,-0.58024789,-0.56896822,-0.20740221,-0.18002439,-0.20740221,-0.18002439,0.60152845,0.57780759,-0.00808271,-0.00674767,0.00823813,0.00736114,0.81035,0.87535,0.36649968,0.36542146,0,0,463.5,213.5,0.9268,1.1052,1,1,0
2026-09-28T21:58:31.932437+09:00,46297579,1729468b,2026-09-28T21:58:31.932437+09:00,2026-09-28T21:58:32.023056+09:00,rail-left-01,rail-right-01,0.6.7-draft,0.6.7-draft,mqtt,mqtt,197.03,165.91,6.416,6.488,0.045,0.119,-0.029,-0.085,10.402,9.808,-0.0678,0.0334,0.0633,0.052,0.002,-0.0044,25.62,25.64,16302,18538,2.038,2.317,6.113,6.952,119,119,12,12,0,0,0,0,-0.58387689,-0.55753406,-0.58387689,-0.55753406,-0.20464235,-0.17703316,-0.20464235,-0.17703316,0.59920641,0.57556096,-0.00790118,-0.00670197,0.0081363,0.00739839,0.81035,0.87535,0.36639413,0.36531934,0,0,464.6,214.6,0.9268,1.1052,1,1,0
2026-09-28T21:58:31.952486+09:00,46317628,1729468b,2026-09-28T21:58:31.952486+09:00,2026-09-28T21:58:32.043105+09:00,rail-left-01,rail-right-01,0.6.7-draft,0.6.7-draft,mqtt,mqtt,198.13,166.85,6.404,6.486,-0.163,-0.056,-0.037,-0.449,10.682,9.759,-0.0715,0.0341,0.0572,0.0518,0.0003,-0.0055,25.62,25.64,16272,18535,2.034,2.317,6.102,6.951,120,120,12,12,0,0,0,0,-0.58894834,-0.55894146,-0.58894834,-0.55894146,-0.20246649,-0.17414149,-0.20246649,-0.17414149,0.59683917,0.57340167,-0.00776225,-0.00665382,0.00793966,0.00742495,0.87535,0.87535,0.36628653,0.36522119,0,0,465.6,215.6,0.9268,1.1052,1,1,0
2026-09-28T21:58:32.139611+09:00,46462437,1729468b,2026-09-28T21:58:32.139611+09:00,2026-09-28T21:58:32.218675+09:00,rail-left-01,rail-right-01,0.6.7-draft,0.6.7-draft,mqtt,mqtt,206.28,173.62,6.406,6.488,-0.05,-0.005,0.315,-0.257,10.494,9.776,-0.0685,0.0317,0.055,0.0557,-0.0016,-0.0081,25.62,25.65,16278,18538,2.035,2.317,6.104,6.952,121,121,13,13,0,0,0,0,-0.56835605,-0.6542785,-0.56835605,-0.6542785,-0.1713421,-0.1478959,-0.1713421,-0.1478959,0.5713721,0.55623819,-0.00647635,-0.0050966,0.00732566,0.00641952,0.87535,0.87535,0.36512894,0.36444103,0,0,473.1,223.1,0.9268,1.1052,1,1,0
2026-09-28T21:58:32.159717+09:00,46482543,1729468b,2026-09-28T21:58:32.159717+09:00,2026-09-28T21:58:32.238782+09:00,rail-left-01,rail-right-01,0.6.7-draft,0.6.7-draft,mqtt,mqtt,207.37,174.56,6.437,6.448,-0.074,0.011,-0.01,-0.183,10.525,9.661,-0.0687,0.0329,0.0526,0.0524,-0.0024,-0.0049,25.63,25.65,16355,18451,2.044,2.306,6.133,6.919,122,122,13,13,0,0,0,0,-0.57816698,-0.64285108,-0.57816698,-0.64285108,-0.16793792,-0.14575111,-0.16793792,-0.14575111,0.56980822,0.5544584,-0.00624946,-0.0050339,0.00735616,0.00632688,0.87535,0.87535,0.36505785,0.36436013,0,0,474.1,224.1,0.9268,1.1052,1,1,0
2026-09-28T21:58:32.179700+09:00,46502526,1729468b,2026-09-28T21:58:32.179700+09:00,2026-09-28T21:58:32.258765+09:00,rail-left-01,rail-right-01,0.6.7-draft,0.6.7-draft,mqtt,mqtt,208.52,175.46,6.433,6.449,-0.211,-0.023,0.081,-0.387,10.397,9.877,-0.0657,0.0336,0.0469,0.0576,-0.0036,-0.0075,25.59,25.67,16344,18453,2.043,2.307,6.129,6.92,123,123,13,13,0,0,0,0,-0.58858717,-0.63365771,-0.58858717,-0.63365771,-0.1647851,-0.14370611,-0.1647851,-0.14370611,0.56827056,0.55275521,-0.00605231,-0.00497243,0.00734968,0.00623664,0.87535,0.87535,0.36498796,0.36428271,0,0,475.2,225.2,0.9268,1.1052,1,1,0
2026-09-28T21:58:32.199658+09:00,46522484,1729468b,2026-09-28T21:58:32.199658+09:00,2026-09-28T21:58:32.278723+09:00,rail-left-01,rail-right-01,0.6.7-draft,0.6.7-draft,mqtt,mqtt,209.61,176.4,6.422,6.454,-0.086,0.016,0.099,-0.348,10.568,9.673,-0.0667,0.0288,0.0445,0.0602,-0.0047,-0.0125,25.61,25.65,16318,18463,2.04,2.308,6.119,6.924,124,124,13,13,0,0,0,0,-0.59919096,-0.6227701,-0.59919096,-0.6227701,-0.16202558,-0.14182946,-0.16202558,-0.14182946,0.5666778,0.55116139,-0.00589303,-0.00490691,0.00728922,0.00613845,0.87535,0.87535,0.36491556,0.36421027,0,0,476.2,226.2,0.9268,1.1052,1,1,0
2026-09-28T21:58:32.219947+09:00,46542773,1729468b,2026-09-28T21:58:32.219947+09:00,2026-09-28T21:58:32.299012+09:00,rail-left-01,rail-right-01,0.6.7-draft,0.6.7-draft,mqtt,mqtt,210.76,177.35,6.421,6.455,-0.138,-0.007,0.113,-0.257,10.461,9.705,-0.0644,0.0336,0.0393,0.0533,-0.0057,-0.0036,25.59,25.66,16315,18465,2.039,2.308,6.118,6.924,125,125,13,13,0,0,0,0,-0.61001626,-0.61347031,-0.61001626,-0.61347031,-0.15941094,-0.14003922,-0.15941094,-0.14003922,0.56514472,0.54963462,-0.00574642,-0.00484267,0.00721945,0.00604293,0.87535,0.87535,0.36484587,0.36414087,0,0,477.3,227.3,0.9268,1.1052,1,1,0
2026-09-28T21:58:32.240140+09:00,46562966,1729468b,2026-09-28T21:58:32.240140+09:00,2026-09-28T21:58:32.319205+09:00,rail-left-01,rail-right-01,0.6.7-draft,0.6.7-draft,mqtt,mqtt,211.9,178.29,6.423,6.456,-0.14,-0.018,0.005,-0.279,10.532,9.676,-0.0665,0.0334,0.0328,0.0644,-0.0089,-0.0119,25.59,25.65,16320,18468,2.04,2.309,6.12,6.925,126,126,13,13,0,0,0,0,-0.62094381,-0.60506681,-0.62094381,-0.60506681,-0.15686649,-0.13833078,-0.15686649,-0.13833078,0.56370004,0.54817131,-0.00560575,-0.00477965,0.00715224,0.00594987,0.87535,0.87535,0.36478021,0.36407435,0,0,478.3,228.3,0.9268,1.1052,1,1,0
2026-09-28T21:58:32.259754+09:00,46582580,1729468b,2026-09-28T21:58:32.259754+09:00,2026-09-28T21:58:32.338819+09:00,rail-left-01,rail-right-01,0.6.7-draft,0.6.7-draft,mqtt,mqtt,212.99,179.23,6.422,6.467,-0.116,-0.05,0.126,-0.267,10.463,9.631,-0.0661,0.0349,0.043,0.056,-0.0091,-0.0048,25.63,25.66,16317,18492,2.04,2.312,6.119,6.935,127,127,13,13,0,0,0,0,-0.63199469,-0.59857162,-0.63199469,-0.59857162,-0.1544516,-0.13687526,-0.1544516,-0.13687526,0.56230619,0.54685584,-0.00547557,-0.0047073,0.00707866,0.00583808,0.87535,0.87535,0.36471685,0.36401456,0,0,479.4,229.4,0.9268,1.1052,1,1,0
2026-09-28T21:58:32.279721+09:00,46602547,1729468b,2026-09-28T21:58:32.279721+09:00,2026-09-28T21:58:32.358786+09:00,rail-left-01,rail-right-01,0.6.7-draft,0.6.7-draft,mqtt,mqtt,214.14,180.18,6.4,6.461,-0.079,0.03,-0.086,-0.206,10.427,9.779,-0.0669,0.0346,0.0388,0.0582,-0.0104,-0.0088,25.59,25.63,16263,18478,2.033,2.31,6.099,6.929,128,128,13,13,0,0,0,0,-0.6430176,-0.58834945,-0.6430176,-0.58834945,-0.15259566,-0.13536649,-0.15259566,-0.13536649,0.56074125,0.545534,-0.00538463,-0.00464405,0.00693748,0.00574446,0.87535,0.87535,0.36464572,0.36395448,0,0,480.4,230.4,0.9268,1.1052,1,1,0
2026-09-28T21:58:32.299684+09:00,46622510,1729468b,2026-09-28T21:58:32.299684+09:00,2026-09-28T21:58:32.378749+09:00,rail-left-01,rail-right-01,0.6.7-draft,0.6.7-draft,mqtt,mqtt,215.23,181.07,6.398,6.468,-0.249,0.016,-0.081,-0.253,10.471,9.602,-0.0666,0.0324,0.0321,0.0601,-0.0113,-0.008,25.6,25.64,16258,18495,2.032,2.312,6.097,6.936,129,129,13,13,0,0,0,0,-0.65429925,-0.57915522,-0.65429925,-0.57915522,-0.15085629,-0.13402751,-0.15085629,-0.13402751,0.55921978,0.54431629,-0.00529921,-0.00457656,0.00679709,0.00564203,0.87535,0.87535,0.36457656,0.36389913,0,0,481.4,231.4,0.9268,1.1052,1,1,0
2026-09-28T21:58:32.319744+09:00,46642570,1729468b,2026-09-28T21:58:32.319744+09:00,2026-09-28T21:58:32.398809+09:00,rail-left-01,rail-right-01,0.6.7-draft,0.6.7-draft,mqtt,mqtt,216.37,182.02,6.391,6.469,-0.032,0.025,0.095,-0.146,10.375,9.729,-0.0628,0.0305,0.026,0.0601,-0.0123,-0.0077,25.6,25.66,16239,18496,2.03,2.312,6.09,6.936,130,130,13,13,0,0,0,0,-0.66526001,-0.56983512,-0.66526001,-0.56983512,-0.14932649,-0.13274983,-0.14932649,-0.13274983,0.55768917,0.5431475,-0.00522487,-0.00451068,0.00664364,0.00554273,0.87535,0.87535,0.36450698,0.363846,0,0,482.5,232.5,0.9268,1.1052,1,1,0
2026-09-28T21:58:32.493287+09:00,46821448,1729468b,2026-09-28T21:58:32.493287+09:00,2026-09-28T21:58:32.532658+09:00,rail-left-01,rail-right-01,0.6.7-draft,0.6.7-draft,mqtt,mqtt,226.42,190.47,6.375,6.465,-0.154,-0.086,-0.147,-0.376,10.454,9.692,-0.0637,0.0337,0.041,0.0564,-0.0135,-0.0057,25.6,25.66,16201,18487,2.025,2.311,6.075,6.933,131,131,14,14,0,0,0,0,-0.482291,-0.69547949,-0.482291,-0.69547949,-0.07336649,-0.08382104,-0.07336649,-0.08382104,0.46618917,0.46059826,0.0,-0.00385194,0.0,-0.00697507,0.64735,0.72535,0.42492086,0.42464132,0,0,491.8,241.8,0.9268,1.1052,1,1,0
2026-09-28T21:58:32.513444+09:00,46841604,1729468b,2026-09-28T21:58:32.513444+09:00,2026-09-28T21:58:32.552814+09:00,rail-left-01,rail-right-01,0.6.7-draft,0.6.7-draft,mqtt,mqtt,227.56,191.42,6.374,6.532,-0.095,0.013,0.098,-0.206,10.417,9.722,-0.0669,0.0325,0.0302,0.0576,-0.0127,-0.0061,25.61,25.67,16198,18637,2.025,2.33,6.074,6.989,132,132,14,14,0,0,0,0,-0.50186454,-0.66930279,-0.50186454,-0.66930279,-0.07386649,-0.09144983,-0.07386649,-0.09144983,0.46593917,0.46206417,-0.00087719,-0.00142311,-0.00175439,-0.00954032,0.64735,0.72535,0.42490836,0.42471461,0,0,492.9,242.9,0.9268,1.1052,1,1,0
2026-09-28T21:58:32.533321+09:00,46861482,1729468b,2026-09-28T21:58:32.533321+09:00,2026-09-28T21:58:32.572692+09:00,rail-left-01,rail-right-01,0.6.7-draft,0.6.7-draft,mqtt,mqtt,228.65,192.36,6.399,6.538,-0.181,-0.107,0.253,-0.207,10.4,9.633,-0.0682,0.0324,0.0637,0.0532,-0.0016,-0.0053,25.61,25.65,16259,18650,2.032,2.331,6.097,6.994,133,133,14,14,0,0,0,0,-0.53000371,-0.67366846,-0.53000371,-0.67366846,-0.06569983,-0.09836649,-0.06569983,-0.09836649,0.4700225,0.46353532,0.0106734,-0.00025587,0.02134681,-0.01067621,0.64735,0.72535,0.42511253,0.42478817,0,0,493.9,243.9,0.9268,1.1052,1,1,0
2026-09-28T21:58:32.553293+09:00,46881453,1729468b,2026-09-28T21:58:32.553293+09:00,2026-09-28T21:58:32.592663+09:00,rail-left-01,rail-right-01,0.6.7-draft,0.6.7-draft,mqtt,mqtt,229.8,193.3,6.391,6.554,-0.115,0.072,-0.03,-0.267,10.436,9.615,-0.0648,0.0313,0.0532,0.053,-0.0021,-0.0057,25.64,25.65,16239,18685,2.03,2.336,6.09,7.007,134,134,14,14,0,0,0,0,-0.5564824,-0.64087713,-0.5564824,-0.64087713,-0.06361649,-0.10543792,-0.06361649,-0.10543792,0.47106417,0.46536774,0.00644556,0.00063065,0.01289113,-0.01163889,0.64735,0.72535,0.42516461,0.42487979,0,0,494.9,244.9,0.9268,1.1052,1,1,0
2026-09-28T21:58:32.573546+09:00,46901706,1729468b,2026-09-28T21:58:32.573546+09:00,2026-09-28T21:58:32.612916+09:00,rail-left-01,rail-right-01,0.6.7-draft,0.6.7-draft,mqtt,mqtt,230.89,194.25,6.387,6.562,-0.089,0.026,0.116,-0.346,10.519,9.608,-0.0687,0.0353,0.0602,0.0598,-0.0027,-0.0072,25.6,25.62,16231,18703,2.029,2.338,6.087,7.014,135,135,14,14,0,0,0,0,-0.58224476,-0.62124023,-0.58224476,-0.62124023,-0.06316649,-0.11209983,-0.06316649,-0.11209983,0.47128917,0.4672225,0.00365244,0.00126982,0.00730489,-0.01229128,0.71235,0.72535,0.42517586,0.42497253,0,0,495.9,245.9,0.9268,1.1052,1,1,0
2026-09-28T21:58:32.593551+09:00,46921711,1729468b,2026-09-28T21:58:32.593551+09:00,2026-09-28T21:58:32.632921+09:00,rail-left-01,rail-right-01,0.6.7-draft,0.6.7-draft,mqtt,mqtt,232.04,195.19,6.378,6.579,-0.135,-0.022,-0.083,-0.183,10.353,9.67,-0.0675,0.0317,0.0498,0.0588,-0.0069,-0.0091,25.61,25.65,16208,18741,2.026,2.343,6.078,7.028,136,136,14,14,0,0,0,0,-0.60713142,-0.61255078,-0.60713142,-0.61255078,-0.06436649,-0.11899149,-0.06436649,-0.11899149,0.47068917,0.46937667,0.00115465,0.00187424,0.00230931,-0.01298113,0.71235,0.72535,0.42514586,0.42508024,0,0,497.0,247.0,0.9268,1.1052,1,1,0
2026-09-28T21:58:32.613325+09:00,46941485,1729468b,2026-09-28T21:58:32.613325+09:00,2026-09-28T21:58:32.652695+09:00,rail-left-01,rail-right-01,0.6.7-draft,0.6.7-draft,mqtt,mqtt,233.13,196.09,6.369,6.589,-0.124,-0.014,0.207,-0.278,10.479,9.742,-0.0683,0.0336,0.0518,0.0604,-0.0059,-0.0049,25.62,25.64,16186,18763,2.023,2.345,6.07,7.036,137,137,14,14,0,0,0,0,-0.63116833,-0.6034444,-0.63116833,-0.6034444,-0.06650935,-0.12566061,-0.06650935,-0.12566061,0.46961774,0.47157152,-0.000707,0.00237953,-0.00141401,-0.013546,0.71235,0.72535,0.42509229,0.42518998,0,0,498.0,248.0,0.9268,1.1052,1,1,0
2026-09-28T21:58:32.633363+09:00,46961523,1729468b,2026-09-28T21:58:32.633363+09:00,2026-09-28T21:58:32.672733+09:00,rail-left-01,rail-right-01,0.6.7-draft,0.6.7-draft,mqtt,mqtt,234.27,197.03,6.335,6.608,-0.153,-0.05,0.095,-0.253,10.49,9.64,-0.0698,0.0341,0.0477,0.0588,-0.0068,-0.0083,25.61,25.68,16100,18805,2.013,2.351,6.038,7.052,138,138,14,14,0,0,0,0,-0.65464564,-0.60119404,-0.65464564,-0.60119404,-0.07236649,-0.13264427,-0.07236649,-0.13264427,0.46668917,0.47405028,-0.00396287,0.00289945,-0.00792575,-0.01418622,0.71235,0.72535,0.42494586,0.42531392,0,0,499.1,249.1,0.9268,1.1052,1,1,0
2026-09-28T21:58:32.653498+09:00,46981658,1729468b,2026-09-28T21:58:32.653498+09:00,2026-09-28T21:58:32.692868+09:00,rail-left-01,rail-right-01,0.6.7-draft,0.6.7-draft,mqtt,mqtt,235.42,198.03,6.326,6.61,-0.13,-0.066,0.025,-0.09,10.532,9.571,-0.0682,0.0356,0.0457,0.0589,-0.0095,-0.0063,25.62,25.66,16078,18809,2.01,2.351,6.029,7.053,139,139,14,14,0,0,0,0,-0.67717865,-0.60169737,-0.67717865,-0.60169737,-0.07792205,-0.13899807,-0.07792205,-0.13899807,0.46391139,0.47632075,-0.00574734,0.00328439,-0.01149468,-0.01458567,0.72535,0.72535,0.42480697,0.42542744,0,0,500.1,250.1,0.9268,1.1052,1,1,0
2026-09-28T21:58:32.673534+09:00,47001694,1729468b,2026-09-28T21:58:32.673534+09:00,2026-09-28T21:58:32.712904+09:00,rail-left-01,rail-right-01,0.6.7-draft,0.6.7-draft,mqtt,mqtt,236.51,198.97,6.336,6.622,-0.147,0.02,-0.101,-0.176,10.41,9.725,-0.0666,0.0322,0.0374,0.0564,-0.014,-0.0089,25.6,25.65,16104,18837,2.013,2.355,6.039,7.064,140,140,14,14,0,0,0,0,-0.69861953,-0.5896817,-0.69861953,-0.5896817,-0.08136649,-0.14531649,-0.08136649,-0.14531649,0.46218917,0.47866417,-0.00585676,0.00364727,-0.01171352,-0.01497004,0.72535,0.72535,0.42472086,0.42554461,0,0,501.2,251.2,0.9268,1.1052,1,1,0
2026-09-28T21:58:32.802990+09:00,47133422,1729468b,2026-09-28T21:58:32.802990+09:00,2026-09-28T21:58:32.886544+09:00,rail-left-01,rail-right-01,0.6.7-draft,0.6.7-draft,mqtt,mqtt,243.92,205.14,6.342,6.631,-0.105,-0.007,0.101,-0.183,10.364,9.724,-0.0606,0.0374,0.0161,0.0508,-0.0035,0.0003,25.61,25.66,16119,18857,2.015,2.357,6.045,7.071,141,141,15,15,0,0,0,0,-0.58781581,-0.62554932,-0.58781581,-0.62554932,-0.15074744,-0.12768907,-0.15074744,-0.12768907,0.48092726,0.52486659,0.00383053,0.00824067,-0.01424886,-0.00051188,0.72535,0.78435,0.42565777,0.42785473,0,0,508.0,258.0,0.9268,1.1052,1,1,0
2026-09-28T21:58:32.823107+09:00,47153539,1729468b,2026-09-28T21:58:32.823107+09:00,2026-09-28T21:58:32.906661+09:00,rail-left-01,rail-right-01,0.6.7-draft,0.6.7-draft,mqtt,mqtt,245.06,206.08,6.436,6.637,-0.254,0.023,-0.221,-0.284,10.483,9.91,-0.059,0.0321,0.0241,0.0533,-0.0148,-0.0103,25.59,25.65,16353,18869,2.044,2.359,6.132,7.076,142,142,15,15,0,0,0,0,-0.5883453,-0.62074913,-0.5883453,-0.62074913,-0.15141195,-0.12617899,-0.15141195,-0.12617899,0.48512099,0.52818917,0.00464284,0.00816701,-0.01219828,-0.00011959,0.72535,0.78435,0.42586745,0.42802086,0,0,509.1,259.1,0.9268,1.1052,1,1,0
2026-09-28T21:58:32.843118+09:00,47173550,1729468b,2026-09-28T21:58:32.843118+09:00,2026-09-28T21:58:32.926672+09:00,rail-left-01,rail-right-01,0.6.7-draft,0.6.7-draft,mqtt,mqtt,246.16,207.03,6.481,6.634,-0.146,-0.061,0.36,-0.34,10.282,9.797,-0.0634,0.032,0.0165,0.0576,-0.0107,-0.0023,25.61,25.67,16464,18863,2.058,2.358,6.174,7.074,143,143,15,15,0,0,0,0,-0.59017659,-0.62355319,-0.59017659,-0.62355319,-0.15006214,-0.12466952,-0.15006214,-0.12466952,0.4899283,0.53126493,0.00547619,0.00807386,-0.0100764,0.00021186,0.72535,0.78435,0.42610782,0.42817465,0,0,510.1,260.1,0.9268,1.1052,1,1,0
2026-09-28T21:58:32.863060+09:00,47193492,1729468b,2026-09-28T21:58:32.863060+09:00,2026-09-28T21:58:32.946614+09:00,rail-left-01,rail-right-01,0.6.7-draft,0.6.7-draft,mqtt,mqtt,247.3,207.97,6.518,6.636,-0.078,0.019,-0.201,-0.207,10.432,9.628,-0.063,0.0297,0.0226,0.0608,-0.0096,-0.0075,25.6,25.64,16555,18867,2.069,2.358,6.208,7.075,144,144,15,15,0,0,0,0,-0.59291958,-0.619627,-0.59291958,-0.619627,-0.14728316,-0.12330767,-0.14728316,-0.12330767,0.49510584,0.53418917,0.00626652,0.00798189,-0.00802143,0.00046787,0.72535,0.78435,0.4263667,0.42832086,0,0,511.2,261.2,0.9268,1.1052,1,1,0
2026-09-28T21:58:32.883287+09:00,47213719,1729468b,2026-09-28T21:58:32.883287+09:00,2026-09-28T21:58:32.966841+09:00,rail-left-01,rail-right-01,0.6.7-draft,0.6.7-draft,mqtt,mqtt,248.44,208.92,6.526,6.628,-0.126,0.006,0.01,-0.061,10.355,9.779,-0.0625,0.0309,0.0317,0.0584,-0.0104,-0.0051,25.61,25.66,16575,18850,2.072,2.356,6.216,7.069,145,145,15,15,0,0,0,0,-0.5968559,-0.61687665,-0.5968559,-0.61687665,-0.14440649,-0.12179506,-0.14440649,-0.12179506,0.50002917,0.53683203,0.0068664,0.0078635,-0.00633934,0.00072123,0.72535,0.78435,0.42661286,0.42845301,0,0,512.2,262.2,0.9268,1.1052,1,1,0
2026-09-28T21:58:32.903370+09:00,47233802,1729468b,2026-09-28T21:58:32.903370+09:00,2026-09-28T21:58:32.986924+09:00,rail-left-01,rail-right-01,0.6.7-draft,0.6.7-draft,mqtt,mqtt,249.54,209.86,6.545,6.634,-0.113,-0.014,0.065,-0.4,10.393,9.586,-0.0629,0.0278,0.0316,0.0549,-0.0103,-0.0057,25.61,25.67,16624,18862,2.078,2.358,6.234,7.073,146,146,15,15,0,0,0,0,-0.60172813,-0.61601511,-0.60172813,-0.61601511,-0.14102034,-0.12053316,-0.14102034,-0.12053316,0.50493917,0.53941139,0.00738471,0.00776122,-0.00482359,0.00090018,0.72535,0.78435,0.42685836,0.42858197,0,0,513.2,263.2,0.9268,1.1052,1,1,0
2026-09-28T21:58:32.923135+09:00,47253567,1729468b,2026-09-28T21:58:32.923135+09:00,2026-09-28T21:58:33.006689+09:00,rail-left-01,rail-right-01,0.6.7-draft,0.6.7-draft,mqtt,mqtt,250.68,210.81,6.561,6.632,-0.181,-0.02,-0.008,-0.4,10.449,9.673,-0.0652,0.026,0.0309,0.0542,-0.0092,-0.006,25.6,25.66,16663,18858,2.083,2.357,6.249,7.072,147,147,15,15,0,0,0,0,-0.60762559,-0.61559504,-0.60762559,-0.61559504,-0.13729242,-0.11928541,-0.13729242,-0.11928541,0.50978176,0.5418243,0.0078276,0.0076525,-0.00346036,0.00105872,0.72535,0.78435,0.42710049,0.42870262,0,0,514.3,264.3,0.9268,1.1052,1,1,0
2026-09-28T21:58:32.943104+09:00,47273536,1729468b,2026-09-28T21:58:32.943104+09:00,2026-09-28T21:58:33.026658+09:00,rail-left-01,rail-right-01,0.6.7-draft,0.6.7-draft,mqtt,mqtt,251.82,211.75,6.558,6.618,-0.008,0.043,0.271,-0.13,10.306,9.679,-0.0661,0.0336,0.0329,0.0612,-0.008,-0.0045,25.6,25.64,16655,18828,2.082,2.354,6.246,7.061,148,148,15,15,0,0,0,0,-0.61376544,-0.61045341,-0.61376544,-0.61045341,-0.13393792,-0.11773491,-0.13393792,-0.11773491,0.51422488,0.54392601,0.0081343,0.00751222,-0.00237418,0.00125451,0.72535,0.78435,0.42732265,0.42880771,0,0,515.3,265.3,0.9268,1.1052,1,1,0
2026-09-28T21:58:32.963044+09:00,47293476,1729468b,2026-09-28T21:58:32.963044+09:00,2026-09-28T21:58:33.046598+09:00,rail-left-01,rail-right-01,0.6.7-draft,0.6.7-draft,mqtt,mqtt,252.92,212.69,6.531,6.601,-0.129,-0.056,0.093,-0.283,10.591,9.535,-0.0682,0.033,0.0228,0.0514,-0.0093,-0.0037,25.62,25.67,16588,18789,2.074,2.349,6.221,7.046,149,149,15,15,0,0,0,0,-0.62035772,-0.61296176,-0.62035772,-0.61296176,-0.1317458,-0.11582803,-0.1317458,-0.11582803,0.51789607,0.54570199,0.00824688,0.00734058,-0.00168651,0.00149246,0.78435,0.78435,0.42750621,0.4288965,0,0,516.4,266.4,0.9268,1.1052,1,1,0
2026-09-28T21:58:32.983239+09:00,47313671,1729468b,2026-09-28T21:58:32.983239+09:00,2026-09-28T21:58:33.066793+09:00,rail-left-01,rail-right-01,0.6.7-draft,0.6.7-draft,mqtt,mqtt,254.06,213.64,6.537,6.563,-0.19,-0.041,0.095,-0.275,10.364,9.641,-0.0645,0.027,0.0286,0.0548,-0.0125,-0.008,25.58,25.67,16604,18705,2.076,2.338,6.227,7.014,150,150,15,15,0,0,0,0,-0.62767186,-0.614177,-0.62767186,-0.614177,-0.12949983,-0.11306649,-0.12949983,-0.11306649,0.5214225,0.54691417,0.00832764,0.00710138,-0.00106979,0.00184868,0.78435,0.78435,0.42768253,0.42895711,0,0,517.4,267.4,0.9268,1.1052,1,1,0
2026-09-28T21:58:33.162036+09:00,47485457,1729468b,2026-09-28T21:58:33.162036+09:00,2026-09-28T21:58:33.242591+09:00,rail-left-01,rail-right-01,0.6.7-draft,0.6.7-draft,mqtt,mqtt,263.81,221.79,6.533,6.547,-0.189,-0.095,-0.017,-0.467,10.447,9.825,-0.0665,0.0322,0.0338,0.0557,-0.0128,-0.0089,25.57,25.66,16593,18670,2.074,2.334,6.222,7.001,151,151,16,16,0,0,0,0,-0.62345038,-0.69958253,-0.62345038,-0.69958253,-0.11053722,-0.08983708,-0.11053722,-0.08983708,0.54801844,0.55679701,0.00666587,0.0042702,0.00217449,0.0034131,0.78435,1.02135,0.42901233,0.42945126,0,0,526.5,276.5,0.9268,1.1052,1,1,0
2026-09-28T21:58:33.182200+09:00,47505621,1729468b,2026-09-28T21:58:33.182200+09:00,2026-09-28T21:58:33.262755+09:00,rail-left-01,rail-right-01,0.6.7-draft,0.6.7-draft,mqtt,mqtt,264.95,222.74,6.514,6.328,-0.119,0.043,0.048,-0.225,10.828,9.912,-0.0747,0.0328,0.0163,0.0564,-0.0139,-0.0061,25.59,25.65,16546,18183,2.068,2.273,6.205,6.819,152,152,16,16,0,0,0,0,-0.63271772,-0.68818318,-0.63271772,-0.68818318,-0.10858078,-0.08444342,-0.10858078,-0.08444342,0.54884393,0.55488148,0.00625219,0.00370992,0.0023512,0.00396289,1.02135,1.02135,0.4290536,0.42935548,0,0,527.5,277.5,0.9268,1.1052,1,1,0
2026-09-28T21:58:33.202132+09:00,47525553,1729468b,2026-09-28T21:58:33.202132+09:00,2026-09-28T21:58:33.282687+09:00,rail-left-01,rail-right-01,0.6.7-draft,0.6.7-draft,mqtt,mqtt,266.09,223.68,6.542,6.326,-0.187,-0.13,0.248,-0.256,10.404,9.754,-0.0743,0.0308,0.0172,0.0562,-0.0101,-0.0015,25.59,25.63,16616,18180,2.077,2.273,6.231,6.818,153,153,16,16,0,0,0,0,-0.64215163,-0.6864764,-0.64215163,-0.6864764,-0.10606417,-0.07921555,-0.10606417,-0.07921555,0.54995661,0.55301936,0.0059523,0.00322158,0.00260612,0.00443544,1.02135,1.02135,0.42910924,0.42926237,0,0,528.6,278.6,0.9268,1.1052,1,1,0
2026-09-28T21:58:33.222197+09:00,47545618,1729468b,2026-09-28T21:58:33.222197+09:00,2026-09-28T21:58:33.302752+09:00,rail-left-01,rail-right-01,0.6.7-draft,0.6.7-draft,mqtt,mqtt,267.19,224.63,6.57,6.315,-0.013,-0.023,-0.012,-0.174,10.403,9.877,-0.0689,0.0304,0.0059,0.0604,-0.0083,-0.0027,25.61,25.66,16686,18155,2.086,2.269,6.257,6.808,154,154,16,16,0,0,0,0,-0.65114397,-0.67918684,-0.65114397,-0.67918684,-0.10302558,-0.0739776,-0.10302558,-0.0739776,0.5513369,0.55112435,0.00574186,0.00278112,0.00292042,0.00486678,1.02135,1.02135,0.42917825,0.42916762,0,0,529.6,279.6,0.9268,1.1052,1,1,0
2026-09-28T21:58:33.242275+09:00,47565696,1729468b,2026-09-28T21:58:33.242275+09:00,2026-09-28T21:58:33.322830+09:00,rail-left-01,rail-right-01,0.6.7-draft,0.6.7-draft,mqtt,mqtt,268.33,225.62,6.573,6.32,0.02,0.083,0.031,-0.378,10.472,9.708,-0.0694,0.036,0.0129,0.0596,-0.0077,0.0029,25.6,25.65,16693,18167,2.087,2.271,6.26,6.813,155,155,16,16,0,0,0,0,-0.65972956,-0.66673474,-0.65972956,-0.66673474,-0.10005538,-0.06902104,-0.10005538,-0.06902104,0.55268917,0.54934371,0.00555719,0.00239871,0.00319157,0.00522664,1.02135,1.02135,0.42924586,0.42907859,0,0,530.6,280.6,0.9268,1.1052,1,1,0
2026-09-28T21:58:33.262471+09:00,47585892,1729468b,2026-09-28T21:58:33.262471+09:00,2026-09-28T21:58:33.343026+09:00,rail-left-01,rail-right-01,0.6.7-draft,0.6.7-draft,mqtt,mqtt,269.47,226.57,6.559,6.327,-0.084,-0.031,0.172,-0.128,10.445,9.645,-0.067,0.0334,0.0341,0.0626,-0.0092,-0.0055,25.58,25.67,16659,18182,2.082,2.273,6.247,6.818,156,156,16,16,0,0,0,0,-0.6684419,-0.31900283,-0.6684419,-0.31900283,-0.09751867,0.19163351,-0.09751867,0.19163351,0.55383047,0.45668917,0.0053652,0.0,0.00337065,0.0,1.02135,0.66435,0.42930293,0.47627578,0,0,531.7,281.7,0.9268,1.1052,1,1,0
2026-09-28T21:58:33.282076+09:00,47605497,1729468b,2026-09-28T21:58:33.282076+09:00,2026-09-28T21:58:33.362631+09:00,rail-left-01,rail-right-01,0.6.7-draft,0.6.7-draft,mqtt,mqtt,270.62,227.51,6.547,6.339,-0.083,0.01,0.045,-0.256,10.363,9.604,-0.0661,0.0332,0.0338,0.0604,-0.0089,-0.0059,25.62,25.67,16628,18209,2.079,2.276,6.236,6.828,157,157,16,16,0,0,0,0,-0.67723608,-0.26082105,-0.67723608,-0.26082105,-0.09534522,0.18563351,-0.09534522,0.18563351,0.55479555,0.45968917,0.00517087,0.01276596,0.00348114,-0.02553191,1.02135,0.66435,0.42935118,0.47642578,0,0,532.8,282.8,0.9268,1.1052,1,1,0
2026-09-28T21:58:33.302064+09:00,47625485,1729468b,2026-09-28T21:58:33.302064+09:00,2026-09-28T21:58:33.382619+09:00,rail-left-01,rail-right-01,0.6.7-draft,0.6.7-draft,mqtt,mqtt,271.71,228.46,6.529,6.338,-0.087,-0.059,-0.028,-0.271,10.405,9.716,-0.0683,0.0304,0.0281,0.057,-0.0079,-0.0069,25.62,25.66,16583,18206,2.073,2.276,6.219,6.827,158,158,16,16,0,0,0,0,-0.68604145,-0.30633031,-0.68604145,-0.30633031,-0.09363733,0.18396684,-0.09363733,0.18396684,0.55553292,0.4605225,0.00496691,0.00580792,0.00351758,-0.01161584,1.02135,0.66435,0.42938805,0.47646745,0,0,533.8,283.8,0.9268,1.1052,1,1,0
2026-09-28T21:58:33.322203+09:00,47645624,1729468b,2026-09-28T21:58:33.322203+09:00,2026-09-28T21:58:33.402758+09:00,rail-left-01,rail-right-01,0.6.7-draft,0.6.7-draft,mqtt,mqtt,272.85,229.4,6.528,6.338,-0.037,0.067,0.087,-0.285,10.408,9.621,-0.0649,0.0246,0.0344,0.056,-0.0108,-0.0092,25.61,25.66,16580,18205,2.072,2.276,6.217,6.827,159,159,16,16,0,0,0,0,-0.69480404,-0.23972858,-0.69480404,-0.23972858,-0.09201955,0.18313351,-0.09201955,0.18313351,0.55622998,0.46093917,0.00477905,0.00338667,0.00354092,-0.00677335,1.02135,0.66435,0.4294229,0.47648828,0,0,534.8,284.8,0.9268,1.1052,1,1,0
2026-09-28T21:58:33.342064+09:00,47665485,1729468b,2026-09-28T21:58:33.342064+09:00,2026-09-28T21:58:33.422619+09:00,rail-left-01,rail-right-01,0.6.7-draft,0.6.7-draft,mqtt,mqtt,274.0,230.34,6.498,6.31,-0.081,-0.041,-0.048,-0.286,10.471,9.616,-0.0678,0.024,0.0373,0.0558,-0.0079,-0.0068,25.63,25.65,16506,18144,2.063,2.268,6.19,6.804,160,160,16,16,0,0,0,0,-0.70363744,-0.26138011,-0.70363744,-0.26138011,-0.09106649,0.18823351,-0.09106649,0.18823351,0.55659917,0.45838917,0.00456572,-0.00370559,0.00347479,0.00741117,1.02135,0.66435,0.42944136,0.47636078,0,0,535.9,285.9,0.9268,1.1052,1,1,0
2026-09-28T21:58:33.509982+09:00,47841444,1729468b,2026-09-28T21:58:33.509982+09:00,2026-09-28T21:58:33.549944+09:00,rail-left-01,rail-right-01,0.6.7-draft,0.6.7-draft,mqtt,mqtt,283.99,238.7,6.485,6.283,-0.011,0.011,-0.051,-0.51,10.411,9.638,-0.0653,0.0292,0.0394,0.0588,-0.0072,-0.0067,25.6,25.65,16473,18083,2.059,2.26,6.177,6.781,161,161,17,17,0,0,0,0,-0.32460454,-0.61119134,-0.32460454,-0.61119134,0.18946684,0.10894601,0.18946684,0.10894601,0.45560584,0.40303292,-0.00287568,-0.00879487,0.00168017,-0.01254362,0.66435,0.83035,0.47622162,0.47359297,0,0,545.2,295.2,0.9268,1.1052,1,1,0
2026-09-28T21:58:33.530118+09:00,47861580,1729468b,2026-09-28T21:58:33.530118+09:00,2026-09-28T21:58:33.570081+09:00,rail-left-01,rail-right-01,0.6.7-draft,0.6.7-draft,mqtt,mqtt,285.13,239.64,6.408,6.297,-0.093,0.036,-0.145,-0.271,10.412,9.48,-0.065,0.0344,0.0448,0.0605,-0.0104,-0.0065,25.61,25.64,16283,18115,2.035,2.264,6.106,6.793,162,162,17,17,0,0,0,0,-0.37631069,-0.59306233,-0.37631069,-0.59306233,0.17934779,0.10433939,0.17934779,0.10433939,0.44811774,0.39968917,-0.00587195,-0.00826078,-0.0048865,-0.01172605,0.66435,0.83035,0.47584721,0.47342578,0,0,546.2,296.2,0.9268,1.1052,1,1,0
2026-09-28T21:58:33.550163+09:00,47881625,1729468b,2026-09-28T21:58:33.550163+09:00,2026-09-28T21:58:33.590126+09:00,rail-left-01,rail-right-01,0.6.7-draft,0.6.7-draft,mqtt,mqtt,286.28,240.59,6.369,6.314,-0.066,-0.029,0.128,-0.336,10.637,9.626,-0.0657,0.0349,0.041,0.059,-0.0081,-0.0045,25.6,25.65,16184,18152,2.023,2.269,6.069,6.807,163,163,17,17,0,0,0,0,-0.41992148,-0.58707316,-0.41992148,-0.58707316,0.16688351,0.09930017,0.16688351,0.09930017,0.44006417,0.39718917,-0.00774867,-0.00771041,-0.00904767,-0.01139889,0.83035,0.83035,0.47544453,0.47330078,0,0,547.3,297.3,0.9268,1.1052,1,1,0
2026-09-28T21:58:33.570137+09:00,47901599,1729468b,2026-09-28T21:58:33.570137+09:00,2026-09-28T21:58:33.610099+09:00,rail-left-01,rail-right-01,0.6.7-draft,0.6.7-draft,mqtt,mqtt,287.42,241.53,6.368,6.322,-0.102,-0.04,0.338,-0.083,10.394,9.623,-0.0646,0.0309,0.0402,0.0572,-0.0088,-0.0064,25.6,25.67,16182,18171,2.023,2.271,6.068,6.814,164,164,17,17,0,0,0,0,-0.45836247,-0.5833613,-0.45836247,-0.5833613,0.15707795,0.09437035,0.15707795,0.09437035,0.43374472,0.39516285,-0.00846646,-0.00722238,-0.01083619,-0.01121345,0.83035,0.83035,0.47512856,0.47319947,0,0,548.3,298.3,0.9268,1.1052,1,1,0
2026-09-28T21:58:33.590025+09:00,47921487,1729468b,2026-09-28T21:58:33.590025+09:00,2026-09-28T21:58:33.629987+09:00,rail-left-01,rail-right-01,0.6.7-draft,0.6.7-draft,mqtt,mqtt,288.56,242.48,6.348,6.334,-0.071,0.0,0.309,-0.348,10.394,9.659,-0.0677,0.0317,0.043,0.0605,-0.0073,-0.0091,25.61,25.68,16134,18198,2.017,2.275,6.05,6.824,165,165,17,17,0,0,0,0,-0.49282596,-0.57430861,-0.49282596,-0.57430861,0.14723351,0.08933351,0.14723351,0.08933351,0.42768917,0.39363917,-0.00905745,-0.00674922,-0.01234211,-0.01116549,0.83035,0.83035,0.47482578,0.47312328,0,0,549.4,299.4,0.9268,1.1052,1,1,0
2026-09-28T21:58:33.610009+09:00,47941471,1729468b,2026-09-28T21:58:33.610009+09:00,2026-09-28T21:58:33.649971+09:00,rail-left-01,rail-right-01,0.6.7-draft,0.6.7-draft,mqtt,mqtt,289.66,243.42,6.355,6.348,-0.053,0.005,-0.072,-0.168,10.33,9.559,-0.064,0.0298,0.0377,0.0569,-0.006,-0.0068,25.59,25.66,16150,18227,2.019,2.278,6.056,6.835,166,166,17,17,0,0,0,0,-0.52384045,-0.5655354,-0.52384045,-0.5655354,0.13981533,0.0841097,0.13981533,0.0841097,0.4230528,0.39259393,-0.00916778,-0.00627788,-0.01286226,-0.0112303,0.83035,0.83035,0.47459397,0.47307102,0,0,550.4,300.4,0.9268,1.1052,1,1,0
2026-09-28T21:58:33.630151+09:00,47961613,1729468b,2026-09-28T21:58:33.630151+09:00,2026-09-28T21:58:33.670114+09:00,rail-left-01,rail-right-01,0.6.7-draft,0.6.7-draft,mqtt,mqtt,290.8,244.37,6.346,6.35,-0.092,-0.023,0.108,-0.17,10.507,9.874,-0.0661,0.0309,0.0373,0.0609,-0.0103,-0.0053,25.6,25.68,16128,18232,2.016,2.279,6.048,6.837,167,167,17,17,0,0,0,0,-0.55252001,-0.56085425,-0.55252001,-0.56085425,0.13288351,0.07926987,0.13288351,0.07926987,0.41881417,0.39168917,-0.0092224,-0.00587266,-0.01325654,-0.01124549,0.83035,0.83035,0.47438203,0.47302578,0,0,551.5,301.5,0.9268,1.1052,1,1,0
2026-09-28T21:58:33.650162+09:00,47981624,1729468b,2026-09-28T21:58:33.650162+09:00,2026-09-28T21:58:33.690125+09:00,rail-left-01,rail-right-01,0.6.7-draft,0.6.7-draft,mqtt,mqtt,291.95,245.31,6.338,6.368,-0.031,0.02,0.193,-0.259,10.465,9.889,-0.0622,0.0308,0.0357,0.0597,-0.0104,-0.0068,25.6,25.66,16107,18272,2.013,2.284,6.04,6.852,168,168,17,17,0,0,0,0,-0.57870572,-0.55132838,-0.57870572,-0.55132838,0.12640274,0.07406829,0.12640274,0.07406829,0.41491994,0.39125439,-0.00922948,-0.00544029,-0.01354317,-0.01137915,0.83035,0.83035,0.47418732,0.47300405,0,0,552.5,302.5,0.9268,1.1052,1,1,0
2026-09-28T21:58:33.670159+09:00,48001621,1729468b,2026-09-28T21:58:33.670159+09:00,2026-09-28T21:58:33.710121+09:00,rail-left-01,rail-right-01,0.6.7-draft,0.6.7-draft,mqtt,mqtt,293.09,246.25,6.327,6.375,-0.085,-0.002,0.126,-0.315,10.637,9.703,-0.0636,0.033,0.038,0.058,-0.0104,-0.006,25.58,25.65,16081,18289,2.01,2.286,6.03,6.858,169,169,17,17,0,0,0,0,-0.6033676,-0.54531836,-0.6033676,-0.54531836,0.12006208,0.06900851,0.12006208,0.06900851,0.41118917,0.39100167,-0.00923985,-0.00503891,-0.01382327,-0.01150127,0.83035,0.83035,0.47400078,0.47299141,0,0,553.6,303.6,0.9268,1.1052,1,1,0
2026-09-28T21:58:33.690718+09:00,48022180,1729468b,2026-09-28T21:58:33.690718+09:00,2026-09-28T21:58:33.730680+09:00,rail-left-01,rail-right-01,0.6.7-draft,0.6.7-draft,mqtt,mqtt,294.28,247.25,6.307,6.379,-0.142,-0.083,0.059,-0.13,10.564,9.773,-0.0617,0.0302,0.0368,0.0581,-0.0087,-0.0057,25.6,25.67,16031,18296,2.004,2.287,6.012,6.861,170,170,17,17,0,0,0,0,-0.62716879,-0.54886045,-0.62716879,-0.54886045,0.11323351,0.06419351,0.11323351,0.06419351,0.40728917,0.39084917,-0.00933797,-0.00467274,-0.01426933,-0.01158689,0.83035,0.83035,0.47380578,0.47298378,0,0,554.7,304.7,0.9268,1.1052,1,1,0
2026-09-28T21:58:33.788812+09:00,48155459,1729468b,2026-09-28T21:58:33.788812+09:00,2026-09-28T21:58:33.825882+09:00,rail-left-01,rail-right-01,0.6.7-draft,0.6.7-draft,mqtt,mqtt,301.84,253.51,6.307,6.378,-0.278,-0.227,0.08,-0.283,10.848,9.742,-0.0674,0.032,0.0324,0.0533,-0.0091,-0.0023,25.61,25.64,16032,18295,2.004,2.287,6.012,6.861,171,171,18,18,0,0,0,0,-0.56263551,-0.68995769,-0.56263551,-0.68995769,0.05974889,0.00796684,0.05974889,0.00796684,0.3907084,0.37924472,-0.00411621,-0.00315227,-0.01124829,-0.01131912,1.04135,1.04135,0.47297675,0.47240356,0,0,561.7,311.7,0.9268,1.1052,1,1,0
2026-09-28T21:58:33.808956+09:00,48175604,1729468b,2026-09-28T21:58:33.808956+09:00,2026-09-28T21:58:33.846027+09:00,rail-left-01,rail-right-01,0.6.7-draft,0.6.7-draft,mqtt,mqtt,302.98,254.46,6.23,6.422,0.115,0.148,0.153,-0.124,10.248,9.975,-0.0663,0.0322,0.034,0.0566,-0.0099,-0.0025,25.61,25.67,15840,18392,1.98,2.299,5.94,6.897,172,172,18,18,0,0,0,0,-0.57585013,-0.66207029,-0.57585013,-0.66207029,0.05278166,0.00360648,0.05278166,0.00360648,0.38915213,0.37924322,-0.00401473,-0.00289867,-0.01161066,-0.01118063,1.04135,1.04135,0.47289893,0.47240349,0,0,562.8,312.8,0.9268,1.1052,1,1,0
2026-09-28T21:58:33.828936+09:00,48195584,1729468b,2026-09-28T21:58:33.828936+09:00,2026-09-28T21:58:33.866007+09:00,rail-left-01,rail-right-01,0.6.7-draft,0.6.7-draft,mqtt,mqtt,304.13,255.4,6.239,6.445,-0.145,-0.171,-0.124,-0.342,10.482,9.571,-0.065,0.0333,0.0426,0.0606,-0.0079,-0.0045,25.63,25.66,15862,18443,1.983,2.305,5.948,6.916,173,173,18,18,0,0,0,0,-0.58972359,-0.65946745,-0.58972359,-0.65946745,0.04663351,-0.00112965,0.04663351,-0.00112965,0.38786774,0.37954443,-0.00388271,-0.00263127,-0.01176655,-0.0111446,1.04135,1.04135,0.47283471,0.47241855,0,0,563.8,313.8,0.9268,1.1052,1,1,0
2026-09-28T21:58:33.848867+09:00,48215515,1729468b,2026-09-28T21:58:33.848867+09:00,2026-09-28T21:58:33.885938+09:00,rail-left-01,rail-right-01,0.6.7-draft,0.6.7-draft,mqtt,mqtt,305.27,256.35,6.223,6.454,0.063,0.159,0.116,-0.33,10.476,9.665,-0.0622,0.0318,0.0393,0.0562,-0.01,-0.0005,25.59,25.66,15821,18464,1.978,2.308,5.933,6.924,174,174,18,18,0,0,0,0,-0.60328457,-0.63285449,-0.60328457,-0.63285449,0.04035765,-0.00585367,0.04035765,-0.00585367,0.38639607,0.37994558,-0.00382022,-0.00238278,-0.01195649,-0.01112969,1.04135,1.04135,0.47276113,0.4724386,0,0,564.9,314.9,0.9268,1.1052,1,1,0
2026-09-28T21:58:33.869146+09:00,48235794,1729468b,2026-09-28T21:58:33.869146+09:00,2026-09-28T21:58:33.906217+09:00,rail-left-01,rail-right-01,0.6.7-draft,0.6.7-draft,mqtt,mqtt,306.41,257.34,6.211,6.467,-0.208,-0.163,-0.129,-0.354,10.369,9.561,-0.0629,0.0321,0.0426,0.0577,-0.008,0.0,25.6,25.67,15792,18493,1.974,2.312,5.922,6.935,175,175,18,18,0,0,0,0,-0.6176138,-0.63054723,-0.6176138,-0.63054723,0.03410017,-0.01066649,0.03410017,-0.01066649,0.3848225,0.38048917,-0.00379532,-0.0021416,-0.0121436,-0.01114612,1.04135,1.04135,0.47268245,0.47246578,0,0,565.9,315.9,0.9268,1.1052,1,1,0
2026-09-28T21:58:33.889127+09:00,48255775,1729468b,2026-09-28T21:58:33.889127+09:00,2026-09-28T21:58:33.926198+09:00,rail-left-01,rail-right-01,0.6.7-draft,0.6.7-draft,mqtt,mqtt,307.56,258.29,6.213,6.47,-0.005,0.095,-0.011,-0.345,10.39,9.623,-0.0666,0.0326,0.0368,0.053,-0.0068,0.0047,25.59,25.67,15797,18499,1.975,2.312,5.924,6.937,176,176,18,18,0,0,0,0,-0.63173285,-0.61036938,-0.63173285,-0.61036938,0.02831093,-0.01531771,0.02831093,-0.01531771,0.38338272,0.38104283,-0.00375541,-0.00192557,-0.01224125,-0.01115181,1.04135,1.04135,0.47261046,0.47249347,0,0,567.0,317.0,0.9268,1.1052,1,1,0
2026-09-28T21:58:33.908871+09:00,48275519,1729468b,2026-09-28T21:58:33.908871+09:00,2026-09-28T21:58:33.945942+09:00,rail-left-01,rail-right-01,0.6.7-draft,0.6.7-draft,mqtt,mqtt,308.7,259.18,6.213,6.475,-0.139,-0.17,0.243,-0.127,10.344,9.493,-0.0655,0.037,0.0412,0.0545,-0.0077,-0.0016,25.59,25.66,15796,18510,1.975,2.314,5.924,6.941,177,177,18,18,0,0,0,0,-0.64615579,-0.60922946,-0.64615579,-0.60922946,0.02288351,-0.01986649,0.02288351,-0.01986649,0.38203292,0.38162964,-0.00371011,-0.00172746,-0.01228207,-0.01115686,1.04135,1.04135,0.47254297,0.47252281,0,0,568.1,318.1,0.9268,1.1052,1,1,0
2026-09-28T21:58:33.928904+09:00,48295552,1729468b,2026-09-28T21:58:33.928904+09:00,2026-09-28T21:58:33.965975+09:00,rail-left-01,rail-right-01,0.6.7-draft,0.6.7-draft,mqtt,mqtt,309.84,260.13,6.242,6.482,0.012,0.03,0.193,-0.157,10.396,9.706,-0.0662,0.0305,0.0369,0.0525,-0.0085,-0.0095,25.59,25.68,15868,18525,1.984,2.316,5.951,6.947,178,178,18,18,0,0,0,0,-0.66025233,-0.59479718,-0.66025233,-0.59479718,0.01866381,-0.02436649,0.01866381,-0.02436649,0.38120432,0.38227056,-0.00358299,-0.00154064,-0.01212291,-0.01116682,1.04135,1.04135,0.47250154,0.47255485,0,0,569.1,319.1,0.9268,1.1052,1,1,0
2026-09-28T21:58:33.948852+09:00,48315500,1729468b,2026-09-28T21:58:33.948852+09:00,2026-09-28T21:58:33.985923+09:00,rail-left-01,rail-right-01,0.6.7-draft,0.6.7-draft,mqtt,mqtt,310.99,261.07,6.249,6.488,-0.213,-0.18,0.248,-0.236,10.683,9.832,-0.0671,0.0314,0.0428,0.0556,-0.0104,-0.0063,25.6,25.64,15886,18539,1.986,2.317,5.957,6.952,179,179,18,18,0,0,0,0,-0.67483193,-0.59449087,-0.67483193,-0.59449087,0.01489821,-0.02879831,0.01489821,-0.02879831,0.3805274,0.38295053,-0.00344743,-0.00136518,-0.01191776,-0.0111779,1.04135,1.04135,0.4724677,0.47258885,0,0,570.2,320.2,0.9268,1.1052,1,1,0
2026-09-28T21:58:33.969067+09:00,48335715,1729468b,2026-09-28T21:58:33.969067+09:00,2026-09-28T21:58:34.006138+09:00,rail-left-01,rail-right-01,0.6.7-draft,0.6.7-draft,mqtt,mqtt,312.13,262.02,6.248,6.509,-0.026,0.138,-0.111,-0.162,10.471,9.914,-0.0681,0.0344,0.039,0.0542,-0.0107,-0.0088,25.61,25.65,15885,18585,1.986,2.323,5.957,6.969,180,180,18,18,0,0,0,0,-0.68918173,-0.57428455,-0.68918173,-0.57428455,0.01131922,-0.03349983,0.01131922,-0.03349983,0.37987488,0.38383361,-0.0033249,-0.0011772,-0.01171526,-0.01123431,1.04135,1.04135,0.47243507,0.47263301,0,0,571.2,321.2,0.9268,1.1052,1,1,0
2026-09-28T21:58:34.053805+09:00,48425463,1729468b,2026-09-28T21:58:34.053805+09:00,2026-09-28T21:58:34.141067+09:00,rail-left-01,rail-right-01,0.6.7-draft,0.6.7-draft,mqtt,mqtt,317.25,266.24,6.257,6.52,0.017,0.044,0.262,-0.429,10.455,9.791,-0.0634,0.0302,0.0433,0.0667,-0.0099,-0.0129,25.62,25.65,15907,18609,1.988,2.326,5.965,6.978,181,181,19,19,0,0,0,0,-0.55897468,-0.47435417,-0.55897468,-0.47435417,-0.03780127,-0.07056292,-0.03780127,-0.07056292,0.38477613,0.3934481,-0.00096903,0.00036253,-0.01117095,-0.00983439,1.04135,1.04135,0.47268013,0.47311373,0,0,576.0,326.0,0.9268,1.1052,1,1,0
2026-09-28T21:58:34.073962+09:00,48445620,1729468b,2026-09-28T21:58:34.073962+09:00,2026-09-28T21:58:34.161224+09:00,rail-left-01,rail-right-01,0.6.7-draft,0.6.7-draft,mqtt,mqtt,318.4,267.19,6.213,6.6,-0.175,-0.097,-0.196,-0.508,10.314,9.759,-0.0637,0.0317,0.0404,0.0626,-0.0076,-0.0089,25.61,25.66,15798,18787,1.975,2.348,5.924,7.045,182,182,19,19,0,0,0,0,-0.5456271,-0.47396574,-0.5456271,-0.47396574,-0.04285585,-0.07345421,-0.04285585,-0.07345421,0.38521045,0.39560145,-0.0008515,0.00060233,-0.01122788,-0.00971176,1.04135,1.04135,0.47270185,0.4732214,0,0,577.1,327.1,0.9268,1.1052,1,1,0
2026-09-28T21:58:34.093899+09:00,48465557,1729468b,2026-09-28T21:58:34.093899+09:00,2026-09-28T21:58:34.181161+09:00,rail-left-01,rail-right-01,0.6.7-draft,0.6.7-draft,mqtt,mqtt,319.54,268.13,6.178,6.603,0.012,-0.013,0.378,0.115,10.416,9.734,-0.061,0.0354,0.042,0.0545,-0.0084,0.0013,25.61,25.68,15709,18793,1.964,2.349,5.891,7.047,183,183,19,19,0,0,0,0,-0.53365337,-0.46947627,-0.53365337,-0.46947627,-0.04842899,-0.07629753,-0.04842899,-0.07629753,0.38526209,0.39770641,-0.00079675,0.00081964,-0.01135909,-0.00959873,1.04135,1.04135,0.47270443,0.47332665,0,0,578.1,328.1,0.9268,1.1052,1,1,0
2026-09-28T21:58:34.113933+09:00,48485591,1729468b,2026-09-28T21:58:34.113933+09:00,2026-09-28T21:58:34.201195+09:00,rail-left-01,rail-right-01,0.6.7-draft,0.6.7-draft,mqtt,mqtt,320.68,269.08,6.167,6.612,-0.031,0.025,0.11,-0.261,10.396,9.614,-0.0588,0.0328,0.0456,0.0576,-0.0125,-0.0075,25.58,25.66,15683,18814,1.96,2.352,5.881,7.055,184,184,19,19,0,0,0,0,-0.52307785,-0.46331561,-0.52307785,-0.46331561,-0.05399915,-0.079197,-0.05399915,-0.079197,0.38519937,0.39981629,-0.00076215,0.00102315,-0.01148708,-0.00950555,1.04135,1.04135,0.47270129,0.47343214,0,0,579.2,329.2,0.9268,1.1052,1,1,0
2026-09-28T21:58:34.134286+09:00,48505944,1729468b,2026-09-28T21:58:34.134286+09:00,2026-09-28T21:58:34.221548+09:00,rail-left-01,rail-right-01,0.6.7-draft,0.6.7-draft,mqtt,mqtt,321.83,270.02,6.147,6.627,-0.147,-0.063,0.159,-0.4,10.588,9.911,-0.0655,0.031,0.0308,0.0466,-0.0059,-0.0107,25.6,25.67,15633,18847,1.954,2.356,5.862,7.068,185,185,19,19,0,0,0,0,-0.51388539,-0.46147459,-0.51388539,-0.46147459,-0.05974649,-0.08224983,-0.05974649,-0.08224983,0.38493917,0.40198084,-0.00075628,0.00121999,-0.01163529,-0.00944085,1.04135,1.04135,0.47268828,0.47354037,0,0,580.2,330.2,0.9268,1.1052,1,1,0
2026-09-28T21:58:34.154265+09:00,48525923,1729468b,2026-09-28T21:58:34.154265+09:00,2026-09-28T21:58:34.241527+09:00,rail-left-01,rail-right-01,0.6.7-draft,0.6.7-draft,mqtt,mqtt,322.97,270.96,6.26,6.632,0.032,0.096,0.007,-0.266,10.591,9.378,-0.0634,0.0312,0.0316,0.0473,-0.0027,-0.0103,25.6,25.64,15915,18859,1.989,2.357,5.968,7.072,186,186,19,19,0,0,0,0,-0.50557366,-0.4522936,-0.50557366,-0.4522936,-0.06305277,-0.08528453,-0.06305277,-0.08528453,0.38579701,0.4041154,-0.00060957,0.00140188,-0.01146992,-0.0093832,1.04135,1.04135,0.47273118,0.4736471,0,0,581.3,331.3,0.9268,1.1052,1,1,0
2026-09-28T21:58:34.173929+09:00,48545587,1729468b,2026-09-28T21:58:34.173929+09:00,2026-09-28T21:58:34.261191+09:00,rail-left-01,rail-right-01,0.6.7-draft,0.6.7-draft,mqtt,mqtt,324.06,271.86,6.311,6.636,-0.066,0.026,0.048,0.016,10.253,9.768,-0.0628,0.0338,0.0328,0.0496,-0.0036,-0.0041,25.6,25.65,16041,18866,2.005,2.358,6.015,7.075,187,187,19,19,0,0,0,0,-0.4982741,-0.44664925,-0.4982741,-0.44664925,-0.06525111,-0.08828585,-0.06525111,-0.08828585,0.38711225,0.40621336,-0.00041703,0.00156955,-0.01118585,-0.00933042,1.04135,1.04135,0.47279694,0.47375199,0,0,582.3,332.3,0.9268,1.1052,1,1,0
2026-09-28T21:58:34.193904+09:00,48565562,1729468b,2026-09-28T21:58:34.193904+09:00,2026-09-28T21:58:34.281166+09:00,rail-left-01,rail-right-01,0.6.7-draft,0.6.7-draft,mqtt,mqtt,325.21,272.8,6.358,6.649,-0.154,-0.145,0.253,-0.376,10.409,9.712,-0.0606,0.0304,0.0378,0.0578,-0.0077,-0.0089,25.62,25.65,16157,18895,2.02,2.362,6.059,7.086,188,188,19,19,0,0,0,0,-0.49214654,-0.59009887,-0.49214654,-0.59009887,-0.0664797,-0.28436649,-0.0664797,-0.28436649,0.38882124,0.54068917,-0.00018979,0.0,-0.01080841,0.0,1.04135,0.57935,0.47288239,0.49090397,0,0,583.4,333.4,0.9268,1.1052,1,1,0
2026-09-28T21:58:34.213855+09:00,48585513,1729468b,2026-09-28T21:58:34.213855+09:00,2026-09-28T21:58:34.301117+09:00,rail-left-01,rail-right-01,0.6.7-draft,0.6.7-draft,mqtt,mqtt,326.35,273.75,6.36,6.646,0.059,0.115,0.01,-0.182,10.596,10.004,-0.0609,0.0297,0.0372,0.0561,-0.0067,-0.0032,25.59,25.64,16163,18889,2.02,2.361,6.061,7.083,189,189,19,19,0,0,0,0,-0.48666188,-0.22058476,-0.48666188,-0.22058476,-0.06762575,-0.28286649,-0.06762575,-0.28286649,0.39048546,0.53993917,1.726e-05,-0.00315789,-0.01045055,0.00631579,1.04135,0.57935,0.4729656,0.49086647,0,0,584.4,334.4,0.9268,1.1052,1,1,0
2026-09-28T21:58:34.234209+09:00,48605867,1729468b,2026-09-28T21:58:34.234209+09:00,2026-09-28T21:58:34.321471+09:00,rail-left-01,rail-right-01,0.6.7-draft,0.6.7-draft,mqtt,mqtt,327.49,274.69,6.344,6.658,-0.062,-0.116,0.036,-0.365,10.386,9.845,-0.0618,0.0304,0.0405,0.0549,-0.0057,-0.0037,25.62,25.67,16124,18915,2.016,2.364,6.047,7.093,190,190,19,19,0,0,0,0,-0.48204945,-0.31508882,-0.48204945,-0.31508882,-0.06902104,-0.28636649,-0.06902104,-0.28636649,0.39194371,0.54168917,0.00018722,0.00474786,-0.01014869,-0.00949573,1.04135,0.57935,0.47303851,0.49095397,0,0,585.5,335.5,0.9268,1.1052,1,1,0
2026-09-28T21:58:34.410161+09:00,48741392,1729468b,2026-09-28T21:58:34.410161+09:00,2026-09-28T21:58:34.501447+09:00,rail-left-01,rail-right-01,0.6.7-draft,0.6.7-draft,mqtt,mqtt,335.25,281.06,6.343,6.67,-0.129,-0.042,0.075,-0.126,10.362,9.799,-0.0674,0.0244,0.0346,0.0497,-0.0108,-0.008,25.63,25.66,16121,18942,2.015,2.368,6.045,7.103,191,191,20,20,0,0,0,0,-0.45816766,-0.80404345,-0.45816766,-0.80404345,-0.28836649,0.40913351,-0.28836649,0.40913351,0.54243917,0.89579631,0.0008131,0.05962114,-0.00207178,0.11700895,0.57935,0.74235,0.49099147,0.50865932,0,0,592.7,342.7,0.9268,1.1052,1,1,0
2026-09-28T21:58:34.430305+09:00,48761536,1729468b,2026-09-28T21:58:34.430305+09:00,2026-09-28T21:58:34.521591+09:00,rail-left-01,rail-right-01,0.6.7-draft,0.6.7-draft,mqtt,mqtt,336.39,282.0,6.76,7.053,-0.032,0.031,0.329,-0.348,10.449,9.701,-0.065,0.0221,0.0364,0.0502,-0.008,-0.0071,25.61,25.67,17159,19792,2.145,2.474,6.435,7.422,192,192,20,20,0,0,0,0,-0.55050735,-0.72948339,-0.55050735,-0.72948339,-0.20616649,0.40596684,-0.20616649,0.40596684,0.58458917,0.92058917,0.02492794,0.05784497,0.04658497,0.09115365,0.64235,0.74235,0.49309897,0.50989897,0,0,593.7,343.7,0.9268,1.1052,1,1,0
2026-09-28T21:58:34.450222+09:00,48781453,1729468b,2026-09-28T21:58:34.450222+09:00,2026-09-28T21:58:34.541508+09:00,rail-left-01,rail-right-01,0.6.7-draft,0.6.7-draft,mqtt,mqtt,337.49,282.95,6.955,7.161,-0.139,-0.037,-0.01,-0.305,10.465,9.814,-0.0653,0.0293,0.0432,0.0502,-0.0083,-0.01,25.61,25.68,17645,20032,2.206,2.504,6.617,7.512,193,193,20,20,0,0,0,0,-0.61975843,-0.67632175,-0.61975843,-0.67632175,-0.11886649,0.39644601,-0.11886649,0.39644601,0.62893917,0.94565792,0.03914141,0.0573909,0.07528909,0.0717202,0.65835,0.74235,0.49531647,0.5111524,0,0,594.7,344.7,0.9268,1.1052,1,1,0
2026-09-28T21:58:34.470204+09:00,48801435,1729468b,2026-09-28T21:58:34.470204+09:00,2026-09-28T21:58:34.561490+09:00,rail-left-01,rail-right-01,0.6.7-draft,0.6.7-draft,mqtt,mqtt,338.63,283.89,7.156,7.276,0.017,-0.01,-0.142,-0.074,10.311,9.789,-0.0725,0.0324,0.04,0.0534,-0.0055,-0.0053,25.61,25.65,18145,20287,2.268,2.536,6.804,7.608,194,194,20,20,0,0,0,0,-0.67292768,-0.62492717,-0.67292768,-0.62492717,-0.02779506,0.38128057,-0.02779506,0.38128057,0.67497488,0.97115976,0.05071014,0.0577134,0.0986637,0.05578157,0.65835,0.74235,0.49761825,0.5124275,0,0,595.8,345.8,0.9268,1.1052,1,1,0
2026-09-28T21:58:34.490479+09:00,48821710,1729468b,2026-09-28T21:58:34.490479+09:00,2026-09-28T21:58:34.581765+09:00,rail-left-01,rail-right-01,0.6.7-draft,0.6.7-draft,mqtt,mqtt,339.77,284.84,7.376,7.369,-0.358,-0.225,0.257,-0.395,10.485,9.724,-0.0731,0.0284,0.0312,0.0521,-0.0072,0.0012,25.6,25.67,18692,20493,2.337,2.562,7.01,7.685,195,195,20,20,0,0,0,0,-0.72048637,-0.61299666,-0.72048637,-0.61299666,0.06800851,0.36263351,0.06800851,0.36263351,0.72325167,0.99641139,0.06142674,0.05828226,0.12031173,0.0424368,0.67835,0.74235,0.50003209,0.51369008,0,0,596.9,346.9,0.9268,1.1052,1,1,0
2026-09-28T21:58:34.510474+09:00,48841705,1729468b,2026-09-28T21:58:34.510474+09:00,2026-09-28T21:58:34.601760+09:00,rail-left-01,rail-right-01,0.6.7-draft,0.6.7-draft,mqtt,mqtt,340.92,285.78,7.526,7.409,0.254,0.332,-0.04,-0.244,10.549,9.627,-0.0681,0.0313,0.0358,0.0546,-0.0079,-0.0025,25.61,25.67,19066,20583,2.383,2.573,7.15,7.719,196,196,20,20,0,0,0,0,-0.75687014,-0.51910542,-0.75687014,-0.51910542,0.15918906,0.34384403,0.15918906,0.34384403,0.76913361,1.02005759,0.06981368,0.05858036,0.13728446,0.03171075,0.74235,0.74235,0.50232619,0.51487239,0,0,597.9,347.9,0.9268,1.1052,1,1,0
2026-09-28T21:58:34.530233+09:00,48861464,1729468b,2026-09-28T21:58:34.530233+09:00,2026-09-28T21:58:34.621519+09:00,rail-left-01,rail-right-01,0.6.7-draft,0.6.7-draft,mqtt,mqtt,342.06,286.73,7.583,7.406,-0.308,-0.271,0.019,-0.244,10.354,9.697,-0.0706,0.034,0.0393,0.0549,-0.0057,-0.0007,25.59,25.67,19208,20575,2.401,2.572,7.203,7.716,197,197,20,20,0,0,0,0,-0.79169432,-0.52020105,-0.79169432,-0.52020105,0.23783351,0.32708351,0.23783351,0.32708351,0.80868917,1.04126417,0.07480646,0.05838128,0.14745385,0.02342937,0.74235,0.74235,0.50430397,0.51593272,0,0,599.0,349.0,0.9268,1.1052,1,1,0
2026-09-28T21:58:34.550166+09:00,48881397,1729468b,2026-09-28T21:58:34.550166+09:00,2026-09-28T21:58:34.641452+09:00,rail-left-01,rail-right-01,0.6.7-draft,0.6.7-draft,mqtt,mqtt,343.16,287.67,7.591,7.354,0.166,0.153,-0.012,-0.236,10.543,9.664,-0.0659,0.0325,0.0385,0.0549,-0.0065,-0.0055,25.61,25.65,19227,20460,2.403,2.558,7.21,7.673,198,198,20,20,0,0,0,0,-0.82050829,-0.46395081,-0.82050829,-0.46395081,0.30290623,0.31439541,0.30290623,0.31439541,0.84141644,1.05921298,0.07682798,0.05752051,0.15166462,0.01756026,0.74235,0.74235,0.50594033,0.51683016,0,0,600.0,350.0,0.9268,1.1052,1,1,600
2026-09-28T21:58:34.570213+09:00,48901444,1729468b,2026-09-28T21:58:34.570213+09:00,2026-09-28T21:58:34.661499+09:00,rail-left-01,rail-right-01,0.6.7-draft,0.6.7-draft,mqtt,mqtt,344.3,288.61,7.532,7.235,-0.294,-0.172,0.205,-0.166,10.314,9.679,-0.0699,0.0326,0.039,0.0484,-0.0053,-0.0031,25.63,25.67,19081,20196,2.385,2.525,7.155,7.574,199,199,20,20,0,0,0,0,-0.84902208,-0.45471818,-0.84902208,-0.45471818,0.35221684,0.30826987,0.35221684,0.30826987,0.86623084,1.07282553,0.07581802,0.05578607,0.1498002,0.01427427,0.74235,0.74235,0.50718105,0.51751078,0,0,601.1,351.1,0.9268,1.1052,1,1,0
2026-09-28T21:58:34.590377+09:00,48921608,1729468b,2026-09-28T21:58:34.590377+09:00,2026-09-28T21:58:34.681663+09:00,rail-left-01,rail-right-01,0.6.7-draft,0.6.7-draft,mqtt,mqtt,345.44,289.56,7.394,7.089,0.08,0.153,0.321,-0.385,10.53,9.646,-0.0658,0.0333,0.0422,0.0569,-0.0057,-0.0073,25.6,25.67,18737,19873,2.342,2.484,7.026,7.452,200,200,20,20,0,0,0,0,-0.87413142,-0.40618071,-0.87413142,-0.40618071,0.38332582,0.30902481,0.38332582,0.30902481,0.88191994,1.08208047,0.07169203,0.05326681,0.14169171,0.01320982,0.74235,0.74235,0.50796551,0.51797353,0,0,602.1,352.1,0.9268,1.1052,1,1,0
2026-09-28T21:58:34.770278+09:00,49101520,1729468b,2026-09-28T21:58:34.770278+09:00,2026-09-28T21:58:34.851168+09:00,rail-left-01,rail-right-01,0.6.7-draft,0.6.7-draft,mqtt,mqtt,355.63,298.06,7.313,7.009,0.093,-0.157,0.242,-0.159,10.557,9.784,-0.062,0.031,0.0492,0.0506,-0.0113,-0.0032,25.61,25.69,18536,19695,2.317,2.462,6.951,7.386,201,201,21,21,0,0,0,0,-0.37804678,-0.28649541,-0.37804678,-0.28649541,0.30634184,0.05642763,0.30634184,0.05642763,1.08887667,1.01661564,0.04575625,0.00375863,0.0097912,-0.03316108,0.75035,0.79835,0.51831334,0.51470029,0,0,611.6,361.6,0.9268,1.1052,1,1,0
2026-09-28T21:58:34.790391+09:00,49121632,1729468b,2026-09-28T21:58:34.790391+09:00,2026-09-28T21:58:34.871280+09:00,rail-left-01,rail-right-01,0.6.7-draft,0.6.7-draft,mqtt,mqtt,356.78,299.06,6.566,6.306,-0.068,-0.034,-0.124,-0.122,10.605,9.919,-0.0683,0.0313,0.0679,0.0509,-0.0025,-0.0019,25.61,25.68,16676,18134,2.085,2.267,6.253,6.8,202,202,21,21,0,0,0,0,-0.35497273,-0.27694898,-0.35497273,-0.27694898,0.27399351,0.06057636,0.27399351,0.06057636,1.08018917,1.0001606,0.03577686,-1.238e-05,-0.00192021,-0.02892386,0.79835,0.79835,0.51787897,0.51387754,0,0,612.6,362.6,0.9268,1.1052,1,1,0
2026-09-28T21:58:34.810355+09:00,49141597,1729468b,2026-09-28T21:58:34.810355+09:00,2026-09-28T21:58:34.891245+09:00,rail-left-01,rail-right-01,0.6.7-draft,0.6.7-draft,mqtt,mqtt,357.92,300.0,6.555,6.302,0.059,0.004,0.163,-0.391,10.399,9.615,-0.0648,0.0342,0.0592,0.0529,-0.0025,-0.0017,25.62,25.7,16648,18125,2.081,2.266,6.243,6.797,203,203,21,21,0,0,0,0,-0.33552826,-0.26491092,-0.33552826,-0.26491092,0.24371043,0.06460573,0.24371043,0.06460573,1.0719584,0.98456417,0.02849955,-0.00300665,-0.01023732,-0.02547751,0.79835,0.79835,0.51746743,0.51309772,0,0,613.7,363.7,0.9268,1.1052,1,1,0
2026-09-28T21:58:34.830312+09:00,49161554,1729468b,2026-09-28T21:58:34.830312+09:00,2026-09-28T21:58:34.911202+09:00,rail-left-01,rail-right-01,0.6.7-draft,0.6.7-draft,mqtt,mqtt,359.02,300.94,6.538,6.289,-0.245,-0.028,-0.14,-0.226,10.57,9.675,-0.0694,0.0325,0.0569,0.0566,-0.0032,-0.0104,25.59,25.66,16606,18097,2.076,2.262,6.227,6.786,204,204,21,21,0,0,0,0,-0.32042609,-0.25598851,-0.32042609,-0.25598851,0.21504092,0.06876864,0.21504092,0.06876864,1.0640225,0.96963511,0.02294219,-0.00545056,-0.01643223,-0.02257122,0.79835,0.79835,0.51707063,0.51235126,0,0,614.7,364.7,0.9268,1.1052,1,1,0
2026-09-28T21:58:34.850349+09:00,49181590,1729468b,2026-09-28T21:58:34.850349+09:00,2026-09-28T21:58:34.931238+09:00,rail-left-01,rail-right-01,0.6.7-draft,0.6.7-draft,mqtt,mqtt,360.16,301.89,6.532,6.288,-0.11,0.037,0.157,-0.364,10.313,9.465,-0.0645,0.0334,0.0521,0.0566,-0.0071,-0.0039,25.59,25.68,16590,18095,2.074,2.262,6.221,6.786,205,205,21,21,0,0,0,0,-0.30848054,-0.24261644,-0.30848054,-0.24261644,0.18820494,0.07273877,0.18820494,0.07273877,1.05654631,0.95547864,0.01859079,-0.00745034,-0.021099,-0.02012904,0.79835,0.79835,0.51669682,0.51164344,0,0,615.8,365.8,0.9268,1.1052,1,1,0
2026-09-28T21:58:34.870315+09:00,49201557,1729468b,2026-09-28T21:58:34.870315+09:00,2026-09-28T21:58:34.951205+09:00,rail-left-01,rail-right-01,0.6.7-draft,0.6.7-draft,mqtt,mqtt,361.3,302.83,6.511,6.297,-0.169,-0.04,0.165,-0.18,10.409,9.647,-0.0661,0.0332,0.0739,0.0526,-0.0029,-0.0035,25.62,25.67,16538,18116,2.067,2.265,6.202,6.794,206,206,21,21,0,0,0,0,-0.29991884,-0.23559461,-0.29991884,-0.23559461,0.16249558,0.07627453,0.16249558,0.07627453,1.04922365,0.94216353,0.01503992,-0.00908424,-0.02480024,-0.01809084,0.79835,0.79835,0.51633069,0.51097768,0,0,616.8,366.8,0.9268,1.1052,1,1,0
2026-09-28T21:58:34.890440+09:00,49221682,1729468b,2026-09-28T21:58:34.890440+09:00,2026-09-28T21:58:34.971330+09:00,rail-left-01,rail-right-01,0.6.7-draft,0.6.7-draft,mqtt,mqtt,362.45,303.78,6.499,6.284,-0.113,0.072,0.071,-0.16,10.317,9.922,-0.0642,0.0322,0.0504,0.0532,-0.0061,-0.0035,25.6,25.67,16508,18085,2.064,2.261,6.191,6.782,207,207,21,21,0,0,0,0,-0.29368453,-0.22109074,-0.29368453,-0.22109074,0.13810017,0.07995851,0.13810017,0.07995851,1.04218917,0.92935167,0.01211252,-0.01047231,-0.02772577,-0.01628546,0.79835,0.79835,0.51597897,0.51033709,0,0,617.9,367.9,0.9268,1.1052,1,1,0
2026-09-28T21:58:34.910391+09:00,49241633,1729468b,2026-09-28T21:58:34.910391+09:00,2026-09-28T21:58:34.991281+09:00,rail-left-01,rail-right-01,0.6.7-draft,0.6.7-draft,mqtt,mqtt,363.59,304.72,6.501,6.288,-0.084,0.01,0.158,-0.381,10.44,9.743,-0.0618,0.0313,0.0461,0.0565,-0.0043,-0.006,25.6,25.68,16513,18095,2.064,2.262,6.192,6.786,208,208,21,21,0,0,0,0,-0.28929524,-0.21149365,-0.28929524,-0.21149365,0.11534319,0.08336522,0.11534319,0.08336522,1.03564078,0.91721356,0.00970718,-0.01163093,-0.02997252,-0.01473204,0.79835,0.79835,0.51565155,0.50973019,0,0,618.9,368.9,0.9268,1.1052,1,1,0
2026-09-28T21:58:34.930347+09:00,49261588,1729468b,2026-09-28T21:58:34.930347+09:00,2026-09-28T21:58:35.011236+09:00,rail-left-01,rail-right-01,0.6.7-draft,0.6.7-draft,mqtt,mqtt,364.73,305.67,6.494,6.285,-0.314,-0.157,0.049,-0.192,10.499,9.799,-0.0609,0.0278,0.0445,0.0533,-0.0071,-0.0061,25.61,25.69,16496,18089,2.062,2.261,6.186,6.783,209,209,21,21,0,0,0,0,-0.28728238,-0.21357084,-0.28728238,-0.21357084,0.09378976,0.08668113,0.09378976,0.08668113,1.02939229,0.90561774,0.00767894,-0.0126147,-0.03175306,-0.01335975,0.79835,0.79835,0.51533912,0.5091504,0,0,620.0,370.0,0.9268,1.1052,1,1,0
2026-09-28T21:58:34.950909+09:00,49282151,1729468b,2026-09-28T21:58:34.950909+09:00,2026-09-28T21:58:35.031799+09:00,rail-left-01,rail-right-01,0.6.7-draft,0.6.7-draft,mqtt,mqtt,365.88,306.61,6.487,6.275,0.051,0.079,0.254,-0.294,10.531,9.71,-0.0626,0.033,0.0416,0.0541,-0.0087,-0.0063,25.6,25.66,16480,18066,2.06,2.258,6.18,6.775,210,210,21,21,0,0,0,0,-0.28611781,-0.20004633,-0.28611781,-0.20004633,0.07333048,0.09007537,0.07333048,0.09007537,1.02341644,0.89444498,0.00594891,-0.01346539,-0.03316716,-0.01211551,0.79835,0.79835,0.51504033,0.50859176,0,0,621.1,371.1,0.9268,1.1052,1,1,0
2026-09-28T21:58:35.121939+09:00,49451437,1729468b,2026-09-28T21:58:35.121939+09:00,2026-09-28T21:58:35.214473+09:00,rail-left-01,rail-right-01,0.6.7-draft,0.6.7-draft,mqtt,mqtt,375.47,314.62,6.483,6.276,-0.128,0.02,-0.032,-0.25,10.266,9.589,-0.0685,0.0309,0.0337,0.057,-0.0075,-0.0044,25.59,25.68,16468,18068,2.059,2.259,6.175,6.776,211,211,22,22,0,0,0,0,-0.19736735,-0.692593,-0.19736735,-0.692593,0.09322442,0.13163351,0.09322442,0.13163351,0.88373462,0.37568917,-0.01412945,0.0,-0.01059644,0.0,0.79835,0.87135,0.50805624,0.42106133,0,0,629.9,379.9,0.9268,1.1052,1,1,0
2026-09-28T21:58:35.142089+09:00,49471587,1729468b,2026-09-28T21:58:35.142089+09:00,2026-09-28T21:58:35.234623+09:00,rail-left-01,rail-right-01,0.6.7-draft,0.6.7-draft,mqtt,mqtt,376.62,315.56,6.44,6.27,-0.116,0.03,0.012,-0.201,10.408,9.631,-0.067,0.034,0.0389,0.0617,-0.0123,-0.0059,25.6,25.67,16361,18056,2.045,2.257,6.135,6.771,212,212,22,22,0,0,0,0,-0.19597419,-0.67777287,-0.19597419,-0.67777287,0.09527795,0.13463351,0.09527795,0.13463351,0.8730225,0.37418917,-0.01472822,-0.00638298,-0.00946217,0.01276596,0.79835,0.87135,0.50752063,0.42098238,0,0,631.0,381.0,0.9268,1.1052,1,1,0
2026-09-28T21:58:35.162125+09:00,49491623,1729468b,2026-09-28T21:58:35.162125+09:00,2026-09-28T21:58:35.254659+09:00,rail-left-01,rail-right-01,0.6.7-draft,0.6.7-draft,mqtt,mqtt,377.76,316.51,6.434,6.291,-0.175,-0.017,-0.089,-0.29,10.359,9.767,-0.0645,0.0313,0.0328,0.0589,-0.0117,-0.0052,25.62,25.66,16348,18101,2.044,2.263,6.131,6.788,213,213,22,22,0,0,0,0,-0.19580093,-0.71526075,-0.19580093,-0.71526075,0.09711177,0.12863351,0.09711177,0.12863351,0.86271091,0.37718917,-0.01521464,0.00796163,-0.00850947,-0.01592326,0.79835,0.87135,0.50700505,0.42114028,0,0,632.1,382.1,0.9268,1.1052,1,1,0
2026-09-28T21:58:35.182171+09:00,49511669,1729468b,2026-09-28T21:58:35.182171+09:00,2026-09-28T21:58:35.274705+09:00,rail-left-01,rail-right-01,0.6.7-draft,0.6.7-draft,mqtt,mqtt,378.9,317.45,6.432,6.28,-0.12,0.001,0.418,-0.147,10.429,9.785,-0.0658,0.0357,0.0416,0.0546,-0.0052,-0.0057,25.59,25.64,16342,18077,2.043,2.26,6.128,6.779,214,214,22,22,0,0,0,0,-0.19670077,-0.72123331,-0.19670077,-0.72123331,0.098825,0.12838351,0.098825,0.12838351,0.85281683,0.37731417,-0.0156051,0.00350899,-0.00769026,-0.00701798,0.79835,0.87135,0.50651035,0.42114686,0,0,633.1,383.1,0.9268,1.1052,1,1,0
2026-09-28T21:58:35.202848+09:00,49532346,1729468b,2026-09-28T21:58:35.202848+09:00,2026-09-28T21:58:35.295382+09:00,rail-left-01,rail-right-01,0.6.7-draft,0.6.7-draft,mqtt,mqtt,380.05,318.45,6.424,6.292,-0.124,-0.037,-0.048,-0.442,10.605,9.493,-0.0677,0.0329,0.0444,0.055,-0.0027,-0.0069,25.59,25.66,16322,18103,2.04,2.263,6.121,6.789,215,215,22,22,0,0,0,0,-0.19863842,-0.74854019,-0.19863842,-0.74854019,0.10030017,0.12583351,0.10030017,0.12583351,0.84325167,0.37858917,-0.01592621,0.00441463,-0.00699689,-0.00882927,0.79835,0.87135,0.50603209,0.42121396,0,0,634.2,384.2,0.9268,1.1052,1,1,0
2026-09-28T21:58:35.222913+09:00,49552411,1729468b,2026-09-28T21:58:35.222913+09:00,2026-09-28T21:58:35.315447+09:00,rail-left-01,rail-right-01,0.6.7-draft,0.6.7-draft,mqtt,mqtt,381.19,319.39,6.422,6.292,-0.062,0.097,0.008,-0.117,10.15,9.892,-0.0633,0.0374,0.0412,0.058,-0.0032,-0.0073,25.59,25.66,16317,18103,2.04,2.263,6.119,6.789,216,216,22,22,0,0,0,0,-0.20130508,-0.7017731,-0.20130508,-0.7017731,0.10167432,0.12413351,0.10167432,0.12413351,0.83405652,0.37943917,-0.01618235,0.00404373,-0.00639122,-0.00808746,0.79835,0.87135,0.50557233,0.4212587,0,0,635.2,385.2,0.9268,1.1052,1,1,0
2026-09-28T21:58:35.241966+09:00,49571464,1729468b,2026-09-28T21:58:35.241966+09:00,2026-09-28T21:58:35.334500+09:00,rail-left-01,rail-right-01,0.6.7-draft,0.6.7-draft,mqtt,mqtt,382.28,320.33,6.409,6.302,-0.085,-0.036,0.083,-0.353,10.347,9.791,-0.0693,0.0346,0.0418,0.0601,-0.0028,-0.0064,25.61,25.65,16286,18126,2.036,2.266,6.107,6.797,217,217,22,22,0,0,0,0,-0.20464437,-0.72187453,-0.20464437,-0.72187453,0.10273351,0.12149065,0.10273351,0.12149065,0.82509917,0.3807606,-0.01639956,0.00460588,-0.00588794,-0.00921176,0.79835,0.87135,0.50512447,0.42132825,0,0,636.3,386.3,0.9268,1.1052,1,1,0
2026-09-28T21:58:35.262081+09:00,49591579,1729468b,2026-09-28T21:58:35.262081+09:00,2026-09-28T21:58:35.354615+09:00,rail-left-01,rail-right-01,0.6.7-draft,0.6.7-draft,mqtt,mqtt,383.43,321.28,6.389,6.305,-0.271,-0.233,0.479,-0.184,10.435,9.905,-0.0694,0.0322,0.0437,0.0554,-0.0092,-0.0013,25.6,25.66,16236,18133,2.03,2.267,6.089,6.8,218,218,22,22,0,0,0,0,-0.20904984,-0.80488835,-0.20904984,-0.80488835,0.103359,0.11913351,0.103359,0.11913351,0.81629701,0.38193917,-0.01659168,0.00472115,-0.00548649,-0.0094423,0.79835,0.87135,0.50468436,0.42139028,0,0,637.3,387.3,0.9268,1.1052,1,1,0
2026-09-28T21:58:35.282000+09:00,49611498,1729468b,2026-09-28T21:58:35.282000+09:00,2026-09-28T21:58:35.374534+09:00,rail-left-01,rail-right-01,0.6.7-draft,0.6.7-draft,mqtt,mqtt,384.52,322.22,6.36,6.318,0.092,0.148,0.157,-0.182,10.599,9.669,-0.0666,0.0345,0.0442,0.0612,-0.0115,-0.0087,25.62,25.65,16162,18161,2.02,2.27,6.061,6.81,219,219,22,22,0,0,0,0,-0.21365153,-0.75206304,-0.21365153,-0.75206304,0.10340274,0.11585573,0.10340274,0.11585573,0.80755455,0.38357806,-0.0167738,0.00537243,-0.0051927,-0.01074485,0.79835,0.87135,0.50424724,0.42147654,0,0,638.3,388.3,0.9268,1.1052,1,1,0
2026-09-28T21:58:35.302140+09:00,49631638,1729468b,2026-09-28T21:58:35.302140+09:00,2026-09-28T21:58:35.394674+09:00,rail-left-01,rail-right-01,0.6.7-draft,0.6.7-draft,mqtt,mqtt,385.66,323.17,6.387,6.338,-0.265,-0.157,-0.156,-0.299,10.678,9.898,-0.058,0.0342,0.0352,0.0521,-0.0119,-0.0049,25.61,25.65,16231,18206,2.029,2.276,6.087,6.827,220,220,22,22,0,0,0,0,-0.21906839,-0.79435007,-0.21906839,-0.79435007,0.10395426,0.11123351,0.10395426,0.11123351,0.79939672,0.38588917,-0.01688438,0.00655751,-0.00486548,-0.01311501,0.87135,0.87135,0.50383934,0.42159817,0,0,639.4,389.4,0.9268,1.1052,1,1,0
2026-09-28T21:58:35.485677+09:00,49816411,1729468b,2026-09-28T21:58:35.485677+09:00,2026-09-28T21:58:35.567068+09:00,rail-left-01,rail-right-01,0.6.7-draft,0.6.7-draft,mqtt,mqtt,396.16,331.97,6.409,6.344,-0.163,-0.107,-0.051,-0.323,10.624,9.652,-0.0632,0.0385,0.037,0.0581,-0.0117,-0.0051,25.59,25.68,16285,18220,2.036,2.278,6.107,6.833,221,221,23,23,0,0,0,0,-0.85322854,-1.11870399,-0.85322854,-1.11870399,0.10945169,0.09468906,0.10945169,0.09468906,0.38878008,0.39643917,0.00492147,0.0026721,-0.00551527,-0.00286012,0.87135,0.87135,0.42175033,0.42215344,0,0,649.1,399.1,0.9268,1.1052,1,1,0
2026-09-28T21:58:35.505698+09:00,49836432,1729468b,2026-09-28T21:58:35.505698+09:00,2026-09-28T21:58:35.587089+09:00,rail-left-01,rail-right-01,0.6.7-draft,0.6.7-draft,mqtt,mqtt,397.3,332.91,6.396,6.423,-0.026,0.037,0.037,-0.223,10.361,9.623,-0.0637,0.0309,0.0353,0.0633,-0.0144,-0.0088,25.62,25.68,16252,18394,2.032,2.299,6.095,6.898,222,222,23,23,0,0,0,0,-0.90334448,-1.07388226,-0.90334448,-1.07388226,0.10688351,0.0929493,0.10688351,0.0929493,0.3906475,0.4012418,0.00415374,0.00367869,-0.00498077,-0.002792,0.87135,0.87135,0.42184861,0.42240621,0,0,650.2,400.2,0.9268,1.1052,1,1,0
2026-09-28T21:58:35.525842+09:00,49856576,1729468b,2026-09-28T21:58:35.525842+09:00,2026-09-28T21:58:35.607233+09:00,rail-left-01,rail-right-01,0.6.7-draft,0.6.7-draft,mqtt,mqtt,398.44,333.86,6.394,6.443,-0.22,-0.115,0.142,-0.107,10.409,9.662,-0.0679,0.0316,0.0402,0.058,-0.0043,-0.0035,25.6,25.66,16247,18438,2.031,2.305,6.093,6.914,223,223,23,23,0,0,0,0,-0.94852393,-1.05529936,-0.94852393,-1.05529936,0.10455658,0.09038351,0.10455658,0.09038351,0.39215071,0.40606417,0.0037265,0.00439078,-0.00474422,-0.00301915,0.87135,0.87135,0.42192773,0.42266002,0,0,651.2,401.2,0.9268,1.1052,1,1,0
2026-09-28T21:58:35.545763+09:00,49876497,1729468b,2026-09-28T21:58:35.545763+09:00,2026-09-28T21:58:35.627154+09:00,rail-left-01,rail-right-01,0.6.7-draft,0.6.7-draft,mqtt,mqtt,399.59,334.8,6.38,6.436,-0.121,0.078,0.193,-0.163,10.512,9.732,-0.0621,0.033,0.0424,0.0514,-0.0024,-0.0017,25.6,25.67,16212,18424,2.026,2.303,6.08,6.909,224,224,23,23,0,0,0,0,-0.98900978,-1.0121199,-0.98900978,-1.0121199,0.10156208,0.08839541,0.10156208,0.08839541,0.39293917,0.4102606,0.00322199,0.00478898,-0.00497883,-0.00306623,0.87135,0.87135,0.42196923,0.42288088,0,0,652.3,402.3,0.9268,1.1052,1,1,0
2026-09-28T21:58:35.565881+09:00,49896615,1729468b,2026-09-28T21:58:35.565881+09:00,2026-09-28T21:58:35.647272+09:00,rail-left-01,rail-right-01,0.6.7-draft,0.6.7-draft,mqtt,mqtt,400.73,335.75,6.367,6.435,-0.132,-0.092,-0.085,-0.412,10.251,9.845,-0.0673,0.0322,0.044,0.0562,0.0001,-0.002,25.6,25.68,16181,18422,2.023,2.303,6.068,6.908,225,225,23,23,0,0,0,0,-1.02585861,-0.99477512,-1.02585861,-0.99477512,0.09810017,0.08663351,0.09810017,0.08663351,0.39318917,0.4140528,0.00270999,0.00503852,-0.00537926,-0.00307361,0.87135,0.87135,0.42198238,0.42308047,0,0,653.4,403.4,0.9268,1.1052,1,1,0
2026-09-28T21:58:35.585661+09:00,49916395,1729468b,2026-09-28T21:58:35.585661+09:00,2026-09-28T21:58:35.667052+09:00,rail-left-01,rail-right-01,0.6.7-draft,0.6.7-draft,mqtt,mqtt,401.82,336.69,6.365,6.434,-0.024,0.085,-0.071,-0.241,10.618,9.822,-0.0622,0.0329,0.0386,0.0541,-0.0088,-0.0068,25.61,25.67,16176,18419,2.022,2.302,6.066,6.907,226,226,23,23,0,0,0,0,-1.05872664,-0.95708759,-1.05872664,-0.95708759,0.09494601,0.08506829,0.09494601,0.08506829,0.39334542,0.41749352,0.00232677,0.00519522,-0.00561609,-0.00305659,0.87135,0.87135,0.42199061,0.42326156,0,0,654.4,404.4,0.9268,1.1052,1,1,0
2026-09-28T21:58:35.605807+09:00,49936541,1729468b,2026-09-28T21:58:35.605807+09:00,2026-09-28T21:58:35.687198+09:00,rail-left-01,rail-right-01,0.6.7-draft,0.6.7-draft,mqtt,mqtt,402.97,337.64,6.362,6.439,-0.189,-0.093,0.527,-0.268,10.397,9.821,-0.0602,0.0314,0.0485,0.0585,-0.006,-0.006,25.6,25.66,16169,18430,2.021,2.304,6.063,6.911,227,227,23,23,0,0,0,0,-1.08970075,-0.943631,-1.08970075,-0.943631,0.09198645,0.08342517,0.09198645,0.08342517,0.39339505,0.42075167,0.00200939,0.00531467,-0.00577427,-0.00307283,0.87135,0.87135,0.42199322,0.42343304,0,0,655.4,405.4,0.9268,1.1052,1,1,0
2026-09-28T21:58:35.625757+09:00,49956491,1729468b,2026-09-28T21:58:35.625757+09:00,2026-09-28T21:58:35.707148+09:00,rail-left-01,rail-right-01,0.6.7-draft,0.6.7-draft,mqtt,mqtt,404.11,338.58,6.383,6.448,-0.084,0.102,0.119,-0.074,10.288,9.583,-0.0561,0.0301,0.0192,0.0514,-0.0109,-0.0064,25.59,25.68,16221,18449,2.028,2.306,6.083,6.918,228,228,23,23,0,0,0,0,,-0.90910882,,-0.90910882,,0.08155351,,0.08155351,,0.42392917,,0.00542301,,-0.00314191,,0.87135,0.0,0.42360028,0,0,656.5,406.5,0.9268,1.1052,1,1,0
2026-09-28T21:58:35.646042+09:00,49976776,1729468b,2026-09-28T21:58:35.646042+09:00,2026-09-28T21:58:35.727433+09:00,rail-left-01,rail-right-01,0.6.7-draft,0.6.7-draft,mqtt,mqtt,405.25,339.58,6.437,6.449,-0.127,-0.02,-0.206,-0.317,10.459,9.732,-0.0564,0.0324,0.0245,0.0601,-0.0115,-0.0044,25.62,25.67,16354,18452,2.044,2.307,6.133,6.92,229,229,23,23,0,0,0,0,,-0.89062181,,-0.89062181,,0.07978735,,0.07978735,,0.42688148,,0.00549468,,-0.00319336,,0.87135,0.0,0.42375566,0,0,657.5,407.5,0.9268,1.1052,1,1,0
2026-09-28T21:58:35.665711+09:00,49996445,1729468b,2026-09-28T21:58:35.665711+09:00,2026-09-28T21:58:35.747102+09:00,rail-left-01,rail-right-01,0.6.7-draft,0.6.7-draft,mqtt,mqtt,406.4,340.52,6.464,6.459,-0.13,-0.001,0.012,-0.409,10.327,9.766,-0.0622,0.0288,0.0224,0.0556,-0.0093,-0.0041,25.6,25.67,16421,18474,2.053,2.309,6.158,6.928,230,230,23,23,0,0,0,0,,-0.87147082,,-0.87147082,,0.07778166,,0.07778166,,0.42980028,,0.00556833,,-0.00328906,,0.87135,0.0,0.42390929,0,0,658.6,408.6,0.9268,1.1052,1,1,0
2026-09-28T21:58:35.844594+09:00,50167446,1729468b,2026-09-28T21:58:35.844594+09:00,2026-09-28T21:58:35.888005+09:00,rail-left-01,rail-right-01,0.6.7-draft,0.6.7-draft,mqtt,mqtt,416.19,348.57,6.483,6.46,-0.144,0.099,0.183,-0.186,10.343,9.414,-0.0632,0.028,0.0285,0.0516,-0.0088,-0.0024,25.6,25.65,16468,18477,2.059,2.31,6.175,6.929,231,231,24,24,0,0,0,0,-0.86539675,-0.85563035,-0.86539675,-0.85563035,0.07659779,0.08972726,0.07659779,0.08972726,0.43284988,0.45173604,0.00551221,0.00625704,-0.00312526,1.266e-05,0.87135,0.87135,0.42406979,0.4250638,0,0,667.7,417.7,0.9268,1.1052,1,1,0
2026-09-28T21:58:35.864731+09:00,50187583,1729468b,2026-09-28T21:58:35.864731+09:00,2026-09-28T21:58:35.908142+09:00,rail-left-01,rail-right-01,0.6.7-draft,0.6.7-draft,mqtt,mqtt,417.34,349.57,6.636,6.338,-0.119,0.048,0.164,-0.379,10.287,9.38,-0.0634,0.0338,0.0442,0.0605,-0.0103,-0.0076,25.6,25.64,16850,18206,2.106,2.276,6.319,6.827,232,232,24,24,0,0,0,0,-0.86117136,-0.82900578,-0.86117136,-0.82900578,0.08077144,0.09478502,0.08077144,0.09478502,0.4383271,0.45320432,0.00596244,0.00570456,-0.00196354,0.00095592,0.87135,0.87135,0.42435807,0.42514108,0,0,668.8,418.8,0.9268,1.1052,1,1,0
2026-09-28T21:58:35.884663+09:00,50207514,1729468b,2026-09-28T21:58:35.884663+09:00,2026-09-28T21:58:35.928073+09:00,rail-left-01,rail-right-01,0.6.7-draft,0.6.7-draft,mqtt,mqtt,418.48,350.51,6.633,6.357,-0.116,-0.057,-0.136,-0.071,10.336,9.741,-0.0653,0.0316,0.0329,0.0577,-0.0067,-0.0064,25.61,25.68,16842,18249,2.105,2.281,6.316,6.843,233,233,24,24,0,0,0,0,-0.85832438,-0.81267271,-0.85832438,-0.81267271,0.08456684,0.09898645,0.08456684,0.09898645,0.44338917,0.45486564,0.00628046,0.00533062,-0.00107795,0.00155558,0.87135,0.87135,0.42462449,0.42522851,0,0,669.8,419.8,0.9268,1.1052,1,1,0
2026-09-28T21:58:35.905101+09:00,50227952,1729468b,2026-09-28T21:58:35.905101+09:00,2026-09-28T21:58:35.948511+09:00,rail-left-01,rail-right-01,0.6.7-draft,0.6.7-draft,mqtt,mqtt,419.62,351.46,6.638,6.347,-0.147,-0.09,0.028,-0.496,10.42,9.821,-0.0691,0.0286,0.0272,0.0625,-0.0109,-0.0072,25.61,25.65,16856,18226,2.107,2.278,6.321,6.835,234,234,24,24,0,0,0,0,-0.85671295,-0.79989201,-0.85671295,-0.79989201,0.08827867,0.10323351,0.08827867,0.10323351,0.4482053,0.45628917,0.00652618,0.00501085,-0.00034625,0.00205591,0.87135,0.87135,0.42487797,0.42530344,0,0,670.9,420.9,0.9268,1.1052,1,1,0
2026-09-28T21:58:35.924728+09:00,50247579,1729468b,2026-09-28T21:58:35.924728+09:00,2026-09-28T21:58:35.968138+09:00,rail-left-01,rail-right-01,0.6.7-draft,0.6.7-draft,mqtt,mqtt,420.77,352.4,6.643,6.333,-0.089,0.002,0.028,0.038,10.527,9.762,-0.0662,0.0314,0.0132,0.0565,-0.0103,-0.004,25.6,25.67,16867,18195,2.108,2.274,6.325,6.823,235,235,24,24,0,0,0,0,,-0.78064794,,-0.78064794,,0.10763351,,0.10763351,,0.45743917,,0.0047215,,0.00250224,,0.87135,0.0,0.42536396,0,0,671.9,421.9,0.9268,1.1052,1,1,0
2026-09-28T21:58:35.944721+09:00,50267573,1729468b,2026-09-28T21:58:35.944721+09:00,2026-09-28T21:58:35.988132+09:00,rail-left-01,rail-right-01,0.6.7-draft,0.6.7-draft,mqtt,mqtt,421.91,353.35,6.633,6.331,0.029,0.09,0.069,-0.385,10.448,9.713,-0.0661,0.0354,0.0349,0.0588,-0.0107,-0.0057,25.63,25.67,16843,18190,2.105,2.274,6.316,6.821,236,236,24,24,0,0,0,0,,-0.75573128,,-0.75573128,,0.11184972,,0.11184972,,0.45849998,,0.00447635,,0.0028651,,0.87135,0.0,0.4254198,0,0,673.0,423.0,0.9268,1.1052,1,1,0
2026-09-28T21:58:35.964667+09:00,50287518,1729468b,2026-09-28T21:58:35.964667+09:00,2026-09-28T21:58:36.008077+09:00,rail-left-01,rail-right-01,0.6.7-draft,0.6.7-draft,mqtt,mqtt,423.05,354.29,6.625,6.32,-0.153,-0.042,0.051,-0.105,10.472,9.766,-0.0652,0.0304,0.0365,0.0586,-0.0129,-0.0093,25.62,25.67,16822,18167,2.103,2.271,6.308,6.813,237,237,24,24,0,0,0,0,,-0.74192455,,-0.74192455,,0.11613351,,0.11613351,,0.45936022,,0.00424951,,0.0031955,,0.87135,0.0,0.42546507,0,0,674.0,424.0,0.9268,1.1052,1,1,0
2026-09-28T21:58:35.984627+09:00,50307479,1729468b,2026-09-28T21:58:35.984627+09:00,2026-09-28T21:58:36.028038+09:00,rail-left-01,rail-right-01,0.6.7-draft,0.6.7-draft,mqtt,mqtt,424.2,355.24,6.61,6.322,-0.135,-0.037,0.192,-0.335,10.554,9.556,-0.0653,0.0305,0.0269,0.0604,-0.0105,-0.0031,25.59,25.65,16785,18171,2.098,2.271,6.294,6.814,238,238,24,24,0,0,0,0,,-0.72852264,,-0.72852264,,0.12014633,,0.12014633,,0.46020199,,0.00405707,,0.00346025,,0.87135,0.0,0.42550938,0,0,675.1,425.1,0.9268,1.1052,1,1,0
2026-09-28T21:58:36.004774+09:00,50327625,1729468b,2026-09-28T21:58:36.004774+09:00,2026-09-28T21:58:36.048184+09:00,rail-left-01,rail-right-01,0.6.7-draft,0.6.7-draft,mqtt,mqtt,425.34,356.18,6.595,6.327,-0.195,-0.083,0.299,-0.314,10.444,9.524,-0.0683,0.0304,0.0242,0.0594,-0.0099,-0.0028,25.6,25.67,16749,18182,2.094,2.273,6.281,6.818,239,239,24,24,0,0,0,0,,-0.71907923,,-0.71907923,,0.12383351,,0.12383351,,0.46106417,,0.00389614,,0.00366484,,0.87135,0.0,0.42555475,0,0,676.2,426.2,0.9268,1.1052,1,1,0
2026-09-28T21:58:36.024749+09:00,50347600,1729468b,2026-09-28T21:58:36.024749+09:00,2026-09-28T21:58:36.068159+09:00,rail-left-01,rail-right-01,0.6.7-draft,0.6.7-draft,mqtt,mqtt,426.48,357.13,6.574,6.321,-0.04,-0.036,0.114,-0.23,10.566,9.783,-0.0634,0.0304,0.0216,0.0661,-0.0121,-0.0051,25.63,25.65,16696,18168,2.087,2.271,6.261,6.813,240,240,24,24,0,0,0,0,,-0.70675995,,-0.70675995,,0.12748717,,0.12748717,,0.46181112,,0.00374537,,0.00385133,,0.87135,0.0,0.42559407,0,0,677.2,427.2,0.9268,1.1052,1,1,0
2026-09-28T21:58:36.122163+09:00,50492461,1729468b,2026-09-28T21:58:36.122163+09:00,2026-09-28T21:58:36.207907+09:00,rail-left-01,rail-right-01,0.6.7-draft,0.6.7-draft,mqtt,mqtt,434.74,364.04,6.565,6.336,-0.141,-0.093,0.195,-0.326,10.454,10.047,-0.0661,0.0352,0.0362,0.0565,-0.0057,-0.0031,25.6,25.64,16674,18201,2.084,2.275,6.253,6.825,241,241,25,25,0,0,0,0,-0.70183104,,-0.70183104,,0.13075256,,0.13075256,,0.46241536,,0.00353836,,0.0039626,,0.87135,,0.42562587,0.0,0,0,684.9,434.9,0.9268,1.1052,1,1,0
2026-09-28T21:58:36.142322+09:00,50512620,1729468b,2026-09-28T21:58:36.142322+09:00,2026-09-28T21:58:36.228066+09:00,rail-left-01,rail-right-01,0.6.7-draft,0.6.7-draft,mqtt,mqtt,435.88,364.98,6.41,6.284,-0.107,-0.022,0.145,-0.318,10.71,9.772,-0.0648,0.0346,0.0461,0.0576,-0.0136,-0.0117,25.61,25.67,16288,18086,2.036,2.261,6.108,6.782,242,242,25,25,0,0,0,0,-0.69848981,,-0.69848981,,0.13026141,,0.13026141,,0.46118917,,0.00314894,,0.00362938,,0.90335,,0.42556133,0.0,0,0,685.9,435.9,0.9268,1.1052,1,1,0
2026-09-28T21:58:36.162256+09:00,50532554,1729468b,2026-09-28T21:58:36.162256+09:00,2026-09-28T21:58:36.248000+09:00,rail-left-01,rail-right-01,0.6.7-draft,0.6.7-draft,mqtt,mqtt,437.07,365.98,6.393,6.297,-0.054,-0.019,-0.138,-0.351,10.399,9.524,-0.0653,0.0369,0.0412,0.058,-0.0105,-0.0115,25.57,25.65,16244,18116,2.031,2.265,6.092,6.794,243,243,25,25,0,0,0,0,-0.69637597,-0.87396229,-0.69637597,-0.87396229,0.12940623,0.01863351,0.12940623,0.01863351,0.45982553,0.34018917,0.00279163,0.0,0.00329755,0.0,0.90335,0.60935,0.42548956,0.42297345,0,0,687.0,437.0,0.9268,1.1052,1,1,0
2026-09-28T21:58:36.182303+09:00,50552601,1729468b,2026-09-28T21:58:36.182303+09:00,2026-09-28T21:58:36.268047+09:00,rail-left-01,rail-right-01,0.6.7-draft,0.6.7-draft,mqtt,mqtt,438.22,366.92,6.381,6.281,-0.163,-0.102,0.111,0.006,10.412,9.576,-0.0658,0.034,0.0369,0.0593,-0.0077,-0.0057,25.64,25.62,16216,18079,2.027,2.26,6.081,6.78,244,244,25,25,0,0,0,0,,-0.75508689,,-0.75508689,,0.02663351,,0.02663351,,0.33618917,,-0.01702128,,0.03404255,,0.60935,0.0,0.42264012,0,0,688.1,438.1,0.9268,1.1052,1,1,0
2026-09-28T21:58:36.202584+09:00,50572882,1729468b,2026-09-28T21:58:36.202584+09:00,2026-09-28T21:58:36.288328+09:00,rail-left-01,rail-right-01,0.6.7-draft,0.6.7-draft,mqtt,mqtt,439.36,367.87,6.362,6.252,0.036,0.057,-0.037,-0.353,10.428,9.724,-0.0667,0.0368,0.0308,0.057,-0.0112,-0.0028,25.59,25.64,16169,18015,2.021,2.252,6.063,6.756,245,245,25,25,0,0,0,0,,-0.56313344,,-0.56313344,,0.03896684,,0.03896684,,0.3300225,,-0.02382143,,0.04764287,,0.60935,0.0,0.42212623,0,0,689.2,439.2,0.9268,1.1052,1,1,0
2026-09-28T21:58:36.222586+09:00,50592884,1729468b,2026-09-28T21:58:36.222586+09:00,2026-09-28T21:58:36.308330+09:00,rail-left-01,rail-right-01,0.6.7-draft,0.6.7-draft,mqtt,mqtt,440.5,368.81,6.332,6.23,-0.235,-0.157,0.147,-0.232,10.67,9.625,-0.0622,0.0329,0.0342,0.0573,-0.0113,-0.0021,25.6,25.64,16093,17966,2.012,2.246,6.035,6.737,246,246,25,25,0,0,0,0,,-0.62031825,,-0.62031825,,0.05063351,,0.05063351,,0.32418917,,-0.02436879,,0.04873757,,0.60935,0.0,0.42164012,0,0,690.2,440.2,0.9268,1.1052,1,1,0
2026-09-28T21:58:36.242184+09:00,50612482,1729468b,2026-09-28T21:58:36.242184+09:00,2026-09-28T21:58:36.327928+09:00,rail-left-01,rail-right-01,0.6.7-draft,0.6.7-draft,mqtt,mqtt,441.65,369.75,6.328,6.21,0.02,0.119,-0.028,-0.236,10.436,9.75,-0.0645,0.038,0.0278,0.0574,-0.0112,-0.0043,25.59,25.65,16084,17923,2.011,2.24,6.032,6.721,247,247,25,25,0,0,0,0,,-0.49682284,,-0.49682284,,0.06163351,,0.06163351,,0.31868917,,-0.02386275,,0.0477255,,0.60935,0.0,0.42118179,0,0,691.3,441.3,0.9268,1.1052,1,1,0
2026-09-28T21:58:36.262320+09:00,50632618,1729468b,2026-09-28T21:58:36.262320+09:00,2026-09-28T21:58:36.348064+09:00,rail-left-01,rail-right-01,0.6.7-draft,0.6.7-draft,mqtt,mqtt,442.79,370.75,6.303,6.201,-0.133,-0.103,0.233,-0.123,10.67,9.71,-0.0625,0.0305,0.0406,0.0584,-0.008,-0.0041,25.6,25.65,16021,17902,2.003,2.238,6.008,6.713,248,248,25,25,0,0,0,0,,-0.51982277,,-0.51982277,,0.07046684,,0.07046684,,0.3142725,,-0.02145996,,0.04291992,,0.60935,0.0,0.42081373,0,0,692.3,442.3,0.9268,1.1052,1,1,0
2026-09-28T21:58:36.282352+09:00,50652650,1729468b,2026-09-28T21:58:36.282352+09:00,2026-09-28T21:58:36.368096+09:00,rail-left-01,rail-right-01,0.6.7-draft,0.6.7-draft,mqtt,mqtt,443.93,371.69,6.305,6.203,0.02,0.069,0.006,-0.243,10.372,9.687,-0.0628,0.0312,0.0382,0.0577,-0.0127,-0.0104,25.63,25.65,16027,17906,2.003,2.238,6.01,6.715,249,249,25,25,0,0,0,0,,-0.46632742,,-0.46632742,,0.07649065,,0.07649065,,0.3112606,,-0.01812314,,0.03624628,,0.60935,0.0,0.42056274,0,0,693.4,443.4,0.9268,1.1052,1,1,0
2026-09-28T21:58:36.302407+09:00,50672705,1729468b,2026-09-28T21:58:36.302407+09:00,2026-09-28T21:58:36.388151+09:00,rail-left-01,rail-right-01,0.6.7-draft,0.6.7-draft,mqtt,mqtt,445.08,372.64,6.295,6.216,-0.12,-0.013,0.093,-0.235,10.416,9.56,-0.0625,0.0368,0.042,0.0585,-0.01,-0.0036,25.61,25.65,16001,17936,2.0,2.242,6.0,6.726,250,250,25,25,0,0,0,0,,-0.45572013,,-0.45572013,,0.07938351,,0.07938351,,0.30981417,,-0.01409594,,0.02819188,,0.60935,0.0,0.4204422,0,0,694.5,444.5,0.9268,1.1052,1,1,0
2026-09-28T21:58:36.483016+09:00,50810440,1729468b,2026-09-28T21:58:36.483016+09:00,2026-09-28T21:58:36.567393+09:00,rail-left-01,rail-right-01,0.6.7-draft,0.6.7-draft,mqtt,mqtt,452.98,379.2,6.281,6.216,0.019,0.06,0.028,-0.267,10.464,9.647,-0.0636,0.034,0.0393,0.0577,-0.0088,-0.0052,25.62,25.65,15966,17935,1.996,2.242,5.987,6.726,251,251,26,26,0,0,0,0,,,,,,,,,,,,,,,,,0.0,0.0,0,0,701.8,451.8,0.9268,1.1052,1,1,0
2026-09-28T21:58:36.503185+09:00,50830609,1729468b,2026-09-28T21:58:36.503185+09:00,2026-09-28T21:58:36.587562+09:00,rail-left-01,rail-right-01,0.6.7-draft,0.6.7-draft,mqtt,mqtt,454.18,380.2,6.228,6.263,-0.192,-0.133,-0.065,-0.334,10.568,9.651,-0.0657,0.0301,0.045,0.0593,-0.0113,-0.0076,25.61,25.66,15834,18040,1.979,2.255,5.938,6.765,252,252,26,26,0,0,0,0,,,,,,,,,,,,,,,,,0.0,0.0,0,0,702.9,452.9,0.9268,1.1052,1,1,0
2026-09-28T21:58:36.523120+09:00,50850544,1729468b,2026-09-28T21:58:36.523120+09:00,2026-09-28T21:58:36.607497+09:00,rail-left-01,rail-right-01,0.6.7-draft,0.6.7-draft,mqtt,mqtt,455.32,381.14,6.213,6.264,0.067,0.047,-0.102,-0.162,10.464,9.886,-0.0652,0.033,0.0338,0.0548,-0.0113,-0.0049,25.59,25.66,15797,18042,1.975,2.255,5.924,6.766,253,253,26,26,0,0,0,0,,,,,,,,,,,,,,,,,0.0,0.0,0,0,704.0,454.0,0.9268,1.1052,1,1,0
2026-09-28T21:58:36.543129+09:00,50870552,1729468b,2026-09-28T21:58:36.543129+09:00,2026-09-28T21:58:36.627505+09:00,rail-left-01,rail-right-01,0.6.7-draft,0.6.7-draft,mqtt,mqtt,456.46,382.08,6.203,6.269,-0.107,-0.105,0.214,-0.277,10.495,9.671,-0.0694,0.0344,0.0413,0.0588,-0.0093,-0.0055,25.61,25.66,15773,18052,1.972,2.257,5.915,6.769,254,254,26,26,0,0,0,0,,,,,,,,,,,,,,,,,0.0,0.0,0,0,705.0,455.0,0.9268,1.1052,1,1,0
2026-09-28T21:58:36.563184+09:00,50890608,1729468b,2026-09-28T21:58:36.563184+09:00,2026-09-28T21:58:36.647561+09:00,rail-left-01,rail-right-01,0.6.7-draft,0.6.7-draft,mqtt,mqtt,457.61,383.03,6.201,6.264,-0.092,-0.022,0.095,-0.219,10.335,9.618,-0.0658,0.034,0.0341,0.0552,-0.008,-0.0051,25.6,25.67,15768,18041,1.971,2.255,5.913,6.765,255,255,26,26,0,0,0,0,,,,,,,,,,,,,,,,,0.0,0.0,0,0,706.1,456.1,0.9268,1.1052,1,1,0
2026-09-28T21:58:36.583163+09:00,50910587,1729468b,2026-09-28T21:58:36.583163+09:00,2026-09-28T21:58:36.667540+09:00,rail-left-01,rail-right-01,0.6.7-draft,0.6.7-draft,mqtt,mqtt,458.75,383.97,6.197,6.246,-0.102,-0.043,0.328,0.087,10.702,9.652,-0.0661,0.0313,0.0453,0.0566,-0.0145,-0.0097,25.62,25.67,15757,18001,1.97,2.25,5.909,6.75,256,256,26,26,0,0,0,0,,-0.50654,,-0.50654,,0.06463351,,0.06463351,,0.3035225,,-0.00384742,,-0.00668576,,0.81435,0.0,0.4199179,0,0,707.1,457.1,0.9268,1.1052,1,1,0
2026-09-28T21:58:36.603126+09:00,50930549,1729468b,2026-09-28T21:58:36.603126+09:00,2026-09-28T21:58:36.687502+09:00,rail-left-01,rail-right-01,0.6.7-draft,0.6.7-draft,mqtt,mqtt,459.89,384.92,6.18,6.266,0.002,0.097,-0.03,-0.215,10.576,9.705,-0.0654,0.0301,0.0401,0.053,-0.0125,-0.0052,25.61,25.66,15715,18047,1.964,2.256,5.893,6.768,257,257,26,26,0,0,0,0,,-0.44517442,,-0.44517442,,0.05083351,,0.05083351,,0.29948917,,-0.00331723,,-0.00779102,,0.81435,0.0,0.41958179,0,0,708.2,458.2,0.9268,1.1052,1,1,0
2026-09-28T21:58:36.623185+09:00,50950609,1729468b,2026-09-28T21:58:36.623185+09:00,2026-09-28T21:58:36.707562+09:00,rail-left-01,rail-right-01,0.6.7-draft,0.6.7-draft,mqtt,mqtt,461.04,385.86,6.199,6.303,-0.138,-0.104,0.069,-0.64,10.148,9.633,-0.0653,0.029,0.0442,0.0617,-0.0112,-0.0092,25.61,25.64,15761,18129,1.97,2.266,5.91,6.798,258,258,26,26,0,0,0,0,,-0.44662171,,-0.44662171,,0.03617896,,0.03617896,,0.29787099,,-0.00273676,,-0.00883047,,0.81435,0.0,0.41944694,0,0,709.3,459.3,0.9268,1.1052,1,1,0
2026-09-28T21:58:36.643207+09:00,50970631,1729468b,2026-09-28T21:58:36.643207+09:00,2026-09-28T21:58:36.727584+09:00,rail-left-01,rail-right-01,0.6.7-draft,0.6.7-draft,mqtt,mqtt,462.18,386.81,6.189,6.323,-0.044,-0.02,-0.036,-0.229,10.475,9.723,-0.0621,0.0302,0.0366,0.0589,-0.0089,0.0008,25.61,25.65,15738,18173,1.967,2.272,5.902,6.815,259,259,26,26,0,0,0,0,,-0.42794409,,-0.42794409,,0.02230017,,0.02230017,,0.29735584,,-0.00227736,,-0.00958552,,0.81435,0.0,0.41940401,0,0,710.3,460.3,0.9268,1.1052,1,1,0
2026-09-28T21:58:36.663595+09:00,50991018,1729468b,2026-09-28T21:58:36.663595+09:00,2026-09-28T21:58:36.747971+09:00,rail-left-01,rail-right-01,0.6.7-draft,0.6.7-draft,mqtt,mqtt,463.32,387.8,6.172,6.339,-0.059,-0.023,0.253,-0.379,10.621,9.924,-0.0653,0.0334,0.0384,0.0598,-0.0103,-0.0088,25.62,25.65,15696,18209,1.962,2.276,5.886,6.828,260,260,26,26,0,0,0,0,,-0.41261608,,-0.41261608,,0.00932582,,0.00932582,,0.29753532,,-0.00189225,,-0.01017214,,0.81435,0.0,0.41941897,0,0,711.4,461.4,0.9268,1.1052,1,1,0
2026-09-28T21:58:36.802702+09:00,51167505,1729468b,2026-09-28T21:58:36.802702+09:00,2026-09-28T21:58:36.890532+09:00,rail-left-01,rail-right-01,0.6.7-draft,0.6.7-draft,mqtt,mqtt,473.42,396.16,6.178,6.341,-0.083,0.014,-0.025,-0.294,10.32,9.741,-0.0642,0.0333,0.0409,0.0578,-0.0056,-0.0051,25.61,25.67,15709,18212,1.964,2.277,5.891,6.83,261,261,27,27,0,0,0,0,,,,,,,,,,,,,,,,,0.0,0.0,0,0,720.7,470.7,0.9268,1.1052,1,1,0
2026-09-28T21:58:36.822843+09:00,51187646,1729468b,2026-09-28T21:58:36.822843+09:00,2026-09-28T21:58:36.910673+09:00,rail-left-01,rail-right-01,0.6.7-draft,0.6.7-draft,mqtt,mqtt,474.56,397.15,6.184,6.452,-0.047,-0.011,-0.019,-0.314,10.47,9.722,-0.0614,0.0342,0.0446,0.0593,-0.0075,-0.0059,25.6,25.66,15725,18459,1.966,2.307,5.897,6.922,262,262,27,27,0,0,0,0,,,,,,,,,,,,,,,,,0.0,0.0,0,0,721.8,471.8,0.9268,1.1052,1,1,0
2026-09-28T21:58:36.842811+09:00,51207614,1729468b,2026-09-28T21:58:36.842811+09:00,2026-09-28T21:58:36.930641+09:00,rail-left-01,rail-right-01,0.6.7-draft,0.6.7-draft,mqtt,mqtt,475.7,398.09,6.152,6.47,-0.121,-0.117,0.157,-0.172,10.408,9.746,-0.0646,0.0312,0.0433,0.0633,-0.0113,-0.0088,25.61,25.65,15646,18498,1.956,2.312,5.867,6.937,263,263,27,27,0,0,0,0,,,,,,,,,,,,,,,,,0.0,0.0,0,0,722.8,472.8,0.9268,1.1052,1,1,0
2026-09-28T21:58:36.862966+09:00,51227769,1729468b,2026-09-28T21:58:36.862966+09:00,2026-09-28T21:58:36.950796+09:00,rail-left-01,rail-right-01,0.6.7-draft,0.6.7-draft,mqtt,mqtt,476.85,399.04,6.113,6.479,-0.053,-0.054,0.332,-0.383,10.495,9.804,-0.0632,0.0337,0.0406,0.0578,-0.0123,-0.0072,25.58,25.66,15547,18518,1.943,2.315,5.83,6.944,264,264,27,27,0,0,0,0,,,,,,,,,,,,,,,,,0.0,0.0,0,0,723.9,473.9,0.9268,1.1052,1,1,0
2026-09-28T21:58:36.882793+09:00,51247596,1729468b,2026-09-28T21:58:36.882793+09:00,2026-09-28T21:58:36.970623+09:00,rail-left-01,rail-right-01,0.6.7-draft,0.6.7-draft,mqtt,mqtt,477.99,399.98,6.105,6.494,-0.036,0.022,0.13,-0.305,10.25,9.57,-0.063,0.031,0.0432,0.0612,-0.0103,-0.0083,25.61,25.67,15527,18551,1.941,2.319,5.823,6.957,265,265,27,27,0,0,0,0,,,,,,,,,,,,,,,,,0.0,0.0,0,0,725.0,475.0,0.9268,1.1052,1,1,0
2026-09-28T21:58:36.902991+09:00,51267794,1729468b,2026-09-28T21:58:36.902991+09:00,2026-09-28T21:58:36.990821+09:00,rail-left-01,rail-right-01,0.6.7-draft,0.6.7-draft,mqtt,mqtt,479.13,400.93,6.078,6.498,-0.11,-0.111,-0.043,-0.261,10.403,9.644,-0.0683,0.0313,0.0404,0.06,-0.0105,-0.0065,25.63,25.65,15460,18561,1.933,2.32,5.798,6.96,266,266,27,27,0,0,0,0,,,,,,,,,,,,,,,,,0.0,0.0,0,0,726.0,476.0,0.9268,1.1052,1,1,0
2026-09-28T21:58:36.922787+09:00,51287590,1729468b,2026-09-28T21:58:36.922787+09:00,2026-09-28T21:58:37.010617+09:00,rail-left-01,rail-right-01,0.6.7-draft,0.6.7-draft,mqtt,mqtt,480.28,401.87,6.085,6.498,-0.041,0.032,0.13,-0.004,10.402,9.753,-0.0638,0.0313,0.0376,0.0546,-0.0103,-0.0045,25.59,25.63,15478,18560,1.935,2.32,5.804,6.96,267,267,27,27,0,0,0,0,,,,,,,,,,,,,,,,,0.0,0.0,0,0,727.1,477.1,0.9268,1.1052,1,1,0
2026-09-28T21:58:36.942740+09:00,51307543,1729468b,2026-09-28T21:58:36.942740+09:00,2026-09-28T21:58:37.030570+09:00,rail-left-01,rail-right-01,0.6.7-draft,0.6.7-draft,mqtt,mqtt,481.42,402.82,6.114,6.523,-0.103,-0.035,-0.087,-0.432,10.505,9.784,-0.065,0.0309,0.041,0.0568,-0.0077,-0.0053,25.61,25.66,15550,18617,1.944,2.327,5.831,6.981,268,268,27,27,0,0,0,0,,,,,,,,,,,,,,,,,0.0,0.0,0,0,728.1,478.1,0.9268,1.1052,1,1,0
2026-09-28T21:58:36.962864+09:00,51327667,1729468b,2026-09-28T21:58:36.962864+09:00,2026-09-28T21:58:37.050694+09:00,rail-left-01,rail-right-01,0.6.7-draft,0.6.7-draft,mqtt,mqtt,482.57,403.76,6.138,6.535,-0.084,-0.049,0.083,-0.051,10.576,9.645,-0.0586,0.0329,0.0365,0.0428,-0.0089,0.0,25.61,25.66,15610,18644,1.951,2.331,5.854,6.992,269,269,27,27,0,0,0,0,,-0.42866916,,-0.42866916,,-0.01286649,,-0.01286649,,0.30615345,,0.00087959,,-0.01028252,,0.81435,0.0,0.42013714,0,0,729.2,479.2,0.9268,1.1052,1,1,0
2026-09-28T21:58:36.982723+09:00,51347526,1729468b,2026-09-28T21:58:36.982723+09:00,2026-09-28T21:58:37.070553+09:00,rail-left-01,rail-right-01,0.6.7-draft,0.6.7-draft,mqtt,mqtt,483.71,404.71,6.213,6.547,0.006,-0.007,-0.029,-0.284,10.36,9.616,-0.0601,0.0341,0.0378,0.0454,-0.0101,-0.0025,25.63,25.64,15796,18670,1.975,2.334,5.924,7.001,270,270,27,27,0,0,0,0,,-0.40028243,,-0.40028243,,-0.03289983,,-0.03289983,,0.3140225,,0.0018558,,-0.01039357,,0.81435,0.0,0.4207929,0,0,730.3,480.3,0.9268,1.1052,1,1,0
2026-09-28T21:58:37.119453+09:00,51491441,1729468b,2026-09-28T21:58:37.119453+09:00,2026-09-28T21:58:37.203054+09:00,rail-left-01,rail-right-01,0.6.7-draft,0.6.7-draft,mqtt,mqtt,491.91,411.47,6.244,6.553,-0.129,-0.12,0.186,-0.292,10.344,9.64,-0.0682,0.0284,0.0418,0.06,-0.0101,-0.0088,25.61,25.67,15875,18682,1.984,2.335,5.953,7.006,271,271,28,28,0,0,0,0,,,,,,,,,,,,,,,,,0.0,0.0,0,0,737.9,487.9,0.9268,1.1052,1,1,0
2026-09-28T21:58:37.139601+09:00,51511589,1729468b,2026-09-28T21:58:37.139601+09:00,2026-09-28T21:58:37.223202+09:00,rail-left-01,rail-right-01,0.6.7-draft,0.6.7-draft,mqtt,mqtt,493.06,412.46,6.441,6.553,-0.043,0.056,-0.018,-0.113,10.436,9.586,-0.0629,0.0281,0.0337,0.0544,-0.0087,-0.0055,25.61,25.65,16364,18684,2.046,2.336,6.137,7.007,272,272,28,28,0,0,0,0,,,,,,,,,,,,,,,,,0.0,0.0,0,0,738.9,488.9,0.9268,1.1052,1,1,0
2026-09-28T21:58:37.159535+09:00,51531523,1729468b,2026-09-28T21:58:37.159535+09:00,2026-09-28T21:58:37.243136+09:00,rail-left-01,rail-right-01,0.6.7-draft,0.6.7-draft,mqtt,mqtt,494.2,413.36,6.465,6.541,-0.132,-0.16,0.041,-0.266,10.523,9.843,-0.0699,0.0257,0.032,0.0562,-0.0073,-0.0103,25.62,25.66,16425,18656,2.053,2.332,6.159,6.996,273,273,28,28,0,0,0,0,,,,,,,,,,,,,,,,,0.0,0.0,0,0,740.0,490.0,0.9268,1.1052,1,1,0
2026-09-28T21:58:37.179637+09:00,51551625,1729468b,2026-09-28T21:58:37.179637+09:00,2026-09-28T21:58:37.263238+09:00,rail-left-01,rail-right-01,0.6.7-draft,0.6.7-draft,mqtt,mqtt,495.34,414.35,6.484,6.53,0.026,0.037,0.03,-0.432,10.473,9.658,-0.0669,0.0225,0.0334,0.0532,-0.0089,-0.0089,25.6,25.66,16471,18631,2.059,2.329,6.177,6.987,274,274,28,28,0,0,0,0,,,,,,,,,,,,,,,,,0.0,0.0,0,0,741.0,491.0,0.9268,1.1052,1,1,0
2026-09-28T21:58:37.199802+09:00,51571790,1729468b,2026-09-28T21:58:37.199802+09:00,2026-09-28T21:58:37.283403+09:00,rail-left-01,rail-right-01,0.6.7-draft,0.6.7-draft,mqtt,mqtt,496.49,415.3,6.483,6.493,-0.164,-0.095,0.187,-0.188,10.435,9.541,-0.0628,0.0252,0.0317,0.0473,-0.0081,-0.0061,25.62,25.67,16469,18549,2.059,2.319,6.176,6.956,275,275,28,28,0,0,0,0,,,,,,,,,,,,,,,,,0.0,0.0,0,0,742.1,492.1,0.9268,1.1052,1,1,0
2026-09-28T21:58:37.219801+09:00,51591789,1729468b,2026-09-28T21:58:37.219801+09:00,2026-09-28T21:58:37.303402+09:00,rail-left-01,rail-right-01,0.6.7-draft,0.6.7-draft,mqtt,mqtt,497.63,416.24,6.494,6.461,0.018,0.004,0.291,-0.225,10.37,9.799,-0.0654,0.0293,0.0422,0.0598,-0.0104,-0.0152,25.59,25.67,16497,18479,2.062,2.31,6.186,6.93,276,276,28,28,0,0,0,0,,,,,,,,,,,,,,,,,0.0,0.0,0,0,743.2,493.2,0.9268,1.1052,1,1,0
2026-09-28T21:58:37.239564+09:00,51611552,1729468b,2026-09-28T21:58:37.239564+09:00,2026-09-28T21:58:37.323165+09:00,rail-left-01,rail-right-01,0.6.7-draft,0.6.7-draft,mqtt,mqtt,498.77,417.19,6.491,6.473,-0.107,0.09,0.189,-0.117,10.404,9.695,-0.0662,0.0318,0.0418,0.0584,-0.0063,-0.0073,25.59,25.7,16488,18506,2.061,2.313,6.183,6.94,277,277,28,28,0,0,0,0,,,,,,,,,,,,,,,,,0.0,0.0,0,0,744.2,494.2,0.9268,1.1052,1,1,0
2026-09-28T21:58:37.259547+09:00,51631535,1729468b,2026-09-28T21:58:37.259547+09:00,2026-09-28T21:58:37.343148+09:00,rail-left-01,rail-right-01,0.6.7-draft,0.6.7-draft,mqtt,mqtt,499.87,418.13,6.49,6.477,-0.247,-0.17,0.172,-0.502,10.525,9.627,-0.0691,0.0277,0.0328,0.0564,-0.0031,0.0031,25.63,25.66,16487,18514,2.061,2.314,6.183,6.943,278,278,28,28,0,0,0,0,,,,,,,,,,,,,,,,,0.0,0.0,0,0,745.2,495.2,0.9268,1.1052,1,1,0
2026-09-28T21:58:37.279510+09:00,51651498,1729468b,2026-09-28T21:58:37.279510+09:00,2026-09-28T21:58:37.363111+09:00,rail-left-01,rail-right-01,0.6.7-draft,0.6.7-draft,mqtt,mqtt,501.01,419.08,6.497,6.471,0.128,0.154,-0.13,-0.213,10.39,9.653,-0.0669,0.0321,0.0365,0.0594,-0.0061,-0.0025,25.59,25.67,16505,18500,2.063,2.312,6.189,6.938,279,279,28,28,0,0,0,0,,,,,,,,,,,,,,,,,0.0,0.0,0,0,746.3,496.3,0.9268,1.1052,1,1,0
2026-09-28T21:58:37.299655+09:00,51671643,1729468b,2026-09-28T21:58:37.299655+09:00,2026-09-28T21:58:37.383256+09:00,rail-left-01,rail-right-01,0.6.7-draft,0.6.7-draft,mqtt,mqtt,502.2,420.02,6.498,6.468,-0.297,-0.251,0.043,-0.271,10.424,9.737,-0.0701,0.03,0.0404,0.0581,-0.0057,-0.0055,25.6,25.66,16507,18495,2.063,2.312,6.19,6.936,280,280,28,28,0,0,0,0,,,,,,,,,,,,,,,,,0.0,0.0,0,0,747.4,497.4,0.9268,1.1052,1,1,0
2026-09-28T21:58:37.433379+09:00,51802440,1729468b,2026-09-28T21:58:37.433379+09:00,2026-09-28T21:58:37.513080+09:00,rail-left-01,rail-right-01,0.6.7-draft,0.6.7-draft,mqtt,mqtt,509.66,426.18,6.491,6.476,0.01,0.031,-0.018,-0.555,10.469,9.729,-0.0694,0.0304,0.0445,0.0573,0.0001,-0.0076,25.61,25.64,16488,18512,2.061,2.314,6.183,6.942,281,281,29,29,0,0,0,0,,,,,,,,,,,,,,,,,0.0,0.0,0,0,754.3,504.3,0.9268,1.1052,1,1,0
2026-09-28T21:58:37.453497+09:00,51822558,1729468b,2026-09-28T21:58:37.453497+09:00,2026-09-28T21:58:37.533198+09:00,rail-left-01,rail-right-01,0.6.7-draft,0.6.7-draft,mqtt,mqtt,510.81,427.13,6.458,6.502,-0.09,-0.048,-0.056,-0.235,10.418,9.819,-0.0662,0.0322,0.0484,0.0566,-0.0065,-0.0096,25.61,25.67,16407,18569,2.051,2.321,6.153,6.963,282,282,29,29,0,0,0,0,,,,,,,,,,,,,,,,,0.0,0.0,0,0,755.4,505.4,0.9268,1.1052,1,1,0
2026-09-28T21:58:37.473431+09:00,51842492,1729468b,2026-09-28T21:58:37.473431+09:00,2026-09-28T21:58:37.553132+09:00,rail-left-01,rail-right-01,0.6.7-draft,0.6.7-draft,mqtt,mqtt,511.95,428.07,6.434,6.512,-0.026,-0.005,0.156,-0.054,10.418,9.62,-0.0638,0.0324,0.0417,0.0553,-0.0044,-0.0035,25.6,25.68,16348,18592,2.044,2.324,6.131,6.972,283,283,29,29,0,0,0,0,,,,,,,,,,,,,,,,,0.0,0.0,0,0,756.4,506.4,0.9268,1.1052,1,1,0
2026-09-28T21:58:37.493559+09:00,51862620,1729468b,2026-09-28T21:58:37.493559+09:00,2026-09-28T21:58:37.573260+09:00,rail-left-01,rail-right-01,0.6.7-draft,0.6.7-draft,mqtt,mqtt,513.09,429.02,6.424,6.508,-0.132,0.0,0.054,-0.323,10.357,9.62,-0.0662,0.0274,0.0466,0.0562,-0.006,-0.0099,25.6,25.64,16321,18582,2.04,2.323,6.12,6.968,284,284,29,29,0,0,0,0,,,,,,,,,,,,,,,,,0.0,0.0,0,0,757.5,507.5,0.9268,1.1052,1,1,0
2026-09-28T21:58:37.513694+09:00,51882756,1729468b,2026-09-28T21:58:37.513694+09:00,2026-09-28T21:58:37.593395+09:00,rail-left-01,rail-right-01,0.6.7-draft,0.6.7-draft,mqtt,mqtt,514.24,429.96,6.408,6.516,-0.056,0.017,0.007,-0.212,10.514,9.619,-0.0642,0.0318,0.0441,0.0573,-0.0047,-0.0039,25.6,25.65,16283,18601,2.035,2.325,6.106,6.975,285,285,29,29,0,0,0,0,,,,,,,,,,,,,,,,,0.0,0.0,0,0,758.6,508.6,0.9268,1.1052,1,1,0
2026-09-28T21:58:37.533689+09:00,51902750,1729468b,2026-09-28T21:58:37.533689+09:00,2026-09-28T21:58:37.613390+09:00,rail-left-01,rail-right-01,0.6.7-draft,0.6.7-draft,mqtt,mqtt,515.38,430.91,6.405,6.51,-0.107,-0.043,0.017,-0.403,10.217,9.711,-0.0655,0.0324,0.0404,0.0562,-0.0107,-0.0077,25.62,25.65,16275,18588,2.034,2.324,6.103,6.971,286,286,29,29,0,0,0,0,,,,,,,,,,,,,,,,,0.0,0.0,0,0,759.6,509.6,0.9268,1.1052,1,1,0
2026-09-28T21:58:37.553421+09:00,51922482,1729468b,2026-09-28T21:58:37.553421+09:00,2026-09-28T21:58:37.633122+09:00,rail-left-01,rail-right-01,0.6.7-draft,0.6.7-draft,mqtt,mqtt,516.52,431.85,6.4,6.505,-0.183,-0.12,0.249,-0.031,10.435,9.657,-0.069,0.0302,0.0713,0.0514,0.0119,-0.0047,25.6,25.66,16263,18576,2.033,2.322,6.099,6.966,287,287,29,29,0,0,0,0,,,,,,,,,,,,,,,,,0.0,0.0,0,0,760.7,510.7,0.9268,1.1052,1,1,0
2026-09-28T21:58:37.573531+09:00,51942592,1729468b,2026-09-28T21:58:37.573531+09:00,2026-09-28T21:58:37.653232+09:00,rail-left-01,rail-right-01,0.6.7-draft,0.6.7-draft,mqtt,mqtt,517.67,432.8,6.378,6.501,-0.068,0.05,0.104,-0.472,10.411,9.591,-0.0683,0.0334,0.0608,0.0561,0.0035,-0.0061,25.6,25.67,16208,18567,2.026,2.321,6.078,6.963,288,288,29,29,0,0,0,0,,,,,,,,,,,,,,,,,0.0,0.0,0,0,761.7,511.7,0.9268,1.1052,1,1,0
2026-09-28T21:58:37.593459+09:00,51962521,1729468b,2026-09-28T21:58:37.593459+09:00,2026-09-28T21:58:37.673160+09:00,rail-left-01,rail-right-01,0.6.7-draft,0.6.7-draft,mqtt,mqtt,518.81,433.79,6.375,6.504,-0.048,0.001,-0.101,-0.269,10.342,9.697,-0.0671,0.0322,0.0552,0.0548,0.0035,-0.0024,25.61,25.64,16200,18574,2.025,2.322,6.075,6.965,289,289,29,29,0,0,0,0,,,,,,,,,,,,,,,,,0.0,0.0,0,0,762.8,512.8,0.9268,1.1052,1,1,0
2026-09-28T21:58:37.613917+09:00,51982978,1729468b,2026-09-28T21:58:37.613917+09:00,2026-09-28T21:58:37.693618+09:00,rail-left-01,rail-right-01,0.6.7-draft,0.6.7-draft,mqtt,mqtt,519.95,434.74,6.354,6.494,-0.08,-0.074,0.145,-0.111,10.349,9.851,-0.0681,0.034,0.0414,0.0569,0.0007,-0.0048,25.59,25.67,16147,18553,2.018,2.319,6.055,6.957,290,290,29,29,0,0,0,0,,,,,,,,,,,,,,,,,0.0,0.0,0,0,763.9,513.9,0.9268,1.1052,1,1,0
2026-09-28T21:58:37.789570+09:00,52112439,1729468b,2026-09-28T21:58:37.789570+09:00,2026-09-28T21:58:37.876468+09:00,rail-left-01,rail-right-01,0.6.7-draft,0.6.7-draft,mqtt,mqtt,527.31,440.9,6.36,6.498,-0.147,-0.016,-0.134,-0.158,10.378,9.588,-0.0678,0.0361,0.0516,0.051,-0.0008,-0.0069,25.62,25.65,16162,18560,2.02,2.32,6.061,6.96,291,291,30,30,0,0,0,0,,,,,,,,,,,,,,,,,0.0,0.0,0,0,770.7,520.7,0.9268,1.1052,1,1,0
2026-09-28T21:58:37.809690+09:00,52132559,1729468b,2026-09-28T21:58:37.809690+09:00,2026-09-28T21:58:37.896588+09:00,rail-left-01,rail-right-01,0.6.7-draft,0.6.7-draft,mqtt,mqtt,528.46,441.85,6.394,6.431,-0.128,-0.031,0.151,-0.147,10.393,9.768,-0.0661,0.0384,0.0448,0.0529,-0.0045,0.0,25.61,25.65,16248,18413,2.031,2.302,6.093,6.905,292,292,30,30,0,0,0,0,,,,,,,,,,,,,,,,,0.0,0.0,0,0,771.7,521.7,0.9268,1.1052,1,1,0
2026-09-28T21:58:37.829606+09:00,52152476,1729468b,2026-09-28T21:58:37.829606+09:00,2026-09-28T21:58:37.916505+09:00,rail-left-01,rail-right-01,0.6.7-draft,0.6.7-draft,mqtt,mqtt,529.6,442.79,6.381,6.413,-0.09,-0.029,0.195,-0.299,10.435,9.755,-0.0674,0.0298,0.0546,0.0593,-0.0077,-0.0089,25.59,25.66,16214,18373,2.027,2.297,6.08,6.89,293,293,30,30,0,0,0,0,,,,,,,,,,,,,,,,,0.0,0.0,0,0,772.8,522.8,0.9268,1.1052,1,1,0
2026-09-28T21:58:37.849714+09:00,52172584,1729468b,2026-09-28T21:58:37.849714+09:00,2026-09-28T21:58:37.936613+09:00,rail-left-01,rail-right-01,0.6.7-draft,0.6.7-draft,mqtt,mqtt,530.74,443.74,6.366,6.422,-0.229,-0.121,0.008,-0.245,10.579,9.707,-0.0657,0.0316,0.046,0.0556,-0.0056,-0.0035,25.59,25.64,16178,18393,2.022,2.299,6.067,6.897,294,294,30,30,0,0,0,0,,,,,,,,,,,,,,,,,0.0,0.0,0,0,773.9,523.9,0.9268,1.1052,1,1,0
2026-09-28T21:58:37.869789+09:00,52192658,1729468b,2026-09-28T21:58:37.869789+09:00,2026-09-28T21:58:37.956687+09:00,rail-left-01,rail-right-01,0.6.7-draft,0.6.7-draft,mqtt,mqtt,531.89,444.73,6.372,6.435,-0.122,0.006,0.025,-0.205,10.521,9.699,-0.0657,0.036,0.0405,0.0545,-0.0117,-0.0057,25.6,25.64,16193,18421,2.024,2.303,6.072,6.908,295,295,30,30,0,0,0,0,,,,,,,,,,,,,,,,,0.0,0.0,0,0,774.9,524.9,0.9268,1.1052,1,1,0
2026-09-28T21:58:37.889779+09:00,52212648,1729468b,2026-09-28T21:58:37.889779+09:00,2026-09-28T21:58:37.976677+09:00,rail-left-01,rail-right-01,0.6.7-draft,0.6.7-draft,mqtt,mqtt,532.98,445.67,6.371,6.436,-0.043,-0.001,-0.074,-0.208,10.436,9.796,-0.0634,0.0288,0.0426,0.0582,-0.0109,-0.0104,25.59,25.67,16191,18424,2.024,2.303,6.072,6.909,296,296,30,30,0,0,0,0,,,,,,,,,,,,,,,,,0.0,0.0,0,0,775.9,525.9,0.9268,1.1052,1,1,0
2026-09-28T21:58:37.909801+09:00,52232671,1729468b,2026-09-28T21:58:37.909801+09:00,2026-09-28T21:58:37.996700+09:00,rail-left-01,rail-right-01,0.6.7-draft,0.6.7-draft,mqtt,mqtt,534.12,446.62,6.361,6.445,-0.001,0.035,-0.134,-0.358,10.364,9.586,-0.0697,0.0341,0.0408,0.0566,-0.0097,-0.0068,25.62,25.68,16166,18444,2.021,2.306,6.062,6.917,297,297,30,30,0,0,0,0,,,,,,,,,,,,,,,,,0.0,0.0,0,0,777.0,527.0,0.9268,1.1052,1,1,0
2026-09-28T21:58:37.929633+09:00,52252502,1729468b,2026-09-28T21:58:37.929633+09:00,2026-09-28T21:58:38.016531+09:00,rail-left-01,rail-right-01,0.6.7-draft,0.6.7-draft,mqtt,mqtt,535.27,447.56,6.355,6.449,-0.16,-0.097,0.084,-0.315,10.489,9.653,-0.0662,0.0317,0.038,0.0573,-0.0081,-0.0065,25.61,25.67,16151,18452,2.019,2.307,6.057,6.92,298,298,30,30,0,0,0,0,,,,,,,,,,,,,,,,,0.0,0.0,0,0,778.0,528.0,0.9268,1.1052,1,1,0
2026-09-28T21:58:37.949587+09:00,52272457,1729468b,2026-09-28T21:58:37.949587+09:00,2026-09-28T21:58:38.036486+09:00,rail-left-01,rail-right-01,0.6.7-draft,0.6.7-draft,mqtt,mqtt,536.41,448.51,6.345,6.427,-0.043,0.066,-0.018,-0.05,10.52,9.892,-0.0629,0.0356,0.0373,0.0581,-0.0104,-0.0085,25.6,25.64,16126,18403,2.016,2.3,6.047,6.901,299,299,30,30,0,0,0,0,,,,,,,,,,,,,,,,,0.0,0.0,0,0,779.1,529.1,0.9268,1.1052,1,1,0
2026-09-28T21:58:37.969943+09:00,52292812,1729468b,2026-09-28T21:58:37.969943+09:00,2026-09-28T21:58:38.056841+09:00,rail-left-01,rail-right-01,0.6.7-draft,0.6.7-draft,mqtt,mqtt,537.55,449.45,6.331,6.43,-0.113,-0.044,0.385,-0.317,10.399,9.673,-0.0657,0.0322,0.0356,0.0584,-0.0075,-0.0024,25.6,25.68,16091,18410,2.011,2.301,6.034,6.904,300,300,30,30,0,0,0,0,,,,,,,,,,,,,,,,,0.0,0.0,0,0,780.2,530.2,0.9268,1.1052,1,1,0
2026-09-28T21:58:38.145599+09:00,52476491,1729468b,2026-09-28T21:58:38.145599+09:00,2026-09-28T21:58:38.245357+09:00,rail-left-01,rail-right-01,0.6.7-draft,0.6.7-draft,mqtt,mqtt,547.99,458.2,6.327,6.434,-0.099,0.019,0.025,-0.4,10.353,9.967,-0.0652,0.0326,0.0328,0.0585,-0.0103,-0.0055,25.6,25.68,16080,18419,2.01,2.302,6.03,6.907,301,301,31,31,0,0,0,0,,,,,,,,,,,,,,,,,0.0,0.0,0,0,789.8,539.8,0.9268,1.1052,1,1,0
2026-09-28T21:58:38.165625+09:00,52496517,1729468b,2026-09-28T21:58:38.165625+09:00,2026-09-28T21:58:38.265383+09:00,rail-left-01,rail-right-01,0.6.7-draft,0.6.7-draft,mqtt,mqtt,549.14,459.15,6.341,6.5,-0.162,-0.146,0.178,-0.275,10.497,9.697,-0.064,0.0349,0.0344,0.0541,-0.0092,-0.0028,25.59,25.68,16116,18565,2.015,2.321,6.044,6.962,302,302,31,31,0,0,0,0,,,,,,,,,,,,,,,,,0.0,0.0,0,0,790.9,540.9,0.9268,1.1052,1,1,0
2026-09-28T21:58:38.185622+09:00,52516514,1729468b,2026-09-28T21:58:38.185622+09:00,2026-09-28T21:58:38.285380+09:00,rail-left-01,rail-right-01,0.6.7-draft,0.6.7-draft,mqtt,mqtt,550.28,460.09,6.334,6.498,-0.017,0.047,-0.004,-0.126,10.482,9.546,-0.0644,0.0329,0.048,0.0566,-0.0061,-0.0091,25.61,25.67,16098,18561,2.012,2.32,6.037,6.96,303,303,31,31,0,0,0,0,,,,,,,,,,,,,,,,,0.0,0.0,0,0,792.0,542.0,0.9268,1.1052,1,1,0
2026-09-28T21:58:38.205567+09:00,52536459,1729468b,2026-09-28T21:58:38.205567+09:00,2026-09-28T21:58:38.305325+09:00,rail-left-01,rail-right-01,0.6.7-draft,0.6.7-draft,mqtt,mqtt,551.43,461.04,6.321,6.516,-0.083,-0.092,-0.032,-0.159,10.465,9.755,-0.0679,0.0349,0.0546,0.0584,-0.0015,-0.0048,25.59,25.66,16066,18601,2.008,2.325,6.025,6.975,304,304,31,31,0,0,0,0,,,,,,,,,,,,,,,,,0.0,0.0,0,0,793.0,543.0,0.9268,1.1052,1,1,0
2026-09-28T21:58:38.225752+09:00,52556644,1729468b,2026-09-28T21:58:38.225752+09:00,2026-09-28T21:58:38.325510+09:00,rail-left-01,rail-right-01,0.6.7-draft,0.6.7-draft,mqtt,mqtt,552.57,461.98,6.312,6.517,-0.18,-0.09,0.055,-0.297,10.439,9.84,-0.0638,0.0342,0.0456,0.0586,-0.0052,-0.0065,25.58,25.67,16044,18604,2.006,2.326,6.017,6.977,305,305,31,31,0,0,0,0,,,,,,,,,,,,,,,,,0.0,0.0,0,0,794.1,544.1,0.9268,1.1052,1,1,0
2026-09-28T21:58:38.245753+09:00,52576645,1729468b,2026-09-28T21:58:38.245753+09:00,2026-09-28T21:58:38.345511+09:00,rail-left-01,rail-right-01,0.6.7-draft,0.6.7-draft,mqtt,mqtt,553.71,462.93,6.279,6.536,-0.023,0.053,0.067,-0.287,10.608,9.632,-0.0677,0.0322,0.045,0.0581,-0.0047,-0.0047,25.59,25.67,15962,18646,1.995,2.331,5.986,6.992,306,306,31,31,0,0,0,0,,,,,,,,,,,,,,,,,0.0,0.0,0,0,795.1,545.1,0.9268,1.1052,1,1,0
2026-09-28T21:58:38.265572+09:00,52596464,1729468b,2026-09-28T21:58:38.265572+09:00,2026-09-28T21:58:38.365330+09:00,rail-left-01,rail-right-01,0.6.7-draft,0.6.7-draft,mqtt,mqtt,554.86,463.87,6.275,6.544,-0.236,-0.151,0.034,-0.244,10.394,9.597,-0.0682,0.033,0.0453,0.0592,-0.0071,-0.0063,25.59,25.68,15952,18664,1.994,2.333,5.982,6.999,307,307,31,31,0,0,0,0,,,,,,,,,,,,,,,,,0.0,0.0,0,0,796.2,546.2,0.9268,1.1052,1,1,0
2026-09-28T21:58:38.285689+09:00,52616581,1729468b,2026-09-28T21:58:38.285689+09:00,2026-09-28T21:58:38.385447+09:00,rail-left-01,rail-right-01,0.6.7-draft,0.6.7-draft,mqtt,mqtt,556.0,464.82,6.251,6.555,-0.005,0.073,0.081,-0.18,10.469,9.653,-0.0636,0.036,0.0357,0.0597,-0.0095,-0.0056,25.57,25.65,15891,18687,1.986,2.336,5.959,7.008,308,308,31,31,0,0,0,0,,,,,,,,,,,,,,,,,0.0,0.0,0,0,797.3,547.3,0.9268,1.1052,1,1,0
2026-09-28T21:58:38.305605+09:00,52636497,1729468b,2026-09-28T21:58:38.305605+09:00,2026-09-28T21:58:38.405363+09:00,rail-left-01,rail-right-01,0.6.7-draft,0.6.7-draft,mqtt,mqtt,557.14,465.76,6.223,6.562,-0.192,-0.085,0.473,-0.2,10.586,9.868,-0.0638,0.0346,0.0332,0.0525,-0.0108,-0.0039,25.58,25.66,15821,18702,1.978,2.338,5.933,7.013,309,309,31,31,0,0,0,0,,,,,,,,,,,,,,,,,0.0,0.0,0,0,798.3,548.3,0.9268,1.1052,1,1,0
2026-09-28T21:58:38.325719+09:00,52656611,1729468b,2026-09-28T21:58:38.325719+09:00,2026-09-28T21:58:38.425477+09:00,rail-left-01,rail-right-01,0.6.7-draft,0.6.7-draft,mqtt,mqtt,558.29,466.71,6.257,6.569,-0.172,-0.025,-0.103,-0.336,10.529,9.475,-0.0682,0.0321,0.0293,0.056,-0.0099,-0.0051,25.6,25.68,15906,18719,1.988,2.34,5.965,7.02,310,310,31,31,0,0,0,0,,,,,,,,,,,,,,,,,0.0,0.0,0,0,799.4,549.4,0.9268,1.1052,1,1,0
2026-09-28T21:58:38.518386+09:00,52844458,1729468b,2026-09-28T21:58:38.518386+09:00,2026-09-28T21:58:38.612228+09:00,rail-left-01,rail-right-01,0.6.7-draft,0.6.7-draft,mqtt,mqtt,569.03,475.65,6.26,6.573,0.097,0.083,0.095,-0.244,10.52,9.908,-0.062,0.0293,0.0304,0.0584,-0.012,-0.0075,25.59,25.66,15914,18727,1.989,2.341,5.968,7.023,311,311,32,32,0,0,0,0,,,,,,,,,,,,,,,,,0.0,0.0,0,0,809.3,559.3,0.9268,1.1052,1,1,0
2026-09-28T21:58:38.538551+09:00,52864623,1729468b,2026-09-28T21:58:38.538551+09:00,2026-09-28T21:58:38.632393+09:00,rail-left-01,rail-right-01,0.6.7-draft,0.6.7-draft,mqtt,mqtt,570.17,476.6,6.512,6.55,-0.162,-0.097,0.19,-0.229,10.726,9.685,-0.0617,0.0273,0.0266,0.0517,-0.0116,-0.0071,25.6,25.67,16540,18677,2.068,2.335,6.203,7.004,312,312,32,32,0,0,0,0,,,,,,,,,,,,,,,,,0.0,0.0,0,0,810.4,560.4,0.9268,1.1052,1,1,0
2026-09-28T21:58:38.558487+09:00,52884558,1729468b,2026-09-28T21:58:38.558487+09:00,2026-09-28T21:58:38.652328+09:00,rail-left-01,rail-right-01,0.6.7-draft,0.6.7-draft,mqtt,mqtt,571.31,477.54,6.54,6.53,-0.166,-0.026,0.073,-0.209,10.381,9.674,-0.0585,0.03,0.0284,0.0566,-0.0125,-0.0103,25.58,25.67,16612,18631,2.077,2.329,6.23,6.987,313,313,32,32,0,0,0,0,,,,,,,,,,,,,,,,,0.0,0.0,0,0,811.5,561.5,0.9268,1.1052,1,1,0
2026-09-28T21:58:38.578462+09:00,52904534,1729468b,2026-09-28T21:58:38.578462+09:00,2026-09-28T21:58:38.672304+09:00,rail-left-01,rail-right-01,0.6.7-draft,0.6.7-draft,mqtt,mqtt,572.46,478.49,6.542,6.527,-0.012,0.06,0.014,-0.214,10.475,9.64,-0.0679,0.0296,0.0265,0.052,-0.0053,-0.0029,25.62,25.67,16617,18625,2.077,2.328,6.231,6.984,314,314,32,32,0,0,0,0,,,,,,,,,,,,,,,,,0.0,0.0,0,0,812.5,562.5,0.9268,1.1052,1,1,0
2026-09-28T21:58:38.598694+09:00,52924766,1729468b,2026-09-28T21:58:38.598694+09:00,2026-09-28T21:58:38.692536+09:00,rail-left-01,rail-right-01,0.6.7-draft,0.6.7-draft,mqtt,mqtt,573.6,479.43,6.542,6.505,-0.181,-0.061,0.025,-0.315,10.472,9.701,-0.0661,0.0277,0.038,0.054,-0.0119,-0.0095,25.59,25.66,16616,18576,2.077,2.322,6.231,6.966,315,315,32,32,0,0,0,0,,,,,,,,,,,,,,,,,0.0,0.0,0,0,813.6,563.6,0.9268,1.1052,1,1,0
2026-09-28T21:58:38.618671+09:00,52944743,1729468b,2026-09-28T21:58:38.618671+09:00,2026-09-28T21:58:38.712514+09:00,rail-left-01,rail-right-01,0.6.7-draft,0.6.7-draft,mqtt,mqtt,574.74,480.43,6.527,6.469,-0.08,0.001,0.035,-0.11,10.594,9.597,-0.0621,0.0208,0.0329,0.0545,-0.0091,-0.0069,25.59,25.67,16579,18497,2.072,2.312,6.217,6.936,316,316,32,32,0,0,0,0,,,,,,,,,,,,,,,,,0.0,0.0,0,0,814.6,564.6,0.9268,1.1052,1,1,0
2026-09-28T21:58:38.638411+09:00,52964483,1729468b,2026-09-28T21:58:38.638411+09:00,2026-09-28T21:58:38.732253+09:00,rail-left-01,rail-right-01,0.6.7-draft,0.6.7-draft,mqtt,mqtt,575.89,481.37,6.517,6.448,-0.102,0.03,0.037,-0.172,10.339,9.62,-0.0663,0.0237,0.0309,0.0532,-0.0079,-0.0051,25.59,25.67,16554,18451,2.069,2.306,6.208,6.919,317,317,32,32,0,0,0,0,,,,,,,,,,,,,,,,,0.0,0.0,0,0,815.7,565.7,0.9268,1.1052,1,1,0
2026-09-28T21:58:38.658506+09:00,52984578,1729468b,2026-09-28T21:58:38.658506+09:00,2026-09-28T21:58:38.752348+09:00,rail-left-01,rail-right-01,0.6.7-draft,0.6.7-draft,mqtt,mqtt,577.03,482.32,6.519,6.418,-0.036,-0.01,-0.098,-0.279,10.323,9.644,-0.0613,0.0325,0.028,0.054,-0.0096,-0.0045,25.59,25.67,16558,18383,2.07,2.298,6.209,6.894,318,318,32,32,0,0,0,0,,,,,,,,,,,,,,,,,0.0,0.0,0,0,816.8,566.8,0.9268,1.1052,1,1,0
2026-09-28T21:58:38.678530+09:00,53004601,1729468b,2026-09-28T21:58:38.678530+09:00,2026-09-28T21:58:38.772371+09:00,rail-left-01,rail-right-01,0.6.7-draft,0.6.7-draft,mqtt,mqtt,578.17,483.26,6.527,6.412,-0.08,0.023,0.302,-0.305,10.281,9.744,-0.0662,0.0344,0.0364,0.0533,-0.0085,-0.0029,25.6,25.67,16579,18371,2.072,2.296,6.217,6.889,319,319,32,32,0,0,0,0,,,,,,,,,,,,,,,,,0.0,0.0,0,0,817.8,567.8,0.9268,1.1052,1,1,0
2026-09-28T21:58:38.698773+09:00,53024845,1729468b,2026-09-28T21:58:38.698773+09:00,2026-09-28T21:58:38.792615+09:00,rail-left-01,rail-right-01,0.6.7-draft,0.6.7-draft,mqtt,mqtt,579.37,484.21,6.537,6.421,-0.126,-0.061,-0.062,-0.468,10.515,9.67,-0.0645,0.0322,0.0368,0.0565,-0.0103,-0.0067,25.59,25.66,16603,18391,2.075,2.299,6.226,6.897,320,320,32,32,0,0,0,0,,,,,,,,,,,,,,,,,0.0,0.0,0,0,818.9,568.9,0.9268,1.1052,1,1,0
2026-09-28T21:58:38.883373+09:00,53211505,1729468b,2026-09-28T21:58:38.883373+09:00,2026-09-28T21:58:38.969310+09:00,rail-left-01,rail-right-01,0.6.7-draft,0.6.7-draft,mqtt,mqtt,590.06,493.16,6.537,6.416,-0.059,-0.065,0.192,-0.36,10.494,9.796,-0.065,0.0348,0.0418,0.0617,-0.01,-0.0037,25.62,25.64,16603,18378,2.075,2.297,6.226,6.892,321,321,33,33,0,0,0,0,,,,,,,,,,,,,,,,,0.0,0.0,0,0,828.8,578.8,0.9268,1.1052,1,1,0
2026-09-28T21:58:38.903642+09:00,53231774,1729468b,2026-09-28T21:58:38.903642+09:00,2026-09-28T21:58:38.989579+09:00,rail-left-01,rail-right-01,0.6.7-draft,0.6.7-draft,mqtt,mqtt,591.2,494.1,6.34,6.465,-0.087,0.014,0.153,-0.238,10.324,9.706,-0.0677,0.0289,0.0378,0.0569,-0.0108,-0.0097,25.6,25.65,16112,18487,2.014,2.311,6.042,6.933,322,322,33,33,0,0,0,0,,,,,,,,,,,,,,,,,0.0,0.0,0,0,829.9,579.9,0.9268,1.1052,1,1,0
2026-09-28T21:58:38.923505+09:00,53251637,1729468b,2026-09-28T21:58:38.923505+09:00,2026-09-28T21:58:39.009442+09:00,rail-left-01,rail-right-01,0.6.7-draft,0.6.7-draft,mqtt,mqtt,592.34,495.04,6.315,6.47,-0.074,-0.01,-0.042,-0.467,10.368,9.584,-0.0675,0.0294,0.0422,0.0596,-0.0104,-0.0069,25.62,25.65,16052,18499,2.007,2.312,6.019,6.937,323,323,33,33,0,0,0,0,,,,,,,,,,,,,,,,,0.0,0.0,0,0,830.9,580.9,0.9268,1.1052,1,1,0
2026-09-28T21:58:38.943491+09:00,53271623,1729468b,2026-09-28T21:58:38.943491+09:00,2026-09-28T21:58:39.029428+09:00,rail-left-01,rail-right-01,0.6.7-draft,0.6.7-draft,mqtt,mqtt,593.54,495.99,6.287,6.459,-0.085,-0.044,-0.109,-0.345,10.169,9.771,-0.0671,0.0244,0.0336,0.054,-0.0119,-0.0087,25.61,25.65,15981,18474,1.998,2.309,5.993,6.928,324,324,33,33,0,0,0,0,,,,,,,,,,,,,,,,,0.0,0.0,0,0,832.1,582.1,0.9268,1.1052,1,1,0
2026-09-28T21:58:38.963752+09:00,53291884,1729468b,2026-09-28T21:58:38.963752+09:00,2026-09-28T21:58:39.049689+09:00,rail-left-01,rail-right-01,0.6.7-draft,0.6.7-draft,mqtt,mqtt,594.68,496.98,6.27,6.432,0.059,-0.006,0.224,0.168,10.543,10.356,-0.0661,0.0308,0.0438,0.0626,-0.0129,-0.0105,25.6,25.64,15939,18414,1.992,2.302,5.977,6.905,325,325,33,33,0,0,0,0,,,,,,,,,,,,,,,,,0.0,0.0,0,0,833.1,583.1,0.9268,1.1052,1,1,0
2026-09-28T21:58:38.983866+09:00,53311998,1729468b,2026-09-28T21:58:38.983866+09:00,2026-09-28T21:58:39.069803+09:00,rail-left-01,rail-right-01,0.6.7-draft,0.6.7-draft,mqtt,mqtt,595.82,497.93,6.222,6.45,-0.062,-0.026,-0.175,-0.385,10.8,9.669,-0.0646,0.0334,0.0422,0.0565,-0.0115,-0.0063,25.6,25.66,15820,18455,1.978,2.307,5.933,6.921,326,326,33,33,0,0,0,0,,,,,,,,,,,,,,,,,0.0,0.0,0,0,834.2,584.2,0.9268,1.1052,1,1,0
2026-09-28T21:58:39.003514+09:00,53331646,1729468b,2026-09-28T21:58:39.003514+09:00,2026-09-28T21:58:39.089451+09:00,rail-left-01,rail-right-01,0.6.7-draft,0.6.7-draft,mqtt,mqtt,596.97,498.87,6.217,6.464,-0.085,-0.025,-0.078,-0.383,10.369,9.463,-0.0695,0.0362,0.0428,0.0569,-0.0088,-0.0077,25.6,25.67,15807,18485,1.976,2.311,5.928,6.932,327,327,33,33,0,0,0,0,,,,,,,,,,,,,,,,,0.0,0.0,0,0,835.2,585.2,0.9268,1.1052,1,1,0
2026-09-28T21:58:39.023495+09:00,53351627,1729468b,2026-09-28T21:58:39.023495+09:00,2026-09-28T21:58:39.109432+09:00,rail-left-01,rail-right-01,0.6.7-draft,0.6.7-draft,mqtt,mqtt,598.11,499.82,6.22,6.478,-0.127,-0.111,0.079,-0.159,10.406,9.759,-0.0667,0.0322,0.0398,0.059,-0.0084,-0.0071,25.6,25.67,15815,18517,1.977,2.315,5.931,6.944,328,328,33,33,0,0,0,0,,,,,,,,,,,,,,,,,0.0,0.0,0,0,836.3,586.3,0.9268,1.1052,1,1,0
2026-09-28T21:58:39.043539+09:00,53371671,1729468b,2026-09-28T21:58:39.043539+09:00,2026-09-28T21:58:39.129476+09:00,rail-left-01,rail-right-01,0.6.7-draft,0.6.7-draft,mqtt,mqtt,599.25,500.76,6.217,6.477,-0.099,-0.061,-0.023,-0.208,10.418,9.737,-0.0626,0.031,0.035,0.0601,-0.0151,-0.0071,25.62,25.67,15806,18514,1.976,2.314,5.927,6.943,329,329,33,33,0,0,0,0,,,,,,,,,,,,,,,,,0.0,0.0,0,0,837.3,587.3,0.9268,1.1052,1,1,0
2026-09-28T21:58:39.063634+09:00,53391766,1729468b,2026-09-28T21:58:39.063634+09:00,2026-09-28T21:58:39.149571+09:00,rail-left-01,rail-right-01,0.6.7-draft,0.6.7-draft,mqtt,mqtt,600.45,501.71,6.185,6.466,0.014,0.067,0.154,-0.022,10.46,9.585,-0.0654,0.0318,0.0398,0.0617,-0.0103,-0.0032,25.58,25.66,15728,18491,1.966,2.311,5.898,6.934,330,330,33,33,0,0,0,0,,,,,,,,,,,,,,,,,0.0,0.0,0,0,838.5,588.5,0.9268,1.1052,1,1,0
2026-09-28T21:58:39.196439+09:00,53570445,1729468b,2026-09-28T21:58:39.196439+09:00,2026-09-28T21:58:39.280390+09:00,rail-left-01,rail-right-01,0.6.7-draft,0.6.7-draft,mqtt,mqtt,610.69,510.21,6.158,6.469,-0.086,-0.062,0.025,-0.209,10.353,9.623,-0.061,0.0328,0.0384,0.0573,-0.0109,-0.0075,25.62,25.67,15661,18496,1.958,2.312,5.873,6.936,331,331,34,34,0,0,0,0,,,,,,,,,,,,,,,,,0.0,0.0,0,0,848.0,598.0,0.9268,1.1052,1,1,0
2026-09-28T21:58:39.216585+09:00,53590591,1729468b,2026-09-28T21:58:39.216585+09:00,2026-09-28T21:58:39.300536+09:00,rail-left-01,rail-right-01,0.6.7-draft,0.6.7-draft,mqtt,mqtt,611.83,511.2,6.132,6.503,-0.056,0.042,0.132,-0.36,10.475,9.772,-0.0657,0.0334,0.0382,0.0634,-0.0099,-0.0065,25.64,25.64,15596,18571,1.95,2.321,5.849,6.964,332,332,34,34,0,0,0,0,,,,,,,,,,,,,,,,,0.0,0.0,0,0,849.0,599.0,0.9268,1.1052,1,1,0
2026-09-28T21:58:39.236513+09:00,53610519,1729468b,2026-09-28T21:58:39.236513+09:00,2026-09-28T21:58:39.320464+09:00,rail-left-01,rail-right-01,0.6.7-draft,0.6.7-draft,mqtt,mqtt,612.98,512.15,6.125,6.51,-0.151,-0.072,0.029,-0.102,10.521,9.831,-0.0622,0.0357,0.0362,0.0572,-0.0052,-0.0004,25.61,25.67,15578,18588,1.947,2.324,5.842,6.971,333,333,34,34,0,0,0,0,,,,,,,,,,,,,,,,,0.0,0.0,0,0,850.1,600.1,0.9268,1.1052,1,1,0
2026-09-28T21:58:39.256598+09:00,53630604,1729468b,2026-09-28T21:58:39.256598+09:00,2026-09-28T21:58:39.340549+09:00,rail-left-01,rail-right-01,0.6.7-draft,0.6.7-draft,mqtt,mqtt,614.12,513.09,6.115,6.513,-0.062,-0.048,0.031,-0.426,10.469,9.673,-0.0644,0.0337,0.041,0.0586,-0.0077,-0.0068,25.62,25.65,15554,18594,1.944,2.324,5.833,6.973,334,334,34,34,0,0,0,0,,,,,,,,,,,,,,,,,0.0,0.0,0,0,851.1,601.1,0.9268,1.1052,1,1,0
2026-09-28T21:58:39.276668+09:00,53650674,1729468b,2026-09-28T21:58:39.276668+09:00,2026-09-28T21:58:39.360619+09:00,rail-left-01,rail-right-01,0.6.7-draft,0.6.7-draft,mqtt,mqtt,615.26,514.04,6.09,6.498,-0.194,-0.084,0.071,-0.122,10.436,9.766,-0.061,0.0346,0.0358,0.0492,-0.0137,-0.006,25.6,25.67,15490,18561,1.936,2.32,5.809,6.96,335,335,34,34,0,0,0,0,,,,,,,,,,,,,,,,,0.0,0.0,0,0,852.2,602.2,0.9268,1.1052,1,1,0
2026-09-28T21:58:39.296682+09:00,53670688,1729468b,2026-09-28T21:58:39.296682+09:00,2026-09-28T21:58:39.380633+09:00,rail-left-01,rail-right-01,0.6.7-draft,0.6.7-draft,mqtt,mqtt,616.41,515.03,6.054,6.475,0.053,0.084,0.071,-0.348,10.311,9.771,-0.058,0.0361,0.0405,0.0589,-0.0128,-0.0068,25.6,25.65,15402,18510,1.925,2.314,5.776,6.941,336,336,34,34,0,0,0,0,,,,,,,,,,,,,,,,,0.0,0.0,0,0,853.3,603.3,0.9268,1.1052,1,1,0
2026-09-28T21:58:39.316455+09:00,53690461,1729468b,2026-09-28T21:58:39.316455+09:00,2026-09-28T21:58:39.400406+09:00,rail-left-01,rail-right-01,0.6.7-draft,0.6.7-draft,mqtt,mqtt,617.55,515.98,6.05,6.464,-0.187,-0.122,-0.104,-0.181,10.839,9.566,-0.0718,0.0373,0.036,0.0556,-0.0139,-0.0051,25.6,25.65,15390,18486,1.924,2.311,5.771,6.932,337,337,34,34,0,0,0,0,,,,,,,,,,,,,,,,,0.0,0.0,0,0,854.3,604.3,0.9268,1.1052,1,1,0
2026-09-28T21:58:39.336629+09:00,53710635,1729468b,2026-09-28T21:58:39.336629+09:00,2026-09-28T21:58:39.420580+09:00,rail-left-01,rail-right-01,0.6.7-draft,0.6.7-draft,mqtt,mqtt,618.69,516.92,6.085,6.457,-0.044,-0.006,0.092,-0.169,10.24,9.949,-0.0667,0.0325,0.0336,0.0548,-0.0116,-0.0067,25.61,25.65,15478,18470,1.935,2.309,5.804,6.926,338,338,34,34,0,0,0,0,,,,,,,,,,,,,,,,,0.0,0.0,0,0,855.4,605.4,0.9268,1.1052,1,1,0
2026-09-28T21:58:39.357105+09:00,53731111,1729468b,2026-09-28T21:58:39.357105+09:00,2026-09-28T21:58:39.441056+09:00,rail-left-01,rail-right-01,0.6.7-draft,0.6.7-draft,mqtt,mqtt,619.89,517.87,6.095,6.441,-0.008,0.081,-0.104,-0.061,10.481,9.673,-0.0698,0.0364,0.0385,0.0588,-0.0071,-0.0053,25.61,25.68,15504,18435,1.938,2.304,5.814,6.913,339,339,34,34,0,0,0,0,,,,,,,,,,,,,,,,,0.0,0.0,0,0,856.5,606.5,0.9268,1.1052,1,1,0
2026-09-28T21:58:39.376451+09:00,53750457,1729468b,2026-09-28T21:58:39.376451+09:00,2026-09-28T21:58:39.460402+09:00,rail-left-01,rail-right-01,0.6.7-draft,0.6.7-draft,mqtt,mqtt,620.98,518.81,6.069,6.451,-0.127,-0.115,0.233,-0.286,10.233,9.701,-0.0652,0.0324,0.0425,0.0608,-0.0073,-0.0045,25.59,25.69,15438,18456,1.93,2.307,5.789,6.921,340,340,34,34,0,0,0,0,,,,,,,,,,,,,,,,,0.0,0.0,0,0,857.5,607.5,0.9268,1.1052,1,1,0
2026-09-28T21:58:39.547190+09:00,53879435,1729468b,2026-09-28T21:58:39.547190+09:00,2026-09-28T21:58:39.632275+09:00,rail-left-01,rail-right-01,0.6.7-draft,0.6.7-draft,mqtt,mqtt,628.34,524.98,6.06,6.459,0.087,0.107,0.166,-0.168,10.302,9.82,-0.0659,0.0341,0.0369,0.0574,-0.0084,-0.0045,25.6,25.68,15417,18475,1.927,2.309,5.781,6.928,341,341,35,35,0,0,0,0,,,,,,,,,,,,,,,,,0.0,0.0,0,0,864.3,614.3,0.9268,1.1052,1,1,0
2026-09-28T21:58:39.567342+09:00,53899586,1729468b,2026-09-28T21:58:39.567342+09:00,2026-09-28T21:58:39.652426+09:00,rail-left-01,rail-right-01,0.6.7-draft,0.6.7-draft,mqtt,mqtt,629.48,525.97,6.022,6.511,-0.124,-0.074,0.024,-0.389,10.546,9.766,-0.0649,0.0334,0.0406,0.0588,-0.0091,-0.0071,25.59,25.65,15322,18589,1.915,2.324,5.746,6.971,342,342,35,35,0,0,0,0,,,,,,,,,,,,,,,,,0.0,0.0,0,0,865.4,615.4,0.9268,1.1052,1,1,0
2026-09-28T21:58:39.587422+09:00,53919667,1729468b,2026-09-28T21:58:39.587422+09:00,2026-09-28T21:58:39.672507+09:00,rail-left-01,rail-right-01,0.6.7-draft,0.6.7-draft,mqtt,mqtt,630.63,526.91,6.033,6.514,-0.08,0.038,0.013,-0.236,10.375,9.752,-0.0641,0.0338,0.0358,0.0488,-0.0089,-0.0064,25.6,25.67,15348,18597,1.919,2.325,5.756,6.974,343,343,35,35,0,0,0,0,,,,,,,,,,,,,,,,,0.0,0.0,0,0,866.4,616.4,0.9268,1.1052,1,1,0
2026-09-28T21:58:39.607320+09:00,53939564,1729468b,2026-09-28T21:58:39.607320+09:00,2026-09-28T21:58:39.692404+09:00,rail-left-01,rail-right-01,0.6.7-draft,0.6.7-draft,mqtt,mqtt,631.77,527.86,6.059,6.515,-0.128,-0.078,0.358,-0.183,10.338,9.634,-0.0648,0.0332,0.042,0.058,-0.0125,-0.0077,25.6,25.66,15413,18598,1.927,2.325,5.78,6.974,344,344,35,35,0,0,0,0,,,,,,,,,,,,,,,,,0.0,0.0,0,0,867.5,617.5,0.9268,1.1052,1,1,0
2026-09-28T21:58:39.627397+09:00,53959642,1729468b,2026-09-28T21:58:39.627397+09:00,2026-09-28T21:58:39.712482+09:00,rail-left-01,rail-right-01,0.6.7-draft,0.6.7-draft,mqtt,mqtt,632.91,528.8,6.058,6.519,-0.12,-0.042,-0.04,-0.401,10.588,9.82,-0.0646,0.0316,0.0372,0.0536,-0.0127,-0.0092,25.58,25.67,15410,18608,1.926,2.326,5.779,6.978,345,345,35,35,0,0,0,0,,,,,,,,,,,,,,,,,0.0,0.0,0,0,868.5,618.5,0.9268,1.1052,1,1,0
2026-09-28T21:58:39.647592+09:00,53979836,1729468b,2026-09-28T21:58:39.647592+09:00,2026-09-28T21:58:39.732676+09:00,rail-left-01,rail-right-01,0.6.7-draft,0.6.7-draft,mqtt,mqtt,634.11,529.75,6.103,6.501,-0.134,-0.136,-0.068,-0.263,10.485,9.591,-0.0699,0.0258,0.028,0.046,-0.0092,-0.0085,25.57,25.67,15524,18568,1.941,2.321,5.822,6.963,346,346,35,35,0,0,0,0,,,,,,,,,,,,,,,,,0.0,0.0,0,0,869.7,619.7,0.9268,1.1052,1,1,0
2026-09-28T21:58:39.667284+09:00,53999529,1729468b,2026-09-28T21:58:39.667284+09:00,2026-09-28T21:58:39.752369+09:00,rail-left-01,rail-right-01,0.6.7-draft,0.6.7-draft,mqtt,mqtt,635.2,530.69,6.151,6.472,0.077,0.139,0.059,-0.138,10.484,9.95,-0.0719,0.0422,0.0362,0.0488,-0.0117,-0.0116,25.62,25.68,15643,18504,1.955,2.313,5.866,6.939,347,347,35,35,0,0,0,0,,,,,,,,,,,,,,,,,0.0,0.0,0,0,870.7,620.7,0.9268,1.1052,1,1,0
2026-09-28T21:58:39.687348+09:00,54019593,1729468b,2026-09-28T21:58:39.687348+09:00,2026-09-28T21:58:39.772433+09:00,rail-left-01,rail-right-01,0.6.7-draft,0.6.7-draft,mqtt,mqtt,636.34,531.69,6.189,6.482,-0.127,-0.069,-0.081,0.045,10.438,9.606,-0.069,0.035,0.0454,0.0626,-0.0105,-0.0133,25.6,25.67,15738,18525,1.967,2.316,5.902,6.947,348,348,35,35,0,0,0,0,,,,,,,,,,,,,,,,,0.0,0.0,0,0,871.7,621.7,0.9268,1.1052,1,1,0
2026-09-28T21:58:39.707395+09:00,54039639,1729468b,2026-09-28T21:58:39.707395+09:00,2026-09-28T21:58:39.792479+09:00,rail-left-01,rail-right-01,0.6.7-draft,0.6.7-draft,mqtt,mqtt,637.49,532.63,6.173,6.528,0.013,0.025,0.181,-0.248,10.238,9.607,-0.0702,0.0302,0.0457,0.0666,-0.0095,-0.008,25.59,25.67,15697,18627,1.962,2.328,5.886,6.985,349,349,35,35,0,0,0,0,,,,,,,,,,,,,,,,,0.0,0.0,0,0,872.8,622.8,0.9268,1.1052,1,1,0
2026-09-28T21:58:39.727740+09:00,54059985,1729468b,2026-09-28T21:58:39.727740+09:00,2026-09-28T21:58:39.812825+09:00,rail-left-01,rail-right-01,0.6.7-draft,0.6.7-draft,mqtt,mqtt,638.68,533.58,6.144,6.559,-0.338,-0.271,0.359,-0.065,11.042,9.695,-0.0594,0.0305,0.0361,0.054,-0.0047,-0.0031,25.57,25.65,15624,18697,1.953,2.337,5.859,7.011,350,350,35,35,0,0,0,0,,,,,,,,,,,,,,,,,0.0,0.0,0,0,873.9,623.9,0.9268,1.1052,1,1,0
2026-09-28T21:58:39.859312+09:00,54234094,1729468b,2026-09-28T21:58:39.859312+09:00,2026-09-28T21:58:39.941690+09:00,rail-left-01,rail-right-01,0.6.7-draft,0.6.7-draft,mqtt,mqtt,648.57,541.88,6.178,6.566,-0.184,-0.099,-0.038,-0.23,10.458,9.752,-0.0626,0.0314,0.0384,0.0566,-0.0092,-0.0072,25.61,25.67,15709,18712,1.964,2.339,5.891,7.017,351,351,36,36,0,0,0,0,,,,,,,,,,,,,,,,,0.0,0.0,0,0,883.1,633.1,0.9268,1.1052,1,1,0
2026-09-28T21:58:39.879388+09:00,54254169,1729468b,2026-09-28T21:58:39.879388+09:00,2026-09-28T21:58:39.961765+09:00,rail-left-01,rail-right-01,0.6.7-draft,0.6.7-draft,mqtt,mqtt,649.72,542.82,6.502,6.605,-0.11,-0.011,0.308,-0.272,10.506,9.689,-0.0662,0.03,0.038,0.0538,-0.0081,-0.0049,25.61,25.65,16517,18799,2.065,2.35,6.194,7.05,352,352,36,36,0,0,0,0,,,,,,,,,,,,,,,,,0.0,0.0,0,0,884.1,634.1,0.9268,1.1052,1,1,0
2026-09-28T21:58:39.899315+09:00,54274097,1729468b,2026-09-28T21:58:39.899315+09:00,2026-09-28T21:58:39.981693+09:00,rail-left-01,rail-right-01,0.6.7-draft,0.6.7-draft,mqtt,mqtt,650.86,543.77,6.517,6.6,-0.097,-0.029,-0.034,-0.28,10.37,9.754,-0.0648,0.0296,0.0405,0.0558,-0.01,-0.0068,25.61,25.67,16554,18788,2.069,2.349,6.208,7.045,353,353,36,36,0,0,0,0,,,,,,,,,,,,,,,,,0.0,0.0,0,0,885.2,635.2,0.9268,1.1052,1,1,0
2026-09-28T21:58:39.919270+09:00,54294052,1729468b,2026-09-28T21:58:39.919270+09:00,2026-09-28T21:58:40.001648+09:00,rail-left-01,rail-right-01,0.6.7-draft,0.6.7-draft,mqtt,mqtt,651.96,544.71,6.508,6.604,0.018,0.051,-0.028,-0.124,10.448,9.673,-0.0678,0.0318,0.0394,0.0553,-0.0072,-0.0064,25.59,25.69,16532,18797,2.067,2.35,6.2,7.049,354,354,36,36,0,0,0,0,,,,,,,,,,,,,,,,,0.0,0.0,0,0,886.2,636.2,0.9268,1.1052,1,1,0
2026-09-28T21:58:39.939324+09:00,54314105,1729468b,2026-09-28T21:58:39.939324+09:00,2026-09-28T21:58:40.021702+09:00,rail-left-01,rail-right-01,0.6.7-draft,0.6.7-draft,mqtt,mqtt,653.1,545.71,6.511,6.612,-0.247,-0.2,0.35,-0.369,10.409,9.647,-0.0637,0.0326,0.0368,0.0568,-0.008,-0.0056,25.6,25.69,16538,18813,2.067,2.352,6.202,7.055,355,355,36,36,0,0,0,0,,,,,,,,,,,,,,,,,0.0,0.0,0,0,887.3,637.3,0.9268,1.1052,1,1,0
2026-09-28T21:58:39.959326+09:00,54334108,1729468b,2026-09-28T21:58:39.959326+09:00,2026-09-28T21:58:40.041704+09:00,rail-left-01,rail-right-01,0.6.7-draft,0.6.7-draft,mqtt,mqtt,654.24,546.65,6.516,6.604,-0.007,0.103,-0.071,-0.371,10.512,9.668,-0.0646,0.0297,0.0337,0.051,-0.008,-0.0036,25.62,25.67,16551,18795,2.069,2.349,6.207,7.048,356,356,36,36,0,0,0,0,,,,,,,,,,,,,,,,,0.0,0.0,0,0,888.3,638.3,0.9268,1.1052,1,1,0
2026-09-28T21:58:39.979293+09:00,54354074,1729468b,2026-09-28T21:58:39.979293+09:00,2026-09-28T21:58:40.061670+09:00,rail-left-01,rail-right-01,0.6.7-draft,0.6.7-draft,mqtt,mqtt,655.39,547.6,6.519,6.59,-0.11,-0.108,0.086,-0.255,10.333,9.665,-0.0663,0.0256,0.035,0.055,-0.0081,-0.0065,25.6,25.65,16559,18764,2.07,2.345,6.21,7.036,357,357,36,36,0,0,0,0,,,,,,,,,,,,,,,,,0.0,0.0,0,0,889.4,639.4,0.9268,1.1052,1,1,0
2026-09-28T21:58:39.999343+09:00,54374124,1729468b,2026-09-28T21:58:39.999343+09:00,2026-09-28T21:58:40.081721+09:00,rail-left-01,rail-right-01,0.6.7-draft,0.6.7-draft,mqtt,mqtt,656.53,548.54,6.507,6.562,-0.102,-0.069,0.217,-0.095,10.604,9.669,-0.0636,0.0268,0.0337,0.047,-0.0051,-0.0033,25.59,25.7,16530,18703,2.066,2.338,6.199,7.014,358,358,36,36,0,0,0,0,,,,,,,,,,,,,,,,,0.0,0.0,0,0,890.4,640.4,0.9268,1.1052,1,1,0
2026-09-28T21:58:40.019307+09:00,54394088,1729468b,2026-09-28T21:58:40.019307+09:00,2026-09-28T21:58:40.101684+09:00,rail-left-01,rail-right-01,0.6.7-draft,0.6.7-draft,mqtt,mqtt,657.67,549.49,6.514,6.515,-0.09,-0.031,0.041,-0.225,10.476,9.857,-0.065,0.0204,0.0362,0.0485,-0.004,-0.008,25.62,25.66,16545,18598,2.068,2.325,6.204,6.974,359,359,36,36,0,0,0,0,,,,,,,,,,,,,,,,,0.0,0.0,0,0,891.5,641.5,0.9268,1.1052,1,1,0
2026-09-28T21:58:40.039348+09:00,54414130,1729468b,2026-09-28T21:58:40.039348+09:00,2026-09-28T21:58:40.121726+09:00,rail-left-01,rail-right-01,0.6.7-draft,0.6.7-draft,mqtt,mqtt,658.82,550.48,6.509,6.502,-0.019,0.117,0.177,-0.482,10.568,9.428,-0.065,0.0313,0.0449,0.0553,-0.0065,-0.0068,25.61,25.66,16533,18570,2.067,2.321,6.2,6.964,360,360,36,36,0,0,0,0,,,,,,,,,,,,,,,,,0.0,0.0,0,0,892.6,642.6,0.9268,1.1052,1,1,0
2026-09-28T21:58:40.171512+09:00,54542417,1729468b,2026-09-28T21:58:40.171512+09:00,2026-09-28T21:58:40.254164+09:00,rail-left-01,rail-right-01,0.6.7-draft,0.6.7-draft,mqtt,mqtt,666.13,556.6,6.502,6.51,0.096,0.114,-0.006,-0.344,10.434,9.743,-0.0652,0.0308,0.0414,0.057,-0.0073,-0.0115,25.59,25.67,16517,18588,2.065,2.324,6.194,6.971,361,361,37,37,0,0,0,0,,,,,,,,,,,,,,,,,0.0,0.0,0,0,899.3,649.3,0.9268,1.1052,1,1,0
2026-09-28T21:58:40.191679+09:00,54562584,1729468b,2026-09-28T21:58:40.191679+09:00,2026-09-28T21:58:40.274331+09:00,rail-left-01,rail-right-01,0.6.7-draft,0.6.7-draft,mqtt,mqtt,667.27,557.54,6.42,6.514,-0.214,-0.139,0.126,-0.097,10.359,9.724,-0.067,0.0317,0.0365,0.0508,-0.0063,-0.0037,25.59,25.69,16312,18597,2.039,2.325,6.117,6.974,362,362,37,37,0,0,0,0,,,,,,,,,,,,,,,,,0.0,0.0,0,0,900.4,650.4,0.9268,1.1052,1,1,0
2026-09-28T21:58:40.211618+09:00,54582523,1729468b,2026-09-28T21:58:40.211618+09:00,2026-09-28T21:58:40.294270+09:00,rail-left-01,rail-right-01,0.6.7-draft,0.6.7-draft,mqtt,mqtt,668.41,558.49,6.432,6.499,-0.04,-0.028,0.098,-0.177,10.454,10.003,-0.0667,0.0342,0.0424,0.0572,-0.0057,-0.0048,25.58,25.65,16343,18564,2.043,2.321,6.129,6.962,363,363,37,37,0,0,0,0,,,,,,,,,,,,,,,,,0.0,0.0,0,0,901.4,651.4,0.9268,1.1052,1,1,0
2026-09-28T21:58:40.231542+09:00,54602447,1729468b,2026-09-28T21:58:40.231542+09:00,2026-09-28T21:58:40.314194+09:00,rail-left-01,rail-right-01,0.6.7-draft,0.6.7-draft,mqtt,mqtt,669.56,559.43,6.412,6.513,-0.09,-0.018,0.023,-0.156,10.402,9.887,-0.0683,0.0288,0.0458,0.0554,-0.0061,-0.0101,25.62,25.64,16293,18595,2.037,2.324,6.11,6.973,364,364,37,37,0,0,0,0,,,,,,,,,,,,,,,,,0.0,0.0,0,0,902.5,652.5,0.9268,1.1052,1,1,0
2026-09-28T21:58:40.251576+09:00,54622481,1729468b,2026-09-28T21:58:40.251576+09:00,2026-09-28T21:58:40.334228+09:00,rail-left-01,rail-right-01,0.6.7-draft,0.6.7-draft,mqtt,mqtt,670.7,560.42,6.42,6.526,-0.083,-0.03,0.018,-0.324,10.524,9.61,-0.0706,0.0302,0.039,0.0548,-0.0017,-0.0076,25.58,25.67,16313,18623,2.039,2.328,6.117,6.984,365,365,37,37,0,0,0,0,,,,,,,,,,,,,,,,,0.0,0.0,0,0,903.6,653.6,0.9268,1.1052,1,1,0
2026-09-28T21:58:40.271584+09:00,54642489,1729468b,2026-09-28T21:58:40.271584+09:00,2026-09-28T21:58:40.354236+09:00,rail-left-01,rail-right-01,0.6.7-draft,0.6.7-draft,mqtt,mqtt,671.84,561.37,6.422,6.535,-0.171,-0.034,0.083,-0.42,10.367,9.619,-0.0691,0.0293,0.0457,0.0577,-0.0037,-0.0117,25.59,25.65,16316,18644,2.039,2.331,6.118,6.992,366,366,37,37,0,0,0,0,,,,,,,,,,,,,,,,,0.0,0.0,0,0,904.6,654.6,0.9268,1.1052,1,1,0
2026-09-28T21:58:40.291549+09:00,54662454,1729468b,2026-09-28T21:58:40.291549+09:00,2026-09-28T21:58:40.374201+09:00,rail-left-01,rail-right-01,0.6.7-draft,0.6.7-draft,mqtt,mqtt,672.99,562.31,6.417,6.548,-0.062,-0.063,-0.225,-0.284,10.587,9.649,-0.0659,0.032,0.0392,0.057,-0.0049,-0.0096,25.59,25.65,16305,18672,2.038,2.334,6.114,7.002,367,367,37,37,0,0,0,0,,,,,,,,,,,,,,,,,0.0,0.0,0,0,905.7,655.7,0.9268,1.1052,1,1,0
2026-09-28T21:58:40.311652+09:00,54682557,1729468b,2026-09-28T21:58:40.311652+09:00,2026-09-28T21:58:40.394304+09:00,rail-left-01,rail-right-01,0.6.7-draft,0.6.7-draft,mqtt,mqtt,674.13,563.26,6.411,6.548,0.047,0.067,0.198,-0.122,10.542,9.743,-0.0667,0.0312,0.0389,0.0572,-0.0048,-0.0113,25.61,25.67,16290,18672,2.036,2.334,6.109,7.002,368,368,37,37,0,0,0,0,,,,,,,,,,,,,,,,,0.0,0.0,0,0,906.7,656.7,0.9268,1.1052,1,1,0
2026-09-28T21:58:40.331565+09:00,54702470,1729468b,2026-09-28T21:58:40.331565+09:00,2026-09-28T21:58:40.414217+09:00,rail-left-01,rail-right-01,0.6.7-draft,0.6.7-draft,mqtt,mqtt,675.27,564.2,6.413,6.549,-0.144,-0.124,0.096,-0.354,10.353,9.692,-0.0658,0.0284,0.0374,0.0594,-0.0076,-0.0105,25.6,25.66,16295,18674,2.037,2.334,6.111,7.003,369,369,37,37,0,0,0,0,,,,,,,,,,,,,,,,,0.0,0.0,0,0,907.8,657.8,0.9268,1.1052,1,1,0
2026-09-28T21:58:40.351654+09:00,54722559,1729468b,2026-09-28T21:58:40.351654+09:00,2026-09-28T21:58:40.434306+09:00,rail-left-01,rail-right-01,0.6.7-draft,0.6.7-draft,mqtt,mqtt,676.42,565.2,6.412,6.554,-0.256,-0.121,0.363,-0.285,10.373,9.659,-0.0641,0.0301,0.051,0.0529,0.0016,-0.0063,25.62,25.68,16292,18686,2.037,2.336,6.11,7.007,370,370,37,37,0,0,0,0,,,,,,,,,,,,,,,,,0.0,0.0,0,0,908.9,658.9,0.9268,1.1052,1,1,0
2026-09-28T21:58:40.523774+09:00,54853443,1729468b,2026-09-28T21:58:40.523774+09:00,2026-09-28T21:58:40.609754+09:00,rail-left-01,rail-right-01,0.6.7-draft,0.6.7-draft,mqtt,mqtt,683.83,571.46,6.4,6.557,-0.036,0.032,0.11,-0.376,10.453,9.75,-0.0614,0.0321,0.0537,0.0612,-0.0045,-0.0071,25.6,25.67,16263,18691,2.033,2.336,6.099,7.009,371,371,38,38,0,0,0,0,,,,,,,,,,,,,,,,,0.0,0.0,0,0,915.7,665.7,0.9268,1.1052,1,1,0
2026-09-28T21:58:40.543924+09:00,54873593,1729468b,2026-09-28T21:58:40.543924+09:00,2026-09-28T21:58:40.629904+09:00,rail-left-01,rail-right-01,0.6.7-draft,0.6.7-draft,mqtt,mqtt,684.97,572.41,6.386,6.609,-0.157,-0.126,0.294,-0.206,10.436,9.655,-0.0644,0.0298,0.04,0.0548,-0.0035,-0.0036,25.61,25.67,16228,18808,2.029,2.351,6.086,7.053,372,372,38,38,0,0,0,0,,,,,,,,,,,,,,,,,0.0,0.0,0,0,916.8,666.8,0.9268,1.1052,1,1,0
2026-09-28T21:58:40.563850+09:00,54893519,1729468b,2026-09-28T21:58:40.563850+09:00,2026-09-28T21:58:40.649830+09:00,rail-left-01,rail-right-01,0.6.7-draft,0.6.7-draft,mqtt,mqtt,686.11,573.35,6.392,6.599,-0.083,-0.035,0.345,-0.199,10.533,9.787,-0.0662,0.028,0.036,0.0541,-0.0019,0.0009,25.59,25.64,16242,18784,2.03,2.348,6.091,7.044,373,373,38,38,0,0,0,0,,,,,,,,,,,,,,,,,0.0,0.0,0,0,917.9,667.9,0.9268,1.1052,1,1,0
2026-09-28T21:58:40.583794+09:00,54913463,1729468b,2026-09-28T21:58:40.583794+09:00,2026-09-28T21:58:40.669775+09:00,rail-left-01,rail-right-01,0.6.7-draft,0.6.7-draft,mqtt,mqtt,687.21,574.3,6.401,6.601,-0.024,0.016,-0.031,0.013,10.387,9.929,-0.0698,0.0333,0.04,0.0532,0.0033,0.0072,25.59,25.67,16264,18790,2.033,2.349,6.099,7.046,374,374,38,38,0,0,0,0,,,,,,,,,,,,,,,,,0.0,0.0,0,0,918.9,668.9,0.9268,1.1052,1,1,0
2026-09-28T21:58:40.603870+09:00,54933539,1729468b,2026-09-28T21:58:40.603870+09:00,2026-09-28T21:58:40.689850+09:00,rail-left-01,rail-right-01,0.6.7-draft,0.6.7-draft,mqtt,mqtt,688.35,575.29,6.398,6.603,0.002,0.026,0.075,0.176,10.608,10.473,-0.0644,0.0205,0.0456,0.062,-0.0023,-0.0053,25.6,25.69,16257,18793,2.032,2.349,6.096,7.047,375,375,38,38,0,0,0,0,,,,,,,,,,,,,,,,,0.0,0.0,0,0,919.9,669.9,0.9268,1.1052,1,1,0
2026-09-28T21:58:40.624114+09:00,54953783,1729468b,2026-09-28T21:58:40.624114+09:00,2026-09-28T21:58:40.710094+09:00,rail-left-01,rail-right-01,0.6.7-draft,0.6.7-draft,mqtt,mqtt,689.49,576.23,6.403,6.693,0.004,0.034,0.455,-0.207,10.331,9.975,-0.0678,0.0137,0.0557,0.0683,-0.0039,-0.0064,25.6,25.63,16270,18994,2.034,2.374,6.101,7.123,376,376,38,38,0,0,0,0,,,,,,,,,,,,,,,,,0.0,0.0,0,0,921.0,671.0,0.9268,1.1052,1,1,0
2026-09-28T21:58:40.643926+09:00,54973595,1729468b,2026-09-28T21:58:40.643926+09:00,2026-09-28T21:58:40.729906+09:00,rail-left-01,rail-right-01,0.6.7-draft,0.6.7-draft,mqtt,mqtt,690.64,577.18,6.406,6.75,-0.23,-0.122,0.034,-0.377,10.588,9.62,-0.0671,0.0165,0.0544,0.0686,-0.0067,-0.0072,25.6,25.66,16277,19121,2.035,2.39,6.104,7.17,377,377,38,38,0,0,0,0,,,,,,,,,,,,,,,,,0.0,0.0,0,0,922.0,672.0,0.9268,1.1052,1,1,0
2026-09-28T21:58:40.663861+09:00,54993530,1729468b,2026-09-28T21:58:40.663861+09:00,2026-09-28T21:58:40.749841+09:00,rail-left-01,rail-right-01,0.6.7-draft,0.6.7-draft,mqtt,mqtt,691.73,578.12,6.385,6.829,-0.092,-0.026,0.079,-0.117,10.354,9.528,-0.0665,0.0224,0.0468,0.0628,-0.0079,-0.0009,25.6,25.66,16226,19295,2.028,2.412,6.085,7.236,378,378,38,38,0,0,0,0,,,,,,,,,,,,,,,,,0.0,0.0,0,0,923.1,673.1,0.9268,1.1052,1,1,0
2026-09-28T21:58:40.683814+09:00,55013483,1729468b,2026-09-28T21:58:40.683814+09:00,2026-09-28T21:58:40.769794+09:00,rail-left-01,rail-right-01,0.6.7-draft,0.6.7-draft,mqtt,mqtt,692.87,579.07,6.384,6.887,-0.183,-0.086,-0.048,-0.417,10.274,9.778,-0.0667,0.025,0.0502,0.0677,-0.0129,-0.0103,25.58,25.66,16222,19425,2.028,2.428,6.083,7.284,379,379,38,38,0,0,0,0,,,,,,,,,,,,,,,,,0.0,0.0,0,0,924.1,674.1,0.9268,1.1052,1,1,0
2026-09-28T21:58:40.704020+09:00,55033689,1729468b,2026-09-28T21:58:40.704020+09:00,2026-09-28T21:58:40.790000+09:00,rail-left-01,rail-right-01,0.6.7-draft,0.6.7-draft,mqtt,mqtt,694.02,580.01,6.364,6.935,-0.04,0.061,-0.34,-0.587,10.429,9.578,-0.062,0.0268,0.0449,0.0628,-0.0088,-0.0043,25.59,25.65,16172,19531,2.022,2.441,6.065,7.324,380,380,38,38,0,0,0,0,,,,,,,,,,,,,,,,,0.0,0.0,0,0,925.2,675.2,0.9268,1.1052,1,1,0
2026-09-28T21:58:40.873685+09:00,55209439,1729468b,2026-09-28T21:58:40.873685+09:00,2026-09-28T21:58:40.917695+09:00,rail-left-01,rail-right-01,0.6.7-draft,0.6.7-draft,mqtt,mqtt,704.01,588.37,6.344,6.951,-0.115,-0.091,-0.085,-0.219,10.429,9.764,-0.0671,0.0394,0.0409,0.0589,-0.0071,-0.0019,25.64,25.67,16123,19566,2.015,2.446,6.046,7.337,381,381,39,39,0,0,0,0,,,,,,,,,,,,,,,,,0.0,0.0,0,0,934.4,684.4,0.9268,1.1052,1,1,0
2026-09-28T21:58:40.893915+09:00,55229669,1729468b,2026-09-28T21:58:40.893915+09:00,2026-09-28T21:58:40.937925+09:00,rail-left-01,rail-right-01,0.6.7-draft,0.6.7-draft,mqtt,mqtt,705.15,589.31,6.332,6.945,0.0,0.031,-0.043,-0.296,10.293,9.572,-0.0733,0.0348,0.0378,0.0554,-0.0064,-0.0044,25.59,25.66,16093,19552,2.012,2.444,6.035,7.332,382,382,39,39,0,0,0,0,,,,,,,,,,,,,,,,,0.0,0.0,0,0,935.5,685.5,0.9268,1.1052,1,1,0
2026-09-28T21:58:40.913848+09:00,55249602,1729468b,2026-09-28T21:58:40.913848+09:00,2026-09-28T21:58:40.957858+09:00,rail-left-01,rail-right-01,0.6.7-draft,0.6.7-draft,mqtt,mqtt,706.3,590.26,6.309,6.924,0.001,0.068,0.107,0.048,10.294,9.669,-0.0565,0.0376,0.0341,0.0533,-0.0092,-0.004,25.62,25.66,16037,19506,2.005,2.438,6.014,7.315,383,383,39,39,0,0,0,0,,,,,,,,,,,,,,,,,0.0,0.0,0,0,936.6,686.6,0.9268,1.1052,1,1,0
2026-09-28T21:58:40.933747+09:00,55269501,1729468b,2026-09-28T21:58:40.933747+09:00,2026-09-28T21:58:40.977757+09:00,rail-left-01,rail-right-01,0.6.7-draft,0.6.7-draft,mqtt,mqtt,707.44,591.2,6.366,6.937,-0.08,0.037,-0.43,-0.724,10.761,9.697,-0.0663,0.0321,0.0313,0.0504,-0.0096,-0.0073,25.6,25.67,16177,19535,2.022,2.442,6.066,7.326,384,384,39,39,0,0,0,0,,,,,,,,,,,,,,,,,0.0,0.0,0,0,937.6,687.6,0.9268,1.1052,1,1,0
2026-09-28T21:58:40.954343+09:00,55290097,1729468b,2026-09-28T21:58:40.954343+09:00,2026-09-28T21:58:40.998353+09:00,rail-left-01,rail-right-01,0.6.7-draft,0.6.7-draft,mqtt,mqtt,708.58,592.19,6.462,6.943,-0.156,-0.061,0.284,0.045,10.222,9.649,-0.0715,0.0341,0.0301,0.048,-0.0083,-0.0045,25.61,25.68,16416,19549,2.052,2.444,6.156,7.331,385,385,39,39,0,0,0,0,,,,,,,,,,,,,,,,,0.0,0.0,0,0,938.7,688.7,0.9268,1.1052,1,1,0
2026-09-28T21:58:40.974315+09:00,55310069,1729468b,2026-09-28T21:58:40.974315+09:00,2026-09-28T21:58:41.018325+09:00,rail-left-01,rail-right-01,0.6.7-draft,0.6.7-draft,mqtt,mqtt,709.73,593.14,6.499,6.942,-0.056,0.004,0.111,-0.242,10.511,9.738,-0.0673,0.0337,0.0361,0.055,-0.0103,-0.0055,25.59,25.69,16508,19547,2.064,2.443,6.191,7.33,386,386,39,39,0,0,0,0,,,,,,,,,,,,,,,,,0.0,0.0,0,0,939.7,689.7,0.9268,1.1052,1,1,0
2026-09-28T21:58:40.993700+09:00,55329454,1729468b,2026-09-28T21:58:40.993700+09:00,2026-09-28T21:58:41.037710+09:00,rail-left-01,rail-right-01,0.6.7-draft,0.6.7-draft,mqtt,mqtt,710.82,594.08,6.509,6.95,-0.261,-0.225,0.156,-0.563,10.506,9.643,-0.0669,0.0328,0.047,0.0548,-0.0009,-0.0056,25.59,25.68,16533,19564,2.067,2.446,6.2,7.337,387,387,39,39,0,0,0,0,,,,,,,,,,,,,,,,,0.0,0.0,0,0,940.8,690.8,0.9268,1.1052,1,1,0
2026-09-28T21:58:41.013840+09:00,55349594,1729468b,2026-09-28T21:58:41.013840+09:00,2026-09-28T21:58:41.057850+09:00,rail-left-01,rail-right-01,0.6.7-draft,0.6.7-draft,mqtt,mqtt,711.97,595.03,6.513,6.958,0.084,0.113,0.005,-0.026,10.351,9.544,-0.0658,0.036,0.0416,0.0524,-0.0045,-0.0045,25.6,25.68,16544,19582,2.068,2.448,6.204,7.343,388,388,39,39,0,0,0,0,,,,,,,,,,,,,,,,,0.0,0.0,0,0,941.8,691.8,0.9268,1.1052,1,1,0
2026-09-28T21:58:41.033843+09:00,55369597,1729468b,2026-09-28T21:58:41.033843+09:00,2026-09-28T21:58:41.077853+09:00,rail-left-01,rail-right-01,0.6.7-draft,0.6.7-draft,mqtt,mqtt,713.11,595.97,6.508,6.963,-0.239,-0.111,0.108,-0.322,10.374,9.856,-0.0673,0.0365,0.0516,0.0545,-0.0051,-0.0052,25.58,25.67,16531,19593,2.066,2.449,6.199,7.347,389,389,39,39,0,0,0,0,,,,,,,,,,,,,,,,,0.0,0.0,0,0,942.9,692.9,0.9268,1.1052,1,1,0
2026-09-28T21:58:41.053823+09:00,55389577,1729468b,2026-09-28T21:58:41.053823+09:00,2026-09-28T21:58:41.097833+09:00,rail-left-01,rail-right-01,0.6.7-draft,0.6.7-draft,mqtt,mqtt,714.25,596.92,6.493,6.96,-0.001,0.113,0.172,-0.284,10.53,9.928,-0.0701,0.0334,0.0512,0.0612,-0.006,-0.0119,25.61,25.67,16494,19585,2.062,2.448,6.185,7.344,390,390,39,39,0,0,0,0,,,,,,,,,,,,,,,,,0.0,0.0,0,0,943.9,693.9,0.9268,1.1052,1,1,0
2026-09-28T21:58:41.145666+09:00,55517458,1729468b,2026-09-28T21:58:41.145666+09:00,2026-09-28T21:58:41.185004+09:00,rail-left-01,rail-right-01,0.6.7-draft,0.6.7-draft,mqtt,mqtt,721.46,603.03,6.486,6.968,-0.091,-0.102,-0.066,-0.385,10.33,9.758,-0.0661,0.0301,0.0442,0.0558,-0.0033,-0.0064,25.59,25.65,16476,19603,2.059,2.45,6.179,7.351,391,391,40,40,0,0,0,0,,,,,,,,,,,,,,,,,0.0,0.0,0,0,950.6,700.6,0.9268,1.1052,1,1,0
2026-09-28T21:58:41.165808+09:00,55537600,1729468b,2026-09-28T21:58:41.165808+09:00,2026-09-28T21:58:41.205146+09:00,rail-left-01,rail-right-01,0.6.7-draft,0.6.7-draft,mqtt,mqtt,722.61,604.03,6.471,6.996,-0.177,-0.013,-0.022,-0.292,10.421,9.583,-0.0612,0.0321,0.0402,0.0536,-0.0052,-0.0025,25.59,25.67,16439,19665,2.055,2.458,6.165,7.374,392,392,40,40,0,0,0,0,,,,,,,,,,,,,,,,,0.0,0.0,0,0,951.7,701.7,0.9268,1.1052,1,1,0
2026-09-28T21:58:41.185796+09:00,55557588,1729468b,2026-09-28T21:58:41.185796+09:00,2026-09-28T21:58:41.225133+09:00,rail-left-01,rail-right-01,0.6.7-draft,0.6.7-draft,mqtt,mqtt,723.75,604.97,6.459,6.987,0.005,0.111,-0.017,-0.318,10.35,9.692,-0.0644,0.0317,0.0464,0.0601,-0.0103,-0.0135,25.62,25.66,16409,19645,2.051,2.456,6.153,7.367,393,393,40,40,0,0,0,0,,,,,,,,,,,,,,,,,0.0,0.0,0,0,952.7,702.7,0.9268,1.1052,1,1,0
2026-09-28T21:58:41.205844+09:00,55577637,1729468b,2026-09-28T21:58:41.205844+09:00,2026-09-28T21:58:41.245182+09:00,rail-left-01,rail-right-01,0.6.7-draft,0.6.7-draft,mqtt,mqtt,724.89,605.92,6.476,6.996,-0.168,-0.04,-0.065,-0.18,10.453,9.707,-0.0574,0.0348,0.0258,0.0502,-0.0116,-0.0021,25.62,25.68,16452,19665,2.057,2.458,6.17,7.374,394,394,40,40,0,0,0,0,,,,,,,,,,,,,,,,,0.0,0.0,0,0,953.8,703.8,0.9268,1.1052,1,1,0
2026-09-28T21:58:41.225912+09:00,55597704,1729468b,2026-09-28T21:58:41.225912+09:00,2026-09-28T21:58:41.265250+09:00,rail-left-01,rail-right-01,0.6.7-draft,0.6.7-draft,mqtt,mqtt,725.99,606.91,6.532,6.986,-0.097,0.013,-0.06,-0.461,10.406,9.685,-0.0624,0.0353,0.0273,0.0509,-0.0125,-0.0027,25.61,25.69,16591,19644,2.074,2.456,6.222,7.367,395,395,40,40,0,0,0,0,,,,,,,,,,,,,,,,,0.0,0.0,0,0,954.8,704.8,0.9268,1.1052,1,1,0
2026-09-28T21:58:41.245916+09:00,55617708,1729468b,2026-09-28T21:58:41.245916+09:00,2026-09-28T21:58:41.285253+09:00,rail-left-01,rail-right-01,0.6.7-draft,0.6.7-draft,mqtt,mqtt,727.13,607.86,6.575,6.972,-0.253,-0.146,0.275,-0.194,10.336,9.734,-0.0588,0.0316,0.0316,0.0608,-0.0165,-0.0075,25.61,25.68,16698,19612,2.087,2.452,6.262,7.355,396,396,40,40,0,0,0,0,,,,,,,,,,,,,,,,,0.0,0.0,0,0,955.9,705.9,0.9268,1.1052,1,1,0
2026-09-28T21:58:41.265701+09:00,55637493,1729468b,2026-09-28T21:58:41.265701+09:00,2026-09-28T21:58:41.305038+09:00,rail-left-01,rail-right-01,0.6.7-draft,0.6.7-draft,mqtt,mqtt,728.27,608.8,6.573,6.972,-0.022,0.077,-0.123,-0.304,10.673,9.58,-0.0618,0.0302,0.0269,0.0538,-0.0097,-0.0071,25.6,25.65,16692,19612,2.087,2.452,6.26,7.355,397,397,40,40,0,0,0,0,,,,,,,,,,,,,,,,,0.0,0.0,0,0,956.9,706.9,0.9268,1.1052,1,1,0
2026-09-28T21:58:41.285765+09:00,55657557,1729468b,2026-09-28T21:58:41.285765+09:00,2026-09-28T21:58:41.325103+09:00,rail-left-01,rail-right-01,0.6.7-draft,0.6.7-draft,mqtt,mqtt,729.42,609.74,6.581,6.964,-0.134,-0.127,0.221,-0.209,10.314,9.724,-0.063,0.0332,0.0384,0.0588,-0.0077,-0.006,25.63,25.66,16713,19594,2.089,2.449,6.267,7.348,398,398,40,40,0,0,0,0,,,,,,,,,,,,,,,,,0.0,0.0,0,0,958.0,708.0,0.9268,1.1052,1,1,0
2026-09-28T21:58:41.305692+09:00,55677484,1729468b,2026-09-28T21:58:41.305692+09:00,2026-09-28T21:58:41.345030+09:00,rail-left-01,rail-right-01,0.6.7-draft,0.6.7-draft,mqtt,mqtt,730.51,610.69,6.584,6.961,-0.169,-0.122,0.157,-0.109,10.518,9.735,-0.0596,0.0292,0.032,0.0493,-0.0105,-0.0051,25.62,25.67,16720,19588,2.09,2.449,6.27,7.346,399,399,40,40,0,0,0,0,,,,,,,,,,,,,,,,,0.0,0.0,0,0,959.0,709.0,0.9268,1.1052,1,1,0
2026-09-28T21:58:41.325776+09:00,55697568,1729468b,2026-09-28T21:58:41.325776+09:00,2026-09-28T21:58:41.365113+09:00,rail-left-01,rail-right-01,0.6.7-draft,0.6.7-draft,mqtt,mqtt,731.65,611.68,6.604,6.951,-0.012,0.091,0.13,-0.329,10.388,9.632,-0.063,0.0306,0.0354,0.0536,-0.0101,-0.0073,25.63,25.67,16771,19567,2.096,2.446,6.289,7.338,400,400,40,40,0,0,0,0,,,,,,,,,,,,,,,,,0.0,0.0,0,0,960.1,710.1,0.9268,1.1052,1,1,0
2026-09-28T21:58:41.418313+09:00,55784461,1729468b,2026-09-28T21:58:41.418313+09:00,2026-09-28T21:58:41.506619+09:00,rail-left-01,rail-right-01,0.6.7-draft,0.6.7-draft,mqtt,mqtt,736.63,615.81,6.601,6.946,0.068,0.073,0.06,-0.23,10.392,9.822,-0.0641,0.0262,0.0297,0.0502,-0.0069,-0.0072,25.61,25.65,16763,19555,2.095,2.444,6.286,7.333,401,401,41,41,0,0,0,0,,,,,,,,,,,,,,,,,0.0,0.0,0,0,964.7,714.7,0.9268,1.1052,1,1,0
2026-09-28T21:58:41.438461+09:00,55804609,1729468b,2026-09-28T21:58:41.438461+09:00,2026-09-28T21:58:41.526767+09:00,rail-left-01,rail-right-01,0.6.7-draft,0.6.7-draft,mqtt,mqtt,737.77,616.8,6.583,6.815,-0.224,-0.129,0.181,-0.293,10.206,9.719,-0.06,0.0293,0.0353,0.0545,-0.0112,-0.0065,25.63,25.66,16717,19264,2.09,2.408,6.269,7.224,402,402,41,41,0,0,0,0,,,,,,,,,,,,,,,,,0.0,0.0,0,0,965.7,715.7,0.9268,1.1052,1,1,0
2026-09-28T21:58:41.458388+09:00,55824536,1729468b,2026-09-28T21:58:41.458388+09:00,2026-09-28T21:58:41.546694+09:00,rail-left-01,rail-right-01,0.6.7-draft,0.6.7-draft,mqtt,mqtt,738.91,617.75,6.568,6.811,0.05,0.168,0.218,-0.229,10.357,9.699,-0.067,0.0308,0.0393,0.058,-0.0107,-0.0115,25.6,25.67,16680,19256,2.085,2.407,6.255,7.221,403,403,41,41,0,0,0,0,,,,,,,,,,,,,,,,,0.0,0.0,0,0,966.8,716.8,0.9268,1.1052,1,1,0
2026-09-28T21:58:41.478355+09:00,55844503,1729468b,2026-09-28T21:58:41.478355+09:00,2026-09-28T21:58:41.566661+09:00,rail-left-01,rail-right-01,0.6.7-draft,0.6.7-draft,mqtt,mqtt,740.01,618.69,6.572,6.814,-0.171,-0.115,-0.165,-0.257,10.412,9.754,-0.0652,0.0314,0.0396,0.0557,-0.0081,-0.0079,25.58,25.66,16690,19262,2.086,2.408,6.259,7.223,404,404,41,41,0,0,0,0,,,,,,,,,,,,,,,,,0.0,0.0,0,0,967.8,717.8,0.9268,1.1052,1,1,0
2026-09-28T21:58:41.498585+09:00,55864733,1729468b,2026-09-28T21:58:41.498585+09:00,2026-09-28T21:58:41.586891+09:00,rail-left-01,rail-right-01,0.6.7-draft,0.6.7-draft,mqtt,mqtt,741.2,619.69,6.559,6.81,-0.079,-0.022,-0.029,-0.484,10.336,9.495,-0.0675,0.0285,0.0389,0.0613,-0.0081,-0.0101,25.6,25.65,16657,19253,2.082,2.407,6.246,7.22,405,405,41,41,0,0,0,0,,,,,,,,,,,,,,,,,0.0,0.0,0,0,968.9,718.9,0.9268,1.1052,1,1,0
2026-09-28T21:58:41.518631+09:00,55884779,1729468b,2026-09-28T21:58:41.518631+09:00,2026-09-28T21:58:41.606937+09:00,rail-left-01,rail-right-01,0.6.7-draft,0.6.7-draft,mqtt,mqtt,742.34,620.63,6.554,6.8,-0.093,0.008,0.102,-0.174,10.227,9.732,-0.0652,0.0348,0.0392,0.0562,-0.0101,-0.0016,25.6,25.67,16646,19230,2.081,2.404,6.242,7.211,406,406,41,41,0,0,0,0,,,,,,,,,,,,,,,,,0.0,0.0,0,0,970.0,720.0,0.9268,1.1052,1,1,0
2026-09-28T21:58:41.538396+09:00,55904544,1729468b,2026-09-28T21:58:41.538396+09:00,2026-09-28T21:58:41.626703+09:00,rail-left-01,rail-right-01,0.6.7-draft,0.6.7-draft,mqtt,mqtt,743.44,621.63,6.529,6.799,-0.109,-0.084,0.063,-0.362,10.688,9.726,-0.0678,0.0302,0.0401,0.0565,-0.0131,-0.0104,25.6,25.67,16584,19229,2.073,2.404,6.219,7.211,407,407,41,41,0,0,0,0,,,,,,,,,,,,,,,,,0.0,0.0,0,0,971.0,721.0,0.9268,1.1052,1,1,0
2026-09-28T21:58:41.558371+09:00,55924519,1729468b,2026-09-28T21:58:41.558371+09:00,2026-09-28T21:58:41.646678+09:00,rail-left-01,rail-right-01,0.6.7-draft,0.6.7-draft,mqtt,mqtt,744.58,622.57,6.526,6.791,-0.044,0.068,-0.115,-0.302,10.508,9.55,-0.0686,0.0322,0.0372,0.0529,-0.0077,-0.0045,25.62,25.67,16575,19211,2.072,2.401,6.216,7.204,408,408,41,41,0,0,0,0,,,,,,,,,,,,,,,,,0.0,0.0,0,0,972.0,722.0,0.9268,1.1052,1,1,0
2026-09-28T21:58:41.578332+09:00,55944480,1729468b,2026-09-28T21:58:41.578332+09:00,2026-09-28T21:58:41.666638+09:00,rail-left-01,rail-right-01,0.6.7-draft,0.6.7-draft,mqtt,mqtt,745.72,623.52,6.521,6.777,-0.299,-0.183,0.049,-0.229,10.428,9.632,-0.0687,0.0298,0.0401,0.0593,-0.0113,-0.0049,25.61,25.66,16564,19181,2.071,2.398,6.212,7.193,409,409,41,41,0,0,0,0,,,,,,,,,,,,,,,,,0.0,0.0,0,0,973.1,723.1,0.9268,1.1052,1,1,0
2026-09-28T21:58:41.598433+09:00,55964581,1729468b,2026-09-28T21:58:41.598433+09:00,2026-09-28T21:58:41.686739+09:00,rail-left-01,rail-right-01,0.6.7-draft,0.6.7-draft,mqtt,mqtt,746.87,624.51,6.491,6.781,-0.004,0.031,-0.144,-0.269,10.546,9.793,-0.0645,0.0293,0.0366,0.059,-0.0137,-0.0043,25.6,25.67,16490,19189,2.061,2.399,6.184,7.196,410,410,41,41,0,0,0,0,,,,,,,,,,,,,,,,,0.0,0.0,0,0,974.2,724.2,0.9268,1.1052,1,1,0
2026-09-28T21:58:41.743997+09:00,56116413,1729468b,2026-09-28T21:58:41.743997+09:00,2026-09-28T21:58:41.783637+09:00,rail-left-01,rail-right-01,0.6.7-draft,0.6.7-draft,mqtt,mqtt,755.57,631.77,6.475,6.773,-0.024,0.006,-0.067,-0.339,10.485,9.242,-0.0678,0.0336,0.0408,0.052,-0.0176,-0.0111,25.59,25.67,16448,19171,2.056,2.396,6.168,7.189,411,411,42,42,0,0,0,0,,,,,,,,,,,,,,,,,0.0,0.0,0,0,982.2,732.2,0.9268,1.1052,1,1,0
2026-09-28T21:58:41.764125+09:00,56136541,1729468b,2026-09-28T21:58:41.764125+09:00,2026-09-28T21:58:41.803765+09:00,rail-left-01,rail-right-01,0.6.7-draft,0.6.7-draft,mqtt,mqtt,756.76,632.76,6.366,6.741,-0.062,0.035,-0.068,-0.144,10.319,9.796,-0.0677,0.0336,0.0433,0.0601,-0.0144,-0.0116,25.6,25.67,16179,19099,2.022,2.387,6.067,7.162,412,412,42,42,0,0,0,0,,,,,,,,,,,,,,,,,0.0,0.0,0,0,983.3,733.3,0.9268,1.1052,1,1,0
2026-09-28T21:58:41.784045+09:00,56156461,1729468b,2026-09-28T21:58:41.784045+09:00,2026-09-28T21:58:41.823685+09:00,rail-left-01,rail-right-01,0.6.7-draft,0.6.7-draft,mqtt,mqtt,757.91,633.71,6.359,6.759,-0.115,-0.044,0.061,-0.242,10.527,9.755,-0.0609,0.0341,0.0444,0.0594,-0.0133,-0.0077,25.61,25.69,16160,19141,2.02,2.393,6.06,7.178,413,413,42,42,0,0,0,0,,,,,,,,,,,,,,,,,0.0,0.0,0,0,984.4,734.4,0.9268,1.1052,1,1,0
2026-09-28T21:58:41.804065+09:00,56176481,1729468b,2026-09-28T21:58:41.804065+09:00,2026-09-28T21:58:41.843705+09:00,rail-left-01,rail-right-01,0.6.7-draft,0.6.7-draft,mqtt,mqtt,759.05,634.65,6.342,6.773,-0.099,0.011,-0.031,-0.401,10.52,9.665,-0.0662,0.0309,0.0397,0.0572,-0.0088,-0.0076,25.63,25.67,16119,19170,2.015,2.396,6.045,7.189,414,414,42,42,0,0,0,0,,,,,,,,,,,,,,,,,0.0,0.0,0,0,985.5,735.5,0.9268,1.1052,1,1,0
2026-09-28T21:58:41.824125+09:00,56196541,1729468b,2026-09-28T21:58:41.824125+09:00,2026-09-28T21:58:41.863765+09:00,rail-left-01,rail-right-01,0.6.7-draft,0.6.7-draft,mqtt,mqtt,760.19,635.65,6.329,6.77,-0.136,-0.107,0.31,-0.293,10.265,9.813,-0.0653,0.0297,0.0437,0.0652,-0.0104,-0.0075,25.6,25.67,16086,19164,2.011,2.396,6.032,7.187,415,415,42,42,0,0,0,0,,,,,,,,,,,,,,,,,0.0,0.0,0,0,986.5,736.5,0.9268,1.1052,1,1,0
2026-09-28T21:58:41.844098+09:00,56216514,1729468b,2026-09-28T21:58:41.844098+09:00,2026-09-28T21:58:41.883738+09:00,rail-left-01,rail-right-01,0.6.7-draft,0.6.7-draft,mqtt,mqtt,761.34,636.59,6.293,6.775,0.01,0.02,0.108,-0.119,10.272,9.62,-0.0648,0.0322,0.0346,0.0578,-0.0037,0.0013,25.59,25.67,15995,19175,1.999,2.397,5.998,7.191,416,416,42,42,0,0,0,0,,,,,,,,,,,,,,,,,0.0,0.0,0,0,987.6,737.6,0.9268,1.1052,1,1,0
2026-09-28T21:58:41.864233+09:00,56236649,1729468b,2026-09-28T21:58:41.864233+09:00,2026-09-28T21:58:41.903873+09:00,rail-left-01,rail-right-01,0.6.7-draft,0.6.7-draft,mqtt,mqtt,762.48,637.54,6.289,6.765,-0.39,-0.232,0.12,-0.11,10.364,9.849,-0.0637,0.0277,0.0409,0.0613,-0.0148,-0.0053,25.57,25.67,15985,19154,1.998,2.394,5.994,7.183,417,417,42,42,0,0,0,0,,,,,,,,,,,,,,,,,0.0,0.0,0,0,988.6,738.6,0.9268,1.1052,1,1,0
2026-09-28T21:58:41.884051+09:00,56256467,1729468b,2026-09-28T21:58:41.884051+09:00,2026-09-28T21:58:41.923691+09:00,rail-left-01,rail-right-01,0.6.7-draft,0.6.7-draft,mqtt,mqtt,763.62,638.48,6.248,6.779,0.187,0.277,0.093,-0.33,10.411,9.683,-0.0604,0.0314,0.041,0.0602,-0.0113,-0.0025,25.6,25.67,15884,19184,1.986,2.398,5.957,7.194,418,418,42,42,0,0,0,0,,,,,,,,,,,,,,,,,0.0,0.0,0,0,989.7,739.7,0.9268,1.1052,1,1,0
2026-09-28T21:58:41.904359+09:00,56276775,1729468b,2026-09-28T21:58:41.904359+09:00,2026-09-28T21:58:41.943999+09:00,rail-left-01,rail-right-01,0.6.7-draft,0.6.7-draft,mqtt,mqtt,764.82,639.48,6.24,6.782,-0.256,-0.091,0.029,-0.605,9.948,9.697,-0.0734,0.0304,0.0334,0.0508,-0.0052,-0.0079,25.61,25.69,15864,19190,1.983,2.399,5.949,7.196,419,419,42,42,0,0,0,0,,,,,,,,,,,,,,,,,0.0,0.0,0,0,990.8,740.8,0.9268,1.1052,1,1,0
2026-09-28T21:58:41.924369+09:00,56296785,1729468b,2026-09-28T21:58:41.924369+09:00,2026-09-28T21:58:41.964009+09:00,rail-left-01,rail-right-01,0.6.7-draft,0.6.7-draft,mqtt,mqtt,765.96,640.42,6.286,6.789,0.01,0.001,0.095,-0.342,10.487,9.529,-0.0731,0.0332,0.0361,0.0569,-0.0105,-0.0116,25.59,25.69,15979,19206,1.997,2.401,5.992,7.202,420,420,42,42,0,0,0,0,,,,,,,,,,,,,,,,,0.0,0.0,0,0,991.9,741.9,0.9268,1.1052,1,1,0
2026-09-28T21:58:42.052316+09:00,56383457,1729468b,2026-09-28T21:58:42.052316+09:00,2026-09-28T21:58:42.141737+09:00,rail-left-01,rail-right-01,0.6.7-draft,0.6.7-draft,mqtt,mqtt,770.93,644.6,6.29,6.785,0.035,0.053,0.16,-0.226,10.376,9.767,-0.0613,0.031,0.0433,0.059,-0.0119,-0.0081,25.62,25.66,15989,19197,1.999,2.4,5.996,7.199,421,421,43,43,0,0,0,0,,,,,,,,,,,,,,,,,0.0,0.0,0,0,996.5,746.5,0.9268,1.1052,1,1,0
2026-09-28T21:58:42.072463+09:00,56403604,1729468b,2026-09-28T21:58:42.072463+09:00,2026-09-28T21:58:42.161884+09:00,rail-left-01,rail-right-01,0.6.7-draft,0.6.7-draft,mqtt,mqtt,772.07,645.54,6.251,6.819,-0.138,-0.063,0.241,-0.172,10.384,9.585,-0.064,0.0325,0.0402,0.0573,-0.0093,-0.0052,25.62,25.68,15892,19273,1.987,2.409,5.96,7.227,422,422,43,43,0,0,0,0,,,,,,,,,,,,,,,,,0.0,0.0,0,0,997.5,747.5,0.9268,1.1052,1,1,0
2026-09-28T21:58:42.092415+09:00,56423556,1729468b,2026-09-28T21:58:42.092415+09:00,2026-09-28T21:58:42.181836+09:00,rail-left-01,rail-right-01,0.6.7-draft,0.6.7-draft,mqtt,mqtt,773.22,646.49,6.254,6.826,-0.081,0.005,0.047,-0.365,10.327,9.74,-0.0625,0.0358,0.0416,0.0577,-0.0112,-0.0059,25.6,25.68,15899,19289,1.987,2.411,5.962,7.233,423,423,43,43,0,0,0,0,,,,,,,,,,,,,,,,,0.0,0.0,0,0,998.6,748.6,0.9268,1.1052,1,1,0
2026-09-28T21:58:42.112378+09:00,56443519,1729468b,2026-09-28T21:58:42.112378+09:00,2026-09-28T21:58:42.201799+09:00,rail-left-01,rail-right-01,0.6.7-draft,0.6.7-draft,mqtt,mqtt,774.41,647.43,6.235,6.835,-0.151,-0.12,0.038,-0.225,10.525,9.664,-0.0666,0.0325,0.0436,0.0604,-0.0087,-0.0073,25.62,25.66,15851,19309,1.981,2.414,5.944,7.241,424,424,43,43,0,0,0,0,,,,,,,,,,,,,,,,,0.0,0.0,0,0,999.7,749.7,0.9268,1.1052,1,1,0
2026-09-28T21:58:42.132449+09:00,56463590,1729468b,2026-09-28T21:58:42.132449+09:00,2026-09-28T21:58:42.221870+09:00,rail-left-01,rail-right-01,0.6.7-draft,0.6.7-draft,mqtt,mqtt,775.56,648.43,6.246,6.835,-0.097,-0.014,-0.093,-0.32,10.356,9.674,-0.065,0.031,0.0344,0.053,-0.0119,-0.0073,25.61,25.67,15880,19309,1.985,2.414,5.955,7.241,425,425,43,43,0,0,0,0,,,,,,,,,,,,,,,,,0.0,0.0,0,0,1000.8,750.8,0.9268,1.1052,1,1,0
2026-09-28T21:58:42.152823+09:00,56483964,1729468b,2026-09-28T21:58:42.152823+09:00,2026-09-28T21:58:42.242244+09:00,rail-left-01,rail-right-01,0.6.7-draft,0.6.7-draft,mqtt,mqtt,776.7,649.37,6.242,6.822,-0.057,0.025,-0.225,0.012,10.497,9.808,-0.0689,0.031,0.0402,0.057,-0.0108,-0.0081,25.61,25.66,15870,19279,1.984,2.41,5.951,7.23,426,426,43,43,0,0,0,0,,,,,,,,,,,,,,,,,0.0,0.0,0,0,1001.8,751.8,0.9268,1.1052,1,1,0
2026-09-28T21:58:42.172368+09:00,56503509,1729468b,2026-09-28T21:58:42.172368+09:00,2026-09-28T21:58:42.261789+09:00,rail-left-01,rail-right-01,0.6.7-draft,0.6.7-draft,mqtt,mqtt,777.84,650.31,6.238,6.828,-0.174,-0.072,-0.026,-0.159,10.144,9.682,-0.0666,0.0333,0.039,0.0542,-0.01,-0.0057,25.6,25.66,15860,19294,1.983,2.412,5.948,7.235,427,427,43,43,0,0,0,0,,,,,,,,,,,,,,,,,0.0,0.0,0,0,1002.9,752.9,0.9268,1.1052,1,1,0
2026-09-28T21:58:42.192482+09:00,56523623,1729468b,2026-09-28T21:58:42.192482+09:00,2026-09-28T21:58:42.281903+09:00,rail-left-01,rail-right-01,0.6.7-draft,0.6.7-draft,mqtt,mqtt,778.99,651.26,6.262,6.835,-0.147,-0.024,0.037,-0.286,10.555,9.619,-0.0681,0.0305,0.039,0.0601,-0.0115,-0.0108,25.59,25.65,15918,19309,1.99,2.414,5.969,7.241,428,428,43,43,0,0,0,0,,,,,,,,,,,,,,,,,0.0,0.0,0,0,1003.9,753.9,0.9268,1.1052,1,1,0
2026-09-28T21:58:42.212498+09:00,56543639,1729468b,2026-09-28T21:58:42.212498+09:00,2026-09-28T21:58:42.301919+09:00,rail-left-01,rail-right-01,0.6.7-draft,0.6.7-draft,mqtt,mqtt,780.13,652.25,6.247,6.834,-0.098,-0.005,0.02,-0.123,10.494,9.724,-0.0641,0.0316,0.042,0.0565,-0.0115,-0.0055,25.61,25.69,15882,19307,1.985,2.413,5.956,7.24,429,429,43,43,0,0,0,0,,,,,,,,,,,,,,,,,0.0,0.0,0,0,1005.0,755.0,0.9268,1.1052,1,1,0
2026-09-28T21:58:42.232393+09:00,56563534,1729468b,2026-09-28T21:58:42.232393+09:00,2026-09-28T21:58:42.321814+09:00,rail-left-01,rail-right-01,0.6.7-draft,0.6.7-draft,mqtt,mqtt,781.27,653.2,6.261,6.851,-0.072,0.013,0.022,-0.352,10.533,9.641,-0.0734,0.0313,0.039,0.0545,-0.0077,-0.0048,25.6,25.66,15917,19343,1.99,2.418,5.969,7.254,430,430,43,43,0,0,0,0,,,,,,,,,,,,,,,,,0.0,0.0,0,0,1006.0,756.0,0.9268,1.1052,1,1,0
2026-09-28T21:58:42.371676+09:00,56743442,1729468b,2026-09-28T21:58:42.371676+09:00,2026-09-28T21:58:42.451180+09:00,rail-left-01,rail-right-01,0.6.7-draft,0.6.7-draft,mqtt,mqtt,791.56,661.8,6.281,6.859,-0.172,-0.004,0.036,-0.129,10.296,9.686,-0.064,0.0352,0.0373,0.0509,-0.0073,-0.008,25.61,25.67,15967,19361,1.996,2.42,5.988,7.26,431,431,44,44,0,0,0,0,,,,,,,,,,,,,,,,,0.0,0.0,0,0,1015.6,765.6,0.9268,1.1052,1,1,0
2026-09-28T21:58:42.391803+09:00,56763569,1729468b,2026-09-28T21:58:42.391803+09:00,2026-09-28T21:58:42.471307+09:00,rail-left-01,rail-right-01,0.6.7-draft,0.6.7-draft,mqtt,mqtt,792.71,662.79,6.473,6.822,-0.116,-0.04,0.073,-0.406,10.499,9.768,-0.0661,0.039,0.034,0.0529,-0.0089,-0.0097,25.63,25.68,16443,19280,2.055,2.41,6.166,7.23,432,432,44,44,0,0,0,0,,,,,,,,,,,,,,,,,0.0,0.0,0,0,1016.6,766.6,0.9268,1.1052,1,1,0
2026-09-28T21:58:42.411765+09:00,56783531,1729468b,2026-09-28T21:58:42.411765+09:00,2026-09-28T21:58:42.491269+09:00,rail-left-01,rail-right-01,0.6.7-draft,0.6.7-draft,mqtt,mqtt,793.8,663.74,6.495,6.809,-0.038,-0.02,-0.008,-0.243,10.563,9.778,-0.0646,0.0366,0.0369,0.0545,-0.0101,-0.0116,25.6,25.65,16500,19250,2.062,2.406,6.188,7.219,433,433,44,44,0,0,0,0,,,,,,,,,,,,,,,,,0.0,0.0,0,0,1017.7,767.7,0.9268,1.1052,1,1,0
2026-09-28T21:58:42.431870+09:00,56803636,1729468b,2026-09-28T21:58:42.431870+09:00,2026-09-28T21:58:42.511374+09:00,rail-left-01,rail-right-01,0.6.7-draft,0.6.7-draft,mqtt,mqtt,795.0,664.68,6.505,6.8,-0.007,-0.016,-0.11,-0.311,10.266,9.667,-0.0697,0.0378,0.039,0.0584,-0.0104,-0.0105,25.62,25.67,16523,19231,2.065,2.404,6.196,7.212,434,434,44,44,0,0,0,0,,,,,,,,,,,,,,,,,0.0,0.0,0,0,1018.8,768.8,0.9268,1.1052,1,1,0
2026-09-28T21:58:42.451730+09:00,56823496,1729468b,2026-09-28T21:58:42.451730+09:00,2026-09-28T21:58:42.531234+09:00,rail-left-01,rail-right-01,0.6.7-draft,0.6.7-draft,mqtt,mqtt,796.09,665.68,6.51,6.8,-0.051,0.025,-0.025,-0.025,10.487,9.772,-0.0683,0.0361,0.0373,0.0526,-0.0065,-0.0043,25.63,25.67,16535,19230,2.067,2.404,6.201,7.211,435,435,44,44,0,0,0,0,,,,,,,,,,,,,,,,,0.0,0.0,0,0,1019.8,769.8,0.9268,1.1052,1,1,0
2026-09-28T21:58:42.471685+09:00,56843451,1729468b,2026-09-28T21:58:42.471685+09:00,2026-09-28T21:58:42.551189+09:00,rail-left-01,rail-right-01,0.6.7-draft,0.6.7-draft,mqtt,mqtt,797.23,666.62,6.521,6.797,-0.194,-0.096,0.204,-0.205,10.533,10.027,-0.0669,0.0318,0.0348,0.0542,-0.0099,-0.0088,25.61,25.67,16564,19225,2.071,2.403,6.212,7.209,436,436,44,44,0,0,0,0,,,,,,,,,,,,,,,,,0.0,0.0,0,0,1020.8,770.8,0.9268,1.1052,1,1,0
2026-09-28T21:58:42.491768+09:00,56863534,1729468b,2026-09-28T21:58:42.491768+09:00,2026-09-28T21:58:42.571272+09:00,rail-left-01,rail-right-01,0.6.7-draft,0.6.7-draft,mqtt,mqtt,798.38,667.57,6.536,6.804,-0.067,-0.111,0.121,-0.475,10.433,9.704,-0.0677,0.0318,0.0429,0.0606,-0.0077,-0.0061,25.59,25.65,16601,19239,2.075,2.405,6.225,7.215,437,437,44,44,0,0,0,0,,,,,,,,,,,,,,,,,0.0,0.0,0,0,1021.9,771.9,0.9268,1.1052,1,1,0
2026-09-28T21:58:42.511723+09:00,56883489,1729468b,2026-09-28T21:58:42.511723+09:00,2026-09-28T21:58:42.591227+09:00,rail-left-01,rail-right-01,0.6.7-draft,0.6.7-draft,mqtt,mqtt,799.52,668.56,6.519,6.809,-0.212,-0.086,0.224,-0.243,10.653,9.543,-0.0645,0.0353,0.0348,0.0509,-0.0071,-0.0017,25.61,25.67,16558,19251,2.07,2.406,6.209,7.219,438,438,44,44,0,0,0,0,,,,,,,,,,,,,,,,,0.0,0.0,0,0,1023.0,773.0,0.9268,1.1052,1,1,0
2026-09-28T21:58:42.531860+09:00,56903626,1729468b,2026-09-28T21:58:42.531860+09:00,2026-09-28T21:58:42.611364+09:00,rail-left-01,rail-right-01,0.6.7-draft,0.6.7-draft,mqtt,mqtt,800.66,669.51,6.54,6.8,-0.065,-0.056,0.108,-0.256,10.145,9.669,-0.062,0.0329,0.0396,0.0581,-0.0105,-0.0075,25.62,25.65,16611,19230,2.076,2.404,6.229,7.211,439,439,44,44,0,0,0,0,,,,,,,,,,,,,,,,,0.0,0.0,0,0,1024.0,774.0,0.9268,1.1052,1,1,0
2026-09-28T21:58:42.551906+09:00,56923672,1729468b,2026-09-28T21:58:42.551906+09:00,2026-09-28T21:58:42.631410+09:00,rail-left-01,rail-right-01,0.6.7-draft,0.6.7-draft,mqtt,mqtt,801.81,670.5,6.551,6.813,-0.163,-0.152,0.099,-0.092,10.704,9.633,-0.0593,0.034,0.0296,0.0474,-0.0072,-0.0033,25.61,25.66,16638,19260,2.08,2.408,6.239,7.222,440,440,44,44,0,0,0,0,,,,,,,,,,,,,,,,,0.0,0.0,0,0,1025.1,775.1,0.9268,1.1052,1,1,0
2026-09-28T21:58:42.724364+09:00,57051452,1729468b,2026-09-28T21:58:42.724364+09:00,2026-09-28T21:58:42.807811+09:00,rail-left-01,rail-right-01,0.6.7-draft,0.6.7-draft,mqtt,mqtt,809.07,676.62,6.588,6.813,-0.123,-0.043,-0.085,-0.172,10.342,9.71,-0.0652,0.0314,0.0362,0.0545,-0.0092,-0.0051,25.62,25.69,16730,19260,2.091,2.408,6.274,7.222,441,441,45,45,0,0,0,0,,,,,,,,,,,,,,,,,0.0,0.0,0,0,1031.8,781.8,0.9268,1.1052,1,1,0
2026-09-28T21:58:42.744502+09:00,57071590,1729468b,2026-09-28T21:58:42.744502+09:00,2026-09-28T21:58:42.827949+09:00,rail-left-01,rail-right-01,0.6.7-draft,0.6.7-draft,mqtt,mqtt,810.21,677.61,6.703,6.786,-0.117,-0.078,0.016,-0.195,10.59,9.731,-0.0662,0.0318,0.0337,0.0552,-0.0101,-0.0088,25.6,25.68,17016,19199,2.127,2.4,6.381,7.2,442,442,45,45,0,0,0,0,,,,,,,,,,,,,,,,,0.0,0.0,0,0,1032.9,782.9,0.9268,1.1052,1,1,0
2026-09-28T21:58:42.764424+09:00,57091512,1729468b,2026-09-28T21:58:42.764424+09:00,2026-09-28T21:58:42.847871+09:00,rail-left-01,rail-right-01,0.6.7-draft,0.6.7-draft,mqtt,mqtt,811.35,678.55,6.7,6.765,-0.108,-0.06,0.141,-0.256,10.714,9.665,-0.0648,0.0372,0.0382,0.0538,-0.0087,-0.0061,25.62,25.66,17010,19154,2.126,2.394,6.379,7.183,443,443,45,45,0,0,0,0,,,,,,,,,,,,,,,,,0.0,0.0,0,0,1033.9,783.9,0.9268,1.1052,1,1,0
2026-09-28T21:58:42.784521+09:00,57111609,1729468b,2026-09-28T21:58:42.784521+09:00,2026-09-28T21:58:42.867968+09:00,rail-left-01,rail-right-01,0.6.7-draft,0.6.7-draft,mqtt,mqtt,812.5,679.55,6.702,6.752,-0.126,-0.024,0.068,-0.326,10.518,9.68,-0.0648,0.0289,0.0376,0.0565,-0.0099,-0.0136,25.6,25.67,17013,19124,2.127,2.391,6.38,7.172,444,444,45,45,0,0,0,0,,,,,,,,,,,,,,,,,0.0,0.0,0,0,1035.0,785.0,0.9268,1.1052,1,1,0
2026-09-28T21:58:42.804593+09:00,57131682,1729468b,2026-09-28T21:58:42.804593+09:00,2026-09-28T21:58:42.888041+09:00,rail-left-01,rail-right-01,0.6.7-draft,0.6.7-draft,mqtt,mqtt,813.64,680.49,6.721,6.764,-0.028,0.048,-0.219,-0.207,10.25,9.528,-0.0645,0.0264,0.0361,0.0554,-0.0037,-0.0032,25.62,25.66,17062,19150,2.133,2.394,6.398,7.181,445,445,45,45,0,0,0,0,,,,,,,,,,,,,,,,,0.0,0.0,0,0,1036.0,786.0,0.9268,1.1052,1,1,0
2026-09-28T21:58:42.824593+09:00,57151682,1729468b,2026-09-28T21:58:42.824593+09:00,2026-09-28T21:58:42.908041+09:00,rail-left-01,rail-right-01,0.6.7-draft,0.6.7-draft,mqtt,mqtt,814.73,681.49,6.712,6.759,-0.219,-0.19,0.091,-0.265,10.719,9.722,-0.0669,0.0276,0.0265,0.0536,-0.0071,-0.0059,25.64,25.66,17038,19139,2.13,2.392,6.389,7.177,446,446,45,45,0,0,0,0,,,,,,,,,,,,,,,,,0.0,0.0,0,0,1037.1,787.1,0.9268,1.1052,1,1,0
2026-09-28T21:58:42.844372+09:00,57171461,1729468b,2026-09-28T21:58:42.844372+09:00,2026-09-28T21:58:42.927820+09:00,rail-left-01,rail-right-01,0.6.7-draft,0.6.7-draft,mqtt,mqtt,815.88,682.43,6.73,6.747,-0.03,0.026,0.093,-0.195,10.43,9.764,-0.0658,0.024,0.0205,0.0482,-0.0068,-0.0044,25.6,25.67,17083,19114,2.135,2.389,6.406,7.168,447,447,45,45,0,0,0,0,,,,,,,,,,,,,,,,,0.0,0.0,0,0,1038.1,788.1,0.9268,1.1052,1,1,0
2026-09-28T21:58:42.864512+09:00,57191600,1729468b,2026-09-28T21:58:42.864512+09:00,2026-09-28T21:58:42.947959+09:00,rail-left-01,rail-right-01,0.6.7-draft,0.6.7-draft,mqtt,mqtt,817.02,683.38,6.736,6.708,-0.128,-0.096,0.0,-0.306,10.511,9.718,-0.0679,0.0248,0.034,0.0457,-0.0089,-0.0061,25.63,25.64,17100,19027,2.138,2.378,6.413,7.135,448,448,45,45,0,0,0,0,,,,,,,,,,,,,,,,,0.0,0.0,0,0,1039.2,789.2,0.9268,1.1052,1,1,0
2026-09-28T21:58:42.884509+09:00,57211598,1729468b,2026-09-28T21:58:42.884509+09:00,2026-09-28T21:58:42.967957+09:00,rail-left-01,rail-right-01,0.6.7-draft,0.6.7-draft,mqtt,mqtt,818.11,684.37,6.752,6.666,0.09,0.174,-0.043,-0.214,10.421,9.78,-0.0691,0.0328,0.0392,0.054,-0.0064,-0.0067,25.62,25.68,17139,18933,2.142,2.367,6.427,7.1,449,449,45,45,0,0,0,0,,,,,,,,,,,,,,,,,0.0,0.0,0,0,1040.2,790.2,0.9268,1.1052,1,1,0
2026-09-28T21:58:42.904879+09:00,57231967,1729468b,2026-09-28T21:58:42.904879+09:00,2026-09-28T21:58:42.988326+09:00,rail-left-01,rail-right-01,0.6.7-draft,0.6.7-draft,mqtt,mqtt,819.26,685.32,6.764,6.672,-0.271,-0.145,0.206,0.148,10.42,9.664,-0.0665,0.0341,0.0386,0.0558,-0.006,-0.0083,25.59,25.67,17169,18946,2.146,2.368,6.438,7.105,450,450,45,45,0,0,0,0,,,,,,,,,,,,,,,,,0.0,0.0,0,0,1041.3,791.3,0.9268,1.1052,1,1,0
2026-09-28T21:58:43.042671+09:00,57408427,1729468b,2026-09-28T21:58:43.042671+09:00,2026-09-28T21:58:43.139217+09:00,rail-left-01,rail-right-01,0.6.7-draft,0.6.7-draft,mqtt,mqtt,829.25,693.92,6.77,6.673,-0.314,-0.249,-0.14,-0.341,10.39,9.56,-0.0694,0.0302,0.0454,0.0546,-0.0032,-0.0105,25.62,25.68,17184,18950,2.148,2.369,6.444,7.106,451,451,46,46,0,0,0,0,,,,,,,,,,,,,,,,,0.0,0.0,0,0,1050.5,800.5,0.9268,1.1052,1,1,0
2026-09-28T21:58:43.062791+09:00,57428547,1729468b,2026-09-28T21:58:43.062791+09:00,2026-09-28T21:58:43.159336+09:00,rail-left-01,rail-right-01,0.6.7-draft,0.6.7-draft,mqtt,mqtt,830.39,694.86,6.738,6.665,0.042,0.204,0.079,-0.226,10.475,9.79,-0.0641,0.0298,0.0388,0.0528,-0.0033,-0.0081,25.6,25.68,17105,18931,2.138,2.366,6.414,7.099,452,452,46,46,0,0,0,0,,,,,,,,,,,,,,,,,0.0,0.0,0,0,1051.6,801.6,0.9268,1.1052,1,1,0
2026-09-28T21:58:43.082737+09:00,57448493,1729468b,2026-09-28T21:58:43.082737+09:00,2026-09-28T21:58:43.179283+09:00,rail-left-01,rail-right-01,0.6.7-draft,0.6.7-draft,mqtt,mqtt,831.54,695.86,6.732,6.668,-0.083,-0.051,0.101,-0.274,10.451,9.566,-0.0669,0.0337,0.0452,0.0572,-0.0044,-0.0045,25.61,25.69,17090,18939,2.136,2.367,6.409,7.102,453,453,46,46,0,0,0,0,,,,,,,,,,,,,,,,,0.0,0.0,0,0,1052.6,802.6,0.9268,1.1052,1,1,0
2026-09-28T21:58:43.102687+09:00,57468443,1729468b,2026-09-28T21:58:43.102687+09:00,2026-09-28T21:58:43.199233+09:00,rail-left-01,rail-right-01,0.6.7-draft,0.6.7-draft,mqtt,mqtt,832.63,696.8,6.712,6.665,-0.037,0.045,0.071,-0.363,10.47,9.823,-0.0661,0.032,0.0357,0.0509,-0.0039,-0.0021,25.62,25.68,17040,18931,2.13,2.366,6.39,7.099,454,454,46,46,0,0,0,0,,,,,,,,,,,,,,,,,0.0,0.0,0,0,1053.6,803.6,0.9268,1.1052,1,1,0
2026-09-28T21:58:43.122911+09:00,57488667,1729468b,2026-09-28T21:58:43.122911+09:00,2026-09-28T21:58:43.219457+09:00,rail-left-01,rail-right-01,0.6.7-draft,0.6.7-draft,mqtt,mqtt,833.78,697.8,6.72,6.663,-0.138,-0.079,0.101,-0.289,10.305,9.681,-0.0674,0.0284,0.0377,0.0604,-0.0064,-0.006,25.64,25.69,17058,18926,2.132,2.366,6.397,7.097,455,455,46,46,0,0,0,0,,,,,,,,,,,,,,,,,0.0,0.0,0,0,1054.7,804.7,0.9268,1.1052,1,1,0
2026-09-28T21:58:43.142926+09:00,57508682,1729468b,2026-09-28T21:58:43.142926+09:00,2026-09-28T21:58:43.239471+09:00,rail-left-01,rail-right-01,0.6.7-draft,0.6.7-draft,mqtt,mqtt,834.92,698.74,6.721,6.666,-0.104,-0.113,-0.104,-0.133,10.556,9.953,-0.069,0.0304,0.041,0.0445,0.0041,-0.0017,25.62,25.66,17062,18934,2.133,2.367,6.398,7.1,456,456,46,46,0,0,0,0,,,,,,,,,,,,,,,,,0.0,0.0,0,0,1055.8,805.8,0.9268,1.1052,1,1,0
2026-09-28T21:58:43.162701+09:00,57528457,1729468b,2026-09-28T21:58:43.162701+09:00,2026-09-28T21:58:43.259247+09:00,rail-left-01,rail-right-01,0.6.7-draft,0.6.7-draft,mqtt,mqtt,836.06,699.69,6.723,6.67,0.02,0.069,0.266,-0.565,10.376,9.446,-0.0649,0.0302,0.0492,0.0492,-0.0019,-0.0023,25.63,25.66,17067,18942,2.133,2.368,6.4,7.103,457,457,46,46,0,0,0,0,,,,,,,,,,,,,,,,,0.0,0.0,0,0,1056.8,806.8,0.9268,1.1052,1,1,0
2026-09-28T21:58:43.182790+09:00,57548546,1729468b,2026-09-28T21:58:43.182790+09:00,2026-09-28T21:58:43.279335+09:00,rail-left-01,rail-right-01,0.6.7-draft,0.6.7-draft,mqtt,mqtt,837.21,700.68,6.734,6.666,-0.142,-0.059,-0.16,-0.253,10.38,9.568,-0.0703,0.0338,0.0492,0.0516,-0.0012,-0.0063,25.63,25.67,17095,18934,2.137,2.367,6.411,7.1,458,458,46,46,0,0,0,0,,,,,,,,,,,,,,,,,0.0,0.0,0,0,1057.9,807.9,0.9268,1.1052,1,1,0
2026-09-28T21:58:43.202753+09:00,57568509,1729468b,2026-09-28T21:58:43.202753+09:00,2026-09-28T21:58:43.299299+09:00,rail-left-01,rail-right-01,0.6.7-draft,0.6.7-draft,mqtt,mqtt,838.3,701.62,6.741,6.668,-0.022,-0.007,-0.139,-0.17,10.384,9.615,-0.0658,0.0314,0.0408,0.0548,-0.0013,-0.0029,25.63,25.69,17111,18937,2.139,2.367,6.417,7.101,459,459,46,46,0,0,0,0,,,,,,,,,,,,,,,,,0.0,0.0,0,0,1058.9,808.9,0.9268,1.1052,1,1,0
2026-09-28T21:58:43.222783+09:00,57588539,1729468b,2026-09-28T21:58:43.222783+09:00,2026-09-28T21:58:43.319329+09:00,rail-left-01,rail-right-01,0.6.7-draft,0.6.7-draft,mqtt,mqtt,839.44,702.62,6.731,6.655,-0.214,-0.159,-0.069,-0.061,10.454,10.253,-0.0653,0.0348,0.0557,0.0582,-0.0065,-0.0057,25.61,25.69,17086,18909,2.136,2.364,6.407,7.091,460,460,46,46,0,0,0,0,,,,,,,,,,,,,,,,,0.0,0.0,0,0,1060.0,810.0,0.9268,1.1052,1,1,0
2026-09-28T21:58:43.367394+09:00,57738446,1729468b,2026-09-28T21:58:43.367394+09:00,2026-09-28T21:58:43.457703+09:00,rail-left-01,rail-right-01,0.6.7-draft,0.6.7-draft,mqtt,mqtt,847.95,709.83,6.718,6.661,0.053,0.051,-0.146,-0.356,10.606,9.673,-0.0663,0.0322,0.0292,0.0604,-0.0069,-0.0079,25.62,25.67,17054,18922,2.132,2.365,6.395,7.096,461,461,47,47,0,0,0,0,,,,,,,,,,,,,,,,,0.0,0.0,0,0,1067.8,817.8,0.9268,1.1052,1,1,0
2026-09-28T21:58:43.387506+09:00,57758558,1729468b,2026-09-28T21:58:43.387506+09:00,2026-09-28T21:58:43.477815+09:00,rail-left-01,rail-right-01,0.6.7-draft,0.6.7-draft,mqtt,mqtt,849.09,710.82,6.661,6.68,-0.174,-0.104,0.3,-0.05,10.713,9.784,-0.0678,0.0328,0.0233,0.0564,-0.0059,-0.0073,25.61,25.67,16911,18965,2.114,2.371,6.342,7.112,462,462,47,47,0,0,0,0,,,,,,,,,,,,,,,,,0.0,0.0,0,0,1068.9,818.9,0.9268,1.1052,1,1,0
2026-09-28T21:58:43.407427+09:00,57778479,1729468b,2026-09-28T21:58:43.407427+09:00,2026-09-28T21:58:43.497736+09:00,rail-left-01,rail-right-01,0.6.7-draft,0.6.7-draft,mqtt,mqtt,850.23,711.77,6.667,6.686,0.031,0.109,0.114,-0.19,10.434,9.714,-0.0661,0.0318,0.0338,0.058,-0.0081,-0.008,25.63,25.7,16927,18977,2.116,2.372,6.348,7.116,463,463,47,47,0,0,0,0,,,,,,,,,,,,,,,,,0.0,0.0,0,0,1070.0,820.0,0.9268,1.1052,1,1,0
2026-09-28T21:58:43.427534+09:00,57798586,1729468b,2026-09-28T21:58:43.427534+09:00,2026-09-28T21:58:43.517843+09:00,rail-left-01,rail-right-01,0.6.7-draft,0.6.7-draft,mqtt,mqtt,851.38,712.76,6.658,6.708,-0.142,-0.018,0.153,-0.444,10.415,9.523,-0.0641,0.0333,0.0406,0.0594,-0.0112,-0.0067,25.62,25.67,16905,19027,2.113,2.378,6.339,7.135,464,464,47,47,0,0,0,0,,,,,,,,,,,,,,,,,0.0,0.0,0,0,1071.0,821.0,0.9268,1.1052,1,1,0
2026-09-28T21:58:43.447443+09:00,57818495,1729468b,2026-09-28T21:58:43.447443+09:00,2026-09-28T21:58:43.537752+09:00,rail-left-01,rail-right-01,0.6.7-draft,0.6.7-draft,mqtt,mqtt,852.47,713.71,6.638,6.719,-0.108,-0.119,0.023,-0.11,10.489,9.585,-0.0683,0.0333,0.0318,0.059,-0.0136,-0.0064,25.6,25.65,16855,19052,2.107,2.382,6.321,7.144,465,465,47,47,0,0,0,0,,,,,,,,,,,,,,,,,0.0,0.0,0,0,1072.0,822.0,0.9268,1.1052,1,1,0
2026-09-28T21:58:43.467410+09:00,57838462,1729468b,2026-09-28T21:58:43.467410+09:00,2026-09-28T21:58:43.557719+09:00,rail-left-01,rail-right-01,0.6.7-draft,0.6.7-draft,mqtt,mqtt,853.61,714.65,6.642,6.726,0.016,0.126,-0.006,-0.142,10.302,9.784,-0.0678,0.0345,0.0289,0.0557,-0.0048,-0.0008,25.62,25.68,16865,19066,2.108,2.383,6.324,7.15,466,466,47,47,0,0,0,0,,,,,,,,,,,,,,,,,0.0,0.0,0,0,1073.1,823.1,0.9268,1.1052,1,1,0
2026-09-28T21:58:43.487491+09:00,57858543,1729468b,2026-09-28T21:58:43.487491+09:00,2026-09-28T21:58:43.577800+09:00,rail-left-01,rail-right-01,0.6.7-draft,0.6.7-draft,mqtt,mqtt,854.76,715.64,6.644,6.727,-0.32,-0.188,0.159,-0.468,10.645,9.517,-0.0677,0.028,0.0342,0.0577,-0.0139,-0.0067,25.62,25.68,16870,19069,2.109,2.384,6.326,7.151,467,467,47,47,0,0,0,0,,,,,,,,,,,,,,,,,0.0,0.0,0,0,1074.2,824.2,0.9268,1.1052,1,1,0
2026-09-28T21:58:43.507433+09:00,57878485,1729468b,2026-09-28T21:58:43.507433+09:00,2026-09-28T21:58:43.597742+09:00,rail-left-01,rail-right-01,0.6.7-draft,0.6.7-draft,mqtt,mqtt,855.9,716.59,6.673,6.725,-0.008,0.006,0.145,-0.458,10.351,9.791,-0.0719,0.0326,0.0165,0.0554,-0.0141,-0.0089,25.61,25.68,16941,19065,2.118,2.383,6.353,7.149,468,468,47,47,0,0,0,0,,,,,,,,,,,,,,,,,0.0,0.0,0,0,1075.2,825.2,0.9268,1.1052,1,1,0
2026-09-28T21:58:43.527549+09:00,57898601,1729468b,2026-09-28T21:58:43.527549+09:00,2026-09-28T21:58:43.617858+09:00,rail-left-01,rail-right-01,0.6.7-draft,0.6.7-draft,mqtt,mqtt,857.04,717.53,6.717,6.734,-0.238,-0.225,0.25,-0.342,10.366,9.774,-0.0695,0.0304,0.0413,0.0576,-0.0056,-0.0048,25.6,25.68,17052,19084,2.132,2.386,6.394,7.157,469,469,47,47,0,0,0,0,,,,,,,,,,,,,,,,,0.0,0.0,0,0,1076.3,826.3,0.9268,1.1052,1,1,0
2026-09-28T21:58:43.547486+09:00,57918538,1729468b,2026-09-28T21:58:43.547486+09:00,2026-09-28T21:58:43.637795+09:00,rail-left-01,rail-right-01,0.6.7-draft,0.6.7-draft,mqtt,mqtt,858.19,718.53,6.721,6.745,0.091,0.152,-0.096,-0.218,10.487,9.956,-0.0685,0.0313,0.0325,0.0526,-0.0036,-0.0048,25.62,25.68,17062,19108,2.133,2.389,6.398,7.166,470,470,47,47,0,0,0,0,,,,,,,,,,,,,,,,,0.0,0.0,0,0,1077.3,827.3,0.9268,1.1052,1,1,0
2026-09-28T21:58:43.728382+09:00,58057449,1729468b,2026-09-28T21:58:43.728382+09:00,2026-09-28T21:58:43.814814+09:00,rail-left-01,rail-right-01,0.6.7-draft,0.6.7-draft,mqtt,mqtt,865.99,725.19,6.726,6.75,-0.156,-0.101,0.087,-0.269,10.435,9.742,-0.0667,0.0317,0.0385,0.057,-0.0095,-0.0071,25.61,25.68,17074,19120,2.134,2.39,6.403,7.17,471,471,48,48,0,0,0,0,,,,,,,,,,,,,,,,,0.0,0.0,0,0,1084.6,834.6,0.9268,1.1052,1,1,0
2026-09-28T21:58:43.748494+09:00,58077560,1729468b,2026-09-28T21:58:43.748494+09:00,2026-09-28T21:58:43.834925+09:00,rail-left-01,rail-right-01,0.6.7-draft,0.6.7-draft,mqtt,mqtt,867.14,726.18,6.766,6.8,-0.164,0.016,0.11,-0.315,10.567,9.668,-0.0677,0.035,0.0546,0.0522,-0.0007,-0.0097,25.59,25.69,17174,19231,2.147,2.404,6.44,7.212,472,472,48,48,0,0,0,0,,,,,,,,,,,,,,,,,0.0,0.0,0,0,1085.6,835.6,0.9268,1.1052,1,1,0
2026-09-28T21:58:43.768427+09:00,58097493,1729468b,2026-09-28T21:58:43.768427+09:00,2026-09-28T21:58:43.854858+09:00,rail-left-01,rail-right-01,0.6.7-draft,0.6.7-draft,mqtt,mqtt,868.28,727.13,6.751,6.808,0.031,0.152,0.14,-0.266,10.275,9.58,-0.0717,0.0316,0.0622,0.0573,0.0057,-0.0045,25.62,25.68,17135,19249,2.142,2.406,6.426,7.218,473,473,48,48,0,0,0,0,,,,,,,,,,,,,,,,,0.0,0.0,0,0,1086.7,836.7,0.9268,1.1052,1,1,0
2026-09-28T21:58:43.788517+09:00,58117583,1729468b,2026-09-28T21:58:43.788517+09:00,2026-09-28T21:58:43.874948+09:00,rail-left-01,rail-right-01,0.6.7-draft,0.6.7-draft,mqtt,mqtt,869.37,728.07,6.756,6.809,-0.202,-0.133,0.229,-0.36,10.367,9.75,-0.0674,0.0361,0.0538,0.0542,-0.0036,-0.0073,25.62,25.68,17148,19250,2.144,2.406,6.431,7.219,474,474,48,48,0,0,0,0,,,,,,,,,,,,,,,,,0.0,0.0,0,0,1087.7,837.7,0.9268,1.1052,1,1,0
2026-09-28T21:58:43.808445+09:00,58137511,1729468b,2026-09-28T21:58:43.808445+09:00,2026-09-28T21:58:43.894876+09:00,rail-left-01,rail-right-01,0.6.7-draft,0.6.7-draft,mqtt,mqtt,870.52,729.07,6.727,6.821,0.236,0.186,0.045,-0.111,10.256,9.693,-0.065,0.0332,0.0536,0.0633,-0.0055,-0.0099,25.64,25.67,17077,19277,2.135,2.41,6.404,7.229,475,475,48,48,0,0,0,0,,,,,,,,,,,,,,,,,0.0,0.0,0,0,1088.8,838.8,0.9268,1.1052,1,1,0
2026-09-28T21:58:43.828412+09:00,58157478,1729468b,2026-09-28T21:58:43.828412+09:00,2026-09-28T21:58:43.914843+09:00,rail-left-01,rail-right-01,0.6.7-draft,0.6.7-draft,mqtt,mqtt,871.66,730.01,6.703,6.825,-0.272,-0.133,0.085,-0.414,10.263,9.68,-0.0682,0.0344,0.044,0.0568,-0.006,-0.0105,25.62,25.67,17016,19286,2.127,2.411,6.381,7.232,476,476,48,48,0,0,0,0,,,,,,,,,,,,,,,,,0.0,0.0,0,0,1089.8,839.8,0.9268,1.1052,1,1,0
2026-09-28T21:58:43.848507+09:00,58177573,1729468b,2026-09-28T21:58:43.848507+09:00,2026-09-28T21:58:43.934938+09:00,rail-left-01,rail-right-01,0.6.7-draft,0.6.7-draft,mqtt,mqtt,872.75,731.01,6.687,6.828,-0.019,0.132,0.092,-0.163,10.452,9.675,-0.063,0.0349,0.0293,0.0552,-0.0115,-0.0065,25.61,25.68,16978,19293,2.122,2.412,6.367,7.235,477,477,48,48,0,0,0,0,,,,,,,,,,,,,,,,,0.0,0.0,0,0,1090.8,840.8,0.9268,1.1052,1,1,0
2026-09-28T21:58:43.868453+09:00,58197519,1729468b,2026-09-28T21:58:43.868453+09:00,2026-09-28T21:58:43.954885+09:00,rail-left-01,rail-right-01,0.6.7-draft,0.6.7-draft,mqtt,mqtt,873.9,731.95,6.678,6.828,-0.195,-0.134,0.042,-0.168,10.393,9.765,-0.0654,0.0358,0.0321,0.0546,-0.0077,-0.0023,25.64,25.68,16954,19293,2.119,2.412,6.358,7.235,478,478,48,48,0,0,0,0,,,,,,,,,,,,,,,,,0.0,0.0,0,0,1091.9,841.9,0.9268,1.1052,1,1,0
2026-09-28T21:58:43.888495+09:00,58217561,1729468b,2026-09-28T21:58:43.888495+09:00,2026-09-28T21:58:43.974926+09:00,rail-left-01,rail-right-01,0.6.7-draft,0.6.7-draft,mqtt,mqtt,875.04,732.95,6.691,6.828,-0.006,0.063,0.045,-0.281,10.251,9.628,-0.0606,0.0366,0.0294,0.0594,-0.0147,-0.0035,25.61,25.68,16986,19293,2.123,2.412,6.37,7.235,479,479,48,48,0,0,0,0,,,,,,,,,,,,,,,,,0.0,0.0,0,0,1093.0,843.0,0.9268,1.1052,1,1,0
2026-09-28T21:58:43.908969+09:00,58238035,1729468b,2026-09-28T21:58:43.908969+09:00,2026-09-28T21:58:43.995400+09:00,rail-left-01,rail-right-01,0.6.7-draft,0.6.7-draft,mqtt,mqtt,876.18,733.94,6.674,6.834,-0.023,-0.079,-0.215,-0.283,10.347,9.803,-0.067,0.0353,0.061,0.0578,-0.0063,-0.0084,25.62,25.67,16944,19306,2.118,2.413,6.354,7.24,480,480,48,48,0,0,0,0,,,,,,,,,,,,,,,,,0.0,0.0,0,0,1094.0,844.0,0.9268,1.1052,1,1,0
2026-09-28T21:58:44.062643+09:00,58418495,1729468b,2026-09-28T21:58:44.062643+09:00,2026-09-28T21:58:44.102708+09:00,rail-left-01,rail-right-01,0.6.7-draft,0.6.7-draft,mqtt,mqtt,886.38,742.64,6.665,6.835,-0.011,0.034,0.068,-0.15,10.42,9.901,-0.0625,0.0318,0.0237,0.0538,-0.0127,-0.0085,25.62,25.68,16923,19308,2.115,2.414,6.346,7.241,481,481,49,49,0,0,0,0,,,,,,,,,,,,,,,,,0.0,0.0,0,0,1103.5,853.5,0.9268,1.1052,1,1,0
2026-09-28T21:58:44.082816+09:00,58438668,1729468b,2026-09-28T21:58:44.082816+09:00,2026-09-28T21:58:44.122882+09:00,rail-left-01,rail-right-01,0.6.7-draft,0.6.7-draft,mqtt,mqtt,887.52,743.59,6.777,6.757,-0.133,-0.077,-0.128,-0.321,10.444,9.584,-0.0608,0.0334,0.0348,0.0521,-0.0117,-0.0084,25.62,25.68,17200,19135,2.15,2.392,6.45,7.176,482,482,49,49,0,0,0,0,,,,,,,,,,,,,,,,,0.0,0.0,0,0,1104.5,854.5,0.9268,1.1052,1,1,0
2026-09-28T21:58:44.102776+09:00,58458628,1729468b,2026-09-28T21:58:44.102776+09:00,2026-09-28T21:58:44.142842+09:00,rail-left-01,rail-right-01,0.6.7-draft,0.6.7-draft,mqtt,mqtt,888.66,744.58,6.782,6.736,-0.006,0.065,-0.023,-0.22,10.354,9.779,-0.0649,0.0268,0.0358,0.0532,-0.0097,-0.0111,25.64,25.67,17214,19090,2.152,2.386,6.455,7.159,483,483,49,49,0,0,0,0,,,,,,,,,,,,,,,,,0.0,0.0,0,0,1105.6,855.6,0.9268,1.1052,1,1,0
2026-09-28T21:58:44.122739+09:00,58478591,1729468b,2026-09-28T21:58:44.122739+09:00,2026-09-28T21:58:44.162804+09:00,rail-left-01,rail-right-01,0.6.7-draft,0.6.7-draft,mqtt,mqtt,889.81,745.53,6.785,6.724,-0.108,-0.041,-0.041,-0.165,10.368,9.469,-0.0686,0.0313,0.0421,0.0584,-0.01,-0.0057,25.63,25.67,17221,19062,2.153,2.383,6.458,7.148,484,484,49,49,0,0,0,0,,,,,,,,,,,,,,,,,0.0,0.0,0,0,1106.6,856.6,0.9268,1.1052,1,1,0
2026-09-28T21:58:44.143201+09:00,58499053,1729468b,2026-09-28T21:58:44.143201+09:00,2026-09-28T21:58:44.183267+09:00,rail-left-01,rail-right-01,0.6.7-draft,0.6.7-draft,mqtt,mqtt,890.95,746.52,6.761,6.708,-0.178,-0.136,-0.293,-0.318,10.575,9.787,-0.0657,0.0297,0.0282,0.0516,-0.0147,-0.0079,25.61,25.67,17160,19027,2.145,2.378,6.435,7.135,485,485,49,49,0,0,0,0,,,,,,,,,,,,,,,,,0.0,0.0,0,0,1107.7,857.7,0.9268,1.1052,1,1,0
2026-09-28T21:58:44.163164+09:00,58519016,1729468b,2026-09-28T21:58:44.163164+09:00,2026-09-28T21:58:44.203230+09:00,rail-left-01,rail-right-01,0.6.7-draft,0.6.7-draft,mqtt,mqtt,892.09,747.46,6.768,6.679,0.107,0.114,-0.008,-0.14,10.281,9.786,-0.0678,0.024,0.0324,0.0552,-0.0087,-0.0048,25.63,25.67,17179,18963,2.147,2.37,6.442,7.111,486,486,49,49,0,0,0,0,,,,,,,,,,,,,,,,,0.0,0.0,0,0,1108.8,858.8,0.9268,1.1052,1,1,0
2026-09-28T21:58:44.182784+09:00,58538636,1729468b,2026-09-28T21:58:44.182784+09:00,2026-09-28T21:58:44.222850+09:00,rail-left-01,rail-right-01,0.6.7-draft,0.6.7-draft,mqtt,mqtt,893.19,748.41,6.772,6.659,-0.341,-0.241,0.123,-0.362,10.556,9.555,-0.0617,0.0236,0.0269,0.0481,-0.0112,-0.0027,25.61,25.68,17189,18917,2.149,2.365,6.446,7.094,487,487,49,49,0,0,0,0,,,,,,,,,,,,,,,,,0.0,0.0,0,0,1109.8,859.8,0.9268,1.1052,1,1,0
2026-09-28T21:58:44.202698+09:00,58558550,1729468b,2026-09-28T21:58:44.202698+09:00,2026-09-28T21:58:44.242764+09:00,rail-left-01,rail-right-01,0.6.7-draft,0.6.7-draft,mqtt,mqtt,894.33,749.4,6.787,6.616,0.186,0.227,-0.069,-0.159,10.248,9.669,-0.0632,0.0285,0.0325,0.0516,-0.0105,-0.0071,25.62,25.69,17227,18823,2.153,2.353,6.46,7.059,488,488,49,49,0,0,0,0,,,,,,,,,,,,,,,,,0.0,0.0,0,0,1110.8,860.8,0.9268,1.1052,1,1,0
2026-09-28T21:58:44.222656+09:00,58578508,1729468b,2026-09-28T21:58:44.222656+09:00,2026-09-28T21:58:44.262722+09:00,rail-left-01,rail-right-01,0.6.7-draft,0.6.7-draft,mqtt,mqtt,895.48,750.35,6.787,6.588,-0.275,-0.19,0.105,-0.235,10.417,9.689,-0.0642,0.0292,0.0386,0.0586,-0.01,-0.0057,25.62,25.67,17225,18760,2.153,2.345,6.459,7.035,489,489,49,49,0,0,0,0,,,,,,,,,,,,,,,,,0.0,0.0,0,0,1111.9,861.9,0.9268,1.1052,1,1,0
2026-09-28T21:58:44.242887+09:00,58598739,1729468b,2026-09-28T21:58:44.242887+09:00,2026-09-28T21:58:44.282952+09:00,rail-left-01,rail-right-01,0.6.7-draft,0.6.7-draft,mqtt,mqtt,896.62,751.34,6.776,6.596,0.057,0.092,0.025,-0.401,10.532,9.706,-0.0655,0.0326,0.041,0.0586,-0.0123,-0.0075,25.59,25.66,17198,18778,2.15,2.347,6.449,7.042,490,490,49,49,0,0,0,0,,,,,,,,,,,,,,,,,0.0,0.0,0,0,1113.0,863.0,0.9268,1.1052,1,1,0
2026-09-28T21:58:44.367887+09:00,58702469,1729468b,2026-09-28T21:58:44.367887+09:00,2026-09-28T21:58:44.453583+09:00,rail-left-01,rail-right-01,0.6.7-draft,0.6.7-draft,mqtt,mqtt,902.54,756.31,6.767,6.595,-0.004,0.061,0.059,-0.071,10.702,9.723,-0.0694,0.0309,0.0389,0.0574,-0.0159,-0.0089,25.61,25.68,17177,18777,2.147,2.347,6.441,7.041,491,491,50,50,0,0,0,0,,,,,,,,,,,,,,,,,0.0,0.0,0,0,1118.4,868.4,0.9268,1.1052,1,1,0
2026-09-28T21:58:44.388030+09:00,58722612,1729468b,2026-09-28T21:58:44.388030+09:00,2026-09-28T21:58:44.473725+09:00,rail-left-01,rail-right-01,0.6.7-draft,0.6.7-draft,mqtt,mqtt,903.73,757.31,6.722,6.549,-0.145,-0.12,-0.045,-0.359,10.452,9.883,-0.0679,0.0329,0.0356,0.0558,-0.0124,-0.0045,25.62,25.7,17064,18674,2.133,2.334,6.399,7.003,492,492,50,50,0,0,0,0,,,,,,,,,,,,,,,,,0.0,0.0,0,0,1119.5,869.5,0.9268,1.1052,1,1,0
2026-09-28T21:58:44.408067+09:00,58742648,1729468b,2026-09-28T21:58:44.408067+09:00,2026-09-28T21:58:44.493762+09:00,rail-left-01,rail-right-01,0.6.7-draft,0.6.7-draft,mqtt,mqtt,904.87,758.25,6.725,6.537,-0.056,0.068,0.209,-0.327,10.427,9.774,-0.0644,0.0278,0.0364,0.0572,-0.0112,-0.0047,25.62,25.66,17072,18647,2.134,2.331,6.402,6.993,493,493,50,50,0,0,0,0,,,,,,,,,,,,,,,,,0.0,0.0,0,0,1120.6,870.6,0.9268,1.1052,1,1,0
2026-09-28T21:58:44.428009+09:00,58762591,1729468b,2026-09-28T21:58:44.428009+09:00,2026-09-28T21:58:44.513704+09:00,rail-left-01,rail-right-01,0.6.7-draft,0.6.7-draft,mqtt,mqtt,906.02,759.2,6.687,6.542,-0.225,-0.183,0.171,-0.441,10.731,9.716,-0.0663,0.0317,0.0408,0.0654,-0.0129,-0.0024,25.62,25.68,16978,18659,2.122,2.332,6.367,6.997,494,494,50,50,0,0,0,0,,,,,,,,,,,,,,,,,0.0,0.0,0,0,1121.7,871.7,0.9268,1.1052,1,1,0
2026-09-28T21:58:44.448233+09:00,58782815,1729468b,2026-09-28T21:58:44.448233+09:00,2026-09-28T21:58:44.533929+09:00,rail-left-01,rail-right-01,0.6.7-draft,0.6.7-draft,mqtt,mqtt,907.16,760.19,6.667,6.544,0.034,0.047,-0.146,-0.231,10.454,9.861,-0.0654,0.0326,0.0373,0.0606,-0.0108,-0.0061,25.63,25.69,16927,18663,2.116,2.333,6.348,6.999,495,495,50,50,0,0,0,0,,,,,,,,,,,,,,,,,0.0,0.0,0,0,1122.7,872.7,0.9268,1.1052,1,1,0
2026-09-28T21:58:44.468202+09:00,58802783,1729468b,2026-09-28T21:58:44.468202+09:00,2026-09-28T21:58:44.553897+09:00,rail-left-01,rail-right-01,0.6.7-draft,0.6.7-draft,mqtt,mqtt,908.3,761.14,6.636,6.542,-0.03,-0.072,0.072,-0.262,10.451,9.804,-0.0673,0.0313,0.0425,0.0662,-0.0067,-0.0056,25.61,25.65,16850,18659,2.106,2.332,6.319,6.997,496,496,50,50,0,0,0,0,,,,,,,,,,,,,,,,,0.0,0.0,0,0,1123.8,873.8,0.9268,1.1052,1,1,0
2026-09-28T21:58:44.487951+09:00,58822533,1729468b,2026-09-28T21:58:44.487951+09:00,2026-09-28T21:58:44.573647+09:00,rail-left-01,rail-right-01,0.6.7-draft,0.6.7-draft,mqtt,mqtt,909.45,762.08,6.619,6.54,-0.063,-0.068,0.233,-0.098,10.596,9.674,-0.0663,0.0322,0.0373,0.0538,-0.0056,-0.0027,25.6,25.68,16807,18654,2.101,2.332,6.303,6.995,497,497,50,50,0,0,0,0,,,,,,,,,,,,,,,,,0.0,0.0,0,0,1124.8,874.8,0.9268,1.1052,1,1,0
2026-09-28T21:58:44.508018+09:00,58842600,1729468b,2026-09-28T21:58:44.508018+09:00,2026-09-28T21:58:44.593713+09:00,rail-left-01,rail-right-01,0.6.7-draft,0.6.7-draft,mqtt,mqtt,910.59,763.08,6.598,6.526,-0.072,0.028,-0.092,-0.317,10.43,9.744,-0.0644,0.0312,0.0394,0.0564,-0.0115,-0.0069,25.61,25.69,16755,18622,2.094,2.328,6.283,6.983,498,498,50,50,0,0,0,0,,,,,,,,,,,,,,,,,0.0,0.0,0,0,1125.9,875.9,0.9268,1.1052,1,1,0
2026-09-28T21:58:44.528012+09:00,58862593,1729468b,2026-09-28T21:58:44.528012+09:00,2026-09-28T21:58:44.613707+09:00,rail-left-01,rail-right-01,0.6.7-draft,0.6.7-draft,mqtt,mqtt,911.73,764.02,6.543,6.5,-0.04,-0.048,-0.014,-0.285,10.209,9.522,-0.0609,0.026,0.0425,0.0538,-0.0095,-0.0033,25.64,25.67,16618,18565,2.077,2.321,6.232,6.962,499,499,50,50,0,0,0,0,,,,,,,,,,,,,,,,,0.0,0.0,0,0,1127.0,877.0,0.9268,1.1052,1,1,0
2026-09-28T21:58:44.548079+09:00,58882660,1729468b,2026-09-28T21:58:44.548079+09:00,2026-09-28T21:58:44.633774+09:00,rail-left-01,rail-right-01,0.6.7-draft,0.6.7-draft,mqtt,mqtt,912.88,765.01,6.561,6.457,-0.086,-0.123,0.002,-0.049,10.684,9.712,-0.0729,0.0346,0.043,0.0556,-0.0145,-0.0095,25.62,25.66,16664,18469,2.083,2.309,6.249,6.926,500,500,50,50,0,0,0,0,,,,,,,,,,,,,,,,,0.0,0.0,0,0,1128.0,878.0,0.9268,1.1052,1,1,0
2026-09-28T21:58:44.675036+09:00,59053445,1729468b,2026-09-28T21:58:44.675036+09:00,2026-09-28T21:58:44.715685+09:00,rail-left-01,rail-right-01,0.6.7-draft,0.6.7-draft,mqtt,mqtt,922.67,773.22,6.571,6.468,0.111,0.129,0.142,-0.208,10.557,9.833,-0.0679,0.0316,0.027,0.0545,-0.0107,-0.0073,25.63,25.7,16687,18494,2.086,2.312,6.258,6.935,501,501,51,51,0,0,0,0,,,,,,,,,,,,,,,,,0.0,0.0,0,0,1137.1,887.1,0.9268,1.1052,1,1,0
2026-09-28T21:58:44.695183+09:00,59073591,1729468b,2026-09-28T21:58:44.695183+09:00,2026-09-28T21:58:44.735831+09:00,rail-left-01,rail-right-01,0.6.7-draft,0.6.7-draft,mqtt,mqtt,923.82,774.21,6.492,6.463,-0.086,-0.117,0.059,-0.227,10.21,9.674,-0.0669,0.0313,0.0377,0.0544,-0.0064,-0.0041,25.64,25.7,16492,18484,2.062,2.311,6.185,6.932,502,502,51,51,0,0,0,0,,,,,,,,,,,,,,,,,0.0,0.0,0,0,1138.2,888.2,0.9268,1.1052,1,1,0
2026-09-28T21:58:44.715122+09:00,59093531,1729468b,2026-09-28T21:58:44.715122+09:00,2026-09-28T21:58:44.755771+09:00,rail-left-01,rail-right-01,0.6.7-draft,0.6.7-draft,mqtt,mqtt,924.96,775.16,6.505,6.456,-0.079,-0.06,0.223,-0.39,10.449,9.535,-0.0655,0.0345,0.0389,0.0533,-0.0116,-0.0041,25.62,25.66,16525,18467,2.066,2.308,6.197,6.925,503,503,51,51,0,0,0,0,,,,,,,,,,,,,,,,,0.0,0.0,0,0,1139.2,889.2,0.9268,1.1052,1,1,0
2026-09-28T21:58:44.735066+09:00,59113475,1729468b,2026-09-28T21:58:44.735066+09:00,2026-09-28T21:58:44.775715+09:00,rail-left-01,rail-right-01,0.6.7-draft,0.6.7-draft,mqtt,mqtt,926.1,776.15,6.501,6.456,-0.178,-0.108,0.103,-0.247,10.288,9.448,-0.0644,0.0304,0.0417,0.0596,-0.016,-0.0088,25.62,25.65,16515,18468,2.064,2.309,6.193,6.925,504,504,51,51,0,0,0,0,,,,,,,,,,,,,,,,,0.0,0.0,0,0,1140.3,890.3,0.9268,1.1052,1,1,0
2026-09-28T21:58:44.755130+09:00,59133539,1729468b,2026-09-28T21:58:44.755130+09:00,2026-09-28T21:58:44.795779+09:00,rail-left-01,rail-right-01,0.6.7-draft,0.6.7-draft,mqtt,mqtt,927.25,777.1,6.517,6.472,0.069,0.103,-0.001,-0.16,10.311,9.683,-0.0671,0.0348,0.039,0.059,-0.0112,-0.0047,25.64,25.69,16554,18504,2.069,2.313,6.208,6.939,505,505,51,51,0,0,0,0,,,,,,,,,,,,,,,,,0.0,0.0,0,0,1141.3,891.3,0.9268,1.1052,1,1,0
2026-09-28T21:58:44.775397+09:00,59153805,1729468b,2026-09-28T21:58:44.775397+09:00,2026-09-28T21:58:44.816045+09:00,rail-left-01,rail-right-01,0.6.7-draft,0.6.7-draft,mqtt,mqtt,928.44,778.09,6.51,6.467,-0.239,-0.254,0.142,-0.346,10.658,10.035,-0.064,0.0337,0.0348,0.0518,-0.0116,-0.0052,25.62,25.67,16536,18492,2.067,2.312,6.201,6.935,506,506,51,51,0,0,0,0,,,,,,,,,,,,,,,,,0.0,0.0,0,0,1142.4,892.4,0.9268,1.1052,1,1,0
2026-09-28T21:58:44.795169+09:00,59173577,1729468b,2026-09-28T21:58:44.795169+09:00,2026-09-28T21:58:44.835817+09:00,rail-left-01,rail-right-01,0.6.7-draft,0.6.7-draft,mqtt,mqtt,929.53,779.04,6.532,6.471,0.031,0.15,0.133,-0.245,10.52,9.643,-0.0706,0.0316,0.0357,0.0552,-0.0099,-0.0099,25.64,25.68,16592,18500,2.074,2.312,6.222,6.938,507,507,51,51,0,0,0,0,,,,,,,,,,,,,,,,,0.0,0.0,0,0,1143.5,893.5,0.9268,1.1052,1,1,0
2026-09-28T21:58:44.815116+09:00,59193524,1729468b,2026-09-28T21:58:44.815116+09:00,2026-09-28T21:58:44.855764+09:00,rail-left-01,rail-right-01,0.6.7-draft,0.6.7-draft,mqtt,mqtt,930.68,779.98,6.581,6.474,-0.119,-0.097,-0.023,-0.279,10.442,9.791,-0.0726,0.0354,0.0353,0.054,-0.0091,-0.0069,25.62,25.69,16713,18508,2.089,2.314,6.267,6.941,508,508,51,51,0,0,0,0,,,,,,,,,,,,,,,,,0.0,0.0,0,0,1144.5,894.5,0.9268,1.1052,1,1,0
2026-09-28T21:58:44.835067+09:00,59213476,1729468b,2026-09-28T21:58:44.835067+09:00,2026-09-28T21:58:44.875716+09:00,rail-left-01,rail-right-01,0.6.7-draft,0.6.7-draft,mqtt,mqtt,931.82,780.92,6.617,6.483,-0.013,-0.023,0.066,-0.287,10.518,9.601,-0.0661,0.031,0.0386,0.0577,-0.0107,-0.0091,25.61,25.68,16802,18528,2.1,2.316,6.301,6.948,509,509,51,51,0,0,0,0,,,,,,,,,,,,,,,,,0.0,0.0,0,0,1145.6,895.6,0.9268,1.1052,1,1,0
2026-09-28T21:58:44.855299+09:00,59233707,1729468b,2026-09-28T21:58:44.855299+09:00,2026-09-28T21:58:44.895947+09:00,rail-left-01,rail-right-01,0.6.7-draft,0.6.7-draft,mqtt,mqtt,933.01,781.92,6.62,6.491,-0.092,-0.014,-0.017,-0.291,10.369,9.697,-0.0689,0.0286,0.037,0.0574,-0.0104,-0.0069,25.64,25.68,16810,18545,2.101,2.318,6.304,6.954,510,510,51,51,0,0,0,0,,,,,,,,,,,,,,,,,0.0,0.0,0,0,1146.7,896.7,0.9268,1.1052,1,1,0
2026-09-28T21:58:44.944555+09:00,59315446,1729468b,2026-09-28T21:58:44.944555+09:00,2026-09-28T21:58:45.036552+09:00,rail-left-01,rail-right-01,0.6.7-draft,0.6.7-draft,mqtt,mqtt,937.69,785.85,6.61,6.485,0.011,0.031,-0.005,-0.317,10.467,9.639,-0.0722,0.0332,0.0344,0.056,-0.0071,-0.0056,25.62,25.67,16786,18532,2.098,2.317,6.295,6.95,511,511,52,52,0,0,0,0,,,,,,,,,,,,,,,,,0.0,0.0,0,0,1151.0,901.0,0.9268,1.1052,1,1,0
2026-09-28T21:58:44.964698+09:00,59335589,1729468b,2026-09-28T21:58:44.964698+09:00,2026-09-28T21:58:45.056695+09:00,rail-left-01,rail-right-01,0.6.7-draft,0.6.7-draft,mqtt,mqtt,938.83,786.79,6.661,6.513,-0.023,0.019,0.188,-0.109,10.265,9.675,-0.0662,0.0321,0.0368,0.055,-0.0069,-0.0045,25.61,25.69,16911,18594,2.114,2.324,6.342,6.973,512,512,52,52,0,0,0,0,,,,,,,,,,,,,,,,,0.0,0.0,0,0,1152.1,902.1,0.9268,1.1052,1,1,0
2026-09-28T21:58:44.984733+09:00,59355624,1729468b,2026-09-28T21:58:44.984733+09:00,2026-09-28T21:58:45.076730+09:00,rail-left-01,rail-right-01,0.6.7-draft,0.6.7-draft,mqtt,mqtt,939.97,787.79,6.672,6.529,-0.18,-0.099,0.128,-0.358,10.563,9.549,-0.0679,0.0306,0.0377,0.0546,-0.0093,-0.0051,25.62,25.69,16940,18629,2.118,2.329,6.352,6.986,513,513,52,52,0,0,0,0,,,,,,,,,,,,,,,,,0.0,0.0,0,0,1153.1,903.1,0.9268,1.1052,1,1,0
2026-09-28T21:58:45.004628+09:00,59375519,1729468b,2026-09-28T21:58:45.004628+09:00,2026-09-28T21:58:45.096625+09:00,rail-left-01,rail-right-01,0.6.7-draft,0.6.7-draft,mqtt,mqtt,941.12,788.73,6.684,6.527,0.081,0.14,0.004,-0.184,10.446,9.591,-0.0655,0.0341,0.0357,0.0578,-0.0101,-0.0073,25.62,25.71,16969,18626,2.121,2.328,6.363,6.985,514,514,52,52,0,0,0,0,,,,,,,,,,,,,,,,,0.0,0.0,0,0,1154.2,904.2,0.9268,1.1052,1,1,0
2026-09-28T21:58:45.024842+09:00,59395733,1729468b,2026-09-28T21:58:45.024842+09:00,2026-09-28T21:58:45.116839+09:00,rail-left-01,rail-right-01,0.6.7-draft,0.6.7-draft,mqtt,mqtt,942.26,789.68,6.688,6.543,-0.217,-0.2,0.073,-0.193,10.594,9.732,-0.0657,0.031,0.0373,0.0562,-0.0093,-0.0041,25.62,25.68,16979,18660,2.122,2.333,6.367,6.998,515,515,52,52,0,0,0,0,,,,,,,,,,,,,,,,,0.0,0.0,0,0,1155.3,905.3,0.9268,1.1052,1,1,0
2026-09-28T21:58:45.044821+09:00,59415712,1729468b,2026-09-28T21:58:45.044821+09:00,2026-09-28T21:58:45.136818+09:00,rail-left-01,rail-right-01,0.6.7-draft,0.6.7-draft,mqtt,mqtt,943.4,790.67,6.712,6.54,0.085,0.034,-0.005,-0.305,10.373,9.956,-0.0653,0.0329,0.022,0.056,-0.0049,-0.0045,25.61,25.69,17040,18655,2.13,2.332,6.39,6.996,516,516,52,52,0,0,0,0,,,,,,,,,,,,,,,,,0.0,0.0,0,0,1156.3,906.3,0.9268,1.1052,1,1,0
2026-09-28T21:58:45.064570+09:00,59435461,1729468b,2026-09-28T21:58:45.064570+09:00,2026-09-28T21:58:45.156567+09:00,rail-left-01,rail-right-01,0.6.7-draft,0.6.7-draft,mqtt,mqtt,944.55,791.61,6.72,6.549,-0.099,-0.108,0.138,-0.272,10.636,9.719,-0.0685,0.0312,0.0393,0.0596,-0.006,-0.0028,25.64,25.7,17060,18673,2.133,2.334,6.398,7.002,517,517,52,52,0,0,0,0,,,,,,,,,,,,,,,,,0.0,0.0,0,0,1157.4,907.4,0.9268,1.1052,1,1,0
2026-09-28T21:58:45.084746+09:00,59455637,1729468b,2026-09-28T21:58:45.084746+09:00,2026-09-28T21:58:45.176743+09:00,rail-left-01,rail-right-01,0.6.7-draft,0.6.7-draft,mqtt,mqtt,945.69,792.56,6.733,6.559,-0.085,-0.013,0.116,-0.243,10.398,9.572,-0.065,0.0294,0.0365,0.055,-0.0077,-0.0063,25.62,25.68,17091,18696,2.136,2.337,6.409,7.011,518,518,52,52,0,0,0,0,,,,,,,,,,,,,,,,,0.0,0.0,0,0,1158.4,908.4,0.9268,1.1052,1,1,0
2026-09-28T21:58:45.104713+09:00,59475604,1729468b,2026-09-28T21:58:45.104713+09:00,2026-09-28T21:58:45.196710+09:00,rail-left-01,rail-right-01,0.6.7-draft,0.6.7-draft,mqtt,mqtt,946.83,793.5,6.744,6.564,-0.032,-0.02,0.026,-0.217,10.487,9.459,-0.0648,0.0356,0.0398,0.0565,-0.0075,-0.0031,25.64,25.7,17118,18708,2.14,2.339,6.419,7.016,519,519,52,52,0,0,0,0,,,,,,,,,,,,,,,,,0.0,0.0,0,0,1159.5,909.5,0.9268,1.1052,1,1,0
2026-09-28T21:58:45.124893+09:00,59495784,1729468b,2026-09-28T21:58:45.124893+09:00,2026-09-28T21:58:45.216890+09:00,rail-left-01,rail-right-01,0.6.7-draft,0.6.7-draft,mqtt,mqtt,947.98,794.5,6.76,6.568,-0.116,-0.068,0.007,-0.183,10.236,9.796,-0.0695,0.0317,0.0341,0.0522,-0.0056,-0.0048,25.64,25.67,17159,18716,2.145,2.34,6.435,7.019,520,520,52,52,0,0,0,0,,,,,,,,,,,,,,,,,0.0,0.0,0,0,1160.6,910.6,0.9268,1.1052,1,1,0
2026-09-28T21:58:45.259581+09:00,59636458,1729468b,2026-09-28T21:58:45.259581+09:00,2026-09-28T21:58:45.299121+09:00,rail-left-01,rail-right-01,0.6.7-draft,0.6.7-draft,mqtt,mqtt,956.03,801.26,6.762,6.562,-0.141,-0.029,-0.069,-0.342,10.218,9.499,-0.0625,0.0334,0.0369,0.0565,-0.0076,-0.0044,25.63,25.7,17163,18702,2.145,2.338,6.436,7.013,521,521,53,53,0,0,0,0,,,,,,,,,,,,,,,,,0.0,0.0,0,0,1168.0,918.0,0.9268,1.1052,1,1,0
2026-09-28T21:58:45.280015+09:00,59656892,1729468b,2026-09-28T21:58:45.280015+09:00,2026-09-28T21:58:45.319556+09:00,rail-left-01,rail-right-01,0.6.7-draft,0.6.7-draft,mqtt,mqtt,957.18,802.2,6.756,6.619,-0.045,-0.035,0.055,-0.114,10.302,9.671,-0.0634,0.0321,0.0378,0.0601,-0.0095,-0.0047,25.61,25.69,17148,18829,2.144,2.354,6.431,7.061,522,522,53,53,0,0,0,0,,,,,,,,,,,,,,,,,0.0,0.0,0,0,1169.1,919.1,0.9268,1.1052,1,1,0
2026-09-28T21:58:45.299754+09:00,59676631,1729468b,2026-09-28T21:58:45.299754+09:00,2026-09-28T21:58:45.339294+09:00,rail-left-01,rail-right-01,0.6.7-draft,0.6.7-draft,mqtt,mqtt,958.32,803.2,6.773,6.612,-0.025,0.032,0.237,-0.187,10.189,9.609,-0.0586,0.0373,0.0289,0.0478,-0.0076,0.0001,25.64,25.71,17190,18814,2.149,2.352,6.446,7.055,523,523,53,53,0,0,0,0,,,,,,,,,,,,,,,,,0.0,0.0,0,0,1170.1,920.1,0.9268,1.1052,1,1,0
2026-09-28T21:58:45.319694+09:00,59696571,1729468b,2026-09-28T21:58:45.319694+09:00,2026-09-28T21:58:45.359235+09:00,rail-left-01,rail-right-01,0.6.7-draft,0.6.7-draft,mqtt,mqtt,959.46,804.14,6.826,6.6,-0.054,-0.004,0.041,-0.235,10.432,9.615,-0.0558,0.0357,0.0334,0.0522,-0.0067,-0.0051,25.62,25.69,17322,18788,2.165,2.349,6.496,7.045,524,524,53,53,0,0,0,0,,,,,,,,,,,,,,,,,0.0,0.0,0,0,1171.2,921.2,0.9268,1.1052,1,1,0
2026-09-28T21:58:45.340089+09:00,59716966,1729468b,2026-09-28T21:58:45.340089+09:00,2026-09-28T21:58:45.379629+09:00,rail-left-01,rail-right-01,0.6.7-draft,0.6.7-draft,mqtt,mqtt,960.66,805.14,6.871,6.595,-0.044,-0.001,0.056,-0.408,10.171,9.647,-0.0621,0.0349,0.0325,0.0509,-0.0079,-0.0063,25.63,25.67,17435,18776,2.179,2.347,6.538,7.041,525,525,53,53,0,0,0,0,,,,,,,,,,,,,,,,,0.0,0.0,0,0,1172.3,922.3,0.9268,1.1052,1,1,0
2026-09-28T21:58:45.360411+09:00,59737288,1729468b,2026-09-28T21:58:45.360411+09:00,2026-09-28T21:58:45.399951+09:00,rail-left-01,rail-right-01,0.6.7-draft,0.6.7-draft,mqtt,mqtt,961.8,806.13,6.891,6.585,-0.014,-0.063,0.091,-0.193,10.489,9.815,-0.0612,0.0362,0.0365,0.0574,-0.0088,-0.0081,25.6,25.69,17484,18753,2.186,2.344,6.557,7.032,526,526,53,53,0,0,0,0,,,,,,,,,,,,,,,,,0.0,0.0,0,0,1173.4,923.4,0.9268,1.1052,1,1,0
2026-09-28T21:58:45.379725+09:00,59756602,1729468b,2026-09-28T21:58:45.379725+09:00,2026-09-28T21:58:45.419266+09:00,rail-left-01,rail-right-01,0.6.7-draft,0.6.7-draft,mqtt,mqtt,962.89,807.03,6.894,6.591,0.004,0.038,-0.028,-0.265,10.295,9.735,-0.0673,0.0333,0.0337,0.0564,-0.008,-0.0096,25.64,25.66,17493,18767,2.187,2.346,6.56,7.038,527,527,53,53,0,0,0,0,,,,,,,,,,,,,,,,,0.0,0.0,0,0,1174.4,924.4,0.9268,1.1052,1,1,0
2026-09-28T21:58:45.399772+09:00,59776649,1729468b,2026-09-28T21:58:45.399772+09:00,2026-09-28T21:58:45.439312+09:00,rail-left-01,rail-right-01,0.6.7-draft,0.6.7-draft,mqtt,mqtt,964.04,808.02,6.914,6.576,-0.202,-0.139,0.329,-0.133,10.548,9.573,-0.0658,0.0314,0.0344,0.052,-0.0057,-0.0008,25.64,25.67,17543,18735,2.193,2.342,6.579,7.026,528,528,53,53,0,0,0,0,,,,,,,,,,,,,,,,,0.0,0.0,0,0,1175.4,925.4,0.9268,1.1052,1,1,0
2026-09-28T21:58:45.419746+09:00,59796623,1729468b,2026-09-28T21:58:45.419746+09:00,2026-09-28T21:58:45.459287+09:00,rail-left-01,rail-right-01,0.6.7-draft,0.6.7-draft,mqtt,mqtt,965.18,808.97,6.918,6.564,-0.045,0.054,0.047,-0.412,10.458,9.48,-0.0654,0.0317,0.029,0.049,-0.0111,-0.0111,25.64,25.69,17551,18708,2.194,2.339,6.582,7.016,529,529,53,53,0,0,0,0,,,,,,,,,,,,,,,,,0.0,0.0,0,0,1176.5,926.5,0.9268,1.1052,1,1,0
2026-09-28T21:58:45.439771+09:00,59816648,1729468b,2026-09-28T21:58:45.439771+09:00,2026-09-28T21:58:45.479311+09:00,rail-left-01,rail-right-01,0.6.7-draft,0.6.7-draft,mqtt,mqtt,966.32,809.96,6.943,6.543,-0.068,-0.092,0.068,0.001,10.379,9.762,-0.0642,0.0352,0.0326,0.0525,-0.01,-0.012,25.61,25.69,17615,18660,2.202,2.333,6.606,6.998,530,530,53,53,0,0,0,0,,,,,,,,,,,,,,,,,0.0,0.0,0,0,1177.6,927.6,0.9268,1.1052,1,1,0
2026-09-28T21:58:45.533615+09:00,59900431,1729468b,2026-09-28T21:58:45.533615+09:00,2026-09-28T21:58:45.618736+09:00,rail-left-01,rail-right-01,0.6.7-draft,0.6.7-draft,mqtt,mqtt,971.05,813.99,6.949,6.529,-0.159,-0.13,0.074,-0.409,10.569,9.489,-0.0673,0.0282,0.0272,0.0534,-0.0072,-0.0056,25.62,25.71,17629,18629,2.204,2.329,6.611,6.986,531,531,54,54,0,0,0,0,,,,,,,,,,,,,,,,,0.0,0.0,0,0,1181.9,931.9,0.9268,1.1052,1,1,0
2026-09-28T21:58:45.553732+09:00,59920548,1729468b,2026-09-28T21:58:45.553732+09:00,2026-09-28T21:58:45.638853+09:00,rail-left-01,rail-right-01,0.6.7-draft,0.6.7-draft,mqtt,mqtt,972.19,814.98,6.992,6.447,-0.051,-0.005,-0.006,-0.304,10.596,9.643,-0.065,0.0285,0.0325,0.0534,-0.0083,-0.008,25.64,25.69,17736,18447,2.217,2.306,6.651,6.918,532,532,54,54,0,0,0,0,,,,,,,,,,,,,,,,,0.0,0.0,0,0,1183.0,933.0,0.9268,1.1052,1,1,0
2026-09-28T21:58:45.573666+09:00,59940482,1729468b,2026-09-28T21:58:45.573666+09:00,2026-09-28T21:58:45.658787+09:00,rail-left-01,rail-right-01,0.6.7-draft,0.6.7-draft,mqtt,mqtt,973.33,815.93,6.994,6.416,-0.031,-0.067,-0.008,-0.134,10.524,9.807,-0.0666,0.0277,0.0286,0.0486,-0.0056,-0.0044,25.61,25.69,17740,18378,2.218,2.297,6.653,6.892,533,533,54,54,0,0,0,0,,,,,,,,,,,,,,,,,0.0,0.0,0,0,1184.0,934.0,0.9268,1.1052,1,1,0
2026-09-28T21:58:45.593799+09:00,59960615,1729468b,2026-09-28T21:58:45.593799+09:00,2026-09-28T21:58:45.678920+09:00,rail-left-01,rail-right-01,0.6.7-draft,0.6.7-draft,mqtt,mqtt,974.48,816.92,6.998,6.358,-0.121,-0.099,0.02,-0.017,10.508,9.84,-0.0682,0.0209,0.0333,0.0462,-0.0092,-0.0097,25.64,25.67,17750,18250,2.219,2.281,6.656,6.844,534,534,54,54,0,0,0,0,,,,,,,,,,,,,,,,,0.0,0.0,0,0,1185.1,935.1,0.9268,1.1052,1,1,0
2026-09-28T21:58:45.613709+09:00,59980525,1729468b,2026-09-28T21:58:45.613709+09:00,2026-09-28T21:58:45.698830+09:00,rail-left-01,rail-right-01,0.6.7-draft,0.6.7-draft,mqtt,mqtt,975.62,817.87,7.005,6.333,0.086,0.168,0.09,-0.214,10.582,9.722,-0.063,0.0298,0.0424,0.0553,-0.0128,-0.0117,25.64,25.7,17769,18194,2.221,2.274,6.663,6.823,535,535,54,54,0,0,0,0,,,,,,,,,,,,,,,,,0.0,0.0,0,0,1186.2,936.2,0.9268,1.1052,1,1,0
2026-09-28T21:58:45.633997+09:00,60000813,1729468b,2026-09-28T21:58:45.633997+09:00,2026-09-28T21:58:45.719118+09:00,rail-left-01,rail-right-01,0.6.7-draft,0.6.7-draft,mqtt,mqtt,976.77,818.86,7.018,6.349,-0.045,-0.048,-0.11,-0.153,10.338,9.523,-0.0687,0.0332,0.0421,0.0578,-0.0064,-0.0095,25.64,25.69,17801,18231,2.225,2.279,6.675,6.837,536,536,54,54,0,0,0,0,,,,,,,,,,,,,,,,,0.0,0.0,0,0,1187.2,937.2,0.9268,1.1052,1,1,0
2026-09-28T21:58:45.653797+09:00,60020613,1729468b,2026-09-28T21:58:45.653797+09:00,2026-09-28T21:58:45.738918+09:00,rail-left-01,rail-right-01,0.6.7-draft,0.6.7-draft,mqtt,mqtt,977.91,819.8,7.029,6.359,-0.174,-0.102,0.182,-0.315,10.384,9.588,-0.065,0.0309,0.035,0.0562,-0.0052,-0.0005,25.62,25.7,17827,18253,2.228,2.282,6.685,6.845,537,537,54,54,0,0,0,0,,,,,,,,,,,,,,,,,0.0,0.0,0,0,1188.3,938.3,0.9268,1.1052,1,1,0
2026-09-28T21:58:45.673767+09:00,60040583,1729468b,2026-09-28T21:58:45.673767+09:00,2026-09-28T21:58:45.758888+09:00,rail-left-01,rail-right-01,0.6.7-draft,0.6.7-draft,mqtt,mqtt,979.0,820.8,7.062,6.398,0.133,0.103,0.012,-0.127,10.24,9.548,-0.0652,0.0297,0.0336,0.0598,-0.0036,-0.0036,25.61,25.69,17911,18340,2.239,2.293,6.717,6.878,538,538,54,54,0,0,0,0,,,,,,,,,,,,,,,,,0.0,0.0,0,0,1189.3,939.3,0.9268,1.1052,1,1,0
2026-09-28T21:58:45.693719+09:00,60060535,1729468b,2026-09-28T21:58:45.693719+09:00,2026-09-28T21:58:45.778840+09:00,rail-left-01,rail-right-01,0.6.7-draft,0.6.7-draft,mqtt,mqtt,980.15,821.74,7.12,6.449,-0.151,-0.048,0.014,-0.311,10.373,9.737,-0.0685,0.0333,0.0208,0.0548,-0.0041,-0.0017,25.64,25.69,18054,18453,2.257,2.307,6.77,6.92,539,539,54,54,0,0,0,0,,,,,,,,,,,,,,,,,0.0,0.0,0,0,1190.4,940.4,0.9268,1.1052,1,1,0
2026-09-28T21:58:45.713975+09:00,60080791,1729468b,2026-09-28T21:58:45.713975+09:00,2026-09-28T21:58:45.799096+09:00,rail-left-01,rail-right-01,0.6.7-draft,0.6.7-draft,mqtt,mqtt,981.29,822.74,7.216,6.534,0.077,0.132,-0.05,-0.065,10.473,9.774,-0.0666,0.0328,0.0173,0.054,-0.0017,-0.0039,25.62,25.67,18294,18640,2.287,2.33,6.86,6.99,540,540,54,54,0,0,0,0,,,,,,,,,,,,,,,,,0.0,0.0,0,0,1191.4,941.4,0.9268,1.1052,1,1,0
2026-09-28T21:58:45.854467+09:00,60222440,1729468b,2026-09-28T21:58:45.854467+09:00,2026-09-28T21:58:45.944806+09:00,rail-left-01,rail-right-01,0.6.7-draft,0.6.7-draft,mqtt,mqtt,989.39,829.55,7.283,6.589,0.005,0.028,-0.126,-0.198,10.359,9.838,-0.0637,0.0318,0.0396,0.0573,-0.0089,-0.0059,25.61,25.67,18461,18762,2.308,2.345,6.923,7.036,541,541,55,55,0,0,0,0,,,,,,,,,,,,,,,,,0.0,0.0,0,0,1198.9,948.9,0.9268,1.1052,1,1,0
2026-09-28T21:58:45.874608+09:00,60242581,1729468b,2026-09-28T21:58:45.874608+09:00,2026-09-28T21:58:45.964947+09:00,rail-left-01,rail-right-01,0.6.7-draft,0.6.7-draft,mqtt,mqtt,990.54,830.54,8.102,7.094,-0.02,-0.136,-0.022,-0.154,10.701,9.861,-0.0616,0.0302,0.0401,0.0552,-0.0108,-0.008,25.64,25.71,20499,19883,2.562,2.485,7.687,7.456,542,542,55,55,0,0,0,0,,,,,,,,,,,,,,,,,0.0,0.0,0,0,1200.0,950.0,0.9268,1.1052,1,1,1200
2026-09-28T21:58:45.894552+09:00,60262525,1729468b,2026-09-28T21:58:45.894552+09:00,2026-09-28T21:58:45.984891+09:00,rail-left-01,rail-right-01,0.6.7-draft,0.6.7-draft,mqtt,mqtt,991.68,831.49,8.007,6.88,0.004,0.157,-0.14,-0.15,10.423,9.767,-0.0653,0.0324,0.0418,0.0476,0.0009,-0.0017,25.64,25.7,20262,19408,2.533,2.426,7.598,7.278,543,543,55,55,0,0,0,0,,,,,,,,,,,,,,,,,0.0,0.0,0,0,1201.1,951.1,0.9268,1.1052,1,1,0
2026-09-28T21:58:45.914522+09:00,60282495,1729468b,2026-09-28T21:58:45.914522+09:00,2026-09-28T21:58:46.004861+09:00,rail-left-01,rail-right-01,0.6.7-draft,0.6.7-draft,mqtt,mqtt,992.82,832.48,7.86,6.611,-0.029,-0.005,0.043,-0.119,10.471,9.604,-0.0655,0.0306,0.0444,0.0582,-0.0008,-0.0061,25.62,25.69,19897,18812,2.487,2.352,7.461,7.055,544,544,55,55,0,0,0,0,,,,,,,,,,,,,,,,,0.0,0.0,0,0,1202.1,952.1,0.9268,1.1052,1,1,0
2026-09-28T21:58:45.934752+09:00,60302725,1729468b,2026-09-28T21:58:45.934752+09:00,2026-09-28T21:58:46.025091+09:00,rail-left-01,rail-right-01,0.6.7-draft,0.6.7-draft,mqtt,mqtt,993.97,833.43,7.668,6.319,-0.075,-0.036,0.04,-0.303,10.57,9.658,-0.0677,0.0318,0.0428,0.0525,-0.0033,-0.0059,25.61,25.69,19420,18164,2.428,2.271,7.283,6.812,545,545,55,55,0,0,0,0,,,,,,,,,,,,,,,,,0.0,0.0,0,0,1203.2,953.2,0.9268,1.1052,1,1,0
2026-09-28T21:58:45.954731+09:00,60322704,1729468b,2026-09-28T21:58:45.954731+09:00,2026-09-28T21:58:46.045070+09:00,rail-left-01,rail-right-01,0.6.7-draft,0.6.7-draft,mqtt,mqtt,995.11,834.42,7.486,6.037,-0.002,0.022,0.014,-0.169,10.548,9.88,-0.063,0.032,0.0421,0.0588,-0.0083,-0.0079,25.63,25.7,18967,17537,2.371,2.192,7.113,6.576,546,546,55,55,0,0,0,0,,,,,,,,,,,,,,,,,0.0,0.0,0,0,1204.2,954.2,0.9268,1.1052,1,1,0
2026-09-28T21:58:45.974474+09:00,60342447,1729468b,2026-09-28T21:58:45.974474+09:00,2026-09-28T21:58:46.064813+09:00,rail-left-01,rail-right-01,0.6.7-draft,0.6.7-draft,mqtt,mqtt,996.25,835.37,7.365,5.95,-0.113,-0.042,0.239,-0.312,10.467,9.638,-0.0644,0.0293,0.0544,0.0561,0.0,-0.0012,25.62,25.7,18665,17215,2.333,2.152,6.999,6.456,547,547,55,55,0,0,0,0,,,,,,,,,,,,,,,,,0.0,0.0,0,0,1205.3,955.3,0.9268,1.1052,1,1,0
2026-09-28T21:58:45.994584+09:00,60362557,1729468b,2026-09-28T21:58:45.994584+09:00,2026-09-28T21:58:46.084923+09:00,rail-left-01,rail-right-01,0.6.7-draft,0.6.7-draft,mqtt,mqtt,997.4,836.31,7.202,5.851,-0.059,0.01,0.159,-0.099,10.511,9.805,-0.0657,0.034,0.0301,0.0528,-0.0029,-0.0028,25.61,25.7,18259,16740,2.282,2.093,6.847,6.278,548,548,55,55,0,0,0,0,,,,,,,,,,,,,,,,,0.0,0.0,0,0,1206.4,956.4,0.9268,1.1052,1,1,0
2026-09-28T21:58:46.014668+09:00,60382641,1729468b,2026-09-28T21:58:46.014668+09:00,2026-09-28T21:58:46.105007+09:00,rail-left-01,rail-right-01,0.6.7-draft,0.6.7-draft,mqtt,mqtt,998.54,837.31,7.095,5.791,0.107,0.0,-0.087,-0.321,10.5,9.869,-0.0632,0.0338,0.0366,0.0552,-0.006,-0.0019,25.6,25.7,17993,16451,2.249,2.056,6.747,6.169,549,549,55,55,0,0,0,0,,,,,,,,,,,,,,,,,0.0,0.0,0,0,1207.4,957.4,0.9268,1.1052,1,1,0
2026-09-28T21:58:46.034710+09:00,60402683,1729468b,2026-09-28T21:58:46.034710+09:00,2026-09-28T21:58:46.125049+09:00,rail-left-01,rail-right-01,0.6.7-draft,0.6.7-draft,mqtt,mqtt,999.69,838.25,7.006,5.747,-0.215,-0.178,0.109,-0.33,10.503,9.851,-0.0606,0.0286,0.0418,0.056,-0.0077,-0.0076,25.62,25.69,17770,16236,2.221,2.03,6.664,6.089,550,550,55,55,0,0,0,0,,,,,,,,,,,,,,,,,0.0,0.0,0,0,1208.5,958.5,0.9268,1.1052,1,1,0
2026-09-28T21:58:46.175812+09:00,60545418,1729468b,2026-09-28T21:58:46.175812+09:00,2026-09-28T21:58:46.254168+09:00,rail-left-01,rail-right-01,0.6.7-draft,0.6.7-draft,mqtt,mqtt,1007.84,845.11,6.971,5.731,-0.092,-0.061,0.066,-0.278,10.518,9.561,-0.065,0.03,0.0416,0.0605,-0.0107,-0.0068,25.62,25.71,17683,16163,2.21,2.02,6.631,6.061,551,551,56,56,0,0,0,0,,,,,,,,,,,,,,,,,0.0,0.0,0,0,1216.0,966.0,0.9268,1.1052,1,1,0
2026-09-28T21:58:46.195930+09:00,60565536,1729468b,2026-09-28T21:58:46.195930+09:00,2026-09-28T21:58:46.274286+09:00,rail-left-01,rail-right-01,0.6.7-draft,0.6.7-draft,mqtt,mqtt,1008.98,846.11,6.914,5.721,0.02,0.038,-0.081,-0.192,10.295,9.724,-0.0658,0.0358,0.0416,0.0624,-0.0101,-0.0059,25.62,25.7,17543,16115,2.193,2.014,6.579,6.043,552,552,56,56,0,0,0,0,,,,,,,,,,,,,,,,,0.0,0.0,0,0,1217.1,967.1,0.9268,1.1052,1,1,0
2026-09-28T21:58:46.215960+09:00,60585566,1729468b,2026-09-28T21:58:46.215960+09:00,2026-09-28T21:58:46.294316+09:00,rail-left-01,rail-right-01,0.6.7-draft,0.6.7-draft,mqtt,mqtt,1010.13,847.05,6.906,5.738,-0.057,0.031,0.025,-0.342,10.353,9.755,-0.0658,0.031,0.0289,0.0544,-0.01,-0.0035,25.62,25.69,17523,16194,2.19,2.024,6.571,6.073,553,553,56,56,0,0,0,0,,,,,,,,,,,,,,,,,0.0,0.0,0,0,1218.2,968.2,0.9268,1.1052,1,1,0
2026-09-28T21:58:46.235919+09:00,60605525,1729468b,2026-09-28T21:58:46.235919+09:00,2026-09-28T21:58:46.314275+09:00,rail-left-01,rail-right-01,0.6.7-draft,0.6.7-draft,mqtt,mqtt,1011.27,847.99,6.913,5.743,-0.075,-0.024,-0.005,-0.194,10.482,9.621,-0.0657,0.0332,0.0326,0.0545,-0.0087,-0.0011,25.64,25.7,17540,16221,2.193,2.028,6.578,6.083,554,554,56,56,0,0,0,0,,,,,,,,,,,,,,,,,0.0,0.0,0,0,1219.2,969.2,0.9268,1.1052,1,1,0
2026-09-28T21:58:46.255948+09:00,60625554,1729468b,2026-09-28T21:58:46.255948+09:00,2026-09-28T21:58:46.334304+09:00,rail-left-01,rail-right-01,0.6.7-draft,0.6.7-draft,mqtt,mqtt,1012.41,848.99,6.903,5.745,-0.002,-0.077,-0.006,-0.238,10.558,9.556,-0.0649,0.033,0.0328,0.0536,-0.0099,-0.0025,25.63,25.71,17514,16230,2.189,2.029,6.568,6.086,555,555,56,56,0,0,0,0,,,,,,,,,,,,,,,,,0.0,0.0,0,0,1220.3,970.3,0.9268,1.1052,1,1,0
2026-09-28T21:58:46.275920+09:00,60645526,1729468b,2026-09-28T21:58:46.275920+09:00,2026-09-28T21:58:46.354276+09:00,rail-left-01,rail-right-01,0.6.7-draft,0.6.7-draft,mqtt,mqtt,1013.56,849.93,6.907,5.74,-0.095,0.041,0.113,-0.193,10.318,9.746,-0.0685,0.0354,0.0505,0.0546,-0.0008,-0.0028,25.61,25.69,17525,16205,2.191,2.026,6.572,6.077,556,556,56,56,0,0,0,0,,,,,,,,,,,,,,,,,0.0,0.0,0,0,1221.3,971.3,0.9268,1.1052,1,1,0
2026-09-28T21:58:46.295843+09:00,60665449,1729468b,2026-09-28T21:58:46.295843+09:00,2026-09-28T21:58:46.374199+09:00,rail-left-01,rail-right-01,0.6.7-draft,0.6.7-draft,mqtt,mqtt,1014.7,850.88,6.89,5.744,-0.084,-0.008,0.196,-0.334,10.429,9.948,-0.0655,0.0336,0.0488,0.0597,-0.0072,-0.0095,25.6,25.67,17483,16223,2.185,2.028,6.556,6.084,557,557,56,56,0,0,0,0,,,,,,,,,,,,,,,,,0.0,0.0,0,0,1222.4,972.4,0.9268,1.1052,1,1,0
2026-09-28T21:58:46.315841+09:00,60685447,1729468b,2026-09-28T21:58:46.315841+09:00,2026-09-28T21:58:46.394197+09:00,rail-left-01,rail-right-01,0.6.7-draft,0.6.7-draft,mqtt,mqtt,1015.84,851.87,6.875,5.755,-0.04,-0.019,0.321,-0.129,10.308,9.911,-0.0689,0.0301,0.0441,0.0549,-0.0015,-0.0031,25.62,25.67,17445,16277,2.181,2.035,6.542,6.104,558,558,56,56,0,0,0,0,,,,,,,,,,,,,,,,,0.0,0.0,0,0,1223.4,973.4,0.9268,1.1052,1,1,0
2026-09-28T21:58:46.335989+09:00,60705595,1729468b,2026-09-28T21:58:46.335989+09:00,2026-09-28T21:58:46.414345+09:00,rail-left-01,rail-right-01,0.6.7-draft,0.6.7-draft,mqtt,mqtt,1016.99,852.82,6.866,5.768,0.035,0.072,0.146,-0.54,10.465,9.633,-0.0681,0.0342,0.0566,0.06,-0.0068,-0.01,25.62,25.66,17423,16339,2.178,2.042,6.534,6.127,559,559,56,56,0,0,0,0,,,,,,,,,,,,,,,,,0.0,0.0,0,0,1224.5,974.5,0.9268,1.1052,1,1,0
2026-09-28T21:58:46.356015+09:00,60725621,1729468b,2026-09-28T21:58:46.356015+09:00,2026-09-28T21:58:46.434371+09:00,rail-left-01,rail-right-01,0.6.7-draft,0.6.7-draft,mqtt,mqtt,1018.13,853.81,6.828,5.773,-0.06,-0.002,0.068,-0.107,10.252,9.772,-0.0663,0.0304,0.0572,0.06,-0.0043,-0.0095,25.6,25.71,17328,16361,2.166,2.045,6.498,6.135,560,560,56,56,0,0,0,0,,,,,,,,,,,,,,,,,0.0,0.0,0,0,1225.6,975.6,0.9268,1.1052,1,1,0
2026-09-28T21:58:46.478464+09:00,60853437,1729468b,2026-09-28T21:58:46.478464+09:00,2026-09-28T21:58:46.562542+09:00,rail-left-01,rail-right-01,0.6.7-draft,0.6.7-draft,mqtt,mqtt,1025.39,859.93,6.796,5.773,-0.073,-0.074,0.327,-0.12,10.501,9.731,-0.0634,0.0321,0.0654,0.0596,-0.004,-0.0087,25.62,25.69,17248,16363,2.156,2.045,6.468,6.136,561,561,57,57,0,0,0,0,,,,,,,,,,,,,,,,,0.0,0.0,0,0,1232.3,982.3,0.9268,1.1052,1,1,0
2026-09-28T21:58:46.498618+09:00,60873591,1729468b,2026-09-28T21:58:46.498618+09:00,2026-09-28T21:58:46.582696+09:00,rail-left-01,rail-right-01,0.6.7-draft,0.6.7-draft,mqtt,mqtt,1026.53,860.92,6.793,5.847,-0.318,-0.212,-0.096,-0.413,10.429,9.668,-0.0626,0.0302,0.0361,0.057,-0.0092,-0.0067,25.59,25.69,17241,16717,2.155,2.09,6.465,6.269,562,562,57,57,0,0,0,0,,,,,,,,,,,,,,,,,0.0,0.0,0,0,1233.4,983.4,0.9268,1.1052,1,1,0
2026-09-28T21:58:46.518585+09:00,60893558,1729468b,2026-09-28T21:58:46.518585+09:00,2026-09-28T21:58:46.602663+09:00,rail-left-01,rail-right-01,0.6.7-draft,0.6.7-draft,mqtt,mqtt,1027.68,861.87,6.77,5.863,0.296,0.257,-0.042,-0.231,10.584,9.779,-0.0667,0.0349,0.0497,0.0629,-0.0072,-0.0089,25.59,25.69,17184,16795,2.148,2.099,6.444,6.298,563,563,57,57,0,0,0,0,,,,,,,,,,,,,,,,,0.0,0.0,0,0,1234.4,984.4,0.9268,1.1052,1,1,0
2026-09-28T21:58:46.538559+09:00,60913532,1729468b,2026-09-28T21:58:46.538559+09:00,2026-09-28T21:58:46.622637+09:00,rail-left-01,rail-right-01,0.6.7-draft,0.6.7-draft,mqtt,mqtt,1028.82,862.86,6.74,5.867,-0.47,-0.418,0.023,-0.199,10.582,9.967,-0.0649,0.0313,0.0394,0.0593,-0.0103,-0.0075,25.63,25.69,17110,16814,2.139,2.102,6.416,6.305,564,564,57,57,0,0,0,0,,,,,,,,,,,,,,,,,0.0,0.0,0,0,1235.5,985.5,0.9268,1.1052,1,1,0
2026-09-28T21:58:46.558594+09:00,60933567,1729468b,2026-09-28T21:58:46.558594+09:00,2026-09-28T21:58:46.642672+09:00,rail-left-01,rail-right-01,0.6.7-draft,0.6.7-draft,mqtt,mqtt,1029.96,863.81,6.725,5.882,0.221,0.245,0.054,-0.395,10.587,9.541,-0.0645,0.0334,0.0384,0.064,-0.0148,-0.0077,25.59,25.69,17072,16889,2.134,2.111,6.402,6.333,565,565,57,57,0,0,0,0,,,,,,,,,,,,,,,,,0.0,0.0,0,0,1236.5,986.5,0.9268,1.1052,1,1,0
2026-09-28T21:58:46.578574+09:00,60953547,1729468b,2026-09-28T21:58:46.578574+09:00,2026-09-28T21:58:46.662652+09:00,rail-left-01,rail-right-01,0.6.7-draft,0.6.7-draft,mqtt,mqtt,1031.11,864.75,6.726,5.89,-0.121,-0.14,-0.189,-0.007,10.283,9.728,-0.0612,0.0325,0.0366,0.0636,-0.0115,-0.0075,25.6,25.69,17075,16927,2.134,2.116,6.403,6.348,566,566,57,57,0,0,0,0,,,,,,,,,,,,,,,,,0.0,0.0,0,0,1237.6,987.6,0.9268,1.1052,1,1,0
2026-09-28T21:58:46.598500+09:00,60973473,1729468b,2026-09-28T21:58:46.598500+09:00,2026-09-28T21:58:46.682578+09:00,rail-left-01,rail-right-01,0.6.7-draft,0.6.7-draft,mqtt,mqtt,1032.25,865.69,6.722,5.898,0.085,0.032,-0.026,-0.068,10.418,9.778,-0.0671,0.0334,0.0232,0.0593,-0.0119,-0.0025,25.61,25.68,17063,16963,2.133,2.12,6.399,6.361,567,567,57,57,0,0,0,0,,,,,,,,,,,,,,,,,0.0,0.0,0,0,1238.7,988.7,0.9268,1.1052,1,1,0
2026-09-28T21:58:46.618662+09:00,60993635,1729468b,2026-09-28T21:58:46.618662+09:00,2026-09-28T21:58:46.702740+09:00,rail-left-01,rail-right-01,0.6.7-draft,0.6.7-draft,mqtt,mqtt,1033.39,866.69,6.701,5.914,-0.158,-0.103,0.212,-0.232,10.469,9.859,-0.0602,0.0353,0.0509,0.0557,-0.0071,-0.0033,25.6,25.67,17012,17041,2.127,2.13,6.38,6.39,568,568,57,57,0,0,0,0,,,,,,,,,,,,,,,,,0.0,0.0,0,0,1239.7,989.7,0.9268,1.1052,1,1,0
2026-09-28T21:58:46.638642+09:00,61013615,1729468b,2026-09-28T21:58:46.638642+09:00,2026-09-28T21:58:46.722720+09:00,rail-left-01,rail-right-01,0.6.7-draft,0.6.7-draft,mqtt,mqtt,1034.54,867.63,6.692,5.923,-0.113,0.083,0.122,-0.378,10.386,9.396,-0.0655,0.0325,0.0529,0.0566,-0.0065,-0.0085,25.6,25.7,16990,17086,2.124,2.136,6.371,6.407,569,569,57,57,0,0,0,0,,,,,,,,,,,,,,,,,0.0,0.0,0,0,1240.8,990.8,0.9268,1.1052,1,1,0
2026-09-28T21:58:46.658682+09:00,61033655,1729468b,2026-09-28T21:58:46.658682+09:00,2026-09-28T21:58:46.742760+09:00,rail-left-01,rail-right-01,0.6.7-draft,0.6.7-draft,mqtt,mqtt,1035.68,868.63,6.68,5.93,-0.117,-0.091,0.142,-0.207,10.379,9.722,-0.0604,0.0316,0.0537,0.0578,-0.0068,-0.0061,25.59,25.69,16959,17120,2.12,2.14,6.36,6.42,570,570,57,57,0,0,0,0,,,,,,,,,,,,,,,,,0.0,0.0,0,0,1241.8,991.8,0.9268,1.1052,1,1,0
2026-09-28T21:58:46.798552+09:00,61162449,1729468b,2026-09-28T21:58:46.798552+09:00,2026-09-28T21:58:46.903884+09:00,rail-left-01,rail-right-01,0.6.7-draft,0.6.7-draft,mqtt,mqtt,1042.99,874.79,6.674,5.93,-0.114,-0.063,0.217,-0.308,10.427,9.813,-0.0585,0.0304,0.0364,0.0604,-0.0127,-0.0055,25.61,25.69,16944,17121,2.118,2.14,6.354,6.42,571,571,58,58,0,0,0,0,,,,,,,,,,,,,,,,,0.0,0.0,0,0,1248.6,998.6,0.9268,1.1052,1,1,0
2026-09-28T21:58:46.818695+09:00,61182593,1729468b,2026-09-28T21:58:46.818695+09:00,2026-09-28T21:58:46.924027+09:00,rail-left-01,rail-right-01,0.6.7-draft,0.6.7-draft,mqtt,mqtt,1044.18,875.74,6.808,5.939,-0.166,-0.098,-0.198,-0.176,10.331,9.577,-0.0602,0.0308,0.0228,0.0536,-0.0111,-0.0017,25.6,25.71,17278,17164,2.16,2.146,6.479,6.437,572,572,58,58,0,0,0,0,,,,,,,,,,,,,,,,,0.0,0.0,0,0,1249.7,999.7,0.9268,1.1052,1,1,0
2026-09-28T21:58:46.838721+09:00,61202618,1729468b,2026-09-28T21:58:46.838721+09:00,2026-09-28T21:58:46.944052+09:00,rail-left-01,rail-right-01,0.6.7-draft,0.6.7-draft,mqtt,mqtt,1045.33,876.73,6.816,5.933,0.168,0.104,0.13,-0.257,10.573,9.742,-0.0621,0.0318,0.0357,0.0586,-0.0112,-0.0056,25.62,25.69,17299,17132,2.162,2.141,6.487,6.424,573,573,58,58,0,0,0,0,,,,,,,,,,,,,,,,,0.0,0.0,0,0,1250.8,1000.8,0.9268,1.1052,1,1,0
2026-09-28T21:58:46.858701+09:00,61222598,1729468b,2026-09-28T21:58:46.858701+09:00,2026-09-28T21:58:46.964033+09:00,rail-left-01,rail-right-01,0.6.7-draft,0.6.7-draft,mqtt,mqtt,1046.47,877.68,6.816,5.931,-0.269,-0.174,-0.051,-0.236,10.381,9.786,-0.067,0.0305,0.0373,0.0564,-0.0156,-0.0093,25.64,25.69,17299,17122,2.162,2.14,6.487,6.421,574,574,58,58,0,0,0,0,,,,,,,,,,,,,,,,,0.0,0.0,0,0,1251.8,1001.8,0.9268,1.1052,1,1,0
2026-09-28T21:58:46.879111+09:00,61243008,1729468b,2026-09-28T21:58:46.879111+09:00,2026-09-28T21:58:46.984442+09:00,rail-left-01,rail-right-01,0.6.7-draft,0.6.7-draft,mqtt,mqtt,1047.61,878.67,6.803,5.917,0.098,0.092,-0.024,-0.092,10.427,9.755,-0.0662,0.0297,0.0274,0.0505,-0.0116,-0.0068,25.61,25.7,17266,17054,2.158,2.132,6.475,6.395,575,575,58,58,0,0,0,0,,,,,,,,,,,,,,,,,0.0,0.0,0,0,1252.9,1002.9,0.9268,1.1052,1,1,0
2026-09-28T21:58:46.899103+09:00,61263000,1729468b,2026-09-28T21:58:46.899103+09:00,2026-09-28T21:58:47.004434+09:00,rail-left-01,rail-right-01,0.6.7-draft,0.6.7-draft,mqtt,mqtt,1048.76,879.62,6.808,5.906,-0.109,-0.081,-0.002,-0.294,10.451,9.544,-0.0678,0.0329,0.0377,0.0518,-0.0108,-0.006,25.6,25.69,17279,17003,2.16,2.125,6.48,6.376,576,576,58,58,0,0,0,0,,,,,,,,,,,,,,,,,0.0,0.0,0,0,1254.0,1004.0,0.9268,1.1052,1,1,0
2026-09-28T21:58:46.918666+09:00,61282563,1729468b,2026-09-28T21:58:46.918666+09:00,2026-09-28T21:58:47.023997+09:00,rail-left-01,rail-right-01,0.6.7-draft,0.6.7-draft,mqtt,mqtt,1049.9,880.56,6.804,5.897,-0.189,-0.086,0.132,-0.128,10.531,9.595,-0.0626,0.029,0.0422,0.0492,-0.0211,-0.0053,25.6,25.68,17268,16962,2.159,2.12,6.476,6.361,577,577,58,58,0,0,0,0,,,,,,,,,,,,,,,,,0.0,0.0,0,0,1255.0,1005.0,0.9268,1.1052,1,1,0
2026-09-28T21:58:46.938701+09:00,61302598,1729468b,2026-09-28T21:58:46.938701+09:00,2026-09-28T21:58:47.044033+09:00,rail-left-01,rail-right-01,0.6.7-draft,0.6.7-draft,mqtt,mqtt,1051.04,881.5,6.817,5.879,0.065,0.023,-0.202,-0.317,10.441,9.723,-0.0666,0.0244,0.0289,0.0482,-0.0161,-0.0081,25.62,25.71,17301,16872,2.163,2.109,6.488,6.327,578,578,58,58,0,0,0,0,,,,,,,,,,,,,,,,,0.0,0.0,0,0,1256.1,1006.1,0.9268,1.1052,1,1,0
2026-09-28T21:58:46.958655+09:00,61322552,1729468b,2026-09-28T21:58:46.958655+09:00,2026-09-28T21:58:47.063986+09:00,rail-left-01,rail-right-01,0.6.7-draft,0.6.7-draft,mqtt,mqtt,1052.19,882.5,6.839,5.854,-0.047,-0.023,-0.056,-0.136,10.409,9.675,-0.0642,0.0245,0.0286,0.051,-0.0123,-0.0077,25.59,25.69,17356,16752,2.17,2.094,6.509,6.282,579,579,58,58,0,0,0,0,,,,,,,,,,,,,,,,,0.0,0.0,0,0,1257.1,1007.1,0.9268,1.1052,1,1,0
2026-09-28T21:58:46.978685+09:00,61342582,1729468b,2026-09-28T21:58:46.978685+09:00,2026-09-28T21:58:47.084017+09:00,rail-left-01,rail-right-01,0.6.7-draft,0.6.7-draft,mqtt,mqtt,1053.33,883.44,6.825,5.825,0.047,0.075,-0.025,-0.328,10.363,9.659,-0.0633,0.0333,0.0384,0.0574,-0.0153,-0.0096,25.59,25.69,17320,16612,2.165,2.077,6.495,6.23,580,580,58,58,0,0,0,0,,,,,,,,,,,,,,,,,0.0,0.0,0,0,1258.2,1008.2,0.9268,1.1052,1,1,0
2026-09-28T21:58:47.174719+09:00,61504417,1729468b,2026-09-28T21:58:47.174719+09:00,2026-09-28T21:58:47.224371+09:00,rail-left-01,rail-right-01,0.6.7-draft,0.6.7-draft,mqtt,mqtt,1062.63,891.25,6.81,5.816,-0.097,-0.059,0.273,-0.116,10.203,9.801,-0.0693,0.0314,0.0332,0.0589,-0.0083,-0.0027,25.59,25.69,17283,16570,2.16,2.071,6.481,6.214,581,581,59,59,0,0,0,0,,,,,,,,,,,,,,,,,0.0,0.0,0,0,1266.8,1016.8,0.9268,1.1052,1,1,0
2026-09-28T21:58:47.194844+09:00,61524542,1729468b,2026-09-28T21:58:47.194844+09:00,2026-09-28T21:58:47.244496+09:00,rail-left-01,rail-right-01,0.6.7-draft,0.6.7-draft,mqtt,mqtt,1063.82,892.19,6.7,5.767,0.044,0.023,0.272,-0.25,10.634,9.859,-0.0653,0.0305,0.0408,0.0658,-0.0119,-0.0068,25.6,25.72,17008,16334,2.126,2.042,6.378,6.125,582,582,59,59,0,0,0,0,,,,,,,,,,,,,,,,,0.0,0.0,0,0,1267.9,1017.9,0.9268,1.1052,1,1,0
2026-09-28T21:58:47.214852+09:00,61544550,1729468b,2026-09-28T21:58:47.214852+09:00,2026-09-28T21:58:47.264504+09:00,rail-left-01,rail-right-01,0.6.7-draft,0.6.7-draft,mqtt,mqtt,1064.97,893.14,6.669,5.773,-0.095,-0.036,-0.043,-0.298,10.303,9.651,-0.0657,0.0324,0.0385,0.0638,-0.0103,0.0005,25.61,25.7,16931,16365,2.116,2.046,6.349,6.137,583,583,59,59,0,0,0,0,,,,,,,,,,,,,,,,,0.0,0.0,0,0,1269.0,1019.0,0.9268,1.1052,1,1,0
2026-09-28T21:58:47.234793+09:00,61564491,1729468b,2026-09-28T21:58:47.234793+09:00,2026-09-28T21:58:47.284445+09:00,rail-left-01,rail-right-01,0.6.7-draft,0.6.7-draft,mqtt,mqtt,1066.11,894.13,6.625,5.778,-0.008,0.004,0.036,-0.201,10.446,9.529,-0.0641,0.0354,0.0394,0.0588,-0.0089,-0.0021,25.61,25.69,16823,16387,2.103,2.048,6.309,6.145,584,584,59,59,0,0,0,0,,,,,,,,,,,,,,,,,0.0,0.0,0,0,1270.0,1020.0,0.9268,1.1052,1,1,0
2026-09-28T21:58:47.254821+09:00,61584519,1729468b,2026-09-28T21:58:47.254821+09:00,2026-09-28T21:58:47.304473+09:00,rail-left-01,rail-right-01,0.6.7-draft,0.6.7-draft,mqtt,mqtt,1067.25,895.08,6.598,5.781,-0.005,-0.013,0.09,-0.384,10.47,9.793,-0.0694,0.0301,0.0388,0.0596,-0.0128,-0.0084,25.6,25.68,16755,16402,2.094,2.05,6.283,6.151,585,585,59,59,0,0,0,0,,,,,,,,,,,,,,,,,0.0,0.0,0,0,1271.1,1021.1,0.9268,1.1052,1,1,0
2026-09-28T21:58:47.274828+09:00,61604526,1729468b,2026-09-28T21:58:47.274828+09:00,2026-09-28T21:58:47.324480+09:00,rail-left-01,rail-right-01,0.6.7-draft,0.6.7-draft,mqtt,mqtt,1068.4,896.02,6.568,5.784,-0.056,-0.084,0.142,-0.413,10.672,9.598,-0.0645,0.0292,0.0432,0.0566,-0.0137,-0.0079,25.64,25.68,16680,16414,2.085,2.052,6.255,6.155,586,586,59,59,0,0,0,0,,,,,,,,,,,,,,,,,0.0,0.0,0,0,1272.2,1022.2,0.9268,1.1052,1,1,0
2026-09-28T21:58:47.294785+09:00,61624483,1729468b,2026-09-28T21:58:47.294785+09:00,2026-09-28T21:58:47.344437+09:00,rail-left-01,rail-right-01,0.6.7-draft,0.6.7-draft,mqtt,mqtt,1069.59,897.02,6.556,5.781,-0.017,0.031,-0.036,-0.207,10.514,9.541,-0.0665,0.029,0.0358,0.0528,-0.0101,-0.0083,25.61,25.7,16651,16401,2.081,2.05,6.244,6.15,587,587,59,59,0,0,0,0,,,,,,,,,,,,,,,,,0.0,0.0,0,0,1273.3,1023.3,0.9268,1.1052,1,1,0
2026-09-28T21:58:47.314892+09:00,61644590,1729468b,2026-09-28T21:58:47.314892+09:00,2026-09-28T21:58:47.364544+09:00,rail-left-01,rail-right-01,0.6.7-draft,0.6.7-draft,mqtt,mqtt,1070.73,897.96,6.543,5.758,-0.079,-0.025,0.001,-0.242,10.303,9.662,-0.0645,0.0212,0.0313,0.0448,-0.0093,-0.006,25.62,25.7,16619,16292,2.077,2.037,6.232,6.11,588,588,59,59,0,0,0,0,,,,,,,,,,,,,,,,,0.0,0.0,0,0,1274.3,1024.3,0.9268,1.1052,1,1,0
2026-09-28T21:58:47.334825+09:00,61664523,1729468b,2026-09-28T21:58:47.334825+09:00,2026-09-28T21:58:47.384477+09:00,rail-left-01,rail-right-01,0.6.7-draft,0.6.7-draft,mqtt,mqtt,1071.88,898.91,6.555,5.756,0.045,0.029,0.029,-0.352,10.293,9.55,-0.0659,0.0336,0.0386,0.058,-0.0089,-0.0096,25.61,25.68,16649,16282,2.081,2.035,6.243,6.106,589,589,59,59,0,0,0,0,,,,,,,,,,,,,,,,,0.0,0.0,0,0,1275.4,1025.4,0.9268,1.1052,1,1,0
2026-09-28T21:58:47.354948+09:00,61684646,1729468b,2026-09-28T21:58:47.354948+09:00,2026-09-28T21:58:47.404600+09:00,rail-left-01,rail-right-01,0.6.7-draft,0.6.7-draft,mqtt,mqtt,1073.02,899.9,6.553,5.761,-0.124,-0.103,0.008,-0.02,10.597,9.928,-0.0681,0.0369,0.0424,0.0565,-0.0099,-0.0063,25.61,25.69,16643,16307,2.08,2.038,6.241,6.115,590,590,59,59,0,0,0,0,,,,,,,,,,,,,,,,,0.0,0.0,0,0,1276.4,1026.4,0.9268,1.1052,1,1,0
2026-09-28T21:58:47.491328+09:00,61823450,1729468b,2026-09-28T21:58:47.491328+09:00,2026-09-28T21:58:47.528204+09:00,rail-left-01,rail-right-01,0.6.7-draft,0.6.7-draft,mqtt,mqtt,1081.02,906.51,6.545,5.768,-0.104,-0.051,0.142,-0.105,10.526,9.89,-0.0685,0.0305,0.037,0.054,-0.0083,-0.0071,25.61,25.68,16624,16337,2.078,2.042,6.234,6.126,591,591,60,60,0,0,0,0,,,,,,,,,,,,,,,,,0.0,0.0,0,0,1283.9,1033.9,0.9268,1.1052,1,1,0
2026-09-28T21:58:47.511478+09:00,61843600,1729468b,2026-09-28T21:58:47.511478+09:00,2026-09-28T21:58:47.548354+09:00,rail-left-01,rail-right-01,0.6.7-draft,0.6.7-draft,mqtt,mqtt,1082.17,907.51,6.622,5.772,0.035,-0.017,0.069,-0.42,10.602,9.834,-0.0694,0.0349,0.0365,0.0538,-0.0085,-0.0071,25.62,25.7,16816,16356,2.102,2.045,6.306,6.134,592,592,60,60,0,0,0,0,,,,,,,,,,,,,,,,,0.0,0.0,0,0,1284.9,1034.9,0.9268,1.1052,1,1,0
2026-09-28T21:58:47.531405+09:00,61863528,1729468b,2026-09-28T21:58:47.531405+09:00,2026-09-28T21:58:47.568282+09:00,rail-left-01,rail-right-01,0.6.7-draft,0.6.7-draft,mqtt,mqtt,1083.31,908.45,6.63,5.77,-0.063,-0.012,0.01,-0.071,10.36,9.711,-0.0625,0.035,0.0357,0.053,-0.0115,-0.0093,25.61,25.71,16834,16351,2.104,2.044,6.313,6.132,593,593,60,60,0,0,0,0,,,,,,,,,,,,,,,,,0.0,0.0,0,0,1286.0,1036.0,0.9268,1.1052,1,1,0
2026-09-28T21:58:47.551363+09:00,61883486,1729468b,2026-09-28T21:58:47.551363+09:00,2026-09-28T21:58:47.588240+09:00,rail-left-01,rail-right-01,0.6.7-draft,0.6.7-draft,mqtt,mqtt,1084.5,909.4,6.64,5.772,0.041,0.104,-0.124,-0.375,10.235,9.649,-0.0715,0.0329,0.0329,0.0541,-0.0063,-0.0063,25.64,25.68,16861,16359,2.108,2.045,6.323,6.135,594,594,60,60,0,0,0,0,,,,,,,,,,,,,,,,,0.0,0.0,0,0,1287.1,1037.1,0.9268,1.1052,1,1,0
2026-09-28T21:58:47.571473+09:00,61903596,1729468b,2026-09-28T21:58:47.571473+09:00,2026-09-28T21:58:47.608349+09:00,rail-left-01,rail-right-01,0.6.7-draft,0.6.7-draft,mqtt,mqtt,1085.65,910.39,6.662,5.774,-0.093,-0.029,0.083,-0.2,10.343,9.656,-0.0673,0.0345,0.0348,0.055,-0.0081,-0.0073,25.63,25.68,16915,16368,2.114,2.046,6.343,6.138,595,595,60,60,0,0,0,0,,,,,,,,,,,,,,,,,0.0,0.0,0,0,1288.1,1038.1,0.9268,1.1052,1,1,0
2026-09-28T21:58:47.591644+09:00,61923767,1729468b,2026-09-28T21:58:47.591644+09:00,2026-09-28T21:58:47.628521+09:00,rail-left-01,rail-right-01,0.6.7-draft,0.6.7-draft,mqtt,mqtt,1086.79,911.34,6.673,5.772,0.061,0.04,-0.008,-0.229,10.414,9.697,-0.0657,0.0329,0.0374,0.0569,-0.012,-0.004,25.62,25.68,16942,16358,2.118,2.045,6.353,6.134,596,596,60,60,0,0,0,0,,,,,,,,,,,,,,,,,0.0,0.0,0,0,1289.2,1039.2,0.9268,1.1052,1,1,0
2026-09-28T21:58:47.611446+09:00,61943568,1729468b,2026-09-28T21:58:47.611446+09:00,2026-09-28T21:58:47.648322+09:00,rail-left-01,rail-right-01,0.6.7-draft,0.6.7-draft,mqtt,mqtt,1087.94,912.28,6.664,5.773,-0.086,-0.047,-0.11,-0.271,10.557,9.619,-0.0682,0.034,0.0393,0.0602,-0.0097,-0.0067,25.62,25.7,16920,16362,2.115,2.045,6.345,6.136,597,597,60,60,0,0,0,0,,,,,,,,,,,,,,,,,0.0,0.0,0,0,1290.3,1040.3,0.9268,1.1052,1,1,0
2026-09-28T21:58:47.631408+09:00,61963531,1729468b,2026-09-28T21:58:47.631408+09:00,2026-09-28T21:58:47.668285+09:00,rail-left-01,rail-right-01,0.6.7-draft,0.6.7-draft,mqtt,mqtt,1089.08,913.27,6.674,5.777,0.007,0.034,-0.035,-0.115,10.502,9.857,-0.0663,0.0342,0.036,0.057,-0.0093,-0.0047,25.63,25.68,16945,16383,2.118,2.048,6.354,6.144,598,598,60,60,0,0,0,0,,,,,,,,,,,,,,,,,0.0,0.0,0,0,1291.3,1041.3,0.9268,1.1052,1,1,0
2026-09-28T21:58:47.651527+09:00,61983650,1729468b,2026-09-28T21:58:47.651527+09:00,2026-09-28T21:58:47.688403+09:00,rail-left-01,rail-right-01,0.6.7-draft,0.6.7-draft,mqtt,mqtt,1090.22,914.22,6.667,5.784,0.022,-0.034,-0.105,-0.316,10.4,9.75,-0.0722,0.0306,0.039,0.0592,-0.01,-0.0088,25.61,25.68,16926,16417,2.116,2.052,6.347,6.156,599,599,60,60,0,0,0,0,,,,,,,,,,,,,,,,,0.0,0.0,0,0,1292.4,1042.4,0.9268,1.1052,1,1,0
2026-09-28T21:58:47.671454+09:00,62003577,1729468b,2026-09-28T21:58:47.671454+09:00,2026-09-28T21:58:47.708331+09:00,rail-left-01,rail-right-01,0.6.7-draft,0.6.7-draft,mqtt,mqtt,1091.37,915.16,6.681,5.787,-0.035,-0.019,0.022,-0.18,10.375,9.436,-0.0677,0.0318,0.0342,0.0528,-0.0045,-0.0021,25.62,25.69,16962,16430,2.12,2.054,6.361,6.161,600,600,60,60,0,0,0,0,,,,,,,,,,,,,,,,,0.0,0.0,0,0,1293.5,1043.5,0.9268,1.1052,1,1,0
2026-09-28T21:58:47.803068+09:00,62130455,1729468b,2026-09-28T21:58:47.803068+09:00,2026-09-28T21:58:47.847775+09:00,rail-left-01,rail-right-01,0.6.7-draft,0.6.7-draft,mqtt,mqtt,1098.62,921.28,6.681,5.783,-0.107,-0.062,0.189,-0.436,10.422,9.663,-0.0652,0.0305,0.0372,0.0577,-0.0068,-0.0032,25.6,25.7,16962,16409,2.12,2.051,6.361,6.153,601,601,61,61,0,0,0,0,,,,,,,,,,,,,,,,,0.0,0.0,0,0,1300.2,1050.2,0.9268,1.1052,1,1,0
2026-09-28T21:58:47.823222+09:00,62150609,1729468b,2026-09-28T21:58:47.823222+09:00,2026-09-28T21:58:47.867929+09:00,rail-left-01,rail-right-01,0.6.7-draft,0.6.7-draft,mqtt,mqtt,1099.77,922.22,6.664,5.798,0.008,0.068,-0.074,-0.189,10.659,9.512,-0.0622,0.037,0.0346,0.0532,-0.0063,-0.0039,25.63,25.67,16920,16483,2.115,2.06,6.345,6.181,602,602,61,61,0,0,0,0,,,,,,,,,,,,,,,,,0.0,0.0,0,0,1301.2,1051.2,0.9268,1.1052,1,1,0
2026-09-28T21:58:47.843155+09:00,62170542,1729468b,2026-09-28T21:58:47.843155+09:00,2026-09-28T21:58:47.887862+09:00,rail-left-01,rail-right-01,0.6.7-draft,0.6.7-draft,mqtt,mqtt,1100.91,923.22,6.674,5.801,-0.081,-0.089,-0.038,-0.243,10.226,9.949,-0.0652,0.0312,0.0365,0.0592,-0.0069,-0.0053,25.6,25.69,16945,16497,2.118,2.062,6.354,6.186,603,603,61,61,0,0,0,0,,,,,,,,,,,,,,,,,0.0,0.0,0,0,1302.3,1052.3,0.9268,1.1052,1,1,0
2026-09-28T21:58:47.863089+09:00,62190476,1729468b,2026-09-28T21:58:47.863089+09:00,2026-09-28T21:58:47.907796+09:00,rail-left-01,rail-right-01,0.6.7-draft,0.6.7-draft,mqtt,mqtt,1102.06,924.16,6.665,5.806,0.028,0.042,0.091,-0.097,10.797,9.631,-0.0632,0.0346,0.0397,0.0578,-0.0068,-0.0049,25.59,25.72,16922,16520,2.115,2.065,6.346,6.195,604,604,61,61,0,0,0,0,,,,,,,,,,,,,,,,,0.0,0.0,0,0,1303.4,1053.4,0.9268,1.1052,1,1,0
2026-09-28T21:58:47.883183+09:00,62210570,1729468b,2026-09-28T21:58:47.883183+09:00,2026-09-28T21:58:47.927890+09:00,rail-left-01,rail-right-01,0.6.7-draft,0.6.7-draft,mqtt,mqtt,1103.2,925.11,6.665,5.814,-0.233,-0.145,-0.059,-0.273,10.481,9.834,-0.0629,0.0333,0.0346,0.0549,-0.0111,-0.0043,25.61,25.69,16921,16560,2.115,2.07,6.345,6.21,605,605,61,61,0,0,0,0,,,,,,,,,,,,,,,,,0.0,0.0,0,0,1304.4,1054.4,0.9268,1.1052,1,1,0
2026-09-28T21:58:47.903345+09:00,62230732,1729468b,2026-09-28T21:58:47.903345+09:00,2026-09-28T21:58:47.948052+09:00,rail-left-01,rail-right-01,0.6.7-draft,0.6.7-draft,mqtt,mqtt,1104.39,926.1,6.67,5.816,0.177,0.15,0.071,-0.311,10.42,9.74,-0.0653,0.0325,0.0402,0.0569,-0.0048,-0.0017,25.57,25.7,16934,16568,2.117,2.071,6.35,6.213,606,606,61,61,0,0,0,0,,,,,,,,,,,,,,,,,0.0,0.0,0,0,1305.5,1055.5,0.9268,1.1052,1,1,0
2026-09-28T21:58:47.923127+09:00,62250514,1729468b,2026-09-28T21:58:47.923127+09:00,2026-09-28T21:58:47.967834+09:00,rail-left-01,rail-right-01,0.6.7-draft,0.6.7-draft,mqtt,mqtt,1105.49,927.05,6.669,5.826,-0.174,-0.101,-0.086,-0.315,10.576,9.703,-0.0648,0.0345,0.0393,0.058,-0.0079,-0.0048,25.59,25.69,16932,16616,2.117,2.077,6.35,6.231,607,607,61,61,0,0,0,0,,,,,,,,,,,,,,,,,0.0,0.0,0,0,1306.5,1056.5,0.9268,1.1052,1,1,0
2026-09-28T21:58:47.943092+09:00,62270479,1729468b,2026-09-28T21:58:47.943092+09:00,2026-09-28T21:58:47.987799+09:00,rail-left-01,rail-right-01,0.6.7-draft,0.6.7-draft,mqtt,mqtt,1106.63,927.99,6.669,5.829,0.079,0.102,0.013,-0.028,10.442,9.88,-0.0654,0.0325,0.0362,0.0524,-0.0065,-0.0064,25.62,25.7,16931,16631,2.116,2.079,6.349,6.237,608,608,61,61,0,0,0,0,,,,,,,,,,,,,,,,,0.0,0.0,0,0,1307.6,1057.6,0.9268,1.1052,1,1,0
2026-09-28T21:58:47.963198+09:00,62290585,1729468b,2026-09-28T21:58:47.963198+09:00,2026-09-28T21:58:48.007905+09:00,rail-left-01,rail-right-01,0.6.7-draft,0.6.7-draft,mqtt,mqtt,1107.77,928.99,6.665,5.831,-0.045,-0.099,0.059,-0.239,10.621,9.772,-0.0673,0.0325,0.0394,0.0569,-0.0093,-0.0112,25.6,25.71,16923,16640,2.115,2.08,6.346,6.24,609,609,61,61,0,0,0,0,,,,,,,,,,,,,,,,,0.0,0.0,0,0,1308.7,1058.7,0.9268,1.1052,1,1,0
2026-09-28T21:58:47.983060+09:00,62310448,1729468b,2026-09-28T21:58:47.983060+09:00,2026-09-28T21:58:48.027768+09:00,rail-left-01,rail-right-01,0.6.7-draft,0.6.7-draft,mqtt,mqtt,1108.92,929.93,6.663,5.841,0.05,0.066,-0.164,-0.299,10.538,9.671,-0.0693,0.0344,0.0424,0.0594,-0.0079,-0.0073,25.6,25.67,16918,16691,2.115,2.086,6.344,6.259,610,610,61,61,0,0,0,0,,,,,,,,,,,,,,,,,0.0,0.0,0,0,1309.7,1059.7,0.9268,1.1052,1,1,0
2026-09-28T21:58:48.075638+09:00,62447420,1729468b,2026-09-28T21:58:48.075638+09:00,2026-09-28T21:58:48.157494+09:00,rail-left-01,rail-right-01,0.6.7-draft,0.6.7-draft,mqtt,mqtt,1116.72,936.49,6.657,5.844,0.073,0.114,0.005,-0.238,10.446,9.759,-0.0589,0.0326,0.0334,0.0516,-0.0053,-0.0024,25.61,25.69,16902,16707,2.113,2.088,6.338,6.265,611,611,62,62,0,0,0,0,,,,,,,,,,,,,,,,,0.0,0.0,0,0,1316.9,1066.9,0.9268,1.1052,1,1,0
2026-09-28T21:58:48.095787+09:00,62467569,1729468b,2026-09-28T21:58:48.095787+09:00,2026-09-28T21:58:48.177643+09:00,rail-left-01,rail-right-01,0.6.7-draft,0.6.7-draft,mqtt,mqtt,1117.87,937.49,6.816,5.9,-0.089,-0.025,-0.12,-0.273,10.421,9.692,-0.0622,0.033,0.0357,0.0536,-0.0083,-0.0081,25.61,25.7,17298,16974,2.162,2.122,6.487,6.365,612,612,62,62,0,0,0,0,,,,,,,,,,,,,,,,,0.0,0.0,0,0,1318.0,1068.0,0.9268,1.1052,1,1,0
2026-09-28T21:58:48.115802+09:00,62487585,1729468b,2026-09-28T21:58:48.115802+09:00,2026-09-28T21:58:48.197659+09:00,rail-left-01,rail-right-01,0.6.7-draft,0.6.7-draft,mqtt,mqtt,1119.01,938.43,6.839,5.904,0.045,0.012,0.018,-0.257,10.436,9.9,-0.0633,0.0328,0.038,0.0558,-0.0065,-0.0056,25.6,25.7,17355,16992,2.169,2.124,6.508,6.372,613,613,62,62,0,0,0,0,,,,,,,,,,,,,,,,,0.0,0.0,0,0,1319.1,1069.1,0.9268,1.1052,1,1,0
2026-09-28T21:58:48.135814+09:00,62507596,1729468b,2026-09-28T21:58:48.135814+09:00,2026-09-28T21:58:48.217670+09:00,rail-left-01,rail-right-01,0.6.7-draft,0.6.7-draft,mqtt,mqtt,1120.15,939.43,6.836,5.912,0.011,0.057,-0.081,-0.048,10.54,9.687,-0.0638,0.0316,0.0406,0.0545,-0.0068,-0.0103,25.63,25.69,17348,17032,2.169,2.129,6.506,6.387,614,614,62,62,0,0,0,0,,,,,,,,,,,,,,,,,0.0,0.0,0,0,1320.1,1070.1,0.9268,1.1052,1,1,0
2026-09-28T21:58:48.155902+09:00,62527685,1729468b,2026-09-28T21:58:48.155902+09:00,2026-09-28T21:58:48.237759+09:00,rail-left-01,rail-right-01,0.6.7-draft,0.6.7-draft,mqtt,mqtt,1121.25,940.37,6.841,5.918,-0.142,-0.14,-0.019,-0.348,10.321,9.615,-0.0642,0.0288,0.0392,0.0568,-0.0085,-0.008,25.59,25.68,17360,17063,2.17,2.133,6.51,6.399,615,615,62,62,0,0,0,0,,,,,,,,,,,,,,,,,0.0,0.0,0,0,1321.1,1071.1,0.9268,1.1052,1,1,0
2026-09-28T21:58:48.175997+09:00,62547780,1729468b,2026-09-28T21:58:48.175997+09:00,2026-09-28T21:58:48.257854+09:00,rail-left-01,rail-right-01,0.6.7-draft,0.6.7-draft,mqtt,mqtt,1122.39,941.32,6.847,5.917,-0.006,0.099,-0.136,-0.036,10.442,9.55,-0.064,0.0332,0.0393,0.051,-0.0099,-0.0059,25.61,25.69,17376,17054,2.172,2.132,6.516,6.395,616,616,62,62,0,0,0,0,,,,,,,,,,,,,,,,,0.0,0.0,0,0,1322.2,1072.2,0.9268,1.1052,1,1,0
2026-09-28T21:58:48.195756+09:00,62567538,1729468b,2026-09-28T21:58:48.195756+09:00,2026-09-28T21:58:48.277612+09:00,rail-left-01,rail-right-01,0.6.7-draft,0.6.7-draft,mqtt,mqtt,1123.53,942.31,6.847,5.917,0.041,-0.023,-0.083,-0.412,10.426,9.832,-0.0666,0.0337,0.0394,0.0584,-0.0091,-0.0059,25.6,25.7,17376,17055,2.172,2.132,6.516,6.396,617,617,62,62,0,0,0,0,,,,,,,,,,,,,,,,,0.0,0.0,0,0,1323.3,1073.3,0.9268,1.1052,1,1,0
2026-09-28T21:58:48.215685+09:00,62587467,1729468b,2026-09-28T21:58:48.215685+09:00,2026-09-28T21:58:48.297541+09:00,rail-left-01,rail-right-01,0.6.7-draft,0.6.7-draft,mqtt,mqtt,1124.68,943.25,6.845,5.919,-0.102,-0.068,0.01,-0.166,10.543,9.734,-0.0659,0.0322,0.0337,0.0509,-0.0087,-0.0063,25.61,25.71,17371,17064,2.171,2.133,6.514,6.399,618,618,62,62,0,0,0,0,,,,,,,,,,,,,,,,,0.0,0.0,0,0,1324.3,1074.3,0.9268,1.1052,1,1,0
2026-09-28T21:58:48.235805+09:00,62607588,1729468b,2026-09-28T21:58:48.235805+09:00,2026-09-28T21:58:48.317662+09:00,rail-left-01,rail-right-01,0.6.7-draft,0.6.7-draft,mqtt,mqtt,1125.82,944.2,6.859,5.912,0.032,0.075,0.001,-0.419,10.555,9.863,-0.0641,0.032,0.0348,0.054,-0.0091,-0.0061,25.59,25.71,17405,17032,2.176,2.129,6.527,6.387,619,619,62,62,0,0,0,0,,,,,,,,,,,,,,,,,0.0,0.0,0,0,1325.4,1075.4,0.9268,1.1052,1,1,0
2026-09-28T21:58:48.255917+09:00,62627699,1729468b,2026-09-28T21:58:48.255917+09:00,2026-09-28T21:58:48.337773+09:00,rail-left-01,rail-right-01,0.6.7-draft,0.6.7-draft,mqtt,mqtt,1126.96,945.19,6.86,5.913,0.041,0.048,-0.057,-0.209,10.532,9.682,-0.0637,0.0345,0.0422,0.0578,-0.0052,-0.0039,25.59,25.68,17407,17038,2.176,2.13,6.528,6.389,620,620,62,62,0,0,0,0,,,,,,,,,,,,,,,,,0.0,0.0,0,0,1326.4,1076.4,0.9268,1.1052,1,1,0
2026-09-28T21:58:48.385356+09:00,62758401,1729468b,2026-09-28T21:58:48.385356+09:00,2026-09-28T21:58:48.475192+09:00,rail-left-01,rail-right-01,0.6.7-draft,0.6.7-draft,mqtt,mqtt,1134.37,951.46,6.851,5.916,-0.043,-0.09,-0.047,-0.049,10.435,9.676,-0.0634,0.0332,0.0396,0.0616,-0.0107,-0.0101,25.61,25.68,17386,17052,2.173,2.132,6.52,6.394,621,621,63,63,0,0,0,0,,,,,,,,,,,,,,,,,0.0,0.0,0,0,1333.3,1083.3,0.9268,1.1052,1,1,0
2026-09-28T21:58:48.405464+09:00,62778509,1729468b,2026-09-28T21:58:48.405464+09:00,2026-09-28T21:58:48.495300+09:00,rail-left-01,rail-right-01,0.6.7-draft,0.6.7-draft,mqtt,mqtt,1135.52,952.45,6.836,5.838,-0.126,0.01,0.042,-0.132,10.439,9.717,-0.0665,0.0326,0.0305,0.0529,-0.0048,0.0037,25.59,25.69,17347,16674,2.168,2.084,6.505,6.253,622,622,63,63,0,0,0,0,,,,,,,,,,,,,,,,,0.0,0.0,0,0,1334.4,1084.4,0.9268,1.1052,1,1,0
2026-09-28T21:58:48.425393+09:00,62798438,1729468b,2026-09-28T21:58:48.425393+09:00,2026-09-28T21:58:48.515228+09:00,rail-left-01,rail-right-01,0.6.7-draft,0.6.7-draft,mqtt,mqtt,1136.66,953.4,6.825,5.835,0.142,0.09,0.148,-0.432,10.478,9.79,-0.0659,0.0349,0.0381,0.0572,-0.0057,-0.0023,25.61,25.71,17321,16660,2.165,2.082,6.495,6.247,623,623,63,63,0,0,0,0,,,,,,,,,,,,,,,,,0.0,0.0,0,0,1335.4,1085.4,0.9268,1.1052,1,1,0
2026-09-28T21:58:48.445500+09:00,62818545,1729468b,2026-09-28T21:58:48.445500+09:00,2026-09-28T21:58:48.535335+09:00,rail-left-01,rail-right-01,0.6.7-draft,0.6.7-draft,mqtt,mqtt,1137.8,954.39,6.81,5.828,-0.096,-0.102,0.06,-0.33,10.525,9.649,-0.0641,0.0326,0.0428,0.054,-0.0072,-0.0043,25.61,25.71,17282,16627,2.16,2.078,6.481,6.235,624,624,63,63,0,0,0,0,,,,,,,,,,,,,,,,,0.0,0.0,0,0,1336.5,1086.5,0.9268,1.1052,1,1,0
2026-09-28T21:58:48.465596+09:00,62838641,1729468b,2026-09-28T21:58:48.465596+09:00,2026-09-28T21:58:48.555432+09:00,rail-left-01,rail-right-01,0.6.7-draft,0.6.7-draft,mqtt,mqtt,1138.95,955.34,6.798,5.827,0.124,0.087,-0.01,-0.251,10.325,9.676,-0.0662,0.0324,0.0366,0.054,-0.0057,-0.0069,25.61,25.7,17252,16623,2.157,2.078,6.47,6.234,625,625,63,63,0,0,0,0,,,,,,,,,,,,,,,,,0.0,0.0,0,0,1337.5,1087.5,0.9268,1.1052,1,1,0
2026-09-28T21:58:48.485571+09:00,62858616,1729468b,2026-09-28T21:58:48.485571+09:00,2026-09-28T21:58:48.575407+09:00,rail-left-01,rail-right-01,0.6.7-draft,0.6.7-draft,mqtt,mqtt,1140.09,956.33,6.796,5.817,-0.102,-0.108,0.196,-0.13,10.505,9.802,-0.0669,0.0338,0.0392,0.0476,-0.0051,-0.0047,25.62,25.69,17247,16577,2.156,2.072,6.468,6.216,626,626,63,63,0,0,0,0,,,,,,,,,,,,,,,,,0.0,0.0,0,0,1338.6,1088.6,0.9268,1.1052,1,1,0
2026-09-28T21:58:48.505494+09:00,62878539,1729468b,2026-09-28T21:58:48.505494+09:00,2026-09-28T21:58:48.595330+09:00,rail-left-01,rail-right-01,0.6.7-draft,0.6.7-draft,mqtt,mqtt,1141.23,957.28,6.777,5.814,0.008,-0.008,0.188,-0.247,10.612,9.731,-0.0646,0.0368,0.0409,0.0518,-0.0031,-0.0056,25.59,25.69,17202,16560,2.15,2.07,6.451,6.21,627,627,63,63,0,0,0,0,,,,,,,,,,,,,,,,,0.0,0.0,0,0,1339.7,1089.7,0.9268,1.1052,1,1,0
2026-09-28T21:58:48.525437+09:00,62898482,1729468b,2026-09-28T21:58:48.525437+09:00,2026-09-28T21:58:48.615272+09:00,rail-left-01,rail-right-01,0.6.7-draft,0.6.7-draft,mqtt,mqtt,1142.38,958.22,6.768,5.797,-0.101,-0.061,-0.09,-0.233,10.472,9.676,-0.0658,0.0357,0.038,0.049,-0.0044,-0.0085,25.61,25.72,17179,16478,2.147,2.06,6.442,6.179,628,628,63,63,0,0,0,0,,,,,,,,,,,,,,,,,0.0,0.0,0,0,1340.7,1090.7,0.9268,1.1052,1,1,0
2026-09-28T21:58:48.545379+09:00,62918424,1729468b,2026-09-28T21:58:48.545379+09:00,2026-09-28T21:58:48.635215+09:00,rail-left-01,rail-right-01,0.6.7-draft,0.6.7-draft,mqtt,mqtt,1143.52,959.21,6.746,5.777,0.014,-0.005,0.164,-0.279,10.53,9.839,-0.0632,0.0345,0.043,0.0585,-0.0036,-0.0121,25.63,25.72,17123,16381,2.14,2.048,6.421,6.143,629,629,63,63,0,0,0,0,,,,,,,,,,,,,,,,,0.0,0.0,0,0,1341.8,1091.8,0.9268,1.1052,1,1,0
2026-09-28T21:58:48.565487+09:00,62938532,1729468b,2026-09-28T21:58:48.565487+09:00,2026-09-28T21:58:48.655323+09:00,rail-left-01,rail-right-01,0.6.7-draft,0.6.7-draft,mqtt,mqtt,1144.66,960.16,6.733,5.772,-0.008,0.008,-0.022,-0.024,10.593,9.665,-0.0674,0.0344,0.0334,0.0477,-0.0045,-0.0052,25.62,25.7,17091,16357,2.136,2.045,6.409,6.134,630,630,63,63,0,0,0,0,,,,,,,,,,,,,,,,,0.0,0.0,0,0,1342.8,1092.8,0.9268,1.1052,1,1,0
2026-09-28T21:58:48.743208+09:00,63075448,1729468b,2026-09-28T21:58:48.743208+09:00,2026-09-28T21:58:48.787561+09:00,rail-left-01,rail-right-01,0.6.7-draft,0.6.7-draft,mqtt,mqtt,1152.57,966.77,6.738,5.766,-0.014,-0.028,-0.059,-0.102,10.518,9.861,-0.0686,0.031,0.0329,0.0494,0.0001,-0.0043,25.61,25.69,17103,16329,2.138,2.041,6.414,6.123,631,631,64,64,0,0,0,0,,,,,,,,,,,,,,,,,0.0,0.0,0,0,1350.2,1100.2,0.9268,1.1052,1,1,0
2026-09-28T21:58:48.763368+09:00,63095608,1729468b,2026-09-28T21:58:48.763368+09:00,2026-09-28T21:58:48.807721+09:00,rail-left-01,rail-right-01,0.6.7-draft,0.6.7-draft,mqtt,mqtt,1153.71,967.77,6.763,5.764,-0.005,0.026,0.303,-0.39,10.393,9.712,-0.0681,0.0334,0.0424,0.0549,0.0029,-0.0097,25.62,25.69,17166,16322,2.146,2.04,6.437,6.121,632,632,64,64,0,0,0,0,,,,,,,,,,,,,,,,,0.0,0.0,0,0,1351.2,1101.2,0.9268,1.1052,1,1,0
2026-09-28T21:58:48.783302+09:00,63115542,1729468b,2026-09-28T21:58:48.783302+09:00,2026-09-28T21:58:48.827655+09:00,rail-left-01,rail-right-01,0.6.7-draft,0.6.7-draft,mqtt,mqtt,1154.86,968.71,6.766,5.774,-0.007,-0.031,-0.138,-0.233,10.59,9.621,-0.0642,0.0313,0.037,0.0532,-0.0017,-0.0065,25.63,25.69,17173,16367,2.147,2.046,6.44,6.138,633,633,64,64,0,0,0,0,,,,,,,,,,,,,,,,,0.0,0.0,0,0,1352.3,1102.3,0.9268,1.1052,1,1,0
2026-09-28T21:58:48.803405+09:00,63135645,1729468b,2026-09-28T21:58:48.803405+09:00,2026-09-28T21:58:48.847758+09:00,rail-left-01,rail-right-01,0.6.7-draft,0.6.7-draft,mqtt,mqtt,1156.0,969.66,6.774,5.766,0.01,-0.01,0.229,-0.165,10.476,9.725,-0.0632,0.0365,0.0396,0.053,-0.0065,-0.0097,25.61,25.69,17194,16328,2.149,2.041,6.448,6.123,634,634,64,64,0,0,0,0,,,,,,,,,,,,,,,,,0.0,0.0,0,0,1353.4,1103.4,0.9268,1.1052,1,1,0
2026-09-28T21:58:48.823496+09:00,63155736,1729468b,2026-09-28T21:58:48.823496+09:00,2026-09-28T21:58:48.867849+09:00,rail-left-01,rail-right-01,0.6.7-draft,0.6.7-draft,mqtt,mqtt,1157.14,970.65,6.781,5.775,-0.072,0.004,-0.025,-0.235,10.471,9.524,-0.0667,0.0296,0.0388,0.0532,-0.0072,-0.0077,25.61,25.7,17211,16371,2.151,2.046,6.454,6.139,635,635,64,64,0,0,0,0,,,,,,,,,,,,,,,,,0.0,0.0,0,0,1354.4,1104.4,0.9268,1.1052,1,1,0
2026-09-28T21:58:48.843490+09:00,63175730,1729468b,2026-09-28T21:58:48.843490+09:00,2026-09-28T21:58:48.887843+09:00,rail-left-01,rail-right-01,0.6.7-draft,0.6.7-draft,mqtt,mqtt,1158.29,971.59,6.793,5.775,-0.069,-0.042,0.074,-0.4,10.288,9.799,-0.0655,0.0313,0.0348,0.0508,-0.0055,-0.0057,25.63,25.68,17241,16374,2.155,2.047,6.465,6.14,636,636,64,64,0,0,0,0,,,,,,,,,,,,,,,,,0.0,0.0,0,0,1355.5,1105.5,0.9268,1.1052,1,1,0
2026-09-28T21:58:48.863236+09:00,63195476,1729468b,2026-09-28T21:58:48.863236+09:00,2026-09-28T21:58:48.907589+09:00,rail-left-01,rail-right-01,0.6.7-draft,0.6.7-draft,mqtt,mqtt,1159.43,972.59,6.788,5.775,-0.001,0.051,0.105,-0.213,10.368,9.573,-0.0659,0.0322,0.0493,0.0578,-0.0011,-0.0095,25.61,25.68,17229,16371,2.154,2.046,6.461,6.139,637,637,64,64,0,0,0,0,,,,,,,,,,,,,,,,,0.0,0.0,0,0,1356.5,1106.5,0.9268,1.1052,1,1,0
2026-09-28T21:58:48.883351+09:00,63215591,1729468b,2026-09-28T21:58:48.883351+09:00,2026-09-28T21:58:48.927704+09:00,rail-left-01,rail-right-01,0.6.7-draft,0.6.7-draft,mqtt,mqtt,1160.57,973.53,6.773,5.777,-0.045,-0.01,-0.23,-0.266,10.471,9.68,-0.0652,0.0349,0.031,0.0485,-0.0041,-0.0017,25.61,25.69,17190,16381,2.149,2.048,6.446,6.143,638,638,64,64,0,0,0,0,,,,,,,,,,,,,,,,,0.0,0.0,0,0,1357.6,1107.6,0.9268,1.1052,1,1,0
2026-09-28T21:58:48.903582+09:00,63235822,1729468b,2026-09-28T21:58:48.903582+09:00,2026-09-28T21:58:48.947935+09:00,rail-left-01,rail-right-01,0.6.7-draft,0.6.7-draft,mqtt,mqtt,1161.72,974.53,6.77,5.755,0.18,0.171,0.008,0.069,10.392,10.174,-0.0661,0.0336,0.0449,0.0624,-0.0084,-0.0123,25.64,25.69,17184,16276,2.148,2.035,6.444,6.104,639,639,64,64,0,0,0,0,,,,,,,,,,,,,,,,,0.0,0.0,0,0,1358.7,1108.7,0.9268,1.1052,1,1,0
2026-09-28T21:58:48.923214+09:00,63255454,1729468b,2026-09-28T21:58:48.923214+09:00,2026-09-28T21:58:48.967567+09:00,rail-left-01,rail-right-01,0.6.7-draft,0.6.7-draft,mqtt,mqtt,1162.86,975.47,6.745,5.766,-0.144,-0.176,0.12,-0.178,10.701,9.641,-0.0663,0.0278,0.033,0.0564,-0.0071,-0.0023,25.63,25.68,17122,16328,2.14,2.041,6.421,6.123,640,640,64,64,0,0,0,0,,,,,,,,,,,,,,,,,0.0,0.0,0,0,1359.7,1109.7,0.9268,1.1052,1,1,0
2026-09-28T21:58:49.077157+09:00,63388463,1729468b,2026-09-28T21:58:49.077157+09:00,2026-09-28T21:58:49.164956+09:00,rail-left-01,rail-right-01,0.6.7-draft,0.6.7-draft,mqtt,mqtt,1170.42,981.89,6.748,5.776,-0.077,-0.116,-0.06,0.008,10.55,9.673,-0.0612,0.0324,0.0401,0.0568,-0.0076,-0.0047,25.62,25.68,17129,16376,2.141,2.047,6.423,6.141,641,641,65,65,0,0,0,0,,,,,,,,,,,,,,,,,0.0,0.0,0,0,1366.7,1116.7,0.9268,1.1052,1,1,0
2026-09-28T21:58:49.097303+09:00,63408609,1729468b,2026-09-28T21:58:49.097303+09:00,2026-09-28T21:58:49.185102+09:00,rail-left-01,rail-right-01,0.6.7-draft,0.6.7-draft,mqtt,mqtt,1171.56,982.88,6.662,5.828,-0.01,0.028,-0.299,-0.323,10.238,9.726,-0.0646,0.0293,0.0448,0.0585,-0.0076,-0.0101,25.62,25.7,16915,16626,2.114,2.078,6.343,6.235,642,642,65,65,0,0,0,0,,,,,,,,,,,,,,,,,0.0,0.0,0,0,1367.8,1117.8,0.9268,1.1052,1,1,0
2026-09-28T21:58:49.117228+09:00,63428533,1729468b,2026-09-28T21:58:49.117228+09:00,2026-09-28T21:58:49.205026+09:00,rail-left-01,rail-right-01,0.6.7-draft,0.6.7-draft,mqtt,mqtt,1172.7,983.83,6.634,5.835,0.063,0.085,0.043,-0.158,10.369,9.454,-0.0641,0.0362,0.0461,0.0596,-0.0041,-0.0024,25.61,25.72,16844,16660,2.105,2.082,6.316,6.247,643,643,65,65,0,0,0,0,,,,,,,,,,,,,,,,,0.0,0.0,0,0,1368.8,1118.8,0.9268,1.1052,1,1,0
2026-09-28T21:58:49.137267+09:00,63448573,1729468b,2026-09-28T21:58:49.137267+09:00,2026-09-28T21:58:49.225066+09:00,rail-left-01,rail-right-01,0.6.7-draft,0.6.7-draft,mqtt,mqtt,1173.85,984.82,6.624,5.843,-0.165,-0.14,-0.056,-0.083,10.309,9.698,-0.0654,0.034,0.0358,0.0558,-0.0095,0.0,25.61,25.69,16820,16699,2.103,2.087,6.308,6.262,644,644,65,65,0,0,0,0,,,,,,,,,,,,,,,,,0.0,0.0,0,0,1369.9,1119.9,0.9268,1.1052,1,1,0
2026-09-28T21:58:49.157350+09:00,63468656,1729468b,2026-09-28T21:58:49.157350+09:00,2026-09-28T21:58:49.245149+09:00,rail-left-01,rail-right-01,0.6.7-draft,0.6.7-draft,mqtt,mqtt,1174.99,985.76,6.601,5.845,0.205,0.207,0.048,-0.336,10.512,9.714,-0.0679,0.0334,0.0456,0.0612,-0.01,-0.0063,25.61,25.69,16763,16711,2.095,2.089,6.286,6.267,645,645,65,65,0,0,0,0,,,,,,,,,,,,,,,,,0.0,0.0,0,0,1371.0,1121.0,0.9268,1.1052,1,1,0
2026-09-28T21:58:49.177746+09:00,63489052,1729468b,2026-09-28T21:58:49.177746+09:00,2026-09-28T21:58:49.265545+09:00,rail-left-01,rail-right-01,0.6.7-draft,0.6.7-draft,mqtt,mqtt,1176.18,986.76,6.565,5.86,-0.186,-0.206,-0.01,-0.221,10.453,9.595,-0.0694,0.032,0.0496,0.0594,-0.0069,-0.0056,25.6,25.69,16674,16781,2.084,2.098,6.253,6.293,646,646,65,65,0,0,0,0,,,,,,,,,,,,,,,,,0.0,0.0,0,0,1372.1,1122.1,0.9268,1.1052,1,1,0
2026-09-28T21:58:49.197300+09:00,63508606,1729468b,2026-09-28T21:58:49.197300+09:00,2026-09-28T21:58:49.285099+09:00,rail-left-01,rail-right-01,0.6.7-draft,0.6.7-draft,mqtt,mqtt,1177.28,987.7,6.541,5.864,0.134,0.202,0.156,-0.086,10.186,9.804,-0.06,0.0337,0.0322,0.052,-0.0084,-0.0088,25.59,25.69,16614,16801,2.077,2.1,6.23,6.3,647,647,65,65,0,0,0,0,,,,,,,,,,,,,,,,,0.0,0.0,0,0,1373.1,1123.1,0.9268,1.1052,1,1,0
2026-09-28T21:58:49.217238+09:00,63528544,1729468b,2026-09-28T21:58:49.217238+09:00,2026-09-28T21:58:49.305037+09:00,rail-left-01,rail-right-01,0.6.7-draft,0.6.7-draft,mqtt,mqtt,1178.42,988.65,6.588,5.876,-0.05,-0.035,-0.037,-0.39,10.442,9.6,-0.0585,0.0334,0.038,0.0557,-0.0076,-0.0031,25.62,25.69,16730,16858,2.091,2.107,6.274,6.322,648,648,65,65,0,0,0,0,,,,,,,,,,,,,,,,,0.0,0.0,0,0,1374.1,1124.1,0.9268,1.1052,1,1,0
2026-09-28T21:58:49.237351+09:00,63548657,1729468b,2026-09-28T21:58:49.237351+09:00,2026-09-28T21:58:49.325150+09:00,rail-left-01,rail-right-01,0.6.7-draft,0.6.7-draft,mqtt,mqtt,1179.57,989.64,6.599,5.88,0.016,0.044,0.132,-0.281,10.147,9.823,-0.0626,0.0325,0.032,0.0532,-0.0117,-0.0076,25.61,25.71,16757,16878,2.095,2.11,6.284,6.329,649,649,65,65,0,0,0,0,,,,,,,,,,,,,,,,,0.0,0.0,0,0,1375.2,1125.2,0.9268,1.1052,1,1,0
2026-09-28T21:58:49.257231+09:00,63568537,1729468b,2026-09-28T21:58:49.257231+09:00,2026-09-28T21:58:49.345030+09:00,rail-left-01,rail-right-01,0.6.7-draft,0.6.7-draft,mqtt,mqtt,1180.71,990.59,6.593,5.887,-0.096,-0.127,0.215,-0.267,10.591,9.667,-0.0594,0.034,0.0478,0.0622,-0.0133,-0.0103,25.62,25.69,16743,16912,2.093,2.114,6.279,6.342,650,650,65,65,0,0,0,0,,,,,,,,,,,,,,,,,0.0,0.0,0,0,1376.3,1126.3,0.9268,1.1052,1,1,0
2026-09-28T21:58:49.393206+09:00,63764446,1729468b,2026-09-28T21:58:49.393206+09:00,2026-09-28T21:58:49.477928+09:00,rail-left-01,rail-right-01,0.6.7-draft,0.6.7-draft,mqtt,mqtt,1191.95,1000.03,6.584,5.894,-0.133,-0.086,-0.031,-0.302,10.542,9.554,-0.0624,0.0328,0.0526,0.0566,-0.0089,-0.0051,25.63,25.68,16720,16946,2.09,2.118,6.27,6.355,651,651,66,66,0,0,0,0,,,,,,,,,,,,,,,,,0.0,0.0,0,0,1386.7,1136.7,0.9268,1.1052,1,1,0
2026-09-28T21:58:49.413361+09:00,63784602,1729468b,2026-09-28T21:58:49.413361+09:00,2026-09-28T21:58:49.498084+09:00,rail-left-01,rail-right-01,0.6.7-draft,0.6.7-draft,mqtt,mqtt,1193.14,1000.98,6.435,5.992,-0.018,-0.007,0.098,-0.303,10.604,9.615,-0.0638,0.0358,0.0565,0.0557,-0.0057,-0.0041,25.6,25.69,16350,17419,2.044,2.177,6.131,6.532,652,652,66,66,0,0,0,0,,,,,,,,,,,,,,,,,0.0,0.0,0,0,1387.8,1137.8,0.9268,1.1052,1,1,0
2026-09-28T21:58:49.433305+09:00,63804545,1729468b,2026-09-28T21:58:49.433305+09:00,2026-09-28T21:58:49.518027+09:00,rail-left-01,rail-right-01,0.6.7-draft,0.6.7-draft,mqtt,mqtt,1194.28,1001.97,6.424,5.997,-0.17,-0.099,0.171,0.018,10.551,9.676,-0.0632,0.0268,0.0501,0.0586,-0.0087,-0.0108,25.62,25.68,16321,17442,2.04,2.18,6.12,6.541,653,653,66,66,0,0,0,0,,,,,,,,,,,,,,,,,0.0,0.0,0,0,1388.8,1138.8,0.9268,1.1052,1,1,0
2026-09-28T21:58:49.453252+09:00,63824492,1729468b,2026-09-28T21:58:49.453252+09:00,2026-09-28T21:58:49.537974+09:00,rail-left-01,rail-right-01,0.6.7-draft,0.6.7-draft,mqtt,mqtt,1195.43,1002.92,6.421,6.011,-0.054,0.0,0.162,-0.205,10.44,9.704,-0.0648,0.0302,0.0333,0.053,-0.0079,-0.0071,25.62,25.7,16315,17480,2.039,2.185,6.118,6.555,654,654,66,66,0,0,0,0,,,,,,,,,,,,,,,,,0.0,0.0,0,0,1389.9,1139.9,0.9268,1.1052,1,1,0
2026-09-28T21:58:49.473314+09:00,63844554,1729468b,2026-09-28T21:58:49.473314+09:00,2026-09-28T21:58:49.558036+09:00,rail-left-01,rail-right-01,0.6.7-draft,0.6.7-draft,mqtt,mqtt,1196.57,1003.86,6.469,6.015,-0.03,-0.028,0.049,0.096,10.351,9.892,-0.0561,0.0286,0.0215,0.0532,-0.0173,-0.0067,25.61,25.71,16435,17490,2.054,2.186,6.163,6.559,655,655,66,66,0,0,0,0,,,,,,,,,,,,,,,,,0.0,0.0,0,0,1391.0,1141.0,0.9268,1.1052,1,1,0
2026-09-28T21:58:49.493555+09:00,63864796,1729468b,2026-09-28T21:58:49.493555+09:00,2026-09-28T21:58:49.578278+09:00,rail-left-01,rail-right-01,0.6.7-draft,0.6.7-draft,mqtt,mqtt,1197.71,1004.86,6.511,6.032,-0.115,-0.053,0.162,-0.291,10.477,9.718,-0.059,0.0298,0.0358,0.0542,-0.0199,-0.0088,25.61,25.71,16539,17527,2.067,2.191,6.202,6.573,656,656,66,66,0,0,0,0,,,,,,,,,,,,,,,,,0.0,0.0,0,0,1392.0,1142.0,0.9268,1.1052,1,1,0
2026-09-28T21:58:49.513342+09:00,63884583,1729468b,2026-09-28T21:58:49.513342+09:00,2026-09-28T21:58:49.598065+09:00,rail-left-01,rail-right-01,0.6.7-draft,0.6.7-draft,mqtt,mqtt,1198.86,1005.8,6.538,6.045,-0.087,0.005,-0.192,-0.42,10.428,9.65,-0.0626,0.0341,0.0254,0.0562,-0.0183,-0.0119,25.64,25.7,16606,17555,2.076,2.194,6.227,6.583,657,657,66,66,0,0,0,0,,,,,,,,,,,,,,,,,0.0,0.0,0,0,1393.1,1143.1,0.9268,1.1052,1,1,0
2026-09-28T21:58:49.533312+09:00,63904552,1729468b,2026-09-28T21:58:49.533312+09:00,2026-09-28T21:58:49.618034+09:00,rail-left-01,rail-right-01,0.6.7-draft,0.6.7-draft,mqtt,mqtt,1200.0,1006.75,6.572,6.063,0.114,0.08,0.032,-0.153,10.386,9.815,-0.0629,0.0316,0.0353,0.0597,-0.0161,-0.0115,25.63,25.69,16690,17595,2.086,2.199,6.259,6.598,658,658,66,66,0,0,0,0,,,,,,,,,,,,,,,,,0.0,0.0,0,0,1394.1,1144.1,0.9268,1.1052,1,1,0
2026-09-28T21:58:49.553291+09:00,63924531,1729468b,2026-09-28T21:58:49.553291+09:00,2026-09-28T21:58:49.638013+09:00,rail-left-01,rail-right-01,0.6.7-draft,0.6.7-draft,mqtt,mqtt,1201.14,1007.74,6.569,6.073,-0.178,-0.129,0.123,-0.255,10.532,9.771,-0.0593,0.0308,0.0213,0.0605,-0.0203,-0.0103,25.63,25.69,16683,17617,2.085,2.202,6.256,6.606,659,659,66,66,0,0,0,0,,,,,,,,,,,,,,,,,0.0,0.0,0,0,1395.2,1145.2,0.9268,1.1052,1,1,0
2026-09-28T21:58:49.573470+09:00,63944710,1729468b,2026-09-28T21:58:49.573470+09:00,2026-09-28T21:58:49.658192+09:00,rail-left-01,rail-right-01,0.6.7-draft,0.6.7-draft,mqtt,mqtt,1202.34,1008.68,6.587,6.088,0.019,0.05,-0.145,-0.424,10.457,9.578,-0.0626,0.0313,0.0281,0.0532,-0.0073,-0.0043,25.66,25.7,16728,17651,2.091,2.206,6.273,6.619,660,660,66,66,0,0,0,0,,,,,,,,,,,,,,,,,0.0,0.0,0,0,1396.3,1146.3,0.9268,1.1052,1,1,0
2026-09-28T21:58:49.714902+09:00,64077463,1729468b,2026-09-28T21:58:49.714902+09:00,2026-09-28T21:58:49.809244+09:00,rail-left-01,rail-right-01,0.6.7-draft,0.6.7-draft,mqtt,mqtt,1209.99,1015.05,6.599,6.091,-0.056,-0.049,0.329,-0.004,10.399,9.6,-0.0666,0.0262,0.0325,0.0517,-0.0107,-0.0091,25.64,25.68,16757,17657,2.095,2.207,6.284,6.621,661,661,67,67,0,0,0,0,,,,,,,,,,,,,,,,,0.0,0.0,0,0,1403.4,1153.4,0.9268,1.1052,1,1,0
2026-09-28T21:58:49.735045+09:00,64097606,1729468b,2026-09-28T21:58:49.735045+09:00,2026-09-28T21:58:49.829387+09:00,rail-left-01,rail-right-01,0.6.7-draft,0.6.7-draft,mqtt,mqtt,1211.19,1015.99,6.591,6.012,0.004,0.005,-0.028,-0.259,10.311,9.723,-0.0629,0.0237,0.0308,0.0525,-0.0116,-0.0051,25.63,25.71,16739,17483,2.092,2.185,6.277,6.556,662,662,67,67,0,0,0,0,,,,,,,,,,,,,,,,,0.0,0.0,0,0,1404.5,1154.5,0.9268,1.1052,1,1,0
2026-09-28T21:58:49.754984+09:00,64117545,1729468b,2026-09-28T21:58:49.754984+09:00,2026-09-28T21:58:49.849326+09:00,rail-left-01,rail-right-01,0.6.7-draft,0.6.7-draft,mqtt,mqtt,1212.33,1016.99,6.575,5.985,-0.013,0.086,0.0,-0.255,10.653,9.639,-0.063,0.0278,0.0388,0.0565,-0.0111,-0.0067,25.64,25.7,16699,17386,2.087,2.173,6.262,6.52,663,663,67,67,0,0,0,0,,,,,,,,,,,,,,,,,0.0,0.0,0,0,1405.6,1155.6,0.9268,1.1052,1,1,0
2026-09-28T21:58:49.774937+09:00,64137498,1729468b,2026-09-28T21:58:49.774937+09:00,2026-09-28T21:58:49.869279+09:00,rail-left-01,rail-right-01,0.6.7-draft,0.6.7-draft,mqtt,mqtt,1213.47,1017.93,6.555,5.983,-0.098,-0.084,0.172,-0.257,10.348,9.734,-0.0626,0.0332,0.0436,0.0592,-0.0121,-0.0095,25.64,25.71,16648,17372,2.081,2.172,6.243,6.515,664,664,67,67,0,0,0,0,,,,,,,,,,,,,,,,,0.0,0.0,0,0,1406.6,1156.6,0.9268,1.1052,1,1,0
2026-09-28T21:58:49.795056+09:00,64157617,1729468b,2026-09-28T21:58:49.795056+09:00,2026-09-28T21:58:49.889398+09:00,rail-left-01,rail-right-01,0.6.7-draft,0.6.7-draft,mqtt,mqtt,1214.62,1018.88,6.521,5.992,-0.023,0.05,-0.279,-0.227,10.61,9.531,-0.0665,0.0317,0.0436,0.0592,-0.0119,-0.008,25.61,25.71,16564,17417,2.071,2.177,6.212,6.531,665,665,67,67,0,0,0,0,,,,,,,,,,,,,,,,,0.0,0.0,0,0,1407.7,1157.7,0.9268,1.1052,1,1,0
2026-09-28T21:58:49.815030+09:00,64177591,1729468b,2026-09-28T21:58:49.815030+09:00,2026-09-28T21:58:49.909372+09:00,rail-left-01,rail-right-01,0.6.7-draft,0.6.7-draft,mqtt,mqtt,1215.81,1019.87,6.497,5.991,-0.11,0.047,-0.084,0.005,10.269,9.823,-0.0629,0.0272,0.0412,0.0569,-0.02,-0.0076,25.63,25.68,16505,17411,2.063,2.176,6.189,6.529,666,666,67,67,0,0,0,0,,,,,,,,,,,,,,,,,0.0,0.0,0,0,1408.8,1158.8,0.9268,1.1052,1,1,0
2026-09-28T21:58:49.834990+09:00,64197551,1729468b,2026-09-28T21:58:49.834990+09:00,2026-09-28T21:58:49.929332+09:00,rail-left-01,rail-right-01,0.6.7-draft,0.6.7-draft,mqtt,mqtt,1216.95,1020.82,6.481,5.989,-0.109,-0.092,0.086,-0.39,10.461,9.807,-0.0658,0.0317,0.0396,0.061,-0.0144,-0.0024,25.6,25.68,16463,17404,2.058,2.176,6.174,6.527,667,667,67,67,0,0,0,0,,,,,,,,,,,,,,,,,0.0,0.0,0,0,1409.8,1159.8,0.9268,1.1052,1,1,0
2026-09-28T21:58:49.854946+09:00,64217507,1729468b,2026-09-28T21:58:49.854946+09:00,2026-09-28T21:58:49.949288+09:00,rail-left-01,rail-right-01,0.6.7-draft,0.6.7-draft,mqtt,mqtt,1218.1,1021.76,6.452,5.989,0.019,0.069,0.018,-0.354,10.406,9.695,-0.0706,0.0329,0.0374,0.0548,-0.0128,-0.0069,25.62,25.69,16391,17404,2.049,2.176,6.147,6.527,668,668,67,67,0,0,0,0,,,,,,,,,,,,,,,,,0.0,0.0,0,0,1410.9,1160.9,0.9268,1.1052,1,1,0
2026-09-28T21:58:49.875389+09:00,64237950,1729468b,2026-09-28T21:58:49.875389+09:00,2026-09-28T21:58:49.969731+09:00,rail-left-01,rail-right-01,0.6.7-draft,0.6.7-draft,mqtt,mqtt,1219.24,1022.75,6.441,5.988,-0.107,-0.096,0.12,-0.177,10.496,9.464,-0.0667,0.0322,0.0373,0.0534,-0.01,-0.0039,25.59,25.69,16365,17396,2.046,2.174,6.137,6.523,669,669,67,67,0,0,0,0,,,,,,,,,,,,,,,,,0.0,0.0,0,0,1412.0,1162.0,0.9268,1.1052,1,1,0
2026-09-28T21:58:49.895106+09:00,64257667,1729468b,2026-09-28T21:58:49.895106+09:00,2026-09-28T21:58:49.989448+09:00,rail-left-01,rail-right-01,0.6.7-draft,0.6.7-draft,mqtt,mqtt,1220.43,1023.7,6.436,5.984,0.028,-0.032,0.171,-0.333,10.403,9.772,-0.0661,0.0332,0.0404,0.0582,-0.0117,-0.0059,25.62,25.7,16351,17379,2.044,2.172,6.132,6.517,670,670,67,67,0,0,0,0,,,,,,,,,,,,,,,,,0.0,0.0,0,0,1413.1,1163.1,0.9268,1.1052,1,1,0
2026-09-28T21:58:50.043536+09:00,64409449,1729468b,2026-09-28T21:58:50.043536+09:00,2026-09-28T21:58:50.126111+09:00,rail-left-01,rail-right-01,0.6.7-draft,0.6.7-draft,mqtt,mqtt,1229.18,1031.01,6.423,5.984,-0.099,-0.077,-0.023,-0.227,10.325,9.527,-0.0666,0.0297,0.0292,0.0445,-0.0075,-0.0037,25.61,25.71,16320,17377,2.04,2.172,6.12,6.516,671,671,68,68,0,0,0,0,,,,,,,,,,,,,,,,,0.0,0.0,0,0,1421.2,1171.2,0.9268,1.1052,1,1,0
2026-09-28T21:58:50.063683+09:00,64429595,1729468b,2026-09-28T21:58:50.063683+09:00,2026-09-28T21:58:50.146257+09:00,rail-left-01,rail-right-01,0.6.7-draft,0.6.7-draft,mqtt,mqtt,1230.38,1032.0,6.437,5.931,0.017,-0.01,0.395,-0.305,10.374,9.573,-0.0686,0.0373,0.0402,0.0537,-0.0124,-0.0092,25.6,25.69,16355,17124,2.044,2.141,6.133,6.422,672,672,68,68,0,0,0,0,,,,,,,,,,,,,,,,,0.0,0.0,0,0,1422.3,1172.3,0.9268,1.1052,1,1,0
2026-09-28T21:58:50.083608+09:00,64449521,1729468b,2026-09-28T21:58:50.083608+09:00,2026-09-28T21:58:50.166183+09:00,rail-left-01,rail-right-01,0.6.7-draft,0.6.7-draft,mqtt,mqtt,1231.52,1032.95,6.439,5.925,0.054,0.065,-0.051,-0.108,10.157,9.743,-0.0667,0.0373,0.0377,0.0542,-0.0105,-0.0099,25.59,25.71,16359,17094,2.045,2.137,6.135,6.41,673,673,68,68,0,0,0,0,,,,,,,,,,,,,,,,,0.0,0.0,0,0,1423.3,1173.3,0.9268,1.1052,1,1,0
2026-09-28T21:58:50.103613+09:00,64469526,1729468b,2026-09-28T21:58:50.103613+09:00,2026-09-28T21:58:50.186188+09:00,rail-left-01,rail-right-01,0.6.7-draft,0.6.7-draft,mqtt,mqtt,1232.66,1033.94,6.435,5.934,-0.034,-0.028,0.067,-0.352,10.624,9.778,-0.0693,0.0333,0.0388,0.0572,-0.0101,-0.0057,25.64,25.69,16349,17138,2.044,2.142,6.131,6.427,674,674,68,68,0,0,0,0,,,,,,,,,,,,,,,,,0.0,0.0,0,0,1424.4,1174.4,0.9268,1.1052,1,1,0
2026-09-28T21:58:50.124086+09:00,64489999,1729468b,2026-09-28T21:58:50.124086+09:00,2026-09-28T21:58:50.206661+09:00,rail-left-01,rail-right-01,0.6.7-draft,0.6.7-draft,mqtt,mqtt,1233.86,1034.89,6.455,5.943,-0.069,-0.063,0.134,-0.141,10.406,9.732,-0.069,0.0332,0.0377,0.0549,-0.0111,-0.006,25.64,25.66,16399,17182,2.05,2.148,6.15,6.443,675,675,68,68,0,0,0,0,,,,,,,,,,,,,,,,,0.0,0.0,0,0,1425.5,1175.5,0.9268,1.1052,1,1,0
2026-09-28T21:58:50.144070+09:00,64509983,1729468b,2026-09-28T21:58:50.144070+09:00,2026-09-28T21:58:50.226645+09:00,rail-left-01,rail-right-01,0.6.7-draft,0.6.7-draft,mqtt,mqtt,1235.0,1035.88,6.442,5.938,-0.123,-0.085,0.338,-0.123,10.649,9.612,-0.0654,0.0329,0.0361,0.0581,-0.012,-0.0076,25.61,25.7,16367,17158,2.046,2.145,6.138,6.434,676,676,68,68,0,0,0,0,,,,,,,,,,,,,,,,,0.0,0.0,0,0,1426.6,1176.6,0.9268,1.1052,1,1,0
2026-09-28T21:58:50.163622+09:00,64529535,1729468b,2026-09-28T21:58:50.163622+09:00,2026-09-28T21:58:50.246197+09:00,rail-left-01,rail-right-01,0.6.7-draft,0.6.7-draft,mqtt,mqtt,1236.15,1036.82,6.454,5.94,-0.023,0.086,-0.285,-0.46,10.215,9.704,-0.065,0.0308,0.0321,0.0553,-0.0071,-0.0015,25.63,25.66,16398,17166,2.05,2.146,6.149,6.437,677,677,68,68,0,0,0,0,,,,,,,,,,,,,,,,,0.0,0.0,0,0,1427.6,1177.6,0.9268,1.1052,1,1,0
2026-09-28T21:58:50.183559+09:00,64549472,1729468b,2026-09-28T21:58:50.183559+09:00,2026-09-28T21:58:50.266134+09:00,rail-left-01,rail-right-01,0.6.7-draft,0.6.7-draft,mqtt,mqtt,1237.29,1037.77,6.461,5.937,-0.041,-0.097,0.297,-0.072,10.526,9.902,-0.0674,0.0305,0.0342,0.0593,-0.0085,-0.0039,25.63,25.7,16414,17155,2.052,2.144,6.155,6.433,678,678,68,68,0,0,0,0,,,,,,,,,,,,,,,,,0.0,0.0,0,0,1428.7,1178.7,0.9268,1.1052,1,1,0
2026-09-28T21:58:50.203698+09:00,64569611,1729468b,2026-09-28T21:58:50.203698+09:00,2026-09-28T21:58:50.286273+09:00,rail-left-01,rail-right-01,0.6.7-draft,0.6.7-draft,mqtt,mqtt,1238.43,1038.76,6.457,5.937,0.065,0.073,0.007,-0.294,10.671,9.651,-0.0683,0.035,0.031,0.053,-0.0093,-0.0055,25.63,25.68,16404,17152,2.051,2.144,6.152,6.432,679,679,68,68,0,0,0,0,,,,,,,,,,,,,,,,,0.0,0.0,0,0,1429.7,1179.7,0.9268,1.1052,1,1,0
2026-09-28T21:58:50.223820+09:00,64589732,1729468b,2026-09-28T21:58:50.223820+09:00,2026-09-28T21:58:50.306394+09:00,rail-left-01,rail-right-01,0.6.7-draft,0.6.7-draft,mqtt,mqtt,1239.58,1039.71,6.466,5.928,-0.081,-0.073,0.168,-0.089,10.422,9.907,-0.0659,0.0308,0.0364,0.0597,-0.0073,-0.0064,25.62,25.72,16426,17111,2.053,2.139,6.16,6.417,680,680,68,68,0,0,0,0,,,,,,,,,,,,,,,,,0.0,0.0,0,0,1430.8,1180.8,0.9268,1.1052,1,1,0
2026-09-28T21:58:50.354423+09:00,64727440,1729468b,2026-09-28T21:58:50.354423+09:00,2026-09-28T21:58:50.392076+09:00,rail-left-01,rail-right-01,0.6.7-draft,0.6.7-draft,mqtt,mqtt,1247.48,1046.37,6.462,5.931,-0.049,-0.007,0.041,-0.14,10.469,9.661,-0.0673,0.0344,0.0396,0.0588,-0.008,-0.0019,25.66,25.68,16416,17122,2.052,2.14,6.156,6.421,681,681,69,69,0,0,0,0,,,,,,,,,,,,,,,,,0.0,0.0,0,0,1438.1,1188.1,0.9268,1.1052,1,1,0
2026-09-28T21:58:50.374468+09:00,64747485,1729468b,2026-09-28T21:58:50.374468+09:00,2026-09-28T21:58:50.412121+09:00,rail-left-01,rail-right-01,0.6.7-draft,0.6.7-draft,mqtt,mqtt,1248.62,1047.32,6.448,5.964,0.012,0.014,-0.019,-0.305,10.556,9.707,-0.0678,0.035,0.0392,0.0592,-0.0075,-0.0047,25.66,25.7,16381,17285,2.048,2.161,6.143,6.482,682,682,69,69,0,0,0,0,,,,,,,,,,,,,,,,,0.0,0.0,0,0,1439.2,1189.2,0.9268,1.1052,1,1,0
2026-09-28T21:58:50.394595+09:00,64767612,1729468b,2026-09-28T21:58:50.394595+09:00,2026-09-28T21:58:50.432248+09:00,rail-left-01,rail-right-01,0.6.7-draft,0.6.7-draft,mqtt,mqtt,1249.82,1048.31,6.444,5.968,-0.089,0.002,0.101,-0.214,10.481,9.768,-0.0636,0.0304,0.0356,0.0564,-0.0093,-0.0081,25.68,25.69,16371,17301,2.046,2.163,6.139,6.488,683,683,69,69,0,0,0,0,,,,,,,,,,,,,,,,,0.0,0.0,0,0,1440.3,1190.3,0.9268,1.1052,1,1,0
2026-09-28T21:58:50.414473+09:00,64787491,1729468b,2026-09-28T21:58:50.414473+09:00,2026-09-28T21:58:50.452127+09:00,rail-left-01,rail-right-01,0.6.7-draft,0.6.7-draft,mqtt,mqtt,1250.91,1049.25,6.422,5.965,0.022,0.043,-0.031,-0.209,10.384,9.688,-0.0706,0.0332,0.0365,0.0542,-0.0091,-0.0047,25.61,25.68,16316,17288,2.039,2.161,6.118,6.483,684,684,69,69,0,0,0,0,,,,,,,,,,,,,,,,,0.0,0.0,0,0,1441.3,1191.3,0.9268,1.1052,1,1,0
2026-09-28T21:58:50.434521+09:00,64807538,1729468b,2026-09-28T21:58:50.434521+09:00,2026-09-28T21:58:50.472174+09:00,rail-left-01,rail-right-01,0.6.7-draft,0.6.7-draft,mqtt,mqtt,1252.1,1050.2,6.418,5.963,-0.002,0.028,0.061,-0.186,10.414,9.603,-0.0653,0.0362,0.0397,0.056,-0.008,-0.0072,25.62,25.68,16308,17276,2.039,2.16,6.116,6.479,685,685,69,69,0,0,0,0,,,,,,,,,,,,,,,,,0.0,0.0,0,0,1442.4,1192.4,0.9268,1.1052,1,1,0
2026-09-28T21:58:50.454492+09:00,64827509,1729468b,2026-09-28T21:58:50.454492+09:00,2026-09-28T21:58:50.492145+09:00,rail-left-01,rail-right-01,0.6.7-draft,0.6.7-draft,mqtt,mqtt,1253.25,1051.19,6.395,5.965,-0.103,-0.051,0.013,-0.309,10.489,9.795,-0.0673,0.0314,0.0388,0.0596,-0.0076,-0.0071,25.62,25.69,16249,17286,2.031,2.161,6.093,6.482,686,686,69,69,0,0,0,0,,,,,,,,,,,,,,,,,0.0,0.0,0,0,1443.5,1193.5,0.9268,1.1052,1,1,0
2026-09-28T21:58:50.474587+09:00,64847604,1729468b,2026-09-28T21:58:50.474587+09:00,2026-09-28T21:58:50.512240+09:00,rail-left-01,rail-right-01,0.6.7-draft,0.6.7-draft,mqtt,mqtt,1254.39,1052.14,6.389,5.964,-0.007,-0.05,0.146,-0.153,10.49,9.691,-0.0645,0.0338,0.0397,0.0585,-0.008,-0.0059,25.63,25.67,16236,17281,2.03,2.16,6.089,6.48,687,687,69,69,0,0,0,0,,,,,,,,,,,,,,,,,0.0,0.0,0,0,1444.5,1194.5,0.9268,1.1052,1,1,0
2026-09-28T21:58:50.494528+09:00,64867545,1729468b,2026-09-28T21:58:50.494528+09:00,2026-09-28T21:58:50.532181+09:00,rail-left-01,rail-right-01,0.6.7-draft,0.6.7-draft,mqtt,mqtt,1255.54,1053.13,6.374,5.97,-0.069,-0.071,-0.019,-0.32,10.67,9.843,-0.0673,0.0334,0.0332,0.0516,-0.0072,-0.0049,25.62,25.68,16198,17310,2.025,2.164,6.074,6.491,688,688,69,69,0,0,0,0,,,,,,,,,,,,,,,,,0.0,0.0,0,0,1445.6,1195.6,0.9268,1.1052,1,1,0
2026-09-28T21:58:50.514525+09:00,64887542,1729468b,2026-09-28T21:58:50.514525+09:00,2026-09-28T21:58:50.552178+09:00,rail-left-01,rail-right-01,0.6.7-draft,0.6.7-draft,mqtt,mqtt,1256.63,1054.08,6.385,5.978,0.026,-0.022,-0.011,-0.401,10.308,9.582,-0.0653,0.0294,0.0382,0.0624,-0.0084,-0.0116,25.63,25.71,16224,17352,2.028,2.169,6.084,6.507,689,689,69,69,0,0,0,0,,,,,,,,,,,,,,,,,0.0,0.0,0,0,1446.6,1196.6,0.9268,1.1052,1,1,0
2026-09-28T21:58:50.534753+09:00,64907770,1729468b,2026-09-28T21:58:50.534753+09:00,2026-09-28T21:58:50.572406+09:00,rail-left-01,rail-right-01,0.6.7-draft,0.6.7-draft,mqtt,mqtt,1257.82,1055.07,6.373,5.978,-0.089,-0.011,-0.089,-0.05,10.718,9.837,-0.063,0.0373,0.0324,0.054,-0.0052,-0.0003,25.63,25.7,16195,17352,2.024,2.169,6.073,6.507,690,690,69,69,0,0,0,0,,,,,,,,,,,,,,,,,0.0,0.0,0,0,1447.7,1197.7,0.9268,1.1052,1,1,0
2026-09-28T21:58:50.627066+09:00,64997453,1729468b,2026-09-28T21:58:50.627066+09:00,2026-09-28T21:58:50.669684+09:00,rail-left-01,rail-right-01,0.6.7-draft,0.6.7-draft,mqtt,mqtt,1262.89,1059.4,6.387,5.983,-0.081,-0.02,-0.097,-0.093,10.433,9.862,-0.067,0.0342,0.0354,0.056,-0.0087,-0.0045,25.64,25.69,16231,17373,2.029,2.172,6.087,6.515,691,691,70,70,0,0,0,0,,,,,,,,,,,,,,,,,0.0,0.0,0,0,1452.4,1202.4,0.9268,1.1052,1,1,0
2026-09-28T21:58:50.647201+09:00,65017588,1729468b,2026-09-28T21:58:50.647201+09:00,2026-09-28T21:58:50.689819+09:00,rail-left-01,rail-right-01,0.6.7-draft,0.6.7-draft,mqtt,mqtt,1264.04,1060.34,6.437,5.995,0.035,0.032,-0.05,-0.244,10.472,9.787,-0.0644,0.0329,0.0386,0.0577,-0.008,-0.0059,25.62,25.7,16355,17434,2.044,2.179,6.133,6.538,692,692,70,70,0,0,0,0,,,,,,,,,,,,,,,,,0.0,0.0,0,0,1453.5,1203.5,0.9268,1.1052,1,1,0
2026-09-28T21:58:50.667133+09:00,65037520,1729468b,2026-09-28T21:58:50.667133+09:00,2026-09-28T21:58:50.709751+09:00,rail-left-01,rail-right-01,0.6.7-draft,0.6.7-draft,mqtt,mqtt,1265.18,1061.29,6.444,6.0,-0.035,0.017,-0.028,-0.211,10.405,9.711,-0.0677,0.0316,0.0369,0.0526,-0.0072,-0.0051,25.62,25.68,16373,17456,2.047,2.182,6.14,6.546,693,693,70,70,0,0,0,0,,,,,,,,,,,,,,,,,0.0,0.0,0,0,1454.5,1204.5,0.9268,1.1052,1,1,0
2026-09-28T21:58:50.687178+09:00,65057565,1729468b,2026-09-28T21:58:50.687178+09:00,2026-09-28T21:58:50.729796+09:00,rail-left-01,rail-right-01,0.6.7-draft,0.6.7-draft,mqtt,mqtt,1266.32,1062.28,6.443,6.006,0.092,0.017,0.136,-0.333,10.478,9.606,-0.069,0.0336,0.041,0.0602,-0.0073,-0.0075,25.63,25.69,16369,17470,2.046,2.184,6.138,6.551,694,694,70,70,0,0,0,0,,,,,,,,,,,,,,,,,0.0,0.0,0,0,1455.6,1205.6,0.9268,1.1052,1,1,0
2026-09-28T21:58:50.707261+09:00,65077648,1729468b,2026-09-28T21:58:50.707261+09:00,2026-09-28T21:58:50.749879+09:00,rail-left-01,rail-right-01,0.6.7-draft,0.6.7-draft,mqtt,mqtt,1267.47,1063.23,6.424,6.025,-0.145,-0.081,-0.069,-0.273,10.69,9.688,-0.0644,0.0356,0.0401,0.0556,-0.0077,-0.0039,25.63,25.69,16322,17512,2.04,2.189,6.121,6.567,695,695,70,70,0,0,0,0,,,,,,,,,,,,,,,,,0.0,0.0,0,0,1456.7,1206.7,0.9268,1.1052,1,1,0
2026-09-28T21:58:50.727423+09:00,65097810,1729468b,2026-09-28T21:58:50.727423+09:00,2026-09-28T21:58:50.770041+09:00,rail-left-01,rail-right-01,0.6.7-draft,0.6.7-draft,mqtt,mqtt,1268.61,1064.22,6.43,6.035,0.122,0.101,-0.008,0.075,10.418,9.827,-0.0653,0.0344,0.0405,0.0592,-0.0064,-0.0064,25.63,25.69,16338,17533,2.042,2.192,6.127,6.575,696,696,70,70,0,0,0,0,,,,,,,,,,,,,,,,,0.0,0.0,0,0,1457.7,1207.7,0.9268,1.1052,1,1,0
2026-09-28T21:58:50.747194+09:00,65117581,1729468b,2026-09-28T21:58:50.747194+09:00,2026-09-28T21:58:50.789811+09:00,rail-left-01,rail-right-01,0.6.7-draft,0.6.7-draft,mqtt,mqtt,1269.75,1065.16,6.424,6.049,-0.164,-0.111,0.181,-0.201,10.315,9.72,-0.0698,0.036,0.0426,0.0526,-0.0089,-0.0024,25.61,25.69,16322,17565,2.04,2.196,6.121,6.587,697,697,70,70,0,0,0,0,,,,,,,,,,,,,,,,,0.0,0.0,0,0,1458.8,1208.8,0.9268,1.1052,1,1,0
2026-09-28T21:58:50.767141+09:00,65137528,1729468b,2026-09-28T21:58:50.767141+09:00,2026-09-28T21:58:50.809759+09:00,rail-left-01,rail-right-01,0.6.7-draft,0.6.7-draft,mqtt,mqtt,1270.85,1066.16,6.424,6.059,0.102,0.107,0.055,-0.194,10.287,9.625,-0.0629,0.03,0.0373,0.0522,-0.0091,-0.0104,25.64,25.7,16323,17588,2.04,2.199,6.121,6.596,698,698,70,70,0,0,0,0,,,,,,,,,,,,,,,,,0.0,0.0,0,0,1459.8,1209.8,0.9268,1.1052,1,1,0
2026-09-28T21:58:50.787077+09:00,65157464,1729468b,2026-09-28T21:58:50.787077+09:00,2026-09-28T21:58:50.829695+09:00,rail-left-01,rail-right-01,0.6.7-draft,0.6.7-draft,mqtt,mqtt,1271.99,1067.1,6.436,6.072,-0.03,0.002,0.156,-0.225,10.512,9.601,-0.0689,0.0342,0.0366,0.056,-0.0069,-0.0092,25.62,25.69,16352,17616,2.044,2.202,6.132,6.606,699,699,70,70,0,0,0,0,,,,,,,,,,,,,,,,,0.0,0.0,0,0,1460.9,1210.9,0.9268,1.1052,1,1,0
2026-09-28T21:58:50.807099+09:00,65177486,1729468b,2026-09-28T21:58:50.807099+09:00,2026-09-28T21:58:50.849717+09:00,rail-left-01,rail-right-01,0.6.7-draft,0.6.7-draft,mqtt,mqtt,1273.14,1068.1,6.467,6.091,0.023,-0.013,0.083,-0.083,10.153,9.756,-0.0569,0.0318,0.0296,0.0502,-0.0056,-0.0027,25.61,25.7,16428,17657,2.054,2.207,6.161,6.621,700,700,70,70,0,0,0,0,,,,,,,,,,,,,,,,,0.0,0.0,0,0,1461.9,1211.9,0.9268,1.1052,1,1,0
2026-09-28T21:58:50.903738+09:00,65269422,1729468b,2026-09-28T21:58:50.903738+09:00,2026-09-28T21:58:50.948295+09:00,rail-left-01,rail-right-01,0.6.7-draft,0.6.7-draft,mqtt,mqtt,1278.36,1072.52,6.489,6.096,-0.031,-0.061,-0.202,-0.478,10.58,9.688,-0.0677,0.0506,0.0502,0.0652,-0.0044,-0.0059,25.62,25.69,16485,17669,2.061,2.209,6.182,6.626,701,701,71,71,0,0,0,0,,,,,,,,,,,,,,,,,0.0,0.0,0,0,1466.8,1216.8,0.9268,1.1052,1,1,0
2026-09-28T21:58:50.923914+09:00,65289598,1729468b,2026-09-28T21:58:50.923914+09:00,2026-09-28T21:58:50.968471+09:00,rail-left-01,rail-right-01,0.6.7-draft,0.6.7-draft,mqtt,mqtt,1279.5,1073.47,6.561,6.392,0.067,0.043,-0.062,-0.165,10.523,9.755,-0.0719,0.0444,0.051,0.0642,-0.0083,-0.0111,25.61,25.69,16662,18326,2.083,2.291,6.248,6.872,702,702,71,71,0,0,0,0,,,,,,,,,,,,,,,,,0.0,0.0,0,0,1467.8,1217.8,0.9268,1.1052,1,1,0
2026-09-28T21:58:50.943867+09:00,65309551,1729468b,2026-09-28T21:58:50.943867+09:00,2026-09-28T21:58:50.988424+09:00,rail-left-01,rail-right-01,0.6.7-draft,0.6.7-draft,mqtt,mqtt,1280.59,1074.41,6.529,6.476,-0.188,-0.277,0.318,-0.16,10.693,9.743,-0.067,0.0398,0.0484,0.0558,-0.0055,-0.0051,25.62,25.68,16583,18511,2.073,2.314,6.219,6.942,703,703,71,71,0,0,0,0,,,,,,,,,,,,,,,,,0.0,0.0,0,0,1468.8,1218.8,0.9268,1.1052,1,1,0
2026-09-28T21:58:50.963806+09:00,65329490,1729468b,2026-09-28T21:58:50.963806+09:00,2026-09-28T21:58:51.008363+09:00,rail-left-01,rail-right-01,0.6.7-draft,0.6.7-draft,mqtt,mqtt,1281.74,1075.41,6.568,6.521,0.163,0.189,-0.166,-0.037,10.708,9.601,-0.0549,0.0374,0.0349,0.0524,-0.01,-0.0109,25.63,25.7,16681,18611,2.085,2.326,6.255,6.979,704,704,71,71,0,0,0,0,,,,,,,,,,,,,,,,,0.0,0.0,0,0,1469.9,1219.9,0.9268,1.1052,1,1,0
2026-09-28T21:58:50.983846+09:00,65349530,1729468b,2026-09-28T21:58:50.983846+09:00,2026-09-28T21:58:51.028403+09:00,rail-left-01,rail-right-01,0.6.7-draft,0.6.7-draft,mqtt,mqtt,1282.88,1076.35,6.614,6.542,-0.133,-0.098,0.038,-0.056,10.265,9.711,-0.0621,0.0345,0.0358,0.0524,-0.0009,-0.0016,25.63,25.69,16794,18659,2.099,2.332,6.298,6.997,705,705,71,71,0,0,0,0,,,,,,,,,,,,,,,,,0.0,0.0,0,0,1470.9,1220.9,0.9268,1.1052,1,1,0
2026-09-28T21:58:51.003844+09:00,65369528,1729468b,2026-09-28T21:58:51.003844+09:00,2026-09-28T21:58:51.048401+09:00,rail-left-01,rail-right-01,0.6.7-draft,0.6.7-draft,mqtt,mqtt,1284.02,1077.3,6.639,6.55,-0.034,-0.002,0.192,-0.414,10.398,9.653,-0.0612,0.0301,0.0368,0.0538,-0.008,-0.0068,25.64,25.72,16857,18677,2.107,2.335,6.321,7.004,706,706,71,71,0,0,0,0,,,,,,,,,,,,,,,,,0.0,0.0,0,0,1472.0,1222.0,0.9268,1.1052,1,1,0
2026-09-28T21:58:51.023877+09:00,65389561,1729468b,2026-09-28T21:58:51.023877+09:00,2026-09-28T21:58:51.068434+09:00,rail-left-01,rail-right-01,0.6.7-draft,0.6.7-draft,mqtt,mqtt,1285.17,1078.24,6.637,6.544,-0.006,-0.029,-0.086,-0.292,10.397,9.796,-0.0617,0.0272,0.038,0.0578,-0.0113,-0.0084,25.64,25.71,16853,18663,2.107,2.333,6.32,6.999,707,707,71,71,0,0,0,0,,,,,,,,,,,,,,,,,0.0,0.0,0,0,1473.1,1223.1,0.9268,1.1052,1,1,0
2026-09-28T21:58:51.043885+09:00,65409569,1729468b,2026-09-28T21:58:51.043885+09:00,2026-09-28T21:58:51.088442+09:00,rail-left-01,rail-right-01,0.6.7-draft,0.6.7-draft,mqtt,mqtt,1286.31,1079.23,6.619,6.548,0.008,0.018,0.022,-0.132,10.581,9.531,-0.0662,0.0322,0.0413,0.0562,-0.0071,-0.0072,25.63,25.72,16808,18671,2.101,2.334,6.303,7.002,708,708,71,71,0,0,0,0,,,,,,,,,,,,,,,,,0.0,0.0,0,0,1474.1,1224.1,0.9268,1.1052,1,1,0
2026-09-28T21:58:51.063847+09:00,65429531,1729468b,2026-09-28T21:58:51.063847+09:00,2026-09-28T21:58:51.108404+09:00,rail-left-01,rail-right-01,0.6.7-draft,0.6.7-draft,mqtt,mqtt,1287.4,1080.18,6.617,6.555,-0.109,-0.078,0.028,-0.235,10.374,9.783,-0.0642,0.0313,0.0388,0.0552,-0.0063,-0.0051,25.63,25.74,16802,18687,2.1,2.336,6.301,7.008,709,709,71,71,0,0,0,0,,,,,,,,,,,,,,,,,0.0,0.0,0,0,1475.1,1225.1,0.9268,1.1052,1,1,0
2026-09-28T21:58:51.084069+09:00,65449753,1729468b,2026-09-28T21:58:51.084069+09:00,2026-09-28T21:58:51.128626+09:00,rail-left-01,rail-right-01,0.6.7-draft,0.6.7-draft,mqtt,mqtt,1288.6,1081.12,6.609,6.56,0.023,0.03,-0.174,-0.309,10.338,9.65,-0.065,0.0268,0.0408,0.0557,-0.0056,-0.0049,25.64,25.67,16782,18698,2.098,2.337,6.293,7.012,710,710,71,71,0,0,0,0,,,,,,,,,,,,,,,,,0.0,0.0,0,0,1476.2,1226.2,0.9268,1.1052,1,1,0
2026-09-28T21:58:51.220538+09:00,65548448,1729468b,2026-09-28T21:58:51.220538+09:00,2026-09-28T21:58:51.302586+09:00,rail-left-01,rail-right-01,0.6.7-draft,0.6.7-draft,mqtt,mqtt,1294.27,1085.85,6.598,6.556,-0.139,-0.081,0.283,-0.262,10.526,9.925,-0.0646,0.0288,0.0349,0.0588,-0.0045,-0.0008,25.61,25.7,16755,18689,2.094,2.336,6.283,7.008,711,711,72,72,0,0,0,0,,,,,,,,,,,,,,,,,0.0,0.0,0,0,1481.5,1231.5,0.9268,1.1052,1,1,0
2026-09-28T21:58:51.240647+09:00,65568557,1729468b,2026-09-28T21:58:51.240647+09:00,2026-09-28T21:58:51.322695+09:00,rail-left-01,rail-right-01,0.6.7-draft,0.6.7-draft,mqtt,mqtt,1295.41,1086.84,6.536,6.464,0.183,0.111,-0.077,-0.212,10.842,9.819,-0.0665,0.0289,0.0381,0.0573,-0.0081,-0.0044,25.65,25.71,16600,18486,2.075,2.311,6.225,6.932,712,712,72,72,0,0,0,0,,,,,,,,,,,,,,,,,0.0,0.0,0,0,1482.6,1232.6,0.9268,1.1052,1,1,0
2026-09-28T21:58:51.260555+09:00,65588465,1729468b,2026-09-28T21:58:51.260555+09:00,2026-09-28T21:58:51.342603+09:00,rail-left-01,rail-right-01,0.6.7-draft,0.6.7-draft,mqtt,mqtt,1296.55,1087.79,6.53,6.474,-0.147,-0.174,-0.03,-0.215,10.716,9.723,-0.0698,0.0301,0.042,0.0553,-0.0039,-0.0057,25.62,25.7,16587,18508,2.073,2.314,6.22,6.941,713,713,72,72,0,0,0,0,,,,,,,,,,,,,,,,,0.0,0.0,0,0,1483.6,1233.6,0.9268,1.1052,1,1,0
2026-09-28T21:58:51.280710+09:00,65608620,1729468b,2026-09-28T21:58:51.280710+09:00,2026-09-28T21:58:51.362758+09:00,rail-left-01,rail-right-01,0.6.7-draft,0.6.7-draft,mqtt,mqtt,1297.75,1088.73,6.533,6.478,0.062,0.074,0.071,-0.275,10.432,9.728,-0.0654,0.033,0.0388,0.0526,-0.0083,-0.0084,25.62,25.71,16594,18516,2.074,2.315,6.223,6.944,714,714,72,72,0,0,0,0,,,,,,,,,,,,,,,,,0.0,0.0,0,0,1484.7,1234.7,0.9268,1.1052,1,1,0
2026-09-28T21:58:51.300740+09:00,65628650,1729468b,2026-09-28T21:58:51.300740+09:00,2026-09-28T21:58:51.382788+09:00,rail-left-01,rail-right-01,0.6.7-draft,0.6.7-draft,mqtt,mqtt,1298.89,1089.72,6.554,6.472,-0.061,-0.063,0.18,-0.658,10.007,9.671,-0.0741,0.0297,0.0397,0.0448,-0.0016,-0.0096,25.62,25.7,16646,18504,2.081,2.313,6.242,6.939,715,715,72,72,0,0,0,0,,,,,,,,,,,,,,,,,0.0,0.0,0,0,1485.8,1235.8,0.9268,1.1052,1,1,0
2026-09-28T21:58:51.320701+09:00,65648611,1729468b,2026-09-28T21:58:51.320701+09:00,2026-09-28T21:58:51.402749+09:00,rail-left-01,rail-right-01,0.6.7-draft,0.6.7-draft,mqtt,mqtt,1300.03,1090.67,6.572,6.473,0.092,0.217,0.184,-0.018,10.426,9.421,-0.0697,0.0338,0.0406,0.047,-0.0037,-0.0061,25.6,25.7,16690,18506,2.086,2.313,6.259,6.94,716,716,72,72,0,0,0,0,,,,,,,,,,,,,,,,,0.0,0.0,0,0,1486.8,1236.8,0.9268,1.1052,1,1,0
2026-09-28T21:58:51.340610+09:00,65668520,1729468b,2026-09-28T21:58:51.340610+09:00,2026-09-28T21:58:51.422658+09:00,rail-left-01,rail-right-01,0.6.7-draft,0.6.7-draft,mqtt,mqtt,1301.18,1091.61,6.587,6.47,-0.181,-0.198,-0.025,-0.453,10.114,9.586,-0.0681,0.0326,0.041,0.0528,-0.0045,-0.0075,25.63,25.68,16727,18499,2.091,2.312,6.273,6.937,717,717,72,72,0,0,0,0,,,,,,,,,,,,,,,,,0.0,0.0,0,0,1487.9,1237.9,0.9268,1.1052,1,1,0
2026-09-28T21:58:51.360547+09:00,65688457,1729468b,2026-09-28T21:58:51.360547+09:00,2026-09-28T21:58:51.442595+09:00,rail-left-01,rail-right-01,0.6.7-draft,0.6.7-draft,mqtt,mqtt,1302.32,1092.56,6.57,6.459,0.093,0.181,-0.079,-0.168,10.572,9.912,-0.0626,0.031,0.036,0.0529,-0.0067,-0.0065,25.6,25.7,16686,18475,2.086,2.309,6.257,6.928,718,718,72,72,0,0,0,0,,,,,,,,,,,,,,,,,0.0,0.0,0,0,1489.0,1239.0,0.9268,1.1052,1,1,0
2026-09-28T21:58:51.380600+09:00,65708510,1729468b,2026-09-28T21:58:51.380600+09:00,2026-09-28T21:58:51.462648+09:00,rail-left-01,rail-right-01,0.6.7-draft,0.6.7-draft,mqtt,mqtt,1303.51,1093.55,6.565,6.47,-0.04,-0.051,0.067,-0.226,10.447,9.797,-0.0653,0.0308,0.0418,0.0568,-0.004,-0.0059,25.62,25.69,16674,18499,2.084,2.312,6.253,6.937,719,719,72,72,0,0,0,0,,,,,,,,,,,,,,,,,0.0,0.0,0,0,1490.1,1240.1,0.9268,1.1052,1,1,0
2026-09-28T21:58:51.400823+09:00,65728733,1729468b,2026-09-28T21:58:51.400823+09:00,2026-09-28T21:58:51.482871+09:00,rail-left-01,rail-right-01,0.6.7-draft,0.6.7-draft,mqtt,mqtt,1304.66,1094.5,6.547,6.469,-0.055,-0.023,0.012,-0.156,10.716,9.544,-0.0644,0.031,0.0377,0.0518,-0.0089,-0.0084,25.62,25.73,16628,18496,2.079,2.312,6.236,6.936,720,720,72,72,0,0,0,0,,,,,,,,,,,,,,,,,0.0,0.0,0,0,1491.1,1241.1,0.9268,1.1052,1,1,0
2026-09-28T21:58:51.578452+09:00,65902444,1729468b,2026-09-28T21:58:51.578452+09:00,2026-09-28T21:58:51.616442+09:00,rail-left-01,rail-right-01,0.6.7-draft,0.6.7-draft,mqtt,mqtt,1314.65,1102.9,6.554,6.465,0.047,0.121,0.06,-0.187,10.326,9.789,-0.062,0.0361,0.0349,0.0553,-0.0108,-0.0056,25.62,25.7,16646,18488,2.081,2.311,6.242,6.933,721,721,73,73,0,0,0,0,,,,,,,,,,,,,,,,,0.0,0.0,0,0,1500.4,1250.4,0.9268,1.1052,1,1,0
2026-09-28T21:58:51.598616+09:00,65922607,1729468b,2026-09-28T21:58:51.598616+09:00,2026-09-28T21:58:51.636605+09:00,rail-left-01,rail-right-01,0.6.7-draft,0.6.7-draft,mqtt,mqtt,1315.79,1103.84,6.507,6.468,-0.146,-0.071,0.083,-0.26,10.575,9.547,-0.0616,0.0348,0.0372,0.0549,-0.0079,-0.0056,25.64,25.72,16528,18494,2.066,2.312,6.198,6.935,722,722,73,73,0,0,0,0,,,,,,,,,,,,,,,,,0.0,0.0,0,0,1501.4,1251.4,0.9268,1.1052,1,1,0
2026-09-28T21:58:51.618548+09:00,65942540,1729468b,2026-09-28T21:58:51.618548+09:00,2026-09-28T21:58:51.656538+09:00,rail-left-01,rail-right-01,0.6.7-draft,0.6.7-draft,mqtt,mqtt,1316.94,1104.84,6.505,6.453,-0.045,0.048,-0.14,-0.243,10.405,9.767,-0.0648,0.036,0.0429,0.0506,-0.0063,-0.0073,25.61,25.7,16525,18462,2.066,2.308,6.197,6.923,723,723,73,73,0,0,0,0,,,,,,,,,,,,,,,,,0.0,0.0,0,0,1502.5,1252.5,0.9268,1.1052,1,1,0
2026-09-28T21:58:51.638482+09:00,65962474,1729468b,2026-09-28T21:58:51.638482+09:00,2026-09-28T21:58:51.676472+09:00,rail-left-01,rail-right-01,0.6.7-draft,0.6.7-draft,mqtt,mqtt,1318.08,1105.78,6.494,6.434,0.032,-0.001,-0.048,-0.231,10.403,9.711,-0.062,0.0376,0.0414,0.0557,-0.0079,-0.0061,25.64,25.69,16496,18420,2.062,2.303,6.186,6.908,724,724,73,73,0,0,0,0,,,,,,,,,,,,,,,,,0.0,0.0,0,0,1503.6,1253.6,0.9268,1.1052,1,1,0
2026-09-28T21:58:51.658530+09:00,65982521,1729468b,2026-09-28T21:58:51.658530+09:00,2026-09-28T21:58:51.696519+09:00,rail-left-01,rail-right-01,0.6.7-draft,0.6.7-draft,mqtt,mqtt,1319.22,1106.78,6.479,6.407,-0.092,-0.084,-0.237,-0.204,10.239,9.711,-0.0633,0.03,0.0325,0.0556,-0.0124,-0.0101,25.61,25.69,16458,18360,2.057,2.295,6.172,6.885,725,725,73,73,0,0,0,0,,,,,,,,,,,,,,,,,0.0,0.0,0,0,1504.6,1254.6,0.9268,1.1052,1,1,0
2026-09-28T21:58:51.679266+09:00,66003257,1729468b,2026-09-28T21:58:51.679266+09:00,2026-09-28T21:58:51.717255+09:00,rail-left-01,rail-right-01,0.6.7-draft,0.6.7-draft,mqtt,mqtt,1320.42,1107.77,6.448,6.384,0.176,0.204,0.067,-0.176,10.654,9.572,-0.0657,0.0353,0.0342,0.0532,-0.006,-0.0025,25.62,25.7,16383,18309,2.048,2.289,6.144,6.866,726,726,73,73,0,0,0,0,,,,,,,,,,,,,,,,,0.0,0.0,0,0,1505.7,1255.7,0.9268,1.1052,1,1,0
2026-09-28T21:58:51.698610+09:00,66022601,1729468b,2026-09-28T21:58:51.698610+09:00,2026-09-28T21:58:51.736599+09:00,rail-left-01,rail-right-01,0.6.7-draft,0.6.7-draft,mqtt,mqtt,1321.56,1108.72,6.445,6.371,-0.22,-0.223,-0.014,0.081,10.362,9.645,-0.0626,0.0322,0.04,0.0574,-0.0092,-0.0076,25.6,25.68,16375,18280,2.047,2.285,6.141,6.855,727,727,73,73,0,0,0,0,,,,,,,,,,,,,,,,,0.0,0.0,0,0,1506.8,1256.8,0.9268,1.1052,1,1,0
2026-09-28T21:58:51.718659+09:00,66042650,1729468b,2026-09-28T21:58:51.718659+09:00,2026-09-28T21:58:51.756648+09:00,rail-left-01,rail-right-01,0.6.7-draft,0.6.7-draft,mqtt,mqtt,1322.7,1109.66,6.441,6.377,0.262,0.217,0.038,-0.129,10.369,9.578,-0.0636,0.033,0.0304,0.0557,-0.0104,-0.0033,25.63,25.71,16364,18292,2.046,2.287,6.137,6.86,728,728,73,73,0,0,0,0,,,,,,,,,,,,,,,,,0.0,0.0,0,0,1507.9,1257.9,0.9268,1.1052,1,1,0
2026-09-28T21:58:51.738640+09:00,66062632,1729468b,2026-09-28T21:58:51.738640+09:00,2026-09-28T21:58:51.776630+09:00,rail-left-01,rail-right-01,0.6.7-draft,0.6.7-draft,mqtt,mqtt,1323.85,1110.66,6.43,6.381,-0.255,-0.232,-0.036,-0.348,10.355,9.815,-0.0637,0.033,0.04,0.0597,-0.0105,-0.0068,25.62,25.7,16336,18301,2.042,2.288,6.126,6.863,729,729,73,73,0,0,0,0,,,,,,,,,,,,,,,,,0.0,0.0,0,0,1508.9,1258.9,0.9268,1.1052,1,1,0
2026-09-28T21:58:51.758511+09:00,66082502,1729468b,2026-09-28T21:58:51.758511+09:00,2026-09-28T21:58:51.796500+09:00,rail-left-01,rail-right-01,0.6.7-draft,0.6.7-draft,mqtt,mqtt,1324.99,1111.6,6.41,6.385,0.019,0.139,0.053,-0.296,10.506,9.779,-0.0657,0.0344,0.0222,0.0533,-0.0119,-0.0029,25.62,25.7,16288,18311,2.036,2.289,6.108,6.867,730,730,73,73,0,0,0,0,,,,,,,,,,,,,,,,,0.0,0.0,0,0,1510.0,1260.0,0.9268,1.1052,1,1,0
2026-09-28T21:58:51.841780+09:00,66217553,1729468b,2026-09-28T21:58:51.841780+09:00,2026-09-28T21:58:51.936826+09:00,rail-left-01,rail-right-01,0.6.7-draft,0.6.7-draft,mqtt,mqtt,1332.75,1118.16,6.407,6.384,0.079,0.084,-0.095,-0.341,10.363,9.515,-0.0685,0.0281,0.0473,0.0598,-0.0035,-0.0052,25.62,25.69,16280,18309,2.035,2.289,6.105,6.866,731,731,74,74,0,0,0,0,,,,,,,,,,,,,,,,,0.0,0.0,0,0,1517.2,1267.2,0.9268,1.1052,1,1,0
2026-09-28T21:58:51.862040+09:00,66237813,1729468b,2026-09-28T21:58:51.862040+09:00,2026-09-28T21:58:51.957085+09:00,rail-left-01,rail-right-01,0.6.7-draft,0.6.7-draft,mqtt,mqtt,1333.89,1119.16,6.287,6.426,-0.15,-0.083,-0.075,-0.152,10.342,9.62,-0.0703,0.0408,0.0293,0.0549,-0.0093,-0.0011,25.64,25.7,15981,18401,1.998,2.3,5.993,6.9,732,732,74,74,0,0,0,0,,,,,,,,,,,,,,,,,0.0,0.0,0,0,1518.2,1268.2,0.9268,1.1052,1,1,0
2026-09-28T21:58:51.881875+09:00,66257648,1729468b,2026-09-28T21:58:51.881875+09:00,2026-09-28T21:58:51.976920+09:00,rail-left-01,rail-right-01,0.6.7-draft,0.6.7-draft,mqtt,mqtt,1335.03,1120.1,6.25,6.413,-0.11,-0.011,0.054,-0.051,11.009,9.619,-0.059,0.0412,0.0289,0.0465,-0.0029,-0.0005,25.6,25.71,15889,18373,1.986,2.297,5.958,6.89,733,733,74,74,0,0,0,0,,,,,,,,,,,,,,,,,0.0,0.0,0,0,1519.3,1269.3,0.9268,1.1052,1,1,0
2026-09-28T21:58:51.901819+09:00,66277592,1729468b,2026-09-28T21:58:51.901819+09:00,2026-09-28T21:58:51.996864+09:00,rail-left-01,rail-right-01,0.6.7-draft,0.6.7-draft,mqtt,mqtt,1336.18,1121.1,6.271,6.364,0.0,0.079,-0.069,-0.316,10.353,9.735,-0.0509,0.0458,0.0302,0.0542,-0.0157,-0.0124,25.61,25.71,15942,18264,1.993,2.283,5.978,6.849,734,734,74,74,0,0,0,0,,,,,,,,,,,,,,,,,0.0,0.0,0,0,1520.3,1270.3,0.9268,1.1052,1,1,0
2026-09-28T21:58:51.922221+09:00,66297994,1729468b,2026-09-28T21:58:51.922221+09:00,2026-09-28T21:58:52.017266+09:00,rail-left-01,rail-right-01,0.6.7-draft,0.6.7-draft,mqtt,mqtt,1337.37,1122.09,6.242,6.309,0.047,0.065,-0.261,-0.195,10.39,9.556,-0.0524,0.0492,0.0304,0.054,-0.0075,-0.0075,25.62,25.7,15870,18142,1.984,2.268,5.951,6.803,735,735,74,74,0,0,0,0,,,,,,,,,,,,,,,,,0.0,0.0,0,0,1521.4,1271.4,0.9268,1.1052,1,1,0
2026-09-28T21:58:51.942371+09:00,66318144,1729468b,2026-09-28T21:58:51.942371+09:00,2026-09-28T21:58:52.037416+09:00,rail-left-01,rail-right-01,0.6.7-draft,0.6.7-draft,mqtt,mqtt,1338.52,1123.04,6.146,6.197,-0.037,0.026,0.192,-0.235,10.495,9.786,-0.0485,0.0574,0.0277,0.0472,-0.0068,-0.0013,25.62,25.72,15630,17893,1.954,2.237,5.861,6.71,736,736,74,74,0,0,0,0,,,,,,,,,,,,,,,,,0.0,0.0,0,0,1522.5,1272.5,0.9268,1.1052,1,1,0
2026-09-28T21:58:51.961802+09:00,66337575,1729468b,2026-09-28T21:58:51.961802+09:00,2026-09-28T21:58:52.056847+09:00,rail-left-01,rail-right-01,0.6.7-draft,0.6.7-draft,mqtt,mqtt,1339.66,1123.98,6.059,6.108,-0.151,-0.152,0.158,-0.52,10.235,9.541,-0.0461,0.0683,0.0385,0.0488,-0.0019,-0.0005,25.61,25.68,15413,17695,1.927,2.212,5.78,6.636,737,737,74,74,0,0,0,0,,,,,,,,,,,,,,,,,0.0,0.0,0,0,1523.6,1273.6,0.9268,1.1052,1,1,0
2026-09-28T21:58:51.981923+09:00,66357696,1729468b,2026-09-28T21:58:51.981923+09:00,2026-09-28T21:58:52.076968+09:00,rail-left-01,rail-right-01,0.6.7-draft,0.6.7-draft,mqtt,mqtt,1340.8,1124.98,5.932,5.961,0.169,0.098,-0.28,-0.213,10.423,9.5,-0.0377,0.0678,0.0364,0.0506,-0.0053,-0.0057,25.62,25.7,14933,17270,1.867,2.159,5.6,6.476,738,738,74,74,0,0,0,0,,,,,,,,,,,,,,,,,0.0,0.0,0,0,1524.6,1274.6,0.9268,1.1052,1,1,0
2026-09-28T21:58:52.001806+09:00,66377579,1729468b,2026-09-28T21:58:52.001806+09:00,2026-09-28T21:58:52.096851+09:00,rail-left-01,rail-right-01,0.6.7-draft,0.6.7-draft,mqtt,mqtt,1341.95,1125.97,5.799,5.848,-0.059,-0.05,-0.309,-0.59,10.165,9.576,-0.0293,0.0846,0.032,0.0474,-0.0037,-0.0056,25.64,25.7,14280,16723,1.785,2.09,5.355,6.271,739,739,74,74,0,0,0,0,,,,,,,,,,,,,,,,,0.0,0.0,0,0,1525.7,1275.7,0.9268,1.1052,1,1,0
2026-09-28T21:58:52.021866+09:00,66397639,1729468b,2026-09-28T21:58:52.021866+09:00,2026-09-28T21:58:52.116911+09:00,rail-left-01,rail-right-01,0.6.7-draft,0.6.7-draft,mqtt,mqtt,1343.14,1126.91,5.592,5.68,-0.026,0.012,-0.187,-0.807,10.496,9.333,-0.0167,0.0931,0.0321,0.0509,-0.0053,-0.0061,25.64,25.69,13266,15914,1.658,1.989,4.975,5.968,740,740,74,74,0,0,0,0,,,,,,,,,,,,,,,,,0.0,0.0,0,0,1526.8,1276.8,0.9268,1.1052,1,1,0
2026-09-28T21:58:52.166668+09:00,66536452,1729468b,2026-09-28T21:58:52.166668+09:00,2026-09-28T21:58:52.250850+09:00,rail-left-01,rail-right-01,0.6.7-draft,0.6.7-draft,mqtt,mqtt,1351.44,1133.73,5.459,5.56,4.663,1.358,1.681,2.398,2.175,15.687,0.1436,-0.0602,-0.2986,0.4109,0.0749,-0.0228,25.64,25.68,12610,15336,1.576,1.917,4.729,5.751,741,741,75,75,0,0,4,4,,,,,,,,,,,,,,,,,0.0,0.0,0,0,1534.5,1284.5,0.9268,1.1052,1,1,0
2026-09-28T21:58:52.186732+09:00,66556516,1729468b,2026-09-28T21:58:52.186732+09:00,2026-09-28T21:58:52.270914+09:00,rail-left-01,rail-right-01,0.6.7-draft,0.6.7-draft,mqtt,mqtt,1352.64,1134.67,0.0,0.026,2.308,-1.379,1.654,3.686,12.197,13.081,-0.2641,0.0093,-0.0644,0.0753,-0.0745,0.0016,25.62,25.71,-219,19,-0.027,0.002,-0.082,0.007,742,742,75,75,0,0,4,4,,,,,,,,,,,,,,,,,0.0,0.0,0,0,1535.6,1285.6,0.9268,1.1052,0,1,0
2026-09-28T21:58:52.206825+09:00,66576609,1729468b,2026-09-28T21:58:52.206825+09:00,2026-09-28T21:58:52.291006+09:00,rail-left-01,rail-right-01,0.6.7-draft,0.6.7-draft,mqtt,mqtt,1353.78,1135.61,0.0,0.017,2.195,1.66,3.276,1.115,11.898,14.387,-0.0657,0.0469,0.004,0.0746,-0.0454,-0.0705,25.64,25.7,-282,16,-0.035,0.002,-0.106,0.006,743,743,75,75,0,0,4,4,,,,,,,,,,,,,,,,,0.0,0.0,0,0,1536.7,1286.7,0.9268,1.1052,0,1,0
2026-09-28T21:58:52.226727+09:00,66596511,1729468b,2026-09-28T21:58:52.226727+09:00,2026-09-28T21:58:52.310908+09:00,rail-left-01,rail-right-01,0.6.7-draft,0.6.7-draft,mqtt,mqtt,1354.87,1136.46,0.0,0.026,0.812,-0.206,-0.278,-0.385,10.239,12.232,0.0743,0.0161,0.0273,0.0922,-0.0234,0.0041,25.62,25.69,-193,19,-0.024,0.002,-0.072,0.007,744,744,75,75,0,0,4,4,,,,,,,,,,,,,,,,,0.0,0.0,0,0,1537.7,1287.7,0.9268,1.1052,0,1,0
2026-09-28T21:58:52.246727+09:00,66616511,1729468b,2026-09-28T21:58:52.246727+09:00,2026-09-28T21:58:52.330908+09:00,rail-left-01,rail-right-01,0.6.7-draft,0.6.7-draft,mqtt,mqtt,1355.97,1137.31,0.0,0.023,0.083,-0.298,1.927,1.056,11.527,9.181,-0.0785,0.0316,0.0297,0.0601,0.0075,0.0129,25.64,25.72,-75,18,-0.009,0.002,-0.028,0.007,745,745,75,75,0,0,4,4,,,,,,,,,,,,,,,,,0.0,0.0,0,0,1538.7,1288.7,0.9268,1.1052,0,1,0
2026-09-28T21:58:52.266748+09:00,66636532,1729468b,2026-09-28T21:58:52.266748+09:00,2026-09-28T21:58:52.350929+09:00,rail-left-01,rail-right-01,0.6.7-draft,0.6.7-draft,mqtt,mqtt,1357.01,1138.1,0.0,0.023,0.335,-0.296,0.211,-0.663,11.372,10.178,-0.0969,0.0221,0.0321,0.075,-0.0084,-0.0296,25.63,25.7,-120,18,-0.015,0.002,-0.045,0.007,746,746,75,75,0,0,4,4,,,,,,,,,,,,,,,,,0.0,0.0,0,0,1539.6,1289.6,0.9268,1.1052,0,1,0
2026-09-28T21:58:52.286838+09:00,66656622,1729468b,2026-09-28T21:58:52.286838+09:00,2026-09-28T21:58:52.371020+09:00,rail-left-01,rail-right-01,0.6.7-draft,0.6.7-draft,mqtt,mqtt,1358.0,1138.85,0.0,0.026,0.382,0.074,0.19,0.833,10.521,10.09,-0.095,0.0274,0.0382,0.0548,-0.0039,-0.0013,25.64,25.71,-140,19,-0.018,0.002,-0.053,0.007,747,747,75,75,0,0,4,4,,,,,,,,,,,,,,,,,0.0,0.0,0,0,1540.6,1290.6,0.9268,1.1052,0,1,0
2026-09-28T21:58:52.306753+09:00,66676537,1729468b,2026-09-28T21:58:52.306753+09:00,2026-09-28T21:58:52.390935+09:00,rail-left-01,rail-right-01,0.6.7-draft,0.6.7-draft,mqtt,mqtt,1359.0,1139.59,0.0,0.023,-0.111,-0.078,-0.206,-0.476,10.799,9.959,-0.0504,0.0292,0.02,0.0614,-0.0285,-0.004,25.64,25.7,-153,18,-0.019,0.002,-0.057,0.007,748,748,75,75,0,0,4,4,,,,,,,,,,,,,,,,,0.0,0.0,0,0,1541.5,1291.5,0.9268,1.1052,0,1,0
2026-09-28T21:58:52.326839+09:00,66696623,1729468b,2026-09-28T21:58:52.326839+09:00,2026-09-28T21:58:52.411021+09:00,rail-left-01,rail-right-01,0.6.7-draft,0.6.7-draft,mqtt,mqtt,1359.94,1140.24,0.0,0.026,0.086,0.273,0.463,0.087,10.761,9.995,-0.0534,0.0321,0.0497,0.0548,0.0129,-0.0033,25.61,25.7,-138,19,-0.017,0.002,-0.052,0.007,749,749,75,75,0,0,4,4,,,,,,,,,,,,,,,,,0.0,0.0,0,0,1542.4,1292.4,0.9268,1.1052,0,1,0
2026-09-28T21:58:52.346713+09:00,66716497,1729468b,2026-09-28T21:58:52.346713+09:00,2026-09-28T21:58:52.430895+09:00,rail-left-01,rail-right-01,0.6.7-draft,0.6.7-draft,mqtt,mqtt,1360.84,1140.89,0.0,0.023,-0.213,-0.294,0.123,0.117,10.597,9.912,-0.046,0.0273,0.0446,0.058,-0.0117,-0.0111,25.63,25.7,-203,18,-0.025,0.002,-0.076,0.007,750,750,75,75,0,0,4,4,,,,,,,,,,,,,,,,,0.0,0.0,0,0,1543.2,1293.2,0.9268,1.1052,0,1,0
2026-09-28T21:58:52.476760+09:00,66851405,1729468b,2026-09-28T21:58:52.476760+09:00,2026-09-28T21:58:52.562292+09:00,rail-left-01,rail-right-01,0.6.7-draft,0.6.7-draft,mqtt,mqtt,1366.11,1144.37,0.0,0.014,0.038,0.14,0.195,0.083,10.285,9.711,-0.0655,0.0304,0.036,0.0562,-0.0124,-0.0088,25.61,25.69,-149,15,-0.019,0.002,-0.056,0.006,751,751,76,76,0,0,4,4,,,,,,,,,,,,,,,,,0.0,0.0,0,0,1548.1,1298.1,0.9268,1.1052,0,1,0
2026-09-28T21:58:52.496808+09:00,66871453,1729468b,2026-09-28T21:58:52.496808+09:00,2026-09-28T21:58:52.582340+09:00,rail-left-01,rail-right-01,0.6.7-draft,0.6.7-draft,mqtt,mqtt,1366.76,1144.76,0.0,0.017,0.024,0.068,0.424,-0.09,10.287,9.616,-0.069,0.0325,0.0421,0.0556,-0.0015,-0.0032,25.61,25.69,-177,16,-0.022,0.002,-0.066,0.006,752,752,76,76,0,0,4,4,,,,,,,,,,,,,,,,,0.0,0.0,0,0,1548.7,1298.7,0.9268,1.1052,0,1,0
2026-09-28T21:58:52.516866+09:00,66891511,1729468b,2026-09-28T21:58:52.516866+09:00,2026-09-28T21:58:52.602399+09:00,rail-left-01,rail-right-01,0.6.7-draft,0.6.7-draft,mqtt,mqtt,1367.4,1145.16,0.0,0.02,-0.019,-0.083,0.427,0.019,10.344,9.7,-0.0588,0.0314,0.038,0.0598,-0.0132,-0.0093,25.62,25.69,-181,17,-0.023,0.002,-0.068,0.006,753,753,76,76,0,0,4,4,,,,,,,,,,,,,,,,,0.0,0.0,0,0,1549.3,1299.3,0.9268,1.1052,0,1,0
2026-09-28T21:58:52.536884+09:00,66911529,1729468b,2026-09-28T21:58:52.536884+09:00,2026-09-28T21:58:52.622416+09:00,rail-left-01,rail-right-01,0.6.7-draft,0.6.7-draft,mqtt,mqtt,1368.05,1145.51,0.0,0.023,0.098,0.087,0.25,0.14,10.471,9.823,-0.0699,0.032,0.0429,0.0569,-0.0039,-0.0048,25.62,25.69,-185,18,-0.023,0.002,-0.069,0.007,754,754,76,76,0,0,4,4,,,,,,,,,,,,,,,,,0.0,0.0,0,0,1549.9,1299.9,0.9268,1.1052,0,1,0
2026-09-28T21:58:52.556959+09:00,66931604,1729468b,2026-09-28T21:58:52.556959+09:00,2026-09-28T21:58:52.642492+09:00,rail-left-01,rail-right-01,0.6.7-draft,0.6.7-draft,mqtt,mqtt,1368.59,1145.86,0.0,0.023,-0.061,-0.042,0.389,0.011,10.428,9.675,-0.0699,0.0304,0.037,0.057,-0.0109,-0.0061,25.63,25.7,-184,18,-0.023,0.002,-0.069,0.007,755,755,76,76,0,0,4,4,,,,,,,,,,,,,,,,,0.0,0.0,0,0,1550.4,1300.4,0.9268,1.1052,0,1,0
2026-09-28T21:58:52.577817+09:00,66952461,1729468b,2026-09-28T21:58:52.577817+09:00,2026-09-28T21:58:52.663349+09:00,rail-left-01,rail-right-01,0.6.7-draft,0.6.7-draft,mqtt,mqtt,1369.19,1146.16,0.0,0.02,0.11,0.101,0.345,0.144,10.529,9.807,-0.0636,0.0316,0.0354,0.0558,-0.0092,-0.0063,25.62,25.7,-182,17,-0.023,0.002,-0.068,0.006,756,756,76,76,0,0,4,4,,,,,,,,,,,,,,,,,0.0,0.0,0,0,1550.9,1300.9,0.9268,1.1052,0,1,0
2026-09-28T21:58:52.597722+09:00,66972367,1729468b,2026-09-28T21:58:52.597722+09:00,2026-09-28T21:58:52.683255+09:00,rail-left-01,rail-right-01,0.6.7-draft,0.6.7-draft,mqtt,mqtt,1369.74,1146.4,0.0,0.014,-0.029,-0.007,0.401,0.083,10.453,9.703,-0.0691,0.031,0.0364,0.0566,-0.008,-0.0059,25.64,25.7,-182,15,-0.023,0.002,-0.068,0.006,757,757,76,76,0,0,4,4,,,,,,,,,,,,,,,,,0.0,0.0,0,0,1551.4,1301.4,0.9268,1.1052,0,1,0
2026-09-28T21:58:52.616963+09:00,66991608,1729468b,2026-09-28T21:58:52.616963+09:00,2026-09-28T21:58:52.702496+09:00,rail-left-01,rail-right-01,0.6.7-draft,0.6.7-draft,mqtt,mqtt,1370.24,1146.65,0.0,0.023,0.089,0.053,0.482,-0.005,10.394,9.722,-0.0645,0.032,0.0408,0.0545,-0.0081,-0.0083,25.62,25.71,-186,18,-0.023,0.002,-0.07,0.007,758,758,76,76,0,0,4,4,,,,,,,,,,,,,,,,,0.0,0.0,0,0,1551.9,1301.9,0.9268,1.1052,0,1,0
2026-09-28T21:58:52.636873+09:00,67011518,1729468b,2026-09-28T21:58:52.636873+09:00,2026-09-28T21:58:52.722406+09:00,rail-left-01,rail-right-01,0.6.7-draft,0.6.7-draft,mqtt,mqtt,1370.73,1146.9,0.0,0.023,0.11,0.065,0.251,-0.026,10.436,9.722,-0.0641,0.0316,0.0417,0.057,-0.006,-0.0095,25.62,25.68,-184,18,-0.023,0.002,-0.069,0.007,759,759,76,76,0,0,4,4,,,,,,,,,,,,,,,,,0.0,0.0,0,0,1552.4,1302.4,0.9268,1.1052,0,1,0
2026-09-28T21:58:52.656813+09:00,67031458,1729468b,2026-09-28T21:58:52.656813+09:00,2026-09-28T21:58:52.742345+09:00,rail-left-01,rail-right-01,0.6.7-draft,0.6.7-draft,mqtt,mqtt,1371.18,1147.1,0.0,0.023,0.126,0.101,0.309,0.007,10.36,9.665,-0.0557,0.0309,0.0452,0.0552,-0.0037,-0.0075,25.61,25.7,-183,18,-0.023,0.002,-0.069,0.007,760,760,76,76,0,0,4,4,,,,,,,,,,,,,,,,,0.0,0.0,0,0,1552.8,1302.8,0.9268,1.1052,0,1,0
2026-09-28T21:58:52.795222+09:00,67162440,1729468b,2026-09-28T21:58:52.795222+09:00,2026-09-28T21:58:52.875797+09:00,rail-left-01,rail-right-01,0.6.7-draft,0.6.7-draft,mqtt,mqtt,1373.72,1147.95,0.0,0.023,0.004,0.02,0.344,0.043,10.388,9.687,-0.0653,0.0312,0.0361,0.0562,-0.0104,-0.0061,25.61,25.69,-192,18,-0.024,0.002,-0.072,0.007,761,761,77,77,0,0,4,4,,,,,,,,,,,,,,,,,0.0,0.0,0,0,1555.1,1305.1,0.9268,1.1052,0,1,0
2026-09-28T21:58:52.815233+09:00,67182451,1729468b,2026-09-28T21:58:52.815233+09:00,2026-09-28T21:58:52.895808+09:00,rail-left-01,rail-right-01,0.6.7-draft,0.6.7-draft,mqtt,mqtt,1374.01,1147.99,0.0,0.023,0.037,0.045,0.275,0.087,10.427,9.681,-0.0653,0.0316,0.0384,0.0568,-0.0061,-0.0056,25.63,25.7,-160,18,-0.02,0.002,-0.06,0.007,762,762,77,77,0,0,4,4,,,,,,,,,,,,,,,,,0.0,0.0,0,0,1555.4,1305.4,0.9268,1.1052,0,1,0
2026-09-28T21:58:52.835251+09:00,67202469,1729468b,2026-09-28T21:58:52.835251+09:00,2026-09-28T21:58:52.915826+09:00,rail-left-01,rail-right-01,0.6.7-draft,0.6.7-draft,mqtt,mqtt,1374.31,1147.99,0.0,0.023,0.042,0.036,0.406,0.043,10.427,9.731,-0.0673,0.0317,0.0401,0.0569,-0.0061,-0.0049,25.62,25.68,-159,18,-0.02,0.002,-0.06,0.007,763,763,77,77,0,0,4,4,,,,,,,,,,,,,,,,,0.0,0.0,0,0,1555.7,1305.7,0.9268,1.1052,0,1,0
2026-09-28T21:58:52.855275+09:00,67222493,1729468b,2026-09-28T21:58:52.855275+09:00,2026-09-28T21:58:52.935850+09:00,rail-left-01,rail-right-01,0.6.7-draft,0.6.7-draft,mqtt,mqtt,1374.56,1148.04,0.0,0.02,0.025,0.032,0.387,0.071,10.475,9.719,-0.0697,0.0308,0.0369,0.0558,-0.0103,-0.0077,25.61,25.69,-157,17,-0.02,0.002,-0.059,0.006,764,764,77,77,0,0,4,4,,,,,,,,,,,,,,,,,0.0,0.0,0,0,1555.9,1305.9,0.9268,1.1052,0,1,0
2026-09-28T21:58:52.875833+09:00,67243051,1729468b,2026-09-28T21:58:52.875833+09:00,2026-09-28T21:58:52.956408+09:00,rail-left-01,rail-right-01,0.6.7-draft,0.6.7-draft,mqtt,mqtt,1374.81,1148.04,0.0,0.023,-0.006,-0.004,0.312,0.072,10.449,9.766,-0.0663,0.0321,0.0397,0.0554,-0.0079,-0.0056,25.62,25.69,-156,18,-0.02,0.002,-0.058,0.007,765,765,77,77,0,0,4,4,,,,,,,,,,,,,,,,,0.0,0.0,0,0,1556.1,1306.1,0.9268,1.1052,0,1,0
2026-09-28T21:58:52.895878+09:00,67263096,1729468b,2026-09-28T21:58:52.895878+09:00,2026-09-28T21:58:52.976453+09:00,rail-left-01,rail-right-01,0.6.7-draft,0.6.7-draft,mqtt,mqtt,1375.06,1148.04,0.0,0.023,0.045,0.062,0.377,0.087,10.475,9.705,-0.0702,0.0318,0.0384,0.055,-0.0072,-0.0039,25.61,25.68,-155,18,-0.019,0.002,-0.058,0.007,766,766,77,77,0,0,4,4,,,,,,,,,,,,,,,,,0.0,0.0,0,0,1556.4,1306.4,0.9268,1.1052,0,1,0
2026-09-28T21:58:52.915334+09:00,67282552,1729468b,2026-09-28T21:58:52.915334+09:00,2026-09-28T21:58:52.995909+09:00,rail-left-01,rail-right-01,0.6.7-draft,0.6.7-draft,mqtt,mqtt,1375.31,1148.04,0.0,0.02,0.005,0.025,0.335,0.053,10.457,9.679,-0.0673,0.0308,0.0392,0.0557,-0.0083,-0.0057,25.62,25.71,-159,17,-0.02,0.002,-0.06,0.006,767,767,77,77,0,0,4,4,,,,,,,,,,,,,,,,,0.0,0.0,0,0,1556.6,1306.6,0.9268,1.1052,0,1,0
2026-09-28T21:58:52.935327+09:00,67302545,1729468b,2026-09-28T21:58:52.935327+09:00,2026-09-28T21:58:53.015902+09:00,rail-left-01,rail-right-01,0.6.7-draft,0.6.7-draft,mqtt,mqtt,1375.51,1148.04,0.0,0.023,0.044,0.017,0.353,0.08,10.472,9.664,-0.0669,0.0318,0.0384,0.0549,-0.0085,-0.0057,25.62,25.71,-160,18,-0.02,0.002,-0.06,0.007,768,768,77,77,0,0,4,4,,,,,,,,,,,,,,,,,0.0,0.0,0,0,1556.8,1306.8,0.9268,1.1052,0,1,0
2026-09-28T21:58:52.955345+09:00,67322563,1729468b,2026-09-28T21:58:52.955345+09:00,2026-09-28T21:58:53.035920+09:00,rail-left-01,rail-right-01,0.6.7-draft,0.6.7-draft,mqtt,mqtt,1375.65,1148.04,0.0,0.023,0.02,0.031,0.335,0.113,10.399,9.752,-0.065,0.0328,0.038,0.0561,-0.0083,-0.0037,25.63,25.7,-157,18,-0.02,0.002,-0.059,0.007,769,769,77,77,0,0,4,4,,,,,,,,,,,,,,,,,0.0,0.0,0,0,1556.9,1306.9,0.9268,1.1052,0,1,0
2026-09-28T21:58:52.975472+09:00,67342690,1729468b,2026-09-28T21:58:52.975472+09:00,2026-09-28T21:58:53.056047+09:00,rail-left-01,rail-right-01,0.6.7-draft,0.6.7-draft,mqtt,mqtt,1375.85,1148.04,0.0,0.023,0.048,0.041,0.298,0.043,10.44,9.735,-0.0648,0.0313,0.0389,0.0548,-0.0081,-0.0068,25.62,25.69,-158,18,-0.02,0.002,-0.059,0.007,770,770,77,77,0,0,4,4,,,,,,,,,,,,,,,,,0.0,0.0,0,0,1557.1,1307.1,0.9268,1.1052,0,1,0
2026-09-28T21:58:53.174890+09:00,67494422,1729468b,2026-09-28T21:58:53.174890+09:00,2026-09-28T21:58:53.254185+09:00,rail-left-01,rail-right-01,0.6.7-draft,0.6.7-draft,mqtt,mqtt,1376.7,1148.04,0.0,0.02,0.031,0.05,0.336,0.081,10.448,9.687,-0.0648,0.0322,0.04,0.056,-0.0084,-0.0065,25.62,25.69,-166,17,-0.021,0.002,-0.062,0.006,771,771,78,78,0,0,4,4,,,,,,,,,,,,,,,,,0.0,0.0,0,0,1557.9,1307.9,0.9268,1.1052,0,1,0
2026-09-28T21:58:53.194921+09:00,67514453,1729468b,2026-09-28T21:58:53.194921+09:00,2026-09-28T21:58:53.274216+09:00,rail-left-01,rail-right-01,0.6.7-draft,0.6.7-draft,mqtt,mqtt,1376.75,1148.04,0.0,0.023,0.014,0.025,0.333,0.04,10.471,9.714,-0.0665,0.0318,0.0393,0.0564,-0.0092,-0.006,25.62,25.7,-156,18,-0.02,0.002,-0.058,0.007,772,772,78,78,0,0,4,4,,,,,,,,,,,,,,,,,0.0,0.0,0,0,1557.9,1307.9,0.9268,1.1052,0,1,0
