time,uptime_us,boot_id,time_left,time_right,left_device_id,right_device_id,left_firmware_version,right_firmware_version,left_source,right_source,left_position_mm,right_position_mm,left_sensor_distance_mm,right_sensor_distance_mm,left_mpu_accel_x,right_mpu_accel_x,left_mpu_accel_y,right_mpu_accel_y,left_mpu_accel_z,right_mpu_accel_z,left_mpu_gyro_x,right_mpu_gyro_x,left_mpu_gyro_y,right_mpu_gyro_y,left_mpu_gyro_z,right_mpu_gyro_z,left_mpu_temp_c,right_mpu_temp_c,left_adc_raw,right_adc_raw,left_adc_voltage_v,right_adc_voltage_v,left_sensor_voltage_v,right_sensor_voltage_v,left_sample_seq,right_sample_seq,left_batch_seq,right_batch_seq,left_dropped_batches,right_dropped_batches,left_status_flags,right_status_flags,left_tilt_deg,right_tilt_deg,left_roll_deg,right_roll_deg,left_delta_mm,right_delta_mm,left_distance_delta_mm,right_distance_delta_mm,left_m_mm,right_m_mm,left_dm_dx,right_dm_dx,left_ddelta_dx,right_ddelta_dx,left_apeak,right_apeak,left_magnitude_mm,right_magnitude_mm,left_abnormal_score,right_abnormal_score,rail_x_mm,rear_wheel_x_mm,encoder_scale_left,encoder_scale_right,sensor_valid,analysis_window,joint_marker
2026-09-28T22:09:05.902684+09:00,218993595,b882622e,2026-09-28T22:09:05.902684+09:00,2026-09-28T22:09:05.990981+09:00,rail-left-01,rail-right-01,0.6.7-draft,0.6.7-draft,mqtt,mqtt,0.0,0.0,6.23,6.569,0.013,0.035,0.071,-0.219,10.442,9.71,-0.0652,0.0313,0.0374,0.0558,-0.0088,-0.006,25.11,25.28,15840,18719,1.98,2.34,5.94,7.02,1,1,1,1,0,0,0,0,,0.56059509,,0.56059509,,-0.35436649,,-0.35436649,,0.42568917,,0.0,,0.0,,0.71935,0.0,0.37277904,0,0,280.0,30.0,0.9124,1.1047,1,1,0
2026-09-28T22:09:05.922638+09:00,219013549,b882622e,2026-09-28T22:09:05.922638+09:00,2026-09-28T22:09:06.010935+09:00,rail-left-01,rail-right-01,0.6.7-draft,0.6.7-draft,mqtt,mqtt,0.1,0.1,6.23,6.567,-0.022,0.023,-0.46,-0.709,10.489,9.71,-0.0629,0.0333,0.0364,0.0577,-0.0131,-0.0097,25.14,25.29,15840,18713,1.98,2.339,5.94,7.017,2,2,1,1,0,0,0,0,,0.54360835,,0.54360835,,-0.35336649,,-0.35336649,,0.42518917,,-0.02,,0.04,,0.71935,0.0,0.3727573,0,0,280.0,30.0,0.9124,1.1047,1,1,0
2026-09-28T22:09:05.943511+09:00,219034422,b882622e,2026-09-28T22:09:05.943511+09:00,2026-09-28T22:09:06.031808+09:00,rail-left-01,rail-right-01,0.6.7-draft,0.6.7-draft,mqtt,mqtt,0.3,0.25,6.212,6.567,0.065,0.093,-0.177,-0.124,10.442,9.687,-0.0652,0.0316,0.0413,0.0577,-0.0084,-0.0073,25.14,25.27,15795,18714,1.974,2.339,5.923,7.018,3,3,1,1,0,0,0,0,,0.60427854,,0.60427854,,-0.35303316,,-0.35303316,,0.4250225,,-0.00736842,,0.01473684,,0.71935,0.0,0.37275005,0,0,280.2,30.2,0.9124,1.1047,1,1,0
2026-09-28T22:09:05.963533+09:00,219054444,b882622e,2026-09-28T22:09:05.963533+09:00,2026-09-28T22:09:06.051830+09:00,rail-left-01,rail-right-01,0.6.7-draft,0.6.7-draft,mqtt,mqtt,0.55,0.5,6.207,6.569,0.006,0.056,-0.213,-0.474,10.476,9.7,-0.0661,0.0314,0.0396,0.0562,-0.0085,-0.0065,25.15,25.3,15783,18718,1.973,2.34,5.919,7.019,4,4,1,1,0,0,0,0,,0.60829747,,0.60829747,,-0.35336649,,-0.35336649,,0.42518917,,0.00105727,,-0.00211454,,0.71935,0.0,0.3727573,0,0,280.5,30.5,0.9124,1.1047,1,1,0
2026-09-28T22:09:05.982513+09:00,219073424,b882622e,2026-09-28T22:09:05.982513+09:00,2026-09-28T22:09:06.070810+09:00,rail-left-01,rail-right-01,0.6.7-draft,0.6.7-draft,mqtt,mqtt,0.89,0.8,6.205,6.572,0.049,-0.004,-0.085,-0.362,10.418,9.661,-0.064,0.0328,0.0389,0.0577,-0.0068,-0.0039,25.15,25.29,15778,18724,1.972,2.341,5.917,7.022,5,5,1,1,0,0,0,0,,0.57689251,,0.57689251,,-0.35416649,,-0.35416649,,0.42558917,,0.00485646,,-0.00971292,,0.71935,0.0,0.37277469,0,0,280.8,30.8,0.9124,1.1047,1,1,0
2026-09-28T22:09:06.002636+09:00,219093547,b882622e,2026-09-28T22:09:06.002636+09:00,2026-09-28T22:09:06.090933+09:00,rail-left-01,rail-right-01,0.6.7-draft,0.6.7-draft,mqtt,mqtt,1.34,1.19,6.209,6.575,0.029,0.086,-0.04,-0.372,10.434,9.731,-0.0645,0.0301,0.0393,0.0553,-0.0071,-0.0063,25.14,25.3,15787,18731,1.973,2.341,5.92,7.024,6,6,1,1,0,0,0,0,,0.59811825,,0.59811825,,-0.35519983,,-0.35519983,,0.42610584,,0.00625846,,-0.01251692,,0.71935,0.0,0.37279715,0,0,281.2,31.2,0.9124,1.1047,1,1,0
2026-09-28T22:09:06.022582+09:00,219113493,b882622e,2026-09-28T22:09:06.022582+09:00,2026-09-28T22:09:06.110879+09:00,rail-left-01,rail-right-01,0.6.7-draft,0.6.7-draft,mqtt,mqtt,1.84,1.59,6.214,6.577,-0.007,-0.022,-0.107,-0.39,10.469,9.717,-0.0648,0.0309,0.0408,0.0565,-0.0071,-0.0056,25.15,25.29,15799,18736,1.975,2.342,5.925,7.026,7,7,1,1,0,0,0,0,,0.5696842,,0.5696842,,-0.35622364,,-0.35622364,,0.42661774,,0.00633949,,-0.01267898,,0.71935,0.0,0.37281941,0,0,281.6,31.6,0.9124,1.1047,1,1,0
2026-09-28T22:09:06.042599+09:00,219133510,b882622e,2026-09-28T22:09:06.042599+09:00,2026-09-28T22:09:06.130896+09:00,rail-left-01,rail-right-01,0.6.7-draft,0.6.7-draft,mqtt,mqtt,2.39,2.09,6.215,6.578,0.05,0.074,0.022,-0.379,10.445,9.719,-0.0618,0.0298,0.04,0.0568,-0.0103,-0.0075,25.15,25.3,15802,18739,1.975,2.342,5.926,7.027,8,8,1,1,0,0,0,0,,0.58231215,,0.58231215,,-0.35711649,,-0.35711649,,0.42706417,,0.00566524,,-0.01133047,,0.71935,0.0,0.37283882,0,0,282.1,32.1,0.9124,1.1047,1,1,0
2026-09-28T22:09:06.062521+09:00,219153432,b882622e,2026-09-28T22:09:06.062521+09:00,2026-09-28T22:09:06.150818+09:00,rail-left-01,rail-right-01,0.6.7-draft,0.6.7-draft,mqtt,mqtt,2.98,2.64,6.204,6.583,-0.139,-0.109,-0.093,-0.359,10.473,9.682,-0.065,0.0318,0.0426,0.0605,-0.0104,-0.0085,25.17,25.26,15774,18749,1.972,2.344,5.915,7.031,9,9,1,1,0,0,0,0,,0.53462257,,0.53462257,,-0.35836649,,-0.35836649,,0.42768917,,0.00587874,,-0.01175747,,0.71935,0.0,0.372866,0,0,282.7,32.7,0.9124,1.1047,1,1,0
2026-09-28T22:09:06.082579+09:00,219173490,b882622e,2026-09-28T22:09:06.082579+09:00,2026-09-28T22:09:06.170876+09:00,rail-left-01,rail-right-01,0.6.7-draft,0.6.7-draft,mqtt,mqtt,3.63,3.18,6.194,6.587,0.163,0.175,0.092,-0.172,10.526,9.677,-0.0693,0.0317,0.0389,0.0553,-0.0081,-0.0065,25.13,25.32,15749,18759,1.969,2.345,5.906,7.035,10,10,1,1,0,0,0,0,,0.57700829,,0.57700829,,-0.35976649,,-0.35976649,,0.42838917,,0.0061041,,-0.0122082,,0.71935,0.0,0.37289643,0,0,283.3,33.3,0.9124,1.1047,1,1,0
2026-09-28T22:09:06.257006+09:00,219358447,b882622e,2026-09-28T22:09:06.257006+09:00,2026-09-28T22:09:06.339352+09:00,rail-left-01,rail-right-01,0.6.7-draft,0.6.7-draft,mqtt,mqtt,11.09,9.5,6.179,6.586,0.071,0.022,-0.086,-0.388,10.327,9.776,-0.0653,0.0324,0.0388,0.0602,-0.0104,-0.0093,25.13,25.31,15713,18757,1.964,2.345,5.892,7.034,11,11,2,2,0,0,0,0,0.57402615,0.43000958,0.57402615,0.43000958,-0.36227558,-0.35493792,-0.36227558,-0.35493792,0.42828008,0.43735584,0.00051783,0.00309534,-0.00663919,0.00308708,0.71935,0.89535,0.37289169,0.37328629,0,0,290.1,40.1,0.9124,1.1047,1,1,0
2026-09-28T22:09:06.277027+09:00,219378468,b882622e,2026-09-28T22:09:06.277027+09:00,2026-09-28T22:09:06.359373+09:00,rail-left-01,rail-right-01,0.6.7-draft,0.6.7-draft,mqtt,mqtt,11.98,10.24,6.189,6.508,-0.044,-0.023,0.056,-0.265,10.702,9.655,-0.062,0.0338,0.0376,0.053,-0.0083,-0.0035,25.14,25.28,15737,18582,1.967,2.323,5.901,6.968,12,12,2,2,0,0,0,0,0.56670733,0.40174176,0.56670733,0.40174176,-0.36353316,-0.34900286,-0.36353316,-0.34900286,0.42860584,0.43700735,0.00066415,0.00237575,-0.00501596,0.00524303,0.89535,0.89535,0.37290585,0.37327113,0,0,290.9,40.9,0.9124,1.1047,1,1,0
2026-09-28T22:09:06.297182+09:00,219398623,b882622e,2026-09-28T22:09:06.297182+09:00,2026-09-28T22:09:06.379527+09:00,rail-left-01,rail-right-01,0.6.7-draft,0.6.7-draft,mqtt,mqtt,12.93,11.04,6.167,6.485,0.008,0.079,0.13,-0.267,10.199,9.609,-0.0658,0.0353,0.0364,0.0545,-0.012,-0.0108,25.15,25.29,15682,18531,1.96,2.316,5.881,6.949,13,13,2,2,0,0,0,0,0.55672256,0.38864292,0.55672256,0.38864292,-0.36628957,-0.34258388,-0.36628957,-0.34258388,0.42803532,0.43618917,-6.359e-05,0.00167875,-0.00582194,0.00704198,0.89535,0.89535,0.37288105,0.37323556,0,0,291.8,41.8,0.9124,1.1047,1,1,0
2026-09-28T22:09:06.317122+09:00,219418563,b882622e,2026-09-28T22:09:06.317122+09:00,2026-09-28T22:09:06.399468+09:00,rail-left-01,rail-right-01,0.6.7-draft,0.6.7-draft,mqtt,mqtt,13.87,11.83,6.186,6.471,0.051,0.061,-0.065,-0.201,10.573,9.799,-0.0674,0.0374,0.0318,0.0517,-0.0064,-0.0021,25.13,25.29,15730,18500,1.966,2.312,5.899,6.938,14,14,2,2,0,0,0,0,0.54530134,0.37446358,0.54530134,0.37446358,-0.36729506,-0.33611649,-0.36729506,-0.33611649,0.42822488,0.4351475,9.174e-05,0.00107062,-0.00506427,0.00848025,0.89535,0.89535,0.37288929,0.37319027,0,0,292.6,42.6,0.9124,1.1047,1,1,0
2026-09-28T22:09:06.337145+09:00,219438586,b882622e,2026-09-28T22:09:06.337145+09:00,2026-09-28T22:09:06.419491+09:00,rail-left-01,rail-right-01,0.6.7-draft,0.6.7-draft,mqtt,mqtt,14.82,12.63,6.198,6.447,-0.038,0.03,0.068,-0.306,10.449,9.6,-0.0642,0.0312,0.036,0.0524,-0.0116,-0.0064,25.13,25.29,15759,18447,1.97,2.306,5.91,6.918,15,15,2,2,0,0,0,0,0.53202846,0.35787682,0.53202846,0.35787682,-0.36736649,-0.32920649,-0.36736649,-0.32920649,0.42878917,0.43370917,0.00043155,0.0004544,-0.0040287,0.00981826,0.89535,0.89535,0.37291382,0.37312773,0,0,293.5,43.5,0.9124,1.1047,1,1,0
2026-09-28T22:09:06.357110+09:00,219458551,b882622e,2026-09-28T22:09:06.357110+09:00,2026-09-28T22:09:06.439456+09:00,rail-left-01,rail-right-01,0.6.7-draft,0.6.7-draft,mqtt,mqtt,15.76,13.42,6.193,6.428,-0.02,-0.042,0.171,-0.23,10.594,9.651,-0.0706,0.0346,0.0388,0.0562,-0.0101,-0.01,25.13,25.3,15748,18405,1.969,2.301,5.906,6.902,16,16,2,2,0,0,0,0,0.51740056,0.33463749,0.51740056,0.33463749,-0.36774149,-0.32209726,-0.36774149,-0.32209726,0.42912667,0.43201609,0.00054485,-0.00013199,-0.00350016,0.01101951,0.89535,0.89535,0.3729285,0.37305412,0,0,294.3,44.3,0.9124,1.1047,1,1,0
2026-09-28T22:09:06.377181+09:00,219478622,b882622e,2026-09-28T22:09:06.377181+09:00,2026-09-28T22:09:06.459526+09:00,rail-left-01,rail-right-01,0.6.7-draft,0.6.7-draft,mqtt,mqtt,16.76,14.22,6.216,6.421,0.051,0.055,0.051,-0.244,10.41,9.779,-0.073,0.032,0.0317,0.0501,-0.008,-0.0031,25.15,25.28,15804,18390,1.976,2.299,5.927,6.896,17,17,2,2,0,0,0,0,0.50245146,0.32340311,0.50245146,0.32340311,-0.36671943,-0.31525538,-0.36671943,-0.31525538,0.43010093,0.4303188,0.00096754,-0.00062776,-0.00238364,0.0119855,0.89535,0.89535,0.37297085,0.37298033,0,0,295.2,45.2,0.9124,1.1047,1,1,0
2026-09-28T22:09:06.397355+09:00,219498796,b882622e,2026-09-28T22:09:06.397355+09:00,2026-09-28T22:09:06.479700+09:00,rail-left-01,rail-right-01,0.6.7-draft,0.6.7-draft,mqtt,mqtt,17.7,15.06,6.253,6.412,0.001,0.025,0.079,-0.221,10.467,9.68,-0.0678,0.0285,0.0362,0.0541,-0.0101,-0.0057,25.15,25.29,15897,18371,1.987,2.296,5.961,6.889,18,18,2,2,0,0,0,0,0.48685076,0.30991204,0.48685076,0.30991204,-0.36375538,-0.30858078,-0.36375538,-0.30858078,0.43199472,0.42858203,0.00174996,-0.00106663,-0.00057647,0.01279685,0.89535,0.89535,0.37305319,0.37290482,0,0,296.1,46.1,0.9124,1.1047,1,1,0
2026-09-28T22:09:06.417108+09:00,219518549,b882622e,2026-09-28T22:09:06.417108+09:00,2026-09-28T22:09:06.499453+09:00,rail-left-01,rail-right-01,0.6.7-draft,0.6.7-draft,mqtt,mqtt,18.69,15.86,6.266,6.399,0.057,0.063,0.186,-0.283,10.554,9.614,-0.0674,0.0312,0.0389,0.0548,-0.0095,-0.0052,25.13,25.28,15929,18341,1.991,2.293,5.973,6.878,19,19,2,2,0,0,0,0,0.47106414,0.30110564,0.47106414,0.30110564,-0.36041912,-0.30191822,-0.36041912,-0.30191822,0.43403127,0.42674089,0.00244902,-0.00147922,0.00104478,0.01352806,0.89535,0.89535,0.37314174,0.37282477,0,0,297.0,47.0,0.9124,1.1047,1,1,0
2026-09-28T22:09:06.437138+09:00,219538579,b882622e,2026-09-28T22:09:06.437138+09:00,2026-09-28T22:09:06.519484+09:00,rail-left-01,rail-right-01,0.6.7-draft,0.6.7-draft,mqtt,mqtt,19.69,16.71,6.263,6.397,-0.044,-0.025,-0.136,-0.306,10.351,9.72,-0.0638,0.0322,0.0381,0.0588,-0.0101,-0.0105,25.14,25.3,15922,18336,1.99,2.292,5.971,6.876,20,20,2,2,0,0,0,0,0.45464145,0.28450311,0.45464145,0.28450311,-0.35756649,-0.29563316,-0.35756649,-0.29563316,0.43578917,0.42498917,0.00290497,-0.00182217,0.00216368,0.01409711,0.89535,0.89535,0.37321817,0.3727486,0,0,297.9,47.9,0.9124,1.1047,1,1,0
2026-09-28T22:09:06.566047+09:00,219707435,b882622e,2026-09-28T22:09:06.566047+09:00,2026-09-28T22:09:06.648414+09:00,rail-left-01,rail-right-01,0.6.7-draft,0.6.7-draft,mqtt,mqtt,28.29,23.82,6.258,6.392,0.127,0.141,0.139,-0.107,10.368,10.039,-0.0594,0.03,0.0338,0.0528,-0.0088,-0.0057,25.12,25.29,15909,18326,1.989,2.291,5.966,6.872,21,21,3,3,0,0,0,0,0.26342753,0.08811096,0.26342753,0.08811096,-0.28991488,-0.25931771,-0.28991488,-0.25931771,0.42326981,0.40494527,-0.00214025,-0.00380717,0.01400955,0.00984297,0.89535,0.90235,0.37267385,0.37187713,0,0,305.8,55.8,0.9124,1.1047,1,1,0
2026-09-28T22:09:06.586163+09:00,219727551,b882622e,2026-09-28T22:09:06.586163+09:00,2026-09-28T22:09:06.668530+09:00,rail-left-01,rail-right-01,0.6.7-draft,0.6.7-draft,mqtt,mqtt,29.33,24.71,6.264,6.416,-0.053,-0.063,-0.013,-0.376,10.552,9.476,-0.0621,0.03,0.0369,0.056,-0.0085,-0.0085,25.12,25.29,15925,18379,1.991,2.297,5.972,6.892,22,22,3,3,0,0,0,0,0.24219174,0.08533723,0.24219174,0.08533723,-0.28436649,-0.25891411,-0.28436649,-0.25891411,0.42175167,0.40312964,-0.00233347,-0.00385396,0.01393328,0.00906378,0.89535,0.90235,0.37260784,0.37179819,0,0,306.7,56.7,0.9124,1.1047,1,1,0
2026-09-28T22:09:06.606203+09:00,219747591,b882622e,2026-09-28T22:09:06.606203+09:00,2026-09-28T22:09:06.688570+09:00,rail-left-01,rail-right-01,0.6.7-draft,0.6.7-draft,mqtt,mqtt,30.38,25.56,6.258,6.411,0.096,0.12,-0.029,-0.095,10.301,9.692,-0.0634,0.0338,0.042,0.0596,-0.0084,-0.0056,25.14,25.29,15910,18367,1.989,2.296,5.966,6.888,23,23,3,3,0,0,0,0,0.2212801,0.09465161,0.2212801,0.09465161,-0.27933619,-0.258413,-0.27933619,-0.258413,0.42023462,0.40134033,-0.00249485,-0.00389626,0.01376187,0.00843063,0.89535,0.90235,0.37254188,0.37172039,0,0,307.7,57.7,0.9124,1.1047,1,1,0
2026-09-28T22:09:06.626228+09:00,219767616,b882622e,2026-09-28T22:09:06.626228+09:00,2026-09-28T22:09:06.708595+09:00,rail-left-01,rail-right-01,0.6.7-draft,0.6.7-draft,mqtt,mqtt,31.42,26.4,6.239,6.416,-0.134,-0.018,0.103,-0.283,10.606,9.692,-0.065,0.0334,0.0377,0.0558,-0.0084,-0.0039,25.13,25.32,15862,18378,1.983,2.297,5.948,6.892,24,24,3,3,0,0,0,0,0.20003269,0.09473445,0.20003269,0.09473445,-0.27516061,-0.25804831,-0.27516061,-0.25804831,0.4185274,0.39968917,-0.00268361,-0.00391383,0.01342664,0.00786773,0.89535,0.90235,0.37246766,0.3716486,0,0,308.6,58.6,0.9124,1.1047,1,1,0
2026-09-28T22:09:06.646264+09:00,219787652,b882622e,2026-09-28T22:09:06.646264+09:00,2026-09-28T22:09:06.728631+09:00,rail-left-01,rail-right-01,0.6.7-draft,0.6.7-draft,mqtt,mqtt,32.47,27.3,6.228,6.394,0.043,0.05,0.116,-0.12,10.344,9.795,-0.0624,0.0382,0.0377,0.0528,-0.0071,-0.0068,25.14,25.3,15833,18331,1.979,2.291,5.937,6.874,25,25,3,3,0,0,0,0,0.17908606,0.09902519,0.17908606,0.09902519,-0.27153792,-0.25721094,-0.27153792,-0.25721094,0.4167606,0.39786695,-0.00286243,-0.00396535,0.01303301,0.0074662,0.89535,0.90235,0.37239084,0.37156938,0,0,309.6,59.6,0.9124,1.1047,1,1,0
2026-09-28T22:09:06.666460+09:00,219807848,b882622e,2026-09-28T22:09:06.666460+09:00,2026-09-28T22:09:06.748827+09:00,rail-left-01,rail-right-01,0.6.7-draft,0.6.7-draft,mqtt,mqtt,33.51,28.14,6.213,6.403,0.081,0.054,0.302,-0.25,10.555,9.931,-0.0649,0.0305,0.042,0.0581,-0.0092,-0.0037,25.12,25.29,15798,18350,1.975,2.294,5.924,6.881,26,26,3,3,0,0,0,0,0.15849161,0.10332953,0.15849161,0.10332953,-0.26853316,-0.25660562,-0.26853316,-0.25660562,0.41488361,0.39622178,-0.003046,-0.00398628,0.0125734,0.00707924,0.89535,0.90235,0.37230923,0.37149785,0,0,310.5,60.5,0.9124,1.1047,1,1,0
2026-09-28T22:09:06.686094+09:00,219827482,b882622e,2026-09-28T22:09:06.686094+09:00,2026-09-28T22:09:06.768461+09:00,rail-left-01,rail-right-01,0.6.7-draft,0.6.7-draft,mqtt,mqtt,34.55,28.99,6.221,6.42,-0.068,-0.06,-0.223,-0.484,10.536,9.614,-0.0657,0.0273,0.0413,0.0588,-0.0097,-0.0101,25.12,25.29,15817,18387,1.977,2.298,5.931,6.895,27,27,3,3,0,0,0,0,0.13785174,0.10071114,0.13785174,0.10071114,-0.2654746,-0.25638777,-0.2654746,-0.25638777,0.4132162,0.39482747,-0.00316303,-0.00396862,0.01220511,0.00667655,0.89535,0.90235,0.37223674,0.37143723,0,0,311.5,61.5,0.9124,1.1047,1,1,0
2026-09-28T22:09:06.706192+09:00,219847580,b882622e,2026-09-28T22:09:06.706192+09:00,2026-09-28T22:09:06.788559+09:00,rail-left-01,rail-right-01,0.6.7-draft,0.6.7-draft,mqtt,mqtt,35.6,29.88,6.207,6.444,0.096,0.168,0.11,-0.105,10.344,9.614,-0.0648,0.0324,0.0469,0.0617,-0.0097,-0.0112,25.12,25.3,15781,18441,1.973,2.305,5.918,6.915,28,28,3,3,0,0,0,0,0.11758014,0.11159281,0.11758014,0.11159281,-0.26294544,-0.25667899,-0.26294544,-0.25667899,0.41145233,0.39374125,-0.00329024,-0.00390776,0.01178455,0.00623787,0.89535,0.90235,0.37216005,0.37139,0,0,312.4,62.4,0.9124,1.1047,1,1,0
2026-09-28T22:09:06.726131+09:00,219867519,b882622e,2026-09-28T22:09:06.726131+09:00,2026-09-28T22:09:06.808498+09:00,rail-left-01,rail-right-01,0.6.7-draft,0.6.7-draft,mqtt,mqtt,36.69,30.73,6.178,6.467,-0.156,-0.111,0.045,-0.448,10.554,9.729,-0.0645,0.0297,0.0428,0.0602,-0.0104,-0.0061,25.1,25.28,15709,18492,1.964,2.312,5.891,6.935,29,29,3,3,0,0,0,0,0.09703605,0.10599711,0.09703605,0.10599711,-0.26128957,-0.25742772,-0.26128957,-0.25742772,0.40940712,0.39293407,-0.00346405,-0.00381339,0.01124453,0.00577446,0.89535,0.90235,0.37207112,0.3713549,0,0,313.4,63.4,0.9124,1.1047,1,1,0
2026-09-28T22:09:06.746253+09:00,219887641,b882622e,2026-09-28T22:09:06.746253+09:00,2026-09-28T22:09:06.828620+09:00,rail-left-01,rail-right-01,0.6.7-draft,0.6.7-draft,mqtt,mqtt,37.74,31.62,6.153,6.467,0.053,-0.017,0.095,-0.189,10.709,9.837,-0.0642,0.0321,0.0376,0.0602,-0.0107,-0.0089,25.14,25.31,15648,18493,1.956,2.312,5.868,6.935,30,30,3,3,0,0,0,0,0.0769208,0.105885,0.0769208,0.105885,-0.26034149,-0.25814649,-0.26034149,-0.25814649,0.40715167,0.39215917,-0.00366421,-0.00372529,0.01063398,0.00535907,0.90235,0.90235,0.37197306,0.37132121,0,0,314.4,64.4,0.9124,1.1047,1,1,0
2026-09-28T22:09:06.918873+09:00,220016434,b882622e,2026-09-28T22:09:06.918873+09:00,2026-09-28T22:09:06.960093+09:00,rail-left-01,rail-right-01,0.6.7-draft,0.6.7-draft,mqtt,mqtt,44.65,37.24,6.16,6.468,0.068,0.072,0.035,-0.201,10.627,9.568,-0.062,0.0336,0.0409,0.055,-0.01,-0.0065,25.13,25.32,15664,18495,1.958,2.312,5.874,6.936,31,31,4,4,0,0,0,0,0.09870338,0.02093521,0.09870338,0.02093521,-0.25869983,-0.24895666,-0.25869983,-0.24895666,0.39148329,0.393099,-0.00358263,-0.00181105,0.00490034,0.00396303,0.90235,0.90235,0.37129183,0.37136208,0,0,320.7,70.7,0.9124,1.1047,1,1,0
2026-09-28T22:09:06.938993+09:00,220036554,b882622e,2026-09-28T22:09:06.938993+09:00,2026-09-28T22:09:06.980213+09:00,rail-left-01,rail-right-01,0.6.7-draft,0.6.7-draft,mqtt,mqtt,45.74,38.13,6.132,6.552,-0.016,0.011,0.095,-0.138,10.396,9.809,-0.0561,0.034,0.0345,0.0532,-0.0073,-0.0076,25.12,25.31,15595,18680,1.949,2.335,5.848,7.005,32,32,4,4,0,0,0,0,0.09091305,0.02452938,0.09091305,0.02452938,-0.25977034,-0.24802778,-0.25977034,-0.24802778,0.39056417,0.39466498,-0.00349692,-0.00151466,0.00441184,0.00387796,0.90235,0.90235,0.37125187,0.37143016,0,0,321.7,71.7,0.9124,1.1047,1,1,0
2026-09-28T22:09:06.959051+09:00,220056612,b882622e,2026-09-28T22:09:06.959051+09:00,2026-09-28T22:09:07.000271+09:00,rail-left-01,rail-right-01,0.6.7-draft,0.6.7-draft,mqtt,mqtt,46.83,38.98,6.177,6.558,0.017,0.085,0.132,-0.235,10.495,9.669,-0.0578,0.0342,0.0337,0.0501,-0.0057,-0.0015,25.14,25.28,15708,18694,1.964,2.337,5.891,7.01,33,33,4,4,0,0,0,0,0.08266088,0.03142909,0.08266088,0.03142909,-0.2599514,-0.24722364,-0.2599514,-0.24722364,0.39010426,0.39622885,-0.00335191,-0.00124423,0.00411197,0.00378723,0.90235,0.90235,0.37123187,0.37149816,0,0,322.7,72.7,0.9124,1.1047,1,1,0
2026-09-28T22:09:06.978989+09:00,220076550,b882622e,2026-09-28T22:09:06.978989+09:00,2026-09-28T22:09:07.020209+09:00,rail-left-01,rail-right-01,0.6.7-draft,0.6.7-draft,mqtt,mqtt,47.88,39.87,6.224,6.574,0.008,-0.014,-0.05,-0.391,10.385,9.689,-0.059,0.0325,0.0398,0.0573,-0.0072,-0.0093,25.14,25.28,15824,18729,1.978,2.341,5.934,7.023,34,34,4,4,0,0,0,0,0.07392508,0.03364295,0.07392508,0.03364295,-0.25925538,-0.24669462,-0.25925538,-0.24669462,0.39009658,0.39786886,-0.00315616,-0.00098639,0.00397358,0.00367262,0.90235,0.90235,0.37123153,0.37156946,0,0,323.6,73.6,0.9124,1.1047,1,1,0
2026-09-28T22:09:06.999026+09:00,220096587,b882622e,2026-09-28T22:09:06.999026+09:00,2026-09-28T22:09:07.040246+09:00,rail-left-01,rail-right-01,0.6.7-draft,0.6.7-draft,mqtt,mqtt,48.97,40.77,6.242,6.589,0.059,0.061,0.108,-0.069,10.357,9.784,-0.0577,0.0322,0.0396,0.0577,-0.0132,-0.0085,25.15,25.29,15868,18762,1.984,2.345,5.951,7.036,35,35,4,4,0,0,0,0,0.06486154,0.03908923,0.06486154,0.03908923,-0.2582574,-0.24641265,-0.2582574,-0.24641265,0.3902528,0.39957378,-0.00295627,-0.00074048,0.00389336,0.00353949,0.90235,0.90235,0.37123833,0.37164359,0,0,324.6,74.6,0.9124,1.1047,1,1,0
2026-09-28T22:09:07.019272+09:00,220116833,b882622e,2026-09-28T22:09:07.019272+09:00,2026-09-28T22:09:07.060492+09:00,rail-left-01,rail-right-01,0.6.7-draft,0.6.7-draft,mqtt,mqtt,50.07,41.66,6.218,6.603,-0.011,0.037,-0.115,-0.34,10.409,9.609,-0.0565,0.0318,0.0462,0.0624,-0.0105,-0.0077,25.13,25.31,15810,18794,1.976,2.349,5.929,7.048,36,36,4,4,0,0,0,0,0.05530256,0.04336906,0.05530256,0.04336906,-0.25772364,-0.24635134,-0.25772364,-0.24635134,0.39018917,0.40133311,-0.00280551,-0.00050604,0.00375748,0.00339235,0.90235,0.90235,0.37123556,0.37172008,0,0,325.6,75.6,0.9124,1.1047,1,1,0
2026-09-28T22:09:07.039031+09:00,220136592,b882622e,2026-09-28T22:09:07.039031+09:00,2026-09-28T22:09:07.080251+09:00,rail-left-01,rail-right-01,0.6.7-draft,0.6.7-draft,mqtt,mqtt,51.16,42.51,6.205,6.615,-0.068,0.025,0.451,0.116,10.517,9.701,-0.0679,0.0362,0.0348,0.0488,-0.0055,-0.0008,25.12,25.29,15777,18820,1.972,2.353,5.916,7.058,37,37,4,4,0,0,0,0,0.0453256,0.04698246,0.0453256,0.04698246,-0.25743667,-0.24647097,-0.25743667,-0.24647097,0.39001373,0.40312947,-0.00268351,-0.00028363,0.00360114,0.00323682,0.90235,0.90235,0.37122793,0.37179818,0,0,326.6,76.6,0.9124,1.1047,1,1,0
2026-09-28T22:09:07.058970+09:00,220156531,b882622e,2026-09-28T22:09:07.058970+09:00,2026-09-28T22:09:07.100190+09:00,rail-left-01,rail-right-01,0.6.7-draft,0.6.7-draft,mqtt,mqtt,52.2,43.4,6.273,6.623,0.013,0.054,0.017,-0.281,10.376,9.685,-0.0648,0.0338,0.0322,0.0501,-0.0108,-0.0084,25.14,25.3,15946,18838,1.993,2.355,5.98,7.064,38,38,4,4,0,0,0,0,0.03514951,0.05172367,0.03514951,0.05172367,-0.25598718,-0.24670473,-0.25598718,-0.24670473,0.39043055,0.40493182,-0.00249445,-7.496e-05,0.00361212,0.00308034,0.90235,0.90235,0.37124606,0.37187655,0,0,327.6,77.6,0.9124,1.1047,1,1,0
2026-09-28T22:09:07.078922+09:00,220176483,b882622e,2026-09-28T22:09:07.078922+09:00,2026-09-28T22:09:07.120142+09:00,rail-left-01,rail-right-01,0.6.7-draft,0.6.7-draft,mqtt,mqtt,53.3,44.25,6.321,6.612,-0.007,0.002,-0.06,-0.327,10.513,9.653,-0.0661,0.0368,0.0329,0.0493,-0.0068,-0.0056,25.14,25.29,16065,18813,2.008,2.352,6.024,7.055,39,39,4,4,0,0,0,0,0.02476149,0.05415779,0.02476149,0.05415779,-0.25377327,-0.24677229,-0.25377327,-0.24677229,0.39124002,0.40660221,-0.00226981,0.00010662,0.00372224,0.00295285,0.90235,0.90235,0.37128125,0.37194917,0,0,328.6,78.6,0.9124,1.1047,1,1,0
2026-09-28T22:09:07.098966+09:00,220196527,b882622e,2026-09-28T22:09:07.098966+09:00,2026-09-28T22:09:07.140186+09:00,rail-left-01,rail-right-01,0.6.7-draft,0.6.7-draft,mqtt,mqtt,54.39,45.14,6.34,6.617,0.074,0.054,0.43,-0.176,10.169,9.809,-0.0654,0.0205,0.0458,0.0652,-0.0121,-0.0081,25.11,25.32,16112,18826,2.014,2.353,6.042,7.06,40,40,4,4,0,0,0,0,0.01422038,0.05862827,0.01422038,0.05862827,-0.25131649,-0.24690935,-0.25131649,-0.24690935,0.39218084,0.4082606,-0.00204541,0.0002763,0.00385676,0.00282684,0.90235,0.90235,0.37132215,0.37202127,0,0,329.6,79.6,0.9124,1.1047,1,1,0
2026-09-28T22:09:07.183276+09:00,220328410,b882622e,2026-09-28T22:09:07.183276+09:00,2026-09-28T22:09:07.267215+09:00,rail-left-01,rail-right-01,0.6.7-draft,0.6.7-draft,mqtt,mqtt,61.6,50.91,6.332,6.641,-0.129,-0.11,0.232,-0.213,10.493,9.591,-0.0648,0.034,0.0376,0.051,-0.0061,0.0004,25.15,25.29,16094,18878,2.012,2.36,6.035,7.079,41,41,5,5,0,0,0,0,0.07111485,-0.1579283,0.07111485,-0.1579283,-0.26436649,-0.30036649,-0.26436649,-0.30036649,0.51868917,0.50287099,0.0,-0.00787686,0.0,-0.02033164,0.68635,0.72035,0.39478295,0.3940952,0,0,336.2,86.2,0.9124,1.1047,1,1,0
2026-09-28T22:09:07.203392+09:00,220348525,b882622e,2026-09-28T22:09:07.203392+09:00,2026-09-28T22:09:07.287330+09:00,rail-left-01,rail-right-01,0.6.7-draft,0.6.7-draft,mqtt,mqtt,62.69,51.81,6.33,6.708,0.096,0.101,0.042,-0.139,10.394,9.901,-0.0642,0.027,0.0405,0.0564,-0.0147,-0.0103,25.14,25.31,16089,19027,2.011,2.378,6.033,7.135,42,42,5,5,0,0,0,0,0.04868828,-0.11748962,0.04868828,-0.11748962,-0.26536649,-0.31386649,-0.26536649,-0.31386649,0.51818917,0.5035225,-0.00183486,-0.00472751,-0.00366972,-0.02373815,0.68635,0.72035,0.39476121,0.39412353,0,0,337.2,87.2,0.9124,1.1047,1,1,0
2026-09-28T22:09:07.223352+09:00,220368486,b882622e,2026-09-28T22:09:07.223352+09:00,2026-09-28T22:09:07.307291+09:00,rail-left-01,rail-right-01,0.6.7-draft,0.6.7-draft,mqtt,mqtt,63.79,52.7,6.336,6.709,0.002,0.026,-0.153,-0.397,10.527,9.697,-0.0678,0.0308,0.0381,0.0533,-0.0117,-0.0051,25.14,25.28,16103,19030,2.013,2.379,6.039,7.136,43,43,5,5,0,0,0,0,0.02396132,-0.09960406,0.02396132,-0.09960406,-0.26369983,-0.32536649,-0.26369983,-0.32536649,0.5190225,0.50411225,0.00183203,-0.0031642,0.00366406,-0.02483966,0.72035,0.72035,0.39479744,0.39414917,0,0,338.2,88.2,0.9124,1.1047,1,1,0
2026-09-28T22:09:07.243330+09:00,220388463,b882622e,2026-09-28T22:09:07.243330+09:00,2026-09-28T22:09:07.327268+09:00,rail-left-01,rail-right-01,0.6.7-draft,0.6.7-draft,mqtt,mqtt,64.88,53.55,6.35,6.715,0.002,0.018,-0.029,-0.304,10.406,9.535,-0.0637,0.0297,0.0418,0.0558,-0.0113,-0.0076,25.15,25.3,16138,19043,2.017,2.38,6.052,7.141,44,44,5,5,0,0,0,0,-0.00135373,-0.08586287,-0.00135373,-0.08586287,-0.25936649,-0.33565221,-0.25936649,-0.33565221,0.52118917,0.50483203,0.00548444,-0.00213307,0.01096888,-0.02527492,0.72035,0.72035,0.39489164,0.39418046,0,0,339.2,89.2,0.9124,1.1047,1,1,0
2026-09-28T22:09:07.263426+09:00,220408559,b882622e,2026-09-28T22:09:07.263426+09:00,2026-09-28T22:09:07.347364+09:00,rail-left-01,rail-right-01,0.6.7-draft,0.6.7-draft,mqtt,mqtt,65.98,54.44,6.329,6.706,-0.036,-0.01,0.129,-0.181,10.408,9.827,-0.0625,0.0289,0.0381,0.0573,-0.0135,-0.0092,25.15,25.27,16086,19022,2.011,2.378,6.032,7.133,45,45,5,5,0,0,0,0,-0.02698577,-0.07937683,-0.02698577,-0.07937683,-0.26096649,-0.34396649,-0.26096649,-0.34396649,0.52038917,0.50515584,0.0012747,-0.00160666,0.0025494,-0.02489465,0.72035,0.72035,0.39485686,0.39419454,0,0,340.2,90.2,0.9124,1.1047,1,1,0
2026-09-28T22:09:07.283389+09:00,220428523,b882622e,2026-09-28T22:09:07.283389+09:00,2026-09-28T22:09:07.367328+09:00,rail-left-01,rail-right-01,0.6.7-draft,0.6.7-draft,mqtt,mqtt,67.12,55.34,6.312,6.703,0.002,0.054,0.239,-0.339,10.485,9.576,-0.0638,0.0274,0.04,0.0588,-0.0117,-0.0111,25.14,25.28,16044,19016,2.006,2.377,6.017,7.131,46,46,5,5,0,0,0,0,-0.05187604,-0.06211998,-0.05187604,-0.06211998,-0.26486649,-0.35105399,-0.26486649,-0.35105399,0.51843917,0.50534542,-0.00233922,-0.00127697,-0.00467844,-0.02424599,0.72035,0.72035,0.39477208,0.39420278,0,0,341.2,91.2,0.9124,1.1047,1,1,0
2026-09-28T22:09:07.303320+09:00,220448454,b882622e,2026-09-28T22:09:07.303320+09:00,2026-09-28T22:09:07.387259+09:00,rail-left-01,rail-right-01,0.6.7-draft,0.6.7-draft,mqtt,mqtt,68.16,56.18,6.307,6.704,0.007,0.025,0.098,-0.117,10.338,9.793,-0.065,0.0268,0.0381,0.0602,-0.0063,-0.0059,25.14,25.3,16032,19018,2.004,2.377,6.012,7.132,47,47,5,5,0,0,0,0,-0.07584218,-0.0519006,-0.07584218,-0.0519006,-0.26836649,-0.35736649,-0.26836649,-0.35736649,0.51668917,0.50554211,-0.00384961,-0.00102135,-0.00769922,-0.02356837,0.72035,0.72035,0.39469599,0.39421134,0,0,342.1,92.1,0.9124,1.1047,1,1,0
2026-09-28T22:09:07.323438+09:00,220468572,b882622e,2026-09-28T22:09:07.323438+09:00,2026-09-28T22:09:07.407377+09:00,rail-left-01,rail-right-01,0.6.7-draft,0.6.7-draft,mqtt,mqtt,69.31,57.08,6.281,6.687,-0.086,-0.047,0.135,0.0,10.421,9.814,-0.0663,0.0246,0.0369,0.0546,-0.0103,-0.0071,25.13,25.3,15966,18980,1.996,2.373,5.987,7.118,48,48,5,5,0,0,0,0,-0.10026405,-0.05425834,-0.10026405,-0.05425834,-0.27424149,-0.36203316,-0.27424149,-0.36203316,0.51375167,0.50524472,-0.00613122,-0.00101125,-0.01226244,-0.02246822,0.72035,0.72035,0.39456827,0.39419841,0,0,343.2,93.2,0.9124,1.1047,1,1,0
2026-09-28T22:09:07.343371+09:00,220488504,b882622e,2026-09-28T22:09:07.343371+09:00,2026-09-28T22:09:07.427309+09:00,rail-left-01,rail-right-01,0.6.7-draft,0.6.7-draft,mqtt,mqtt,70.4,57.97,6.253,6.674,0.013,0.063,0.084,-0.366,10.417,9.461,-0.0624,0.0232,0.0378,0.0556,-0.0113,-0.0075,25.14,25.27,15896,18951,1.987,2.369,5.961,7.107,49,49,5,5,0,0,0,0,-0.12357951,-0.03960937,-0.12357951,-0.03960937,-0.28192205,-0.36552439,-0.28192205,-0.36552439,0.50991139,0.50463654,-0.00847922,-0.00112409,-0.01695843,-0.02118582,0.72035,0.72035,0.3944013,0.39417196,0,0,344.2,94.2,0.9124,1.1047,1,1,0
2026-09-28T22:09:07.363446+09:00,220508579,b882622e,2026-09-28T22:09:07.363446+09:00,2026-09-28T22:09:07.447384+09:00,rail-left-01,rail-right-01,0.6.7-draft,0.6.7-draft,mqtt,mqtt,71.49,58.87,6.225,6.642,0.014,0.006,-0.065,-0.308,10.228,9.829,-0.06,0.0225,0.0376,0.0581,-0.0131,-0.0163,25.14,25.3,15828,18881,1.979,2.36,5.936,7.08,50,50,5,5,0,0,0,0,-0.14596821,-0.03477226,-0.14596821,-0.03477226,-0.29086649,-0.36706649,-0.29086649,-0.36706649,0.50543917,0.50328917,-0.01060058,-0.00149305,-0.02120117,-0.01944505,0.72035,0.72035,0.39420686,0.39411338,0,0,345.2,95.2,0.9124,1.1047,1,1,0
2026-09-28T22:09:07.539441+09:00,220634438,b882622e,2026-09-28T22:09:07.539441+09:00,2026-09-28T22:09:07.576722+09:00,rail-left-01,rail-right-01,0.6.7-draft,0.6.7-draft,mqtt,mqtt,78.41,64.43,6.193,6.628,0.03,-0.028,0.16,-0.103,10.518,9.728,-0.0608,0.0306,0.0464,0.0608,-0.0077,-0.0051,25.13,25.31,15747,18850,1.968,2.356,5.905,7.069,51,51,6,6,0,0,0,0,-0.04840476,-0.18461826,-0.04840476,-0.18461826,-0.36998554,-0.44210843,-0.36998554,-0.44210843,0.50130822,0.4614311,-0.0021162,-0.00783908,-0.01685775,-0.01774514,0.72035,0.85135,0.39402725,0.39229347,0,0,351.5,101.5,0.9124,1.1047,1,1,0
2026-09-28T22:09:07.559575+09:00,220654572,b882622e,2026-09-28T22:09:07.559575+09:00,2026-09-28T22:09:07.596856+09:00,rail-left-01,rail-right-01,0.6.7-draft,0.6.7-draft,mqtt,mqtt,79.5,65.33,6.084,6.638,0.023,0.038,0.047,-0.335,10.381,9.782,-0.0638,0.031,0.0429,0.0582,-0.0105,-0.0044,25.13,25.31,15476,18871,1.935,2.359,5.804,7.077,52,52,6,6,0,0,0,0,-0.0626339,-0.17644751,-0.0626339,-0.17644751,-0.37759377,-0.44664774,-0.37759377,-0.44664774,0.49703008,0.45882979,-0.00351032,-0.00768743,-0.01707609,-0.0170531,0.72035,0.85135,0.39384125,0.39218037,0,0,352.5,102.5,0.9124,1.1047,1,1,0
2026-09-28T22:09:07.579505+09:00,220674502,b882622e,2026-09-28T22:09:07.579505+09:00,2026-09-28T22:09:07.616786+09:00,rail-left-01,rail-right-01,0.6.7-draft,0.6.7-draft,mqtt,mqtt,80.64,66.22,6.047,6.648,-0.054,-0.074,0.041,-0.298,10.526,9.506,-0.064,0.029,0.0456,0.0592,-0.012,-0.004,25.15,25.3,15383,18894,1.923,2.362,5.769,7.085,53,53,6,6,0,0,0,0,-0.07772408,-0.17853346,-0.07772408,-0.17853346,-0.3861491,-0.45121498,-0.3861491,-0.45121498,0.4923196,0.45653765,-0.00472802,-0.00750633,-0.01766547,-0.01652615,0.72035,0.85135,0.39363644,0.39208071,0,0,353.5,103.5,0.9124,1.1047,1,1,0
2026-09-28T22:09:07.599452+09:00,220694449,b882622e,2026-09-28T22:09:07.599452+09:00,2026-09-28T22:09:07.636733+09:00,rail-left-01,rail-right-01,0.6.7-draft,0.6.7-draft,mqtt,mqtt,81.74,67.07,6.032,6.659,0.051,0.051,0.14,-0.206,10.351,9.776,-0.0648,0.0281,0.0397,0.0586,-0.0103,-0.004,25.12,25.32,15347,18918,1.918,2.365,5.755,7.094,54,54,6,6,0,0,0,0,-0.09288242,-0.16993307,-0.09288242,-0.16993307,-0.39461649,-0.45583708,-0.39461649,-0.45583708,0.48768917,0.45454211,-0.00566661,-0.00730269,-0.01816113,-0.01612997,0.72035,0.85135,0.39343512,0.39205025,0,0,354.5,104.5,0.9124,1.1047,1,1,0
2026-09-28T22:09:07.619543+09:00,220714540,b882622e,2026-09-28T22:09:07.619543+09:00,2026-09-28T22:09:07.656824+09:00,rail-left-01,rail-right-01,0.6.7-draft,0.6.7-draft,mqtt,mqtt,82.83,67.96,6.009,6.649,-0.035,-0.01,0.091,-0.002,10.658,9.857,-0.0695,0.0293,0.0385,0.0594,-0.0081,-0.0059,25.16,25.31,15289,18896,1.911,2.362,5.733,7.086,55,55,6,6,0,0,0,0,-0.10840925,-0.16677919,-0.10840925,-0.16677919,-0.40332649,-0.45990935,-0.40332649,-0.45990935,0.48296917,0.45251774,-0.00646739,-0.00714701,-0.01869379,-0.01569955,0.85135,0.85135,0.3932299,0.3922273,0,0,355.5,105.5,0.9124,1.1047,1,1,0
2026-09-28T22:09:07.639693+09:00,220734690,b882622e,2026-09-28T22:09:07.639693+09:00,2026-09-28T22:09:07.676974+09:00,rail-left-01,rail-right-01,0.6.7-draft,0.6.7-draft,mqtt,mqtt,83.92,68.86,6.003,6.659,-0.016,0.035,0.281,-0.33,10.555,9.633,-0.0701,0.031,0.0354,0.0584,-0.0059,0.0012,25.14,25.32,15275,18917,1.909,2.365,5.728,7.094,56,56,6,6,0,0,0,0,-0.12406232,-0.16023485,-0.12406232,-0.16023485,-0.41159726,-0.46403316,-0.41159726,-0.46403316,0.47849686,0.45074472,-0.00707063,-0.0069705,-0.01905109,-0.01535935,0.85135,0.85135,0.39303546,0.3924066,0,0,356.5,106.5,0.9124,1.1047,1,1,0
2026-09-28T22:09:07.659684+09:00,220754681,b882622e,2026-09-28T22:09:07.659684+09:00,2026-09-28T22:09:07.696965+09:00,rail-left-01,rail-right-01,0.6.7-draft,0.6.7-draft,mqtt,mqtt,85.02,69.75,6.007,6.663,0.053,0.026,-0.013,-0.47,10.428,9.784,-0.0637,0.0308,0.038,0.0596,-0.0075,-0.0073,25.12,25.32,15285,18928,1.911,2.366,5.732,7.098,57,57,6,6,0,0,0,0,-0.13954447,-0.15475045,-0.13954447,-0.15475045,-0.41910723,-0.46804217,-0.41910723,-0.46804217,0.47442991,0.4491216,-0.00747875,-0.00679486,-0.01917799,-0.0150585,0.85135,0.85135,0.39285863,0.3925809,0,0,357.5,107.5,0.9124,1.1047,1,1,0
2026-09-28T22:09:07.679459+09:00,220774456,b882622e,2026-09-28T22:09:07.679459+09:00,2026-09-28T22:09:07.716740+09:00,rail-left-01,rail-right-01,0.6.7-draft,0.6.7-draft,mqtt,mqtt,86.11,70.65,6.004,6.678,-0.123,-0.06,0.047,0.005,10.592,9.671,-0.0669,0.0322,0.0402,0.0542,-0.0101,-0.004,25.15,25.29,15277,18960,1.91,2.37,5.729,7.11,58,58,6,6,0,0,0,0,-0.15554341,-0.15602534,-0.15554341,-0.15602534,-0.42618792,-0.47223491,-0.42618792,-0.47223491,0.47059988,0.44778127,-0.00777749,-0.00659241,-0.01920699,-0.01484484,0.85135,0.85135,0.39269211,0.3927632,0,0,358.5,108.5,0.9124,1.1047,1,1,0
2026-09-28T22:09:07.699556+09:00,220794553,b882622e,2026-09-28T22:09:07.699556+09:00,2026-09-28T22:09:07.736837+09:00,rail-left-01,rail-right-01,0.6.7-draft,0.6.7-draft,mqtt,mqtt,87.21,71.54,6.018,6.683,0.035,0.041,-0.005,-0.292,10.41,9.697,-0.0632,0.0305,0.0366,0.0526,-0.0096,-0.0044,25.14,25.32,15311,18972,1.914,2.372,5.742,7.115,59,59,6,6,0,0,0,0,-0.17130892,-0.14982606,-0.17130892,-0.14982606,-0.43229753,-0.47634085,-0.43229753,-0.47634085,0.46727538,0.44657378,-0.0079178,-0.00639322,-0.01901197,-0.01465431,0.85135,0.85135,0.39254757,0.39294172,0,0,359.5,109.5,0.9124,1.1047,1,1,0
2026-09-28T22:09:07.719577+09:00,220814574,b882622e,2026-09-28T22:09:07.719577+09:00,2026-09-28T22:09:07.756858+09:00,rail-left-01,rail-right-01,0.6.7-draft,0.6.7-draft,mqtt,mqtt,88.3,72.44,6.03,6.68,-0.011,0.055,0.0,-0.36,10.349,9.767,-0.0634,0.028,0.0402,0.0553,-0.0129,-0.0084,25.12,25.29,15342,18965,1.918,2.371,5.753,7.112,60,60,6,6,0,0,0,0,-0.18706226,-0.14294732,-0.18706226,-0.14294732,-0.43759983,-0.48016649,-0.43759983,-0.48016649,0.4643725,0.44538917,-0.00794691,-0.0062151,-0.018668,-0.01444657,0.85135,0.85135,0.39242135,0.39310805,0,0,360.5,110.5,0.9124,1.1047,1,1,0
2026-09-28T22:09:07.802836+09:00,220944451,b882622e,2026-09-28T22:09:07.802836+09:00,2026-09-28T22:09:07.840463+09:00,rail-left-01,rail-right-01,0.6.7-draft,0.6.7-draft,mqtt,mqtt,95.41,78.21,6.025,6.675,-0.06,-0.062,0.241,-0.15,10.442,9.601,-0.0665,0.0278,0.0353,0.0553,-0.0099,-0.0049,25.14,25.29,15328,18953,1.916,2.369,5.748,7.107,61,61,7,7,0,0,0,0,-0.14140811,-0.16635326,-0.14140811,-0.16635326,-0.48392747,-0.46640571,-0.48392747,-0.46640571,0.44420136,0.45829701,-0.00593058,-0.00117683,-0.01399466,-0.00477764,0.85135,1.01435,0.39327157,0.39250975,0,0,367.0,117.0,0.9124,1.1047,1,1,0
2026-09-28T22:09:07.822993+09:00,220964608,b882622e,2026-09-28T22:09:07.822993+09:00,2026-09-28T22:09:07.860620+09:00,rail-left-01,rail-right-01,0.6.7-draft,0.6.7-draft,mqtt,mqtt,96.5,79.1,6.209,6.666,0.123,0.159,0.074,-0.168,10.538,9.687,-0.0636,0.0329,0.0354,0.0556,-0.0072,-0.002,25.12,25.3,15786,18934,1.973,2.367,5.92,7.1,62,62,7,7,0,0,0,0,-0.14060382,-0.15654067,-0.14060382,-0.15654067,-0.4831284,-0.46425111,-0.4831284,-0.46425111,0.4452606,0.45953532,-0.00524386,-0.00090931,-0.01271262,-0.00414131,0.85135,1.01435,0.39323683,0.39241608,0,0,368.0,118.0,0.9124,1.1047,1,1,0
2026-09-28T22:09:07.842920+09:00,220984536,b882622e,2026-09-28T22:09:07.842920+09:00,2026-09-28T22:09:07.880548+09:00,rail-left-01,rail-right-01,0.6.7-draft,0.6.7-draft,mqtt,mqtt,97.6,80.0,6.235,6.654,-0.128,-0.069,-0.141,-0.462,10.455,9.667,-0.0718,0.0309,0.0318,0.0544,-0.0076,-0.0041,25.15,25.31,15852,18906,1.982,2.363,5.945,7.09,63,63,7,7,0,0,0,0,-0.14103743,-0.15933073,-0.14103743,-0.15933073,-0.48176184,-0.4619514,-0.48176184,-0.4619514,0.44657289,0.4606137,-0.00459834,-0.00069315,-0.01149275,-0.00355,0.85135,1.01435,0.39317741,0.39231609,0,0,369.0,119.0,0.9124,1.1047,1,1,0
2026-09-28T22:09:07.862971+09:00,221004587,b882622e,2026-09-28T22:09:07.862971+09:00,2026-09-28T22:09:07.900599+09:00,rail-left-01,rail-right-01,0.6.7-draft,0.6.7-draft,mqtt,mqtt,98.69,80.94,6.252,6.639,0.073,0.154,0.342,-0.097,10.403,9.598,-0.0645,0.0334,0.0389,0.0548,-0.0079,-0.0047,25.15,25.3,15895,18874,1.987,2.359,5.961,7.078,64,64,7,7,0,0,0,0,-0.14217555,-0.1502477,-0.14217555,-0.1502477,-0.48007104,-0.45945908,-0.48007104,-0.45945908,0.44801871,0.46151324,-0.00400647,-0.0005234,-0.01036406,-0.00298795,0.85135,1.01435,0.3931039,0.39229704,0,0,370.0,120.0,0.9124,1.1047,1,1,0
2026-09-28T22:09:07.883930+09:00,221025545,b882622e,2026-09-28T22:09:07.883930+09:00,2026-09-28T22:09:07.921557+09:00,rail-left-01,rail-right-01,0.6.7-draft,0.6.7-draft,mqtt,mqtt,99.83,81.84,6.262,6.643,-0.078,-0.026,0.049,-0.304,10.277,9.718,-0.0665,0.0312,0.0374,0.0561,-0.0084,-0.0047,25.16,25.32,15920,18882,1.99,2.36,5.97,7.081,65,65,7,7,0,0,0,0,-0.14433808,-0.15081812,-0.14433808,-0.15081812,-0.47823316,-0.45713013,-0.47823316,-0.45713013,0.44951139,0.46241644,-0.00347197,-0.00036839,-0.00933687,-0.00250042,0.85135,1.01435,0.39302399,0.39233631,0,0,371.0,121.0,0.9124,1.1047,1,1,0
2026-09-28T22:09:07.904135+09:00,221045750,b882622e,2026-09-28T22:09:07.904135+09:00,2026-09-28T22:09:07.941762+09:00,rail-left-01,rail-right-01,0.6.7-draft,0.6.7-draft,mqtt,mqtt,100.93,82.78,6.258,6.638,-0.029,0.045,0.165,-0.294,10.821,9.77,-0.0665,0.034,0.0398,0.0533,-0.0077,-0.0053,25.13,25.32,15910,18872,1.989,2.359,5.966,7.077,66,66,7,7,0,0,0,0,-0.14729347,-0.14777112,-0.14729347,-0.14777112,-0.47656214,-0.45479506,-0.47656214,-0.45479506,0.45089569,0.46324274,-0.00301224,-0.0002368,-0.00844857,-0.00205366,1.01435,1.01435,0.39295134,0.39237223,0,0,372.0,122.0,0.9124,1.1047,1,1,0
2026-09-28T22:09:07.922880+09:00,221064495,b882622e,2026-09-28T22:09:07.922880+09:00,2026-09-28T22:09:07.960507+09:00,rail-left-01,rail-right-01,0.6.7-draft,0.6.7-draft,mqtt,mqtt,101.97,83.63,6.277,6.643,0.022,0.022,-0.01,-0.287,10.4,9.821,-0.0645,0.0345,0.038,0.0553,-0.0091,-0.0071,25.14,25.29,15955,18883,1.994,2.36,5.983,7.081,67,67,7,7,0,0,0,0,-0.15076691,-0.14597118,-0.15076691,-0.14597118,-0.47455798,-0.45262965,-0.47455798,-0.45262965,0.45242321,0.46408391,-0.00257574,-0.00011384,-0.00759812,-0.00166634,1.01435,1.01435,0.3928642,0.39240881,0,0,373.0,123.0,0.9124,1.1047,1,1,0
2026-09-28T22:09:07.942994+09:00,221084609,b882622e,2026-09-28T22:09:07.942994+09:00,2026-09-28T22:09:07.980621+09:00,rail-left-01,rail-right-01,0.6.7-draft,0.6.7-draft,mqtt,mqtt,103.07,84.52,6.281,6.634,0.041,0.097,-0.044,-0.159,10.348,9.68,-0.0691,0.0356,0.0385,0.0552,-0.0085,-0.0096,25.14,25.29,15966,18862,1.996,2.358,5.987,7.073,68,68,7,7,0,0,0,0,-0.1547076,-0.14056225,-0.1547076,-0.14056225,-0.47255399,-0.45038373,-0.47255399,-0.45038373,0.45392875,0.46481848,-0.00218348,-1.384e-05,-0.00682883,-0.00129854,1.01435,1.01435,0.39277707,0.39244074,0,0,374.0,124.0,0.9124,1.1047,1,1,0
2026-09-28T22:09:07.962948+09:00,221104563,b882622e,2026-09-28T22:09:07.962948+09:00,2026-09-28T22:09:08.000575+09:00,rail-left-01,rail-right-01,0.6.7-draft,0.6.7-draft,mqtt,mqtt,104.16,85.42,6.287,6.619,0.017,0.06,0.181,-0.14,10.312,9.51,-0.0678,0.0381,0.0345,0.0528,-0.0023,-0.0041,25.13,25.31,15980,18830,1.998,2.354,5.993,7.061,69,69,7,7,0,0,0,0,-0.15906772,-0.13711065,-0.15906772,-0.13711065,-0.47050935,-0.44795971,-0.47050935,-0.44795971,0.45543407,0.46540103,-0.00182609,5.999e-05,-0.00612318,-0.0009351,1.01435,1.01435,0.39268817,0.39246607,0,0,375.0,125.0,0.9124,1.1047,1,1,0
2026-09-28T22:09:07.983127+09:00,221124742,b882622e,2026-09-28T22:09:07.983127+09:00,2026-09-28T22:09:08.020754+09:00,rail-left-01,rail-right-01,0.6.7-draft,0.6.7-draft,mqtt,mqtt,105.25,86.31,6.291,6.601,-0.038,-0.034,0.204,-0.166,10.472,9.82,-0.0658,0.0349,0.0384,0.0558,-0.0083,-0.0057,25.13,25.33,15991,18789,1.999,2.349,5.997,7.046,70,70,7,7,0,0,0,0,-0.16397163,-0.13821373,-0.16397163,-0.13821373,-0.46846649,-0.44531649,-0.46846649,-0.44531649,0.45691917,0.46581417,-0.00150188,0.00010807,-0.00547875,-0.00056986,1.01435,1.01435,0.39259935,0.39248403,0,0,376.0,126.0,0.9124,1.1047,1,1,0
2026-09-28T22:09:08.109650+09:00,221207608,b882622e,2026-09-28T22:09:08.109650+09:00,2026-09-28T22:09:08.193553+09:00,rail-left-01,rail-right-01,0.6.7-draft,0.6.7-draft,mqtt,mqtt,109.78,90.04,6.29,6.604,0.11,0.091,0.127,-0.408,10.434,9.765,-0.0661,0.033,0.0401,0.0577,-0.0073,-0.0033,25.14,25.31,15988,18796,1.999,2.35,5.996,7.049,71,71,8,8,0,0,0,0,-0.1424435,-0.4346588,-0.1424435,-0.4346588,-0.44277633,-0.24950935,-0.44277633,-0.24950935,0.46620556,0.51054631,0.00015333,-0.00232109,-0.00021342,-0.00581383,1.01435,0.82035,0.39250105,0.37164647,0,0,380.1,130.1,0.9124,1.1047,1,1,0
2026-09-28T22:09:08.129794+09:00,221227752,b882622e,2026-09-28T22:09:08.129794+09:00,2026-09-28T22:09:08.213697+09:00,rail-left-01,rail-right-01,0.6.7-draft,0.6.7-draft,mqtt,mqtt,110.87,90.93,6.316,6.632,-0.079,-0.053,0.048,-0.233,10.487,9.701,-0.0652,0.031,0.0348,0.0533,-0.0053,-0.0063,25.14,25.29,16054,18859,2.007,2.357,6.02,7.072,72,72,8,8,0,0,0,0,-0.1472991,-0.34262659,-0.1472991,-0.34262659,-0.43989875,-0.25486649,-0.43989875,-0.25486649,0.46679401,0.51168917,0.00022019,-0.00031017,0.00015941,-0.00874034,1.01435,0.82035,0.39252664,0.37169616,0,0,381.1,131.1,0.9124,1.1047,1,1,0
2026-09-28T22:09:08.149855+09:00,221247813,b882622e,2026-09-28T22:09:08.149855+09:00,2026-09-28T22:09:08.233758+09:00,rail-left-01,rail-right-01,0.6.7-draft,0.6.7-draft,mqtt,mqtt,111.97,91.83,6.324,6.623,0.056,0.067,0.105,-0.175,10.374,9.616,-0.0629,0.0321,0.0377,0.0533,-0.0059,-0.0037,25.14,25.3,16072,18839,2.009,2.355,6.027,7.065,73,73,8,8,0,0,0,0,-0.15251083,-0.23280853,-0.15251083,-0.23280853,-0.43698554,-0.25803316,-0.43698554,-0.25803316,0.46742726,0.51207806,0.00028798,9.014e-05,0.00051065,-0.0087385,1.01435,0.82035,0.39255417,0.37171307,0,0,382.1,132.1,0.9124,1.1047,1,1,0
2026-09-28T22:09:08.169731+09:00,221267689,b882622e,2026-09-28T22:09:08.169731+09:00,2026-09-28T22:09:08.253634+09:00,rail-left-01,rail-right-01,0.6.7-draft,0.6.7-draft,mqtt,mqtt,113.06,92.72,6.323,6.608,-0.043,-0.022,0.215,-0.11,10.428,9.755,-0.0618,0.0336,0.0392,0.0541,-0.0077,-0.0091,25.14,25.32,16071,18806,2.009,2.351,6.027,7.052,74,74,8,8,0,0,0,0,-0.15821861,-0.17065193,-0.15821861,-0.17065193,-0.43417899,-0.25906649,-0.43417899,-0.25906649,0.46803292,0.51163917,0.000348,-0.00024009,0.00082557,-0.00740774,1.01435,0.82035,0.3925805,0.37169398,0,0,383.1,133.1,0.9124,1.1047,1,1,0
2026-09-28T22:09:08.189962+09:00,221287920,b882622e,2026-09-28T22:09:08.189962+09:00,2026-09-28T22:09:08.273865+09:00,rail-left-01,rail-right-01,0.6.7-draft,0.6.7-draft,mqtt,mqtt,114.15,93.67,6.34,6.625,0.069,0.051,-0.117,-0.327,10.43,9.588,-0.0641,0.0322,0.0385,0.061,-0.0065,-0.0073,25.16,25.29,16112,18842,2.014,2.355,6.042,7.066,75,75,8,8,0,0,0,0,-0.54634943,-0.10051425,-0.54634943,-0.10051425,-0.24036649,-0.2614574,-0.24036649,-0.2614574,0.51468917,0.5120528,0.0,7.714e-05,0.0,-0.00743581,0.62335,0.82035,0.37182659,0.37171197,0,0,384.1,134.1,0.9124,1.1047,1,1,0
2026-09-28T22:09:08.209952+09:00,221307910,b882622e,2026-09-28T22:09:08.209952+09:00,2026-09-28T22:09:08.293855+09:00,rail-left-01,rail-right-01,0.6.7-draft,0.6.7-draft,mqtt,mqtt,115.25,94.56,6.341,6.619,-0.008,-0.031,0.129,-0.11,10.37,10.009,-0.0621,0.0357,0.0376,0.0557,-0.0045,0.0012,25.16,25.31,16115,18829,2.014,2.354,6.043,7.061,76,76,8,8,0,0,0,0,-0.56385436,-0.06224581,-0.56385436,-0.06224581,-0.23986649,-0.26294983,-0.23986649,-0.26294983,0.51493917,0.5121475,0.00090909,0.00012033,0.00181818,-0.00698438,0.62335,0.82035,0.37183746,0.37171608,0,0,385.1,135.1,0.9124,1.1047,1,1,0
2026-09-28T22:09:08.229711+09:00,221327669,b882622e,2026-09-28T22:09:08.229711+09:00,2026-09-28T22:09:08.313614+09:00,rail-left-01,rail-right-01,0.6.7-draft,0.6.7-draft,mqtt,mqtt,116.34,95.41,6.329,6.623,0.066,0.05,0.141,-0.165,10.627,9.765,-0.0649,0.0326,0.0401,0.0548,-0.0068,-0.0031,25.16,25.3,16086,18838,2.011,2.355,6.032,7.064,77,77,8,8,0,0,0,0,-0.57859307,-0.01186057,-0.57859307,-0.01186057,-0.24369983,-0.26452034,-0.24369983,-0.26452034,0.5130225,0.51238148,-0.00501376,0.00023398,-0.01002752,-0.00673485,0.82035,0.82035,0.37175413,0.37172626,0,0,386.1,136.1,0.9124,1.1047,1,1,0
2026-09-28T22:09:08.249681+09:00,221347639,b882622e,2026-09-28T22:09:08.249681+09:00,2026-09-28T22:09:08.333584+09:00,rail-left-01,rail-right-01,0.6.7-draft,0.6.7-draft,mqtt,mqtt,117.43,96.3,6.341,6.633,-0.012,0.077,0.006,-0.249,10.369,9.603,-0.063,0.0322,0.0401,0.0557,-0.0076,-0.0077,25.13,25.3,16116,18861,2.015,2.358,6.044,7.073,78,78,8,8,0,0,0,0,-0.59456672,0.03718255,-0.59456672,0.03718255,-0.24261649,-0.26658078,-0.24261649,-0.26658078,0.51356417,0.51293917,-0.00082492,0.00050285,-0.00164985,-0.00683666,0.82035,0.82035,0.37177768,0.3717505,0,0,387.1,137.1,0.9124,1.1047,1,1,0
2026-09-28T22:09:08.269834+09:00,221367792,b882622e,2026-09-28T22:09:08.269834+09:00,2026-09-28T22:09:08.353737+09:00,rail-left-01,rail-right-01,0.6.7-draft,0.6.7-draft,mqtt,mqtt,118.53,97.25,6.33,6.645,-0.049,-0.105,0.198,-0.397,10.409,9.731,-0.0661,0.0308,0.0402,0.059,-0.0065,-0.0053,25.13,25.29,16089,18888,2.011,2.361,6.033,7.083,79,79,8,8,0,0,0,0,-0.61164948,0.04493153,-0.61164948,0.04493153,-0.24416649,-0.26916649,-0.24416649,-0.26916649,0.51278917,0.5138225,-0.00182982,0.00089718,-0.00365964,-0.00721749,0.82035,0.82035,0.37174398,0.37178891,0,0,388.1,138.1,0.9124,1.1047,1,1,0
2026-09-28T22:09:08.289930+09:00,221387888,b882622e,2026-09-28T22:09:08.289930+09:00,2026-09-28T22:09:08.373833+09:00,rail-left-01,rail-right-01,0.6.7-draft,0.6.7-draft,mqtt,mqtt,119.62,98.14,6.319,6.648,0.159,0.148,0.244,-0.109,10.436,9.859,-0.0648,0.0338,0.0406,0.0608,-0.0076,-0.0057,25.13,25.31,16060,18894,2.008,2.362,6.023,7.085,80,80,8,8,0,0,0,0,-0.62527441,0.09628832,-0.62527441,0.09628832,-0.24703316,-0.27161649,-0.24703316,-0.27161649,0.51135584,0.51468917,-0.00329198,0.00121715,-0.00658395,-0.00748588,0.82035,0.82035,0.37168166,0.37182659,0,0,389.1,139.1,0.9124,1.1047,1,1,0
2026-09-28T22:09:08.422560+09:00,221560453,b882622e,2026-09-28T22:09:08.422560+09:00,2026-09-28T22:09:08.501985+09:00,rail-left-01,rail-right-01,0.6.7-draft,0.6.7-draft,mqtt,mqtt,129.07,105.9,6.307,6.655,0.081,0.08,0.057,-0.271,10.408,9.735,-0.0622,0.0337,0.0386,0.0568,-0.0072,-0.0073,25.12,25.31,16031,18909,2.004,2.364,6.012,7.091,81,81,9,9,0,0,0,0,0.12134032,0.17687706,0.12134032,0.17687706,-0.27448414,-0.19784797,-0.27448414,-0.19784797,0.51510093,0.56461509,0.00106647,0.00930932,-0.0067965,0.01289042,0.82035,0.89935,0.37184449,0.37399728,0,0,397.7,147.7,0.9124,1.1047,1,1,0
2026-09-28T22:09:08.442700+09:00,221580593,b882622e,2026-09-28T22:09:08.442700+09:00,2026-09-28T22:09:08.522125+09:00,rail-left-01,rail-right-01,0.6.7-draft,0.6.7-draft,mqtt,mqtt,130.16,106.79,6.535,6.691,-0.007,0.012,-0.01,-0.19,10.403,9.801,-0.0636,0.0338,0.039,0.0597,-0.0068,-0.0072,25.16,25.3,16599,18990,2.075,2.374,6.225,7.121,82,82,9,9,0,0,0,0,0.14026804,0.17868132,0.14026804,0.17868132,-0.26436649,-0.19383078,-0.26436649,-0.19383078,0.52180028,0.56881417,0.00448031,0.00925778,0.00061777,0.01230979,0.82035,0.89935,0.37213577,0.37417985,0,0,398.7,148.7,0.9124,1.1047,1,1,0
2026-09-28T22:09:08.462646+09:00,221600539,b882622e,2026-09-28T22:09:08.462646+09:00,2026-09-28T22:09:08.542071+09:00,rail-left-01,rail-right-01,0.6.7-draft,0.6.7-draft,mqtt,mqtt,131.26,107.69,6.54,6.712,0.016,-0.001,0.022,-0.241,10.465,9.637,-0.0645,0.0334,0.0436,0.0569,-0.0087,-0.0075,25.15,25.27,16612,19036,2.077,2.38,6.23,7.139,83,83,9,9,0,0,0,0,0.15418466,0.17915602,0.15418466,0.17915602,-0.2550507,-0.19081477,-0.2550507,-0.19081477,0.52792601,0.57308572,0.00635216,0.00927632,0.00479467,0.01164471,0.82035,0.89935,0.37240211,0.37436557,0,0,399.7,149.7,0.9124,1.1047,1,1,0
2026-09-28T22:09:08.482591+09:00,221620484,b882622e,2026-09-28T22:09:08.482591+09:00,2026-09-28T22:09:08.562016+09:00,rail-left-01,rail-right-01,0.6.7-draft,0.6.7-draft,mqtt,mqtt,132.35,108.58,6.54,6.717,-0.031,0.002,0.111,-0.049,10.514,9.723,-0.0629,0.0341,0.0382,0.0537,-0.0083,-0.0061,25.16,25.3,16612,19046,2.077,2.381,6.23,7.142,84,84,9,9,0,0,0,0,0.16384467,0.17985374,0.16384467,0.17985374,-0.24666649,-0.18816649,-0.24666649,-0.18816649,0.53343917,0.57715584,0.00743802,0.00927746,0.007321,0.0110559,0.82035,0.89935,0.37264181,0.37454253,0,0,400.7,150.7,0.9124,1.1047,1,1,0
2026-09-28T22:09:08.502845+09:00,221640738,b882622e,2026-09-28T22:09:08.502845+09:00,2026-09-28T22:09:08.582270+09:00,rail-left-01,rail-right-01,0.6.7-draft,0.6.7-draft,mqtt,mqtt,133.44,109.48,6.558,6.713,-0.011,-0.002,0.236,-0.407,10.47,9.772,-0.067,0.0338,0.0396,0.0576,-0.008,-0.0041,25.15,25.29,16656,19038,2.082,2.38,6.246,7.139,85,85,9,9,0,0,0,0,0.16999042,0.18012818,0.16999042,0.18012818,-0.23822364,-0.18556004,-0.23822364,-0.18556004,0.53885584,0.58089885,0.00824778,0.0092336,0.00924823,0.01058712,0.82035,0.89935,0.37287732,0.37470527,0,0,401.7,151.7,0.9124,1.1047,1,1,0
2026-09-28T22:09:08.522894+09:00,221660787,b882622e,2026-09-28T22:09:08.522894+09:00,2026-09-28T22:09:08.602319+09:00,rail-left-01,rail-right-01,0.6.7-draft,0.6.7-draft,mqtt,mqtt,134.54,110.42,6.552,6.719,-0.001,-0.096,0.005,-0.008,10.706,9.84,-0.0644,0.0324,0.039,0.0558,-0.01,-0.0052,25.15,25.31,16641,19052,2.08,2.382,6.24,7.144,86,86,9,9,0,0,0,0,0.17327679,0.17213497,0.17327679,0.17213497,-0.23082104,-0.18330399,-0.23082104,-0.18330399,0.54364371,0.58450167,0.00870373,0.00918952,0.01043713,0.01013814,0.89935,0.89935,0.37308549,0.37486192,0,0,402.7,152.7,0.9124,1.1047,1,1,0
2026-09-28T22:09:08.542665+09:00,221680558,b882622e,2026-09-28T22:09:08.542665+09:00,2026-09-28T22:09:08.622090+09:00,rail-left-01,rail-right-01,0.6.7-draft,0.6.7-draft,mqtt,mqtt,135.63,111.32,6.563,6.72,0.054,0.037,0.096,-0.255,10.364,9.902,-0.0634,0.0332,0.0378,0.0497,-0.01,-0.0052,25.14,25.33,16668,19054,2.084,2.382,6.251,7.145,87,87,9,9,0,0,0,0,0.17448739,0.17589191,0.17448739,0.17589191,-0.22358388,-0.18121498,-0.22358388,-0.18121498,0.54825439,0.58790129,0.00904766,0.00913132,0.01137893,0.00973806,0.89935,0.89935,0.37328595,0.37500973,0,0,403.7,153.7,0.9124,1.1047,1,1,0
2026-09-28T22:09:08.562636+09:00,221700529,b882622e,2026-09-28T22:09:08.562636+09:00,2026-09-28T22:09:08.642061+09:00,rail-left-01,rail-right-01,0.6.7-draft,0.6.7-draft,mqtt,mqtt,136.73,112.21,6.567,6.722,0.032,0.016,0.098,-0.265,10.599,9.488,-0.0645,0.0338,0.0425,0.0566,-0.0089,-0.0079,25.16,25.31,16678,19058,2.085,2.382,6.254,7.147,88,88,9,9,0,0,0,0,0.17371403,0.17784633,0.17371403,0.17784633,-0.21678316,-0.17930767,-0.21678316,-0.17930767,0.55256417,0.59113035,0.00927115,0.00906575,0.01206251,0.00937109,0.89935,0.89935,0.37347333,0.37515012,0,0,404.7,154.7,0.9124,1.1047,1,1,0
2026-09-28T22:09:08.582587+09:00,221720480,b882622e,2026-09-28T22:09:08.582587+09:00,2026-09-28T22:09:08.662012+09:00,rail-left-01,rail-right-01,0.6.7-draft,0.6.7-draft,mqtt,mqtt,137.82,113.11,6.58,6.73,-0.011,0.002,0.02,-0.233,10.323,9.816,-0.0644,0.0321,0.0362,0.0537,-0.0084,-0.0076,25.15,25.3,16711,19076,2.089,2.385,6.267,7.154,89,89,9,9,0,0,0,0,0.17122763,0.17845577,0.17122763,0.17845577,-0.21000649,-0.17773792,-0.21000649,-0.17773792,0.55678917,0.59428917,0.00945991,0.00901038,0.01266196,0.00899865,0.89935,0.89935,0.37365703,0.37528746,0,0,405.7,155.7,0.9124,1.1047,1,1,0
2026-09-28T22:09:08.602699+09:00,221740592,b882622e,2026-09-28T22:09:08.602699+09:00,2026-09-28T22:09:08.682124+09:00,rail-left-01,rail-right-01,0.6.7-draft,0.6.7-draft,mqtt,mqtt,138.91,114.0,6.585,6.734,0.069,0.023,0.127,-0.23,10.608,9.803,-0.0637,0.0312,0.0392,0.0556,-0.0093,-0.0063,25.14,25.31,16722,19085,2.09,2.386,6.271,7.157,90,90,9,9,0,0,0,0,0.16753968,0.18067233,0.16753968,0.18067233,-0.2035588,-0.17636649,-0.2035588,-0.17636649,0.56078532,0.59732806,0.00958174,0.00895346,0.01311521,0.00864331,0.89935,0.89935,0.37383077,0.37541959,0,0,406.7,156.7,0.9124,1.1047,1,1,0
2026-09-28T22:09:08.724389+09:00,221869405,b882622e,2026-09-28T22:09:08.724389+09:00,2026-09-28T22:09:08.760348+09:00,rail-left-01,rail-right-01,0.6.7-draft,0.6.7-draft,mqtt,mqtt,145.97,119.82,6.586,6.737,0.017,-0.004,-0.013,-0.28,10.416,9.792,-0.0663,0.032,0.0413,0.0588,-0.0057,-0.0033,25.15,25.31,16726,19092,2.091,2.387,6.272,7.16,91,91,10,10,0,0,0,0,0.17465964,0.09692417,0.17465964,0.09692417,-0.17504217,-0.17449415,-0.17504217,-0.17449415,0.6002162,0.61760406,0.00872159,0.00632795,0.00811661,0.00391687,0.89935,0.89935,0.37554516,0.37630115,0,0,413.1,163.1,0.9124,1.1047,1,1,0
2026-09-28T22:09:08.744532+09:00,221889548,b882622e,2026-09-28T22:09:08.744532+09:00,2026-09-28T22:09:08.780491+09:00,rail-left-01,rail-right-01,0.6.7-draft,0.6.7-draft,mqtt,mqtt,147.12,120.77,6.597,6.713,0.023,0.01,-0.093,-0.147,10.329,9.606,-0.0652,0.0334,0.0421,0.0565,-0.0021,-0.0001,25.15,25.3,16752,19039,2.094,2.38,6.282,7.14,92,92,10,10,0,0,0,0,0.16771324,0.10438858,0.16771324,0.10438858,-0.17349807,-0.17503316,-0.17349807,-0.17503316,0.60309706,0.61821,0.00853542,0.00601103,0.00772068,0.00358164,0.89935,0.89935,0.37567041,0.3763275,0,0,414.2,164.2,0.9124,1.1047,1,1,0
2026-09-28T22:09:08.764477+09:00,221909493,b882622e,2026-09-28T22:09:08.764477+09:00,2026-09-28T22:09:08.800436+09:00,rail-left-01,rail-right-01,0.6.7-draft,0.6.7-draft,mqtt,mqtt,148.21,121.66,6.588,6.72,0.008,0.023,0.177,-0.287,10.344,9.574,-0.0673,0.0304,0.0389,0.0586,-0.0097,-0.0053,25.14,25.32,16730,19054,2.091,2.382,6.274,7.145,93,93,10,10,0,0,0,0,0.15996621,0.11231908,0.15996621,0.11231908,-0.17226393,-0.17569302,-0.17226393,-0.17569302,0.60571481,0.61886264,0.00833827,0.00574052,0.00733127,0.00326727,0.89935,0.89935,0.37578423,0.37635587,0,0,415.2,165.2,0.9124,1.1047,1,1,0
2026-09-28T22:09:08.784402+09:00,221929418,b882622e,2026-09-28T22:09:08.784402+09:00,2026-09-28T22:09:08.820361+09:00,rail-left-01,rail-right-01,0.6.7-draft,0.6.7-draft,mqtt,mqtt,149.3,122.56,6.573,6.707,-0.056,-0.025,0.296,-0.101,10.499,9.644,-0.0641,0.029,0.0353,0.0521,-0.0033,-0.0007,25.14,25.3,16693,19025,2.087,2.378,6.26,7.134,94,94,10,10,0,0,0,0,0.15139865,0.11717211,0.15139865,0.11717211,-0.17146649,-0.17606649,-0.17146649,-0.17606649,0.60801417,0.61935917,0.00812008,0.00547993,0.00692164,0.00302661,0.89935,0.89935,0.3758842,0.37637746,0,0,416.2,166.2,0.9124,1.1047,1,1,0
2026-09-28T22:09:08.804648+09:00,221949664,b882622e,2026-09-28T22:09:08.804648+09:00,2026-09-28T22:09:08.840607+09:00,rail-left-01,rail-right-01,0.6.7-draft,0.6.7-draft,mqtt,mqtt,150.45,123.45,6.564,6.679,0.043,0.079,0.424,-0.227,10.321,9.609,-0.0644,0.0269,0.0372,0.0525,-0.0077,-0.0045,25.14,25.3,16670,18962,2.084,2.37,6.251,7.111,95,95,10,10,0,0,0,0,0.14233912,0.12764748,0.14233912,0.12764748,-0.17092747,-0.1758763,-0.17092747,-0.1758763,0.61009161,0.61956172,0.00789735,0.00520807,0.00652113,0.00288711,0.89935,0.89935,0.37597452,0.37638627,0,0,417.2,167.2,0.9124,1.1047,1,1,0
2026-09-28T22:09:08.824682+09:00,221969698,b882622e,2026-09-28T22:09:08.824682+09:00,2026-09-28T22:09:08.860641+09:00,rail-left-01,rail-right-01,0.6.7-draft,0.6.7-draft,mqtt,mqtt,151.54,124.4,6.54,6.637,-0.028,0.0,0.139,-0.425,10.399,9.641,-0.0713,0.0211,0.0346,0.0517,-0.0092,-0.0053,25.17,25.3,16610,18870,2.076,2.359,6.229,7.076,96,96,10,10,0,0,0,0,0.13271472,0.13338551,0.13271472,0.13338551,-0.17098554,-0.17488572,-0.17098554,-0.17488572,0.61178441,0.61935263,0.00764367,0.00490873,0.00607188,0.0028672,0.89935,0.89935,0.37604812,0.37637718,0,0,418.2,168.2,0.9124,1.1047,1,1,0
2026-09-28T22:09:08.844414+09:00,221989430,b882622e,2026-09-28T22:09:08.844414+09:00,2026-09-28T22:09:08.880373+09:00,rail-left-01,rail-right-01,0.6.7-draft,0.6.7-draft,mqtt,mqtt,152.64,125.29,6.536,6.613,0.019,0.023,0.006,-0.101,10.409,9.81,-0.0657,0.0278,0.039,0.0532,-0.0029,-0.0081,25.15,25.28,16602,18817,2.075,2.352,6.226,7.056,97,97,10,10,0,0,0,0,0.1226779,0.14006247,0.1226779,0.14006247,-0.17113393,-0.1734797,-0.17113393,-0.1734797,0.61335196,0.61892502,0.00740268,0.0046093,0.00565861,0.00290451,0.89935,0.89935,0.37611628,0.37635859,0,0,419.2,169.2,0.9124,1.1047,1,1,0
2026-09-28T22:09:08.864565+09:00,222009581,b882622e,2026-09-28T22:09:08.864565+09:00,2026-09-28T22:09:08.900524+09:00,rail-left-01,rail-right-01,0.6.7-draft,0.6.7-draft,mqtt,mqtt,153.73,126.18,6.52,6.608,0.071,0.018,0.13,-0.236,10.543,9.934,-0.0665,0.0333,0.0404,0.0641,-0.0096,-0.0103,25.14,25.29,16560,18805,2.07,2.351,6.21,7.052,98,98,10,10,0,0,0,0,0.11238279,0.14617827,0.11238279,0.14617827,-0.17163922,-0.17203316,-0.17163922,-0.17203316,0.61466644,0.61846695,0.00715191,0.00433215,0.00523402,0.00294629,0.89935,0.89935,0.37617343,0.37633867,0,0,420.2,170.2,0.9124,1.1047,1,1,0
2026-09-28T22:09:08.884514+09:00,222029530,b882622e,2026-09-28T22:09:08.884514+09:00,2026-09-28T22:09:08.920473+09:00,rail-left-01,rail-right-01,0.6.7-draft,0.6.7-draft,mqtt,mqtt,154.87,127.08,6.51,6.601,-0.221,-0.178,-0.078,-0.43,10.627,9.707,-0.0677,0.0272,0.0374,0.0573,-0.0089,-0.0032,25.16,25.29,16537,18789,2.067,2.349,6.201,7.046,99,99,10,10,0,0,0,0,0.10121766,0.14207926,0.10121766,0.14207926,-0.17234427,-0.17051195,-0.17234427,-0.17051195,0.61581139,0.6179619,0.00690288,0.00407205,0.00482031,0.00299624,0.89935,0.89935,0.37622321,0.37631671,0,0,421.3,171.3,0.9124,1.1047,1,1,0
2026-09-28T22:09:08.904841+09:00,222049857,b882622e,2026-09-28T22:09:08.904841+09:00,2026-09-28T22:09:08.940800+09:00,rail-left-01,rail-right-01,0.6.7-draft,0.6.7-draft,mqtt,mqtt,156.02,128.02,6.492,6.598,0.15,0.147,-0.084,-0.312,10.532,9.498,-0.0634,0.0342,0.043,0.056,-0.0012,0.0025,25.13,25.3,16491,18782,2.061,2.348,6.184,7.043,100,100,10,10,0,0,0,0,0.09008373,0.15471188,0.09008373,0.15471188,-0.17340997,-0.16899149,-0.17340997,-0.16899149,0.61671091,0.6174481,0.00664312,0.0038308,0.00439125,0.00304456,0.89935,0.89935,0.37626232,0.37629437,0,0,422.3,172.3,0.9124,1.1047,1,1,0
2026-09-28T22:09:09.031200+09:00,222127453,b882622e,2026-09-28T22:09:09.031200+09:00,2026-09-28T22:09:09.068157+09:00,rail-left-01,rail-right-01,0.6.7-draft,0.6.7-draft,mqtt,mqtt,160.34,131.55,6.489,6.595,0.119,0.111,0.22,-0.176,10.806,9.756,-0.0675,0.0294,0.0416,0.0546,-0.0111,-0.0119,25.14,25.32,16483,18776,2.06,2.347,6.181,7.041,101,101,11,11,0,0,0,0,0.16160324,0.4901096,0.16160324,0.4901096,-0.16757702,-0.00936649,-0.16757702,-0.00936649,0.61692601,0.62418917,0.00357557,0.0,0.00307038,0.0,0.99935,0.54435,0.37627167,0.36719378,0,0,426.3,176.3,0.9124,1.1047,1,1,0
2026-09-28T22:09:09.051344+09:00,222147597,b882622e,2026-09-28T22:09:09.051344+09:00,2026-09-28T22:09:09.088301+09:00,rail-left-01,rail-right-01,0.6.7-draft,0.6.7-draft,mqtt,mqtt,161.44,132.45,6.457,6.607,-0.248,-0.188,0.486,-0.182,10.555,9.815,-0.0665,0.0305,0.0358,0.0506,-0.0077,-0.0057,25.14,25.29,16405,18803,2.051,2.35,6.152,7.051,102,102,11,11,0,0,0,0,0.16682067,0.06464054,0.16682067,0.06464054,-0.16676304,-0.01536649,-0.16676304,-0.01536649,0.61614607,0.62718917,0.00330928,0.01333333,0.00302267,-0.02666667,0.99935,0.54435,0.37623776,0.36731878,0,0,427.3,177.3,0.9124,1.1047,1,1,0
2026-09-28T22:09:09.071398+09:00,222167651,b882622e,2026-09-28T22:09:09.071398+09:00,2026-09-28T22:09:09.108355+09:00,rail-left-01,rail-right-01,0.6.7-draft,0.6.7-draft,mqtt,mqtt,162.58,133.34,6.473,6.599,0.165,0.127,0.124,-0.311,10.524,9.823,-0.0665,0.0306,0.0422,0.059,-0.0099,-0.0115,25.14,25.32,16445,18786,2.056,2.348,6.167,7.045,103,103,11,11,0,0,0,0,0.171222,0.22106691,0.171222,0.22106691,-0.16570548,-0.01469983,-0.16570548,-0.01469983,0.61552815,0.62685584,0.00308211,0.00225542,0.0030086,-0.00451084,0.99935,0.54435,0.3762109,0.36730489,0,0,428.3,178.3,0.9124,1.1047,1,1,0
2026-09-28T22:09:09.091365+09:00,222187618,b882622e,2026-09-28T22:09:09.091365+09:00,2026-09-28T22:09:09.128322+09:00,rail-left-01,rail-right-01,0.6.7-draft,0.6.7-draft,mqtt,mqtt,163.67,134.24,6.467,6.614,-0.014,-0.023,0.067,-0.217,10.841,9.808,-0.0699,0.0296,0.036,0.0481,-0.0084,-0.0079,25.14,25.29,16429,18818,2.054,2.352,6.161,7.057,104,104,11,11,0,0,0,0,0.17460003,0.19280099,0.17460003,0.19280099,-0.16478316,-0.01811649,-0.16478316,-0.01811649,0.61488084,0.62856417,0.00286816,0.00547943,0.00298107,-0.01095887,1.03435,0.54435,0.37618275,0.36737607,0,0,429.3,179.3,0.9124,1.1047,1,1,0
2026-09-28T22:09:09.111602+09:00,222207855,b882622e,2026-09-28T22:09:09.111602+09:00,2026-09-28T22:09:09.148559+09:00,rail-left-01,rail-right-01,0.6.7-draft,0.6.7-draft,mqtt,mqtt,164.82,135.18,6.526,6.62,0.022,0.01,0.31,-0.365,10.387,9.469,-0.0693,0.0298,0.035,0.0517,-0.0076,-0.0072,25.14,25.29,16576,18831,2.072,2.354,6.216,7.062,105,105,11,11,0,0,0,0,0.17710815,0.19529006,0.17710815,0.19529006,-0.16292387,-0.02136649,-0.16292387,-0.02136649,0.61473835,0.63018917,0.0027266,0.00631174,0.00306355,-0.01262349,1.03435,0.54435,0.37617656,0.36744378,0,0,430.3,180.3,0.9124,1.1047,1,1,0
2026-09-28T22:09:09.131605+09:00,222227858,b882622e,2026-09-28T22:09:09.131605+09:00,2026-09-28T22:09:09.168562+09:00,rail-left-01,rail-right-01,0.6.7-draft,0.6.7-draft,mqtt,mqtt,165.91,136.08,6.567,6.627,0.048,0.066,-0.135,-0.15,10.317,9.665,-0.0659,0.0328,0.0362,0.0568,-0.0095,-0.0089,25.14,25.28,16677,18846,2.085,2.356,6.254,7.067,106,106,11,11,0,0,0,0,0.17886256,0.22333047,0.17886256,0.22333047,-0.16046327,-0.02469983,-0.16046327,-0.02469983,0.6149311,0.63185584,0.00263255,0.00675109,0.00320952,-0.01350218,1.03435,0.54435,0.37618494,0.36751323,0,0,431.3,181.3,0.9124,1.1047,1,1,0
2026-09-28T22:09:09.151388+09:00,222247641,b882622e,2026-09-28T22:09:09.151388+09:00,2026-09-28T22:09:09.188345+09:00,rail-left-01,rail-right-01,0.6.7-draft,0.6.7-draft,mqtt,mqtt,167.05,136.97,6.572,6.627,0.061,0.008,0.148,-0.356,10.47,9.783,-0.0661,0.0317,0.0369,0.0532,-0.006,-0.0033,25.14,25.3,16691,18846,2.086,2.356,6.259,7.067,107,107,11,11,0,0,0,0,0.1799452,0.2194767,0.1799452,0.2194767,-0.15800141,-0.02708078,-0.15800141,-0.02708078,0.61515742,0.63304631,0.00254863,0.00619756,0.00334802,-0.01239511,1.03435,0.54435,0.37619478,0.36756283,0,0,432.4,182.4,0.9124,1.1047,1,1,0
2026-09-28T22:09:09.171360+09:00,222267613,b882622e,2026-09-28T22:09:09.171360+09:00,2026-09-28T22:09:09.208317+09:00,rail-left-01,rail-right-01,0.6.7-draft,0.6.7-draft,mqtt,mqtt,168.15,137.87,6.573,6.622,-0.083,-0.066,0.022,-0.284,10.476,9.686,-0.0681,0.0294,0.0434,0.0549,-0.0009,-0.0071,25.14,25.31,16694,18837,2.087,2.355,6.26,7.064,108,108,11,11,0,0,0,0,0.18010141,0.19025493,0.18010141,0.19025493,-0.15560087,-0.02824149,-0.15560087,-0.02824149,0.61538448,0.63362667,0.00247055,0.00499389,0.00347296,-0.00998778,1.03435,0.54435,0.37620465,0.36758701,0,0,433.4,183.4,0.9124,1.1047,1,1,0
2026-09-28T22:09:09.191309+09:00,222287562,b882622e,2026-09-28T22:09:09.191309+09:00,2026-09-28T22:09:09.228266+09:00,rail-left-01,rail-right-01,0.6.7-draft,0.6.7-draft,mqtt,mqtt,169.24,138.76,6.559,6.628,0.141,0.164,0.055,-0.128,10.441,9.711,-0.0644,0.0304,0.0394,0.053,-0.0049,-0.0075,25.13,25.33,16659,18850,2.082,2.356,6.247,7.069,109,109,11,11,0,0,0,0,0.17982255,0.24051089,0.17982255,0.24051089,-0.15348957,-0.02981094,-0.15348957,-0.02981094,0.61549686,0.63441139,0.00238549,0.00454536,0.00356119,-0.00909072,1.03435,0.54435,0.37620953,0.36761971,0,0,434.4,184.4,0.9124,1.1047,1,1,0
2026-09-28T22:09:09.212234+09:00,222308487,b882622e,2026-09-28T22:09:09.212234+09:00,2026-09-28T22:09:09.249191+09:00,rail-left-01,rail-right-01,0.6.7-draft,0.6.7-draft,mqtt,mqtt,170.43,139.71,6.565,6.628,0.061,0.047,0.077,-0.351,10.351,9.761,-0.0687,0.0286,0.0404,0.0512,-0.0044,-0.0083,25.14,25.32,16674,18849,2.084,2.356,6.253,7.068,110,110,11,11,0,0,0,0,0.17897857,0.24722692,0.17897857,0.24722692,-0.15135134,-0.03106649,-0.15135134,-0.03106649,0.61565129,0.63503917,0.00230988,0.00405308,0.00364838,-0.00810616,1.03435,0.54435,0.37621625,0.36764586,0,0,435.5,185.5,0.9124,1.1047,1,1,0
2026-09-28T22:09:09.337063+09:00,222436526,b882622e,2026-09-28T22:09:09.337063+09:00,2026-09-28T22:09:09.419578+09:00,rail-left-01,rail-right-01,0.6.7-draft,0.6.7-draft,mqtt,mqtt,177.54,145.53,6.561,6.633,0.074,0.056,0.213,-0.199,10.342,9.679,-0.065,0.0328,0.0436,0.0597,-0.0105,-0.0101,25.15,25.3,16664,18861,2.083,2.358,6.249,7.073,111,111,12,12,0,0,0,0,0.22873502,0.06366958,0.22873502,0.06366958,-0.0324574,-0.09765221,-0.0324574,-0.09765221,0.63537099,0.60790345,0.00191669,-0.00578002,-0.00473021,-0.01457726,0.54435,0.91435,0.36765969,0.36651521,0,0,441.9,191.9,0.9124,1.1047,1,1,0
2026-09-28T22:09:09.357212+09:00,222456675,b882622e,2026-09-28T22:09:09.357212+09:00,2026-09-28T22:09:09.439727+09:00,rail-left-01,rail-right-01,0.6.7-draft,0.6.7-draft,mqtt,mqtt,178.69,146.42,6.486,6.654,-0.067,-0.051,-0.014,-0.279,10.37,9.596,-0.0612,0.0314,0.0406,0.0566,-0.0091,-0.0031,25.18,25.29,16476,18906,2.059,2.363,6.179,7.09,112,112,12,12,0,0,0,0,0.20875518,0.06103522,0.20875518,0.06103522,-0.03986649,-0.10254831,-0.03986649,-0.10254831,0.6325225,0.60687099,-0.00120882,-0.00524591,-0.00903884,-0.01406828,0.56335,0.91435,0.367541,0.36647219,0,0,443.0,193.0,0.9124,1.1047,1,1,0
2026-09-28T22:09:09.377137+09:00,222476600,b882622e,2026-09-28T22:09:09.377137+09:00,2026-09-28T22:09:09.459652+09:00,rail-left-01,rail-right-01,0.6.7-draft,0.6.7-draft,mqtt,mqtt,179.78,147.36,6.475,6.649,0.04,0.081,0.244,-0.056,10.35,9.73,-0.0628,0.0278,0.0364,0.0588,-0.01,-0.01,25.14,25.29,16448,18896,2.056,2.362,6.168,7.086,113,113,12,12,0,0,0,0,0.18891333,0.07491471,0.18891333,0.07491471,-0.04698188,-0.10680127,-0.04698188,-0.10680127,0.62968917,0.6058196,-0.00271314,-0.00487372,-0.0110824,-0.01354565,0.56335,0.91435,0.36742295,0.36642838,0,0,444.0,194.0,0.9124,1.1047,1,1,0
2026-09-28T22:09:09.397082+09:00,222496545,b882622e,2026-09-28T22:09:09.397082+09:00,2026-09-28T22:09:09.479597+09:00,rail-left-01,rail-right-01,0.6.7-draft,0.6.7-draft,mqtt,mqtt,180.92,148.26,6.457,6.65,0.023,0.056,0.189,-0.212,10.596,9.869,-0.0646,0.0318,0.0401,0.0584,-0.0077,-0.0057,25.17,25.29,16405,18898,2.051,2.362,6.152,7.087,114,114,12,12,0,0,0,0,0.16899736,0.08459349,0.16899736,0.08459349,-0.05436649,-0.11074149,-0.05436649,-0.11074149,0.62661774,0.60487667,-0.00378795,-0.00456823,-0.01260432,-0.01309994,0.78935,0.91435,0.36729497,0.36638909,0,0,445.0,195.0,0.9124,1.1047,1,1,0
2026-09-28T22:09:09.417690+09:00,222517153,b882622e,2026-09-28T22:09:09.417690+09:00,2026-09-28T22:09:09.500205+09:00,rail-left-01,rail-right-01,0.6.7-draft,0.6.7-draft,mqtt,mqtt,182.07,149.2,6.456,6.659,-0.023,-0.008,-0.145,-0.344,10.393,9.985,-0.0659,0.0281,0.0385,0.0586,-0.0107,-0.0067,25.14,25.31,16402,18917,2.05,2.365,6.151,7.094,115,115,12,12,0,0,0,0,0.14876349,0.08625413,0.14876349,0.08625413,-0.06083316,-0.11472649,-0.06083316,-0.11472649,0.6239225,0.60418917,-0.00436634,-0.00426133,-0.01329614,-0.01279562,0.78935,0.91435,0.36718267,0.36636045,0,0,446.1,196.1,0.9124,1.1047,1,1,0
2026-09-28T22:09:09.437655+09:00,222537118,b882622e,2026-09-28T22:09:09.437655+09:00,2026-09-28T22:09:09.520171+09:00,rail-left-01,rail-right-01,0.6.7-draft,0.6.7-draft,mqtt,mqtt,183.16,150.1,6.45,6.673,0.102,0.086,-0.067,-0.263,10.394,9.719,-0.0659,0.0304,0.044,0.0582,-0.0085,-0.0045,25.14,25.32,16387,18949,2.048,2.369,6.145,7.106,116,116,12,12,0,0,0,0,0.12912564,0.09811616,0.12912564,0.09811616,-0.06686649,-0.11894342,-0.06686649,-0.11894342,0.62137667,0.60382378,-0.00475216,-0.00393109,-0.01370204,-0.01264537,0.78935,0.91435,0.36707659,0.36634522,0,0,447.1,197.1,0.9124,1.1047,1,1,0
2026-09-28T22:09:09.457211+09:00,222556674,b882622e,2026-09-28T22:09:09.457211+09:00,2026-09-28T22:09:09.539726+09:00,rail-left-01,rail-right-01,0.6.7-draft,0.6.7-draft,mqtt,mqtt,184.26,150.99,6.432,6.679,-0.024,-0.056,0.043,-0.214,10.353,9.536,-0.0645,0.0328,0.0466,0.0629,-0.0115,-0.0072,25.15,25.29,16343,18963,2.043,2.37,6.129,7.111,117,117,12,12,0,0,0,0,0.10920778,0.09416386,0.10920778,0.09416386,-0.07324885,-0.1230702,-0.07324885,-0.1230702,0.61860093,0.60359658,-0.00516869,-0.00362461,-0.01423151,-0.01252998,0.78935,0.91435,0.36696094,0.36633576,0,0,448.1,198.1,0.9124,1.1047,1,1,0
2026-09-28T22:09:09.477222+09:00,222576685,b882622e,2026-09-28T22:09:09.477222+09:00,2026-09-28T22:09:09.559737+09:00,rail-left-01,rail-right-01,0.6.7-draft,0.6.7-draft,mqtt,mqtt,185.4,151.94,6.377,6.681,0.059,0.09,-0.053,-0.114,10.455,9.791,-0.0694,0.0368,0.0414,0.0581,-0.0071,-0.0039,25.14,25.31,16205,18966,2.026,2.371,6.077,7.112,118,118,12,12,0,0,0,0,0.08975744,0.10525017,0.08975744,0.10525017,-0.0819776,-0.12697364,-0.0819776,-0.12697364,0.61460584,0.60342131,-0.00599485,-0.00335303,-0.01562108,-0.01240203,0.78935,0.91435,0.36679448,0.36632845,0,0,449.1,199.1,0.9124,1.1047,1,1,0
2026-09-28T22:09:09.497171+09:00,222596634,b882622e,2026-09-28T22:09:09.497171+09:00,2026-09-28T22:09:09.579686+09:00,rail-left-01,rail-right-01,0.6.7-draft,0.6.7-draft,mqtt,mqtt,186.49,152.83,6.396,6.679,-0.063,-0.054,0.029,0.025,10.721,9.951,-0.0558,0.0346,0.0361,0.0534,-0.008,-0.0065,25.13,25.32,16253,18963,2.032,2.37,6.095,7.111,119,119,12,12,0,0,0,0,0.07022546,0.10152406,0.07022546,0.10152406,-0.08878754,-0.13053891,-0.08878754,-0.13053891,0.61153127,0.60322365,-0.00634773,-0.00312701,-0.01609736,-0.01223613,0.91435,0.91435,0.36666637,0.36632022,0,0,450.1,200.1,0.9124,1.1047,1,1,0
2026-09-28T22:09:09.517382+09:00,222616845,b882622e,2026-09-28T22:09:09.517382+09:00,2026-09-28T22:09:09.599897+09:00,rail-left-01,rail-right-01,0.6.7-draft,0.6.7-draft,mqtt,mqtt,187.64,153.78,6.428,6.681,0.053,0.077,-0.12,-0.4,10.46,9.955,-0.06,0.0332,0.0349,0.0542,-0.0109,-0.0072,25.18,25.31,16332,18967,2.042,2.371,6.125,7.113,120,120,12,12,0,0,0,0,0.05134787,0.11030149,0.05134787,0.11030149,-0.09331649,-0.13393316,-0.09331649,-0.13393316,0.60956417,0.6030725,-0.00626523,-0.00292037,-0.01572594,-0.01206929,0.91435,0.91435,0.36658441,0.36631392,0,0,451.2,201.2,0.9124,1.1047,1,1,0
2026-09-28T22:09:09.656429+09:00,222788452,b882622e,2026-09-28T22:09:09.656429+09:00,2026-09-28T22:09:09.701115+09:00,rail-left-01,rail-right-01,0.6.7-draft,0.6.7-draft,mqtt,mqtt,197.23,161.58,6.438,6.681,0.049,0.045,0.128,-0.286,10.6,9.816,-0.0612,0.037,0.0365,0.0544,-0.0103,-0.0067,25.16,25.29,16356,18967,2.045,2.371,6.134,7.113,121,121,13,13,0,0,0,0,0.10929816,0.05596256,0.10929816,0.05596256,-0.13678585,-0.18024454,-0.13678585,-0.18024454,0.60309239,0.59194527,-0.00251089,-0.00244924,-0.01124026,-0.01027162,0.91435,0.91435,0.36631475,0.36585029,0,0,459.9,209.9,0.9124,1.1047,1,1,0
2026-09-28T22:09:09.676570+09:00,222808593,b882622e,2026-09-28T22:09:09.676570+09:00,2026-09-28T22:09:09.721256+09:00,rail-left-01,rail-right-01,0.6.7-draft,0.6.7-draft,mqtt,mqtt,198.38,162.48,6.339,6.642,-0.054,-0.01,0.304,-0.164,10.311,9.711,-0.0617,0.031,0.0409,0.0556,-0.0104,-0.0083,25.16,25.29,16111,18881,2.014,2.36,6.042,7.08,122,122,13,13,0,0,0,0,0.10669203,0.05327035,0.10669203,0.05327035,-0.14255399,-0.18096173,-0.14255399,-0.18096173,0.60156417,0.59143917,-0.0026121,-0.00233435,-0.01140526,-0.00952726,0.91435,0.91435,0.36625107,0.3658292,0,0,461.0,211.0,0.9124,1.1047,1,1,0
2026-09-28T22:09:09.696502+09:00,222828525,b882622e,2026-09-28T22:09:09.696502+09:00,2026-09-28T22:09:09.741188+09:00,rail-left-01,rail-right-01,0.6.7-draft,0.6.7-draft,mqtt,mqtt,199.47,163.42,6.315,6.648,0.012,-0.063,0.237,-0.417,10.415,9.91,-0.0653,0.033,0.0453,0.0628,-0.0111,-0.0091,25.16,25.28,16052,18894,2.007,2.362,6.019,7.085,123,123,13,13,0,0,0,0,0.10284887,0.04723141,0.10284887,0.04723141,-0.14869983,-0.1817851,-0.14869983,-0.1817851,0.59976493,0.59102638,-0.00276851,-0.00222296,-0.01166432,-0.0089207,0.91435,0.91435,0.3661761,0.365812,0,0,462.0,212.0,0.9124,1.1047,1,1,0
2026-09-28T22:09:09.716466+09:00,222848489,b882622e,2026-09-28T22:09:09.716466+09:00,2026-09-28T22:09:09.761152+09:00,rail-left-01,rail-right-01,0.6.7-draft,0.6.7-draft,mqtt,mqtt,200.61,164.32,6.309,6.663,-0.034,-0.03,-0.05,-0.176,10.494,9.7,-0.0673,0.0358,0.0404,0.05,-0.0051,-0.0057,25.14,25.3,16036,18928,2.005,2.366,6.014,7.098,124,124,13,13,0,0,0,0,0.09786038,0.04356063,0.09786038,0.04356063,-0.15466061,-0.18291195,-0.15466061,-0.18291195,0.59798329,0.5908028,-0.00290051,-0.00209767,-0.01186248,-0.00845639,0.91435,0.91435,0.36610187,0.36580268,0,0,463.0,213.0,0.9124,1.1047,1,1,0
2026-09-28T22:09:09.736718+09:00,222868741,b882622e,2026-09-28T22:09:09.736718+09:00,2026-09-28T22:09:09.781404+09:00,rail-left-01,rail-right-01,0.6.7-draft,0.6.7-draft,mqtt,mqtt,201.71,165.21,6.325,6.673,0.075,0.036,0.059,-0.124,10.364,9.521,-0.0665,0.0328,0.0432,0.0544,-0.0047,-0.0081,25.14,25.29,16076,18949,2.01,2.369,6.029,7.106,125,125,13,13,0,0,0,0,0.09215618,0.04425824,0.09215618,0.04425824,-0.15982364,-0.18421094,-0.15982364,-0.18421094,0.59653203,0.59070028,-0.00294601,-0.0019708,-0.01188022,-0.00808632,0.91435,0.91435,0.3660414,0.36579841,0,0,464.0,214.0,0.9124,1.1047,1,1,0
2026-09-28T22:09:09.756786+09:00,222888810,b882622e,2026-09-28T22:09:09.756786+09:00,2026-09-28T22:09:09.801473+09:00,rail-left-01,rail-right-01,0.6.7-draft,0.6.7-draft,mqtt,mqtt,202.85,166.16,6.329,6.683,0.018,0.044,0.023,-0.192,10.329,9.801,-0.0618,0.0321,0.0402,0.0584,-0.0127,-0.0097,25.12,25.29,16086,18972,2.011,2.372,6.032,7.115,126,126,13,13,0,0,0,0,0.08571622,0.04539727,0.08571622,0.04539727,-0.16458871,-0.18567084,-0.16458871,-0.18567084,0.59521695,0.59071091,-0.00296184,-0.00184256,-0.01183275,-0.00779043,0.91435,0.91435,0.36598661,0.36579885,0,0,465.0,215.0,0.9124,1.1047,1,1,0
2026-09-28T22:09:09.776577+09:00,222908600,b882622e,2026-09-28T22:09:09.776577+09:00,2026-09-28T22:09:09.821263+09:00,rail-left-01,rail-right-01,0.6.7-draft,0.6.7-draft,mqtt,mqtt,203.94,167.05,6.326,6.693,0.01,0.028,0.091,-0.212,10.514,9.772,-0.061,0.0333,0.0402,0.0584,-0.0077,-0.0043,25.16,25.3,16078,18994,2.01,2.374,6.029,7.123,127,127,13,13,0,0,0,0,0.07862727,0.04552166,0.07862727,0.04552166,-0.1691773,-0.18728139,-0.1691773,-0.18728139,0.59393241,0.59082747,-0.00297426,-0.00171384,-0.01177533,-0.00755598,0.91435,0.91435,0.36593308,0.36580371,0,0,466.0,216.0,0.9124,1.1047,1,1,0
2026-09-28T22:09:09.796539+09:00,222928563,b882622e,2026-09-28T22:09:09.796539+09:00,2026-09-28T22:09:09.841226+09:00,rail-left-01,rail-right-01,0.6.7-draft,0.6.7-draft,mqtt,mqtt,205.09,167.95,6.322,6.697,0.008,0.051,-0.038,-0.19,10.613,9.841,-0.0534,0.0338,0.0345,0.053,-0.0108,-0.0081,25.13,25.29,16068,19003,2.009,2.375,6.026,7.126,128,128,13,13,0,0,0,0,0.07104539,0.04699666,0.07104539,0.04699666,-0.17362965,-0.18890816,-0.17362965,-0.18890816,0.59266285,0.59098084,-0.00298606,-0.00159378,-0.01171361,-0.00735404,0.91435,0.91435,0.36588018,0.3658101,0,0,467.1,217.1,0.9124,1.1047,1,1,0
2026-09-28T22:09:09.816513+09:00,222948536,b882622e,2026-09-28T22:09:09.816513+09:00,2026-09-28T22:09:09.861199+09:00,rail-left-01,rail-right-01,0.6.7-draft,0.6.7-draft,mqtt,mqtt,206.18,168.84,6.367,6.718,0.066,0.031,-0.011,-0.247,10.347,9.585,-0.0609,0.0353,0.0364,0.0516,-0.0073,-0.0027,25.14,25.29,16181,19050,2.023,2.381,6.068,7.144,129,129,13,13,0,0,0,0,0.06317796,0.04726907,0.06317796,0.04726907,-0.17669983,-0.1908971,-0.17669983,-0.1908971,0.59203532,0.59134223,-0.00288363,-0.00145727,-0.01142233,-0.00722711,0.91435,0.91435,0.36585404,0.36582516,0,0,468.1,218.1,0.9124,1.1047,1,1,0
2026-09-28T22:09:09.836604+09:00,222968627,b882622e,2026-09-28T22:09:09.836604+09:00,2026-09-28T22:09:09.881290+09:00,rail-left-01,rail-right-01,0.6.7-draft,0.6.7-draft,mqtt,mqtt,207.33,169.79,6.411,6.729,-0.01,0.042,0.115,-0.291,10.354,9.693,-0.0601,0.0322,0.0353,0.0549,-0.0115,-0.0108,25.14,25.3,16291,19073,2.036,2.384,6.109,7.152,130,130,13,13,0,0,0,0,0.05487606,0.04815285,0.05487606,0.04815285,-0.17851649,-0.19302649,-0.17851649,-0.19302649,0.59198917,0.59179917,-0.00269262,-0.00132031,-0.01095246,-0.00713539,0.91435,0.91435,0.36585211,0.3658442,0,0,469.1,219.1,0.9124,1.1047,1,1,0
2026-09-28T22:09:09.966169+09:00,223070520,b882622e,2026-09-28T22:09:09.966169+09:00,2026-09-28T22:09:10.001382+09:00,rail-left-01,rail-right-01,0.6.7-draft,0.6.7-draft,mqtt,mqtt,213.04,174.41,6.423,6.731,0.092,0.117,0.054,-0.245,10.343,9.597,-0.064,0.0369,0.0405,0.0568,-0.0092,-0.0079,25.13,25.3,16320,19077,2.04,2.385,6.12,7.154,131,131,14,14,0,0,0,0,0.04466491,-0.00469813,0.04466491,-0.00469813,-0.19483708,-0.20312059,-0.19483708,-0.20312059,0.59235584,0.60023015,-0.00115821,8.424e-05,-0.00695384,-0.00497265,0.91435,0.91835,0.36586739,0.36619549,0,0,474.3,224.3,0.9124,1.1047,1,1,0
2026-09-28T22:09:09.986256+09:00,223090607,b882622e,2026-09-28T22:09:09.986256+09:00,2026-09-28T22:09:10.021469+09:00,rail-left-01,rail-right-01,0.6.7-draft,0.6.7-draft,mqtt,mqtt,214.14,175.36,6.496,6.767,-0.007,0.026,0.339,0.153,10.664,10.09,-0.0653,0.032,0.0394,0.0628,-0.0104,-0.0103,25.16,25.31,16502,19157,2.063,2.395,6.188,7.184,132,132,14,14,0,0,0,0,0.04047739,-0.00345201,0.04047739,-0.00345201,-0.19517418,-0.2042052,-0.19517418,-0.2042052,0.59359301,0.60128594,-0.00091779,0.00020165,-0.00659035,-0.00486461,0.91435,0.91835,0.36591894,0.36623948,0,0,475.3,225.3,0.9124,1.1047,1,1,0
2026-09-28T22:09:10.006189+09:00,223110540,b882622e,2026-09-28T22:09:10.006189+09:00,2026-09-28T22:09:10.041402+09:00,rail-left-01,rail-right-01,0.6.7-draft,0.6.7-draft,mqtt,mqtt,215.23,176.25,6.487,6.77,-0.032,0.01,0.095,-0.306,10.725,9.734,-0.0655,0.0268,0.0396,0.0558,-0.0052,-0.0012,25.17,25.29,16479,19164,2.06,2.396,6.18,7.187,133,133,14,14,0,0,0,0,0.03561425,-0.00294641,0.03561425,-0.00294641,-0.19566838,-0.205303,-0.19566838,-0.205303,0.5946986,0.60233203,-0.00071734,0.0003095,-0.00628566,-0.00476914,0.91835,0.91835,0.36596501,0.36628307,0,0,476.3,226.3,0.9124,1.1047,1,1,0
2026-09-28T22:09:10.026295+09:00,223130646,b882622e,2026-09-28T22:09:10.026295+09:00,2026-09-28T22:09:10.061508+09:00,rail-left-01,rail-right-01,0.6.7-draft,0.6.7-draft,mqtt,mqtt,216.37,177.15,6.468,6.785,0.034,0.054,0.014,-0.192,10.3,9.653,-0.0629,0.0292,0.0453,0.0645,-0.0071,-0.0081,25.15,25.3,16432,19197,2.054,2.4,6.162,7.199,134,134,14,14,0,0,0,0,0.03021522,0.15398221,0.03021522,0.15398221,-0.19649612,-0.28836649,-0.19649612,-0.28836649,0.59558732,0.67468917,-0.00056251,0.0,-0.00605417,0.0,0.91835,0.63335,0.36600204,0.4347365,0,0,477.4,227.4,0.9124,1.1047,1,1,0
2026-09-28T22:09:10.046149+09:00,223150500,b882622e,2026-09-28T22:09:10.046149+09:00,2026-09-28T22:09:10.081362+09:00,rail-left-01,rail-right-01,0.6.7-draft,0.6.7-draft,mqtt,mqtt,217.47,178.09,6.458,6.795,-0.034,-0.018,0.312,-0.275,10.54,9.693,-0.0609,0.0297,0.0357,0.0562,-0.006,-0.0023,25.15,25.33,16407,19220,2.051,2.403,6.153,7.208,135,135,14,14,0,0,0,0,0.02430482,0.05137834,0.02430482,0.05137834,-0.19747558,-0.29336649,-0.19747558,-0.29336649,0.5963528,0.67718917,-0.00043615,0.0106383,-0.00586448,-0.0212766,0.91835,0.63335,0.36603393,0.43485014,0,0,478.4,228.4,0.9124,1.1047,1,1,0
2026-09-28T22:09:10.067246+09:00,223171597,b882622e,2026-09-28T22:09:10.067246+09:00,2026-09-28T22:09:10.102459+09:00,rail-left-01,rail-right-01,0.6.7-draft,0.6.7-draft,mqtt,mqtt,218.66,179.04,6.459,6.8,-0.006,0.063,0.036,-0.209,10.422,9.737,-0.06,0.031,0.042,0.055,-0.0123,-0.0111,25.15,25.29,16410,19231,2.051,2.404,6.154,7.212,136,136,14,14,0,0,0,0,0.01788934,0.09388485,0.01788934,0.09388485,-0.19840221,-0.29669983,-0.19840221,-0.29669983,0.59709988,0.67885584,-0.00032178,0.00793177,-0.00568537,-0.01586354,0.91835,0.63335,0.36606506,0.4349259,0,0,479.5,229.5,0.9124,1.1047,1,1,0
2026-09-28T22:09:10.087368+09:00,223191719,b882622e,2026-09-28T22:09:10.087368+09:00,2026-09-28T22:09:10.122581+09:00,rail-left-01,rail-right-01,0.6.7-draft,0.6.7-draft,mqtt,mqtt,219.75,179.93,6.424,6.808,0.069,0.085,-0.134,-0.286,10.497,9.647,-0.0582,0.0325,0.0453,0.0594,-0.0055,-0.0005,25.13,25.27,16323,19248,2.04,2.406,6.121,7.218,137,137,14,14,0,0,0,0,0.01116597,0.13102637,0.01116597,0.13102637,-0.19991035,-0.30036649,-0.19991035,-0.30036649,0.59751373,0.68068917,-0.00025627,0.00796325,-0.00559288,-0.01592651,0.91835,0.63335,0.3660823,0.43500923,0,0,480.5,230.5,0.9124,1.1047,1,1,0
2026-09-28T22:09:10.106225+09:00,223210576,b882622e,2026-09-28T22:09:10.106225+09:00,2026-09-28T22:09:10.141438+09:00,rail-left-01,rail-right-01,0.6.7-draft,0.6.7-draft,mqtt,mqtt,220.8,180.83,6.427,6.808,0.057,-0.002,0.026,-0.171,10.07,9.639,-0.0729,0.0285,0.0352,0.0574,-0.0089,-0.0083,25.13,25.28,16329,19248,2.041,2.406,6.123,7.218,138,138,14,14,0,0,0,0,0.00427452,0.10367969,0.00427452,0.10367969,-0.20131477,-0.30256649,-0.20131477,-0.30256649,0.59793917,0.68178917,-0.00019421,0.00642736,-0.00549789,-0.01285473,0.91835,0.63335,0.36610003,0.43505923,0,0,481.4,231.4,0.9124,1.1047,1,1,0
2026-09-28T22:09:10.126161+09:00,223230512,b882622e,2026-09-28T22:09:10.126161+09:00,2026-09-28T22:09:10.161374+09:00,rail-left-01,rail-right-01,0.6.7-draft,0.6.7-draft,mqtt,mqtt,221.89,181.72,6.461,6.816,0.0,0.085,0.291,-0.296,10.335,9.963,-0.0685,0.0325,0.0338,0.0536,-0.0151,-0.0052,25.15,25.3,16415,19267,2.052,2.408,6.156,7.225,139,139,14,14,0,0,0,0,-0.00287843,0.1261824,-0.00287843,0.1261824,-0.20209531,-0.30536649,-0.20209531,-0.30536649,0.59863832,0.68318917,-0.0001049,0.00632965,-0.00534007,-0.0126593,0.91835,0.63335,0.36612916,0.43512287,0,0,482.4,232.4,0.9124,1.1047,1,1,0
2026-09-28T22:09:10.146486+09:00,223250837,b882622e,2026-09-28T22:09:10.146486+09:00,2026-09-28T22:09:10.181699+09:00,rail-left-01,rail-right-01,0.6.7-draft,0.6.7-draft,mqtt,mqtt,223.04,182.62,6.476,6.819,0.0,0.017,0.129,0.036,10.44,9.458,-0.0671,0.0278,0.0426,0.0578,-0.0095,-0.004,25.15,25.28,16452,19272,2.057,2.409,6.17,7.227,140,140,14,14,0,0,0,0,-0.01035239,0.11514935,-0.01035239,0.11514935,-0.20259983,-0.30779506,-0.20259983,-0.30779506,0.59943917,0.68440345,-9.83e-06,0.00597851,-0.0051632,-0.01195702,0.91835,0.63335,0.36616253,0.43517806,0,0,483.5,233.5,0.9124,1.1047,1,1,0
2026-09-28T22:09:10.235467+09:00,223375460,b882622e,2026-09-28T22:09:10.235467+09:00,2026-09-28T22:09:10.270146+09:00,rail-left-01,rail-right-01,0.6.7-draft,0.6.7-draft,mqtt,mqtt,229.95,188.33,6.469,6.818,0.013,0.044,0.081,-0.42,10.471,9.754,-0.0653,0.0252,0.0389,0.057,-0.0071,-0.0059,25.14,25.29,16434,19270,2.054,2.409,6.163,7.226,141,141,15,15,0,0,0,0,0.08142146,-0.12517974,0.08142146,-0.12517974,-0.31049149,-0.42125538,-0.31049149,-0.42125538,0.68487667,0.6365225,0.00194176,-0.00872922,-0.00614711,-0.02092015,0.66435,0.75735,0.43519957,0.43300165,0,0,489.8,239.8,0.9124,1.1047,1,1,0
2026-09-28T22:09:10.255614+09:00,223395607,b882622e,2026-09-28T22:09:10.255614+09:00,2026-09-28T22:09:10.290293+09:00,rail-left-01,rail-right-01,0.6.7-draft,0.6.7-draft,mqtt,mqtt,231.04,189.23,6.306,6.77,-0.075,-0.018,0.066,-0.158,10.487,9.65,-0.0675,0.0238,0.0341,0.0498,-0.0104,-0.0071,25.14,25.29,16028,19165,2.003,2.396,6.01,7.187,142,142,15,15,0,0,0,0,0.04947198,-0.10918591,0.04947198,-0.10918591,-0.33069983,-0.42126123,-0.33069983,-0.42126123,0.67618917,0.6342418,-0.0060684,-0.00811977,-0.02013533,-0.01731051,0.68035,0.75735,0.43480468,0.43289798,0,0,490.8,240.8,0.9124,1.1047,1,1,0
2026-09-28T22:09:10.275553+09:00,223415546,b882622e,2026-09-28T22:09:10.275553+09:00,2026-09-28T22:09:10.310232+09:00,rail-left-01,rail-right-01,0.6.7-draft,0.6.7-draft,mqtt,mqtt,232.13,190.17,6.306,6.732,0.136,0.114,-0.014,-0.11,10.357,9.959,-0.0675,0.0266,0.0361,0.053,-0.0103,-0.0079,25.16,25.29,16029,19079,2.004,2.385,6.011,7.155,143,143,15,15,0,0,0,0,0.02124142,-0.07648763,0.02124142,-0.07648763,-0.34686649,-0.41936649,-0.34686649,-0.41936649,0.66923917,0.63123917,-0.00868302,-0.00797994,-0.02436612,-0.0140666,0.68035,0.75735,0.43448877,0.4327615,0,0,491.8,241.8,0.9124,1.1047,1,1,0
2026-09-28T22:09:10.295503+09:00,223435496,b882622e,2026-09-28T22:09:10.295503+09:00,2026-09-28T22:09:10.330182+09:00,rail-left-01,rail-right-01,0.6.7-draft,0.6.7-draft,mqtt,mqtt,233.23,191.07,6.289,6.714,-0.036,-0.004,0.293,-0.099,10.564,9.941,-0.0679,0.0318,0.0408,0.0576,-0.0084,-0.0012,25.13,25.31,15987,19040,1.998,2.38,5.995,7.14,144,144,15,15,0,0,0,0,-0.00616018,-0.06259239,-0.00616018,-0.06259239,-0.36163922,-0.41679506,-0.36163922,-0.41679506,0.66278008,0.62809393,-0.01013533,-0.007965,-0.02659456,-0.01139256,0.75735,0.75735,0.43419518,0.43261854,0,0,492.8,242.8,0.9124,1.1047,1,1,0
2026-09-28T22:09:10.315549+09:00,223455542,b882622e,2026-09-28T22:09:10.315549+09:00,2026-09-28T22:09:10.350228+09:00,rail-left-01,rail-right-01,0.6.7-draft,0.6.7-draft,mqtt,mqtt,234.37,191.96,6.275,6.727,-0.026,0.049,0.14,-0.344,10.439,9.685,-0.0653,0.0314,0.0438,0.0556,-0.0108,-0.0108,25.14,25.32,15952,19069,1.994,2.384,5.982,7.151,145,145,15,15,0,0,0,0,-0.03285289,-0.04301498,-0.03285289,-0.04301498,-0.37511649,-0.41504831,-0.37511649,-0.41504831,0.65681417,0.62553008,-0.01100889,-0.00781511,-0.02780982,-0.00953129,0.75735,0.75735,0.433924,0.432502,0,0,493.8,243.8,0.9124,1.1047,1,1,0
2026-09-28T22:09:10.335544+09:00,223475537,b882622e,2026-09-28T22:09:10.335544+09:00,2026-09-28T22:09:10.370223+09:00,rail-left-01,rail-right-01,0.6.7-draft,0.6.7-draft,mqtt,mqtt,235.47,192.91,6.262,6.732,-0.006,0.016,0.071,-0.305,10.317,9.701,-0.0709,0.0326,0.0426,0.0572,-0.0088,-0.0043,25.14,25.31,15920,19081,1.99,2.385,5.97,7.155,146,146,15,15,0,0,0,0,-0.05863291,-0.02921208,-0.05863291,-0.02921208,-0.38752034,-0.41367084,-0.38752034,-0.41367084,0.65126609,0.62329786,-0.01156522,-0.00762305,-0.02848171,-0.00811738,0.75735,0.75735,0.43367182,0.43240053,0,0,494.8,244.8,0.9124,1.1047,1,1,0
2026-09-28T22:09:10.355529+09:00,223495522,b882622e,2026-09-28T22:09:10.355529+09:00,2026-09-28T22:09:10.390208+09:00,rail-left-01,rail-right-01,0.6.7-draft,0.6.7-draft,mqtt,mqtt,236.56,193.8,6.239,6.73,-0.142,-0.105,0.402,-0.281,10.531,9.613,-0.0677,0.0237,0.039,0.0581,-0.0123,-0.0067,25.12,25.29,15862,19076,1.983,2.385,5.948,7.154,147,147,15,15,0,0,0,0,-0.0845099,-0.03083668,-0.0845099,-0.03083668,-0.39979506,-0.41232483,-0.39979506,-0.41232483,0.64568917,0.62121,-0.01209035,-0.00744622,-0.0291525,-0.00695239,0.75735,0.75735,0.43341832,0.43230563,0,0,495.8,245.8,0.9124,1.1047,1,1,0
2026-09-28T22:09:10.375596+09:00,223515589,b882622e,2026-09-28T22:09:10.375596+09:00,2026-09-28T22:09:10.410275+09:00,rail-left-01,rail-right-01,0.6.7-draft,0.6.7-draft,mqtt,mqtt,237.65,194.7,6.255,6.731,0.101,0.152,-0.057,-0.067,10.513,9.951,-0.0727,0.0298,0.037,0.0537,-0.0095,-0.0033,25.14,25.29,15901,19077,1.988,2.385,5.963,7.154,148,148,15,15,0,0,0,0,-0.1084761,-0.00355571,-0.1084761,-0.00355571,-0.40936649,-0.41112649,-0.40936649,-0.41112649,0.64138917,0.61930917,-0.01205943,-0.00726522,-0.02875555,-0.00600374,0.75735,0.75735,0.43322287,0.43221923,0,0,496.8,246.8,0.9124,1.1047,1,1,0
2026-09-28T22:09:10.395547+09:00,223535540,b882622e,2026-09-28T22:09:10.395547+09:00,2026-09-28T22:09:10.430226+09:00,rail-left-01,rail-right-01,0.6.7-draft,0.6.7-draft,mqtt,mqtt,238.75,195.64,6.296,6.737,0.0,-0.03,0.171,-0.493,10.517,9.884,-0.0717,0.0282,0.0373,0.0526,-0.0101,-0.0052,25.13,25.29,16004,19091,2.001,2.386,6.002,7.159,149,149,15,15,0,0,0,0,-0.1315316,0.00208134,-0.1315316,0.00208134,-0.41517899,-0.41025111,-0.41517899,-0.41025111,0.63890792,0.61766994,-0.0113802,-0.00705616,-0.02709563,-0.00526634,0.75735,0.75735,0.43311008,0.43214472,0,0,497.8,247.8,0.9124,1.1047,1,1,0
2026-09-28T22:09:10.416080+09:00,223556073,b882622e,2026-09-28T22:09:10.416080+09:00,2026-09-28T22:09:10.450759+09:00,rail-left-01,rail-right-01,0.6.7-draft,0.6.7-draft,mqtt,mqtt,239.89,196.54,6.328,6.74,0.081,0.163,-0.048,-0.215,10.549,9.693,-0.0709,0.0325,0.0378,0.0512,-0.0065,-0.0033,25.15,25.29,16084,19098,2.011,2.387,6.032,7.162,150,150,15,15,0,0,0,0,-0.15329325,0.02758271,-0.15329325,0.02758271,-0.41842532,-0.40955168,-0.41842532,-0.40955168,0.63765976,0.61620769,-0.01038506,-0.0068425,-0.02482901,-0.0046681,0.75735,0.75735,0.43305335,0.43207825,0,0,498.8,248.8,0.9124,1.1047,1,1,0
2026-09-28T22:09:10.499285+09:00,223637463,b882622e,2026-09-28T22:09:10.499285+09:00,2026-09-28T22:09:10.577634+09:00,rail-left-01,rail-right-01,0.6.7-draft,0.6.7-draft,mqtt,mqtt,244.37,200.27,6.334,6.739,-0.09,-0.03,0.148,-0.148,10.785,9.533,-0.0666,0.0321,0.0378,0.0568,-0.0109,-0.0007,25.15,25.3,16099,19095,2.012,2.387,6.037,7.161,151,151,16,16,0,0,0,0,0.04228873,0.07346086,0.04228873,0.07346086,-0.40868792,-0.38794544,-0.40868792,-0.38794544,0.61495703,0.61334706,-0.00645669,-0.00297215,-0.00393126,0.0016443,0.97835,0.97835,0.4320214,0.43194822,0,0,502.9,252.9,0.9124,1.1047,1,1,0
2026-09-28T22:09:10.519428+09:00,223657606,b882622e,2026-09-28T22:09:10.519428+09:00,2026-09-28T22:09:10.597777+09:00,rail-left-01,rail-right-01,0.6.7-draft,0.6.7-draft,mqtt,mqtt,245.51,201.16,6.359,6.757,0.056,0.062,0.018,-0.127,10.291,9.809,-0.0671,0.0344,0.0352,0.0561,-0.0099,-0.0024,25.14,25.29,16160,19135,2.02,2.392,6.06,7.176,152,152,16,16,0,0,0,0,0.05457963,0.06742101,0.05457963,0.06742101,-0.40702166,-0.38611008,-0.40702166,-0.38611008,0.61422365,0.61384301,-0.0060059,-0.0026535,-0.0031034,0.00189504,0.97835,0.97835,0.43198807,0.43197077,0,0,504.0,254.0,0.9124,1.1047,1,1,0
2026-09-28T22:09:10.539372+09:00,223677550,b882622e,2026-09-28T22:09:10.539372+09:00,2026-09-28T22:09:10.617721+09:00,rail-left-01,rail-right-01,0.6.7-draft,0.6.7-draft,mqtt,mqtt,246.6,202.1,6.385,6.764,-0.02,0.016,-0.007,-0.294,10.455,9.643,-0.0652,0.0324,0.038,0.0542,-0.0068,-0.0028,25.14,25.32,16224,19152,2.028,2.394,6.084,7.182,153,153,16,16,0,0,0,0,0.06442762,0.05835208,0.06442762,0.05835208,-0.40459983,-0.38454149,-0.40459983,-0.38454149,0.6139725,0.61440167,-0.0055093,-0.00236047,-0.00220967,0.00206901,0.97835,0.97835,0.43197665,0.43199616,0,0,505.0,255.0,0.9124,1.1047,1,1,0
2026-09-28T22:09:10.559423+09:00,223697601,b882622e,2026-09-28T22:09:10.559423+09:00,2026-09-28T22:09:10.637772+09:00,rail-left-01,rail-right-01,0.6.7-draft,0.6.7-draft,mqtt,mqtt,247.7,203.0,6.375,6.761,-0.043,0.023,0.348,-0.366,10.442,9.537,-0.067,0.0276,0.041,0.0569,-0.0093,-0.0084,25.16,25.29,16200,19144,2.025,2.393,6.075,7.179,154,154,16,16,0,0,0,0,0.07198705,0.05017926,0.07198705,0.05017926,-0.40265681,-0.38297625,-0.40265681,-0.38297625,0.61357627,0.61489649,-0.00512065,-0.00211231,-0.00155066,0.00222702,0.97835,0.97835,0.43195864,0.43201865,0,0,506.0,256.0,0.9124,1.1047,1,1,0
2026-09-28T22:09:10.579479+09:00,223717657,b882622e,2026-09-28T22:09:10.579479+09:00,2026-09-28T22:09:10.657828+09:00,rail-left-01,rail-right-01,0.6.7-draft,0.6.7-draft,mqtt,mqtt,248.79,203.94,6.382,6.764,-0.007,-0.05,-0.061,-0.259,10.354,9.65,-0.0665,0.0258,0.0345,0.0545,-0.0103,-0.0084,25.14,25.32,16217,19152,2.027,2.394,6.081,7.182,155,155,16,16,0,0,0,0,0.07777186,0.03745108,0.07777186,0.03745108,-0.40061649,-0.38155697,-0.40061649,-0.38155697,0.61331417,0.61540345,-0.0047555,-0.0018876,-0.00095181,0.00234569,0.97835,0.97835,0.43194673,0.4320417,0,0,507.0,257.0,0.9124,1.1047,1,1,0
2026-09-28T22:09:10.599464+09:00,223737642,b882622e,2026-09-28T22:09:10.599464+09:00,2026-09-28T22:09:10.677813+09:00,rail-left-01,rail-right-01,0.6.7-draft,0.6.7-draft,mqtt,mqtt,249.88,204.84,6.377,6.739,-0.01,-0.063,0.184,-0.202,10.463,9.872,-0.0655,0.02,0.0325,0.0554,-0.0087,-0.0107,25.16,25.29,16206,19095,2.026,2.387,6.077,7.161,156,156,16,16,0,0,0,0,0.08201684,0.02458165,0.08201684,0.02458165,-0.39885134,-0.37962231,-0.39885134,-0.37962231,0.6129922,0.61559615,-0.00445112,-0.00174061,-0.00048386,0.00254688,0.97835,0.97835,0.43193209,0.43205046,0,0,508.0,258.0,0.9124,1.1047,1,1,0
2026-09-28T22:09:10.619384+09:00,223757562,b882622e,2026-09-28T22:09:10.619384+09:00,2026-09-28T22:09:10.697733+09:00,rail-left-01,rail-right-01,0.6.7-draft,0.6.7-draft,mqtt,mqtt,250.98,205.73,6.378,6.742,0.128,0.242,-0.034,-0.342,10.33,9.588,-0.0666,0.0322,0.0374,0.0545,-0.0091,-0.0115,25.15,25.3,16207,19103,2.026,2.388,6.078,7.164,157,157,16,16,0,0,0,0,0.08527478,0.0320606,0.08527478,0.0320606,-0.39716061,-0.37784377,-0.39716061,-0.37784377,0.61270387,0.61581417,-0.00417675,-0.0016035,-8.275e-05,0.00270629,0.97835,0.97835,0.43191899,0.43206037,0,0,509.0,259.0,0.9124,1.1047,1,1,0
2026-09-28T22:09:10.639332+09:00,223777510,b882622e,2026-09-28T22:09:10.639332+09:00,2026-09-28T22:09:10.717681+09:00,rail-left-01,rail-right-01,0.6.7-draft,0.6.7-draft,mqtt,mqtt,252.07,206.63,6.403,6.765,-0.134,-0.164,0.002,-0.235,10.466,9.92,-0.0663,0.0338,0.0394,0.0602,-0.01,-0.0124,25.15,25.28,16269,19153,2.034,2.394,6.101,7.182,158,158,16,16,0,0,0,0,0.08680304,0.01356329,0.08680304,0.01356329,-0.39485221,-0.37665538,-0.39485221,-0.37665538,0.61278917,0.61627806,-0.00385611,-0.00143768,0.00040659,0.00275621,0.97835,0.97835,0.43192287,0.43208145,0,0,510.0,260.0,0.9124,1.1047,1,1,0
2026-09-28T22:09:10.659373+09:00,223797551,b882622e,2026-09-28T22:09:10.659373+09:00,2026-09-28T22:09:10.737722+09:00,rail-left-01,rail-right-01,0.6.7-draft,0.6.7-draft,mqtt,mqtt,253.17,207.57,6.395,6.78,0.136,0.091,0.153,-0.097,10.613,9.762,-0.064,0.0332,0.0381,0.0542,-0.0076,-0.0088,25.14,25.28,16250,19186,2.031,2.398,6.094,7.195,159,159,16,16,0,0,0,0,0.08763164,0.01153341,0.08763164,0.01153341,-0.39289427,-0.37584475,-0.39289427,-0.37584475,0.61275861,0.61688482,-0.00359327,-0.00126208,0.0007774,0.0027424,0.97835,0.97835,0.43192148,0.43210903,0,0,511.0,261.0,0.9124,1.1047,1,1,0
2026-09-28T22:09:10.679414+09:00,223817592,b882622e,2026-09-28T22:09:10.679414+09:00,2026-09-28T22:09:10.757763+09:00,rail-left-01,rail-right-01,0.6.7-draft,0.6.7-draft,mqtt,mqtt,254.31,208.47,6.42,6.792,-0.119,-0.035,0.005,-0.223,10.339,9.498,-0.0658,0.0296,0.0405,0.0584,-0.0099,-0.0075,25.15,25.29,16311,19213,2.039,2.402,6.117,7.205,160,160,16,16,0,0,0,0,0.08705696,0.00182433,0.08705696,0.00182433,-0.39036649,-0.37532394,-0.39036649,-0.37532394,0.61306755,0.61759342,-0.00328904,-0.00108405,0.00122831,0.00268511,0.97835,0.97835,0.43193552,0.43214124,0,0,512.0,262.0,0.9124,1.1047,1,1,0
2026-09-28T22:09:10.800342+09:00,223945437,b882622e,2026-09-28T22:09:10.800342+09:00,2026-09-28T22:09:10.882440+09:00,rail-left-01,rail-right-01,0.6.7-draft,0.6.7-draft,mqtt,mqtt,261.32,214.29,6.411,6.794,-0.001,-0.01,-0.056,-0.177,10.408,9.628,-0.0652,0.0314,0.0401,0.0548,-0.0037,-0.0015,25.15,25.28,16289,19217,2.036,2.402,6.108,7.206,161,161,17,17,0,0,0,0,-0.01182053,-0.13148489,-0.01182053,-0.13148489,-0.37501233,-0.38107339,-0.37501233,-0.38107339,0.61817875,0.61866331,-0.0009004,-0.00044089,0.00255453,0.00068034,0.97835,0.97835,0.43216785,0.43218987,0,0,518.4,268.4,0.9124,1.1047,1,1,0
2026-09-28T22:09:10.820457+09:00,223965552,b882622e,2026-09-28T22:09:10.820457+09:00,2026-09-28T22:09:10.902556+09:00,rail-left-01,rail-right-01,0.6.7-draft,0.6.7-draft,mqtt,mqtt,262.46,215.23,6.384,6.827,0.035,0.093,0.171,-0.377,10.265,9.598,-0.0661,0.0314,0.0413,0.0589,-0.0101,-0.0099,25.13,25.29,16222,19291,2.028,2.411,6.083,7.234,162,162,17,17,0,0,0,0,-0.02552011,-0.11990352,-0.02552011,-0.11990352,-0.37526445,-0.38199361,-0.37526445,-0.38199361,0.61846468,0.619079,-0.00078963,-0.0003549,0.00233939,0.00050662,0.97835,0.97835,0.43218084,0.43220877,0,0,519.4,269.4,0.9124,1.1047,1,1,0
2026-09-28T22:09:10.840380+09:00,223985475,b882622e,2026-09-28T22:09:10.840380+09:00,2026-09-28T22:09:10.922479+09:00,rail-left-01,rail-right-01,0.6.7-draft,0.6.7-draft,mqtt,mqtt,263.56,216.13,6.364,6.837,-0.12,-0.045,0.129,0.0,10.52,9.627,-0.0621,0.0324,0.0414,0.0561,-0.0081,-0.0075,25.15,25.31,16173,19314,2.022,2.414,6.065,7.243,163,163,17,17,0,0,0,0,-0.03958376,-0.11532217,-0.03958376,-0.11532217,-0.37590649,-0.38304983,-0.37590649,-0.38304983,0.61853917,0.61956417,-0.00072661,-0.00026694,0.00208058,0.00032941,0.97835,0.97835,0.43218423,0.43223082,0,0,520.4,270.4,0.9124,1.1047,1,1,0
2026-09-28T22:09:10.860501+09:00,224005596,b882622e,2026-09-28T22:09:10.860501+09:00,2026-09-28T22:09:10.942599+09:00,rail-left-01,rail-right-01,0.6.7-draft,0.6.7-draft,mqtt,mqtt,264.65,217.02,6.367,6.847,0.09,0.092,-0.078,-0.189,10.294,9.717,-0.0641,0.034,0.04,0.0577,-0.0072,-0.0031,25.15,25.29,16180,19336,2.023,2.417,6.068,7.251,164,164,17,17,0,0,0,0,-0.0534915,-0.10448599,-0.0534915,-0.10448599,-0.37646453,-0.38423534,-0.37646453,-0.38423534,0.61864015,0.6201154,-0.00066562,-0.00017749,0.00186147,0.00014957,0.97835,0.97835,0.43218882,0.43225588,0,0,521.4,271.4,0.9124,1.1047,1,1,0
2026-09-28T22:09:10.880748+09:00,224025843,b882622e,2026-09-28T22:09:10.880748+09:00,2026-09-28T22:09:10.962846+09:00,rail-left-01,rail-right-01,0.6.7-draft,0.6.7-draft,mqtt,mqtt,265.79,217.96,6.355,6.855,-0.104,-0.054,0.043,-0.248,10.563,9.743,-0.0638,0.0317,0.039,0.0585,-0.0076,-0.0053,25.14,25.28,16151,19353,2.019,2.419,6.057,7.257,165,165,17,17,0,0,0,0,-0.06764513,-0.10072974,-0.06764513,-0.10072974,-0.37723188,-0.38551165,-0.37723188,-0.38551165,0.61862186,0.62071336,-0.00062953,-8.897e-05,0.00162913,-2.811e-05,0.97835,0.97835,0.43218799,0.43228306,0,0,522.5,272.5,0.9124,1.1047,1,1,0
2026-09-28T22:09:10.900744+09:00,224045839,b882622e,2026-09-28T22:09:10.900744+09:00,2026-09-28T22:09:10.982843+09:00,rail-left-01,rail-right-01,0.6.7-draft,0.6.7-draft,mqtt,mqtt,266.89,218.86,6.349,6.86,0.048,0.135,0.241,-0.261,10.471,9.564,-0.0642,0.032,0.0432,0.0592,-0.0107,-0.0069,25.14,25.26,16135,19363,2.017,2.42,6.051,7.261,166,166,17,17,0,0,0,0,-0.0817207,-0.08843777,-0.0817207,-0.08843777,-0.37808347,-0.38682681,-0.37808347,-0.38682681,0.61854766,0.62133203,-0.00060559,-4.52e-06,0.00140437,-0.00019738,0.97835,0.97835,0.43218461,0.43231118,0,0,523.5,273.5,0.9124,1.1047,1,1,0
2026-09-28T22:09:10.920513+09:00,224065608,b882622e,2026-09-28T22:09:10.920513+09:00,2026-09-28T22:09:11.002612+09:00,rail-left-01,rail-right-01,0.6.7-draft,0.6.7-draft,mqtt,mqtt,267.98,219.75,6.344,6.866,-0.189,-0.212,-0.087,-0.12,10.563,9.877,-0.0652,0.0341,0.036,0.0554,-0.0059,0.0001,25.15,25.29,16122,19377,2.015,2.422,6.046,7.266,167,167,17,17,0,0,0,0,-0.09610485,-0.09206047,-0.09610485,-0.09206047,-0.37899612,-0.38819462,-0.37899612,-0.38819462,0.61842991,0.62197823,-0.00059051,7.728e-05,0.00118946,-0.00036114,0.97835,0.97835,0.43217926,0.43234055,0,0,524.5,274.5,0.9124,1.1047,1,1,0
2026-09-28T22:09:10.940438+09:00,224085533,b882622e,2026-09-28T22:09:10.940438+09:00,2026-09-28T22:09:11.022536+09:00,rail-left-01,rail-right-01,0.6.7-draft,0.6.7-draft,mqtt,mqtt,269.08,220.7,6.357,6.872,0.165,0.172,0.069,-0.263,10.481,9.689,-0.0653,0.0304,0.0401,0.0597,-0.008,-0.0077,25.16,25.28,16155,19391,2.019,2.424,6.058,7.272,168,168,17,17,0,0,0,0,-0.1100911,-0.07871643,-0.1100911,-0.07871643,-0.37963922,-0.38961265,-0.37963922,-0.38961265,0.61843462,0.62265071,-0.00055877,0.00015679,0.00103177,-0.00052012,0.97835,0.97835,0.43217948,0.43237112,0,0,525.5,275.5,0.9124,1.1047,1,1,0
2026-09-28T22:09:10.960535+09:00,224105630,b882622e,2026-09-28T22:09:10.960535+09:00,2026-09-28T22:09:11.042633+09:00,rail-left-01,rail-right-01,0.6.7-draft,0.6.7-draft,mqtt,mqtt,270.17,221.59,6.352,6.882,-0.164,-0.132,0.211,-0.219,10.572,9.58,-0.0612,0.0326,0.0404,0.0534,-0.006,-0.0009,25.16,25.27,16143,19412,2.018,2.427,6.054,7.28,169,169,17,17,0,0,0,0,-0.12434924,-0.07896212,-0.12434924,-0.07896212,-0.38034864,-0.39113922,-0.38034864,-0.39113922,0.61839453,0.62337856,-0.00053612,0.00023777,0.00087681,-0.00068186,0.97835,0.97835,0.43217765,0.4324042,0,0,526.5,276.5,0.9124,1.1047,1,1,0
2026-09-28T22:09:10.980600+09:00,224125695,b882622e,2026-09-28T22:09:10.980600+09:00,2026-09-28T22:09:11.062699+09:00,rail-left-01,rail-right-01,0.6.7-draft,0.6.7-draft,mqtt,mqtt,271.31,222.54,6.371,6.875,0.099,0.101,0.03,-0.103,10.337,9.789,-0.0645,0.0318,0.035,0.051,-0.0039,-0.0031,25.15,25.28,16191,19397,2.024,2.425,6.072,7.274,170,170,17,17,0,0,0,0,-0.13827254,-0.06928579,-0.13827254,-0.06928579,-0.38069983,-0.39251575,-0.38069983,-0.39251575,0.6185225,0.62403245,-0.00049152,0.00030506,0.00078382,-0.00081609,0.97835,0.97835,0.43218347,0.43243392,0,0,527.5,277.5,0.9124,1.1047,1,1,0
2026-09-28T22:09:11.118522+09:00,224256456,b882622e,2026-09-28T22:09:11.118522+09:00,2026-09-28T22:09:11.195084+09:00,rail-left-01,rail-right-01,0.6.7-draft,0.6.7-draft,mqtt,mqtt,278.52,228.46,6.373,6.87,-0.12,-0.115,0.14,-0.104,10.478,9.957,-0.0659,0.0356,0.039,0.0522,-0.0052,-0.0011,25.14,25.28,16195,19386,2.024,2.423,6.073,7.27,171,171,18,18,0,0,0,0,0.15591995,-0.00902514,0.15591995,-0.00902514,-0.48136649,-0.38091195,-0.48136649,-0.38091195,0.66818917,0.7179619,0.0,0.0155873,0.0,0.0321248,0.67135,0.95435,0.48606448,0.48832687,0,0,534.1,284.1,0.9124,1.1047,1,1,0
2026-09-28T22:09:11.138658+09:00,224276592,b882622e,2026-09-28T22:09:11.138658+09:00,2026-09-28T22:09:11.215220+09:00,rail-left-01,rail-right-01,0.6.7-draft,0.6.7-draft,mqtt,mqtt,279.67,229.4,6.397,6.897,0.141,0.123,0.054,-0.317,10.527,9.646,-0.0666,0.0333,0.0406,0.0572,-0.0052,-0.0017,25.16,25.27,16256,19447,2.032,2.431,6.096,7.293,172,172,18,18,0,0,0,0,0.14071477,0.04243812,0.14071477,0.04243812,-0.46936649,-0.37503316,-0.46936649,-0.37503316,0.67418917,0.7227725,0.02086957,0.01391055,0.04173913,0.02562286,0.72035,0.95435,0.4863372,0.48854554,0,0,535.1,285.1,0.9124,1.1047,1,1,0
2026-09-28T22:09:11.158607+09:00,224296541,b882622e,2026-09-28T22:09:11.158607+09:00,2026-09-28T22:09:11.235169+09:00,rail-left-01,rail-right-01,0.6.7-draft,0.6.7-draft,mqtt,mqtt,280.76,230.29,6.385,6.895,-0.063,-0.056,0.136,-0.194,10.517,9.729,-0.0633,0.0332,0.0361,0.0504,-0.006,-0.0028,25.16,25.28,16225,19441,2.028,2.43,6.084,7.29,173,173,18,18,0,0,0,0,0.11945667,0.0466152,0.11945667,0.0466152,-0.46936649,-0.36990495,-0.46936649,-0.36990495,0.67418917,0.72676609,0.00549932,0.01281194,0.01099865,0.02223392,0.72035,0.95435,0.4863372,0.48872706,0,0,536.1,286.1,0.9124,1.1047,1,1,0
2026-09-28T22:09:11.178710+09:00,224316644,b882622e,2026-09-28T22:09:11.178710+09:00,2026-09-28T22:09:11.255272+09:00,rail-left-01,rail-right-01,0.6.7-draft,0.6.7-draft,mqtt,mqtt,281.85,231.24,6.401,6.9,0.116,0.016,0.053,-0.271,10.386,9.716,-0.0622,0.0345,0.0378,0.0606,-0.0077,-0.0075,25.15,25.29,16265,19452,2.033,2.432,6.099,7.295,174,174,18,18,0,0,0,0,0.10174791,0.06484223,0.10174791,0.06484223,-0.46536649,-0.36586649,-0.46536649,-0.36586649,0.67618917,0.73036774,0.00654787,0.0120669,0.01309574,0.01976473,0.72035,0.95435,0.48642811,0.48889077,0,0,537.1,287.1,0.9124,1.1047,1,1,0
2026-09-28T22:09:11.198775+09:00,224336709,b882622e,2026-09-28T22:09:11.198775+09:00,2026-09-28T22:09:11.275337+09:00,rail-left-01,rail-right-01,0.6.7-draft,0.6.7-draft,mqtt,mqtt,282.95,232.13,6.424,6.893,-0.145,-0.095,-0.067,-0.195,10.761,9.681,-0.0608,0.0329,0.0306,0.0464,-0.0092,-0.0044,25.15,25.26,16323,19438,2.04,2.43,6.121,7.289,175,175,18,18,0,0,0,0,0.08078169,0.05956872,0.08078169,0.05956872,-0.45836649,-0.36189983,-0.45836649,-0.36189983,0.67968917,0.73325584,0.00961491,0.01132612,0.01922982,0.01818712,0.95435,0.95435,0.4865872,0.48902205,0,0,538.1,288.1,0.9124,1.1047,1,1,0
2026-09-28T22:09:11.218787+09:00,224356721,b882622e,2026-09-28T22:09:11.218787+09:00,2026-09-28T22:09:11.295349+09:00,rail-left-01,rail-right-01,0.6.7-draft,0.6.7-draft,mqtt,mqtt,284.09,233.03,6.467,6.887,0.156,0.204,-0.065,-0.447,10.458,9.621,-0.0542,0.0412,0.0353,0.0478,-0.0061,-0.0052,25.16,25.27,16429,19424,2.054,2.428,6.161,7.284,176,176,18,18,0,0,0,0,0.06355978,0.10840618,0.06355978,0.10840618,-0.44653316,-0.35805399,-0.44653316,-0.35805399,0.68560584,0.73559542,0.01465236,0.01061226,0.02930472,0.01707989,0.95435,0.95435,0.48685614,0.4891284,0,0,539.2,289.2,0.9124,1.1047,1,1,0
2026-09-28T22:09:11.238723+09:00,224376657,b882622e,2026-09-28T22:09:11.238723+09:00,2026-09-28T22:09:11.315285+09:00,rail-left-01,rail-right-01,0.6.7-draft,0.6.7-draft,mqtt,mqtt,285.18,233.97,6.5,6.878,-0.008,-0.056,0.011,-0.11,10.159,9.747,-0.0612,0.0336,0.0334,0.0521,-0.0099,-0.0096,25.16,25.28,16511,19404,2.064,2.426,6.192,7.277,177,177,18,18,0,0,0,0,0.04622298,0.10771485,0.04622298,0.10771485,-0.43336649,-0.3541312,-0.43336649,-0.3541312,0.69218917,0.73739505,0.0180756,0.00988216,0.03615119,0.01632751,0.95435,0.95435,0.48715538,0.4892102,0,0,540.2,290.2,0.9124,1.1047,1,1,0
2026-09-28T22:09:11.258538+09:00,224396472,b882622e,2026-09-28T22:09:11.258538+09:00,2026-09-28T22:09:11.335100+09:00,rail-left-01,rail-right-01,0.6.7-draft,0.6.7-draft,mqtt,mqtt,286.28,234.87,6.554,6.879,0.128,0.189,0.212,-0.156,10.61,9.785,-0.0617,0.0305,0.0345,0.0518,-0.0073,-0.0057,25.15,25.28,16646,19406,2.081,2.426,6.242,7.277,178,178,18,18,0,0,0,0,0.03072489,0.14570772,0.03072489,0.14570772,-0.41674149,-0.35069983,-0.41674149,-0.35069983,0.70050167,0.7390225,0.02206838,0.00926752,0.04413676,0.01560144,0.95435,0.95435,0.48753323,0.48928417,0,0,541.2,291.2,0.9124,1.1047,1,1,0
2026-09-28T22:09:11.278616+09:00,224416550,b882622e,2026-09-28T22:09:11.278616+09:00,2026-09-28T22:09:11.355178+09:00,rail-left-01,rail-right-01,0.6.7-draft,0.6.7-draft,mqtt,mqtt,287.37,235.76,6.57,6.887,-0.089,-0.085,-0.032,-0.427,10.448,9.68,-0.0633,0.0332,0.0434,0.0605,-0.0053,-0.0052,25.14,25.29,16685,19425,2.086,2.428,6.257,7.284,179,179,18,18,0,0,0,0,0.01334992,0.13878948,0.01334992,0.13878948,-0.40203316,-0.3480507,-0.40203316,-0.3480507,0.70785584,0.74068917,0.02344963,0.00880646,0.04689925,0.01476698,0.95435,0.95435,0.48786751,0.48935993,0,0,542.2,292.2,0.9124,1.1047,1,1,0
2026-09-28T22:09:11.298836+09:00,224436770,b882622e,2026-09-28T22:09:11.298836+09:00,2026-09-28T22:09:11.375398+09:00,rail-left-01,rail-right-01,0.6.7-draft,0.6.7-draft,mqtt,mqtt,288.47,236.71,6.566,6.896,0.09,0.108,0.212,-0.148,10.408,9.744,-0.0636,0.0344,0.0377,0.0546,-0.0064,-0.0048,25.15,25.29,16675,19445,2.084,2.431,6.253,7.292,180,180,18,18,0,0,0,0,-0.00289405,0.15999659,-0.00289405,0.15999659,-0.39066649,-0.34611649,-0.39066649,-0.34611649,0.71353917,0.74241417,0.02268769,0.00845843,0.04537539,0.0138392,0.95435,0.95435,0.48812584,0.48943834,0,0,543.2,293.2,0.9124,1.1047,1,1,0
2026-09-28T22:09:11.461484+09:00,224562459,b882622e,2026-09-28T22:09:11.461484+09:00,2026-09-28T22:09:11.542603+09:00,rail-left-01,rail-right-01,0.6.7-draft,0.6.7-draft,mqtt,mqtt,295.43,242.43,6.57,6.896,-0.086,-0.041,-0.048,-0.345,10.545,9.601,-0.0655,0.0349,0.0401,0.0542,-0.0077,-0.006,25.17,25.29,16685,19445,2.086,2.431,6.257,7.292,181,181,19,19,0,0,0,0,0.15747573,0.06801849,0.15747573,0.06801849,-0.34417602,-0.33114069,-0.34417602,-0.33114069,0.74407012,0.75501175,0.00750296,0.00386292,0.01192388,0.00530004,0.95435,0.95435,0.48951361,0.49001096,0,0,549.5,299.5,0.9124,1.1047,1,1,0
2026-09-28T22:09:11.481635+09:00,224582610,b882622e,2026-09-28T22:09:11.481635+09:00,2026-09-28T22:09:11.562754+09:00,rail-left-01,rail-right-01,0.6.7-draft,0.6.7-draft,mqtt,mqtt,296.57,243.32,6.609,6.921,0.075,0.084,0.336,-0.096,10.539,9.632,-0.0621,0.0306,0.0414,0.0577,-0.0056,-0.0076,25.14,25.29,16782,19499,2.098,2.437,6.293,7.312,182,182,19,19,0,0,0,0,0.15348434,0.06616019,0.15348434,0.06616019,-0.34063922,-0.33221024,-0.34063922,-0.33221024,0.7464619,0.75554854,0.00717199,0.00359342,0.01129135,0.0044715,0.95435,0.95435,0.48962233,0.49003536,0,0,550.6,300.6,0.9124,1.1047,1,1,0
2026-09-28T22:09:11.501579+09:00,224602554,b882622e,2026-09-28T22:09:11.501579+09:00,2026-09-28T22:09:11.582698+09:00,rail-left-01,rail-right-01,0.6.7-draft,0.6.7-draft,mqtt,mqtt,297.66,244.27,6.61,6.932,-0.073,-0.067,0.008,-0.329,10.42,9.655,-0.0621,0.031,0.041,0.0574,-0.0108,-0.0099,25.15,25.28,16784,19524,2.098,2.441,6.294,7.321,183,183,19,19,0,0,0,0,0.14760596,0.05138405,0.14760596,0.05138405,-0.33736649,-0.33354831,-0.33736649,-0.33354831,0.74866743,0.75621947,0.00689293,0.00340839,0.0107795,0.00372374,0.95435,0.95435,0.48972258,0.49006585,0,0,551.5,301.5,0.9124,1.1047,1,1,0
2026-09-28T22:09:11.521593+09:00,224622568,b882622e,2026-09-28T22:09:11.521593+09:00,2026-09-28T22:09:11.602712+09:00,rail-left-01,rail-right-01,0.6.7-draft,0.6.7-draft,mqtt,mqtt,298.76,245.16,6.589,6.938,0.044,0.113,-0.01,-0.124,10.669,9.719,-0.0659,0.0336,0.0429,0.0548,-0.0071,-0.0069,25.15,25.26,16733,19538,2.092,2.442,6.275,7.327,184,184,19,19,0,0,0,0,0.14063266,0.05254444,0.14063266,0.05254444,-0.33524149,-0.33498414,-0.33524149,-0.33498414,0.75025167,0.75693917,0.00649498,0.00326967,0.01003965,0.00307295,0.95435,0.95435,0.48979459,0.49009857,0,0,552.6,302.6,0.9124,1.1047,1,1,0
2026-09-28T22:09:11.541845+09:00,224642820,b882622e,2026-09-28T22:09:11.541845+09:00,2026-09-28T22:09:11.622964+09:00,rail-left-01,rail-right-01,0.6.7-draft,0.6.7-draft,mqtt,mqtt,299.9,246.11,6.585,6.942,0.006,-0.05,0.115,-0.181,10.484,9.722,-0.0673,0.0301,0.0418,0.0608,-0.0076,-0.0097,25.16,25.28,16723,19547,2.09,2.443,6.271,7.33,185,185,19,19,0,0,0,0,0.13260069,0.04042015,0.13260069,0.04042015,-0.33344649,-0.33645221,-0.33344649,-0.33645221,0.75162917,0.75767488,0.00612885,0.0031589,0.00936987,0.00250711,0.95435,0.95435,0.4898572,0.49013201,0,0,553.6,303.6,0.9124,1.1047,1,1,0
2026-09-28T22:09:11.561840+09:00,224662815,b882622e,2026-09-28T22:09:11.561840+09:00,2026-09-28T22:09:11.642959+09:00,rail-left-01,rail-right-01,0.6.7-draft,0.6.7-draft,mqtt,mqtt,300.99,247.0,6.581,6.944,-0.022,0.065,-0.041,-0.238,10.347,9.657,-0.0634,0.0281,0.0364,0.0536,-0.0057,-0.0013,25.14,25.28,16713,19550,2.089,2.444,6.267,7.331,186,186,19,19,0,0,0,0,0.12371051,0.03803185,0.12371051,0.03803185,-0.33194342,-0.33789427,-0.33194342,-0.33789427,0.75282378,0.7583975,0.00579033,0.00306488,0.00875804,0.0020209,0.95435,0.95435,0.4899115,0.49016485,0,0,554.6,304.6,0.9124,1.1047,1,1,0
2026-09-28T22:09:11.581605+09:00,224682580,b882622e,2026-09-28T22:09:11.581605+09:00,2026-09-28T22:09:11.662724+09:00,rail-left-01,rail-right-01,0.6.7-draft,0.6.7-draft,mqtt,mqtt,302.09,247.9,6.569,6.94,0.016,0.083,-0.002,-0.321,10.604,9.546,-0.0681,0.033,0.0397,0.0553,-0.0056,-0.0029,25.17,25.29,16684,19542,2.086,2.443,6.257,7.328,187,187,19,19,0,0,0,0,0.11420699,0.03715873,0.11420699,0.03715873,-0.33099612,-0.33915028,-0.33099612,-0.33915028,0.75370769,0.75902701,0.00543267,0.00296812,0.00810939,0.0016295,0.95435,0.95435,0.48995168,0.49019347,0,0,555.6,305.6,0.9124,1.1047,1,1,0
2026-09-28T22:09:11.601560+09:00,224702535,b882622e,2026-09-28T22:09:11.601560+09:00,2026-09-28T22:09:11.682679+09:00,rail-left-01,rail-right-01,0.6.7-draft,0.6.7-draft,mqtt,mqtt,303.18,248.79,6.56,6.933,-0.092,-0.017,0.226,-0.067,10.496,9.738,-0.0642,0.0318,0.0398,0.0556,-0.0069,-0.0052,25.15,25.29,16660,19526,2.082,2.441,6.247,7.322,188,188,19,19,0,0,0,0,0.10377315,0.02886703,0.10377315,0.02886703,-0.33043792,-0.34015597,-0.33043792,-0.34015597,0.75436774,0.75953127,0.00507883,0.00286217,0.00746871,0.00132904,0.95435,0.95435,0.48998168,0.49021639,0,0,556.6,306.6,0.9124,1.1047,1,1,0
2026-09-28T22:09:11.621547+09:00,224722522,b882622e,2026-09-28T22:09:11.621547+09:00,2026-09-28T22:09:11.702666+09:00,rail-left-01,rail-right-01,0.6.7-draft,0.6.7-draft,mqtt,mqtt,304.33,249.73,6.543,6.931,0.063,0.081,0.14,-0.268,10.52,9.681,-0.0633,0.0312,0.039,0.0533,-0.0048,-0.0045,25.16,25.3,16619,19522,2.077,2.44,6.232,7.321,189,189,19,19,0,0,0,0,0.09315854,0.02812685,0.09315854,0.02812685,-0.33050442,-0.3410588,-0.33050442,-0.3410588,0.75468917,0.75998404,0.00469348,0.0027604,0.0067656,0.00107811,0.95435,0.95435,0.48999629,0.49023697,0,0,557.6,307.6,0.9124,1.1047,1,1,0
2026-09-28T22:09:11.641611+09:00,224742586,b882622e,2026-09-28T22:09:11.641611+09:00,2026-09-28T22:09:11.722730+09:00,rail-left-01,rail-right-01,0.6.7-draft,0.6.7-draft,mqtt,mqtt,305.42,250.63,6.535,6.922,-0.081,-0.044,0.298,-0.29,10.465,9.594,-0.0674,0.0366,0.0385,0.0545,-0.0073,-0.0039,25.14,25.3,16599,19502,2.075,2.438,6.225,7.313,190,190,19,19,0,0,0,0,0.08189745,0.01849766,0.08189745,0.01849766,-0.33083316,-0.34169149,-0.33083316,-0.34169149,0.75485584,0.76030167,0.00432606,0.00264717,0.00609748,0.00089956,0.95435,0.95435,0.49000387,0.49025141,0,0,558.6,308.6,0.9124,1.1047,1,1,0
2026-09-28T22:09:11.777586+09:00,224909442,b882622e,2026-09-28T22:09:11.777586+09:00,2026-09-28T22:09:11.817632+09:00,rail-left-01,rail-right-01,0.6.7-draft,0.6.7-draft,mqtt,mqtt,314.72,258.24,6.529,6.92,-0.099,-0.034,0.075,-0.178,10.378,9.58,-0.0658,0.0302,0.0338,0.0536,-0.0017,0.0055,25.16,25.28,16584,19498,2.073,2.437,6.219,7.312,191,191,20,20,0,0,0,0,0.00246516,-0.13400358,0.00246516,-0.13400358,-0.34243966,-0.34991551,-0.34243966,-0.34991551,0.76053063,0.76148329,0.00244366,0.00128572,0.00065211,-0.00062261,0.95435,0.95435,0.49026181,0.49030512,0,0,567.1,317.1,0.9124,1.1047,1,1,0
2026-09-28T22:09:11.797636+09:00,224929492,b882622e,2026-09-28T22:09:11.797636+09:00,2026-09-28T22:09:11.837681+09:00,rail-left-01,rail-right-01,0.6.7-draft,0.6.7-draft,mqtt,mqtt,315.81,259.13,6.544,6.807,0.16,0.183,0.044,-0.221,10.33,9.582,-0.0677,0.0317,0.0377,0.0565,-0.0039,-0.0017,25.15,25.32,16620,19247,2.078,2.406,6.233,7.218,192,192,20,20,0,0,0,0,-0.01312356,-0.12013931,-0.01312356,-0.12013931,-0.34279506,-0.34827034,-0.34279506,-0.34827034,0.76092726,0.76046801,0.00230868,0.0010405,0.00052251,-0.00032483,0.95435,0.95435,0.49027984,0.49025897,0,0,568.1,318.1,0.9124,1.1047,1,1,0
2026-09-28T22:09:11.817597+09:00,224949453,b882622e,2026-09-28T22:09:11.817597+09:00,2026-09-28T22:09:11.857643+09:00,rail-left-01,rail-right-01,0.6.7-draft,0.6.7-draft,mqtt,mqtt,316.95,260.08,6.527,6.8,-0.019,-0.078,0.044,-0.204,10.532,9.746,-0.0638,0.0313,0.041,0.0534,-0.0027,-0.0021,25.15,25.29,16579,19231,2.072,2.404,6.217,7.212,193,193,20,20,0,0,0,0,-0.02878628,-0.12087321,-0.02878628,-0.12087321,-0.34352928,-0.34655517,-0.34352928,-0.34655517,0.76110777,0.75942502,0.00215367,0.00081915,0.00033848,-4.959e-05,0.95435,0.95435,0.49028805,0.49021156,0,0,569.2,319.2,0.9124,1.1047,1,1,0
2026-09-28T22:09:11.837737+09:00,224969594,b882622e,2026-09-28T22:09:11.837737+09:00,2026-09-28T22:09:11.877784+09:00,rail-left-01,rail-right-01,0.6.7-draft,0.6.7-draft,mqtt,mqtt,318.05,260.97,6.526,6.802,0.132,0.159,0.049,-0.208,10.49,9.658,-0.0687,0.0306,0.04,0.0505,0.0001,-0.0031,25.16,25.27,16577,19236,2.072,2.405,6.216,7.214,194,194,20,20,0,0,0,0,-0.04410312,-0.10907432,-0.04410312,-0.10907432,-0.34425286,-0.34494057,-0.34425286,-0.34494057,0.76126871,0.75843917,0.00201746,0.00062963,0.00018017,0.00018295,0.95435,0.95435,0.49029536,0.49016675,0,0,570.2,320.2,0.9124,1.1047,1,1,0
2026-09-28T22:09:11.857606+09:00,224989462,b882622e,2026-09-28T22:09:11.857606+09:00,2026-09-28T22:09:11.897652+09:00,rail-left-01,rail-right-01,0.6.7-draft,0.6.7-draft,mqtt,mqtt,319.19,261.87,6.521,6.797,-0.091,-0.116,0.209,-0.232,10.636,9.881,-0.0645,0.0312,0.0406,0.0533,-0.0037,-0.0055,25.16,25.26,16563,19225,2.07,2.403,6.211,7.209,195,195,20,20,0,0,0,0,-0.05962401,-0.11191257,-0.05962401,-0.11191257,-0.34505538,-0.34329377,-0.34505538,-0.34329377,0.76136695,0.75744371,0.00188833,0.00045762,2.674e-05,0.00039774,0.95435,0.95435,0.49029983,0.4901215,0,0,571.2,321.2,0.9124,1.1047,1,1,0
2026-09-28T22:09:11.877722+09:00,225009578,b882622e,2026-09-28T22:09:11.877722+09:00,2026-09-28T22:09:11.917767+09:00,rail-left-01,rail-right-01,0.6.7-draft,0.6.7-draft,mqtt,mqtt,320.29,262.81,6.514,6.805,0.073,0.092,0.102,-0.159,10.457,9.798,-0.063,0.0293,0.0429,0.0558,-0.0059,-0.0101,25.15,25.27,16547,19242,2.068,2.405,6.205,7.216,196,196,20,20,0,0,0,0,-0.0749491,-0.10414775,-0.0749491,-0.10414775,-0.34597519,-0.34184864,-0.34597519,-0.34184864,0.76138482,0.75655524,0.00176185,0.00031551,-0.00012946,0.00056703,0.95435,0.95435,0.49030064,0.49008111,0,0,572.2,322.2,0.9124,1.1047,1,1,0
2026-09-28T22:09:11.897732+09:00,225029588,b882622e,2026-09-28T22:09:11.897732+09:00,2026-09-28T22:09:11.937777+09:00,rail-left-01,rail-right-01,0.6.7-draft,0.6.7-draft,mqtt,mqtt,321.43,263.71,6.508,6.807,-0.141,-0.068,0.17,-0.266,10.537,9.578,-0.0686,0.0321,0.0408,0.0481,0.0028,-0.0023,25.16,25.28,16531,19246,2.066,2.406,6.199,7.217,197,197,20,20,0,0,0,0,-0.09054478,-0.10463172,-0.09054478,-0.10463172,-0.34698351,-0.3404893,-0.34698351,-0.3404893,0.7613381,0.75571548,0.00163937,0.00019197,-0.00028411,0.00071144,0.95435,0.95435,0.49029852,0.49004294,0,0,573.2,323.2,0.9124,1.1047,1,1,0
2026-09-28T22:09:11.917630+09:00,225049486,b882622e,2026-09-28T22:09:11.917630+09:00,2026-09-28T22:09:11.957676+09:00,rail-left-01,rail-right-01,0.6.7-draft,0.6.7-draft,mqtt,mqtt,322.52,264.6,6.51,6.796,0.079,0.054,-0.031,-0.35,10.478,9.73,-0.0609,0.0321,0.042,0.0564,-0.0073,-0.0085,25.16,25.27,16537,19221,2.067,2.403,6.201,7.208,198,198,20,20,0,0,0,0,-0.10586891,-0.09910348,-0.10586891,-0.09910348,-0.34790816,-0.33898718,-0.34790816,-0.33898718,0.76131417,0.75480986,0.00153378,7.036e-05,-0.00041084,0.00086245,0.95435,0.95435,0.49029743,0.49000178,0,0,574.2,324.2,0.9124,1.1047,1,1,0
2026-09-28T22:09:11.937756+09:00,225069612,b882622e,2026-09-28T22:09:11.937756+09:00,2026-09-28T22:09:11.977801+09:00,rail-left-01,rail-right-01,0.6.7-draft,0.6.7-draft,mqtt,mqtt,323.67,265.55,6.512,6.8,0.026,0.055,0.159,-0.045,10.353,9.541,-0.0652,0.0305,0.0384,0.0513,-0.0048,-0.0065,25.15,25.27,16542,19230,2.068,2.404,6.203,7.211,199,199,20,20,0,0,0,0,-0.12100685,-0.09367937,-0.12100685,-0.09367937,-0.34875425,-0.33760378,-0.34875425,-0.33760378,0.76131162,0.75396883,0.00144208,-3.428e-05,-0.00051445,0.00098839,0.95435,0.95435,0.49029731,0.48996355,0,0,575.3,325.3,0.9124,1.1047,1,1,0
2026-09-28T22:09:11.957790+09:00,225089646,b882622e,2026-09-28T22:09:11.957790+09:00,2026-09-28T22:09:11.997836+09:00,rail-left-01,rail-right-01,0.6.7-draft,0.6.7-draft,mqtt,mqtt,324.76,266.44,6.522,6.792,0.022,0.065,-0.016,-0.329,10.429,9.643,-0.0636,0.0326,0.0417,0.0545,-0.0057,-0.0088,25.15,25.29,16565,19213,2.071,2.402,6.212,7.205,200,200,20,20,0,0,0,0,-0.13599641,-0.08797903,-0.13599641,-0.08797903,-0.34936649,-0.33613316,-0.34936649,-0.33613316,0.76140917,0.75308917,0.00137412,-0.00013588,-0.000575,0.00111606,0.95435,0.95435,0.49030175,0.48992357,0,0,576.3,326.3,0.9124,1.1047,1,1,0
2026-09-28T22:09:12.084706+09:00,225185430,b882622e,2026-09-28T22:09:12.084706+09:00,2026-09-28T22:09:12.125324+09:00,rail-left-01,rail-right-01,0.6.7-draft,0.6.7-draft,mqtt,mqtt,330.08,270.82,6.515,6.791,-0.268,-0.242,0.273,-0.457,10.323,9.499,-0.0652,0.029,0.0361,0.0649,-0.008,-0.0021,25.15,25.29,16549,19211,2.069,2.401,6.206,7.204,201,201,21,21,0,0,0,0,-0.08952997,-0.42288624,-0.08952997,-0.42288624,-0.33482551,-0.37736649,-0.33482551,-0.37736649,0.75218097,0.63704631,-0.00024161,0.00043797,0.0012206,0.00125056,0.95435,0.70235,0.48988228,0.49618106,0,0,581.1,331.1,0.9124,1.1047,1,1,0
2026-09-28T22:09:12.104830+09:00,225205554,b882622e,2026-09-28T22:09:12.104830+09:00,2026-09-28T22:09:12.145448+09:00,rail-left-01,rail-right-01,0.6.7-draft,0.6.7-draft,mqtt,mqtt,331.22,271.71,6.465,6.789,0.467,0.572,-0.223,0.328,10.531,9.94,-0.0648,0.0313,0.0364,0.0556,-0.0039,-0.0047,25.14,25.3,16425,19206,2.053,2.401,6.159,7.202,202,202,21,21,0,0,0,0,-0.09078681,-0.15827349,-0.09078681,-0.15827349,-0.33436649,-0.37599149,-0.33436649,-0.37599149,0.75089885,0.63737667,-0.00038427,0.00056254,0.00121516,0.00199664,0.95435,0.70235,0.48982401,0.49619608,0,0,582.2,332.2,0.9124,1.1047,1,1,0
2026-09-28T22:09:12.124775+09:00,225225499,b882622e,2026-09-28T22:09:12.124775+09:00,2026-09-28T22:09:12.165393+09:00,rail-left-01,rail-right-01,0.6.7-draft,0.6.7-draft,mqtt,mqtt,332.32,272.65,6.435,6.8,-0.308,-0.373,0.132,-0.505,10.543,9.817,-0.0661,0.0312,0.042,0.0581,-0.0061,-0.006,25.13,25.29,16350,19230,2.044,2.404,6.131,7.211,203,203,21,21,0,0,0,0,-0.09316339,-0.24811047,-0.09316339,-0.24811047,-0.33439824,-0.37614427,-0.33439824,-0.37614427,0.74941933,0.63824472,-0.00053951,0.00103998,0.00115315,0.00130227,0.95435,0.70235,0.48975675,0.49623553,0,0,583.2,333.2,0.9124,1.1047,1,1,0
2026-09-28T22:09:12.144820+09:00,225245544,b882622e,2026-09-28T22:09:12.144820+09:00,2026-09-28T22:09:12.185438+09:00,rail-left-01,rail-right-01,0.6.7-draft,0.6.7-draft,mqtt,mqtt,333.46,273.55,6.422,6.806,0.184,0.207,0.265,-0.28,10.531,9.574,-0.0663,0.0294,0.0393,0.0556,-0.0107,-0.0103,25.18,25.28,16317,19244,2.04,2.406,6.119,7.217,204,204,21,21,0,0,0,0,-0.09570414,-0.15519897,-0.09570414,-0.15519897,-0.33463212,-0.37686649,-0.33463212,-0.37686649,0.74788448,0.63923917,-0.0006902,0.00144104,0.00107295,0.00053105,0.95435,0.70235,0.48968699,0.49628074,0,0,584.2,334.2,0.9124,1.1047,1,1,0
2026-09-28T22:09:12.165501+09:00,225266225,b882622e,2026-09-28T22:09:12.165501+09:00,2026-09-28T22:09:12.206119+09:00,rail-left-01,rail-right-01,0.6.7-draft,0.6.7-draft,mqtt,mqtt,334.6,274.49,6.402,6.805,-0.269,-0.154,0.054,-0.317,10.472,9.586,-0.0644,0.033,0.0438,0.0608,-0.0117,-0.0065,25.15,25.3,16267,19243,2.033,2.405,6.1,7.216,205,205,21,21,0,0,0,0,-0.32461855,-0.17306716,-0.32461855,-0.17306716,-0.36936649,-0.37736649,-0.36936649,-0.37736649,0.64118917,0.64000735,0.0,0.00160802,0.0,0.00012841,0.66535,0.70235,0.49636937,0.49631565,0,0,585.3,335.3,0.9124,1.1047,1,1,0
2026-09-28T22:09:12.185472+09:00,225286196,b882622e,2026-09-28T22:09:12.185472+09:00,2026-09-28T22:09:12.226090+09:00,rail-left-01,rail-right-01,0.6.7-draft,0.6.7-draft,mqtt,mqtt,335.75,275.39,6.395,6.819,0.098,0.117,-0.158,-0.381,10.418,9.817,-0.0648,0.0301,0.0386,0.0593,-0.0119,-0.0112,25.16,25.28,16250,19273,2.031,2.409,6.094,7.227,206,206,21,21,0,0,0,0,-0.33505413,-0.12377687,-0.33505413,-0.12377687,-0.37286649,-0.37894983,-0.37286649,-0.37894983,0.63943917,0.64123084,-0.00608696,0.00200128,-0.01217391,-0.00077024,0.66535,0.70235,0.49628983,0.49637127,0,0,586.3,336.3,0.9124,1.1047,1,1,0
2026-09-28T22:09:12.204858+09:00,225305582,b882622e,2026-09-28T22:09:12.204858+09:00,2026-09-28T22:09:12.245476+09:00,rail-left-01,rail-right-01,0.6.7-draft,0.6.7-draft,mqtt,mqtt,336.79,276.28,6.39,6.814,-0.023,0.06,-0.054,0.169,10.505,10.039,-0.063,0.0328,0.0376,0.0541,-0.0101,-0.0048,25.15,25.27,16237,19263,2.03,2.408,6.089,7.224,207,207,21,21,0,0,0,0,-0.34916165,-0.09467983,-0.34916165,-0.09467983,-0.37569983,-0.37990495,-0.37569983,-0.37990495,0.6380225,0.64207378,-0.00549013,0.00212421,-0.01098025,-0.00114812,0.69835,0.70235,0.49622543,0.49640958,0,0,587.3,337.3,0.9124,1.1047,1,1,0
2026-09-28T22:09:12.224781+09:00,225325505,b882622e,2026-09-28T22:09:12.224781+09:00,2026-09-28T22:09:12.265399+09:00,rail-left-01,rail-right-01,0.6.7-draft,0.6.7-draft,mqtt,mqtt,337.94,277.18,6.383,6.82,-0.008,-0.016,0.116,-0.336,10.509,9.708,-0.0655,0.0289,0.0432,0.0589,-0.0103,-0.0072,25.15,25.31,16221,19276,2.028,2.41,6.083,7.229,208,208,21,21,0,0,0,0,-0.36445413,-0.08487148,-0.36445413,-0.08487148,-0.37886649,-0.38115221,-0.37886649,-0.38115221,0.63643917,0.6430106,-0.00561076,0.00228242,-0.01122152,-0.00160573,0.70235,0.70235,0.49615346,0.49645216,0,0,588.3,338.3,0.9124,1.1047,1,1,0
2026-09-28T22:09:12.244857+09:00,225345581,b882622e,2026-09-28T22:09:12.244857+09:00,2026-09-28T22:09:12.285475+09:00,rail-left-01,rail-right-01,0.6.7-draft,0.6.7-draft,mqtt,mqtt,339.03,278.12,6.383,6.826,0.045,-0.006,-0.023,-0.318,10.43,9.748,-0.0644,0.0276,0.041,0.0572,-0.0128,-0.0077,25.14,25.28,16220,19289,2.028,2.411,6.083,7.233,209,209,21,21,0,0,0,0,-0.3785987,-0.0744853,-0.3785987,-0.0744853,-0.38076649,-0.38263316,-0.38076649,-0.38263316,0.63548917,0.6440225,-0.00452857,0.00245807,-0.00905714,-0.00210312,0.70235,0.70235,0.49611028,0.49649816,0,0,589.3,339.3,0.9124,1.1047,1,1,0
2026-09-28T22:09:12.264903+09:00,225365627,b882622e,2026-09-28T22:09:12.264903+09:00,2026-09-28T22:09:12.305521+09:00,rail-left-01,rail-right-01,0.6.7-draft,0.6.7-draft,mqtt,mqtt,340.17,279.02,6.402,6.819,0.031,0.014,0.207,-0.107,10.449,9.579,-0.0641,0.0314,0.0421,0.0537,-0.0043,-0.0027,25.14,25.3,16268,19274,2.034,2.409,6.101,7.228,210,210,21,21,0,0,0,0,-0.39236335,-0.06178403,-0.39236335,-0.06178403,-0.37886649,-0.38349149,-0.37886649,-0.38349149,0.63643917,0.64468917,-0.00109031,0.00245078,-0.00218061,-0.0022323,0.70235,0.70235,0.49615346,0.49652846,0,0,590.3,340.3,0.9124,1.1047,1,1,0
2026-09-28T22:09:12.398397+09:00,225494458,b882622e,2026-09-28T22:09:12.398397+09:00,2026-09-28T22:09:12.436936+09:00,rail-left-01,rail-right-01,0.6.7-draft,0.6.7-draft,mqtt,mqtt,347.38,284.89,6.42,6.831,0.0,0.053,0.109,-0.342,10.586,9.591,-0.0655,0.0326,0.0389,0.0572,-0.0099,-0.0073,25.15,25.27,16312,19299,2.039,2.412,6.117,7.237,211,211,22,22,0,0,0,0,-0.06812133,-0.1733472,-0.06812133,-0.1733472,-0.38319002,-0.09940353,-0.38319002,-0.09940353,0.64580682,0.79387435,0.00244941,0.0257187,-0.00140453,0.04766663,0.77935,0.84235,0.49657926,0.50330961,0,0,596.9,346.9,0.9124,1.1047,1,1,0
2026-09-28T22:09:12.418583+09:00,225514644,b882622e,2026-09-28T22:09:12.418583+09:00,2026-09-28T22:09:12.457122+09:00,rail-left-01,rail-right-01,0.6.7-draft,0.6.7-draft,mqtt,mqtt,348.53,285.83,7.351,7.112,-0.141,-0.153,0.267,-0.245,10.068,9.801,-0.0674,0.033,0.0438,0.0572,-0.0065,-0.006,25.16,25.29,18630,19924,2.329,2.491,6.986,7.472,212,212,22,22,0,0,0,0,-0.0771983,-0.1911507,-0.0771983,-0.1911507,-0.33119983,-0.10897364,-0.33119983,-0.10897364,0.67266139,0.7998856,0.01589032,0.02429681,0.02602082,0.03895612,0.77935,0.84235,0.49779993,0.50358285,0,0,598.0,348.0,0.9124,1.1047,1,1,0
2026-09-28T22:09:12.438733+09:00,225534794,b882622e,2026-09-28T22:09:12.438733+09:00,2026-09-28T22:09:12.477272+09:00,rail-left-01,rail-right-01,0.6.7-draft,0.6.7-draft,mqtt,mqtt,349.62,286.73,7.495,7.225,0.099,0.219,0.124,-0.267,10.649,9.621,-0.0649,0.0293,0.0393,0.0501,-0.0053,-0.0071,25.14,25.31,18987,20174,2.373,2.522,7.12,7.565,213,213,22,22,0,0,0,0,-0.08691126,-0.17139853,-0.08691126,-0.17139853,-0.27710333,-0.12178029,-0.27710333,-0.12178029,0.70047864,0.80743055,0.02546118,0.02365073,0.04556335,0.03116809,0.84235,0.84235,0.49906435,0.5039258,0,0,599.0,349.0,0.9124,1.1047,1,1,0
2026-09-28T22:09:12.458546+09:00,225554607,b882622e,2026-09-28T22:09:12.458546+09:00,2026-09-28T22:09:12.497085+09:00,rail-left-01,rail-right-01,0.6.7-draft,0.6.7-draft,mqtt,mqtt,350.76,287.62,7.545,7.335,-0.078,-0.057,0.032,-0.481,10.353,10.041,-0.0642,0.0316,0.0432,0.0596,-0.0064,-0.0091,25.13,25.29,19112,20418,2.389,2.552,7.167,7.657,214,214,22,22,0,0,0,0,-0.09814989,-0.17889111,-0.09814989,-0.17889111,-0.22591649,-0.13739983,-0.22591649,-0.13739983,0.72676417,0.81630584,0.03193135,0.02352526,0.05882779,0.02408103,0.84235,0.84235,0.50025914,0.50432922,0,0,600.0,350.0,0.9124,1.1047,1,1,600
2026-09-28T22:09:12.478774+09:00,225574835,b882622e,2026-09-28T22:09:12.478774+09:00,2026-09-28T22:09:12.517313+09:00,rail-left-01,rail-right-01,0.6.7-draft,0.6.7-draft,mqtt,mqtt,351.91,288.56,7.493,7.468,0.127,0.116,0.162,-0.075,10.444,9.777,-0.0636,0.0288,0.0434,0.0632,-0.0081,-0.0081,25.16,25.26,18984,20713,2.373,2.589,7.119,7.767,215,215,22,22,0,0,0,0,-0.10956931,-0.17029408,-0.10956931,-0.17029408,-0.18208078,-0.15630198,-0.18208078,-0.15630198,0.74930822,0.82675368,0.03562023,0.02385366,0.06648105,0.01733173,0.84235,0.84235,0.50128387,0.50480412,0,0,601.0,351.0,0.9124,1.1047,1,1,0
2026-09-28T22:09:12.498748+09:00,225594809,b882622e,2026-09-28T22:09:12.498748+09:00,2026-09-28T22:09:12.537287+09:00,rail-left-01,rail-right-01,0.6.7-draft,0.6.7-draft,mqtt,mqtt,353.0,289.46,7.35,7.575,-0.127,-0.077,0.071,-0.314,10.587,9.766,-0.0641,0.0306,0.0433,0.0597,-0.0071,-0.0053,25.15,25.26,18628,20951,2.329,2.619,6.986,7.857,216,216,22,22,0,0,0,0,-0.1223471,-0.17928826,-0.1223471,-0.17928826,-0.14873013,-0.17736649,-0.14873013,-0.17736649,0.7665528,0.83822042,0.0368448,0.02442313,0.06916885,0.01105931,0.84235,0.84235,0.50206772,0.50532534,0,0,602.0,352.0,0.9124,1.1047,1,1,0
2026-09-28T22:09:12.518489+09:00,225614550,b882622e,2026-09-28T22:09:12.518489+09:00,2026-09-28T22:09:12.557028+09:00,rail-left-01,rail-right-01,0.6.7-draft,0.6.7-draft,mqtt,mqtt,354.09,290.35,7.235,7.633,0.068,0.109,0.068,-0.356,10.459,9.629,-0.0665,0.0353,0.0429,0.0572,-0.01,-0.0069,25.16,25.29,18341,21080,2.293,2.635,6.878,7.905,217,217,22,22,0,0,0,0,-0.13526645,-0.17178463,-0.13526645,-0.17178463,-0.12327954,-0.19891195,-0.12327954,-0.19891195,0.77979786,0.84987099,0.03666242,0.02501002,0.06901605,0.00549594,0.84235,0.84235,0.50266977,0.50585491,0,0,603.0,353.0,0.9124,1.1047,1,1,0
2026-09-28T22:09:12.538586+09:00,225634647,b882622e,2026-09-28T22:09:12.538586+09:00,2026-09-28T22:09:12.577125+09:00,rail-left-01,rail-right-01,0.6.7-draft,0.6.7-draft,mqtt,mqtt,355.24,291.3,7.041,7.688,0.005,0.025,0.026,-0.135,10.441,9.776,-0.0648,0.0302,0.0402,0.0558,-0.0096,-0.0065,25.16,25.29,17858,21201,2.232,2.65,6.697,7.95,218,218,22,22,0,0,0,0,-0.14851176,-0.17172005,-0.14851176,-0.17172005,-0.10803316,-0.22080767,-0.10803316,-0.22080767,0.7878975,0.86164505,0.03501157,0.02559537,0.06590806,0.00050363,0.84235,0.84235,0.50303793,0.50639009,0,0,604.1,354.1,0.9124,1.1047,1,1,0
2026-09-28T22:09:12.558461+09:00,225654522,b882622e,2026-09-28T22:09:12.558461+09:00,2026-09-28T22:09:12.597000+09:00,rail-left-01,rail-right-01,0.6.7-draft,0.6.7-draft,mqtt,mqtt,356.33,292.19,6.868,7.692,-0.065,0.01,0.172,-0.284,10.55,9.519,-0.0616,0.035,0.0396,0.0548,-0.0136,-0.0063,25.15,25.3,17428,21209,2.179,2.651,6.536,7.953,219,219,22,22,0,0,0,0,-0.16227014,-0.17294828,-0.16227014,-0.17294828,-0.10092649,-0.24156649,-0.10092649,-0.24156649,0.79188917,0.87280345,0.03249276,0.02603342,0.06104727,-0.00371818,0.84235,0.84235,0.50321937,0.50689729,0,0,605.1,355.1,0.9124,1.1047,1,1,0
2026-09-28T22:09:12.578490+09:00,225674551,b882622e,2026-09-28T22:09:12.578490+09:00,2026-09-28T22:09:12.617029+09:00,rail-left-01,rail-right-01,0.6.7-draft,0.6.7-draft,mqtt,mqtt,357.47,293.09,6.724,7.649,-0.085,-0.049,0.17,-0.017,10.495,9.888,-0.0659,0.0333,0.0388,0.0529,-0.0121,-0.006,25.16,25.27,17068,21114,2.134,2.639,6.401,7.918,220,220,22,22,0,0,0,0,-0.17650361,-0.17860702,-0.17650361,-0.17860702,-0.09990495,-0.2599776,-0.09990495,-0.2599776,0.79280455,0.88274472,0.02951797,0.02622544,0.05526213,-0.00706237,0.84235,0.84235,0.50326098,0.50734917,0,0,606.1,356.1,0.9124,1.1047,1,1,0
2026-09-28T22:09:12.713232+09:00,225803661,b882622e,2026-09-28T22:09:12.713232+09:00,2026-09-28T22:09:12.799927+09:00,rail-left-01,rail-right-01,0.6.7-draft,0.6.7-draft,mqtt,mqtt,364.68,299.01,6.658,7.613,-0.142,-0.078,0.218,-0.582,10.264,9.645,-0.0558,0.0366,0.0298,0.0562,-0.0133,-0.0092,25.15,25.28,16904,21034,2.113,2.629,6.339,7.888,221,221,23,23,0,0,0,0,-0.19171065,-0.29964709,-0.19171065,-0.29964709,-0.2791773,-0.42525538,-0.2791773,-0.42525538,0.89125674,0.93333361,0.02563467,0.01957468,-0.01077621,-0.02661869,0.84235,1.08935,0.50773608,0.50964866,0,0,612.7,362.7,0.9124,1.1047,1,1,0
2026-09-28T22:09:12.733335+09:00,225823764,b882622e,2026-09-28T22:09:12.733335+09:00,2026-09-28T22:09:12.820029+09:00,rail-left-01,rail-right-01,0.6.7-draft,0.6.7-draft,mqtt,mqtt,365.78,299.9,6.487,6.981,-0.03,0.074,0.077,0.18,10.193,9.643,-0.0586,0.0357,0.0398,0.0521,-0.0151,-0.0055,25.16,25.28,16479,19632,2.06,2.454,6.18,7.362,222,222,23,23,0,0,0,0,-0.20502967,-0.28432668,-0.20502967,-0.28432668,-0.30186649,-0.42562736,-0.30186649,-0.42562736,0.89707075,0.93029786,0.02459163,0.0174551,-0.01471179,-0.02455046,0.84235,1.08935,0.50800035,0.50951068,0,0,613.7,363.7,0.9124,1.1047,1,1,0
2026-09-28T22:09:12.753367+09:00,225843796,b882622e,2026-09-28T22:09:12.753367+09:00,2026-09-28T22:09:12.840062+09:00,rail-left-01,rail-right-01,0.6.7-draft,0.6.7-draft,mqtt,mqtt,366.92,300.8,6.492,6.921,-0.059,0.068,0.164,-0.358,10.49,9.564,-0.06,0.0332,0.044,0.0606,-0.0167,-0.0068,25.14,25.25,16491,19499,2.061,2.437,6.184,7.312,223,223,23,23,0,0,0,0,-0.21864727,-0.26998977,-0.21864727,-0.26998977,-0.32326393,-0.42470692,-0.32326393,-0.42470692,0.90265071,0.926753,0.02367512,0.01555044,-0.01787077,-0.02256767,0.84235,1.08935,0.50825399,0.50934955,0,0,614.7,364.7,0.9124,1.1047,1,1,0
2026-09-28T22:09:12.773313+09:00,225863742,b882622e,2026-09-28T22:09:12.773313+09:00,2026-09-28T22:09:12.860007+09:00,rail-left-01,rail-right-01,0.6.7-draft,0.6.7-draft,mqtt,mqtt,368.01,301.74,6.458,6.896,-0.02,0.038,-0.202,-0.218,10.896,9.892,-0.0695,0.0358,0.0278,0.0472,-0.0123,-0.0093,25.15,25.29,16407,19443,2.051,2.43,6.153,7.291,224,224,23,23,0,0,0,0,-0.23216904,-0.25814224,-0.23216904,-0.25814224,-0.34444149,-0.42330399,-0.34444149,-0.42330399,0.90752667,0.92309542,0.02276799,0.01387388,-0.02061166,-0.02077143,1.08935,1.08935,0.50847562,0.50918329,0,0,615.7,365.7,0.9124,1.1047,1,1,0
2026-09-28T22:09:12.793369+09:00,225883798,b882622e,2026-09-28T22:09:12.793369+09:00,2026-09-28T22:09:12.880064+09:00,rail-left-01,rail-right-01,0.6.7-draft,0.6.7-draft,mqtt,mqtt,369.11,302.64,6.516,6.874,0.03,0.051,0.133,-0.309,10.208,9.659,-0.0655,0.0309,0.0341,0.0545,-0.0101,-0.0107,25.15,25.26,16550,19396,2.069,2.425,6.206,7.274,225,225,23,23,0,0,0,0,-0.24553992,-0.24595138,-0.24553992,-0.24595138,-0.36317137,-0.42150935,-0.36317137,-0.42150935,0.9128721,0.91936264,0.02208153,0.01238858,-0.02259637,-0.01913914,1.08935,1.08935,0.5087186,0.50901362,0,0,616.7,366.7,0.9124,1.1047,1,1,0
2026-09-28T22:09:12.813342+09:00,225903771,b882622e,2026-09-28T22:09:12.813342+09:00,2026-09-28T22:09:12.900037+09:00,rail-left-01,rail-right-01,0.6.7-draft,0.6.7-draft,mqtt,mqtt,370.25,303.53,6.565,6.867,-0.093,0.013,-0.019,-0.294,10.654,9.444,-0.0652,0.0369,0.0364,0.0534,-0.0088,-0.0056,25.13,25.29,16672,19379,2.084,2.422,6.252,7.267,226,226,23,23,0,0,0,0,-0.25909247,-0.23636458,-0.25909247,-0.23636458,-0.37984268,-0.41964649,-0.37984268,-0.41964649,0.91854631,0.91570917,0.02154991,0.01108253,-0.02401536,-0.01768705,1.08935,1.08935,0.50897651,0.50884755,0,0,617.8,367.8,0.9124,1.1047,1,1,0
2026-09-28T22:09:12.833262+09:00,225923691,b882622e,2026-09-28T22:09:12.833262+09:00,2026-09-28T22:09:12.919957+09:00,rail-left-01,rail-right-01,0.6.7-draft,0.6.7-draft,mqtt,mqtt,371.35,304.47,6.579,6.863,0.029,0.045,-0.049,-0.255,10.102,9.84,-0.0629,0.0337,0.0398,0.0621,-0.0111,-0.0085,25.14,25.31,16709,19371,2.089,2.421,6.266,7.264,227,227,23,23,0,0,0,0,-0.2725229,-0.22547052,-0.2725229,-0.22547052,-0.395413,-0.41777826,-0.395413,-0.41777826,0.9241194,0.91215976,0.02107558,0.00992674,-0.02511859,-0.01638987,1.08935,1.08935,0.50922984,0.50868622,0,0,618.8,368.8,0.9124,1.1047,1,1,0
2026-09-28T22:09:12.853375+09:00,225943804,b882622e,2026-09-28T22:09:12.853375+09:00,2026-09-28T22:09:12.940070+09:00,rail-left-01,rail-right-01,0.6.7-draft,0.6.7-draft,mqtt,mqtt,372.49,305.37,6.569,6.862,-0.029,0.059,-0.158,-0.229,10.593,9.558,-0.0663,0.0384,0.0414,0.0609,-0.0113,-0.0059,25.15,25.26,16682,19368,2.085,2.421,6.256,7.263,228,228,23,23,0,0,0,0,-0.28598651,-0.2141376,-0.28598651,-0.2141376,-0.41050286,-0.41596265,-0.41050286,-0.41596265,0.92932553,0.90873725,0.02060109,0.00890235,-0.02605375,-0.01523266,1.08935,1.08935,0.50946648,0.50853065,0,0,619.8,369.8,0.9124,1.1047,1,1,0
2026-09-28T22:09:12.873389+09:00,225963818,b882622e,2026-09-28T22:09:12.873389+09:00,2026-09-28T22:09:12.960083+09:00,rail-left-01,rail-right-01,0.6.7-draft,0.6.7-draft,mqtt,mqtt,373.58,306.31,6.536,6.849,-0.11,-0.04,0.103,-0.083,10.372,9.766,-0.0642,0.0354,0.0369,0.0576,-0.0105,-0.0061,25.18,25.26,16600,19339,2.075,2.417,6.225,7.252,229,229,23,23,0,0,0,0,,-0.2085993,,-0.2085993,,-0.41397027,,-0.41397027,,0.90532124,,0.00797231,,-0.01416144,,1.08935,0.0,0.50837537,0,0,620.8,370.8,0.9124,1.1047,1,1,0
2026-09-28T22:09:12.893278+09:00,225983707,b882622e,2026-09-28T22:09:12.893278+09:00,2026-09-28T22:09:12.979973+09:00,rail-left-01,rail-right-01,0.6.7-draft,0.6.7-draft,mqtt,mqtt,374.68,307.21,6.518,6.823,0.068,0.109,0.078,-0.12,10.441,9.759,-0.0618,0.0341,0.036,0.0561,-0.0111,-0.006,25.15,25.27,16556,19281,2.07,2.41,6.209,7.23,230,230,23,23,0,0,0,0,,-0.19543942,,-0.19543942,,-0.4115702,,-0.4115702,,0.90179102,,0.00710845,,-0.01313423,,1.08935,0.0,0.50821491,0,0,621.8,371.8,0.9124,1.1047,1,1,0
2026-09-28T22:09:13.029769+09:00,226168447,b882622e,2026-09-28T22:09:13.029769+09:00,2026-09-28T22:09:13.107970+09:00,rail-left-01,rail-right-01,0.6.7-draft,0.6.7-draft,mqtt,mqtt,384.97,315.61,6.503,6.811,0.024,-0.022,-0.11,-0.11,10.289,9.706,-0.0743,0.0273,0.036,0.0549,-0.0107,-0.0069,25.15,25.28,16519,19256,2.065,2.407,6.195,7.221,231,231,24,24,0,0,0,0,-0.18837715,-0.28744935,-0.18837715,-0.28744935,-0.40953013,-0.29036649,-0.40953013,-0.29036649,0.8982528,0.69968917,0.00606582,0.0,-0.01189399,0.0,1.08935,0.69035,0.50805408,0.43694653,0,0,631.2,381.2,0.9124,1.1047,1,1,0
2026-09-28T22:09:13.049881+09:00,226188559,b882622e,2026-09-28T22:09:13.049881+09:00,2026-09-28T22:09:13.128082+09:00,rail-left-01,rail-right-01,0.6.7-draft,0.6.7-draft,mqtt,mqtt,386.11,316.56,6.496,6.774,0.001,0.055,-0.008,-0.188,10.49,9.7,-0.0758,0.0257,0.0328,0.0517,-0.0116,-0.0096,25.16,25.29,16502,19173,2.063,2.397,6.188,7.19,232,232,24,24,0,0,0,0,-0.18236475,-0.18060366,-0.18236475,-0.18060366,-0.40768792,-0.27186649,-0.40768792,-0.27186649,0.89477845,0.69043917,0.0051558,-0.03894737,-0.01083358,0.07789474,1.08935,0.69035,0.50789616,0.43650605,0,0,632.3,382.3,0.9124,1.1047,1,1,0
2026-09-28T22:09:13.069809+09:00,226208487,b882622e,2026-09-28T22:09:13.069809+09:00,2026-09-28T22:09:13.148010+09:00,rail-left-01,rail-right-01,0.6.7-draft,0.6.7-draft,mqtt,mqtt,387.21,317.45,6.522,6.764,0.022,0.053,-0.043,-0.318,10.323,9.618,-0.0673,0.0312,0.0362,0.0514,-0.0095,-0.0041,25.16,25.27,16567,19152,2.071,2.394,6.213,7.182,233,233,24,24,0,0,0,0,-0.17730074,-0.14698759,-0.17730074,-0.14698759,-0.40545421,-0.26236649,-0.40545421,-0.26236649,0.89165408,0.68568917,0.00439579,-0.02569387,-0.0098408,0.05138774,1.08935,0.69035,0.50775414,0.43627986,0,0,633.3,383.3,0.9124,1.1047,1,1,0
2026-09-28T22:09:13.089934+09:00,226228612,b882622e,2026-09-28T22:09:13.089934+09:00,2026-09-28T22:09:13.168135+09:00,rail-left-01,rail-right-01,0.6.7-draft,0.6.7-draft,mqtt,mqtt,388.35,318.35,6.529,6.743,0.019,0.101,0.083,-0.275,10.391,9.664,-0.069,0.0293,0.0338,0.0536,-0.0093,-0.0053,25.16,25.29,16583,19105,2.073,2.388,6.219,7.164,234,234,24,24,0,0,0,0,,-0.09603114,,-0.09603114,,-0.25236649,,-0.25236649,,0.68068917,,-0.02356598,,0.04713195,,0.69035,0.0,0.43604176,0,0,634.3,384.3,0.9124,1.1047,1,1,0
2026-09-28T22:09:13.109943+09:00,226248621,b882622e,2026-09-28T22:09:13.109943+09:00,2026-09-28T22:09:13.188144+09:00,rail-left-01,rail-right-01,0.6.7-draft,0.6.7-draft,mqtt,mqtt,389.44,319.29,6.518,6.712,-0.072,-0.113,0.278,-0.164,10.43,9.693,-0.0678,0.0249,0.034,0.055,-0.0083,-0.0057,25.16,25.27,16555,19036,2.069,2.38,6.208,7.139,235,235,24,24,0,0,0,0,,-0.18692931,,-0.18692931,,-0.24016649,,-0.24016649,,0.67458917,,-0.02507118,,0.05014236,,0.69035,0.0,0.43575129,0,0,635.3,385.3,0.9124,1.1047,1,1,0
2026-09-28T22:09:13.130376+09:00,226269054,b882622e,2026-09-28T22:09:13.130376+09:00,2026-09-28T22:09:13.208577+09:00,rail-left-01,rail-right-01,0.6.7-draft,0.6.7-draft,mqtt,mqtt,390.59,320.19,6.512,6.671,0.068,0.177,0.202,-0.257,10.398,9.707,-0.0707,0.0249,0.032,0.0464,-0.0089,-0.0041,25.13,25.28,16541,18944,2.068,2.368,6.203,7.104,236,236,24,24,0,0,0,0,,-0.11040095,,-0.11040095,,-0.22519983,,-0.22519983,,0.66710584,,-0.02837264,,0.05674527,,0.69035,0.0,0.43539494,0,0,636.3,386.3,0.9124,1.1047,1,1,0
2026-09-28T22:09:13.149798+09:00,226288476,b882622e,2026-09-28T22:09:13.149798+09:00,2026-09-28T22:09:13.227999+09:00,rail-left-01,rail-right-01,0.6.7-draft,0.6.7-draft,mqtt,mqtt,391.63,321.08,6.502,6.637,0.004,0.014,0.199,-0.204,10.49,9.525,-0.0679,0.029,0.0405,0.0586,-0.0108,-0.0105,25.17,25.27,16517,18870,2.065,2.359,6.194,7.076,237,237,24,24,0,0,0,0,,-0.12201928,,-0.12201928,,-0.20965221,,-0.20965221,,0.65933203,,-0.03057679,,0.06115358,,0.69035,0.0,0.43502476,0,0,637.3,387.3,0.9124,1.1047,1,1,0
2026-09-28T22:09:13.169938+09:00,226308616,b882622e,2026-09-28T22:09:13.169938+09:00,2026-09-28T22:09:13.248139+09:00,rail-left-01,rail-right-01,0.6.7-draft,0.6.7-draft,mqtt,mqtt,392.77,322.03,6.497,6.617,0.054,0.103,0.011,-0.163,10.253,9.601,-0.0705,0.0365,0.0366,0.0528,-0.0075,-0.0063,25.13,25.27,16503,18826,2.063,2.353,6.189,7.06,238,238,24,24,0,0,0,0,,-0.09892712,,-0.09892712,,-0.19549149,,-0.19549149,,0.65225167,,-0.03067877,,0.06135755,,0.69035,0.0,0.4346876,0,0,638.3,388.3,0.9124,1.1047,1,1,0
2026-09-28T22:09:13.189883+09:00,226328561,b882622e,2026-09-28T22:09:13.189883+09:00,2026-09-28T22:09:13.268084+09:00,rail-left-01,rail-right-01,0.6.7-draft,0.6.7-draft,mqtt,mqtt,393.87,322.92,6.512,6.604,0.041,0.081,-0.073,-0.032,10.398,9.984,-0.0709,0.0354,0.0374,0.0582,-0.0081,-0.0063,25.14,25.27,16542,18796,2.068,2.35,6.203,7.049,239,239,24,24,0,0,0,0,,-0.08793522,,-0.08793522,,-0.18303316,,-0.18303316,,0.6460225,,-0.02968249,,0.05936497,,0.69035,0.0,0.43439097,0,0,639.3,389.3,0.9124,1.1047,1,1,0
2026-09-28T22:09:13.209874+09:00,226348552,b882622e,2026-09-28T22:09:13.209874+09:00,2026-09-28T22:09:13.288075+09:00,rail-left-01,rail-right-01,0.6.7-draft,0.6.7-draft,mqtt,mqtt,394.96,323.82,6.5,6.607,-0.081,-0.085,0.211,-0.304,10.497,9.795,-0.0657,0.0269,0.0429,0.0574,-0.0083,-0.0055,25.16,25.31,16512,18803,2.064,2.35,6.192,7.051,240,240,24,24,0,0,0,0,,-0.12601183,,-0.12601183,,-0.17336649,,-0.17336649,,0.64118917,,-0.02740182,,0.05480364,,0.69035,0.0,0.43416081,0,0,640.3,390.3,0.9124,1.1047,1,1,0
2026-09-28T22:09:13.336504+09:00,226477437,b882622e,2026-09-28T22:09:13.336504+09:00,2026-09-28T22:09:13.419004+09:00,rail-left-01,rail-right-01,0.6.7-draft,0.6.7-draft,mqtt,mqtt,402.12,329.68,6.489,6.615,0.097,0.045,0.062,-0.087,10.299,9.883,-0.0662,0.0309,0.0373,0.0633,-0.0108,-0.0067,25.14,25.3,16484,18821,2.061,2.353,6.182,7.058,241,241,25,25,0,0,0,0,-0.17284619,,-0.17284619,,-0.1664574,,-0.1664574,,0.63673462,,-0.0156892,,0.02892748,,0.69035,,0.43394869,0.0,0,0,646.9,396.9,0.9124,1.1047,1,1,0
2026-09-28T22:09:13.356630+09:00,226497563,b882622e,2026-09-28T22:09:13.356630+09:00,2026-09-28T22:09:13.439130+09:00,rail-left-01,rail-right-01,0.6.7-draft,0.6.7-draft,mqtt,mqtt,403.26,330.63,6.473,6.613,-0.086,-0.029,0.262,-0.145,10.531,9.717,-0.0659,0.0321,0.0336,0.0566,-0.0047,0.002,25.14,25.29,16445,18816,2.056,2.352,6.167,7.056,242,242,25,25,0,0,0,0,-0.21556468,,-0.21556468,,-0.16203316,,-0.16203316,,0.63235584,,-0.01316218,,0.02124682,,0.72435,,0.43374018,0.0,0,0,647.9,397.9,0.9124,1.1047,1,1,0
2026-09-28T22:09:13.376649+09:00,226517582,b882622e,2026-09-28T22:09:13.376649+09:00,2026-09-28T22:09:13.459149+09:00,rail-left-01,rail-right-01,0.6.7-draft,0.6.7-draft,mqtt,mqtt,404.36,331.52,6.489,6.625,0.075,0.06,-0.001,-0.411,10.454,9.61,-0.0645,0.0308,0.0388,0.0597,-0.0079,-0.004,25.15,25.28,16484,18843,2.061,2.355,6.182,7.066,243,243,25,25,0,0,0,0,,,,,,,,,,,,,,,,,0.0,0.0,0,0,648.9,398.9,0.9124,1.1047,1,1,0
2026-09-28T22:09:13.396634+09:00,226537567,b882622e,2026-09-28T22:09:13.396634+09:00,2026-09-28T22:09:13.479134+09:00,rail-left-01,rail-right-01,0.6.7-draft,0.6.7-draft,mqtt,mqtt,405.45,332.42,6.485,6.638,-0.031,-0.041,-0.139,-0.165,10.382,9.705,-0.0663,0.0322,0.0382,0.0586,-0.0072,-0.0037,25.17,25.28,16473,18872,2.059,2.359,6.177,7.077,244,244,25,25,0,0,0,0,,-0.27429632,,-0.27429632,,-0.16259726,,-0.16259726,,0.62888148,,-0.00618189,,0.00592747,,0.72435,0.0,0.43357473,0,0,649.9,399.9,0.9124,1.1047,1,1,0
2026-09-28T22:09:13.416892+09:00,226557825,b882622e,2026-09-28T22:09:13.416892+09:00,2026-09-28T22:09:13.499392+09:00,rail-left-01,rail-right-01,0.6.7-draft,0.6.7-draft,mqtt,mqtt,406.6,333.36,6.472,6.638,0.065,0.047,0.194,-0.291,10.572,9.773,-0.065,0.0309,0.0389,0.0576,-0.0067,-0.0039,25.16,25.29,16441,18872,2.055,2.359,6.165,7.077,245,245,25,25,0,0,0,0,,-0.26983511,,-0.26983511,,-0.16308078,,-0.16308078,,0.62590345,,-0.00498074,,0.00339724,,0.72435,0.0,0.43343292,0,0,651.0,401.0,0.9124,1.1047,1,1,0
2026-09-28T22:09:13.436936+09:00,226577869,b882622e,2026-09-28T22:09:13.436936+09:00,2026-09-28T22:09:13.519436+09:00,rail-left-01,rail-right-01,0.6.7-draft,0.6.7-draft,mqtt,mqtt,407.69,334.26,6.46,6.631,-0.047,-0.02,0.122,-0.192,10.549,9.609,-0.0648,0.0297,0.0385,0.0544,-0.0068,-0.0047,25.15,25.27,16412,18857,2.052,2.357,6.155,7.071,246,246,25,25,0,0,0,0,,-0.27880257,,-0.27880257,,-0.16303316,,-0.16303316,,0.62308917,,-0.00452777,,0.00250194,,0.72435,0.0,0.43329891,0,0,651.9,401.9,0.9124,1.1047,1,1,0
2026-09-28T22:09:13.456513+09:00,226597446,b882622e,2026-09-28T22:09:13.456513+09:00,2026-09-28T22:09:13.539013+09:00,rail-left-01,rail-right-01,0.6.7-draft,0.6.7-draft,mqtt,mqtt,408.78,335.15,6.465,6.624,0.03,0.047,-0.025,-0.166,10.458,9.779,-0.0658,0.0234,0.0357,0.0536,-0.0084,-0.0073,25.16,25.28,16424,18840,2.053,2.355,6.159,7.065,247,247,25,25,0,0,0,0,,-0.27461346,,-0.27461346,,-0.16255399,,-0.16255399,,0.62040792,,-0.00431152,,0.00212238,,0.72435,0.0,0.43317123,0,0,652.9,402.9,0.9124,1.1047,1,1,0
2026-09-28T22:09:13.476625+09:00,226617558,b882622e,2026-09-28T22:09:13.476625+09:00,2026-09-28T22:09:13.559125+09:00,rail-left-01,rail-right-01,0.6.7-draft,0.6.7-draft,mqtt,mqtt,409.88,336.1,6.458,6.591,0.016,0.059,0.218,-0.144,10.446,10.291,-0.0616,0.0306,0.0324,0.0508,-0.006,-0.0055,25.13,25.32,16407,18768,2.051,2.346,6.153,7.038,248,248,25,25,0,0,0,0,,-0.26866647,,-0.26866647,,-0.16019002,,-0.16019002,,0.61707152,,-0.00437102,,0.00231507,,0.72435,0.0,0.43301235,0,0,653.9,403.9,0.9124,1.1047,1,1,0
2026-09-28T22:09:13.496544+09:00,226637477,b882622e,2026-09-28T22:09:13.496544+09:00,2026-09-28T22:09:13.579044+09:00,rail-left-01,rail-right-01,0.6.7-draft,0.6.7-draft,mqtt,mqtt,411.02,336.99,6.458,6.593,0.158,0.147,0.148,-0.287,10.575,9.795,-0.0633,0.0337,0.0456,0.0593,-0.0075,-0.0093,25.17,25.29,16406,18772,2.051,2.347,6.152,7.04,249,249,25,25,0,0,0,0,,-0.24982183,,-0.24982183,,-0.15819983,,-0.15819983,,0.61416139,,-0.00437759,,0.00240999,,0.72435,0.0,0.43287377,0,0,655.0,405.0,0.9124,1.1047,1,1,0
2026-09-28T22:09:13.516526+09:00,226657459,b882622e,2026-09-28T22:09:13.516526+09:00,2026-09-28T22:09:13.599026+09:00,rail-left-01,rail-right-01,0.6.7-draft,0.6.7-draft,mqtt,mqtt,412.11,337.89,6.448,6.606,-0.122,-0.107,-0.078,-0.251,10.512,9.686,-0.0618,0.0353,0.0416,0.0548,-0.0083,-0.0037,25.14,25.27,16381,18800,2.048,2.35,6.143,7.05,250,250,25,25,0,0,0,0,,-0.27086162,,-0.27086162,,-0.15710333,,-0.15710333,,0.61189969,,-0.00429867,,0.00233866,,0.72435,0.0,0.43276607,0,0,656.0,406.0,0.9124,1.1047,1,1,0
2026-09-28T22:09:13.655611+09:00,226786538,b882622e,2026-09-28T22:09:13.655611+09:00,2026-09-28T22:09:13.696006+09:00,rail-left-01,rail-right-01,0.6.7-draft,0.6.7-draft,mqtt,mqtt,419.27,343.8,6.446,6.615,0.093,0.05,-0.261,-0.239,10.501,9.88,-0.0703,0.0294,0.0373,0.0544,-0.0035,0.0036,25.14,25.28,16378,18820,2.047,2.353,6.142,7.058,251,251,26,26,0,0,0,0,,,,,,,,,,,,,,,,,0.0,0.0,0,0,662.5,412.5,0.9124,1.1047,1,1,0
2026-09-28T22:09:13.675710+09:00,226806637,b882622e,2026-09-28T22:09:13.675710+09:00,2026-09-28T22:09:13.716105+09:00,rail-left-01,rail-right-01,0.6.7-draft,0.6.7-draft,mqtt,mqtt,420.37,344.7,6.413,6.63,-0.031,-0.004,-0.042,-0.138,10.578,9.59,-0.0629,0.0317,0.0414,0.0522,-0.0099,-0.0043,25.14,25.28,16295,18853,2.037,2.357,6.111,7.07,252,252,26,26,0,0,0,0,,,,,,,,,,,,,,,,,0.0,0.0,0,0,663.5,413.5,0.9124,1.1047,1,1,0
2026-09-28T22:09:13.695639+09:00,226826566,b882622e,2026-09-28T22:09:13.695639+09:00,2026-09-28T22:09:13.736034+09:00,rail-left-01,rail-right-01,0.6.7-draft,0.6.7-draft,mqtt,mqtt,421.46,345.59,6.422,6.638,-0.019,0.047,0.108,-0.333,10.491,9.662,-0.0687,0.0357,0.04,0.054,-0.0064,-0.0012,25.17,25.28,16316,18871,2.039,2.359,6.118,7.077,253,253,26,26,0,0,0,0,,,,,,,,,,,,,,,,,0.0,0.0,0,0,664.5,414.5,0.9124,1.1047,1,1,0
2026-09-28T22:09:13.715744+09:00,226846671,b882622e,2026-09-28T22:09:13.715744+09:00,2026-09-28T22:09:13.756139+09:00,rail-left-01,rail-right-01,0.6.7-draft,0.6.7-draft,mqtt,mqtt,422.61,346.54,6.437,6.64,-0.114,0.0,0.268,-0.182,10.335,9.682,-0.0659,0.0332,0.0373,0.0508,-0.0069,-0.0047,25.16,25.29,16355,18875,2.044,2.359,6.133,7.078,254,254,26,26,0,0,0,0,,,,,,,,,,,,,,,,,0.0,0.0,0,0,665.6,415.6,0.9124,1.1047,1,1,0
2026-09-28T22:09:13.735643+09:00,226866570,b882622e,2026-09-28T22:09:13.735643+09:00,2026-09-28T22:09:13.776038+09:00,rail-left-01,rail-right-01,0.6.7-draft,0.6.7-draft,mqtt,mqtt,423.7,347.43,6.45,6.646,-0.032,0.013,0.292,-0.208,10.521,9.656,-0.067,0.0305,0.0436,0.0609,-0.0091,-0.0053,25.14,25.27,16386,18890,2.048,2.361,6.145,7.084,255,255,26,26,0,0,0,0,,,,,,,,,,,,,,,,,0.0,0.0,0,0,666.6,416.6,0.9124,1.1047,1,1,0
2026-09-28T22:09:13.755667+09:00,226886594,b882622e,2026-09-28T22:09:13.755667+09:00,2026-09-28T22:09:13.796062+09:00,rail-left-01,rail-right-01,0.6.7-draft,0.6.7-draft,mqtt,mqtt,424.84,348.33,6.447,6.664,-0.042,0.028,0.062,-0.34,10.459,9.663,-0.0665,0.0314,0.0388,0.0566,-0.008,-0.0069,25.14,25.29,16380,18929,2.048,2.366,6.143,7.098,256,256,26,26,0,0,0,0,,,,,,,,,,,,,,,,,0.0,0.0,0,0,667.6,417.6,0.9124,1.1047,1,1,0
2026-09-28T22:09:13.775777+09:00,226906704,b882622e,2026-09-28T22:09:13.775777+09:00,2026-09-28T22:09:13.816172+09:00,rail-left-01,rail-right-01,0.6.7-draft,0.6.7-draft,mqtt,mqtt,425.94,349.27,6.448,6.665,0.008,0.079,0.147,-0.014,10.427,9.864,-0.0637,0.0324,0.0374,0.0569,-0.0109,-0.0055,25.16,25.28,16383,18931,2.048,2.366,6.144,7.099,257,257,26,26,0,0,0,0,,-0.30335009,,-0.30335009,,-0.15886649,,-0.15886649,,0.61143917,,-0.00291206,,0.0010233,,0.72435,0.0,0.43274414,0,0,668.6,418.6,0.9124,1.1047,1,1,0
2026-09-28T22:09:13.795704+09:00,226926631,b882622e,2026-09-28T22:09:13.795704+09:00,2026-09-28T22:09:13.836099+09:00,rail-left-01,rail-right-01,0.6.7-draft,0.6.7-draft,mqtt,mqtt,427.03,350.17,6.456,6.666,0.018,0.045,0.141,-0.219,10.351,9.803,-0.0636,0.0313,0.0398,0.0617,-0.0095,-0.0051,25.16,25.27,16401,18933,2.05,2.367,6.15,7.1,258,258,26,26,0,0,0,0,,-0.2935239,,-0.2935239,,-0.16050935,,-0.16050935,,0.61104631,,-0.00227181,,0.00041855,,0.72435,0.0,0.43272544,0,0,669.6,419.6,0.9124,1.1047,1,1,0
2026-09-28T22:09:13.815664+09:00,226946591,b882622e,2026-09-28T22:09:13.815664+09:00,2026-09-28T22:09:13.856059+09:00,rail-left-01,rail-right-01,0.6.7-draft,0.6.7-draft,mqtt,mqtt,428.17,351.06,6.448,6.682,0.012,0.04,0.056,-0.172,10.602,9.698,-0.0654,0.0306,0.0405,0.0589,-0.0067,-0.0037,25.18,25.3,16381,18969,2.048,2.371,6.143,7.113,259,259,26,26,0,0,0,0,,-0.28526598,,-0.28526598,,-0.16273013,,-0.16273013,,0.6110528,,-0.00183878,,-5.187e-05,,0.72435,0.0,0.43272575,0,0,670.6,420.6,0.9124,1.1047,1,1,0
2026-09-28T22:09:13.835873+09:00,226966800,b882622e,2026-09-28T22:09:13.835873+09:00,2026-09-28T22:09:13.876268+09:00,rail-left-01,rail-right-01,0.6.7-draft,0.6.7-draft,mqtt,mqtt,429.27,352.01,6.452,6.692,-0.079,-0.041,-0.019,-0.32,10.28,9.793,-0.0628,0.0308,0.037,0.0584,-0.0083,-0.0056,25.16,25.27,16393,18992,2.049,2.374,6.147,7.122,260,260,26,26,0,0,0,0,,-0.2877553,,-0.2877553,,-0.16519258,,-0.16519258,,0.61127613,,-0.00152309,,-0.0004186,,0.72435,0.0,0.43273638,0,0,671.6,421.6,0.9124,1.1047,1,1,0
2026-09-28T22:09:13.922405+09:00,227063456,b882622e,2026-09-28T22:09:13.922405+09:00,2026-09-28T22:09:14.006577+09:00,rail-left-01,rail-right-01,0.6.7-draft,0.6.7-draft,mqtt,mqtt,434.64,356.38,6.455,6.693,0.326,0.351,0.09,-0.184,10.563,9.561,-0.0637,0.0321,0.0405,0.0597,-0.0081,-0.0072,25.15,25.28,16400,18994,2.05,2.374,6.15,7.123,261,261,27,27,0,0,0,0,,,,,,,,,,,,,,,,,0.0,0.0,0,0,676.5,426.5,0.9124,1.1047,1,1,0
2026-09-28T22:09:13.942539+09:00,227083589,b882622e,2026-09-28T22:09:13.942539+09:00,2026-09-28T22:09:14.026710+09:00,rail-left-01,rail-right-01,0.6.7-draft,0.6.7-draft,mqtt,mqtt,435.73,357.33,6.459,6.744,-0.213,-0.162,0.132,-0.35,10.387,9.567,-0.0681,0.0332,0.0424,0.057,-0.0031,-0.0017,25.16,25.28,16409,19106,2.051,2.388,6.153,7.165,262,262,27,27,0,0,0,0,,,,,,,,,,,,,,,,,0.0,0.0,0,0,677.5,427.5,0.9124,1.1047,1,1,0
2026-09-28T22:09:13.962477+09:00,227103527,b882622e,2026-09-28T22:09:13.962477+09:00,2026-09-28T22:09:14.046648+09:00,rail-left-01,rail-right-01,0.6.7-draft,0.6.7-draft,mqtt,mqtt,436.87,358.22,6.454,6.753,0.123,0.16,0.212,-0.175,10.308,9.664,-0.0634,0.034,0.0353,0.0582,-0.0039,-0.0064,25.17,25.27,16398,19127,2.05,2.391,6.149,7.173,263,263,27,27,0,0,0,0,,,,,,,,,,,,,,,,,0.0,0.0,0,0,678.6,428.6,0.9124,1.1047,1,1,0
2026-09-28T22:09:13.982413+09:00,227123463,b882622e,2026-09-28T22:09:13.982413+09:00,2026-09-28T22:09:14.066584+09:00,rail-left-01,rail-right-01,0.6.7-draft,0.6.7-draft,mqtt,mqtt,437.97,359.16,6.471,6.748,-0.169,-0.151,0.043,-0.289,10.429,9.867,-0.0682,0.0296,0.0344,0.0604,0.0013,0.0008,25.15,25.28,16438,19116,2.055,2.39,6.164,7.169,264,264,27,27,0,0,0,0,,,,,,,,,,,,,,,,,0.0,0.0,0,0,679.6,429.6,0.9124,1.1047,1,1,0
2026-09-28T22:09:14.002470+09:00,227143520,b882622e,2026-09-28T22:09:14.002470+09:00,2026-09-28T22:09:14.086641+09:00,rail-left-01,rail-right-01,0.6.7-draft,0.6.7-draft,mqtt,mqtt,439.06,360.06,6.468,6.761,0.065,0.181,-0.063,-0.476,10.429,9.734,-0.0673,0.0305,0.0365,0.0592,-0.0068,-0.0092,25.15,25.28,16432,19145,2.054,2.393,6.162,7.179,265,265,27,27,0,0,0,0,,,,,,,,,,,,,,,,,0.0,0.0,0,0,680.6,430.6,0.9124,1.1047,1,1,0
2026-09-28T22:09:14.022403+09:00,227163454,b882622e,2026-09-28T22:09:14.022403+09:00,2026-09-28T22:09:14.106575+09:00,rail-left-01,rail-right-01,0.6.7-draft,0.6.7-draft,mqtt,mqtt,440.21,360.95,6.472,6.763,-0.063,-0.051,0.068,0.186,10.555,9.951,-0.0636,0.0309,0.0352,0.057,-0.0036,-0.0024,25.17,25.28,16441,19149,2.055,2.394,6.165,7.181,266,266,27,27,0,0,0,0,,,,,,,,,,,,,,,,,0.0,0.0,0,0,681.6,431.6,0.9124,1.1047,1,1,0
2026-09-28T22:09:14.042478+09:00,227183528,b882622e,2026-09-28T22:09:14.042478+09:00,2026-09-28T22:09:14.126649+09:00,rail-left-01,rail-right-01,0.6.7-draft,0.6.7-draft,mqtt,mqtt,441.3,361.9,6.49,6.773,0.142,0.196,-0.005,-0.241,10.464,9.735,-0.064,0.0317,0.0353,0.0556,-0.0056,-0.0037,25.14,25.29,16486,19171,2.061,2.396,6.182,7.189,267,267,27,27,0,0,0,0,,,,,,,,,,,,,,,,,0.0,0.0,0,0,682.6,432.6,0.9124,1.1047,1,1,0
2026-09-28T22:09:14.062427+09:00,227203477,b882622e,2026-09-28T22:09:14.062427+09:00,2026-09-28T22:09:14.146598+09:00,rail-left-01,rail-right-01,0.6.7-draft,0.6.7-draft,mqtt,mqtt,442.44,362.79,6.513,6.787,-0.281,-0.215,0.278,-0.183,10.32,9.494,-0.058,0.032,0.0368,0.0526,-0.0041,0.0017,25.16,25.28,16543,19201,2.068,2.4,6.204,7.2,268,268,27,27,0,0,0,0,,,,,,,,,,,,,,,,,0.0,0.0,0,0,683.7,433.7,0.9124,1.1047,1,1,0
2026-09-28T22:09:14.082539+09:00,227223589,b882622e,2026-09-28T22:09:14.082539+09:00,2026-09-28T22:09:14.166710+09:00,rail-left-01,rail-right-01,0.6.7-draft,0.6.7-draft,mqtt,mqtt,443.54,363.69,6.557,6.79,0.057,0.095,-0.002,-0.442,10.396,9.607,-0.0589,0.0338,0.0389,0.0494,-0.0052,-0.0055,25.15,25.28,16654,19209,2.082,2.401,6.245,7.203,269,269,27,27,0,0,0,0,,,,,,,,,,,,,,,,,0.0,0.0,0,0,684.7,434.7,0.9124,1.1047,1,1,0
2026-09-28T22:09:14.102402+09:00,227243452,b882622e,2026-09-28T22:09:14.102402+09:00,2026-09-28T22:09:14.186573+09:00,rail-left-01,rail-right-01,0.6.7-draft,0.6.7-draft,mqtt,mqtt,444.63,364.58,6.594,6.806,0.029,0.047,-0.041,-0.055,10.361,9.708,-0.0608,0.0324,0.038,0.0554,-0.0045,-0.0048,25.14,25.29,16745,19245,2.093,2.406,6.279,7.217,270,270,27,27,0,0,0,0,,,,,,,,,,,,,,,,,0.0,0.0,0,0,685.7,435.7,0.9124,1.1047,1,1,0
2026-09-28T22:09:14.234184+09:00,227375552,b882622e,2026-09-28T22:09:14.234184+09:00,2026-09-28T22:09:14.295119+09:00,rail-left-01,rail-right-01,0.6.7-draft,0.6.7-draft,mqtt,mqtt,451.99,370.65,6.606,6.809,-0.048,0.014,0.035,-0.213,10.713,9.81,-0.0605,0.0333,0.043,0.0572,-0.0073,-0.0084,25.15,25.28,16776,19251,2.097,2.406,6.291,7.219,271,271,28,28,0,0,0,0,,,,,,,,,,,,,,,,,0.0,0.0,0,0,692.4,442.4,0.9124,1.1047,1,1,0
2026-09-28T22:09:14.254359+09:00,227395727,b882622e,2026-09-28T22:09:14.254359+09:00,2026-09-28T22:09:14.315294+09:00,rail-left-01,rail-right-01,0.6.7-draft,0.6.7-draft,mqtt,mqtt,453.13,371.54,6.606,6.855,-0.057,0.029,0.278,-0.362,10.445,9.687,-0.0637,0.033,0.0361,0.0553,-0.004,-0.0027,25.17,25.27,16775,19354,2.097,2.419,6.291,7.258,272,272,28,28,0,0,0,0,,,,,,,,,,,,,,,,,0.0,0.0,0,0,693.4,443.4,0.9124,1.1047,1,1,0
2026-09-28T22:09:14.274310+09:00,227415678,b882622e,2026-09-28T22:09:14.274310+09:00,2026-09-28T22:09:14.335245+09:00,rail-left-01,rail-right-01,0.6.7-draft,0.6.7-draft,mqtt,mqtt,454.23,372.49,6.616,6.857,0.025,0.035,0.012,-0.304,10.4,9.768,-0.0648,0.031,0.0365,0.0584,-0.0083,-0.0093,25.14,25.28,16801,19358,2.1,2.42,6.3,7.259,273,273,28,28,0,0,0,0,,,,,,,,,,,,,,,,,0.0,0.0,0,0,694.4,444.4,0.9124,1.1047,1,1,0
2026-09-28T22:09:14.294287+09:00,227435655,b882622e,2026-09-28T22:09:14.294287+09:00,2026-09-28T22:09:14.355222+09:00,rail-left-01,rail-right-01,0.6.7-draft,0.6.7-draft,mqtt,mqtt,455.37,373.38,6.599,6.856,0.029,0.051,0.049,-0.13,10.549,9.7,-0.0616,0.0338,0.0454,0.0616,-0.0091,-0.0064,25.16,25.29,16757,19355,2.095,2.419,6.284,7.258,274,274,28,28,0,0,0,0,,,,,,,,,,,,,,,,,0.0,0.0,0,0,695.4,445.4,0.9124,1.1047,1,1,0
2026-09-28T22:09:14.314340+09:00,227455708,b882622e,2026-09-28T22:09:14.314340+09:00,2026-09-28T22:09:14.375275+09:00,rail-left-01,rail-right-01,0.6.7-draft,0.6.7-draft,mqtt,mqtt,456.46,374.28,6.6,6.864,-0.029,0.011,0.132,-0.267,10.472,9.579,-0.0654,0.0346,0.0369,0.0522,-0.0081,-0.0033,25.18,25.26,16761,19373,2.095,2.422,6.285,7.265,275,275,28,28,0,0,0,0,,,,,,,,,,,,,,,,,0.0,0.0,0,0,696.4,446.4,0.9124,1.1047,1,1,0
2026-09-28T22:09:14.334374+09:00,227475742,b882622e,2026-09-28T22:09:14.334374+09:00,2026-09-28T22:09:14.395309+09:00,rail-left-01,rail-right-01,0.6.7-draft,0.6.7-draft,mqtt,mqtt,457.61,375.22,6.61,6.858,-0.03,-0.022,-0.249,-0.419,10.336,9.782,-0.0655,0.0329,0.0386,0.0572,-0.0105,-0.006,25.14,25.28,16784,19359,2.098,2.42,6.294,7.26,276,276,28,28,0,0,0,0,,,,,,,,,,,,,,,,,0.0,0.0,0,0,697.5,447.5,0.9124,1.1047,1,1,0
2026-09-28T22:09:14.354301+09:00,227495669,b882622e,2026-09-28T22:09:14.354301+09:00,2026-09-28T22:09:14.415236+09:00,rail-left-01,rail-right-01,0.6.7-draft,0.6.7-draft,mqtt,mqtt,458.7,376.12,6.608,6.855,0.004,0.012,0.11,0.054,10.658,9.888,-0.0673,0.0332,0.0382,0.0552,-0.0093,-0.0092,25.16,25.27,16780,19354,2.098,2.419,6.293,7.258,277,277,28,28,0,0,0,0,,,,,,,,,,,,,,,,,0.0,0.0,0,0,698.5,448.5,0.9124,1.1047,1,1,0
2026-09-28T22:09:14.374305+09:00,227515673,b882622e,2026-09-28T22:09:14.374305+09:00,2026-09-28T22:09:14.435240+09:00,rail-left-01,rail-right-01,0.6.7-draft,0.6.7-draft,mqtt,mqtt,459.79,377.06,6.634,6.858,-0.03,0.049,0.142,-0.368,10.618,9.789,-0.0694,0.0336,0.0325,0.053,-0.0064,-0.0087,25.15,25.28,16844,19359,2.105,2.42,6.316,7.26,278,278,28,28,0,0,0,0,,,,,,,,,,,,,,,,,0.0,0.0,0,0,699.5,449.5,0.9124,1.1047,1,1,0
2026-09-28T22:09:14.394255+09:00,227535623,b882622e,2026-09-28T22:09:14.394255+09:00,2026-09-28T22:09:14.455190+09:00,rail-left-01,rail-right-01,0.6.7-draft,0.6.7-draft,mqtt,mqtt,460.94,377.96,6.668,6.848,-0.048,-0.044,-0.178,-0.184,10.339,9.659,-0.0697,0.0296,0.034,0.054,-0.0083,-0.0044,25.14,25.31,16929,19338,2.116,2.417,6.348,7.252,279,279,28,28,0,0,0,0,,,,,,,,,,,,,,,,,0.0,0.0,0,0,700.5,450.5,0.9124,1.1047,1,1,0
2026-09-28T22:09:14.414585+09:00,227555953,b882622e,2026-09-28T22:09:14.414585+09:00,2026-09-28T22:09:14.475520+09:00,rail-left-01,rail-right-01,0.6.7-draft,0.6.7-draft,mqtt,mqtt,462.08,378.9,6.656,6.837,0.095,0.057,0.129,-0.217,10.619,9.608,-0.067,0.0334,0.0393,0.0556,-0.0069,-0.0068,25.13,25.28,16899,19312,2.112,2.414,6.337,7.242,280,280,28,28,0,0,0,0,,,,,,,,,,,,,,,,,0.0,0.0,0,0,701.6,451.6,0.9124,1.1047,1,1,0
2026-09-28T22:09:14.567867+09:00,227662447,b882622e,2026-09-28T22:09:14.567867+09:00,2026-09-28T22:09:14.645866+09:00,rail-left-01,rail-right-01,0.6.7-draft,0.6.7-draft,mqtt,mqtt,468.0,383.83,6.655,6.829,-0.018,0.05,0.067,-0.109,10.463,9.761,-0.065,0.0286,0.0432,0.0517,-0.0016,-0.004,25.15,25.31,16898,19295,2.112,2.412,6.337,7.236,281,281,29,29,0,0,0,0,,,,,,,,,,,,,,,,,0.0,0.0,0,0,707.0,457.0,0.9124,1.1047,1,1,0
2026-09-28T22:09:14.587992+09:00,227682573,b882622e,2026-09-28T22:09:14.587992+09:00,2026-09-28T22:09:14.665992+09:00,rail-left-01,rail-right-01,0.6.7-draft,0.6.7-draft,mqtt,mqtt,469.14,384.77,6.608,6.769,0.104,0.087,0.093,-0.113,10.342,9.742,-0.0663,0.0258,0.0389,0.0513,-0.0013,-0.0021,25.18,25.29,16780,19162,2.098,2.395,6.293,7.186,282,282,29,29,0,0,0,0,,,,,,,,,,,,,,,,,0.0,0.0,0,0,708.0,458.0,0.9124,1.1047,1,1,0
2026-09-28T22:09:14.608005+09:00,227702586,b882622e,2026-09-28T22:09:14.608005+09:00,2026-09-28T22:09:14.686005+09:00,rail-left-01,rail-right-01,0.6.7-draft,0.6.7-draft,mqtt,mqtt,470.24,385.71,6.606,6.744,-0.108,0.012,-0.066,-0.359,10.37,9.555,-0.067,0.0237,0.0397,0.0501,-0.0033,-0.0037,25.17,25.29,16774,19106,2.097,2.388,6.29,7.165,283,283,29,29,0,0,0,0,,,,,,,,,,,,,,,,,0.0,0.0,0,0,709.0,459.0,0.9124,1.1047,1,1,0
2026-09-28T22:09:14.627946+09:00,227722527,b882622e,2026-09-28T22:09:14.627946+09:00,2026-09-28T22:09:14.705946+09:00,rail-left-01,rail-right-01,0.6.7-draft,0.6.7-draft,mqtt,mqtt,471.33,386.61,6.579,6.705,0.035,0.069,0.227,-0.104,10.386,9.653,-0.0653,0.0249,0.0305,0.0449,-0.004,-0.0017,25.16,25.29,16709,19020,2.089,2.378,6.266,7.133,284,284,29,29,0,0,0,0,,,,,,,,,,,,,,,,,0.0,0.0,0,0,710.0,460.0,0.9124,1.1047,1,1,0
2026-09-28T22:09:14.647991+09:00,227742571,b882622e,2026-09-28T22:09:14.647991+09:00,2026-09-28T22:09:14.725990+09:00,rail-left-01,rail-right-01,0.6.7-draft,0.6.7-draft,mqtt,mqtt,472.47,387.55,6.585,6.662,0.013,0.066,0.018,-0.401,10.278,9.764,-0.0634,0.0322,0.0409,0.0569,-0.0101,-0.0117,25.14,25.27,16723,18925,2.09,2.366,6.271,7.097,285,285,29,29,0,0,0,0,,,,,,,,,,,,,,,,,0.0,0.0,0,0,711.1,461.1,0.9124,1.1047,1,1,0
2026-09-28T22:09:14.668125+09:00,227762706,b882622e,2026-09-28T22:09:14.668125+09:00,2026-09-28T22:09:14.746125+09:00,rail-left-01,rail-right-01,0.6.7-draft,0.6.7-draft,mqtt,mqtt,473.62,388.5,6.567,6.659,0.042,0.099,0.06,-0.081,10.546,9.679,-0.0617,0.0308,0.0409,0.0602,-0.008,-0.0063,25.15,25.27,16678,18917,2.085,2.365,6.254,7.094,286,286,29,29,0,0,0,0,,,,,,,,,,,,,,,,,0.0,0.0,0,0,712.1,462.1,0.9124,1.1047,1,1,0
2026-09-28T22:09:14.687947+09:00,227782527,b882622e,2026-09-28T22:09:14.687947+09:00,2026-09-28T22:09:14.765946+09:00,rail-left-01,rail-right-01,0.6.7-draft,0.6.7-draft,mqtt,mqtt,474.71,389.39,6.562,6.659,-0.217,-0.151,0.012,-0.436,10.339,9.622,-0.0659,0.029,0.0328,0.0577,-0.0073,-0.0004,25.16,25.28,16666,18918,2.083,2.365,6.25,7.094,287,287,29,29,0,0,0,0,,,,,,,,,,,,,,,,,0.0,0.0,0,0,713.1,463.1,0.9124,1.1047,1,1,0
2026-09-28T22:09:14.708004+09:00,227802584,b882622e,2026-09-28T22:09:14.708004+09:00,2026-09-28T22:09:14.786003+09:00,rail-left-01,rail-right-01,0.6.7-draft,0.6.7-draft,mqtt,mqtt,475.8,390.34,6.548,6.647,0.069,0.171,-0.062,-0.14,10.441,9.584,-0.0622,0.0342,0.0441,0.052,-0.002,0.0021,25.18,25.27,16630,18892,2.079,2.362,6.236,7.085,288,288,29,29,0,0,0,0,,,,,,,,,,,,,,,,,0.0,0.0,0,0,714.1,464.1,0.9124,1.1047,1,1,0
2026-09-28T22:09:14.727956+09:00,227822537,b882622e,2026-09-28T22:09:14.727956+09:00,2026-09-28T22:09:14.805956+09:00,rail-left-01,rail-right-01,0.6.7-draft,0.6.7-draft,mqtt,mqtt,476.95,391.28,6.524,6.643,0.01,0.022,0.23,-0.217,10.264,9.59,-0.0652,0.0302,0.0436,0.055,-0.0005,-0.0015,25.17,25.27,16571,18882,2.071,2.36,6.214,7.081,289,289,29,29,0,0,0,0,,,,,,,,,,,,,,,,,0.0,0.0,0,0,715.1,465.1,0.9124,1.1047,1,1,0
2026-09-28T22:09:14.748375+09:00,227842955,b882622e,2026-09-28T22:09:14.748375+09:00,2026-09-28T22:09:14.826374+09:00,rail-left-01,rail-right-01,0.6.7-draft,0.6.7-draft,mqtt,mqtt,478.09,392.23,6.529,6.651,-0.014,-0.001,-0.065,-0.438,10.448,9.65,-0.0658,0.0309,0.0421,0.0529,-0.0045,-0.0068,25.16,25.26,16583,18900,2.073,2.363,6.219,7.088,290,290,29,29,0,0,0,0,,,,,,,,,,,,,,,,,0.0,0.0,0,0,716.2,466.2,0.9124,1.1047,1,1,0
2026-09-28T22:09:14.876716+09:00,228014443,b882622e,2026-09-28T22:09:14.876716+09:00,2026-09-28T22:09:14.913276+09:00,rail-left-01,rail-right-01,0.6.7-draft,0.6.7-draft,mqtt,mqtt,487.64,400.18,6.514,6.648,0.0,0.062,0.148,-0.207,10.339,9.823,-0.0636,0.0317,0.048,0.0545,-0.004,-0.0021,25.16,25.29,16547,18894,2.068,2.362,6.205,7.085,291,291,30,30,0,0,0,0,,,,,,,,,,,,,,,,,0.0,0.0,0,0,724.9,474.9,0.9124,1.1047,1,1,0
2026-09-28T22:09:14.896818+09:00,228034545,b882622e,2026-09-28T22:09:14.896818+09:00,2026-09-28T22:09:14.933378+09:00,rail-left-01,rail-right-01,0.6.7-draft,0.6.7-draft,mqtt,mqtt,488.78,401.13,6.437,6.624,0.01,0.029,0.136,-0.418,10.396,9.686,-0.0644,0.0306,0.0466,0.0585,-0.0076,-0.0089,25.16,25.29,16355,18840,2.044,2.355,6.133,7.065,292,292,30,30,0,0,0,0,,,,,,,,,,,,,,,,,0.0,0.0,0,0,725.9,475.9,0.9124,1.1047,1,1,0
2026-09-28T22:09:14.916836+09:00,228054563,b882622e,2026-09-28T22:09:14.916836+09:00,2026-09-28T22:09:14.953396+09:00,rail-left-01,rail-right-01,0.6.7-draft,0.6.7-draft,mqtt,mqtt,489.87,402.02,6.4,6.619,-0.002,0.085,0.166,-0.202,10.394,9.731,-0.0657,0.0306,0.0397,0.0528,-0.0071,-0.0055,25.16,25.28,16263,18829,2.033,2.354,6.099,7.061,293,293,30,30,0,0,0,0,,,,,,,,,,,,,,,,,0.0,0.0,0,0,726.9,476.9,0.9124,1.1047,1,1,0
2026-09-28T22:09:14.936791+09:00,228074518,b882622e,2026-09-28T22:09:14.936791+09:00,2026-09-28T22:09:14.973351+09:00,rail-left-01,rail-right-01,0.6.7-draft,0.6.7-draft,mqtt,mqtt,491.02,402.97,6.401,6.62,-0.012,-0.023,-0.034,-0.289,10.337,9.662,-0.0629,0.0281,0.0424,0.0597,-0.0107,-0.0112,25.16,25.29,16265,18832,2.033,2.354,6.099,7.062,294,294,30,30,0,0,0,0,,,,,,,,,,,,,,,,,0.0,0.0,0,0,728.0,478.0,0.9124,1.1047,1,1,0
2026-09-28T22:09:14.956936+09:00,228094663,b882622e,2026-09-28T22:09:14.956936+09:00,2026-09-28T22:09:14.993496+09:00,rail-left-01,rail-right-01,0.6.7-draft,0.6.7-draft,mqtt,mqtt,492.11,403.91,6.379,6.62,0.02,0.148,0.012,-0.208,10.324,9.784,-0.0679,0.0349,0.0362,0.0574,-0.0085,-0.0037,25.17,25.29,16210,18831,2.026,2.354,6.079,7.062,295,295,30,30,0,0,0,0,,,,,,,,,,,,,,,,,0.0,0.0,0,0,729.0,479.0,0.9124,1.1047,1,1,0
2026-09-28T22:09:14.976950+09:00,228114677,b882622e,2026-09-28T22:09:14.976950+09:00,2026-09-28T22:09:15.013510+09:00,rail-left-01,rail-right-01,0.6.7-draft,0.6.7-draft,mqtt,mqtt,493.25,404.81,6.369,6.619,-0.03,-0.004,0.024,-0.308,10.423,9.528,-0.0645,0.0313,0.0414,0.0593,-0.0093,-0.0064,25.15,25.29,16184,18830,2.023,2.354,6.069,7.061,296,296,30,30,0,0,0,0,,,,,,,,,,,,,,,,,0.0,0.0,0,0,730.0,480.0,0.9124,1.1047,1,1,0
2026-09-28T22:09:14.996862+09:00,228134589,b882622e,2026-09-28T22:09:14.996862+09:00,2026-09-28T22:09:15.033422+09:00,rail-left-01,rail-right-01,0.6.7-draft,0.6.7-draft,mqtt,mqtt,494.35,405.75,6.34,6.613,0.075,0.142,0.007,0.047,10.473,9.974,-0.067,0.036,0.027,0.0713,0.0019,-0.0015,25.17,25.28,16112,18817,2.014,2.352,6.042,7.056,297,297,30,30,0,0,0,0,,,,,,,,,,,,,,,,,0.0,0.0,0,0,731.0,481.0,0.9124,1.1047,1,1,0
2026-09-28T22:09:15.016799+09:00,228154526,b882622e,2026-09-28T22:09:15.016799+09:00,2026-09-28T22:09:15.053359+09:00,rail-left-01,rail-right-01,0.6.7-draft,0.6.7-draft,mqtt,mqtt,495.44,406.65,6.319,6.608,-0.256,-0.267,-0.053,-0.232,10.605,9.771,-0.0646,0.0336,0.0325,0.0598,-0.004,-0.0009,25.14,25.27,16062,18805,2.008,2.351,6.023,7.052,298,298,30,30,0,0,0,0,,,,,,,,,,,,,,,,,0.0,0.0,0,0,732.0,482.0,0.9124,1.1047,1,1,0
2026-09-28T22:09:15.036742+09:00,228174469,b882622e,2026-09-28T22:09:15.036742+09:00,2026-09-28T22:09:15.073302+09:00,rail-left-01,rail-right-01,0.6.7-draft,0.6.7-draft,mqtt,mqtt,496.59,407.59,6.322,6.596,-0.072,-0.006,0.038,-0.271,10.512,9.629,-0.0691,0.0312,0.0333,0.052,-0.0097,-0.004,25.16,25.28,16067,18778,2.008,2.347,6.025,7.042,299,299,30,30,0,0,0,0,,,,,,,,,,,,,,,,,0.0,0.0,0,0,733.1,483.1,0.9124,1.1047,1,1,0
2026-09-28T22:09:15.056932+09:00,228194659,b882622e,2026-09-28T22:09:15.056932+09:00,2026-09-28T22:09:15.093492+09:00,rail-left-01,rail-right-01,0.6.7-draft,0.6.7-draft,mqtt,mqtt,497.73,408.53,6.329,6.59,0.018,0.057,0.072,-0.291,10.339,9.529,-0.0649,0.0318,0.0437,0.0608,-0.0108,-0.0069,25.15,25.3,16085,18765,2.011,2.346,6.032,7.037,300,300,30,30,0,0,0,0,,,,,,,,,,,,,,,,,0.0,0.0,0,0,734.1,484.1,0.9124,1.1047,1,1,0
2026-09-28T22:09:15.140866+09:00,228281461,b882622e,2026-09-28T22:09:15.140866+09:00,2026-09-28T22:09:15.181485+09:00,rail-left-01,rail-right-01,0.6.7-draft,0.6.7-draft,mqtt,mqtt,502.55,412.56,6.321,6.594,-0.044,0.065,0.293,-0.245,10.315,9.706,-0.0687,0.0334,0.0428,0.0584,-0.0092,-0.0064,25.15,25.27,16066,18773,2.008,2.347,6.025,7.04,301,301,31,31,0,0,0,0,,,,,,,,,,,,,,,,,0.0,0.0,0,0,738.5,488.5,0.9124,1.1047,1,1,0
2026-09-28T22:09:15.161032+09:00,228301627,b882622e,2026-09-28T22:09:15.161032+09:00,2026-09-28T22:09:15.201651+09:00,rail-left-01,rail-right-01,0.6.7-draft,0.6.7-draft,mqtt,mqtt,503.7,413.51,6.234,6.588,0.047,0.081,0.169,-0.347,10.379,9.597,-0.0695,0.0322,0.0401,0.0649,-0.0108,-0.0101,25.17,25.27,15849,18761,1.981,2.345,5.943,7.035,302,302,31,31,0,0,0,0,,,,,,,,,,,,,,,,,0.0,0.0,0,0,739.5,489.5,0.9124,1.1047,1,1,0
2026-09-28T22:09:15.180961+09:00,228321556,b882622e,2026-09-28T22:09:15.180961+09:00,2026-09-28T22:09:15.221580+09:00,rail-left-01,rail-right-01,0.6.7-draft,0.6.7-draft,mqtt,mqtt,504.84,414.4,6.211,6.583,0.007,0.057,-0.132,0.068,10.035,9.753,-0.0569,0.036,0.029,0.05,-0.0073,-0.0005,25.16,25.29,15792,18749,1.974,2.344,5.922,7.031,303,303,31,31,0,0,0,0,,,,,,,,,,,,,,,,,0.0,0.0,0,0,740.6,490.6,0.9124,1.1047,1,1,0
2026-09-28T22:09:15.200885+09:00,228341480,b882622e,2026-09-28T22:09:15.200885+09:00,2026-09-28T22:09:15.241504+09:00,rail-left-01,rail-right-01,0.6.7-draft,0.6.7-draft,mqtt,mqtt,505.93,415.35,6.258,6.577,-0.078,-0.042,0.152,-0.262,10.578,9.567,-0.0594,0.0313,0.0397,0.0552,-0.0149,-0.0092,25.18,25.29,15910,18737,1.989,2.342,5.966,7.026,304,304,31,31,0,0,0,0,,,,,,,,,,,,,,,,,0.0,0.0,0,0,741.6,491.6,0.9124,1.1047,1,1,0
2026-09-28T22:09:15.220917+09:00,228361512,b882622e,2026-09-28T22:09:15.220917+09:00,2026-09-28T22:09:15.261536+09:00,rail-left-01,rail-right-01,0.6.7-draft,0.6.7-draft,mqtt,mqtt,507.08,416.29,6.287,6.597,-0.014,0.023,-0.139,-0.435,10.433,9.606,-0.0646,0.0322,0.0368,0.0552,-0.0136,-0.0103,25.17,25.27,15982,18781,1.998,2.348,5.993,7.043,305,305,31,31,0,0,0,0,,,,,,,,,,,,,,,,,0.0,0.0,0,0,742.6,492.6,0.9124,1.1047,1,1,0
2026-09-28T22:09:15.240993+09:00,228381588,b882622e,2026-09-28T22:09:15.240993+09:00,2026-09-28T22:09:15.281612+09:00,rail-left-01,rail-right-01,0.6.7-draft,0.6.7-draft,mqtt,mqtt,508.17,417.19,6.296,6.602,0.079,0.06,0.226,-0.251,10.319,9.821,-0.0622,0.0318,0.0413,0.0614,-0.0139,-0.0127,25.15,25.28,16003,18792,2.0,2.349,6.001,7.047,306,306,31,31,0,0,0,0,,,,,,,,,,,,,,,,,0.0,0.0,0,0,743.6,493.6,0.9124,1.1047,1,1,0
2026-09-28T22:09:15.261056+09:00,228401651,b882622e,2026-09-28T22:09:15.261056+09:00,2026-09-28T22:09:15.301675+09:00,rail-left-01,rail-right-01,0.6.7-draft,0.6.7-draft,mqtt,mqtt,509.31,418.13,6.284,6.609,-0.002,0.028,-0.081,-0.195,10.682,9.616,-0.0634,0.0344,0.0434,0.0572,-0.0041,-0.0057,25.18,25.28,15974,18808,1.997,2.351,5.99,7.053,307,307,31,31,0,0,0,0,,,,,,,,,,,,,,,,,0.0,0.0,0,0,744.7,494.7,0.9124,1.1047,1,1,0
2026-09-28T22:09:15.281040+09:00,228421635,b882622e,2026-09-28T22:09:15.281040+09:00,2026-09-28T22:09:15.321659+09:00,rail-left-01,rail-right-01,0.6.7-draft,0.6.7-draft,mqtt,mqtt,510.41,419.08,6.265,6.607,-0.002,-0.007,-0.006,-0.326,10.521,9.676,-0.0654,0.0345,0.0356,0.0536,-0.0063,-0.0032,25.14,25.27,15927,18802,1.991,2.35,5.973,7.051,308,308,31,31,0,0,0,0,,,,,,,,,,,,,,,,,0.0,0.0,0,0,745.7,495.7,0.9124,1.1047,1,1,0
2026-09-28T22:09:15.300977+09:00,228441572,b882622e,2026-09-28T22:09:15.300977+09:00,2026-09-28T22:09:15.341596+09:00,rail-left-01,rail-right-01,0.6.7-draft,0.6.7-draft,mqtt,mqtt,511.55,419.97,6.258,6.597,0.002,-0.049,0.242,-0.217,10.342,9.698,-0.0626,0.0326,0.0454,0.0657,-0.0067,-0.0088,25.14,25.26,15908,18780,1.989,2.348,5.966,7.043,309,309,31,31,0,0,0,0,,,,,,,,,,,,,,,,,0.0,0.0,0,0,746.7,496.7,0.9124,1.1047,1,1,0
2026-09-28T22:09:15.321003+09:00,228461598,b882622e,2026-09-28T22:09:15.321003+09:00,2026-09-28T22:09:15.361622+09:00,rail-left-01,rail-right-01,0.6.7-draft,0.6.7-draft,mqtt,mqtt,512.69,420.91,6.226,6.613,-0.066,0.01,0.05,-0.171,10.483,9.73,-0.0678,0.031,0.0433,0.0574,-0.0043,-0.0071,25.17,25.29,15829,18816,1.979,2.352,5.936,7.056,310,310,31,31,0,0,0,0,,,,,,,,,,,,,,,,,0.0,0.0,0,0,747.8,497.8,0.9124,1.1047,1,1,0
2026-09-28T22:09:15.455700+09:00,228549455,b882622e,2026-09-28T22:09:15.455700+09:00,2026-09-28T22:09:15.498322+09:00,rail-left-01,rail-right-01,0.6.7-draft,0.6.7-draft,mqtt,mqtt,517.57,424.99,6.207,6.608,-0.041,-0.038,0.147,-0.259,10.415,9.427,-0.0689,0.0306,0.0437,0.0562,-0.012,-0.0071,25.17,25.27,15782,18805,1.973,2.351,5.918,7.052,311,311,32,32,0,0,0,0,,,,,,,,,,,,,,,,,0.0,0.0,0,0,752.2,502.2,0.9124,1.1047,1,1,0
2026-09-28T22:09:15.475850+09:00,228569605,b882622e,2026-09-28T22:09:15.475850+09:00,2026-09-28T22:09:15.518472+09:00,rail-left-01,rail-right-01,0.6.7-draft,0.6.7-draft,mqtt,mqtt,518.71,425.94,6.206,6.642,-0.13,0.019,-0.012,-0.103,10.482,9.799,-0.0645,0.0328,0.0404,0.0525,-0.0039,-0.0051,25.16,25.31,15779,18881,1.972,2.36,5.917,7.08,312,312,32,32,0,0,0,0,,,,,,,,,,,,,,,,,0.0,0.0,0,0,753.2,503.2,0.9124,1.1047,1,1,0
2026-09-28T22:09:15.495788+09:00,228589543,b882622e,2026-09-28T22:09:15.495788+09:00,2026-09-28T22:09:15.538411+09:00,rail-left-01,rail-right-01,0.6.7-draft,0.6.7-draft,mqtt,mqtt,519.8,426.83,6.197,6.654,0.074,0.095,0.133,-0.318,10.399,9.808,-0.0637,0.0338,0.0442,0.056,-0.0024,-0.0044,25.15,25.31,15756,18906,1.97,2.363,5.909,7.09,313,313,32,32,0,0,0,0,,,,,,,,,,,,,,,,,0.0,0.0,0,0,754.2,504.2,0.9124,1.1047,1,1,0
2026-09-28T22:09:15.515833+09:00,228609588,b882622e,2026-09-28T22:09:15.515833+09:00,2026-09-28T22:09:15.558456+09:00,rail-left-01,rail-right-01,0.6.7-draft,0.6.7-draft,mqtt,mqtt,520.95,427.78,6.176,6.677,-0.03,0.048,0.156,-0.312,10.661,9.697,-0.0612,0.0325,0.0421,0.06,-0.0055,-0.0075,25.17,25.3,15706,18957,1.963,2.37,5.89,7.109,314,314,32,32,0,0,0,0,,,,,,,,,,,,,,,,,0.0,0.0,0,0,755.3,505.3,0.9124,1.1047,1,1,0
2026-09-28T22:09:15.535883+09:00,228629637,b882622e,2026-09-28T22:09:15.535883+09:00,2026-09-28T22:09:15.578504+09:00,rail-left-01,rail-right-01,0.6.7-draft,0.6.7-draft,mqtt,mqtt,522.04,428.72,6.166,6.68,-0.025,0.01,0.069,-0.098,10.497,9.74,-0.0602,0.0302,0.0397,0.06,-0.0091,-0.0065,25.17,25.3,15681,18964,1.96,2.371,5.88,7.112,315,315,32,32,0,0,0,0,,,,,,,,,,,,,,,,,0.0,0.0,0,0,756.3,506.3,0.9124,1.1047,1,1,0
2026-09-28T22:09:15.555841+09:00,228649595,b882622e,2026-09-28T22:09:15.555841+09:00,2026-09-28T22:09:15.598462+09:00,rail-left-01,rail-right-01,0.6.7-draft,0.6.7-draft,mqtt,mqtt,523.19,429.62,6.146,6.696,-0.054,-0.038,0.298,-0.277,10.651,9.807,-0.0597,0.0321,0.036,0.0532,-0.0084,-0.0036,25.16,25.26,15631,19001,1.954,2.375,5.862,7.125,316,316,32,32,0,0,0,0,,,,,,,,,,,,,,,,,0.0,0.0,0,0,757.3,507.3,0.9124,1.1047,1,1,0
2026-09-28T22:09:15.575744+09:00,228669499,b882622e,2026-09-28T22:09:15.575744+09:00,2026-09-28T22:09:15.618366+09:00,rail-left-01,rail-right-01,0.6.7-draft,0.6.7-draft,mqtt,mqtt,524.28,430.56,6.178,6.706,-0.06,-0.01,0.051,-0.376,10.472,9.693,-0.0554,0.0296,0.0345,0.055,-0.0092,-0.0101,25.17,25.28,15709,19022,1.964,2.378,5.891,7.133,317,317,32,32,0,0,0,0,,,,,,,,,,,,,,,,,0.0,0.0,0,0,758.3,508.3,0.9124,1.1047,1,1,0
2026-09-28T22:09:15.595855+09:00,228689609,b882622e,2026-09-28T22:09:15.595855+09:00,2026-09-28T22:09:15.638477+09:00,rail-left-01,rail-right-01,0.6.7-draft,0.6.7-draft,mqtt,mqtt,525.42,431.46,6.221,6.718,-0.03,0.063,-0.097,-0.162,10.488,9.631,-0.0592,0.035,0.0378,0.0548,-0.0097,-0.0069,25.16,25.31,15818,19048,1.977,2.381,5.932,7.143,318,318,32,32,0,0,0,0,,,,,,,,,,,,,,,,,0.0,0.0,0,0,759.4,509.4,0.9124,1.1047,1,1,0
2026-09-28T22:09:15.615879+09:00,228709634,b882622e,2026-09-28T22:09:15.615879+09:00,2026-09-28T22:09:15.658502+09:00,rail-left-01,rail-right-01,0.6.7-draft,0.6.7-draft,mqtt,mqtt,526.52,432.4,6.264,6.729,-0.036,0.017,0.047,-0.151,10.391,9.78,-0.0628,0.0329,0.0369,0.0534,-0.0092,-0.0076,25.16,25.28,15924,19073,1.991,2.384,5.972,7.152,319,319,32,32,0,0,0,0,,,,,,,,,,,,,,,,,0.0,0.0,0,0,760.4,510.4,0.9124,1.1047,1,1,0
2026-09-28T22:09:15.635788+09:00,228729543,b882622e,2026-09-28T22:09:15.635788+09:00,2026-09-28T22:09:15.678411+09:00,rail-left-01,rail-right-01,0.6.7-draft,0.6.7-draft,mqtt,mqtt,527.66,433.29,6.285,6.74,0.019,0.117,-0.036,-0.192,10.412,9.819,-0.0645,0.0312,0.0397,0.0589,-0.0125,-0.0113,25.14,25.27,15976,19098,1.997,2.387,5.991,7.162,320,320,32,32,0,0,0,0,,,,,,,,,,,,,,,,,0.0,0.0,0,0,761.4,511.4,0.9124,1.1047,1,1,0
2026-09-28T22:09:15.733444+09:00,228866463,b882622e,2026-09-28T22:09:15.733444+09:00,2026-09-28T22:09:15.773240+09:00,rail-left-01,rail-right-01,0.6.7-draft,0.6.7-draft,mqtt,mqtt,535.32,439.61,6.288,6.749,-0.09,-0.038,0.071,-0.323,10.451,9.759,-0.0649,0.0309,0.036,0.0553,-0.0119,-0.0085,25.16,25.27,15983,19118,1.998,2.39,5.994,7.169,321,321,33,33,0,0,0,0,,,,,,,,,,,,,,,,,0.0,0.0,0,0,768.4,518.4,0.9124,1.1047,1,1,0
2026-09-28T22:09:15.753591+09:00,228886610,b882622e,2026-09-28T22:09:15.753591+09:00,2026-09-28T22:09:15.793387+09:00,rail-left-01,rail-right-01,0.6.7-draft,0.6.7-draft,mqtt,mqtt,536.41,440.55,6.443,6.794,-0.028,-0.005,0.097,-0.265,10.473,9.844,-0.0645,0.0308,0.0306,0.0534,-0.0089,-0.0041,25.16,25.27,16369,19217,2.046,2.402,6.138,7.206,322,322,33,33,0,0,0,0,,,,,,,,,,,,,,,,,0.0,0.0,0,0,769.4,519.4,0.9124,1.1047,1,1,0
2026-09-28T22:09:15.773555+09:00,228906574,b882622e,2026-09-28T22:09:15.773555+09:00,2026-09-28T22:09:15.813351+09:00,rail-left-01,rail-right-01,0.6.7-draft,0.6.7-draft,mqtt,mqtt,537.55,441.45,6.463,6.788,0.071,0.104,0.063,-0.365,10.414,9.718,-0.0641,0.0322,0.0389,0.058,-0.0116,-0.0073,25.14,25.29,16419,19205,2.052,2.401,6.157,7.202,323,323,33,33,0,0,0,0,,,,,,,,,,,,,,,,,0.0,0.0,0,0,770.4,520.4,0.9124,1.1047,1,1,0
2026-09-28T22:09:15.793568+09:00,228926586,b882622e,2026-09-28T22:09:15.793568+09:00,2026-09-28T22:09:15.833363+09:00,rail-left-01,rail-right-01,0.6.7-draft,0.6.7-draft,mqtt,mqtt,538.65,442.39,6.475,6.797,-0.072,-0.031,-0.091,-0.055,10.312,9.616,-0.0674,0.0316,0.0397,0.0572,-0.0099,-0.0088,25.14,25.3,16450,19225,2.056,2.403,6.169,7.209,324,324,33,33,0,0,0,0,,,,,,,,,,,,,,,,,0.0,0.0,0,0,771.4,521.4,0.9124,1.1047,1,1,0
2026-09-28T22:09:15.813797+09:00,228946816,b882622e,2026-09-28T22:09:15.813797+09:00,2026-09-28T22:09:15.853593+09:00,rail-left-01,rail-right-01,0.6.7-draft,0.6.7-draft,mqtt,mqtt,539.79,443.34,6.475,6.795,0.01,0.051,0.189,-0.159,10.758,9.898,-0.0667,0.0337,0.0336,0.051,-0.0109,-0.004,25.17,25.32,16450,19219,2.056,2.402,6.169,7.207,325,325,33,33,0,0,0,0,,,,,,,,,,,,,,,,,0.0,0.0,0,0,772.5,522.5,0.9124,1.1047,1,1,0
2026-09-28T22:09:15.833770+09:00,228966789,b882622e,2026-09-28T22:09:15.833770+09:00,2026-09-28T22:09:15.873566+09:00,rail-left-01,rail-right-01,0.6.7-draft,0.6.7-draft,mqtt,mqtt,540.89,444.23,6.5,6.797,-0.147,-0.105,0.324,-0.417,10.386,9.724,-0.0677,0.0292,0.0397,0.0572,-0.0111,-0.0032,25.18,25.31,16511,19225,2.064,2.403,6.192,7.209,326,326,33,33,0,0,0,0,,,,,,,,,,,,,,,,,0.0,0.0,0,0,773.5,523.5,0.9124,1.1047,1,1,0
2026-09-28T22:09:15.853519+09:00,228986538,b882622e,2026-09-28T22:09:15.853519+09:00,2026-09-28T22:09:15.893315+09:00,rail-left-01,rail-right-01,0.6.7-draft,0.6.7-draft,mqtt,mqtt,541.98,445.18,6.504,6.805,0.056,0.089,-0.117,-0.347,10.447,9.558,-0.0681,0.0294,0.0378,0.0597,-0.0107,-0.0053,25.17,25.28,16521,19241,2.065,2.405,6.195,7.215,327,327,33,33,0,0,0,0,,,,,,,,,,,,,,,,,0.0,0.0,0,0,774.5,524.5,0.9124,1.1047,1,1,0
2026-09-28T22:09:15.873963+09:00,229006982,b882622e,2026-09-28T22:09:15.873963+09:00,2026-09-28T22:09:15.913759+09:00,rail-left-01,rail-right-01,0.6.7-draft,0.6.7-draft,mqtt,mqtt,543.12,446.12,6.488,6.802,-0.034,0.0,0.071,-0.146,10.397,9.851,-0.067,0.0318,0.0381,0.0577,-0.0079,-0.0048,25.14,25.27,16482,19236,2.06,2.405,6.181,7.214,328,328,33,33,0,0,0,0,,,,,,,,,,,,,,,,,0.0,0.0,0,0,775.5,525.5,0.9124,1.1047,1,1,0
2026-09-28T22:09:15.893598+09:00,229026617,b882622e,2026-09-28T22:09:15.893598+09:00,2026-09-28T22:09:15.933394+09:00,rail-left-01,rail-right-01,0.6.7-draft,0.6.7-draft,mqtt,mqtt,544.27,447.02,6.488,6.797,-0.017,0.13,0.066,-0.424,10.526,9.645,-0.0681,0.0328,0.0358,0.0521,-0.0088,-0.004,25.15,25.29,16482,19224,2.06,2.403,6.181,7.209,329,329,33,33,0,0,0,0,,,,,,,,,,,,,,,,,0.0,0.0,0,0,776.6,526.6,0.9124,1.1047,1,1,0
2026-09-28T22:09:15.913778+09:00,229046797,b882622e,2026-09-28T22:09:15.913778+09:00,2026-09-28T22:09:15.953574+09:00,rail-left-01,rail-right-01,0.6.7-draft,0.6.7-draft,mqtt,mqtt,545.36,447.96,6.477,6.77,-0.09,-0.053,0.062,-0.226,10.578,9.632,-0.0682,0.0305,0.0376,0.0554,-0.0091,-0.0069,25.15,25.28,16453,19165,2.057,2.396,6.17,7.187,330,330,33,33,0,0,0,0,,,,,,,,,,,,,,,,,0.0,0.0,0,0,777.6,527.6,0.9124,1.1047,1,1,0
2026-09-28T22:09:15.997686+09:00,229141444,b882622e,2026-09-28T22:09:15.997686+09:00,2026-09-28T22:09:16.078657+09:00,rail-left-01,rail-right-01,0.6.7-draft,0.6.7-draft,mqtt,mqtt,550.68,452.39,6.472,6.757,0.066,0.105,0.108,-0.306,10.471,9.579,-0.0709,0.0245,0.0313,0.0504,-0.0095,-0.0063,25.15,25.28,16441,19135,2.055,2.392,6.165,7.176,331,331,34,34,0,0,0,0,,,,,,,,,,,,,,,,,0.0,0.0,0,0,782.4,532.4,0.9124,1.1047,1,1,0
2026-09-28T22:09:16.017834+09:00,229161592,b882622e,2026-09-28T22:09:16.017834+09:00,2026-09-28T22:09:16.098805+09:00,rail-left-01,rail-right-01,0.6.7-draft,0.6.7-draft,mqtt,mqtt,551.82,453.28,6.44,6.598,-0.096,-0.083,0.219,-0.289,10.391,9.628,-0.0658,0.0332,0.0342,0.0529,-0.0073,-0.0044,25.15,25.29,16363,18783,2.045,2.348,6.136,7.044,332,332,34,34,0,0,0,0,,,,,,,,,,,,,,,,,0.0,0.0,0,0,783.5,533.5,0.9124,1.1047,1,1,0
2026-09-28T22:09:16.037765+09:00,229181523,b882622e,2026-09-28T22:09:16.037765+09:00,2026-09-28T22:09:16.118736+09:00,rail-left-01,rail-right-01,0.6.7-draft,0.6.7-draft,mqtt,mqtt,552.92,454.23,6.432,6.566,0.087,0.06,0.053,-0.372,10.418,9.691,-0.0673,0.039,0.0381,0.0561,-0.0113,-0.0076,25.15,25.29,16342,18711,2.043,2.339,6.128,7.017,333,333,34,34,0,0,0,0,,,,,,,,,,,,,,,,,0.0,0.0,0,0,784.5,534.5,0.9124,1.1047,1,1,0
2026-09-28T22:09:16.057712+09:00,229201470,b882622e,2026-09-28T22:09:16.057712+09:00,2026-09-28T22:09:16.138683+09:00,rail-left-01,rail-right-01,0.6.7-draft,0.6.7-draft,mqtt,mqtt,554.06,455.17,6.414,6.546,-0.013,-0.001,0.011,-0.129,10.534,9.729,-0.0679,0.0345,0.0374,0.0565,-0.0089,-0.0076,25.15,25.27,16297,18667,2.037,2.333,6.111,7.0,334,334,34,34,0,0,0,0,,,,,,,,,,,,,,,,,0.0,0.0,0,0,785.5,535.5,0.9124,1.1047,1,1,0
2026-09-28T22:09:16.077825+09:00,229221583,b882622e,2026-09-28T22:09:16.077825+09:00,2026-09-28T22:09:16.158796+09:00,rail-left-01,rail-right-01,0.6.7-draft,0.6.7-draft,mqtt,mqtt,555.15,456.12,6.397,6.52,-0.043,0.059,0.121,-0.177,10.519,9.723,-0.0661,0.032,0.0366,0.0561,-0.0085,-0.008,25.17,25.27,16255,18610,2.032,2.326,6.096,6.979,335,335,34,34,0,0,0,0,,,,,,,,,,,,,,,,,0.0,0.0,0,0,786.5,536.5,0.9124,1.1047,1,1,0
2026-09-28T22:09:16.097881+09:00,229241639,b882622e,2026-09-28T22:09:16.097881+09:00,2026-09-28T22:09:16.178852+09:00,rail-left-01,rail-right-01,0.6.7-draft,0.6.7-draft,mqtt,mqtt,556.3,457.06,6.382,6.484,-0.083,0.002,0.085,-0.154,10.399,9.919,-0.0677,0.0309,0.033,0.0533,-0.0064,-0.0016,25.17,25.28,16217,18529,2.027,2.316,6.081,6.948,336,336,34,34,0,0,0,0,,,,,,,,,,,,,,,,,0.0,0.0,0,0,787.5,537.5,0.9124,1.1047,1,1,0
2026-09-28T22:09:16.117885+09:00,229261643,b882622e,2026-09-28T22:09:16.117885+09:00,2026-09-28T22:09:16.198856+09:00,rail-left-01,rail-right-01,0.6.7-draft,0.6.7-draft,mqtt,mqtt,557.44,457.95,6.377,6.48,0.098,0.146,0.188,-0.503,10.496,9.758,-0.0661,0.0317,0.0332,0.0606,-0.0073,-0.0089,25.11,25.28,16206,18521,2.026,2.315,6.077,6.945,337,337,34,34,0,0,0,0,,,,,,,,,,,,,,,,,0.0,0.0,0,0,788.6,538.6,0.9124,1.1047,1,1,0
2026-09-28T22:09:16.137852+09:00,229281610,b882622e,2026-09-28T22:09:16.137852+09:00,2026-09-28T22:09:16.218823+09:00,rail-left-01,rail-right-01,0.6.7-draft,0.6.7-draft,mqtt,mqtt,558.53,458.9,6.365,6.48,-0.059,-0.042,0.061,-0.29,10.532,9.697,-0.0633,0.0318,0.0392,0.0578,-0.0068,-0.0047,25.16,25.28,16175,18522,2.022,2.315,6.066,6.946,338,338,34,34,0,0,0,0,,,,,,,,,,,,,,,,,0.0,0.0,0,0,789.6,539.6,0.9124,1.1047,1,1,0
2026-09-28T22:09:16.157810+09:00,229301568,b882622e,2026-09-28T22:09:16.157810+09:00,2026-09-28T22:09:16.238781+09:00,rail-left-01,rail-right-01,0.6.7-draft,0.6.7-draft,mqtt,mqtt,559.68,459.84,6.344,6.475,0.068,0.007,-0.013,-0.388,10.467,9.61,-0.0678,0.0341,0.0404,0.0605,-0.012,-0.0085,25.17,25.28,16122,18510,2.015,2.314,6.046,6.941,339,339,34,34,0,0,0,0,,,,,,,,,,,,,,,,,0.0,0.0,0,0,790.6,540.6,0.9124,1.1047,1,1,0
2026-09-28T22:09:16.178124+09:00,229321882,b882622e,2026-09-28T22:09:16.178124+09:00,2026-09-28T22:09:16.259095+09:00,rail-left-01,rail-right-01,0.6.7-draft,0.6.7-draft,mqtt,mqtt,560.82,460.79,6.333,6.466,-0.093,-0.045,-0.066,-0.152,10.399,9.625,-0.0618,0.0272,0.0374,0.0568,-0.0085,-0.0051,25.15,25.3,16096,18489,2.012,2.311,6.036,6.933,340,340,34,34,0,0,0,0,,,,,,,,,,,,,,,,,0.0,0.0,0,0,791.7,541.7,0.9124,1.1047,1,1,0
2026-09-28T22:09:16.362143+09:00,229448453,b882622e,2026-09-28T22:09:16.362143+09:00,2026-09-28T22:09:16.456984+09:00,rail-left-01,rail-right-01,0.6.7-draft,0.6.7-draft,mqtt,mqtt,567.93,466.71,6.324,6.46,-0.126,-0.111,-0.049,-0.162,10.675,9.604,-0.0671,0.0244,0.0373,0.0528,-0.0053,-0.0051,25.17,25.3,16073,18477,2.009,2.31,6.027,6.929,341,341,35,35,0,0,0,0,,,,,,,,,,,,,,,,,0.0,0.0,0,0,798.2,548.2,0.9124,1.1047,1,1,0
2026-09-28T22:09:16.382292+09:00,229468602,b882622e,2026-09-28T22:09:16.382292+09:00,2026-09-28T22:09:16.477133+09:00,rail-left-01,rail-right-01,0.6.7-draft,0.6.7-draft,mqtt,mqtt,569.03,467.65,6.317,6.434,0.067,0.153,0.206,-0.215,10.629,9.9,-0.0673,0.0266,0.0266,0.0422,-0.0044,-0.0031,25.17,25.27,16056,18420,2.007,2.303,6.021,6.908,342,342,35,35,0,0,0,0,,,,,,,,,,,,,,,,,0.0,0.0,0,0,799.2,549.2,0.9124,1.1047,1,1,0
2026-09-28T22:09:16.402232+09:00,229488542,b882622e,2026-09-28T22:09:16.402232+09:00,2026-09-28T22:09:16.497073+09:00,rail-left-01,rail-right-01,0.6.7-draft,0.6.7-draft,mqtt,mqtt,570.17,468.54,6.347,6.414,0.085,0.109,0.145,-0.218,10.338,9.829,-0.0679,0.0325,0.0394,0.058,-0.0059,-0.0129,25.15,25.3,16130,18375,2.016,2.297,6.049,6.891,343,343,35,35,0,0,0,0,,,,,,,,,,,,,,,,,0.0,0.0,0,0,800.2,550.2,0.9124,1.1047,1,1,0
2026-09-28T22:09:16.422196+09:00,229508506,b882622e,2026-09-28T22:09:16.422196+09:00,2026-09-28T22:09:16.517037+09:00,rail-left-01,rail-right-01,0.6.7-draft,0.6.7-draft,mqtt,mqtt,571.26,469.49,6.35,6.421,-0.06,-0.04,0.138,-0.344,10.613,9.659,-0.0662,0.0376,0.0369,0.0509,-0.0057,-0.0037,25.15,25.29,16139,18389,2.017,2.299,6.052,6.896,344,344,35,35,0,0,0,0,,,,,,,,,,,,,,,,,0.0,0.0,0,0,801.2,551.2,0.9124,1.1047,1,1,0
2026-09-28T22:09:16.442687+09:00,229528997,b882622e,2026-09-28T22:09:16.442687+09:00,2026-09-28T22:09:16.537528+09:00,rail-left-01,rail-right-01,0.6.7-draft,0.6.7-draft,mqtt,mqtt,572.41,470.43,6.358,6.416,0.089,0.141,0.15,-0.15,10.471,9.609,-0.0655,0.0384,0.037,0.0536,-0.0081,-0.0073,25.15,25.28,16158,18378,2.02,2.297,6.059,6.892,345,345,35,35,0,0,0,0,,,,,,,,,,,,,,,,,0.0,0.0,0,0,802.2,552.2,0.9124,1.1047,1,1,0
2026-09-28T22:09:16.462807+09:00,229549117,b882622e,2026-09-28T22:09:16.462807+09:00,2026-09-28T22:09:16.557648+09:00,rail-left-01,rail-right-01,0.6.7-draft,0.6.7-draft,mqtt,mqtt,573.55,471.38,6.359,6.417,-0.107,-0.029,0.176,-0.242,10.459,9.896,-0.0673,0.0277,0.0401,0.0597,-0.0061,-0.0024,25.16,25.27,16160,18381,2.02,2.298,6.06,6.893,346,346,35,35,0,0,0,0,,,,,,,,,,,,,,,,,0.0,0.0,0,0,803.3,553.3,0.9124,1.1047,1,1,0
2026-09-28T22:09:16.482235+09:00,229568545,b882622e,2026-09-28T22:09:16.482235+09:00,2026-09-28T22:09:16.577076+09:00,rail-left-01,rail-right-01,0.6.7-draft,0.6.7-draft,mqtt,mqtt,574.64,472.32,6.361,6.427,0.053,0.06,-0.093,-0.328,10.524,10.01,-0.0632,0.0294,0.0386,0.0621,-0.0093,-0.0075,25.15,25.26,16166,18404,2.021,2.301,6.062,6.902,347,347,35,35,0,0,0,0,,,,,,,,,,,,,,,,,0.0,0.0,0,0,804.3,554.3,0.9124,1.1047,1,1,0
2026-09-28T22:09:16.502183+09:00,229588493,b882622e,2026-09-28T22:09:16.502183+09:00,2026-09-28T22:09:16.597024+09:00,rail-left-01,rail-right-01,0.6.7-draft,0.6.7-draft,mqtt,mqtt,575.79,473.22,6.355,6.445,-0.024,-0.014,0.144,-0.152,10.439,9.555,-0.069,0.0278,0.0401,0.0585,-0.006,-0.0032,25.17,25.3,16150,18443,2.019,2.305,6.056,6.916,348,348,35,35,0,0,0,0,,,,,,,,,,,,,,,,,0.0,0.0,0,0,805.3,555.3,0.9124,1.1047,1,1,0
2026-09-28T22:09:16.522293+09:00,229608603,b882622e,2026-09-28T22:09:16.522293+09:00,2026-09-28T22:09:16.617134+09:00,rail-left-01,rail-right-01,0.6.7-draft,0.6.7-draft,mqtt,mqtt,576.88,474.16,6.35,6.44,-0.044,0.041,0.182,-0.116,10.163,9.814,-0.063,0.0325,0.0337,0.0572,-0.0065,-0.0015,25.17,25.29,16137,18432,2.017,2.304,6.051,6.912,349,349,35,35,0,0,0,0,,,,,,,,,,,,,,,,,0.0,0.0,0,0,806.3,556.3,0.9124,1.1047,1,1,0
2026-09-28T22:09:16.542340+09:00,229628650,b882622e,2026-09-28T22:09:16.542340+09:00,2026-09-28T22:09:16.637181+09:00,rail-left-01,rail-right-01,0.6.7-draft,0.6.7-draft,mqtt,mqtt,578.02,475.11,6.358,6.446,-0.029,-0.013,-0.26,-0.347,10.291,9.629,-0.0673,0.0317,0.0394,0.057,-0.0085,-0.0028,25.14,25.29,16159,18446,2.02,2.306,6.06,6.917,350,350,35,35,0,0,0,0,,,,,,,,,,,,,,,,,0.0,0.0,0,0,807.4,557.4,0.9124,1.1047,1,1,0
2026-09-28T22:09:16.681269+09:00,229824446,b882622e,2026-09-28T22:09:16.681269+09:00,2026-09-28T22:09:16.719412+09:00,rail-left-01,rail-right-01,0.6.7-draft,0.6.7-draft,mqtt,mqtt,588.96,484.26,6.36,6.443,-0.109,-0.065,0.016,-0.13,10.409,9.699,-0.0649,0.0304,0.0369,0.0569,-0.0039,-0.004,25.14,25.27,16162,18438,2.02,2.305,6.061,6.914,351,351,36,36,0,0,0,0,,,,,,,,,,,,,,,,,0.0,0.0,0,0,817.3,567.3,0.9124,1.1047,1,1,0
2026-09-28T22:09:16.701295+09:00,229844472,b882622e,2026-09-28T22:09:16.701295+09:00,2026-09-28T22:09:16.739438+09:00,rail-left-01,rail-right-01,0.6.7-draft,0.6.7-draft,mqtt,mqtt,590.11,485.15,6.396,6.5,0.074,0.065,0.016,-0.247,10.477,9.705,-0.0629,0.0306,0.0372,0.0532,-0.0051,-0.0012,25.16,25.27,16253,18565,2.032,2.321,6.095,6.962,352,352,36,36,0,0,0,0,,,,,,,,,,,,,,,,,0.0,0.0,0,0,818.4,568.4,0.9124,1.1047,1,1,0
2026-09-28T22:09:16.721404+09:00,229864581,b882622e,2026-09-28T22:09:16.721404+09:00,2026-09-28T22:09:16.759547+09:00,rail-left-01,rail-right-01,0.6.7-draft,0.6.7-draft,mqtt,mqtt,591.25,486.1,6.388,6.493,-0.032,0.013,0.017,-0.306,10.416,9.795,-0.065,0.0353,0.0426,0.057,-0.0099,-0.0077,25.14,25.27,16232,18550,2.029,2.319,6.087,6.956,353,353,36,36,0,0,0,0,,,,,,,,,,,,,,,,,0.0,0.0,0,0,819.4,569.4,0.9124,1.1047,1,1,0
2026-09-28T22:09:16.741320+09:00,229884497,b882622e,2026-09-28T22:09:16.741320+09:00,2026-09-28T22:09:16.779463+09:00,rail-left-01,rail-right-01,0.6.7-draft,0.6.7-draft,mqtt,mqtt,592.34,487.04,6.386,6.509,0.032,0.02,0.22,-0.053,10.434,9.614,-0.0621,0.0333,0.0405,0.0574,-0.0043,-0.0036,25.16,25.25,16228,18585,2.029,2.323,6.086,6.969,354,354,36,36,0,0,0,0,,,,,,,,,,,,,,,,,0.0,0.0,0,0,820.4,570.4,0.9124,1.1047,1,1,0
2026-09-28T22:09:16.761435+09:00,229904612,b882622e,2026-09-28T22:09:16.761435+09:00,2026-09-28T22:09:16.799578+09:00,rail-left-01,rail-right-01,0.6.7-draft,0.6.7-draft,mqtt,mqtt,593.49,487.98,6.39,6.509,-0.08,-0.012,0.168,-0.464,10.382,9.778,-0.0629,0.0329,0.0372,0.0566,-0.0053,0.0008,25.17,25.29,16237,18586,2.03,2.323,6.089,6.97,355,355,36,36,0,0,0,0,,,,,,,,,,,,,,,,,0.0,0.0,0,0,821.5,571.5,0.9124,1.1047,1,1,0
2026-09-28T22:09:16.782365+09:00,229925542,b882622e,2026-09-28T22:09:16.782365+09:00,2026-09-28T22:09:16.820508+09:00,rail-left-01,rail-right-01,0.6.7-draft,0.6.7-draft,mqtt,mqtt,594.63,488.93,6.374,6.519,0.053,0.029,0.098,-0.314,10.501,9.67,-0.0689,0.0296,0.0449,0.0613,-0.006,-0.0063,25.16,25.29,16197,18608,2.025,2.326,6.074,6.978,356,356,36,36,0,0,0,0,,,,,,,,,,,,,,,,,0.0,0.0,0,0,822.5,572.5,0.9124,1.1047,1,1,0
2026-09-28T22:09:16.802594+09:00,229945771,b882622e,2026-09-28T22:09:16.802594+09:00,2026-09-28T22:09:16.840737+09:00,rail-left-01,rail-right-01,0.6.7-draft,0.6.7-draft,mqtt,mqtt,595.77,489.87,6.364,6.541,-0.089,-0.002,-0.085,-0.193,10.52,9.68,-0.0642,0.0333,0.0414,0.0554,-0.0067,-0.0043,25.16,25.27,16173,18656,2.022,2.332,6.065,6.996,357,357,36,36,0,0,0,0,,,,,,,,,,,,,,,,,0.0,0.0,0,0,823.6,573.6,0.9124,1.1047,1,1,0
2026-09-28T22:09:16.821321+09:00,229964498,b882622e,2026-09-28T22:09:16.821321+09:00,2026-09-28T22:09:16.859464+09:00,rail-left-01,rail-right-01,0.6.7-draft,0.6.7-draft,mqtt,mqtt,596.82,490.77,6.367,6.551,-0.05,-0.066,0.444,-0.595,10.473,9.731,-0.0618,0.0282,0.0421,0.0558,-0.0055,-0.0024,25.16,25.3,16180,18679,2.023,2.335,6.068,7.005,358,358,36,36,0,0,0,0,,,,,,,,,,,,,,,,,0.0,0.0,0,0,824.5,574.5,0.9124,1.1047,1,1,0
2026-09-28T22:09:16.841437+09:00,229984614,b882622e,2026-09-28T22:09:16.841437+09:00,2026-09-28T22:09:16.879580+09:00,rail-left-01,rail-right-01,0.6.7-draft,0.6.7-draft,mqtt,mqtt,597.96,491.71,6.354,6.562,0.083,0.178,-0.163,-0.194,10.42,9.431,-0.0687,0.0329,0.0426,0.0537,0.0045,0.0031,25.16,25.27,16149,18702,2.019,2.338,6.056,7.013,359,359,36,36,0,0,0,0,,,,,,,,,,,,,,,,,0.0,0.0,0,0,825.6,575.6,0.9124,1.1047,1,1,0
2026-09-28T22:09:16.861577+09:00,230004754,b882622e,2026-09-28T22:09:16.861577+09:00,2026-09-28T22:09:16.899720+09:00,rail-left-01,rail-right-01,0.6.7-draft,0.6.7-draft,mqtt,mqtt,599.06,492.61,6.354,6.566,-0.117,-0.14,0.13,-0.311,10.412,9.753,-0.0602,0.0329,0.0356,0.0541,-0.0051,0.002,25.16,25.28,16147,18711,2.018,2.339,6.055,7.017,360,360,36,36,0,0,0,0,,,,,,,,,,,,,,,,,0.0,0.0,0,0,826.6,576.6,0.9124,1.1047,1,1,0
2026-09-28T22:09:16.993877+09:00,230093436,b882622e,2026-09-28T22:09:16.993877+09:00,2026-09-28T22:09:17.079603+09:00,rail-left-01,rail-right-01,0.6.7-draft,0.6.7-draft,mqtt,mqtt,604.08,496.74,6.357,6.562,-0.135,-0.098,-0.007,-0.207,10.417,9.615,-0.0636,0.0313,0.0348,0.0506,-0.0081,-0.0072,25.16,25.29,16155,18703,2.019,2.338,6.058,7.014,361,361,37,37,0,0,0,0,,,,,,,,,,,,,,,,,0.0,0.0,0,0,831.1,581.1,0.9124,1.1047,1,1,0
2026-09-28T22:09:17.013997+09:00,230113556,b882622e,2026-09-28T22:09:17.013997+09:00,2026-09-28T22:09:17.099723+09:00,rail-left-01,rail-right-01,0.6.7-draft,0.6.7-draft,mqtt,mqtt,605.22,497.68,6.499,6.592,0.134,0.176,-0.261,-0.214,10.335,9.949,-0.0629,0.0334,0.0365,0.056,-0.0101,-0.0121,25.16,25.3,16509,18770,2.064,2.346,6.191,7.039,362,362,37,37,0,0,0,0,,,,,,,,,,,,,,,,,0.0,0.0,0,0,832.2,582.2,0.9124,1.1047,1,1,0
2026-09-28T22:09:17.033914+09:00,230133473,b882622e,2026-09-28T22:09:17.033914+09:00,2026-09-28T22:09:17.119640+09:00,rail-left-01,rail-right-01,0.6.7-draft,0.6.7-draft,mqtt,mqtt,606.31,498.62,6.514,6.608,-0.113,-0.107,0.184,-0.164,10.622,9.863,-0.0658,0.031,0.0406,0.0598,-0.0105,-0.0069,25.15,25.29,16546,18806,2.068,2.351,6.205,7.052,363,363,37,37,0,0,0,0,,,,,,,,,,,,,,,,,0.0,0.0,0,0,833.2,583.2,0.9124,1.1047,1,1,0
2026-09-28T22:09:17.053951+09:00,230153510,b882622e,2026-09-28T22:09:17.053951+09:00,2026-09-28T22:09:17.139676+09:00,rail-left-01,rail-right-01,0.6.7-draft,0.6.7-draft,mqtt,mqtt,607.46,499.52,6.548,6.631,-0.025,-0.007,0.108,-0.397,10.582,9.673,-0.0699,0.0318,0.0357,0.0505,-0.006,-0.0071,25.16,25.28,16631,18857,2.079,2.357,6.237,7.071,364,364,37,37,0,0,0,0,,,,,,,,,,,,,,,,,0.0,0.0,0,0,834.2,584.2,0.9124,1.1047,1,1,0
2026-09-28T22:09:17.074172+09:00,230173731,b882622e,2026-09-28T22:09:17.074172+09:00,2026-09-28T22:09:17.159898+09:00,rail-left-01,rail-right-01,0.6.7-draft,0.6.7-draft,mqtt,mqtt,608.6,500.46,6.585,6.651,0.075,0.093,-0.054,-0.272,10.332,9.548,-0.0662,0.0317,0.0384,0.0613,-0.0121,-0.0112,25.17,25.32,16722,18900,2.09,2.363,6.271,7.088,365,365,37,37,0,0,0,0,,,,,,,,,,,,,,,,,0.0,0.0,0,0,835.3,585.3,0.9124,1.1047,1,1,0
2026-09-28T22:09:17.094148+09:00,230193707,b882622e,2026-09-28T22:09:17.094148+09:00,2026-09-28T22:09:17.179874+09:00,rail-left-01,rail-right-01,0.6.7-draft,0.6.7-draft,mqtt,mqtt,609.7,501.41,6.596,6.671,-0.012,-0.034,-0.11,-0.35,10.37,9.712,-0.0665,0.0316,0.0392,0.0578,-0.0073,-0.0077,25.17,25.29,16750,18944,2.094,2.368,6.281,7.104,366,366,37,37,0,0,0,0,,,,,,,,,,,,,,,,,0.0,0.0,0,0,836.3,586.3,0.9124,1.1047,1,1,0
2026-09-28T22:09:17.113886+09:00,230213445,b882622e,2026-09-28T22:09:17.113886+09:00,2026-09-28T22:09:17.199612+09:00,rail-left-01,rail-right-01,0.6.7-draft,0.6.7-draft,mqtt,mqtt,610.84,502.3,6.592,6.673,0.081,0.066,0.486,-0.014,10.579,9.681,-0.064,0.034,0.0389,0.0588,-0.0104,-0.0092,25.15,25.27,16740,18949,2.093,2.369,6.278,7.106,367,367,37,37,0,0,0,0,,,,,,,,,,,,,,,,,0.0,0.0,0,0,837.3,587.3,0.9124,1.1047,1,1,0
2026-09-28T22:09:17.134008+09:00,230233567,b882622e,2026-09-28T22:09:17.134008+09:00,2026-09-28T22:09:17.219734+09:00,rail-left-01,rail-right-01,0.6.7-draft,0.6.7-draft,mqtt,mqtt,611.93,503.25,6.593,6.683,-0.087,-0.029,0.142,-0.238,10.347,9.661,-0.0624,0.0304,0.0388,0.0588,-0.0083,-0.0076,25.13,25.29,16742,18971,2.093,2.371,6.278,7.114,368,368,37,37,0,0,0,0,,,,,,,,,,,,,,,,,0.0,0.0,0,0,838.3,588.3,0.9124,1.1047,1,1,0
2026-09-28T22:09:17.154133+09:00,230253692,b882622e,2026-09-28T22:09:17.154133+09:00,2026-09-28T22:09:17.239859+09:00,rail-left-01,rail-right-01,0.6.7-draft,0.6.7-draft,mqtt,mqtt,613.08,504.19,6.595,6.695,0.028,0.018,0.054,-0.33,10.603,9.753,-0.0665,0.0304,0.0369,0.058,-0.0049,-0.0045,25.14,25.28,16748,18999,2.094,2.375,6.281,7.125,369,369,37,37,0,0,0,0,,,,,,,,,,,,,,,,,0.0,0.0,0,0,839.4,589.4,0.9124,1.1047,1,1,0
2026-09-28T22:09:17.174112+09:00,230273671,b882622e,2026-09-28T22:09:17.174112+09:00,2026-09-28T22:09:17.259838+09:00,rail-left-01,rail-right-01,0.6.7-draft,0.6.7-draft,mqtt,mqtt,614.22,505.09,6.605,6.703,-0.002,-0.001,-0.138,-0.226,10.404,9.707,-0.0653,0.0328,0.0421,0.0572,-0.0088,-0.0064,25.16,25.27,16772,19016,2.097,2.377,6.29,7.131,370,370,37,37,0,0,0,0,,,,,,,,,,,,,,,,,0.0,0.0,0,0,840.4,590.4,0.9124,1.1047,1,1,0
2026-09-28T22:09:17.356484+09:00,230447651,b882622e,2026-09-28T22:09:17.356484+09:00,2026-09-28T22:09:17.391830+09:00,rail-left-01,rail-right-01,0.6.7-draft,0.6.7-draft,mqtt,mqtt,624.01,513.19,6.6,6.71,-0.164,-0.154,0.154,-0.235,10.708,9.664,-0.0659,0.0336,0.0444,0.0589,-0.0089,-0.0047,25.14,25.27,16761,19032,2.095,2.379,6.285,7.137,371,371,38,38,0,0,0,0,,,,,,,,,,,,,,,,,0.0,0.0,0,0,849.3,599.3,0.9124,1.1047,1,1,0
2026-09-28T22:09:17.376642+09:00,230467809,b882622e,2026-09-28T22:09:17.376642+09:00,2026-09-28T22:09:17.411987+09:00,rail-left-01,rail-right-01,0.6.7-draft,0.6.7-draft,mqtt,mqtt,625.16,514.09,6.506,6.736,0.03,0.072,0.056,-0.335,10.295,9.664,-0.0649,0.0296,0.0402,0.0557,-0.0105,-0.0081,25.16,25.29,16527,19090,2.066,2.386,6.198,7.159,372,372,38,38,0,0,0,0,,,,,,,,,,,,,,,,,0.0,0.0,0,0,850.4,600.4,0.9124,1.1047,1,1,0
2026-09-28T22:09:17.396587+09:00,230487754,b882622e,2026-09-28T22:09:17.396587+09:00,2026-09-28T22:09:17.431932+09:00,rail-left-01,rail-right-01,0.6.7-draft,0.6.7-draft,mqtt,mqtt,626.3,515.03,6.501,6.738,-0.061,-0.059,-0.065,-0.268,10.43,9.742,-0.0661,0.0298,0.0392,0.0561,-0.008,-0.0023,25.14,25.31,16513,19094,2.064,2.387,6.192,7.16,373,373,38,38,0,0,0,0,,,,,,,,,,,,,,,,,0.0,0.0,0,0,851.4,601.4,0.9124,1.1047,1,1,0
2026-09-28T22:09:17.416669+09:00,230507836,b882622e,2026-09-28T22:09:17.416669+09:00,2026-09-28T22:09:17.452014+09:00,rail-left-01,rail-right-01,0.6.7-draft,0.6.7-draft,mqtt,mqtt,627.44,515.98,6.457,6.72,0.049,0.054,0.079,-0.245,10.608,9.779,-0.0625,0.0246,0.0385,0.056,-0.0093,-0.0075,25.15,25.27,16404,19053,2.051,2.382,6.152,7.145,374,374,38,38,0,0,0,0,,,,,,,,,,,,,,,,,0.0,0.0,0,0,852.5,602.5,0.9124,1.1047,1,1,0
2026-09-28T22:09:17.436908+09:00,230528075,b882622e,2026-09-28T22:09:17.436908+09:00,2026-09-28T22:09:17.472253+09:00,rail-left-01,rail-right-01,0.6.7-draft,0.6.7-draft,mqtt,mqtt,628.59,516.92,6.438,6.699,-0.055,-0.098,-0.022,-0.421,10.403,9.558,-0.0662,0.025,0.0378,0.051,-0.0043,-0.0055,25.17,25.3,16356,19007,2.045,2.376,6.134,7.128,375,375,38,38,0,0,0,0,,,,,,,,,,,,,,,,,0.0,0.0,0,0,853.5,603.5,0.9124,1.1047,1,1,0
2026-09-28T22:09:17.457078+09:00,230548245,b882622e,2026-09-28T22:09:17.457078+09:00,2026-09-28T22:09:17.492423+09:00,rail-left-01,rail-right-01,0.6.7-draft,0.6.7-draft,mqtt,mqtt,629.73,517.87,6.416,6.655,-0.061,0.017,-0.103,0.026,10.59,9.774,-0.0617,0.0246,0.0342,0.0449,-0.0043,-0.0029,25.17,25.27,16301,18909,2.038,2.364,6.113,7.091,376,376,38,38,0,0,0,0,,,,,,,,,,,,,,,,,0.0,0.0,0,0,854.5,604.5,0.9124,1.1047,1,1,0
2026-09-28T22:09:17.476644+09:00,230567811,b882622e,2026-09-28T22:09:17.476644+09:00,2026-09-28T22:09:17.511990+09:00,rail-left-01,rail-right-01,0.6.7-draft,0.6.7-draft,mqtt,mqtt,630.83,518.76,6.42,6.627,0.138,0.146,-0.024,-0.292,10.469,9.977,-0.0644,0.0306,0.0414,0.054,-0.012,-0.0117,25.16,25.29,16311,18847,2.039,2.356,6.117,7.068,377,377,38,38,0,0,0,0,,,,,,,,,,,,,,,,,0.0,0.0,0,0,855.5,605.5,0.9124,1.1047,1,1,0
2026-09-28T22:09:17.496615+09:00,230587782,b882622e,2026-09-28T22:09:17.496615+09:00,2026-09-28T22:09:17.531961+09:00,rail-left-01,rail-right-01,0.6.7-draft,0.6.7-draft,mqtt,mqtt,631.97,519.71,6.408,6.627,-0.092,-0.074,0.192,0.029,10.479,9.67,-0.0618,0.034,0.0424,0.0586,-0.0097,-0.0056,25.14,25.29,16282,18846,2.035,2.356,6.106,7.067,378,378,38,38,0,0,0,0,,,,,,,,,,,,,,,,,0.0,0.0,0,0,856.6,606.6,0.9124,1.1047,1,1,0
2026-09-28T22:09:17.516555+09:00,230607722,b882622e,2026-09-28T22:09:17.516555+09:00,2026-09-28T22:09:17.551900+09:00,rail-left-01,rail-right-01,0.6.7-draft,0.6.7-draft,mqtt,mqtt,633.11,520.6,6.406,6.615,-0.016,-0.016,0.208,-0.397,10.392,9.645,-0.0632,0.0282,0.0353,0.0566,-0.0092,0.0015,25.14,25.29,16277,18821,2.035,2.353,6.104,7.058,379,379,38,38,0,0,0,0,,,,,,,,,,,,,,,,,0.0,0.0,0,0,857.6,607.6,0.9124,1.1047,1,1,0
2026-09-28T22:09:17.536619+09:00,230627786,b882622e,2026-09-28T22:09:17.536619+09:00,2026-09-28T22:09:17.571964+09:00,rail-left-01,rail-right-01,0.6.7-draft,0.6.7-draft,mqtt,mqtt,634.26,521.54,6.391,6.61,-0.067,-0.05,-0.134,-0.237,10.308,9.57,-0.0665,0.0324,0.0429,0.0544,0.0036,0.0008,25.17,25.3,16241,18810,2.03,2.351,6.09,7.054,380,380,38,38,0,0,0,0,,,,,,,,,,,,,,,,,0.0,0.0,0,0,858.7,608.7,0.9124,1.1047,1,1,0
2026-09-28T22:09:17.626876+09:00,230761459,b882622e,2026-09-28T22:09:17.626876+09:00,2026-09-28T22:09:17.705455+09:00,rail-left-01,rail-right-01,0.6.7-draft,0.6.7-draft,mqtt,mqtt,641.81,527.76,6.375,6.606,0.0,0.042,-0.079,-0.051,10.791,9.487,-0.0601,0.0349,0.0409,0.0504,-0.0113,-0.0077,25.17,25.28,16201,18800,2.025,2.35,6.075,7.05,381,381,39,39,0,0,0,0,,,,,,,,,,,,,,,,,0.0,0.0,0,0,865.6,615.6,0.9124,1.1047,1,1,0
2026-09-28T22:09:17.647012+09:00,230781595,b882622e,2026-09-28T22:09:17.647012+09:00,2026-09-28T22:09:17.725591+09:00,rail-left-01,rail-right-01,0.6.7-draft,0.6.7-draft,mqtt,mqtt,642.96,528.7,6.357,6.532,-0.065,0.006,0.08,-0.316,10.343,9.777,-0.0649,0.037,0.0342,0.0488,-0.0059,-0.0039,25.15,25.29,16155,18636,2.019,2.33,6.058,6.989,382,382,39,39,0,0,0,0,,,,,,,,,,,,,,,,,0.0,0.0,0,0,866.6,616.6,0.9124,1.1047,1,1,0
2026-09-28T22:09:17.666955+09:00,230801538,b882622e,2026-09-28T22:09:17.666955+09:00,2026-09-28T22:09:17.745534+09:00,rail-left-01,rail-right-01,0.6.7-draft,0.6.7-draft,mqtt,mqtt,644.05,529.65,6.371,6.507,-0.08,-0.087,0.469,-0.338,10.379,9.719,-0.0678,0.0313,0.0457,0.0553,-0.0036,-0.0101,25.17,25.29,16191,18580,2.024,2.323,6.072,6.968,383,383,39,39,0,0,0,0,,,,,,,,,,,,,,,,,0.0,0.0,0,0,867.6,617.6,0.9124,1.1047,1,1,0
2026-09-28T22:09:17.686906+09:00,230821489,b882622e,2026-09-28T22:09:17.686906+09:00,2026-09-28T22:09:17.765485+09:00,rail-left-01,rail-right-01,0.6.7-draft,0.6.7-draft,mqtt,mqtt,645.19,530.59,6.359,6.519,0.115,0.107,-0.011,-0.254,10.376,9.698,-0.0713,0.0306,0.0481,0.0558,-0.0028,-0.0055,25.15,25.29,16160,18608,2.02,2.326,6.06,6.978,384,384,39,39,0,0,0,0,,,,,,,,,,,,,,,,,0.0,0.0,0,0,868.6,618.6,0.9124,1.1047,1,1,0
2026-09-28T22:09:17.706958+09:00,230841541,b882622e,2026-09-28T22:09:17.706958+09:00,2026-09-28T22:09:17.785537+09:00,rail-left-01,rail-right-01,0.6.7-draft,0.6.7-draft,mqtt,mqtt,646.34,531.49,6.316,6.517,-0.047,-0.074,0.218,-0.17,10.77,9.754,-0.059,0.0324,0.0369,0.0476,-0.0081,-0.0036,25.16,25.29,16054,18602,2.007,2.325,6.02,6.976,385,385,39,39,0,0,0,0,,,,,,,,,,,,,,,,,0.0,0.0,0,0,869.7,619.7,0.9124,1.1047,1,1,0
2026-09-28T22:09:17.726959+09:00,230861542,b882622e,2026-09-28T22:09:17.726959+09:00,2026-09-28T22:09:17.805538+09:00,rail-left-01,rail-right-01,0.6.7-draft,0.6.7-draft,mqtt,mqtt,647.48,532.43,6.341,6.501,0.025,0.059,0.022,-0.221,10.154,9.746,-0.0581,0.0274,0.0368,0.0544,-0.0124,-0.0088,25.15,25.29,16115,18567,2.014,2.321,6.043,6.963,386,386,39,39,0,0,0,0,,,,,,,,,,,,,,,,,0.0,0.0,0,0,870.7,620.7,0.9124,1.1047,1,1,0
2026-09-28T22:09:17.746947+09:00,230881530,b882622e,2026-09-28T22:09:17.746947+09:00,2026-09-28T22:09:17.825526+09:00,rail-left-01,rail-right-01,0.6.7-draft,0.6.7-draft,mqtt,mqtt,648.57,533.38,6.341,6.489,0.031,0.072,-0.05,-0.024,10.532,10.015,-0.061,0.0309,0.0342,0.0501,-0.0108,-0.0073,25.15,25.29,16116,18540,2.015,2.318,6.044,6.953,387,387,39,39,0,0,0,0,,,,,,,,,,,,,,,,,0.0,0.0,0,0,871.7,621.7,0.9124,1.1047,1,1,0
2026-09-28T22:09:17.766900+09:00,230901483,b882622e,2026-09-28T22:09:17.766900+09:00,2026-09-28T22:09:17.845479+09:00,rail-left-01,rail-right-01,0.6.7-draft,0.6.7-draft,mqtt,mqtt,649.72,534.27,6.335,6.512,-0.055,-0.008,-0.065,-0.467,10.396,9.969,-0.0667,0.0412,0.0458,0.0644,-0.0089,-0.0035,25.15,25.28,16101,18592,2.013,2.324,6.038,6.972,388,388,39,39,0,0,0,0,,,,,,,,,,,,,,,,,0.0,0.0,0,0,872.8,622.8,0.9124,1.1047,1,1,0
2026-09-28T22:09:17.787017+09:00,230921600,b882622e,2026-09-28T22:09:17.787017+09:00,2026-09-28T22:09:17.865596+09:00,rail-left-01,rail-right-01,0.6.7-draft,0.6.7-draft,mqtt,mqtt,650.86,535.22,6.321,6.549,0.0,0.047,-0.034,-0.147,10.612,9.797,-0.0663,0.039,0.0412,0.0572,-0.0124,-0.0084,25.16,25.29,16066,18673,2.008,2.334,6.025,7.002,389,389,39,39,0,0,0,0,,,,,,,,,,,,,,,,,0.0,0.0,0,0,873.8,623.8,0.9124,1.1047,1,1,0
2026-09-28T22:09:17.806894+09:00,230941477,b882622e,2026-09-28T22:09:17.806894+09:00,2026-09-28T22:09:17.885473+09:00,rail-left-01,rail-right-01,0.6.7-draft,0.6.7-draft,mqtt,mqtt,651.96,536.16,6.312,6.547,-0.128,-0.04,0.165,-0.42,10.495,9.95,-0.0653,0.0294,0.0397,0.0589,-0.016,-0.0204,25.17,25.29,16043,18669,2.005,2.334,6.016,7.001,390,390,39,39,0,0,0,0,,,,,,,,,,,,,,,,,0.0,0.0,0,0,874.8,624.8,0.9124,1.1047,1,1,0
2026-09-28T22:09:17.932069+09:00,231073456,b882622e,2026-09-28T22:09:17.932069+09:00,2026-09-28T22:09:18.024777+09:00,rail-left-01,rail-right-01,0.6.7-draft,0.6.7-draft,mqtt,mqtt,659.46,542.28,6.291,6.561,0.134,0.184,0.032,-0.309,10.536,9.756,-0.0638,0.0306,0.0412,0.0565,-0.0057,-0.004,25.17,25.28,15991,18700,1.999,2.338,5.997,7.013,391,391,40,40,0,0,0,0,,,,,,,,,,,,,,,,,0.0,0.0,0,0,881.7,631.7,0.9124,1.1047,1,1,0
2026-09-28T22:09:17.952217+09:00,231093604,b882622e,2026-09-28T22:09:17.952217+09:00,2026-09-28T22:09:18.044925+09:00,rail-left-01,rail-right-01,0.6.7-draft,0.6.7-draft,mqtt,mqtt,660.56,543.22,6.233,6.553,-0.093,-0.12,0.268,-0.326,10.598,9.779,-0.0681,0.0326,0.044,0.0592,-0.0047,-0.0068,25.15,25.28,15846,18683,1.981,2.335,5.942,7.006,392,392,40,40,0,0,0,0,,,,,,,,,,,,,,,,,0.0,0.0,0,0,882.7,632.7,0.9124,1.1047,1,1,0
2026-09-28T22:09:17.972158+09:00,231113545,b882622e,2026-09-28T22:09:17.972158+09:00,2026-09-28T22:09:18.064866+09:00,rail-left-01,rail-right-01,0.6.7-draft,0.6.7-draft,mqtt,mqtt,661.7,544.12,6.178,6.547,0.096,0.172,-0.093,-0.04,10.323,9.862,-0.067,0.0306,0.0485,0.063,-0.0097,-0.0113,25.14,25.29,15710,18670,1.964,2.334,5.891,7.001,393,393,40,40,0,0,0,0,,,,,,,,,,,,,,,,,0.0,0.0,0,0,883.7,633.7,0.9124,1.1047,1,1,0
2026-09-28T22:09:17.992101+09:00,231133488,b882622e,2026-09-28T22:09:17.992101+09:00,2026-09-28T22:09:18.084809+09:00,rail-left-01,rail-right-01,0.6.7-draft,0.6.7-draft,mqtt,mqtt,662.84,545.06,6.14,6.558,-0.005,-0.034,-0.04,-0.247,10.38,9.601,-0.0517,0.034,0.0404,0.0558,-0.0113,-0.0036,25.15,25.29,15616,18695,1.952,2.337,5.856,7.011,394,394,40,40,0,0,0,0,,,,,,,,,,,,,,,,,0.0,0.0,0,0,884.8,634.8,0.9124,1.1047,1,1,0
2026-09-28T22:09:18.012168+09:00,231153555,b882622e,2026-09-28T22:09:18.012168+09:00,2026-09-28T22:09:18.104876+09:00,rail-left-01,rail-right-01,0.6.7-draft,0.6.7-draft,mqtt,mqtt,663.99,545.96,6.201,6.558,-0.051,-0.008,-0.013,-0.425,10.642,9.75,-0.0645,0.037,0.0298,0.0465,-0.014,-0.0048,25.14,25.29,15767,18694,1.971,2.337,5.913,7.01,395,395,40,40,0,0,0,0,,,,,,,,,,,,,,,,,0.0,0.0,0,0,885.8,635.8,0.9124,1.1047,1,1,0
2026-09-28T22:09:18.032303+09:00,231173690,b882622e,2026-09-28T22:09:18.032303+09:00,2026-09-28T22:09:18.125011+09:00,rail-left-01,rail-right-01,0.6.7-draft,0.6.7-draft,mqtt,mqtt,665.13,546.9,6.255,6.559,0.014,0.018,0.311,-0.115,10.265,9.784,-0.0669,0.0332,0.0378,0.0573,-0.0143,-0.0083,25.14,25.29,15901,18696,1.988,2.337,5.963,7.011,396,396,40,40,0,0,0,0,,,,,,,,,,,,,,,,,0.0,0.0,0,0,886.8,636.8,0.9124,1.1047,1,1,0
2026-09-28T22:09:18.052245+09:00,231193632,b882622e,2026-09-28T22:09:18.052245+09:00,2026-09-28T22:09:18.144953+09:00,rail-left-01,rail-right-01,0.6.7-draft,0.6.7-draft,mqtt,mqtt,666.22,547.85,6.266,6.562,-0.063,0.075,0.025,-0.123,10.461,9.705,-0.0646,0.0349,0.0405,0.0544,-0.0075,-0.0063,25.16,25.29,15929,18702,1.991,2.338,5.973,7.013,397,397,40,40,0,0,0,0,,,,,,,,,,,,,,,,,0.0,0.0,0,0,887.8,637.8,0.9124,1.1047,1,1,0
2026-09-28T22:09:18.072199+09:00,231213586,b882622e,2026-09-28T22:09:18.072199+09:00,2026-09-28T22:09:18.164907+09:00,rail-left-01,rail-right-01,0.6.7-draft,0.6.7-draft,mqtt,mqtt,667.37,548.74,6.253,6.572,-0.077,-0.05,0.33,-0.401,10.557,9.613,-0.0646,0.0348,0.0448,0.0502,-0.0045,-0.0019,25.15,25.31,15896,18724,1.987,2.341,5.961,7.022,398,398,40,40,0,0,0,0,,,,,,,,,,,,,,,,,0.0,0.0,0,0,888.9,638.9,0.9124,1.1047,1,1,0
2026-09-28T22:09:18.092170+09:00,231233557,b882622e,2026-09-28T22:09:18.092170+09:00,2026-09-28T22:09:18.184878+09:00,rail-left-01,rail-right-01,0.6.7-draft,0.6.7-draft,mqtt,mqtt,668.51,549.69,6.241,6.574,0.024,0.032,-0.049,-0.406,10.507,9.659,-0.062,0.0284,0.0429,0.0576,-0.0048,-0.0067,25.14,25.29,15866,18730,1.983,2.341,5.95,7.024,399,399,40,40,0,0,0,0,,,,,,,,,,,,,,,,,0.0,0.0,0,0,889.9,639.9,0.9124,1.1047,1,1,0
2026-09-28T22:09:18.112503+09:00,231253890,b882622e,2026-09-28T22:09:18.112503+09:00,2026-09-28T22:09:18.205211+09:00,rail-left-01,rail-right-01,0.6.7-draft,0.6.7-draft,mqtt,mqtt,669.61,550.63,6.217,6.574,0.035,0.061,0.01,-0.16,10.416,9.707,-0.064,0.0328,0.0474,0.0622,-0.0075,-0.0088,25.11,25.31,15806,18730,1.976,2.341,5.927,7.024,400,400,40,40,0,0,0,0,,,,,,,,,,,,,,,,,0.0,0.0,0,0,890.9,640.9,0.9124,1.1047,1,1,0
2026-09-28T22:09:18.247849+09:00,231392439,b882622e,2026-09-28T22:09:18.247849+09:00,2026-09-28T22:09:18.290656+09:00,rail-left-01,rail-right-01,0.6.7-draft,0.6.7-draft,mqtt,mqtt,677.46,557.04,6.195,6.582,0.096,0.163,0.255,-0.06,10.412,9.963,-0.0659,0.0314,0.0414,0.0558,-0.0092,-0.0108,25.13,25.26,15751,18747,1.969,2.343,5.907,7.03,401,401,41,41,0,0,0,0,,,,,,,,,,,,,,,,,0.0,0.0,0,0,898.1,648.1,0.9124,1.1047,1,1,0
2026-09-28T22:09:18.267988+09:00,231412578,b882622e,2026-09-28T22:09:18.267988+09:00,2026-09-28T22:09:18.310796+09:00,rail-left-01,rail-right-01,0.6.7-draft,0.6.7-draft,mqtt,mqtt,678.6,557.99,6.113,6.609,-0.083,-0.057,-0.061,-0.235,10.552,9.61,-0.0638,0.0341,0.0449,0.0594,-0.0056,-0.0061,25.15,25.29,15548,18808,1.944,2.351,5.831,7.053,402,402,41,41,0,0,0,0,,,,,,,,,,,,,,,,,0.0,0.0,0,0,899.1,649.1,0.9124,1.1047,1,1,0
2026-09-28T22:09:18.287910+09:00,231432500,b882622e,2026-09-28T22:09:18.287910+09:00,2026-09-28T22:09:18.330717+09:00,rail-left-01,rail-right-01,0.6.7-draft,0.6.7-draft,mqtt,mqtt,679.7,558.93,6.096,6.63,-0.077,0.048,0.18,-0.273,10.523,9.582,-0.067,0.0333,0.0358,0.0536,-0.0089,-0.0079,25.12,25.31,15505,18854,1.938,2.357,5.814,7.07,403,403,41,41,0,0,0,0,,,,,,,,,,,,,,,,,0.0,0.0,0,0,900.1,650.1,0.9124,1.1047,1,1,0
2026-09-28T22:09:18.308009+09:00,231452599,b882622e,2026-09-28T22:09:18.308009+09:00,2026-09-28T22:09:18.350817+09:00,rail-left-01,rail-right-01,0.6.7-draft,0.6.7-draft,mqtt,mqtt,680.84,559.88,6.141,6.628,-0.067,-0.029,0.23,-0.181,10.67,9.922,-0.0675,0.0365,0.0298,0.0516,-0.01,-0.0089,25.13,25.28,15617,18849,1.952,2.356,5.856,7.068,404,404,41,41,0,0,0,0,,,,,,,,,,,,,,,,,0.0,0.0,0,0,901.2,651.2,0.9124,1.1047,1,1,0
2026-09-28T22:09:18.327909+09:00,231472499,b882622e,2026-09-28T22:09:18.327909+09:00,2026-09-28T22:09:18.370716+09:00,rail-left-01,rail-right-01,0.6.7-draft,0.6.7-draft,mqtt,mqtt,681.99,560.77,6.246,6.634,0.119,0.048,0.124,-0.363,10.422,9.752,-0.0608,0.0324,0.029,0.052,-0.0117,-0.0109,25.14,25.3,15878,18863,1.985,2.358,5.954,7.074,405,405,41,41,0,0,0,0,,,,,,,,,,,,,,,,,0.0,0.0,0,0,902.2,652.2,0.9124,1.1047,1,1,0
2026-09-28T22:09:18.347959+09:00,231492549,b882622e,2026-09-28T22:09:18.347959+09:00,2026-09-28T22:09:18.390766+09:00,rail-left-01,rail-right-01,0.6.7-draft,0.6.7-draft,mqtt,mqtt,683.13,561.72,6.323,6.633,0.026,0.056,-0.056,-0.212,10.393,9.746,-0.0613,0.035,0.03,0.0508,-0.0095,-0.0071,25.13,25.29,16070,18861,2.009,2.358,6.026,7.073,406,406,41,41,0,0,0,0,,,,,,,,,,,,,,,,,0.0,0.0,0,0,903.3,653.3,0.9124,1.1047,1,1,0
2026-09-28T22:09:18.368010+09:00,231512600,b882622e,2026-09-28T22:09:18.368010+09:00,2026-09-28T22:09:18.410817+09:00,rail-left-01,rail-right-01,0.6.7-draft,0.6.7-draft,mqtt,mqtt,684.22,562.66,6.354,6.635,0.016,0.072,0.062,-0.224,10.396,9.75,-0.0636,0.0334,0.0354,0.059,-0.0132,-0.0083,25.14,25.25,16148,18864,2.019,2.358,6.056,7.074,407,407,41,41,0,0,0,0,,,,,,,,,,,,,,,,,0.0,0.0,0,0,904.3,654.3,0.9124,1.1047,1,1,0
2026-09-28T22:09:18.387964+09:00,231532554,b882622e,2026-09-28T22:09:18.387964+09:00,2026-09-28T22:09:18.430771+09:00,rail-left-01,rail-right-01,0.6.7-draft,0.6.7-draft,mqtt,mqtt,685.37,563.56,6.382,6.647,-0.071,-0.086,0.115,-0.377,10.542,9.861,-0.0655,0.032,0.0361,0.056,-0.0111,-0.0079,25.17,25.27,16217,18891,2.027,2.361,6.081,7.084,408,408,41,41,0,0,0,0,,,,,,,,,,,,,,,,,0.0,0.0,0,0,905.3,655.3,0.9124,1.1047,1,1,0
2026-09-28T22:09:18.408049+09:00,231552639,b882622e,2026-09-28T22:09:18.408049+09:00,2026-09-28T22:09:18.450856+09:00,rail-left-01,rail-right-01,0.6.7-draft,0.6.7-draft,mqtt,mqtt,686.51,564.5,6.406,6.657,0.036,0.055,0.093,-0.083,10.751,9.679,-0.0625,0.0337,0.0373,0.0537,-0.0116,-0.0085,25.15,25.29,16278,18913,2.035,2.364,6.104,7.092,409,409,41,41,0,0,0,0,,,,,,,,,,,,,,,,,0.0,0.0,0,0,906.4,656.4,0.9124,1.1047,1,1,0
2026-09-28T22:09:18.428224+09:00,231572814,b882622e,2026-09-28T22:09:18.428224+09:00,2026-09-28T22:09:18.471031+09:00,rail-left-01,rail-right-01,0.6.7-draft,0.6.7-draft,mqtt,mqtt,687.6,565.45,6.437,6.668,-0.032,0.012,0.048,-0.278,10.459,9.675,-0.0659,0.0326,0.0334,0.0514,-0.0067,-0.0048,25.13,25.26,16355,18937,2.044,2.367,6.133,7.101,410,410,41,41,0,0,0,0,,,,,,,,,,,,,,,,,0.0,0.0,0,0,907.3,657.3,0.9124,1.1047,1,1,0
2026-09-28T22:09:18.558100+09:00,231659439,b882622e,2026-09-28T22:09:18.558100+09:00,2026-09-28T22:09:18.600003+09:00,rail-left-01,rail-right-01,0.6.7-draft,0.6.7-draft,mqtt,mqtt,692.53,569.47,6.465,6.668,-0.005,0.056,-0.03,-0.241,10.473,9.716,-0.0678,0.0324,0.0369,0.055,-0.0075,-0.0068,25.17,25.3,16424,18938,2.053,2.367,6.159,7.102,411,411,42,42,0,0,0,0,,,,,,,,,,,,,,,,,0.0,0.0,0,0,911.8,661.8,0.9124,1.1047,1,1,0
2026-09-28T22:09:18.578292+09:00,231679632,b882622e,2026-09-28T22:09:18.578292+09:00,2026-09-28T22:09:18.620195+09:00,rail-left-01,rail-right-01,0.6.7-draft,0.6.7-draft,mqtt,mqtt,693.62,570.42,6.497,6.687,-0.09,-0.01,0.154,-0.232,10.444,9.595,-0.0648,0.0314,0.0349,0.0521,-0.0079,-0.0059,25.14,25.27,16505,18980,2.063,2.373,6.189,7.118,412,412,42,42,0,0,0,0,,,,,,,,,,,,,,,,,0.0,0.0,0,0,912.8,662.8,0.9124,1.1047,1,1,0
2026-09-28T22:09:18.598263+09:00,231699602,b882622e,2026-09-28T22:09:18.598263+09:00,2026-09-28T22:09:18.640166+09:00,rail-left-01,rail-right-01,0.6.7-draft,0.6.7-draft,mqtt,mqtt,694.76,571.31,6.535,6.686,-0.068,-0.005,-0.02,-0.395,10.374,9.631,-0.0657,0.0329,0.0344,0.0569,-0.0088,-0.0056,25.17,25.28,16598,18977,2.075,2.372,6.224,7.116,413,413,42,42,0,0,0,0,,,,,,,,,,,,,,,,,0.0,0.0,0,0,913.9,663.9,0.9124,1.1047,1,1,0
2026-09-28T22:09:18.618233+09:00,231719572,b882622e,2026-09-28T22:09:18.618233+09:00,2026-09-28T22:09:18.660135+09:00,rail-left-01,rail-right-01,0.6.7-draft,0.6.7-draft,mqtt,mqtt,695.91,572.26,6.539,6.678,0.044,0.09,0.339,-0.126,10.558,9.938,-0.0659,0.0317,0.0354,0.0565,-0.0093,-0.0072,25.14,25.29,16608,18961,2.076,2.37,6.228,7.11,414,414,42,42,0,0,0,0,,,,,,,,,,,,,,,,,0.0,0.0,0,0,914.9,664.9,0.9124,1.1047,1,1,0
2026-09-28T22:09:18.638263+09:00,231739602,b882622e,2026-09-28T22:09:18.638263+09:00,2026-09-28T22:09:18.680165+09:00,rail-left-01,rail-right-01,0.6.7-draft,0.6.7-draft,mqtt,mqtt,697.05,573.2,6.552,6.689,-0.032,-0.017,-0.068,-0.304,10.563,9.62,-0.0652,0.0329,0.0405,0.0577,-0.0077,-0.0059,25.17,25.3,16640,18985,2.08,2.373,6.24,7.119,415,415,42,42,0,0,0,0,,,,,,,,,,,,,,,,,0.0,0.0,0,0,916.0,666.0,0.9124,1.1047,1,1,0
2026-09-28T22:09:18.658322+09:00,231759662,b882622e,2026-09-28T22:09:18.658322+09:00,2026-09-28T22:09:18.700225+09:00,rail-left-01,rail-right-01,0.6.7-draft,0.6.7-draft,mqtt,mqtt,698.14,574.15,6.548,6.687,0.062,0.08,-0.069,-0.249,10.293,9.726,-0.0642,0.0308,0.0386,0.0574,-0.0068,-0.008,25.15,25.27,16630,18981,2.079,2.373,6.236,7.118,416,416,42,42,0,0,0,0,,,,,,,,,,,,,,,,,0.0,0.0,0,0,917.0,667.0,0.9124,1.1047,1,1,0
2026-09-28T22:09:18.678272+09:00,231779611,b882622e,2026-09-28T22:09:18.678272+09:00,2026-09-28T22:09:18.720175+09:00,rail-left-01,rail-right-01,0.6.7-draft,0.6.7-draft,mqtt,mqtt,699.29,575.04,6.545,6.69,-0.192,-0.133,0.237,-0.296,10.39,9.773,-0.0632,0.0305,0.0418,0.0602,-0.0113,-0.006,25.14,25.3,16624,18986,2.078,2.373,6.234,7.12,417,417,42,42,0,0,0,0,,,,,,,,,,,,,,,,,0.0,0.0,0,0,918.0,668.0,0.9124,1.1047,1,1,0
2026-09-28T22:09:18.698274+09:00,231799613,b882622e,2026-09-28T22:09:18.698274+09:00,2026-09-28T22:09:18.740176+09:00,rail-left-01,rail-right-01,0.6.7-draft,0.6.7-draft,mqtt,mqtt,700.43,575.99,6.494,6.699,0.147,0.123,0.077,-0.354,10.625,9.734,-0.0589,0.03,0.0432,0.0633,-0.0119,-0.0068,25.17,25.28,16497,19006,2.062,2.376,6.186,7.127,418,418,42,42,0,0,0,0,,,,,,,,,,,,,,,,,0.0,0.0,0,0,919.1,669.1,0.9124,1.1047,1,1,0
2026-09-28T22:09:18.718217+09:00,231819556,b882622e,2026-09-28T22:09:18.718217+09:00,2026-09-28T22:09:18.760119+09:00,rail-left-01,rail-right-01,0.6.7-draft,0.6.7-draft,mqtt,mqtt,701.52,576.93,6.438,6.698,-0.262,-0.148,0.529,-0.213,10.581,9.839,-0.0711,0.0312,0.0394,0.0493,-0.0133,0.0019,25.14,25.3,16358,19005,2.045,2.376,6.134,7.127,419,419,42,42,0,0,0,0,,,,,,,,,,,,,,,,,0.0,0.0,0,0,920.0,670.0,0.9124,1.1047,1,1,0
2026-09-28T22:09:18.738242+09:00,231839581,b882622e,2026-09-28T22:09:18.738242+09:00,2026-09-28T22:09:18.780144+09:00,rail-left-01,rail-right-01,0.6.7-draft,0.6.7-draft,mqtt,mqtt,702.67,577.88,6.491,6.703,-0.013,0.014,-0.006,-0.338,10.284,9.679,-0.0745,0.0297,0.0362,0.0508,-0.0096,-0.0045,25.14,25.27,16488,19016,2.061,2.377,6.183,7.131,420,420,42,42,0,0,0,0,,,,,,,,,,,,,,,,,0.0,0.0,0,0,921.1,671.1,0.9124,1.1047,1,1,0
2026-09-28T22:09:18.827159+09:00,231967461,b882622e,2026-09-28T22:09:18.827159+09:00,2026-09-28T22:09:18.907060+09:00,rail-left-01,rail-right-01,0.6.7-draft,0.6.7-draft,mqtt,mqtt,709.88,583.84,6.51,6.692,0.017,0.029,0.032,-0.257,10.276,9.798,-0.0646,0.0282,0.0372,0.0568,-0.0132,-0.0059,25.17,25.29,16537,18991,2.067,2.374,6.201,7.122,421,421,43,43,0,0,0,0,,,,,,,,,,,,,,,,,0.0,0.0,0,0,927.7,677.7,0.9124,1.1047,1,1,0
2026-09-28T22:09:18.847340+09:00,231987642,b882622e,2026-09-28T22:09:18.847340+09:00,2026-09-28T22:09:18.927241+09:00,rail-left-01,rail-right-01,0.6.7-draft,0.6.7-draft,mqtt,mqtt,710.97,584.79,6.443,6.621,-0.051,-0.022,-0.038,-0.162,10.679,9.61,-0.0698,0.0349,0.0425,0.0577,-0.0103,-0.0019,25.14,25.27,16369,18833,2.046,2.354,6.138,7.062,422,422,43,43,0,0,0,0,,,,,,,,,,,,,,,,,0.0,0.0,0,0,928.7,678.7,0.9124,1.1047,1,1,0
2026-09-28T22:09:18.867354+09:00,232007656,b882622e,2026-09-28T22:09:18.867354+09:00,2026-09-28T22:09:18.947255+09:00,rail-left-01,rail-right-01,0.6.7-draft,0.6.7-draft,mqtt,mqtt,712.11,585.68,6.43,6.629,-0.042,0.002,-0.251,-0.096,10.412,9.75,-0.0671,0.0328,0.0365,0.0557,-0.0073,-0.0039,25.14,25.29,16336,18852,2.042,2.357,6.126,7.07,423,423,43,43,0,0,0,0,,,,,,,,,,,,,,,,,0.0,0.0,0,0,929.7,679.7,0.9124,1.1047,1,1,0
2026-09-28T22:09:18.887201+09:00,232027503,b882622e,2026-09-28T22:09:18.887201+09:00,2026-09-28T22:09:18.967102+09:00,rail-left-01,rail-right-01,0.6.7-draft,0.6.7-draft,mqtt,mqtt,713.26,586.63,6.422,6.616,-0.043,-0.002,0.338,-0.11,10.533,9.755,-0.069,0.0278,0.0394,0.059,-0.0064,-0.0044,25.13,25.27,16316,18822,2.039,2.353,6.118,7.058,424,424,43,43,0,0,0,0,,,,,,,,,,,,,,,,,0.0,0.0,0,0,930.8,680.8,0.9124,1.1047,1,1,0
2026-09-28T22:09:18.907348+09:00,232047650,b882622e,2026-09-28T22:09:18.907348+09:00,2026-09-28T22:09:18.987249+09:00,rail-left-01,rail-right-01,0.6.7-draft,0.6.7-draft,mqtt,mqtt,714.35,587.57,6.423,6.596,-0.129,-0.016,0.283,-0.348,10.624,9.821,-0.0677,0.0342,0.0369,0.0541,-0.0079,-0.0044,25.14,25.27,16320,18779,2.04,2.347,6.12,7.042,425,425,43,43,0,0,0,0,,,,,,,,,,,,,,,,,0.0,0.0,0,0,931.8,681.8,0.9124,1.1047,1,1,0
2026-09-28T22:09:18.927335+09:00,232067637,b882622e,2026-09-28T22:09:18.927335+09:00,2026-09-28T22:09:19.007236+09:00,rail-left-01,rail-right-01,0.6.7-draft,0.6.7-draft,mqtt,mqtt,715.5,588.52,6.418,6.589,0.048,-0.01,0.063,-0.03,10.604,9.537,-0.0685,0.0317,0.0398,0.0561,-0.0044,-0.0051,25.15,25.26,16308,18762,2.039,2.345,6.116,7.036,426,426,43,43,0,0,0,0,,,,,,,,,,,,,,,,,0.0,0.0,0,0,932.8,682.8,0.9124,1.1047,1,1,0
2026-09-28T22:09:18.947261+09:00,232087563,b882622e,2026-09-28T22:09:18.947261+09:00,2026-09-28T22:09:19.027162+09:00,rail-left-01,rail-right-01,0.6.7-draft,0.6.7-draft,mqtt,mqtt,716.64,589.46,6.42,6.586,0.025,0.038,0.171,-0.429,10.246,9.669,-0.0693,0.031,0.038,0.0549,-0.0095,-0.0065,25.13,25.28,16312,18756,2.039,2.345,6.117,7.034,427,427,43,43,0,0,0,0,,,,,,,,,,,,,,,,,0.0,0.0,0,0,933.8,683.8,0.9124,1.1047,1,1,0
2026-09-28T22:09:18.967270+09:00,232107572,b882622e,2026-09-28T22:09:18.967270+09:00,2026-09-28T22:09:19.047171+09:00,rail-left-01,rail-right-01,0.6.7-draft,0.6.7-draft,mqtt,mqtt,717.78,590.4,6.418,6.588,-0.059,-0.14,0.381,-0.145,10.451,9.566,-0.0657,0.0298,0.038,0.0566,-0.0092,-0.0085,25.15,25.26,16308,18760,2.039,2.345,6.116,7.035,428,428,43,43,0,0,0,0,,,,,,,,,,,,,,,,,0.0,0.0,0,0,934.9,684.9,0.9124,1.1047,1,1,0
2026-09-28T22:09:18.987188+09:00,232127490,b882622e,2026-09-28T22:09:18.987188+09:00,2026-09-28T22:09:19.067089+09:00,rail-left-01,rail-right-01,0.6.7-draft,0.6.7-draft,mqtt,mqtt,718.88,591.3,6.435,6.582,0.008,0.083,0.09,-0.381,10.392,9.673,-0.0675,0.027,0.0342,0.0577,-0.0103,-0.0056,25.12,25.27,16350,18748,2.044,2.344,6.131,7.031,429,429,43,43,0,0,0,0,,,,,,,,,,,,,,,,,0.0,0.0,0,0,935.9,685.9,0.9124,1.1047,1,1,0
2026-09-28T22:09:19.007219+09:00,232147521,b882622e,2026-09-28T22:09:19.007219+09:00,2026-09-28T22:09:19.087120+09:00,rail-left-01,rail-right-01,0.6.7-draft,0.6.7-draft,mqtt,mqtt,720.02,592.24,6.431,6.578,-0.045,-0.024,0.042,-0.08,10.58,9.519,-0.0621,0.0321,0.0389,0.0625,-0.0076,-0.0039,25.14,25.27,16340,18739,2.043,2.342,6.128,7.027,430,430,43,43,0,0,0,0,,,,,,,,,,,,,,,,,0.0,0.0,0,0,936.9,686.9,0.9124,1.1047,1,1,0
2026-09-28T22:09:19.177615+09:00,232274439,b882622e,2026-09-28T22:09:19.177615+09:00,2026-09-28T22:09:19.260270+09:00,rail-left-01,rail-right-01,0.6.7-draft,0.6.7-draft,mqtt,mqtt,727.13,598.21,6.441,6.586,0.074,0.045,0.054,-0.198,10.364,10.205,-0.0624,0.0308,0.034,0.0526,-0.0105,-0.0067,25.16,25.27,16365,18757,2.046,2.345,6.137,7.034,431,431,44,44,0,0,0,0,,,,,,,,,,,,,,,,,0.0,0.0,0,0,943.4,693.4,0.9124,1.1047,1,1,0
2026-09-28T22:09:19.197747+09:00,232294571,b882622e,2026-09-28T22:09:19.197747+09:00,2026-09-28T22:09:19.280402+09:00,rail-left-01,rail-right-01,0.6.7-draft,0.6.7-draft,mqtt,mqtt,728.27,599.15,6.452,6.519,0.194,0.123,-0.059,-0.238,10.633,10.048,-0.0686,0.0333,0.0365,0.0561,-0.0076,-0.0103,25.15,25.31,16392,18608,2.049,2.326,6.147,6.978,432,432,44,44,0,0,0,0,,,,,,,,,,,,,,,,,0.0,0.0,0,0,944.5,694.5,0.9124,1.1047,1,1,0
2026-09-28T22:09:19.217701+09:00,232314525,b882622e,2026-09-28T22:09:19.217701+09:00,2026-09-28T22:09:19.300356+09:00,rail-left-01,rail-right-01,0.6.7-draft,0.6.7-draft,mqtt,mqtt,729.37,600.1,6.465,6.523,-0.086,-0.023,-0.02,-0.418,10.42,9.653,-0.0622,0.0361,0.0421,0.0537,-0.0083,-0.0072,25.14,25.26,16424,18616,2.053,2.327,6.159,6.981,433,433,44,44,0,0,0,0,,,,,,,,,,,,,,,,,0.0,0.0,0,0,945.5,695.5,0.9124,1.1047,1,1,0
2026-09-28T22:09:19.237650+09:00,232334474,b882622e,2026-09-28T22:09:19.237650+09:00,2026-09-28T22:09:19.320305+09:00,rail-left-01,rail-right-01,0.6.7-draft,0.6.7-draft,mqtt,mqtt,730.51,601.04,6.455,6.527,0.049,0.115,-0.084,-0.193,10.476,9.468,-0.0661,0.0374,0.0404,0.0572,-0.0079,-0.0096,25.13,25.3,16400,18626,2.05,2.328,6.15,6.985,434,434,44,44,0,0,0,0,,,,,,,,,,,,,,,,,0.0,0.0,0,0,946.5,696.5,0.9124,1.1047,1,1,0
2026-09-28T22:09:19.257691+09:00,232354515,b882622e,2026-09-28T22:09:19.257691+09:00,2026-09-28T22:09:19.340346+09:00,rail-left-01,rail-right-01,0.6.7-draft,0.6.7-draft,mqtt,mqtt,731.65,601.99,6.456,6.503,-0.069,0.043,0.178,-0.069,10.313,9.602,-0.0654,0.0352,0.0304,0.0522,-0.0025,-0.0023,25.14,25.26,16402,18573,2.05,2.322,6.151,6.965,435,435,44,44,0,0,0,0,,,,,,,,,,,,,,,,,0.0,0.0,0,0,947.5,697.5,0.9124,1.1047,1,1,0
2026-09-28T22:09:19.277758+09:00,232374582,b882622e,2026-09-28T22:09:19.277758+09:00,2026-09-28T22:09:19.360413+09:00,rail-left-01,rail-right-01,0.6.7-draft,0.6.7-draft,mqtt,mqtt,732.75,602.93,6.457,6.468,0.056,0.069,0.2,-0.268,10.397,9.951,-0.069,0.0353,0.0326,0.0568,-0.006,-0.0036,25.14,25.25,16405,18495,2.051,2.312,6.152,6.936,436,436,44,44,0,0,0,0,,,,,,,,,,,,,,,,,0.0,0.0,0,0,948.5,698.5,0.9124,1.1047,1,1,0
2026-09-28T22:09:19.297874+09:00,232394698,b882622e,2026-09-28T22:09:19.297874+09:00,2026-09-28T22:09:19.380529+09:00,rail-left-01,rail-right-01,0.6.7-draft,0.6.7-draft,mqtt,mqtt,733.84,603.88,6.453,6.456,-0.181,-0.089,0.092,-0.217,10.73,9.602,-0.0659,0.0337,0.0313,0.0533,-0.0009,0.0004,25.13,25.25,16395,18467,2.049,2.308,6.148,6.925,437,437,44,44,0,0,0,0,,,,,,,,,,,,,,,,,0.0,0.0,0,0,949.5,699.5,0.9124,1.1047,1,1,0
2026-09-28T22:09:19.317796+09:00,232414620,b882622e,2026-09-28T22:09:19.317796+09:00,2026-09-28T22:09:19.400451+09:00,rail-left-01,rail-right-01,0.6.7-draft,0.6.7-draft,mqtt,mqtt,734.99,604.82,6.468,6.419,0.087,0.117,0.022,-0.205,10.26,10.098,-0.0667,0.0357,0.0364,0.061,-0.0104,-0.0099,25.15,25.28,16431,18386,2.054,2.298,6.162,6.895,438,438,44,44,0,0,0,0,,,,,,,,,,,,,,,,,0.0,0.0,0,0,950.6,700.6,0.9124,1.1047,1,1,0
2026-09-28T22:09:19.337720+09:00,232434544,b882622e,2026-09-28T22:09:19.337720+09:00,2026-09-28T22:09:19.420375+09:00,rail-left-01,rail-right-01,0.6.7-draft,0.6.7-draft,mqtt,mqtt,736.13,605.77,6.468,6.428,-0.04,-0.053,0.02,-0.321,10.636,9.81,-0.0698,0.0322,0.039,0.0592,-0.0053,-0.0021,25.13,25.28,16432,18406,2.054,2.301,6.162,6.902,439,439,44,44,0,0,0,0,,,,,,,,,,,,,,,,,0.0,0.0,0,0,951.6,701.6,0.9124,1.1047,1,1,0
2026-09-28T22:09:19.357906+09:00,232454730,b882622e,2026-09-28T22:09:19.357906+09:00,2026-09-28T22:09:19.440561+09:00,rail-left-01,rail-right-01,0.6.7-draft,0.6.7-draft,mqtt,mqtt,737.27,606.76,6.477,6.423,-0.018,0.047,-0.087,-0.188,10.479,9.892,-0.0629,0.0337,0.0372,0.0522,-0.0051,-0.0024,25.15,25.27,16455,18394,2.057,2.299,6.171,6.898,440,440,44,44,0,0,0,0,,,,,,,,,,,,,,,,,0.0,0.0,0,0,952.7,702.7,0.9124,1.1047,1,1,0
2026-09-28T22:09:19.528177+09:00,232628442,b882622e,2026-09-28T22:09:19.528177+09:00,2026-09-28T22:09:19.568152+09:00,rail-left-01,rail-right-01,0.6.7-draft,0.6.7-draft,mqtt,mqtt,747.02,614.92,6.47,6.425,0.092,0.078,0.002,-0.335,10.475,9.723,-0.0602,0.0318,0.0421,0.0578,-0.0087,-0.0061,25.14,25.29,16436,18398,2.055,2.3,6.164,6.899,441,441,45,45,0,0,0,0,,,,,,,,,,,,,,,,,0.0,0.0,0,0,961.6,711.6,0.9124,1.1047,1,1,0
2026-09-28T22:09:19.548323+09:00,232648588,b882622e,2026-09-28T22:09:19.548323+09:00,2026-09-28T22:09:19.588298+09:00,rail-left-01,rail-right-01,0.6.7-draft,0.6.7-draft,mqtt,mqtt,748.16,615.86,6.446,6.457,-0.059,-0.053,0.032,-0.171,10.39,9.632,-0.0673,0.033,0.0382,0.0536,-0.0033,-0.0025,25.15,25.28,16378,18470,2.047,2.309,6.142,6.926,442,442,45,45,0,0,0,0,,,,,,,,,,,,,,,,,0.0,0.0,0,0,962.6,712.6,0.9124,1.1047,1,1,0
2026-09-28T22:09:19.568251+09:00,232668516,b882622e,2026-09-28T22:09:19.568251+09:00,2026-09-28T22:09:19.608226+09:00,rail-left-01,rail-right-01,0.6.7-draft,0.6.7-draft,mqtt,mqtt,749.3,616.8,6.457,6.452,-0.011,0.002,-0.133,-0.345,10.272,9.606,-0.065,0.0306,0.0377,0.0542,-0.0033,-0.0037,25.15,25.3,16404,18458,2.051,2.307,6.152,6.922,443,443,45,45,0,0,0,0,,,,,,,,,,,,,,,,,0.0,0.0,0,0,963.6,713.6,0.9124,1.1047,1,1,0
2026-09-28T22:09:19.588212+09:00,232688477,b882622e,2026-09-28T22:09:19.588212+09:00,2026-09-28T22:09:19.628187+09:00,rail-left-01,rail-right-01,0.6.7-draft,0.6.7-draft,mqtt,mqtt,750.4,617.75,6.446,6.428,0.138,0.105,-0.175,-0.338,10.455,9.878,-0.0605,0.0372,0.0345,0.0521,-0.008,-0.0053,25.15,25.28,16376,18406,2.047,2.301,6.141,6.902,444,444,45,45,0,0,0,0,,,,,,,,,,,,,,,,,0.0,0.0,0,0,964.6,714.6,0.9124,1.1047,1,1,0
2026-09-28T22:09:19.608286+09:00,232708551,b882622e,2026-09-28T22:09:19.608286+09:00,2026-09-28T22:09:19.648261+09:00,rail-left-01,rail-right-01,0.6.7-draft,0.6.7-draft,mqtt,mqtt,751.54,618.69,6.45,6.416,-0.038,-0.01,0.193,-0.251,10.357,9.61,-0.0681,0.0294,0.0412,0.0588,-0.0077,-0.0085,25.16,25.28,16386,18379,2.048,2.297,6.145,6.892,445,445,45,45,0,0,0,0,,,,,,,,,,,,,,,,,0.0,0.0,0,0,965.7,715.7,0.9124,1.1047,1,1,0
2026-09-28T22:09:19.628282+09:00,232728547,b882622e,2026-09-28T22:09:19.628282+09:00,2026-09-28T22:09:19.668257+09:00,rail-left-01,rail-right-01,0.6.7-draft,0.6.7-draft,mqtt,mqtt,752.68,619.64,6.454,6.441,0.002,-0.019,-0.089,-0.267,10.421,9.632,-0.0686,0.028,0.0412,0.0653,-0.0104,-0.0089,25.17,25.27,16396,18434,2.049,2.304,6.148,6.913,446,446,45,45,0,0,0,0,,,,,,,,,,,,,,,,,0.0,0.0,0,0,966.7,716.7,0.9124,1.1047,1,1,0
2026-09-28T22:09:19.648217+09:00,232748482,b882622e,2026-09-28T22:09:19.648217+09:00,2026-09-28T22:09:19.688192+09:00,rail-left-01,rail-right-01,0.6.7-draft,0.6.7-draft,mqtt,mqtt,753.83,620.53,6.451,6.453,-0.074,-0.014,0.237,-0.068,10.603,9.57,-0.0666,0.0338,0.0396,0.054,-0.0091,-0.0009,25.14,25.28,16389,18462,2.049,2.308,6.146,6.923,447,447,45,45,0,0,0,0,,,,,,,,,,,,,,,,,0.0,0.0,0,0,967.8,717.8,0.9124,1.1047,1,1,0
2026-09-28T22:09:19.668335+09:00,232768600,b882622e,2026-09-28T22:09:19.668335+09:00,2026-09-28T22:09:19.708310+09:00,rail-left-01,rail-right-01,0.6.7-draft,0.6.7-draft,mqtt,mqtt,754.92,621.48,6.485,6.476,-0.03,0.008,0.093,-0.342,10.357,9.714,-0.0703,0.0326,0.0386,0.0506,-0.0047,-0.0041,25.15,25.29,16475,18512,2.059,2.314,6.178,6.942,448,448,45,45,0,0,0,0,,,,,,,,,,,,,,,,,0.0,0.0,0,0,968.8,718.8,0.9124,1.1047,1,1,0
2026-09-28T22:09:19.688294+09:00,232788559,b882622e,2026-09-28T22:09:19.688294+09:00,2026-09-28T22:09:19.728269+09:00,rail-left-01,rail-right-01,0.6.7-draft,0.6.7-draft,mqtt,mqtt,756.07,622.42,6.52,6.49,0.078,0.025,-0.031,-0.341,10.469,9.625,-0.0718,0.0322,0.0396,0.0558,-0.0057,-0.0044,25.17,25.29,16561,18543,2.07,2.318,6.21,6.954,449,449,45,45,0,0,0,0,,,,,,,,,,,,,,,,,0.0,0.0,0,0,969.8,719.8,0.9124,1.1047,1,1,0
2026-09-28T22:09:19.708600+09:00,232808865,b882622e,2026-09-28T22:09:19.708600+09:00,2026-09-28T22:09:19.748575+09:00,rail-left-01,rail-right-01,0.6.7-draft,0.6.7-draft,mqtt,mqtt,757.21,623.37,6.528,6.49,0.034,-0.001,0.051,-0.104,10.592,9.943,-0.0642,0.035,0.0356,0.0564,-0.0057,-0.0031,25.13,25.28,16580,18543,2.072,2.318,6.217,6.954,450,450,45,45,0,0,0,0,,,,,,,,,,,,,,,,,0.0,0.0,0,0,970.9,720.9,0.9124,1.1047,1,1,0
2026-09-28T22:09:19.802082+09:00,232936447,b882622e,2026-09-28T22:09:19.802082+09:00,2026-09-28T22:09:19.893590+09:00,rail-left-01,rail-right-01,0.6.7-draft,0.6.7-draft,mqtt,mqtt,764.47,629.33,6.536,6.503,0.008,0.086,-0.199,-0.225,10.344,9.889,-0.0646,0.0325,0.0373,0.0564,-0.0091,-0.0083,25.14,25.29,16602,18572,2.075,2.322,6.226,6.965,451,451,46,46,0,0,0,0,,,,,,,,,,,,,,,,,0.0,0.0,0,0,977.5,727.5,0.9124,1.1047,1,1,0
2026-09-28T22:09:19.822242+09:00,232956607,b882622e,2026-09-28T22:09:19.822242+09:00,2026-09-28T22:09:19.913750+09:00,rail-left-01,rail-right-01,0.6.7-draft,0.6.7-draft,mqtt,mqtt,765.56,630.28,6.699,6.547,-0.086,-0.059,0.047,-0.381,10.402,9.748,-0.0609,0.0309,0.0441,0.0569,-0.006,-0.0057,25.16,25.29,17007,18670,2.126,2.334,6.378,7.001,452,452,46,46,0,0,0,0,,,,,,,,,,,,,,,,,0.0,0.0,0,0,978.5,728.5,0.9124,1.1047,1,1,0
2026-09-28T22:09:19.842196+09:00,232976561,b882622e,2026-09-28T22:09:19.842196+09:00,2026-09-28T22:09:19.933704+09:00,rail-left-01,rail-right-01,0.6.7-draft,0.6.7-draft,mqtt,mqtt,766.71,631.17,6.694,6.551,0.133,0.206,0.107,0.074,10.375,9.592,-0.0661,0.0322,0.0421,0.0534,-0.0056,-0.0051,25.14,25.3,16995,18678,2.124,2.335,6.373,7.004,453,453,46,46,0,0,0,0,,,,,,,,,,,,,,,,,0.0,0.0,0,0,979.5,729.5,0.9124,1.1047,1,1,0
2026-09-28T22:09:19.862177+09:00,232996542,b882622e,2026-09-28T22:09:19.862177+09:00,2026-09-28T22:09:19.953685+09:00,rail-left-01,rail-right-01,0.6.7-draft,0.6.7-draft,mqtt,mqtt,767.85,632.12,6.706,6.567,-0.111,-0.101,0.123,-0.308,10.384,9.75,-0.0629,0.0324,0.0412,0.06,-0.0093,-0.0068,25.16,25.29,17024,18713,2.128,2.339,6.384,7.017,454,454,46,46,0,0,0,0,,,,,,,,,,,,,,,,,0.0,0.0,0,0,980.6,730.6,0.9124,1.1047,1,1,0
2026-09-28T22:09:19.882502+09:00,233016867,b882622e,2026-09-28T22:09:19.882502+09:00,2026-09-28T22:09:19.974010+09:00,rail-left-01,rail-right-01,0.6.7-draft,0.6.7-draft,mqtt,mqtt,768.99,633.06,6.698,6.58,0.145,0.135,-0.051,-0.227,10.421,9.76,-0.0614,0.0334,0.0421,0.0593,-0.0084,-0.0104,25.17,25.29,17005,18743,2.126,2.343,6.377,7.029,455,455,46,46,0,0,0,0,,,,,,,,,,,,,,,,,0.0,0.0,0,0,981.6,731.6,0.9124,1.1047,1,1,0
2026-09-28T22:09:19.902507+09:00,233036872,b882622e,2026-09-28T22:09:19.902507+09:00,2026-09-28T22:09:19.994015+09:00,rail-left-01,rail-right-01,0.6.7-draft,0.6.7-draft,mqtt,mqtt,770.14,634.01,6.695,6.585,-0.007,-0.022,-0.048,-0.247,10.354,9.704,-0.067,0.0326,0.042,0.0602,-0.0091,-0.0077,25.16,25.31,16996,18755,2.125,2.344,6.373,7.033,456,456,46,46,0,0,0,0,,,,,,,,,,,,,,,,,0.0,0.0,0,0,982.7,732.7,0.9124,1.1047,1,1,0
2026-09-28T22:09:19.922105+09:00,233056470,b882622e,2026-09-28T22:09:19.922105+09:00,2026-09-28T22:09:20.013613+09:00,rail-left-01,rail-right-01,0.6.7-draft,0.6.7-draft,mqtt,mqtt,771.23,634.9,6.688,6.596,-0.035,-0.013,0.205,-0.289,10.433,9.493,-0.0597,0.0338,0.0437,0.057,-0.0079,-0.004,25.15,25.29,16979,18779,2.122,2.347,6.367,7.042,457,457,46,46,0,0,0,0,,,,,,,,,,,,,,,,,0.0,0.0,0,0,983.7,733.7,0.9124,1.1047,1,1,0
2026-09-28T22:09:19.942240+09:00,233076605,b882622e,2026-09-28T22:09:19.942240+09:00,2026-09-28T22:09:20.033748+09:00,rail-left-01,rail-right-01,0.6.7-draft,0.6.7-draft,mqtt,mqtt,772.37,635.85,6.696,6.601,0.002,0.043,-0.102,-0.397,10.392,9.708,-0.0653,0.0322,0.0365,0.0542,-0.0084,-0.0083,25.16,25.27,17000,18790,2.125,2.349,6.375,7.046,458,458,46,46,0,0,0,0,,,,,,,,,,,,,,,,,0.0,0.0,0,0,984.7,734.7,0.9124,1.1047,1,1,0
2026-09-28T22:09:19.962170+09:00,233096535,b882622e,2026-09-28T22:09:19.962170+09:00,2026-09-28T22:09:20.053678+09:00,rail-left-01,rail-right-01,0.6.7-draft,0.6.7-draft,mqtt,mqtt,773.52,636.79,6.706,6.604,0.096,0.034,0.142,-0.338,10.457,9.718,-0.064,0.0308,0.0426,0.0621,-0.0072,-0.0099,25.16,25.29,17024,18797,2.128,2.35,6.384,7.049,459,459,46,46,0,0,0,0,,,,,,,,,,,,,,,,,0.0,0.0,0,0,985.7,735.7,0.9124,1.1047,1,1,0
2026-09-28T22:09:19.982162+09:00,233116527,b882622e,2026-09-28T22:09:19.982162+09:00,2026-09-28T22:09:20.073670+09:00,rail-left-01,rail-right-01,0.6.7-draft,0.6.7-draft,mqtt,mqtt,774.66,637.69,6.696,6.622,-0.038,-0.017,0.086,-0.121,10.493,9.571,-0.0609,0.033,0.0398,0.0573,-0.0075,0.0027,25.15,25.27,17000,18837,2.125,2.355,6.375,7.064,460,460,46,46,0,0,0,0,,,,,,,,,,,,,,,,,0.0,0.0,0,0,986.8,736.8,0.9124,1.1047,1,1,0
2026-09-28T22:09:20.124668+09:00,233261539,b882622e,2026-09-28T22:09:20.124668+09:00,2026-09-28T22:09:20.206993+09:00,rail-left-01,rail-right-01,0.6.7-draft,0.6.7-draft,mqtt,mqtt,782.91,644.45,6.691,6.626,0.175,0.232,0.139,-0.176,10.527,9.64,-0.0653,0.0304,0.0424,0.0576,-0.0087,-0.0085,25.14,25.3,16986,18845,2.123,2.356,6.37,7.067,461,461,47,47,0,0,0,0,,,,,,,,,,,,,,,,,0.0,0.0,0,0,994.3,744.3,0.9124,1.1047,1,1,0
2026-09-28T22:09:20.144785+09:00,233281656,b882622e,2026-09-28T22:09:20.144785+09:00,2026-09-28T22:09:20.227110+09:00,rail-left-01,rail-right-01,0.6.7-draft,0.6.7-draft,mqtt,mqtt,784.06,645.39,6.632,6.64,-0.056,-0.056,0.006,-0.212,10.461,9.835,-0.0652,0.0305,0.0418,0.0597,-0.0089,-0.0081,25.16,25.28,16840,18877,2.105,2.36,6.315,7.079,462,462,47,47,0,0,0,0,,,,,,,,,,,,,,,,,0.0,0.0,0,0,995.4,745.4,0.9124,1.1047,1,1,0
2026-09-28T22:09:20.164698+09:00,233301569,b882622e,2026-09-28T22:09:20.164698+09:00,2026-09-28T22:09:20.247023+09:00,rail-left-01,rail-right-01,0.6.7-draft,0.6.7-draft,mqtt,mqtt,785.2,646.34,6.608,6.649,0.065,0.044,0.188,-0.256,10.408,9.713,-0.0652,0.0269,0.0389,0.0577,-0.0091,-0.0088,25.14,25.27,16780,18895,2.098,2.362,6.293,7.086,463,463,47,47,0,0,0,0,,,,,,,,,,,,,,,,,0.0,0.0,0,0,996.4,746.4,0.9124,1.1047,1,1,0
2026-09-28T22:09:20.184713+09:00,233321584,b882622e,2026-09-28T22:09:20.184713+09:00,2026-09-28T22:09:20.267038+09:00,rail-left-01,rail-right-01,0.6.7-draft,0.6.7-draft,mqtt,mqtt,786.34,647.23,6.603,6.651,0.004,-0.002,-0.056,-0.31,10.343,9.792,-0.0636,0.0313,0.041,0.0598,-0.0099,-0.0087,25.15,25.28,16768,18901,2.096,2.363,6.288,7.088,464,464,47,47,0,0,0,0,,,,,,,,,,,,,,,,,0.0,0.0,0,0,997.4,747.4,0.9124,1.1047,1,1,0
2026-09-28T22:09:20.204780+09:00,233341651,b882622e,2026-09-28T22:09:20.204780+09:00,2026-09-28T22:09:20.287105+09:00,rail-left-01,rail-right-01,0.6.7-draft,0.6.7-draft,mqtt,mqtt,787.49,648.18,6.573,6.667,0.032,0.035,0.013,-0.303,10.409,9.574,-0.0686,0.0306,0.043,0.0626,-0.0091,-0.0096,25.18,25.27,16692,18936,2.087,2.367,6.26,7.101,465,465,47,47,0,0,0,0,,,,,,,,,,,,,,,,,0.0,0.0,0,0,998.5,748.5,0.9124,1.1047,1,1,0
2026-09-28T22:09:20.224775+09:00,233361646,b882622e,2026-09-28T22:09:20.224775+09:00,2026-09-28T22:09:20.307100+09:00,rail-left-01,rail-right-01,0.6.7-draft,0.6.7-draft,mqtt,mqtt,788.63,649.12,6.566,6.681,-0.132,-0.142,-0.11,-0.279,10.495,9.681,-0.0655,0.0288,0.0405,0.0613,-0.0097,-0.008,25.16,25.28,16675,18966,2.084,2.371,6.253,7.112,466,466,47,47,0,0,0,0,,,,,,,,,,,,,,,,,0.0,0.0,0,0,999.5,749.5,0.9124,1.1047,1,1,0
2026-09-28T22:09:20.244816+09:00,233381687,b882622e,2026-09-28T22:09:20.244816+09:00,2026-09-28T22:09:20.327141+09:00,rail-left-01,rail-right-01,0.6.7-draft,0.6.7-draft,mqtt,mqtt,789.77,650.07,6.537,6.677,0.057,0.031,0.067,-0.138,10.63,9.856,-0.0655,0.0274,0.036,0.052,-0.0103,-0.0092,25.14,25.29,16603,18958,2.075,2.37,6.226,7.109,467,467,47,47,0,0,0,0,,,,,,,,,,,,,,,,,0.0,0.0,0,0,1000.6,750.6,0.9124,1.1047,1,1,0
2026-09-28T22:09:20.264784+09:00,233401655,b882622e,2026-09-28T22:09:20.264784+09:00,2026-09-28T22:09:20.347109+09:00,rail-left-01,rail-right-01,0.6.7-draft,0.6.7-draft,mqtt,mqtt,790.92,651.01,6.526,6.658,0.045,0.054,0.035,-0.362,10.616,9.588,-0.0686,0.0248,0.0378,0.0546,-0.0103,-0.0085,25.14,25.27,16575,18915,2.072,2.364,6.216,7.093,468,468,47,47,0,0,0,0,,,,,,,,,,,,,,,,,0.0,0.0,0,0,1001.6,751.6,0.9124,1.1047,1,1,0
2026-09-28T22:09:20.284854+09:00,233421725,b882622e,2026-09-28T22:09:20.284854+09:00,2026-09-28T22:09:20.367179+09:00,rail-left-01,rail-right-01,0.6.7-draft,0.6.7-draft,mqtt,mqtt,792.06,651.91,6.531,6.633,-0.122,-0.062,0.083,-0.189,10.58,9.686,-0.0671,0.0237,0.0318,0.0486,-0.0075,-0.0053,25.16,25.29,16588,18861,2.074,2.358,6.221,7.073,469,469,47,47,0,0,0,0,,,,,,,,,,,,,,,,,0.0,0.0,0,0,1002.7,752.7,0.9124,1.1047,1,1,0
2026-09-28T22:09:20.304726+09:00,233441597,b882622e,2026-09-28T22:09:20.304726+09:00,2026-09-28T22:09:20.387051+09:00,rail-left-01,rail-right-01,0.6.7-draft,0.6.7-draft,mqtt,mqtt,793.21,652.85,6.544,6.594,0.081,0.113,-0.239,-0.068,10.442,9.864,-0.0655,0.0249,0.0352,0.0514,-0.0067,-0.0087,25.15,25.28,16620,18774,2.078,2.347,6.233,7.04,470,470,47,47,0,0,0,0,,,,,,,,,,,,,,,,,0.0,0.0,0,0,1003.7,753.7,0.9124,1.1047,1,1,0
2026-09-28T22:09:20.429328+09:00,233574434,b882622e,2026-09-28T22:09:20.429328+09:00,2026-09-28T22:09:20.466807+09:00,rail-left-01,rail-right-01,0.6.7-draft,0.6.7-draft,mqtt,mqtt,800.81,659.02,6.537,6.581,-0.144,-0.099,0.162,-0.09,10.367,9.714,-0.0637,0.0308,0.0442,0.0474,-0.0136,-0.0076,25.14,25.27,16603,18744,2.075,2.343,6.226,7.029,471,471,48,48,0,0,0,0,,,,,,,,,,,,,,,,,0.0,0.0,0,0,1010.6,760.6,0.9124,1.1047,1,1,0
2026-09-28T22:09:20.449449+09:00,233594555,b882622e,2026-09-28T22:09:20.449449+09:00,2026-09-28T22:09:20.486928+09:00,rail-left-01,rail-right-01,0.6.7-draft,0.6.7-draft,mqtt,mqtt,801.96,659.96,6.493,6.601,0.23,0.243,-0.038,-0.314,10.501,9.722,-0.0655,0.0318,0.0386,0.05,-0.0111,-0.006,25.16,25.26,16494,18789,2.062,2.349,6.185,7.046,472,472,48,48,0,0,0,0,,,,,,,,,,,,,,,,,0.0,0.0,0,0,1011.7,761.7,0.9124,1.1047,1,1,0
2026-09-28T22:09:20.469375+09:00,233614481,b882622e,2026-09-28T22:09:20.469375+09:00,2026-09-28T22:09:20.506854+09:00,rail-left-01,rail-right-01,0.6.7-draft,0.6.7-draft,mqtt,mqtt,803.1,660.9,6.533,6.603,-0.157,-0.129,-0.123,-0.425,10.406,9.65,-0.0655,0.0296,0.0396,0.0504,-0.0091,-0.0065,25.15,25.28,16593,18794,2.074,2.349,6.222,7.048,473,473,48,48,0,0,0,0,,,,,,,,,,,,,,,,,0.0,0.0,0,0,1012.7,762.7,0.9124,1.1047,1,1,0
2026-09-28T22:09:20.489431+09:00,233634537,b882622e,2026-09-28T22:09:20.489431+09:00,2026-09-28T22:09:20.526910+09:00,rail-left-01,rail-right-01,0.6.7-draft,0.6.7-draft,mqtt,mqtt,804.24,661.8,6.526,6.601,0.184,0.111,0.189,-0.25,10.562,9.78,-0.0597,0.0334,0.0469,0.0574,-0.0128,-0.0112,25.14,25.29,16576,18790,2.072,2.349,6.216,7.046,474,474,48,48,0,0,0,0,,,,,,,,,,,,,,,,,0.0,0.0,0,0,1013.8,763.8,0.9124,1.1047,1,1,0
2026-09-28T22:09:20.509652+09:00,233654758,b882622e,2026-09-28T22:09:20.509652+09:00,2026-09-28T22:09:20.547131+09:00,rail-left-01,rail-right-01,0.6.7-draft,0.6.7-draft,mqtt,mqtt,805.39,662.74,6.513,6.612,-0.117,-0.092,-0.014,-0.128,10.435,9.694,-0.067,0.032,0.0417,0.0522,-0.0033,-0.0063,25.17,25.25,16544,18814,2.068,2.352,6.204,7.055,475,475,48,48,0,0,0,0,,,,,,,,,,,,,,,,,0.0,0.0,0,0,1014.8,764.8,0.9124,1.1047,1,1,0
2026-09-28T22:09:20.529639+09:00,233674745,b882622e,2026-09-28T22:09:20.529639+09:00,2026-09-28T22:09:20.567118+09:00,rail-left-01,rail-right-01,0.6.7-draft,0.6.7-draft,mqtt,mqtt,806.53,663.69,6.509,6.609,0.103,0.164,0.11,-0.194,10.406,9.665,-0.0608,0.0277,0.0414,0.0565,-0.0049,-0.0059,25.15,25.29,16533,18807,2.067,2.351,6.2,7.053,476,476,48,48,0,0,0,0,,,,,,,,,,,,,,,,,0.0,0.0,0,0,1015.9,765.9,0.9124,1.1047,1,1,0
2026-09-28T22:09:20.549385+09:00,233694491,b882622e,2026-09-28T22:09:20.549385+09:00,2026-09-28T22:09:20.586864+09:00,rail-left-01,rail-right-01,0.6.7-draft,0.6.7-draft,mqtt,mqtt,807.67,664.58,6.502,6.61,-0.096,-0.061,0.215,-0.4,10.324,9.538,-0.0645,0.0316,0.043,0.0582,-0.0052,-0.0056,25.15,25.27,16517,18809,2.065,2.351,6.194,7.053,477,477,48,48,0,0,0,0,,,,,,,,,,,,,,,,,0.0,0.0,0,0,1016.9,766.9,0.9124,1.1047,1,1,0
2026-09-28T22:09:20.569485+09:00,233714591,b882622e,2026-09-28T22:09:20.569485+09:00,2026-09-28T22:09:20.606964+09:00,rail-left-01,rail-right-01,0.6.7-draft,0.6.7-draft,mqtt,mqtt,808.82,665.53,6.483,6.613,-0.135,-0.074,0.023,-0.065,10.363,9.729,-0.0604,0.0328,0.0424,0.0514,-0.0113,-0.004,25.15,25.28,16469,18815,2.059,2.352,6.176,7.056,478,478,48,48,0,0,0,0,,,,,,,,,,,,,,,,,0.0,0.0,0,0,1018.0,768.0,0.9124,1.1047,1,1,0
2026-09-28T22:09:20.589462+09:00,233734568,b882622e,2026-09-28T22:09:20.589462+09:00,2026-09-28T22:09:20.626941+09:00,rail-left-01,rail-right-01,0.6.7-draft,0.6.7-draft,mqtt,mqtt,809.96,666.47,6.456,6.608,0.151,0.123,0.036,-0.395,10.332,9.843,-0.0592,0.0306,0.0437,0.0614,-0.0144,-0.0113,25.12,25.27,16401,18805,2.05,2.351,6.15,7.052,479,479,48,48,0,0,0,0,,,,,,,,,,,,,,,,,0.0,0.0,0,0,1019.0,769.0,0.9124,1.1047,1,1,0
2026-09-28T22:09:20.609742+09:00,233754848,b882622e,2026-09-28T22:09:20.609742+09:00,2026-09-28T22:09:20.647221+09:00,rail-left-01,rail-right-01,0.6.7-draft,0.6.7-draft,mqtt,mqtt,811.1,667.42,6.426,6.605,-0.069,0.069,0.081,-0.286,10.259,9.738,-0.0745,0.0334,0.0333,0.0477,-0.0063,-0.0091,25.14,25.26,16328,18798,2.041,2.35,6.123,7.049,480,480,48,48,0,0,0,0,,,,,,,,,,,,,,,,,0.0,0.0,0,0,1020.0,770.0,0.9124,1.1047,1,1,0
2026-09-28T22:09:20.735783+09:00,233835449,b882622e,2026-09-28T22:09:20.735783+09:00,2026-09-28T22:09:20.774986+09:00,rail-left-01,rail-right-01,0.6.7-draft,0.6.7-draft,mqtt,mqtt,815.73,671.15,6.45,6.604,0.018,0.044,-0.062,-0.119,10.494,9.738,-0.0641,0.0318,0.0384,0.0574,-0.0095,-0.0081,25.14,25.27,16388,18795,2.049,2.349,6.146,7.048,481,481,49,49,0,0,0,0,,,,,,,,,,,,,,,,,0.0,0.0,0,0,1024.3,774.3,0.9124,1.1047,1,1,0
2026-09-28T22:09:20.755919+09:00,233855584,b882622e,2026-09-28T22:09:20.755919+09:00,2026-09-28T22:09:20.795121+09:00,rail-left-01,rail-right-01,0.6.7-draft,0.6.7-draft,mqtt,mqtt,816.87,672.09,6.446,6.571,-0.024,-0.016,0.104,-0.287,10.527,9.621,-0.0622,0.0338,0.0414,0.0576,-0.0132,-0.0071,25.17,25.26,16376,18722,2.047,2.34,6.141,7.021,482,482,49,49,0,0,0,0,,,,,,,,,,,,,,,,,0.0,0.0,0,0,1025.3,775.3,0.9124,1.1047,1,1,0
2026-09-28T22:09:20.775848+09:00,233875513,b882622e,2026-09-28T22:09:20.775848+09:00,2026-09-28T22:09:20.815050+09:00,rail-left-01,rail-right-01,0.6.7-draft,0.6.7-draft,mqtt,mqtt,818.01,673.04,6.425,6.579,-0.081,-0.007,-0.223,-0.273,10.469,9.687,-0.0626,0.0312,0.0414,0.0589,-0.0112,-0.0097,25.14,25.29,16325,18741,2.041,2.343,6.122,7.028,483,483,49,49,0,0,0,0,,,,,,,,,,,,,,,,,0.0,0.0,0,0,1026.3,776.3,0.9124,1.1047,1,1,0
2026-09-28T22:09:20.795793+09:00,233895458,b882622e,2026-09-28T22:09:20.795793+09:00,2026-09-28T22:09:20.834995+09:00,rail-left-01,rail-right-01,0.6.7-draft,0.6.7-draft,mqtt,mqtt,819.16,673.98,6.413,6.576,-0.09,0.007,-0.068,-0.103,10.532,9.677,-0.0621,0.0324,0.0398,0.0522,-0.0089,-0.0087,25.15,25.26,16296,18734,2.037,2.342,6.111,7.025,484,484,49,49,0,0,0,0,,,,,,,,,,,,,,,,,0.0,0.0,0,0,1027.4,777.4,0.9124,1.1047,1,1,0
2026-09-28T22:09:20.815872+09:00,233915537,b882622e,2026-09-28T22:09:20.815872+09:00,2026-09-28T22:09:20.855074+09:00,rail-left-01,rail-right-01,0.6.7-draft,0.6.7-draft,mqtt,mqtt,820.3,674.93,6.402,6.571,-0.008,0.059,0.126,-0.3,10.409,9.664,-0.0663,0.0352,0.0402,0.0534,-0.0076,-0.0053,25.15,25.27,16267,18722,2.033,2.34,6.1,7.021,485,485,49,49,0,0,0,0,,,,,,,,,,,,,,,,,0.0,0.0,0,0,1028.4,778.4,0.9124,1.1047,1,1,0
2026-09-28T22:09:20.835910+09:00,233935576,b882622e,2026-09-28T22:09:20.835910+09:00,2026-09-28T22:09:20.875113+09:00,rail-left-01,rail-right-01,0.6.7-draft,0.6.7-draft,mqtt,mqtt,821.45,675.82,6.393,6.549,-0.104,-0.043,0.132,-0.347,10.345,9.749,-0.0699,0.0322,0.038,0.0494,-0.0081,-0.0084,25.15,25.28,16246,18673,2.031,2.334,6.092,7.002,486,486,49,49,0,0,0,0,,,,,,,,,,,,,,,,,0.0,0.0,0,0,1029.5,779.5,0.9124,1.1047,1,1,0
2026-09-28T22:09:20.855879+09:00,233955544,b882622e,2026-09-28T22:09:20.855879+09:00,2026-09-28T22:09:20.895081+09:00,rail-left-01,rail-right-01,0.6.7-draft,0.6.7-draft,mqtt,mqtt,822.59,676.77,6.381,6.521,0.15,0.157,0.2,-0.05,10.428,9.787,-0.0726,0.0357,0.0441,0.0574,-0.0084,-0.0076,25.16,25.26,16215,18611,2.027,2.326,6.081,6.979,487,487,49,49,0,0,0,0,,,,,,,,,,,,,,,,,0.0,0.0,0,0,1030.5,780.5,0.9124,1.1047,1,1,0
2026-09-28T22:09:20.875839+09:00,233975504,b882622e,2026-09-28T22:09:20.875839+09:00,2026-09-28T22:09:20.915041+09:00,rail-left-01,rail-right-01,0.6.7-draft,0.6.7-draft,mqtt,mqtt,823.68,677.71,6.365,6.511,-0.074,-0.007,0.237,-0.256,10.108,9.494,-0.0602,0.0326,0.0348,0.0481,-0.0087,-0.0023,25.13,25.3,16176,18590,2.022,2.324,6.066,6.971,488,488,49,49,0,0,0,0,,,,,,,,,,,,,,,,,0.0,0.0,0,0,1031.5,781.5,0.9124,1.1047,1,1,0
2026-09-28T22:09:20.895795+09:00,233995461,b882622e,2026-09-28T22:09:20.895795+09:00,2026-09-28T22:09:20.934998+09:00,rail-left-01,rail-right-01,0.6.7-draft,0.6.7-draft,mqtt,mqtt,824.83,678.65,6.42,6.519,0.006,0.0,-0.024,-0.318,10.459,9.434,-0.0612,0.0329,0.0373,0.0546,-0.0128,-0.0101,25.14,25.29,16312,18607,2.039,2.326,6.117,6.978,489,489,49,49,0,0,0,0,,,,,,,,,,,,,,,,,0.0,0.0,0,0,1032.6,782.6,0.9124,1.1047,1,1,0
2026-09-28T22:09:20.916015+09:00,234015680,b882622e,2026-09-28T22:09:20.916015+09:00,2026-09-28T22:09:20.955217+09:00,rail-left-01,rail-right-01,0.6.7-draft,0.6.7-draft,mqtt,mqtt,826.02,679.6,6.452,6.518,0.061,0.072,0.002,-0.169,10.216,9.871,-0.0625,0.0342,0.0362,0.0568,-0.0117,-0.0049,25.14,25.27,16393,18605,2.049,2.326,6.147,6.977,490,490,49,49,0,0,0,0,,,,,,,,,,,,,,,,,0.0,0.0,0,0,1033.6,783.6,0.9124,1.1047,1,1,0
2026-09-28T22:09:21.005009+09:00,234144447,b882622e,2026-09-28T22:09:21.005009+09:00,2026-09-28T22:09:21.091395+09:00,rail-left-01,rail-right-01,0.6.7-draft,0.6.7-draft,mqtt,mqtt,833.33,685.61,6.449,6.517,-0.152,-0.146,0.098,-0.194,10.505,9.857,-0.0671,0.034,0.0361,0.0506,-0.0096,-0.0055,25.18,25.28,16385,18604,2.048,2.326,6.144,6.977,491,491,50,50,0,0,0,0,,,,,,,,,,,,,,,,,0.0,0.0,0,0,1040.3,790.3,0.9124,1.1047,1,1,0
2026-09-28T22:09:21.025143+09:00,234164581,b882622e,2026-09-28T22:09:21.025143+09:00,2026-09-28T22:09:21.111529+09:00,rail-left-01,rail-right-01,0.6.7-draft,0.6.7-draft,mqtt,mqtt,834.47,686.51,6.534,6.519,0.139,0.183,0.12,-0.342,10.386,9.65,-0.0662,0.0296,0.0434,0.0641,-0.0125,-0.0128,25.16,25.29,16596,18607,2.075,2.326,6.224,6.978,492,492,50,50,0,0,0,0,,,,,,,,,,,,,,,,,0.0,0.0,0,0,1041.4,791.4,0.9124,1.1047,1,1,0
2026-09-28T22:09:21.045072+09:00,234184509,b882622e,2026-09-28T22:09:21.045072+09:00,2026-09-28T22:09:21.131457+09:00,rail-left-01,rail-right-01,0.6.7-draft,0.6.7-draft,mqtt,mqtt,835.57,687.45,6.543,6.534,-0.227,-0.145,0.102,-0.171,10.293,9.574,-0.0689,0.0308,0.0308,0.052,-0.0071,-0.0009,25.17,25.28,16618,18640,2.077,2.33,6.232,6.99,493,493,50,50,0,0,0,0,,,,,,,,,,,,,,,,,0.0,0.0,0,0,1042.4,792.4,0.9124,1.1047,1,1,0
2026-09-28T22:09:21.065013+09:00,234204451,b882622e,2026-09-28T22:09:21.065013+09:00,2026-09-28T22:09:21.151399+09:00,rail-left-01,rail-right-01,0.6.7-draft,0.6.7-draft,mqtt,mqtt,836.71,688.4,6.574,6.535,0.085,0.132,0.004,-0.342,10.391,9.608,-0.0678,0.0356,0.039,0.0589,-0.012,-0.0071,25.17,25.27,16696,18644,2.087,2.331,6.261,6.992,494,494,50,50,0,0,0,0,,,,,,,,,,,,,,,,,0.0,0.0,0,0,1043.4,793.4,0.9124,1.1047,1,1,0
2026-09-28T22:09:21.085064+09:00,234224502,b882622e,2026-09-28T22:09:21.085064+09:00,2026-09-28T22:09:21.171450+09:00,rail-left-01,rail-right-01,0.6.7-draft,0.6.7-draft,mqtt,mqtt,837.85,689.34,6.576,6.546,-0.225,-0.152,0.016,-0.253,10.367,9.693,-0.0646,0.0313,0.0424,0.0557,-0.0083,-0.0049,25.13,25.28,16701,18667,2.088,2.333,6.263,7.0,495,495,50,50,0,0,0,0,,,,,,,,,,,,,,,,,0.0,0.0,0,0,1044.4,794.4,0.9124,1.1047,1,1,0
2026-09-28T22:09:21.105233+09:00,234244671,b882622e,2026-09-28T22:09:21.105233+09:00,2026-09-28T22:09:21.191619+09:00,rail-left-01,rail-right-01,0.6.7-draft,0.6.7-draft,mqtt,mqtt,839.0,690.24,6.581,6.556,0.142,0.201,-0.047,-0.26,10.418,9.686,-0.0678,0.0344,0.0413,0.0574,-0.0059,-0.0091,25.14,25.29,16713,18689,2.089,2.336,6.267,7.008,496,496,50,50,0,0,0,0,,,,,,,,,,,,,,,,,0.0,0.0,0,0,1045.5,795.5,0.9124,1.1047,1,1,0
2026-09-28T22:09:21.125105+09:00,234264543,b882622e,2026-09-28T22:09:21.125105+09:00,2026-09-28T22:09:21.211491+09:00,rail-left-01,rail-right-01,0.6.7-draft,0.6.7-draft,mqtt,mqtt,840.09,691.18,6.589,6.567,-0.129,-0.099,-0.032,-0.299,10.44,9.641,-0.0648,0.0364,0.0401,0.0518,-0.002,-0.0024,25.17,25.27,16733,18714,2.092,2.339,6.275,7.018,497,497,50,50,0,0,0,0,,,,,,,,,,,,,,,,,0.0,0.0,0,0,1046.5,796.5,0.9124,1.1047,1,1,0
2026-09-28T22:09:21.145067+09:00,234284504,b882622e,2026-09-28T22:09:21.145067+09:00,2026-09-28T22:09:21.231452+09:00,rail-left-01,rail-right-01,0.6.7-draft,0.6.7-draft,mqtt,mqtt,841.23,692.13,6.599,6.564,0.035,0.069,0.041,-0.315,10.382,9.528,-0.0681,0.028,0.0354,0.0536,-0.0081,-0.01,25.15,25.26,16757,18707,2.095,2.338,6.284,7.015,498,498,50,50,0,0,0,0,,,,,,,,,,,,,,,,,0.0,0.0,0,0,1047.5,797.5,0.9124,1.1047,1,1,0
2026-09-28T22:09:21.165182+09:00,234304620,b882622e,2026-09-28T22:09:21.165182+09:00,2026-09-28T22:09:21.251568+09:00,rail-left-01,rail-right-01,0.6.7-draft,0.6.7-draft,mqtt,mqtt,842.38,693.07,6.622,6.57,0.005,0.014,0.18,-0.245,10.693,9.524,-0.0636,0.0393,0.0334,0.051,-0.0041,-0.0004,25.14,25.28,16816,18720,2.102,2.34,6.306,7.02,499,499,50,50,0,0,0,0,,,,,,,,,,,,,,,,,0.0,0.0,0,0,1048.6,798.6,0.9124,1.1047,1,1,0
2026-09-28T22:09:21.185050+09:00,234324488,b882622e,2026-09-28T22:09:21.185050+09:00,2026-09-28T22:09:21.271436+09:00,rail-left-01,rail-right-01,0.6.7-draft,0.6.7-draft,mqtt,mqtt,843.47,693.97,6.679,6.571,-0.111,-0.061,-0.01,-0.111,10.515,9.883,-0.0605,0.0357,0.0276,0.0516,-0.0072,-0.0069,25.16,25.27,16958,18723,2.12,2.34,6.359,7.021,500,500,50,50,0,0,0,0,,,,,,,,,,,,,,,,,0.0,0.0,0,0,1049.6,799.6,0.9124,1.1047,1,1,0
2026-09-28T22:09:21.325631+09:00,234459436,b882622e,2026-09-28T22:09:21.325631+09:00,2026-09-28T22:09:21.366851+09:00,rail-left-01,rail-right-01,0.6.7-draft,0.6.7-draft,mqtt,mqtt,851.13,700.28,6.709,6.569,0.031,0.042,0.087,-0.339,10.518,9.841,-0.0665,0.0344,0.0402,0.0588,-0.0097,-0.0044,25.14,25.28,17032,18719,2.129,2.34,6.387,7.02,501,501,51,51,0,0,0,0,,,,,,,,,,,,,,,,,0.0,0.0,0,0,1056.6,806.6,0.9124,1.1047,1,1,0
2026-09-28T22:09:21.345736+09:00,234479541,b882622e,2026-09-28T22:09:21.345736+09:00,2026-09-28T22:09:21.386956+09:00,rail-left-01,rail-right-01,0.6.7-draft,0.6.7-draft,mqtt,mqtt,852.22,701.23,6.815,6.609,0.035,0.043,-0.108,-0.332,10.563,9.726,-0.0658,0.033,0.0414,0.0622,-0.0091,-0.0095,25.15,25.26,17296,18808,2.162,2.351,6.486,7.053,502,502,51,51,0,0,0,0,,,,,,,,,,,,,,,,,0.0,0.0,0,0,1057.6,807.6,0.9124,1.1047,1,1,0
2026-09-28T22:09:21.365660+09:00,234499465,b882622e,2026-09-28T22:09:21.365660+09:00,2026-09-28T22:09:21.406880+09:00,rail-left-01,rail-right-01,0.6.7-draft,0.6.7-draft,mqtt,mqtt,853.36,702.12,6.809,6.613,-0.002,-0.006,0.209,-0.135,10.495,9.591,-0.0652,0.0358,0.0402,0.0574,-0.0089,-0.0025,25.16,25.27,17280,18817,2.16,2.352,6.48,7.056,503,503,51,51,0,0,0,0,,,,,,,,,,,,,,,,,0.0,0.0,0,0,1058.6,808.6,0.9124,1.1047,1,1,0
2026-09-28T22:09:21.385679+09:00,234519484,b882622e,2026-09-28T22:09:21.385679+09:00,2026-09-28T22:09:21.426899+09:00,rail-left-01,rail-right-01,0.6.7-draft,0.6.7-draft,mqtt,mqtt,854.51,703.07,6.804,6.621,0.016,0.067,0.045,-0.365,10.412,9.676,-0.0669,0.0344,0.038,0.0592,-0.0107,-0.0112,25.16,25.27,17269,18834,2.159,2.354,6.476,7.063,504,504,51,51,0,0,0,0,,,,,,,,,,,,,,,,,0.0,0.0,0,0,1059.6,809.6,0.9124,1.1047,1,1,0
2026-09-28T22:09:21.405861+09:00,234539666,b882622e,2026-09-28T22:09:21.405861+09:00,2026-09-28T22:09:21.447081+09:00,rail-left-01,rail-right-01,0.6.7-draft,0.6.7-draft,mqtt,mqtt,855.65,704.01,6.806,6.629,-0.038,0.024,0.158,-0.078,10.416,9.676,-0.0593,0.033,0.0396,0.057,-0.0059,-0.0048,25.14,25.28,17274,18851,2.159,2.356,6.478,7.069,505,505,51,51,0,0,0,0,,,,,,,,,,,,,,,,,0.0,0.0,0,0,1060.7,810.7,0.9124,1.1047,1,1,0
2026-09-28T22:09:21.425716+09:00,234559521,b882622e,2026-09-28T22:09:21.425716+09:00,2026-09-28T22:09:21.466936+09:00,rail-left-01,rail-right-01,0.6.7-draft,0.6.7-draft,mqtt,mqtt,856.75,704.96,6.808,6.633,-0.071,-0.031,0.215,-0.297,10.496,9.663,-0.0654,0.0305,0.0369,0.0565,-0.0109,-0.0079,25.16,25.25,17277,18861,2.16,2.358,6.479,7.073,506,506,51,51,0,0,0,0,,,,,,,,,,,,,,,,,0.0,0.0,0,0,1061.7,811.7,0.9124,1.1047,1,1,0
2026-09-28T22:09:21.445653+09:00,234579458,b882622e,2026-09-28T22:09:21.445653+09:00,2026-09-28T22:09:21.486873+09:00,rail-left-01,rail-right-01,0.6.7-draft,0.6.7-draft,mqtt,mqtt,857.89,705.85,6.808,6.629,0.074,0.074,0.154,-0.115,10.265,9.752,-0.0655,0.0293,0.0392,0.0569,-0.0072,-0.0067,25.15,25.27,17278,18851,2.16,2.356,6.479,7.069,507,507,51,51,0,0,0,0,,,,,,,,,,,,,,,,,0.0,0.0,0,0,1062.7,812.7,0.9124,1.1047,1,1,0
2026-09-28T22:09:21.465786+09:00,234599591,b882622e,2026-09-28T22:09:21.465786+09:00,2026-09-28T22:09:21.507006+09:00,rail-left-01,rail-right-01,0.6.7-draft,0.6.7-draft,mqtt,mqtt,859.03,706.79,6.802,6.625,-0.034,0.062,0.03,-0.326,10.54,9.56,-0.0687,0.031,0.0368,0.0542,-0.0083,-0.0065,25.16,25.28,17263,18843,2.158,2.355,6.474,7.066,508,508,51,51,0,0,0,0,,,,,,,,,,,,,,,,,0.0,0.0,0,0,1063.8,813.8,0.9124,1.1047,1,1,0
2026-09-28T22:09:21.485718+09:00,234619523,b882622e,2026-09-28T22:09:21.485718+09:00,2026-09-28T22:09:21.526938+09:00,rail-left-01,rail-right-01,0.6.7-draft,0.6.7-draft,mqtt,mqtt,860.13,707.74,6.81,6.617,0.098,0.105,-0.051,-0.259,10.271,9.613,-0.0645,0.0321,0.0376,0.0565,-0.0067,-0.0049,25.17,25.28,17283,18825,2.16,2.353,6.481,7.059,509,509,51,51,0,0,0,0,,,,,,,,,,,,,,,,,0.0,0.0,0,0,1064.8,814.8,0.9124,1.1047,1,1,0
2026-09-28T22:09:21.505855+09:00,234639660,b882622e,2026-09-28T22:09:21.505855+09:00,2026-09-28T22:09:21.547075+09:00,rail-left-01,rail-right-01,0.6.7-draft,0.6.7-draft,mqtt,mqtt,861.27,708.68,6.8,6.626,-0.066,-0.006,0.038,-0.263,10.442,9.737,-0.0687,0.0345,0.0374,0.0592,-0.0099,-0.0091,25.12,25.27,17258,18845,2.157,2.356,6.472,7.067,510,510,51,51,0,0,0,0,,,,,,,,,,,,,,,,,0.0,0.0,0,0,1065.8,815.8,0.9124,1.1047,1,1,0
2026-09-28T22:09:21.593949+09:00,234734459,b882622e,2026-09-28T22:09:21.593949+09:00,2026-09-28T22:09:21.632052+09:00,rail-left-01,rail-right-01,0.6.7-draft,0.6.7-draft,mqtt,mqtt,866.59,713.16,6.802,6.625,0.037,0.054,-0.04,-0.293,10.459,9.505,-0.0674,0.0328,0.0369,0.0552,-0.0069,-0.0059,25.14,25.27,17262,18843,2.158,2.355,6.473,7.066,511,511,52,52,0,0,0,0,,,,,,,,,,,,,,,,,0.0,0.0,0,0,1070.7,820.7,0.9124,1.1047,1,1,0
2026-09-28T22:09:21.614196+09:00,234754706,b882622e,2026-09-28T22:09:21.614196+09:00,2026-09-28T22:09:21.652299+09:00,rail-left-01,rail-right-01,0.6.7-draft,0.6.7-draft,mqtt,mqtt,867.73,714.1,6.779,6.606,-0.05,-0.049,0.041,-0.265,10.43,9.673,-0.0682,0.0296,0.0357,0.0564,-0.0075,-0.0061,25.14,25.27,17207,18801,2.151,2.35,6.453,7.05,512,512,52,52,0,0,0,0,,,,,,,,,,,,,,,,,0.0,0.0,0,0,1071.7,821.7,0.9124,1.1047,1,1,0
2026-09-28T22:09:21.634137+09:00,234774646,b882622e,2026-09-28T22:09:21.634137+09:00,2026-09-28T22:09:21.672240+09:00,rail-left-01,rail-right-01,0.6.7-draft,0.6.7-draft,mqtt,mqtt,868.88,715.05,6.76,6.577,0.024,0.048,0.032,-0.127,10.551,9.816,-0.0671,0.0264,0.0366,0.0549,-0.0093,-0.0081,25.15,25.28,17159,18736,2.145,2.342,6.435,7.026,513,513,52,52,0,0,0,0,,,,,,,,,,,,,,,,,0.0,0.0,0,0,1072.8,822.8,0.9124,1.1047,1,1,0
2026-09-28T22:09:21.654115+09:00,234794624,b882622e,2026-09-28T22:09:21.654115+09:00,2026-09-28T22:09:21.692217+09:00,rail-left-01,rail-right-01,0.6.7-draft,0.6.7-draft,mqtt,mqtt,869.97,715.99,6.753,6.579,0.054,-0.006,-0.035,-0.308,10.408,9.645,-0.0667,0.0277,0.0392,0.0588,-0.008,-0.0079,25.16,25.27,17140,18740,2.143,2.343,6.428,7.028,514,514,52,52,0,0,0,0,,,,,,,,,,,,,,,,,0.0,0.0,0,0,1073.7,823.7,0.9124,1.1047,1,1,0
2026-09-28T22:09:21.674659+09:00,234815168,b882622e,2026-09-28T22:09:21.674659+09:00,2026-09-28T22:09:21.712761+09:00,rail-left-01,rail-right-01,0.6.7-draft,0.6.7-draft,mqtt,mqtt,871.11,716.94,6.726,6.555,-0.078,-0.02,-0.048,-0.178,10.738,9.765,-0.0677,0.0297,0.0337,0.0512,-0.0055,-0.0043,25.14,25.27,17074,18688,2.134,2.336,6.403,7.008,515,515,52,52,0,0,0,0,,,,,,,,,,,,,,,,,0.0,0.0,0,0,1074.8,824.8,0.9124,1.1047,1,1,0
2026-09-28T22:09:21.694621+09:00,234835131,b882622e,2026-09-28T22:09:21.694621+09:00,2026-09-28T22:09:21.732724+09:00,rail-left-01,rail-right-01,0.6.7-draft,0.6.7-draft,mqtt,mqtt,872.26,717.88,6.727,6.522,-0.007,0.057,-0.023,-0.262,10.332,9.692,-0.0663,0.0218,0.033,0.0544,-0.0087,-0.0041,25.14,25.29,17076,18615,2.135,2.327,6.404,6.981,516,516,52,52,0,0,0,0,,,,,,,,,,,,,,,,,0.0,0.0,0,0,1075.8,825.8,0.9124,1.1047,1,1,0
2026-09-28T22:09:21.714044+09:00,234854553,b882622e,2026-09-28T22:09:21.714044+09:00,2026-09-28T22:09:21.752146+09:00,rail-left-01,rail-right-01,0.6.7-draft,0.6.7-draft,mqtt,mqtt,873.3,718.83,6.716,6.492,-0.145,-0.026,0.032,-0.12,10.515,9.615,-0.0681,0.0228,0.0349,0.0486,-0.0093,-0.0063,25.14,25.27,17048,18547,2.131,2.318,6.393,6.955,517,517,52,52,0,0,0,0,,,,,,,,,,,,,,,,,0.0,0.0,0,0,1076.8,826.8,0.9124,1.1047,1,1,0
2026-09-28T22:09:21.734048+09:00,234874557,b882622e,2026-09-28T22:09:21.734048+09:00,2026-09-28T22:09:21.772151+09:00,rail-left-01,rail-right-01,0.6.7-draft,0.6.7-draft,mqtt,mqtt,874.44,719.77,6.711,6.453,0.062,0.124,0.124,-0.417,10.458,9.744,-0.0638,0.0272,0.0404,0.061,-0.0132,-0.0112,25.14,25.28,17036,18460,2.13,2.308,6.389,6.923,518,518,52,52,0,0,0,0,,,,,,,,,,,,,,,,,0.0,0.0,0,0,1077.8,827.8,0.9124,1.1047,1,1,0
2026-09-28T22:09:21.753996+09:00,234894505,b882622e,2026-09-28T22:09:21.753996+09:00,2026-09-28T22:09:21.792099+09:00,rail-left-01,rail-right-01,0.6.7-draft,0.6.7-draft,mqtt,mqtt,875.54,720.72,6.691,6.46,0.007,0.012,-0.001,-0.299,10.467,9.784,-0.0698,0.0325,0.0404,0.0573,-0.0097,-0.0061,25.13,25.29,16986,18476,2.123,2.31,6.37,6.929,519,519,52,52,0,0,0,0,,,,,,,,,,,,,,,,,0.0,0.0,0,0,1078.8,828.8,0.9124,1.1047,1,1,0
2026-09-28T22:09:21.774023+09:00,234914532,b882622e,2026-09-28T22:09:21.774023+09:00,2026-09-28T22:09:21.812125+09:00,rail-left-01,rail-right-01,0.6.7-draft,0.6.7-draft,mqtt,mqtt,876.68,721.66,6.693,6.47,0.036,0.04,-0.072,-0.323,10.452,9.681,-0.0667,0.0312,0.0413,0.0597,-0.0087,-0.0091,25.17,25.29,16992,18499,2.124,2.312,6.372,6.937,520,520,52,52,0,0,0,0,,,,,,,,,,,,,,,,,0.0,0.0,0,0,1079.9,829.9,0.9124,1.1047,1,1,0
2026-09-28T22:09:21.895117+09:00,234999442,b882622e,2026-09-28T22:09:21.895117+09:00,2026-09-28T22:09:21.931346+09:00,rail-left-01,rail-right-01,0.6.7-draft,0.6.7-draft,mqtt,mqtt,881.46,725.64,6.691,6.467,0.074,0.053,0.036,-0.156,10.6,9.747,-0.0671,0.0309,0.0372,0.0554,-0.0047,-0.0059,25.15,25.27,16986,18492,2.123,2.312,6.37,6.935,521,521,53,53,0,0,0,0,,,,,,,,,,,,,,,,,0.0,0.0,0,0,1084.2,834.2,0.9124,1.1047,1,1,0
2026-09-28T22:09:21.915264+09:00,235019589,b882622e,2026-09-28T22:09:21.915264+09:00,2026-09-28T22:09:21.951493+09:00,rail-left-01,rail-right-01,0.6.7-draft,0.6.7-draft,mqtt,mqtt,882.55,726.58,6.697,6.461,-0.098,-0.06,0.097,-0.322,10.348,9.714,-0.0633,0.031,0.0357,0.0557,-0.0084,-0.0087,25.14,25.26,17001,18479,2.125,2.31,6.375,6.93,522,522,53,53,0,0,0,0,,,,,,,,,,,,,,,,,0.0,0.0,0,0,1085.2,835.2,0.9124,1.1047,1,1,0
2026-09-28T22:09:21.935199+09:00,235039524,b882622e,2026-09-28T22:09:21.935199+09:00,2026-09-28T22:09:21.971428+09:00,rail-left-01,rail-right-01,0.6.7-draft,0.6.7-draft,mqtt,mqtt,883.69,727.53,6.712,6.459,0.037,0.093,-0.111,-0.248,10.375,9.686,-0.0681,0.029,0.0322,0.0552,-0.0085,-0.0039,25.13,25.29,17040,18474,2.13,2.309,6.39,6.928,523,523,53,53,0,0,0,0,,,,,,,,,,,,,,,,,0.0,0.0,0,0,1086.3,836.3,0.9124,1.1047,1,1,0
2026-09-28T22:09:21.955173+09:00,235059498,b882622e,2026-09-28T22:09:21.955173+09:00,2026-09-28T22:09:21.991402+09:00,rail-left-01,rail-right-01,0.6.7-draft,0.6.7-draft,mqtt,mqtt,884.79,728.47,6.71,6.449,0.028,0.049,0.09,-0.105,10.396,9.577,-0.067,0.034,0.043,0.0649,-0.0093,-0.0076,25.17,25.27,17034,18452,2.129,2.307,6.388,6.92,524,524,53,53,0,0,0,0,,,,,,,,,,,,,,,,,0.0,0.0,0,0,1087.3,837.3,0.9124,1.1047,1,1,0
2026-09-28T22:09:21.975230+09:00,235079555,b882622e,2026-09-28T22:09:21.975230+09:00,2026-09-28T22:09:22.011459+09:00,rail-left-01,rail-right-01,0.6.7-draft,0.6.7-draft,mqtt,mqtt,885.93,729.42,6.693,6.462,-0.142,-0.044,0.013,-0.199,10.296,9.639,-0.0629,0.0318,0.0376,0.0597,-0.0091,-0.0005,25.14,25.29,16993,18481,2.124,2.31,6.372,6.93,525,525,53,53,0,0,0,0,,,,,,,,,,,,,,,,,0.0,0.0,0,0,1088.3,838.3,0.9124,1.1047,1,1,0
2026-09-28T22:09:21.995202+09:00,235099527,b882622e,2026-09-28T22:09:21.995202+09:00,2026-09-28T22:09:22.031431+09:00,rail-left-01,rail-right-01,0.6.7-draft,0.6.7-draft,mqtt,mqtt,887.02,730.36,6.685,6.471,0.05,0.048,-0.037,-0.427,10.422,9.724,-0.0649,0.0328,0.0442,0.0578,-0.0052,-0.0011,25.15,25.28,16973,18501,2.122,2.313,6.365,6.938,526,526,53,53,0,0,0,0,,,,,,,,,,,,,,,,,0.0,0.0,0,0,1089.3,839.3,0.9124,1.1047,1,1,0
2026-09-28T22:09:22.015134+09:00,235119459,b882622e,2026-09-28T22:09:22.015134+09:00,2026-09-28T22:09:22.051363+09:00,rail-left-01,rail-right-01,0.6.7-draft,0.6.7-draft,mqtt,mqtt,888.12,731.31,6.677,6.486,-0.061,-0.045,0.03,-0.371,10.509,9.646,-0.062,0.0301,0.0422,0.0536,-0.0025,-0.0005,25.17,25.29,16951,18534,2.119,2.317,6.357,6.95,527,527,53,53,0,0,0,0,,,,,,,,,,,,,,,,,0.0,0.0,0,0,1090.3,840.3,0.9124,1.1047,1,1,0
2026-09-28T22:09:22.035255+09:00,235139580,b882622e,2026-09-28T22:09:22.035255+09:00,2026-09-28T22:09:22.071484+09:00,rail-left-01,rail-right-01,0.6.7-draft,0.6.7-draft,mqtt,mqtt,889.26,732.25,6.671,6.491,0.111,0.072,-0.102,-0.2,10.496,9.668,-0.0626,0.0312,0.0401,0.056,-0.0081,-0.0049,25.16,25.27,16938,18546,2.117,2.318,6.352,6.955,528,528,53,53,0,0,0,0,,,,,,,,,,,,,,,,,0.0,0.0,0,0,1091.3,841.3,0.9124,1.1047,1,1,0
2026-09-28T22:09:22.055162+09:00,235159487,b882622e,2026-09-28T22:09:22.055162+09:00,2026-09-28T22:09:22.091391+09:00,rail-left-01,rail-right-01,0.6.7-draft,0.6.7-draft,mqtt,mqtt,890.35,733.2,6.668,6.482,-0.117,-0.065,-0.054,-0.378,10.448,9.596,-0.0652,0.0278,0.035,0.0484,-0.0031,-0.002,25.13,25.28,16930,18526,2.116,2.316,6.349,6.947,529,529,53,53,0,0,0,0,,,,,,,,,,,,,,,,,0.0,0.0,0,0,1092.3,842.3,0.9124,1.1047,1,1,0
2026-09-28T22:09:22.075240+09:00,235179565,b882622e,2026-09-28T22:09:22.075240+09:00,2026-09-28T22:09:22.111469+09:00,rail-left-01,rail-right-01,0.6.7-draft,0.6.7-draft,mqtt,mqtt,891.5,734.14,6.679,6.439,0.084,0.151,0.247,-0.2,10.325,9.844,-0.0642,0.0234,0.0288,0.0512,-0.0061,-0.0049,25.15,25.28,16956,18431,2.12,2.304,6.359,6.912,530,530,53,53,0,0,0,0,,,,,,,,,,,,,,,,,0.0,0.0,0,0,1093.4,843.4,0.9124,1.1047,1,1,0
2026-09-28T22:09:22.159256+09:00,235298444,b882622e,2026-09-28T22:09:22.159256+09:00,2026-09-28T22:09:22.203785+09:00,rail-left-01,rail-right-01,0.6.7-draft,0.6.7-draft,mqtt,mqtt,898.21,739.71,6.676,6.424,0.02,-0.002,-0.101,-0.366,10.584,9.653,-0.063,0.0277,0.0424,0.0621,-0.0109,-0.0063,25.15,25.29,16949,18396,2.119,2.3,6.356,6.899,531,531,54,54,0,0,0,0,,,,,,,,,,,,,,,,,0.0,0.0,0,0,1099.5,849.5,0.9124,1.1047,1,1,0
2026-09-28T22:09:22.179398+09:00,235318585,b882622e,2026-09-28T22:09:22.179398+09:00,2026-09-28T22:09:22.223927+09:00,rail-left-01,rail-right-01,0.6.7-draft,0.6.7-draft,mqtt,mqtt,899.35,740.65,6.62,6.477,-0.023,-0.012,0.029,-0.085,10.246,9.661,-0.0675,0.0278,0.0374,0.0544,-0.0083,-0.0043,25.13,25.28,16809,18514,2.101,2.314,6.303,6.943,532,532,54,54,0,0,0,0,,,,,,,,,,,,,,,,,0.0,0.0,0,0,1100.6,850.6,0.9124,1.1047,1,1,0
2026-09-28T22:09:22.199326+09:00,235338514,b882622e,2026-09-28T22:09:22.199326+09:00,2026-09-28T22:09:22.243855+09:00,rail-left-01,rail-right-01,0.6.7-draft,0.6.7-draft,mqtt,mqtt,900.5,741.6,6.631,6.477,-0.023,0.073,0.13,-0.241,10.35,9.479,-0.0667,0.0346,0.0432,0.0578,-0.0123,-0.0087,25.17,25.28,16838,18515,2.105,2.314,6.314,6.943,533,533,54,54,0,0,0,0,,,,,,,,,,,,,,,,,0.0,0.0,0,0,1101.6,851.6,0.9124,1.1047,1,1,0
2026-09-28T22:09:22.219308+09:00,235358496,b882622e,2026-09-28T22:09:22.219308+09:00,2026-09-28T22:09:22.263837+09:00,rail-left-01,rail-right-01,0.6.7-draft,0.6.7-draft,mqtt,mqtt,901.59,742.54,6.638,6.474,-0.065,0.008,-0.016,-0.067,10.575,9.644,-0.0679,0.0324,0.0302,0.0486,-0.0089,0.0003,25.16,25.27,16855,18508,2.107,2.314,6.321,6.941,534,534,54,54,0,0,0,0,,,,,,,,,,,,,,,,,0.0,0.0,0,0,1102.6,852.6,0.9124,1.1047,1,1,0
2026-09-28T22:09:22.239469+09:00,235378656,b882622e,2026-09-28T22:09:22.239469+09:00,2026-09-28T22:09:22.283997+09:00,rail-left-01,rail-right-01,0.6.7-draft,0.6.7-draft,mqtt,mqtt,902.73,743.49,6.679,6.457,0.101,0.032,0.169,-0.32,10.496,9.934,-0.0699,0.0336,0.0345,0.0512,-0.0104,-0.0051,25.18,25.28,16958,18469,2.12,2.309,6.359,6.926,535,535,54,54,0,0,0,0,,,,,,,,,,,,,,,,,0.0,0.0,0,0,1103.6,853.6,0.9124,1.1047,1,1,0
2026-09-28T22:09:22.259505+09:00,235398693,b882622e,2026-09-28T22:09:22.259505+09:00,2026-09-28T22:09:22.304035+09:00,rail-left-01,rail-right-01,0.6.7-draft,0.6.7-draft,mqtt,mqtt,903.88,744.43,6.712,6.457,0.031,0.017,-0.08,-0.391,10.561,9.787,-0.0681,0.033,0.0366,0.0513,-0.0121,-0.0079,25.14,25.29,17040,18470,2.13,2.309,6.39,6.926,536,536,54,54,0,0,0,0,,,,,,,,,,,,,,,,,0.0,0.0,0,0,1104.7,854.7,0.9124,1.1047,1,1,0
2026-09-28T22:09:22.279278+09:00,235418465,b882622e,2026-09-28T22:09:22.279278+09:00,2026-09-28T22:09:22.323806+09:00,rail-left-01,rail-right-01,0.6.7-draft,0.6.7-draft,mqtt,mqtt,904.97,745.38,6.722,6.451,0.024,0.017,0.065,-0.115,10.475,9.832,-0.0658,0.0318,0.0373,0.0574,-0.0103,-0.0129,25.15,25.29,17064,18457,2.133,2.307,6.399,6.921,537,537,54,54,0,0,0,0,,,,,,,,,,,,,,,,,0.0,0.0,0,0,1105.7,855.7,0.9124,1.1047,1,1,0
2026-09-28T22:09:22.299428+09:00,235438615,b882622e,2026-09-28T22:09:22.299428+09:00,2026-09-28T22:09:22.343956+09:00,rail-left-01,rail-right-01,0.6.7-draft,0.6.7-draft,mqtt,mqtt,906.12,746.32,6.726,6.449,-0.054,-0.02,0.102,-0.128,10.432,9.731,-0.0628,0.034,0.0373,0.051,-0.0069,-0.0044,25.14,25.29,17073,18452,2.134,2.307,6.402,6.92,538,538,54,54,0,0,0,0,,,,,,,,,,,,,,,,,0.0,0.0,0,0,1106.7,856.7,0.9124,1.1047,1,1,0
2026-09-28T22:09:22.319393+09:00,235458580,b882622e,2026-09-28T22:09:22.319393+09:00,2026-09-28T22:09:22.363921+09:00,rail-left-01,rail-right-01,0.6.7-draft,0.6.7-draft,mqtt,mqtt,907.26,747.27,6.73,6.448,-0.024,0.051,0.109,-0.418,10.505,9.61,-0.0649,0.032,0.0401,0.0565,-0.0097,-0.0096,25.15,25.27,17084,18450,2.136,2.306,6.407,6.919,539,539,54,54,0,0,0,0,,,,,,,,,,,,,,,,,0.0,0.0,0,0,1107.8,857.8,0.9124,1.1047,1,1,0
2026-09-28T22:09:22.339361+09:00,235478548,b882622e,2026-09-28T22:09:22.339361+09:00,2026-09-28T22:09:22.383889+09:00,rail-left-01,rail-right-01,0.6.7-draft,0.6.7-draft,mqtt,mqtt,908.4,748.21,6.734,6.442,-0.092,-0.062,0.075,-0.26,10.452,9.731,-0.0646,0.0352,0.0328,0.0484,-0.0055,-0.0035,25.14,25.28,17094,18437,2.137,2.305,6.41,6.914,540,540,54,54,0,0,0,0,,,,,,,,,,,,,,,,,0.0,0.0,0,0,1108.8,858.8,0.9124,1.1047,1,1,0
2026-09-28T22:09:22.435396+09:00,235571487,b882622e,2026-09-28T22:09:22.435396+09:00,2026-09-28T22:09:22.475330+09:00,rail-left-01,rail-right-01,0.6.7-draft,0.6.7-draft,mqtt,mqtt,913.62,752.59,6.747,6.434,0.012,-0.029,0.092,-0.189,10.576,9.863,-0.0637,0.0304,0.0393,0.0588,-0.0075,-0.0061,25.15,25.28,17127,18420,2.141,2.303,6.423,6.908,541,541,55,55,0,0,0,0,,,,,,,,,,,,,,,,,0.0,0.0,0,0,1113.6,863.6,0.9124,1.1047,1,1,0
2026-09-28T22:09:22.455553+09:00,235591644,b882622e,2026-09-28T22:09:22.455553+09:00,2026-09-28T22:09:22.495487+09:00,rail-left-01,rail-right-01,0.6.7-draft,0.6.7-draft,mqtt,mqtt,914.77,753.58,6.749,6.386,0.037,0.06,-0.024,-0.302,10.578,9.731,-0.069,0.0282,0.0393,0.0566,-0.0099,-0.0048,25.13,25.28,17132,18312,2.141,2.289,6.424,6.867,542,542,55,55,0,0,0,0,,,,,,,,,,,,,,,,,0.0,0.0,0,0,1114.6,864.6,0.9124,1.1047,1,1,0
2026-09-28T22:09:22.475480+09:00,235611571,b882622e,2026-09-28T22:09:22.475480+09:00,2026-09-28T22:09:22.515414+09:00,rail-left-01,rail-right-01,0.6.7-draft,0.6.7-draft,mqtt,mqtt,915.91,754.52,6.734,6.374,0.017,0.018,0.114,-0.124,10.606,10.01,-0.0626,0.0334,0.0398,0.055,-0.0085,-0.0056,25.15,25.29,17094,18286,2.137,2.286,6.41,6.857,543,543,55,55,0,0,0,0,,,,,,,,,,,,,,,,,0.0,0.0,0,0,1115.7,865.7,0.9124,1.1047,1,1,0
2026-09-28T22:09:22.495421+09:00,235631512,b882622e,2026-09-28T22:09:22.495421+09:00,2026-09-28T22:09:22.535355+09:00,rail-left-01,rail-right-01,0.6.7-draft,0.6.7-draft,mqtt,mqtt,917.0,755.42,6.721,6.381,-0.026,0.008,0.113,-0.292,10.59,9.805,-0.0633,0.0338,0.0417,0.0564,-0.0097,-0.0079,25.13,25.3,17061,18301,2.133,2.288,6.398,6.863,544,544,55,55,0,0,0,0,,,,,,,,,,,,,,,,,0.0,0.0,0,0,1116.7,866.7,0.9124,1.1047,1,1,0
2026-09-28T22:09:22.515455+09:00,235651546,b882622e,2026-09-28T22:09:22.515455+09:00,2026-09-28T22:09:22.555389+09:00,rail-left-01,rail-right-01,0.6.7-draft,0.6.7-draft,mqtt,mqtt,918.15,756.41,6.714,6.379,-0.036,0.053,-0.085,-0.251,10.438,9.668,-0.0667,0.0309,0.0426,0.0626,-0.0095,-0.0081,25.15,25.27,17044,18296,2.131,2.287,6.392,6.861,545,545,55,55,0,0,0,0,,,,,,,,,,,,,,,,,0.0,0.0,0,0,1117.7,867.7,0.9124,1.1047,1,1,0
2026-09-28T22:09:22.535596+09:00,235671687,b882622e,2026-09-28T22:09:22.535596+09:00,2026-09-28T22:09:22.575530+09:00,rail-left-01,rail-right-01,0.6.7-draft,0.6.7-draft,mqtt,mqtt,919.29,757.36,6.706,6.397,-0.085,0.031,0.034,-0.065,10.39,9.697,-0.0592,0.034,0.039,0.0552,-0.0089,-0.0045,25.15,25.28,17025,18336,2.128,2.292,6.384,6.876,546,546,55,55,0,0,0,0,,,,,,,,,,,,,,,,,0.0,0.0,0,0,1118.7,868.7,0.9124,1.1047,1,1,0
2026-09-28T22:09:22.555557+09:00,235691648,b882622e,2026-09-28T22:09:22.555557+09:00,2026-09-28T22:09:22.595491+09:00,rail-left-01,rail-right-01,0.6.7-draft,0.6.7-draft,mqtt,mqtt,920.43,758.3,6.715,6.401,0.034,0.02,-0.007,-0.413,10.418,9.704,-0.0633,0.0353,0.038,0.0552,-0.0108,-0.0055,25.13,25.27,17046,18345,2.131,2.293,6.392,6.879,547,547,55,55,0,0,0,0,,,,,,,,,,,,,,,,,0.0,0.0,0,0,1119.8,869.8,0.9124,1.1047,1,1,0
2026-09-28T22:09:22.575514+09:00,235711605,b882622e,2026-09-28T22:09:22.575514+09:00,2026-09-28T22:09:22.615448+09:00,rail-left-01,rail-right-01,0.6.7-draft,0.6.7-draft,mqtt,mqtt,921.53,759.25,6.734,6.415,-0.103,-0.13,0.359,-0.239,10.499,9.73,-0.0564,0.0305,0.0345,0.0548,-0.0117,-0.0079,25.16,25.27,17093,18376,2.137,2.297,6.41,6.891,548,548,55,55,0,0,0,0,,,,,,,,,,,,,,,,,0.0,0.0,0,0,1120.8,870.8,0.9124,1.1047,1,1,0
2026-09-28T22:09:22.595460+09:00,235731551,b882622e,2026-09-28T22:09:22.595460+09:00,2026-09-28T22:09:22.635394+09:00,rail-left-01,rail-right-01,0.6.7-draft,0.6.7-draft,mqtt,mqtt,922.67,760.19,6.77,6.418,-0.023,0.035,0.004,-0.041,10.429,9.798,-0.0566,0.0365,0.04,0.0538,-0.0081,-0.0071,25.15,25.27,17183,18383,2.148,2.298,6.444,6.894,549,549,55,55,0,0,0,0,,,,,,,,,,,,,,,,,0.0,0.0,0,0,1121.8,871.8,0.9124,1.1047,1,1,0
2026-09-28T22:09:22.615489+09:00,235751580,b882622e,2026-09-28T22:09:22.615489+09:00,2026-09-28T22:09:22.655423+09:00,rail-left-01,rail-right-01,0.6.7-draft,0.6.7-draft,mqtt,mqtt,923.82,761.14,6.797,6.428,0.08,0.114,-0.164,-0.195,10.436,9.567,-0.0608,0.0357,0.0373,0.0524,-0.0069,-0.0043,25.15,25.28,17251,18405,2.156,2.301,6.469,6.902,550,550,55,55,0,0,0,0,,,,,,,,,,,,,,,,,0.0,0.0,0,0,1122.9,872.9,0.9124,1.1047,1,1,0
2026-09-28T22:09:22.700416+09:00,235842465,b882622e,2026-09-28T22:09:22.700416+09:00,2026-09-28T22:09:22.742523+09:00,rail-left-01,rail-right-01,0.6.7-draft,0.6.7-draft,mqtt,mqtt,928.94,765.41,6.814,6.423,0.084,0.086,0.081,-0.194,10.396,9.731,-0.0617,0.0368,0.0404,0.0509,-0.0072,-0.008,25.16,25.27,17293,18394,2.162,2.299,6.485,6.898,551,551,56,56,0,0,0,0,,,,,,,,,,,,,,,,,0.0,0.0,0,0,1127.6,877.6,0.9124,1.1047,1,1,0
2026-09-28T22:09:22.720555+09:00,235862604,b882622e,2026-09-28T22:09:22.720555+09:00,2026-09-28T22:09:22.762662+09:00,rail-left-01,rail-right-01,0.6.7-draft,0.6.7-draft,mqtt,mqtt,930.08,766.36,6.824,6.412,-0.068,-0.031,0.091,-0.3,10.556,9.485,-0.0654,0.0281,0.0456,0.0592,-0.0101,-0.0092,25.14,25.28,17319,18371,2.165,2.296,6.495,6.889,552,552,56,56,0,0,0,0,,,,,,,,,,,,,,,,,0.0,0.0,0,0,1128.6,878.6,0.9124,1.1047,1,1,0
2026-09-28T22:09:22.740600+09:00,235882649,b882622e,2026-09-28T22:09:22.740600+09:00,2026-09-28T22:09:22.782707+09:00,rail-left-01,rail-right-01,0.6.7-draft,0.6.7-draft,mqtt,mqtt,931.22,767.3,6.811,6.434,-0.023,0.059,-0.053,-0.336,10.361,9.476,-0.0625,0.0284,0.0413,0.0577,-0.0083,-0.0068,25.13,25.29,17285,18418,2.161,2.302,6.482,6.907,553,553,56,56,0,0,0,0,,,,,,,,,,,,,,,,,0.0,0.0,0,0,1129.6,879.6,0.9124,1.1047,1,1,0
2026-09-28T22:09:22.760582+09:00,235902631,b882622e,2026-09-28T22:09:22.760582+09:00,2026-09-28T22:09:22.802689+09:00,rail-left-01,rail-right-01,0.6.7-draft,0.6.7-draft,mqtt,mqtt,932.37,768.25,6.792,6.457,-0.051,-0.004,0.269,-0.243,10.543,9.547,-0.0628,0.0325,0.0428,0.0609,-0.0083,-0.0077,25.14,25.28,17239,18471,2.155,2.309,6.465,6.927,554,554,56,56,0,0,0,0,,,,,,,,,,,,,,,,,0.0,0.0,0,0,1130.7,880.7,0.9124,1.1047,1,1,0
2026-09-28T22:09:22.780647+09:00,235922696,b882622e,2026-09-28T22:09:22.780647+09:00,2026-09-28T22:09:22.822754+09:00,rail-left-01,rail-right-01,0.6.7-draft,0.6.7-draft,mqtt,mqtt,933.51,769.19,6.806,6.476,-0.029,0.049,-0.153,-0.382,10.423,9.711,-0.0622,0.0332,0.0386,0.0553,-0.0095,-0.0075,25.14,25.28,17272,18513,2.159,2.314,6.477,6.942,555,555,56,56,0,0,0,0,,,,,,,,,,,,,,,,,0.0,0.0,0,0,1131.7,881.7,0.9124,1.1047,1,1,0
2026-09-28T22:09:22.800636+09:00,235942685,b882622e,2026-09-28T22:09:22.800636+09:00,2026-09-28T22:09:22.842743+09:00,rail-left-01,rail-right-01,0.6.7-draft,0.6.7-draft,mqtt,mqtt,934.65,770.14,6.796,6.491,0.029,0.016,0.102,-0.285,10.529,9.72,-0.0637,0.0336,0.0414,0.0581,-0.0068,-0.0059,25.14,25.27,17248,18545,2.156,2.318,6.468,6.954,556,556,56,56,0,0,0,0,,,,,,,,,,,,,,,,,0.0,0.0,0,0,1132.8,882.8,0.9124,1.1047,1,1,0
2026-09-28T22:09:22.820573+09:00,235962622,b882622e,2026-09-28T22:09:22.820573+09:00,2026-09-28T22:09:22.862680+09:00,rail-left-01,rail-right-01,0.6.7-draft,0.6.7-draft,mqtt,mqtt,935.75,771.08,6.802,6.495,-0.078,-0.065,0.019,-0.323,10.551,9.799,-0.0624,0.0342,0.0413,0.059,-0.0101,-0.0085,25.13,25.29,17262,18555,2.158,2.319,6.473,6.958,557,557,56,56,0,0,0,0,,,,,,,,,,,,,,,,,0.0,0.0,0,0,1133.8,883.8,0.9124,1.1047,1,1,0
2026-09-28T22:09:22.840605+09:00,235982654,b882622e,2026-09-28T22:09:22.840605+09:00,2026-09-28T22:09:22.882712+09:00,rail-left-01,rail-right-01,0.6.7-draft,0.6.7-draft,mqtt,mqtt,936.89,772.03,6.797,6.516,0.028,0.065,0.017,-0.206,10.364,9.768,-0.0621,0.0309,0.0398,0.0596,-0.0064,-0.0068,25.16,25.25,17251,18600,2.156,2.325,6.469,6.975,558,558,56,56,0,0,0,0,,,,,,,,,,,,,,,,,0.0,0.0,0,0,1134.8,884.8,0.9124,1.1047,1,1,0
2026-09-28T22:09:22.860596+09:00,236002645,b882622e,2026-09-28T22:09:22.860596+09:00,2026-09-28T22:09:22.902703+09:00,rail-left-01,rail-right-01,0.6.7-draft,0.6.7-draft,mqtt,mqtt,938.03,772.97,6.79,6.518,-0.062,0.071,-0.031,-0.13,10.466,9.577,-0.0675,0.0318,0.0402,0.0613,-0.0079,-0.0087,25.13,25.26,17232,18606,2.154,2.326,6.462,6.977,559,559,56,56,0,0,0,0,,,,,,,,,,,,,,,,,0.0,0.0,0,0,1135.8,885.8,0.9124,1.1047,1,1,0
2026-09-28T22:09:22.881236+09:00,236023285,b882622e,2026-09-28T22:09:22.881236+09:00,2026-09-28T22:09:22.923343+09:00,rail-left-01,rail-right-01,0.6.7-draft,0.6.7-draft,mqtt,mqtt,939.23,773.96,6.783,6.533,0.012,-0.025,0.383,-0.265,10.32,9.572,-0.0699,0.0333,0.0436,0.0604,-0.0072,0.0012,25.14,25.29,17215,18638,2.152,2.33,6.456,6.989,560,560,56,56,0,0,0,0,,,,,,,,,,,,,,,,,0.0,0.0,0,0,1136.9,886.9,0.9124,1.1047,1,1,0
2026-09-28T22:09:22.971306+09:00,236110459,b882622e,2026-09-28T22:09:22.971306+09:00,2026-09-28T22:09:23.052609+09:00,rail-left-01,rail-right-01,0.6.7-draft,0.6.7-draft,mqtt,mqtt,944.15,778.04,6.774,6.539,-0.043,-0.012,0.089,-0.23,10.536,9.669,-0.0652,0.0316,0.0413,0.0552,-0.0084,-0.0056,25.14,25.24,17194,18652,2.149,2.332,6.448,6.995,561,561,57,57,0,0,0,0,,,,,,,,,,,,,,,,,0.0,0.0,0,0,1141.4,891.4,0.9124,1.1047,1,1,0
2026-09-28T22:09:22.991439+09:00,236130592,b882622e,2026-09-28T22:09:22.991439+09:00,2026-09-28T22:09:23.072742+09:00,rail-left-01,rail-right-01,0.6.7-draft,0.6.7-draft,mqtt,mqtt,945.34,778.99,6.731,6.569,0.04,0.16,0.043,-0.261,10.438,9.664,-0.0669,0.0337,0.0421,0.0558,-0.008,-0.0092,25.17,25.28,17087,18718,2.136,2.34,6.408,7.019,562,562,57,57,0,0,0,0,,,,,,,,,,,,,,,,,0.0,0.0,0,0,1142.5,892.5,0.9124,1.1047,1,1,0
2026-09-28T22:09:23.011378+09:00,236150531,b882622e,2026-09-28T22:09:23.011378+09:00,2026-09-28T22:09:23.092681+09:00,rail-left-01,rail-right-01,0.6.7-draft,0.6.7-draft,mqtt,mqtt,946.44,779.93,6.72,6.58,-0.104,-0.133,0.144,-0.18,10.46,9.656,-0.0666,0.031,0.0396,0.0558,-0.0047,-0.0075,25.14,25.27,17058,18742,2.132,2.343,6.397,7.028,563,563,57,57,0,0,0,0,,,,,,,,,,,,,,,,,0.0,0.0,0,0,1143.5,893.5,0.9124,1.1047,1,1,0
2026-09-28T22:09:23.031319+09:00,236170472,b882622e,2026-09-28T22:09:23.031319+09:00,2026-09-28T22:09:23.112622+09:00,rail-left-01,rail-right-01,0.6.7-draft,0.6.7-draft,mqtt,mqtt,947.58,780.88,6.725,6.574,0.074,0.042,0.195,-0.145,10.408,9.756,-0.0658,0.0285,0.0376,0.0548,-0.0105,-0.006,25.15,25.27,17071,18730,2.134,2.341,6.402,7.024,564,564,57,57,0,0,0,0,,,,,,,,,,,,,,,,,0.0,0.0,0,0,1144.6,894.6,0.9124,1.1047,1,1,0
2026-09-28T22:09:23.051394+09:00,236190547,b882622e,2026-09-28T22:09:23.051394+09:00,2026-09-28T22:09:23.132697+09:00,rail-left-01,rail-right-01,0.6.7-draft,0.6.7-draft,mqtt,mqtt,948.72,781.82,6.703,6.572,0.063,-0.004,0.006,-0.339,10.551,9.752,-0.0689,0.0304,0.0425,0.0566,-0.0073,-0.0063,25.13,25.27,17016,18725,2.127,2.341,6.381,7.022,565,565,57,57,0,0,0,0,,,,,,,,,,,,,,,,,0.0,0.0,0,0,1145.6,895.6,0.9124,1.1047,1,1,0
2026-09-28T22:09:23.071400+09:00,236210553,b882622e,2026-09-28T22:09:23.071400+09:00,2026-09-28T22:09:23.152703+09:00,rail-left-01,rail-right-01,0.6.7-draft,0.6.7-draft,mqtt,mqtt,949.87,782.76,6.712,6.573,-0.116,-0.03,-0.072,-0.213,10.315,9.534,-0.0669,0.0301,0.0386,0.0546,-0.0081,-0.0105,25.15,25.27,17040,18727,2.13,2.341,6.39,7.023,566,566,57,57,0,0,0,0,,,,,,,,,,,,,,,,,0.0,0.0,0,0,1146.6,896.6,0.9124,1.1047,1,1,0
2026-09-28T22:09:23.091332+09:00,236230485,b882622e,2026-09-28T22:09:23.091332+09:00,2026-09-28T22:09:23.172635+09:00,rail-left-01,rail-right-01,0.6.7-draft,0.6.7-draft,mqtt,mqtt,951.01,783.71,6.706,6.568,0.036,0.063,-0.011,-0.359,10.464,9.748,-0.0679,0.0317,0.0401,0.0577,-0.0084,-0.0024,25.15,25.26,17024,18716,2.128,2.34,6.384,7.019,567,567,57,57,0,0,0,0,,,,,,,,,,,,,,,,,0.0,0.0,0,0,1147.7,897.7,0.9124,1.1047,1,1,0
2026-09-28T22:09:23.111452+09:00,236250605,b882622e,2026-09-28T22:09:23.111452+09:00,2026-09-28T22:09:23.192755+09:00,rail-left-01,rail-right-01,0.6.7-draft,0.6.7-draft,mqtt,mqtt,952.15,784.65,6.692,6.566,-0.13,-0.057,0.117,-0.156,10.297,9.766,-0.0626,0.031,0.0456,0.0602,-0.0072,-0.0043,25.13,25.26,16990,18712,2.124,2.339,6.371,7.017,568,568,57,57,0,0,0,0,,,,,,,,,,,,,,,,,0.0,0.0,0,0,1148.7,898.7,0.9124,1.1047,1,1,0
2026-09-28T22:09:23.131438+09:00,236270591,b882622e,2026-09-28T22:09:23.131438+09:00,2026-09-28T22:09:23.212741+09:00,rail-left-01,rail-right-01,0.6.7-draft,0.6.7-draft,mqtt,mqtt,953.3,785.6,6.686,6.587,0.001,-0.018,0.032,-0.132,10.791,9.778,-0.0682,0.0318,0.0393,0.0558,-0.0068,-0.0016,25.15,25.26,16975,18758,2.122,2.345,6.366,7.034,569,569,57,57,0,0,0,0,,,,,,,,,,,,,,,,,0.0,0.0,0,0,1149.8,899.8,0.9124,1.1047,1,1,0
2026-09-28T22:09:23.151599+09:00,236290752,b882622e,2026-09-28T22:09:23.151599+09:00,2026-09-28T22:09:23.232902+09:00,rail-left-01,rail-right-01,0.6.7-draft,0.6.7-draft,mqtt,mqtt,954.44,786.54,6.685,6.589,0.096,0.114,0.08,-0.33,10.335,9.838,-0.0634,0.028,0.038,0.0538,-0.0051,0.0036,25.15,25.28,16971,18762,2.121,2.345,6.364,7.036,570,570,57,57,0,0,0,0,,,,,,,,,,,,,,,,,0.0,0.0,0,0,1150.8,900.8,0.9124,1.1047,1,1,0
2026-09-28T22:09:23.278900+09:00,236421427,b882622e,2026-09-28T22:09:23.278900+09:00,2026-09-28T22:09:23.362820+09:00,rail-left-01,rail-right-01,0.6.7-draft,0.6.7-draft,mqtt,mqtt,961.9,792.71,6.68,6.582,-0.164,-0.074,0.056,-0.092,10.422,9.76,-0.0625,0.0321,0.0368,0.0529,-0.0033,0.0065,25.17,25.26,16960,18747,2.12,2.343,6.36,7.03,571,571,58,58,0,0,0,0,,,,,,,,,,,,,,,,,0.0,0.0,0,0,1157.6,907.6,0.9124,1.1047,1,1,0
2026-09-28T22:09:23.299032+09:00,236441560,b882622e,2026-09-28T22:09:23.299032+09:00,2026-09-28T22:09:23.382953+09:00,rail-left-01,rail-right-01,0.6.7-draft,0.6.7-draft,mqtt,mqtt,963.04,793.65,6.673,6.466,0.122,0.126,0.286,-0.235,10.384,9.538,-0.0612,0.0298,0.0408,0.0614,-0.0059,-0.0021,25.16,25.29,16943,18489,2.118,2.311,6.354,6.933,572,572,58,58,0,0,0,0,,,,,,,,,,,,,,,,,0.0,0.0,0,0,1158.7,908.7,0.9124,1.1047,1,1,0
2026-09-28T22:09:23.318966+09:00,236461493,b882622e,2026-09-28T22:09:23.318966+09:00,2026-09-28T22:09:23.402886+09:00,rail-left-01,rail-right-01,0.6.7-draft,0.6.7-draft,mqtt,mqtt,964.19,794.6,6.675,6.478,-0.237,-0.129,-0.22,-0.308,10.488,9.679,-0.0616,0.0312,0.0421,0.0573,-0.0088,-0.0051,25.15,25.26,16948,18516,2.118,2.315,6.356,6.944,573,573,58,58,0,0,0,0,,,,,,,,,,,,,,,,,0.0,0.0,0,0,1159.7,909.7,0.9124,1.1047,1,1,0
2026-09-28T22:09:23.339066+09:00,236481593,b882622e,2026-09-28T22:09:23.339066+09:00,2026-09-28T22:09:23.422986+09:00,rail-left-01,rail-right-01,0.6.7-draft,0.6.7-draft,mqtt,mqtt,965.33,795.54,6.66,6.488,0.134,0.097,-0.136,-0.169,10.374,9.936,-0.0616,0.028,0.041,0.0628,-0.0089,-0.0111,25.14,25.27,16910,18539,2.114,2.317,6.341,6.952,574,574,58,58,0,0,0,0,,,,,,,,,,,,,,,,,0.0,0.0,0,0,1160.8,910.8,0.9124,1.1047,1,1,0
2026-09-28T22:09:23.359055+09:00,236501582,b882622e,2026-09-28T22:09:23.359055+09:00,2026-09-28T22:09:23.442975+09:00,rail-left-01,rail-right-01,0.6.7-draft,0.6.7-draft,mqtt,mqtt,966.47,796.49,6.65,6.496,-0.031,0.024,0.14,-0.207,10.433,9.746,-0.0681,0.0308,0.0401,0.0498,-0.0009,-0.0061,25.16,25.29,16884,18557,2.111,2.32,6.332,6.959,575,575,58,58,0,0,0,0,,,,,,,,,,,,,,,,,0.0,0.0,0,0,1161.8,911.8,0.9124,1.1047,1,1,0
2026-09-28T22:09:23.379553+09:00,236522080,b882622e,2026-09-28T22:09:23.379553+09:00,2026-09-28T22:09:23.463473+09:00,rail-left-01,rail-right-01,0.6.7-draft,0.6.7-draft,mqtt,mqtt,967.67,797.43,6.629,6.511,0.122,0.086,0.151,-0.294,10.489,9.626,-0.0648,0.031,0.0416,0.0561,-0.0044,-0.0079,25.16,25.26,16832,18589,2.104,2.324,6.312,6.971,576,576,58,58,0,0,0,0,,,,,,,,,,,,,,,,,0.0,0.0,0,0,1162.9,912.9,0.9124,1.1047,1,1,0
2026-09-28T22:09:23.398981+09:00,236541508,b882622e,2026-09-28T22:09:23.398981+09:00,2026-09-28T22:09:23.482901+09:00,rail-left-01,rail-right-01,0.6.7-draft,0.6.7-draft,mqtt,mqtt,968.76,798.38,6.627,6.507,-0.085,0.012,-0.136,-0.378,10.555,9.877,-0.0683,0.0285,0.0374,0.054,-0.0096,-0.0128,25.13,25.28,16827,18580,2.103,2.323,6.31,6.968,577,577,58,58,0,0,0,0,,,,,,,,,,,,,,,,,0.0,0.0,0,0,1163.9,913.9,0.9124,1.1047,1,1,0
2026-09-28T22:09:23.419013+09:00,236561541,b882622e,2026-09-28T22:09:23.419013+09:00,2026-09-28T22:09:23.502934+09:00,rail-left-01,rail-right-01,0.6.7-draft,0.6.7-draft,mqtt,mqtt,969.9,799.27,6.627,6.512,0.178,0.098,0.235,-0.255,10.646,9.767,-0.0703,0.0318,0.0441,0.0581,-0.0073,-0.0153,25.14,25.26,16827,18591,2.103,2.324,6.31,6.972,578,578,58,58,0,0,0,0,,,,,,,,,,,,,,,,,0.0,0.0,0,0,1164.9,914.9,0.9124,1.1047,1,1,0
2026-09-28T22:09:23.438987+09:00,236581514,b882622e,2026-09-28T22:09:23.438987+09:00,2026-09-28T22:09:23.522907+09:00,rail-left-01,rail-right-01,0.6.7-draft,0.6.7-draft,mqtt,mqtt,971.05,800.22,6.633,6.527,-0.093,-0.078,0.042,-0.299,10.494,9.638,-0.0636,0.0321,0.0404,0.0521,-0.0093,-0.0099,25.12,25.27,16843,18625,2.105,2.328,6.316,6.984,579,579,58,58,0,0,0,0,,,,,,,,,,,,,,,,,0.0,0.0,0,0,1166.0,916.0,0.9124,1.1047,1,1,0
2026-09-28T22:09:23.459335+09:00,236601863,b882622e,2026-09-28T22:09:23.459335+09:00,2026-09-28T22:09:23.543256+09:00,rail-left-01,rail-right-01,0.6.7-draft,0.6.7-draft,mqtt,mqtt,972.24,801.16,6.626,6.528,-0.044,-0.018,0.103,-0.408,10.333,9.73,-0.0667,0.0298,0.0405,0.0586,-0.012,-0.0108,25.16,25.28,16826,18628,2.103,2.329,6.31,6.986,580,580,58,58,0,0,0,0,,,,,,,,,,,,,,,,,0.0,0.0,0,0,1167.1,917.1,0.9124,1.1047,1,1,0
2026-09-28T22:09:23.632821+09:00,236731452,b882622e,2026-09-28T22:09:23.632821+09:00,2026-09-28T22:09:23.716921+09:00,rail-left-01,rail-right-01,0.6.7-draft,0.6.7-draft,mqtt,mqtt,979.65,807.23,6.622,6.524,0.043,0.183,0.107,-0.183,10.369,9.844,-0.0691,0.0328,0.0356,0.051,-0.0092,-0.0077,25.17,25.27,16816,18618,2.102,2.327,6.306,6.982,581,581,59,59,0,0,0,0,,,,,,,,,,,,,,,,,0.0,0.0,0,0,1173.8,923.8,0.9124,1.1047,1,1,0
2026-09-28T22:09:23.652974+09:00,236751605,b882622e,2026-09-28T22:09:23.652974+09:00,2026-09-28T22:09:23.737074+09:00,rail-left-01,rail-right-01,0.6.7-draft,0.6.7-draft,mqtt,mqtt,980.79,808.17,6.707,6.548,-0.108,-0.181,0.103,-0.602,10.569,9.816,-0.0705,0.0324,0.0382,0.056,-0.0093,-0.0035,25.16,25.3,17026,18672,2.128,2.334,6.385,7.002,582,582,59,59,0,0,0,0,,,,,,,,,,,,,,,,,0.0,0.0,0,0,1174.9,924.9,0.9124,1.1047,1,1,0
2026-09-28T22:09:23.673006+09:00,236771637,b882622e,2026-09-28T22:09:23.673006+09:00,2026-09-28T22:09:23.757106+09:00,rail-left-01,rail-right-01,0.6.7-draft,0.6.7-draft,mqtt,mqtt,981.94,809.12,6.726,6.553,0.116,0.096,0.045,-0.229,10.566,9.676,-0.0641,0.028,0.0365,0.0561,-0.0123,-0.0124,25.15,25.26,17074,18683,2.134,2.335,6.403,7.006,583,583,59,59,0,0,0,0,,,,,,,,,,,,,,,,,0.0,0.0,0,0,1175.9,925.9,0.9124,1.1047,1,1,0
2026-09-28T22:09:23.692951+09:00,236791582,b882622e,2026-09-28T22:09:23.692951+09:00,2026-09-28T22:09:23.777051+09:00,rail-left-01,rail-right-01,0.6.7-draft,0.6.7-draft,mqtt,mqtt,983.08,810.06,6.726,6.558,0.048,0.059,0.109,-0.165,10.33,9.446,-0.0733,0.0348,0.0421,0.0554,-0.0051,-0.0039,25.16,25.29,17074,18695,2.134,2.337,6.403,7.011,584,584,59,59,0,0,0,0,,,,,,,,,,,,,,,,,0.0,0.0,0,0,1177.0,927.0,0.9124,1.1047,1,1,0
2026-09-28T22:09:23.713367+09:00,236811998,b882622e,2026-09-28T22:09:23.713367+09:00,2026-09-28T22:09:23.797467+09:00,rail-left-01,rail-right-01,0.6.7-draft,0.6.7-draft,mqtt,mqtt,984.22,811.0,6.735,6.566,-0.079,-0.057,-0.061,-0.335,10.399,9.623,-0.0718,0.0312,0.0414,0.0577,-0.0047,-0.0068,25.15,25.29,17096,18712,2.137,2.339,6.411,7.017,585,585,59,59,0,0,0,0,,,,,,,,,,,,,,,,,0.0,0.0,0,0,1178.0,928.0,0.9124,1.1047,1,1,0
2026-09-28T22:09:23.733344+09:00,236831975,b882622e,2026-09-28T22:09:23.733344+09:00,2026-09-28T22:09:23.817444+09:00,rail-left-01,rail-right-01,0.6.7-draft,0.6.7-draft,mqtt,mqtt,985.37,811.95,6.718,6.575,-0.065,-0.006,0.117,-0.069,11.011,9.993,-0.0605,0.0328,0.035,0.0468,-0.0056,-0.0027,25.16,25.28,17054,18731,2.132,2.341,6.395,7.024,586,586,59,59,0,0,0,0,,,,,,,,,,,,,,,,,0.0,0.0,0,0,1179.0,929.0,0.9124,1.1047,1,1,0
2026-09-28T22:09:23.752895+09:00,236851526,b882622e,2026-09-28T22:09:23.752895+09:00,2026-09-28T22:09:23.836995+09:00,rail-left-01,rail-right-01,0.6.7-draft,0.6.7-draft,mqtt,mqtt,986.51,812.84,6.759,6.579,-0.028,0.008,0.146,-0.289,10.376,9.871,-0.0594,0.0329,0.0316,0.0508,-0.0108,-0.006,25.14,25.28,17155,18741,2.144,2.343,6.433,7.028,587,587,59,59,0,0,0,0,,,,,,,,,,,,,,,,,0.0,0.0,0,0,1180.1,930.1,0.9124,1.1047,1,1,0
2026-09-28T22:09:23.772833+09:00,236871464,b882622e,2026-09-28T22:09:23.772833+09:00,2026-09-28T22:09:23.856933+09:00,rail-left-01,rail-right-01,0.6.7-draft,0.6.7-draft,mqtt,mqtt,987.65,813.79,6.802,6.572,0.074,0.102,-0.2,-0.218,10.348,9.664,-0.0612,0.0308,0.0357,0.0538,-0.0076,-0.0028,25.15,25.29,17262,18726,2.158,2.341,6.473,7.022,588,588,59,59,0,0,0,0,,,,,,,,,,,,,,,,,0.0,0.0,0,0,1181.1,931.1,0.9124,1.1047,1,1,0
2026-09-28T22:09:23.792949+09:00,236891580,b882622e,2026-09-28T22:09:23.792949+09:00,2026-09-28T22:09:23.877049+09:00,rail-left-01,rail-right-01,0.6.7-draft,0.6.7-draft,mqtt,mqtt,988.8,814.73,6.815,6.559,-0.099,0.024,0.024,-0.395,10.402,9.828,-0.0657,0.0326,0.0358,0.0516,-0.008,-0.0047,25.15,25.33,17296,18697,2.162,2.337,6.486,7.011,589,589,59,59,0,0,0,0,,,,,,,,,,,,,,,,,0.0,0.0,0,0,1182.2,932.2,0.9124,1.1047,1,1,0
2026-09-28T22:09:23.812957+09:00,236911588,b882622e,2026-09-28T22:09:23.812957+09:00,2026-09-28T22:09:23.897057+09:00,rail-left-01,rail-right-01,0.6.7-draft,0.6.7-draft,mqtt,mqtt,989.94,815.63,6.834,6.556,0.075,0.114,0.086,-0.281,10.224,9.722,-0.0682,0.0341,0.0385,0.06,-0.0109,-0.0087,25.15,25.28,17343,18689,2.168,2.336,6.504,7.008,590,590,59,59,0,0,0,0,,,,,,,,,,,,,,,,,0.0,0.0,0,0,1183.2,933.2,0.9124,1.1047,1,1,0
2026-09-28T22:09:23.950825+09:00,237094408,b882622e,2026-09-28T22:09:23.950825+09:00,2026-09-28T22:09:23.987535+09:00,rail-left-01,rail-right-01,0.6.7-draft,0.6.7-draft,mqtt,mqtt,1000.38,824.18,6.83,6.552,-0.114,-0.077,-0.128,-0.269,10.599,9.576,-0.0634,0.0385,0.0402,0.0592,-0.0052,-0.0105,25.15,25.29,17334,18681,2.167,2.335,6.5,7.005,591,591,60,60,0,0,0,0,,,,,,,,,,,,,,,,,0.0,0.0,0,0,1192.7,942.7,0.9124,1.1047,1,1,0
2026-09-28T22:09:23.970884+09:00,237114467,b882622e,2026-09-28T22:09:23.970884+09:00,2026-09-28T22:09:24.007594+09:00,rail-left-01,rail-right-01,0.6.7-draft,0.6.7-draft,mqtt,mqtt,1001.52,825.12,7.311,6.526,-0.018,0.035,0.153,-0.132,10.49,9.633,-0.0663,0.0313,0.0412,0.0538,-0.0007,0.0023,25.17,25.3,18529,18624,2.316,2.328,6.948,6.984,592,592,60,60,0,0,0,0,,,,,,,,,,,,,,,,,0.0,0.0,0,0,1193.8,943.8,0.9124,1.1047,1,1,0
2026-09-28T22:09:23.990997+09:00,237134580,b882622e,2026-09-28T22:09:23.990997+09:00,2026-09-28T22:09:24.027707+09:00,rail-left-01,rail-right-01,0.6.7-draft,0.6.7-draft,mqtt,mqtt,1002.67,826.07,7.501,6.566,0.055,0.102,0.111,-0.335,10.387,9.431,-0.064,0.0332,0.0426,0.059,-0.0107,-0.0077,25.15,25.27,19002,18712,2.375,2.339,7.126,7.017,593,593,60,60,0,0,0,0,,,,,,,,,,,,,,,,,0.0,0.0,0,0,1194.8,944.8,0.9124,1.1047,1,1,0
2026-09-28T22:09:24.010938+09:00,237154521,b882622e,2026-09-28T22:09:24.010938+09:00,2026-09-28T22:09:24.047648+09:00,rail-left-01,rail-right-01,0.6.7-draft,0.6.7-draft,mqtt,mqtt,1003.81,827.01,7.697,6.625,-0.063,-0.028,-0.029,-0.236,10.467,9.592,-0.0624,0.0341,0.0398,0.0553,-0.0085,-0.0073,25.15,25.25,19492,18843,2.437,2.355,7.31,7.066,594,594,60,60,0,0,0,0,,,,,,,,,,,,,,,,,0.0,0.0,0,0,1195.9,945.9,0.9124,1.1047,1,1,0
2026-09-28T22:09:24.031055+09:00,237174638,b882622e,2026-09-28T22:09:24.031055+09:00,2026-09-28T22:09:24.067765+09:00,rail-left-01,rail-right-01,0.6.7-draft,0.6.7-draft,mqtt,mqtt,1004.96,827.96,7.885,6.687,0.032,-0.026,0.453,-0.049,10.205,9.548,-0.0577,0.0333,0.0381,0.0577,-0.0101,-0.0103,25.15,25.27,19959,18981,2.495,2.373,7.485,7.118,595,595,60,60,0,0,0,0,,,,,,,,,,,,,,,,,0.0,0.0,0,0,1196.9,946.9,0.9124,1.1047,1,1,0
2026-09-28T22:09:24.050847+09:00,237194430,b882622e,2026-09-28T22:09:24.050847+09:00,2026-09-28T22:09:24.087557+09:00,rail-left-01,rail-right-01,0.6.7-draft,0.6.7-draft,mqtt,mqtt,1006.05,828.85,8.006,6.79,-0.044,0.006,-0.141,0.007,10.666,9.531,-0.0584,0.0346,0.0368,0.0528,-0.0081,-0.0047,25.15,25.29,20261,19208,2.533,2.401,7.598,7.203,596,596,60,60,0,0,0,0,,,,,,,,,,,,,,,,,0.0,0.0,0,0,1197.9,947.9,0.9124,1.1047,1,1,0
2026-09-28T22:09:24.071003+09:00,237214586,b882622e,2026-09-28T22:09:24.071003+09:00,2026-09-28T22:09:24.107713+09:00,rail-left-01,rail-right-01,0.6.7-draft,0.6.7-draft,mqtt,mqtt,1007.24,829.8,8.061,6.849,-0.035,0.078,-0.029,-0.472,10.363,9.791,-0.0604,0.0313,0.0306,0.0469,-0.0076,-0.0047,25.15,25.25,20397,19339,2.55,2.417,7.649,7.252,597,597,60,60,0,0,0,0,,,,,,,,,,,,,,,,,0.0,0.0,0,0,1199.0,949.0,0.9124,1.1047,1,1,0
2026-09-28T22:09:24.090931+09:00,237234514,b882622e,2026-09-28T22:09:24.090931+09:00,2026-09-28T22:09:24.127641+09:00,rail-left-01,rail-right-01,0.6.7-draft,0.6.7-draft,mqtt,mqtt,1008.34,830.74,8.074,6.973,-0.135,-0.108,0.245,-0.4,10.408,9.754,-0.0613,0.0396,0.0426,0.0618,-0.0087,-0.0081,25.15,25.29,20430,19614,2.554,2.452,7.661,7.355,598,598,60,60,0,0,0,0,,,,,,,,,,,,,,,,,0.0,0.0,0,0,1200.0,950.0,0.9124,1.1047,1,1,1200
2026-09-28T22:09:24.110844+09:00,237254427,b882622e,2026-09-28T22:09:24.110844+09:00,2026-09-28T22:09:24.147554+09:00,rail-left-01,rail-right-01,0.6.7-draft,0.6.7-draft,mqtt,mqtt,1009.48,831.69,8.012,7.105,0.016,0.041,-0.108,-0.11,10.513,9.566,-0.0648,0.033,0.0352,0.0569,-0.0056,-0.0064,25.17,25.29,20276,19907,2.535,2.488,7.604,7.465,599,599,60,60,0,0,0,0,,,,,,,,,,,,,,,,,0.0,0.0,0,0,1201.0,951.0,0.9124,1.1047,1,1,0
2026-09-28T22:09:24.131395+09:00,237274978,b882622e,2026-09-28T22:09:24.131395+09:00,2026-09-28T22:09:24.168105+09:00,rail-left-01,rail-right-01,0.6.7-draft,0.6.7-draft,mqtt,mqtt,1010.67,832.63,7.901,7.226,-0.079,-0.04,0.03,-0.263,10.319,9.697,-0.0602,0.0342,0.0333,0.0506,-0.0059,-0.0028,25.16,25.27,19999,20176,2.5,2.522,7.5,7.566,600,600,60,60,0,0,0,0,,,,,,,,,,,,,,,,,0.0,0.0,0,0,1202.1,952.1,0.9124,1.1047,1,1,0
2026-09-28T22:09:24.216898+09:00,237357453,b882622e,2026-09-28T22:09:24.216898+09:00,2026-09-28T22:09:24.299467+09:00,rail-left-01,rail-right-01,0.6.7-draft,0.6.7-draft,mqtt,mqtt,1015.35,836.51,7.837,7.271,-0.087,-0.133,0.0,-0.341,10.554,9.732,-0.0662,0.0324,0.0408,0.0585,-0.0087,-0.0075,25.17,25.31,19840,20275,2.48,2.534,7.44,7.603,601,601,61,61,0,0,0,0,,,,,,,,,,,,,,,,,0.0,0.0,0,0,1206.4,956.4,0.9124,1.1047,1,1,0
2026-09-28T22:09:24.236950+09:00,237377505,b882622e,2026-09-28T22:09:24.236950+09:00,2026-09-28T22:09:24.319519+09:00,rail-left-01,rail-right-01,0.6.7-draft,0.6.7-draft,mqtt,mqtt,1016.49,837.4,7.253,7.262,0.067,0.089,-0.154,-0.238,10.455,9.71,-0.0682,0.033,0.0398,0.0602,-0.0099,-0.0092,25.17,25.3,18385,20256,2.298,2.532,6.894,7.596,602,602,61,61,0,0,0,0,,,,,,,,,,,,,,,,,0.0,0.0,0,0,1207.4,957.4,0.9124,1.1047,1,1,0
2026-09-28T22:09:24.257082+09:00,237397637,b882622e,2026-09-28T22:09:24.257082+09:00,2026-09-28T22:09:24.339651+09:00,rail-left-01,rail-right-01,0.6.7-draft,0.6.7-draft,mqtt,mqtt,1017.58,838.35,7.155,7.141,-0.022,0.024,0.01,-0.268,10.394,9.643,-0.0614,0.0366,0.0376,0.0545,-0.0051,-0.0033,25.14,25.3,18143,19987,2.268,2.498,6.804,7.495,603,603,61,61,0,0,0,0,,,,,,,,,,,,,,,,,0.0,0.0,0,0,1208.4,958.4,0.9124,1.1047,1,1,0
2026-09-28T22:09:24.277092+09:00,237417646,b882622e,2026-09-28T22:09:24.277092+09:00,2026-09-28T22:09:24.359660+09:00,rail-left-01,rail-right-01,0.6.7-draft,0.6.7-draft,mqtt,mqtt,1018.73,839.29,7.095,6.989,-0.005,0.061,0.162,-0.233,10.44,9.841,-0.0632,0.0337,0.0393,0.0581,-0.0065,-0.0063,25.14,25.27,17992,19650,2.249,2.456,6.747,7.369,604,604,61,61,0,0,0,0,,,,,,,,,,,,,,,,,0.0,0.0,0,0,1209.5,959.5,0.9124,1.1047,1,1,0
2026-09-28T22:09:24.297137+09:00,237437692,b882622e,2026-09-28T22:09:24.297137+09:00,2026-09-28T22:09:24.379706+09:00,rail-left-01,rail-right-01,0.6.7-draft,0.6.7-draft,mqtt,mqtt,1019.87,840.24,7.052,6.833,-0.01,0.065,-0.055,-0.403,10.439,9.711,-0.0641,0.0334,0.0409,0.0593,-0.0076,-0.006,25.15,25.28,17885,19305,2.236,2.413,6.707,7.239,605,605,61,61,0,0,0,0,,,,,,,,,,,,,,,,,0.0,0.0,0,0,1210.5,960.5,0.9124,1.1047,1,1,0
2026-09-28T22:09:24.317102+09:00,237457656,b882622e,2026-09-28T22:09:24.317102+09:00,2026-09-28T22:09:24.399670+09:00,rail-left-01,rail-right-01,0.6.7-draft,0.6.7-draft,mqtt,mqtt,1021.01,841.18,7.023,6.691,-0.012,0.091,0.074,-0.268,10.229,9.701,-0.0682,0.0373,0.0433,0.0528,-0.01,-0.0035,25.15,25.28,17813,18990,2.227,2.374,6.68,7.121,606,606,61,61,0,0,0,0,,,,,,,,,,,,,,,,,0.0,0.0,0,0,1211.6,961.6,0.9124,1.1047,1,1,0
2026-09-28T22:09:24.337011+09:00,237477566,b882622e,2026-09-28T22:09:24.337011+09:00,2026-09-28T22:09:24.419580+09:00,rail-left-01,rail-right-01,0.6.7-draft,0.6.7-draft,mqtt,mqtt,1022.11,842.13,7.008,6.608,-0.029,0.047,0.04,-0.152,10.189,9.646,-0.0624,0.0326,0.044,0.0632,-0.0137,-0.0108,25.14,25.27,17776,18805,2.222,2.351,6.666,7.052,607,607,61,61,0,0,0,0,,,,,,,,,,,,,,,,,0.0,0.0,0,0,1212.6,962.6,0.9124,1.1047,1,1,0
2026-09-28T22:09:24.356956+09:00,237497511,b882622e,2026-09-28T22:09:24.356956+09:00,2026-09-28T22:09:24.439525+09:00,rail-left-01,rail-right-01,0.6.7-draft,0.6.7-draft,mqtt,mqtt,1023.25,843.02,6.987,6.509,0.024,0.079,-0.028,-0.26,10.384,9.665,-0.0693,0.0318,0.0356,0.0542,-0.0071,-0.0019,25.16,25.27,17724,18586,2.216,2.323,6.647,6.97,608,608,61,61,0,0,0,0,,,,,,,,,,,,,,,,,0.0,0.0,0,0,1213.6,963.6,0.9124,1.1047,1,1,0
2026-09-28T22:09:24.377090+09:00,237517645,b882622e,2026-09-28T22:09:24.377090+09:00,2026-09-28T22:09:24.459659+09:00,rail-left-01,rail-right-01,0.6.7-draft,0.6.7-draft,mqtt,mqtt,1024.35,843.97,6.978,6.431,0.04,-0.012,0.151,-0.371,10.448,9.674,-0.067,0.0324,0.0376,0.0565,-0.0088,-0.004,25.16,25.28,17702,18413,2.213,2.302,6.638,6.905,609,609,61,61,0,0,0,0,,,,,,,,,,,,,,,,,0.0,0.0,0,0,1214.6,964.6,0.9124,1.1047,1,1,0
2026-09-28T22:09:24.396971+09:00,237537525,b882622e,2026-09-28T22:09:24.396971+09:00,2026-09-28T22:09:24.479539+09:00,rail-left-01,rail-right-01,0.6.7-draft,0.6.7-draft,mqtt,mqtt,1025.49,844.91,6.966,6.384,-0.019,-0.055,0.0,-0.236,10.461,9.729,-0.0655,0.0314,0.0385,0.061,-0.008,-0.0055,25.15,25.29,17671,18309,2.209,2.289,6.627,6.866,610,610,61,61,0,0,0,0,,,,,,,,,,,,,,,,,0.0,0.0,0,0,1215.6,965.6,0.9124,1.1047,1,1,0
2026-09-28T22:09:24.570415+09:00,237667449,b882622e,2026-09-28T22:09:24.570415+09:00,2026-09-28T22:09:24.612928+09:00,rail-left-01,rail-right-01,0.6.7-draft,0.6.7-draft,mqtt,mqtt,1032.85,850.98,6.955,6.37,-0.028,0.008,0.042,-0.298,10.418,9.711,-0.0703,0.0334,0.0408,0.0598,-0.0083,-0.0035,25.14,25.29,17645,18276,2.206,2.285,6.617,6.854,611,611,62,62,0,0,0,0,,,,,,,,,,,,,,,,,0.0,0.0,0,0,1222.4,972.4,0.9124,1.1047,1,1,0
2026-09-28T22:09:24.590532+09:00,237687566,b882622e,2026-09-28T22:09:24.590532+09:00,2026-09-28T22:09:24.633044+09:00,rail-left-01,rail-right-01,0.6.7-draft,0.6.7-draft,mqtt,mqtt,1033.99,851.92,6.879,6.321,-0.001,0.047,-0.13,-0.328,10.405,9.714,-0.0662,0.0293,0.038,0.0556,-0.0079,-0.0083,25.14,25.29,17455,18168,2.182,2.271,6.546,6.813,612,612,62,62,0,0,0,0,,,,,,,,,,,,,,,,,0.0,0.0,0,0,1223.4,973.4,0.9124,1.1047,1,1,0
2026-09-28T22:09:24.610449+09:00,237707483,b882622e,2026-09-28T22:09:24.610449+09:00,2026-09-28T22:09:24.652962+09:00,rail-left-01,rail-right-01,0.6.7-draft,0.6.7-draft,mqtt,mqtt,1035.13,852.87,6.87,6.309,0.02,0.03,0.248,-0.283,10.388,9.703,-0.0657,0.0301,0.0377,0.0553,-0.0065,-0.0036,25.16,25.28,17433,18142,2.179,2.268,6.537,6.803,613,613,62,62,0,0,0,0,,,,,,,,,,,,,,,,,0.0,0.0,0,0,1224.4,974.4,0.9124,1.1047,1,1,0
2026-09-28T22:09:24.630571+09:00,237727605,b882622e,2026-09-28T22:09:24.630571+09:00,2026-09-28T22:09:24.673083+09:00,rail-left-01,rail-right-01,0.6.7-draft,0.6.7-draft,mqtt,mqtt,1036.23,853.81,6.836,6.3,-0.095,-0.084,0.299,-0.315,10.563,9.647,-0.0637,0.0286,0.0389,0.056,-0.0084,-0.0072,25.14,25.27,17348,18122,2.169,2.265,6.506,6.796,614,614,62,62,0,0,0,0,,,,,,,,,,,,,,,,,0.0,0.0,0,0,1225.4,975.4,0.9124,1.1047,1,1,0
2026-09-28T22:09:24.650613+09:00,237747647,b882622e,2026-09-28T22:09:24.650613+09:00,2026-09-28T22:09:24.693125+09:00,rail-left-01,rail-right-01,0.6.7-draft,0.6.7-draft,mqtt,mqtt,1037.37,854.76,6.817,6.285,-0.032,0.037,-0.037,-0.35,10.394,9.755,-0.0685,0.028,0.0342,0.0537,-0.0092,-0.0091,25.16,25.26,17301,18089,2.163,2.261,6.488,6.783,615,615,62,62,0,0,0,0,,,,,,,,,,,,,,,,,0.0,0.0,0,0,1226.5,976.5,0.9124,1.1047,1,1,0
2026-09-28T22:09:24.670830+09:00,237767864,b882622e,2026-09-28T22:09:24.670830+09:00,2026-09-28T22:09:24.713342+09:00,rail-left-01,rail-right-01,0.6.7-draft,0.6.7-draft,mqtt,mqtt,1038.52,855.7,6.81,6.244,0.054,0.036,-0.086,-0.187,10.291,9.716,-0.0665,0.0232,0.0353,0.0532,-0.006,-0.0039,25.15,25.27,17283,17998,2.16,2.25,6.481,6.749,616,616,62,62,0,0,0,0,,,,,,,,,,,,,,,,,0.0,0.0,0,0,1227.5,977.5,0.9124,1.1047,1,1,0
2026-09-28T22:09:24.690590+09:00,237787624,b882622e,2026-09-28T22:09:24.690590+09:00,2026-09-28T22:09:24.733103+09:00,rail-left-01,rail-right-01,0.6.7-draft,0.6.7-draft,mqtt,mqtt,1039.66,856.6,6.798,6.214,0.034,0.032,-0.085,-0.345,10.495,9.662,-0.0655,0.0246,0.0316,0.0484,-0.0049,-0.0016,25.13,25.27,17254,17931,2.157,2.241,6.47,6.724,617,617,62,62,0,0,0,0,,,,,,,,,,,,,,,,,0.0,0.0,0,0,1228.6,978.6,0.9124,1.1047,1,1,0
2026-09-28T22:09:24.710516+09:00,237807550,b882622e,2026-09-28T22:09:24.710516+09:00,2026-09-28T22:09:24.753028+09:00,rail-left-01,rail-right-01,0.6.7-draft,0.6.7-draft,mqtt,mqtt,1040.8,857.54,6.778,6.154,-0.024,0.024,-0.144,0.007,10.325,9.79,-0.0677,0.0297,0.0405,0.0584,-0.0129,-0.0107,25.14,25.29,17204,17797,2.151,2.225,6.451,6.674,618,618,62,62,0,0,0,0,,,,,,,,,,,,,,,,,0.0,0.0,0,0,1229.6,979.6,0.9124,1.1047,1,1,0
2026-09-28T22:09:24.730531+09:00,237827565,b882622e,2026-09-28T22:09:24.730531+09:00,2026-09-28T22:09:24.773043+09:00,rail-left-01,rail-right-01,0.6.7-draft,0.6.7-draft,mqtt,mqtt,1041.95,858.49,6.761,6.151,-0.01,0.107,0.141,0.078,10.299,9.675,-0.0617,0.0328,0.0437,0.0541,-0.0109,-0.0037,25.16,25.28,17161,17791,2.145,2.224,6.435,6.672,619,619,62,62,0,0,0,0,,,,,,,,,,,,,,,,,0.0,0.0,0,0,1230.7,980.7,0.9124,1.1047,1,1,0
2026-09-28T22:09:24.750581+09:00,237847615,b882622e,2026-09-28T22:09:24.750581+09:00,2026-09-28T22:09:24.793093+09:00,rail-left-01,rail-right-01,0.6.7-draft,0.6.7-draft,mqtt,mqtt,1043.09,859.43,6.747,6.167,0.041,0.037,0.217,-0.312,10.588,9.722,-0.0653,0.0306,0.0406,0.0533,-0.0104,-0.0093,25.15,25.27,17126,17827,2.141,2.228,6.422,6.685,620,620,62,62,0,0,0,0,,,,,,,,,,,,,,,,,0.0,0.0,0,0,1231.7,981.7,0.9124,1.1047,1,1,0
2026-09-28T22:09:24.842994+09:00,237981451,b882622e,2026-09-28T22:09:24.842994+09:00,2026-09-28T22:09:24.927313+09:00,rail-left-01,rail-right-01,0.6.7-draft,0.6.7-draft,mqtt,mqtt,1050.75,865.69,6.748,6.168,-0.109,-0.086,0.044,-0.255,10.489,9.651,-0.0741,0.0298,0.0324,0.0522,-0.0065,-0.0041,25.16,25.29,17129,17829,2.141,2.229,6.423,6.686,621,621,63,63,0,0,0,0,,,,,,,,,,,,,,,,,0.0,0.0,0,0,1238.7,988.7,0.9124,1.1047,1,1,0
2026-09-28T22:09:24.863139+09:00,238001595,b882622e,2026-09-28T22:09:24.863139+09:00,2026-09-28T22:09:24.947458+09:00,rail-left-01,rail-right-01,0.6.7-draft,0.6.7-draft,mqtt,mqtt,1051.89,866.64,6.802,6.128,0.144,0.132,0.014,-0.188,10.345,9.978,-0.0673,0.0314,0.0332,0.0568,-0.0105,-0.0084,25.12,25.27,17263,17739,2.158,2.217,6.474,6.652,622,622,63,63,0,0,0,0,,,,,,,,,,,,,,,,,0.0,0.0,0,0,1239.7,989.7,0.9124,1.1047,1,1,0
2026-09-28T22:09:24.883088+09:00,238021544,b882622e,2026-09-28T22:09:24.883088+09:00,2026-09-28T22:09:24.967407+09:00,rail-left-01,rail-right-01,0.6.7-draft,0.6.7-draft,mqtt,mqtt,1053.03,867.58,6.816,6.123,-0.038,-0.051,0.13,-0.342,10.556,9.845,-0.0662,0.0325,0.0409,0.0646,-0.0084,-0.0023,25.15,25.28,17298,17730,2.162,2.216,6.487,6.649,623,623,63,63,0,0,0,0,,,,,,,,,,,,,,,,,0.0,0.0,0,0,1240.8,990.8,0.9124,1.1047,1,1,0
2026-09-28T22:09:24.903117+09:00,238041573,b882622e,2026-09-28T22:09:24.903117+09:00,2026-09-28T22:09:24.987435+09:00,rail-left-01,rail-right-01,0.6.7-draft,0.6.7-draft,mqtt,mqtt,1054.18,868.53,6.812,6.14,-0.004,-0.002,0.211,-0.2,10.551,9.64,-0.0628,0.0324,0.0373,0.0557,-0.0084,-0.0011,25.16,25.29,17288,17767,2.161,2.221,6.483,6.663,624,624,63,63,0,0,0,0,,,,,,,,,,,,,,,,,0.0,0.0,0,0,1241.8,991.8,0.9124,1.1047,1,1,0
2026-09-28T22:09:24.923606+09:00,238062062,b882622e,2026-09-28T22:09:24.923606+09:00,2026-09-28T22:09:25.007924+09:00,rail-left-01,rail-right-01,0.6.7-draft,0.6.7-draft,mqtt,mqtt,1055.32,869.52,6.813,6.155,0.099,0.099,-0.175,-0.215,10.323,9.784,-0.0658,0.0325,0.04,0.0589,-0.0092,-0.006,25.17,25.27,17291,17801,2.161,2.225,6.484,6.675,625,625,63,63,0,0,0,0,,,,,,,,,,,,,,,,,0.0,0.0,0,0,1242.9,992.9,0.9124,1.1047,1,1,0
2026-09-28T22:09:24.943566+09:00,238082022,b882622e,2026-09-28T22:09:24.943566+09:00,2026-09-28T22:09:25.027885+09:00,rail-left-01,rail-right-01,0.6.7-draft,0.6.7-draft,mqtt,mqtt,1056.46,870.47,6.809,6.166,-0.113,-0.065,-0.01,-0.42,10.558,9.764,-0.0655,0.0297,0.0414,0.0533,-0.0089,-0.0049,25.15,25.28,17281,17824,2.16,2.228,6.48,6.684,626,626,63,63,0,0,0,0,,,,,,,,,,,,,,,,,0.0,0.0,0,0,1243.9,993.9,0.9124,1.1047,1,1,0
2026-09-28T22:09:24.963137+09:00,238101593,b882622e,2026-09-28T22:09:24.963137+09:00,2026-09-28T22:09:25.047456+09:00,rail-left-01,rail-right-01,0.6.7-draft,0.6.7-draft,mqtt,mqtt,1057.61,871.36,6.824,6.166,0.008,0.113,-0.071,-0.376,10.429,9.576,-0.0641,0.0294,0.0376,0.0533,-0.0093,-0.0081,25.13,25.25,17318,17824,2.165,2.228,6.494,6.684,627,627,63,63,0,0,0,0,,,,,,,,,,,,,,,,,0.0,0.0,0,0,1245.0,995.0,0.9124,1.1047,1,1,0
2026-09-28T22:09:24.983075+09:00,238121531,b882622e,2026-09-28T22:09:24.983075+09:00,2026-09-28T22:09:25.067394+09:00,rail-left-01,rail-right-01,0.6.7-draft,0.6.7-draft,mqtt,mqtt,1058.75,872.31,6.809,6.154,-0.028,0.013,-0.17,-0.478,10.463,9.714,-0.0665,0.0254,0.0398,0.0568,-0.0071,-0.0064,25.17,25.27,17280,17798,2.16,2.225,6.48,6.674,628,628,63,63,0,0,0,0,,,,,,,,,,,,,,,,,0.0,0.0,0,0,1246.0,996.0,0.9124,1.1047,1,1,0
2026-09-28T22:09:25.003148+09:00,238141604,b882622e,2026-09-28T22:09:25.003148+09:00,2026-09-28T22:09:25.087467+09:00,rail-left-01,rail-right-01,0.6.7-draft,0.6.7-draft,mqtt,mqtt,1059.89,873.25,6.802,6.119,0.04,0.14,-0.117,-0.055,10.175,10.299,-0.064,0.0282,0.0294,0.0536,-0.0033,-0.0063,25.14,25.27,17263,17719,2.158,2.215,6.474,6.645,629,629,63,63,0,0,0,0,,,,,,,,,,,,,,,,,0.0,0.0,0,0,1247.0,997.0,0.9124,1.1047,1,1,0
2026-09-28T22:09:25.023205+09:00,238161661,b882622e,2026-09-28T22:09:25.023205+09:00,2026-09-28T22:09:25.107523+09:00,rail-left-01,rail-right-01,0.6.7-draft,0.6.7-draft,mqtt,mqtt,1061.04,874.2,6.792,6.132,0.253,0.124,0.15,-0.316,10.341,10.023,-0.0637,0.0341,0.043,0.0645,-0.0116,-0.0092,25.14,25.3,17237,17749,2.155,2.219,6.464,6.656,630,630,63,63,0,0,0,0,,,,,,,,,,,,,,,,,0.0,0.0,0,0,1248.1,998.1,0.9124,1.1047,1,1,0
2026-09-28T22:09:25.159009+09:00,238295468,b882622e,2026-09-28T22:09:25.159009+09:00,2026-09-28T22:09:25.239807+09:00,rail-left-01,rail-right-01,0.6.7-draft,0.6.7-draft,mqtt,mqtt,1068.69,880.46,6.77,6.138,-0.055,-0.03,-0.006,-0.273,10.438,9.664,-0.0633,0.032,0.0405,0.0562,-0.0065,-0.0016,25.13,25.28,17184,17762,2.148,2.22,6.444,6.661,631,631,64,64,0,0,0,0,,,,,,,,,,,,,,,,,0.0,0.0,0,0,1255.1,1005.1,0.9124,1.1047,1,1,0
2026-09-28T22:09:25.179172+09:00,238315631,b882622e,2026-09-28T22:09:25.179172+09:00,2026-09-28T22:09:25.259970+09:00,rail-left-01,rail-right-01,0.6.7-draft,0.6.7-draft,mqtt,mqtt,1069.84,881.41,6.732,6.182,0.066,0.054,-0.008,-0.114,10.418,9.861,-0.0622,0.033,0.0417,0.0542,-0.0071,-0.0049,25.17,25.29,17088,17860,2.136,2.233,6.408,6.698,632,632,64,64,0,0,0,0,,,,,,,,,,,,,,,,,0.0,0.0,0,0,1256.1,1006.1,0.9124,1.1047,1,1,0
2026-09-28T22:09:25.199231+09:00,238335690,b882622e,2026-09-28T22:09:25.199231+09:00,2026-09-28T22:09:25.280029+09:00,rail-left-01,rail-right-01,0.6.7-draft,0.6.7-draft,mqtt,mqtt,1070.98,882.3,6.711,6.187,0.079,0.063,0.174,-0.397,10.639,9.651,-0.0625,0.0314,0.0394,0.0529,-0.0088,-0.0071,25.17,25.28,17036,17871,2.13,2.234,6.389,6.702,633,633,64,64,0,0,0,0,,,,,,,,,,,,,,,,,0.0,0.0,0,0,1257.2,1007.2,0.9124,1.1047,1,1,0
2026-09-28T22:09:25.219045+09:00,238355504,b882622e,2026-09-28T22:09:25.219045+09:00,2026-09-28T22:09:25.299844+09:00,rail-left-01,rail-right-01,0.6.7-draft,0.6.7-draft,mqtt,mqtt,1072.12,883.24,6.722,6.182,-0.055,0.023,0.04,-0.238,10.333,9.681,-0.0625,0.0337,0.0382,0.0537,-0.0079,-0.0081,25.14,25.3,17065,17859,2.133,2.232,6.399,6.697,634,634,64,64,0,0,0,0,,,,,,,,,,,,,,,,,0.0,0.0,0,0,1258.2,1008.2,0.9124,1.1047,1,1,0
2026-09-28T22:09:25.239422+09:00,238375882,b882622e,2026-09-28T22:09:25.239422+09:00,2026-09-28T22:09:25.320221+09:00,rail-left-01,rail-right-01,0.6.7-draft,0.6.7-draft,mqtt,mqtt,1073.32,884.19,6.716,6.179,0.042,0.044,0.113,-0.292,10.405,9.633,-0.0674,0.0326,0.0429,0.0577,-0.0088,-0.008,25.13,25.29,17049,17853,2.131,2.232,6.393,6.695,635,635,64,64,0,0,0,0,,,,,,,,,,,,,,,,,0.0,0.0,0,0,1259.3,1009.3,0.9124,1.1047,1,1,0
2026-09-28T22:09:25.259421+09:00,238395880,b882622e,2026-09-28T22:09:25.259421+09:00,2026-09-28T22:09:25.340219+09:00,rail-left-01,rail-right-01,0.6.7-draft,0.6.7-draft,mqtt,mqtt,1074.46,885.13,6.713,6.19,-0.114,-0.101,0.199,-0.243,10.611,9.743,-0.0624,0.0336,0.0401,0.0557,-0.0107,-0.0073,25.16,25.28,17041,17877,2.13,2.235,6.39,6.704,636,636,64,64,0,0,0,0,,,,,,,,,,,,,,,,,0.0,0.0,0,0,1260.3,1010.3,0.9124,1.1047,1,1,0
2026-09-28T22:09:25.279032+09:00,238415492,b882622e,2026-09-28T22:09:25.279032+09:00,2026-09-28T22:09:25.359831+09:00,rail-left-01,rail-right-01,0.6.7-draft,0.6.7-draft,mqtt,mqtt,1075.6,886.08,6.714,6.197,0.098,0.051,0.233,-0.138,10.464,9.822,-0.064,0.0312,0.0369,0.0564,-0.0107,-0.0092,25.13,25.29,17045,17892,2.131,2.237,6.392,6.71,637,637,64,64,0,0,0,0,,,,,,,,,,,,,,,,,0.0,0.0,0,0,1261.4,1011.4,0.9124,1.1047,1,1,0
2026-09-28T22:09:25.299195+09:00,238435655,b882622e,2026-09-28T22:09:25.299195+09:00,2026-09-28T22:09:25.379994+09:00,rail-left-01,rail-right-01,0.6.7-draft,0.6.7-draft,mqtt,mqtt,1076.75,887.02,6.712,6.202,0.026,0.078,-0.119,-0.348,10.319,9.765,-0.0655,0.0306,0.0441,0.061,-0.0109,-0.0056,25.16,25.25,17039,17905,2.13,2.238,6.39,6.714,638,638,64,64,0,0,0,0,,,,,,,,,,,,,,,,,0.0,0.0,0,0,1262.4,1012.4,0.9124,1.1047,1,1,0
2026-09-28T22:09:25.319056+09:00,238455515,b882622e,2026-09-28T22:09:25.319056+09:00,2026-09-28T22:09:25.399854+09:00,rail-left-01,rail-right-01,0.6.7-draft,0.6.7-draft,mqtt,mqtt,1077.89,887.97,6.683,6.223,-0.139,-0.084,0.115,-0.231,10.606,9.738,-0.0645,0.0317,0.0425,0.0594,-0.0107,-0.006,25.17,25.27,16966,17951,2.121,2.244,6.362,6.732,639,639,64,64,0,0,0,0,,,,,,,,,,,,,,,,,0.0,0.0,0,0,1263.5,1013.5,0.9124,1.1047,1,1,0
2026-09-28T22:09:25.339117+09:00,238475576,b882622e,2026-09-28T22:09:25.339117+09:00,2026-09-28T22:09:25.419916+09:00,rail-left-01,rail-right-01,0.6.7-draft,0.6.7-draft,mqtt,mqtt,1079.04,888.91,6.67,6.244,0.081,0.158,-0.075,-0.272,10.37,9.728,-0.0622,0.034,0.0402,0.0598,-0.0103,-0.0084,25.14,25.27,16934,17997,2.117,2.25,6.35,6.749,640,640,64,64,0,0,0,0,,,,,,,,,,,,,,,,,0.0,0.0,0,0,1264.5,1014.5,0.9124,1.1047,1,1,0
2026-09-28T22:09:25.473131+09:00,238610412,b882622e,2026-09-28T22:09:25.473131+09:00,2026-09-28T22:09:25.510667+09:00,rail-left-01,rail-right-01,0.6.7-draft,0.6.7-draft,mqtt,mqtt,1086.79,895.23,6.66,6.251,0.016,0.016,-0.031,-0.294,10.422,9.704,-0.0613,0.0354,0.0346,0.0522,-0.0072,-0.0037,25.11,25.28,16910,18012,2.114,2.252,6.341,6.755,641,641,65,65,0,0,0,0,,,,,,,,,,,,,,,,,0.0,0.0,0,0,1271.6,1021.6,0.9124,1.1047,1,1,0
2026-09-28T22:09:25.493251+09:00,238630532,b882622e,2026-09-28T22:09:25.493251+09:00,2026-09-28T22:09:25.530787+09:00,rail-left-01,rail-right-01,0.6.7-draft,0.6.7-draft,mqtt,mqtt,1087.94,896.17,6.749,6.215,-0.037,0.043,0.03,-0.165,10.392,9.701,-0.0628,0.0364,0.0354,0.0505,-0.0119,-0.0085,25.16,25.28,17130,17932,2.141,2.242,6.424,6.725,642,642,65,65,0,0,0,0,,,,,,,,,,,,,,,,,0.0,0.0,0,0,1272.6,1022.6,0.9124,1.1047,1,1,0
2026-09-28T22:09:25.513214+09:00,238650495,b882622e,2026-09-28T22:09:25.513214+09:00,2026-09-28T22:09:25.550750+09:00,rail-left-01,rail-right-01,0.6.7-draft,0.6.7-draft,mqtt,mqtt,1089.08,897.12,6.757,6.201,-0.01,-0.042,0.176,-0.533,10.435,9.57,-0.0609,0.0354,0.038,0.0573,-0.0131,-0.0096,25.13,25.28,17152,17902,2.144,2.238,6.432,6.713,643,643,65,65,0,0,0,0,,,,,,,,,,,,,,,,,0.0,0.0,0,0,1273.7,1023.7,0.9124,1.1047,1,1,0
2026-09-28T22:09:25.533169+09:00,238670450,b882622e,2026-09-28T22:09:25.533169+09:00,2026-09-28T22:09:25.570705+09:00,rail-left-01,rail-right-01,0.6.7-draft,0.6.7-draft,mqtt,mqtt,1090.22,898.06,6.739,6.175,0.036,0.101,-0.065,-0.195,10.55,9.561,-0.064,0.0378,0.0408,0.0562,-0.0097,-0.0076,25.13,25.28,17107,17845,2.138,2.231,6.415,6.692,644,644,65,65,0,0,0,0,,,,,,,,,,,,,,,,,0.0,0.0,0,0,1274.7,1024.7,0.9124,1.1047,1,1,0
2026-09-28T22:09:25.553217+09:00,238690498,b882622e,2026-09-28T22:09:25.553217+09:00,2026-09-28T22:09:25.590753+09:00,rail-left-01,rail-right-01,0.6.7-draft,0.6.7-draft,mqtt,mqtt,1091.42,899.01,6.734,6.171,0.006,-0.055,0.018,-0.324,10.482,9.652,-0.0614,0.0369,0.038,0.0557,-0.0061,-0.0037,25.17,25.27,17093,17836,2.137,2.23,6.41,6.689,645,645,65,65,0,0,0,0,,,,,,,,,,,,,,,,,0.0,0.0,0,0,1275.8,1025.8,0.9124,1.1047,1,1,0
2026-09-28T22:09:25.573174+09:00,238710455,b882622e,2026-09-28T22:09:25.573174+09:00,2026-09-28T22:09:25.610710+09:00,rail-left-01,rail-right-01,0.6.7-draft,0.6.7-draft,mqtt,mqtt,1092.56,899.95,6.735,6.149,0.04,0.004,-0.054,-0.194,10.406,9.878,-0.0641,0.0337,0.035,0.0541,-0.006,-0.0049,25.12,25.28,17097,17787,2.137,2.223,6.411,6.67,646,646,65,65,0,0,0,0,,,,,,,,,,,,,,,,,0.0,0.0,0,0,1276.8,1026.8,0.9124,1.1047,1,1,0
2026-09-28T22:09:25.593261+09:00,238730542,b882622e,2026-09-28T22:09:25.593261+09:00,2026-09-28T22:09:25.630797+09:00,rail-left-01,rail-right-01,0.6.7-draft,0.6.7-draft,mqtt,mqtt,1093.7,900.89,6.729,6.154,0.095,0.128,0.141,-0.172,10.507,9.695,-0.0654,0.0314,0.041,0.0562,-0.0085,-0.0057,25.15,25.29,17081,17798,2.135,2.225,6.405,6.674,647,647,65,65,0,0,0,0,,,,,,,,,,,,,,,,,0.0,0.0,0,0,1277.9,1027.9,0.9124,1.1047,1,1,0
2026-09-28T22:09:25.613261+09:00,238750542,b882622e,2026-09-28T22:09:25.613261+09:00,2026-09-28T22:09:25.650797+09:00,rail-left-01,rail-right-01,0.6.7-draft,0.6.7-draft,mqtt,mqtt,1094.85,901.84,6.731,6.167,-0.119,-0.09,0.087,-0.227,10.376,9.76,-0.0658,0.0318,0.0382,0.0578,-0.0096,-0.0051,25.14,25.31,17086,17826,2.136,2.228,6.407,6.685,648,648,65,65,0,0,0,0,,,,,,,,,,,,,,,,,0.0,0.0,0,0,1278.9,1028.9,0.9124,1.1047,1,1,0
2026-09-28T22:09:25.633317+09:00,238770598,b882622e,2026-09-28T22:09:25.633317+09:00,2026-09-28T22:09:25.670853+09:00,rail-left-01,rail-right-01,0.6.7-draft,0.6.7-draft,mqtt,mqtt,1095.99,902.78,6.735,6.168,0.11,0.148,-0.103,-0.13,10.429,9.681,-0.063,0.0357,0.0394,0.0553,-0.0077,-0.0049,25.15,25.27,17097,17828,2.137,2.229,6.411,6.686,649,649,65,65,0,0,0,0,,,,,,,,,,,,,,,,,0.0,0.0,0,0,1280.0,1030.0,0.9124,1.1047,1,1,0
2026-09-28T22:09:25.653711+09:00,238790992,b882622e,2026-09-28T22:09:25.653711+09:00,2026-09-28T22:09:25.691247+09:00,rail-left-01,rail-right-01,0.6.7-draft,0.6.7-draft,mqtt,mqtt,1097.13,903.78,6.743,6.169,-0.069,-0.059,0.016,-0.346,10.471,9.749,-0.0683,0.032,0.0352,0.0538,-0.0071,-0.0056,25.13,25.25,17115,17831,2.139,2.229,6.418,6.687,650,650,65,65,0,0,0,0,,,,,,,,,,,,,,,,,0.0,0.0,0,0,1281.0,1031.0,0.9124,1.1047,1,1,0
2026-09-28T22:09:25.782029+09:00,238878449,b882622e,2026-09-28T22:09:25.782029+09:00,2026-09-28T22:09:25.819824+09:00,rail-left-01,rail-right-01,0.6.7-draft,0.6.7-draft,mqtt,mqtt,1102.15,907.86,6.756,6.174,-0.028,-0.045,0.059,-0.188,10.319,9.697,-0.0666,0.0346,0.0436,0.0612,-0.0103,-0.0079,25.13,25.26,17149,17842,2.144,2.23,6.431,6.691,651,651,66,66,0,0,0,0,,,,,,,,,,,,,,,,,0.0,0.0,0,0,1285.6,1035.6,0.9124,1.1047,1,1,0
2026-09-28T22:09:25.802170+09:00,238898590,b882622e,2026-09-28T22:09:25.802170+09:00,2026-09-28T22:09:25.839965+09:00,rail-left-01,rail-right-01,0.6.7-draft,0.6.7-draft,mqtt,mqtt,1103.35,908.8,6.71,6.227,0.066,0.062,-0.048,-0.122,10.313,9.59,-0.0629,0.0342,0.0432,0.0569,-0.0092,-0.0059,25.15,25.28,17033,17960,2.129,2.245,6.387,6.735,652,652,66,66,0,0,0,0,,,,,,,,,,,,,,,,,0.0,0.0,0,0,1286.7,1036.7,0.9124,1.1047,1,1,0
2026-09-28T22:09:25.822119+09:00,238918539,b882622e,2026-09-28T22:09:25.822119+09:00,2026-09-28T22:09:25.859914+09:00,rail-left-01,rail-right-01,0.6.7-draft,0.6.7-draft,mqtt,mqtt,1104.49,909.74,6.695,6.222,0.05,0.012,0.08,-0.245,10.471,9.633,-0.0624,0.0305,0.0448,0.06,-0.0096,-0.0073,25.14,25.26,16996,17948,2.125,2.243,6.373,6.731,653,653,66,66,0,0,0,0,,,,,,,,,,,,,,,,,0.0,0.0,0,0,1287.7,1037.7,0.9124,1.1047,1,1,0
2026-09-28T22:09:25.842095+09:00,238938515,b882622e,2026-09-28T22:09:25.842095+09:00,2026-09-28T22:09:25.879890+09:00,rail-left-01,rail-right-01,0.6.7-draft,0.6.7-draft,mqtt,mqtt,1105.63,910.69,6.647,6.229,-0.065,-0.139,0.385,-0.242,10.592,9.655,-0.059,0.0342,0.0481,0.0633,-0.0103,-0.0076,25.12,25.28,16878,17964,2.11,2.246,6.329,6.737,654,654,66,66,0,0,0,0,,,,,,,,,,,,,,,,,0.0,0.0,0,0,1288.8,1038.8,0.9124,1.1047,1,1,0
2026-09-28T22:09:25.862276+09:00,238958696,b882622e,2026-09-28T22:09:25.862276+09:00,2026-09-28T22:09:25.900071+09:00,rail-left-01,rail-right-01,0.6.7-draft,0.6.7-draft,mqtt,mqtt,1106.78,911.63,6.657,6.231,-0.164,-0.09,-0.151,-0.085,10.141,9.327,-0.0735,0.033,0.0418,0.0546,-0.0087,-0.0045,25.14,25.29,16903,17968,2.113,2.246,6.339,6.738,655,655,66,66,0,0,0,0,,,,,,,,,,,,,,,,,0.0,0.0,0,0,1289.8,1039.8,0.9124,1.1047,1,1,0
2026-09-28T22:09:25.882308+09:00,238978728,b882622e,2026-09-28T22:09:25.882308+09:00,2026-09-28T22:09:25.920103+09:00,rail-left-01,rail-right-01,0.6.7-draft,0.6.7-draft,mqtt,mqtt,1107.92,912.58,6.681,6.227,-0.073,0.05,0.014,-0.377,10.639,9.583,-0.0687,0.0352,0.0358,0.0517,-0.0116,-0.0045,25.12,25.27,16962,17960,2.12,2.245,6.361,6.735,656,656,66,66,0,0,0,0,,,,,,,,,,,,,,,,,0.0,0.0,0,0,1290.9,1040.9,0.9124,1.1047,1,1,0
2026-09-28T22:09:25.902082+09:00,238998502,b882622e,2026-09-28T22:09:25.902082+09:00,2026-09-28T22:09:25.939877+09:00,rail-left-01,rail-right-01,0.6.7-draft,0.6.7-draft,mqtt,mqtt,1109.07,913.52,6.681,6.218,0.087,0.174,0.132,-0.113,10.241,10.142,-0.0686,0.0364,0.0338,0.0556,-0.0077,-0.0045,25.13,25.29,16962,17939,2.12,2.242,6.361,6.727,657,657,66,66,0,0,0,0,,,,,,,,,,,,,,,,,0.0,0.0,0,0,1291.9,1041.9,0.9124,1.1047,1,1,0
2026-09-28T22:09:25.922174+09:00,239018594,b882622e,2026-09-28T22:09:25.922174+09:00,2026-09-28T22:09:25.959969+09:00,rail-left-01,rail-right-01,0.6.7-draft,0.6.7-draft,mqtt,mqtt,1110.21,914.47,6.67,6.225,0.12,0.09,-0.169,-0.368,10.618,9.789,-0.0654,0.0293,0.0428,0.064,-0.0084,-0.0083,25.17,25.27,16934,17956,2.117,2.245,6.35,6.734,658,658,66,66,0,0,0,0,,,,,,,,,,,,,,,,,0.0,0.0,0,0,1292.9,1042.9,0.9124,1.1047,1,1,0
2026-09-28T22:09:25.942132+09:00,239038552,b882622e,2026-09-28T22:09:25.942132+09:00,2026-09-28T22:09:25.979927+09:00,rail-left-01,rail-right-01,0.6.7-draft,0.6.7-draft,mqtt,mqtt,1111.35,915.41,6.647,6.254,-0.036,-0.005,0.119,-0.188,10.458,9.819,-0.0655,0.0308,0.044,0.0617,-0.0091,-0.0059,25.16,25.27,16877,18019,2.11,2.252,6.329,6.757,659,659,66,66,0,0,0,0,,,,,,,,,,,,,,,,,0.0,0.0,0,0,1294.0,1044.0,0.9124,1.1047,1,1,0
2026-09-28T22:09:25.963013+09:00,239059433,b882622e,2026-09-28T22:09:25.963013+09:00,2026-09-28T22:09:26.000808+09:00,rail-left-01,rail-right-01,0.6.7-draft,0.6.7-draft,mqtt,mqtt,1112.6,916.41,6.605,6.278,0.083,0.036,0.146,-0.314,10.446,9.574,-0.0628,0.0322,0.0465,0.0569,-0.0073,-0.0075,25.14,25.28,16772,18073,2.097,2.259,6.29,6.777,660,660,66,66,0,0,0,0,,,,,,,,,,,,,,,,,0.0,0.0,0,0,1295.1,1045.1,0.9124,1.1047,1,1,0
2026-09-28T22:09:26.062591+09:00,239189455,b882622e,2026-09-28T22:09:26.062591+09:00,2026-09-28T22:09:26.141852+09:00,rail-left-01,rail-right-01,0.6.7-draft,0.6.7-draft,mqtt,mqtt,1120.05,922.52,6.591,6.287,0.035,0.036,0.014,-0.221,10.434,9.741,-0.0674,0.0329,0.038,0.0585,-0.0076,-0.006,25.15,25.28,16739,18092,2.092,2.262,6.277,6.785,661,661,67,67,0,0,0,0,,,,,,,,,,,,,,,,,0.0,0.0,0,0,1301.9,1051.9,0.9124,1.1047,1,1,0
2026-09-28T22:09:26.082716+09:00,239209580,b882622e,2026-09-28T22:09:26.082716+09:00,2026-09-28T22:09:26.161977+09:00,rail-left-01,rail-right-01,0.6.7-draft,0.6.7-draft,mqtt,mqtt,1121.2,923.47,6.551,6.293,-0.051,-0.028,0.078,-0.266,10.277,9.688,-0.0652,0.0322,0.0377,0.0584,-0.0099,-0.0061,25.15,25.27,16639,18106,2.08,2.263,6.24,6.79,662,662,67,67,0,0,0,0,,,,,,,,,,,,,,,,,0.0,0.0,0,0,1303.0,1053.0,0.9124,1.1047,1,1,0
2026-09-28T22:09:26.102623+09:00,239229487,b882622e,2026-09-28T22:09:26.102623+09:00,2026-09-28T22:09:26.181884+09:00,rail-left-01,rail-right-01,0.6.7-draft,0.6.7-draft,mqtt,mqtt,1122.39,924.41,6.532,6.279,-0.056,-0.006,0.124,-0.334,10.718,9.664,-0.0674,0.0288,0.0353,0.0542,-0.0083,-0.004,25.14,25.26,16591,18075,2.074,2.259,6.222,6.778,663,663,67,67,0,0,0,0,,,,,,,,,,,,,,,,,0.0,0.0,0,0,1304.1,1054.1,0.9124,1.1047,1,1,0
2026-09-28T22:09:26.122729+09:00,239249593,b882622e,2026-09-28T22:09:26.122729+09:00,2026-09-28T22:09:26.201990+09:00,rail-left-01,rail-right-01,0.6.7-draft,0.6.7-draft,mqtt,mqtt,1123.53,925.36,6.545,6.253,-0.048,-0.017,-0.023,-0.306,10.38,9.639,-0.0711,0.0266,0.0312,0.0493,-0.0083,-0.006,25.13,25.26,16624,18018,2.078,2.252,6.234,6.757,664,664,67,67,0,0,0,0,,,,,,,,,,,,,,,,,0.0,0.0,0,0,1305.1,1055.1,0.9124,1.1047,1,1,0
2026-09-28T22:09:26.142962+09:00,239269826,b882622e,2026-09-28T22:09:26.142962+09:00,2026-09-28T22:09:26.222223+09:00,rail-left-01,rail-right-01,0.6.7-draft,0.6.7-draft,mqtt,mqtt,1124.68,926.3,6.577,6.22,-0.166,-0.059,0.019,-0.347,10.606,9.602,-0.0729,0.0236,0.0306,0.0421,-0.0013,-0.0035,25.16,25.27,16702,17945,2.088,2.243,6.263,6.729,665,665,67,67,0,0,0,0,,,,,,,,,,,,,,,,,0.0,0.0,0,0,1306.2,1056.2,0.9124,1.1047,1,1,0
2026-09-28T22:09:26.163019+09:00,239289883,b882622e,2026-09-28T22:09:26.163019+09:00,2026-09-28T22:09:26.242280+09:00,rail-left-01,rail-right-01,0.6.7-draft,0.6.7-draft,mqtt,mqtt,1125.82,927.25,6.618,6.173,0.091,0.114,-0.043,-0.272,10.515,9.858,-0.0667,0.0252,0.0292,0.0445,-0.0043,-0.0047,25.14,25.26,16806,17840,2.101,2.23,6.302,6.69,666,666,67,67,0,0,0,0,,,,,,,,,,,,,,,,,0.0,0.0,0,0,1307.2,1057.2,0.9124,1.1047,1,1,0
2026-09-28T22:09:26.182624+09:00,239309488,b882622e,2026-09-28T22:09:26.182624+09:00,2026-09-28T22:09:26.261885+09:00,rail-left-01,rail-right-01,0.6.7-draft,0.6.7-draft,mqtt,mqtt,1126.96,928.14,6.634,6.164,0.093,0.078,0.054,-0.184,10.44,9.588,-0.0641,0.0316,0.0417,0.0544,-0.0044,-0.0077,25.13,25.26,16844,17819,2.105,2.227,6.316,6.682,667,667,67,67,0,0,0,0,,,,,,,,,,,,,,,,,0.0,0.0,0,0,1308.2,1058.2,0.9124,1.1047,1,1,0
2026-09-28T22:09:26.202601+09:00,239329465,b882622e,2026-09-28T22:09:26.202601+09:00,2026-09-28T22:09:26.281862+09:00,rail-left-01,rail-right-01,0.6.7-draft,0.6.7-draft,mqtt,mqtt,1128.11,929.09,6.648,6.168,-0.025,-0.004,-0.227,-0.171,10.473,9.518,-0.0674,0.0289,0.0384,0.0602,-0.0077,-0.0129,25.12,25.28,16880,17829,2.11,2.229,6.33,6.686,668,668,67,67,0,0,0,0,,,,,,,,,,,,,,,,,0.0,0.0,0,0,1309.3,1059.3,0.9124,1.1047,1,1,0
2026-09-28T22:09:26.222769+09:00,239349633,b882622e,2026-09-28T22:09:26.222769+09:00,2026-09-28T22:09:26.302030+09:00,rail-left-01,rail-right-01,0.6.7-draft,0.6.7-draft,mqtt,mqtt,1129.25,930.03,6.658,6.159,-0.101,-0.036,0.187,-0.198,10.324,9.718,-0.0694,0.0312,0.0376,0.053,-0.0003,0.0037,25.15,25.27,16904,17808,2.113,2.226,6.339,6.678,669,669,67,67,0,0,0,0,,,,,,,,,,,,,,,,,0.0,0.0,0,0,1310.3,1060.3,0.9124,1.1047,1,1,0
2026-09-28T22:09:26.242814+09:00,239369678,b882622e,2026-09-28T22:09:26.242814+09:00,2026-09-28T22:09:26.322075+09:00,rail-left-01,rail-right-01,0.6.7-draft,0.6.7-draft,mqtt,mqtt,1130.44,930.97,6.653,6.161,-0.007,0.047,0.235,-0.26,10.8,9.73,-0.0678,0.0321,0.0394,0.0514,-0.0047,0.0003,25.14,25.27,16891,17814,2.111,2.227,6.334,6.68,670,670,67,67,0,0,0,0,,,,,,,,,,,,,,,,,0.0,0.0,0,0,1311.4,1061.4,0.9124,1.1047,1,1,0
2026-09-28T22:09:26.368773+09:00,239510446,b882622e,2026-09-28T22:09:26.368773+09:00,2026-09-28T22:09:26.455084+09:00,rail-left-01,rail-right-01,0.6.7-draft,0.6.7-draft,mqtt,mqtt,1138.5,937.59,6.669,6.156,0.067,0.077,0.126,-0.062,10.523,9.777,-0.0637,0.0286,0.036,0.0504,-0.0071,-0.0057,25.15,25.26,16931,17802,2.116,2.225,6.349,6.676,671,671,68,68,0,0,0,0,,,,,,,,,,,,,,,,,0.0,0.0,0,0,1318.8,1068.8,0.9124,1.1047,1,1,0
2026-09-28T22:09:26.388951+09:00,239530624,b882622e,2026-09-28T22:09:26.388951+09:00,2026-09-28T22:09:26.475261+09:00,rail-left-01,rail-right-01,0.6.7-draft,0.6.7-draft,mqtt,mqtt,1139.64,938.53,6.7,6.145,-0.084,-0.016,0.067,-0.326,10.421,9.474,-0.0662,0.0308,0.0405,0.058,-0.0087,-0.0061,25.14,25.27,17010,17777,2.126,2.222,6.379,6.666,672,672,68,68,0,0,0,0,,,,,,,,,,,,,,,,,0.0,0.0,0,0,1319.8,1069.8,0.9124,1.1047,1,1,0
2026-09-28T22:09:26.408823+09:00,239550496,b882622e,2026-09-28T22:09:26.408823+09:00,2026-09-28T22:09:26.495134+09:00,rail-left-01,rail-right-01,0.6.7-draft,0.6.7-draft,mqtt,mqtt,1140.79,939.48,6.696,6.159,-0.02,0.041,-0.057,-0.205,10.307,9.655,-0.0637,0.0304,0.0386,0.0573,-0.0057,-0.0052,25.14,25.26,16998,17808,2.125,2.226,6.374,6.678,673,673,68,68,0,0,0,0,,,,,,,,,,,,,,,,,0.0,0.0,0,0,1320.9,1070.9,0.9124,1.1047,1,1,0
2026-09-28T22:09:26.428803+09:00,239570476,b882622e,2026-09-28T22:09:26.428803+09:00,2026-09-28T22:09:26.515113+09:00,rail-left-01,rail-right-01,0.6.7-draft,0.6.7-draft,mqtt,mqtt,1141.93,940.42,6.705,6.155,-0.059,-0.031,0.019,-0.109,10.36,9.695,-0.0669,0.0333,0.037,0.056,-0.0113,-0.0059,25.13,25.27,17022,17800,2.128,2.225,6.383,6.675,674,674,68,68,0,0,0,0,,,,,,,,,,,,,,,,,0.0,0.0,0,0,1321.9,1071.9,0.9124,1.1047,1,1,0
2026-09-28T22:09:26.449181+09:00,239590854,b882622e,2026-09-28T22:09:26.449181+09:00,2026-09-28T22:09:26.535491+09:00,rail-left-01,rail-right-01,0.6.7-draft,0.6.7-draft,mqtt,mqtt,1143.07,941.42,6.693,6.163,-0.011,0.063,0.182,-0.241,10.6,9.728,-0.0637,0.0282,0.0412,0.0584,-0.0128,-0.0099,25.14,25.27,16991,17818,2.124,2.227,6.372,6.682,675,675,68,68,0,0,0,0,,,,,,,,,,,,,,,,,0.0,0.0,0,0,1322.9,1072.9,0.9124,1.1047,1,1,0
2026-09-28T22:09:26.469171+09:00,239610844,b882622e,2026-09-28T22:09:26.469171+09:00,2026-09-28T22:09:26.555481+09:00,rail-left-01,rail-right-01,0.6.7-draft,0.6.7-draft,mqtt,mqtt,1144.22,942.31,6.694,6.18,0.034,0.102,-0.107,-0.368,10.368,9.677,-0.0659,0.0314,0.0386,0.0573,-0.0092,-0.0097,25.15,25.27,16994,17856,2.124,2.232,6.373,6.696,676,676,68,68,0,0,0,0,,,,,,,,,,,,,,,,,0.0,0.0,0,0,1324.0,1074.0,0.9124,1.1047,1,1,0
2026-09-28T22:09:26.488923+09:00,239630596,b882622e,2026-09-28T22:09:26.488923+09:00,2026-09-28T22:09:26.575234+09:00,rail-left-01,rail-right-01,0.6.7-draft,0.6.7-draft,mqtt,mqtt,1145.36,943.25,6.696,6.182,-0.002,0.012,-0.206,-0.221,10.426,9.844,-0.0654,0.0273,0.0418,0.0609,-0.0083,-0.0119,25.16,25.26,17000,17859,2.125,2.232,6.375,6.697,677,677,68,68,0,0,0,0,,,,,,,,,,,,,,,,,0.0,0.0,0,0,1325.0,1075.0,0.9124,1.1047,1,1,0
2026-09-28T22:09:26.508858+09:00,239650531,b882622e,2026-09-28T22:09:26.508858+09:00,2026-09-28T22:09:26.595169+09:00,rail-left-01,rail-right-01,0.6.7-draft,0.6.7-draft,mqtt,mqtt,1146.5,944.2,6.663,6.201,0.212,0.128,-0.001,-0.375,10.449,9.663,-0.0698,0.0297,0.0461,0.0546,-0.0089,-0.012,25.16,25.26,16916,17903,2.115,2.238,6.344,6.714,678,678,68,68,0,0,0,0,,,,,,,,,,,,,,,,,0.0,0.0,0,0,1326.1,1076.1,0.9124,1.1047,1,1,0
2026-09-28T22:09:26.528844+09:00,239670517,b882622e,2026-09-28T22:09:26.528844+09:00,2026-09-28T22:09:26.615154+09:00,rail-left-01,rail-right-01,0.6.7-draft,0.6.7-draft,mqtt,mqtt,1147.65,945.14,6.638,6.212,-0.123,-0.177,-0.085,-0.466,10.372,9.57,-0.071,0.0308,0.0428,0.0605,-0.0073,-0.0095,25.14,25.24,16856,17926,2.107,2.241,6.321,6.722,679,679,68,68,0,0,0,0,,,,,,,,,,,,,,,,,0.0,0.0,0,0,1327.1,1077.1,0.9124,1.1047,1,1,0
2026-09-28T22:09:26.549064+09:00,239690737,b882622e,2026-09-28T22:09:26.549064+09:00,2026-09-28T22:09:26.635375+09:00,rail-left-01,rail-right-01,0.6.7-draft,0.6.7-draft,mqtt,mqtt,1148.79,946.09,6.656,6.211,0.164,0.175,-0.025,0.133,10.536,9.817,-0.058,0.0334,0.0333,0.0618,-0.0095,-0.0099,25.15,25.26,16900,17924,2.113,2.241,6.338,6.722,680,680,68,68,0,0,0,0,,,,,,,,,,,,,,,,,0.0,0.0,0,0,1328.2,1078.2,0.9124,1.1047,1,1,0
2026-09-28T22:09:26.689726+09:00,239823458,b882622e,2026-09-28T22:09:26.689726+09:00,2026-09-28T22:09:26.775663+09:00,rail-left-01,rail-right-01,0.6.7-draft,0.6.7-draft,mqtt,mqtt,1156.35,952.3,6.669,6.224,0.001,0.063,-0.111,-0.312,10.697,9.604,-0.0687,0.03,0.0422,0.058,-0.0101,-0.0091,25.13,25.27,16932,17953,2.117,2.244,6.35,6.732,681,681,69,69,0,0,0,0,,,,,,,,,,,,,,,,,0.0,0.0,0,0,1335.0,1085.0,0.9124,1.1047,1,1,0
2026-09-28T22:09:26.709878+09:00,239843610,b882622e,2026-09-28T22:09:26.709878+09:00,2026-09-28T22:09:26.795814+09:00,rail-left-01,rail-right-01,0.6.7-draft,0.6.7-draft,mqtt,mqtt,1157.49,953.25,6.645,6.267,-0.005,0.018,0.024,-0.448,10.533,9.699,-0.0694,0.032,0.0402,0.0584,-0.0085,-0.0048,25.15,25.23,16873,18049,2.109,2.256,6.327,6.768,682,682,69,69,0,0,0,0,,,,,,,,,,,,,,,,,0.0,0.0,0,0,1336.1,1086.1,0.9124,1.1047,1,1,0
2026-09-28T22:09:26.729825+09:00,239863557,b882622e,2026-09-28T22:09:26.729825+09:00,2026-09-28T22:09:26.815761+09:00,rail-left-01,rail-right-01,0.6.7-draft,0.6.7-draft,mqtt,mqtt,1158.58,954.19,6.628,6.271,-0.01,0.004,0.047,0.121,10.659,9.762,-0.0659,0.031,0.0405,0.0578,-0.0093,-0.0088,25.15,25.26,16829,18058,2.104,2.257,6.311,6.772,683,683,69,69,0,0,0,0,,,,,,,,,,,,,,,,,0.0,0.0,0,0,1337.1,1087.1,0.9124,1.1047,1,1,0
2026-09-28T22:09:26.749825+09:00,239883557,b882622e,2026-09-28T22:09:26.749825+09:00,2026-09-28T22:09:26.835761+09:00,rail-left-01,rail-right-01,0.6.7-draft,0.6.7-draft,mqtt,mqtt,1159.73,955.14,6.636,6.28,-0.03,0.036,0.304,-0.074,10.659,9.741,-0.067,0.0326,0.0354,0.0473,-0.0056,0.0004,25.14,25.26,16849,18078,2.106,2.26,6.318,6.779,684,684,69,69,0,0,0,0,,,,,,,,,,,,,,,,,0.0,0.0,0,0,1338.1,1088.1,0.9124,1.1047,1,1,0
2026-09-28T22:09:26.770089+09:00,239903821,b882622e,2026-09-28T22:09:26.770089+09:00,2026-09-28T22:09:26.856026+09:00,rail-left-01,rail-right-01,0.6.7-draft,0.6.7-draft,mqtt,mqtt,1160.87,956.08,6.661,6.292,0.005,-0.012,0.057,-0.498,10.436,9.668,-0.0649,0.0338,0.0405,0.0545,-0.0083,-0.0097,25.14,25.27,16911,18103,2.114,2.263,6.342,6.789,685,685,69,69,0,0,0,0,,,,,,,,,,,,,,,,,0.0,0.0,0,0,1339.2,1089.2,0.9124,1.1047,1,1,0
2026-09-28T22:09:26.790105+09:00,239923837,b882622e,2026-09-28T22:09:26.790105+09:00,2026-09-28T22:09:26.876042+09:00,rail-left-01,rail-right-01,0.6.7-draft,0.6.7-draft,mqtt,mqtt,1162.02,957.03,6.66,6.309,0.063,0.028,-0.115,-0.322,10.384,9.645,-0.067,0.0308,0.0405,0.0621,-0.01,-0.0093,25.14,25.24,16909,18141,2.114,2.268,6.341,6.803,686,686,69,69,0,0,0,0,,,,,,,,,,,,,,,,,0.0,0.0,0,0,1340.2,1090.2,0.9124,1.1047,1,1,0
2026-09-28T22:09:26.809870+09:00,239943603,b882622e,2026-09-28T22:09:26.809870+09:00,2026-09-28T22:09:26.895808+09:00,rail-left-01,rail-right-01,0.6.7-draft,0.6.7-draft,mqtt,mqtt,1163.11,957.97,6.661,6.312,-0.099,-0.067,0.129,-0.14,10.448,9.714,-0.0634,0.0334,0.0421,0.0534,-0.0071,-0.0039,25.14,25.29,16912,18149,2.114,2.269,6.342,6.806,687,687,69,69,0,0,0,0,,,,,,,,,,,,,,,,,0.0,0.0,0,0,1341.2,1091.2,0.9124,1.1047,1,1,0
2026-09-28T22:09:26.829831+09:00,239963563,b882622e,2026-09-28T22:09:26.829831+09:00,2026-09-28T22:09:26.915768+09:00,rail-left-01,rail-right-01,0.6.7-draft,0.6.7-draft,mqtt,mqtt,1164.25,958.87,6.663,6.321,-0.004,0.103,-0.011,-0.37,10.447,9.671,-0.0659,0.0296,0.0393,0.0528,-0.0057,-0.0059,25.12,25.29,16918,18168,2.115,2.271,6.344,6.813,688,688,69,69,0,0,0,0,,,,,,,,,,,,,,,,,0.0,0.0,0,0,1342.3,1092.3,0.9124,1.1047,1,1,0
2026-09-28T22:09:26.849933+09:00,239983665,b882622e,2026-09-28T22:09:26.849933+09:00,2026-09-28T22:09:26.935870+09:00,rail-left-01,rail-right-01,0.6.7-draft,0.6.7-draft,mqtt,mqtt,1165.4,959.81,6.669,6.326,-0.042,0.068,-0.129,-0.242,10.375,9.758,-0.0629,0.0301,0.0374,0.0542,-0.0061,-0.0081,25.13,25.27,16932,18179,2.117,2.272,6.35,6.817,689,689,69,69,0,0,0,0,,,,,,,,,,,,,,,,,0.0,0.0,0,0,1343.3,1093.3,0.9124,1.1047,1,1,0
2026-09-28T22:09:26.870182+09:00,240003914,b882622e,2026-09-28T22:09:26.870182+09:00,2026-09-28T22:09:26.956119+09:00,rail-left-01,rail-right-01,0.6.7-draft,0.6.7-draft,mqtt,mqtt,1166.54,960.81,6.663,6.325,0.011,0.035,0.243,-0.364,10.594,9.692,-0.0618,0.0346,0.0378,0.0574,-0.0071,-0.0097,25.14,25.28,16917,18178,2.115,2.272,6.344,6.817,690,690,69,69,0,0,0,0,,,,,,,,,,,,,,,,,0.0,0.0,0,0,1344.3,1094.3,0.9124,1.1047,1,1,0
2026-09-28T22:09:27.042136+09:00,240144436,b882622e,2026-09-28T22:09:27.042136+09:00,2026-09-28T22:09:27.079095+09:00,rail-left-01,rail-right-01,0.6.7-draft,0.6.7-draft,mqtt,mqtt,1174.4,967.42,6.671,6.328,-0.036,-0.049,0.378,-0.231,10.445,9.637,-0.0649,0.0357,0.0388,0.0542,-0.0073,-0.0041,25.12,25.28,16936,18184,2.117,2.273,6.351,6.819,691,691,70,70,0,0,0,0,,,,,,,,,,,,,,,,,0.0,0.0,0,0,1351.5,1101.5,0.9124,1.1047,1,1,0
2026-09-28T22:09:27.062236+09:00,240164535,b882622e,2026-09-28T22:09:27.062236+09:00,2026-09-28T22:09:27.099194+09:00,rail-left-01,rail-right-01,0.6.7-draft,0.6.7-draft,mqtt,mqtt,1175.54,968.36,6.836,6.343,0.05,0.019,-0.043,-0.353,10.43,9.722,-0.0685,0.0317,0.0422,0.058,-0.0128,-0.0113,25.12,25.26,17348,18217,2.169,2.277,6.506,6.831,692,692,70,70,0,0,0,0,,,,,,,,,,,,,,,,,0.0,0.0,0,0,1352.6,1102.6,0.9124,1.1047,1,1,0
2026-09-28T22:09:27.082263+09:00,240184562,b882622e,2026-09-28T22:09:27.082263+09:00,2026-09-28T22:09:27.119221+09:00,rail-left-01,rail-right-01,0.6.7-draft,0.6.7-draft,mqtt,mqtt,1176.68,969.31,6.827,6.348,-0.029,0.075,0.086,-0.223,10.422,9.595,-0.0666,0.0336,0.0376,0.0505,-0.0067,-0.0025,25.13,25.28,17326,18227,2.166,2.278,6.497,6.835,693,693,70,70,0,0,0,0,,,,,,,,,,,,,,,,,0.0,0.0,0,0,1353.6,1103.6,0.9124,1.1047,1,1,0
2026-09-28T22:09:27.102201+09:00,240204501,b882622e,2026-09-28T22:09:27.102201+09:00,2026-09-28T22:09:27.139160+09:00,rail-left-01,rail-right-01,0.6.7-draft,0.6.7-draft,mqtt,mqtt,1177.78,970.2,6.828,6.345,-0.174,-0.117,0.28,-0.36,10.508,9.538,-0.0632,0.0373,0.0422,0.0582,-0.0116,-0.0109,25.17,25.27,17327,18221,2.166,2.278,6.498,6.833,694,694,70,70,0,0,0,0,,,,,,,,,,,,,,,,,0.0,0.0,0,0,1354.6,1104.6,0.9124,1.1047,1,1,0
2026-09-28T22:09:27.122218+09:00,240224517,b882622e,2026-09-28T22:09:27.122218+09:00,2026-09-28T22:09:27.159176+09:00,rail-left-01,rail-right-01,0.6.7-draft,0.6.7-draft,mqtt,mqtt,1178.92,971.15,6.831,6.336,-0.032,0.023,-0.042,-0.205,10.4,9.65,-0.0648,0.0364,0.0344,0.0509,-0.0113,-0.0077,25.13,25.27,17335,18202,2.167,2.275,6.501,6.826,695,695,70,70,0,0,0,0,,,,,,,,,,,,,,,,,0.0,0.0,0,0,1355.6,1105.6,0.9124,1.1047,1,1,0
2026-09-28T22:09:27.142184+09:00,240244484,b882622e,2026-09-28T22:09:27.142184+09:00,2026-09-28T22:09:27.179143+09:00,rail-left-01,rail-right-01,0.6.7-draft,0.6.7-draft,mqtt,mqtt,1180.01,972.09,6.851,6.314,0.054,0.096,0.079,-0.08,10.422,9.691,-0.0629,0.0372,0.0358,0.0521,-0.0137,-0.0091,25.11,25.25,17385,18152,2.173,2.269,6.519,6.807,696,696,70,70,0,0,0,0,,,,,,,,,,,,,,,,,0.0,0.0,0,0,1356.6,1106.6,0.9124,1.1047,1,1,0
2026-09-28T22:09:27.162838+09:00,240265137,b882622e,2026-09-28T22:09:27.162838+09:00,2026-09-28T22:09:27.199796+09:00,rail-left-01,rail-right-01,0.6.7-draft,0.6.7-draft,mqtt,mqtt,1181.16,973.04,6.847,6.32,-0.022,0.057,-0.107,-0.363,10.284,9.735,-0.064,0.0314,0.0448,0.0588,-0.0084,-0.0071,25.12,25.27,17375,18167,2.172,2.271,6.516,6.813,697,697,70,70,0,0,0,0,,,,,,,,,,,,,,,,,0.0,0.0,0,0,1357.7,1107.7,0.9124,1.1047,1,1,0
2026-09-28T22:09:27.182264+09:00,240284563,b882622e,2026-09-28T22:09:27.182264+09:00,2026-09-28T22:09:27.219222+09:00,rail-left-01,rail-right-01,0.6.7-draft,0.6.7-draft,mqtt,mqtt,1182.3,973.98,6.841,6.34,0.026,0.028,-0.042,-0.35,10.379,9.663,-0.0667,0.0342,0.04,0.0616,-0.0108,-0.0096,25.13,25.24,17361,18210,2.17,2.276,6.51,6.829,698,698,70,70,0,0,0,0,,,,,,,,,,,,,,,,,0.0,0.0,0,0,1358.7,1108.7,0.9124,1.1047,1,1,0
2026-09-28T22:09:27.202337+09:00,240304636,b882622e,2026-09-28T22:09:27.202337+09:00,2026-09-28T22:09:27.239295+09:00,rail-left-01,rail-right-01,0.6.7-draft,0.6.7-draft,mqtt,mqtt,1183.44,974.93,6.83,6.352,-0.019,0.019,-0.055,-0.09,10.46,9.697,-0.0629,0.0366,0.0425,0.0544,-0.0111,-0.0056,25.14,25.27,17332,18237,2.167,2.28,6.5,6.839,699,699,70,70,0,0,0,0,,,,,,,,,,,,,,,,,0.0,0.0,0,0,1359.8,1109.8,0.9124,1.1047,1,1,0
2026-09-28T22:09:27.222306+09:00,240324605,b882622e,2026-09-28T22:09:27.222306+09:00,2026-09-28T22:09:27.259264+09:00,rail-left-01,rail-right-01,0.6.7-draft,0.6.7-draft,mqtt,mqtt,1184.54,975.87,6.815,6.36,0.018,0.075,0.02,-0.206,10.448,9.607,-0.0625,0.0316,0.0441,0.0617,-0.0128,-0.0083,25.13,25.27,17296,18255,2.162,2.282,6.486,6.846,700,700,70,70,0,0,0,0,,,,,,,,,,,,,,,,,0.0,0.0,0,0,1360.8,1110.8,0.9124,1.1047,1,1,0
2026-09-28T22:09:27.312391+09:00,240445102,b882622e,2026-09-28T22:09:27.312391+09:00,2026-09-28T22:09:27.349877+09:00,rail-left-01,rail-right-01,0.6.7-draft,0.6.7-draft,mqtt,mqtt,1191.4,981.54,6.815,6.36,-0.049,-0.022,0.165,-0.081,10.307,9.673,-0.0678,0.0286,0.0413,0.0592,-0.0105,-0.0076,25.14,25.26,17296,18255,2.162,2.282,6.486,6.846,701,701,71,71,0,0,0,0,,,,,,,,,,,,,,,,,0.0,0.0,0,0,1367.0,1117.0,0.9124,1.1047,1,1,0
2026-09-28T22:09:27.333351+09:00,240466062,b882622e,2026-09-28T22:09:27.333351+09:00,2026-09-28T22:09:27.370837+09:00,rail-left-01,rail-right-01,0.6.7-draft,0.6.7-draft,mqtt,mqtt,1192.59,982.53,6.692,6.38,0.014,0.047,0.107,-0.148,10.537,9.732,-0.0654,0.0324,0.0436,0.0577,-0.0121,-0.0068,25.12,25.24,16989,18299,2.124,2.287,6.371,6.862,702,702,71,71,0,0,0,0,,,,,,,,,,,,,,,,,0.0,0.0,0,0,1368.1,1118.1,0.9124,1.1047,1,1,0
2026-09-28T22:09:27.353348+09:00,240486059,b882622e,2026-09-28T22:09:27.353348+09:00,2026-09-28T22:09:27.390834+09:00,rail-left-01,rail-right-01,0.6.7-draft,0.6.7-draft,mqtt,mqtt,1193.74,983.48,6.662,6.391,-0.038,-0.01,0.098,-0.205,10.415,9.73,-0.0621,0.0336,0.0449,0.057,-0.0103,-0.0055,25.14,25.27,16915,18324,2.114,2.291,6.343,6.872,703,703,71,71,0,0,0,0,,,,,,,,,,,,,,,,,0.0,0.0,0,0,1369.2,1119.2,0.9124,1.1047,1,1,0
2026-09-28T22:09:27.372455+09:00,240505166,b882622e,2026-09-28T22:09:27.372455+09:00,2026-09-28T22:09:27.409941+09:00,rail-left-01,rail-right-01,0.6.7-draft,0.6.7-draft,mqtt,mqtt,1194.83,984.37,6.649,6.386,0.002,0.057,-0.008,-0.291,10.368,9.731,-0.0695,0.029,0.0426,0.0577,-0.0111,-0.0076,25.13,25.27,16882,18313,2.11,2.289,6.331,6.867,704,704,71,71,0,0,0,0,,,,,,,,,,,,,,,,,0.0,0.0,0,0,1370.2,1120.2,0.9124,1.1047,1,1,0
2026-09-28T22:09:27.392521+09:00,240525233,b882622e,2026-09-28T22:09:27.392521+09:00,2026-09-28T22:09:27.430008+09:00,rail-left-01,rail-right-01,0.6.7-draft,0.6.7-draft,mqtt,mqtt,1195.97,985.32,6.641,6.393,-0.142,-0.102,0.043,-0.232,10.262,9.722,-0.0665,0.0313,0.0392,0.0597,-0.0124,-0.0093,25.14,25.26,16862,18327,2.108,2.291,6.323,6.873,705,705,71,71,0,0,0,0,,,,,,,,,,,,,,,,,0.0,0.0,0,0,1371.2,1121.2,0.9124,1.1047,1,1,0
2026-09-28T22:09:27.412424+09:00,240545135,b882622e,2026-09-28T22:09:27.412424+09:00,2026-09-28T22:09:27.449910+09:00,rail-left-01,rail-right-01,0.6.7-draft,0.6.7-draft,mqtt,mqtt,1197.07,986.26,6.639,6.394,0.001,0.091,-0.169,-0.324,10.739,9.704,-0.0722,0.032,0.0348,0.0532,-0.0107,-0.0044,25.15,25.29,16857,18330,2.107,2.291,6.321,6.874,706,706,71,71,0,0,0,0,,,,,,,,,,,,,,,,,0.0,0.0,0,0,1372.2,1122.2,0.9124,1.1047,1,1,0
2026-09-28T22:09:27.432838+09:00,240565549,b882622e,2026-09-28T22:09:27.432838+09:00,2026-09-28T22:09:27.470324+09:00,rail-left-01,rail-right-01,0.6.7-draft,0.6.7-draft,mqtt,mqtt,1198.26,987.21,6.66,6.379,-0.022,-0.045,0.156,-0.292,10.54,9.928,-0.0705,0.0317,0.0361,0.0529,-0.0067,-0.0045,25.13,25.28,16909,18296,2.114,2.287,6.341,6.861,707,707,71,71,0,0,0,0,,,,,,,,,,,,,,,,,0.0,0.0,0,0,1373.3,1123.3,0.9124,1.1047,1,1,0
2026-09-28T22:09:27.452981+09:00,240585692,b882622e,2026-09-28T22:09:27.452981+09:00,2026-09-28T22:09:27.490467+09:00,rail-left-01,rail-right-01,0.6.7-draft,0.6.7-draft,mqtt,mqtt,1199.4,988.15,6.675,6.379,0.115,0.13,-0.285,-0.31,10.339,9.766,-0.0705,0.0304,0.0378,0.0536,-0.0107,-0.0087,25.17,25.23,16947,18297,2.118,2.287,6.355,6.861,708,708,71,71,0,0,0,0,,,,,,,,,,,,,,,,,0.0,0.0,0,0,1374.3,1124.3,0.9124,1.1047,1,1,0
2026-09-28T22:09:27.472445+09:00,240605156,b882622e,2026-09-28T22:09:27.472445+09:00,2026-09-28T22:09:27.509931+09:00,rail-left-01,rail-right-01,0.6.7-draft,0.6.7-draft,mqtt,mqtt,1200.5,989.1,6.673,6.364,0.012,0.063,-0.005,-0.253,10.205,9.653,-0.0662,0.0318,0.0357,0.0528,-0.0068,-0.0023,25.16,25.27,16942,18264,2.118,2.283,6.353,6.849,709,709,71,71,0,0,0,0,,,,,,,,,,,,,,,,,0.0,0.0,0,0,1375.3,1125.3,0.9124,1.1047,1,1,0
2026-09-28T22:09:27.492384+09:00,240625095,b882622e,2026-09-28T22:09:27.492384+09:00,2026-09-28T22:09:27.529870+09:00,rail-left-01,rail-right-01,0.6.7-draft,0.6.7-draft,mqtt,mqtt,1201.64,989.99,6.665,6.337,0.13,0.059,0.183,-0.298,10.36,9.438,-0.0674,0.0308,0.0377,0.0598,-0.0084,-0.0084,25.12,25.28,16922,18203,2.115,2.275,6.346,6.826,710,710,71,71,0,0,0,0,,,,,,,,,,,,,,,,,0.0,0.0,0,0,1376.4,1126.4,0.9124,1.1047,1,1,0
2026-09-28T22:09:27.581840+09:00,240720468,b882622e,2026-09-28T22:09:27.581840+09:00,2026-09-28T22:09:27.661137+09:00,rail-left-01,rail-right-01,0.6.7-draft,0.6.7-draft,mqtt,mqtt,1207.06,994.51,6.652,6.334,-0.089,-0.103,0.061,-0.223,10.469,9.858,-0.0628,0.0334,0.0368,0.0566,-0.0124,-0.0116,25.11,25.28,16889,18198,2.111,2.275,6.333,6.824,711,711,72,72,0,0,0,0,,,,,,,,,,,,,,,,,0.0,0.0,0,0,1381.3,1131.3,0.9124,1.1047,1,1,0
2026-09-28T22:09:27.601963+09:00,240740591,b882622e,2026-09-28T22:09:27.601963+09:00,2026-09-28T22:09:27.681260+09:00,rail-left-01,rail-right-01,0.6.7-draft,0.6.7-draft,mqtt,mqtt,1208.25,995.46,6.64,6.193,0.17,0.116,-0.136,-0.48,10.527,9.68,-0.0658,0.0322,0.0414,0.055,-0.0084,-0.0101,25.15,25.29,16860,17885,2.108,2.236,6.323,6.707,712,712,72,72,0,0,0,0,,,,,,,,,,,,,,,,,0.0,0.0,0,0,1382.4,1132.4,0.9124,1.1047,1,1,0
2026-09-28T22:09:27.621890+09:00,240760518,b882622e,2026-09-28T22:09:27.621890+09:00,2026-09-28T22:09:27.701187+09:00,rail-left-01,rail-right-01,0.6.7-draft,0.6.7-draft,mqtt,mqtt,1209.4,996.4,6.614,6.192,-0.116,-0.103,0.117,-0.091,10.734,9.738,-0.0645,0.0316,0.0385,0.0512,-0.0049,-0.0012,25.13,25.29,16794,17882,2.099,2.235,6.298,6.706,713,713,72,72,0,0,0,0,,,,,,,,,,,,,,,,,0.0,0.0,0,0,1383.5,1133.5,0.9124,1.1047,1,1,0
2026-09-28T22:09:27.641907+09:00,240780535,b882622e,2026-09-28T22:09:27.641907+09:00,2026-09-28T22:09:27.721204+09:00,rail-left-01,rail-right-01,0.6.7-draft,0.6.7-draft,mqtt,mqtt,1210.54,997.35,6.613,6.172,-0.071,-0.09,0.218,-0.225,10.469,9.87,-0.0644,0.0301,0.0372,0.0578,-0.0156,-0.0125,25.15,25.25,16793,17838,2.099,2.23,6.297,6.689,714,714,72,72,0,0,0,0,,,,,,,,,,,,,,,,,0.0,0.0,0,0,1384.5,1134.5,0.9124,1.1047,1,1,0
2026-09-28T22:09:27.662749+09:00,240801377,b882622e,2026-09-28T22:09:27.662749+09:00,2026-09-28T22:09:27.742046+09:00,rail-left-01,rail-right-01,0.6.7-draft,0.6.7-draft,mqtt,mqtt,1211.73,998.34,6.593,6.168,0.068,0.084,-0.026,-0.223,10.554,9.559,-0.065,0.0316,0.0421,0.0576,-0.0092,-0.0064,25.14,25.26,16742,17828,2.093,2.229,6.278,6.686,715,715,72,72,0,0,0,0,,,,,,,,,,,,,,,,,0.0,0.0,0,0,1385.6,1135.6,0.9124,1.1047,1,1,0
2026-09-28T22:09:27.682740+09:00,240821368,b882622e,2026-09-28T22:09:27.682740+09:00,2026-09-28T22:09:27.762037+09:00,rail-left-01,rail-right-01,0.6.7-draft,0.6.7-draft,mqtt,mqtt,1212.88,999.29,6.585,6.166,-0.029,-0.008,-0.128,-0.255,10.54,9.742,-0.0632,0.0306,0.035,0.0528,-0.0067,-0.0064,25.14,25.26,16723,17825,2.09,2.228,6.271,6.684,716,716,72,72,0,0,0,0,,,,,,,,,,,,,,,,,0.0,0.0,0,0,1386.6,1136.6,0.9124,1.1047,1,1,0
2026-09-28T22:09:27.701949+09:00,240840577,b882622e,2026-09-28T22:09:27.701949+09:00,2026-09-28T22:09:27.781246+09:00,rail-left-01,rail-right-01,0.6.7-draft,0.6.7-draft,mqtt,mqtt,1213.97,1000.18,6.584,6.167,0.115,0.145,-0.072,-0.205,10.414,10.011,-0.0644,0.0325,0.0382,0.0576,-0.0096,-0.0079,25.14,25.27,16720,17827,2.09,2.228,6.27,6.685,717,717,72,72,0,0,0,0,,,,,,,,,,,,,,,,,0.0,0.0,0,0,1387.6,1137.6,0.9124,1.1047,1,1,0
2026-09-28T22:09:27.721889+09:00,240860517,b882622e,2026-09-28T22:09:27.721889+09:00,2026-09-28T22:09:27.801186+09:00,rail-left-01,rail-right-01,0.6.7-draft,0.6.7-draft,mqtt,mqtt,1215.11,1001.13,6.572,6.169,-0.077,-0.091,0.109,-0.178,10.454,9.821,-0.064,0.0286,0.034,0.0516,-0.0077,-0.0035,25.14,25.26,16691,17832,2.086,2.229,6.259,6.687,718,718,72,72,0,0,0,0,,,,,,,,,,,,,,,,,0.0,0.0,0,0,1388.7,1138.7,0.9124,1.1047,1,1,0
2026-09-28T22:09:27.741996+09:00,240880624,b882622e,2026-09-28T22:09:27.741996+09:00,2026-09-28T22:09:27.821293+09:00,rail-left-01,rail-right-01,0.6.7-draft,0.6.7-draft,mqtt,mqtt,1216.26,1002.07,6.581,6.163,0.12,0.114,0.02,-0.396,10.417,9.762,-0.0645,0.0301,0.0334,0.0581,-0.0096,-0.0056,25.16,25.25,16713,17817,2.089,2.227,6.267,6.681,719,719,72,72,0,0,0,0,,,,,,,,,,,,,,,,,0.0,0.0,0,0,1389.7,1139.7,0.9124,1.1047,1,1,0
2026-09-28T22:09:27.762051+09:00,240900679,b882622e,2026-09-28T22:09:27.762051+09:00,2026-09-28T22:09:27.841348+09:00,rail-left-01,rail-right-01,0.6.7-draft,0.6.7-draft,mqtt,mqtt,1217.4,1003.02,6.561,6.16,-0.09,-0.074,0.287,-0.196,10.402,9.679,-0.0622,0.0341,0.0394,0.0605,-0.0083,-0.0007,25.14,25.27,16662,17810,2.083,2.226,6.248,6.679,720,720,72,72,0,0,0,0,,,,,,,,,,,,,,,,,0.0,0.0,0,0,1390.8,1140.8,0.9124,1.1047,1,1,0
2026-09-28T22:09:27.900286+09:00,241028455,b882622e,2026-09-28T22:09:27.900286+09:00,2026-09-28T22:09:27.980802+09:00,rail-left-01,rail-right-01,0.6.7-draft,0.6.7-draft,mqtt,mqtt,1224.71,1009.08,6.553,6.159,0.013,0.023,0.354,0.054,10.598,10.017,-0.0653,0.0361,0.0432,0.0621,-0.0064,-0.0061,25.15,25.27,16643,17808,2.08,2.226,6.241,6.678,721,721,73,73,0,0,0,0,,,,,,,,,,,,,,,,,0.0,0.0,0,0,1397.4,1147.4,0.9124,1.1047,1,1,0
2026-09-28T22:09:27.920358+09:00,241048527,b882622e,2026-09-28T22:09:27.920358+09:00,2026-09-28T22:09:28.000873+09:00,rail-left-01,rail-right-01,0.6.7-draft,0.6.7-draft,mqtt,mqtt,1225.85,1010.03,6.466,6.114,-0.018,-0.053,0.103,-0.192,10.646,9.809,-0.0646,0.033,0.0434,0.058,-0.0117,-0.0124,25.16,25.24,16426,17710,2.053,2.214,6.16,6.641,722,722,73,73,0,0,0,0,,,,,,,,,,,,,,,,,0.0,0.0,0,0,1398.5,1148.5,0.9124,1.1047,1,1,0
2026-09-28T22:09:27.940314+09:00,241068483,b882622e,2026-09-28T22:09:27.940314+09:00,2026-09-28T22:09:28.020829+09:00,rail-left-01,rail-right-01,0.6.7-draft,0.6.7-draft,mqtt,mqtt,1227.0,1010.97,6.462,6.141,0.022,0.101,0.034,-0.247,10.464,9.628,-0.0641,0.0328,0.0452,0.0576,-0.0108,-0.0115,25.14,25.27,16416,17768,2.052,2.221,6.156,6.663,723,723,73,73,0,0,0,0,,,,,,,,,,,,,,,,,0.0,0.0,0,0,1399.5,1149.5,0.9124,1.1047,1,1,0
2026-09-28T22:09:27.960462+09:00,241088631,b882622e,2026-09-28T22:09:27.960462+09:00,2026-09-28T22:09:28.040977+09:00,rail-left-01,rail-right-01,0.6.7-draft,0.6.7-draft,mqtt,mqtt,1228.14,1011.92,6.438,6.159,-0.077,-0.007,0.069,-0.336,10.515,9.536,-0.0661,0.0329,0.039,0.0529,-0.0087,-0.0064,25.13,25.27,16356,17808,2.045,2.226,6.134,6.678,724,724,73,73,0,0,0,0,,,,,,,,,,,,,,,,,0.0,0.0,0,0,1400.6,1150.6,0.9124,1.1047,1,1,0
2026-09-28T22:09:27.980618+09:00,241108787,b882622e,2026-09-28T22:09:27.980618+09:00,2026-09-28T22:09:28.061133+09:00,rail-left-01,rail-right-01,0.6.7-draft,0.6.7-draft,mqtt,mqtt,1229.28,1012.91,6.429,6.149,-0.006,0.105,-0.087,-0.344,10.412,9.619,-0.0621,0.0284,0.0406,0.0608,-0.0103,-0.0112,25.13,25.27,16334,17787,2.042,2.223,6.125,6.67,725,725,73,73,0,0,0,0,,,,,,,,,,,,,,,,,0.0,0.0,0,0,1401.6,1151.6,0.9124,1.1047,1,1,0
2026-09-28T22:09:28.000636+09:00,241128805,b882622e,2026-09-28T22:09:28.000636+09:00,2026-09-28T22:09:28.081152+09:00,rail-left-01,rail-right-01,0.6.7-draft,0.6.7-draft,mqtt,mqtt,1230.43,1013.85,6.421,6.157,-0.049,0.018,0.036,-0.117,10.404,9.608,-0.0657,0.0332,0.0378,0.0546,-0.0063,-0.0032,25.12,25.25,16315,17804,2.039,2.226,6.118,6.677,726,726,73,73,0,0,0,0,,,,,,,,,,,,,,,,,0.0,0.0,0,0,1402.6,1152.6,0.9124,1.1047,1,1,0
2026-09-28T22:09:28.020418+09:00,241148587,b882622e,2026-09-28T22:09:28.020418+09:00,2026-09-28T22:09:28.100934+09:00,rail-left-01,rail-right-01,0.6.7-draft,0.6.7-draft,mqtt,mqtt,1231.57,1014.8,6.418,6.149,0.084,0.045,0.095,-0.39,10.426,9.807,-0.0621,0.0298,0.0361,0.0549,-0.0101,-0.0053,25.14,25.27,16306,17787,2.038,2.223,6.115,6.67,727,727,73,73,0,0,0,0,,,,,,,,,,,,,,,,,0.0,0.0,0,0,1403.7,1153.7,0.9124,1.1047,1,1,0
2026-09-28T22:09:28.040397+09:00,241168566,b882622e,2026-09-28T22:09:28.040397+09:00,2026-09-28T22:09:28.120913+09:00,rail-left-01,rail-right-01,0.6.7-draft,0.6.7-draft,mqtt,mqtt,1232.71,1015.74,6.406,6.147,-0.089,-0.012,0.099,-0.18,10.483,9.489,-0.0628,0.033,0.0398,0.0602,-0.0123,-0.0083,25.14,25.26,16277,17782,2.035,2.223,6.104,6.668,728,728,73,73,0,0,0,0,,,,,,,,,,,,,,,,,0.0,0.0,0,0,1404.7,1154.7,0.9124,1.1047,1,1,0
2026-09-28T22:09:28.060361+09:00,241188530,b882622e,2026-09-28T22:09:28.060361+09:00,2026-09-28T22:09:28.140877+09:00,rail-left-01,rail-right-01,0.6.7-draft,0.6.7-draft,mqtt,mqtt,1233.86,1016.69,6.408,6.16,-0.104,0.007,-0.177,-0.213,10.364,9.707,-0.0653,0.0298,0.0348,0.055,-0.0056,-0.0052,25.13,25.22,16282,17812,2.035,2.227,6.106,6.68,729,729,73,73,0,0,0,0,,,,,,,,,,,,,,,,,0.0,0.0,0,0,1405.8,1155.8,0.9124,1.1047,1,1,0
2026-09-28T22:09:28.080454+09:00,241208623,b882622e,2026-09-28T22:09:28.080454+09:00,2026-09-28T22:09:28.160969+09:00,rail-left-01,rail-right-01,0.6.7-draft,0.6.7-draft,mqtt,mqtt,1235.0,1017.63,6.407,6.161,0.041,0.127,-0.014,-0.306,10.457,9.767,-0.0648,0.0313,0.0421,0.057,-0.0045,-0.0057,25.14,25.25,16281,17813,2.035,2.227,6.105,6.68,730,730,73,73,0,0,0,0,,,,,,,,,,,,,,,,,0.0,0.0,0,0,1406.8,1156.8,0.9124,1.1047,1,1,0
2026-09-28T22:09:28.257535+09:00,241348436,b882622e,2026-09-28T22:09:28.257535+09:00,2026-09-28T22:09:28.341948+09:00,rail-left-01,rail-right-01,0.6.7-draft,0.6.7-draft,mqtt,mqtt,1243.01,1024.25,6.402,6.171,-0.081,-0.075,0.051,-0.111,10.495,9.603,-0.0636,0.033,0.0417,0.0565,-0.01,-0.0072,25.13,25.25,16268,17835,2.034,2.229,6.101,6.688,731,731,74,74,0,0,0,0,,,,,,,,,,,,,,,,,0.0,0.0,0,0,1414.1,1164.1,0.9124,1.1047,1,1,0
2026-09-28T22:09:28.277764+09:00,241368665,b882622e,2026-09-28T22:09:28.277764+09:00,2026-09-28T22:09:28.362178+09:00,rail-left-01,rail-right-01,0.6.7-draft,0.6.7-draft,mqtt,mqtt,1244.15,1025.24,6.35,6.249,-0.011,0.03,0.12,-0.171,10.543,9.782,-0.0628,0.0326,0.0338,0.0534,-0.0105,-0.0061,25.13,25.24,16138,18009,2.017,2.251,6.052,6.753,732,732,74,74,0,0,0,0,,,,,,,,,,,,,,,,,0.0,0.0,0,0,1415.2,1165.2,0.9124,1.1047,1,1,0
2026-09-28T22:09:28.297584+09:00,241388485,b882622e,2026-09-28T22:09:28.297584+09:00,2026-09-28T22:09:28.381998+09:00,rail-left-01,rail-right-01,0.6.7-draft,0.6.7-draft,mqtt,mqtt,1245.29,1026.18,6.405,6.259,-0.062,0.004,-0.194,-0.081,10.337,9.6,-0.06,0.028,0.0325,0.05,-0.0107,-0.0045,25.14,25.25,16276,18031,2.035,2.254,6.104,6.762,733,733,74,74,0,0,0,0,,,,,,,,,,,,,,,,,0.0,0.0,0,0,1416.2,1166.2,0.9124,1.1047,1,1,0
2026-09-28T22:09:28.317836+09:00,241408737,b882622e,2026-09-28T22:09:28.317836+09:00,2026-09-28T22:09:28.402249+09:00,rail-left-01,rail-right-01,0.6.7-draft,0.6.7-draft,mqtt,mqtt,1246.44,1027.13,6.465,6.263,0.018,0.062,0.083,-0.379,10.43,9.682,-0.0605,0.0297,0.0324,0.052,-0.0081,-0.004,25.12,25.29,16425,18040,2.053,2.255,6.159,6.765,734,734,74,74,0,0,0,0,,,,,,,,,,,,,,,,,0.0,0.0,0,0,1417.3,1167.3,0.9124,1.1047,1,1,0
2026-09-28T22:09:28.337737+09:00,241428638,b882622e,2026-09-28T22:09:28.337737+09:00,2026-09-28T22:09:28.422151+09:00,rail-left-01,rail-right-01,0.6.7-draft,0.6.7-draft,mqtt,mqtt,1247.58,1028.07,6.487,6.269,-0.04,-0.042,0.092,-0.244,10.586,9.707,-0.061,0.0324,0.0366,0.0546,-0.0099,-0.0112,25.15,25.26,16478,18053,2.06,2.257,6.179,6.77,735,735,74,74,0,0,0,0,,,,,,,,,,,,,,,,,0.0,0.0,0,0,1418.3,1168.3,0.9124,1.1047,1,1,0
2026-09-28T22:09:28.357690+09:00,241448591,b882622e,2026-09-28T22:09:28.357690+09:00,2026-09-28T22:09:28.442104+09:00,rail-left-01,rail-right-01,0.6.7-draft,0.6.7-draft,mqtt,mqtt,1248.72,1029.02,6.501,6.273,0.075,0.066,-0.153,-0.187,10.502,9.889,-0.0633,0.032,0.0356,0.0581,-0.0112,-0.0115,25.14,25.23,16515,18061,2.064,2.258,6.193,6.773,736,736,74,74,0,0,0,0,,,,,,,,,,,,,,,,,0.0,0.0,0,0,1419.3,1169.3,0.9124,1.1047,1,1,0
2026-09-28T22:09:28.377609+09:00,241468510,b882622e,2026-09-28T22:09:28.377609+09:00,2026-09-28T22:09:28.462022+09:00,rail-left-01,rail-right-01,0.6.7-draft,0.6.7-draft,mqtt,mqtt,1249.87,1029.96,6.499,6.27,0.026,-0.083,0.236,-0.284,10.483,9.573,-0.0621,0.0345,0.0462,0.0574,-0.0081,-0.0047,25.17,25.25,16510,18055,2.064,2.257,6.191,6.771,737,737,74,74,0,0,0,0,,,,,,,,,,,,,,,,,0.0,0.0,0,0,1420.4,1170.4,0.9124,1.1047,1,1,0
2026-09-28T22:09:28.397545+09:00,241488446,b882622e,2026-09-28T22:09:28.397545+09:00,2026-09-28T22:09:28.481959+09:00,rail-left-01,rail-right-01,0.6.7-draft,0.6.7-draft,mqtt,mqtt,1251.01,1030.86,6.48,6.283,0.048,0.159,-0.109,-0.151,10.479,9.481,-0.062,0.0361,0.0396,0.0569,-0.0089,-0.0079,25.13,25.25,16461,18083,2.058,2.26,6.173,6.781,738,738,74,74,0,0,0,0,,,,,,,,,,,,,,,,,0.0,0.0,0,0,1421.4,1171.4,0.9124,1.1047,1,1,0
2026-09-28T22:09:28.417637+09:00,241508538,b882622e,2026-09-28T22:09:28.417637+09:00,2026-09-28T22:09:28.502051+09:00,rail-left-01,rail-right-01,0.6.7-draft,0.6.7-draft,mqtt,mqtt,1252.15,1031.85,6.465,6.288,-0.032,0.042,-0.006,-0.22,10.3,9.743,-0.0597,0.0322,0.0433,0.0601,-0.0075,-0.01,25.11,25.25,16425,18095,2.053,2.262,6.159,6.786,739,739,74,74,0,0,0,0,,,,,,,,,,,,,,,,,0.0,0.0,0,0,1422.5,1172.5,0.9124,1.1047,1,1,0
2026-09-28T22:09:28.438308+09:00,241529209,b882622e,2026-09-28T22:09:28.438308+09:00,2026-09-28T22:09:28.522722+09:00,rail-left-01,rail-right-01,0.6.7-draft,0.6.7-draft,mqtt,mqtt,1253.35,1032.8,6.425,6.294,0.029,-0.001,0.207,-0.249,10.467,9.962,-0.0577,0.0341,0.041,0.063,-0.0057,-0.0043,25.12,25.24,16325,18108,2.041,2.264,6.122,6.791,740,740,74,74,0,0,0,0,,,,,,,,,,,,,,,,,0.0,0.0,0,0,1423.6,1173.6,0.9124,1.1047,1,1,0
2026-09-28T22:09:28.613549+09:00,241711587,b882622e,2026-09-28T22:09:28.613549+09:00,2026-09-28T22:09:28.696887+09:00,rail-left-01,rail-right-01,0.6.7-draft,0.6.7-draft,mqtt,mqtt,1263.79,1041.4,6.398,6.308,-0.019,0.019,-0.243,-0.443,10.476,9.72,-0.0642,0.0357,0.0406,0.056,-0.0096,-0.0076,25.14,25.22,16258,18139,2.032,2.267,6.097,6.802,741,741,75,75,0,0,0,0,,,,,,,,,,,,,,,,,0.0,0.0,0,0,1433.1,1183.1,0.9124,1.1047,1,1,0
2026-09-28T22:09:28.633586+09:00,241731624,b882622e,2026-09-28T22:09:28.633586+09:00,2026-09-28T22:09:28.716923+09:00,rail-left-01,rail-right-01,0.6.7-draft,0.6.7-draft,mqtt,mqtt,1264.93,1042.34,6.385,6.352,0.097,0.041,-0.113,-0.139,10.379,9.705,-0.0683,0.0348,0.0412,0.0586,-0.0051,-0.0055,25.13,25.26,16226,18237,2.028,2.28,6.085,6.839,742,742,75,75,0,0,0,0,,,,,,,,,,,,,,,,,0.0,0.0,0,0,1434.1,1184.1,0.9124,1.1047,1,1,0
2026-09-28T22:09:28.653702+09:00,241751740,b882622e,2026-09-28T22:09:28.653702+09:00,2026-09-28T22:09:28.737040+09:00,rail-left-01,rail-right-01,0.6.7-draft,0.6.7-draft,mqtt,mqtt,1266.13,1043.34,6.379,6.356,-0.011,0.045,-0.047,-0.168,10.449,9.65,-0.0678,0.0361,0.039,0.056,-0.0077,-0.0057,25.13,25.28,16211,18245,2.026,2.281,6.079,6.842,743,743,75,75,0,0,0,0,,,,,,,,,,,,,,,,,0.0,0.0,0,0,1435.2,1185.2,0.9124,1.1047,1,1,0
2026-09-28T22:09:28.673656+09:00,241771694,b882622e,2026-09-28T22:09:28.673656+09:00,2026-09-28T22:09:28.756994+09:00,rail-left-01,rail-right-01,0.6.7-draft,0.6.7-draft,mqtt,mqtt,1267.27,1044.23,6.381,6.352,0.022,0.045,-0.011,-0.352,10.403,9.67,-0.0687,0.0356,0.035,0.0517,-0.0092,-0.0065,25.13,25.24,16216,18236,2.027,2.28,6.081,6.839,744,744,75,75,0,0,0,0,,,,,,,,,,,,,,,,,0.0,0.0,0,0,1436.3,1186.3,0.9124,1.1047,1,1,0
2026-09-28T22:09:28.693909+09:00,241791947,b882622e,2026-09-28T22:09:28.693909+09:00,2026-09-28T22:09:28.777246+09:00,rail-left-01,rail-right-01,0.6.7-draft,0.6.7-draft,mqtt,mqtt,1268.46,1045.23,6.373,6.325,0.066,0.007,-0.01,-0.187,10.606,9.759,-0.0686,0.0378,0.037,0.0552,-0.0056,-0.0048,25.1,25.27,16195,18176,2.024,2.272,6.073,6.816,745,745,75,75,0,0,0,0,,,,,,,,,,,,,,,,,0.0,0.0,0,0,1437.3,1187.3,0.9124,1.1047,1,1,0
2026-09-28T22:09:28.713911+09:00,241811949,b882622e,2026-09-28T22:09:28.713911+09:00,2026-09-28T22:09:28.797249+09:00,rail-left-01,rail-right-01,0.6.7-draft,0.6.7-draft,mqtt,mqtt,1269.61,1046.17,6.37,6.311,0.007,0.045,-0.072,-0.198,10.561,9.697,-0.0666,0.0357,0.0376,0.0541,-0.0056,-0.0036,25.12,25.27,16187,18145,2.023,2.268,6.07,6.804,746,746,75,75,0,0,0,0,,,,,,,,,,,,,,,,,0.0,0.0,0,0,1438.4,1188.4,0.9124,1.1047,1,1,0
2026-09-28T22:09:28.733675+09:00,241831713,b882622e,2026-09-28T22:09:28.733675+09:00,2026-09-28T22:09:28.817012+09:00,rail-left-01,rail-right-01,0.6.7-draft,0.6.7-draft,mqtt,mqtt,1270.75,1047.07,6.367,6.304,-0.02,0.01,0.051,-0.208,10.678,9.895,-0.0725,0.0344,0.0336,0.0528,-0.0075,-0.0057,25.13,25.26,16180,18131,2.023,2.266,6.068,6.799,747,747,75,75,0,0,0,0,,,,,,,,,,,,,,,,,0.0,0.0,0,0,1439.4,1189.4,0.9124,1.1047,1,1,0
2026-09-28T22:09:28.753672+09:00,241851710,b882622e,2026-09-28T22:09:28.753672+09:00,2026-09-28T22:09:28.837009+09:00,rail-left-01,rail-right-01,0.6.7-draft,0.6.7-draft,mqtt,mqtt,1271.89,1048.01,6.38,6.289,0.077,0.063,0.075,-0.156,10.517,9.856,-0.0735,0.032,0.0362,0.0533,-0.0055,-0.0061,25.13,25.29,16213,18097,2.027,2.262,6.08,6.786,748,748,75,75,0,0,0,0,,,,,,,,,,,,,,,,,0.0,0.0,0,0,1440.5,1190.5,0.9124,1.1047,1,1,0
2026-09-28T22:09:28.773639+09:00,241871677,b882622e,2026-09-28T22:09:28.773639+09:00,2026-09-28T22:09:28.856976+09:00,rail-left-01,rail-right-01,0.6.7-draft,0.6.7-draft,mqtt,mqtt,1273.04,1048.96,6.414,6.303,0.051,0.068,-0.119,-0.363,10.506,9.601,-0.0733,0.0317,0.04,0.056,-0.0061,-0.0071,25.12,25.28,16297,18129,2.037,2.266,6.111,6.798,749,749,75,75,0,0,0,0,,,,,,,,,,,,,,,,,0.0,0.0,0,0,1441.5,1191.5,0.9124,1.1047,1,1,0
2026-09-28T22:09:28.793715+09:00,241891753,b882622e,2026-09-28T22:09:28.793715+09:00,2026-09-28T22:09:28.877052+09:00,rail-left-01,rail-right-01,0.6.7-draft,0.6.7-draft,mqtt,mqtt,1274.23,1049.9,6.417,6.308,0.03,0.054,-0.016,-0.174,10.258,9.762,-0.0652,0.0342,0.037,0.0504,-0.0057,-0.0004,25.1,25.29,16304,18140,2.038,2.268,6.114,6.803,750,750,75,75,0,0,0,0,,,,,,,,,,,,,,,,,0.0,0.0,0,0,1442.6,1192.6,0.9124,1.1047,1,1,0
2026-09-28T22:09:28.933208+09:00,242067425,b882622e,2026-09-28T22:09:28.933208+09:00,2026-09-28T22:09:28.971532+09:00,rail-left-01,rail-right-01,0.6.7-draft,0.6.7-draft,mqtt,mqtt,1284.37,1058.2,6.418,6.311,0.135,0.109,-0.135,-0.233,10.613,9.638,-0.0689,0.0273,0.0325,0.0477,-0.0055,-0.0107,25.13,25.26,16306,18145,2.038,2.268,6.115,6.804,751,751,76,76,0,0,0,0,,,,,,,,,,,,,,,,,0.0,0.0,0,0,1451.9,1201.9,0.9124,1.1047,1,1,0
2026-09-28T22:09:28.953329+09:00,242087546,b882622e,2026-09-28T22:09:28.953329+09:00,2026-09-28T22:09:28.991653+09:00,rail-left-01,rail-right-01,0.6.7-draft,0.6.7-draft,mqtt,mqtt,1285.52,1059.15,6.458,6.269,0.007,0.061,-0.124,-0.261,10.283,9.673,-0.0665,0.0276,0.0357,0.0469,-0.004,-0.0031,25.12,25.26,16408,18052,2.051,2.257,6.153,6.769,752,752,76,76,0,0,0,0,,,,,,,,,,,,,,,,,0.0,0.0,0,0,1452.9,1202.9,0.9124,1.1047,1,1,0
2026-09-28T22:09:28.973256+09:00,242107474,b882622e,2026-09-28T22:09:28.973256+09:00,2026-09-28T22:09:29.011581+09:00,rail-left-01,rail-right-01,0.6.7-draft,0.6.7-draft,mqtt,mqtt,1286.66,1060.09,6.471,6.229,-0.06,0.061,0.17,-0.303,10.471,9.568,-0.0679,0.0262,0.0282,0.0424,-0.0052,-0.0029,25.12,25.27,16439,17963,2.055,2.245,6.165,6.736,753,753,76,76,0,0,0,0,,,,,,,,,,,,,,,,,0.0,0.0,0,0,1453.9,1203.9,0.9124,1.1047,1,1,0
2026-09-28T22:09:28.993260+09:00,242127477,b882622e,2026-09-28T22:09:28.993260+09:00,2026-09-28T22:09:29.031584+09:00,rail-left-01,rail-right-01,0.6.7-draft,0.6.7-draft,mqtt,mqtt,1287.8,1061.04,6.485,6.155,-0.048,-0.01,0.024,-0.279,10.363,9.657,-0.0652,0.0292,0.0313,0.042,-0.0048,-0.0064,25.14,25.28,16474,17799,2.059,2.225,6.178,6.675,754,754,76,76,0,0,0,0,,,,,,,,,,,,,,,,,0.0,0.0,0,0,1455.0,1205.0,0.9124,1.1047,1,1,0
2026-09-28T22:09:29.013497+09:00,242147714,b882622e,2026-09-28T22:09:29.013497+09:00,2026-09-28T22:09:29.051821+09:00,rail-left-01,rail-right-01,0.6.7-draft,0.6.7-draft,mqtt,mqtt,1288.95,1061.98,6.458,6.127,0.059,0.121,0.291,-0.17,10.61,9.667,-0.0645,0.0272,0.0452,0.0556,-0.008,-0.006,25.13,25.25,16408,17737,2.051,2.217,6.153,6.651,755,755,76,76,0,0,0,0,,,,,,,,,,,,,,,,,0.0,0.0,0,0,1456.0,1206.0,0.9124,1.1047,1,1,0
2026-09-28T22:09:29.033462+09:00,242167679,b882622e,2026-09-28T22:09:29.033462+09:00,2026-09-28T22:09:29.071786+09:00,rail-left-01,rail-right-01,0.6.7-draft,0.6.7-draft,mqtt,mqtt,1290.09,1062.93,6.465,6.151,-0.087,-0.025,-0.19,-0.266,10.458,9.732,-0.0644,0.0254,0.0402,0.0545,-0.0093,-0.0085,25.16,25.26,16424,17790,2.053,2.224,6.159,6.671,756,756,76,76,0,0,0,0,,,,,,,,,,,,,,,,,0.0,0.0,0,0,1457.1,1207.1,0.9124,1.1047,1,1,0
2026-09-28T22:09:29.053377+09:00,242187594,b882622e,2026-09-28T22:09:29.053377+09:00,2026-09-28T22:09:29.091701+09:00,rail-left-01,rail-right-01,0.6.7-draft,0.6.7-draft,mqtt,mqtt,1291.23,1063.87,6.453,6.159,-0.107,-0.16,0.308,-0.426,10.569,9.99,-0.0649,0.0306,0.0376,0.0669,-0.008,-0.0031,25.14,25.28,16394,17809,2.049,2.226,6.148,6.678,757,757,76,76,0,0,0,0,,,,,,,,,,,,,,,,,0.0,0.0,0,0,1458.1,1208.1,0.9124,1.1047,1,1,0
2026-09-28T22:09:29.073313+09:00,242207530,b882622e,2026-09-28T22:09:29.073313+09:00,2026-09-28T22:09:29.111637+09:00,rail-left-01,rail-right-01,0.6.7-draft,0.6.7-draft,mqtt,mqtt,1292.33,1064.82,6.448,6.164,0.139,0.168,-0.115,-0.025,10.576,9.789,-0.0662,0.0312,0.0336,0.0594,-0.0075,-0.0057,25.12,25.25,16381,17820,2.048,2.228,6.143,6.683,758,758,76,76,0,0,0,0,,,,,,,,,,,,,,,,,0.0,0.0,0,0,1459.1,1209.1,0.9124,1.1047,1,1,0
2026-09-28T22:09:29.093321+09:00,242227539,b882622e,2026-09-28T22:09:29.093321+09:00,2026-09-28T22:09:29.131646+09:00,rail-left-01,rail-right-01,0.6.7-draft,0.6.7-draft,mqtt,mqtt,1293.47,1065.76,6.436,6.164,0.004,0.035,0.018,-0.248,10.439,9.888,-0.0659,0.0338,0.0392,0.0578,-0.0056,-0.0053,25.13,25.25,16352,17819,2.044,2.227,6.132,6.682,759,759,76,76,0,0,0,0,,,,,,,,,,,,,,,,,0.0,0.0,0,0,1460.2,1210.2,0.9124,1.1047,1,1,0
2026-09-28T22:09:29.113372+09:00,242247590,b882622e,2026-09-28T22:09:29.113372+09:00,2026-09-28T22:09:29.151697+09:00,rail-left-01,rail-right-01,0.6.7-draft,0.6.7-draft,mqtt,mqtt,1294.61,1066.71,6.426,6.163,0.011,-0.004,-0.08,-0.351,10.391,9.722,-0.0665,0.0297,0.0373,0.0556,-0.0093,-0.0045,25.17,25.27,16328,17817,2.041,2.227,6.123,6.681,760,760,76,76,0,0,0,0,,,,,,,,,,,,,,,,,0.0,0.0,0,0,1461.2,1211.2,0.9124,1.1047,1,1,0
2026-09-28T22:09:29.252652+09:00,242339457,b882622e,2026-09-28T22:09:29.252652+09:00,2026-09-28T22:09:29.343257+09:00,rail-left-01,rail-right-01,0.6.7-draft,0.6.7-draft,mqtt,mqtt,1299.83,1071.03,6.425,6.159,-0.156,-0.065,0.045,-0.346,10.552,9.703,-0.065,0.0302,0.0373,0.0514,-0.0101,-0.0089,25.12,25.25,16324,17809,2.041,2.226,6.122,6.678,761,761,77,77,0,0,0,0,,,,,,,,,,,,,,,,,0.0,0.0,0,0,1466.0,1216.0,0.9124,1.1047,1,1,0
2026-09-28T22:09:29.272795+09:00,242359601,b882622e,2026-09-28T22:09:29.272795+09:00,2026-09-28T22:09:29.363401+09:00,rail-left-01,rail-right-01,0.6.7-draft,0.6.7-draft,mqtt,mqtt,1300.98,1072.03,6.379,6.18,0.18,0.154,-0.044,-0.382,10.312,9.796,-0.0662,0.0293,0.0372,0.0582,-0.0091,-0.0068,25.13,25.26,16209,17855,2.026,2.232,6.078,6.696,762,762,77,77,0,0,0,0,,,,,,,,,,,,,,,,,0.0,0.0,0,0,1467.0,1217.0,0.9124,1.1047,1,1,0
2026-09-28T22:09:29.292673+09:00,242379479,b882622e,2026-09-28T22:09:29.292673+09:00,2026-09-28T22:09:29.383279+09:00,rail-left-01,rail-right-01,0.6.7-draft,0.6.7-draft,mqtt,mqtt,1302.12,1072.92,6.357,6.174,0.007,0.022,0.171,-0.243,10.121,9.754,-0.0682,0.0329,0.038,0.054,-0.0084,-0.0053,25.11,25.27,16156,17841,2.02,2.23,6.059,6.69,763,763,77,77,0,0,0,0,,,,,,,,,,,,,,,,,0.0,0.0,0,0,1468.1,1218.1,0.9124,1.1047,1,1,0
2026-09-28T22:09:29.312818+09:00,242399624,b882622e,2026-09-28T22:09:29.312818+09:00,2026-09-28T22:09:29.403424+09:00,rail-left-01,rail-right-01,0.6.7-draft,0.6.7-draft,mqtt,mqtt,1303.26,1073.91,6.368,6.18,0.086,0.02,0.004,-0.357,10.147,9.584,-0.0652,0.0298,0.043,0.0598,-0.0143,-0.0076,25.13,25.26,16183,17856,2.023,2.232,6.069,6.696,764,764,77,77,0,0,0,0,,,,,,,,,,,,,,,,,0.0,0.0,0,0,1469.1,1219.1,0.9124,1.1047,1,1,0
2026-09-28T22:09:29.332871+09:00,242419677,b882622e,2026-09-28T22:09:29.332871+09:00,2026-09-28T22:09:29.423477+09:00,rail-left-01,rail-right-01,0.6.7-draft,0.6.7-draft,mqtt,mqtt,1304.41,1074.86,6.342,6.183,0.029,0.044,-0.101,-0.415,10.396,9.568,-0.0727,0.03,0.0412,0.0576,-0.0111,-0.0113,25.14,25.27,16118,17861,2.015,2.233,6.044,6.698,765,765,77,77,0,0,0,0,,,,,,,,,,,,,,,,,0.0,0.0,0,0,1470.1,1220.1,0.9124,1.1047,1,1,0
2026-09-28T22:09:29.353193+09:00,242439999,b882622e,2026-09-28T22:09:29.353193+09:00,2026-09-28T22:09:29.443799+09:00,rail-left-01,rail-right-01,0.6.7-draft,0.6.7-draft,mqtt,mqtt,1305.55,1075.8,6.309,6.186,0.132,0.115,-0.018,-0.239,10.234,9.626,-0.0737,0.0321,0.0477,0.064,-0.0089,-0.008,25.13,25.27,16035,17869,2.004,2.234,6.013,6.701,766,766,77,77,0,0,0,0,,,,,,,,,,,,,,,,,0.0,0.0,0,0,1471.2,1221.2,0.9124,1.1047,1,1,0
2026-09-28T22:09:29.372815+09:00,242459621,b882622e,2026-09-28T22:09:29.372815+09:00,2026-09-28T22:09:29.463421+09:00,rail-left-01,rail-right-01,0.6.7-draft,0.6.7-draft,mqtt,mqtt,1306.65,1076.75,6.28,6.187,0.001,0.061,-0.136,0.099,9.904,9.505,-0.0565,0.0317,0.0253,0.0414,-0.0061,-0.0071,25.14,25.25,15964,17870,1.996,2.234,5.987,6.701,767,767,77,77,0,0,0,0,,,,,,,,,,,,,,,,,0.0,0.0,0,0,1472.2,1222.2,0.9124,1.1047,1,1,0
2026-09-28T22:09:29.392782+09:00,242479587,b882622e,2026-09-28T22:09:29.392782+09:00,2026-09-28T22:09:29.483387+09:00,rail-left-01,rail-right-01,0.6.7-draft,0.6.7-draft,mqtt,mqtt,1307.79,1077.69,6.378,6.184,0.238,0.16,0.183,-0.255,10.168,9.651,-0.0589,0.032,0.0301,0.0477,-0.0084,-0.0041,25.12,25.26,16208,17865,2.026,2.233,6.078,6.699,768,768,77,77,0,0,0,0,,,,,,,,,,,,,,,,,0.0,0.0,0,0,1473.2,1223.2,0.9124,1.1047,1,1,0
2026-09-28T22:09:29.412754+09:00,242499560,b882622e,2026-09-28T22:09:29.412754+09:00,2026-09-28T22:09:29.503360+09:00,rail-left-01,rail-right-01,0.6.7-draft,0.6.7-draft,mqtt,mqtt,1308.93,1078.64,6.443,6.187,0.006,-0.059,0.107,-0.51,10.312,9.668,-0.0626,0.0344,0.0313,0.0498,-0.0108,-0.0088,25.12,25.25,16369,17871,2.046,2.234,6.138,6.702,769,769,77,77,0,0,0,0,,,,,,,,,,,,,,,,,0.0,0.0,0,0,1474.3,1224.3,0.9124,1.1047,1,1,0
2026-09-28T22:09:29.433652+09:00,242520458,b882622e,2026-09-28T22:09:29.433652+09:00,2026-09-28T22:09:29.524258+09:00,rail-left-01,rail-right-01,0.6.7-draft,0.6.7-draft,mqtt,mqtt,1310.08,1079.58,6.473,6.188,-0.069,-0.041,0.025,-0.309,10.41,9.64,-0.0661,0.0288,0.0426,0.0528,-0.0063,-0.0076,25.12,25.26,16443,17873,2.055,2.234,6.166,6.702,770,770,77,77,0,0,0,0,,,,,,,,,,,,,,,,,0.0,0.0,0,0,1475.3,1225.3,0.9124,1.1047,1,1,0
2026-09-28T22:09:29.576788+09:00,242715448,b882622e,2026-09-28T22:09:29.576788+09:00,2026-09-28T22:09:29.617265+09:00,rail-left-01,rail-right-01,0.6.7-draft,0.6.7-draft,mqtt,mqtt,1321.11,1088.78,6.471,6.19,-0.074,-0.04,0.011,0.072,10.426,9.905,-0.0628,0.0282,0.042,0.0589,-0.0013,-0.0053,25.12,25.29,16439,17877,2.055,2.235,6.165,6.704,771,771,78,78,0,0,0,0,,,,,,,,,,,,,,,,,0.0,0.0,0,0,1485.4,1235.4,0.9124,1.1047,1,1,0
2026-09-28T22:09:29.596932+09:00,242735592,b882622e,2026-09-28T22:09:29.596932+09:00,2026-09-28T22:09:29.637409+09:00,rail-left-01,rail-right-01,0.6.7-draft,0.6.7-draft,mqtt,mqtt,1322.26,1089.72,6.412,6.302,0.111,0.103,0.17,-0.368,10.476,9.673,-0.0638,0.032,0.0429,0.0581,-0.0029,-0.0095,25.11,25.27,16293,18125,2.037,2.266,6.11,6.797,772,772,78,78,0,0,0,0,,,,,,,,,,,,,,,,,0.0,0.0,0,0,1486.4,1236.4,0.9124,1.1047,1,1,0
2026-09-28T22:09:29.616951+09:00,242755611,b882622e,2026-09-28T22:09:29.616951+09:00,2026-09-28T22:09:29.657428+09:00,rail-left-01,rail-right-01,0.6.7-draft,0.6.7-draft,mqtt,mqtt,1323.4,1090.67,6.416,6.324,-0.081,0.029,-0.037,-0.235,10.374,9.85,-0.0645,0.0296,0.0349,0.0562,-0.0049,-0.0085,25.14,25.26,16303,18174,2.038,2.272,6.114,6.815,773,773,78,78,0,0,0,0,,,,,,,,,,,,,,,,,0.0,0.0,0,0,1487.5,1237.5,0.9124,1.1047,1,1,0
2026-09-28T22:09:29.636825+09:00,242775485,b882622e,2026-09-28T22:09:29.636825+09:00,2026-09-28T22:09:29.677302+09:00,rail-left-01,rail-right-01,0.6.7-draft,0.6.7-draft,mqtt,mqtt,1324.49,1091.61,6.431,6.343,-0.005,0.103,0.271,-0.073,10.719,9.537,-0.0626,0.0349,0.0317,0.0557,-0.0044,-0.0035,25.12,25.25,16339,18218,2.042,2.277,6.127,6.832,774,774,78,78,0,0,0,0,,,,,,,,,,,,,,,,,0.0,0.0,0,0,1488.5,1238.5,0.9124,1.1047,1,1,0
2026-09-28T22:09:29.657243+09:00,242795903,b882622e,2026-09-28T22:09:29.657243+09:00,2026-09-28T22:09:29.697720+09:00,rail-left-01,rail-right-01,0.6.7-draft,0.6.7-draft,mqtt,mqtt,1325.64,1092.56,6.489,6.357,-0.136,-0.124,0.006,-0.263,10.556,9.768,-0.058,0.0304,0.0248,0.0541,-0.0096,-0.01,25.14,25.26,16485,18248,2.061,2.281,6.182,6.843,775,775,78,78,0,0,0,0,,,,,,,,,,,,,,,,,0.0,0.0,0,0,1489.5,1239.5,0.9124,1.1047,1,1,0
2026-09-28T22:09:29.677264+09:00,242815924,b882622e,2026-09-28T22:09:29.677264+09:00,2026-09-28T22:09:29.717741+09:00,rail-left-01,rail-right-01,0.6.7-draft,0.6.7-draft,mqtt,mqtt,1326.78,1093.5,6.547,6.347,0.186,0.181,-0.04,-0.17,10.477,10.013,-0.0618,0.0301,0.0305,0.0516,-0.0112,-0.0091,25.11,25.25,16629,18226,2.079,2.278,6.236,6.835,776,776,78,78,0,0,0,0,,,,,,,,,,,,,,,,,0.0,0.0,0,0,1490.6,1240.6,0.9124,1.1047,1,1,0
2026-09-28T22:09:29.696996+09:00,242835656,b882622e,2026-09-28T22:09:29.696996+09:00,2026-09-28T22:09:29.737473+09:00,rail-left-01,rail-right-01,0.6.7-draft,0.6.7-draft,mqtt,mqtt,1327.93,1094.45,6.571,6.36,-0.037,-0.047,0.151,-0.259,10.457,9.658,-0.0606,0.0316,0.0354,0.0608,-0.0104,-0.0077,25.12,25.26,16689,18255,2.086,2.282,6.258,6.846,777,777,78,78,0,0,0,0,,,,,,,,,,,,,,,,,0.0,0.0,0,0,1491.6,1241.6,0.9124,1.1047,1,1,0
2026-09-28T22:09:29.716909+09:00,242855569,b882622e,2026-09-28T22:09:29.716909+09:00,2026-09-28T22:09:29.757386+09:00,rail-left-01,rail-right-01,0.6.7-draft,0.6.7-draft,mqtt,mqtt,1329.02,1095.39,6.573,6.377,0.007,0.09,-0.032,-0.408,10.494,9.623,-0.0616,0.0309,0.0374,0.057,-0.01,-0.0056,25.13,25.26,16693,18293,2.087,2.287,6.26,6.86,778,778,78,78,0,0,0,0,,,,,,,,,,,,,,,,,0.0,0.0,0,0,1492.6,1242.6,0.9124,1.1047,1,1,0
2026-09-28T22:09:29.736866+09:00,242875526,b882622e,2026-09-28T22:09:29.736866+09:00,2026-09-28T22:09:29.777343+09:00,rail-left-01,rail-right-01,0.6.7-draft,0.6.7-draft,mqtt,mqtt,1330.16,1096.34,6.571,6.384,-0.028,-0.008,0.084,-0.279,10.502,9.651,-0.0622,0.0348,0.0406,0.057,-0.0087,-0.0081,25.16,25.28,16687,18308,2.086,2.289,6.258,6.866,779,779,78,78,0,0,0,0,,,,,,,,,,,,,,,,,0.0,0.0,0,0,1493.6,1243.6,0.9124,1.1047,1,1,0
2026-09-28T22:09:29.757082+09:00,242895742,b882622e,2026-09-28T22:09:29.757082+09:00,2026-09-28T22:09:29.797559+09:00,rail-left-01,rail-right-01,0.6.7-draft,0.6.7-draft,mqtt,mqtt,1331.31,1097.28,6.587,6.397,-0.042,0.011,0.059,-0.297,10.475,9.662,-0.06,0.03,0.0397,0.0568,-0.0121,-0.0069,25.14,25.25,16728,18337,2.091,2.292,6.273,6.876,780,780,78,78,0,0,0,0,,,,,,,,,,,,,,,,,0.0,0.0,0,0,1494.7,1244.7,0.9124,1.1047,1,1,0
2026-09-28T22:09:29.845043+09:00,242985462,b882622e,2026-09-28T22:09:29.845043+09:00,2026-09-28T22:09:29.881708+09:00,rail-left-01,rail-right-01,0.6.7-draft,0.6.7-draft,mqtt,mqtt,1336.38,1101.51,6.588,6.404,-0.026,0.037,-0.031,-0.093,10.482,9.65,-0.0671,0.035,0.0434,0.0581,-0.0097,-0.0069,25.14,25.24,16731,18353,2.091,2.294,6.274,6.882,781,781,79,79,0,0,0,0,,,,,,,,,,,,,,,,,0.0,0.0,0,0,1499.3,1249.3,0.9124,1.1047,1,1,0
2026-09-28T22:09:29.865203+09:00,243005622,b882622e,2026-09-28T22:09:29.865203+09:00,2026-09-28T22:09:29.901867+09:00,rail-left-01,rail-right-01,0.6.7-draft,0.6.7-draft,mqtt,mqtt,1337.52,1102.45,6.547,6.475,-0.016,0.05,0.169,-0.217,10.543,9.705,-0.0622,0.0332,0.0422,0.0521,-0.0095,-0.0044,25.14,25.25,16628,18509,2.079,2.314,6.236,6.941,782,782,79,79,0,0,0,0,,,,,,,,,,,,,,,,,0.0,0.0,0,0,1500.4,1250.4,0.9124,1.1047,1,1,0
2026-09-28T22:09:29.885155+09:00,243025574,b882622e,2026-09-28T22:09:29.885155+09:00,2026-09-28T22:09:29.921819+09:00,rail-left-01,rail-right-01,0.6.7-draft,0.6.7-draft,mqtt,mqtt,1338.66,1103.4,6.551,6.482,0.006,0.043,-0.006,-0.457,10.446,9.882,-0.0634,0.0314,0.039,0.0537,-0.0113,-0.0081,25.13,25.24,16638,18525,2.08,2.316,6.239,6.947,783,783,79,79,0,0,0,0,,,,,,,,,,,,,,,,,0.0,0.0,0,0,1501.4,1251.4,0.9124,1.1047,1,1,0
2026-09-28T22:09:29.905295+09:00,243045714,b882622e,2026-09-28T22:09:29.905295+09:00,2026-09-28T22:09:29.941959+09:00,rail-left-01,rail-right-01,0.6.7-draft,0.6.7-draft,mqtt,mqtt,1339.76,1104.34,6.555,6.498,-0.077,0.043,-0.078,-0.291,10.463,9.693,-0.0626,0.0337,0.0412,0.0588,-0.0109,-0.0101,25.13,25.24,16648,18562,2.081,2.32,6.243,6.961,784,784,79,79,0,0,0,0,,,,,,,,,,,,,,,,,0.0,0.0,0,0,1502.4,1252.4,0.9124,1.1047,1,1,0
2026-09-28T22:09:29.925382+09:00,243065801,b882622e,2026-09-28T22:09:29.925382+09:00,2026-09-28T22:09:29.962046+09:00,rail-left-01,rail-right-01,0.6.7-draft,0.6.7-draft,mqtt,mqtt,1340.9,1105.29,6.545,6.512,0.002,0.101,0.062,-0.205,10.415,9.604,-0.0637,0.0326,0.0394,0.0604,-0.0069,-0.0036,25.11,25.26,16623,18592,2.078,2.324,6.234,6.972,785,785,79,79,0,0,0,0,,,,,,,,,,,,,,,,,0.0,0.0,0,0,1503.4,1253.4,0.9124,1.1047,1,1,0
2026-09-28T22:09:29.945589+09:00,243086008,b882622e,2026-09-28T22:09:29.945589+09:00,2026-09-28T22:09:29.982254+09:00,rail-left-01,rail-right-01,0.6.7-draft,0.6.7-draft,mqtt,mqtt,1342.05,1106.23,6.532,6.514,0.087,0.096,0.072,-0.266,10.26,9.823,-0.0691,0.034,0.0376,0.0556,-0.0089,-0.0056,25.13,25.26,16591,18597,2.074,2.325,6.222,6.974,786,786,79,79,0,0,0,0,,,,,,,,,,,,,,,,,0.0,0.0,0,0,1504.5,1254.5,0.9124,1.1047,1,1,0
2026-09-28T22:09:29.965153+09:00,243105572,b882622e,2026-09-28T22:09:29.965153+09:00,2026-09-28T22:09:30.001817+09:00,rail-left-01,rail-right-01,0.6.7-draft,0.6.7-draft,mqtt,mqtt,1343.19,1107.13,6.54,6.527,-0.011,0.037,0.044,0.047,10.454,9.554,-0.0667,0.0318,0.0417,0.0586,-0.0108,-0.0089,25.14,25.24,16610,18626,2.076,2.328,6.229,6.985,787,787,79,79,0,0,0,0,,,,,,,,,,,,,,,,,0.0,0.0,0,0,1505.5,1255.5,0.9124,1.1047,1,1,0
2026-09-28T22:09:29.985097+09:00,243125516,b882622e,2026-09-28T22:09:29.985097+09:00,2026-09-28T22:09:30.021761+09:00,rail-left-01,rail-right-01,0.6.7-draft,0.6.7-draft,mqtt,mqtt,1344.28,1108.07,6.54,6.543,-0.183,-0.01,0.126,-0.286,10.534,9.579,-0.0694,0.0352,0.0394,0.0556,-0.0096,-0.0007,25.11,25.25,16612,18661,2.077,2.333,6.23,6.998,788,788,79,79,0,0,0,0,,,,,,,,,,,,,,,,,0.0,0.0,0,0,1506.5,1256.5,0.9124,1.1047,1,1,0
2026-09-28T22:09:30.005146+09:00,243145565,b882622e,2026-09-28T22:09:30.005146+09:00,2026-09-28T22:09:30.041810+09:00,rail-left-01,rail-right-01,0.6.7-draft,0.6.7-draft,mqtt,mqtt,1345.43,1109.02,6.565,6.549,0.134,0.109,-0.127,-0.504,10.348,9.758,-0.0725,0.0356,0.0365,0.0561,-0.0099,-0.0037,25.12,25.25,16673,18674,2.084,2.334,6.252,7.003,789,789,79,79,0,0,0,0,,,,,,,,,,,,,,,,,0.0,0.0,0,0,1507.6,1257.6,0.9124,1.1047,1,1,0
2026-09-28T22:09:30.025111+09:00,243165530,b882622e,2026-09-28T22:09:30.025111+09:00,2026-09-28T22:09:30.061775+09:00,rail-left-01,rail-right-01,0.6.7-draft,0.6.7-draft,mqtt,mqtt,1346.57,1109.96,6.598,6.554,-0.075,-0.059,0.001,0.019,10.414,9.744,-0.0709,0.0344,0.0416,0.0577,-0.0072,-0.004,25.13,25.26,16756,18686,2.095,2.336,6.284,7.007,790,790,79,79,0,0,0,0,,,,,,,,,,,,,,,,,0.0,0.0,0,0,1508.6,1258.6,0.9124,1.1047,1,1,0
2026-09-28T22:09:30.152171+09:00,243251412,b882622e,2026-09-28T22:09:30.152171+09:00,2026-09-28T22:09:30.236399+09:00,rail-left-01,rail-right-01,0.6.7-draft,0.6.7-draft,mqtt,mqtt,1351.44,1114.04,6.601,6.555,0.032,0.057,-0.072,-0.217,10.347,9.858,-0.0685,0.0336,0.0321,0.0556,-0.0083,-0.0035,25.12,25.24,16764,18687,2.095,2.336,6.286,7.008,791,791,80,80,0,0,0,0,,,,,,,,,,,,,,,,,0.0,0.0,0,0,1513.1,1263.1,0.9124,1.1047,1,1,0
2026-09-28T22:09:30.172445+09:00,243271686,b882622e,2026-09-28T22:09:30.172445+09:00,2026-09-28T22:09:30.256673+09:00,rail-left-01,rail-right-01,0.6.7-draft,0.6.7-draft,mqtt,mqtt,1352.59,1114.98,6.546,6.556,0.138,0.14,0.014,-0.289,10.338,9.748,-0.067,0.0326,0.0405,0.0592,-0.0101,-0.0091,25.14,25.27,16626,18689,2.078,2.336,6.235,7.008,792,792,80,80,0,0,0,0,,,,,,,,,,,,,,,,,0.0,0.0,0,0,1514.1,1264.1,0.9124,1.1047,1,1,0
2026-09-28T22:09:30.192281+09:00,243291523,b882622e,2026-09-28T22:09:30.192281+09:00,2026-09-28T22:09:30.276510+09:00,rail-left-01,rail-right-01,0.6.7-draft,0.6.7-draft,mqtt,mqtt,1353.68,1115.93,6.515,6.545,-0.108,-0.107,0.128,-0.235,10.688,9.764,-0.0662,0.0336,0.0377,0.0528,-0.004,0.0013,25.12,25.25,16549,18666,2.069,2.333,6.206,7.0,793,793,80,80,0,0,0,0,,,,,,,,,,,,,,,,,0.0,0.0,0,0,1515.1,1265.1,0.9124,1.1047,1,1,0
2026-09-28T22:09:30.212252+09:00,243311493,b882622e,2026-09-28T22:09:30.212252+09:00,2026-09-28T22:09:30.296480+09:00,rail-left-01,rail-right-01,0.6.7-draft,0.6.7-draft,mqtt,mqtt,1354.82,1116.87,6.501,6.546,0.164,0.142,0.171,-0.441,10.594,9.653,-0.0694,0.0344,0.039,0.0594,-0.0112,-0.0112,25.12,25.22,16515,18668,2.064,2.334,6.193,7.001,794,794,80,80,0,0,0,0,,,,,,,,,,,,,,,,,0.0,0.0,0,0,1516.1,1266.1,0.9124,1.1047,1,1,0
2026-09-28T22:09:30.232494+09:00,243331735,b882622e,2026-09-28T22:09:30.232494+09:00,2026-09-28T22:09:30.316722+09:00,rail-left-01,rail-right-01,0.6.7-draft,0.6.7-draft,mqtt,mqtt,1355.97,1117.82,6.484,6.538,-0.065,-0.163,-0.183,-0.357,10.46,9.692,-0.0658,0.0352,0.0409,0.0561,-0.0083,-0.0065,25.11,25.24,16471,18650,2.059,2.331,6.177,6.994,795,795,80,80,0,0,0,0,,,,,,,,,,,,,,,,,0.0,0.0,0,0,1517.2,1267.2,0.9124,1.1047,1,1,0
2026-09-28T22:09:30.252634+09:00,243351876,b882622e,2026-09-28T22:09:30.252634+09:00,2026-09-28T22:09:30.336863+09:00,rail-left-01,rail-right-01,0.6.7-draft,0.6.7-draft,mqtt,mqtt,1357.11,1118.76,6.457,6.515,-0.011,0.038,0.263,-0.026,10.634,9.712,-0.0673,0.036,0.0389,0.0544,-0.0112,-0.0072,25.12,25.24,16405,18598,2.051,2.325,6.152,6.974,796,796,80,80,0,0,0,0,,,,,,,,,,,,,,,,,0.0,0.0,0,0,1518.2,1268.2,0.9124,1.1047,1,1,0
2026-09-28T22:09:30.272350+09:00,243371592,b882622e,2026-09-28T22:09:30.272350+09:00,2026-09-28T22:09:30.356579+09:00,rail-left-01,rail-right-01,0.6.7-draft,0.6.7-draft,mqtt,mqtt,1358.25,1119.71,6.446,6.494,-0.11,-0.007,0.012,-0.164,10.362,9.831,-0.067,0.0337,0.0362,0.0557,-0.0121,-0.0107,25.13,25.24,16377,18553,2.047,2.319,6.141,6.957,797,797,80,80,0,0,0,0,,,,,,,,,,,,,,,,,0.0,0.0,0,0,1519.3,1269.3,0.9124,1.1047,1,1,0
2026-09-28T22:09:30.292313+09:00,243391554,b882622e,2026-09-28T22:09:30.292313+09:00,2026-09-28T22:09:30.376541+09:00,rail-left-01,rail-right-01,0.6.7-draft,0.6.7-draft,mqtt,mqtt,1359.4,1120.65,6.437,6.479,0.084,0.123,-0.045,-0.306,10.481,9.601,-0.0677,0.0292,0.0404,0.0554,-0.0065,-0.0027,25.14,25.27,16354,18519,2.044,2.315,6.133,6.945,798,798,80,80,0,0,0,0,,,,,,,,,,,,,,,,,0.0,0.0,0,0,1520.3,1270.3,0.9124,1.1047,1,1,0
2026-09-28T22:09:30.312271+09:00,243411512,b882622e,2026-09-28T22:09:30.312271+09:00,2026-09-28T22:09:30.396499+09:00,rail-left-01,rail-right-01,0.6.7-draft,0.6.7-draft,mqtt,mqtt,1360.49,1121.59,6.414,6.484,-0.099,0.013,-0.019,-0.221,10.275,9.711,-0.0671,0.0328,0.0421,0.0528,-0.0091,-0.0005,25.13,25.27,16298,18529,2.037,2.316,6.112,6.948,799,799,80,80,0,0,0,0,,,,,,,,,,,,,,,,,0.0,0.0,0,0,1521.3,1271.3,0.9124,1.1047,1,1,0
2026-09-28T22:09:30.332307+09:00,243431549,b882622e,2026-09-28T22:09:30.332307+09:00,2026-09-28T22:09:30.416536+09:00,rail-left-01,rail-right-01,0.6.7-draft,0.6.7-draft,mqtt,mqtt,1361.63,1122.54,6.38,6.475,0.078,0.073,-0.206,-0.43,10.611,9.741,-0.0585,0.03,0.0361,0.0542,-0.0075,-0.0071,25.13,25.26,16212,18509,2.026,2.314,6.08,6.941,800,800,80,80,0,0,0,0,,,,,,,,,,,,,,,,,0.0,0.0,0,0,1522.4,1272.4,0.9124,1.1047,1,1,0
2026-09-28T22:09:30.508125+09:00,243607396,b882622e,2026-09-28T22:09:30.508125+09:00,2026-09-28T22:09:30.591409+09:00,rail-left-01,rail-right-01,0.6.7-draft,0.6.7-draft,mqtt,mqtt,1371.83,1130.84,6.36,6.46,0.407,0.356,0.154,-0.518,10.189,9.369,0.0228,0.0807,0.0687,0.077,-0.0241,-0.0165,25.11,25.26,16163,18477,2.02,2.31,6.061,6.929,801,801,81,81,0,0,4,4,,,,,,,,,,,,,,,,,0.0,0.0,0,0,1531.7,1281.7,0.9124,1.1047,1,1,0
2026-09-28T22:09:30.528252+09:00,243627523,b882622e,2026-09-28T22:09:30.528252+09:00,2026-09-28T22:09:30.611536+09:00,rail-left-01,rail-right-01,0.6.7-draft,0.6.7-draft,mqtt,mqtt,1373.02,1131.79,4.486,5.627,0.178,-0.034,-0.024,-0.512,11.185,9.589,0.0306,0.0983,0.0484,0.0731,0.0051,0.0027,25.12,25.24,7837,15662,0.98,1.958,2.939,5.873,802,802,81,81,0,0,4,4,,,,,,,,,,,,,,,,,0.0,0.0,0,0,1532.7,1282.7,0.9124,1.1047,1,1,0
2026-09-28T22:09:30.548187+09:00,243647457,b882622e,2026-09-28T22:09:30.548187+09:00,2026-09-28T22:09:30.631470+09:00,rail-left-01,rail-right-01,0.6.7-draft,0.6.7-draft,mqtt,mqtt,1374.21,1132.73,3.702,5.312,-0.22,-0.126,-0.887,-0.755,9.674,9.6,0.0572,0.1292,0.048,0.0831,-0.0027,0.0129,25.12,25.26,4712,14144,0.589,1.768,1.767,5.304,803,803,81,81,0,0,4,4,,,,,,,,,,,,,,,,,0.0,0.0,0,0,1533.8,1283.8,0.9124,1.1047,1,1,0
2026-09-28T22:09:30.568260+09:00,243667531,b882622e,2026-09-28T22:09:30.568260+09:00,2026-09-28T22:09:30.651544+09:00,rail-left-01,rail-right-01,0.6.7-draft,0.6.7-draft,mqtt,mqtt,1375.41,1133.68,1.872,4.836,0.25,0.486,-0.311,-0.882,8.666,8.745,0.1092,0.154,0.0711,0.1234,0.0093,-0.0048,25.11,25.24,465,11853,0.058,1.482,0.174,4.445,804,804,81,81,0,0,4,4,,,,,,,,,,,,,,,,,0.0,0.0,0,0,1534.9,1284.9,0.9124,1.1047,0,1,0
2026-09-28T22:09:30.588460+09:00,243687731,b882622e,2026-09-28T22:09:30.588460+09:00,2026-09-28T22:09:30.671744+09:00,rail-left-01,rail-right-01,0.6.7-draft,0.6.7-draft,mqtt,mqtt,1376.65,1134.67,0.307,4.106,0.122,0.037,-0.834,-1.703,9.957,8.667,0.1567,0.1994,0.0873,0.0874,0.0509,0.03,25.12,25.24,54,8338,0.007,1.042,0.02,3.127,805,805,81,81,0,0,4,4,,,,,,,,,,,,,,,,,0.0,0.0,0,0,1536.1,1286.1,0.9124,1.1047,0,1,0
2026-09-28T22:09:30.608410+09:00,243707681,b882622e,2026-09-28T22:09:30.608410+09:00,2026-09-28T22:09:30.691694+09:00,rail-left-01,rail-right-01,0.6.7-draft,0.6.7-draft,mqtt,mqtt,1377.84,1135.61,0.349,2.324,-0.583,0.259,1.013,-1.656,5.54,8.331,0.2378,0.2875,-0.0574,-0.2585,0.2077,0.1541,25.12,25.24,65,1808,0.008,0.226,0.024,0.678,806,806,81,81,0,0,4,4,,,,,,,,,,,,,,,,,0.0,0.0,0,0,1537.1,1287.1,0.9124,1.1047,0,1,0
2026-09-28T22:09:30.628285+09:00,243727556,b882622e,2026-09-28T22:09:30.628285+09:00,2026-09-28T22:09:30.711569+09:00,rail-left-01,rail-right-01,0.6.7-draft,0.6.7-draft,mqtt,mqtt,1379.04,1136.56,0.258,0.007,-0.989,0.395,-1.76,3.865,8.505,19.273,0.3172,0.4664,-0.3055,-0.0714,0.2513,0.2266,25.15,25.26,41,13,0.005,0.002,0.015,0.005,807,807,81,81,0,0,4,4,,,,,,,,,,,,,,,,,0.0,0.0,0,0,1538.2,1288.2,0.9124,1.1047,0,1,0
2026-09-28T22:09:30.648172+09:00,243747443,b882622e,2026-09-28T22:09:30.648172+09:00,2026-09-28T22:09:30.731456+09:00,rail-left-01,rail-right-01,0.6.7-draft,0.6.7-draft,mqtt,mqtt,1380.18,1137.45,0.09,0.02,1.197,1.342,1.575,0.286,8.659,1.219,0.0913,0.0485,0.2466,-0.0765,0.0516,0.0261,25.13,25.27,-3,17,0.0,0.002,-0.001,0.006,808,808,81,81,0,0,4,4,,,,,,,,,,,,,,,,,0.0,0.0,0,0,1539.3,1289.3,0.9124,1.1047,0,1,0
2026-09-28T22:09:30.668562+09:00,243767833,b882622e,2026-09-28T22:09:30.668562+09:00,2026-09-28T22:09:30.751846+09:00,rail-left-01,rail-right-01,0.6.7-draft,0.6.7-draft,mqtt,mqtt,1381.27,1138.3,0.0,0.017,3.39,1.031,3.689,4.129,15.771,17.465,-0.1066,-0.0691,-0.0657,0.0392,0.0504,0.044,25.14,25.23,-290,16,-0.036,0.002,-0.109,0.006,809,809,81,81,0,0,4,4,,,,,,,,,,,,,,,,,0.0,0.0,0,0,1540.3,1290.3,0.9124,1.1047,0,1,0
2026-09-28T22:09:30.688365+09:00,243787636,b882622e,2026-09-28T22:09:30.688365+09:00,2026-09-28T22:09:30.771649+09:00,rail-left-01,rail-right-01,0.6.7-draft,0.6.7-draft,mqtt,mqtt,1382.37,1139.14,0.0,0.02,0.54,-0.353,2.978,1.11,13.716,12.863,-0.0649,0.0586,-0.0229,0.1255,-0.0298,0.0063,25.13,25.25,-330,17,-0.041,0.002,-0.124,0.006,810,810,81,81,0,0,4,4,,,,,,,,,,,,,,,,,0.0,0.0,0,0,1541.3,1291.3,0.9124,1.1047,0,1,0
2026-09-28T22:09:30.870256+09:00,243959412,b882622e,2026-09-28T22:09:30.870256+09:00,2026-09-28T22:09:30.954361+09:00,rail-left-01,rail-right-01,0.6.7-draft,0.6.7-draft,mqtt,mqtt,1390.27,1144.61,0.0,0.02,0.072,0.053,0.065,-0.104,9.889,9.522,-0.0743,0.0322,0.0425,0.0628,-0.0043,-0.0053,25.13,25.25,-100,17,-0.013,0.002,-0.038,0.006,811,811,82,82,0,0,4,4,,,,,,,,,,,,,,,,,0.0,0.0,0,0,1548.5,1298.5,0.9124,1.1047,0,1,0
2026-09-28T22:09:30.890309+09:00,243979465,b882622e,2026-09-28T22:09:30.890309+09:00,2026-09-28T22:09:30.974414+09:00,rail-left-01,rail-right-01,0.6.7-draft,0.6.7-draft,mqtt,mqtt,1391.02,1145.11,0.0,0.023,0.115,0.206,0.39,0.142,10.166,9.651,-0.0564,0.0316,0.0378,0.0605,-0.0119,-0.0056,25.12,25.26,-243,18,-0.03,0.002,-0.091,0.007,812,812,82,82,0,0,4,4,,,,,,,,,,,,,,,,,0.0,0.0,0,0,1549.2,1299.2,0.9124,1.1047,0,1,0
