time,uptime_us,boot_id,time_left,time_right,left_device_id,right_device_id,left_firmware_version,right_firmware_version,left_source,right_source,left_position_mm,right_position_mm,left_sensor_distance_mm,right_sensor_distance_mm,left_mpu_accel_x,right_mpu_accel_x,left_mpu_accel_y,right_mpu_accel_y,left_mpu_accel_z,right_mpu_accel_z,left_mpu_gyro_x,right_mpu_gyro_x,left_mpu_gyro_y,right_mpu_gyro_y,left_mpu_gyro_z,right_mpu_gyro_z,left_mpu_temp_c,right_mpu_temp_c,left_adc_raw,right_adc_raw,left_adc_voltage_v,right_adc_voltage_v,left_sensor_voltage_v,right_sensor_voltage_v,left_sample_seq,right_sample_seq,left_batch_seq,right_batch_seq,left_dropped_batches,right_dropped_batches,left_status_flags,right_status_flags,left_tilt_deg,right_tilt_deg,left_roll_deg,right_roll_deg,left_delta_mm,right_delta_mm,left_distance_delta_mm,right_distance_delta_mm,left_m_mm,right_m_mm,left_dm_dx,right_dm_dx,left_ddelta_dx,right_ddelta_dx,left_apeak,right_apeak,left_magnitude_mm,right_magnitude_mm,left_abnormal_score,right_abnormal_score
2026-09-28T22:27:27.580601+09:00,59424492,dc7de351,2026-09-28T22:27:27.580601+09:00,2026-09-28T22:27:27.676481+09:00,rail-left-01,rail-right-01,0.6.7-draft,0.6.7-draft,mqtt,mqtt,0,0,6.017,6.436,-0.037,-0.016,0.012,-0.362,10.445,9.75,-0.0649,0.0317,0.0376,0.0564,-0.0076,-0.0065,25.09,25.02,15308,18423,1.914,2.303,5.741,6.909,1,1,1,1,0,0,0,0,,-0.19882453,,-0.19882453,,-0.33936649,,-0.33936649,,0.30018917,,0,,0,,0.61535,0,0.37321845,0,0
2026-09-28T22:27:27.600860+09:00,59444751,dc7de351,2026-09-28T22:27:27.600860+09:00,2026-09-28T22:27:27.696740+09:00,rail-left-01,rail-right-01,0.6.7-draft,0.6.7-draft,mqtt,mqtt,0.15,0.1,6.014,6.435,0.086,0.045,0.024,-0.274,10.562,9.734,-0.0634,0.0332,0.0373,0.0549,-0.0071,-0.0021,25.09,25.05,15301,18421,1.913,2.303,5.738,6.908,2,2,1,1,0,0,0,0,,-0.11220404,,-0.11220404,,-0.33886649,,-0.33886649,,0.29993917,,-0.01,,0.02,,0.61535,0,0.37320375,0,0
2026-09-28T22:27:27.620789+09:00,59464680,dc7de351,2026-09-28T22:27:27.620789+09:00,2026-09-28T22:27:27.716669+09:00,rail-left-01,rail-right-01,0.6.7-draft,0.6.7-draft,mqtt,mqtt,0.4,0.3,6.017,6.434,-0.056,-0.023,0.066,-0.3,10.426,9.734,-0.0632,0.0318,0.0389,0.0569,-0.0088,-0.006,25.09,25.03,15308,18418,1.914,2.302,5.741,6.907,3,3,1,1,0,0,0,0,,-0.14776283,,-0.14776283,,-0.33836649,,-0.33836649,,0.29968917,,-0.00642857,,0.01285714,,0.61535,0,0.37318904,0,0
2026-09-28T22:27:27.640646+09:00,59484537,dc7de351,2026-09-28T22:27:27.640646+09:00,2026-09-28T22:27:27.736526+09:00,rail-left-01,rail-right-01,0.6.7-draft,0.6.7-draft,mqtt,mqtt,0.75,0.55,6.015,6.434,0.068,0.123,-0.918,-0.654,10.36,9.701,-0.0652,0.0322,0.0402,0.0581,-0.0097,-0.0073,25.1,25.04,15303,18420,1.913,2.303,5.739,6.908,4,4,1,1,0,0,0,0,,-0.06170677,,-0.06170677,,-0.33811649,,-0.33811649,,0.29956417,,-0.0034629,,0.0069258,,0.61535,0,0.37318169,0,0
2026-09-28T22:27:27.660491+09:00,59504382,dc7de351,2026-09-28T22:27:27.660491+09:00,2026-09-28T22:27:27.756371+09:00,rail-left-01,rail-right-01,0.6.7-draft,0.6.7-draft,mqtt,mqtt,1.14,0.85,6.009,6.441,-0.02,0.083,0.291,-0.497,10.381,9.713,-0.0667,0.0344,0.0386,0.0525,-0.0031,0.0039,25.11,25.05,15288,18434,1.911,2.304,5.733,6.913,5,5,1,1,0,0,0,0,,-0.03286105,,-0.03286105,,-0.33936649,,-0.33936649,,0.30018917,,0.00513627,,-0.01027254,,0.61535,0,0.37321845,0,0
2026-09-28T22:27:27.680575+09:00,59524466,dc7de351,2026-09-28T22:27:27.680575+09:00,2026-09-28T22:27:27.776455+09:00,rail-left-01,rail-right-01,0.6.7-draft,0.6.7-draft,mqtt,mqtt,1.64,1.19,6.023,6.452,-0.11,-0.186,0.05,-0.451,10.491,9.804,-0.0638,0.033,0.0438,0.058,-0.0129,-0.0099,25.12,25.02,15324,18458,1.916,2.307,5.747,6.922,6,6,1,1,0,0,0,0,,-0.14069004,,-0.14069004,,-0.34203316,,-0.34203316,,0.3015225,,0.01285975,,-0.0257195,,0.61535,0,0.37329689,0,0
2026-09-28T22:27:27.700887+09:00,59544778,dc7de351,2026-09-28T22:27:27.700887+09:00,2026-09-28T22:27:27.796767+09:00,rail-left-01,rail-right-01,0.6.7-draft,0.6.7-draft,mqtt,mqtt,2.19,1.64,6.028,6.46,0.171,0.232,-0.214,-0.442,10.502,9.621,-0.0662,0.033,0.041,0.0509,-0.0067,0.0009,25.09,25.01,15336,18476,1.917,2.31,5.751,6.929,7,7,1,1,0,0,0,0,,-0.04790217,,-0.04790217,,-0.34508078,,-0.34508078,,0.30304631,,0.01586177,,-0.03172355,,0.61535,0,0.37338652,0,0
2026-09-28T22:27:27.720863+09:00,59564754,dc7de351,2026-09-28T22:27:27.720863+09:00,2026-09-28T22:27:27.816743+09:00,rail-left-01,rail-right-01,0.6.7-draft,0.6.7-draft,mqtt,mqtt,2.78,2.09,6.039,6.458,-0.067,-0.012,0.03,-0.497,10.386,9.645,-0.0671,0.0328,0.0369,0.0514,-0.0052,-0.0015,25.1,25.03,15363,18472,1.92,2.309,5.761,6.927,8,8,1,1,0,0,0,0,,-0.06546991,,-0.06546991,,-0.34711649,,-0.34711649,,0.30406417,,0.01384674,,-0.02769347,,0.61535,0,0.3734464,0,0
2026-09-28T22:27:27.740559+09:00,59584450,dc7de351,2026-09-28T22:27:27.740559+09:00,2026-09-28T22:27:27.836439+09:00,rail-left-01,rail-right-01,0.6.7-draft,0.6.7-draft,mqtt,mqtt,3.43,2.59,6.068,6.457,0.057,0.044,0.037,-0.178,10.449,9.693,-0.0682,0.03,0.0421,0.058,-0.0093,-0.0075,25.12,25.03,15437,18469,1.93,2.309,5.789,6.926,9,9,1,1,0,0,0,0,,-0.06136037,,-0.06136037,,-0.34858871,,-0.34858871,,0.30480028,,0.01128799,,-0.02257597,,0.61535,0,0.3734897,0,0
2026-09-28T22:27:27.760478+09:00,59604369,dc7de351,2026-09-28T22:27:27.760478+09:00,2026-09-28T22:27:27.856358+09:00,rail-left-01,rail-right-01,0.6.7-draft,0.6.7-draft,mqtt,mqtt,4.13,3.13,6.076,6.471,-0.054,0.008,-0.035,-0.359,10.422,9.742,-0.0609,0.032,0.0402,0.0573,-0.0079,-0.0053,25.09,25.02,15456,18501,1.932,2.313,5.796,6.938,10,10,1,1,0,0,0,0,,-0.06829516,,-0.06829516,,-0.35116649,,-0.35116649,,0.30608917,,0.01166474,,-0.02332948,,0.61535,0,0.37356551,0,0
2026-09-28T22:27:27.961522+09:00,59756415,dc7de351,2026-09-28T22:27:27.961522+09:00,2026-09-28T22:27:28.103919+09:00,rail-left-01,rail-right-01,0.6.7-draft,0.6.7-draft,mqtt,mqtt,10.44,8.25,6.075,6.478,0.139,0.178,-0.018,-0.225,10.447,9.688,-0.0646,0.0342,0.0418,0.0576,-0.008,-0.0009,25.09,25.01,15453,18516,1.932,2.315,5.795,6.944,11,11,2,2,0,0,0,0,-0.09669283,-0.27423718,-0.09669283,-0.27423718,-0.35336649,-0.4088903,-0.35336649,-0.4088903,0.30709826,0.28971298,0.00403632,-0.00479438,-0.00848833,-0.01623043,0.64035,0.79735,0.37363022,0.37526327,0,0
2026-09-28T22:27:27.981633+09:00,59776526,dc7de351,2026-09-28T22:27:27.981633+09:00,2026-09-28T22:27:28.124030+09:00,rail-left-01,rail-right-01,0.6.7-draft,0.6.7-draft,mqtt,mqtt,11.39,9,6.024,6.578,-0.072,-0.104,0.113,-0.247,10.574,9.884,-0.0626,0.0326,0.0453,0.0608,-0.0103,-0.008,25.11,25.03,15326,18739,1.916,2.342,5.747,7.027,12,12,2,2,0,0,0,0,-0.12444801,-0.28134438,-0.12444801,-0.28134438,-0.35944983,-0.41754831,-0.35944983,-0.41754831,0.30581417,0.29073462,0.00038172,-0.00344332,-0.01270548,-0.01759491,0.76735,0.79735,0.37380914,0.37551792,0,0
2026-09-28T22:27:28.001548+09:00,59796441,dc7de351,2026-09-28T22:27:28.001548+09:00,2026-09-28T22:27:28.143945+09:00,rail-left-01,rail-right-01,0.6.7-draft,0.6.7-draft,mqtt,mqtt,12.33,9.74,6.007,6.599,0.008,0.057,-0.055,-0.498,10.527,9.668,-0.0632,0.0317,0.0405,0.059,-0.0123,-0.0116,25.09,25.02,15284,18786,1.911,2.348,5.732,7.045,13,13,2,2,0,0,0,0,-0.15066133,-0.26799152,-0.15066133,-0.26799152,-0.36590495,-0.42636649,-0.36590495,-0.42636649,0.30407378,0.29212395,-0.00150435,-0.00231668,-0.01496057,-0.01878204,0.76735,0.79735,0.373999,0.37577728,0,0
2026-09-28T22:27:28.021638+09:00,59816531,dc7de351,2026-09-28T22:27:28.021638+09:00,2026-09-28T22:27:28.164035+09:00,rail-left-01,rail-right-01,0.6.7-draft,0.6.7-draft,mqtt,mqtt,13.27,10.54,5.997,6.617,-0.01,0.028,0.084,-0.298,10.481,9.627,-0.0645,0.0325,0.0434,0.0633,-0.0129,-0.0136,25.12,25.04,15254,18826,1.907,2.353,5.72,7.06,14,14,2,2,0,0,0,0,-0.17584177,-0.25921635,-0.17584177,-0.25921635,-0.37215221,-0.43519983,-0.37215221,-0.43519983,0.30222488,0.2937725,-0.00264203,-0.00135219,-0.01619247,-0.01979876,0.76735,0.79735,0.37418274,0.37603708,0,0
2026-09-28T22:27:28.041538+09:00,59836431,dc7de351,2026-09-28T22:27:28.041538+09:00,2026-09-28T22:27:28.183935+09:00,rail-left-01,rail-right-01,0.6.7-draft,0.6.7-draft,mqtt,mqtt,14.27,11.34,5.98,6.629,0.004,0.038,-0.047,-0.069,10.393,9.692,-0.067,0.0338,0.0385,0.0557,-0.0055,-0.0075,25.12,25.04,15168,18852,1.896,2.357,5.688,7.07,15,15,2,2,0,0,0,0,-0.19979527,-0.24999173,-0.19979527,-0.24999173,-0.37869983,-0.44380649,-0.37869983,-0.44380649,0.30005584,0.29552917,-0.00361906,-0.00054301,-0.01730485,-0.02061026,0.76735,0.79735,0.37437532,0.37629022,0,0
2026-09-28T22:27:28.061665+09:00,59856558,dc7de351,2026-09-28T22:27:28.061665+09:00,2026-09-28T22:27:28.204062+09:00,rail-left-01,rail-right-01,0.6.7-draft,0.6.7-draft,mqtt,mqtt,15.26,12.13,5.983,6.635,0.031,0.091,0.043,-0.414,10.318,9.73,-0.0646,0.0293,0.0394,0.0584,-0.0055,-0.0033,25.09,25.01,15182,18864,1.898,2.358,5.693,7.074,16,16,2,2,0,0,0,0,-0.22254088,-0.23565551,-0.22254088,-0.23565551,-0.38424149,-0.45198188,-0.38424149,-0.45198188,0.29825167,0.29726609,-0.00408088,0.00011602,-0.01751403,-0.02119987,0.76735,0.79735,0.37453831,0.37653067,0,0
2026-09-28T22:27:28.081566+09:00,59876459,dc7de351,2026-09-28T22:27:28.081566+09:00,2026-09-28T22:27:28.223963+09:00,rail-left-01,rail-right-01,0.6.7-draft,0.6.7-draft,mqtt,mqtt,16.26,12.98,5.975,6.637,-0.062,-0.066,0.317,-0.132,10.604,9.736,-0.0625,0.0314,0.0412,0.057,-0.0077,-0.0045,25.09,25.02,15144,18869,1.893,2.359,5.679,7.076,17,17,2,2,0,0,0,0,-0.24486053,-0.23897678,-0.24486053,-0.23897678,-0.38960179,-0.45962575,-0.38960179,-0.45962575,0.29642446,0.29891139,-0.00444953,0.00064348,-0.01762359,-0.02157638,0.79735,0.79735,0.37469596,0.37675549,0,0
2026-09-28T22:27:28.101673+09:00,59896567,dc7de351,2026-09-28T22:27:28.101673+09:00,2026-09-28T22:27:28.244071+09:00,rail-left-01,rail-right-01,0.6.7-draft,0.6.7-draft,mqtt,mqtt,17.25,13.77,5.967,6.642,0.023,0.026,-0.073,-0.403,10.396,9.712,-0.062,0.0306,0.04,0.0584,-0.0108,-0.0072,25.12,25.03,15104,18881,1.888,2.36,5.664,7.08,18,18,2,2,0,0,0,0,-0.26621132,-0.23268685,-0.26621132,-0.23268685,-0.39481094,-0.46690221,-0.39481094,-0.46690221,0.29457806,0.30052845,-0.00475534,0.0010879,-0.01767599,-0.02183652,0.79735,0.79735,0.37484917,0.3769695,0,0
2026-09-28T22:27:28.121596+09:00,59916489,dc7de351,2026-09-28T22:27:28.121596+09:00,2026-09-28T22:27:28.263993+09:00,rail-left-01,rail-right-01,0.6.7-draft,0.6.7-draft,mqtt,mqtt,18.3,14.62,5.962,6.645,0.044,-0.048,0.032,-0.316,10.599,9.791,-0.0629,0.0328,0.0388,0.0556,-0.0072,-0.006,25.09,25.03,15080,18888,1.885,2.361,5.655,7.083,19,19,2,2,0,0,0,0,-0.28652647,-0.23408436,-0.28652647,-0.23408436,-0.39973491,-0.47378029,-0.39973491,-0.47378029,0.29279443,0.30208572,-0.00497189,0.00145901,-0.01759627,-0.0219826,0.79735,0.79735,0.374994,0.3771718,0,0
2026-09-28T22:27:28.141720+09:00,59936613,dc7de351,2026-09-28T22:27:28.141720+09:00,2026-09-28T22:27:28.284117+09:00,rail-left-01,rail-right-01,0.6.7-draft,0.6.7-draft,mqtt,mqtt,19.34,15.46,5.958,6.654,-0.048,-0.026,-0.071,-0.294,10.341,9.698,-0.064,0.0301,0.0428,0.0596,-0.0129,-0.0071,25.07,25.05,15059,18906,1.882,2.363,5.647,7.09,20,20,2,2,0,0,0,0,-0.30654295,-0.23333424,-0.30654295,-0.23333424,-0.40436649,-0.48049983,-0.40436649,-0.48049983,0.29108917,0.30368917,-0.00511456,0.00180108,-0.01741201,-0.02210028,0.79735,0.79735,0.37513022,0.37736943,0,0
2026-09-28T22:27:28.340253+09:00,60184406,dc7de351,2026-09-28T22:27:28.340253+09:00,2026-09-28T22:27:28.429060+09:00,rail-left-01,rail-right-01,0.6.7-draft,0.6.7-draft,mqtt,mqtt,32.66,25.9,5.953,6.664,0.044,0.097,-0.018,-0.101,10.479,9.676,-0.0857,0.0144,0.031,0.0521,-0.0089,-0.0064,25.1,25.03,15037,18930,1.88,2.366,5.639,7.099,21,21,3,3,0,0,0,0,-0.24212211,-0.32297463,-0.24212211,-0.32297463,-0.48694714,-0.28043966,-0.48694714,-0.28043966,0.30510852,0.44257941,0.00202897,0.02224891,-0.02034024,0.0265606,0.79735,0.86335,0.37755906,0.37625413,0,0
2026-09-28T22:27:28.360369+09:00,60204522,dc7de351,2026-09-28T22:27:28.360369+09:00,2026-09-28T22:27:28.449176+09:00,rail-left-01,rail-right-01,0.6.7-draft,0.6.7-draft,mqtt,mqtt,33.81,26.75,6.742,7.355,-0.085,-0.037,0.169,-0.362,10.505,9.634,-0.0814,0.0159,0.0304,0.0488,-0.0059,-0.0041,25.11,25.03,17113,20462,2.139,2.558,6.417,7.673,22,22,3,3,0,0,0,0,-0.25168804,-0.31876273,-0.25168804,-0.31876273,-0.46833524,-0.27860459,-0.46833524,-0.27860459,0.31876729,0.46268917,0.00658715,0.02416966,-0.01022242,0.0241702,0.79735,0.86335,0.37701165,0.37684559,0,0
2026-09-28T22:27:28.380282+09:00,60224435,dc7de351,2026-09-28T22:27:28.380282+09:00,2026-09-28T22:27:28.469090+09:00,rail-left-01,rail-right-01,0.6.7-draft,0.6.7-draft,mqtt,mqtt,34.9,27.59,6.843,7.371,-0.004,-0.023,-0.113,-0.461,10.421,9.699,-0.0793,0.0177,0.0285,0.0493,-0.0076,-0.0068,25.11,25.04,17366,20498,2.171,2.562,6.512,7.687,23,23,3,3,0,0,0,0,-0.26160172,-0.31380622,-0.26160172,-0.31380622,-0.44779073,-0.27722696,-0.44779073,-0.27722696,0.33312856,0.48204963,0.010191,0.02567615,-0.00219937,0.02216441,0.79735,0.86335,0.3764074,0.37741502,0,0
2026-09-28T22:27:28.400377+09:00,60244530,dc7de351,2026-09-28T22:27:28.400377+09:00,2026-09-28T22:27:28.489184+09:00,rail-left-01,rail-right-01,0.6.7-draft,0.6.7-draft,mqtt,mqtt,36,28.44,6.911,7.37,0.042,0.084,-0.204,-0.497,10.439,9.883,-0.0795,0.0207,0.0286,0.0482,-0.0051,-0.0029,25.1,25.04,17534,20495,2.192,2.562,6.575,7.686,24,24,3,3,0,0,0,0,-0.27165841,-0.30217359,-0.27165841,-0.30217359,-0.42645473,-0.27588922,-0.42645473,-0.27588922,0.34764505,0.50051871,0.01304905,0.02684498,0.004214,0.02051033,0.79735,0.86335,0.37577987,0.37795823,0,0
2026-09-28T22:27:28.420734+09:00,60264887,dc7de351,2026-09-28T22:27:28.420734+09:00,2026-09-28T22:27:28.509541+09:00,rail-left-01,rail-right-01,0.6.7-draft,0.6.7-draft,mqtt,mqtt,37.14,29.33,6.963,7.374,-0.019,-0.024,-0.127,-0.558,10.67,9.7,-0.0714,0.027,0.0329,0.047,-0.008,-0.0068,25.09,25.05,17663,20504,2.208,2.563,6.624,7.689,25,25,3,3,0,0,0,0,-0.28208831,-0.29786934,-0.28208831,-0.29786934,-0.40485221,-0.27469983,-0.40485221,-0.27469983,0.36207488,0.51821139,0.01534466,0.0277686,0.00942518,0.01909949,0.86335,0.86335,0.3751445,0.3784786,0,0
2026-09-28T22:27:28.440715+09:00,60284868,dc7de351,2026-09-28T22:27:28.440715+09:00,2026-09-28T22:27:28.529522+09:00,rail-left-01,rail-right-01,0.6.7-draft,0.6.7-draft,mqtt,mqtt,38.23,30.18,7.016,7.38,-0.016,0.016,-0.055,-0.445,10.333,9.811,-0.065,0.0324,0.0374,0.0506,-0.0111,-0.0103,25.1,25.06,17797,20517,2.225,2.565,6.674,7.694,26,26,3,3,0,0,0,0,-0.29287044,-0.29127048,-0.29287044,-0.29127048,-0.3829776,-0.27369258,-0.3829776,-0.27369258,0.37643917,0.53520004,0.01724597,0.02850803,0.01378675,0.01787261,0.86335,0.86335,0.37450113,0.37897826,0,0
2026-09-28T22:27:28.460307+09:00,60304460,dc7de351,2026-09-28T22:27:28.460307+09:00,2026-09-28T22:27:28.549114+09:00,rail-left-01,rail-right-01,0.6.7-draft,0.6.7-draft,mqtt,mqtt,39.38,31.02,7.036,7.38,0.037,0.038,-0.109,-0.323,10.367,9.618,-0.0616,0.033,0.0366,0.0496,-0.0104,-0.0079,25.11,25.02,17845,20518,2.231,2.565,6.692,7.694,27,27,3,3,0,0,0,0,-0.30375899,-0.28360948,-0.30375899,-0.28360948,-0.36174487,-0.27272819,-0.36174487,-0.27272819,0.39029728,0.55146576,0.01875561,0.02909334,0.0173235,0.01681137,0.86335,0.86335,0.37471642,0.37945667,0,0
2026-09-28T22:27:28.480262+09:00,60324415,dc7de351,2026-09-28T22:27:28.480262+09:00,2026-09-28T22:27:28.569069+09:00,rail-left-01,rail-right-01,0.6.7-draft,0.6.7-draft,mqtt,mqtt,40.47,31.87,7.063,7.368,-0.025,0,0.19,-0.065,10.404,9.777,-0.0568,0.0296,0.0316,0.0508,-0.0104,-0.0109,25.08,25.02,17913,20492,2.239,2.562,6.717,7.685,28,28,3,3,0,0,0,0,-0.31483793,-0.27853042,-0.31483793,-0.27853042,-0.34091912,-0.27155399,-0.34091912,-0.27155399,0.40378127,0.56692875,0.01999237,0.02953686,0.02027722,0.01591955,0.86335,0.86335,0.37511301,0.37991146,0,0
2026-09-28T22:27:28.500377+09:00,60344530,dc7de351,2026-09-28T22:27:28.500377+09:00,2026-09-28T22:27:28.589185+09:00,rail-left-01,rail-right-01,0.6.7-draft,0.6.7-draft,mqtt,mqtt,41.61,32.76,7.105,7.353,0.066,0.087,0.186,-0.092,10.521,9.81,-0.0601,0.0317,0.0314,0.0521,-0.0119,-0.0084,25.12,25.03,18018,20457,2.252,2.557,6.757,7.671,29,29,3,3,0,0,0,0,-0.32581021,-0.26861626,-0.32581021,-0.26861626,-0.32008444,-0.27012159,-0.32008444,-0.27012159,0.41711225,0.58160754,0.02105807,0.02985991,0.02286197,0.0151725,0.86335,0.86335,0.37550509,0.38034319,0,0
2026-09-28T22:27:28.520353+09:00,60364506,dc7de351,2026-09-28T22:27:28.520353+09:00,2026-09-28T22:27:28.609160+09:00,rail-left-01,rail-right-01,0.6.7-draft,0.6.7-draft,mqtt,mqtt,42.76,33.61,7.131,7.349,-0.014,-0.08,-0.054,-0.308,10.37,9.814,-0.0598,0.0344,0.0385,0.0481,-0.0124,-0.0009,25.11,25.03,18081,20449,2.26,2.556,6.78,7.668,30,30,3,3,0,0,0,0,-0.33697976,-0.2685806,-0.33697976,-0.2685806,-0.29964149,-0.26866649,-0.29964149,-0.26866649,0.43010167,0.59565917,0.02194858,0.03010061,0.02507431,0.01451608,0.86335,0.86335,0.37588714,0.38075647,0,0
2026-09-28T22:27:28.709991+09:00,60508452,dc7de351,2026-09-28T22:27:28.709991+09:00,2026-09-28T22:27:28.753749+09:00,rail-left-01,rail-right-01,0.6.7-draft,0.6.7-draft,mqtt,mqtt,50.96,40.02,7.137,7.349,-0.164,-0.075,-0.201,-0.284,10.384,9.7,-0.0614,0.0326,0.0378,0.0566,-0.0113,-0.0055,25.11,25.07,18096,20449,2.262,2.556,6.786,7.668,31,31,4,4,0,0,0,0,-0.27747364,-0.18952373,-0.27747364,-0.18952373,-0.26715081,-0.26936649,-0.26715081,-0.26936649,0.60921858,1.24818917,0.02998325,0,0.01369176,0,0.86335,0.74835,0.38115528,0.42064411,0,0
2026-09-28T22:27:28.730100+09:00,60528562,dc7de351,2026-09-28T22:27:28.730100+09:00,2026-09-28T22:27:28.773859+09:00,rail-left-01,rail-right-01,0.6.7-draft,0.6.7-draft,mqtt,mqtt,52.1,40.92,7.11,7.322,0.151,0.156,-0.054,-0.42,10.524,9.691,-0.0616,0.0337,0.0424,0.0564,-0.008,-0.004,25.14,25.03,18030,20389,2.254,2.549,6.761,7.646,32,32,4,4,0,0,0,0,-0.28630284,0.13729144,-0.28630284,0.13729144,-0.26621265,-0.25586649,-0.26621265,-0.25586649,0.62199686,1.24143917,0.02979765,-0.03,0.01289303,0.06,0.86335,0.74835,0.38153111,0.42044558,0,0
2026-09-28T22:27:28.750163+09:00,60548624,dc7de351,2026-09-28T22:27:28.750163+09:00,2026-09-28T22:27:28.793921+09:00,rail-left-01,rail-right-01,0.6.7-draft,0.6.7-draft,mqtt,mqtt,53.3,41.81,7.079,7.318,-0.108,-0.133,0.036,-0.492,10.641,9.908,-0.0699,0.0292,0.034,0.0462,-0.0085,-0.0072,25.1,25.04,17952,20381,2.244,2.548,6.732,7.643,33,33,4,4,0,0,0,0,-0.29550197,-0.02513633,-0.29550197,-0.02513633,-0.26589479,-0.25003316,-0.26589479,-0.25003316,0.63400049,1.2385225,0.02955006,-0.01734218,0.01210424,0.03468437,0.86335,0.74835,0.38188416,0.42035979,0,0
2026-09-28T22:27:28.770184+09:00,60568646,dc7de351,2026-09-28T22:27:28.770184+09:00,2026-09-28T22:27:28.813943+09:00,rail-left-01,rail-right-01,0.6.7-draft,0.6.7-draft,mqtt,mqtt,54.44,42.71,7.112,7.311,0.072,0.104,0.092,-0.385,10.248,9.317,-0.0683,0.028,0.0364,0.0493,-0.0065,-0.0089,25.12,25.04,18035,20365,2.254,2.546,6.763,7.637,34,34,4,4,0,0,0,0,-0.30468792,0.06187767,-0.30468792,0.06187767,-0.2649776,-0.24536649,-0.2649776,-0.24536649,0.64586509,1.23618917,0.02933488,-0.01317605,0.01148638,0.02635211,0.86335,0.74835,0.38223312,0.42029117,0,0
2026-09-28T22:27:28.790398+09:00,60588859,dc7de351,2026-09-28T22:27:28.790398+09:00,2026-09-28T22:27:28.834156+09:00,rail-left-01,rail-right-01,0.6.7-draft,0.6.7-draft,mqtt,mqtt,55.59,43.65,7.141,7.282,-0.042,0.006,0.06,-0.044,10.382,9.98,-0.0689,0.0272,0.0274,0.0493,-0.0059,-0.0048,25.1,25.02,18108,20300,2.264,2.538,6.791,7.613,35,35,4,4,0,0,0,0,-0.31398915,0.05731456,-0.31398915,0.05731456,-0.26356649,-0.23676649,-0.26356649,-0.23676649,0.6575619,1.23188917,0.02914162,-0.01605332,0.01100021,0.03210663,0.86335,0.74835,0.38257714,0.4201647,0,0
2026-09-28T22:27:28.810353+09:00,60608814,dc7de351,2026-09-28T22:27:28.810353+09:00,2026-09-28T22:27:28.854111+09:00,rail-left-01,rail-right-01,0.6.7-draft,0.6.7-draft,mqtt,mqtt,56.73,44.55,7.132,7.274,0.247,0.111,0.095,-0.34,10.585,10.062,-0.0658,0.0364,0.0416,0.059,-0.006,-0.0073,25.12,25.04,18084,20283,2.261,2.535,6.782,7.606,36,36,4,4,0,0,0,0,-0.3229579,0.10287945,-0.3229579,0.10287945,-0.26236649,-0.22969983,-0.26236649,-0.22969983,0.6687606,1.22835584,0.02892477,-0.01583322,0.0105393,0.03166644,0.86335,0.74835,0.38290652,0.42006077,0,0
2026-09-28T22:27:28.830083+09:00,60628544,dc7de351,2026-09-28T22:27:28.830083+09:00,2026-09-28T22:27:28.873841+09:00,rail-left-01,rail-right-01,0.6.7-draft,0.6.7-draft,mqtt,mqtt,57.87,45.44,7.124,7.279,-0.061,-0.068,-0.102,-0.479,10.581,9.784,-0.0624,0.0329,0.0478,0.0556,-0.0103,-0.0119,25.1,25.03,18064,20294,2.258,2.537,6.774,7.61,37,37,4,4,0,0,0,0,-0.332247,0.0640364,-0.332247,0.0640364,-0.26134895,-0.22536649,-0.26134895,-0.22536649,0.67949619,1.22618917,0.02868969,-0.01350159,0.01010249,0.02700318,0.86335,0.74835,0.38322227,0.41999705,0,0
2026-09-28T22:27:28.850024+09:00,60648485,dc7de351,2026-09-28T22:27:28.850024+09:00,2026-09-28T22:27:28.893782+09:00,rail-left-01,rail-right-01,0.6.7-draft,0.6.7-draft,mqtt,mqtt,59.07,46.34,7.102,7.293,-0.032,0.079,-0.079,-0.353,10.398,9.493,-0.0618,0.0358,0.0432,0.0561,-0.0127,-0.0057,25.11,25.05,18011,20325,2.251,2.541,6.754,7.622,38,38,4,4,0,0,0,0,-0.34172683,0.08711164,-0.34172683,0.08711164,-0.2607458,-0.22386649,-0.2607458,-0.22386649,0.68967193,1.22543917,0.0284234,-0.01012303,0.00965725,0.02024606,0.86335,0.74835,0.38352156,0.41997499,0,0
2026-09-28T22:27:28.870035+09:00,60668496,dc7de351,2026-09-28T22:27:28.870035+09:00,2026-09-28T22:27:28.913793+09:00,rail-left-01,rail-right-01,0.6.7-draft,0.6.7-draft,mqtt,mqtt,60.21,47.28,7.081,7.292,-0.04,-0.034,-0.072,-0.236,10.5,9.798,-0.0649,0.032,0.0425,0.058,-0.0125,-0.0072,25.11,25.04,17958,20323,2.245,2.54,6.734,7.621,39,39,4,4,0,0,0,0,-0.35137717,0.06930005,-0.35137717,0.06930005,-0.26051903,-0.22258871,-0.26051903,-0.22258871,0.69932476,1.22480028,0.028134,-0.00790608,0.00920866,0.01581215,0.86335,0.74835,0.38380546,0.4199562,0,0
2026-09-28T22:27:28.890072+09:00,60688533,dc7de351,2026-09-28T22:27:28.890072+09:00,2026-09-28T22:27:28.933830+09:00,rail-left-01,rail-right-01,0.6.7-draft,0.6.7-draft,mqtt,mqtt,61.35,48.18,7.059,7.29,0.008,0.04,0.002,-0.168,10.555,9.904,-0.0628,0.0306,0.0412,0.059,-0.0135,-0.0107,25.12,25.04,17903,20319,2.238,2.54,6.714,7.62,40,40,4,4,0,0,0,0,-0.36107223,0.07581251,-0.36107223,0.07581251,-0.26066649,-0.22136649,-0.26066649,-0.22136649,0.7084725,1.22418917,0.0278244,-0.00647833,0.00875606,0.01295666,0.86335,0.74835,0.38407451,0.41993823,0,0
2026-09-28T22:27:29.030672+09:00,60835408,dc7de351,2026-09-28T22:27:29.030672+09:00,2026-09-28T22:27:29.076768+09:00,rail-left-01,rail-right-01,0.6.7-draft,0.6.7-draft,mqtt,mqtt,69.9,54.89,7.051,7.293,0.292,0.257,0.257,-0.378,11.03,9.772,-0.0707,0.0378,0.0262,0.061,-0.0128,-0.0179,25.1,25.05,17883,20324,2.235,2.541,6.706,7.622,41,41,5,5,0,0,0,0,0.07223736,-0.01970134,0.07223736,-0.01970134,-0.22109377,-0.2208903,-0.22109377,-0.2208903,1.22332553,1.21880822,-0.00308824,-0.00089453,0.00445141,0.0008979,1.22335,1.22335,0.41991282,0.41977996,0,0
2026-09-28T22:27:29.050795+09:00,60855531,dc7de351,2026-09-28T22:27:29.050795+09:00,2026-09-28T22:27:29.096890+09:00,rail-left-01,rail-right-01,0.6.7-draft,0.6.7-draft,mqtt,mqtt,71.05,55.78,7.011,7.291,-0.065,-0.047,0.269,-0.291,10.642,9.685,-0.0686,0.033,0.0396,0.0548,-0.0121,-0.0104,25.11,25.04,17783,20321,2.223,2.54,6.669,7.62,42,42,5,5,0,0,0,0,0.06436217,-0.03105722,0.06436217,-0.03105722,-0.22419983,-0.22027558,-0.22419983,-0.22027558,1.22093917,1.21891644,-0.00367576,-0.00071636,0.00023649,0.0009617,1.22335,1.22335,0.41984264,0.41978315,0,0
2026-09-28T22:27:29.070781+09:00,60875517,dc7de351,2026-09-28T22:27:29.070781+09:00,2026-09-28T22:27:29.116876+09:00,rail-left-01,rail-right-01,0.6.7-draft,0.6.7-draft,mqtt,mqtt,72.19,56.68,7.038,7.295,-0.061,0.011,-0.055,-0.162,10.599,9.647,-0.0674,0.0321,0.0373,0.053,-0.0109,-0.0076,25.12,25.04,17851,20330,2.231,2.541,6.694,7.624,43,43,5,5,0,0,0,0,0.05351257,-0.03420351,0.05351257,-0.03420351,-0.22475111,-0.21988823,-0.22475111,-0.21988823,1.2199584,1.21910221,-0.00318467,-0.00056226,-0.00016369,0.00094759,1.22335,1.22335,0.41981379,0.41978861,0,0
2026-09-28T22:27:29.090712+09:00,60895448,dc7de351,2026-09-28T22:27:29.090712+09:00,2026-09-28T22:27:29.136807+09:00,rail-left-01,rail-right-01,0.6.7-draft,0.6.7-draft,mqtt,mqtt,73.38,57.62,7.051,7.296,0.096,0.054,0.218,-0.256,10.369,9.841,-0.0653,0.0356,0.0382,0.0564,-0.0103,-0.0055,25.1,25.02,17884,20331,2.236,2.541,6.707,7.624,44,44,5,5,0,0,0,0,0.04166304,-0.03194853,0.04166304,-0.03194853,-0.22429506,-0.21957483,-0.22429506,-0.21957483,1.21958203,1.21929334,-0.00263031,-0.00044107,0.00010543,0.00092051,1.22335,1.22335,0.41980272,0.41979423,0,0
2026-09-28T22:27:29.110919+09:00,60915655,dc7de351,2026-09-28T22:27:29.110919+09:00,2026-09-28T22:27:29.157014+09:00,rail-left-01,rail-right-01,0.6.7-draft,0.6.7-draft,mqtt,mqtt,74.53,58.52,7.047,7.299,-0.041,0.028,-0.091,-0.3,10.557,9.645,-0.0699,0.0312,0.0384,0.0602,-0.0068,-0.0067,25.09,25.04,17872,20338,2.234,2.542,6.702,7.627,45,45,5,5,0,0,0,0,0.02806432,-0.03285416,0.02806432,-0.03285416,-0.22416649,-0.21940649,-0.22416649,-0.21940649,1.2191225,1.21952917,-0.00232044,-0.00033205,0.00014214,0.00086462,1.22335,1.22335,0.41978921,0.41980117,0,0
2026-09-28T22:27:29.130884+09:00,60935620,dc7de351,2026-09-28T22:27:29.130884+09:00,2026-09-28T22:27:29.176979+09:00,rail-left-01,rail-right-01,0.6.7-draft,0.6.7-draft,mqtt,mqtt,75.72,59.41,7.051,7.307,-0.074,-0.05,-0.053,-0.231,10.361,9.561,-0.0662,0.0324,0.0396,0.0558,-0.0087,-0.0043,25.11,25.04,17884,20356,2.236,2.545,6.707,7.634,46,46,5,5,0,0,0,0,0.01293495,-0.04235474,0.01293495,-0.04235474,-0.22380399,-0.2195588,-0.22380399,-0.2195588,1.21884542,1.21990071,-0.00203641,-0.00020849,0.00026491,0.00074236,1.22335,1.22335,0.41978106,0.41981209,0,0
2026-09-28T22:27:29.150794+09:00,60955530,dc7de351,2026-09-28T22:27:29.150794+09:00,2026-09-28T22:27:29.196889+09:00,rail-left-01,rail-right-01,0.6.7-draft,0.6.7-draft,mqtt,mqtt,76.86,60.36,7.053,7.308,0.105,0.107,0.013,-0.393,10.409,9.813,-0.0655,0.0337,0.0393,0.0577,-0.0077,-0.0051,25.13,25,17887,20358,2.236,2.545,6.708,7.634,47,47,5,5,0,0,0,0,-0.00218294,-0.03445469,-0.00218294,-0.03445469,-0.22336649,-0.21973686,-0.22336649,-0.21973686,1.21865976,1.22026324,-0.00179661,-0.00010508,0.00038875,0.00063349,1.22335,1.22335,0.4197756,0.41982276,0,0
2026-09-28T22:27:29.170810+09:00,60975546,dc7de351,2026-09-28T22:27:29.170810+09:00,2026-09-28T22:27:29.216905+09:00,rail-left-01,rail-right-01,0.6.7-draft,0.6.7-draft,mqtt,mqtt,78.01,61.25,7.046,7.3,-0.054,-0.059,0.098,-0.384,10.167,9.56,-0.0698,0.0329,0.0329,0.0506,-0.0057,-0.0045,25.11,25.02,17870,20341,2.234,2.543,6.701,7.628,48,48,5,5,0,0,0,0,-0.01799954,-0.04414744,-0.01799954,-0.04414744,-0.22336649,-0.21961649,-0.22336649,-0.21961649,1.21830028,1.22045703,-0.00167521,-0.00005307,0.0003351,0.00060702,1.22335,1.22335,0.41976502,0.41982846,0,0
2026-09-28T22:27:29.190734+09:00,60995470,dc7de351,2026-09-28T22:27:29.190734+09:00,2026-09-28T22:27:29.236829+09:00,rail-left-01,rail-right-01,0.6.7-draft,0.6.7-draft,mqtt,mqtt,79.2,62.15,7.067,7.3,0.036,0.121,-0.006,-0.156,10.404,9.619,-0.0687,0.0338,0.042,0.057,-0.0113,-0.0068,25.12,25.05,17922,20340,2.24,2.543,6.721,7.628,49,49,5,5,0,0,0,0,-0.03405802,-0.03528416,-0.03405802,-0.03528416,-0.22226123,-0.21950442,-0.22226123,-0.21950442,1.21853127,1.22063744,-0.0013839,-0.00001022,0.0006619,0.00058328,1.22335,1.22335,0.41977182,0.41983376,0,0
2026-09-28T22:27:29.211705+09:00,61016441,dc7de351,2026-09-28T22:27:29.211705+09:00,2026-09-28T22:27:29.257800+09:00,rail-left-01,rail-right-01,0.6.7-draft,0.6.7-draft,mqtt,mqtt,80.39,63.14,7.063,7.305,-0.047,-0.031,0.13,-0.223,10.297,9.62,-0.0633,0.032,0.0368,0.0588,-0.0091,-0.0087,25.11,25.02,17913,20352,2.239,2.544,6.717,7.632,50,50,5,5,0,0,0,0,-0.05066217,-0.04158748,-0.05066217,-0.04158748,-0.22146649,-0.21956649,-0.22146649,-0.21956649,1.21863917,1.22088917,-0.00118395,0.00004288,0.00083703,0.00052684,1.22335,1.22335,0.41977499,0.41984117,0,0
2026-09-28T22:27:29.359165+09:00,61159461,dc7de351,2026-09-28T22:27:29.359165+09:00,2026-09-28T22:27:29.438556+09:00,rail-left-01,rail-right-01,0.6.7-draft,0.6.7-draft,mqtt,mqtt,88.65,69.66,7.065,7.301,-0.054,-0.038,0.324,-0.16,10.151,9.667,-0.0658,0.0338,0.0417,0.0554,-0.0039,-0.0047,25.11,25.01,17919,20343,2.24,2.543,6.72,7.629,51,51,6,6,0,0,0,0,-0.05822148,-0.20125294,-0.05822148,-0.20125294,-0.21956004,-0.22065918,-0.21956004,-0.22065918,1.22115691,1.22244527,0.00010616,0.00015775,0.00046533,-0.00005849,1.22335,1.22335,0.41984904,0.41988693,0,0
2026-09-28T22:27:29.379228+09:00,61179524,dc7de351,2026-09-28T22:27:29.379228+09:00,2026-09-28T22:27:29.458619+09:00,rail-left-01,rail-right-01,0.6.7-draft,0.6.7-draft,mqtt,mqtt,89.84,70.6,7.095,7.325,0.102,0.101,-0.231,-0.435,10.449,9.653,-0.0645,0.0344,0.0361,0.0561,-0.0027,-0.0055,25.11,25.01,17993,20395,2.249,2.549,6.747,7.648,52,52,6,6,0,0,0,0,-0.07453848,-0.18782767,-0.07453848,-0.18782767,-0.21861649,-0.22200935,-0.21861649,-0.22200935,1.22187667,1.22239155,0.00026545,0.00013617,0.00063867,-0.00028864,1.22335,1.22335,0.41987021,0.41988535,0,0
2026-09-28T22:27:29.399202+09:00,61199498,dc7de351,2026-09-28T22:27:29.399202+09:00,2026-09-28T22:27:29.478593+09:00,rail-left-01,rail-right-01,0.6.7-draft,0.6.7-draft,mqtt,mqtt,90.98,71.54,7.089,7.319,0,0.035,-0.065,-0.26,10.513,9.747,-0.067,0.0345,0.042,0.0597,-0.0087,-0.0052,25.11,25.04,17978,20382,2.247,2.548,6.742,7.643,53,53,6,6,0,0,0,0,-0.0909744,-0.17942804,-0.0909744,-0.17942804,-0.21791195,-0.22315719,-0.21791195,-0.22315719,1.2224619,1.22227056,0.00036912,0.00010633,0.0007317,-0.00045766,1.22335,1.22335,0.41988742,0.4198818,0,0
2026-09-28T22:27:29.419317+09:00,61219613,dc7de351,2026-09-28T22:27:29.419317+09:00,2026-09-28T22:27:29.498708+09:00,rail-left-01,rail-right-01,0.6.7-draft,0.6.7-draft,mqtt,mqtt,92.13,72.44,7.081,7.334,0.016,-0.012,0.011,-0.324,10.382,9.671,-0.0657,0.0337,0.043,0.059,-0.0088,-0.0041,25.11,25.05,17957,20415,2.245,2.552,6.734,7.656,54,54,6,6,0,0,0,0,-0.10744929,-0.17444247,-0.10744929,-0.17444247,-0.21748414,-0.22459377,-0.21748414,-0.22459377,1.22289505,1.22232553,0.00042608,0.00010784,0.00075416,-0.00065382,1.22335,1.22335,0.41990016,0.41988341,0,0
2026-09-28T22:27:29.439375+09:00,61239671,dc7de351,2026-09-28T22:27:29.439375+09:00,2026-09-28T22:27:29.518766+09:00,rail-left-01,rail-right-01,0.6.7-draft,0.6.7-draft,mqtt,mqtt,93.27,73.38,7.063,7.336,-0.036,0.038,0.055,-0.135,10.529,9.677,-0.0661,0.0301,0.0376,0.0552,-0.0075,-0.0081,25.11,25.06,17914,20420,2.239,2.553,6.718,7.658,55,55,6,6,0,0,0,0,-0.12399681,-0.16651007,-0.12399681,-0.16651007,-0.21759506,-0.22601094,-0.21759506,-0.22601094,1.22304631,1.22240028,0.00041973,0.00011234,0.00066738,-0.00082741,1.22335,1.22335,0.41990461,0.41988561,0,0
2026-09-28T22:27:29.459395+09:00,61259691,dc7de351,2026-09-28T22:27:29.459395+09:00,2026-09-28T22:27:29.538786+09:00,rail-left-01,rail-right-01,0.6.7-draft,0.6.7-draft,mqtt,mqtt,94.46,74.33,7.063,7.34,0.092,0.116,-0.087,-0.425,10.489,9.501,-0.0628,0.0353,0.0448,0.0558,-0.006,-0.0067,25.11,25.04,17912,20429,2.239,2.554,6.717,7.661,56,56,6,6,0,0,0,0,-0.14029184,-0.15400921,-0.14029184,-0.15400921,-0.21769983,-0.22745345,-0.21769983,-0.22745345,1.22318917,1.22251526,0.00041317,0.00012242,0.00059358,-0.00098881,1.22335,1.22335,0.41990881,0.41988899,0,0
2026-09-28T22:27:29.479311+09:00,61279607,dc7de351,2026-09-28T22:27:29.479311+09:00,2026-09-28T22:27:29.558702+09:00,rail-left-01,rail-right-01,0.6.7-draft,0.6.7-draft,mqtt,mqtt,95.61,75.22,7.061,7.345,-0.141,-0.146,0.074,-0.227,10.367,9.76,-0.0646,0.0368,0.0426,0.0572,-0.0065,-0.0035,25.12,25.04,17907,20440,2.238,2.555,6.715,7.665,57,57,6,6,0,0,0,0,-0.15698454,-0.1579836,-0.15698454,-0.1579836,-0.21785298,-0.22894096,-0.21785298,-0.22894096,1.22329728,1.22267853,0.00040155,0.00013853,0.00052037,-0.0011428,1.22335,1.22335,0.41991199,0.4198938,0,0
2026-09-28T22:27:29.499299+09:00,61299595,dc7de351,2026-09-28T22:27:29.499299+09:00,2026-09-28T22:27:29.578690+09:00,rail-left-01,rail-right-01,0.6.7-draft,0.6.7-draft,mqtt,mqtt,96.75,76.17,7.047,7.346,0.177,0.186,0.079,-0.042,10.508,9.9,-0.065,0.0325,0.0422,0.058,-0.0104,-0.0105,25.12,25.02,17873,20443,2.234,2.555,6.702,7.666,58,58,6,6,0,0,0,0,-0.17307504,-0.14223549,-0.17307504,-0.14223549,-0.21836649,-0.23038733,-0.21836649,-0.23038733,1.22321548,1.22284542,0.00035818,0.0001539,0.00039223,-0.00127912,1.22335,1.22335,0.41990959,0.4198987,0,0
2026-09-28T22:27:29.519254+09:00,61319550,dc7de351,2026-09-28T22:27:29.519254+09:00,2026-09-28T22:27:29.598645+09:00,rail-left-01,rail-right-01,0.6.7-draft,0.6.7-draft,mqtt,mqtt,97.9,77.06,7.046,7.363,-0.092,-0.016,0.051,-0.223,10.481,9.523,-0.0648,0.0334,0.0441,0.0581,-0.0051,-0.0035,25.12,25.05,17870,20480,2.234,2.56,6.701,7.68,59,59,6,6,0,0,0,0,-0.18937966,-0.13874623,-0.18937966,-0.13874623,-0.21887931,-0.23212159,-0.21887931,-0.23212159,1.22312507,1.22317896,0.00031817,0.00019034,0.0002778,-0.00144383,1.22335,1.22335,0.41990693,0.41990851,0,0
2026-09-28T22:27:29.539296+09:00,61339592,dc7de351,2026-09-28T22:27:29.539296+09:00,2026-09-28T22:27:29.618687+09:00,rail-left-01,rail-right-01,0.6.7-draft,0.6.7-draft,mqtt,mqtt,99.09,78.01,7.027,7.367,0.026,0.031,-0.03,-0.393,10.414,9.675,-0.0655,0.0336,0.0372,0.053,-0.0077,-0.0077,25.11,25.02,17824,20489,2.228,2.561,6.684,7.683,60,60,6,6,0,0,0,0,-0.20542829,-0.13271992,-0.20542829,-0.13271992,-0.21984149,-0.23386649,-0.21984149,-0.23386649,1.22280167,1.22353917,0.00024369,0.00022763,0.00010015,-0.00159855,1.22335,1.22335,0.41989742,0.41991911,0,0
2026-09-28T22:27:29.691548+09:00,61516431,dc7de351,2026-09-28T22:27:29.691548+09:00,2026-09-28T22:27:29.786462+09:00,rail-left-01,rail-right-01,0.6.7-draft,0.6.7-draft,mqtt,mqtt,109.33,86.21,7.027,7.365,-0.048,-0.08,-0.045,-0.323,10.295,9.783,-0.0646,0.0304,0.0382,0.0561,-0.0089,-0.0035,25.12,25.04,17822,20484,2.228,2.561,6.683,7.682,61,61,7,7,0,0,0,0,-0.13387634,-0.29655936,-0.13387634,-0.29655936,-0.23554296,-0.31036649,-0.23554296,-0.31036649,1.22388525,1.24368917,0.00026436,0,-0.00174091,0,1.22335,0.69635,0.41992929,0.39790287,0,0
2026-09-28T22:27:29.711689+09:00,61536572,dc7de351,2026-09-28T22:27:29.711689+09:00,2026-09-28T22:27:29.806603+09:00,rail-left-01,rail-right-01,0.6.7-draft,0.6.7-draft,mqtt,mqtt,110.47,87.16,7.063,7.407,0.017,0.041,-0.129,-0.36,10.399,9.768,-0.0661,0.0285,0.0382,0.0589,-0.0073,-0.0069,25.12,25.04,17914,20577,2.239,2.572,6.718,7.716,62,62,7,7,0,0,0,0,-0.13571629,-0.12566776,-0.13571629,-0.12566776,-0.23646265,-0.33136649,-0.23646265,-0.33136649,1.22456417,1.25418917,0.00034595,0.04421053,-0.00175809,-0.08842105,1.22335,0.69635,0.41994926,0.39821169,0,0
2026-09-28T22:27:29.731710+09:00,61556593,dc7de351,2026-09-28T22:27:29.731710+09:00,2026-09-28T22:27:29.826624+09:00,rail-left-01,rail-right-01,0.6.7-draft,0.6.7-draft,mqtt,mqtt,111.67,88.1,7.057,7.407,0.006,0.056,0.004,-0.285,10.382,9.544,-0.0699,0.0301,0.0401,0.0566,-0.0063,-0.0069,25.11,25.01,17897,20577,2.237,2.572,6.711,7.716,63,63,7,7,0,0,0,0,-0.13821201,-0.05424512,-0.13821201,-0.05424512,-0.23746083,-0.33836649,-0.23746083,-0.33836649,1.22516087,1.25768917,0.00040772,0.02226121,-0.00178601,-0.04452241,1.22335,0.69635,0.41996681,0.39831463,0,0
2026-09-28T22:27:29.751684+09:00,61576567,dc7de351,2026-09-28T22:27:29.751684+09:00,2026-09-28T22:27:29.846598+09:00,rail-left-01,rail-right-01,0.6.7-draft,0.6.7-draft,mqtt,mqtt,112.81,89.05,7.038,7.401,0.011,0.073,-0.047,-0.18,10.387,9.782,-0.0659,0.0337,0.0406,0.0589,-0.0061,-0.0045,25.12,25.02,17851,20564,2.231,2.571,6.694,7.712,64,64,7,7,0,0,0,0,-0.14129306,-0.00678943,-0.14129306,-0.00678943,-0.2387739,-0.34036649,-0.2387739,-0.34036649,1.22555954,1.25868917,0.00043691,0.01142448,-0.00185525,-0.02284897,1.22335,0.69635,0.41997853,0.39834404,0,0
2026-09-28T22:27:29.771894+09:00,61596777,dc7de351,2026-09-28T22:27:29.771894+09:00,2026-09-28T22:27:29.866808+09:00,rail-left-01,rail-right-01,0.6.7-draft,0.6.7-draft,mqtt,mqtt,113.95,89.99,7.026,7.409,0.038,-0.044,0.04,-0.312,10.347,9.772,-0.0678,0.0334,0.0422,0.0585,-0.0059,-0.0045,25.11,25.02,17821,20582,2.228,2.573,6.683,7.718,65,65,7,7,0,0,0,0,-0.14487067,-0.04442926,-0.14487067,-0.04442926,-0.2402574,-0.34316649,-0.2402574,-0.34316649,1.22583462,1.26008917,0.00044757,0.00868416,-0.00194169,-0.01736832,1.22335,0.69635,0.41998662,0.39838522,0,0
2026-09-28T22:27:29.791923+09:00,61616806,dc7de351,2026-09-28T22:27:29.791923+09:00,2026-09-28T22:27:29.886837+09:00,rail-left-01,rail-right-01,0.6.7-draft,0.6.7-draft,mqtt,mqtt,115.15,90.93,7.029,7.413,-0.086,-0.062,0.283,-0.034,10.25,9.736,-0.0636,0.0325,0.0381,0.0498,-0.0099,-0.0004,25.09,25.03,17829,20590,2.229,2.574,6.686,7.721,66,66,7,7,0,0,0,0,-0.14909426,-0.07807304,-0.14909426,-0.07807304,-0.24163435,-0.34569983,-0.24163435,-0.34569983,1.22612667,1.26135584,0.00045973,0.00726988,-0.00200834,-0.01453977,1.22335,0.69635,0.41999521,0.39842248,0,0
2026-09-28T22:27:29.811700+09:00,61636583,dc7de351,2026-09-28T22:27:29.811700+09:00,2026-09-28T22:27:29.906614+09:00,rail-left-01,rail-right-01,0.6.7-draft,0.6.7-draft,mqtt,mqtt,116.29,91.83,7.038,7.409,0.037,0.059,0.006,-0.521,10.463,9.536,-0.0659,0.027,0.0408,0.0548,-0.0121,-0.0059,25.13,25.02,17851,20582,2.231,2.573,6.694,7.718,67,67,7,7,0,0,0,0,-0.15368279,-0.05303215,-0.15368279,-0.05303215,-0.24280509,-0.34693792,-0.24280509,-0.34693792,1.22648741,1.26197488,0.00047959,0.00557269,-0.00204545,-0.01114538,1.22335,0.69635,0.42000582,0.39844068,0,0
2026-09-28T22:27:29.831649+09:00,61656532,dc7de351,2026-09-28T22:27:29.831649+09:00,2026-09-28T22:27:29.926563+09:00,rail-left-01,rail-right-01,0.6.7-draft,0.6.7-draft,mqtt,mqtt,117.43,92.77,7.027,7.403,-0.145,-0.129,0.022,-0.208,10.619,9.789,-0.067,0.0246,0.0365,0.0521,-0.0073,-0.0052,25.09,25.02,17823,20569,2.228,2.571,6.684,7.713,68,68,7,7,0,0,0,0,-0.15890241,-0.10075571,-0.15890241,-0.10075571,-0.24412511,-0.34711649,-0.24412511,-0.34711649,1.22674089,1.26206417,0.00048538,0.00385773,-0.00209859,-0.00771547,1.22335,0.69635,0.42001328,0.39844331,0,0
2026-09-28T22:27:29.851614+09:00,61676497,dc7de351,2026-09-28T22:27:29.851614+09:00,2026-09-28T22:27:29.946528+09:00,rail-left-01,rail-right-01,0.6.7-draft,0.6.7-draft,mqtt,mqtt,118.58,93.72,7.036,7.386,0.036,0.091,-0.036,-0.378,10.378,9.711,-0.0648,0.0232,0.0329,0.0501,-0.0077,-0.0067,25.09,25.03,17845,20530,2.231,2.566,6.692,7.699,69,69,7,7,0,0,0,0,-0.16432423,-0.06877467,-0.16432423,-0.06877467,-0.24524785,-0.34536649,-0.24524785,-0.34536649,1.22706205,1.26118917,0.00049884,0.0015803,-0.00212598,-0.00316059,1.22335,0.69635,0.42002272,0.39841757,0,0
2026-09-28T22:27:29.871928+09:00,61696811,dc7de351,2026-09-28T22:27:29.871928+09:00,2026-09-28T22:27:29.966842+09:00,rail-left-01,rail-right-01,0.6.7-draft,0.6.7-draft,mqtt,mqtt,119.77,94.66,7.034,7.355,-0.025,0.095,0.121,-0.138,10.503,9.817,-0.0634,0.0281,0.0334,0.048,-0.0023,-0.0001,25.12,25.03,17841,20462,2.23,2.558,6.69,7.673,70,70,7,7,0,0,0,0,-0.17004799,-0.04215956,-0.17004799,-0.04215956,-0.24636649,-0.34086649,-0.24636649,-0.34086649,1.22735584,1.25893917,0.00050847,-0.00147164,-0.00215195,0.00294328,1.22335,0.69635,0.42003136,0.3983514,0,0
2026-09-28T22:27:30.019662+09:00,61865453,dc7de351,2026-09-28T22:27:30.019662+09:00,2026-09-28T22:27:30.103044+09:00,rail-left-01,rail-right-01,0.6.7-draft,0.6.7-draft,mqtt,mqtt,129.62,102.57,7.026,7.343,0.034,0.03,-0.096,-0.247,10.329,9.713,-0.0618,0.0281,0.0365,0.052,-0.0077,-0.0099,25.11,25.01,17821,20436,2.228,2.555,6.683,7.664,71,71,8,8,0,0,0,0,-0.04196548,-0.10849187,-0.04196548,-0.10849187,-0.33791195,-0.25374744,-0.33791195,-0.25374744,1.25673462,1.28071298,-0.00288041,0.00362779,0.00413904,0.01465172,0.69635,0.85135,0.39828656,0.3989918,0,0
2026-09-28T22:27:30.039827+09:00,61885618,dc7de351,2026-09-28T22:27:30.039827+09:00,2026-09-28T22:27:30.123209+09:00,rail-left-01,rail-right-01,0.6.7-draft,0.6.7-draft,mqtt,mqtt,130.76,103.51,7.196,7.319,0.005,0.034,0.293,-0.318,10.393,9.511,-0.0626,0.0356,0.043,0.0562,-0.0091,-0.0091,25.1,25.03,18243,20383,2.28,2.548,6.841,7.644,72,72,8,8,0,0,0,0,-0.04496954,-0.10329922,-0.04496954,-0.10329922,-0.32128316,-0.24854831,-0.32128316,-0.24854831,1.26198084,1.28082553,0.0020474,0.00307554,0.01427297,0.01390755,0.69635,0.85135,0.39844086,0.39899511,0,0
2026-09-28T22:27:30.059792+09:00,61905583,dc7de351,2026-09-28T22:27:30.059792+09:00,2026-09-28T22:27:30.143174+09:00,rail-left-01,rail-right-01,0.6.7-draft,0.6.7-draft,mqtt,mqtt,131.95,104.46,7.174,7.313,-0.002,0.062,0.103,-0.354,10.551,9.703,-0.0654,0.0336,0.0364,0.0505,-0.0069,-0.0093,25.11,25.04,18188,20369,2.274,2.546,6.821,7.638,73,73,8,8,0,0,0,0,-0.05007906,-0.09509595,-0.05007906,-0.09509595,-0.30890495,-0.24354041,-0.30890495,-0.24354041,1.26557378,1.28079786,0.00341684,0.00264106,0.01686251,0.01338825,0.74435,0.85135,0.39854653,0.3989943,0,0
2026-09-28T22:27:30.079774+09:00,61925565,dc7de351,2026-09-28T22:27:30.079774+09:00,2026-09-28T22:27:30.163156+09:00,rail-left-01,rail-right-01,0.6.7-draft,0.6.7-draft,mqtt,mqtt,133.15,105.35,7.176,7.304,0.02,0.054,0.047,-0.18,10.336,9.764,-0.0653,0.0341,0.0388,0.0572,-0.0069,-0.0064,25.08,25.04,18194,20350,2.274,2.544,6.823,7.631,74,74,8,8,0,0,0,0,-0.05666821,-0.0885328,-0.05666821,-0.0885328,-0.29815221,-0.23857483,-0.29815221,-0.23857483,1.26872488,1.280585,0.00407724,0.00226629,0.01790937,0.01304579,0.74435,0.85135,0.39863921,0.39898804,0,0
2026-09-28T22:27:30.100005+09:00,61945796,dc7de351,2026-09-28T22:27:30.100005+09:00,2026-09-28T22:27:30.183387+09:00,rail-left-01,rail-right-01,0.6.7-draft,0.6.7-draft,mqtt,mqtt,134.29,106.35,7.166,7.302,0.011,-0.023,0.089,-0.174,10.658,9.855,-0.0598,0.0325,0.0384,0.0568,-0.0105,-0.0084,25.1,25.03,18169,20344,2.271,2.543,6.813,7.629,75,75,8,8,0,0,0,0,-0.06444934,-0.09120546,-0.06444934,-0.09120546,-0.28949983,-0.23392649,-0.28949983,-0.23392649,1.2711225,1.28034917,0.00426566,0.00196323,0.01797587,0.01274412,0.85135,0.85135,0.39870973,0.3989811,0,0
2026-09-28T22:27:30.119995+09:00,61965786,dc7de351,2026-09-28T22:27:30.119995+09:00,2026-09-28T22:27:30.203377+09:00,rail-left-01,rail-right-01,0.6.7-draft,0.6.7-draft,mqtt,mqtt,135.48,107.24,7.175,7.294,-0.036,0.045,0.195,-0.318,10.429,9.771,-0.0626,0.0321,0.0356,0.0513,-0.0063,-0.0063,25.11,25.05,18191,20328,2.274,2.541,6.822,7.623,76,76,8,8,0,0,0,0,-0.07331723,-0.08627941,-0.07331723,-0.08627941,-0.28136649,-0.22932803,-0.28136649,-0.22932803,1.27350167,1.27997763,0.00443181,0.00168686,0.01797959,0.01253132,0.85135,0.85135,0.39877971,0.39897018,0,0
2026-09-28T22:27:30.139758+09:00,61985549,dc7de351,2026-09-28T22:27:30.139758+09:00,2026-09-28T22:27:30.223140+09:00,rail-left-01,rail-right-01,0.6.7-draft,0.6.7-draft,mqtt,mqtt,136.63,108.19,7.181,7.29,0.032,0.029,-0.133,-0.408,10.497,9.55,-0.0626,0.0325,0.0409,0.0558,-0.0087,-0.0104,25.13,25.02,18206,20318,2.276,2.54,6.827,7.619,77,77,8,8,0,0,0,0,-0.08272733,-0.08340251,-0.08272733,-0.08340251,-0.27383708,-0.22492205,-0.27383708,-0.22492205,1.2757774,1.27955954,0.00455392,0.00144544,0.01789526,0.01234704,0.85135,0.85135,0.39884664,0.39895788,0,0
2026-09-28T22:27:30.159758+09:00,62005549,dc7de351,2026-09-28T22:27:30.159758+09:00,2026-09-28T22:27:30.243140+09:00,rail-left-01,rail-right-01,0.6.7-draft,0.6.7-draft,mqtt,mqtt,137.82,109.13,7.167,7.282,-0.023,-0.01,-0.059,-0.318,10.36,9.734,-0.0667,0.0349,0.0349,0.0517,-0.0068,-0.0072,25.12,25.04,18171,20301,2.271,2.538,6.814,7.613,78,78,8,8,0,0,0,0,-0.0926938,-0.08468607,-0.0926938,-0.08468607,-0.26792205,-0.22054506,-0.26792205,-0.22054506,1.27741139,1.27902845,0.00446826,0.00121617,0.01739661,0.01221425,0.85135,0.85135,0.3988947,0.39894226,0,0
2026-09-28T22:27:30.179748+09:00,62025539,dc7de351,2026-09-28T22:27:30.179748+09:00,2026-09-28T22:27:30.263130+09:00,rail-left-01,rail-right-01,0.6.7-draft,0.6.7-draft,mqtt,mqtt,139.01,110.08,7.167,7.268,0.02,0.014,0.023,-0.103,10.44,9.726,-0.063,0.0356,0.0362,0.0521,-0.0096,-0.0075,25.12,25.04,18172,20270,2.272,2.534,6.815,7.601,79,79,8,8,0,0,0,0,-0.10286297,-0.08353024,-0.10286297,-0.08353024,-0.26262965,-0.21598718,-0.26262965,-0.21598718,1.27887338,1.27829262,0.00436258,0.00097648,0.01686355,0.01216092,0.85135,0.85135,0.3989377,0.39892062,0,0
2026-09-28T22:27:30.200445+09:00,62046236,dc7de351,2026-09-28T22:27:30.200445+09:00,2026-09-28T22:27:30.283827+09:00,rail-left-01,rail-right-01,0.6.7-draft,0.6.7-draft,mqtt,mqtt,140.21,111.02,7.159,7.248,-0.032,-0.03,-0.041,-0.439,10.43,9.652,-0.0622,0.0396,0.0412,0.0553,-0.0104,-0.0073,25.08,25.04,18153,20226,2.269,2.528,6.807,7.585,80,80,8,8,0,0,0,0,-0.11363202,-0.08664227,-0.11363202,-0.08664227,-0.25826649,-0.21106649,-0.25826649,-0.21106649,1.27998917,1.2772725,0.00418626,0.0007108,0.01619656,0.01220722,0.85135,0.85135,0.39897052,0.39889061,0,0
2026-09-28T22:27:30.376724+09:00,62183440,dc7de351,2026-09-28T22:27:30.376724+09:00,2026-09-28T22:27:30.458935+09:00,rail-left-01,rail-right-01,0.6.7-draft,0.6.7-draft,mqtt,mqtt,148.26,117.48,7.144,7.242,-0.182,-0.127,-0.051,-0.314,10.53,9.675,-0.0658,0.0277,0.0382,0.0568,-0.0095,-0.008,25.1,25.03,18114,20211,2.264,2.526,6.793,7.579,81,81,9,9,0,0,0,0,-0.1043879,-0.25810468,-0.1043879,-0.25810468,-0.20694714,-0.19136649,-0.20694714,-0.19136649,1.27607627,1.25989649,0.00035581,-0.0019509,0.0117801,0.00691834,0.85135,0.85135,0.39885543,0.39837955,0,0
2026-09-28T22:27:30.396780+09:00,62203496,dc7de351,2026-09-28T22:27:30.396780+09:00,2026-09-28T22:27:30.478991+09:00,rail-left-01,rail-right-01,0.6.7-draft,0.6.7-draft,mqtt,mqtt,149.45,118.43,7.151,7.208,0.124,0.093,-0.037,-0.232,10.333,9.558,-0.0669,0.0332,0.0394,0.0592,-0.008,-0.0052,25.1,25.02,18131,20136,2.266,2.517,6.799,7.551,82,82,9,9,0,0,0,0,-0.12156703,-0.24839141,-0.12156703,-0.24839141,-0.20286649,-0.19055697,-0.20286649,-0.19055697,1.27506417,1.25759393,0.00010206,-0.0021781,0.01144822,0.00653822,0.85135,0.85135,0.39882566,0.39831183,0,0
2026-09-28T22:27:30.416768+09:00,62223484,dc7de351,2026-09-28T22:27:30.416768+09:00,2026-09-28T22:27:30.498979+09:00,rail-left-01,rail-right-01,0.6.7-draft,0.6.7-draft,mqtt,mqtt,150.6,119.37,7.127,7.206,-0.055,-0.041,0.107,-0.196,10.552,9.928,-0.0695,0.0324,0.0365,0.0553,-0.0087,-0.0092,25.11,25.04,18071,20132,2.259,2.517,6.777,7.55,83,83,9,9,0,0,0,0,-0.13875552,-0.24800994,-0.13875552,-0.24800994,-0.19976043,-0.18973859,-0.19976043,-0.18973859,1.27374977,1.25537522,-0.00017306,-0.00236952,0.01099771,0.00621397,0.85135,0.85135,0.398787,0.39824658,0,0
2026-09-28T22:27:30.436969+09:00,62243685,dc7de351,2026-09-28T22:27:30.436969+09:00,2026-09-28T22:27:30.519180+09:00,rail-left-01,rail-right-01,0.6.7-draft,0.6.7-draft,mqtt,mqtt,151.79,120.32,7.124,7.214,0.079,0.012,0.085,-0.333,10.494,9.771,-0.0658,0.032,0.0414,0.0605,-0.0083,-0.0053,25.12,25.03,18065,20149,2.258,2.519,6.774,7.556,84,84,9,9,0,0,0,0,-0.15556907,-0.24425258,-0.15556907,-0.24425258,-0.19692532,-0.18913922,-0.19692532,-0.18913922,1.27246858,1.25334826,-0.00040352,-0.0025155,0.01057942,0.00590085,0.85135,0.85135,0.39874932,0.39818696,0,0
2026-09-28T22:27:30.456865+09:00,62263581,dc7de351,2026-09-28T22:27:30.456865+09:00,2026-09-28T22:27:30.539076+09:00,rail-left-01,rail-right-01,0.6.7-draft,0.6.7-draft,mqtt,mqtt,152.98,121.26,7.106,7.218,0.025,0.024,-0.162,-0.233,10.506,9.663,-0.0695,0.0333,0.0424,0.0598,-0.008,-0.0063,25.13,25.02,18020,20159,2.253,2.52,6.758,7.56,85,85,9,9,0,0,0,0,-0.17219079,-0.2399077,-0.17219079,-0.2399077,-0.19476649,-0.18865538,-0.19476649,-0.18865538,1.27100345,1.25145584,-0.00063858,-0.00263104,0.01010891,0.0056101,0.85135,0.85135,0.39870623,0.3981313,0,0
2026-09-28T22:27:30.477086+09:00,62283802,dc7de351,2026-09-28T22:27:30.477086+09:00,2026-09-28T22:27:30.559297+09:00,rail-left-01,rail-right-01,0.6.7-draft,0.6.7-draft,mqtt,mqtt,154.18,122.26,7.087,7.214,-0.008,0.049,0.128,-0.242,10.335,9.767,-0.0665,0.0358,0.0394,0.0553,-0.0065,-0.0033,25.11,25.04,17972,20150,2.247,2.519,6.74,7.556,86,86,9,9,0,0,0,0,-0.1886752,-0.23419635,-0.1886752,-0.23419635,-0.19325538,-0.18810562,-0.19325538,-0.18810562,1.26935584,1.24960221,-0.00087858,-0.00273345,0.00959524,0.00536108,0.85135,0.85135,0.39865777,0.39807678,0,0
2026-09-28T22:27:30.497232+09:00,62303948,dc7de351,2026-09-28T22:27:30.497232+09:00,2026-09-28T22:27:30.579443+09:00,rail-left-01,rail-right-01,0.6.7-draft,0.6.7-draft,mqtt,mqtt,155.32,123.2,7.072,7.218,0.011,-0.029,-0.057,-0.406,10.581,9.843,-0.0634,0.0302,0.042,0.0605,-0.01,-0.0081,25.12,25.04,17934,20159,2.242,2.52,6.725,7.56,87,87,9,9,0,0,0,0,-0.20498236,-0.23344481,-0.20498236,-0.23344481,-0.19223136,-0.18766436,-0.19223136,-0.18766436,1.26759457,1.24787002,-0.00111203,-0.00281363,0.00907057,0.00512509,0.85135,0.85135,0.39860597,0.39802583,0,0
2026-09-28T22:27:30.516874+09:00,62323590,dc7de351,2026-09-28T22:27:30.516874+09:00,2026-09-28T22:27:30.599085+09:00,rail-left-01,rail-right-01,0.6.7-draft,0.6.7-draft,mqtt,mqtt,156.46,124.1,7.059,7.221,0.061,0.071,0.196,-0.05,10.394,9.734,-0.0657,0.0338,0.0392,0.0525,-0.0069,-0.0053,25.11,25.03,17902,20165,2.238,2.521,6.713,7.562,88,88,9,9,0,0,0,0,-0.22090172,-0.22679606,-0.22090172,-0.22679606,-0.19160333,-0.18730399,-0.19160333,-0.18730399,1.26575496,1.24624125,-0.00133516,-0.00287663,0.00854772,0.00490348,0.85135,0.85135,0.39855186,0.39797793,0,0
2026-09-28T22:27:30.536823+09:00,62343539,dc7de351,2026-09-28T22:27:30.536823+09:00,2026-09-28T22:27:30.619034+09:00,rail-left-01,rail-right-01,0.6.7-draft,0.6.7-draft,mqtt,mqtt,157.66,125.04,7.051,7.22,-0.034,-0.03,0.083,-0.458,10.476,9.622,-0.0657,0.0324,0.0416,0.0592,-0.0089,-0.0088,25.12,25.02,17883,20163,2.235,2.52,6.706,7.561,89,89,9,9,0,0,0,0,-0.23675262,-0.22632981,-0.23675262,-0.22632981,-0.19121265,-0.18693792,-0.19121265,-0.18693792,1.26390712,1.24466876,-0.0015393,-0.00293019,0.00804654,0.00470405,0.85135,0.85135,0.39849751,0.39793168,0,0
2026-09-28T22:27:30.556781+09:00,62363497,dc7de351,2026-09-28T22:27:30.556781+09:00,2026-09-28T22:27:30.638992+09:00,rail-left-01,rail-right-01,0.6.7-draft,0.6.7-draft,mqtt,mqtt,158.8,125.99,7.03,7.217,-0.041,-0.01,-0.095,-0.302,10.324,9.675,-0.065,0.0324,0.041,0.0581,-0.0089,-0.0065,25.11,25.04,17831,20156,2.229,2.52,6.687,7.559,90,90,9,9,0,0,0,0,-0.25252487,-0.22472544,-0.25252487,-0.22472544,-0.19136649,-0.18652649,-0.19136649,-0.18652649,1.26188917,1.24312917,-0.00175208,-0.00297811,0.0075166,0.00452849,0.85135,0.85135,0.39843816,0.3978864,0,0
2026-09-28T22:27:30.701318+09:00,62537450,dc7de351,2026-09-28T22:27:30.701318+09:00,2026-09-28T22:27:30.742362+09:00,rail-left-01,rail-right-01,0.6.7-draft,0.6.7-draft,mqtt,mqtt,168.99,134.19,7.016,7.205,0.016,0.019,-0.152,-0.274,10.393,9.857,-0.0621,0.034,0.0409,0.0614,-0.0071,-0.0059,25.13,25.07,17795,20129,2.224,2.516,6.673,7.548,91,91,10,10,0,0,0,0,-0.22870152,-0.61814964,-0.22870152,-0.61814964,-0.18640571,-0.28836649,-0.18640571,-0.28836649,1.2415127,1.10468917,-0.00300661,-0.0045726,0.00423435,-0.00517717,0.85135,0.92135,0.39783885,0.38415842,0,0
2026-09-28T22:27:30.721406+09:00,62557538,dc7de351,2026-09-28T22:27:30.721406+09:00,2026-09-28T22:27:30.762450+09:00,rail-left-01,rail-right-01,0.6.7-draft,0.6.7-draft,mqtt,mqtt,170.19,135.13,6.965,7.281,0.02,0.157,-0.047,-0.254,10.584,9.65,-0.0644,0.0309,0.0409,0.0566,-0.0131,-0.0077,25.12,25.03,17668,20298,2.209,2.537,6.626,7.612,92,92,10,10,0,0,0,0,-0.23323944,-0.51609423,-0.23323944,-0.51609423,-0.18727034,-0.30122364,-0.18727034,-0.30122364,1.23946801,1.10768917,-0.00309414,-0.00072504,0.00383939,-0.01094535,0.85135,0.92135,0.39777872,0.38424413,0,0
2026-09-28T22:27:30.741363+09:00,62577495,dc7de351,2026-09-28T22:27:30.741363+09:00,2026-09-28T22:27:30.782407+09:00,rail-left-01,rail-right-01,0.6.7-draft,0.6.7-draft,mqtt,mqtt,171.38,136.08,6.959,7.294,-0.032,-0.032,0.12,-0.304,10.293,9.558,-0.061,0.0332,0.0389,0.058,-0.0085,-0.0039,25.1,25.04,17653,20327,2.207,2.541,6.62,7.623,93,93,10,10,0,0,0,0,-0.23836308,-0.50667346,-0.23836308,-0.50667346,-0.18821555,-0.31249149,-0.18821555,-0.31249149,1.23744389,1.11075167,-0.00317278,0.000998,0.00347686,-0.0133764,0.85135,0.92135,0.39771918,0.38433163,0,0
2026-09-28T22:27:30.761501+09:00,62597633,dc7de351,2026-09-28T22:27:30.761501+09:00,2026-09-28T22:27:30.802545+09:00,rail-left-01,rail-right-01,0.6.7-draft,0.6.7-draft,mqtt,mqtt,172.52,137.02,6.952,7.301,0.049,0.004,0.119,-0.393,10.59,9.741,-0.065,0.0348,0.0408,0.0564,-0.0108,-0.0069,25.13,25.04,17637,20342,2.205,2.543,6.614,7.628,94,94,10,10,0,0,0,0,-0.24387167,-0.4876345,-0.24387167,-0.4876345,-0.18925538,-0.32203316,-0.18925538,-0.32203316,1.23542991,1.1135225,-0.00324528,0.00197747,0.00313984,-0.01458736,0.85135,0.92135,0.39765995,0.3844108,0,0
2026-09-28T22:27:30.781653+09:00,62617785,dc7de351,2026-09-28T22:27:30.781653+09:00,2026-09-28T22:27:30.822697+09:00,rail-left-01,rail-right-01,0.6.7-draft,0.6.7-draft,mqtt,mqtt,173.72,137.97,6.941,7.304,-0.016,-0.057,-0.077,-0.175,10.473,9.922,-0.0608,0.0333,0.0408,0.0597,-0.0093,-0.0095,25.12,25.04,17610,20349,2.201,2.544,6.604,7.631,95,95,10,10,0,0,0,0,-0.24985248,-0.48914392,-0.24985248,-0.48914392,-0.1904574,-0.32996649,-0.1904574,-0.32996649,1.23338917,1.11588917,-0.00331693,0.0025627,0.00281498,-0.01512763,0.85135,0.92135,0.39759993,0.38447842,0,0
2026-09-28T22:27:30.801669+09:00,62637801,dc7de351,2026-09-28T22:27:30.801669+09:00,2026-09-28T22:27:30.842713+09:00,rail-left-01,rail-right-01,0.6.7-draft,0.6.7-draft,mqtt,mqtt,174.91,138.91,6.929,7.316,-0.017,0.109,0.122,-0.287,10.685,9.535,-0.0646,0.0333,0.0441,0.0554,-0.0084,-0.0028,25.12,25.06,17580,20376,2.197,2.547,6.592,7.641,96,96,10,10,0,0,0,0,-0.61003981,-0.44829938,-0.61003981,-0.44829938,-0.26736649,-0.33754831,-0.26736649,-0.33754831,1.11718917,1.11837099,0,0.00309723,0,-0.01563685,0.87835,0.92135,0.38451556,0.38454933,0,0
2026-09-28T22:27:30.821433+09:00,62657565,dc7de351,2026-09-28T22:27:30.821433+09:00,2026-09-28T22:27:30.862478+09:00,rail-left-01,rail-right-01,0.6.7-draft,0.6.7-draft,mqtt,mqtt,176.05,139.86,6.923,7.324,-0.181,-0.12,0.068,-0.458,10.454,9.612,-0.0652,0.0306,0.0454,0.062,-0.0111,-0.0099,25.12,25.05,17565,20393,2.196,2.549,6.587,7.647,97,97,10,10,0,0,0,0,-0.63696438,-0.46836456,-0.63696438,-0.46836456,-0.27036649,-0.34453316,-0.27036649,-0.34453316,1.11568917,1.1207725,-0.00526316,0.00353563,-0.01052632,-0.01599938,0.87835,0.92135,0.3844727,0.38461794,0,0
2026-09-28T22:27:30.841401+09:00,62677533,dc7de351,2026-09-28T22:27:30.841401+09:00,2026-09-28T22:27:30.882445+09:00,rail-left-01,rail-right-01,0.6.7-draft,0.6.7-draft,mqtt,mqtt,177.25,140.8,6.912,7.335,0.079,0.135,-0.287,-0.243,10.728,9.827,-0.0626,0.0348,0.0368,0.0581,-0.0129,-0.0144,25.12,25.04,17537,20419,2.192,2.552,6.576,7.657,98,98,10,10,0,0,0,0,-0.65236117,-0.42974636,-0.65236117,-0.42974636,-0.27503316,-0.35128957,-0.27503316,-0.35128957,1.11335584,1.12322763,-0.00728162,0.00394983,-0.01456325,-0.01635013,0.92135,0.92135,0.38440604,0.38468809,0,0
2026-09-28T22:27:30.861375+09:00,62697507,dc7de351,2026-09-28T22:27:30.861375+09:00,2026-09-28T22:27:30.902419+09:00,rail-left-01,rail-right-01,0.6.7-draft,0.6.7-draft,mqtt,mqtt,178.39,141.75,6.908,7.347,0.053,0.024,-0.073,-0.144,10.217,9.644,-0.0665,0.0333,0.044,0.06,-0.0073,-0.002,25.13,25,17528,20444,2.191,2.556,6.573,7.667,99,99,10,10,0,0,0,0,-0.66635432,-0.41907192,-0.66635432,-0.41907192,-0.27836649,-0.35793792,-0.27836649,-0.35793792,1.11168917,1.1257606,-0.00636734,0.0043549,-0.01273468,-0.01671133,0.92135,0.92135,0.38435842,0.38476046,0,0
2026-09-28T22:27:30.881619+09:00,62717751,dc7de351,2026-09-28T22:27:30.881619+09:00,2026-09-28T22:27:30.922663+09:00,rail-left-01,rail-right-01,0.6.7-draft,0.6.7-draft,mqtt,mqtt,179.58,142.69,6.882,7.35,-0.123,-0.103,0.042,-0.26,10.592,9.573,-0.0633,0.0341,0.0436,0.0542,-0.0117,-0.0051,25.11,25.04,17462,20452,2.183,2.557,6.548,7.67,100,100,10,10,0,0,0,0,-0.68350083,-0.43394164,-0.68350083,-0.43394164,-0.28556649,-0.36389983,-0.28556649,-0.36389983,1.10808917,1.12805584,-0.00934713,0.00464734,-0.01869426,-0.01687392,0.92135,0.92135,0.38425556,0.38482604,0,0
2026-09-28T22:27:31.025970+09:00,62823457,dc7de351,2026-09-28T22:27:31.025970+09:00,2026-09-28T22:27:31.110238+09:00,rail-left-01,rail-right-01,0.6.7-draft,0.6.7-draft,mqtt,mqtt,185.8,147.66,6.879,7.354,0.06,0.043,-0.06,-0.685,10.684,9.688,-0.0597,0.0322,0.0448,0.0516,-0.0104,0.0043,25.1,25.02,17455,20460,2.182,2.558,6.546,7.673,101,101,11,11,0,0,0,0,-0.45952016,-0.61284031,-0.45952016,-0.61284031,-0.36930399,-0.40121265,-0.36930399,-0.40121265,1.12997042,1.14080455,0.00450412,0.00289694,-0.01566588,-0.00978027,0.92135,0.92135,0.38488074,0.38519028,0,0
2026-09-28T22:27:31.046090+09:00,62843577,dc7de351,2026-09-28T22:27:31.046090+09:00,2026-09-28T22:27:31.130358+09:00,rail-left-01,rail-right-01,0.6.7-draft,0.6.7-draft,mqtt,mqtt,186.99,148.61,6.875,7.388,-0.18,-0.084,-0.186,-0.23,10.272,9.772,-0.0632,0.0324,0.044,0.0536,-0.0084,-0.0041,25.12,25.04,17445,20535,2.181,2.567,6.542,7.701,102,102,11,11,0,0,0,0,-0.48523059,-0.58930467,-0.48523059,-0.58930467,-0.37430767,-0.40562575,-0.37430767,-0.40562575,1.13154211,1.14157806,0.00430759,0.00277844,-0.01479992,-0.0098548,0.92135,0.92135,0.38492564,0.38521238,0,0
2026-09-28T22:27:31.066012+09:00,62863499,dc7de351,2026-09-28T22:27:31.066012+09:00,2026-09-28T22:27:31.150280+09:00,rail-left-01,rail-right-01,0.6.7-draft,0.6.7-draft,mqtt,mqtt,188.18,149.55,6.879,7.386,0.072,0.12,-0.007,-0.136,10.6,9.7,-0.0641,0.0336,0.0438,0.0546,-0.0101,-0.0024,25.13,25.04,17455,20532,2.182,2.567,6.546,7.7,103,103,11,11,0,0,0,0,-0.50935131,-0.54677244,-0.50935131,-0.54677244,-0.37853316,-0.40965221,-0.37853316,-0.40965221,1.13305028,1.1422606,0.00416623,0.00266642,-0.01397144,-0.00985398,0.92135,0.92135,0.38496873,0.38523189,0,0
2026-09-28T22:27:31.086118+09:00,62883605,dc7de351,2026-09-28T22:27:31.086118+09:00,2026-09-28T22:27:31.170386+09:00,rail-left-01,rail-right-01,0.6.7-draft,0.6.7-draft,mqtt,mqtt,189.33,150.5,6.891,7.391,-0.114,-0.123,0.059,-0.341,10.488,9.574,-0.0638,0.0321,0.0376,0.0546,-0.0108,-0.0037,25.12,25.05,17484,20543,2.186,2.568,6.557,7.704,104,104,11,11,0,0,0,0,-0.53299871,-0.53097081,-0.53299871,-0.53097081,-0.38168228,-0.41357339,-0.38168228,-0.41357339,1.13471548,1.14298227,0.00413069,0.00258764,-0.01304493,-0.0098559,0.92135,0.92135,0.38501631,0.3852525,0,0
2026-09-28T22:27:31.105984+09:00,62903470,dc7de351,2026-09-28T22:27:31.105984+09:00,2026-09-28T22:27:31.190251+09:00,rail-left-01,rail-right-01,0.6.7-draft,0.6.7-draft,mqtt,mqtt,190.52,151.39,6.896,7.384,-0.018,0.037,0.078,0.071,10.311,9.821,-0.0616,0.0321,0.0374,0.0541,-0.018,-0.0092,25.12,25.02,17497,20527,2.187,2.566,6.561,7.698,105,105,11,11,0,0,0,0,-0.55562276,-0.50114197,-0.55562276,-0.50114197,-0.38426649,-0.41699983,-0.38426649,-0.41699983,1.13633917,1.14353917,0.00410554,0.00248975,-0.01217351,-0.00977312,0.92135,0.92135,0.3850627,0.38526842,0,0
2026-09-28T22:27:31.126163+09:00,62923650,dc7de351,2026-09-28T22:27:31.126163+09:00,2026-09-28T22:27:31.210431+09:00,rail-left-01,rail-right-01,0.6.7-draft,0.6.7-draft,mqtt,mqtt,191.71,152.34,6.891,7.389,0.079,0.03,-0.029,-0.468,10.575,9.768,-0.0674,0.0302,0.0358,0.0671,-0.0119,-0.0208,25.12,25.04,17485,20538,2.186,2.567,6.557,7.702,106,106,11,11,0,0,0,0,-0.57677921,-0.47384549,-0.57677921,-0.47384549,-0.38684268,-0.42036649,-0.38684268,-0.42036649,1.13768917,1.14414078,0.00401723,0.00241851,-0.01149038,-0.00970767,0.92135,0.92135,0.38510127,0.38528561,0,0
2026-09-28T22:27:31.146100+09:00,62943587,dc7de351,2026-09-28T22:27:31.146100+09:00,2026-09-28T22:27:31.230368+09:00,rail-left-01,rail-right-01,0.6.7-draft,0.6.7-draft,mqtt,mqtt,192.86,153.28,6.906,7.386,-0.172,-0.08,-0.199,-0.346,10.55,9.602,-0.0642,0.0313,0.0264,0.0588,-0.0144,-0.0185,25.11,25.04,17522,20532,2.19,2.567,6.571,7.7,107,107,11,11,0,0,0,0,-0.59764647,-0.45796845,-0.59764647,-0.45796845,-0.38850286,-0.42342899,-0.38850286,-0.42342899,1.13925735,1.14465792,0.00401619,0.00234243,-0.01069192,-0.00960479,0.92135,0.92135,0.38514608,0.38530038,0,0
2026-09-28T22:27:31.166050+09:00,62963537,dc7de351,2026-09-28T22:27:31.166050+09:00,2026-09-28T22:27:31.250318+09:00,rail-left-01,rail-right-01,0.6.7-draft,0.6.7-draft,mqtt,mqtt,194.05,154.23,6.891,7.376,0.23,0.151,0.084,-0.356,10.44,9.753,-0.062,0.0348,0.038,0.0638,-0.0111,-0.0156,25.12,25.04,17484,20508,2.186,2.564,6.557,7.691,108,108,11,11,0,0,0,0,-0.61656776,-0.42324958,-0.61656776,-0.42324958,-0.39067084,-0.42600286,-0.39067084,-0.42600286,1.14036308,1.1449922,0.003899,0.00224171,-0.01017001,-0.00943073,0.92135,0.92135,0.38517767,0.38530993,0,0
2026-09-28T22:27:31.185987+09:00,62983474,dc7de351,2026-09-28T22:27:31.185987+09:00,2026-09-28T22:27:31.270255+09:00,rail-left-01,rail-right-01,0.6.7-draft,0.6.7-draft,mqtt,mqtt,195.19,155.17,6.852,7.377,-0.069,-0.124,0.115,-0.312,10.367,9.74,-0.0658,0.0281,0.0386,0.0618,-0.0052,-0.01,25.1,25.04,17387,20510,2.173,2.564,6.52,7.691,109,109,11,11,0,0,0,0,-0.6351755,-0.41346668,-0.6351755,-0.41346668,-0.39428316,-0.42845473,-0.39428316,-0.42845473,1.14056417,1.14532152,0.0035703,0.00215315,-0.01011762,-0.00926365,0.92135,0.92135,0.38518342,0.38531934,0,0
2026-09-28T22:27:31.206513+09:00,63004000,dc7de351,2026-09-28T22:27:31.206513+09:00,2026-09-28T22:27:31.290781+09:00,rail-left-01,rail-right-01,0.6.7-draft,0.6.7-draft,mqtt,mqtt,196.44,156.12,6.847,7.372,0.092,0.057,-0.053,-0.366,10.49,9.857,-0.0621,0.0282,0.0352,0.0556,-0.0065,-0.0084,25.11,25.03,17376,20499,2.172,2.562,6.516,7.687,110,110,11,11,0,0,0,0,-0.65268709,-0.38966573,-0.65268709,-0.38966573,-0.39780649,-0.43062364,-0.39780649,-0.43062364,1.14064917,1.1455606,0.00325716,0.00205851,-0.01006194,-0.00907032,0.92135,0.92135,0.38518584,0.38532617,0,0
2026-09-28T22:27:31.337912+09:00,63190430,dc7de351,2026-09-28T22:27:31.337912+09:00,2026-09-28T22:27:31.375110+09:00,rail-left-01,rail-right-01,0.6.7-draft,0.6.7-draft,mqtt,mqtt,207.42,164.87,6.834,7.366,0.079,0.14,0.002,-0.102,10.446,9.94,-0.061,0.0288,0.0378,0.0592,-0.0104,-0.0068,25.09,25.04,17342,20487,2.168,2.561,6.503,7.683,111,111,12,12,0,0,0,0,-0.37512768,-0.30890609,-0.37512768,-0.30890609,-0.43303316,-0.42362736,-0.43303316,-0.42362736,1.14560584,1.15968917,0.00182986,0.00259867,-0.00860034,-0.00240278,0.92135,0.92135,0.38532746,0.38572984,0,0
2026-09-28T22:27:31.358040+09:00,63210558,dc7de351,2026-09-28T22:27:31.358040+09:00,2026-09-28T22:27:31.395238+09:00,rail-left-01,rail-right-01,0.6.7-draft,0.6.7-draft,mqtt,mqtt,208.67,165.76,6.939,7.304,-0.006,-0.035,0.042,-0.479,10.353,9.655,-0.0648,0.0305,0.0406,0.0557,-0.0069,0.0008,25.11,25.04,17605,20349,2.201,2.544,6.602,7.631,112,112,12,12,0,0,0,0,-0.3628053,-0.31049385,-0.3628053,-0.31049385,-0.4324746,-0.4208133,-0.4324746,-0.4208133,1.14706755,1.16038066,0.00196567,0.00250785,-0.00756322,-0.00175147,0.92135,0.92135,0.38536923,0.3857496,0,0
2026-09-28T22:27:31.378057+09:00,63230575,dc7de351,2026-09-28T22:27:31.378057+09:00,2026-09-28T22:27:31.415255+09:00,rail-left-01,rail-right-01,0.6.7-draft,0.6.7-draft,mqtt,mqtt,209.81,166.71,6.941,7.312,0.026,0.018,0.048,-0.391,10.477,9.683,-0.0624,0.0312,0.042,0.0544,-0.0092,-0.006,25.11,25.06,17609,20367,2.201,2.546,6.603,7.638,113,113,12,12,0,0,0,0,-0.35239256,-0.30884844,-0.35239256,-0.30884844,-0.43189281,-0.41828316,-0.43189281,-0.41828316,1.14847864,1.16112667,0.0020724,0.002441,-0.00670815,-0.00123008,0.92135,0.92135,0.38540954,0.38577092,0,0
2026-09-28T22:27:31.397951+09:00,63250469,dc7de351,2026-09-28T22:27:31.397951+09:00,2026-09-28T22:27:31.435149+09:00,rail-left-01,rail-right-01,0.6.7-draft,0.6.7-draft,mqtt,mqtt,211,167.65,6.937,7.313,0.026,0.023,-0.018,-0.097,10.543,9.857,-0.0661,0.0302,0.0408,0.0565,-0.012,-0.0097,25.1,25.05,17599,20369,2.2,2.546,6.6,7.638,114,114,12,12,0,0,0,0,-0.34367217,-0.30694039,-0.34367217,-0.30694039,-0.43144342,-0.4158767,-0.43144342,-0.4158767,1.14976609,1.16185243,0.00214212,0.00238247,-0.00601788,-0.00079004,0.92135,0.92135,0.38544633,0.38579165,0,0
2026-09-28T22:27:31.418381+09:00,63270899,dc7de351,2026-09-28T22:27:31.418381+09:00,2026-09-28T22:27:31.455579+09:00,rail-left-01,rail-right-01,0.6.7-draft,0.6.7-draft,mqtt,mqtt,212.25,168.59,6.949,7.314,0.045,0.02,-0.018,-0.285,10.349,9.686,-0.0644,0.0308,0.0368,0.0553,-0.0047,-0.0025,25.1,25.04,17628,20372,2.204,2.547,6.611,7.64,115,115,12,12,0,0,0,0,-0.3363908,-0.30531686,-0.3363908,-0.30531686,-0.43071649,-0.41358649,-0.43071649,-0.41358649,1.15113917,1.16255917,0.00222133,0.00233064,-0.00537675,-0.00041535,0.92135,0.92135,0.38548556,0.38581184,0,0
2026-09-28T22:27:31.438359+09:00,63290877,dc7de351,2026-09-28T22:27:31.438359+09:00,2026-09-28T22:27:31.475557+09:00,rail-left-01,rail-right-01,0.6.7-draft,0.6.7-draft,mqtt,mqtt,213.39,169.54,6.962,7.31,-0.043,-0.114,0.14,-0.328,10.52,9.713,-0.0648,0.0306,0.0376,0.0552,-0.0092,-0.0019,25.1,25.04,17662,20363,2.208,2.545,6.623,7.636,116,116,12,12,0,0,0,0,-0.33062961,-0.31124922,-0.33062961,-0.31124922,-0.42970796,-0.41130767,-0.42970796,-0.41130767,1.1526038,1.16319897,0.00230994,0.00227759,-0.00477458,-0.00008056,0.92135,0.92135,0.38552741,0.38583012,0,0
2026-09-28T22:27:31.457949+09:00,63310467,dc7de351,2026-09-28T22:27:31.457949+09:00,2026-09-28T22:27:31.495147+09:00,rail-left-01,rail-right-01,0.6.7-draft,0.6.7-draft,mqtt,mqtt,214.58,170.43,6.962,7.315,0.023,0.006,0.115,-0.443,10.283,9.734,-0.0659,0.0317,0.0394,0.0638,-0.0128,-0.0081,25.12,25.05,17661,20373,2.208,2.547,6.623,7.64,117,117,12,12,0,0,0,0,-0.32607009,-0.31036246,-0.32607009,-0.31036246,-0.42874744,-0.40921265,-0.42874744,-0.40921265,1.15399869,1.16386225,0.0023788,0.00223519,-0.0042568,0.00019812,0.92135,0.92135,0.38556726,0.38584908,0,0
2026-09-28T22:27:31.477947+09:00,63330465,dc7de351,2026-09-28T22:27:31.477947+09:00,2026-09-28T22:27:31.515145+09:00,rail-left-01,rail-right-01,0.6.7-draft,0.6.7-draft,mqtt,mqtt,215.78,171.38,6.967,7.319,0.028,0.008,0.059,-0.103,10.38,9.61,-0.0633,0.0342,0.0365,0.055,-0.01,0.0028,25.12,25.04,17674,20383,2.209,2.548,6.628,7.644,118,118,12,12,0,0,0,0,-0.32256285,-0.30943197,-0.32256285,-0.30943197,-0.42771533,-0.40727215,-0.42771533,-0.40727215,1.15538684,1.16453823,0.00244139,0.00220024,-0.00378815,0.00043281,0.92135,0.92135,0.38560692,0.38586839,0,0
2026-09-28T22:27:31.498083+09:00,63350601,dc7de351,2026-09-28T22:27:31.498083+09:00,2026-09-28T22:27:31.535281+09:00,rail-left-01,rail-right-01,0.6.7-draft,0.6.7-draft,mqtt,mqtt,216.97,172.32,6.969,7.324,0.107,0.11,-0.045,-0.341,10.485,9.718,-0.065,0.0321,0.041,0.058,-0.0099,-0.0069,25.11,25.04,17678,20393,2.21,2.549,6.629,7.647,119,119,12,12,0,0,0,0,-0.31987185,-0.30312053,-0.31987185,-0.30312053,-0.42668467,-0.40549612,-0.42668467,-0.40549612,1.15673462,1.16523546,0.00249334,0.00217271,-0.00337149,0.00062816,0.92135,0.92135,0.38564543,0.38588831,0,0
2026-09-28T22:27:31.518134+09:00,63370652,dc7de351,2026-09-28T22:27:31.518134+09:00,2026-09-28T22:27:31.555332+09:00,rail-left-01,rail-right-01,0.6.7-draft,0.6.7-draft,mqtt,mqtt,218.16,173.27,6.992,7.329,-0.099,-0.145,-0.017,-0.357,10.363,9.664,-0.0738,0.0306,0.0352,0.0537,-0.0079,-0.004,25.12,25.01,17735,20405,2.217,2.551,6.651,7.652,120,120,12,12,0,0,0,0,-0.31834185,-0.31030074,-0.31834185,-0.31030074,-0.42518871,-0.40387558,-0.42518871,-0.40387558,1.15827806,1.1659528,0.00257245,0.00215145,-0.00292642,0.00079015,0.92135,0.92135,0.38568953,0.38590881,0,0
2026-09-28T22:27:31.613622+09:00,63456558,dc7de351,2026-09-28T22:27:31.613622+09:00,2026-09-28T22:27:31.695625+09:00,rail-left-01,rail-right-01,0.6.7-draft,0.6.7-draft,mqtt,mqtt,223.24,177.3,7.001,7.329,0.116,-0.025,0.048,-0.306,10.739,9.953,-0.0667,0.0353,0.0416,0.0498,-0.0075,-0.0067,25.1,25.04,17758,20404,2.22,2.551,6.659,7.652,121,121,13,13,0,0,0,0,-0.31936772,-0.93407714,-0.31936772,-0.93407714,-0.40215221,-0.24436649,-0.40215221,-0.24436649,1.16672488,1.24068917,0.00212877,-0.00052866,0.00096209,-0.00105731,0.93235,0.76635,0.38593087,0.45481859,0,0
2026-09-28T22:27:31.633744+09:00,63476680,dc7de351,2026-09-28T22:27:31.633744+09:00,2026-09-28T22:27:31.715747+09:00,rail-left-01,rail-right-01,0.6.7-draft,0.6.7-draft,mqtt,mqtt,224.43,178.24,7.057,7.294,0.017,0.028,-0.129,-0.569,10.341,9.656,-0.065,0.0346,0.0433,0.0572,-0.0107,-0.0105,25.14,25.02,17898,20326,2.237,2.541,6.712,7.622,122,122,13,13,0,0,0,0,-0.32875318,-0.84838194,-0.32875318,-0.84838194,-0.39950684,-0.24036649,-0.39950684,-0.24036649,1.1679611,1.23880028,0.00216568,-0.00197462,0.00123216,0.00279547,0.93235,0.76635,0.38596619,0.45475956,0,0
2026-09-28T22:27:31.653717+09:00,63496653,dc7de351,2026-09-28T22:27:31.653717+09:00,2026-09-28T22:27:31.735720+09:00,rail-left-01,rail-right-01,0.6.7-draft,0.6.7-draft,mqtt,mqtt,225.57,179.18,7.051,7.299,0.047,0,-0.055,-0.365,10.319,9.639,-0.0721,0.033,0.0388,0.0557,-0.0087,-0.0087,25.12,25.04,17882,20339,2.235,2.542,6.706,7.627,123,123,13,13,0,0,0,0,-0.33831278,-0.78784449,-0.33831278,-0.78784449,-0.39705615,-0.23766649,-0.39705615,-0.23766649,1.16910296,1.23753917,0.00218984,-0.00233817,0.00145828,0.00396655,0.93235,0.76635,0.38599881,0.45472015,0,0
2026-09-28T22:27:31.673668+09:00,63516604,dc7de351,2026-09-28T22:27:31.673668+09:00,2026-09-28T22:27:31.755672+09:00,rail-left-01,rail-right-01,0.6.7-draft,0.6.7-draft,mqtt,mqtt,226.76,180.13,7.075,7.294,-0.075,0.028,0.09,-0.051,10.573,9.651,-0.0662,0.0297,0.0365,0.0513,-0.0135,-0.0129,25.12,25.03,17942,20327,2.243,2.541,6.728,7.623,124,124,13,13,0,0,0,0,-0.92279562,-0.73102781,-0.92279562,-0.73102781,-0.23336649,-0.23500286,-0.23336649,-0.23500286,1.24618917,1.23628008,0,-0.00260848,0,0.00475905,0.76635,0.76635,0.45499046,0.45468081,0,0
2026-09-28T22:27:31.694121+09:00,63537057,dc7de351,2026-09-28T22:27:31.694121+09:00,2026-09-28T22:27:31.776124+09:00,rail-left-01,rail-right-01,0.6.7-draft,0.6.7-draft,mqtt,mqtt,227.96,181.12,7.069,7.289,-0.097,0.005,0.267,-0.498,10.403,9.618,-0.067,0.0334,0.0432,0.0589,-0.0097,-0.0044,25.12,25.03,17927,20316,2.241,2.54,6.723,7.619,125,125,13,13,0,0,0,0,-0.94551256,-0.68918823,-0.94551256,-0.68918823,-0.23636649,-0.23236649,-0.23636649,-0.23236649,1.24468917,1.2350225,-0.005,-0.00282676,-0.01,0.00535554,0.76635,0.76635,0.45494359,0.45464151,0,0
2026-09-28T22:27:31.714285+09:00,63557221,dc7de351,2026-09-28T22:27:31.714285+09:00,2026-09-28T22:27:31.796289+09:00,rail-left-01,rail-right-01,0.6.7-draft,0.6.7-draft,mqtt,mqtt,229.15,182.07,7.06,7.28,-0.068,-0.001,-0.121,-0.232,10.325,9.609,-0.0685,0.0308,0.0342,0.0541,-0.0089,-0.0055,25.12,25.02,17906,20296,2.238,2.537,6.715,7.611,126,126,13,13,0,0,0,0,-0.96473184,-0.6551149,-0.96473184,-0.6551149,-0.24036649,-0.22944342,-0.24036649,-0.22944342,1.24268917,1.23361225,-0.00627436,-0.00309628,-0.01254873,0.00600184,0.76635,0.76635,0.45488109,0.45459744,0,0
2026-09-28T22:27:31.733669+09:00,63576605,dc7de351,2026-09-28T22:27:31.733669+09:00,2026-09-28T22:27:31.815672+09:00,rail-left-01,rail-right-01,0.6.7-draft,0.6.7-draft,mqtt,mqtt,230.29,182.96,7.06,7.272,0.081,0.095,0.14,-0.377,10.427,9.535,-0.0648,0.0344,0.0408,0.0586,-0.0096,-0.0057,25.11,25.03,17905,20278,2.238,2.535,6.714,7.604,127,127,13,13,0,0,0,0,-0.97931411,-0.60626824,-0.97931411,-0.60626824,-0.24236649,-0.22636649,-0.24236649,-0.22636649,1.24168917,1.23211774,-0.00459982,-0.00337087,-0.00919964,0.00662552,0.76635,0.76635,0.45484984,0.45455073,0,0
2026-09-28T22:27:31.753782+09:00,63596718,dc7de351,2026-09-28T22:27:31.753782+09:00,2026-09-28T22:27:31.835785+09:00,rail-left-01,rail-right-01,0.6.7-draft,0.6.7-draft,mqtt,mqtt,231.49,183.91,7.054,7.267,-0.098,-0.073,0.087,-0.34,10.16,9.651,-0.0662,0.0349,0.034,0.0546,-0.0065,-0.0016,25.14,25.02,17891,20267,2.236,2.533,6.709,7.6,128,128,13,13,0,0,0,0,-0.99529822,-0.59594575,-0.99529822,-0.59594575,-0.24476649,-0.22336649,-0.24476649,-0.22336649,1.24048917,1.23065584,-0.00433338,-0.00359196,-0.00866675,0.00712156,0.76635,0.76635,0.45481234,0.45450505,0,0
2026-09-28T22:27:31.773759+09:00,63616695,dc7de351,2026-09-28T22:27:31.773759+09:00,2026-09-28T22:27:31.855762+09:00,rail-left-01,rail-right-01,0.6.7-draft,0.6.7-draft,mqtt,mqtt,232.68,184.85,7.064,7.252,0.097,0.13,0.248,-0.317,10.434,9.488,-0.0654,0.0388,0.041,0.0541,-0.0073,-0.0012,25.11,25.03,17915,20233,2.239,2.529,6.718,7.587,129,129,13,13,0,0,0,0,-1.00873381,-0.55059738,-1.00873381,-0.55059738,-0.24469983,-0.21980399,-0.24469983,-0.21980399,1.2405225,1.22890792,-0.00242001,-0.00392058,-0.00484002,0.0078184,0.76635,0.76635,0.45481338,0.45445043,0,0
2026-09-28T22:27:31.793894+09:00,63636830,dc7de351,2026-09-28T22:27:31.793894+09:00,2026-09-28T22:27:31.875897+09:00,rail-left-01,rail-right-01,0.6.7-draft,0.6.7-draft,mqtt,mqtt,233.82,185.85,7.065,7.237,-0.085,0.024,-0.199,-0.043,10.402,9.931,-0.0677,0.0365,0.0381,0.0518,-0.0083,-0.0051,25.11,25.01,17917,20200,2.24,2.525,6.719,7.575,130,130,13,13,0,0,0,0,-1.02328418,-0.52832045,-1.02328418,-0.52832045,-0.24450935,-0.21577826,-0.24450935,-0.21577826,1.24061774,1.22692446,-0.00140135,-0.00431137,-0.0028027,0.00862958,0.76635,0.76635,0.45481636,0.45438844,0,0
2026-09-28T22:27:31.973779+09:00,63775419,dc7de351,2026-09-28T22:27:31.973779+09:00,2026-09-28T22:27:32.067698+09:00,rail-left-01,rail-right-01,0.6.7-draft,0.6.7-draft,mqtt,mqtt,241.98,192.41,7.072,7.237,0.181,0.209,-0.142,-0.324,10.478,9.815,-0.0633,0.031,0.0374,0.0544,-0.0079,-0.0079,25.1,25.06,17935,20200,2.242,2.525,6.726,7.575,131,131,14,14,0,0,0,0,-0.5163138,-0.49899035,-0.5163138,-0.49899035,-0.21181094,-0.19604506,-0.21181094,-0.19604506,1.22535584,1.21167131,-0.00400522,-0.00334807,0.00851915,0.00452055,0.76635,0.76635,0.45433942,0.45391178,0,0
2026-09-28T22:27:31.993903+09:00,63795543,dc7de351,2026-09-28T22:27:31.993903+09:00,2026-09-28T22:27:32.087822+09:00,rail-left-01,rail-right-01,0.6.7-draft,0.6.7-draft,mqtt,mqtt,243.12,193.35,7.057,7.248,-0.04,-0.044,0.006,-0.022,10.455,9.674,-0.0638,0.032,0.0381,0.0524,-0.0033,0.0037,25.12,25.05,17897,20226,2.237,2.528,6.711,7.585,132,132,14,14,0,0,0,0,-0.50764911,-0.51670319,-0.50764911,-0.51670319,-0.2090507,-0.19557339,-0.2090507,-0.19557339,1.22355759,1.21094779,-0.00398274,-0.00313442,0.00793905,0.00409339,0.76635,0.76635,0.45428323,0.45388917,0,0
2026-09-28T22:27:32.013846+09:00,63815486,dc7de351,2026-09-28T22:27:32.013846+09:00,2026-09-28T22:27:32.107766+09:00,rail-left-01,rail-right-01,0.6.7-draft,0.6.7-draft,mqtt,mqtt,244.32,194.3,7.059,7.243,0.04,0.022,0.148,-0.587,10.545,9.803,-0.0633,0.0366,0.0405,0.054,-0.0095,-0.0073,25.13,25.04,17904,20213,2.238,2.527,6.714,7.58,133,133,14,14,0,0,0,0,-0.50136851,-0.52676701,-0.50136851,-0.52676701,-0.20646649,-0.19496649,-0.20646649,-0.19496649,1.22198917,1.21018917,-0.00389585,-0.00298149,0.00753106,0.00379637,0.76635,0.76635,0.45423421,0.45386546,0,0
2026-09-28T22:27:32.033916+09:00,63835556,dc7de351,2026-09-28T22:27:32.033916+09:00,2026-09-28T22:27:32.127835+09:00,rail-left-01,rail-right-01,0.6.7-draft,0.6.7-draft,mqtt,mqtt,245.46,195.24,7.063,7.243,-0.042,-0.055,0.019,-0.089,10.467,9.673,-0.0657,0.0328,0.046,0.0593,-0.002,-0.0073,25.11,25.05,17914,20213,2.239,2.527,6.718,7.58,134,134,14,14,0,0,0,0,-0.49765126,-0.54345758,-0.49765126,-0.54345758,-0.20393792,-0.19439875,-0.20393792,-0.19439875,1.22066536,1.20947949,-0.00376175,-0.00285191,0.00726008,0.00355187,0.76635,0.76635,0.45419285,0.45384329,0,0
2026-09-28T22:27:32.053857+09:00,63855497,dc7de351,2026-09-28T22:27:32.053857+09:00,2026-09-28T22:27:32.147776+09:00,rail-left-01,rail-right-01,0.6.7-draft,0.6.7-draft,mqtt,mqtt,246.65,196.19,7.049,7.248,-0.114,-0.077,0.219,-0.396,10.546,9.917,-0.0662,0.0342,0.0417,0.0533,-0.004,-0.0032,25.12,25.04,17877,20225,2.235,2.528,6.704,7.584,135,135,14,14,0,0,0,0,-0.49630777,-0.56065493,-0.49630777,-0.56065493,-0.20227558,-0.19402274,-0.20227558,-0.19402274,1.21914371,1.20889229,-0.00374512,-0.00272195,0.00677944,0.00331073,0.76635,0.76635,0.45414529,0.45382494,0,0
2026-09-28T22:27:32.073819+09:00,63875459,dc7de351,2026-09-28T22:27:32.073819+09:00,2026-09-28T22:27:32.167738+09:00,rail-left-01,rail-right-01,0.6.7-draft,0.6.7-draft,mqtt,mqtt,247.8,197.13,7.046,7.259,0.134,0.168,-0.122,-0.196,10.331,9.768,-0.0621,0.0336,0.0436,0.0597,-0.0043,-0.0057,25.11,25.03,17871,20250,2.234,2.531,6.702,7.594,136,136,14,14,0,0,0,0,-0.49583498,-0.55591833,-0.49583498,-0.55591833,-0.20088823,-0.19400286,-0.20088823,-0.19400286,1.21768917,1.20850735,-0.00372389,-0.00257316,0.0063355,0.00303481,0.76635,0.76635,0.45409984,0.45381291,0,0
2026-09-28T22:27:32.093916+09:00,63895556,dc7de351,2026-09-28T22:27:32.093916+09:00,2026-09-28T22:27:32.187835+09:00,rail-left-01,rail-right-01,0.6.7-draft,0.6.7-draft,mqtt,mqtt,248.99,198.08,7.039,7.258,-0.042,0.117,0.093,-0.31,10.306,9.612,-0.0709,0.0312,0.0393,0.0549,-0.0035,-0.0059,25.1,25.04,17853,20247,2.232,2.531,6.695,7.593,137,137,14,14,0,0,0,0,-0.496803,-0.55585768,-0.496803,-0.55585768,-0.19990816,-0.19395473,-0.19990816,-0.19395473,1.21621,1.20813035,-0.00372438,-0.00244641,0.00586746,0.00280508,0.76635,0.76635,0.45405362,0.45380113,0,0
2026-09-28T22:27:32.113859+09:00,63915499,dc7de351,2026-09-28T22:27:32.113859+09:00,2026-09-28T22:27:32.207778+09:00,rail-left-01,rail-right-01,0.6.7-draft,0.6.7-draft,mqtt,mqtt,250.13,199.02,7.045,7.269,-0.012,-0.042,-0.12,-0.473,10.403,9.512,-0.0655,0.0276,0.0382,0.0594,-0.0045,-0.0069,25.11,25.01,17867,20272,2.233,2.534,6.7,7.602,138,138,14,14,0,0,0,0,-0.49882322,-0.56898039,-0.49882322,-0.56898039,-0.19876649,-0.19422364,-0.19876649,-0.19422364,1.21496917,1.20793203,-0.00366574,-0.00230385,0.00554086,0.00254524,0.76635,0.76635,0.45401484,0.45379493,0,0
2026-09-28T22:27:32.133964+09:00,63935604,dc7de351,2026-09-28T22:27:32.133964+09:00,2026-09-28T22:27:32.227883+09:00,rail-left-01,rail-right-01,0.6.7-draft,0.6.7-draft,mqtt,mqtt,251.33,199.97,7.039,7.276,-0.075,-0.012,-0.089,-0.436,10.455,9.749,-0.0691,0.0361,0.0346,0.0542,-0.0077,-0.0111,25.14,25.04,17853,20286,2.232,2.536,6.695,7.607,139,139,14,14,0,0,0,0,-0.50192742,-0.57866712,-0.50192742,-0.57866712,-0.19794342,-0.19467205,-0.19794342,-0.19467205,1.2137084,1.20784195,-0.00362836,-0.00215974,0.00518717,0.00228343,0.76635,0.76635,0.45397544,0.45379211,0,0
2026-09-28T22:27:32.153938+09:00,63955578,dc7de351,2026-09-28T22:27:32.153938+09:00,2026-09-28T22:27:32.247857+09:00,rail-left-01,rail-right-01,0.6.7-draft,0.6.7-draft,mqtt,mqtt,252.47,200.91,7.045,7.269,-0.31,-0.233,0.351,-0.007,10.353,9.713,-0.0649,0.0328,0.0325,0.0682,-0.0089,-0.0176,25.12,25.06,17867,20272,2.233,2.534,6.7,7.602,140,140,14,14,0,0,0,0,-0.5068444,-0.60492168,-0.5068444,-0.60492168,-0.19695908,-0.19490703,-0.19695908,-0.19490703,1.21265213,1.20766214,-0.00354949,-0.00204925,0.00493647,0.00208962,0.76635,0.76635,0.45394243,0.4537865,0,0
2026-09-28T22:27:32.301772+09:00,64146446,dc7de351,2026-09-28T22:27:32.301772+09:00,2026-09-28T22:27:32.343887+09:00,rail-left-01,rail-right-01,0.6.7-draft,0.6.7-draft,mqtt,mqtt,263.66,209.96,7.031,7.266,0.008,-0.024,0.196,-0.215,10.873,9.6,-0.0654,0.0318,0.0418,0.0549,-0.0111,-0.0107,25.09,25.04,17833,20265,2.229,2.533,6.687,7.599,141,141,15,15,0,0,0,0,-0.6337083,-0.83312325,-0.6337083,-0.83312325,-0.19549807,-0.19709566,-0.19549807,-0.19709566,1.20730759,1.20599125,-0.00189881,-0.00099258,0.00171811,0.00057509,1.06635,1.06635,0.45377542,0.45373428,0,0
2026-09-28T22:27:32.321954+09:00,64166628,dc7de351,2026-09-28T22:27:32.321954+09:00,2026-09-28T22:27:32.364069+09:00,rail-left-01,rail-right-01,0.6.7-draft,0.6.7-draft,mqtt,mqtt,264.8,210.95,7.009,7.286,0.036,0.059,-0.23,-0.33,10.641,9.695,-0.0572,0.0366,0.0344,0.0496,-0.0087,-0.0072,25.11,25.03,17779,20310,2.222,2.539,6.667,7.616,142,142,15,15,0,0,0,0,-0.66134236,-0.81096889,-0.66134236,-0.81096889,-0.1966229,-0.19757057,-0.1966229,-0.19757057,1.20668917,1.20606672,-0.00183552,-0.00090569,0.00130386,0.00045804,1.06635,1.06635,0.45375609,0.45373664,0,0
2026-09-28T22:27:32.341869+09:00,64186543,dc7de351,2026-09-28T22:27:32.341869+09:00,2026-09-28T22:27:32.383984+09:00,rail-left-01,rail-right-01,0.6.7-draft,0.6.7-draft,mqtt,mqtt,265.99,211.9,7.048,7.288,0.001,0.055,-0.092,-0.321,10.195,9.766,-0.0633,0.0328,0.035,0.0554,-0.0103,-0.006,25.12,25.04,17875,20313,2.234,2.539,6.703,7.617,143,143,15,15,0,0,0,0,-0.68801076,-0.78994726,-0.68801076,-0.78994726,-0.19671649,-0.19806649,-0.19671649,-0.19806649,1.20658917,1.20615917,-0.00168297,-0.00082838,0.00116286,0.00035303,1.06635,1.06635,0.45375296,0.45373953,0,0
2026-09-28T22:27:32.361794+09:00,64206468,dc7de351,2026-09-28T22:27:32.361794+09:00,2026-09-28T22:27:32.403909+09:00,rail-left-01,rail-right-01,0.6.7-draft,0.6.7-draft,mqtt,mqtt,267.14,212.84,7.061,7.285,0.092,0.026,0.247,-0.146,10.681,9.801,-0.0614,0.0325,0.0401,0.059,-0.0104,-0.0093,25.12,25.03,17908,20308,2.239,2.539,6.716,7.616,144,144,15,15,0,0,0,0,-0.71358328,-0.77138078,-0.71358328,-0.77138078,-0.19648844,-0.19848414,-0.19648844,-0.19848414,1.20665258,1.20621858,-0.00152515,-0.00076563,0.00110457,0.00027143,1.06635,1.06635,0.45375495,0.45374138,0,0
2026-09-28T22:27:32.381843+09:00,64226518,dc7de351,2026-09-28T22:27:32.381843+09:00,2026-09-28T22:27:32.423959+09:00,rail-left-01,rail-right-01,0.6.7-draft,0.6.7-draft,mqtt,mqtt,268.33,213.79,7.052,7.296,0.007,0.043,0.032,-0.377,10.503,9.622,-0.0662,0.0334,0.0416,0.0613,-0.0051,-0.0068,25.1,25.02,17886,20331,2.236,2.541,6.707,7.624,145,145,15,15,0,0,0,0,-0.73837571,-0.75255999,-0.73837571,-0.75255999,-0.19648554,-0.19909726,-0.19648554,-0.19909726,1.20660584,1.20638148,-0.00141009,-0.00069657,0.00101576,0.00017261,1.06635,1.06635,0.45375349,0.45374647,0,0
2026-09-28T22:27:32.402168+09:00,64246842,dc7de351,2026-09-28T22:27:32.402168+09:00,2026-09-28T22:27:32.444283+09:00,rail-left-01,rail-right-01,0.6.7-draft,0.6.7-draft,mqtt,mqtt,269.52,214.73,7.048,7.299,-0.011,-0.043,-0.047,-0.119,10.439,9.628,-0.0642,0.0322,0.0384,0.056,-0.0033,-0.0037,25.12,25.06,17875,20337,2.234,2.542,6.703,7.626,146,146,15,15,0,0,0,0,-0.76243811,-0.73912106,-0.76243811,-0.73912106,-0.19657579,-0.19974385,-0.19657579,-0.19974385,1.20651475,1.20656653,-0.0013185,-0.00063224,0.00092346,0.00007943,1.06635,1.06635,0.45375064,0.45375226,0,0
2026-09-28T22:27:32.421877+09:00,64266551,dc7de351,2026-09-28T22:27:32.421877+09:00,2026-09-28T22:27:32.463992+09:00,rail-left-01,rail-right-01,0.6.7-draft,0.6.7-draft,mqtt,mqtt,270.67,215.68,7.049,7.299,0.029,0.013,0.031,-0.279,10.441,9.875,-0.0694,0.0341,0.0352,0.0542,0.0023,-0.0035,25.11,25.01,17879,20337,2.235,2.542,6.705,7.626,147,147,15,15,0,0,0,0,-0.78565496,-0.72322238,-0.78565496,-0.72322238,-0.19663922,-0.20036649,-0.19663922,-0.20036649,1.20643917,1.20674472,-0.00123657,-0.00057531,0.00084728,-0.00000212,1.06635,1.06635,0.45374828,0.45375783,0,0
2026-09-28T22:27:32.441816+09:00,64286490,dc7de351,2026-09-28T22:27:32.441816+09:00,2026-09-28T22:27:32.483931+09:00,rail-left-01,rail-right-01,0.6.7-draft,0.6.7-draft,mqtt,mqtt,271.81,216.62,7.053,7.299,0.04,0.061,-0.269,-0.256,10.393,9.722,-0.0673,0.0317,0.0402,0.0546,-0.0064,-0.0087,25.12,25.03,17889,20338,2.236,2.542,6.708,7.627,148,148,15,15,0,0,0,0,-0.80811155,-0.70538508,-0.80811155,-0.70538508,-0.19661094,-0.20096649,-0.19661094,-0.20096649,1.20641139,1.20691644,-0.00115742,-0.00052462,0.00079448,-0.00007388,1.06635,1.06635,0.45374741,0.45376319,0,0
2026-09-28T22:27:32.461949+09:00,64306623,dc7de351,2026-09-28T22:27:32.461949+09:00,2026-09-28T22:27:32.504064+09:00,rail-left-01,rail-right-01,0.6.7-draft,0.6.7-draft,mqtt,mqtt,273,217.62,7.039,7.295,-0.036,-0.018,0.123,-0.397,10.533,9.689,-0.0701,0.0304,0.037,0.0576,-0.0061,-0.0072,25.12,25.02,17852,20329,2.232,2.541,6.695,7.623,149,149,15,15,0,0,0,0,-0.82998885,-0.69222526,-0.82998885,-0.69222526,-0.19688823,-0.20147364,-0.19688823,-0.20147364,1.20623265,1.20704631,-0.00110984,-0.00048329,0.00070193,-0.00012913,1.06635,1.06635,0.45374182,0.45376725,0,0
2026-09-28T22:27:32.481824+09:00,64326498,dc7de351,2026-09-28T22:27:32.481824+09:00,2026-09-28T22:27:32.523939+09:00,rail-left-01,rail-right-01,0.6.7-draft,0.6.7-draft,mqtt,mqtt,274.2,218.56,7.045,7.28,0.029,0.014,-0.147,-0.169,10.278,9.744,-0.0654,0.0348,0.0366,0.0534,-0.0069,-0.0013,25.11,25.02,17868,20296,2.234,2.537,6.701,7.611,150,150,15,15,0,0,0,0,-0.85115592,-0.67792218,-0.85115592,-0.67792218,-0.19702607,-0.20169983,-0.19702607,-0.20169983,1.20612534,1.20704005,-0.00105728,-0.0004609,0.00063888,-0.00014848,1.06635,1.06635,0.45373847,0.45376705,0,0
2026-09-28T22:27:32.628225+09:00,64424452,dc7de351,2026-09-28T22:27:32.628225+09:00,2026-09-28T22:27:32.667778+09:00,rail-left-01,rail-right-01,0.6.7-draft,0.6.7-draft,mqtt,mqtt,279.91,223.24,7.038,7.276,-0.002,0.089,0.104,-0.482,10.429,9.603,-0.0663,0.0313,0.0369,0.0494,-0.0019,-0.0032,25.11,25.04,17851,20287,2.231,2.536,6.694,7.608,151,151,16,16,0,0,0,0,-0.66951057,-0.30810539,-0.66951057,-0.30810539,-0.20203891,-0.1394776,-0.20203891,-0.1394776,1.20697365,1.24368917,-0.0004436,0.00999765,-0.00018088,0.02098037,1.06635,0.86535,0.45376498,0.50733967,0,0
2026-09-28T22:27:32.648387+09:00,64444614,dc7de351,2026-09-28T22:27:32.648387+09:00,2026-09-28T22:27:32.687940+09:00,rail-left-01,rail-right-01,0.6.7-draft,0.6.7-draft,mqtt,mqtt,281.11,224.18,7.027,7.261,-0.115,-0.084,0.133,-0.357,10.497,9.616,-0.064,0.0262,0.0352,0.0568,-0.0052,-0.0061,25.12,25.06,17824,20253,2.228,2.532,6.684,7.595,152,152,16,16,0,0,0,0,-0.66228084,-0.29583526,-0.66228084,-0.29583526,-0.20255293,-0.13276649,-0.20255293,-0.13276649,1.20681629,1.24518917,-0.00043856,0.00767929,-0.00023094,0.01897914,1.06635,0.86535,0.45376006,0.50738654,0,0
2026-09-28T22:27:32.668391+09:00,64464618,dc7de351,2026-09-28T22:27:32.668391+09:00,2026-09-28T22:27:32.707944+09:00,rail-left-01,rail-right-01,0.6.7-draft,0.6.7-draft,mqtt,mqtt,282.3,225.12,7.025,7.246,0.056,0.042,0.06,-0.243,10.567,9.681,-0.0621,0.0278,0.0329,0.048,-0.0041,-0.0007,25.12,25.04,17817,20221,2.227,2.528,6.681,7.583,153,153,16,16,0,0,0,0,-0.27356736,-0.25317446,-0.27356736,-0.25317446,-0.23436649,-0.12591195,-0.23436649,-0.12591195,1.19668917,1.24573462,0,0.00600215,0,0.01847269,0.76035,0.86535,0.50587092,0.50740359,0,0
2026-09-28T22:27:32.688348+09:00,64484575,dc7de351,2026-09-28T22:27:32.688348+09:00,2026-09-28T22:27:32.727901+09:00,rail-left-01,rail-right-01,0.6.7-draft,0.6.7-draft,mqtt,mqtt,283.44,226.07,7.067,7.209,-0.075,-0.084,-0.096,-0.157,10.41,9.892,-0.0562,0.0261,0.0237,0.0434,-0.0045,-0.0027,25.1,25.04,17924,20138,2.241,2.517,6.722,7.552,154,154,16,16,0,0,0,0,-0.29283929,-0.24731752,-0.29283929,-0.24731752,-0.21336649,-0.11711649,-0.21336649,-0.11711649,1.20718917,1.2446475,0.03684211,0.00407267,0.07368421,0.01956265,0.76035,0.86535,0.50619904,0.50736962,0,0
2026-09-28T22:27:32.709208+09:00,64505435,dc7de351,2026-09-28T22:27:32.709208+09:00,2026-09-28T22:27:32.748761+09:00,rail-left-01,rail-right-01,0.6.7-draft,0.6.7-draft,mqtt,mqtt,284.69,227.06,7.103,7.178,0.23,0.178,0.068,-0.292,10.489,10.046,-0.0557,0.028,0.0329,0.0494,-0.0083,-0.0072,25.12,25.04,18012,20069,2.252,2.509,6.755,7.526,155,155,16,16,0,0,0,0,-0.30237535,-0.18597576,-0.30237535,-0.18597576,-0.19436649,-0.10728957,-0.19436649,-0.10728957,1.21668917,1.24253532,0.03257447,0.00219746,0.06514894,0.02108516,0.76035,0.86535,0.50649592,0.50730361,0,0
2026-09-28T22:27:32.729189+09:00,64525416,dc7de351,2026-09-28T22:27:32.729189+09:00,2026-09-28T22:27:32.768742+09:00,rail-left-01,rail-right-01,0.6.7-draft,0.6.7-draft,mqtt,mqtt,285.88,228.01,7.128,7.171,-0.042,-0.073,0.093,-0.296,10.274,9.803,-0.063,0.0353,0.0361,0.052,-0.0045,-0.0071,25.11,25.04,18075,20053,2.259,2.507,6.778,7.52,156,156,16,16,0,0,0,0,-0.31714092,-0.18359232,-0.31714092,-0.18359232,-0.17861649,-0.09836649,-0.17861649,-0.09836649,1.22456417,1.24047488,0.02874205,0.00082629,0.0574841,0.02196418,0.76035,0.86535,0.50674201,0.50723922,0,0
2026-09-28T22:27:32.748323+09:00,64544550,dc7de351,2026-09-28T22:27:32.748323+09:00,2026-09-28T22:27:32.787876+09:00,rail-left-01,rail-right-01,0.6.7-draft,0.6.7-draft,mqtt,mqtt,286.97,228.95,7.141,7.168,-0.05,-0.086,0.091,-0.305,10.672,9.517,-0.0622,0.0269,0.041,0.0626,-0.0112,-0.0113,25.14,25.04,18107,20047,2.263,2.506,6.79,7.518,157,157,16,16,0,0,0,0,-0.33404829,-0.18415652,-0.33404829,-0.18415652,-0.16656649,-0.09043316,-0.16656649,-0.09043316,1.23058917,1.23858917,0.02492747,-0.00016572,0.04985493,0.02233807,0.86535,0.86535,0.50693029,0.50718029,0,0
2026-09-28T22:27:32.768370+09:00,64564597,dc7de351,2026-09-28T22:27:32.768370+09:00,2026-09-28T22:27:32.807923+09:00,rail-left-01,rail-right-01,0.6.7-draft,0.6.7-draft,mqtt,mqtt,288.17,229.9,7.13,7.169,-0.02,0.035,0.126,-0.186,10.588,9.68,-0.0598,0.0284,0.0406,0.0574,-0.0068,-0.0011,25.09,25.04,18080,20049,2.26,2.506,6.78,7.518,158,158,16,16,0,0,0,0,-0.35149841,-0.16305055,-0.35149841,-0.16305055,-0.16036649,-0.08355399,-0.16036649,-0.08355399,1.23368917,1.23697042,0.01882269,-0.0008533,0.03764538,0.02228475,0.86535,0.86535,0.50702717,0.50712971,0,0
2026-09-28T22:27:32.788338+09:00,64584565,dc7de351,2026-09-28T22:27:32.788338+09:00,2026-09-28T22:27:32.827891+09:00,rail-left-01,rail-right-01,0.6.7-draft,0.6.7-draft,mqtt,mqtt,289.36,230.84,7.145,7.17,-0.016,0.12,0.029,-0.439,10.221,9.401,-0.0641,0.0313,0.0368,0.0529,-0.004,-0.0013,25.11,25.04,18116,20051,2.265,2.506,6.794,7.519,159,159,16,16,0,0,0,0,-0.36867537,-0.12988499,-0.36867537,-0.12988499,-0.15379506,-0.07754296,-0.15379506,-0.07754296,1.23697488,1.23557152,0.01594861,-0.00133286,0.03189723,0.02196175,0.86535,0.86535,0.50712985,0.50708599,0,0
2026-09-28T22:27:32.808550+09:00,64604777,dc7de351,2026-09-28T22:27:32.808550+09:00,2026-09-28T22:27:32.848103+09:00,rail-left-01,rail-right-01,0.6.7-draft,0.6.7-draft,mqtt,mqtt,290.55,231.79,7.168,7.176,0.019,0.038,-0.314,-0.476,10.471,9.474,-0.0641,0.0329,0.0377,0.0537,-0.0049,-0.0056,25.09,25.04,18173,20066,2.272,2.508,6.815,7.525,160,160,16,16,0,0,0,0,-0.38515027,-0.11357233,-0.38515027,-0.11357233,-0.14599149,-0.07253316,-0.14599149,-0.07253316,1.24087667,1.23449472,0.0150369,-0.00160965,0.03007381,0.0213492,0.86535,0.86535,0.50725178,0.50705234,0,0
2026-09-28T22:27:32.900996+09:00,64747501,dc7de351,2026-09-28T22:27:32.900996+09:00,2026-09-28T22:27:32.941847+09:00,rail-left-01,rail-right-01,0.6.7-draft,0.6.7-draft,mqtt,mqtt,298.96,238.6,7.171,7.172,-0.042,-0.069,0.002,-0.408,10.485,9.787,-0.0662,0.0314,0.0376,0.0556,-0.0077,-0.0073,25.1,25.02,18181,20056,2.273,2.507,6.818,7.521,161,161,17,17,0,0,0,0,-0.11115625,-0.17125478,-0.11115625,-0.17125478,-0.06789281,-0.03178029,-0.06789281,-0.03178029,1.23361022,1.23163744,-0.00166479,-0.00103729,0.018204,0.00977513,0.86535,0.87735,0.5070247,0.50696305,0,0
2026-09-28T22:27:32.921031+09:00,64767536,dc7de351,2026-09-28T22:27:32.921031+09:00,2026-09-28T22:27:32.961882+09:00,rail-left-01,rail-right-01,0.6.7-draft,0.6.7-draft,mqtt,mqtt,300.15,239.54,7.248,7.162,0.11,0.12,-0.01,-0.255,10.548,9.706,-0.0633,0.0289,0.0436,0.0582,-0.008,-0.0064,25.12,25.01,18374,20034,2.297,2.504,6.89,7.513,162,162,17,17,0,0,0,0,-0.11072035,-0.16054049,-0.11072035,-0.16054049,-0.05986649,-0.03103316,-0.05986649,-0.03103316,1.23473917,1.23028917,-0.00078994,-0.00126465,0.01797864,0.00880702,0.86535,0.87735,0.50705998,0.50692092,0,0
2026-09-28T22:27:32.941157+09:00,64787662,dc7de351,2026-09-28T22:27:32.941157+09:00,2026-09-28T22:27:32.982008+09:00,rail-left-01,rail-right-01,0.6.7-draft,0.6.7-draft,mqtt,mqtt,301.34,240.49,7.239,7.165,-0.152,-0.051,-0.017,-0.233,10.347,9.74,-0.063,0.0306,0.0444,0.0576,-0.0133,-0.01,25.14,25.05,18352,20041,2.294,2.505,6.882,7.515,163,163,17,17,0,0,0,0,-0.11333359,-0.16612904,-0.11333359,-0.16612904,-0.05303316,-0.03043101,-0.05303316,-0.03043101,1.23554631,1.22907627,-0.00032356,-0.00142175,0.01746286,0.00801283,0.86535,0.87735,0.5070852,0.50688301,0,0
2026-09-28T22:27:32.961103+09:00,64807608,dc7de351,2026-09-28T22:27:32.961103+09:00,2026-09-28T22:27:33.001954+09:00,rail-left-01,rail-right-01,0.6.7-draft,0.6.7-draft,mqtt,mqtt,302.54,241.48,7.223,7.168,0.134,0.103,-0.287,-0.245,10.327,9.673,-0.0654,0.0302,0.0402,0.057,-0.0108,-0.0077,25.11,25.01,18310,20048,2.289,2.506,6.866,7.518,164,164,17,17,0,0,0,0,-0.11689801,-0.15774463,-0.11689801,-0.15774463,-0.04754831,-0.02996024,-0.04754831,-0.02996024,1.23591644,1.22798604,-0.00013933,-0.00152944,0.01668467,0.00734083,0.86535,0.87735,0.50709677,0.50684894,0,0
2026-09-28T22:27:32.981205+09:00,64827710,dc7de351,2026-09-28T22:27:32.981205+09:00,2026-09-28T22:27:33.022056+09:00,rail-left-01,rail-right-01,0.6.7-draft,0.6.7-draft,mqtt,mqtt,303.73,242.43,7.215,7.16,-0.066,-0.05,0.148,-0.233,10.446,9.683,-0.0653,0.0305,0.0392,0.0546,-0.0099,-0.0073,25.12,25.04,18292,20030,2.287,2.504,6.86,7.511,165,165,17,17,0,0,0,0,-0.12220174,-0.16302179,-0.12220174,-0.16302179,-0.04288823,-0.02927558,-0.04288823,-0.02927558,1.23608047,1.22684068,-0.00006575,-0.0016367,0.01587997,0.00683226,0.86535,0.87735,0.5071019,0.50681315,0,0
2026-09-28T22:27:33.000994+09:00,64847499,dc7de351,2026-09-28T22:27:33.000994+09:00,2026-09-28T22:27:33.041845+09:00,rail-left-01,rail-right-01,0.6.7-draft,0.6.7-draft,mqtt,mqtt,304.87,243.37,7.205,7.159,0.01,0.014,-0.017,-0.357,10.448,9.631,-0.0657,0.0336,0.045,0.061,-0.0133,-0.0091,25.11,25.03,18266,20027,2.283,2.503,6.85,7.51,166,166,17,17,0,0,0,0,-0.12870824,-0.16266036,-0.12870824,-0.16266036,-0.03903316,-0.02860179,-0.03903316,-0.02860179,1.2360225,1.22574799,-0.00007514,-0.00172243,0.01504983,0.00640506,0.86535,0.87735,0.50710008,0.50677901,0,0
2026-09-28T22:27:33.021155+09:00,64867660,dc7de351,2026-09-28T22:27:33.021155+09:00,2026-09-28T22:27:33.062006+09:00,rail-left-01,rail-right-01,0.6.7-draft,0.6.7-draft,mqtt,mqtt,306.07,244.32,7.194,7.16,0.036,0.06,0.01,-0.239,10.496,9.637,-0.0638,0.0346,0.0398,0.0536,-0.0068,-0.0015,25.11,25.03,18238,20030,2.28,2.504,6.839,7.511,167,167,17,17,0,0,0,0,-0.1360099,-0.15858156,-0.1360099,-0.15858156,-0.03592649,-0.02799506,-0.03592649,-0.02799506,1.23574917,1.22473203,-0.00014483,-0.00178604,0.01419311,0.00602957,0.86535,0.87735,0.50709154,0.50674726,0,0
2026-09-28T22:27:33.041138+09:00,64887643,dc7de351,2026-09-28T22:27:33.041138+09:00,2026-09-28T22:27:33.081989+09:00,rail-left-01,rail-right-01,0.6.7-draft,0.6.7-draft,mqtt,mqtt,307.26,245.26,7.177,7.144,-0.053,-0.041,0.134,-0.259,10.684,9.815,-0.065,0.0317,0.0466,0.0632,-0.0143,-0.0113,25.11,25.05,18197,19995,2.275,2.499,6.824,7.498,168,168,17,17,0,0,0,0,-0.14447639,-0.1626313,-0.14447639,-0.1626313,-0.03371265,-0.0269776,-0.03371265,-0.0269776,1.23516994,1.22355028,-0.00028658,-0.00187613,0.0132654,0.00578306,0.87735,0.87735,0.50707344,0.50671033,0,0
2026-09-28T22:27:33.061090+09:00,64907595,dc7de351,2026-09-28T22:27:33.061090+09:00,2026-09-28T22:27:33.101941+09:00,rail-left-01,rail-right-01,0.6.7-draft,0.6.7-draft,mqtt,mqtt,308.45,246.25,7.153,7.156,-0.029,-0.014,0.053,-0.22,10.613,9.65,-0.0636,0.0316,0.0414,0.0608,-0.012,-0.0064,25.11,25.04,18136,20021,2.267,2.503,6.801,7.508,169,169,17,17,0,0,0,0,-0.15370909,-0.16445607,-0.15370909,-0.16445607,-0.03255168,-0.02633947,-0.03255168,-0.02633947,1.23418917,1.22259457,-0.00051166,-0.00191898,0.01222897,0.0055023,0.87735,0.87735,0.50704279,0.50668046,0,0
2026-09-28T22:27:33.081145+09:00,64927650,dc7de351,2026-09-28T22:27:33.081145+09:00,2026-09-28T22:27:33.121996+09:00,rail-left-01,rail-right-01,0.6.7-draft,0.6.7-draft,mqtt,mqtt,309.6,247.2,7.132,7.15,-0.067,0.122,0.132,-0.235,10.515,9.717,-0.0674,0.0316,0.038,0.0534,-0.0085,-0.0035,25.11,25.04,18085,20008,2.261,2.501,6.782,7.503,170,170,17,17,0,0,0,0,-0.16366353,-0.15602943,-0.16366353,-0.15602943,-0.03222364,-0.02557702,-0.03222364,-0.02557702,1.23290345,1.22161022,-0.00078178,-0.00196509,0.01115292,0.00527793,0.87735,0.87735,0.50700261,0.5066497,0,0
2026-09-28T22:27:33.178971+09:00,65025483,dc7de351,2026-09-28T22:27:33.178971+09:00,2026-09-28T22:27:33.216112+09:00,rail-left-01,rail-right-01,0.6.7-draft,0.6.7-draft,mqtt,mqtt,315.41,251.87,7.124,7.147,0.048,-0.008,0.195,-0.379,10.512,9.606,-0.0675,0.0341,0.0409,0.056,-0.0113,-0.0095,25.09,25.05,18065,20001,2.258,2.5,6.774,7.5,171,171,18,18,0,0,0,0,-0.15233567,-0.15824521,-0.15233567,-0.15824521,-0.0250588,-0.04620323,-0.0250588,-0.04620323,1.22057378,1.19989325,-0.00200209,-0.0035256,0.00494201,-0.00004634,0.87735,0.87735,0.50661731,0.50597104,0,0
2026-09-28T22:27:33.199147+09:00,65045659,dc7de351,2026-09-28T22:27:33.199147+09:00,2026-09-28T22:27:33.236288+09:00,rail-left-01,rail-right-01,0.6.7-draft,0.6.7-draft,mqtt,mqtt,316.61,252.87,7.047,7.135,-0.054,0.016,-0.034,-0.372,10.429,9.756,-0.0652,0.0328,0.0377,0.0588,-0.0072,-0.0068,25.11,25.03,17873,19975,2.234,2.497,6.702,7.491,172,172,18,18,0,0,0,0,-0.14989279,-0.15565115,-0.14989279,-0.15565115,-0.02649149,-0.04800649,-0.02649149,-0.04800649,1.21862667,1.19790917,-0.00220423,-0.00360475,0.00429476,-0.00030666,0.87735,0.87735,0.50655646,0.50590904,0,0
2026-09-28T22:27:33.219117+09:00,65065629,dc7de351,2026-09-28T22:27:33.219117+09:00,2026-09-28T22:27:33.256258+09:00,rail-left-01,rail-right-01,0.6.7-draft,0.6.7-draft,mqtt,mqtt,317.75,253.81,7.031,7.131,-0.03,0.042,-0.001,-0.238,10.609,9.869,-0.0652,0.0329,0.0386,0.0533,-0.0123,-0.0065,25.13,25.02,17832,19965,2.229,2.496,6.687,7.487,173,173,18,18,0,0,0,0,-0.14850942,-0.15170873,-0.14850942,-0.15170873,-0.02824454,-0.04966061,-0.02824454,-0.04966061,1.21657941,1.19596368,-0.00240322,-0.00367464,0.00367112,-0.0005223,0.87735,0.87735,0.50649249,0.50584825,0,0
2026-09-28T22:27:33.239154+09:00,65085667,dc7de351,2026-09-28T22:27:33.239154+09:00,2026-09-28T22:27:33.276296+09:00,rail-left-01,rail-right-01,0.6.7-draft,0.6.7-draft,mqtt,mqtt,318.94,254.76,7.018,7.133,0.059,0.073,0.177,-0.473,10.318,9.669,-0.0654,0.0342,0.0417,0.0606,-0.0095,-0.0045,25.11,25.06,17801,19969,2.225,2.496,6.675,7.488,174,174,18,18,0,0,0,0,-0.1478813,-0.14620025,-0.1478813,-0.14620025,-0.03022364,-0.05128957,-0.03022364,-0.05128957,1.21447488,1.19411225,-0.00259293,-0.00372883,0.00307942,-0.00071631,0.87735,0.87735,0.50642672,0.50579039,0,0
2026-09-28T22:27:33.259230+09:00,65105743,dc7de351,2026-09-28T22:27:33.259230+09:00,2026-09-28T22:27:33.296372+09:00,rail-left-01,rail-right-01,0.6.7-draft,0.6.7-draft,mqtt,mqtt,320.14,255.7,7,7.129,-0.041,-0.065,-0.165,-0.172,10.525,9.828,-0.0655,0.0329,0.0361,0.0552,-0.0073,-0.0092,25.11,25.02,17755,19961,2.219,2.495,6.658,7.485,175,175,18,18,0,0,0,0,-0.14811781,-0.14832486,-0.14811781,-0.14832486,-0.03252928,-0.05278159,-0.03252928,-0.05278159,1.21225894,1.19229294,-0.00278402,-0.00377732,0.00249627,-0.00087688,0.87735,0.87735,0.50635747,0.50573354,0,0
2026-09-28T22:27:33.279229+09:00,65125741,dc7de351,2026-09-28T22:27:33.279229+09:00,2026-09-28T22:27:33.316370+09:00,rail-left-01,rail-right-01,0.6.7-draft,0.6.7-draft,mqtt,mqtt,321.33,256.7,6.996,7.127,0.036,0.057,0.016,-0.382,10.529,9.688,-0.0652,0.0354,0.0405,0.0564,-0.0097,-0.0092,25.09,25.02,17745,19956,2.218,2.495,6.654,7.484,176,176,18,18,0,0,0,0,-0.14899022,-0.143934,-0.14899022,-0.143934,-0.03482104,-0.05418131,-0.03482104,-0.05418131,1.21009826,1.1905225,-0.00295026,-0.00381833,0.00197293,-0.00101387,0.87735,0.87735,0.50628995,0.50567821,0,0
2026-09-28T22:27:33.299018+09:00,65145530,dc7de351,2026-09-28T22:27:33.299018+09:00,2026-09-28T22:27:33.336159+09:00,rail-left-01,rail-right-01,0.6.7-draft,0.6.7-draft,mqtt,mqtt,322.52,257.64,6.983,7.121,-0.09,-0.029,0.123,-0.267,10.555,9.614,-0.0636,0.0361,0.035,0.0486,-0.0088,-0.0052,25.11,25.05,17714,19943,2.214,2.493,6.643,7.479,177,177,18,18,0,0,0,0,-0.15066082,-0.14419157,-0.15066082,-0.14419157,-0.03729983,-0.05542104,-0.03729983,-0.05542104,1.20788917,1.1887619,-0.00311101,-0.00385768,0.0014695,-0.00112133,0.87735,0.87735,0.50622092,0.50562319,0,0
2026-09-28T22:27:33.319166+09:00,65165678,dc7de351,2026-09-28T22:27:33.319166+09:00,2026-09-28T22:27:33.356307+09:00,rail-left-01,rail-right-01,0.6.7-draft,0.6.7-draft,mqtt,mqtt,323.72,258.58,6.993,7.092,-0.043,0.044,-0.169,-0.376,10.551,9.79,-0.0632,0.0385,0.0384,0.0496,-0.014,-0.0069,25.09,25.03,17738,19879,2.217,2.485,6.652,7.455,178,178,18,18,0,0,0,0,-0.15298924,-0.14070085,-0.15298924,-0.14070085,-0.03945345,-0.05609864,-0.03945345,-0.05609864,1.20588482,1.18680524,-0.0032291,-0.00392073,0.00105918,-0.001153,0.87735,0.87735,0.50615828,0.50556204,0,0
2026-09-28T22:27:33.339056+09:00,65185568,dc7de351,2026-09-28T22:27:33.339056+09:00,2026-09-28T22:27:33.376197+09:00,rail-left-01,rail-right-01,0.6.7-draft,0.6.7-draft,mqtt,mqtt,324.86,259.53,6.98,7.079,-0.105,-0.048,-0.146,-0.268,10.544,9.88,-0.0658,0.0369,0.0369,0.0556,-0.0116,-0.0093,25.13,25.06,17707,19849,2.213,2.481,6.64,7.443,179,179,18,18,0,0,0,0,-0.15602248,-0.14191513,-0.15602248,-0.14191513,-0.04179202,-0.05652439,-0.04179202,-0.05652439,1.20382747,1.1848032,-0.00334723,-0.00398725,0.00065677,-0.00115302,0.87735,0.87735,0.50609399,0.50549948,0,0
2026-09-28T22:27:33.359121+09:00,65205633,dc7de351,2026-09-28T22:27:33.359121+09:00,2026-09-28T22:27:33.396262+09:00,rail-left-01,rail-right-01,0.6.7-draft,0.6.7-draft,mqtt,mqtt,326.05,260.52,6.978,7.068,-0.026,-0.04,0.209,-0.25,10.318,9.738,-0.0613,0.0313,0.0364,0.0561,-0.0107,-0.0057,25.12,25.04,17701,19825,2.213,2.478,6.638,7.434,180,180,18,18,0,0,0,0,-0.15950502,-0.14271914,-0.15950502,-0.14271914,-0.04407483,-0.0567458,-0.04407483,-0.0567458,1.201835,1.18277538,-0.00344858,-0.00405454,0.00029433,-0.00112959,0.87735,0.87735,0.50603172,0.50543611,0,0
2026-09-28T22:27:33.446238+09:00,65294584,dc7de351,2026-09-28T22:27:33.446238+09:00,2026-09-28T22:27:33.482874+09:00,rail-left-01,rail-right-01,0.6.7-draft,0.6.7-draft,mqtt,mqtt,331.32,264.75,6.973,7.061,-0.116,-0.054,0.042,-0.352,10.581,9.663,-0.0598,0.0314,0.0384,0.055,-0.0103,-0.0103,25.11,25.06,17689,19809,2.211,2.476,6.633,7.428,181,181,19,19,0,0,0,0,-0.14753226,-0.76862715,-0.14753226,-0.76862715,-0.05704446,0.14413351,-0.05704446,0.14413351,1.18077391,1.17043917,-0.00410371,-0.08698941,-0.00111072,-0.16974281,0.87735,0.80235,0.50537357,0.51395761,0,0
2026-09-28T22:27:33.466351+09:00,65314696,dc7de351,2026-09-28T22:27:33.466351+09:00,2026-09-28T22:27:33.502986+09:00,rail-left-01,rail-right-01,0.6.7-draft,0.6.7-draft,mqtt,mqtt,332.52,265.74,7.119,7.122,0.062,0.129,0.119,-0.12,10.53,9.625,-0.0614,0.0349,0.0434,0.0585,-0.0137,-0.0104,25.12,25.04,18051,19945,2.256,2.493,6.769,7.479,182,182,19,19,0,0,0,0,-0.1527884,-0.56189868,-0.1527884,-0.56189868,-0.05489983,0.03030017,-0.05489983,0.03030017,1.18005584,1.13268917,-0.00399334,-0.07465192,-0.00079362,-0.16588143,0.87735,0.80235,0.50535113,0.51277792,0,0
2026-09-28T22:27:33.486281+09:00,65334627,dc7de351,2026-09-28T22:27:33.486281+09:00,2026-09-28T22:27:33.522917+09:00,rail-left-01,rail-right-01,0.6.7-draft,0.6.7-draft,mqtt,mqtt,333.71,266.69,7.193,7.171,-0.08,-0.066,0.075,-0.302,10.514,9.913,-0.0606,0.0352,0.0417,0.0597,-0.0092,-0.0057,25.11,25.04,18236,20053,2.28,2.507,6.839,7.52,183,183,19,19,0,0,0,0,-0.15867501,-0.59519683,-0.15867501,-0.59519683,-0.05161239,-0.03886649,-0.05161239,-0.03886649,1.17996786,1.11993917,-0.00381656,-0.06305499,-0.00036177,-0.16085167,0.87735,0.80235,0.50534838,0.51237949,0,0
2026-09-28T22:27:33.506407+09:00,65354753,dc7de351,2026-09-28T22:27:33.506407+09:00,2026-09-28T22:27:33.543043+09:00,rail-left-01,rail-right-01,0.6.7-draft,0.6.7-draft,mqtt,mqtt,334.9,267.63,7.303,7.226,0.065,0.055,0.055,-0.338,10.511,9.815,-0.0642,0.03,0.0401,0.0577,-0.0137,-0.0085,25.12,25.05,18511,20177,2.314,2.522,6.942,7.566,184,184,19,19,0,0,0,0,-0.1648681,-0.54741925,-0.1648681,-0.54741925,-0.04665681,-0.09136649,-0.04665681,-0.09136649,1.18076981,1.11778917,-0.00354848,-0.05134076,0.00023687,-0.15622008,0.87735,0.80235,0.50537344,0.5123123,0,0
2026-09-28T22:27:33.526548+09:00,65374894,dc7de351,2026-09-28T22:27:33.526548+09:00,2026-09-28T22:27:33.563184+09:00,rail-left-01,rail-right-01,0.6.7-draft,0.6.7-draft,mqtt,mqtt,336.1,268.58,7.413,7.29,0.079,0.138,-0.001,-0.28,10.602,9.747,-0.0699,0.0333,0.0436,0.0566,-0.0143,-0.0108,25.14,25.03,18785,20317,2.348,2.54,7.044,7.619,185,185,19,19,0,0,0,0,-0.1713413,-0.47651743,-0.1713413,-0.47651743,-0.04011252,-0.13703316,-0.04011252,-0.13703316,1.18241933,1.12168917,-0.00320132,-0.03936498,0.00097972,-0.15263576,0.87735,0.80235,0.50542498,0.51243417,0,0
2026-09-28T22:27:33.546301+09:00,65394646,dc7de351,2026-09-28T22:27:33.546301+09:00,2026-09-28T22:27:33.582936+09:00,rail-left-01,rail-right-01,0.6.7-draft,0.6.7-draft,mqtt,mqtt,337.29,269.52,7.514,7.352,-0.119,-0.083,-0.036,-0.259,10.278,9.687,-0.0659,0.0342,0.0412,0.0534,-0.0112,-0.0041,25.13,25.02,19035,20455,2.379,2.557,7.138,7.671,186,186,19,19,0,0,0,0,-0.17836999,-0.51576709,-0.17836999,-0.51576709,-0.03219462,-0.17850935,-0.03219462,-0.17850935,1.18480636,1.12890345,-0.00279368,-0.02786271,0.00183132,-0.1496275,0.87735,0.80235,0.50549958,0.51265962,0,0
2026-09-28T22:27:33.566409+09:00,65414755,dc7de351,2026-09-28T22:27:33.566409+09:00,2026-09-28T22:27:33.603045+09:00,rail-left-01,rail-right-01,0.6.7-draft,0.6.7-draft,mqtt,mqtt,338.43,270.47,7.542,7.384,-0.162,-0.004,0.104,-0.174,10.514,9.619,-0.0658,0.0352,0.0512,0.0549,-0.02,-0.0044,25.09,25.04,19105,20527,2.388,2.566,7.164,7.698,187,187,19,19,0,0,0,0,-0.18606706,-0.51732797,-0.18606706,-0.51732797,-0.02408957,-0.21361649,-0.02408957,-0.21361649,1.18733532,1.13631417,-0.00239637,-0.01829735,0.00265175,-0.14469072,0.87735,0.80235,0.50557861,0.5128912,0,0
2026-09-28T22:27:33.586352+09:00,65434697,dc7de351,2026-09-28T22:27:33.586352+09:00,2026-09-28T22:27:33.622987+09:00,rail-left-01,rail-right-01,0.6.7-draft,0.6.7-draft,mqtt,mqtt,339.63,271.46,7.472,7.421,-0.069,0.036,-0.037,-0.462,10.609,9.637,-0.0644,0.034,0.0436,0.0524,-0.0163,-0.0064,25.1,25.04,18931,20609,2.366,2.576,7.099,7.728,188,188,19,19,0,0,0,0,-0.71919478,-0.50581047,-0.71919478,-0.50581047,0.42463351,-0.24503316,0.42463351,-0.24503316,1.31418917,1.14413361,0,-0.01008735,0,-0.13901341,0.80235,0.80235,0.5184498,0.51313556,0,0
2026-09-28T22:27:33.606297+09:00,65454643,dc7de351,2026-09-28T22:27:33.606297+09:00,2026-09-28T22:27:33.642933+09:00,rail-left-01,rail-right-01,0.6.7-draft,0.6.7-draft,mqtt,mqtt,340.82,272.41,7.283,7.396,0.029,0.15,-0.154,-0.31,10.313,9.71,-0.063,0.0336,0.0434,0.0581,-0.012,-0.0104,25.11,25.02,18461,20553,2.308,2.569,6.923,7.707,189,189,19,19,0,0,0,0,,-0.46404152,,-0.46404152,,-0.26766649,,-0.26766649,,1.14913917,,-0.0051551,,-0.12945839,,0.80235,0,0.51329199,0,0
2026-09-28T22:27:33.626558+09:00,65474904,dc7de351,2026-09-28T22:27:33.626558+09:00,2026-09-28T22:27:33.663194+09:00,rail-left-01,rail-right-01,0.6.7-draft,0.6.7-draft,mqtt,mqtt,342.01,273.35,6.904,7.299,-0.181,-0.11,-0.102,-0.285,10.446,9.542,-0.0588,0.0374,0.0412,0.059,-0.0105,-0.0073,25.13,25.03,17516,20337,2.19,2.542,6.569,7.626,190,190,19,19,0,0,0,0,,-0.49768276,,-0.49768276,,-0.27736649,,-0.27736649,,1.14882553,,-0.00449128,,-0.1139432,,0.80235,0,0.51328218,0,0
2026-09-28T22:27:33.712215+09:00,65562556,dc7de351,2026-09-28T22:27:33.712215+09:00,2026-09-28T22:27:33.798622+09:00,rail-left-01,rail-right-01,0.6.7-draft,0.6.7-draft,mqtt,mqtt,347.18,277.53,6.669,7.209,-0.169,-0.056,-0.062,-0.537,10.398,9.78,-0.0601,0.0305,0.0448,0.0585,-0.0139,-0.0065,25.12,25.04,16933,20138,2.117,2.517,6.35,7.552,191,191,20,20,0,0,0,0,-0.54344303,,-0.54344303,,-0.30503316,,-0.30503316,,1.1387725,,-0.0110559,,-0.09613982,,0.80235,,0.51296803,0,0,0
2026-09-28T22:27:33.732254+09:00,65582595,dc7de351,2026-09-28T22:27:33.732254+09:00,2026-09-28T22:27:33.818661+09:00,rail-left-01,rail-right-01,0.6.7-draft,0.6.7-draft,mqtt,mqtt,348.38,278.47,5.329,5.949,-0.085,-0.157,0.071,-0.239,11.405,9.756,-0.0644,0.0281,0.0365,0.0549,-0.0131,-0.0095,25.1,25.04,11975,17210,1.497,2.151,4.491,6.454,192,192,20,20,0,0,0,0,-0.58469607,-0.74127312,-0.58469607,-0.74127312,-0.43152034,-0.82342205,-0.43152034,-0.82342205,1.07872763,0.81843917,-0.04776458,-0.10083279,-0.1534729,-0.14321707,1.59835,1.59835,0.51109163,0.50311333,0,0
2026-09-28T22:27:33.752375+09:00,65602716,dc7de351,2026-09-28T22:27:33.752375+09:00,2026-09-28T22:27:33.838782+09:00,rail-left-01,rail-right-01,0.6.7-draft,0.6.7-draft,mqtt,mqtt,349.57,279.47,5.238,5.792,0.089,0.101,-0.233,-0.401,10.508,9.962,-0.0683,0.0316,0.0285,0.0462,-0.0108,-0.0047,25.12,25.03,11528,16456,1.441,2.057,4.323,6.171,193,193,20,20,0,0,0,0,-0.62070138,-0.6683426,-0.62070138,-0.6683426,-0.54643792,-0.8162086,-0.54643792,-0.8162086,1.0240106,0.74813654,-0.06820039,-0.10681227,-0.18428698,-0.10539537,1.59835,1.59835,0.50938172,0.50288791,0,0
2026-09-28T22:27:33.772248+09:00,65622589,dc7de351,2026-09-28T22:27:33.772248+09:00,2026-09-28T22:27:33.858655+09:00,rail-left-01,rail-right-01,0.6.7-draft,0.6.7-draft,mqtt,mqtt,350.71,280.41,5.198,5.672,-0.006,-0.004,0.029,-0.103,10.283,9.639,-0.0667,0.032,0.0417,0.056,-0.0076,-0.0061,25.1,25.04,11331,15876,1.416,1.985,4.249,5.954,194,194,20,20,0,0,0,0,-0.65366158,-0.61713286,-0.65366158,-0.61713286,-0.64869983,-0.80371649,-0.64869983,-0.80371649,0.97525584,0.68186417,-0.07977104,-0.11043611,-0.20048739,-0.08050836,1.59835,1.59835,0.50785813,0.50249753,0,0
2026-09-28T22:27:33.792274+09:00,65642615,dc7de351,2026-09-28T22:27:33.792274+09:00,2026-09-28T22:27:33.878681+09:00,rail-left-01,rail-right-01,0.6.7-draft,0.6.7-draft,mqtt,mqtt,351.91,281.36,5.165,5.597,-0.152,-0.09,0.096,-0.417,10.658,9.75,-0.0628,0.0334,0.0433,0.057,-0.0151,-0.0092,25.11,25.05,11169,15514,1.396,1.939,4.188,5.818,195,195,20,20,0,0,0,0,-0.68513325,-0.58248758,-0.68513325,-0.58248758,-0.74024149,-0.78884268,-0.74024149,-0.78884268,0.93156417,0.62011774,-0.08632485,-0.11253395,-0.2083921,-0.06279736,1.59835,1.59835,0.50649277,0.50203272,0,0
2026-09-28T22:27:33.812228+09:00,65662569,dc7de351,2026-09-28T22:27:33.812228+09:00,2026-09-28T22:27:33.898635+09:00,rail-left-01,rail-right-01,0.6.7-draft,0.6.7-draft,mqtt,mqtt,353.1,282.3,5.144,5.554,0.08,0.099,-0.024,-0.201,10.426,9.737,-0.0612,0.0293,0.0402,0.0606,-0.0093,-0.0081,25.1,25.04,11067,15311,1.383,1.914,4.15,5.742,196,196,20,20,0,0,0,0,-0.71369205,-0.52665132,-0.71369205,-0.52665132,-0.82224885,-0.77336649,-0.82224885,-0.77336649,0.89239505,0.56300735,-0.08971797,-0.11356495,-0.21110557,-0.04964441,1.59835,1.59835,0.50526873,0.50154909,0,0
2026-09-28T22:27:33.832327+09:00,65682668,dc7de351,2026-09-28T22:27:33.832327+09:00,2026-09-28T22:27:33.918734+09:00,rail-left-01,rail-right-01,0.6.7-draft,0.6.7-draft,mqtt,mqtt,354.24,283.24,5.131,5.536,-0.097,0.002,0.002,-0.231,10.659,9.682,-0.0638,0.0316,0.0394,0.0557,-0.0087,-0.0047,25.12,25.06,11001,15224,1.375,1.903,4.125,5.709,197,197,20,20,0,0,0,0,,-0.48757355,,-0.48757355,,-0.75845345,,-0.75845345,,0.51047178,,-0.11379679,,-0.03964154,,1.59835,0,0.50108306,0,0
2026-09-28T22:27:33.852284+09:00,65702625,dc7de351,2026-09-28T22:27:33.852284+09:00,2026-09-28T22:27:33.938691+09:00,rail-left-01,rail-right-01,0.6.7-draft,0.6.7-draft,mqtt,mqtt,355.44,284.19,5.1,5.524,0.035,-0.01,-0.073,-0.275,10.555,9.783,-0.0644,0.0321,0.0448,0.061,-0.0095,-0.0095,25.11,25.03,10848,15163,1.356,1.895,4.068,5.686,198,198,20,20,0,0,0,0,,-0.45324277,,-0.45324277,,-0.74428316,,-0.74428316,,0.46206417,,-0.11347252,,-0.03180076,,1.59835,0,0.50064024,0,0
2026-09-28T22:27:33.872235+09:00,65722576,dc7de351,2026-09-28T22:27:33.872235+09:00,2026-09-28T22:27:33.958642+09:00,rail-left-01,rail-right-01,0.6.7-draft,0.6.7-draft,mqtt,mqtt,356.63,285.13,5.094,5.514,-0.198,-0.053,-0.047,-0.152,10.433,9.791,-0.0597,0.0316,0.0388,0.0548,-0.0108,-0.0036,25.13,25.05,10822,15117,1.353,1.89,4.058,5.669,199,199,20,20,0,0,0,0,,-0.42652354,,-0.42652354,,-0.73084649,,-0.73084649,,0.41732917,,-0.11276756,,-0.0255018,,1.59835,0,0.50022034,0,0
2026-09-28T22:27:33.892671+09:00,65743012,dc7de351,2026-09-28T22:27:33.892671+09:00,2026-09-28T22:27:33.979078+09:00,rail-left-01,rail-right-01,0.6.7-draft,0.6.7-draft,mqtt,mqtt,357.82,286.13,5.085,5.505,0.129,0.041,0.218,-0.327,10.487,9.901,-0.0626,0.0321,0.0412,0.061,-0.0117,-0.0055,25.08,25.04,10777,15072,1.347,1.884,4.041,5.652,200,200,20,20,0,0,0,0,,-0.39174437,,-0.39174437,,-0.71809726,,-0.71809726,,0.37586225,,-0.11176124,,-0.02031716,,1.59835,0,0.49982193,0,0
2026-09-28T22:27:34.075560+09:00,65878439,dc7de351,2026-09-28T22:27:34.075560+09:00,2026-09-28T22:27:34.155500+09:00,rail-left-01,rail-right-01,0.6.7-draft,0.6.7-draft,mqtt,mqtt,365.83,292.59,5.077,5.507,0.204,0.171,-0.019,-0.389,10.518,9.871,-0.0686,0.0269,0.0246,0.0409,-0.0081,-0.0016,25.1,25.05,10737,15080,1.342,1.885,4.026,5.655,201,201,21,21,0,0,0,0,-0.36962349,,-0.36962349,,-0.70658871,,-0.70658871,,0.3373188,,-0.10634306,,-0.01436813,,1.59835,,0.49946228,0,0,0
2026-09-28T22:27:34.095726+09:00,65898605,dc7de351,2026-09-28T22:27:34.095726+09:00,2026-09-28T22:27:34.175666+09:00,rail-left-01,rail-right-01,0.6.7-draft,0.6.7-draft,mqtt,mqtt,367.02,293.54,5.263,5.399,-0.017,-0.124,0.139,-0.362,10.156,10.009,-0.0691,0.028,0.0344,0.0528,-0.0104,-0.0099,25.12,25.04,11650,14564,1.456,1.821,4.369,5.462,202,202,21,21,0,0,0,0,,,,,,,,,,,,,,,,,0,0,0,0
2026-09-28T22:27:34.115684+09:00,65918563,dc7de351,2026-09-28T22:27:34.115684+09:00,2026-09-28T22:27:34.195624+09:00,rail-left-01,rail-right-01,0.6.7-draft,0.6.7-draft,mqtt,mqtt,368.21,294.48,5.3,5.407,0.075,0.016,0.074,-0.34,10.493,9.892,-0.0641,0.0318,0.039,0.054,-0.0048,-0.0069,25.1,25.04,11831,14602,1.479,1.825,4.437,5.476,203,203,21,21,0,0,0,0,,,,,,,,,,,,,,,,,0,0,0,0
2026-09-28T22:27:34.135581+09:00,65938461,dc7de351,2026-09-28T22:27:34.135581+09:00,2026-09-28T22:27:34.215522+09:00,rail-left-01,rail-right-01,0.6.7-draft,0.6.7-draft,mqtt,mqtt,369.36,295.43,5.312,5.42,0.169,0.109,-0.073,-0.567,10.673,9.673,-0.0661,0.0306,0.0386,0.0489,-0.0039,-0.0001,25.11,25.02,11888,14662,1.486,1.833,4.458,5.498,204,204,21,21,0,0,0,0,,,,,,,,,,,,,,,,,0,0,0,0
2026-09-28T22:27:34.155937+09:00,65958816,dc7de351,2026-09-28T22:27:34.155937+09:00,2026-09-28T22:27:34.235877+09:00,rail-left-01,rail-right-01,0.6.7-draft,0.6.7-draft,mqtt,mqtt,370.6,296.37,5.333,5.41,-0.194,-0.204,0.092,-0.379,10.507,9.674,-0.0645,0.0286,0.0373,0.0465,-0.0093,-0.0039,25.1,25.06,11995,14616,1.499,1.827,4.498,5.481,205,205,21,21,0,0,0,0,,,,,,,,,,,,,,,,,0,0,0,0
2026-09-28T22:27:34.175997+09:00,65978877,dc7de351,2026-09-28T22:27:34.175997+09:00,2026-09-28T22:27:34.255938+09:00,rail-left-01,rail-right-01,0.6.7-draft,0.6.7-draft,mqtt,mqtt,371.74,297.36,5.348,5.402,0.139,0.17,-0.051,-0.309,10.402,9.626,-0.0655,0.0304,0.0445,0.0565,-0.0125,-0.0061,25.11,25.03,12069,14579,1.509,1.822,4.526,5.467,206,206,21,21,0,0,0,0,,-0.35831459,,-0.35831459,,-0.68065221,,-0.68065221,,0.30547488,,-0.08546808,,-0.00129999,,1.59835,0,0.49865177,0,0
2026-09-28T22:27:34.195691+09:00,65998570,dc7de351,2026-09-28T22:27:34.195691+09:00,2026-09-28T22:27:34.275631+09:00,rail-left-01,rail-right-01,0.6.7-draft,0.6.7-draft,mqtt,mqtt,372.94,298.26,5.353,5.404,-0.168,-0.073,-0.226,-0.268,10.664,9.718,-0.0661,0.0318,0.0342,0.049,-0.0085,-0.0044,25.09,25.04,12091,14588,1.511,1.824,4.534,5.47,207,207,21,21,0,0,0,0,,-0.3521462,,-0.3521462,,-0.65657339,,-0.65657339,,0.27586158,,-0.07430484,,0.00544693,,1.59835,0,0.49789931,0,0
2026-09-28T22:27:34.215596+09:00,66018475,dc7de351,2026-09-28T22:27:34.215596+09:00,2026-09-28T22:27:34.295536+09:00,rail-left-01,rail-right-01,0.6.7-draft,0.6.7-draft,mqtt,mqtt,374.08,299.2,5.384,5.402,0.134,0.164,0.062,-0.255,10.399,9.731,-0.0641,0.0294,0.0381,0.0545,-0.0109,-0.0056,25.11,25.06,12241,14575,1.53,1.822,4.59,5.466,208,208,21,21,0,0,0,0,,-0.32389994,,-0.32389994,,-0.63403316,,-0.63403316,,0.24818917,,-0.06726976,,0.00954105,,1.59835,0,0.49719492,0,0
2026-09-28T22:27:34.235731+09:00,66038610,dc7de351,2026-09-28T22:27:34.235731+09:00,2026-09-28T22:27:34.315671+09:00,rail-left-01,rail-right-01,0.6.7-draft,0.6.7-draft,mqtt,mqtt,375.27,300.2,5.396,5.409,-0.095,-0.089,-0.078,-0.074,10.379,9.691,-0.065,0.0312,0.0422,0.0584,-0.01,-0.0069,25.1,25.02,12304,14611,1.538,1.826,4.614,5.479,209,209,21,21,0,0,0,0,,-0.3207194,,-0.3207194,,-0.61317294,,-0.61317294,,0.22241498,,-0.06233038,,0.01220498,,1.59835,0,0.49654304,0,0
2026-09-28T22:27:34.255851+09:00,66058730,dc7de351,2026-09-28T22:27:34.255851+09:00,2026-09-28T22:27:34.335791+09:00,rail-left-01,rail-right-01,0.6.7-draft,0.6.7-draft,mqtt,mqtt,376.47,301.14,5.401,5.407,0.01,0.012,0.014,-0.336,10.399,9.718,-0.0663,0.0285,0.0332,0.053,-0.0085,-0.0059,25.11,25.03,12327,14602,1.541,1.825,4.623,5.476,210,210,21,21,0,0,0,0,,-0.30873883,,-0.30873883,,-0.59355399,,-0.59355399,,0.19822042,,-0.05866048,,0.01408075,,1.59835,0,0.49592995,0,0
2026-09-28T22:27:34.432201+09:00,66237447,dc7de351,2026-09-28T22:27:34.432201+09:00,2026-09-28T22:27:34.517599+09:00,rail-left-01,rail-right-01,0.6.7-draft,0.6.7-draft,mqtt,mqtt,387.01,309.65,5.407,5.403,0.091,0.158,0.042,-0.32,10.633,9.771,-0.0653,0.0342,0.0428,0.0604,-0.0109,-0.014,25.08,25.04,12357,14580,1.545,1.823,4.634,5.468,211,211,22,22,0,0,0,0,,,,,,,,,,,,,,,,,0,0,0,0
2026-09-28T22:27:34.452349+09:00,66257595,dc7de351,2026-09-28T22:27:34.452349+09:00,2026-09-28T22:27:34.537747+09:00,rail-left-01,rail-right-01,0.6.7-draft,0.6.7-draft,mqtt,mqtt,388.15,310.59,5.401,5.452,-0.104,-0.044,-0.175,-0.116,10.483,9.692,-0.0697,0.0333,0.0414,0.0561,-0.0063,-0.0033,25.11,25.02,12325,14817,1.541,1.852,4.622,5.556,212,212,22,22,0,0,0,0,,,,,,,,,,,,,,,,,0,0,0,0
2026-09-28T22:27:34.472295+09:00,66277541,dc7de351,2026-09-28T22:27:34.472295+09:00,2026-09-28T22:27:34.557693+09:00,rail-left-01,rail-right-01,0.6.7-draft,0.6.7-draft,mqtt,mqtt,389.34,311.53,5.387,5.463,0.017,0.01,-0.045,-0.224,10.364,9.659,-0.0669,0.03,0.0412,0.0545,-0.0084,-0.0067,25.11,25.04,12258,14872,1.532,1.859,4.597,5.577,213,213,22,22,0,0,0,0,,,,,,,,,,,,,,,,,0,0,0,0
2026-09-28T22:27:34.492336+09:00,66297582,dc7de351,2026-09-28T22:27:34.492336+09:00,2026-09-28T22:27:34.577734+09:00,rail-left-01,rail-right-01,0.6.7-draft,0.6.7-draft,mqtt,mqtt,390.54,312.48,5.383,5.463,-0.026,-0.008,0.194,-0.199,10.362,9.752,-0.0654,0.0317,0.0425,0.0624,-0.0096,-0.0096,25.11,25.03,12240,14871,1.53,1.859,4.59,5.577,214,214,22,22,0,0,0,0,,,,,,,,,,,,,,,,,0,0,0,0
2026-09-28T22:27:34.512407+09:00,66317653,dc7de351,2026-09-28T22:27:34.512407+09:00,2026-09-28T22:27:34.597805+09:00,rail-left-01,rail-right-01,0.6.7-draft,0.6.7-draft,mqtt,mqtt,391.73,313.47,5.367,5.472,-0.108,-0.048,-0.135,-0.366,10.537,9.547,-0.0637,0.0282,0.0393,0.0568,-0.0049,0.0009,25.11,25.04,12158,14912,1.52,1.864,4.559,5.592,215,215,22,22,0,0,0,0,,,,,,,,,,,,,,,,,0,0,0,0
2026-09-28T22:27:34.532411+09:00,66337657,dc7de351,2026-09-28T22:27:34.532411+09:00,2026-09-28T22:27:34.617809+09:00,rail-left-01,rail-right-01,0.6.7-draft,0.6.7-draft,mqtt,mqtt,392.87,314.42,5.365,5.472,0.153,0.089,0.11,-0.397,10.411,9.87,-0.0655,0.0336,0.0413,0.0586,-0.0075,-0.0031,25.11,25.05,12149,14913,1.519,1.864,4.556,5.592,216,216,22,22,0,0,0,0,,,,,,,,,,,,,,,,,0,0,0,0
2026-09-28T22:27:34.552355+09:00,66357601,dc7de351,2026-09-28T22:27:34.552355+09:00,2026-09-28T22:27:34.637753+09:00,rail-left-01,rail-right-01,0.6.7-draft,0.6.7-draft,mqtt,mqtt,394.07,315.36,5.355,5.481,-0.051,-0.133,-0.032,-0.028,10.622,9.825,-0.0637,0.0316,0.0373,0.0593,-0.0077,-0.0065,25.12,25.05,12099,14955,1.512,1.869,4.537,5.608,217,217,22,22,0,0,0,0,,,,,,,,,,,,,,,,,0,0,0,0
2026-09-28T22:27:34.572418+09:00,66377664,dc7de351,2026-09-28T22:27:34.572418+09:00,2026-09-28T22:27:34.657816+09:00,rail-left-01,rail-right-01,0.6.7-draft,0.6.7-draft,mqtt,mqtt,395.26,316.31,5.357,5.48,0.103,0.097,0.129,-0.265,10.593,9.965,-0.0665,0.0326,0.0398,0.0549,-0.0057,-0.0024,25.1,25.02,12111,14951,1.514,1.869,4.542,5.607,218,218,22,22,0,0,0,0,,,,,,,,,,,,,,,,,0,0,0,0
2026-09-28T22:27:34.592242+09:00,66397488,dc7de351,2026-09-28T22:27:34.592242+09:00,2026-09-28T22:27:34.677640+09:00,rail-left-01,rail-right-01,0.6.7-draft,0.6.7-draft,mqtt,mqtt,396.4,317.25,5.342,5.488,-0.055,-0.006,-0.048,-0.412,10.688,9.738,-0.0705,0.0336,0.0425,0.055,-0.0063,-0.0017,25.11,25.02,12037,14992,1.505,1.874,4.514,5.622,219,219,22,22,0,0,0,0,,,,,,,,,,,,,,,,,0,0,0,0
2026-09-28T22:27:34.612339+09:00,66417585,dc7de351,2026-09-28T22:27:34.612339+09:00,2026-09-28T22:27:34.697737+09:00,rail-left-01,rail-right-01,0.6.7-draft,0.6.7-draft,mqtt,mqtt,397.6,318.2,5.351,5.498,-0.03,0.014,-0.061,-0.427,10.343,9.632,-0.0646,0.0322,0.0412,0.0588,-0.0096,-0.0075,25.09,25.03,12081,15040,1.51,1.88,4.53,5.64,220,220,22,22,0,0,0,0,,-0.57871554,,-0.57871554,,-0.12636649,,-0.12636649,,-0.53131083,,0,,0,,0.53635,0,0.42946148,0,0
2026-09-28T22:27:34.748244+09:00,66596435,dc7de351,2026-09-28T22:27:34.748244+09:00,2026-09-28T22:27:34.790114+09:00,rail-left-01,rail-right-01,0.6.7-draft,0.6.7-draft,mqtt,mqtt,408.09,326.75,5.346,5.503,-0.146,-0.132,-0.086,-0.275,10.313,9.772,-0.0621,0.0338,0.0417,0.0586,-0.0033,-0.0029,25.11,25.05,12056,15061,1.507,1.883,4.521,5.648,221,221,23,23,0,0,0,0,,,,,,,,,,,,,,,,,0,0,0,0
2026-09-28T22:27:34.768293+09:00,66616484,dc7de351,2026-09-28T22:27:34.768293+09:00,2026-09-28T22:27:34.810162+09:00,rail-left-01,rail-right-01,0.6.7-draft,0.6.7-draft,mqtt,mqtt,409.28,327.69,5.397,5.536,0.09,0.063,0.335,-0.332,10.531,9.938,-0.0669,0.0337,0.037,0.06,-0.004,-0.004,25.1,25.02,12307,15223,1.538,1.903,4.615,5.709,222,222,23,23,0,0,0,0,,,,,,,,,,,,,,,,,0,0,0,0
2026-09-28T22:27:34.788246+09:00,66636437,dc7de351,2026-09-28T22:27:34.788246+09:00,2026-09-28T22:27:34.830115+09:00,rail-left-01,rail-right-01,0.6.7-draft,0.6.7-draft,mqtt,mqtt,410.42,328.64,5.395,5.54,0.006,-0.04,0.089,-0.181,10.457,9.799,-0.069,0.0353,0.0398,0.0517,-0.0067,0.0027,25.12,25.05,12298,15241,1.537,1.905,4.612,5.715,223,223,23,23,0,0,0,0,,,,,,,,,,,,,,,,,0,0,0,0
2026-09-28T22:27:34.808373+09:00,66656564,dc7de351,2026-09-28T22:27:34.808373+09:00,2026-09-28T22:27:34.850242+09:00,rail-left-01,rail-right-01,0.6.7-draft,0.6.7-draft,mqtt,mqtt,411.62,329.63,5.402,5.544,0.069,0.102,-0.193,-0.453,10.46,9.765,-0.0665,0.034,0.0406,0.0553,-0.0116,-0.0059,25.12,25.02,12331,15261,1.541,1.908,4.624,5.723,224,224,23,23,0,0,0,0,,,,,,,,,,,,,,,,,0,0,0,0
2026-09-28T22:27:34.828266+09:00,66676457,dc7de351,2026-09-28T22:27:34.828266+09:00,2026-09-28T22:27:34.870135+09:00,rail-left-01,rail-right-01,0.6.7-draft,0.6.7-draft,mqtt,mqtt,412.81,330.58,5.395,5.548,-0.078,-0.04,-0.053,-0.25,10.597,9.691,-0.0667,0.032,0.0377,0.0546,-0.0089,-0.0069,25.11,25.04,12295,15282,1.537,1.91,4.611,5.731,225,225,23,23,0,0,0,0,,,,,,,,,,,,,,,,,0,0,0,0
2026-09-28T22:27:34.848258+09:00,66696449,dc7de351,2026-09-28T22:27:34.848258+09:00,2026-09-28T22:27:34.890127+09:00,rail-left-01,rail-right-01,0.6.7-draft,0.6.7-draft,mqtt,mqtt,413.95,331.52,5.395,5.542,0.022,0.084,0.115,-0.488,10.408,9.562,-0.0644,0.0364,0.0384,0.0577,-0.0113,-0.0084,25.11,25.04,12298,15251,1.537,1.906,4.612,5.719,226,226,23,23,0,0,0,0,,,,,,,,,,,,,,,,,0,0,0,0
2026-09-28T22:27:34.868399+09:00,66716590,dc7de351,2026-09-28T22:27:34.868399+09:00,2026-09-28T22:27:34.910268+09:00,rail-left-01,rail-right-01,0.6.7-draft,0.6.7-draft,mqtt,mqtt,415.15,332.52,5.388,5.536,0.04,0.01,0.06,-0.247,10.319,9.676,-0.062,0.0378,0.0346,0.0541,-0.0076,-0.0036,25.11,25.04,12265,15220,1.533,1.903,4.599,5.707,227,227,23,23,0,0,0,0,,,,,,,,,,,,,,,,,0,0,0,0
2026-09-28T22:27:34.888360+09:00,66736551,dc7de351,2026-09-28T22:27:34.888360+09:00,2026-09-28T22:27:34.930230+09:00,rail-left-01,rail-right-01,0.6.7-draft,0.6.7-draft,mqtt,mqtt,416.29,333.46,5.38,5.512,0.08,0.04,0.084,-0.144,10.548,10.029,-0.0658,0.0345,0.037,0.0598,-0.0073,-0.0085,25.11,25.03,12222,15108,1.528,1.889,4.583,5.666,228,228,23,23,0,0,0,0,,,,,,,,,,,,,,,,,0,0,0,0
2026-09-28T22:27:34.908354+09:00,66756545,dc7de351,2026-09-28T22:27:34.908354+09:00,2026-09-28T22:27:34.950223+09:00,rail-left-01,rail-right-01,0.6.7-draft,0.6.7-draft,mqtt,mqtt,417.48,334.41,5.376,5.52,0.004,0.01,0.053,-0.245,10.493,9.72,-0.0666,0.029,0.039,0.0618,-0.0049,-0.0047,25.09,25.06,12204,15143,1.526,1.893,4.576,5.679,229,229,23,23,0,0,0,0,,,,,,,,,,,,,,,,,0,0,0,0
2026-09-28T22:27:34.928952+09:00,66777143,dc7de351,2026-09-28T22:27:34.928952+09:00,2026-09-28T22:27:34.970821+09:00,rail-left-01,rail-right-01,0.6.7-draft,0.6.7-draft,mqtt,mqtt,418.68,335.4,5.378,5.524,-0.018,-0.007,0.211,-0.144,10.495,9.535,-0.0691,0.0348,0.038,0.0577,-0.0056,-0.0012,25.1,25.05,12212,15166,1.527,1.896,4.58,5.687,230,230,23,23,0,0,0,0,,,,,,,,,,,,,,,,,0,0,0,0
2026-09-28T22:27:35.061008+09:00,66869416,dc7de351,2026-09-28T22:27:35.061008+09:00,2026-09-28T22:27:35.099251+09:00,rail-left-01,rail-right-01,0.6.7-draft,0.6.7-draft,mqtt,mqtt,424.1,339.82,5.378,5.529,0.087,0.038,0.342,-0.135,11.016,9.987,-0.0659,0.0361,0.0406,0.0588,-0.0099,-0.0076,25.1,25.04,12216,15186,1.527,1.898,4.581,5.695,231,231,24,24,0,0,0,0,,,,,,,,,,,,,,,,,0,0,0,0
2026-09-28T22:27:35.081136+09:00,66889544,dc7de351,2026-09-28T22:27:35.081136+09:00,2026-09-28T22:27:35.119379+09:00,rail-left-01,rail-right-01,0.6.7-draft,0.6.7-draft,mqtt,mqtt,425.29,340.82,5.369,5.554,0.006,0.019,-0.259,-0.437,10.69,9.895,-0.0578,0.0332,0.0357,0.0524,-0.0053,-0.0033,25.11,25.05,12170,15307,1.521,1.913,4.564,5.74,232,232,24,24,0,0,0,0,,,,,,,,,,,,,,,,,0,0,0,0
2026-09-28T22:27:35.101074+09:00,66909482,dc7de351,2026-09-28T22:27:35.101074+09:00,2026-09-28T22:27:35.139317+09:00,rail-left-01,rail-right-01,0.6.7-draft,0.6.7-draft,mqtt,mqtt,426.48,341.76,5.392,5.557,0.132,0.138,-0.202,-0.371,10.353,9.683,-0.0601,0.0346,0.0374,0.0549,-0.0083,-0.0069,25.11,25.04,12284,15325,1.536,1.916,4.607,5.747,233,233,24,24,0,0,0,0,,,,,,,,,,,,,,,,,0,0,0,0
2026-09-28T22:27:35.121083+09:00,66929490,dc7de351,2026-09-28T22:27:35.121083+09:00,2026-09-28T22:27:35.159325+09:00,rail-left-01,rail-right-01,0.6.7-draft,0.6.7-draft,mqtt,mqtt,427.68,342.71,5.399,5.556,0.04,0.001,0.19,-0.095,10.467,9.658,-0.0617,0.0341,0.0408,0.0548,-0.0076,-0.0063,25.1,25.02,12315,15318,1.539,1.915,4.618,5.744,234,234,24,24,0,0,0,0,,,,,,,,,,,,,,,,,0,0,0,0
2026-09-28T22:27:35.141124+09:00,66949531,dc7de351,2026-09-28T22:27:35.141124+09:00,2026-09-28T22:27:35.179366+09:00,rail-left-01,rail-right-01,0.6.7-draft,0.6.7-draft,mqtt,mqtt,428.82,343.7,5.4,5.566,-0.024,0.006,0.087,-0.241,10.282,9.813,-0.0638,0.0306,0.0417,0.0614,-0.0105,-0.0085,25.12,25.02,12320,15368,1.54,1.921,4.62,5.763,235,235,24,24,0,0,0,0,,,,,,,,,,,,,,,,,0,0,0,0
2026-09-28T22:27:35.161095+09:00,66969503,dc7de351,2026-09-28T22:27:35.161095+09:00,2026-09-28T22:27:35.199338+09:00,rail-left-01,rail-right-01,0.6.7-draft,0.6.7-draft,mqtt,mqtt,430.01,344.65,5.393,5.573,0.005,0.014,0.016,-0.12,10.432,9.602,-0.0629,0.0357,0.0424,0.0564,-0.0005,-0.0029,25.1,25.04,12287,15399,1.536,1.925,4.608,5.775,236,236,24,24,0,0,0,0,,,,,,,,,,,,,,,,,0,0,0,0
2026-09-28T22:27:35.181026+09:00,66989433,dc7de351,2026-09-28T22:27:35.181026+09:00,2026-09-28T22:27:35.219268+09:00,rail-left-01,rail-right-01,0.6.7-draft,0.6.7-draft,mqtt,mqtt,431.21,345.59,5.392,5.578,0.084,0.053,0.06,-0.368,10.445,9.731,-0.0678,0.0332,0.0416,0.0577,-0.0033,-0.0017,25.1,25.02,12285,15426,1.536,1.928,4.607,5.785,237,237,24,24,0,0,0,0,,,,,,,,,,,,,,,,,0,0,0,0
2026-09-28T22:27:35.201151+09:00,67009559,dc7de351,2026-09-28T22:27:35.201151+09:00,2026-09-28T22:27:35.239394+09:00,rail-left-01,rail-right-01,0.6.7-draft,0.6.7-draft,mqtt,mqtt,432.4,346.54,5.381,5.592,-0.017,-0.034,-0.154,-0.322,10.373,9.722,-0.0662,0.0329,0.044,0.0594,-0.0075,-0.006,25.1,25.02,12228,15493,1.529,1.937,4.586,5.81,238,238,24,24,0,0,0,0,,,,,,,,,,,,,,,,,0,0,0,0
2026-09-28T22:27:35.221052+09:00,67029460,dc7de351,2026-09-28T22:27:35.221052+09:00,2026-09-28T22:27:35.259295+09:00,rail-left-01,rail-right-01,0.6.7-draft,0.6.7-draft,mqtt,mqtt,433.59,347.48,5.36,5.598,0.066,0.048,0.232,-0.181,10.406,9.743,-0.0682,0.034,0.0405,0.0576,-0.0049,-0.0039,25.09,25.02,12127,15520,1.516,1.94,4.548,5.82,239,239,24,24,0,0,0,0,,,,,,,,,,,,,,,,,0,0,0,0
2026-09-28T22:27:35.241689+09:00,67050097,dc7de351,2026-09-28T22:27:35.241689+09:00,2026-09-28T22:27:35.279932+09:00,rail-left-01,rail-right-01,0.6.7-draft,0.6.7-draft,mqtt,mqtt,434.79,348.48,5.355,5.6,-0.008,-0.032,0.142,-0.342,10.391,9.653,-0.0617,0.0302,0.042,0.0597,-0.0093,-0.0068,25.09,25.04,12100,15530,1.513,1.941,4.538,5.824,240,240,24,24,0,0,0,0,,,,,,,,,,,,,,,,,0,0,0,0
2026-09-28T22:27:35.377435+09:00,67182462,dc7de351,2026-09-28T22:27:35.377435+09:00,2026-09-28T22:27:35.423781+09:00,rail-left-01,rail-right-01,0.6.7-draft,0.6.7-draft,mqtt,mqtt,442.64,354.84,5.346,5.6,0.075,0.117,0.126,-0.259,10.508,9.559,-0.0654,0.0309,0.0358,0.0524,-0.008,-0.0021,25.1,25.03,12056,15532,1.507,1.942,4.521,5.825,241,241,25,25,0,0,0,0,,,,,,,,,,,,,,,,,0,0,0,0
2026-09-28T22:27:35.397548+09:00,67202575,dc7de351,2026-09-28T22:27:35.397548+09:00,2026-09-28T22:27:35.443894+09:00,rail-left-01,rail-right-01,0.6.7-draft,0.6.7-draft,mqtt,mqtt,443.83,355.78,5.451,5.577,-0.102,-0.049,-0.188,-0.13,10.264,9.737,-0.0558,0.0281,0.0274,0.0468,-0.0069,-0.0057,25.11,25.04,12574,15417,1.572,1.927,4.715,5.781,242,242,25,25,0,0,0,0,,,,,,,,,,,,,,,,,0,0,0,0
2026-09-28T22:27:35.417583+09:00,67222610,dc7de351,2026-09-28T22:27:35.417583+09:00,2026-09-28T22:27:35.463929+09:00,rail-left-01,rail-right-01,0.6.7-draft,0.6.7-draft,mqtt,mqtt,445.03,356.73,5.498,5.55,0.103,0.044,0.089,-0.432,10.579,9.736,-0.0584,0.0253,0.0276,0.0493,-0.008,-0.0041,25.11,25.04,12802,15287,1.6,1.911,4.801,5.733,243,243,25,25,0,0,0,0,,,,,,,,,,,,,,,,,0,0,0,0
2026-09-28T22:27:35.437729+09:00,67242756,dc7de351,2026-09-28T22:27:35.437729+09:00,2026-09-28T22:27:35.484075+09:00,rail-left-01,rail-right-01,0.6.7-draft,0.6.7-draft,mqtt,mqtt,446.22,357.72,5.526,5.514,0.047,0.107,0.016,-0.37,10.47,9.754,-0.0645,0.0252,0.0249,0.0422,-0.0059,-0.0029,25.1,25.02,12942,15115,1.618,1.889,4.853,5.668,244,244,25,25,0,0,0,0,,,,,,,,,,,,,,,,,0,0,0,0
2026-09-28T22:27:35.457575+09:00,67262602,dc7de351,2026-09-28T22:27:35.457575+09:00,2026-09-28T22:27:35.503921+09:00,rail-left-01,rail-right-01,0.6.7-draft,0.6.7-draft,mqtt,mqtt,447.41,358.67,5.546,5.48,0.096,0.045,0.13,-0.242,10.44,9.825,-0.0608,0.035,0.0388,0.0544,-0.0091,-0.0063,25.12,25.03,13039,14952,1.63,1.869,4.89,5.607,245,245,25,25,0,0,0,0,,,,,,,,,,,,,,,,,0,0,0,0
2026-09-28T22:27:35.477551+09:00,67282578,dc7de351,2026-09-28T22:27:35.477551+09:00,2026-09-28T22:27:35.523897+09:00,rail-left-01,rail-right-01,0.6.7-draft,0.6.7-draft,mqtt,mqtt,448.56,359.61,5.548,5.477,-0.055,-0.059,0.025,-0.151,10.634,9.698,-0.0592,0.0297,0.0378,0.0524,-0.0108,-0.0064,25.1,25.02,13047,14937,1.631,1.867,4.893,5.601,246,246,25,25,0,0,0,0,,,,,,,,,,,,,,,,,0,0,0,0
2026-09-28T22:27:35.497469+09:00,67302496,dc7de351,2026-09-28T22:27:35.497469+09:00,2026-09-28T22:27:35.543815+09:00,rail-left-01,rail-right-01,0.6.7-draft,0.6.7-draft,mqtt,mqtt,449.75,360.56,5.561,5.472,0.164,0.153,-0.062,-0.333,10.366,9.72,-0.0628,0.0284,0.0326,0.0605,-0.0107,-0.0115,25.11,25.04,13111,14914,1.639,1.864,4.917,5.593,247,247,25,25,0,0,0,0,,,,,,,,,,,,,,,,,0,0,0,0
2026-09-28T22:27:35.517480+09:00,67322507,dc7de351,2026-09-28T22:27:35.517480+09:00,2026-09-28T22:27:35.563826+09:00,rail-left-01,rail-right-01,0.6.7-draft,0.6.7-draft,mqtt,mqtt,450.89,361.55,5.573,5.473,-0.051,0.013,0.132,-0.403,10.266,9.582,-0.0628,0.0325,0.0376,0.0574,-0.008,-0.0007,25.1,25.05,13171,14921,1.646,1.865,4.939,5.595,248,248,25,25,0,0,0,0,,,,,,,,,,,,,,,,,0,0,0,0
2026-09-28T22:27:35.537456+09:00,67342483,dc7de351,2026-09-28T22:27:35.537456+09:00,2026-09-28T22:27:35.583802+09:00,rail-left-01,rail-right-01,0.6.7-draft,0.6.7-draft,mqtt,mqtt,452.09,362.5,5.562,5.476,0.085,0.121,0.138,-0.181,10.447,9.577,-0.0689,0.0326,0.0402,0.0582,-0.0056,-0.0012,25.12,25.02,13116,14932,1.64,1.867,4.918,5.6,249,249,25,25,0,0,0,0,,,,,,,,,,,,,,,,,0,0,0,0
2026-09-28T22:27:35.557492+09:00,67362519,dc7de351,2026-09-28T22:27:35.557492+09:00,2026-09-28T22:27:35.603838+09:00,rail-left-01,rail-right-01,0.6.7-draft,0.6.7-draft,mqtt,mqtt,453.28,363.49,5.558,5.475,-0.087,-0.061,-0.162,-0.311,10.452,9.738,-0.0644,0.0304,0.0365,0.0545,-0.008,-0.0052,25.09,25.04,13099,14929,1.637,1.866,4.912,5.598,250,250,25,25,0,0,0,0,,,,,,,,,,,,,,,,,0,0,0,0
2026-09-28T22:27:35.657545+09:00,67502456,dc7de351,2026-09-28T22:27:35.657545+09:00,2026-09-28T22:27:35.694969+09:00,rail-left-01,rail-right-01,0.6.7-draft,0.6.7-draft,mqtt,mqtt,461.48,370.2,5.551,5.468,0.144,0.096,0.099,-0.298,10.493,9.687,-0.0658,0.0328,0.0397,0.0557,-0.0075,-0.0041,25.08,25.03,13063,14896,1.633,1.862,4.899,5.586,251,251,26,26,0,0,0,0,,,,,,,,,,,,,,,,,0,0,0,0
2026-09-28T22:27:35.677685+09:00,67522596,dc7de351,2026-09-28T22:27:35.677685+09:00,2026-09-28T22:27:35.715109+09:00,rail-left-01,rail-right-01,0.6.7-draft,0.6.7-draft,mqtt,mqtt,462.68,371.2,5.518,5.456,-0.129,-0.08,-0.157,-0.042,10.257,9.908,-0.0606,0.0328,0.0401,0.0545,-0.0113,-0.0067,25.11,25.05,12901,14836,1.613,1.855,4.838,5.564,252,252,26,26,0,0,0,0,,,,,,,,,,,,,,,,,0,0,0,0
2026-09-28T22:27:35.697644+09:00,67542555,dc7de351,2026-09-28T22:27:35.697644+09:00,2026-09-28T22:27:35.735068+09:00,rail-left-01,rail-right-01,0.6.7-draft,0.6.7-draft,mqtt,mqtt,463.87,372.14,5.512,5.456,0.144,0.115,-0.061,-0.302,10.512,9.802,-0.0646,0.0302,0.042,0.061,-0.0117,-0.0084,25.1,25.03,12872,14835,1.609,1.854,4.827,5.563,253,253,26,26,0,0,0,0,,,,,,,,,,,,,,,,,0,0,0,0
2026-09-28T22:27:35.717658+09:00,67562569,dc7de351,2026-09-28T22:27:35.717658+09:00,2026-09-28T22:27:35.755082+09:00,rail-left-01,rail-right-01,0.6.7-draft,0.6.7-draft,mqtt,mqtt,465.06,373.14,5.498,5.455,-0.105,-0.115,0.04,-0.209,10.482,9.749,-0.0655,0.0324,0.0408,0.0568,-0.0097,-0.0089,25.13,25.04,12802,14833,1.6,1.854,4.801,5.562,254,254,26,26,0,0,0,0,,,,,,,,,,,,,,,,,0,0,0,0
2026-09-28T22:27:35.737698+09:00,67582609,dc7de351,2026-09-28T22:27:35.737698+09:00,2026-09-28T22:27:35.775122+09:00,rail-left-01,rail-right-01,0.6.7-draft,0.6.7-draft,mqtt,mqtt,466.21,374.08,5.483,5.449,0.178,0.145,0.038,-0.389,10.725,9.746,-0.0653,0.0289,0.0398,0.0564,-0.0104,-0.0096,25.1,25.04,12728,14805,1.591,1.851,4.773,5.552,255,255,26,26,0,0,0,0,,,,,,,,,,,,,,,,,0,0,0,0
2026-09-28T22:27:35.758280+09:00,67603191,dc7de351,2026-09-28T22:27:35.758280+09:00,2026-09-28T22:27:35.795704+09:00,rail-left-01,rail-right-01,0.6.7-draft,0.6.7-draft,mqtt,mqtt,467.45,375.07,5.474,5.458,-0.127,-0.116,-0.153,-0.478,10.355,9.615,-0.0633,0.034,0.0466,0.0598,-0.0117,-0.0104,25.08,25.03,12687,14848,1.586,1.856,4.758,5.568,256,256,26,26,0,0,0,0,,,,,,,,,,,,,,,,,0,0,0,0
2026-09-28T22:27:35.777629+09:00,67622540,dc7de351,2026-09-28T22:27:35.777629+09:00,2026-09-28T22:27:35.815053+09:00,rail-left-01,rail-right-01,0.6.7-draft,0.6.7-draft,mqtt,mqtt,468.59,376.02,5.462,5.462,-0.043,-0.029,0.071,-0.006,10.652,9.736,-0.0645,0.0304,0.04,0.0577,-0.0096,-0.0069,25.1,25.03,12628,14865,1.579,1.858,4.736,5.574,257,257,26,26,0,0,0,0,,,,,,,,,,,,,,,,,0,0,0,0
2026-09-28T22:27:35.797756+09:00,67642667,dc7de351,2026-09-28T22:27:35.797756+09:00,2026-09-28T22:27:35.835180+09:00,rail-left-01,rail-right-01,0.6.7-draft,0.6.7-draft,mqtt,mqtt,469.79,376.96,5.443,5.465,0.029,0.06,0.255,-0.316,10.392,9.572,-0.0601,0.0333,0.0473,0.064,-0.0117,-0.0107,25.13,25.06,12533,14882,1.567,1.86,4.7,5.581,258,258,26,26,0,0,0,0,,,,,,,,,,,,,,,,,0,0,0,0
2026-09-28T22:27:35.817705+09:00,67662616,dc7de351,2026-09-28T22:27:35.817705+09:00,2026-09-28T22:27:35.855129+09:00,rail-left-01,rail-right-01,0.6.7-draft,0.6.7-draft,mqtt,mqtt,470.93,377.96,5.423,5.48,0.008,0.054,-0.177,-0.413,10.388,9.464,-0.0694,0.032,0.0429,0.0593,-0.0105,-0.0041,25.12,25.03,12434,14951,1.554,1.869,4.663,5.607,259,259,26,26,0,0,0,0,,,,,,,,,,,,,,,,,0,0,0,0
2026-09-28T22:27:35.838117+09:00,67683028,dc7de351,2026-09-28T22:27:35.838117+09:00,2026-09-28T22:27:35.875541+09:00,rail-left-01,rail-right-01,0.6.7-draft,0.6.7-draft,mqtt,mqtt,472.12,378.9,5.402,5.479,-0.044,-0.004,0.103,-0.042,10.404,9.809,-0.0641,0.0333,0.0397,0.0598,-0.0113,-0.0039,25.12,25.02,12332,14948,1.542,1.869,4.625,5.606,260,260,26,26,0,0,0,0,,,,,,,,,,,,,,,,,0,0,0,0
2026-09-28T22:27:35.925637+09:00,67774510,dc7de351,2026-09-28T22:27:35.925637+09:00,2026-09-28T22:27:36.015807+09:00,rail-left-01,rail-right-01,0.6.7-draft,0.6.7-draft,mqtt,mqtt,477.54,383.33,5.395,5.482,0.103,0.06,-0.06,-0.124,10.519,9.681,-0.0648,0.031,0.042,0.0593,-0.0104,-0.0113,25.09,25.04,12299,14964,1.537,1.871,4.612,5.612,261,261,27,27,0,0,0,0,,,,,,,,,,,,,,,,,0,0,0,0
2026-09-28T22:27:35.945758+09:00,67794631,dc7de351,2026-09-28T22:27:35.945758+09:00,2026-09-28T22:27:36.035928+09:00,rail-left-01,rail-right-01,0.6.7-draft,0.6.7-draft,mqtt,mqtt,478.74,384.27,5.343,5.509,-0.092,-0.042,-0.113,-0.281,10.357,9.703,-0.0662,0.0334,0.044,0.0625,-0.0097,-0.0096,25.12,25.04,12042,15091,1.505,1.886,4.516,5.659,262,262,27,27,0,0,0,0,,,,,,,,,,,,,,,,,0,0,0,0
2026-09-28T22:27:35.965679+09:00,67814552,dc7de351,2026-09-28T22:27:35.965679+09:00,2026-09-28T22:27:36.055848+09:00,rail-left-01,rail-right-01,0.6.7-draft,0.6.7-draft,mqtt,mqtt,479.88,385.27,5.317,5.518,-0.114,-0.017,0.012,-0.195,10.806,9.64,-0.0644,0.0306,0.0405,0.0557,-0.01,-0.0068,25.1,25.03,11914,15134,1.489,1.892,4.468,5.675,263,263,27,27,0,0,0,0,,,,,,,,,,,,,,,,,0,0,0,0
2026-09-28T22:27:35.985679+09:00,67834552,dc7de351,2026-09-28T22:27:35.985679+09:00,2026-09-28T22:27:36.075848+09:00,rail-left-01,rail-right-01,0.6.7-draft,0.6.7-draft,mqtt,mqtt,481.07,386.21,5.31,5.525,0.165,0.206,0.001,-0.429,10.339,9.736,-0.0629,0.0346,0.0408,0.0585,-0.0112,-0.0065,25.11,25.03,11881,15167,1.485,1.896,4.455,5.688,264,264,27,27,0,0,0,0,,,,,,,,,,,,,,,,,0,0,0,0
2026-09-28T22:27:36.005908+09:00,67854781,dc7de351,2026-09-28T22:27:36.005908+09:00,2026-09-28T22:27:36.096078+09:00,rail-left-01,rail-right-01,0.6.7-draft,0.6.7-draft,mqtt,mqtt,482.27,387.21,5.3,5.534,-0.067,-0.062,-0.195,-0.455,10.435,9.638,-0.0654,0.0316,0.0433,0.0549,-0.0072,-0.0033,25.13,25.04,11830,15210,1.479,1.901,4.436,5.704,265,265,27,27,0,0,0,0,,,,,,,,,,,,,,,,,0,0,0,0
2026-09-28T22:27:36.025881+09:00,67874753,dc7de351,2026-09-28T22:27:36.025881+09:00,2026-09-28T22:27:36.116050+09:00,rail-left-01,rail-right-01,0.6.7-draft,0.6.7-draft,mqtt,mqtt,483.46,388.15,5.31,5.547,-0.022,0.053,0.162,-0.193,10.379,9.586,-0.0613,0.0324,0.0418,0.0598,-0.0119,-0.0103,25.1,25.02,11879,15276,1.485,1.91,4.455,5.729,266,266,27,27,0,0,0,0,,,,,,,,,,,,,,,,,0,0,0,0
2026-09-28T22:27:36.045790+09:00,67894663,dc7de351,2026-09-28T22:27:36.045790+09:00,2026-09-28T22:27:36.135960+09:00,rail-left-01,rail-right-01,0.6.7-draft,0.6.7-draft,mqtt,mqtt,484.65,389.1,5.312,5.554,-0.053,0.022,-0.109,-0.172,10.445,9.622,-0.0655,0.03,0.0406,0.0558,-0.01,-0.0061,25.12,25.05,11891,15309,1.486,1.914,4.459,5.741,267,267,27,27,0,0,0,0,,,,,,,,,,,,,,,,,0,0,0,0
2026-09-28T22:27:36.065736+09:00,67914609,dc7de351,2026-09-28T22:27:36.065736+09:00,2026-09-28T22:27:36.155906+09:00,rail-left-01,rail-right-01,0.6.7-draft,0.6.7-draft,mqtt,mqtt,485.8,390.04,5.307,5.554,-0.023,-0.048,0.224,-0.275,10.432,9.877,-0.0673,0.0321,0.0406,0.0506,-0.0112,-0.004,25.1,25.04,11867,15307,1.483,1.913,4.45,5.74,268,268,27,27,0,0,0,0,,,,,,,,,,,,,,,,,0,0,0,0
2026-09-28T22:27:36.085749+09:00,67934622,dc7de351,2026-09-28T22:27:36.085749+09:00,2026-09-28T22:27:36.175919+09:00,rail-left-01,rail-right-01,0.6.7-draft,0.6.7-draft,mqtt,mqtt,486.99,391.03,5.303,5.556,0.109,0.098,0.055,-0.567,10.655,9.639,-0.0686,0.0336,0.0424,0.0561,-0.0127,-0.0101,25.11,25.02,11846,15318,1.481,1.915,4.442,5.744,269,269,27,27,0,0,0,0,,,,,,,,,,,,,,,,,0,0,0,0
2026-09-28T22:27:36.105808+09:00,67954681,dc7de351,2026-09-28T22:27:36.105808+09:00,2026-09-28T22:27:36.195978+09:00,rail-left-01,rail-right-01,0.6.7-draft,0.6.7-draft,mqtt,mqtt,488.18,391.98,5.311,5.554,-0.253,-0.226,-0.323,-0.256,10.287,9.728,-0.0677,0.0329,0.0302,0.0648,-0.0097,-0.0184,25.12,25.05,11883,15308,1.485,1.914,4.456,5.741,270,270,27,27,0,0,0,0,,,,,,,,,,,,,,,,,0,0,0,0
2026-09-28T22:27:36.247941+09:00,68098407,dc7de351,2026-09-28T22:27:36.247941+09:00,2026-09-28T22:27:36.330624+09:00,rail-left-01,rail-right-01,0.6.7-draft,0.6.7-draft,mqtt,mqtt,496.74,398.84,5.3,5.549,-0.151,-0.213,0.05,-0.324,10.366,9.521,-0.0705,0.0346,0.0321,0.0521,-0.0069,-0.0037,25.09,25.05,11829,15286,1.479,1.911,4.436,5.732,271,271,28,28,0,0,0,0,,,,,,,,,,,,,,,,,0,0,0,0
2026-09-28T22:27:36.268071+09:00,68118537,dc7de351,2026-09-28T22:27:36.268071+09:00,2026-09-28T22:27:36.350754+09:00,rail-left-01,rail-right-01,0.6.7-draft,0.6.7-draft,mqtt,mqtt,497.93,399.78,5.258,5.607,0.249,0.225,0.152,-0.347,10.483,9.95,-0.0693,0.0358,0.0328,0.0522,-0.012,-0.008,25.09,25.04,11627,15562,1.453,1.945,4.36,5.836,272,272,28,28,0,0,0,0,,,,,,,,,,,,,,,,,0,0,0,0
2026-09-28T22:27:36.287996+09:00,68138462,dc7de351,2026-09-28T22:27:36.287996+09:00,2026-09-28T22:27:36.370679+09:00,rail-left-01,rail-right-01,0.6.7-draft,0.6.7-draft,mqtt,mqtt,499.12,400.73,5.266,5.607,-0.127,-0.097,0.017,-0.297,10.549,9.638,-0.0657,0.0357,0.0426,0.0602,-0.0089,-0.0047,25.08,25.05,11666,15565,1.458,1.946,4.375,5.837,273,273,28,28,0,0,0,0,,,,,,,,,,,,,,,,,0,0,0,0
2026-09-28T22:27:36.308008+09:00,68158474,dc7de351,2026-09-28T22:27:36.308008+09:00,2026-09-28T22:27:36.390691+09:00,rail-left-01,rail-right-01,0.6.7-draft,0.6.7-draft,mqtt,mqtt,500.27,401.67,5.259,5.608,0.071,0.105,-0.032,-0.192,10.489,10.057,-0.0628,0.0348,0.0378,0.057,-0.0107,-0.008,25.09,25.02,11631,15571,1.454,1.946,4.362,5.839,274,274,28,28,0,0,0,0,,,,,,,,,,,,,,,,,0,0,0,0
2026-09-28T22:27:36.328228+09:00,68178694,dc7de351,2026-09-28T22:27:36.328228+09:00,2026-09-28T22:27:36.410911+09:00,rail-left-01,rail-right-01,0.6.7-draft,0.6.7-draft,mqtt,mqtt,501.51,402.67,5.24,5.619,0.028,-0.074,0.239,-0.211,10.6,9.665,-0.0616,0.0362,0.044,0.0588,-0.0077,-0.0023,25.1,25.03,11537,15622,1.442,1.953,4.326,5.858,275,275,28,28,0,0,0,0,,,,,,,,,,,,,,,,,0,0,0,0
2026-09-28T22:27:36.348189+09:00,68198655,dc7de351,2026-09-28T22:27:36.348189+09:00,2026-09-28T22:27:36.430872+09:00,rail-left-01,rail-right-01,0.6.7-draft,0.6.7-draft,mqtt,mqtt,502.7,403.61,5.234,5.623,0.026,0.032,-0.075,-0.399,10.499,9.734,-0.0586,0.034,0.0417,0.0564,-0.0121,-0.0088,25.09,25.04,11509,15639,1.439,1.955,4.316,5.865,276,276,28,28,0,0,0,0,,,,,,,,,,,,,,,,,0,0,0,0
2026-09-28T22:27:36.368099+09:00,68218565,dc7de351,2026-09-28T22:27:36.368099+09:00,2026-09-28T22:27:36.450782+09:00,rail-left-01,rail-right-01,0.6.7-draft,0.6.7-draft,mqtt,mqtt,503.84,404.56,5.226,5.626,-0.086,-0.032,0.102,-0.4,10.172,9.476,-0.0644,0.0374,0.0422,0.0564,-0.0079,-0.0025,25.11,25.03,11466,15657,1.433,1.957,4.3,5.871,277,277,28,28,0,0,0,0,,,,,,,,,,,,,,,,,0,0,0,0
2026-09-28T22:27:36.388013+09:00,68238479,dc7de351,2026-09-28T22:27:36.388013+09:00,2026-09-28T22:27:36.470696+09:00,rail-left-01,rail-right-01,0.6.7-draft,0.6.7-draft,mqtt,mqtt,505.04,405.5,5.221,5.627,-0.061,0.044,0.005,-0.116,10.667,9.795,-0.064,0.0386,0.0358,0.0529,-0.008,-0.0021,25.08,25.03,11444,15659,1.431,1.957,4.292,5.872,278,278,28,28,0,0,0,0,,,,,,,,,,,,,,,,,0,0,0,0
2026-09-28T22:27:36.408010+09:00,68258476,dc7de351,2026-09-28T22:27:36.408010+09:00,2026-09-28T22:27:36.490693+09:00,rail-left-01,rail-right-01,0.6.7-draft,0.6.7-draft,mqtt,mqtt,506.23,406.45,5.217,5.615,-0.002,0.028,-0.002,-0.302,10.6,9.851,-0.0658,0.0382,0.0342,0.0492,-0.0089,-0.0073,25.1,25.01,11424,15602,1.428,1.95,4.284,5.851,279,279,28,28,0,0,0,0,,,,,,,,,,,,,,,,,0,0,0,0
2026-09-28T22:27:36.428609+09:00,68279075,dc7de351,2026-09-28T22:27:36.428609+09:00,2026-09-28T22:27:36.511292+09:00,rail-left-01,rail-right-01,0.6.7-draft,0.6.7-draft,mqtt,mqtt,507.47,407.44,5.23,5.607,0.017,-0.054,0.318,-0.412,10.44,9.74,-0.0638,0.0388,0.0372,0.0556,-0.01,-0.0059,25.12,25.03,11488,15564,1.436,1.946,4.308,5.837,280,280,28,28,0,0,0,0,,,,,,,,,,,,,,,,,0,0,0,0
2026-09-28T22:27:36.570242+09:00,68410423,dc7de351,2026-09-28T22:27:36.570242+09:00,2026-09-28T22:27:36.654653+09:00,rail-left-01,rail-right-01,0.6.7-draft,0.6.7-draft,mqtt,mqtt,515.28,413.71,5.233,5.607,0.041,0.061,-0.023,-0.29,10.446,9.725,-0.0715,0.031,0.0393,0.058,-0.0089,-0.0084,25.1,25.04,11504,15563,1.438,1.945,4.314,5.836,281,281,29,29,0,0,0,0,,,,,,,,,,,,,,,,,0,0,0,0
2026-09-28T22:27:36.590362+09:00,68430543,dc7de351,2026-09-28T22:27:36.590362+09:00,2026-09-28T22:27:36.674774+09:00,rail-left-01,rail-right-01,0.6.7-draft,0.6.7-draft,mqtt,mqtt,516.47,414.65,5.333,5.614,0.012,0.072,0.162,-0.229,10.309,9.674,-0.0641,0.0309,0.037,0.0546,-0.008,-0.0059,25.09,25.02,11991,15599,1.499,1.95,4.497,5.85,282,282,29,29,0,0,0,0,,,,,,,,,,,,,,,,,0,0,0,0
2026-09-28T22:27:36.610376+09:00,68450557,dc7de351,2026-09-28T22:27:36.610376+09:00,2026-09-28T22:27:36.694788+09:00,rail-left-01,rail-right-01,0.6.7-draft,0.6.7-draft,mqtt,mqtt,517.67,415.59,5.343,5.617,0.016,0.129,0.049,-0.265,10.484,9.433,-0.0678,0.0322,0.0396,0.0577,-0.0091,-0.0072,25.1,25.04,12040,15612,1.505,1.952,4.515,5.855,283,283,29,29,0,0,0,0,,,,,,,,,,,,,,,,,0,0,0,0
2026-09-28T22:27:36.630331+09:00,68470512,dc7de351,2026-09-28T22:27:36.630331+09:00,2026-09-28T22:27:36.714743+09:00,rail-left-01,rail-right-01,0.6.7-draft,0.6.7-draft,mqtt,mqtt,518.86,416.54,5.348,5.619,-0.283,-0.16,-0.103,-0.323,10.376,9.732,-0.0711,0.0302,0.0372,0.0542,-0.0077,-0.0019,25.11,25.04,12065,15624,1.508,1.953,4.524,5.859,284,284,29,29,0,0,0,0,,,,,,,,,,,,,,,,,0,0,0,0
2026-09-28T22:27:36.650571+09:00,68490752,dc7de351,2026-09-28T22:27:36.650571+09:00,2026-09-28T22:27:36.734983+09:00,rail-left-01,rail-right-01,0.6.7-draft,0.6.7-draft,mqtt,mqtt,520.05,417.48,5.349,5.612,0.189,0.188,0.121,-0.245,10.296,9.723,-0.0624,0.0325,0.0358,0.0556,-0.0089,-0.006,25.1,25.05,12073,15589,1.509,1.949,4.527,5.846,285,285,29,29,0,0,0,0,,,,,,,,,,,,,,,,,0,0,0,0
2026-09-28T22:27:36.670748+09:00,68510930,dc7de351,2026-09-28T22:27:36.670748+09:00,2026-09-28T22:27:36.755161+09:00,rail-left-01,rail-right-01,0.6.7-draft,0.6.7-draft,mqtt,mqtt,521.3,418.48,5.377,5.604,-0.138,-0.163,-0.065,-0.22,10.623,9.594,-0.065,0.0302,0.0352,0.0517,-0.0076,-0.0036,25.11,25.04,12211,15549,1.526,1.944,4.579,5.831,286,286,29,29,0,0,0,0,,,,,,,,,,,,,,,,,0,0,0,0
2026-09-28T22:27:36.690319+09:00,68530500,dc7de351,2026-09-28T22:27:36.690319+09:00,2026-09-28T22:27:36.774731+09:00,rail-left-01,rail-right-01,0.6.7-draft,0.6.7-draft,mqtt,mqtt,522.44,419.42,5.398,5.601,0.084,0.12,0.146,-0.262,10.244,9.732,-0.0572,0.0308,0.0293,0.0424,-0.008,-0.002,25.08,25.05,12314,15535,1.539,1.942,4.618,5.826,287,287,29,29,0,0,0,0,,,,,,,,,,,,,,,,,0,0,0,0
2026-09-28T22:27:36.710279+09:00,68550461,dc7de351,2026-09-28T22:27:36.710279+09:00,2026-09-28T22:27:36.794692+09:00,rail-left-01,rail-right-01,0.6.7-draft,0.6.7-draft,mqtt,mqtt,523.63,420.37,5.443,5.587,-0.074,-0.083,0.069,-0.142,10.511,9.632,-0.0589,0.0321,0.0332,0.0498,-0.0092,-0.0043,25.1,25.02,12534,15468,1.567,1.934,4.7,5.8,288,288,29,29,0,0,0,0,,,,,,,,,,,,,,,,,0,0,0,0
2026-09-28T22:27:36.730256+09:00,68570437,dc7de351,2026-09-28T22:27:36.730256+09:00,2026-09-28T22:27:36.814668+09:00,rail-left-01,rail-right-01,0.6.7-draft,0.6.7-draft,mqtt,mqtt,524.83,421.31,5.483,5.576,0.042,0.057,-0.111,-0.464,10.441,9.701,-0.0604,0.0277,0.0284,0.0478,-0.01,-0.0076,25.09,25.04,12730,15415,1.591,1.927,4.774,5.781,289,289,29,29,0,0,0,0,,,,,,,,,,,,,,,,,0,0,0,0
2026-09-28T22:27:36.750312+09:00,68590494,dc7de351,2026-09-28T22:27:36.750312+09:00,2026-09-28T22:27:36.834725+09:00,rail-left-01,rail-right-01,0.6.7-draft,0.6.7-draft,mqtt,mqtt,526.02,422.26,5.505,5.543,-0.063,0.029,0.077,-0.254,10.622,9.627,-0.063,0.0324,0.0278,0.0465,-0.0079,-0.0051,25.1,25.05,12835,15257,1.604,1.907,4.813,5.721,290,290,29,29,0,0,0,0,,,,,,,,,,,,,,,,,0,0,0,0
2026-09-28T22:27:36.890724+09:00,68734436,dc7de351,2026-09-28T22:27:36.890724+09:00,2026-09-28T22:27:36.933990+09:00,rail-left-01,rail-right-01,0.6.7-draft,0.6.7-draft,mqtt,mqtt,534.52,429.17,5.513,5.522,0.095,0.109,0.175,-0.387,10.452,9.846,-0.0637,0.0322,0.037,0.0562,-0.0072,-0.0016,25.09,25.04,12876,15154,1.61,1.894,4.829,5.683,291,291,30,30,0,0,0,0,,,,,,,,,,,,,,,,,0,0,0,0
2026-09-28T22:27:36.911058+09:00,68754770,dc7de351,2026-09-28T22:27:36.911058+09:00,2026-09-28T22:27:36.954324+09:00,rail-left-01,rail-right-01,0.6.7-draft,0.6.7-draft,mqtt,mqtt,535.71,430.11,5.556,5.513,-0.157,-0.107,0.162,-0.12,10.538,9.798,-0.062,0.0297,0.0416,0.0601,-0.0093,-0.0064,25.11,25.01,13088,15109,1.636,1.889,4.908,5.666,292,292,30,30,0,0,0,0,,,,,,,,,,,,,,,,,0,0,0,0
2026-09-28T22:27:36.930910+09:00,68774622,dc7de351,2026-09-28T22:27:36.930910+09:00,2026-09-28T22:27:36.974176+09:00,rail-left-01,rail-right-01,0.6.7-draft,0.6.7-draft,mqtt,mqtt,536.86,431.06,5.556,5.516,0.071,0.129,0.04,-0.445,10.6,9.706,-0.0646,0.0289,0.0365,0.0554,-0.0088,-0.0085,25.1,25.02,13089,15128,1.636,1.891,4.908,5.673,293,293,30,30,0,0,0,0,,,,,,,,,,,,,,,,,0,0,0,0
2026-09-28T22:27:36.950821+09:00,68794533,dc7de351,2026-09-28T22:27:36.950821+09:00,2026-09-28T22:27:36.994087+09:00,rail-left-01,rail-right-01,0.6.7-draft,0.6.7-draft,mqtt,mqtt,538.05,432,5.559,5.52,0.077,0.007,-0.013,-0.444,10.374,9.639,-0.0649,0.0317,0.0404,0.0581,-0.0065,-0.0089,25.13,25.02,13100,15146,1.638,1.893,4.913,5.68,294,294,30,30,0,0,0,0,,,,,,,,,,,,,,,,,0,0,0,0
2026-09-28T22:27:36.971015+09:00,68814727,dc7de351,2026-09-28T22:27:36.971015+09:00,2026-09-28T22:27:37.014281+09:00,rail-left-01,rail-right-01,0.6.7-draft,0.6.7-draft,mqtt,mqtt,539.24,433,5.546,5.51,-0.055,0.012,0.025,0.067,10.543,9.929,-0.0677,0.033,0.0388,0.0569,-0.0089,-0.004,25.1,25.04,13040,15099,1.63,1.887,4.89,5.662,295,295,30,30,0,0,0,0,,,,,,,,,,,,,,,,,0,0,0,0
2026-09-28T22:27:36.990985+09:00,68834697,dc7de351,2026-09-28T22:27:36.990985+09:00,2026-09-28T22:27:37.034251+09:00,rail-left-01,rail-right-01,0.6.7-draft,0.6.7-draft,mqtt,mqtt,540.44,433.94,5.544,5.517,0.002,-0.017,0.255,-0.481,10.325,9.953,-0.0629,0.0314,0.039,0.0633,-0.0101,-0.0001,25.12,25.02,13027,15129,1.628,1.891,4.885,5.673,296,296,30,30,0,0,0,0,,,,,,,,,,,,,,,,,0,0,0,0
2026-09-28T22:27:37.010869+09:00,68854581,dc7de351,2026-09-28T22:27:37.010869+09:00,2026-09-28T22:27:37.054135+09:00,rail-left-01,rail-right-01,0.6.7-draft,0.6.7-draft,mqtt,mqtt,541.58,434.89,5.538,5.524,0.083,0.114,-0.099,-0.269,10.568,9.694,-0.0642,0.0305,0.0413,0.0632,-0.0104,-0.0041,25.14,25.07,12998,15162,1.625,1.895,4.874,5.686,297,297,30,30,0,0,0,0,,,,,,,,,,,,,,,,,0,0,0,0
2026-09-28T22:27:37.030891+09:00,68874603,dc7de351,2026-09-28T22:27:37.030891+09:00,2026-09-28T22:27:37.074157+09:00,rail-left-01,rail-right-01,0.6.7-draft,0.6.7-draft,mqtt,mqtt,542.77,435.88,5.522,5.537,-0.025,-0.043,0.105,-0.311,10.671,9.621,-0.0657,0.0352,0.0417,0.0582,-0.0043,0.0001,25.11,25.02,12922,15228,1.615,1.904,4.846,5.711,298,298,30,30,0,0,0,0,,,,,,,,,,,,,,,,,0,0,0,0
2026-09-28T22:27:37.050860+09:00,68894572,dc7de351,2026-09-28T22:27:37.050860+09:00,2026-09-28T22:27:37.094126+09:00,rail-left-01,rail-right-01,0.6.7-draft,0.6.7-draft,mqtt,mqtt,543.92,436.82,5.511,5.54,-0.225,-0.116,-0.008,-0.34,10.746,9.77,-0.067,0.0316,0.0382,0.0512,-0.0029,-0.0023,25.12,25.01,12869,15239,1.609,1.905,4.826,5.715,299,299,30,30,0,0,0,0,,,,,,,,,,,,,,,,,0,0,0,0
2026-09-28T22:27:37.070896+09:00,68914608,dc7de351,2026-09-28T22:27:37.070896+09:00,2026-09-28T22:27:37.114162+09:00,rail-left-01,rail-right-01,0.6.7-draft,0.6.7-draft,mqtt,mqtt,545.11,437.82,5.517,5.539,0.209,0.248,-0.178,-0.257,10.493,9.79,-0.0674,0.0302,0.036,0.0562,-0.0064,-0.004,25.12,25.04,12894,15236,1.612,1.905,4.835,5.714,300,300,30,30,0,0,0,0,,,,,,,,,,,,,,,,,0,0,0,0
2026-09-28T22:27:37.168157+09:00,69013451,dc7de351,2026-09-28T22:27:37.168157+09:00,2026-09-28T22:27:37.256252+09:00,rail-left-01,rail-right-01,0.6.7-draft,0.6.7-draft,mqtt,mqtt,550.93,442.54,5.511,5.531,-0.001,0.025,0.103,-0.591,10.481,9.571,-0.0699,0.03,0.0432,0.0568,-0.0076,-0.0025,25.12,25.02,12869,15197,1.609,1.9,4.826,5.699,301,301,31,31,0,0,0,0,,,,,,,,,,,,,,,,,0,0,0,0
2026-09-28T22:27:37.188321+09:00,69033615,dc7de351,2026-09-28T22:27:37.188321+09:00,2026-09-28T22:27:37.276416+09:00,rail-left-01,rail-right-01,0.6.7-draft,0.6.7-draft,mqtt,mqtt,552.12,443.54,5.512,5.553,0.049,0.111,-0.395,-0.198,10.393,9.729,-0.0683,0.0317,0.0392,0.0542,-0.0019,-0.0027,25.11,25.03,12874,15302,1.609,1.913,4.828,5.738,302,302,31,31,0,0,0,0,,,,,,,,,,,,,,,,,0,0,0,0
2026-09-28T22:27:37.208335+09:00,69053629,dc7de351,2026-09-28T22:27:37.208335+09:00,2026-09-28T22:27:37.296430+09:00,rail-left-01,rail-right-01,0.6.7-draft,0.6.7-draft,mqtt,mqtt,553.31,444.48,5.519,5.551,-0.097,-0.054,0.036,-0.245,10.789,9.72,-0.0699,0.0324,0.037,0.055,-0.0032,0.0056,25.12,25.04,12905,15296,1.613,1.912,4.839,5.736,303,303,31,31,0,0,0,0,,,,,,,,,,,,,,,,,0,0,0,0
2026-09-28T22:27:37.228207+09:00,69073501,dc7de351,2026-09-28T22:27:37.228207+09:00,2026-09-28T22:27:37.316302+09:00,rail-left-01,rail-right-01,0.6.7-draft,0.6.7-draft,mqtt,mqtt,554.46,445.43,5.52,5.542,0.105,0.017,0.29,-0.157,10.263,10.066,-0.0657,0.0344,0.0342,0.0548,-0.0053,-0.0011,25.1,25.02,12913,15252,1.614,1.907,4.842,5.72,304,304,31,31,0,0,0,0,,,,,,,,,,,,,,,,,0,0,0,0
2026-09-28T22:27:37.248473+09:00,69093767,dc7de351,2026-09-28T22:27:37.248473+09:00,2026-09-28T22:27:37.336568+09:00,rail-left-01,rail-right-01,0.6.7-draft,0.6.7-draft,mqtt,mqtt,555.65,446.42,5.521,5.547,0.084,-0.15,0.221,-0.269,10.511,9.743,-0.0641,0.0317,0.0422,0.0601,-0.0064,-0.0011,25.12,25.04,12914,15273,1.614,1.909,4.843,5.727,305,305,31,31,0,0,0,0,,,,,,,,,,,,,,,,,0,0,0,0
2026-09-28T22:27:37.268481+09:00,69113775,dc7de351,2026-09-28T22:27:37.268481+09:00,2026-09-28T22:27:37.356577+09:00,rail-left-01,rail-right-01,0.6.7-draft,0.6.7-draft,mqtt,mqtt,556.84,447.36,5.512,5.557,-0.014,0.145,0.089,-0.277,10.29,9.481,-0.0645,0.0334,0.05,0.053,-0.0047,-0.0027,25.09,25.04,12870,15323,1.609,1.915,4.826,5.746,306,306,31,31,0,0,0,0,,,,,,,,,,,,,,,,,0,0,0,0
2026-09-28T22:27:37.288267+09:00,69133561,dc7de351,2026-09-28T22:27:37.288267+09:00,2026-09-28T22:27:37.376362+09:00,rail-left-01,rail-right-01,0.6.7-draft,0.6.7-draft,mqtt,mqtt,558.04,448.31,5.505,5.571,0.048,-0.109,0.292,-0.056,10.402,9.61,-0.0694,0.0336,0.059,0.0545,-0.0061,-0.0004,25.14,25.04,12837,15392,1.605,1.924,4.814,5.772,307,307,31,31,0,0,0,0,,,,,,,,,,,,,,,,,0,0,0,0
2026-09-28T22:27:37.308231+09:00,69153525,dc7de351,2026-09-28T22:27:37.308231+09:00,2026-09-28T22:27:37.396326+09:00,rail-left-01,rail-right-01,0.6.7-draft,0.6.7-draft,mqtt,mqtt,559.23,449.25,5.51,5.577,-0.172,0.025,0.01,-0.172,10.141,9.596,-0.0617,0.033,0.0324,0.0576,-0.0127,-0.0216,25.1,25.04,12863,15419,1.608,1.927,4.824,5.782,308,308,31,31,0,0,0,0,,,,,,,,,,,,,,,,,0,0,0,0
2026-09-28T22:27:37.328312+09:00,69173606,dc7de351,2026-09-28T22:27:37.328312+09:00,2026-09-28T22:27:37.416407+09:00,rail-left-01,rail-right-01,0.6.7-draft,0.6.7-draft,mqtt,mqtt,560.37,450.2,5.495,5.585,0.229,0.14,0.099,-0.408,10.878,9.552,-0.0681,0.0321,0.046,0.0636,-0.0079,-0.0151,25.1,25.02,12788,15459,1.599,1.932,4.796,5.797,309,309,31,31,0,0,0,0,,,,,,,,,,,,,,,,,0,0,0,0
2026-09-28T22:27:37.348368+09:00,69193662,dc7de351,2026-09-28T22:27:37.348368+09:00,2026-09-28T22:27:37.436463+09:00,rail-left-01,rail-right-01,0.6.7-draft,0.6.7-draft,mqtt,mqtt,561.57,451.19,5.498,5.605,-0.187,-0.06,-0.008,-0.362,10.143,9.607,-0.0638,0.0332,0.0376,0.0526,-0.0045,-0.0065,25.09,25.03,12805,15553,1.601,1.944,4.802,5.832,310,310,31,31,0,0,0,0,,,,,,,,,,,,,,,,,0,0,0,0
2026-09-28T22:27:37.483671+09:00,69336446,dc7de351,2026-09-28T22:27:37.483671+09:00,2026-09-28T22:27:37.563782+09:00,rail-left-01,rail-right-01,0.6.7-draft,0.6.7-draft,mqtt,mqtt,570.07,458,5.497,5.608,0.08,0.119,-0.081,-0.129,10.488,9.832,-0.0662,0.0314,0.0361,0.0597,-0.0052,-0.004,25.1,25.04,12799,15568,1.6,1.946,4.8,5.838,311,311,32,32,0,0,0,0,,,,,,,,,,,,,,,,,0,0,0,0
2026-09-28T22:27:37.503816+09:00,69356591,dc7de351,2026-09-28T22:27:37.503816+09:00,2026-09-28T22:27:37.583927+09:00,rail-left-01,rail-right-01,0.6.7-draft,0.6.7-draft,mqtt,mqtt,571.26,459,5.5,5.656,-0.025,0.057,0.085,-0.152,10.527,9.65,-0.0682,0.0324,0.0381,0.0574,-0.0033,-0.0003,25.11,25.06,12811,15799,1.601,1.975,4.804,5.925,312,312,32,32,0,0,0,0,,,,,,,,,,,,,,,,,0,0,0,0
2026-09-28T22:27:37.523753+09:00,69376528,dc7de351,2026-09-28T22:27:37.523753+09:00,2026-09-28T22:27:37.603864+09:00,rail-left-01,rail-right-01,0.6.7-draft,0.6.7-draft,mqtt,mqtt,572.46,459.94,5.492,5.669,-0.023,-0.075,0.055,-0.605,10.56,9.748,-0.0655,0.036,0.0417,0.0589,-0.0071,-0.004,25.11,25.04,12773,15860,1.597,1.983,4.79,5.948,313,313,32,32,0,0,0,0,,,,,,,,,,,,,,,,,0,0,0,0
2026-09-28T22:27:37.543735+09:00,69396509,dc7de351,2026-09-28T22:27:37.543735+09:00,2026-09-28T22:27:37.623845+09:00,rail-left-01,rail-right-01,0.6.7-draft,0.6.7-draft,mqtt,mqtt,573.6,460.89,5.477,5.678,-0.005,0.032,0.061,-0.327,10.392,9.589,-0.0642,0.0277,0.0477,0.0608,-0.01,-0.0077,25.12,25.03,12699,15904,1.587,1.988,4.762,5.964,314,314,32,32,0,0,0,0,,,,,,,,,,,,,,,,,0,0,0,0
2026-09-28T22:27:37.563778+09:00,69416552,dc7de351,2026-09-28T22:27:37.563778+09:00,2026-09-28T22:27:37.643888+09:00,rail-left-01,rail-right-01,0.6.7-draft,0.6.7-draft,mqtt,mqtt,574.79,461.83,5.462,5.685,-0.032,-0.006,-0.122,-0.146,10.459,9.737,-0.0636,0.0337,0.0412,0.06,-0.0083,-0.0093,25.1,25.02,12624,15940,1.578,1.993,4.734,5.977,315,315,32,32,0,0,0,0,,,,,,,,,,,,,,,,,0,0,0,0
2026-09-28T22:27:37.583747+09:00,69436522,dc7de351,2026-09-28T22:27:37.583747+09:00,2026-09-28T22:27:37.663858+09:00,rail-left-01,rail-right-01,0.6.7-draft,0.6.7-draft,mqtt,mqtt,575.99,462.78,5.461,5.695,0.035,0.005,0.05,-0.069,10.414,9.706,-0.0652,0.0321,0.0389,0.0578,-0.0067,-0.0041,25.11,25.03,12619,15986,1.577,1.998,4.732,5.995,316,316,32,32,0,0,0,0,,,,,,,,,,,,,,,,,0,0,0,0
2026-09-28T22:27:37.603827+09:00,69456602,dc7de351,2026-09-28T22:27:37.603827+09:00,2026-09-28T22:27:37.683938+09:00,rail-left-01,rail-right-01,0.6.7-draft,0.6.7-draft,mqtt,mqtt,577.18,463.77,5.453,5.695,-0.044,0.014,0.175,-0.37,10.448,9.677,-0.0655,0.0341,0.0417,0.0596,-0.0088,-0.0041,25.11,25.03,12582,15986,1.573,1.998,4.718,5.995,317,317,32,32,0,0,0,0,,,,,,,,,,,,,,,,,0,0,0,0
2026-09-28T22:27:37.623828+09:00,69476603,dc7de351,2026-09-28T22:27:37.623828+09:00,2026-09-28T22:27:37.703939+09:00,rail-left-01,rail-right-01,0.6.7-draft,0.6.7-draft,mqtt,mqtt,578.37,464.72,5.442,5.705,-0.026,0.001,-0.075,-0.366,10.465,9.747,-0.0681,0.0312,0.0406,0.059,-0.0064,-0.0035,25.1,25.04,12528,16034,1.566,2.004,4.698,6.013,318,318,32,32,0,0,0,0,,,,,,,,,,,,,,,,,0,0,0,0
2026-09-28T22:27:37.644301+09:00,69497076,dc7de351,2026-09-28T22:27:37.644301+09:00,2026-09-28T22:27:37.724412+09:00,rail-left-01,rail-right-01,0.6.7-draft,0.6.7-draft,mqtt,mqtt,579.57,465.66,5.433,5.708,-0.011,-0.068,0.177,-0.304,10.58,9.882,-0.0633,0.0344,0.044,0.0636,-0.0108,-0.0095,25.12,25.06,12483,16049,1.56,2.006,4.681,6.018,319,319,32,32,0,0,0,0,,,,,,,,,,,,,,,,,0,0,0,0
2026-09-28T22:27:37.663806+09:00,69516581,dc7de351,2026-09-28T22:27:37.663806+09:00,2026-09-28T22:27:37.743917+09:00,rail-left-01,rail-right-01,0.6.7-draft,0.6.7-draft,mqtt,mqtt,580.76,466.61,5.421,5.721,0.079,0.108,-0.134,-0.144,10.645,9.698,-0.0665,0.0333,0.037,0.056,-0.0069,-0.0043,25.09,25.06,12425,16114,1.553,2.014,4.659,6.043,320,320,32,32,0,0,0,0,,,,,,,,,,,,,,,,,0,0,0,0
2026-09-28T22:27:37.832006+09:00,69642439,dc7de351,2026-09-28T22:27:37.832006+09:00,2026-09-28T22:27:37.924267+09:00,rail-left-01,rail-right-01,0.6.7-draft,0.6.7-draft,mqtt,mqtt,588.27,472.62,5.423,5.722,0.083,0.078,0.034,-0.22,10.523,9.801,-0.0733,0.0325,0.0361,0.0573,-0.0064,-0.0109,25.09,25.04,12437,16117,1.555,2.015,4.664,6.044,321,321,33,33,0,0,0,0,,,,,,,,,,,,,,,,,0,0,0,0
2026-09-28T22:27:37.852128+09:00,69662561,dc7de351,2026-09-28T22:27:37.852128+09:00,2026-09-28T22:27:37.944389+09:00,rail-left-01,rail-right-01,0.6.7-draft,0.6.7-draft,mqtt,mqtt,589.46,473.62,5.496,5.771,-0.245,-0.177,0.065,-0.479,10.481,9.646,-0.0663,0.0353,0.038,0.0516,-0.0024,-0.0071,25.11,25.04,12794,16352,1.599,2.044,4.798,6.132,322,322,33,33,0,0,0,0,,,,,,,,,,,,,,,,,0,0,0,0
2026-09-28T22:27:37.872130+09:00,69682563,dc7de351,2026-09-28T22:27:37.872130+09:00,2026-09-28T22:27:37.964391+09:00,rail-left-01,rail-right-01,0.6.7-draft,0.6.7-draft,mqtt,mqtt,590.65,474.56,5.504,5.775,0.165,0.129,-0.11,-0.364,10.385,9.656,-0.0654,0.0334,0.0393,0.0553,-0.0044,-0.004,25.07,25.05,12833,16372,1.604,2.047,4.812,6.14,323,323,33,33,0,0,0,0,,,,,,,,,,,,,,,,,0,0,0,0
2026-09-28T22:27:37.892100+09:00,69702533,dc7de351,2026-09-28T22:27:37.892100+09:00,2026-09-28T22:27:37.984361+09:00,rail-left-01,rail-right-01,0.6.7-draft,0.6.7-draft,mqtt,mqtt,591.85,475.51,5.504,5.774,-0.045,0.005,-0.057,-0.17,10.277,9.703,-0.0637,0.0373,0.0438,0.0592,-0.0075,-0.0067,25.1,25.07,12830,16368,1.604,2.046,4.811,6.138,324,324,33,33,0,0,0,0,,,,,,,,,,,,,,,,,0,0,0,0
2026-09-28T22:27:37.912141+09:00,69722574,dc7de351,2026-09-28T22:27:37.912141+09:00,2026-09-28T22:27:38.004402+09:00,rail-left-01,rail-right-01,0.6.7-draft,0.6.7-draft,mqtt,mqtt,593.04,476.5,5.481,5.782,0.013,-0.026,-0.06,-0.339,10.513,9.771,-0.0686,0.0352,0.0401,0.0582,-0.0053,-0.0039,25.1,25.02,12718,16404,1.59,2.051,4.769,6.152,325,325,33,33,0,0,0,0,,,,,,,,,,,,,,,,,0,0,0,0
2026-09-28T22:27:37.932117+09:00,69742550,dc7de351,2026-09-28T22:27:37.932117+09:00,2026-09-28T22:27:38.024378+09:00,rail-left-01,rail-right-01,0.6.7-draft,0.6.7-draft,mqtt,mqtt,594.23,477.44,5.481,5.781,0.011,0.065,-0.101,-0.255,10.476,9.639,-0.0673,0.0325,0.038,0.0542,-0.0091,-0.006,25.1,25.06,12717,16403,1.59,2.05,4.769,6.151,326,326,33,33,0,0,0,0,,,,,,,,,,,,,,,,,0,0,0,0
2026-09-28T22:27:37.952051+09:00,69762484,dc7de351,2026-09-28T22:27:37.952051+09:00,2026-09-28T22:27:38.044312+09:00,rail-left-01,rail-right-01,0.6.7-draft,0.6.7-draft,mqtt,mqtt,595.38,478.39,5.476,5.784,-0.024,-0.01,0.128,-0.322,10.619,9.547,-0.0605,0.0368,0.0408,0.0544,-0.0095,-0.0059,25.12,25.05,12696,16417,1.587,2.052,4.761,6.156,327,327,33,33,0,0,0,0,,,,,,,,,,,,,,,,,0,0,0,0
2026-09-28T22:27:37.972090+09:00,69782523,dc7de351,2026-09-28T22:27:37.972090+09:00,2026-09-28T22:27:38.064351+09:00,rail-left-01,rail-right-01,0.6.7-draft,0.6.7-draft,mqtt,mqtt,596.57,479.38,5.478,5.778,-0.063,0.001,-0.087,-0.024,10.343,9.766,-0.0628,0.0341,0.034,0.0502,-0.0124,-0.0057,25.09,25.05,12706,16385,1.588,2.048,4.765,6.144,328,328,33,33,0,0,0,0,,,,,,,,,,,,,,,,,0,0,0,0
2026-09-28T22:27:37.992041+09:00,69802474,dc7de351,2026-09-28T22:27:37.992041+09:00,2026-09-28T22:27:38.084302+09:00,rail-left-01,rail-right-01,0.6.7-draft,0.6.7-draft,mqtt,mqtt,597.76,480.33,5.476,5.755,0.04,0.001,-0.001,-0.359,10.459,9.797,-0.0658,0.0366,0.0338,0.0545,-0.0085,-0.0069,25.12,25.05,12696,16277,1.587,2.035,4.761,6.104,329,329,33,33,0,0,0,0,,,,,,,,,,,,,,,,,0,0,0,0
2026-09-28T22:27:38.012097+09:00,69822530,dc7de351,2026-09-28T22:27:38.012097+09:00,2026-09-28T22:27:38.104358+09:00,rail-left-01,rail-right-01,0.6.7-draft,0.6.7-draft,mqtt,mqtt,598.96,481.32,5.475,5.735,-0.089,-0.099,0.049,-0.115,10.603,9.84,-0.0632,0.0289,0.0406,0.0548,-0.004,-0.0064,25.11,25.04,12689,16182,1.586,2.023,4.758,6.068,330,330,33,33,0,0,0,0,,,,,,,,,,,,,,,,,0,0,0,0
2026-09-28T22:27:38.195027+09:00,70002455,dc7de351,2026-09-28T22:27:38.195027+09:00,2026-09-28T22:27:38.275455+09:00,rail-left-01,rail-right-01,0.6.7-draft,0.6.7-draft,mqtt,mqtt,609.55,489.97,5.47,5.74,-0.026,-0.019,0.169,-0.268,10.428,9.713,-0.0612,0.0356,0.0374,0.0548,-0.0067,-0.0013,25.09,25.05,12667,16203,1.583,2.025,4.75,6.076,331,331,34,34,0,0,0,0,,,,,,,,,,,,,,,,,0,0,0,0
2026-09-28T22:27:38.215166+09:00,70022594,dc7de351,2026-09-28T22:27:38.215166+09:00,2026-09-28T22:27:38.295594+09:00,rail-left-01,rail-right-01,0.6.7-draft,0.6.7-draft,mqtt,mqtt,610.74,490.97,5.566,5.637,-0.056,0.117,0.004,-0.259,10.499,9.691,-0.0641,0.0285,0.0377,0.0568,-0.0104,-0.0092,25.11,25.04,13136,15707,1.642,1.963,4.926,5.89,332,332,34,34,0,0,0,0,,,,,,,,,,,,,,,,,0,0,0,0
2026-09-28T22:27:38.235152+09:00,70042580,dc7de351,2026-09-28T22:27:38.235152+09:00,2026-09-28T22:27:38.315580+09:00,rail-left-01,rail-right-01,0.6.7-draft,0.6.7-draft,mqtt,mqtt,611.93,491.91,5.552,5.642,-0.018,0.006,0.108,-0.318,10.472,9.731,-0.0652,0.0313,0.0382,0.0601,-0.0037,-0.0004,25.11,25.07,13069,15733,1.634,1.967,4.901,5.9,333,333,34,34,0,0,0,0,,,,,,,,,,,,,,,,,0,0,0,0
2026-09-28T22:27:38.255143+09:00,70062571,dc7de351,2026-09-28T22:27:38.255143+09:00,2026-09-28T22:27:38.335571+09:00,rail-left-01,rail-right-01,0.6.7-draft,0.6.7-draft,mqtt,mqtt,613.13,492.86,5.54,5.643,-0.065,0.01,-0.065,-0.227,10.58,9.872,-0.0637,0.0334,0.037,0.0549,-0.0135,-0.0076,25.11,25.03,13011,15739,1.626,1.967,4.879,5.902,334,334,34,34,0,0,0,0,,,,,,,,,,,,,,,,,0,0,0,0
2026-09-28T22:27:38.275384+09:00,70082812,dc7de351,2026-09-28T22:27:38.275384+09:00,2026-09-28T22:27:38.355812+09:00,rail-left-01,rail-right-01,0.6.7-draft,0.6.7-draft,mqtt,mqtt,614.32,493.85,5.533,5.648,0.093,0.079,0.113,-0.395,10.361,9.572,-0.0669,0.0288,0.0396,0.0589,-0.0075,-0.0021,25.1,25.04,12973,15761,1.622,1.97,4.865,5.91,335,335,34,34,0,0,0,0,,,,,,,,,,,,,,,,,0,0,0,0
2026-09-28T22:27:38.295438+09:00,70102866,dc7de351,2026-09-28T22:27:38.295438+09:00,2026-09-28T22:27:38.375866+09:00,rail-left-01,rail-right-01,0.6.7-draft,0.6.7-draft,mqtt,mqtt,615.51,494.8,5.526,5.644,-0.02,-0.022,0.065,-0.237,10.683,9.65,-0.0661,0.0341,0.0377,0.052,-0.0095,-0.0083,25.11,25.04,12939,15744,1.617,1.968,4.852,5.904,336,336,34,34,0,0,0,0,,,,,,,,,,,,,,,,,0,0,0,0
2026-09-28T22:27:38.315050+09:00,70122478,dc7de351,2026-09-28T22:27:38.315050+09:00,2026-09-28T22:27:38.395478+09:00,rail-left-01,rail-right-01,0.6.7-draft,0.6.7-draft,mqtt,mqtt,616.66,495.74,5.534,5.647,0.09,0.053,-0.063,-0.236,10.291,9.713,-0.0626,0.0324,0.0404,0.0545,-0.0097,-0.0107,25.13,25.03,12978,15755,1.622,1.969,4.867,5.908,337,337,34,34,0,0,0,0,,,,,,,,,,,,,,,,,0,0,0,0
2026-09-28T22:27:38.335194+09:00,70142622,dc7de351,2026-09-28T22:27:38.335194+09:00,2026-09-28T22:27:38.415622+09:00,rail-left-01,rail-right-01,0.6.7-draft,0.6.7-draft,mqtt,mqtt,617.85,496.74,5.526,5.644,-0.184,-0.122,0.153,-0.401,10.783,9.738,-0.0637,0.0281,0.0362,0.052,-0.01,-0.0076,25.11,25.02,12942,15740,1.618,1.968,4.853,5.903,338,338,34,34,0,0,0,0,,,,,,,,,,,,,,,,,0,0,0,0
2026-09-28T22:27:38.355150+09:00,70162578,dc7de351,2026-09-28T22:27:38.355150+09:00,2026-09-28T22:27:38.435578+09:00,rail-left-01,rail-right-01,0.6.7-draft,0.6.7-draft,mqtt,mqtt,619.04,497.68,5.519,5.639,0.006,0.044,0.083,-0.644,10.353,9.598,-0.0626,0.035,0.0421,0.0576,-0.0119,-0.0101,25.12,25.07,12905,15719,1.613,1.965,4.839,5.895,339,339,34,34,0,0,0,0,,,,,,,,,,,,,,,,,0,0,0,0
2026-09-28T22:27:38.375095+09:00,70182523,dc7de351,2026-09-28T22:27:38.375095+09:00,2026-09-28T22:27:38.455523+09:00,rail-left-01,rail-right-01,0.6.7-draft,0.6.7-draft,mqtt,mqtt,620.24,498.62,5.508,5.633,-0.102,0.02,-0.352,-0.122,10.582,9.831,-0.067,0.0316,0.0362,0.0536,-0.0125,-0.0112,25.1,25.05,12850,15687,1.606,1.961,4.819,5.883,340,340,34,34,0,0,0,0,,,,,,,,,,,,,,,,,0,0,0,0
2026-09-28T22:27:38.548979+09:00,70354436,dc7de351,2026-09-28T22:27:38.548979+09:00,2026-09-28T22:27:38.589092+09:00,rail-left-01,rail-right-01,0.6.7-draft,0.6.7-draft,mqtt,mqtt,630.48,506.93,5.507,5.63,0.084,0.045,0.081,-0.081,10.556,10.087,-0.067,0.0358,0.0428,0.058,-0.0096,-0.0067,25.12,25.07,12849,15676,1.606,1.96,4.818,5.878,341,341,35,35,0,0,0,0,,,,,,,,,,,,,,,,,0,0,0,0
2026-09-28T22:27:38.569110+09:00,70374567,dc7de351,2026-09-28T22:27:38.569110+09:00,2026-09-28T22:27:38.609223+09:00,rail-left-01,rail-right-01,0.6.7-draft,0.6.7-draft,mqtt,mqtt,631.67,507.87,5.377,5.629,-0.487,-0.344,1.3,1.324,11.521,10.757,-0.0424,0.0478,0.0233,0.0433,-0.0069,0.0025,25.1,25.04,12210,15672,1.526,1.959,4.579,5.877,342,342,35,35,0,0,0,0,,,,,,,,,,,,,,,,,0,0,0,0
2026-09-28T22:27:38.589201+09:00,70394658,dc7de351,2026-09-28T22:27:38.589201+09:00,2026-09-28T22:27:38.629314+09:00,rail-left-01,rail-right-01,0.6.7-draft,0.6.7-draft,mqtt,mqtt,632.86,508.82,5.5,5.706,0.265,0.174,0.885,1.106,10.71,10.299,-0.0453,0.047,0.035,0.0593,-0.0112,-0.016,25.12,25.07,12813,16039,1.602,2.005,4.805,6.015,343,343,35,35,0,0,0,0,,,,,,,,,,,,,,,,,0,0,0,0
2026-09-28T22:27:38.609160+09:00,70414617,dc7de351,2026-09-28T22:27:38.609160+09:00,2026-09-28T22:27:38.649273+09:00,rail-left-01,rail-right-01,0.6.7-draft,0.6.7-draft,mqtt,mqtt,634.06,509.81,5.567,5.752,0.077,0.135,0.084,-0.453,11.04,9.491,-0.0601,0.0525,0.0508,0.042,-0.0023,0.0188,25.12,25.06,13143,16264,1.643,2.033,4.929,6.099,344,344,35,35,0,0,0,0,,,,,,,,,,,,,,,,,0,0,0,0
2026-09-28T22:27:38.629021+09:00,70434478,dc7de351,2026-09-28T22:27:38.629021+09:00,2026-09-28T22:27:38.669134+09:00,rail-left-01,rail-right-01,0.6.7-draft,0.6.7-draft,mqtt,mqtt,635.25,510.76,5.619,5.795,-0.259,-0.342,-0.014,-1.006,10.452,9.777,-0.0509,0.0424,0.032,0.0642,-0.0111,-0.0153,25.11,25.03,13399,16468,1.675,2.059,5.025,6.175,345,345,35,35,0,0,0,0,,,,,,,,,,,,,,,,,0,0,0,0
2026-09-28T22:27:38.648991+09:00,70454448,dc7de351,2026-09-28T22:27:38.648991+09:00,2026-09-28T22:27:38.689104+09:00,rail-left-01,rail-right-01,0.6.7-draft,0.6.7-draft,mqtt,mqtt,636.44,511.65,5.679,5.852,0.284,0.37,-0.781,-0.314,10.496,9.61,-0.0465,0.051,0.0428,0.059,-0.0021,-0.0036,25.12,25.04,13692,16743,1.712,2.093,5.135,6.279,346,346,35,35,0,0,0,0,,,,,,,,,,,,,,,,,0,0,0,0
2026-09-28T22:27:38.669095+09:00,70474552,dc7de351,2026-09-28T22:27:38.669095+09:00,2026-09-28T22:27:38.709208+09:00,rail-left-01,rail-right-01,0.6.7-draft,0.6.7-draft,mqtt,mqtt,637.64,512.6,5.722,5.888,-0.123,-0.075,-0.117,-0.806,10.622,9.785,-0.0452,0.0565,0.0386,0.0596,0.004,0.0028,25.08,25.05,13902,16918,1.738,2.115,5.213,6.344,347,347,35,35,0,0,0,0,,,,,,,,,,,,,,,,,0,0,0,0
2026-09-28T22:27:38.689215+09:00,70494672,dc7de351,2026-09-28T22:27:38.689215+09:00,2026-09-28T22:27:38.729328+09:00,rail-left-01,rail-right-01,0.6.7-draft,0.6.7-draft,mqtt,mqtt,638.78,513.49,5.802,5.963,-0.138,-0.135,-0.499,-0.751,10.439,9.689,-0.0428,0.0546,0.0398,0.0616,-0.0041,-0.0075,25.11,25.02,14296,17276,1.787,2.16,5.361,6.479,348,348,35,35,0,0,0,0,,,,,,,,,,,,,,,,,0,0,0,0
2026-09-28T22:27:38.709041+09:00,70514498,dc7de351,2026-09-28T22:27:38.709041+09:00,2026-09-28T22:27:38.749154+09:00,rail-left-01,rail-right-01,0.6.7-draft,0.6.7-draft,mqtt,mqtt,639.97,514.39,5.885,6.077,0.055,0.113,-0.199,-0.144,10.454,9.671,-0.0406,0.0581,0.0402,0.0586,-0.0072,-0.0072,25.11,25.04,14703,17626,1.838,2.203,5.514,6.61,349,349,35,35,0,0,0,0,,,,,,,,,,,,,,,,,0,0,0,0
2026-09-28T22:27:38.729262+09:00,70534719,dc7de351,2026-09-28T22:27:38.729262+09:00,2026-09-28T22:27:38.769375+09:00,rail-left-01,rail-right-01,0.6.7-draft,0.6.7-draft,mqtt,mqtt,641.17,515.33,5.956,6.209,-0.107,-0.214,0.606,-0.198,10.342,9.817,-0.0466,0.0488,0.045,0.0586,-0.0115,-0.0079,25.1,25.04,15051,17920,1.881,2.24,5.644,6.72,350,350,35,35,0,0,0,0,,,,,,,,,,,,,,,,,0,0,0,0
2026-09-28T22:27:38.828606+09:00,70668461,dc7de351,2026-09-28T22:27:38.828606+09:00,2026-09-28T22:27:38.924453+09:00,rail-left-01,rail-right-01,0.6.7-draft,0.6.7-draft,mqtt,mqtt,649.12,521.4,5.981,6.27,-0.079,-0.011,0.387,0.2,10.72,9.737,-0.0614,0.0349,0.0437,0.0598,-0.0101,-0.0097,25.11,25.04,15175,18055,1.897,2.257,5.691,6.771,351,351,36,36,0,0,0,0,,,,,,,,,,,,,,,,,0,0,0,0
2026-09-28T22:27:38.848743+09:00,70688598,dc7de351,2026-09-28T22:27:38.848743+09:00,2026-09-28T22:27:38.944589+09:00,rail-left-01,rail-right-01,0.6.7-draft,0.6.7-draft,mqtt,mqtt,650.31,522.29,6.173,6.53,-0.109,-0.066,0.305,-0.405,10.487,9.82,-0.0594,0.0293,0.0405,0.0573,-0.0145,-0.0105,25.12,25.03,15697,18633,1.962,2.329,5.886,6.987,352,352,36,36,0,0,0,0,,,,,,,,,,,,,,,,,0,0,0,0
2026-09-28T22:27:38.868780+09:00,70708634,dc7de351,2026-09-28T22:27:38.868780+09:00,2026-09-28T22:27:38.964626+09:00,rail-left-01,rail-right-01,0.6.7-draft,0.6.7-draft,mqtt,mqtt,651.56,523.23,6.141,6.524,0.218,0.124,0.002,-0.11,10.305,9.601,-0.0669,0.0348,0.0453,0.0608,-0.01,-0.0092,25.11,25.04,15617,18618,1.952,2.327,5.856,6.982,353,353,36,36,0,0,0,0,,,,,,,,,,,,,,,,,0,0,0,0
2026-09-28T22:27:38.888748+09:00,70728602,dc7de351,2026-09-28T22:27:38.888748+09:00,2026-09-28T22:27:38.984593+09:00,rail-left-01,rail-right-01,0.6.7-draft,0.6.7-draft,mqtt,mqtt,652.75,524.13,6.12,6.533,-0.122,-0.042,0.171,-0.213,10.447,9.734,-0.0622,0.0318,0.0401,0.0552,-0.0091,-0.0017,25.12,25.06,15566,18638,1.946,2.33,5.837,6.989,354,354,36,36,0,0,0,0,,,,,,,,,,,,,,,,,0,0,0,0
2026-09-28T22:27:38.909574+09:00,70749429,dc7de351,2026-09-28T22:27:38.909574+09:00,2026-09-28T22:27:39.005420+09:00,rail-left-01,rail-right-01,0.6.7-draft,0.6.7-draft,mqtt,mqtt,653.99,525.12,6.122,6.539,-0.007,0.01,0.121,-0.32,10.513,9.851,-0.0655,0.0325,0.0396,0.0565,-0.0097,-0.0048,25.12,25.03,15571,18651,1.946,2.331,5.839,6.994,355,355,36,36,0,0,0,0,,,,,,,,,,,,,,,,,0,0,0,0
2026-09-28T22:27:38.929570+09:00,70769424,dc7de351,2026-09-28T22:27:38.929570+09:00,2026-09-28T22:27:39.025415+09:00,rail-left-01,rail-right-01,0.6.7-draft,0.6.7-draft,mqtt,mqtt,655.19,526.02,6.133,6.555,0.018,0.06,0.109,-0.237,10.422,9.77,-0.0622,0.0333,0.0378,0.0546,-0.0068,-0.0037,25.1,25.05,15597,18687,1.95,2.336,5.849,7.008,356,356,36,36,0,0,0,0,,,,,,,,,,,,,,,,,0,0,0,0
2026-09-28T22:27:38.948768+09:00,70788622,dc7de351,2026-09-28T22:27:38.948768+09:00,2026-09-28T22:27:39.044613+09:00,rail-left-01,rail-right-01,0.6.7-draft,0.6.7-draft,mqtt,mqtt,656.33,526.91,6.148,6.563,-0.024,-0.061,0.066,-0.352,10.367,9.708,-0.064,0.0297,0.0386,0.0562,-0.008,-0.004,25.12,25.04,15635,18705,1.954,2.338,5.863,7.014,357,357,36,36,0,0,0,0,,,,,,,,,,,,,,,,,0,0,0,0
2026-09-28T22:27:38.968780+09:00,70808634,dc7de351,2026-09-28T22:27:38.968780+09:00,2026-09-28T22:27:39.064625+09:00,rail-left-01,rail-right-01,0.6.7-draft,0.6.7-draft,mqtt,mqtt,657.52,527.86,6.148,6.574,0.053,0.067,0.072,-0.383,10.378,9.65,-0.0671,0.033,0.0417,0.0581,-0.0141,-0.014,25.09,25.03,15634,18729,1.954,2.341,5.863,7.023,358,358,36,36,0,0,0,0,,,,,,,,,,,,,,,,,0,0,0,0
2026-09-28T22:27:38.988759+09:00,70828613,dc7de351,2026-09-28T22:27:38.988759+09:00,2026-09-28T22:27:39.084604+09:00,rail-left-01,rail-right-01,0.6.7-draft,0.6.7-draft,mqtt,mqtt,658.72,528.8,6.16,6.591,-0.068,-0.044,-0.078,-0.235,10.44,9.602,-0.0648,0.0302,0.0422,0.058,-0.01,-0.0063,25.11,25.06,15666,18768,1.958,2.346,5.875,7.038,359,359,36,36,0,0,0,0,,,,,,,,,,,,,,,,,0,0,0,0
2026-09-28T22:27:39.008826+09:00,70848680,dc7de351,2026-09-28T22:27:39.008826+09:00,2026-09-28T22:27:39.104672+09:00,rail-left-01,rail-right-01,0.6.7-draft,0.6.7-draft,mqtt,mqtt,659.91,529.75,6.148,6.599,0.127,0.049,0.148,-0.181,10.394,10.031,-0.0697,0.032,0.0444,0.0596,-0.01,-0.0116,25.07,25.04,15635,18784,1.954,2.348,5.863,7.044,360,360,36,36,0,0,0,0,,,,,,,,,,,,,,,,,0,0,0,0
2026-09-28T22:27:39.156286+09:00,71003652,dc7de351,2026-09-28T22:27:39.156286+09:00,2026-09-28T22:27:39.242634+09:00,rail-left-01,rail-right-01,0.6.7-draft,0.6.7-draft,mqtt,mqtt,669.21,537.01,6.143,6.612,-0.017,0.057,0.201,-0.218,10.357,9.746,-0.0674,0.0337,0.0401,0.0561,-0.0117,-0.01,25.09,25.05,15622,18814,1.953,2.352,5.858,7.055,361,361,37,37,0,0,0,0,,,,,,,,,,,,,,,,,0,0,0,0
2026-09-28T22:27:39.176279+09:00,71023645,dc7de351,2026-09-28T22:27:39.176279+09:00,2026-09-28T22:27:39.262627+09:00,rail-left-01,rail-right-01,0.6.7-draft,0.6.7-draft,mqtt,mqtt,670.4,537.95,6.289,6.716,-0.008,0.041,0.005,0,10.599,9.658,-0.0662,0.0344,0.0393,0.0566,-0.0087,-0.0027,25.12,25.04,15987,19045,1.998,2.381,5.995,7.142,362,362,37,37,0,0,0,0,,,,,,,,,,,,,,,,,0,0,0,0
2026-09-28T22:27:39.196365+09:00,71043731,dc7de351,2026-09-28T22:27:39.196365+09:00,2026-09-28T22:27:39.282713+09:00,rail-left-01,rail-right-01,0.6.7-draft,0.6.7-draft,mqtt,mqtt,671.59,538.9,6.292,6.721,0.016,0.034,-0.004,-0.278,10.394,9.809,-0.0662,0.0338,0.0377,0.0545,-0.0088,-0.0093,25.12,25.02,15994,19056,1.999,2.382,5.998,7.146,363,363,37,37,0,0,0,0,,,,,,,,,,,,,,,,,0,0,0,0
2026-09-28T22:27:39.216370+09:00,71063736,dc7de351,2026-09-28T22:27:39.216370+09:00,2026-09-28T22:27:39.302718+09:00,rail-left-01,rail-right-01,0.6.7-draft,0.6.7-draft,mqtt,mqtt,672.79,539.84,6.306,6.725,0.055,0.077,0.075,-0.329,10.442,9.682,-0.0633,0.0364,0.0382,0.0564,-0.0095,-0.0063,25.11,25.03,16029,19065,2.004,2.383,6.011,7.149,364,364,37,37,0,0,0,0,,,,,,,,,,,,,,,,,0,0,0,0
2026-09-28T22:27:39.236244+09:00,71083610,dc7de351,2026-09-28T22:27:39.236244+09:00,2026-09-28T22:27:39.322592+09:00,rail-left-01,rail-right-01,0.6.7-draft,0.6.7-draft,mqtt,mqtt,673.93,540.79,6.315,6.734,-0.063,-0.006,-0.071,-0.345,10.508,9.493,-0.0669,0.033,0.037,0.0548,-0.0103,-0.0108,25.09,25.05,16052,19084,2.007,2.386,6.019,7.157,365,365,37,37,0,0,0,0,,,,,,,,,,,,,,,,,0,0,0,0
2026-09-28T22:27:39.256251+09:00,71103617,dc7de351,2026-09-28T22:27:39.256251+09:00,2026-09-28T22:27:39.342599+09:00,rail-left-01,rail-right-01,0.6.7-draft,0.6.7-draft,mqtt,mqtt,675.12,541.73,6.34,6.741,0.047,0.018,-0.014,-0.164,10.284,9.686,-0.0671,0.0324,0.0344,0.0577,-0.0072,-0.0065,25.12,25.04,16112,19099,2.014,2.387,6.042,7.162,366,366,37,37,0,0,0,0,,,,,,,,,,,,,,,,,0,0,0,0
2026-09-28T22:27:39.276396+09:00,71123762,dc7de351,2026-09-28T22:27:39.276396+09:00,2026-09-28T22:27:39.362744+09:00,rail-left-01,rail-right-01,0.6.7-draft,0.6.7-draft,mqtt,mqtt,676.32,542.72,6.341,6.736,-0.077,-0.05,0.461,-0.023,10.609,9.89,-0.0674,0.0316,0.033,0.0506,-0.0061,-0.0011,25.09,25.03,16116,19090,2.015,2.386,6.044,7.159,367,367,37,37,0,0,0,0,,,,,,,,,,,,,,,,,0,0,0,0
2026-09-28T22:27:39.296365+09:00,71143731,dc7de351,2026-09-28T22:27:39.296365+09:00,2026-09-28T22:27:39.382713+09:00,rail-left-01,rail-right-01,0.6.7-draft,0.6.7-draft,mqtt,mqtt,677.51,543.67,6.362,6.73,0.024,0.051,0.075,-0.468,10.384,9.663,-0.0652,0.0294,0.0369,0.059,-0.0077,-0.0061,25.11,25.04,16169,19076,2.021,2.385,6.063,7.154,368,368,37,37,0,0,0,0,,,,,,,,,,,,,,,,,0,0,0,0
2026-09-28T22:27:39.316308+09:00,71163674,dc7de351,2026-09-28T22:27:39.316308+09:00,2026-09-28T22:27:39.402656+09:00,rail-left-01,rail-right-01,0.6.7-draft,0.6.7-draft,mqtt,mqtt,678.7,544.61,6.36,6.74,-0.022,0.014,-0.02,-0.382,10.664,9.663,-0.0665,0.0316,0.0417,0.0578,-0.0069,-0.0059,25.11,25.06,16162,19097,2.02,2.387,6.061,7.161,369,369,37,37,0,0,0,0,,,,,,,,,,,,,,,,,0,0,0,0
2026-09-28T22:27:39.336368+09:00,71183734,dc7de351,2026-09-28T22:27:39.336368+09:00,2026-09-28T22:27:39.422716+09:00,rail-left-01,rail-right-01,0.6.7-draft,0.6.7-draft,mqtt,mqtt,679.9,545.56,6.349,6.754,0.055,-0.007,0.086,-0.018,10.483,9.791,-0.0657,0.0345,0.0394,0.059,-0.0068,-0.0048,25.12,25.03,16136,19128,2.017,2.391,6.051,7.173,370,370,37,37,0,0,0,0,,,,,,,,,,,,,,,,,0,0,0,0
2026-09-28T22:27:39.533312+09:00,71322450,dc7de351,2026-09-28T22:27:39.533312+09:00,2026-09-28T22:27:39.580667+09:00,rail-left-01,rail-right-01,0.6.7-draft,0.6.7-draft,mqtt,mqtt,688.1,552.22,6.345,6.755,0.108,0.101,-0.067,-0.33,10.295,9.693,-0.0578,0.0332,0.0316,0.0492,-0.0069,-0.0045,25.09,25.02,16126,19132,2.016,2.391,6.047,7.174,371,371,38,38,0,0,0,0,,,,,,,,,,,,,,,,,0,0,0,0
2026-09-28T22:27:39.553484+09:00,71342622,dc7de351,2026-09-28T22:27:39.553484+09:00,2026-09-28T22:27:39.600839+09:00,rail-left-01,rail-right-01,0.6.7-draft,0.6.7-draft,mqtt,mqtt,689.29,553.17,6.474,6.647,-0.122,-0.067,-0.041,-0.128,10.585,9.724,-0.0601,0.0321,0.0316,0.0494,-0.0104,-0.0081,25.1,25.03,16446,18891,2.056,2.361,6.167,7.084,372,372,38,38,0,0,0,0,,,,,,,,,,,,,,,,,0,0,0,0
2026-09-28T22:27:39.573418+09:00,71362556,dc7de351,2026-09-28T22:27:39.573418+09:00,2026-09-28T22:27:39.620774+09:00,rail-left-01,rail-right-01,0.6.7-draft,0.6.7-draft,mqtt,mqtt,690.44,554.11,6.491,6.596,0.104,0.109,0.14,-0.181,10.473,9.759,-0.0652,0.0294,0.0284,0.0472,-0.0077,-0.0032,25.1,25.05,16490,18779,2.061,2.347,6.184,7.042,373,373,38,38,0,0,0,0,,,,,,,,,,,,,,,,,0,0,0,0
2026-09-28T22:27:39.593462+09:00,71382600,dc7de351,2026-09-28T22:27:39.593462+09:00,2026-09-28T22:27:39.640817+09:00,rail-left-01,rail-right-01,0.6.7-draft,0.6.7-draft,mqtt,mqtt,691.63,555.1,6.486,6.53,-0.135,-0.086,0.14,-0.432,10.704,9.683,-0.0682,0.0266,0.0257,0.048,-0.0079,-0.0065,25.12,25.03,16477,18633,2.06,2.329,6.179,6.987,374,374,38,38,0,0,0,0,,,,,,,,,,,,,,,,,0,0,0,0
2026-09-28T22:27:39.613494+09:00,71402632,dc7de351,2026-09-28T22:27:39.613494+09:00,2026-09-28T22:27:39.660850+09:00,rail-left-01,rail-right-01,0.6.7-draft,0.6.7-draft,mqtt,mqtt,692.82,556.05,6.503,6.466,0.04,0.055,-0.04,-0.079,10.421,9.808,-0.0633,0.0297,0.0305,0.047,-0.0059,-0.0036,25.11,25.04,16520,18489,2.065,2.311,6.195,6.933,375,375,38,38,0,0,0,0,,,,,,,,,,,,,,,,,0,0,0,0
2026-09-28T22:27:39.633648+09:00,71422786,dc7de351,2026-09-28T22:27:39.633648+09:00,2026-09-28T22:27:39.681004+09:00,rail-left-01,rail-right-01,0.6.7-draft,0.6.7-draft,mqtt,mqtt,694.02,557.04,6.504,6.434,-0.01,0.077,-0.034,-0.105,10.683,9.78,-0.0649,0.0274,0.0357,0.0521,-0.0079,-0.0124,25.11,25.06,16521,18419,2.065,2.302,6.195,6.907,376,376,38,38,0,0,0,0,,,,,,,,,,,,,,,,,0,0,0,0
2026-09-28T22:27:39.653456+09:00,71442594,dc7de351,2026-09-28T22:27:39.653456+09:00,2026-09-28T22:27:39.700811+09:00,rail-left-01,rail-right-01,0.6.7-draft,0.6.7-draft,mqtt,mqtt,695.21,557.99,6.52,6.434,-0.011,-0.019,0.119,-0.172,10.372,9.731,-0.0661,0.0328,0.0378,0.058,-0.0063,-0.0056,25.1,25.05,16562,18418,2.07,2.302,6.211,6.907,377,377,38,38,0,0,0,0,,,,,,,,,,,,,,,,,0,0,0,0
2026-09-28T22:27:39.673383+09:00,71462521,dc7de351,2026-09-28T22:27:39.673383+09:00,2026-09-28T22:27:39.720738+09:00,rail-left-01,rail-right-01,0.6.7-draft,0.6.7-draft,mqtt,mqtt,696.35,558.93,6.519,6.439,0.028,0.035,-0.15,-0.402,10.487,9.556,-0.0678,0.0314,0.0318,0.0506,-0.0057,-0.008,25.1,25.06,16559,18429,2.07,2.304,6.21,6.911,378,378,38,38,0,0,0,0,,,,,,,,,,,,,,,,,0,0,0,0
2026-09-28T22:27:39.693331+09:00,71482469,dc7de351,2026-09-28T22:27:39.693331+09:00,2026-09-28T22:27:39.740686+09:00,rail-left-01,rail-right-01,0.6.7-draft,0.6.7-draft,mqtt,mqtt,697.55,559.88,6.557,6.419,-0.062,-0.041,0.005,-0.482,10.408,9.613,-0.0683,0.0308,0.0324,0.0528,-0.0059,-0.0055,25.1,25.02,16652,18386,2.082,2.298,6.245,6.895,379,379,38,38,0,0,0,0,,,,,,,,,,,,,,,,,0,0,0,0
2026-09-28T22:27:39.713515+09:00,71502653,dc7de351,2026-09-28T22:27:39.713515+09:00,2026-09-28T22:27:39.760870+09:00,rail-left-01,rail-right-01,0.6.7-draft,0.6.7-draft,mqtt,mqtt,698.74,560.87,6.561,6.403,0.048,-0.026,0.018,-0.409,10.159,9.699,-0.0626,0.0369,0.0393,0.0593,-0.0085,-0.0077,25.12,25.04,16663,18351,2.083,2.294,6.249,6.882,380,380,38,38,0,0,0,0,,,,,,,,,,,,,,,,,0,0,0,0
2026-09-28T22:27:39.856370+09:00,71661464,dc7de351,2026-09-28T22:27:39.856370+09:00,2026-09-28T22:27:39.897200+09:00,rail-left-01,rail-right-01,0.6.7-draft,0.6.7-draft,mqtt,mqtt,708.29,568.53,6.54,6.392,0.121,0.36,0.408,0.892,9.901,8.972,-0.0743,0.0257,0.046,0.059,0.0107,-0.0087,25.13,25.05,16611,18325,2.076,2.291,6.229,6.872,381,381,39,39,0,0,0,0,,,,,,,,,,,,,,,,,0,0,0,0
2026-09-28T22:27:39.876521+09:00,71681616,dc7de351,2026-09-28T22:27:39.876521+09:00,2026-09-28T22:27:39.917351+09:00,rail-left-01,rail-right-01,0.6.7-draft,0.6.7-draft,mqtt,mqtt,709.48,569.52,5.611,5.566,-0.363,-0.119,-0.067,-0.379,10.476,8.928,-0.067,0.0292,0.0272,0.0414,-0.0028,-0.0052,25.09,25.01,13357,15367,1.67,1.921,5.009,5.763,382,382,39,39,0,0,0,0,,,,,,,,,,,,,,,,,0,0,0,0
2026-09-28T22:27:39.896457+09:00,71701551,dc7de351,2026-09-28T22:27:39.896457+09:00,2026-09-28T22:27:39.937287+09:00,rail-left-01,rail-right-01,0.6.7-draft,0.6.7-draft,mqtt,mqtt,710.72,570.47,5.602,5.525,0.463,0.274,0.327,-0.147,10.178,10.042,-0.0665,0.0317,0.0426,0.0636,-0.0077,-0.0131,25.11,25.03,13312,15170,1.664,1.896,4.992,5.689,383,383,39,39,0,0,0,0,,,,,,,,,,,,,,,,,0,0,0,0
2026-09-28T22:27:39.916413+09:00,71721507,dc7de351,2026-09-28T22:27:39.916413+09:00,2026-09-28T22:27:39.957242+09:00,rail-left-01,rail-right-01,0.6.7-draft,0.6.7-draft,mqtt,mqtt,711.92,571.41,5.59,5.548,-0.024,-0.054,-0.044,-0.092,10.67,9.732,-0.0669,0.0324,0.0461,0.0568,-0.0048,-0.0013,25.11,25.04,13253,15278,1.657,1.91,4.97,5.729,384,384,39,39,0,0,0,0,,,,,,,,,,,,,,,,,0,0,0,0
2026-09-28T22:27:39.936545+09:00,71741639,dc7de351,2026-09-28T22:27:39.936545+09:00,2026-09-28T22:27:39.977374+09:00,rail-left-01,rail-right-01,0.6.7-draft,0.6.7-draft,mqtt,mqtt,713.16,572.41,5.585,5.568,-0.026,-0.109,0.274,-0.29,10.349,9.764,-0.0663,0.0336,0.0408,0.0624,-0.008,-0.0072,25.11,25.03,13229,15378,1.654,1.922,4.961,5.767,385,385,39,39,0,0,0,0,,,,,,,,,,,,,,,,,0,0,0,0
2026-09-28T22:27:39.957224+09:00,71762319,dc7de351,2026-09-28T22:27:39.957224+09:00,2026-09-28T22:27:39.998054+09:00,rail-left-01,rail-right-01,0.6.7-draft,0.6.7-draft,mqtt,mqtt,714.4,573.4,5.581,5.579,-0.128,-0.074,-0.18,-0.048,10.643,9.774,-0.0667,0.0308,0.0402,0.0545,-0.0084,-0.0056,25.11,25.04,13209,15431,1.651,1.929,4.953,5.787,386,386,39,39,0,0,0,0,,,,,,,,,,,,,,,,,0,0,0,0
2026-09-28T22:27:39.976474+09:00,71781568,dc7de351,2026-09-28T22:27:39.976474+09:00,2026-09-28T22:27:40.017304+09:00,rail-left-01,rail-right-01,0.6.7-draft,0.6.7-draft,mqtt,mqtt,715.55,574.35,5.586,5.579,0.029,0.093,0.108,-0.379,10.63,9.747,-0.0658,0.0288,0.0364,0.0556,-0.0076,-0.0067,25.1,25.02,13233,15429,1.654,1.929,4.962,5.786,387,387,39,39,0,0,0,0,,,,,,,,,,,,,,,,,0,0,0,0
2026-09-28T22:27:39.996400+09:00,71801494,dc7de351,2026-09-28T22:27:39.996400+09:00,2026-09-28T22:27:40.037230+09:00,rail-left-01,rail-right-01,0.6.7-draft,0.6.7-draft,mqtt,mqtt,716.79,575.29,5.585,5.575,-0.204,-0.183,0.34,-0.087,10.623,9.579,-0.0655,0.0328,0.0402,0.0545,-0.0089,-0.0047,25.09,25.08,13229,15408,1.654,1.926,4.961,5.778,388,388,39,39,0,0,0,0,,,,,,,,,,,,,,,,,0,0,0,0
2026-09-28T22:27:40.016505+09:00,71821599,dc7de351,2026-09-28T22:27:40.016505+09:00,2026-09-28T22:27:40.057334+09:00,rail-left-01,rail-right-01,0.6.7-draft,0.6.7-draft,mqtt,mqtt,717.98,576.23,5.587,5.574,0.123,0.138,0.218,-0.12,10.356,9.71,-0.0622,0.0286,0.0384,0.0545,-0.0103,-0.0059,25.1,25.05,13239,15403,1.655,1.925,4.965,5.776,389,389,39,39,0,0,0,0,,,,,,,,,,,,,,,,,0,0,0,0
2026-09-28T22:27:40.036482+09:00,71841576,dc7de351,2026-09-28T22:27:40.036482+09:00,2026-09-28T22:27:40.077312+09:00,rail-left-01,rail-right-01,0.6.7-draft,0.6.7-draft,mqtt,mqtt,719.22,577.23,5.573,5.576,-0.177,-0.104,0.19,-0.235,10.418,9.7,-0.0663,0.0332,0.0457,0.0578,0,-0.0033,25.09,25.03,13169,15415,1.646,1.927,4.938,5.781,390,390,39,39,0,0,0,0,,,,,,,,,,,,,,,,,0,0,0,0
2026-09-28T22:27:40.176800+09:00,71975491,dc7de351,2026-09-28T22:27:40.176800+09:00,2026-09-28T22:27:40.268933+09:00,rail-left-01,rail-right-01,0.6.7-draft,0.6.7-draft,mqtt,mqtt,727.33,583.59,5.568,5.581,0.05,0.078,-0.098,-0.111,10.433,9.749,-0.0574,0.0308,0.042,0.0594,-0.0037,-0.0063,25.1,25.05,13146,15437,1.643,1.93,4.93,5.789,391,391,40,40,0,0,0,0,,,,,,,,,,,,,,,,,0,0,0,0
2026-09-28T22:27:40.197026+09:00,71995717,dc7de351,2026-09-28T22:27:40.197026+09:00,2026-09-28T22:27:40.289159+09:00,rail-left-01,rail-right-01,0.6.7-draft,0.6.7-draft,mqtt,mqtt,728.57,584.59,5.513,5.623,-0.062,-0.031,0.217,-0.152,10.305,9.594,-0.0663,0.0334,0.0382,0.0549,-0.0023,-0.0016,25.1,25.01,12877,15639,1.61,1.955,4.829,5.865,392,392,40,40,0,0,0,0,,,,,,,,,,,,,,,,,0,0,0,0
2026-09-28T22:27:40.216865+09:00,72015556,dc7de351,2026-09-28T22:27:40.216865+09:00,2026-09-28T22:27:40.308998+09:00,rail-left-01,rail-right-01,0.6.7-draft,0.6.7-draft,mqtt,mqtt,729.76,585.53,5.516,5.628,-0.097,-0.077,0.182,-0.362,10.412,9.645,-0.0646,0.035,0.0456,0.0572,-0.0047,-0.0067,25.11,25.05,12889,15665,1.611,1.958,4.833,5.874,393,393,40,40,0,0,0,0,,,,,,,,,,,,,,,,,0,0,0,0
2026-09-28T22:27:40.236903+09:00,72035595,dc7de351,2026-09-28T22:27:40.236903+09:00,2026-09-28T22:27:40.329037+09:00,rail-left-01,rail-right-01,0.6.7-draft,0.6.7-draft,mqtt,mqtt,731.01,586.48,5.498,5.641,0.035,0.111,-0.032,-0.157,10.465,9.661,-0.063,0.0318,0.0456,0.0573,-0.0035,-0.0016,25.1,25.01,12805,15726,1.601,1.966,4.802,5.897,394,394,40,40,0,0,0,0,,,,,,,,,,,,,,,,,0,0,0,0
2026-09-28T22:27:40.257345+09:00,72056037,dc7de351,2026-09-28T22:27:40.257345+09:00,2026-09-28T22:27:40.349479+09:00,rail-left-01,rail-right-01,0.6.7-draft,0.6.7-draft,mqtt,mqtt,732.2,587.47,5.498,5.635,-0.061,-0.01,0.114,-0.187,10.444,9.725,-0.0683,0.0294,0.035,0.0508,-0.0008,-0.0007,25.11,25.05,12803,15700,1.6,1.963,4.801,5.888,395,395,40,40,0,0,0,0,,,,,,,,,,,,,,,,,0,0,0,0
2026-09-28T22:27:40.277328+09:00,72076020,dc7de351,2026-09-28T22:27:40.277328+09:00,2026-09-28T22:27:40.369462+09:00,rail-left-01,rail-right-01,0.6.7-draft,0.6.7-draft,mqtt,mqtt,733.44,588.42,5.502,5.632,0.08,0.008,0.014,-0.284,10.409,9.708,-0.0678,0.0306,0.0445,0.0616,-0.0068,-0.0081,25.09,25.04,12821,15686,1.603,1.961,4.808,5.882,396,396,40,40,0,0,0,0,,,,,,,,,,,,,,,,,0,0,0,0
2026-09-28T22:27:40.296896+09:00,72095587,dc7de351,2026-09-28T22:27:40.296896+09:00,2026-09-28T22:27:40.389029+09:00,rail-left-01,rail-right-01,0.6.7-draft,0.6.7-draft,mqtt,mqtt,734.64,589.36,5.499,5.643,-0.001,0.006,-0.277,-0.069,10.775,9.712,-0.0703,0.0318,0.0357,0.0506,-0.0067,-0.0033,25.09,25.02,12810,15737,1.601,1.967,4.804,5.901,397,397,40,40,0,0,0,0,,,,,,,,,,,,,,,,,0,0,0,0
2026-09-28T22:27:40.316836+09:00,72115527,dc7de351,2026-09-28T22:27:40.316836+09:00,2026-09-28T22:27:40.408969+09:00,rail-left-01,rail-right-01,0.6.7-draft,0.6.7-draft,mqtt,mqtt,735.83,590.3,5.531,5.645,0.127,0.13,0.057,-0.26,10.43,9.88,-0.0727,0.0336,0.0374,0.0544,-0.0036,0.0024,25.11,25.04,12966,15746,1.621,1.968,4.862,5.905,398,398,40,40,0,0,0,0,,,,,,,,,,,,,,,,,0,0,0,0
2026-09-28T22:27:40.336900+09:00,72135591,dc7de351,2026-09-28T22:27:40.336900+09:00,2026-09-28T22:27:40.429033+09:00,rail-left-01,rail-right-01,0.6.7-draft,0.6.7-draft,mqtt,mqtt,737.02,591.25,5.553,5.651,-0.08,-0.005,-0.096,-0.318,10.338,9.75,-0.0703,0.034,0.0398,0.0542,-0.0063,-0.0016,25.12,25.07,13073,15778,1.634,1.972,4.902,5.917,399,399,40,40,0,0,0,0,,,,,,,,,,,,,,,,,0,0,0,0
2026-09-28T22:27:40.357136+09:00,72155827,dc7de351,2026-09-28T22:27:40.357136+09:00,2026-09-28T22:27:40.449269+09:00,rail-left-01,rail-right-01,0.6.7-draft,0.6.7-draft,mqtt,mqtt,738.27,592.24,5.548,5.654,0.102,0.077,-0.115,-0.183,10.467,9.544,-0.0673,0.036,0.0404,0.0544,-0.0052,0.0033,25.12,25.06,13048,15792,1.631,1.974,4.893,5.922,400,400,40,40,0,0,0,0,,,,,,,,,,,,,,,,,0,0,0,0
2026-09-28T22:27:40.509516+09:00,72352431,dc7de351,2026-09-28T22:27:40.509516+09:00,2026-09-28T22:27:40.553899+09:00,rail-left-01,rail-right-01,0.6.7-draft,0.6.7-draft,mqtt,mqtt,750.1,601.64,5.543,5.65,-0.007,0.045,0.242,-0.247,10.649,9.685,-0.0609,0.033,0.0377,0.0542,-0.0111,-0.0052,25.11,25.03,13026,15770,1.628,1.971,4.885,5.914,401,401,41,41,0,0,0,0,,,,,,,,,,,,,,,,,0,0,0,0
2026-09-28T22:27:40.529636+09:00,72372551,dc7de351,2026-09-28T22:27:40.529636+09:00,2026-09-28T22:27:40.574019+09:00,rail-left-01,rail-right-01,0.6.7-draft,0.6.7-draft,mqtt,mqtt,751.29,602.59,5.495,5.743,-0.002,0.071,0.272,-0.26,10.478,9.629,-0.0646,0.0306,0.0402,0.0604,-0.0107,-0.008,25.09,25.03,12789,16219,1.599,2.027,4.796,6.082,402,402,41,41,0,0,0,0,,,,,,,,,,,,,,,,,0,0,0,0
2026-09-28T22:27:40.549698+09:00,72392613,dc7de351,2026-09-28T22:27:40.549698+09:00,2026-09-28T22:27:40.594081+09:00,rail-left-01,rail-right-01,0.6.7-draft,0.6.7-draft,mqtt,mqtt,752.49,603.58,5.48,5.752,0.011,-0.045,0.233,-0.168,10.373,9.651,-0.0675,0.0308,0.0404,0.0561,-0.0087,-0.0064,25.09,25.04,12716,16264,1.59,2.033,4.769,6.099,403,403,41,41,0,0,0,0,,,,,,,,,,,,,,,,,0,0,0,0
2026-09-28T22:27:40.569656+09:00,72412571,dc7de351,2026-09-28T22:27:40.569656+09:00,2026-09-28T22:27:40.614039+09:00,rail-left-01,rail-right-01,0.6.7-draft,0.6.7-draft,mqtt,mqtt,753.73,604.52,5.482,5.757,-0.051,0.08,0.098,0.002,10.37,9.639,-0.063,0.0336,0.0422,0.0553,-0.0037,-0.0033,25.1,25.03,12723,16286,1.59,2.036,4.771,6.107,404,404,41,41,0,0,0,0,,,,,,,,,,,,,,,,,0,0,0,0
2026-09-28T22:27:40.589699+09:00,72432614,dc7de351,2026-09-28T22:27:40.589699+09:00,2026-09-28T22:27:40.634082+09:00,rail-left-01,rail-right-01,0.6.7-draft,0.6.7-draft,mqtt,mqtt,754.92,605.47,5.476,5.762,0.035,0.011,0.086,-0.45,10.414,9.659,-0.064,0.0337,0.0454,0.0553,-0.0033,0.0003,25.11,25.05,12697,16312,1.587,2.039,4.761,6.117,405,405,41,41,0,0,0,0,,,,,,,,,,,,,,,,,0,0,0,0
2026-09-28T22:27:40.609863+09:00,72452778,dc7de351,2026-09-28T22:27:40.609863+09:00,2026-09-28T22:27:40.654246+09:00,rail-left-01,rail-right-01,0.6.7-draft,0.6.7-draft,mqtt,mqtt,756.12,606.46,5.46,5.768,-0.022,0.031,0.099,-0.37,10.434,9.682,-0.0654,0.0316,0.041,0.0602,-0.0088,-0.0088,25.12,25.04,12617,16338,1.577,2.042,4.731,6.127,406,406,41,41,0,0,0,0,,,,,,,,,,,,,,,,,0,0,0,0
2026-09-28T22:27:40.629623+09:00,72472538,dc7de351,2026-09-28T22:27:40.629623+09:00,2026-09-28T22:27:40.674006+09:00,rail-left-01,rail-right-01,0.6.7-draft,0.6.7-draft,mqtt,mqtt,757.31,607.41,5.45,5.778,-0.024,-0.02,0.098,-0.268,10.347,9.613,-0.0661,0.034,0.044,0.0592,-0.0057,-0.0004,25.08,25.04,12569,16386,1.571,2.048,4.713,6.145,407,407,41,41,0,0,0,0,,,,,,,,,,,,,,,,,0,0,0,0
2026-09-28T22:27:40.649571+09:00,72492486,dc7de351,2026-09-28T22:27:40.649571+09:00,2026-09-28T22:27:40.693954+09:00,rail-left-01,rail-right-01,0.6.7-draft,0.6.7-draft,mqtt,mqtt,758.5,608.35,5.433,5.783,-0.004,0.006,0.129,-0.256,10.247,9.755,-0.0654,0.0302,0.0401,0.0605,-0.008,-0.0055,25.11,25.04,12483,16412,1.56,2.052,4.681,6.155,408,408,41,41,0,0,0,0,,,,,,,,,,,,,,,,,0,0,0,0
2026-09-28T22:27:40.669627+09:00,72512542,dc7de351,2026-09-28T22:27:40.669627+09:00,2026-09-28T22:27:40.714010+09:00,rail-left-01,rail-right-01,0.6.7-draft,0.6.7-draft,mqtt,mqtt,759.7,609.3,5.42,5.796,0.056,0.013,0.259,-0.244,10.629,9.766,-0.065,0.0333,0.0397,0.0594,-0.0069,-0.0039,25.11,25.04,12422,16472,1.553,2.059,4.658,6.177,409,409,41,41,0,0,0,0,,,,,,,,,,,,,,,,,0,0,0,0
2026-09-28T22:27:40.690040+09:00,72532955,dc7de351,2026-09-28T22:27:40.690040+09:00,2026-09-28T22:27:40.734423+09:00,rail-left-01,rail-right-01,0.6.7-draft,0.6.7-draft,mqtt,mqtt,760.94,610.29,5.421,5.8,0.036,0.047,-0.104,-0.182,10.429,9.713,-0.0649,0.0298,0.0353,0.0525,-0.0093,-0.0059,25.12,25.04,12426,16491,1.553,2.061,4.66,6.184,410,410,41,41,0,0,0,0,,,,,,,,,,,,,,,,,0,0,0,0
2026-09-28T22:27:40.824070+09:00,72632661,dc7de351,2026-09-28T22:27:40.824070+09:00,2026-09-28T22:27:40.906388+09:00,rail-left-01,rail-right-01,0.6.7-draft,0.6.7-draft,mqtt,mqtt,766.9,615.06,5.419,5.798,-0.081,-0.103,0.144,-0.296,10.461,9.782,-0.0594,0.0322,0.0421,0.0637,-0.0096,-0.0068,25.09,25.04,12414,16483,1.552,2.06,4.655,6.181,411,411,42,42,0,0,0,0,,,,,,,,,,,,,,,,,0,0,0,0
2026-09-28T22:27:40.844256+09:00,72652847,dc7de351,2026-09-28T22:27:40.844256+09:00,2026-09-28T22:27:40.926574+09:00,rail-left-01,rail-right-01,0.6.7-draft,0.6.7-draft,mqtt,mqtt,768.1,616.06,5.383,5.794,0.145,0.259,0.025,-0.15,10.264,9.487,-0.0565,0.0292,0.0288,0.0573,-0.0043,-0.0041,25.1,25.04,12237,16465,1.53,2.058,4.589,6.174,412,412,42,42,0,0,0,0,,,,,,,,,,,,,,,,,0,0,0,0
2026-09-28T22:27:40.864208+09:00,72672799,dc7de351,2026-09-28T22:27:40.864208+09:00,2026-09-28T22:27:40.946526+09:00,rail-left-01,rail-right-01,0.6.7-draft,0.6.7-draft,mqtt,mqtt,769.29,617,5.421,5.783,-0.072,-0.017,0.255,-0.255,10.418,9.473,-0.0569,0.03,0.0262,0.0548,0.0019,0.0009,25.09,25.04,12423,16411,1.553,2.051,4.659,6.154,413,413,42,42,0,0,0,0,,,,,,,,,,,,,,,,,0,0,0,0
2026-09-28T22:27:40.884160+09:00,72692751,dc7de351,2026-09-28T22:27:40.884160+09:00,2026-09-28T22:27:40.966478+09:00,rail-left-01,rail-right-01,0.6.7-draft,0.6.7-draft,mqtt,mqtt,770.48,617.95,5.428,5.757,-0.05,-0.06,0.078,-0.213,10.485,9.749,-0.0608,0.027,0.0268,0.0522,-0.0012,-0.0052,25.1,25.06,12457,16286,1.557,2.036,4.671,6.107,414,414,42,42,0,0,0,0,,,,,,,,,,,,,,,,,0,0,0,0
2026-09-28T22:27:40.904190+09:00,72712781,dc7de351,2026-09-28T22:27:40.904190+09:00,2026-09-28T22:27:40.986508+09:00,rail-left-01,rail-right-01,0.6.7-draft,0.6.7-draft,mqtt,mqtt,771.68,618.94,5.443,5.73,-0.062,-0.024,-0.022,-0.209,10.384,9.661,-0.0669,0.0256,0.0278,0.0462,-0.0061,-0.0059,25.09,25.04,12535,16156,1.567,2.02,4.701,6.059,415,415,42,42,0,0,0,0,,,,,,,,,,,,,,,,,0,0,0,0
2026-09-28T22:27:40.924195+09:00,72732786,dc7de351,2026-09-28T22:27:40.924195+09:00,2026-09-28T22:27:41.006513+09:00,rail-left-01,rail-right-01,0.6.7-draft,0.6.7-draft,mqtt,mqtt,772.87,619.89,5.463,5.693,0.016,0.026,0.048,-0.215,10.444,9.845,-0.0628,0.025,0.0312,0.0505,-0.01,-0.0079,25.11,25.03,12632,15979,1.579,1.997,4.737,5.992,416,416,42,42,0,0,0,0,,,,,,,,,,,,,,,,,0,0,0,0
2026-09-28T22:27:40.944255+09:00,72752846,dc7de351,2026-09-28T22:27:40.944255+09:00,2026-09-28T22:27:41.026573+09:00,rail-left-01,rail-right-01,0.6.7-draft,0.6.7-draft,mqtt,mqtt,774.06,620.83,5.476,5.683,0.012,0.069,0.016,-0.247,10.331,9.594,-0.0581,0.0309,0.0362,0.0552,-0.0084,-0.0089,25.11,25.03,12695,15929,1.587,1.991,4.761,5.973,417,417,42,42,0,0,0,0,,,,,,,,,,,,,,,,,0,0,0,0
2026-09-28T22:27:40.964247+09:00,72772838,dc7de351,2026-09-28T22:27:40.964247+09:00,2026-09-28T22:27:41.046565+09:00,rail-left-01,rail-right-01,0.6.7-draft,0.6.7-draft,mqtt,mqtt,775.31,621.83,5.482,5.679,0.014,0.063,0.008,-0.309,10.396,9.598,-0.0626,0.0318,0.0361,0.0537,-0.0075,-0.0032,25.11,25.04,12722,15911,1.59,1.989,4.771,5.967,418,418,42,42,0,0,0,0,,,,,,,,,,,,,,,,,0,0,0,0
2026-09-28T22:27:40.984186+09:00,72792777,dc7de351,2026-09-28T22:27:40.984186+09:00,2026-09-28T22:27:41.066504+09:00,rail-left-01,rail-right-01,0.6.7-draft,0.6.7-draft,mqtt,mqtt,776.5,622.77,5.47,5.664,0.045,0.08,0.05,-0.067,10.385,9.621,-0.0653,0.0329,0.041,0.0617,-0.0125,-0.0109,25.12,25.06,12664,15839,1.583,1.98,4.749,5.94,419,419,42,42,0,0,0,0,,,,,,,,,,,,,,,,,0,0,0,0
2026-09-28T22:27:41.004240+09:00,72812831,dc7de351,2026-09-28T22:27:41.004240+09:00,2026-09-28T22:27:41.086558+09:00,rail-left-01,rail-right-01,0.6.7-draft,0.6.7-draft,mqtt,mqtt,777.69,623.72,5.456,5.666,0,0.065,0.022,-0.134,10.266,9.698,-0.0625,0.0336,0.0404,0.0564,-0.0084,-0.0055,25.09,25.03,12599,15849,1.575,1.981,4.725,5.943,420,420,42,42,0,0,0,0,,,,,,,,,,,,,,,,,0,0,0,0
2026-09-28T22:27:41.189263+09:00,72986444,dc7de351,2026-09-28T22:27:41.189263+09:00,2026-09-28T22:27:41.271651+09:00,rail-left-01,rail-right-01,0.6.7-draft,0.6.7-draft,mqtt,mqtt,788.13,632.07,5.452,5.666,0.057,0.084,0.054,-0.184,10.416,9.622,-0.0625,0.0297,0.0416,0.0577,-0.0092,-0.0089,25.09,25.03,12576,15849,1.572,1.981,4.716,5.943,421,421,43,43,0,0,0,0,,,,,,,,,,,,,,,,,0,0,0,0
2026-09-28T22:27:41.209482+09:00,73006663,dc7de351,2026-09-28T22:27:41.209482+09:00,2026-09-28T22:27:41.291870+09:00,rail-left-01,rail-right-01,0.6.7-draft,0.6.7-draft,mqtt,mqtt,789.33,633.06,5.408,5.593,-0.158,-0.116,0.163,0.074,10.325,9.741,-0.0638,0.0329,0.0442,0.0584,-0.0123,-0.0048,25.09,25.05,12359,15498,1.545,1.937,4.635,5.812,422,422,43,43,0,0,0,0,,,,,,,,,,,,,,,,,0,0,0,0
2026-09-28T22:27:41.229281+09:00,73026462,dc7de351,2026-09-28T22:27:41.229281+09:00,2026-09-28T22:27:41.311668+09:00,rail-left-01,rail-right-01,0.6.7-draft,0.6.7-draft,mqtt,mqtt,790.52,634.01,5.372,5.592,0.163,0.166,0.202,-0.352,10.499,9.774,-0.0622,0.0322,0.0474,0.06,-0.0124,-0.0048,25.09,25.05,12186,15492,1.523,1.937,4.57,5.81,423,423,43,43,0,0,0,0,,,,,,,,,,,,,,,,,0,0,0,0
2026-09-28T22:27:41.249461+09:00,73046642,dc7de351,2026-09-28T22:27:41.249461+09:00,2026-09-28T22:27:41.331849+09:00,rail-left-01,rail-right-01,0.6.7-draft,0.6.7-draft,mqtt,mqtt,791.71,634.95,5.353,5.582,0.023,0.056,0.151,-0.243,9.887,9.567,-0.0751,0.0317,0.0321,0.0508,-0.004,-0.0081,25.09,25.05,12092,15443,1.512,1.93,4.535,5.791,424,424,43,43,0,0,0,0,,,,,,,,,,,,,,,,,0,0,0,0
2026-09-28T22:27:41.269740+09:00,73066921,dc7de351,2026-09-28T22:27:41.269740+09:00,2026-09-28T22:27:41.352128+09:00,rail-left-01,rail-right-01,0.6.7-draft,0.6.7-draft,mqtt,mqtt,792.96,635.95,5.373,5.579,0.114,0.156,-0.004,-0.26,10.555,9.631,-0.0734,0.0321,0.0405,0.0532,-0.0076,-0.0107,25.09,25.06,12190,15428,1.524,1.929,4.571,5.786,425,425,43,43,0,0,0,0,,,,,,,,,,,,,,,,,0,0,0,0
2026-09-28T22:27:41.289718+09:00,73086899,dc7de351,2026-09-28T22:27:41.289718+09:00,2026-09-28T22:27:41.372105+09:00,rail-left-01,rail-right-01,0.6.7-draft,0.6.7-draft,mqtt,mqtt,794.15,636.89,5.374,5.578,-0.08,-0.116,0.153,-0.119,10.173,9.756,-0.0662,0.0358,0.038,0.0566,-0.0068,-0.0035,25.13,25.06,12193,15422,1.524,1.928,4.572,5.783,426,426,43,43,0,0,0,0,,,,,,,,,,,,,,,,,0,0,0,0
2026-09-28T22:27:41.309289+09:00,73106470,dc7de351,2026-09-28T22:27:41.309289+09:00,2026-09-28T22:27:41.391677+09:00,rail-left-01,rail-right-01,0.6.7-draft,0.6.7-draft,mqtt,mqtt,795.34,637.84,5.361,5.57,0.129,0.119,0.244,-0.078,10.5,9.977,-0.0669,0.0312,0.0416,0.0602,-0.0112,-0.0069,25.11,25.06,12132,15388,1.517,1.924,4.55,5.771,427,427,43,43,0,0,0,0,,,,,,,,,,,,,,,,,0,0,0,0
2026-09-28T22:27:41.329415+09:00,73126596,dc7de351,2026-09-28T22:27:41.329415+09:00,2026-09-28T22:27:41.411802+09:00,rail-left-01,rail-right-01,0.6.7-draft,0.6.7-draft,mqtt,mqtt,796.54,638.78,5.332,5.58,0.006,0.049,0.217,-0.248,10.538,9.726,-0.0624,0.0341,0.0436,0.0608,-0.0084,-0.0076,25.09,25.04,11990,15432,1.499,1.929,4.496,5.787,428,428,43,43,0,0,0,0,,,,,,,,,,,,,,,,,0,0,0,0
2026-09-28T22:27:41.349358+09:00,73146539,dc7de351,2026-09-28T22:27:41.349358+09:00,2026-09-28T22:27:41.431746+09:00,rail-left-01,rail-right-01,0.6.7-draft,0.6.7-draft,mqtt,mqtt,797.73,639.77,5.313,5.584,-0.031,0.024,0.006,-0.272,10.323,9.534,-0.0644,0.0329,0.042,0.0584,-0.0068,-0.0043,25.09,25.04,11895,15451,1.487,1.931,4.461,5.794,429,429,43,43,0,0,0,0,,,,,,,,,,,,,,,,,0,0,0,0
2026-09-28T22:27:41.369346+09:00,73166527,dc7de351,2026-09-28T22:27:41.369346+09:00,2026-09-28T22:27:41.451734+09:00,rail-left-01,rail-right-01,0.6.7-draft,0.6.7-draft,mqtt,mqtt,798.92,640.72,5.276,5.578,0.03,-0.026,0.244,-0.169,10.472,9.957,-0.0645,0.0322,0.0392,0.0616,-0.0096,-0.0083,25.09,25.03,11711,15426,1.464,1.928,4.392,5.785,430,430,43,43,0,0,0,0,,,,,,,,,,,,,,,,,0,0,0,0
2026-09-28T22:27:41.511756+09:00,73350442,dc7de351,2026-09-28T22:27:41.511756+09:00,2026-09-28T22:27:41.562702+09:00,rail-left-01,rail-right-01,0.6.7-draft,0.6.7-draft,mqtt,mqtt,810.01,649.52,5.268,5.583,-0.102,-0.044,0.115,-0.182,10.342,9.656,-0.0699,0.032,0.04,0.0556,-0.0109,-0.0065,25.1,25.04,11675,15446,1.459,1.931,4.378,5.792,431,431,44,44,0,0,0,0,,,,,,,,,,,,,,,,,0,0,0,0
2026-09-28T22:27:41.531808+09:00,73370494,dc7de351,2026-09-28T22:27:41.531808+09:00,2026-09-28T22:27:41.582754+09:00,rail-left-01,rail-right-01,0.6.7-draft,0.6.7-draft,mqtt,mqtt,811.2,650.51,5.286,5.583,0.023,0.032,0.115,-0.232,10.428,9.62,-0.0657,0.0317,0.0364,0.0534,-0.0101,-0.0065,25.09,25.05,11763,15447,1.47,1.931,4.411,5.793,432,432,44,44,0,0,0,0,,,,,,,,,,,,,,,,,0,0,0,0
2026-09-28T22:27:41.551872+09:00,73390558,dc7de351,2026-09-28T22:27:41.551872+09:00,2026-09-28T22:27:41.602818+09:00,rail-left-01,rail-right-01,0.6.7-draft,0.6.7-draft,mqtt,mqtt,812.45,651.46,5.293,5.574,0.043,0.026,0.099,-0.187,10.427,9.826,-0.0677,0.032,0.0353,0.0532,-0.0079,-0.0101,25.09,25.04,11798,15403,1.475,1.925,4.424,5.776,433,433,44,44,0,0,0,0,,,,,,,,,,,,,,,,,0,0,0,0
2026-09-28T22:27:41.571863+09:00,73410549,dc7de351,2026-09-28T22:27:41.571863+09:00,2026-09-28T22:27:41.622809+09:00,rail-left-01,rail-right-01,0.6.7-draft,0.6.7-draft,mqtt,mqtt,813.64,652.4,5.292,5.572,-0.081,-0.069,0.262,-0.366,10.588,9.528,-0.0702,0.034,0.0432,0.0566,-0.0097,-0.0047,25.12,25.04,11794,15393,1.474,1.924,4.423,5.772,434,434,44,44,0,0,0,0,,,,,,,,,,,,,,,,,0,0,0,0
2026-09-28T22:27:41.591926+09:00,73430612,dc7de351,2026-09-28T22:27:41.591926+09:00,2026-09-28T22:27:41.642872+09:00,rail-left-01,rail-right-01,0.6.7-draft,0.6.7-draft,mqtt,mqtt,814.83,653.4,5.305,5.577,-0.031,0.042,-0.01,-0.163,10.236,9.644,-0.063,0.0321,0.0341,0.0565,-0.0096,-0.0053,25.09,25.04,11857,15418,1.482,1.927,4.446,5.782,435,435,44,44,0,0,0,0,,,,,,,,,,,,,,,,,0,0,0,0
2026-09-28T22:27:41.611909+09:00,73450595,dc7de351,2026-09-28T22:27:41.611909+09:00,2026-09-28T22:27:41.662855+09:00,rail-left-01,rail-right-01,0.6.7-draft,0.6.7-draft,mqtt,mqtt,816.03,654.34,5.315,5.575,0.075,0.069,-0.001,-0.239,10.376,9.738,-0.0701,0.0341,0.04,0.058,-0.0081,-0.006,25.1,25.06,11907,15408,1.488,1.926,4.465,5.778,436,436,44,44,0,0,0,0,,,,,,,,,,,,,,,,,0,0,0,0
2026-09-28T22:27:41.631930+09:00,73470616,dc7de351,2026-09-28T22:27:41.631930+09:00,2026-09-28T22:27:41.682876+09:00,rail-left-01,rail-right-01,0.6.7-draft,0.6.7-draft,mqtt,mqtt,817.27,655.29,5.334,5.58,-0.03,0.007,0.055,-0.17,10.439,9.676,-0.0655,0.0314,0.0366,0.0512,-0.0077,-0.0031,25.09,25.04,11999,15436,1.5,1.93,4.5,5.789,437,437,44,44,0,0,0,0,,,,,,,,,,,,,,,,,0,0,0,0
2026-09-28T22:27:41.651934+09:00,73490620,dc7de351,2026-09-28T22:27:41.651934+09:00,2026-09-28T22:27:41.702880+09:00,rail-left-01,rail-right-01,0.6.7-draft,0.6.7-draft,mqtt,mqtt,818.46,656.23,5.348,5.583,0.129,0.17,0.152,-0.211,10.542,9.604,-0.0654,0.0345,0.0466,0.0566,-0.0124,-0.0097,25.12,25.05,12066,15446,1.508,1.931,4.525,5.792,438,438,44,44,0,0,0,0,,,,,,,,,,,,,,,,,0,0,0,0
2026-09-28T22:27:41.671791+09:00,73510477,dc7de351,2026-09-28T22:27:41.671791+09:00,2026-09-28T22:27:41.722737+09:00,rail-left-01,rail-right-01,0.6.7-draft,0.6.7-draft,mqtt,mqtt,819.66,657.23,5.346,5.595,-0.172,-0.067,0.029,-0.189,10.355,9.535,-0.065,0.0338,0.041,0.0505,-0.008,-0.0023,25.11,25.03,12057,15505,1.507,1.938,4.521,5.814,439,439,44,44,0,0,0,0,,,,,,,,,,,,,,,,,0,0,0,0
2026-09-28T22:27:41.692205+09:00,73530891,dc7de351,2026-09-28T22:27:41.692205+09:00,2026-09-28T22:27:41.743151+09:00,rail-left-01,rail-right-01,0.6.7-draft,0.6.7-draft,mqtt,mqtt,820.85,658.17,5.355,5.595,-0.005,-0.002,0.111,-0.352,10.361,9.823,-0.0642,0.0312,0.0372,0.0592,-0.0108,-0.0079,25.1,25.04,12101,15504,1.513,1.938,4.538,5.814,440,440,44,44,0,0,0,0,,,,,,,,,,,,,,,,,0,0,0,0
2026-09-28T22:27:41.834099+09:00,73642449,dc7de351,2026-09-28T22:27:41.834099+09:00,2026-09-28T22:27:41.919886+09:00,rail-left-01,rail-right-01,0.6.7-draft,0.6.7-draft,mqtt,mqtt,827.56,663.54,5.349,5.594,0.012,-0.01,0.308,-0.147,10.341,9.731,-0.0617,0.0348,0.0385,0.0588,-0.0115,-0.0087,25.11,25.04,12072,15503,1.509,1.938,4.527,5.814,441,441,45,45,0,0,0,0,,,,,,,,,,,,,,,,,0,0,0,0
2026-09-28T22:27:41.854235+09:00,73662585,dc7de351,2026-09-28T22:27:41.854235+09:00,2026-09-28T22:27:41.940022+09:00,rail-left-01,rail-right-01,0.6.7-draft,0.6.7-draft,mqtt,mqtt,828.75,664.48,5.351,5.614,0.051,0.065,0.194,-0.348,10.588,9.594,-0.0641,0.0329,0.0409,0.0557,-0.0087,-0.0031,25.09,25.04,12083,15599,1.51,1.95,4.531,5.85,442,442,45,45,0,0,0,0,,,,,,,,,,,,,,,,,0,0,0,0
2026-09-28T22:27:41.874199+09:00,73682549,dc7de351,2026-09-28T22:27:41.874199+09:00,2026-09-28T22:27:41.959986+09:00,rail-left-01,rail-right-01,0.6.7-draft,0.6.7-draft,mqtt,mqtt,829.95,665.43,5.354,5.618,0,-0.012,-0.115,-0.206,10.364,9.676,-0.064,0.036,0.0422,0.0588,-0.0075,-0.0087,25.13,25.03,12097,15616,1.512,1.952,4.536,5.856,443,443,45,45,0,0,0,0,,,,,,,,,,,,,,,,,0,0,0,0
2026-09-28T22:27:41.894149+09:00,73702499,dc7de351,2026-09-28T22:27:41.894149+09:00,2026-09-28T22:27:41.979936+09:00,rail-left-01,rail-right-01,0.6.7-draft,0.6.7-draft,mqtt,mqtt,831.14,666.42,5.345,5.623,0.05,0.063,0.104,-0.01,10.563,9.828,-0.0665,0.0358,0.0386,0.058,-0.0065,-0.0028,25.11,25.04,12052,15639,1.507,1.955,4.52,5.865,444,444,45,45,0,0,0,0,,,,,,,,,,,,,,,,,0,0,0,0
2026-09-28T22:27:41.914372+09:00,73722722,dc7de351,2026-09-28T22:27:41.914372+09:00,2026-09-28T22:27:42.000159+09:00,rail-left-01,rail-right-01,0.6.7-draft,0.6.7-draft,mqtt,mqtt,832.38,667.37,5.351,5.632,-0.026,-0.043,0.071,-0.218,10.448,9.907,-0.064,0.0326,0.038,0.0549,-0.0084,-0.0059,25.11,25.05,12080,15682,1.51,1.96,4.53,5.881,445,445,45,45,0,0,0,0,,,,,,,,,,,,,,,,,0,0,0,0
2026-09-28T22:27:41.934329+09:00,73742679,dc7de351,2026-09-28T22:27:41.934329+09:00,2026-09-28T22:27:42.020115+09:00,rail-left-01,rail-right-01,0.6.7-draft,0.6.7-draft,mqtt,mqtt,833.58,668.31,5.349,5.639,-0.01,-0.016,0.315,-0.263,10.511,9.698,-0.0626,0.0341,0.0404,0.0566,-0.0065,-0.0037,25.11,25.04,12073,15717,1.509,1.965,4.527,5.894,446,446,45,45,0,0,0,0,,,,,,,,,,,,,,,,,0,0,0,0
2026-09-28T22:27:41.954137+09:00,73762487,dc7de351,2026-09-28T22:27:41.954137+09:00,2026-09-28T22:27:42.039924+09:00,rail-left-01,rail-right-01,0.6.7-draft,0.6.7-draft,mqtt,mqtt,834.77,669.26,5.345,5.639,-0.034,0.007,-0.028,-0.188,10.572,9.78,-0.0628,0.0333,0.0421,0.058,-0.0084,-0.0071,25.08,25.04,12051,15718,1.506,1.965,4.519,5.894,447,447,45,45,0,0,0,0,,,,,,,,,,,,,,,,,0,0,0,0
2026-09-28T22:27:41.974187+09:00,73782537,dc7de351,2026-09-28T22:27:41.974187+09:00,2026-09-28T22:27:42.059974+09:00,rail-left-01,rail-right-01,0.6.7-draft,0.6.7-draft,mqtt,mqtt,835.96,670.25,5.348,5.649,0.029,0.053,0.019,-0.218,10.481,9.641,-0.0632,0.032,0.039,0.0585,-0.0072,-0.0063,25.08,25.03,12068,15767,1.509,1.971,4.526,5.913,448,448,45,45,0,0,0,0,,,,,,,,,,,,,,,,,0,0,0,0
2026-09-28T22:27:41.994144+09:00,73802493,dc7de351,2026-09-28T22:27:41.994144+09:00,2026-09-28T22:27:42.079930+09:00,rail-left-01,rail-right-01,0.6.7-draft,0.6.7-draft,mqtt,mqtt,837.16,671.2,5.342,5.646,-0.036,0.004,0.132,-0.024,10.514,9.725,-0.0648,0.0317,0.0366,0.0578,-0.0088,-0.0069,25.12,25.03,12035,15752,1.504,1.969,4.513,5.907,449,449,45,45,0,0,0,0,,,,,,,,,,,,,,,,,0,0,0,0
2026-09-28T22:27:42.014356+09:00,73822706,dc7de351,2026-09-28T22:27:42.014356+09:00,2026-09-28T22:27:42.100143+09:00,rail-left-01,rail-right-01,0.6.7-draft,0.6.7-draft,mqtt,mqtt,838.35,672.14,5.344,5.646,0.08,0.121,0.274,-0.037,10.234,9.644,-0.0624,0.0313,0.0368,0.0549,-0.0052,-0.0019,25.11,25.04,12047,15753,1.506,1.969,4.518,5.907,450,450,45,45,0,0,0,0,,,,,,,,,,,,,,,,,0,0,0,0
2026-09-28T22:27:42.154434+09:00,73999764,dc7de351,2026-09-28T22:27:42.154434+09:00,2026-09-28T22:27:42.235483+09:00,rail-left-01,rail-right-01,0.6.7-draft,0.6.7-draft,mqtt,mqtt,848.94,680.64,5.343,5.648,0.036,0.044,-0.049,-0.083,10.355,9.667,-0.0593,0.0289,0.033,0.0525,-0.0055,-0.0072,25.1,25.05,12042,15759,1.505,1.97,4.516,5.91,451,451,46,46,0,0,0,0,,,,,,,,,,,,,,,,,0,0,0,0
2026-09-28T22:27:42.174159+09:00,74019489,dc7de351,2026-09-28T22:27:42.174159+09:00,2026-09-28T22:27:42.255208+09:00,rail-left-01,rail-right-01,0.6.7-draft,0.6.7-draft,mqtt,mqtt,850.13,681.59,5.453,5.642,0.073,0.072,-0.221,-0.345,10.483,9.819,-0.0598,0.0302,0.0321,0.0504,-0.0047,-0.0021,25.12,25.02,12584,15731,1.573,1.966,4.719,5.899,452,452,46,46,0,0,0,0,,,,,,,,,,,,,,,,,0,0,0,0
2026-09-28T22:27:42.194285+09:00,74039615,dc7de351,2026-09-28T22:27:42.194285+09:00,2026-09-28T22:27:42.275334+09:00,rail-left-01,rail-right-01,0.6.7-draft,0.6.7-draft,mqtt,mqtt,851.33,682.53,5.473,5.633,-0.069,-0.019,0.211,-0.271,10.423,9.673,-0.0654,0.0244,0.0329,0.051,-0.0059,-0.0013,25.1,25.05,12680,15690,1.585,1.961,4.755,5.884,453,453,46,46,0,0,0,0,,,,,,,,,,,,,,,,,0,0,0,0
2026-09-28T22:27:42.214155+09:00,74059485,dc7de351,2026-09-28T22:27:42.214155+09:00,2026-09-28T22:27:42.295204+09:00,rail-left-01,rail-right-01,0.6.7-draft,0.6.7-draft,mqtt,mqtt,852.52,683.53,5.483,5.617,-0.008,-0.018,0.237,-0.225,10.46,9.778,-0.0637,0.0242,0.0341,0.055,-0.0091,-0.0055,25.11,25.03,12730,15612,1.591,1.952,4.774,5.855,454,454,46,46,0,0,0,0,,,,,,,,,,,,,,,,,0,0,0,0
2026-09-28T22:27:42.234448+09:00,74079778,dc7de351,2026-09-28T22:27:42.234448+09:00,2026-09-28T22:27:42.315497+09:00,rail-left-01,rail-right-01,0.6.7-draft,0.6.7-draft,mqtt,mqtt,853.76,684.47,5.488,5.585,-0.025,-0.029,-0.089,0.035,10.221,9.801,-0.0645,0.023,0.0305,0.0468,-0.0079,-0.006,25.09,25.03,12753,15457,1.594,1.932,4.782,5.796,455,455,46,46,0,0,0,0,,,,,,,,,,,,,,,,,0,0,0,0
2026-09-28T22:27:42.254467+09:00,74099797,dc7de351,2026-09-28T22:27:42.254467+09:00,2026-09-28T22:27:42.335516+09:00,rail-left-01,rail-right-01,0.6.7-draft,0.6.7-draft,mqtt,mqtt,854.96,685.42,5.494,5.563,0.283,0.279,0.107,-0.233,10.42,9.619,-0.0614,0.0296,0.0392,0.0509,-0.0087,-0.0048,25.09,25.05,12784,15352,1.598,1.919,4.794,5.757,456,456,46,46,0,0,0,0,,,,,,,,,,,,,,,,,0,0,0,0
2026-09-28T22:27:42.274226+09:00,74119556,dc7de351,2026-09-28T22:27:42.274226+09:00,2026-09-28T22:27:42.355275+09:00,rail-left-01,rail-right-01,0.6.7-draft,0.6.7-draft,mqtt,mqtt,856.15,686.36,5.494,5.558,-0.17,-0.133,0.177,-0.33,10.29,9.434,-0.0679,0.0325,0.0402,0.0537,-0.0084,-0.0075,25.1,25.04,12783,15326,1.598,1.916,4.794,5.747,457,457,46,46,0,0,0,0,,,,,,,,,,,,,,,,,0,0,0,0
2026-09-28T22:27:42.294168+09:00,74139498,dc7de351,2026-09-28T22:27:42.294168+09:00,2026-09-28T22:27:42.375217+09:00,rail-left-01,rail-right-01,0.6.7-draft,0.6.7-draft,mqtt,mqtt,857.34,687.35,5.504,5.563,0.114,0.124,-0.016,-0.323,10.408,9.406,-0.0665,0.0344,0.0398,0.0533,-0.0077,-0.0087,25.09,25.06,12832,15354,1.604,1.919,4.812,5.758,458,458,46,46,0,0,0,0,,,,,,,,,,,,,,,,,0,0,0,0
2026-09-28T22:27:42.314285+09:00,74159615,dc7de351,2026-09-28T22:27:42.314285+09:00,2026-09-28T22:27:42.395334+09:00,rail-left-01,rail-right-01,0.6.7-draft,0.6.7-draft,mqtt,mqtt,858.53,688.3,5.509,5.555,-0.165,-0.193,0.146,-0.059,10.337,9.5,-0.0614,0.0274,0.0385,0.0585,-0.0076,-0.01,25.11,25.02,12858,15313,1.607,1.914,4.822,5.742,459,459,46,46,0,0,0,0,,,,,,,,,,,,,,,,,0,0,0,0
2026-09-28T22:27:42.334377+09:00,74179707,dc7de351,2026-09-28T22:27:42.334377+09:00,2026-09-28T22:27:42.415426+09:00,rail-left-01,rail-right-01,0.6.7-draft,0.6.7-draft,mqtt,mqtt,859.73,689.29,5.51,5.548,0.186,0.22,0.144,-0.056,10.38,9.73,-0.0637,0.0322,0.0365,0.0557,-0.0043,-0.0041,25.1,25.06,12862,15279,1.608,1.91,4.823,5.73,460,460,46,46,0,0,0,0,,,,,,,,,,,,,,,,,0,0,0,0
2026-09-28T22:27:42.514563+09:00,74313543,dc7de351,2026-09-28T22:27:42.514563+09:00,2026-09-28T22:27:42.560707+09:00,rail-left-01,rail-right-01,0.6.7-draft,0.6.7-draft,mqtt,mqtt,867.78,695.71,5.509,5.547,-0.073,0.019,0.233,-0.241,10.503,9.541,-0.0659,0.0338,0.036,0.0602,-0.0047,-0.0017,25.1,25.04,12858,15275,1.607,1.909,4.822,5.728,461,461,47,47,0,0,0,0,,,,,,,,,,,,,,,,,0,0,0,0
2026-09-28T22:27:42.534712+09:00,74333692,dc7de351,2026-09-28T22:27:42.534712+09:00,2026-09-28T22:27:42.580856+09:00,rail-left-01,rail-right-01,0.6.7-draft,0.6.7-draft,mqtt,mqtt,869.03,696.65,5.488,5.531,0.023,0.001,0.077,-0.327,10.508,9.73,-0.0614,0.036,0.0412,0.0588,-0.0071,-0.0015,25.09,25.07,12754,15200,1.594,1.9,4.783,5.7,462,462,47,47,0,0,0,0,,,,,,,,,,,,,,,,,0,0,0,0
2026-09-28T22:27:42.554681+09:00,74353661,dc7de351,2026-09-28T22:27:42.554681+09:00,2026-09-28T22:27:42.600825+09:00,rail-left-01,rail-right-01,0.6.7-draft,0.6.7-draft,mqtt,mqtt,870.22,697.6,5.475,5.534,-0.037,-0.007,0.104,-0.267,10.5,9.742,-0.0642,0.0324,0.0386,0.053,-0.0015,0.0007,25.11,25.04,12688,15212,1.586,1.902,4.758,5.705,463,463,47,47,0,0,0,0,,,,,,,,,,,,,,,,,0,0,0,0
2026-09-28T22:27:42.574659+09:00,74373639,dc7de351,2026-09-28T22:27:42.574659+09:00,2026-09-28T22:27:42.620803+09:00,rail-left-01,rail-right-01,0.6.7-draft,0.6.7-draft,mqtt,mqtt,871.46,698.59,5.476,5.528,0.099,0.103,-0.111,-0.135,10.46,9.767,-0.0666,0.0314,0.0393,0.0553,-0.0073,-0.0052,25.12,25.05,12695,15182,1.587,1.898,4.761,5.693,464,464,47,47,0,0,0,0,,,,,,,,,,,,,,,,,0,0,0,0
2026-09-28T22:27:42.595088+09:00,74394067,dc7de351,2026-09-28T22:27:42.595088+09:00,2026-09-28T22:27:42.641231+09:00,rail-left-01,rail-right-01,0.6.7-draft,0.6.7-draft,mqtt,mqtt,872.7,699.54,5.462,5.514,-0.214,-0.225,0.201,-0.32,10.643,9.667,-0.0646,0.0286,0.0404,0.0493,-0.0019,-0.0016,25.1,25.04,12626,15117,1.578,1.89,4.735,5.669,465,465,47,47,0,0,0,0,,,,,,,,,,,,,,,,,0,0,0,0
2026-09-28T22:27:42.615076+09:00,74414056,dc7de351,2026-09-28T22:27:42.615076+09:00,2026-09-28T22:27:42.661220+09:00,rail-left-01,rail-right-01,0.6.7-draft,0.6.7-draft,mqtt,mqtt,873.9,700.53,5.461,5.475,0.208,0.212,-0.09,-0.213,10.417,9.713,-0.0637,0.0273,0.027,0.0453,-0.0073,-0.0085,25.09,25.06,12622,14930,1.578,1.866,4.733,5.599,466,466,47,47,0,0,0,0,,,,,,,,,,,,,,,,,0,0,0,0
2026-09-28T22:27:42.634658+09:00,74433638,dc7de351,2026-09-28T22:27:42.634658+09:00,2026-09-28T22:27:42.680802+09:00,rail-left-01,rail-right-01,0.6.7-draft,0.6.7-draft,mqtt,mqtt,875.09,701.47,5.454,5.457,0.043,0.02,0.12,-0.344,10.305,9.443,-0.0625,0.042,0.0418,0.055,-0.0055,-0.0056,25.09,25.05,12587,14842,1.573,1.855,4.72,5.566,467,467,47,47,0,0,0,0,,,,,,,,,,,,,,,,,0,0,0,0
2026-09-28T22:27:42.654589+09:00,74453569,dc7de351,2026-09-28T22:27:42.654589+09:00,2026-09-28T22:27:42.700733+09:00,rail-left-01,rail-right-01,0.6.7-draft,0.6.7-draft,mqtt,mqtt,876.28,702.42,5.427,5.446,0.001,0.012,-0.031,-0.315,10.288,9.821,-0.0667,0.0389,0.04,0.0589,-0.0079,-0.0165,25.11,25.04,12456,14787,1.557,1.848,4.671,5.545,468,468,47,47,0,0,0,0,,,,,,,,,,,,,,,,,0,0,0,0
2026-09-28T22:27:42.674738+09:00,74473718,dc7de351,2026-09-28T22:27:42.674738+09:00,2026-09-28T22:27:42.720882+09:00,rail-left-01,rail-right-01,0.6.7-draft,0.6.7-draft,mqtt,mqtt,877.48,703.36,5.423,5.446,0.042,0.072,0.034,-0.2,10.451,9.658,-0.0673,0.036,0.0396,0.0569,-0.0065,-0.0057,25.11,25.04,12437,14791,1.555,1.849,4.664,5.547,469,469,47,47,0,0,0,0,,,,,,,,,,,,,,,,,0,0,0,0
2026-09-28T22:27:42.694789+09:00,74493769,dc7de351,2026-09-28T22:27:42.694789+09:00,2026-09-28T22:27:42.740933+09:00,rail-left-01,rail-right-01,0.6.7-draft,0.6.7-draft,mqtt,mqtt,878.72,704.36,5.4,5.439,-0.006,-0.005,0.28,-0.029,10.586,9.766,-0.0618,0.0325,0.04,0.0578,-0.0089,-0.0053,25.11,25.04,12320,14754,1.54,1.844,4.62,5.533,470,470,47,47,0,0,0,0,,,,,,,,,,,,,,,,,0,0,0,0
2026-09-28T22:27:42.842660+09:00,74642463,dc7de351,2026-09-28T22:27:42.842660+09:00,2026-09-28T22:27:42.928577+09:00,rail-left-01,rail-right-01,0.6.7-draft,0.6.7-draft,mqtt,mqtt,887.77,711.52,5.399,5.438,0.059,0.111,0.053,-0.294,10.576,9.55,-0.0645,0.034,0.0397,0.0528,-0.0017,-0.0017,25.1,25.07,12316,14752,1.54,1.844,4.619,5.532,471,471,48,48,0,0,0,0,,,,,,,,,,,,,,,,,0,0,0,0
2026-09-28T22:27:42.862820+09:00,74662623,dc7de351,2026-09-28T22:27:42.862820+09:00,2026-09-28T22:27:42.948737+09:00,rail-left-01,rail-right-01,0.6.7-draft,0.6.7-draft,mqtt,mqtt,888.96,712.46,5.427,5.441,-0.071,-0.096,0.244,-0.399,10.278,9.669,-0.0711,0.0348,0.0412,0.053,0.0013,-0.006,25.12,25.06,12455,14767,1.557,1.846,4.671,5.538,472,472,48,48,0,0,0,0,,,,,,,,,,,,,,,,,0,0,0,0
2026-09-28T22:27:42.882760+09:00,74682563,dc7de351,2026-09-28T22:27:42.882760+09:00,2026-09-28T22:27:42.968677+09:00,rail-left-01,rail-right-01,0.6.7-draft,0.6.7-draft,mqtt,mqtt,890.21,713.46,5.438,5.44,0.072,0.087,-0.014,-0.083,10.54,9.681,-0.0637,0.0328,0.0406,0.055,-0.0035,-0.0077,25.11,25.06,12508,14761,1.564,1.845,4.691,5.535,473,473,48,48,0,0,0,0,,,,,,,,,,,,,,,,,0,0,0,0
2026-09-28T22:27:42.902775+09:00,74702578,dc7de351,2026-09-28T22:27:42.902775+09:00,2026-09-28T22:27:42.988692+09:00,rail-left-01,rail-right-01,0.6.7-draft,0.6.7-draft,mqtt,mqtt,891.4,714.4,5.441,5.447,-0.045,0.043,0.078,-0.127,10.439,9.756,-0.0625,0.033,0.0374,0.0541,-0.0039,-0.0023,25.08,25.08,12525,14794,1.566,1.849,4.697,5.548,474,474,48,48,0,0,0,0,,,,,,,,,,,,,,,,,0,0,0,0
2026-09-28T22:27:42.923043+09:00,74722846,dc7de351,2026-09-28T22:27:42.923043+09:00,2026-09-28T22:27:43.008960+09:00,rail-left-01,rail-right-01,0.6.7-draft,0.6.7-draft,mqtt,mqtt,892.64,715.4,5.446,5.448,0.108,0.098,0.121,-0.318,10.349,9.683,-0.0634,0.0325,0.0382,0.0554,-0.0056,-0.002,25.13,25.05,12550,14800,1.569,1.85,4.706,5.55,475,475,48,48,0,0,0,0,,,,,,,,,,,,,,,,,0,0,0,0
2026-09-28T22:27:42.943064+09:00,74742867,dc7de351,2026-09-28T22:27:42.943064+09:00,2026-09-28T22:27:43.028981+09:00,rail-left-01,rail-right-01,0.6.7-draft,0.6.7-draft,mqtt,mqtt,893.83,716.34,5.44,5.452,-0.178,-0.212,0.162,-0.423,10.472,9.663,-0.0633,0.0366,0.0461,0.0596,-0.0059,-0.0083,25.12,25.05,12516,14819,1.565,1.852,4.694,5.557,476,476,48,48,0,0,0,0,,,,,,,,,,,,,,,,,0,0,0,0
2026-09-28T22:27:42.962847+09:00,74762650,dc7de351,2026-09-28T22:27:42.962847+09:00,2026-09-28T22:27:43.048764+09:00,rail-left-01,rail-right-01,0.6.7-draft,0.6.7-draft,mqtt,mqtt,895.08,717.29,5.432,5.455,0.139,0.158,-0.097,0.041,10.432,9.71,-0.0673,0.0384,0.0396,0.0512,-0.0033,-0.0016,25.09,25.05,12481,14831,1.56,1.854,4.68,5.562,477,477,48,48,0,0,0,0,,,,,,,,,,,,,,,,,0,0,0,0
2026-09-28T22:27:42.982774+09:00,74782577,dc7de351,2026-09-28T22:27:42.982774+09:00,2026-09-28T22:27:43.068691+09:00,rail-left-01,rail-right-01,0.6.7-draft,0.6.7-draft,mqtt,mqtt,896.27,718.23,5.43,5.445,-0.069,-0.08,0.318,-0.441,10.41,9.598,-0.0622,0.0266,0.0429,0.0581,-0.0072,-0.0044,25.11,25.05,12467,14782,1.558,1.848,4.675,5.543,478,478,48,48,0,0,0,0,,,,,,,,,,,,,,,,,0,0,0,0
2026-09-28T22:27:43.002779+09:00,74802582,dc7de351,2026-09-28T22:27:43.002779+09:00,2026-09-28T22:27:43.088696+09:00,rail-left-01,rail-right-01,0.6.7-draft,0.6.7-draft,mqtt,mqtt,897.46,719.22,5.414,5.454,0.095,0.11,-0.059,-0.126,10.417,9.742,-0.0629,0.0286,0.0465,0.0606,-0.0083,-0.0088,25.11,25.05,12390,14829,1.549,1.854,4.646,5.561,479,479,48,48,0,0,0,0,,,,,,,,,,,,,,,,,0,0,0,0
2026-09-28T22:27:43.022819+09:00,74822622,dc7de351,2026-09-28T22:27:43.022819+09:00,2026-09-28T22:27:43.108736+09:00,rail-left-01,rail-right-01,0.6.7-draft,0.6.7-draft,mqtt,mqtt,898.71,720.17,5.406,5.473,0.02,0.079,0.142,-0.136,10.388,9.602,-0.0641,0.0324,0.0433,0.0581,-0.0061,-0.0013,25.1,25.05,12350,14917,1.544,1.865,4.631,5.594,480,480,48,48,0,0,0,0,,,,,,,,,,,,,,,,,0,0,0,0
2026-09-28T22:27:43.157501+09:00,75007446,dc7de351,2026-09-28T22:27:43.157501+09:00,2026-09-28T22:27:43.248150+09:00,rail-left-01,rail-right-01,0.6.7-draft,0.6.7-draft,mqtt,mqtt,909.94,729.07,5.401,5.475,-0.068,-0.007,0.221,-0.172,10.369,9.811,-0.0609,0.0338,0.0396,0.0574,-0.0081,-0.002,25.11,25.06,12328,14930,1.541,1.866,4.623,5.599,481,481,49,49,0,0,0,0,,,,,,,,,,,,,,,,,0,0,0,0
2026-09-28T22:27:43.177632+09:00,75027577,dc7de351,2026-09-28T22:27:43.177632+09:00,2026-09-28T22:27:43.268281+09:00,rail-left-01,rail-right-01,0.6.7-draft,0.6.7-draft,mqtt,mqtt,911.14,730.01,5.295,5.55,0.142,0.139,0.164,-0.193,10.392,9.656,-0.0662,0.0328,0.0445,0.0576,-0.0043,-0.0021,25.12,25.08,11808,15288,1.476,1.911,4.428,5.733,482,482,49,49,0,0,0,0,,,,,,,,,,,,,,,,,0,0,0,0
2026-09-28T22:27:43.197672+09:00,75047617,dc7de351,2026-09-28T22:27:43.197672+09:00,2026-09-28T22:27:43.288321+09:00,rail-left-01,rail-right-01,0.6.7-draft,0.6.7-draft,mqtt,mqtt,912.38,730.96,5.273,5.554,-0.041,-0.057,-0.042,-0.244,10.366,9.847,-0.0661,0.0316,0.048,0.0612,-0.0093,-0.0068,25.1,25.05,11697,15311,1.462,1.914,4.386,5.742,483,483,49,49,0,0,0,0,,,,,,,,,,,,,,,,,0,0,0,0
2026-09-28T22:27:43.217638+09:00,75067583,dc7de351,2026-09-28T22:27:43.217638+09:00,2026-09-28T22:27:43.308287+09:00,rail-left-01,rail-right-01,0.6.7-draft,0.6.7-draft,mqtt,mqtt,913.57,731.95,5.232,5.566,0.062,0.012,0.405,-0.132,11.007,9.753,-0.0592,0.0352,0.0358,0.0488,-0.0067,-0.0008,25.09,25.07,11499,15368,1.437,1.921,4.312,5.763,484,484,49,49,0,0,0,0,,,,,,,,,,,,,,,,,0,0,0,0
2026-09-28T22:27:43.237687+09:00,75087632,dc7de351,2026-09-28T22:27:43.237687+09:00,2026-09-28T22:27:43.328336+09:00,rail-left-01,rail-right-01,0.6.7-draft,0.6.7-draft,mqtt,mqtt,914.82,732.9,5.268,5.575,-0.062,0.022,0.002,-0.352,10.222,9.853,-0.0552,0.0326,0.0381,0.0538,-0.0151,-0.0116,25.11,25.05,11674,15409,1.459,1.926,4.378,5.778,485,485,49,49,0,0,0,0,,,,,,,,,,,,,,,,,0,0,0,0
2026-09-28T22:27:43.257923+09:00,75107868,dc7de351,2026-09-28T22:27:43.257923+09:00,2026-09-28T22:27:43.348572+09:00,rail-left-01,rail-right-01,0.6.7-draft,0.6.7-draft,mqtt,mqtt,916.06,733.89,5.286,5.586,0.181,0.062,-0.08,-0.308,10.449,9.45,-0.0613,0.0337,0.0438,0.0597,-0.0081,-0.0077,25.13,25.06,11762,15462,1.47,1.933,4.411,5.798,486,486,49,49,0,0,0,0,,,,,,,,,,,,,,,,,0,0,0,0
2026-09-28T22:27:43.277518+09:00,75127463,dc7de351,2026-09-28T22:27:43.277518+09:00,2026-09-28T22:27:43.368167+09:00,rail-left-01,rail-right-01,0.6.7-draft,0.6.7-draft,mqtt,mqtt,917.25,734.84,5.288,5.593,-0.25,-0.186,0.117,-0.156,10.587,9.576,-0.0606,0.0353,0.042,0.0552,-0.0112,-0.0008,25.09,25.06,11771,15497,1.471,1.937,4.414,5.811,487,487,49,49,0,0,0,0,,,,,,,,,,,,,,,,,0,0,0,0
2026-09-28T22:27:43.297642+09:00,75147587,dc7de351,2026-09-28T22:27:43.297642+09:00,2026-09-28T22:27:43.388291+09:00,rail-left-01,rail-right-01,0.6.7-draft,0.6.7-draft,mqtt,mqtt,918.45,735.78,5.272,5.597,0.124,0.083,0.314,-0.075,10.214,9.843,-0.0638,0.0286,0.0466,0.0584,-0.0135,-0.0101,25.1,25.05,11694,15514,1.462,1.939,4.385,5.818,488,488,49,49,0,0,0,0,,,,,,,,,,,,,,,,,0,0,0,0
2026-09-28T22:27:43.317579+09:00,75167524,dc7de351,2026-09-28T22:27:43.317579+09:00,2026-09-28T22:27:43.408228+09:00,rail-left-01,rail-right-01,0.6.7-draft,0.6.7-draft,mqtt,mqtt,919.69,736.73,5.281,5.608,-0.055,0.017,0.226,-0.164,10.426,9.43,-0.0669,0.0313,0.0452,0.052,-0.0049,-0.0033,25.1,25.04,11736,15569,1.467,1.946,4.401,5.838,489,489,49,49,0,0,0,0,,,,,,,,,,,,,,,,,0,0,0,0
2026-09-28T22:27:43.337703+09:00,75187648,dc7de351,2026-09-28T22:27:43.337703+09:00,2026-09-28T22:27:43.428352+09:00,rail-left-01,rail-right-01,0.6.7-draft,0.6.7-draft,mqtt,mqtt,920.88,737.72,5.286,5.623,0.018,0.071,0.035,-0.45,10.499,9.446,-0.0662,0.0304,0.0476,0.055,-0.0059,0,25.09,25.04,11761,15639,1.47,1.955,4.41,5.865,490,490,49,49,0,0,0,0,,,,,,,,,,,,,,,,,0,0,0,0
2026-09-28T22:27:43.480246+09:00,75327440,dc7de351,2026-09-28T22:27:43.480246+09:00,2026-09-28T22:27:43.524830+09:00,rail-left-01,rail-right-01,0.6.7-draft,0.6.7-draft,mqtt,mqtt,929.38,744.38,5.285,5.625,-0.059,0.045,0.231,-0.195,10.523,9.607,-0.064,0.031,0.0405,0.0502,-0.0099,-0.0085,25.11,25.04,11757,15651,1.47,1.956,4.409,5.869,491,491,50,50,0,0,0,0,,,,,,,,,,,,,,,,,0,0,0,0
2026-09-28T22:27:43.500396+09:00,75347590,dc7de351,2026-09-28T22:27:43.500396+09:00,2026-09-28T22:27:43.544980+09:00,rail-left-01,rail-right-01,0.6.7-draft,0.6.7-draft,mqtt,mqtt,930.63,745.38,5.219,5.636,-0.037,-0.073,-0.032,-0.345,10.525,9.531,-0.0666,0.0286,0.042,0.0572,-0.0108,-0.0112,25.11,25.05,11434,15702,1.429,1.963,4.288,5.888,492,492,50,50,0,0,0,0,,,,,,,,,,,,,,,,,0,0,0,0
2026-09-28T22:27:43.520338+09:00,75367532,dc7de351,2026-09-28T22:27:43.520338+09:00,2026-09-28T22:27:43.564922+09:00,rail-left-01,rail-right-01,0.6.7-draft,0.6.7-draft,mqtt,mqtt,931.82,746.32,5.227,5.643,0.045,0.092,0.053,-0.166,10.323,9.653,-0.0616,0.0282,0.0368,0.057,-0.0103,-0.01,25.11,25.04,11475,15736,1.434,1.967,4.303,5.901,493,493,50,50,0,0,0,0,,,,,,,,,,,,,,,,,0,0,0,0
2026-09-28T22:27:43.540407+09:00,75387602,dc7de351,2026-09-28T22:27:43.540407+09:00,2026-09-28T22:27:43.584992+09:00,rail-left-01,rail-right-01,0.6.7-draft,0.6.7-draft,mqtt,mqtt,933.01,747.27,5.223,5.645,-0.075,-0.075,0.268,-0.115,10.49,9.789,-0.0534,0.0309,0.0296,0.053,-0.0117,-0.0139,25.1,25.06,11453,15745,1.432,1.968,4.295,5.904,494,494,50,50,0,0,0,0,,,,,,,,,,,,,,,,,0,0,0,0
2026-09-28T22:27:43.560662+09:00,75407856,dc7de351,2026-09-28T22:27:43.560662+09:00,2026-09-28T22:27:43.605246+09:00,rail-left-01,rail-right-01,0.6.7-draft,0.6.7-draft,mqtt,mqtt,934.26,748.26,5.271,5.659,0.157,0.177,0.073,-0.254,10.215,9.544,-0.0558,0.0306,0.0333,0.0542,-0.0041,-0.0065,25.11,25.03,11691,15812,1.461,1.977,4.384,5.93,495,495,50,50,0,0,0,0,,,,,,,,,,,,,,,,,0,0,0,0
2026-09-28T22:27:43.580736+09:00,75427930,dc7de351,2026-09-28T22:27:43.580736+09:00,2026-09-28T22:27:43.625320+09:00,rail-left-01,rail-right-01,0.6.7-draft,0.6.7-draft,mqtt,mqtt,935.5,749.2,5.287,5.652,-0.098,-0.114,0.042,-0.245,10.556,9.594,-0.0592,0.0292,0.0324,0.0542,-0.0075,-0.0111,25.1,25.06,11769,15781,1.471,1.973,4.413,5.918,496,496,50,50,0,0,0,0,,,,,,,,,,,,,,,,,0,0,0,0
2026-09-28T22:27:43.600344+09:00,75447538,dc7de351,2026-09-28T22:27:43.600344+09:00,2026-09-28T22:27:43.644928+09:00,rail-left-01,rail-right-01,0.6.7-draft,0.6.7-draft,mqtt,mqtt,936.69,750.15,5.29,5.642,-0.017,-0.053,0.238,-0.071,10.354,9.755,-0.062,0.0262,0.0389,0.052,-0.0123,-0.0017,25.11,25.04,11782,15732,1.473,1.967,4.418,5.899,497,497,50,50,0,0,0,0,,,,,,,,,,,,,,,,,0,0,0,0
2026-09-28T22:27:43.620315+09:00,75467510,dc7de351,2026-09-28T22:27:43.620315+09:00,2026-09-28T22:27:43.664900+09:00,rail-left-01,rail-right-01,0.6.7-draft,0.6.7-draft,mqtt,mqtt,937.89,751.09,5.285,5.624,-0.017,0.011,0.156,-0.109,10.242,9.655,-0.0558,0.0192,0.0384,0.0545,-0.0168,-0.0131,25.11,25.05,11756,15647,1.47,1.956,4.409,5.868,498,498,50,50,0,0,0,0,,,,,,,,,,,,,,,,,0,0,0,0
2026-09-28T22:27:43.640291+09:00,75487486,dc7de351,2026-09-28T22:27:43.640291+09:00,2026-09-28T22:27:43.684876+09:00,rail-left-01,rail-right-01,0.6.7-draft,0.6.7-draft,mqtt,mqtt,939.13,752.09,5.271,5.597,-0.054,0.012,0.057,-0.141,11.175,9.723,-0.0677,0.0236,0.0238,0.0397,-0.0072,-0.0077,25.08,25.05,11691,15517,1.461,1.94,4.384,5.819,499,499,50,50,0,0,0,0,,,,,,,,,,,,,,,,,0,0,0,0
2026-09-28T22:27:43.660604+09:00,75507799,dc7de351,2026-09-28T22:27:43.660604+09:00,2026-09-28T22:27:43.705189+09:00,rail-left-01,rail-right-01,0.6.7-draft,0.6.7-draft,mqtt,mqtt,940.37,753.03,5.324,5.579,0.06,0.128,0.266,-0.516,10.272,9.72,-0.0693,0.033,0.0332,0.0504,-0.006,-0.0107,25.12,25.05,11949,15431,1.494,1.929,4.481,5.787,500,500,50,50,0,0,0,0,,,,,,,,,,,,,,,,,0,0,0,0
2026-09-28T22:27:43.796661+09:00,75603580,dc7de351,2026-09-28T22:27:43.796661+09:00,2026-09-28T22:27:43.832945+09:00,rail-left-01,rail-right-01,0.6.7-draft,0.6.7-draft,mqtt,mqtt,946.19,757.66,5.337,5.581,-0.018,-0.036,0.061,-0.271,10.525,9.674,-0.0588,0.0278,0.0385,0.0545,-0.0087,-0.0044,25.1,25.05,12012,15437,1.502,1.93,4.505,5.789,501,501,51,51,0,0,0,0,,,,,,,,,,,,,,,,,0,0,0,0
2026-09-28T22:27:43.816855+09:00,75623774,dc7de351,2026-09-28T22:27:43.816855+09:00,2026-09-28T22:27:43.853139+09:00,rail-left-01,rail-right-01,0.6.7-draft,0.6.7-draft,mqtt,mqtt,947.38,758.6,5.299,5.587,0.056,0.08,0.156,-0.303,10.477,9.596,-0.0602,0.0324,0.0426,0.0554,-0.0136,-0.0071,25.11,25.06,11827,15468,1.478,1.934,4.435,5.8,502,502,51,51,0,0,0,0,,,,,,,,,,,,,,,,,0,0,0,0
2026-09-28T22:27:43.836818+09:00,75643738,dc7de351,2026-09-28T22:27:43.836818+09:00,2026-09-28T22:27:43.873103+09:00,rail-left-01,rail-right-01,0.6.7-draft,0.6.7-draft,mqtt,mqtt,948.62,759.55,5.288,5.592,-0.001,-0.049,0.072,-0.184,10.354,9.649,-0.0642,0.0318,0.0418,0.0564,-0.0112,-0.0064,25.11,25.07,11773,15491,1.472,1.936,4.415,5.809,503,503,51,51,0,0,0,0,,,,,,,,,,,,,,,,,0,0,0,0
2026-09-28T22:27:43.856766+09:00,75663686,dc7de351,2026-09-28T22:27:43.856766+09:00,2026-09-28T22:27:43.893051+09:00,rail-left-01,rail-right-01,0.6.7-draft,0.6.7-draft,mqtt,mqtt,949.82,760.49,5.29,5.59,0.048,0.04,0.047,0.068,10.454,9.813,-0.0683,0.0312,0.0374,0.0529,-0.0101,-0.0072,25.12,25.05,11781,15481,1.473,1.935,4.418,5.805,504,504,51,51,0,0,0,0,,,,,,,,,,,,,,,,,0,0,0,0
2026-09-28T22:27:43.876807+09:00,75683727,dc7de351,2026-09-28T22:27:43.876807+09:00,2026-09-28T22:27:43.913092+09:00,rail-left-01,rail-right-01,0.6.7-draft,0.6.7-draft,mqtt,mqtt,951.01,761.48,5.294,5.595,0.044,0.001,0.075,-0.425,10.505,9.58,-0.0655,0.0309,0.0425,0.0549,-0.0112,-0.0091,25.11,25.04,11802,15506,1.475,1.938,4.426,5.815,505,505,51,51,0,0,0,0,,,,,,,,,,,,,,,,,0,0,0,0
2026-09-28T22:27:43.896785+09:00,75703705,dc7de351,2026-09-28T22:27:43.896785+09:00,2026-09-28T22:27:43.933070+09:00,rail-left-01,rail-right-01,0.6.7-draft,0.6.7-draft,mqtt,mqtt,952.25,762.43,5.29,5.592,-0.083,0.005,0.047,-0.085,10.427,9.638,-0.0658,0.0296,0.04,0.0538,-0.0131,-0.0075,25.1,25.04,11784,15494,1.473,1.937,4.419,5.81,506,506,51,51,0,0,0,0,,,,,,,,,,,,,,,,,0,0,0,0
2026-09-28T22:27:43.916748+09:00,75723667,dc7de351,2026-09-28T22:27:43.916748+09:00,2026-09-28T22:27:43.953032+09:00,rail-left-01,rail-right-01,0.6.7-draft,0.6.7-draft,mqtt,mqtt,953.45,763.37,5.283,5.592,0.09,0.067,0.066,-0.138,10.493,9.731,-0.0669,0.0328,0.0417,0.0608,-0.0109,-0.008,25.11,25.06,11747,15491,1.468,1.936,4.405,5.809,507,507,51,51,0,0,0,0,,,,,,,,,,,,,,,,,0,0,0,0
2026-09-28T22:27:43.936718+09:00,75743637,dc7de351,2026-09-28T22:27:43.936718+09:00,2026-09-28T22:27:43.973002+09:00,rail-left-01,rail-right-01,0.6.7-draft,0.6.7-draft,mqtt,mqtt,954.69,764.37,5.277,5.6,-0.038,-0.026,-0.083,-0.114,10.412,9.828,-0.0641,0.032,0.0429,0.0597,-0.0117,-0.006,25.13,25.05,11720,15529,1.465,1.941,4.395,5.823,508,508,51,51,0,0,0,0,,,,,,,,,,,,,,,,,0,0,0,0
2026-09-28T22:27:43.956801+09:00,75763720,dc7de351,2026-09-28T22:27:43.956801+09:00,2026-09-28T22:27:43.993085+09:00,rail-left-01,rail-right-01,0.6.7-draft,0.6.7-draft,mqtt,mqtt,955.88,765.31,5.263,5.595,0.107,0.115,0.138,-0.147,10.5,9.918,-0.0753,0.0302,0.0322,0.0517,-0.0071,-0.0055,25.09,25.07,11648,15505,1.456,1.938,4.368,5.814,509,509,51,51,0,0,0,0,,,,,,,,,,,,,,,,,0,0,0,0
2026-09-28T22:27:43.976891+09:00,75783810,dc7de351,2026-09-28T22:27:43.976891+09:00,2026-09-28T22:27:44.013175+09:00,rail-left-01,rail-right-01,0.6.7-draft,0.6.7-draft,mqtt,mqtt,957.13,766.26,5.292,5.592,-0.037,-0.008,0.289,-0.405,10.368,9.693,-0.0723,0.0324,0.0309,0.0481,-0.0079,-0.0064,25.14,25.06,11791,15490,1.474,1.936,4.422,5.809,510,510,51,51,0,0,0,0,,,,,,,,,,,,,,,,,0,0,0,0
2026-09-28T22:27:44.063400+09:00,75912452,dc7de351,2026-09-28T22:27:44.063400+09:00,2026-09-28T22:27:44.149324+09:00,rail-left-01,rail-right-01,0.6.7-draft,0.6.7-draft,mqtt,mqtt,964.93,772.42,5.31,5.591,-0.166,-0.159,0.068,-0.207,10.466,9.737,-0.0677,0.0305,0.0381,0.0544,-0.0089,-0.0067,25.11,25.07,11878,15488,1.485,1.936,4.454,5.808,511,511,52,52,0,0,0,0,,,,,,,,,,,,,,,,,0,0,0,0
2026-09-28T22:27:44.083537+09:00,75932589,dc7de351,2026-09-28T22:27:44.083537+09:00,2026-09-28T22:27:44.169462+09:00,rail-left-01,rail-right-01,0.6.7-draft,0.6.7-draft,mqtt,mqtt,966.18,773.42,5.307,5.577,0.168,0.157,0.237,-0.244,10.615,9.647,-0.0671,0.0329,0.0401,0.0556,-0.0147,-0.0081,25.09,25.04,11867,15418,1.483,1.927,4.45,5.782,512,512,52,52,0,0,0,0,,,,,,,,,,,,,,,,,0,0,0,0
2026-09-28T22:27:44.103491+09:00,75952543,dc7de351,2026-09-28T22:27:44.103491+09:00,2026-09-28T22:27:44.189415+09:00,rail-left-01,rail-right-01,0.6.7-draft,0.6.7-draft,mqtt,mqtt,967.37,774.36,5.297,5.57,-0.06,-0.077,-0.005,-0.308,10.282,9.59,-0.0674,0.0374,0.0345,0.0522,-0.008,-0.0044,25.09,25.05,11816,15388,1.477,1.924,4.431,5.771,513,513,52,52,0,0,0,0,,,,,,,,,,,,,,,,,0,0,0,0
2026-09-28T22:27:44.123445+09:00,75972497,dc7de351,2026-09-28T22:27:44.123445+09:00,2026-09-28T22:27:44.209369+09:00,rail-left-01,rail-right-01,0.6.7-draft,0.6.7-draft,mqtt,mqtt,968.56,775.36,5.295,5.548,-0.017,-0.014,0.195,-0.235,10.364,9.74,-0.0657,0.0346,0.0338,0.0525,-0.0097,-0.0055,25.1,25.07,11808,15281,1.476,1.91,4.428,5.73,514,514,52,52,0,0,0,0,,,,,,,,,,,,,,,,,0,0,0,0
2026-09-28T22:27:44.143483+09:00,75992535,dc7de351,2026-09-28T22:27:44.143483+09:00,2026-09-28T22:27:44.229408+09:00,rail-left-01,rail-right-01,0.6.7-draft,0.6.7-draft,mqtt,mqtt,969.8,776.3,5.293,5.524,0.061,0.127,0.061,-0.032,10.475,9.849,-0.0683,0.0313,0.0356,0.0568,-0.0097,-0.0085,25.1,25.05,11795,15164,1.474,1.896,4.423,5.687,515,515,52,52,0,0,0,0,,,,,,,,,,,,,,,,,0,0,0,0
2026-09-28T22:27:44.164040+09:00,76013092,dc7de351,2026-09-28T22:27:44.164040+09:00,2026-09-28T22:27:44.249965+09:00,rail-left-01,rail-right-01,0.6.7-draft,0.6.7-draft,mqtt,mqtt,971.05,777.3,5.285,5.529,0.006,-0.022,0.375,-0.098,10.635,9.874,-0.0657,0.0317,0.0386,0.054,-0.0087,-0.0035,25.12,25.04,11756,15187,1.47,1.898,4.409,5.695,516,516,52,52,0,0,0,0,,,,,,,,,,,,,,,,,0,0,0,0
2026-09-28T22:27:44.183546+09:00,76032598,dc7de351,2026-09-28T22:27:44.183546+09:00,2026-09-28T22:27:44.269470+09:00,rail-left-01,rail-right-01,0.6.7-draft,0.6.7-draft,mqtt,mqtt,972.24,778.24,5.29,5.532,0.001,0.029,-0.063,-0.312,10.391,9.764,-0.0686,0.0342,0.0357,0.0556,-0.0071,-0.0043,25.13,25.05,11781,15202,1.473,1.9,4.418,5.701,517,517,52,52,0,0,0,0,,,,,,,,,,,,,,,,,0,0,0,0
2026-09-28T22:27:44.203446+09:00,76052497,dc7de351,2026-09-28T22:27:44.203446+09:00,2026-09-28T22:27:44.289370+09:00,rail-left-01,rail-right-01,0.6.7-draft,0.6.7-draft,mqtt,mqtt,973.43,779.18,5.291,5.53,0.014,0.029,0.136,-0.06,10.555,9.895,-0.0624,0.0344,0.0393,0.0582,-0.0072,-0.006,25.09,25.04,11785,15191,1.473,1.899,4.419,5.697,518,518,52,52,0,0,0,0,,,,,,,,,,,,,,,,,0,0,0,0
2026-09-28T22:27:44.223431+09:00,76072483,dc7de351,2026-09-28T22:27:44.223431+09:00,2026-09-28T22:27:44.309356+09:00,rail-left-01,rail-right-01,0.6.7-draft,0.6.7-draft,mqtt,mqtt,974.63,780.13,5.3,5.536,0.053,0.062,0.077,-0.22,10.39,9.867,-0.0646,0.0329,0.0356,0.0573,-0.0064,-0.0035,25.11,25.05,11832,15223,1.479,1.903,4.437,5.709,519,519,52,52,0,0,0,0,,,,,,,,,,,,,,,,,0,0,0,0
2026-09-28T22:27:44.243683+09:00,76092735,dc7de351,2026-09-28T22:27:44.243683+09:00,2026-09-28T22:27:44.329607+09:00,rail-left-01,rail-right-01,0.6.7-draft,0.6.7-draft,mqtt,mqtt,975.87,781.12,5.303,5.546,0.08,0.006,0.013,-0.408,10.495,9.706,-0.0658,0.035,0.0408,0.0585,-0.0116,-0.0093,25.09,25.05,11845,15271,1.481,1.909,4.442,5.727,520,520,52,52,0,0,0,0,,,,,,,,,,,,,,,,,0,0,0,0
2026-09-28T22:27:44.424891+09:00,76235404,dc7de351,2026-09-28T22:27:44.424891+09:00,2026-09-28T22:27:44.509946+09:00,rail-left-01,rail-right-01,0.6.7-draft,0.6.7-draft,mqtt,mqtt,984.57,787.98,5.297,5.547,0.011,0.031,-0.165,-0.214,10.444,9.689,-0.0624,0.036,0.0402,0.0576,-0.0087,-0.006,25.1,25.07,11814,15273,1.477,1.909,4.43,5.727,521,521,53,53,0,0,0,0,,,,,,,,,,,,,,,,,0,0,0,0
2026-09-28T22:27:44.445187+09:00,76255700,dc7de351,2026-09-28T22:27:44.445187+09:00,2026-09-28T22:27:44.530242+09:00,rail-left-01,rail-right-01,0.6.7-draft,0.6.7-draft,mqtt,mqtt,985.76,788.98,5.266,5.56,0.031,0.108,0.169,0.011,10.38,10.008,-0.062,0.0353,0.0374,0.0561,-0.0103,-0.0076,25.12,25.05,11666,15337,1.458,1.917,4.375,5.751,522,522,53,53,0,0,0,0,,,,,,,,,,,,,,,,,0,0,0,0
2026-09-28T22:27:44.465036+09:00,76275549,dc7de351,2026-09-28T22:27:44.465036+09:00,2026-09-28T22:27:44.550091+09:00,rail-left-01,rail-right-01,0.6.7-draft,0.6.7-draft,mqtt,mqtt,987.01,789.92,5.264,5.575,0.011,-0.007,0.215,-0.31,10.549,9.884,-0.0697,0.0337,0.04,0.0548,-0.0101,-0.0075,25.11,25.07,11653,15411,1.457,1.926,4.37,5.779,523,523,53,53,0,0,0,0,,,,,,,,,,,,,,,,,0,0,0,0
2026-09-28T22:27:44.485013+09:00,76295526,dc7de351,2026-09-28T22:27:44.485013+09:00,2026-09-28T22:27:44.570068+09:00,rail-left-01,rail-right-01,0.6.7-draft,0.6.7-draft,mqtt,mqtt,988.2,790.87,5.264,5.57,-0.152,-0.075,0.138,-0.186,10.851,9.882,-0.0642,0.0302,0.0376,0.052,-0.0077,-0.0075,25.1,25.04,11653,15385,1.457,1.923,4.37,5.769,524,524,53,53,0,0,0,0,,,,,,,,,,,,,,,,,0,0,0,0
2026-09-28T22:27:44.505255+09:00,76315768,dc7de351,2026-09-28T22:27:44.505255+09:00,2026-09-28T22:27:44.590310+09:00,rail-left-01,rail-right-01,0.6.7-draft,0.6.7-draft,mqtt,mqtt,989.44,791.86,5.26,5.576,0.074,0.061,0.086,-0.272,10.659,9.741,-0.0646,0.0368,0.0356,0.0572,-0.0084,-0.0069,25.09,25.06,11637,15414,1.455,1.927,4.364,5.78,525,525,53,53,0,0,0,0,,,,,,,,,,,,,,,,,0,0,0,0
2026-09-28T22:27:44.525423+09:00,76335936,dc7de351,2026-09-28T22:27:44.525423+09:00,2026-09-28T22:27:44.610478+09:00,rail-left-01,rail-right-01,0.6.7-draft,0.6.7-draft,mqtt,mqtt,990.64,792.81,5.26,5.58,0.013,-0.019,-0.15,-0.195,10.184,9.928,-0.0683,0.0353,0.0373,0.0596,-0.0064,-0.0072,25.1,25.04,11636,15434,1.455,1.929,4.364,5.788,526,526,53,53,0,0,0,0,,,,,,,,,,,,,,,,,0,0,0,0
2026-09-28T22:27:44.545040+09:00,76355553,dc7de351,2026-09-28T22:27:44.545040+09:00,2026-09-28T22:27:44.630095+09:00,rail-left-01,rail-right-01,0.6.7-draft,0.6.7-draft,mqtt,mqtt,991.83,793.75,5.251,5.577,0.102,0.04,0.175,-0.147,10.392,9.798,-0.0682,0.0305,0.0381,0.0569,-0.0051,-0.0083,25.14,25.06,11589,15419,1.449,1.927,4.346,5.782,527,527,53,53,0,0,0,0,,,,,,,,,,,,,,,,,0,0,0,0
2026-09-28T22:27:44.565053+09:00,76375566,dc7de351,2026-09-28T22:27:44.565053+09:00,2026-09-28T22:27:44.650108+09:00,rail-left-01,rail-right-01,0.6.7-draft,0.6.7-draft,mqtt,mqtt,993.07,794.75,5.257,5.581,-0.045,-0.048,0.202,-0.381,10.785,9.594,-0.0702,0.0353,0.0393,0.0546,-0.0073,-0.006,25.12,25.04,11618,15440,1.452,1.93,4.357,5.79,528,528,53,53,0,0,0,0,,,,,,,,,,,,,,,,,0,0,0,0
2026-09-28T22:27:44.585071+09:00,76395584,dc7de351,2026-09-28T22:27:44.585071+09:00,2026-09-28T22:27:44.670126+09:00,rail-left-01,rail-right-01,0.6.7-draft,0.6.7-draft,mqtt,mqtt,994.27,795.69,5.274,5.584,0.005,0.018,-0.061,-0.174,10.274,9.646,-0.0636,0.0352,0.0356,0.057,-0.0085,-0.0065,25.11,25.06,11703,15455,1.463,1.932,4.389,5.796,529,529,53,53,0,0,0,0,,,,,,,,,,,,,,,,,0,0,0,0
2026-09-28T22:27:44.605130+09:00,76415643,dc7de351,2026-09-28T22:27:44.605130+09:00,2026-09-28T22:27:44.690185+09:00,rail-left-01,rail-right-01,0.6.7-draft,0.6.7-draft,mqtt,mqtt,995.51,796.64,5.267,5.591,0.044,0.078,0.113,-0.128,10.423,9.687,-0.063,0.0361,0.0393,0.058,-0.0064,-0.0023,25.11,25.04,11671,15486,1.459,1.936,4.377,5.807,530,530,53,53,0,0,0,0,,,,,,,,,,,,,,,,,0,0,0,0
2026-09-28T22:27:44.781242+09:00,76590431,dc7de351,2026-09-28T22:27:44.781242+09:00,2026-09-28T22:27:44.863959+09:00,rail-left-01,rail-right-01,0.6.7-draft,0.6.7-draft,mqtt,mqtt,1006.05,805.04,5.268,5.597,0.053,0.057,0.093,-0.105,10.438,9.675,-0.0679,0.0337,0.0402,0.0588,-0.0033,-0.0011,25.11,25.07,11672,15514,1.459,1.939,4.377,5.818,531,531,54,54,0,0,0,0,,,,,,,,,,,,,,,,,0,0,0,0
2026-09-28T22:27:44.801357+09:00,76610546,dc7de351,2026-09-28T22:27:44.801357+09:00,2026-09-28T22:27:44.884074+09:00,rail-left-01,rail-right-01,0.6.7-draft,0.6.7-draft,mqtt,mqtt,1007.24,806.03,5.953,5.988,-0.002,0.022,0.067,-0.345,10.451,9.698,-0.069,0.0341,0.0377,0.0584,-0.0047,-0.0017,25.11,25.05,15034,17397,1.879,2.175,5.638,6.524,532,532,54,54,0,0,0,0,,,,,,,,,,,,,,,,,0,0,0,0
2026-09-28T22:27:44.821285+09:00,76630474,dc7de351,2026-09-28T22:27:44.821285+09:00,2026-09-28T22:27:44.904002+09:00,rail-left-01,rail-right-01,0.6.7-draft,0.6.7-draft,mqtt,mqtt,1008.44,806.98,6.352,6.316,0.049,0.011,0.08,-0.12,10.408,9.728,-0.064,0.0333,0.0349,0.0578,-0.0041,-0.0011,25.09,25.05,16143,18158,2.018,2.27,6.054,6.809,533,533,54,54,0,0,0,0,,,,,,,,,,,,,,,,,0,0,0,0
2026-09-28T22:27:44.841352+09:00,76650541,dc7de351,2026-09-28T22:27:44.841352+09:00,2026-09-28T22:27:44.924069+09:00,rail-left-01,rail-right-01,0.6.7-draft,0.6.7-draft,mqtt,mqtt,1009.63,807.97,6.779,6.676,-0.087,-0.089,0.107,-0.049,10.54,9.554,-0.0661,0.0317,0.0386,0.0548,-0.0028,-0.0049,25.09,25.05,17205,18956,2.151,2.37,6.452,7.109,534,534,54,54,0,0,0,0,,,,,,,,,,,,,,,,,0,0,0,0
2026-09-28T22:27:44.861591+09:00,76670780,dc7de351,2026-09-28T22:27:44.861591+09:00,2026-09-28T22:27:44.944307+09:00,rail-left-01,rail-right-01,0.6.7-draft,0.6.7-draft,mqtt,mqtt,1010.87,808.92,7.131,7.02,0.042,0.132,0.108,-0.294,10.665,9.748,-0.0653,0.0361,0.0369,0.0525,-0.0056,-0.0044,25.1,25.04,18081,19719,2.26,2.465,6.78,7.395,535,535,54,54,0,0,0,0,,,,,,,,,,,,,,,,,0,0,0,0
2026-09-28T22:27:44.881556+09:00,76690745,dc7de351,2026-09-28T22:27:44.881556+09:00,2026-09-28T22:27:44.964273+09:00,rail-left-01,rail-right-01,0.6.7-draft,0.6.7-draft,mqtt,mqtt,1012.07,809.91,7.401,7.336,-0.14,-0.174,0.087,-0.33,10.417,9.401,-0.0662,0.0328,0.0385,0.0574,-0.0069,-0.0036,25.1,25.04,18753,20420,2.344,2.553,7.032,7.658,536,536,54,54,0,0,0,0,,,,,,,,,,,,,,,,,0,0,0,0
2026-09-28T22:27:44.901315+09:00,76710504,dc7de351,2026-09-28T22:27:44.901315+09:00,2026-09-28T22:27:44.984032+09:00,rail-left-01,rail-right-01,0.6.7-draft,0.6.7-draft,mqtt,mqtt,1013.26,810.86,7.504,7.509,-0.032,-0.037,0.079,0.023,10.532,9.706,-0.0597,0.0309,0.0348,0.0548,-0.0084,-0.0047,25.11,25.06,19010,20803,2.376,2.6,7.129,7.801,537,537,54,54,0,0,0,0,,,,,,,,,,,,,,,,,0,0,0,0
2026-09-28T22:27:44.921253+09:00,76730442,dc7de351,2026-09-28T22:27:44.921253+09:00,2026-09-28T22:27:45.003970+09:00,rail-left-01,rail-right-01,0.6.7-draft,0.6.7-draft,mqtt,mqtt,1014.45,811.8,7.576,7.706,0.093,0.084,0.2,-0.084,10.29,9.471,-0.0588,0.0276,0.0328,0.0498,-0.0037,-0.006,25.1,25.04,19190,21242,2.399,2.655,7.196,7.966,538,538,54,54,0,0,0,0,,,,,,,,,,,,,,,,,0,0,0,0
2026-09-28T22:27:44.941455+09:00,76750644,dc7de351,2026-09-28T22:27:44.941455+09:00,2026-09-28T22:27:45.024172+09:00,rail-left-01,rail-right-01,0.6.7-draft,0.6.7-draft,mqtt,mqtt,1015.64,812.79,7.586,7.799,-0.001,0.032,0.068,-0.299,10.398,9.529,-0.0573,0.0304,0.0318,0.0506,-0.0047,-0.0005,25.12,25.08,19215,21447,2.402,2.681,7.206,8.043,539,539,54,54,0,0,0,0,,,,,,,,,,,,,,,,,0,0,0,0
2026-09-28T22:27:44.961556+09:00,76770745,dc7de351,2026-09-28T22:27:44.961556+09:00,2026-09-28T22:27:45.044273+09:00,rail-left-01,rail-right-01,0.6.7-draft,0.6.7-draft,mqtt,mqtt,1016.84,813.74,7.542,7.809,0.048,0.019,-0.071,-0.316,10.321,9.691,-0.0586,0.0364,0.0344,0.0508,-0.0065,-0.0049,25.09,25.07,19106,21470,2.388,2.684,7.165,8.051,540,540,54,54,0,0,0,0,,,,,,,,,,,,,,,,,0,0,0,0
2026-09-28T22:27:45.137012+09:00,76942475,dc7de351,2026-09-28T22:27:45.137012+09:00,2026-09-28T22:27:45.224218+09:00,rail-left-01,rail-right-01,0.6.7-draft,0.6.7-draft,mqtt,mqtt,1027.18,822.04,7.504,7.789,0.091,0.109,0.109,-0.132,10.362,9.629,-0.0661,0.0321,0.0401,0.0582,-0.0071,-0.0108,25.09,25.03,19011,21425,2.376,2.678,7.129,8.034,541,541,55,55,0,0,0,0,,,,,,,,,,,,,,,,,0,0,0,0
2026-09-28T22:27:45.157069+09:00,76962532,dc7de351,2026-09-28T22:27:45.157069+09:00,2026-09-28T22:27:45.244275+09:00,rail-left-01,rail-right-01,0.6.7-draft,0.6.7-draft,mqtt,mqtt,1028.42,823.04,7.301,7.143,0.008,0.03,0.017,-0.122,10.223,9.613,-0.0648,0.0342,0.0382,0.0545,-0.0077,-0.0028,25.12,25.06,18506,19992,2.313,2.499,6.94,7.497,542,542,55,55,0,0,0,0,,,,,,,,,,,,,,,,,0,0,0,0
2026-09-28T22:27:45.177009+09:00,76982472,dc7de351,2026-09-28T22:27:45.177009+09:00,2026-09-28T22:27:45.264215+09:00,rail-left-01,rail-right-01,0.6.7-draft,0.6.7-draft,mqtt,mqtt,1029.62,823.98,7.313,7.131,0.037,-0.047,0.16,-0.364,10.506,9.51,-0.0686,0.0274,0.0398,0.0577,-0.0115,-0.0044,25.1,25.07,18535,19965,2.317,2.496,6.951,7.487,543,543,55,55,0,0,0,0,,,,,,,,,,,,,,,,,0,0,0,0
2026-09-28T22:27:45.197702+09:00,77003165,dc7de351,2026-09-28T22:27:45.197702+09:00,2026-09-28T22:27:45.284908+09:00,rail-left-01,rail-right-01,0.6.7-draft,0.6.7-draft,mqtt,mqtt,1030.81,824.98,7.334,7.126,-0.081,-0.043,0,-0.266,10.488,9.592,-0.0699,0.0282,0.0366,0.0545,-0.012,-0.0099,25.09,25.05,18587,19955,2.323,2.494,6.97,7.483,544,544,55,55,0,0,0,0,,,,,,,,,,,,,,,,,0,0,0,0
2026-09-28T22:27:45.217088+09:00,77022550,dc7de351,2026-09-28T22:27:45.217088+09:00,2026-09-28T22:27:45.304293+09:00,rail-left-01,rail-right-01,0.6.7-draft,0.6.7-draft,mqtt,mqtt,1032,825.92,7.348,7.129,0.068,0.17,0.026,-0.154,10.509,9.445,-0.0654,0.0309,0.0344,0.0509,-0.0069,-0.0036,25.11,25.05,18623,19960,2.328,2.495,6.984,7.485,545,545,55,55,0,0,0,0,,,,,,,,,,,,,,,,,0,0,0,0
2026-09-28T22:27:45.237167+09:00,77042630,dc7de351,2026-09-28T22:27:45.237167+09:00,2026-09-28T22:27:45.324373+09:00,rail-left-01,rail-right-01,0.6.7-draft,0.6.7-draft,mqtt,mqtt,1033.2,826.86,7.357,7.116,-0.035,-0.035,0.261,-0.232,10.318,9.876,-0.065,0.0349,0.0376,0.0596,-0.0075,-0.0057,25.11,25.07,18644,19932,2.331,2.492,6.992,7.475,546,546,55,55,0,0,0,0,,,,,,,,,,,,,,,,,0,0,0,0
2026-09-28T22:27:45.257108+09:00,77062571,dc7de351,2026-09-28T22:27:45.257108+09:00,2026-09-28T22:27:45.344314+09:00,rail-left-01,rail-right-01,0.6.7-draft,0.6.7-draft,mqtt,mqtt,1034.44,827.86,7.348,7.124,-0.05,-0.081,0.093,-0.243,10.526,9.774,-0.0677,0.0313,0.0417,0.0671,-0.0112,-0.0069,25.1,25.06,18623,19949,2.328,2.494,6.984,7.481,547,547,55,55,0,0,0,0,,,,,,,,,,,,,,,,,0,0,0,0
2026-09-28T22:27:45.277067+09:00,77082530,dc7de351,2026-09-28T22:27:45.277067+09:00,2026-09-28T22:27:45.364273+09:00,rail-left-01,rail-right-01,0.6.7-draft,0.6.7-draft,mqtt,mqtt,1035.63,828.8,7.335,7.133,-0.038,0.053,0.243,-0.022,10.604,9.888,-0.0646,0.0338,0.0378,0.0545,-0.0015,0.0019,25.12,25.06,18591,19970,2.324,2.496,6.972,7.489,548,548,55,55,0,0,0,0,,,,,,,,,,,,,,,,,0,0,0,0
2026-09-28T22:27:45.297019+09:00,77102482,dc7de351,2026-09-28T22:27:45.297019+09:00,2026-09-28T22:27:45.384225+09:00,rail-left-01,rail-right-01,0.6.7-draft,0.6.7-draft,mqtt,mqtt,1036.82,829.75,7.338,7.145,0.15,0.132,0.061,-0.408,10.332,9.645,-0.0674,0.0305,0.0393,0.0562,-0.0037,-0.0011,25.12,25.07,18597,19996,2.325,2.5,6.974,7.498,549,549,55,55,0,0,0,0,,,,,,,,,,,,,,,,,0,0,0,0
2026-09-28T22:27:45.317050+09:00,77122513,dc7de351,2026-09-28T22:27:45.317050+09:00,2026-09-28T22:27:45.404256+09:00,rail-left-01,rail-right-01,0.6.7-draft,0.6.7-draft,mqtt,mqtt,1038.02,830.74,7.333,7.153,-0.048,-0.084,-0.06,-0.415,10.531,9.698,-0.0653,0.0316,0.0465,0.059,-0.0071,-0.0067,25.09,25.06,18586,20014,2.323,2.502,6.97,7.505,550,550,55,55,0,0,0,0,,,,,,,,,,,,,,,,,0,0,0,0
2026-09-28T22:27:45.453739+09:00,77303439,dc7de351,2026-09-28T22:27:45.453739+09:00,2026-09-28T22:27:45.489649+09:00,rail-left-01,rail-right-01,0.6.7-draft,0.6.7-draft,mqtt,mqtt,1048.96,839.44,7.327,7.158,0.077,0.031,0.115,-0.138,10.441,9.928,-0.0642,0.0348,0.041,0.0596,-0.0069,-0.0065,25.1,25.06,18569,20026,2.321,2.503,6.963,7.51,551,551,56,56,0,0,0,0,,,,,,,,,,,,,,,,,0,0,0,0
2026-09-28T22:27:45.473899+09:00,77323600,dc7de351,2026-09-28T22:27:45.473899+09:00,2026-09-28T22:27:45.509810+09:00,rail-left-01,rail-right-01,0.6.7-draft,0.6.7-draft,mqtt,mqtt,1050.15,840.44,7.235,7.168,-0.045,-0.045,-0.011,-0.277,10.356,9.77,-0.0621,0.033,0.0441,0.0585,-0.0012,-0.0019,25.09,25.05,18341,20047,2.293,2.506,6.878,7.518,552,552,56,56,0,0,0,0,,,,,,,,,,,,,,,,,0,0,0,0
2026-09-28T22:27:45.493857+09:00,77343558,dc7de351,2026-09-28T22:27:45.493857+09:00,2026-09-28T22:27:45.529768+09:00,rail-left-01,rail-right-01,0.6.7-draft,0.6.7-draft,mqtt,mqtt,1051.39,841.43,7.21,7.171,-0.031,0.029,0.3,-0.271,10.8,9.908,-0.0646,0.0317,0.039,0.0541,-0.0056,-0.0068,25.09,25.04,18278,20055,2.285,2.507,6.854,7.521,553,553,56,56,0,0,0,0,,,,,,,,,,,,,,,,,0,0,0,0
2026-09-28T22:27:45.513882+09:00,77363583,dc7de351,2026-09-28T22:27:45.513882+09:00,2026-09-28T22:27:45.549794+09:00,rail-left-01,rail-right-01,0.6.7-draft,0.6.7-draft,mqtt,mqtt,1052.59,842.38,7.204,7.168,0.139,0.059,0.005,-0.019,10.447,9.85,-0.0658,0.0329,0.0413,0.055,-0.0059,-0.0081,25.12,25.03,18265,20047,2.283,2.506,6.849,7.518,554,554,56,56,0,0,0,0,,,,,,,,,,,,,,,,,0,0,0,0
2026-09-28T22:27:45.534260+09:00,77383961,dc7de351,2026-09-28T22:27:45.534260+09:00,2026-09-28T22:27:45.570171+09:00,rail-left-01,rail-right-01,0.6.7-draft,0.6.7-draft,mqtt,mqtt,1053.83,843.37,7.194,7.164,-0.037,0.032,0.271,-0.315,10.333,9.64,-0.0701,0.0352,0.0429,0.0513,-0.0004,-0.0041,25.08,25.06,18240,20039,2.28,2.505,6.84,7.515,555,555,56,56,0,0,0,0,,,,,,,,,,,,,,,,,0,0,0,0
2026-09-28T22:27:45.554266+09:00,77403967,dc7de351,2026-09-28T22:27:45.554266+09:00,2026-09-28T22:27:45.590178+09:00,rail-left-01,rail-right-01,0.6.7-draft,0.6.7-draft,mqtt,mqtt,1055.07,844.32,7.192,7.165,0.11,0.056,-0.047,-0.153,10.465,9.723,-0.0633,0.0362,0.0412,0.0553,-0.0033,-0.0097,25.09,25.07,18235,20041,2.279,2.505,6.838,7.515,556,556,56,56,0,0,0,0,,,,,,,,,,,,,,,,,0,0,0,0
2026-09-28T22:27:45.573862+09:00,77423563,dc7de351,2026-09-28T22:27:45.573862+09:00,2026-09-28T22:27:45.609773+09:00,rail-left-01,rail-right-01,0.6.7-draft,0.6.7-draft,mqtt,mqtt,1056.26,845.26,7.194,7.164,-0.036,-0.026,0.091,-0.35,10.275,9.697,-0.0649,0.0325,0.0372,0.0529,-0.0065,-0.0067,25.09,25.09,18240,20039,2.28,2.505,6.84,7.515,557,557,56,56,0,0,0,0,,,,,,,,,,,,,,,,,0,0,0,0
2026-09-28T22:27:45.593825+09:00,77443526,dc7de351,2026-09-28T22:27:45.593825+09:00,2026-09-28T22:27:45.629736+09:00,rail-left-01,rail-right-01,0.6.7-draft,0.6.7-draft,mqtt,mqtt,1057.46,846.25,7.2,7.166,0.115,0.044,0.06,-0.342,10.399,9.664,-0.0621,0.031,0.0421,0.0576,-0.0071,-0.0072,25.1,25.07,18253,20044,2.282,2.506,6.845,7.517,558,558,56,56,0,0,0,0,,,,,,,,,,,,,,,,,0,0,0,0
2026-09-28T22:27:45.613863+09:00,77463564,dc7de351,2026-09-28T22:27:45.613863+09:00,2026-09-28T22:27:45.649775+09:00,rail-left-01,rail-right-01,0.6.7-draft,0.6.7-draft,mqtt,mqtt,1058.7,847.2,7.191,7.161,-0.101,-0.056,0.345,-0.071,10.561,9.662,-0.0662,0.0377,0.0406,0.0522,-0.0027,-0.0007,25.1,25.06,18231,20032,2.279,2.504,6.837,7.512,559,559,56,56,0,0,0,0,,,,,,,,,,,,,,,,,0,0,0,0
2026-09-28T22:27:45.633957+09:00,77483658,dc7de351,2026-09-28T22:27:45.633957+09:00,2026-09-28T22:27:45.669869+09:00,rail-left-01,rail-right-01,0.6.7-draft,0.6.7-draft,mqtt,mqtt,1059.89,848.14,7.178,7.157,0.097,0.163,-0.026,-0.291,10.356,9.79,-0.0612,0.0382,0.0426,0.0568,-0.0053,-0.0089,25.1,25.07,18199,20024,2.275,2.503,6.825,7.509,560,560,56,56,0,0,0,0,,,,,,,,,,,,,,,,,0,0,0,0
2026-09-28T22:27:45.731494+09:00,77569460,dc7de351,2026-09-28T22:27:45.731494+09:00,2026-09-28T22:27:45.773123+09:00,rail-left-01,rail-right-01,0.6.7-draft,0.6.7-draft,mqtt,mqtt,1065.11,852.32,7.161,7.154,0.002,0.077,0.077,-0.053,10.606,9.711,-0.0602,0.0312,0.0432,0.0564,-0.0129,-0.0077,25.1,25.06,18157,20017,2.27,2.502,6.809,7.506,561,561,57,57,0,0,0,0,,,,,,,,,,,,,,,,,0,0,0,0
2026-09-28T22:27:45.751618+09:00,77589584,dc7de351,2026-09-28T22:27:45.751618+09:00,2026-09-28T22:27:45.793247+09:00,rail-left-01,rail-right-01,0.6.7-draft,0.6.7-draft,mqtt,mqtt,1066.36,853.26,7.128,7.13,-0.007,-0.041,0.215,-0.181,10.464,9.694,-0.0669,0.0309,0.0408,0.0617,-0.0113,-0.0085,25.1,25.05,18075,19962,2.259,2.495,6.778,7.486,562,562,57,57,0,0,0,0,,,,,,,,,,,,,,,,,0,0,0,0
2026-09-28T22:27:45.771545+09:00,77609511,dc7de351,2026-09-28T22:27:45.771545+09:00,2026-09-28T22:27:45.813174+09:00,rail-left-01,rail-right-01,0.6.7-draft,0.6.7-draft,mqtt,mqtt,1067.55,854.26,7.124,7.135,0.019,0.061,0.087,-0.109,10.441,9.493,-0.0685,0.0378,0.0389,0.0558,-0.0075,0.0008,25.11,25.06,18065,19974,2.258,2.497,6.774,7.49,563,563,57,57,0,0,0,0,,,,,,,,,,,,,,,,,0,0,0,0
2026-09-28T22:27:45.791650+09:00,77629615,dc7de351,2026-09-28T22:27:45.791650+09:00,2026-09-28T22:27:45.833278+09:00,rail-left-01,rail-right-01,0.6.7-draft,0.6.7-draft,mqtt,mqtt,1068.79,855.2,7.125,7.135,-0.101,-0.083,-0.019,-0.148,10.329,9.811,-0.0626,0.0337,0.0393,0.0574,-0.0135,-0.0076,25.09,25.03,18067,19975,2.258,2.497,6.775,7.491,564,564,57,57,0,0,0,0,,,,,,,,,,,,,,,,,0,0,0,0
2026-09-28T22:27:45.811533+09:00,77649499,dc7de351,2026-09-28T22:27:45.811533+09:00,2026-09-28T22:27:45.853162+09:00,rail-left-01,rail-right-01,0.6.7-draft,0.6.7-draft,mqtt,mqtt,1069.99,856.15,7.117,7.147,0.054,0.11,0.124,-0.261,10.3,9.71,-0.0622,0.0292,0.0416,0.0594,-0.0124,-0.0104,25.11,25.06,18048,20001,2.256,2.5,6.768,7.5,565,565,57,57,0,0,0,0,,,,,,,,,,,,,,,,,0,0,0,0
2026-09-28T22:27:45.831734+09:00,77669700,dc7de351,2026-09-28T22:27:45.831734+09:00,2026-09-28T22:27:45.873363+09:00,rail-left-01,rail-right-01,0.6.7-draft,0.6.7-draft,mqtt,mqtt,1071.23,857.14,7.095,7.15,-0.034,-0.071,0.239,-0.281,10.47,9.538,-0.0628,0.0334,0.0457,0.0641,-0.0139,-0.0124,25.09,25.05,17993,20007,2.249,2.501,6.747,7.503,566,566,57,57,0,0,0,0,,,,,,,,,,,,,,,,,0,0,0,0
2026-09-28T22:27:45.851505+09:00,77689471,dc7de351,2026-09-28T22:27:45.851505+09:00,2026-09-28T22:27:45.893134+09:00,rail-left-01,rail-right-01,0.6.7-draft,0.6.7-draft,mqtt,mqtt,1072.42,858.09,7.081,7.157,-0.023,0.034,0.128,-0.214,10.586,9.459,-0.0653,0.034,0.04,0.0572,-0.0103,-0.0033,25.11,25.08,17958,20023,2.245,2.503,6.734,7.509,567,567,57,57,0,0,0,0,,,,,,,,,,,,,,,,,0,0,0,0
2026-09-28T22:27:45.871636+09:00,77709602,dc7de351,2026-09-28T22:27:45.871636+09:00,2026-09-28T22:27:45.913265+09:00,rail-left-01,rail-right-01,0.6.7-draft,0.6.7-draft,mqtt,mqtt,1073.67,859.08,7.074,7.166,-0.147,-0.066,0.139,-0.205,10.418,9.746,-0.0638,0.0358,0.0394,0.0584,-0.012,-0.0071,25.1,25.07,17939,20043,2.242,2.505,6.727,7.516,568,568,57,57,0,0,0,0,,,,,,,,,,,,,,,,,0,0,0,0
2026-09-28T22:27:45.891575+09:00,77729540,dc7de351,2026-09-28T22:27:45.891575+09:00,2026-09-28T22:27:45.933203+09:00,rail-left-01,rail-right-01,0.6.7-draft,0.6.7-draft,mqtt,mqtt,1074.86,860.03,7.07,7.175,0.068,0.057,0.104,-0.14,10.308,9.77,-0.0678,0.0321,0.0368,0.0538,-0.0059,-0.0043,25.12,25.07,17930,20062,2.241,2.508,6.724,7.523,569,569,57,57,0,0,0,0,,,,,,,,,,,,,,,,,0,0,0,0
2026-09-28T22:27:45.911819+09:00,77749784,dc7de351,2026-09-28T22:27:45.911819+09:00,2026-09-28T22:27:45.953447+09:00,rail-left-01,rail-right-01,0.6.7-draft,0.6.7-draft,mqtt,mqtt,1076.1,861.02,7.07,7.172,-0.016,-0.128,0.253,-0.265,10.538,9.846,-0.0682,0.0289,0.04,0.0566,-0.0119,-0.0072,25.11,25.05,17931,20056,2.241,2.507,6.724,7.521,570,570,57,57,0,0,0,0,,,,,,,,,,,,,,,,,0,0,0,0
2026-09-28T22:27:46.003619+09:00,77852456,dc7de351,2026-09-28T22:27:46.003619+09:00,2026-09-28T22:27:46.081655+09:00,rail-left-01,rail-right-01,0.6.7-draft,0.6.7-draft,mqtt,mqtt,1082.32,865.94,7.061,7.171,-0.079,-0.055,0.308,-0.444,10.487,9.438,-0.0589,0.0324,0.0384,0.0667,-0.0161,-0.0273,25.1,25.09,17909,20053,2.239,2.507,6.716,7.52,571,571,58,58,0,0,0,0,,,,,,,,,,,,,,,,,0,0,0,0
2026-09-28T22:27:46.023804+09:00,77872642,dc7de351,2026-09-28T22:27:46.023804+09:00,2026-09-28T22:27:46.101840+09:00,rail-left-01,rail-right-01,0.6.7-draft,0.6.7-draft,mqtt,mqtt,1083.51,866.94,7.061,7.195,0.154,0.181,0.265,-0.376,10.593,9.475,-0.0628,0.0321,0.0469,0.0609,-0.0093,-0.0144,25.14,25.07,17908,20108,2.239,2.514,6.716,7.541,572,572,58,58,0,0,0,0,,,,,,,,,,,,,,,,,0,0,0,0
2026-09-28T22:27:46.043769+09:00,77892607,dc7de351,2026-09-28T22:27:46.043769+09:00,2026-09-28T22:27:46.121805+09:00,rail-left-01,rail-right-01,0.6.7-draft,0.6.7-draft,mqtt,mqtt,1084.75,867.88,7.045,7.218,-0.242,-0.178,0.026,0.153,10.277,9.561,-0.0638,0.0336,0.0456,0.0562,-0.0059,-0.0047,25.12,25.07,17868,20159,2.234,2.52,6.701,7.56,573,573,58,58,0,0,0,0,,,,,,,,,,,,,,,,,0,0,0,0
2026-09-28T22:27:46.063722+09:00,77912560,dc7de351,2026-09-28T22:27:46.063722+09:00,2026-09-28T22:27:46.141758+09:00,rail-left-01,rail-right-01,0.6.7-draft,0.6.7-draft,mqtt,mqtt,1085.95,868.88,7.017,7.229,0.168,0.279,0.215,-0.305,10.593,9.826,-0.0601,0.0342,0.0454,0.0601,-0.0087,-0.0051,25.12,25.07,17798,20183,2.225,2.523,6.674,7.569,574,574,58,58,0,0,0,0,,,,,,,,,,,,,,,,,0,0,0,0
2026-09-28T22:27:46.083758+09:00,77932596,dc7de351,2026-09-28T22:27:46.083758+09:00,2026-09-28T22:27:46.161794+09:00,rail-left-01,rail-right-01,0.6.7-draft,0.6.7-draft,mqtt,mqtt,1087.14,869.82,7.007,7.235,-0.056,-0.056,0.061,-0.457,9.894,9.761,-0.0786,0.0304,0.0349,0.0561,-0.0009,-0.0064,25.09,25.07,17774,20197,2.222,2.525,6.665,7.574,575,575,58,58,0,0,0,0,,,,,,,,,,,,,,,,,0,0,0,0
2026-09-28T22:27:46.103744+09:00,77952581,dc7de351,2026-09-28T22:27:46.103744+09:00,2026-09-28T22:27:46.181780+09:00,rail-left-01,rail-right-01,0.6.7-draft,0.6.7-draft,mqtt,mqtt,1088.33,870.82,7.023,7.238,0.26,0.184,0.256,-0.181,10.418,9.577,-0.0707,0.0317,0.04,0.0585,-0.0069,-0.0079,25.09,25.05,17814,20203,2.227,2.525,6.68,7.576,576,576,58,58,0,0,0,0,,,,,,,,,,,,,,,,,0,0,0,0
2026-09-28T22:27:46.123699+09:00,77972537,dc7de351,2026-09-28T22:27:46.123699+09:00,2026-09-28T22:27:46.201735+09:00,rail-left-01,rail-right-01,0.6.7-draft,0.6.7-draft,mqtt,mqtt,1089.58,871.76,7.027,7.248,-0.04,-0.049,0.198,-0.156,10.333,9.56,-0.0655,0.0348,0.0417,0.0577,-0.0105,-0.0028,25.12,25.05,17824,20224,2.228,2.528,6.684,7.584,577,577,58,58,0,0,0,0,,,,,,,,,,,,,,,,,0,0,0,0
2026-09-28T22:27:46.143672+09:00,77992510,dc7de351,2026-09-28T22:27:46.143672+09:00,2026-09-28T22:27:46.221709+09:00,rail-left-01,rail-right-01,0.6.7-draft,0.6.7-draft,mqtt,mqtt,1090.77,872.7,7.026,7.257,0.091,0.15,0.122,-0.065,10.101,9.607,-0.0601,0.0326,0.0404,0.058,-0.0127,-0.0032,25.09,25.06,17820,20245,2.228,2.531,6.683,7.592,578,578,58,58,0,0,0,0,,,,,,,,,,,,,,,,,0,0,0,0
2026-09-28T22:27:46.163648+09:00,78012485,dc7de351,2026-09-28T22:27:46.163648+09:00,2026-09-28T22:27:46.241683+09:00,rail-left-01,rail-right-01,0.6.7-draft,0.6.7-draft,mqtt,mqtt,1091.96,873.7,7.024,7.264,-0.067,-0.113,0.136,-0.182,10.411,9.762,-0.061,0.0294,0.045,0.0622,-0.0123,-0.0077,25.12,25.04,17815,20260,2.227,2.533,6.681,7.597,579,579,58,58,0,0,0,0,,,,,,,,,,,,,,,,,0,0,0,0
2026-09-28T22:27:46.183888+09:00,78032726,dc7de351,2026-09-28T22:27:46.183888+09:00,2026-09-28T22:27:46.261924+09:00,rail-left-01,rail-right-01,0.6.7-draft,0.6.7-draft,mqtt,mqtt,1093.21,874.64,6.999,7.276,0.065,0.007,0.299,-0.18,10.532,9.689,-0.0584,0.0324,0.0412,0.0569,-0.0129,-0.0043,25.09,25.06,17754,20288,2.219,2.536,6.658,7.608,580,580,58,58,0,0,0,0,,,,,,,,,,,,,,,,,0,0,0,0
2026-09-28T22:27:46.359771+09:00,78161438,dc7de351,2026-09-28T22:27:46.359771+09:00,2026-09-28T22:27:46.400757+09:00,rail-left-01,rail-right-01,0.6.7-draft,0.6.7-draft,mqtt,mqtt,1100.96,880.86,6.987,7.277,0.007,-0.014,-0.036,-0.22,10.344,9.655,-0.0601,0.0318,0.0356,0.0505,-0.0111,-0.0049,25.11,25.02,17723,20289,2.215,2.536,6.646,7.608,581,581,59,59,0,0,0,0,,,,,,,,,,,,,,,,,0,0,0,0
2026-09-28T22:27:46.379825+09:00,78181492,dc7de351,2026-09-28T22:27:46.379825+09:00,2026-09-28T22:27:46.420811+09:00,rail-left-01,rail-right-01,0.6.7-draft,0.6.7-draft,mqtt,mqtt,1102.2,881.85,7.111,7.281,0.024,0.079,0.093,-0.145,10.357,9.518,-0.06,0.0262,0.0404,0.0557,-0.0121,-0.0081,25.09,25.07,18033,20298,2.254,2.537,6.762,7.612,582,582,59,59,0,0,0,0,,,,,,,,,,,,,,,,,0,0,0,0
2026-09-28T22:27:46.399815+09:00,78201482,dc7de351,2026-09-28T22:27:46.399815+09:00,2026-09-28T22:27:46.440801+09:00,rail-left-01,rail-right-01,0.6.7-draft,0.6.7-draft,mqtt,mqtt,1103.4,882.8,7.113,7.271,-0.004,0.113,0.147,-0.298,10.582,9.615,-0.0709,0.0293,0.0278,0.0444,-0.0071,-0.0016,25.12,25.06,18038,20275,2.255,2.534,6.764,7.603,583,583,59,59,0,0,0,0,,,,,,,,,,,,,,,,,0,0,0,0
2026-09-28T22:27:46.419961+09:00,78221628,dc7de351,2026-09-28T22:27:46.419961+09:00,2026-09-28T22:27:46.460947+09:00,rail-left-01,rail-right-01,0.6.7-draft,0.6.7-draft,mqtt,mqtt,1104.64,883.79,7.164,7.253,-0.092,-0.072,0.182,-0.257,10.303,9.516,-0.0693,0.0249,0.0261,0.0469,-0.0073,-0.0068,25.08,25.03,18165,20237,2.271,2.53,6.812,7.589,584,584,59,59,0,0,0,0,,,,,,,,,,,,,,,,,0,0,0,0
2026-09-28T22:27:46.439846+09:00,78241513,dc7de351,2026-09-28T22:27:46.439846+09:00,2026-09-28T22:27:46.480832+09:00,rail-left-01,rail-right-01,0.6.7-draft,0.6.7-draft,mqtt,mqtt,1105.83,884.74,7.216,7.229,-0.038,0.023,-0.211,-0.048,10.248,9.708,-0.0652,0.0242,0.0257,0.0477,-0.0088,-0.0137,25.13,25.07,18293,20182,2.287,2.523,6.86,7.568,585,585,59,59,0,0,0,0,,,,,,,,,,,,,,,,,0,0,0,0
2026-09-28T22:27:46.460072+09:00,78261740,dc7de351,2026-09-28T22:27:46.460072+09:00,2026-09-28T22:27:46.501059+09:00,rail-left-01,rail-right-01,0.6.7-draft,0.6.7-draft,mqtt,mqtt,1107.03,885.73,7.221,7.204,0.124,0.135,0.271,-0.227,10.44,9.829,-0.0646,0.0308,0.0345,0.0586,-0.0129,-0.0135,25.11,25.06,18305,20127,2.288,2.516,6.864,7.548,586,586,59,59,0,0,0,0,,,,,,,,,,,,,,,,,0,0,0,0
2026-09-28T22:27:46.479836+09:00,78281504,dc7de351,2026-09-28T22:27:46.479836+09:00,2026-09-28T22:27:46.520823+09:00,rail-left-01,rail-right-01,0.6.7-draft,0.6.7-draft,mqtt,mqtt,1108.22,886.68,7.211,7.202,0.145,0.101,0.267,-0.279,10.49,9.656,-0.0649,0.0332,0.0358,0.0538,-0.0099,-0.0052,25.11,25.03,18282,20122,2.285,2.515,6.856,7.546,587,587,59,59,0,0,0,0,,,,,,,,,,,,,,,,,0,0,0,0
2026-09-28T22:27:46.499824+09:00,78301491,dc7de351,2026-09-28T22:27:46.499824+09:00,2026-09-28T22:27:46.540810+09:00,rail-left-01,rail-right-01,0.6.7-draft,0.6.7-draft,mqtt,mqtt,1109.46,887.62,7.223,7.186,0.041,0.005,-0.043,-0.032,10.309,9.944,-0.0694,0.0357,0.0369,0.0514,-0.0073,-0.0032,25.1,25.04,18311,20087,2.289,2.511,6.867,7.533,588,588,59,59,0,0,0,0,,,,,,,,,,,,,,,,,0,0,0,0
2026-09-28T22:27:46.519821+09:00,78321488,dc7de351,2026-09-28T22:27:46.519821+09:00,2026-09-28T22:27:46.560807+09:00,rail-left-01,rail-right-01,0.6.7-draft,0.6.7-draft,mqtt,mqtt,1110.66,888.61,7.229,7.184,-0.035,0.037,0.122,-0.266,10.788,9.734,-0.067,0.0309,0.0394,0.0542,-0.0089,-0.0059,25.14,25.04,18325,20084,2.291,2.511,6.872,7.532,589,589,59,59,0,0,0,0,,,,,,,,,,,,,,,,,0,0,0,0
2026-09-28T22:27:46.539869+09:00,78341537,dc7de351,2026-09-28T22:27:46.539869+09:00,2026-09-28T22:27:46.580856+09:00,rail-left-01,rail-right-01,0.6.7-draft,0.6.7-draft,mqtt,mqtt,1111.85,889.56,7.264,7.183,-0.165,-0.198,0.165,-0.041,10.513,9.833,-0.0641,0.0297,0.0358,0.0537,-0.0107,-0.0069,25.13,25.07,18412,20081,2.302,2.51,6.905,7.53,590,590,59,59,0,0,0,0,,,,,,,,,,,,,,,,,0,0,0,0
2026-09-28T22:27:46.630940+09:00,78480499,dc7de351,2026-09-28T22:27:46.630940+09:00,2026-09-28T22:27:46.668508+09:00,rail-left-01,rail-right-01,0.6.7-draft,0.6.7-draft,mqtt,mqtt,1120.25,896.27,7.273,7.186,0.121,0.089,0.176,-0.107,10.452,9.608,-0.0702,0.035,0.0426,0.0622,-0.0095,-0.0085,25.1,25.07,18436,20088,2.305,2.511,6.914,7.533,591,591,60,60,0,0,0,0,,,,,,,,,,,,,,,,,0,0,0,0
2026-09-28T22:27:46.651030+09:00,78500589,dc7de351,2026-09-28T22:27:46.651030+09:00,2026-09-28T22:27:46.688598+09:00,rail-left-01,rail-right-01,0.6.7-draft,0.6.7-draft,mqtt,mqtt,1121.49,897.22,7.269,7.21,-0.004,-0.013,0.287,-0.123,10.754,9.687,-0.0659,0.0308,0.0429,0.0545,-0.014,-0.0124,25.11,25.06,18426,20140,2.303,2.518,6.91,7.553,592,592,60,60,0,0,0,0,,,,,,,,,,,,,,,,,0,0,0,0
2026-09-28T22:27:46.670966+09:00,78520524,dc7de351,2026-09-28T22:27:46.670966+09:00,2026-09-28T22:27:46.708533+09:00,rail-left-01,rail-right-01,0.6.7-draft,0.6.7-draft,mqtt,mqtt,1122.69,898.21,7.264,7.211,-0.008,-0.031,0.184,-0.177,10.414,9.646,-0.0649,0.0265,0.0418,0.0573,-0.0095,-0.0092,25.12,25.07,18413,20143,2.302,2.518,6.905,7.554,593,593,60,60,0,0,0,0,,,,,,,,,,,,,,,,,0,0,0,0
2026-09-28T22:27:46.691129+09:00,78540688,dc7de351,2026-09-28T22:27:46.691129+09:00,2026-09-28T22:27:46.728697+09:00,rail-left-01,rail-right-01,0.6.7-draft,0.6.7-draft,mqtt,mqtt,1123.93,899.15,7.251,7.215,0.026,0.103,0.212,-0.262,10.628,9.498,-0.069,0.0302,0.0408,0.0596,-0.0089,-0.0099,25.12,25.06,18381,20151,2.298,2.519,6.893,7.557,594,594,60,60,0,0,0,0,,,,,,,,,,,,,,,,,0,0,0,0
2026-09-28T22:27:46.711578+09:00,78561137,dc7de351,2026-09-28T22:27:46.711578+09:00,2026-09-28T22:27:46.749146+09:00,rail-left-01,rail-right-01,0.6.7-draft,0.6.7-draft,mqtt,mqtt,1125.17,900.15,7.244,7.219,0.014,0.031,0.059,-0.054,10.33,9.576,-0.0675,0.0336,0.0396,0.057,-0.0071,-0.0068,25.12,25.05,18364,20160,2.296,2.52,6.887,7.56,595,595,60,60,0,0,0,0,,,,,,,,,,,,,,,,,0,0,0,0
2026-09-28T22:27:46.731607+09:00,78581166,dc7de351,2026-09-28T22:27:46.731607+09:00,2026-09-28T22:27:46.769175+09:00,rail-left-01,rail-right-01,0.6.7-draft,0.6.7-draft,mqtt,mqtt,1126.37,901.09,7.222,7.216,0.057,0.129,0.051,-0.172,10.495,9.989,-0.0699,0.031,0.0416,0.0601,-0.0108,-0.0097,25.12,25.05,18309,20153,2.289,2.519,6.866,7.557,596,596,60,60,0,0,0,0,,,,,,,,,,,,,,,,,0,0,0,0
2026-09-28T22:27:46.750948+09:00,78600507,dc7de351,2026-09-28T22:27:46.750948+09:00,2026-09-28T22:27:46.788516+09:00,rail-left-01,rail-right-01,0.6.7-draft,0.6.7-draft,mqtt,mqtt,1127.51,902.04,7.213,7.223,0.023,-0.016,0.044,-0.117,10.282,9.814,-0.0678,0.0284,0.0408,0.058,-0.0072,-0.01,25.11,25.06,18285,20169,2.286,2.521,6.857,7.563,597,597,60,60,0,0,0,0,,,,,,,,,,,,,,,,,0,0,0,0
2026-09-28T22:27:46.771072+09:00,78620631,dc7de351,2026-09-28T22:27:46.771072+09:00,2026-09-28T22:27:46.808640+09:00,rail-left-01,rail-right-01,0.6.7-draft,0.6.7-draft,mqtt,mqtt,1128.75,902.98,7.208,7.227,0.071,0.128,0.231,-0.277,10.416,9.697,-0.0673,0.0286,0.0424,0.0578,-0.0075,-0.0051,25.09,25.05,18273,20178,2.284,2.522,6.852,7.567,598,598,60,60,0,0,0,0,,,,,,,,,,,,,,,,,0,0,0,0
2026-09-28T22:27:46.791018+09:00,78640577,dc7de351,2026-09-28T22:27:46.791018+09:00,2026-09-28T22:27:46.828585+09:00,rail-left-01,rail-right-01,0.6.7-draft,0.6.7-draft,mqtt,mqtt,1129.95,903.98,7.178,7.239,-0.117,-0.075,0.182,-0.304,10.624,9.538,-0.0633,0.0352,0.0418,0.0578,-0.0088,-0.0005,25.11,25.05,18198,20206,2.275,2.526,6.824,7.577,599,599,60,60,0,0,0,0,,,,,,,,,,,,,,,,,0,0,0,0
2026-09-28T22:27:46.811119+09:00,78660678,dc7de351,2026-09-28T22:27:46.811119+09:00,2026-09-28T22:27:46.848687+09:00,rail-left-01,rail-right-01,0.6.7-draft,0.6.7-draft,mqtt,mqtt,1131.19,904.92,7.168,7.251,0.025,0.049,-0.025,-0.098,10.22,9.773,-0.0662,0.0313,0.0414,0.0633,-0.0091,-0.0063,25.11,25.06,18175,20231,2.272,2.529,6.816,7.587,600,600,60,60,0,0,0,0,,,,,,,,,,,,,,,,,0,0,0,0
2026-09-28T22:27:46.895353+09:00,78747456,dc7de351,2026-09-28T22:27:46.895353+09:00,2026-09-28T22:27:46.973776+09:00,rail-left-01,rail-right-01,0.6.7-draft,0.6.7-draft,mqtt,mqtt,1136.46,909.1,7.154,7.251,0.083,0.045,0.186,-0.253,10.29,9.645,-0.062,0.0297,0.0397,0.0585,-0.0087,-0.0003,25.13,25.05,18139,20231,2.267,2.529,6.802,7.587,601,601,61,61,0,0,0,0,,,,,,,,,,,,,,,,,0,0,0,0
2026-09-28T22:27:46.915488+09:00,78767591,dc7de351,2026-09-28T22:27:46.915488+09:00,2026-09-28T22:27:46.993911+09:00,rail-left-01,rail-right-01,0.6.7-draft,0.6.7-draft,mqtt,mqtt,1137.7,910.09,7.127,7.249,0.032,0,0.087,-0.229,10.313,9.638,-0.0666,0.0346,0.0398,0.0608,-0.0101,-0.0071,25.12,25.06,18072,20227,2.259,2.528,6.777,7.585,602,602,61,61,0,0,0,0,,,,,,,,,,,,,,,,,0,0,0,0
2026-09-28T22:27:46.935561+09:00,78787664,dc7de351,2026-09-28T22:27:46.935561+09:00,2026-09-28T22:27:47.013984+09:00,rail-left-01,rail-right-01,0.6.7-draft,0.6.7-draft,mqtt,mqtt,1138.9,911.04,7.13,7.255,-0.051,0.011,0.065,0.034,10.59,9.693,-0.063,0.0345,0.039,0.0542,-0.0089,0.0011,25.11,25.04,18079,20240,2.26,2.53,6.78,7.59,603,603,61,61,0,0,0,0,,,,,,,,,,,,,,,,,0,0,0,0
2026-09-28T22:27:46.955435+09:00,78807538,dc7de351,2026-09-28T22:27:46.955435+09:00,2026-09-28T22:27:47.033858+09:00,rail-left-01,rail-right-01,0.6.7-draft,0.6.7-draft,mqtt,mqtt,1140.14,911.98,7.144,7.26,-0.096,-0.077,0.069,-0.317,10.538,9.849,-0.0654,0.0328,0.0369,0.0557,-0.0116,-0.0079,25.1,25.06,18114,20251,2.264,2.531,6.793,7.594,604,604,61,61,0,0,0,0,,,,,,,,,,,,,,,,,0,0,0,0
2026-09-28T22:27:46.975482+09:00,78827585,dc7de351,2026-09-28T22:27:46.975482+09:00,2026-09-28T22:27:47.053905+09:00,rail-left-01,rail-right-01,0.6.7-draft,0.6.7-draft,mqtt,mqtt,1141.33,912.98,7.155,7.259,0.093,0.109,-0.072,-0.01,10.527,10.007,-0.0677,0.0336,0.0369,0.0572,-0.0071,-0.0095,25.1,25.06,18141,20250,2.268,2.531,6.803,7.594,605,605,61,61,0,0,0,0,,,,,,,,,,,,,,,,,0,0,0,0
2026-09-28T22:27:46.995476+09:00,78847579,dc7de351,2026-09-28T22:27:46.995476+09:00,2026-09-28T22:27:47.073899+09:00,rail-left-01,rail-right-01,0.6.7-draft,0.6.7-draft,mqtt,mqtt,1142.58,913.92,7.156,7.268,-0.059,-0.044,0.289,-0.324,10.551,9.714,-0.0659,0.0349,0.0389,0.056,-0.0036,-0.0033,25.11,25.07,18144,20269,2.268,2.534,6.804,7.601,606,606,61,61,0,0,0,0,,,,,,,,,,,,,,,,,0,0,0,0
2026-09-28T22:27:47.015425+09:00,78867528,dc7de351,2026-09-28T22:27:47.015425+09:00,2026-09-28T22:27:47.093848+09:00,rail-left-01,rail-right-01,0.6.7-draft,0.6.7-draft,mqtt,mqtt,1143.77,914.92,7.155,7.267,-0.086,-0.041,0.059,-0.294,10.672,9.923,-0.0662,0.0357,0.0378,0.0576,-0.0089,-0.0113,25.09,25.06,18143,20267,2.268,2.533,6.804,7.6,607,607,61,61,0,0,0,0,,,,,,,,,,,,,,,,,0,0,0,0
2026-09-28T22:27:47.035555+09:00,78887658,dc7de351,2026-09-28T22:27:47.035555+09:00,2026-09-28T22:27:47.113978+09:00,rail-left-01,rail-right-01,0.6.7-draft,0.6.7-draft,mqtt,mqtt,1144.96,915.86,7.149,7.27,-0.016,-0.008,0.04,-0.169,10.64,9.941,-0.0677,0.0337,0.035,0.0532,-0.0067,-0.0025,25.12,25.05,18128,20273,2.266,2.534,6.798,7.602,608,608,61,61,0,0,0,0,,,,,,,,,,,,,,,,,0,0,0,0
2026-09-28T22:27:47.055474+09:00,78907577,dc7de351,2026-09-28T22:27:47.055474+09:00,2026-09-28T22:27:47.133897+09:00,rail-left-01,rail-right-01,0.6.7-draft,0.6.7-draft,mqtt,mqtt,1146.2,916.8,7.158,7.261,0.016,0.03,-0.059,-0.336,10.554,9.919,-0.063,0.0286,0.0344,0.053,-0.0092,-0.0077,25.13,25.07,18150,20254,2.269,2.532,6.806,7.595,609,609,61,61,0,0,0,0,,,,,,,,,,,,,,,,,0,0,0,0
2026-09-28T22:27:47.075717+09:00,78927820,dc7de351,2026-09-28T22:27:47.075717+09:00,2026-09-28T22:27:47.154140+09:00,rail-left-01,rail-right-01,0.6.7-draft,0.6.7-draft,mqtt,mqtt,1147.4,917.8,7.158,7.254,0.005,0.018,0.214,-0.007,10.536,9.725,-0.0609,0.0364,0.036,0.0541,-0.006,-0.0056,25.12,25.04,18150,20239,2.269,2.53,6.806,7.59,610,610,61,61,0,0,0,0,,,,,,,,,,,,,,,,,0,0,0,0
2026-09-28T22:27:47.205518+09:00,79054434,dc7de351,2026-09-28T22:27:47.205518+09:00,2026-09-28T22:27:47.294542+09:00,rail-left-01,rail-right-01,0.6.7-draft,0.6.7-draft,mqtt,mqtt,1155.05,923.91,7.165,7.255,0.293,0.233,0.237,0.028,10.216,9.874,-0.0674,0.0348,0.0413,0.062,-0.0081,-0.0076,25.11,25.04,18167,20241,2.271,2.53,6.813,7.59,611,611,62,62,0,0,0,0,,,,,,,,,,,,,,,,,0,0,0,0
2026-09-28T22:27:47.225645+09:00,79074561,dc7de351,2026-09-28T22:27:47.225645+09:00,2026-09-28T22:27:47.314669+09:00,rail-left-01,rail-right-01,0.6.7-draft,0.6.7-draft,mqtt,mqtt,1156.3,924.86,7.157,7.236,-0.168,-0.093,0.229,-0.215,10.536,9.465,-0.0673,0.0349,0.0426,0.0581,-0.0064,-0.0009,25.11,25.06,18147,20198,2.268,2.525,6.805,7.574,612,612,62,62,0,0,0,0,,,,,,,,,,,,,,,,,0,0,0,0
2026-09-28T22:27:47.245636+09:00,79094552,dc7de351,2026-09-28T22:27:47.245636+09:00,2026-09-28T22:27:47.334660+09:00,rail-left-01,rail-right-01,0.6.7-draft,0.6.7-draft,mqtt,mqtt,1157.49,925.85,7.16,7.251,0.024,0.097,0.024,-0.2,10.75,9.665,-0.0663,0.036,0.0366,0.0548,-0.0075,-0.0033,25.11,25.05,18154,20231,2.269,2.529,6.808,7.587,613,613,62,62,0,0,0,0,,,,,,,,,,,,,,,,,0,0,0,0
2026-09-28T22:27:47.265660+09:00,79114577,dc7de351,2026-09-28T22:27:47.265660+09:00,2026-09-28T22:27:47.354685+09:00,rail-left-01,rail-right-01,0.6.7-draft,0.6.7-draft,mqtt,mqtt,1158.68,926.8,7.174,7.253,0.028,-0.03,0.138,-0.063,10.376,9.937,-0.0652,0.0354,0.0382,0.0565,-0.0129,-0.012,25.1,25.07,18189,20236,2.274,2.53,6.821,7.589,614,614,62,62,0,0,0,0,,,,,,,,,,,,,,,,,0,0,0,0
2026-09-28T22:27:47.285729+09:00,79134645,dc7de351,2026-09-28T22:27:47.285729+09:00,2026-09-28T22:27:47.374753+09:00,rail-left-01,rail-right-01,0.6.7-draft,0.6.7-draft,mqtt,mqtt,1159.93,927.79,7.186,7.263,-0.004,-0.002,0.095,-0.148,10.521,9.704,-0.0633,0.03,0.0378,0.057,-0.0087,-0.0033,25.08,25.05,18218,20259,2.277,2.532,6.832,7.597,615,615,62,62,0,0,0,0,,,,,,,,,,,,,,,,,0,0,0,0
2026-09-28T22:27:47.305686+09:00,79154602,dc7de351,2026-09-28T22:27:47.305686+09:00,2026-09-28T22:27:47.394710+09:00,rail-left-01,rail-right-01,0.6.7-draft,0.6.7-draft,mqtt,mqtt,1161.12,928.74,7.183,7.265,-0.054,-0.014,0.247,-0.376,10.682,9.76,-0.063,0.0356,0.0429,0.059,-0.0116,-0.0087,25.13,25.06,18212,20262,2.277,2.533,6.83,7.598,616,616,62,62,0,0,0,0,,,,,,,,,,,,,,,,,0,0,0,0
2026-09-28T22:27:47.325607+09:00,79174523,dc7de351,2026-09-28T22:27:47.325607+09:00,2026-09-28T22:27:47.414631+09:00,rail-left-01,rail-right-01,0.6.7-draft,0.6.7-draft,mqtt,mqtt,1162.31,929.68,7.182,7.271,0.142,0.165,-0.229,-0.028,10.623,9.652,-0.0654,0.0378,0.0364,0.0542,-0.0087,-0.0073,25.13,25.04,18209,20275,2.276,2.534,6.828,7.603,617,617,62,62,0,0,0,0,,,,,,,,,,,,,,,,,0,0,0,0
2026-09-28T22:27:47.345711+09:00,79194627,dc7de351,2026-09-28T22:27:47.345711+09:00,2026-09-28T22:27:47.434735+09:00,rail-left-01,rail-right-01,0.6.7-draft,0.6.7-draft,mqtt,mqtt,1163.51,930.68,7.184,7.268,-0.03,0.006,0.128,-0.09,10.449,9.913,-0.0628,0.0357,0.0389,0.0584,-0.0073,-0.0044,25.12,25.07,18214,20270,2.277,2.534,6.83,7.601,618,618,62,62,0,0,0,0,,,,,,,,,,,,,,,,,0,0,0,0
2026-09-28T22:27:47.365551+09:00,79214468,dc7de351,2026-09-28T22:27:47.365551+09:00,2026-09-28T22:27:47.454576+09:00,rail-left-01,rail-right-01,0.6.7-draft,0.6.7-draft,mqtt,mqtt,1164.7,931.62,7.174,7.28,-0.045,-0.023,0.117,-0.304,10.588,9.793,-0.0617,0.0325,0.0406,0.0585,-0.0087,-0.0049,25.12,25.05,18188,20297,2.274,2.537,6.821,7.611,619,619,62,62,0,0,0,0,,,,,,,,,,,,,,,,,0,0,0,0
2026-09-28T22:27:47.385627+09:00,79234543,dc7de351,2026-09-28T22:27:47.385627+09:00,2026-09-28T22:27:47.474651+09:00,rail-left-01,rail-right-01,0.6.7-draft,0.6.7-draft,mqtt,mqtt,1165.94,932.57,7.18,7.28,0.034,0.019,0.022,-0.174,10.489,9.7,-0.0652,0.0338,0.0346,0.0528,-0.0068,-0.008,25.12,25.04,18205,20296,2.276,2.537,6.827,7.611,620,620,62,62,0,0,0,0,,,,,,,,,,,,,,,,,0,0,0,0
2026-09-28T22:27:47.564599+09:00,79374446,dc7de351,2026-09-28T22:27:47.564599+09:00,2026-09-28T22:27:47.603073+09:00,rail-left-01,rail-right-01,0.6.7-draft,0.6.7-draft,mqtt,mqtt,1174.35,939.33,7.181,7.278,-0.079,-0.126,0.357,-0.016,10.608,9.834,-0.0645,0.0357,0.0445,0.0572,-0.0093,-0.0013,25.09,25.07,18207,20291,2.276,2.536,6.828,7.609,621,621,63,63,0,0,0,0,,,,,,,,,,,,,,,,,0,0,0,0
2026-09-28T22:27:47.584780+09:00,79394627,dc7de351,2026-09-28T22:27:47.584780+09:00,2026-09-28T22:27:47.623254+09:00,rail-left-01,rail-right-01,0.6.7-draft,0.6.7-draft,mqtt,mqtt,1175.59,940.27,7.141,7.307,-0.001,-0.005,0.148,-0.165,10.697,9.852,-0.0632,0.0313,0.0345,0.0508,-0.0104,-0.0084,25.1,25.05,18107,20356,2.263,2.545,6.79,7.634,622,622,63,63,0,0,0,0,,,,,,,,,,,,,,,,,0,0,0,0
2026-09-28T22:27:47.604643+09:00,79414490,dc7de351,2026-09-28T22:27:47.604643+09:00,2026-09-28T22:27:47.643117+09:00,rail-left-01,rail-right-01,0.6.7-draft,0.6.7-draft,mqtt,mqtt,1176.78,941.22,7.163,7.3,0.001,0.018,0.196,-0.213,10.508,9.816,-0.0637,0.0321,0.0349,0.0501,-0.0088,-0.0071,25.12,25.07,18163,20341,2.27,2.543,6.811,7.628,623,623,63,63,0,0,0,0,,,,,,,,,,,,,,,,,0,0,0,0
2026-09-28T22:27:47.624602+09:00,79434449,dc7de351,2026-09-28T22:27:47.624602+09:00,2026-09-28T22:27:47.663076+09:00,rail-left-01,rail-right-01,0.6.7-draft,0.6.7-draft,mqtt,mqtt,1177.97,942.21,7.192,7.296,0.049,0.065,-0.002,-0.175,10.481,9.662,-0.0663,0.0337,0.0274,0.049,-0.0035,-0.0115,25.09,25.06,18234,20331,2.279,2.541,6.838,7.624,624,624,63,63,0,0,0,0,,,,,,,,,,,,,,,,,0,0,0,0
2026-09-28T22:27:47.645007+09:00,79454854,dc7de351,2026-09-28T22:27:47.645007+09:00,2026-09-28T22:27:47.683481+09:00,rail-left-01,rail-right-01,0.6.7-draft,0.6.7-draft,mqtt,mqtt,1179.22,943.16,7.265,7.29,-0.011,-0.029,-0.014,-0.001,10.359,9.676,-0.0622,0.0333,0.0286,0.0466,-0.0049,-0.002,25.13,25.06,18416,20317,2.302,2.54,6.906,7.619,625,625,63,63,0,0,0,0,,,,,,,,,,,,,,,,,0,0,0,0
2026-09-28T22:27:47.664991+09:00,79474838,dc7de351,2026-09-28T22:27:47.664991+09:00,2026-09-28T22:27:47.703465+09:00,rail-left-01,rail-right-01,0.6.7-draft,0.6.7-draft,mqtt,mqtt,1180.41,944.15,7.31,7.285,0.142,0.086,0.304,-0.274,10.329,9.735,-0.0617,0.0301,0.0338,0.0537,-0.0097,-0.0076,25.09,25.06,18528,20307,2.316,2.538,6.948,7.615,626,626,63,63,0,0,0,0,,,,,,,,,,,,,,,,,0,0,0,0
2026-09-28T22:27:47.684729+09:00,79494576,dc7de351,2026-09-28T22:27:47.684729+09:00,2026-09-28T22:27:47.723203+09:00,rail-left-01,rail-right-01,0.6.7-draft,0.6.7-draft,mqtt,mqtt,1181.6,945.09,7.326,7.287,0.014,0.011,-0.086,-0.409,10.393,9.607,-0.0618,0.0297,0.0356,0.0541,-0.0095,-0.0081,25.11,25.06,18568,20312,2.321,2.539,6.963,7.617,627,627,63,63,0,0,0,0,,,,,,,,,,,,,,,,,0,0,0,0
2026-09-28T22:27:47.704775+09:00,79514623,dc7de351,2026-09-28T22:27:47.704775+09:00,2026-09-28T22:27:47.743250+09:00,rail-left-01,rail-right-01,0.6.7-draft,0.6.7-draft,mqtt,mqtt,1182.8,946.04,7.336,7.277,0.007,0.092,0.038,-0.286,10.402,9.7,-0.0624,0.0329,0.0353,0.0514,-0.0073,-0.0007,25.12,25.04,18593,20290,2.324,2.536,6.972,7.609,628,628,63,63,0,0,0,0,,,,,,,,,,,,,,,,,0,0,0,0
2026-09-28T22:27:47.724710+09:00,79534557,dc7de351,2026-09-28T22:27:47.724710+09:00,2026-09-28T22:27:47.763184+09:00,rail-left-01,rail-right-01,0.6.7-draft,0.6.7-draft,mqtt,mqtt,1183.99,946.98,7.337,7.262,-0.03,-0.074,-0.001,-0.263,10.602,9.828,-0.0663,0.0306,0.0336,0.0518,-0.0097,-0.0067,25.11,25.04,18594,20256,2.324,2.532,6.973,7.596,629,629,63,63,0,0,0,0,,,,,,,,,,,,,,,,,0,0,0,0
2026-09-28T22:27:47.745061+09:00,79554908,dc7de351,2026-09-28T22:27:47.745061+09:00,2026-09-28T22:27:47.783535+09:00,rail-left-01,rail-right-01,0.6.7-draft,0.6.7-draft,mqtt,mqtt,1185.23,947.98,7.349,7.246,-0.006,-0.071,0.072,-0.148,10.517,9.736,-0.062,0.0246,0.0321,0.05,-0.0083,-0.0068,25.12,25.04,18625,20220,2.328,2.528,6.984,7.583,630,630,63,63,0,0,0,0,,,,,,,,,,,,,,,,,0,0,0,0
2026-09-28T22:27:47.836759+09:00,79682452,dc7de351,2026-09-28T22:27:47.836759+09:00,2026-09-28T22:27:47.875484+09:00,rail-left-01,rail-right-01,0.6.7-draft,0.6.7-draft,mqtt,mqtt,1192.94,954.14,7.347,7.231,-0.019,0.023,-0.232,-0.028,10.604,9.926,-0.0624,0.033,0.038,0.0537,-0.0097,-0.0095,25.1,25.05,18620,20188,2.328,2.524,6.983,7.571,631,631,64,64,0,0,0,0,,,,,,,,,,,,,,,,,0,0,0,0
2026-09-28T22:27:47.856915+09:00,79702608,dc7de351,2026-09-28T22:27:47.856915+09:00,2026-09-28T22:27:47.895640+09:00,rail-left-01,rail-right-01,0.6.7-draft,0.6.7-draft,mqtt,mqtt,1194.13,955.09,7.348,7.158,-0.006,-0.068,0.281,-0.329,10.534,9.911,-0.0667,0.0308,0.041,0.0605,-0.0097,-0.0039,25.12,25.04,18623,20025,2.328,2.503,6.984,7.509,632,632,64,64,0,0,0,0,,,,,,,,,,,,,,,,,0,0,0,0
2026-09-28T22:27:47.876921+09:00,79722614,dc7de351,2026-09-28T22:27:47.876921+09:00,2026-09-28T22:27:47.915646+09:00,rail-left-01,rail-right-01,0.6.7-draft,0.6.7-draft,mqtt,mqtt,1195.38,956.08,7.333,7.161,-0.044,0.014,0.353,-0.366,10.748,9.795,-0.0649,0.0332,0.0372,0.0532,-0.0085,-0.0072,25.1,25.04,18584,20031,2.323,2.504,6.969,7.512,633,633,64,64,0,0,0,0,,,,,,,,,,,,,,,,,0,0,0,0
2026-09-28T22:27:47.896909+09:00,79742602,dc7de351,2026-09-28T22:27:47.896909+09:00,2026-09-28T22:27:47.935634+09:00,rail-left-01,rail-right-01,0.6.7-draft,0.6.7-draft,mqtt,mqtt,1196.57,957.03,7.333,7.146,0.053,0.075,0.092,0.053,10.376,10.014,-0.0642,0.0313,0.0368,0.0558,-0.0061,-0.0083,25.11,25.04,18585,19999,2.323,2.5,6.969,7.5,634,634,64,64,0,0,0,0,,,,,,,,,,,,,,,,,0,0,0,0
2026-09-28T22:27:47.917425+09:00,79763118,dc7de351,2026-09-28T22:27:47.917425+09:00,2026-09-28T22:27:47.956150+09:00,rail-left-01,rail-right-01,0.6.7-draft,0.6.7-draft,mqtt,mqtt,1197.81,958.02,7.323,7.148,0.068,0.124,-0.032,-0.142,10.379,9.793,-0.0648,0.0329,0.0396,0.0597,-0.0053,-0.0064,25.12,25.04,18561,20003,2.32,2.5,6.96,7.501,635,635,64,64,0,0,0,0,,,,,,,,,,,,,,,,,0,0,0,0
2026-09-28T22:27:47.937411+09:00,79783104,dc7de351,2026-09-28T22:27:47.937411+09:00,2026-09-28T22:27:47.976136+09:00,rail-left-01,rail-right-01,0.6.7-draft,0.6.7-draft,mqtt,mqtt,1199.06,959.02,7.297,7.141,-0.096,-0.116,0.239,-0.183,10.677,9.911,-0.0661,0.0256,0.0357,0.0557,-0.0071,-0.0084,25.11,25.04,18496,19988,2.312,2.499,6.936,7.496,636,636,64,64,0,0,0,0,,,,,,,,,,,,,,,,,0,0,0,0
2026-09-28T22:27:47.956791+09:00,79802484,dc7de351,2026-09-28T22:27:47.956791+09:00,2026-09-28T22:27:47.995516+09:00,rail-left-01,rail-right-01,0.6.7-draft,0.6.7-draft,mqtt,mqtt,1200.2,959.96,7.296,7.139,0.114,0.123,0.312,-0.219,10.563,9.744,-0.0638,0.0328,0.0405,0.0613,-0.0108,-0.0084,25.09,25.08,18492,19983,2.312,2.498,6.935,7.494,637,637,64,64,0,0,0,0,,,,,,,,,,,,,,,,,0,0,0,0
2026-09-28T22:27:47.976782+09:00,79822475,dc7de351,2026-09-28T22:27:47.976782+09:00,2026-09-28T22:27:48.015507+09:00,rail-left-01,rail-right-01,0.6.7-draft,0.6.7-draft,mqtt,mqtt,1201.44,960.9,7.286,7.144,-0.09,-0.069,0.134,-0.333,10.372,9.783,-0.0691,0.035,0.038,0.0596,-0.0052,-0.0011,25.12,25.04,18469,19995,2.309,2.499,6.926,7.498,638,638,64,64,0,0,0,0,,,,,,,,,,,,,,,,,0,0,0,0
2026-09-28T22:27:47.996944+09:00,79842637,dc7de351,2026-09-28T22:27:47.996944+09:00,2026-09-28T22:27:48.035669+09:00,rail-left-01,rail-right-01,0.6.7-draft,0.6.7-draft,mqtt,mqtt,1202.64,961.9,7.276,7.141,0.068,-0.026,-0.002,-0.299,10.666,9.826,-0.064,0.034,0.046,0.0593,-0.0041,-0.0028,25.12,25.05,18442,19988,2.305,2.499,6.916,7.496,639,639,64,64,0,0,0,0,,,,,,,,,,,,,,,,,0,0,0,0
2026-09-28T22:27:48.016975+09:00,79862668,dc7de351,2026-09-28T22:27:48.016975+09:00,2026-09-28T22:27:48.055700+09:00,rail-left-01,rail-right-01,0.6.7-draft,0.6.7-draft,mqtt,mqtt,1203.88,962.84,7.27,7.155,0.007,0.045,-0.247,-0.002,10.485,9.74,-0.0674,0.0306,0.0386,0.0562,-0.0052,-0.0049,25.11,25.06,18427,20019,2.303,2.502,6.91,7.507,640,640,64,64,0,0,0,0,,,,,,,,,,,,,,,,,0,0,0,0
2026-09-28T22:27:48.160230+09:00,79955449,dc7de351,2026-09-28T22:27:48.160230+09:00,2026-09-28T22:27:48.200719+09:00,rail-left-01,rail-right-01,0.6.7-draft,0.6.7-draft,mqtt,mqtt,1209.55,967.32,7.264,7.155,-0.056,0.04,-0.145,-0.03,10.533,9.679,-0.0632,0.0337,0.0478,0.057,-0.0101,-0.0148,25.1,25.07,18413,20019,2.302,2.502,6.905,7.507,641,641,65,65,0,0,0,0,,,,,,,,,,,,,,,,,0,0,0,0
2026-09-28T22:27:48.180391+09:00,79975610,dc7de351,2026-09-28T22:27:48.180391+09:00,2026-09-28T22:27:48.220880+09:00,rail-left-01,rail-right-01,0.6.7-draft,0.6.7-draft,mqtt,mqtt,1210.79,968.31,7.184,7.134,-0.16,-0.063,0.321,-0.223,10.59,9.755,-0.065,0.0336,0.0389,0.0534,-0.0073,-0.0031,25.09,25.07,18213,19973,2.277,2.497,6.83,7.49,642,642,65,65,0,0,0,0,,,,,,,,,,,,,,,,,0,0,0,0
2026-09-28T22:27:48.200332+09:00,79995551,dc7de351,2026-09-28T22:27:48.200332+09:00,2026-09-28T22:27:48.240821+09:00,rail-left-01,rail-right-01,0.6.7-draft,0.6.7-draft,mqtt,mqtt,1211.98,969.26,7.186,7.145,0.117,0.024,0.065,-0.335,10.488,9.566,-0.0612,0.0273,0.0421,0.0608,-0.008,-0.0132,25.09,25.07,18218,19997,2.277,2.5,6.832,7.499,643,643,65,65,0,0,0,0,,,,,,,,,,,,,,,,,0,0,0,0
2026-09-28T22:27:48.220327+09:00,80015546,dc7de351,2026-09-28T22:27:48.220327+09:00,2026-09-28T22:27:48.260816+09:00,rail-left-01,rail-right-01,0.6.7-draft,0.6.7-draft,mqtt,mqtt,1213.18,970.25,7.163,7.15,-0.035,0.042,0.062,-0.01,10.579,9.619,-0.0685,0.0302,0.0406,0.0569,-0.0061,-0.0057,25.08,25.05,18163,20008,2.27,2.501,6.811,7.503,644,644,65,65,0,0,0,0,,,,,,,,,,,,,,,,,0,0,0,0
2026-09-28T22:27:48.240792+09:00,80036011,dc7de351,2026-09-28T22:27:48.240792+09:00,2026-09-28T22:27:48.281281+09:00,rail-left-01,rail-right-01,0.6.7-draft,0.6.7-draft,mqtt,mqtt,1214.47,971.25,7.162,7.153,-0.159,-0.092,0.383,-0.243,10.44,9.703,-0.0707,0.0333,0.0417,0.0529,0.002,-0.0047,25.11,25.07,18159,20014,2.27,2.502,6.81,7.505,645,645,65,65,0,0,0,0,,,,,,,,,,,,,,,,,0,0,0,0
2026-09-28T22:27:48.260993+09:00,80056212,dc7de351,2026-09-28T22:27:48.260993+09:00,2026-09-28T22:27:48.301482+09:00,rail-left-01,rail-right-01,0.6.7-draft,0.6.7-draft,mqtt,mqtt,1215.66,972.19,7.169,7.155,0.13,0.18,-0.089,0.019,10.39,9.878,-0.0701,0.0285,0.0374,0.0532,0.0004,-0.004,25.09,25.07,18176,20019,2.272,2.502,6.816,7.507,646,646,65,65,0,0,0,0,,,,,,,,,,,,,,,,,0,0,0,0
2026-09-28T22:27:48.280404+09:00,80075623,dc7de351,2026-09-28T22:27:48.280404+09:00,2026-09-28T22:27:48.320893+09:00,rail-left-01,rail-right-01,0.6.7-draft,0.6.7-draft,mqtt,mqtt,1216.85,973.14,7.163,7.158,0.048,0.057,0.174,-0.299,10.317,9.671,-0.0622,0.0298,0.042,0.0548,-0.0029,-0.0041,25.08,25.07,18162,20026,2.27,2.503,6.811,7.51,647,647,65,65,0,0,0,0,,,,,,,,,,,,,,,,,0,0,0,0
2026-09-28T22:27:48.300335+09:00,80095554,dc7de351,2026-09-28T22:27:48.300335+09:00,2026-09-28T22:27:48.340824+09:00,rail-left-01,rail-right-01,0.6.7-draft,0.6.7-draft,mqtt,mqtt,1218.1,974.08,7.154,7.166,0.004,0.043,0.018,-0.479,10.361,9.554,-0.063,0.0309,0.0445,0.0594,-0.0044,-0.0097,25.11,25.04,18140,20042,2.268,2.505,6.803,7.516,648,648,65,65,0,0,0,0,,,,,,,,,,,,,,,,,0,0,0,0
2026-09-28T22:27:48.320464+09:00,80115683,dc7de351,2026-09-28T22:27:48.320464+09:00,2026-09-28T22:27:48.360953+09:00,rail-left-01,rail-right-01,0.6.7-draft,0.6.7-draft,mqtt,mqtt,1219.34,975.07,7.126,7.165,-0.022,0.031,0.055,-0.194,10.66,9.527,-0.0652,0.0345,0.045,0.0578,0.002,-0.0005,25.09,25.06,18069,20040,2.259,2.505,6.776,7.515,649,649,65,65,0,0,0,0,,,,,,,,,,,,,,,,,0,0,0,0
2026-09-28T22:27:48.340313+09:00,80135532,dc7de351,2026-09-28T22:27:48.340313+09:00,2026-09-28T22:27:48.380802+09:00,rail-left-01,rail-right-01,0.6.7-draft,0.6.7-draft,mqtt,mqtt,1220.53,976.02,7.125,7.174,-0.032,-0.019,-0.001,-0.057,10.38,9.673,-0.0624,0.0312,0.0405,0.0541,-0.004,-0.008,25.1,25.05,18066,20060,2.258,2.508,6.775,7.523,650,650,65,65,0,0,0,0,,,,,,,,,,,,,,,,,0,0,0,0
2026-09-28T22:27:48.435180+09:00,80280455,dc7de351,2026-09-28T22:27:48.435180+09:00,2026-09-28T22:27:48.516459+09:00,rail-left-01,rail-right-01,0.6.7-draft,0.6.7-draft,mqtt,mqtt,1229.33,982.98,7.132,7.174,0.063,0.023,0.225,-0.108,10.369,9.95,-0.0642,0.032,0.0362,0.0565,-0.0091,-0.0043,25.13,25.06,18084,20061,2.261,2.508,6.782,7.523,651,651,66,66,0,0,0,0,,,,,,,,,,,,,,,,,0,0,0,0
2026-09-28T22:27:48.455303+09:00,80300579,dc7de351,2026-09-28T22:27:48.455303+09:00,2026-09-28T22:27:48.536583+09:00,rail-left-01,rail-right-01,0.6.7-draft,0.6.7-draft,mqtt,mqtt,1230.58,983.97,7.133,7.208,0.018,0.092,0.208,-0.029,10.548,9.801,-0.063,0.032,0.0386,0.0561,-0.0064,-0.004,25.13,25.04,18088,20136,2.261,2.517,6.783,7.551,652,652,66,66,0,0,0,0,,,,,,,,,,,,,,,,,0,0,0,0
2026-09-28T22:27:48.475404+09:00,80320679,dc7de351,2026-09-28T22:27:48.475404+09:00,2026-09-28T22:27:48.556683+09:00,rail-left-01,rail-right-01,0.6.7-draft,0.6.7-draft,mqtt,mqtt,1231.77,984.92,7.114,7.212,-0.042,-0.079,0.005,-0.257,10.587,9.771,-0.0655,0.0361,0.0449,0.0596,-0.0093,-0.0085,25.12,25.05,18039,20145,2.255,2.518,6.765,7.554,653,653,66,66,0,0,0,0,,,,,,,,,,,,,,,,,0,0,0,0
2026-09-28T22:27:48.495311+09:00,80340586,dc7de351,2026-09-28T22:27:48.495311+09:00,2026-09-28T22:27:48.576590+09:00,rail-left-01,rail-right-01,0.6.7-draft,0.6.7-draft,mqtt,mqtt,1233.01,985.86,7.089,7.216,-0.05,0.073,0.016,0.03,10.551,9.925,-0.0605,0.0306,0.0421,0.0609,-0.0145,-0.0121,25.11,25.07,17977,20154,2.247,2.519,6.741,7.558,654,654,66,66,0,0,0,0,,,,,,,,,,,,,,,,,0,0,0,0
2026-09-28T22:27:48.515382+09:00,80360657,dc7de351,2026-09-28T22:27:48.515382+09:00,2026-09-28T22:27:48.596661+09:00,rail-left-01,rail-right-01,0.6.7-draft,0.6.7-draft,mqtt,mqtt,1234.21,986.86,7.05,7.228,-0.098,-0.09,0.236,-0.107,11.278,9.865,-0.0678,0.0294,0.0405,0.0562,-0.0092,-0.0037,25.12,25.08,17880,20180,2.235,2.523,6.705,7.568,655,655,66,66,0,0,0,0,,,,,,,,,,,,,,,,,0,0,0,0
2026-09-28T22:27:48.535476+09:00,80380752,dc7de351,2026-09-28T22:27:48.535476+09:00,2026-09-28T22:27:48.616756+09:00,rail-left-01,rail-right-01,0.6.7-draft,0.6.7-draft,mqtt,mqtt,1235.45,987.8,7.08,7.239,-0.138,-0.073,-0.056,-0.426,10.803,10.033,-0.069,0.0309,0.0364,0.0536,-0.0143,-0.0112,25.1,25.05,17956,20206,2.245,2.526,6.734,7.577,656,656,66,66,0,0,0,0,,,,,,,,,,,,,,,,,0,0,0,0
2026-09-28T22:27:48.555279+09:00,80400554,dc7de351,2026-09-28T22:27:48.555279+09:00,2026-09-28T22:27:48.636558+09:00,rail-left-01,rail-right-01,0.6.7-draft,0.6.7-draft,mqtt,mqtt,1236.64,988.75,7.094,7.248,0.135,0.122,0.031,-0.057,10.549,9.698,-0.0689,0.0338,0.0372,0.0537,-0.0052,-0.0075,25.11,25.07,17990,20225,2.249,2.528,6.746,7.584,657,657,66,66,0,0,0,0,,,,,,,,,,,,,,,,,0,0,0,0
2026-09-28T22:27:48.575260+09:00,80420536,dc7de351,2026-09-28T22:27:48.575260+09:00,2026-09-28T22:27:48.656540+09:00,rail-left-01,rail-right-01,0.6.7-draft,0.6.7-draft,mqtt,mqtt,1237.84,989.74,7.096,7.239,-0.193,-0.074,0.005,-0.226,10.573,9.498,-0.0667,0.0404,0.0434,0.0602,-0.0087,-0.0089,25.11,25.07,17996,20204,2.25,2.526,6.748,7.576,658,658,66,66,0,0,0,0,,,,,,,,,,,,,,,,,0,0,0,0
2026-09-28T22:27:48.595249+09:00,80440525,dc7de351,2026-09-28T22:27:48.595249+09:00,2026-09-28T22:27:48.676529+09:00,rail-left-01,rail-right-01,0.6.7-draft,0.6.7-draft,mqtt,mqtt,1239.03,990.69,7.078,7.243,0.042,0.077,0.147,-0.065,10.373,9.402,-0.0629,0.032,0.0412,0.0568,-0.0047,-0.0053,25.12,25.07,17949,20213,2.244,2.527,6.731,7.58,659,659,66,66,0,0,0,0,,,,,,,,,,,,,,,,,0,0,0,0
2026-09-28T22:27:48.615335+09:00,80460611,dc7de351,2026-09-28T22:27:48.615335+09:00,2026-09-28T22:27:48.696615+09:00,rail-left-01,rail-right-01,0.6.7-draft,0.6.7-draft,mqtt,mqtt,1240.27,991.68,7.06,7.24,-0.035,-0.071,0.08,-0.159,10.24,9.615,-0.0622,0.0314,0.0402,0.0564,-0.0064,-0.0097,25.1,25.07,17905,20207,2.238,2.526,6.714,7.578,660,660,66,66,0,0,0,0,,,,,,,,,,,,,,,,,0,0,0,0
2026-09-28T22:27:48.787401+09:00,80596448,dc7de351,2026-09-28T22:27:48.787401+09:00,2026-09-28T22:27:48.868603+09:00,rail-left-01,rail-right-01,0.6.7-draft,0.6.7-draft,mqtt,mqtt,1248.53,998.19,7.044,7.237,0.142,0.053,0.29,-0.315,10.44,9.664,-0.0675,0.0353,0.0398,0.0561,-0.0125,-0.0115,25.14,25.09,17865,20200,2.233,2.525,6.699,7.575,661,661,67,67,0,0,0,0,,,,,,,,,,,,,,,,,0,0,0,0
2026-09-28T22:27:48.807526+09:00,80616573,dc7de351,2026-09-28T22:27:48.807526+09:00,2026-09-28T22:27:48.888728+09:00,rail-left-01,rail-right-01,0.6.7-draft,0.6.7-draft,mqtt,mqtt,1249.77,999.19,7.071,7.208,0.071,0.063,-0.051,-0.133,10.376,9.728,-0.0633,0.0385,0.0414,0.0534,-0.008,-0.0028,25.11,25.09,17932,20137,2.242,2.517,6.725,7.551,662,662,67,67,0,0,0,0,,,,,,,,,,,,,,,,,0,0,0,0
2026-09-28T22:27:48.827547+09:00,80636594,dc7de351,2026-09-28T22:27:48.827547+09:00,2026-09-28T22:27:48.908749+09:00,rail-left-01,rail-right-01,0.6.7-draft,0.6.7-draft,mqtt,mqtt,1250.96,1000.13,7.059,7.213,-0.057,0.002,0.263,-0.187,10.557,9.573,-0.0711,0.0356,0.039,0.053,-0.0063,0.0004,25.1,25.08,17904,20147,2.238,2.518,6.714,7.555,663,663,67,67,0,0,0,0,,,,,,,,,,,,,,,,,0,0,0,0
2026-09-28T22:27:48.847526+09:00,80656574,dc7de351,2026-09-28T22:27:48.847526+09:00,2026-09-28T22:27:48.928729+09:00,rail-left-01,rail-right-01,0.6.7-draft,0.6.7-draft,mqtt,mqtt,1252.2,1001.13,7.09,7.219,-0.139,-0.116,0.035,-0.255,10.426,9.742,-0.0718,0.0293,0.0368,0.0518,-0.0119,-0.0103,25.11,25.06,17980,20161,2.248,2.52,6.743,7.56,664,664,67,67,0,0,0,0,,,,,,,,,,,,,,,,,0,0,0,0
2026-09-28T22:27:48.867561+09:00,80676608,dc7de351,2026-09-28T22:27:48.867561+09:00,2026-09-28T22:27:48.948763+09:00,rail-left-01,rail-right-01,0.6.7-draft,0.6.7-draft,mqtt,mqtt,1253.4,1002.07,7.114,7.217,0.141,0.132,0.087,-0.204,10.466,9.645,-0.0683,0.0326,0.0373,0.0552,-0.0096,-0.0073,25.08,25.07,18040,20157,2.255,2.52,6.765,7.559,665,665,67,67,0,0,0,0,,,,,,,,,,,,,,,,,0,0,0,0
2026-09-28T22:27:48.887516+09:00,80696564,dc7de351,2026-09-28T22:27:48.887516+09:00,2026-09-28T22:27:48.968719+09:00,rail-left-01,rail-right-01,0.6.7-draft,0.6.7-draft,mqtt,mqtt,1254.59,1003.02,7.121,7.215,-0.047,-0.01,0.06,-0.22,10.451,9.668,-0.0655,0.0341,0.0389,0.0573,-0.0087,-0.0017,25.1,25.05,18057,20151,2.257,2.519,6.771,7.557,666,666,67,67,0,0,0,0,,,,,,,,,,,,,,,,,0,0,0,0
2026-09-28T22:27:48.907436+09:00,80716483,dc7de351,2026-09-28T22:27:48.907436+09:00,2026-09-28T22:27:48.988638+09:00,rail-left-01,rail-right-01,0.6.7-draft,0.6.7-draft,mqtt,mqtt,1255.83,1004.01,7.121,7.22,-0.012,0.014,0.087,-0.098,10.277,9.85,-0.0637,0.0354,0.0366,0.0574,-0.0132,-0.0077,25.11,25.05,18058,20162,2.257,2.52,6.772,7.561,667,667,67,67,0,0,0,0,,,,,,,,,,,,,,,,,0,0,0,0
2026-09-28T22:27:48.927456+09:00,80736503,dc7de351,2026-09-28T22:27:48.927456+09:00,2026-09-28T22:27:49.008658+09:00,rail-left-01,rail-right-01,0.6.7-draft,0.6.7-draft,mqtt,mqtt,1257.03,1004.96,7.144,7.226,-0.013,0.051,-0.08,-0.059,10.362,9.774,-0.0663,0.0317,0.037,0.0576,-0.0105,-0.012,25.13,25.07,18114,20177,2.264,2.522,6.793,7.566,668,668,67,67,0,0,0,0,,,,,,,,,,,,,,,,,0,0,0,0
2026-09-28T22:27:48.947758+09:00,80756805,dc7de351,2026-09-28T22:27:48.947758+09:00,2026-09-28T22:27:49.028960+09:00,rail-left-01,rail-right-01,0.6.7-draft,0.6.7-draft,mqtt,mqtt,1258.27,1005.95,7.143,7.232,0.018,-0.023,0.278,-0.235,10.763,9.567,-0.065,0.0296,0.0381,0.0552,-0.0083,-0.0061,25.11,25.06,18112,20189,2.264,2.524,6.792,7.571,669,669,67,67,0,0,0,0,,,,,,,,,,,,,,,,,0,0,0,0
2026-09-28T22:27:48.967518+09:00,80776565,dc7de351,2026-09-28T22:27:48.967518+09:00,2026-09-28T22:27:49.048720+09:00,rail-left-01,rail-right-01,0.6.7-draft,0.6.7-draft,mqtt,mqtt,1259.46,1006.89,7.163,7.237,-0.136,-0.097,0.251,-0.237,10.402,9.64,-0.0705,0.0369,0.038,0.0541,-0.0037,-0.0032,25.11,25.07,18163,20201,2.27,2.525,6.811,7.575,670,670,67,67,0,0,0,0,,,,,,,,,,,,,,,,,0,0,0,0
2026-09-28T22:27:49.139880+09:00,80948461,dc7de351,2026-09-28T22:27:49.139880+09:00,2026-09-28T22:27:49.224131+09:00,rail-left-01,rail-right-01,0.6.7-draft,0.6.7-draft,mqtt,mqtt,1269.9,1015.2,7.169,7.24,0.087,0.081,0.166,-0.204,10.258,9.471,-0.0621,0.0262,0.0342,0.0508,-0.0072,-0.0051,25.11,25.05,18176,20208,2.272,2.526,6.816,7.578,671,671,68,68,0,0,0,0,,,,,,,,,,,,,,,,,0,0,0,0
2026-09-28T22:27:49.160032+09:00,80968613,dc7de351,2026-09-28T22:27:49.160032+09:00,2026-09-28T22:27:49.244283+09:00,rail-left-01,rail-right-01,0.6.7-draft,0.6.7-draft,mqtt,mqtt,1271.15,1016.14,7.36,7.198,0.022,0.079,-0.044,-0.469,10.416,9.552,-0.0624,0.0273,0.0365,0.0522,-0.0071,-0.0063,25.12,25.07,18651,20115,2.331,2.514,6.994,7.543,672,672,68,68,0,0,0,0,,,,,,,,,,,,,,,,,0,0,0,0
2026-09-28T22:27:49.179961+09:00,80988542,dc7de351,2026-09-28T22:27:49.179961+09:00,2026-09-28T22:27:49.264212+09:00,rail-left-01,rail-right-01,0.6.7-draft,0.6.7-draft,mqtt,mqtt,1272.34,1017.14,7.369,7.178,0.014,0.029,-0.103,-0.168,10.325,9.682,-0.0662,0.0253,0.0318,0.0513,-0.0087,-0.0061,25.11,25.09,18675,20069,2.334,2.509,7.003,7.526,673,673,68,68,0,0,0,0,,,,,,,,,,,,,,,,,0,0,0,0
2026-09-28T22:27:49.199924+09:00,81008505,dc7de351,2026-09-28T22:27:49.199924+09:00,2026-09-28T22:27:49.284175+09:00,rail-left-01,rail-right-01,0.6.7-draft,0.6.7-draft,mqtt,mqtt,1273.58,1018.08,7.36,7.14,0.051,0.037,0.104,0.029,10.459,9.92,-0.0622,0.0249,0.0332,0.0525,-0.0073,-0.0063,25.13,25.07,18651,19986,2.331,2.498,6.994,7.495,674,674,68,68,0,0,0,0,,,,,,,,,,,,,,,,,0,0,0,0
2026-09-28T22:27:49.220340+09:00,81028921,dc7de351,2026-09-28T22:27:49.220340+09:00,2026-09-28T22:27:49.304591+09:00,rail-left-01,rail-right-01,0.6.7-draft,0.6.7-draft,mqtt,mqtt,1274.83,1019.08,7.358,7.13,0.127,0.084,0.375,-0.311,10.355,9.64,-0.0638,0.0286,0.0393,0.0574,-0.01,-0.0107,25.09,25.06,18647,19964,2.331,2.496,6.993,7.487,675,675,68,68,0,0,0,0,,,,,,,,,,,,,,,,,0,0,0,0
2026-09-28T22:27:49.240633+09:00,81049214,dc7de351,2026-09-28T22:27:49.240633+09:00,2026-09-28T22:27:49.324884+09:00,rail-left-01,rail-right-01,0.6.7-draft,0.6.7-draft,mqtt,mqtt,1276.02,1020.07,7.356,7.13,0.043,-0.011,0.008,-0.186,10.426,9.619,-0.0646,0.0286,0.0384,0.057,-0.0048,-0.0051,25.08,25.07,18641,19962,2.33,2.495,6.99,7.486,676,676,68,68,0,0,0,0,,,,,,,,,,,,,,,,,0,0,0,0
2026-09-28T22:27:49.260063+09:00,81068644,dc7de351,2026-09-28T22:27:49.260063+09:00,2026-09-28T22:27:49.344314+09:00,rail-left-01,rail-right-01,0.6.7-draft,0.6.7-draft,mqtt,mqtt,1277.21,1021.01,7.354,7.125,0.013,0.087,0.108,-0.095,10.397,9.616,-0.0609,0.0333,0.041,0.0585,-0.0087,-0.0048,25.12,25.06,18637,19952,2.33,2.494,6.989,7.482,677,677,68,68,0,0,0,0,,,,,,,,,,,,,,,,,0,0,0,0
2026-09-28T22:27:49.279985+09:00,81088566,dc7de351,2026-09-28T22:27:49.279985+09:00,2026-09-28T22:27:49.364236+09:00,rail-left-01,rail-right-01,0.6.7-draft,0.6.7-draft,mqtt,mqtt,1278.46,1021.96,7.357,7.134,0.025,0.005,-0.138,-0.08,10.345,9.707,-0.0633,0.0313,0.0396,0.0605,-0.0088,-0.0073,25.14,25.08,18644,19972,2.331,2.497,6.992,7.49,678,678,68,68,0,0,0,0,,,,,,,,,,,,,,,,,0,0,0,0
2026-09-28T22:27:49.299937+09:00,81108518,dc7de351,2026-09-28T22:27:49.299937+09:00,2026-09-28T22:27:49.384188+09:00,rail-left-01,rail-right-01,0.6.7-draft,0.6.7-draft,mqtt,mqtt,1279.65,1022.9,7.354,7.136,-0.006,0.034,0.241,-0.127,10.473,9.673,-0.0592,0.0306,0.0396,0.056,-0.0089,-0.0049,25.1,25.03,18638,19977,2.33,2.497,6.989,7.491,679,679,68,68,0,0,0,0,,,,,,,,,,,,,,,,,0,0,0,0
2026-09-28T22:27:49.319988+09:00,81128569,dc7de351,2026-09-28T22:27:49.319988+09:00,2026-09-28T22:27:49.404239+09:00,rail-left-01,rail-right-01,0.6.7-draft,0.6.7-draft,mqtt,mqtt,1280.84,1023.9,7.348,7.13,0.054,0.057,0.092,-0.226,10.537,9.68,-0.0628,0.0292,0.037,0.0552,-0.0063,-0.0049,25.09,25.04,18622,19963,2.328,2.495,6.983,7.486,680,680,68,68,0,0,0,0,,,,,,,,,,,,,,,,,0,0,0,0
2026-09-28T22:27:49.463593+09:00,81303402,dc7de351,2026-09-28T22:27:49.463593+09:00,2026-09-28T22:27:49.541144+09:00,rail-left-01,rail-right-01,0.6.7-draft,0.6.7-draft,mqtt,mqtt,1291.48,1032.35,7.343,7.123,-0.08,0.034,-0.067,0.059,10.396,9.856,-0.0694,0.0324,0.037,0.0552,-0.0076,-0.0056,25.11,25.06,18610,19948,2.326,2.494,6.979,7.481,681,681,69,69,0,0,0,0,,,,,,,,,,,,,,,,,0,0,0,0
2026-09-28T22:27:49.483727+09:00,81323535,dc7de351,2026-09-28T22:27:49.483727+09:00,2026-09-28T22:27:49.561277+09:00,rail-left-01,rail-right-01,0.6.7-draft,0.6.7-draft,mqtt,mqtt,1292.67,1033.29,7.316,7.143,0.17,0.128,0.321,-0.419,10.521,9.522,-0.0679,0.0284,0.0444,0.0562,-0.0065,-0.002,25.11,25.07,18543,19991,2.318,2.499,6.954,7.497,682,682,69,69,0,0,0,0,,,,,,,,,,,,,,,,,0,0,0,0
2026-09-28T22:27:49.503689+09:00,81343498,dc7de351,2026-09-28T22:27:49.503689+09:00,2026-09-28T22:27:49.581240+09:00,rail-left-01,rail-right-01,0.6.7-draft,0.6.7-draft,mqtt,mqtt,1293.92,1034.29,7.311,7.139,-0.057,-0.139,0.049,-0.147,10.433,9.78,-0.0649,0.0324,0.0386,0.0545,-0.0027,-0.0059,25.09,25.06,18531,19982,2.316,2.498,6.949,7.493,683,683,69,69,0,0,0,0,,,,,,,,,,,,,,,,,0,0,0,0
2026-09-28T22:27:49.523622+09:00,81363431,dc7de351,2026-09-28T22:27:49.523622+09:00,2026-09-28T22:27:49.601173+09:00,rail-left-01,rail-right-01,0.6.7-draft,0.6.7-draft,mqtt,mqtt,1295.11,1035.23,7.304,7.136,0.04,0.061,0.212,-0.436,10.291,9.783,-0.071,0.0362,0.0416,0.0585,-0.0041,0.0024,25.1,25.04,18514,19977,2.314,2.497,6.943,7.491,684,684,69,69,0,0,0,0,,,,,,,,,,,,,,,,,0,0,0,0
2026-09-28T22:27:49.543983+09:00,81383791,dc7de351,2026-09-28T22:27:49.543983+09:00,2026-09-28T22:27:49.621533+09:00,rail-left-01,rail-right-01,0.6.7-draft,0.6.7-draft,mqtt,mqtt,1296.35,1036.23,7.293,7.13,-0.188,-0.068,-0.162,-0.01,10.471,9.963,-0.0695,0.0333,0.0365,0.0525,-0.0097,-0.0017,25.12,25.04,18485,19964,2.311,2.496,6.932,7.487,685,685,69,69,0,0,0,0,,,,,,,,,,,,,,,,,0,0,0,0
2026-09-28T22:27:49.563982+09:00,81403790,dc7de351,2026-09-28T22:27:49.563982+09:00,2026-09-28T22:27:49.641532+09:00,rail-left-01,rail-right-01,0.6.7-draft,0.6.7-draft,mqtt,mqtt,1297.6,1037.22,7.286,7.141,0.139,0.059,0.286,-0.233,10.495,9.882,-0.0636,0.0297,0.0448,0.059,-0.0136,-0.0115,25.12,25.07,18468,19988,2.309,2.499,6.925,7.496,686,686,69,69,0,0,0,0,,,,,,,,,,,,,,,,,0,0,0,0
2026-09-28T22:27:49.583745+09:00,81423553,dc7de351,2026-09-28T22:27:49.583745+09:00,2026-09-28T22:27:49.661295+09:00,rail-left-01,rail-right-01,0.6.7-draft,0.6.7-draft,mqtt,mqtt,1298.79,1038.17,7.275,7.148,-0.047,-0.025,0.281,-0.201,10.615,9.762,-0.0682,0.0285,0.0398,0.0544,-0.0064,-0.0047,25.11,25.04,18441,20002,2.305,2.5,6.915,7.501,687,687,69,69,0,0,0,0,,,,,,,,,,,,,,,,,0,0,0,0
2026-09-28T22:27:49.603680+09:00,81443488,dc7de351,2026-09-28T22:27:49.603680+09:00,2026-09-28T22:27:49.681230+09:00,rail-left-01,rail-right-01,0.6.7-draft,0.6.7-draft,mqtt,mqtt,1299.98,1039.11,7.272,7.148,0.055,0.115,0.104,-0.32,10.487,9.737,-0.0677,0.0325,0.0393,0.0586,-0.0103,-0.0101,25.13,25.06,18434,20004,2.304,2.501,6.913,7.502,688,688,69,69,0,0,0,0,,,,,,,,,,,,,,,,,0,0,0,0
2026-09-28T22:27:49.623655+09:00,81463463,dc7de351,2026-09-28T22:27:49.623655+09:00,2026-09-28T22:27:49.701205+09:00,rail-left-01,rail-right-01,0.6.7-draft,0.6.7-draft,mqtt,mqtt,1301.23,1040.11,7.257,7.152,-0.047,-0.007,0.043,-0.165,10.483,9.768,-0.0665,0.0301,0.0396,0.0601,-0.0061,-0.0028,25.11,25.06,18395,20012,2.299,2.502,6.898,7.505,689,689,69,69,0,0,0,0,,,,,,,,,,,,,,,,,0,0,0,0
2026-09-28T22:27:49.643883+09:00,81483691,dc7de351,2026-09-28T22:27:49.643883+09:00,2026-09-28T22:27:49.721433+09:00,rail-left-01,rail-right-01,0.6.7-draft,0.6.7-draft,mqtt,mqtt,1302.47,1041.05,7.251,7.151,0.019,0.01,0.139,-0.074,10.5,9.984,-0.0653,0.0269,0.0361,0.058,-0.0057,-0.0096,25.13,25.06,18380,20010,2.298,2.501,6.893,7.504,690,690,69,69,0,0,0,0,,,,,,,,,,,,,,,,,0,0,0,0
2026-09-28T22:27:49.766805+09:00,81620453,dc7de351,2026-09-28T22:27:49.766805+09:00,2026-09-28T22:27:49.845193+09:00,rail-left-01,rail-right-01,0.6.7-draft,0.6.7-draft,mqtt,mqtt,1310.77,1047.66,7.247,7.156,-0.044,-0.028,0.13,-0.028,10.325,9.77,-0.0638,0.0349,0.039,0.0556,-0.0077,-0.0072,25.11,25.06,18370,20021,2.296,2.503,6.889,7.508,691,691,70,70,0,0,0,0,,,,,,,,,,,,,,,,,0,0,0,0
2026-09-28T22:27:49.786925+09:00,81640573,dc7de351,2026-09-28T22:27:49.786925+09:00,2026-09-28T22:27:49.865313+09:00,rail-left-01,rail-right-01,0.6.7-draft,0.6.7-draft,mqtt,mqtt,1312.02,1048.66,7.287,7.214,0.067,0.055,0.156,-0.168,10.4,9.717,-0.0618,0.0301,0.0389,0.0576,-0.0103,-0.0076,25.1,25.04,18471,20149,2.309,2.519,6.927,7.556,692,692,70,70,0,0,0,0,,,,,,,,,,,,,,,,,0,0,0,0
2026-09-28T22:27:49.806962+09:00,81660610,dc7de351,2026-09-28T22:27:49.806962+09:00,2026-09-28T22:27:49.885350+09:00,rail-left-01,rail-right-01,0.6.7-draft,0.6.7-draft,mqtt,mqtt,1313.21,1049.6,7.278,7.22,0.124,0.075,0.159,-0.243,10.434,9.686,-0.0621,0.0266,0.0325,0.0502,-0.0069,-0.0087,25.09,25.08,18447,20162,2.306,2.52,6.918,7.561,693,693,70,70,0,0,0,0,,,,,,,,,,,,,,,,,0,0,0,0
2026-09-28T22:27:49.826939+09:00,81680587,dc7de351,2026-09-28T22:27:49.826939+09:00,2026-09-28T22:27:49.905327+09:00,rail-left-01,rail-right-01,0.6.7-draft,0.6.7-draft,mqtt,mqtt,1314.45,1050.55,7.299,7.222,0.146,0.096,0.235,-0.373,10.369,9.72,-0.0644,0.0342,0.043,0.0585,-0.0079,-0.0101,25.08,25.09,18500,20168,2.312,2.521,6.938,7.563,694,694,70,70,0,0,0,0,,,,,,,,,,,,,,,,,0,0,0,0
2026-09-28T22:27:49.846979+09:00,81700627,dc7de351,2026-09-28T22:27:49.846979+09:00,2026-09-28T22:27:49.925367+09:00,rail-left-01,rail-right-01,0.6.7-draft,0.6.7-draft,mqtt,mqtt,1315.64,1051.54,7.292,7.238,-0.03,-0.017,0.047,-0.184,10.372,9.571,-0.0644,0.0321,0.0422,0.0604,-0.0072,-0.0019,25.13,25.08,18483,20203,2.31,2.525,6.931,7.576,695,695,70,70,0,0,0,0,,,,,,,,,,,,,,,,,0,0,0,0
2026-09-28T22:27:49.866948+09:00,81720596,dc7de351,2026-09-28T22:27:49.866948+09:00,2026-09-28T22:27:49.945336+09:00,rail-left-01,rail-right-01,0.6.7-draft,0.6.7-draft,mqtt,mqtt,1316.89,1052.49,7.283,7.239,0.006,0.025,-0.03,-0.105,10.216,9.637,-0.0687,0.0268,0.0404,0.0612,-0.0083,-0.0047,25.12,25.07,18460,20206,2.308,2.526,6.923,7.577,696,696,70,70,0,0,0,0,,,,,,,,,,,,,,,,,0,0,0,0
2026-09-28T22:27:49.886869+09:00,81740517,dc7de351,2026-09-28T22:27:49.886869+09:00,2026-09-28T22:27:49.965257+09:00,rail-left-01,rail-right-01,0.6.7-draft,0.6.7-draft,mqtt,mqtt,1318.08,1053.43,7.26,7.235,0.085,0.059,0.09,-0.256,10.32,9.566,-0.0673,0.0257,0.0444,0.0616,-0.0109,-0.0051,25.11,25.06,18403,20196,2.3,2.525,6.901,7.574,697,697,70,70,0,0,0,0,,,,,,,,,,,,,,,,,0,0,0,0
2026-09-28T22:27:49.906917+09:00,81760565,dc7de351,2026-09-28T22:27:49.906917+09:00,2026-09-28T22:27:49.985305+09:00,rail-left-01,rail-right-01,0.6.7-draft,0.6.7-draft,mqtt,mqtt,1319.27,1054.42,7.198,7.214,0.034,0.018,0.073,-0.26,10.216,9.612,-0.0791,0.0226,0.0385,0.0581,-0.0064,-0.0023,25.08,25.07,18249,20150,2.281,2.519,6.843,7.556,698,698,70,70,0,0,0,0,,,,,,,,,,,,,,,,,0,0,0,0
2026-09-28T22:27:49.926893+09:00,81780541,dc7de351,2026-09-28T22:27:49.926893+09:00,2026-09-28T22:27:50.005281+09:00,rail-left-01,rail-right-01,0.6.7-draft,0.6.7-draft,mqtt,mqtt,1320.52,1055.37,7.116,7.169,0.035,0.032,-0.263,-0.569,10.272,9.509,-0.0823,0.0171,0.0428,0.0617,-0.0065,-0.0036,25.1,25.06,18046,20050,2.256,2.506,6.767,7.519,699,699,70,70,0,0,0,0,,,,,,,,,,,,,,,,,0,0,0,0
2026-09-28T22:27:49.947462+09:00,81801110,dc7de351,2026-09-28T22:27:49.947462+09:00,2026-09-28T22:27:50.025850+09:00,rail-left-01,rail-right-01,0.6.7-draft,0.6.7-draft,mqtt,mqtt,1321.76,1056.36,6.974,7.093,-0.047,-0.031,-0.096,-0.092,10.303,9.616,-0.0843,0.0069,0.0409,0.0605,-0.004,0.0005,25.1,25.06,17691,19880,2.211,2.485,6.634,7.455,700,700,70,70,0,0,0,0,,,,,,,,,,,,,,,,,0,0,0,0
2026-09-28T22:27:50.080404+09:00,81926445,dc7de351,2026-09-28T22:27:50.080404+09:00,2026-09-28T22:27:50.156794+09:00,rail-left-01,rail-right-01,0.6.7-draft,0.6.7-draft,mqtt,mqtt,1329.52,1062.43,6.886,7.038,0.109,0.068,-0.473,-0.606,10.464,10.177,-0.0573,0.0316,0.0433,0.0521,-0.0197,-0.0266,25.09,25.06,17473,19759,2.184,2.47,6.552,7.41,701,701,71,71,0,0,0,0,,,,,,,,,,,,,,,,,0,0,0,0
2026-09-28T22:27:50.100553+09:00,81946594,dc7de351,2026-09-28T22:27:50.100553+09:00,2026-09-28T22:27:50.176943+09:00,rail-left-01,rail-right-01,0.6.7-draft,0.6.7-draft,mqtt,mqtt,1330.76,1063.37,6.314,6.494,-0.072,-0.086,-0.138,-0.727,10.349,9.546,-0.0702,0.0337,0.0406,0.0572,-0.0056,-0.0088,25.14,25.07,16048,18553,2.006,2.319,6.018,6.957,702,702,71,71,0,0,0,0,,,,,,,,,,,,,,,,,0,0,0,0
2026-09-28T22:27:50.120587+09:00,81966628,dc7de351,2026-09-28T22:27:50.120587+09:00,2026-09-28T22:27:50.196977+09:00,rail-left-01,rail-right-01,0.6.7-draft,0.6.7-draft,mqtt,mqtt,1332,1064.32,6.333,6.487,-0.432,-0.273,-0.257,-0.68,10.701,9.517,-0.0653,0.0325,0.0392,0.0488,-0.0077,-0.0063,25.11,25.06,16096,18537,2.012,2.317,6.036,6.951,703,703,71,71,0,0,0,0,,,,,,,,,,,,,,,,,0,0,0,0
2026-09-28T22:27:50.140561+09:00,81986602,dc7de351,2026-09-28T22:27:50.140561+09:00,2026-09-28T22:27:50.216951+09:00,rail-left-01,rail-right-01,0.6.7-draft,0.6.7-draft,mqtt,mqtt,1333.24,1065.31,6.325,6.493,0.198,0.256,0.368,-0.116,10.461,9.706,-0.0604,0.038,0.0394,0.0568,-0.0099,-0.0132,25.11,25.07,16075,18549,2.009,2.319,6.028,6.956,704,704,71,71,0,0,0,0,,,,,,,,,,,,,,,,,0,0,0,0
2026-09-28T22:27:50.161235+09:00,82007276,dc7de351,2026-09-28T22:27:50.161235+09:00,2026-09-28T22:27:50.237625+09:00,rail-left-01,rail-right-01,0.6.7-draft,0.6.7-draft,mqtt,mqtt,1334.49,1066.26,6.325,6.498,-0.002,-0.044,0.13,-0.122,10.374,9.768,-0.0644,0.0362,0.042,0.0582,-0.0109,-0.0084,25.09,25.05,16075,18562,2.009,2.32,6.028,6.961,705,705,71,71,0,0,0,0,,,,,,,,,,,,,,,,,0,0,0,0
2026-09-28T22:27:50.180986+09:00,82027027,dc7de351,2026-09-28T22:27:50.180986+09:00,2026-09-28T22:27:50.257376+09:00,rail-left-01,rail-right-01,0.6.7-draft,0.6.7-draft,mqtt,mqtt,1335.73,1067.25,6.315,6.507,-0.073,0.013,-0.083,-0.293,10.354,9.618,-0.0669,0.0302,0.0381,0.0565,-0.0099,-0.0037,25.09,25.05,16052,18580,2.007,2.323,6.019,6.968,706,706,71,71,0,0,0,0,,,,,,,,,,,,,,,,,0,0,0,0
2026-09-28T22:27:50.200567+09:00,82046608,dc7de351,2026-09-28T22:27:50.200567+09:00,2026-09-28T22:27:50.276956+09:00,rail-left-01,rail-right-01,0.6.7-draft,0.6.7-draft,mqtt,mqtt,1336.97,1068.15,6.293,6.504,0.055,0.048,0.133,-0.385,10.663,9.682,-0.063,0.0313,0.0412,0.0561,-0.0087,-0.0063,25.09,25.06,15995,18574,1.999,2.322,5.998,6.965,707,707,71,71,0,0,0,0,,,,,,,,,,,,,,,,,0,0,0,0
2026-09-28T22:27:50.220467+09:00,82066508,dc7de351,2026-09-28T22:27:50.220467+09:00,2026-09-28T22:27:50.296857+09:00,rail-left-01,rail-right-01,0.6.7-draft,0.6.7-draft,mqtt,mqtt,1338.17,1069.14,6.281,6.494,-0.053,-0.053,-0.09,-0.209,10.424,9.655,-0.0641,0.0356,0.0368,0.0532,-0.0073,-0.0077,25.12,25.07,15967,18551,1.996,2.319,5.988,6.957,708,708,71,71,0,0,0,0,,,,,,,,,,,,,,,,,0,0,0,0
2026-09-28T22:27:50.240449+09:00,82086490,dc7de351,2026-09-28T22:27:50.240449+09:00,2026-09-28T22:27:50.316838+09:00,rail-left-01,rail-right-01,0.6.7-draft,0.6.7-draft,mqtt,mqtt,1339.41,1070.09,6.272,6.478,0.067,0.085,0.097,-0.201,10.37,9.804,-0.0628,0.0373,0.0384,0.0573,-0.0091,-0.0063,25.12,25.07,15945,18516,1.993,2.315,5.979,6.944,709,709,71,71,0,0,0,0,,,,,,,,,,,,,,,,,0,0,0,0
2026-09-28T22:27:50.260679+09:00,82106720,dc7de351,2026-09-28T22:27:50.260679+09:00,2026-09-28T22:27:50.337069+09:00,rail-left-01,rail-right-01,0.6.7-draft,0.6.7-draft,mqtt,mqtt,1340.65,1071.08,6.262,6.46,-0.13,-0.092,0.104,-0.019,10.44,9.71,-0.0605,0.0368,0.0329,0.0494,-0.0096,-0.0073,25.12,25.05,15919,18476,1.99,2.31,5.97,6.929,710,710,71,71,0,0,0,0,,,,,,,,,,,,,,,,,0,0,0,0
2026-09-28T22:27:50.434915+09:00,82236449,dc7de351,2026-09-28T22:27:50.434915+09:00,2026-09-28T22:27:50.519306+09:00,rail-left-01,rail-right-01,0.6.7-draft,0.6.7-draft,mqtt,mqtt,1348.61,1077.3,6.268,6.445,-0.022,0.028,0.028,-0.096,10.464,9.667,-0.0625,0.0329,0.0369,0.0534,-0.0111,-0.0052,25.1,25.07,15934,18444,1.992,2.306,5.975,6.917,711,711,72,72,0,0,0,0,,,,,,,,,,,,,,,,,0,0,0,0
2026-09-28T22:27:50.455267+09:00,82256802,dc7de351,2026-09-28T22:27:50.455267+09:00,2026-09-28T22:27:50.539659+09:00,rail-left-01,rail-right-01,0.6.7-draft,0.6.7-draft,mqtt,mqtt,1349.85,1078.29,6.365,6.391,0.044,-0.019,0.08,-0.286,10.515,9.771,-0.0633,0.0273,0.0361,0.0556,-0.0121,-0.0107,25.11,25.04,16176,18323,2.022,2.29,6.066,6.871,712,712,72,72,0,0,0,0,,,,,,,,,,,,,,,,,0,0,0,0
2026-09-28T22:27:50.475070+09:00,82276605,dc7de351,2026-09-28T22:27:50.475070+09:00,2026-09-28T22:27:50.559462+09:00,rail-left-01,rail-right-01,0.6.7-draft,0.6.7-draft,mqtt,mqtt,1351.09,1079.23,6.366,6.371,-0.025,0.01,0.057,-0.061,10.651,9.729,-0.064,0.0248,0.0354,0.051,-0.0095,-0.0033,25.1,25.08,16179,18280,2.022,2.285,6.067,6.855,713,713,72,72,0,0,0,0,,,,,,,,,,,,,,,,,0,0,0,0
2026-09-28T22:27:50.495015+09:00,82296550,dc7de351,2026-09-28T22:27:50.495015+09:00,2026-09-28T22:27:50.579407+09:00,rail-left-01,rail-right-01,0.6.7-draft,0.6.7-draft,mqtt,mqtt,1352.34,1080.18,6.361,6.328,0.059,0.128,0.016,-0.506,10.454,9.621,-0.0665,0.0268,0.0297,0.0524,-0.0111,-0.006,25.1,25.03,16166,18184,2.021,2.273,6.062,6.819,714,714,72,72,0,0,0,0,,,,,,,,,,,,,,,,,0,0,0,0
2026-09-28T22:27:50.515609+09:00,82317143,dc7de351,2026-09-28T22:27:50.515609+09:00,2026-09-28T22:27:50.600000+09:00,rail-left-01,rail-right-01,0.6.7-draft,0.6.7-draft,mqtt,mqtt,1353.58,1081.17,6.354,6.266,-0.044,0.012,-0.056,0.066,10.491,9.839,-0.0606,0.0257,0.0321,0.0522,-0.0056,-0.0036,25.09,25.08,16148,18047,2.019,2.256,6.056,6.768,715,715,72,72,0,0,0,0,,,,,,,,,,,,,,,,,0,0,0,0
2026-09-28T22:27:50.535579+09:00,82337114,dc7de351,2026-09-28T22:27:50.535579+09:00,2026-09-28T22:27:50.619971+09:00,rail-left-01,rail-right-01,0.6.7-draft,0.6.7-draft,mqtt,mqtt,1354.82,1082.17,6.354,6.256,0.11,0.218,0.095,-0.16,10.505,9.784,-0.0621,0.0309,0.0388,0.0576,-0.0109,-0.0096,25.1,25.07,16149,18025,2.019,2.253,6.056,6.759,716,716,72,72,0,0,0,0,,,,,,,,,,,,,,,,,0,0,0,0
2026-09-28T22:27:50.554969+09:00,82356503,dc7de351,2026-09-28T22:27:50.554969+09:00,2026-09-28T22:27:50.639360+09:00,rail-left-01,rail-right-01,0.6.7-draft,0.6.7-draft,mqtt,mqtt,1356.02,1083.06,6.344,6.261,-0.138,-0.123,0.253,-0.199,10.465,9.753,-0.0667,0.0336,0.0406,0.0562,-0.0103,-0.0069,25.08,25.07,16124,18034,2.016,2.254,6.047,6.763,717,717,72,72,0,0,0,0,,,,,,,,,,,,,,,,,0,0,0,0
2026-09-28T22:27:50.575069+09:00,82376604,dc7de351,2026-09-28T22:27:50.575069+09:00,2026-09-28T22:27:50.659461+09:00,rail-left-01,rail-right-01,0.6.7-draft,0.6.7-draft,mqtt,mqtt,1357.21,1084.06,6.342,6.262,0.078,0.099,0.141,-0.285,10.388,9.716,-0.0634,0.028,0.0376,0.0572,-0.0108,-0.0096,25.08,25.05,16119,18037,2.015,2.255,6.045,6.764,718,718,72,72,0,0,0,0,,,,,,,,,,,,,,,,,0,0,0,0
2026-09-28T22:27:50.595068+09:00,82396603,dc7de351,2026-09-28T22:27:50.595068+09:00,2026-09-28T22:27:50.679460+09:00,rail-left-01,rail-right-01,0.6.7-draft,0.6.7-draft,mqtt,mqtt,1358.45,1085,6.331,6.256,0.048,0.053,-0.061,-0.359,10.552,9.817,-0.0681,0.0312,0.0326,0.0557,-0.0084,-0.0093,25.12,25.05,16091,18023,2.011,2.253,6.034,6.759,719,719,72,72,0,0,0,0,,,,,,,,,,,,,,,,,0,0,0,0
2026-09-28T22:27:50.615113+09:00,82416648,dc7de351,2026-09-28T22:27:50.615113+09:00,2026-09-28T22:27:50.699505+09:00,rail-left-01,rail-right-01,0.6.7-draft,0.6.7-draft,mqtt,mqtt,1359.7,1086,6.328,6.251,-0.012,0.031,0.139,-0.267,10.299,9.731,-0.065,0.0342,0.0398,0.0589,-0.0099,-0.0052,25.11,25.09,16082,18013,2.01,2.252,6.031,6.755,720,720,72,72,0,0,0,0,,,,,,,,,,,,,,,,,0,0,0,0
2026-09-28T22:27:50.751325+09:00,82598436,dc7de351,2026-09-28T22:27:50.751325+09:00,2026-09-28T22:27:50.800754+09:00,rail-left-01,rail-right-01,0.6.7-draft,0.6.7-draft,mqtt,mqtt,1370.78,1094.75,6.31,6.251,-0.008,0.035,-0.121,-0.073,10.422,9.682,-0.0679,0.0312,0.0369,0.0518,-0.0047,-0.0024,25.09,25.06,16039,18013,2.005,2.252,6.015,6.755,721,721,73,73,0,0,0,0,,,,,,,,,,,,,,,,,0,0,0,0
2026-09-28T22:27:50.771468+09:00,82618579,dc7de351,2026-09-28T22:27:50.771468+09:00,2026-09-28T22:27:50.820897+09:00,rail-left-01,rail-right-01,0.6.7-draft,0.6.7-draft,mqtt,mqtt,1372.03,1095.74,6.202,6.198,0.024,0.038,0.229,-0.201,10.517,9.691,-0.0634,0.024,0.0356,0.0528,-0.0067,-0.004,25.12,25.07,15770,17895,1.971,2.237,5.914,6.711,722,722,73,73,0,0,0,0,,,,,,,,,,,,,,,,,0,0,0,0
2026-09-28T22:27:50.791417+09:00,82638528,dc7de351,2026-09-28T22:27:50.791417+09:00,2026-09-28T22:27:50.840846+09:00,rail-left-01,rail-right-01,0.6.7-draft,0.6.7-draft,mqtt,mqtt,1373.22,1096.69,6.168,6.16,0.169,0.15,0.049,-0.059,10.511,9.268,-0.0574,0.033,0.0534,0.0609,-0.0099,-0.0145,25.09,25.05,15684,17810,1.961,2.226,5.882,6.679,723,723,73,73,0,0,0,0,,,,,,,,,,,,,,,,,0,0,0,0
2026-09-28T22:27:50.811376+09:00,82658487,dc7de351,2026-09-28T22:27:50.811376+09:00,2026-09-28T22:27:50.860805+09:00,rail-left-01,rail-right-01,0.6.7-draft,0.6.7-draft,mqtt,mqtt,1374.46,1097.68,6.099,6.179,-0.081,0.004,-0.273,-0.479,10.473,9.522,-0.0537,0.0353,0.0501,0.0649,-0.0072,-0.0125,25.11,25.07,15514,17853,1.939,2.232,5.818,6.695,724,724,73,73,0,0,0,0,,,,,,,,,,,,,,,,,0,0,0,0
2026-09-28T22:27:50.831641+09:00,82678752,dc7de351,2026-09-28T22:27:50.831641+09:00,2026-09-28T22:27:50.881070+09:00,rail-left-01,rail-right-01,0.6.7-draft,0.6.7-draft,mqtt,mqtt,1375.7,1098.67,5.999,6.187,-0.037,0.005,0.053,-0.572,10.326,9.635,-0.0478,0.0426,0.0469,0.0644,-0.0041,-0.0013,25.11,25.09,15261,17870,1.908,2.234,5.723,6.701,725,725,73,73,0,0,0,0,,,,,,,,,,,,,,,,,0,0,0,0
2026-09-28T22:27:50.851705+09:00,82698816,dc7de351,2026-09-28T22:27:50.851705+09:00,2026-09-28T22:27:50.901134+09:00,rail-left-01,rail-right-01,0.6.7-draft,0.6.7-draft,mqtt,mqtt,1376.9,1099.62,5.914,6.139,-0.13,-0.17,0.005,-0.047,10.52,9.73,-0.0502,0.042,0.0514,0.0597,0.0144,-0.0033,25.09,25.08,14845,17764,1.856,2.22,5.567,6.661,726,726,73,73,0,0,0,0,,,,,,,,,,,,,,,,,0,0,0,0
2026-09-28T22:27:50.871490+09:00,82718601,dc7de351,2026-09-28T22:27:50.871490+09:00,2026-09-28T22:27:50.920919+09:00,rail-left-01,rail-right-01,0.6.7-draft,0.6.7-draft,mqtt,mqtt,1378.14,1100.61,5.846,6.083,0.087,0.166,0.15,-0.285,10.376,9.688,-0.0372,0.0478,0.0544,0.0626,0,-0.0053,25.1,25.07,14512,17641,1.814,2.205,5.442,6.615,727,727,73,73,0,0,0,0,,,,,,,,,,,,,,,,,0,0,0,0
2026-09-28T22:27:50.891444+09:00,82738555,dc7de351,2026-09-28T22:27:50.891444+09:00,2026-09-28T22:27:50.940873+09:00,rail-left-01,rail-right-01,0.6.7-draft,0.6.7-draft,mqtt,mqtt,1379.33,1101.56,5.703,5.983,-0.006,-0.023,0.062,-0.443,10.331,9.552,-0.0368,0.0526,0.0474,0.065,0.0039,0.0032,25.07,25.07,13811,17374,1.726,2.172,5.179,6.515,728,728,73,73,0,0,0,0,,,,,,,,,,,,,,,,,0,0,0,0
2026-09-28T22:27:50.911443+09:00,82758554,dc7de351,2026-09-28T22:27:50.911443+09:00,2026-09-28T22:27:50.960871+09:00,rail-left-01,rail-right-01,0.6.7-draft,0.6.7-draft,mqtt,mqtt,1380.58,1102.55,5.539,5.897,0.016,0.078,-0.245,-0.16,10.375,9.292,-0.0217,0.0636,0.0529,0.0645,-0.0009,-0.0035,25.11,25.07,13002,16961,1.625,2.12,4.876,6.36,729,729,73,73,0,0,0,0,,,,,,,,,,,,,,,,,0,0,0,0
2026-09-28T22:27:50.931507+09:00,82778618,dc7de351,2026-09-28T22:27:50.931507+09:00,2026-09-28T22:27:50.980935+09:00,rail-left-01,rail-right-01,0.6.7-draft,0.6.7-draft,mqtt,mqtt,1381.77,1103.5,5.316,5.796,-0.099,-0.02,0.028,-0.54,10.463,9.626,-0.0177,0.0729,0.0497,0.0618,0.0057,0.0012,25.09,25.07,11909,16473,1.489,2.059,4.466,6.177,730,730,73,73,0,0,0,0,,,,,,,,,,,,,,,,,0,0,0,0
2026-09-28T22:27:51.068234+09:00,82880469,dc7de351,2026-09-28T22:27:51.068234+09:00,2026-09-28T22:27:51.155515+09:00,rail-left-01,rail-right-01,0.6.7-draft,0.6.7-draft,mqtt,mqtt,1388.18,1108.52,5.187,5.726,0.145,-0.079,-1.338,-1.861,9.122,8.194,0.141,0.2122,0.0625,0.0925,-0.0112,0.0004,25.12,25.04,11278,16137,1.41,2.017,4.229,6.051,731,731,74,74,0,0,4,4,,,,,,,,,,,,,,,,,0,0,0,0
2026-09-28T22:27:51.088353+09:00,82900588,dc7de351,2026-09-28T22:27:51.088353+09:00,2026-09-28T22:27:51.175634+09:00,rail-left-01,rail-right-01,0.6.7-draft,0.6.7-draft,mqtt,mqtt,1389.48,1109.51,0,2.734,-1.275,-1.641,1.609,-1.918,18.323,7.077,0.2701,0.3369,-0.0649,-0.0035,-0.0136,0.0153,25.09,25.05,-190,3282,-0.024,0.41,-0.071,1.231,732,732,74,74,0,0,4,4,,,,,,,,,,,,,,,,,0,0,0,0
2026-09-28T22:27:51.108254+09:00,82920489,dc7de351,2026-09-28T22:27:51.108254+09:00,2026-09-28T22:27:51.195535+09:00,rail-left-01,rail-right-01,0.6.7-draft,0.6.7-draft,mqtt,mqtt,1390.72,1110.51,0,0.011,0.992,0.821,1.244,3.281,8.197,18.528,0.3796,0.5325,-0.1883,0.0987,0.2153,0.1482,25.09,25.06,-430,14,-0.054,0.002,-0.161,0.005,733,733,74,74,0,0,4,4,,,,,,,,,,,,,,,,,0,0,0,0
2026-09-28T22:27:51.128322+09:00,82940557,dc7de351,2026-09-28T22:27:51.128322+09:00,2026-09-28T22:27:51.215603+09:00,rail-left-01,rail-right-01,0.6.7-draft,0.6.7-draft,mqtt,mqtt,1391.96,1111.4,0,0.02,1.64,0.929,1.32,-0.267,4.593,0.251,-0.0365,0.056,0.5657,0.0473,0.1919,0.0774,25.1,25.06,-509,17,-0.064,0.002,-0.191,0.006,734,734,74,74,0,0,4,4,,,,,,,,,,,,,,,,,0,0,0,0
2026-09-28T22:27:51.148374+09:00,82960609,dc7de351,2026-09-28T22:27:51.148374+09:00,2026-09-28T22:27:51.235655+09:00,rail-left-01,rail-right-01,0.6.7-draft,0.6.7-draft,mqtt,mqtt,1393.16,1112.3,0,0.017,2.247,-0.747,3.978,4.258,12.592,19.613,-0.0473,-0.1524,0.0179,0.0322,0.1374,0.1096,25.09,25.07,-270,16,-0.034,0.002,-0.101,0.006,735,735,74,74,0,0,4,4,,,,,,,,,,,,,,,,,0,0,0,0
2026-09-28T22:27:51.169271+09:00,82981506,dc7de351,2026-09-28T22:27:51.169271+09:00,2026-09-28T22:27:51.256552+09:00,rail-left-01,rail-right-01,0.6.7-draft,0.6.7-draft,mqtt,mqtt,1394.35,1113.19,0,0.017,2.011,0.253,2.181,2.229,10.011,13.251,0.0044,0.1625,-0.0574,0.1343,0.0885,0.0757,25.1,25.06,-115,16,-0.014,0.002,-0.043,0.006,736,736,74,74,0,0,4,4,,,,,,,,,,,,,,,,,0,0,0,0
2026-09-28T22:27:51.189373+09:00,83001608,dc7de351,2026-09-28T22:27:51.189373+09:00,2026-09-28T22:27:51.276654+09:00,rail-left-01,rail-right-01,0.6.7-draft,0.6.7-draft,mqtt,mqtt,1395.49,1113.99,0.098,0.023,-0.485,1.033,0.162,0.516,8.193,9.68,0.0005,-0.0256,-0.0245,0.083,-0.0238,-0.0222,25.1,25.08,-1,18,0,0.002,0,0.007,737,737,74,74,0,0,4,4,,,,,,,,,,,,,,,,,0,0,0,0
2026-09-28T22:27:51.208329+09:00,83020564,dc7de351,2026-09-28T22:27:51.208329+09:00,2026-09-28T22:27:51.295610+09:00,rail-left-01,rail-right-01,0.6.7-draft,0.6.7-draft,mqtt,mqtt,1396.54,1114.73,0,0.02,-0.147,0.164,0.703,-0.721,8.21,8.498,-0.1079,0.0389,0.0212,0.0592,-0.0522,-0.0125,25.11,25.07,-103,17,-0.013,0.002,-0.039,0.006,738,738,74,74,0,0,4,4,,,,,,,,,,,,,,,,,0,0,0,0
2026-09-28T22:27:51.228250+09:00,83040485,dc7de351,2026-09-28T22:27:51.228250+09:00,2026-09-28T22:27:51.315532+09:00,rail-left-01,rail-right-01,0.6.7-draft,0.6.7-draft,mqtt,mqtt,1397.63,1115.48,0,0.02,0.23,0.281,-0.043,-0.742,8.942,9.746,-0.1027,0.0568,0.0799,0.0482,0.0164,0.0117,25.11,25.03,-60,17,-0.008,0.002,-0.023,0.006,739,739,74,74,0,0,4,4,,,,,,,,,,,,,,,,,0,0,0,0
2026-09-28T22:27:51.248267+09:00,83060502,dc7de351,2026-09-28T22:27:51.248267+09:00,2026-09-28T22:27:51.335548+09:00,rail-left-01,rail-right-01,0.6.7-draft,0.6.7-draft,mqtt,mqtt,1398.67,1116.18,0,0.02,0.379,0.362,0.759,0.018,9.638,9.776,-0.0513,0.0342,0.0661,0.0392,-0.004,-0.0232,25.11,25.04,-77,17,-0.01,0.002,-0.029,0.006,740,740,74,74,0,0,4,4,,,,,,,,,,,,,,,,,0,0,0,0
2026-09-28T22:27:51.394563+09:00,83237442,dc7de351,2026-09-28T22:27:51.394563+09:00,2026-09-28T22:27:51.435200+09:00,rail-left-01,rail-right-01,0.6.7-draft,0.6.7-draft,mqtt,mqtt,1406.58,1120.85,0,0.017,0.032,0.028,0.393,0.032,10.472,9.787,-0.0613,0.0337,0.0374,0.0577,-0.0081,-0.0059,25.11,25.06,-81,16,-0.01,0.002,-0.03,0.006,741,741,75,75,0,0,4,4,,,,,,,,,,,,,,,,,0,0,0,0
2026-09-28T22:27:51.415182+09:00,83258061,dc7de351,2026-09-28T22:27:51.415182+09:00,2026-09-28T22:27:51.455819+09:00,rail-left-01,rail-right-01,0.6.7-draft,0.6.7-draft,mqtt,mqtt,1407.33,1121.2,0,0.02,-0.044,0.019,0.407,0.105,10.506,9.797,-0.045,0.0357,0.0386,0.055,-0.0096,-0.0083,25.11,25.05,-108,17,-0.014,0.002,-0.041,0.006,742,742,75,75,0,0,4,4,,,,,,,,,,,,,,,,,0,0,0,0
2026-09-28T22:27:51.434725+09:00,83277604,dc7de351,2026-09-28T22:27:51.434725+09:00,2026-09-28T22:27:51.475362+09:00,rail-left-01,rail-right-01,0.6.7-draft,0.6.7-draft,mqtt,mqtt,1408.07,1121.54,0,0.023,0.061,0.104,0.469,0.06,10.476,9.677,-0.0582,0.0322,0.0365,0.0553,-0.0099,-0.0089,25.12,25.07,-77,18,-0.01,0.002,-0.029,0.007,743,743,75,75,0,0,4,4,,,,,,,,,,,,,,,,,0,0,0,0
2026-09-28T22:27:51.454668+09:00,83297547,dc7de351,2026-09-28T22:27:51.454668+09:00,2026-09-28T22:27:51.495305+09:00,rail-left-01,rail-right-01,0.6.7-draft,0.6.7-draft,mqtt,mqtt,1408.77,1121.89,0,0.014,0.017,0.032,0.52,0.03,10.396,9.649,-0.0743,0.031,0.038,0.0582,-0.0061,-0.0009,25.1,25.06,-77,15,-0.01,0.002,-0.029,0.006,744,744,75,75,0,0,4,4,,,,,,,,,,,,,,,,,0,0,0,0
2026-09-28T22:27:51.475357+09:00,83318236,dc7de351,2026-09-28T22:27:51.475357+09:00,2026-09-28T22:27:51.515994+09:00,rail-left-01,rail-right-01,0.6.7-draft,0.6.7-draft,mqtt,mqtt,1409.51,1122.19,0,0.02,0.065,0.13,0.287,-0.01,10.482,9.694,-0.0706,0.0329,0.0374,0.0553,-0.0084,-0.0051,25.07,25.07,-80,17,-0.01,0.002,-0.03,0.006,745,745,75,75,0,0,4,4,,,,,,,,,,,,,,,,,0,0,0,0
2026-09-28T22:27:51.495242+09:00,83338121,dc7de351,2026-09-28T22:27:51.495242+09:00,2026-09-28T22:27:51.535879+09:00,rail-left-01,rail-right-01,0.6.7-draft,0.6.7-draft,mqtt,mqtt,1410.16,1122.49,0,0.023,0.011,0.02,0.4,0.034,10.382,9.748,-0.0573,0.0332,0.0393,0.0574,-0.0069,-0.0048,25.09,25.06,-78,18,-0.01,0.002,-0.029,0.007,746,746,75,75,0,0,4,4,,,,,,,,,,,,,,,,,0,0,0,0
2026-09-28T22:27:51.514717+09:00,83357596,dc7de351,2026-09-28T22:27:51.514717+09:00,2026-09-28T22:27:51.555354+09:00,rail-left-01,rail-right-01,0.6.7-draft,0.6.7-draft,mqtt,mqtt,1410.76,1122.74,0,0.023,0.04,0.061,0.511,0.116,10.354,9.722,-0.0606,0.0318,0.0381,0.0544,-0.0109,-0.01,25.1,25.06,-78,18,-0.01,0.002,-0.029,0.007,747,747,75,75,0,0,4,4,,,,,,,,,,,,,,,,,0,0,0,0
2026-09-28T22:27:51.534652+09:00,83377531,dc7de351,2026-09-28T22:27:51.534652+09:00,2026-09-28T22:27:51.575289+09:00,rail-left-01,rail-right-01,0.6.7-draft,0.6.7-draft,mqtt,mqtt,1411.4,1122.99,0,0.02,0.079,0.095,0.353,0.016,10.42,9.71,-0.0699,0.0294,0.0404,0.056,-0.0064,-0.0053,25.1,25.08,-80,17,-0.01,0.002,-0.03,0.006,748,748,75,75,0,0,4,4,,,,,,,,,,,,,,,,,0,0,0,0
2026-09-28T22:27:51.555004+09:00,83397883,dc7de351,2026-09-28T22:27:51.555004+09:00,2026-09-28T22:27:51.595641+09:00,rail-left-01,rail-right-01,0.6.7-draft,0.6.7-draft,mqtt,mqtt,1412,1123.19,0,0.02,0.017,0.048,0.45,0.061,10.374,9.705,-0.0717,0.0298,0.0372,0.055,-0.0071,-0.0045,25.1,25.08,-81,17,-0.01,0.002,-0.03,0.006,749,749,75,75,0,0,4,4,,,,,,,,,,,,,,,,,0,0,0,0
2026-09-28T22:27:51.574789+09:00,83417668,dc7de351,2026-09-28T22:27:51.574789+09:00,2026-09-28T22:27:51.615426+09:00,rail-left-01,rail-right-01,0.6.7-draft,0.6.7-draft,mqtt,mqtt,1412.55,1123.38,0,0.014,0.072,0.098,0.369,0.018,10.446,9.675,-0.0663,0.033,0.0405,0.0564,-0.0083,-0.0068,25.09,25.06,-83,15,-0.01,0.002,-0.031,0.006,750,750,75,75,0,0,4,4,,,,,,,,,,,,,,,,,0,0,0,0
2026-09-28T22:27:51.673443+09:00,83519440,dc7de351,2026-09-28T22:27:51.673443+09:00,2026-09-28T22:27:51.768920+09:00,rail-left-01,rail-right-01,0.6.7-draft,0.6.7-draft,mqtt,mqtt,1415.13,1123.98,0,0.026,0.045,0.062,0.435,0.066,10.451,9.701,-0.0602,0.0333,0.0377,0.0553,-0.0095,-0.0068,25.08,25.08,-82,19,-0.01,0.002,-0.031,0.007,751,751,76,76,0,0,4,4,,,,,,,,,,,,,,,,,0,0,0,0
2026-09-28T22:27:51.693462+09:00,83539459,dc7de351,2026-09-28T22:27:51.693462+09:00,2026-09-28T22:27:51.788939+09:00,rail-left-01,rail-right-01,0.6.7-draft,0.6.7-draft,mqtt,mqtt,1415.58,1124.08,0,0.023,0.051,0.037,0.476,0.05,10.448,9.742,-0.0628,0.0318,0.0382,0.0548,-0.0081,-0.0061,25.07,25.07,-78,18,-0.01,0.002,-0.029,0.007,752,752,76,76,0,0,4,4,,,,,,,,,,,,,,,,,0,0,0,0
2026-09-28T22:27:51.713558+09:00,83559554,dc7de351,2026-09-28T22:27:51.713558+09:00,2026-09-28T22:27:51.809034+09:00,rail-left-01,rail-right-01,0.6.7-draft,0.6.7-draft,mqtt,mqtt,1415.98,1124.13,0,0.023,0.029,0.067,0.396,0.043,10.491,9.756,-0.0707,0.0298,0.038,0.0562,-0.0064,-0.0048,25.09,25.07,-79,18,-0.01,0.002,-0.03,0.007,753,753,76,76,0,0,4,4,,,,,,,,,,,,,,,,,0,0,0,0
2026-09-28T22:27:51.733585+09:00,83579582,dc7de351,2026-09-28T22:27:51.733585+09:00,2026-09-28T22:27:51.829062+09:00,rail-left-01,rail-right-01,0.6.7-draft,0.6.7-draft,mqtt,mqtt,1416.37,1124.18,0,0.026,0.078,0.071,0.443,0.054,10.461,9.683,-0.067,0.0318,0.0381,0.0561,-0.0071,-0.0064,25.12,25.08,-80,19,-0.01,0.002,-0.03,0.007,754,754,76,76,0,0,4,4,,,,,,,,,,,,,,,,,0,0,0,0
2026-09-28T22:27:51.753687+09:00,83599684,dc7de351,2026-09-28T22:27:51.753687+09:00,2026-09-28T22:27:51.849164+09:00,rail-left-01,rail-right-01,0.6.7-draft,0.6.7-draft,mqtt,mqtt,1416.77,1124.18,0,0.017,0.026,0.035,0.396,0.081,10.465,9.681,-0.0614,0.032,0.0372,0.0552,-0.0092,-0.0071,25.12,25.06,-81,16,-0.01,0.002,-0.03,0.006,755,755,76,76,0,0,4,4,,,,,,,,,,,,,,,,,0,0,0,0
2026-09-28T22:27:51.773618+09:00,83619615,dc7de351,2026-09-28T22:27:51.773618+09:00,2026-09-28T22:27:51.869095+09:00,rail-left-01,rail-right-01,0.6.7-draft,0.6.7-draft,mqtt,mqtt,1417.12,1124.18,0,0.02,0.047,0.107,0.456,0.079,10.44,9.716,-0.0665,0.0324,0.0381,0.0576,-0.0088,-0.0049,25.11,25.08,-81,17,-0.01,0.002,-0.03,0.006,756,756,76,76,0,0,4,4,,,,,,,,,,,,,,,,,0,0,0,0
2026-09-28T22:27:51.793608+09:00,83639605,dc7de351,2026-09-28T22:27:51.793608+09:00,2026-09-28T22:27:51.889085+09:00,rail-left-01,rail-right-01,0.6.7-draft,0.6.7-draft,mqtt,mqtt,1417.47,1124.18,0,0.02,0.019,0.014,0.423,0.018,10.432,9.72,-0.0667,0.0316,0.0385,0.0553,-0.0088,-0.0055,25.09,25.07,-77,17,-0.01,0.002,-0.029,0.006,757,757,76,76,0,0,4,4,,,,,,,,,,,,,,,,,0,0,0,0
2026-09-28T22:27:51.813448+09:00,83659445,dc7de351,2026-09-28T22:27:51.813448+09:00,2026-09-28T22:27:51.908925+09:00,rail-left-01,rail-right-01,0.6.7-draft,0.6.7-draft,mqtt,mqtt,1417.82,1124.18,0,0.023,0.051,0.071,0.412,0.078,10.452,9.689,-0.0653,0.0309,0.0404,0.0556,-0.0071,-0.0068,25.1,25.05,-79,18,-0.01,0.002,-0.03,0.007,758,758,76,76,0,0,4,4,,,,,,,,,,,,,,,,,0,0,0,0
2026-09-28T22:27:51.833487+09:00,83679484,dc7de351,2026-09-28T22:27:51.833487+09:00,2026-09-28T22:27:51.928964+09:00,rail-left-01,rail-right-01,0.6.7-draft,0.6.7-draft,mqtt,mqtt,1418.11,1124.18,0,0.026,0.051,0.084,0.412,0.042,10.428,9.701,-0.0654,0.0316,0.0405,0.0573,-0.0075,-0.0049,25.12,25.08,-80,19,-0.01,0.002,-0.03,0.007,759,759,76,76,0,0,4,4,,,,,,,,,,,,,,,,,0,0,0,0
2026-09-28T22:27:51.853644+09:00,83699641,dc7de351,2026-09-28T22:27:51.853644+09:00,2026-09-28T22:27:51.949121+09:00,rail-left-01,rail-right-01,0.6.7-draft,0.6.7-draft,mqtt,mqtt,1418.41,1124.18,0,0.017,0.042,0.089,0.409,0.055,10.451,9.704,-0.0661,0.0325,0.038,0.055,-0.0088,-0.0057,25.1,25.04,-78,16,-0.01,0.002,-0.029,0.006,760,760,76,76,0,0,4,4,,,,,,,,,,,,,,,,,0,0,0,0
2026-09-28T22:27:52.041331+09:00,83849393,dc7de351,2026-09-28T22:27:52.041331+09:00,2026-09-28T22:27:52.129069+09:00,rail-left-01,rail-right-01,0.6.7-draft,0.6.7-draft,mqtt,mqtt,1420.15,1124.18,0,0.023,0.061,0.013,0.425,0.051,10.442,9.701,-0.0669,0.032,0.0398,0.0556,-0.0097,-0.008,25.11,25.07,-89,18,-0.011,0.002,-0.033,0.007,761,761,77,77,0,0,4,4,,,,,,,,,,,,,,,,,0,0,0,0
2026-09-28T22:27:52.061344+09:00,83869406,dc7de351,2026-09-28T22:27:52.061344+09:00,2026-09-28T22:27:52.149081+09:00,rail-left-01,rail-right-01,0.6.7-draft,0.6.7-draft,mqtt,mqtt,1420.3,1124.18,0,0.02,0.062,0.055,0.414,0.042,10.465,9.704,-0.0659,0.031,0.0393,0.0561,-0.0068,-0.0056,25.12,25.07,-78,17,-0.01,0.002,-0.029,0.006,762,762,77,77,0,0,4,4,,,,,,,,,,,,,,,,,0,0,0,0
2026-09-28T22:27:52.081362+09:00,83889424,dc7de351,2026-09-28T22:27:52.081362+09:00,2026-09-28T22:27:52.169100+09:00,rail-left-01,rail-right-01,0.6.7-draft,0.6.7-draft,mqtt,mqtt,1420.45,1124.18,0,0.026,0.049,0.053,0.43,0.068,10.458,9.713,-0.0666,0.032,0.0381,0.0564,-0.0089,-0.006,25.11,25.06,-79,19,-0.01,0.002,-0.03,0.007,763,763,77,77,0,0,4,4,,,,,,,,,,,,,,,,,0,0,0,0
2026-09-28T22:27:52.101452+09:00,83909514,dc7de351,2026-09-28T22:27:52.101452+09:00,2026-09-28T22:27:52.189189+09:00,rail-left-01,rail-right-01,0.6.7-draft,0.6.7-draft,mqtt,mqtt,1420.6,1124.18,0,0.014,0.051,0.062,0.435,0.063,10.448,9.701,-0.0649,0.033,0.0378,0.056,-0.0084,-0.0047,25.11,25.07,-79,15,-0.01,0.002,-0.03,0.006,764,764,77,77,0,0,4,4,,,,,,,,,,,,,,,,,0,0,0,0
2026-09-28T22:27:52.121609+09:00,83929671,dc7de351,2026-09-28T22:27:52.121609+09:00,2026-09-28T22:27:52.209347+09:00,rail-left-01,rail-right-01,0.6.7-draft,0.6.7-draft,mqtt,mqtt,1420.75,1124.18,0,0.026,0.044,0.053,0.448,0.043,10.469,9.711,-0.0657,0.031,0.0384,0.0572,-0.0083,-0.0064,25.11,25.06,-81,19,-0.01,0.002,-0.03,0.007,765,765,77,77,0,0,4,4,,,,,,,,,,,,,,,,,0,0,0,0
2026-09-28T22:27:52.141808+09:00,83949870,dc7de351,2026-09-28T22:27:52.141808+09:00,2026-09-28T22:27:52.229545+09:00,rail-left-01,rail-right-01,0.6.7-draft,0.6.7-draft,mqtt,mqtt,1420.85,1124.18,0,0.017,0.024,0.024,0.402,0.043,10.457,9.722,-0.0644,0.033,0.0394,0.057,-0.0084,-0.006,25.11,25.06,-80,16,-0.01,0.002,-0.03,0.006,766,766,77,77,0,0,4,4,,,,,,,,,,,,,,,,,0,0,0,0
2026-09-28T22:27:52.161448+09:00,83969510,dc7de351,2026-09-28T22:27:52.161448+09:00,2026-09-28T22:27:52.249186+09:00,rail-left-01,rail-right-01,0.6.7-draft,0.6.7-draft,mqtt,mqtt,1420.95,1124.18,0,0.023,0.055,0.034,0.443,0.073,10.434,9.723,-0.0652,0.0312,0.0392,0.0562,-0.008,-0.0057,25.1,25.07,-73,18,-0.009,0.002,-0.027,0.007,767,767,77,77,0,0,4,4,,,,,,,,,,,,,,,,,0,0,0,0
2026-09-28T22:27:52.181470+09:00,83989532,dc7de351,2026-09-28T22:27:52.181470+09:00,2026-09-28T22:27:52.269208+09:00,rail-left-01,rail-right-01,0.6.7-draft,0.6.7-draft,mqtt,mqtt,1421.05,1124.18,0,0.023,0.057,0.04,0.377,0.036,10.458,9.713,-0.0646,0.0316,0.0382,0.0561,-0.0092,-0.0077,25.11,25.07,-78,18,-0.01,0.002,-0.029,0.007,768,768,77,77,0,0,4,4,,,,,,,,,,,,,,,,,0,0,0,0
2026-09-28T22:27:52.201610+09:00,84009672,dc7de351,2026-09-28T22:27:52.201610+09:00,2026-09-28T22:27:52.289348+09:00,rail-left-01,rail-right-01,0.6.7-draft,0.6.7-draft,mqtt,mqtt,1421.1,1124.18,0,0.02,0.057,0.014,0.432,0.028,10.449,9.693,-0.0648,0.0326,0.0401,0.0565,-0.0084,-0.0053,25.1,25.05,-76,17,-0.01,0.002,-0.029,0.006,769,769,77,77,0,0,4,4,,,,,,,,,,,,,,,,,0,0,0,0
2026-09-28T22:27:52.221622+09:00,84029684,dc7de351,2026-09-28T22:27:52.221622+09:00,2026-09-28T22:27:52.309360+09:00,rail-left-01,rail-right-01,0.6.7-draft,0.6.7-draft,mqtt,mqtt,1421.2,1124.18,0,0.023,0.035,0.031,0.43,0.054,10.453,9.725,-0.0638,0.0325,0.0373,0.0557,-0.0085,-0.0067,25.1,25.07,-78,18,-0.01,0.002,-0.029,0.007,770,770,77,77,0,0,4,4,,,,,,,,,,,,,,,,,0,0,0,0
2026-09-28T22:27:52.362569+09:00,84208422,dc7de351,2026-09-28T22:27:52.362569+09:00,2026-09-28T22:27:52.443697+09:00,rail-left-01,rail-right-01,0.6.7-draft,0.6.7-draft,mqtt,mqtt,1421.3,1124.18,0,0.011,0.055,0.066,0.438,0.045,10.441,9.724,-0.0648,0.0314,0.0389,0.056,-0.0071,-0.0061,25.11,25.04,-89,14,-0.011,0.002,-0.033,0.005,771,771,78,78,0,0,4,4,,,,,,,,,,,,,,,,,0,0,0,0
2026-09-28T22:27:52.382724+09:00,84228576,dc7de351,2026-09-28T22:27:52.382724+09:00,2026-09-28T22:27:52.463851+09:00,rail-left-01,rail-right-01,0.6.7-draft,0.6.7-draft,mqtt,mqtt,1421.3,1124.18,0,0.012,0.049,0.062,0.433,0.054,10.487,9.687,-0.0646,0.0321,0.0392,0.056,-0.0077,-0.0075,25.09,25.04,-78,18,-0.01,0.002,-0.029,0.007,772,772,78,78,0,0,4,4,,,,,,,,,,,,,,,,,0,0,0,0
2026-09-28T22:27:52.402721+09:00,84248573,dc7de351,2026-09-28T22:27:52.402721+09:00,2026-09-28T22:27:52.483848+09:00,rail-left-01,rail-right-01,0.6.7-draft,0.6.7-draft,mqtt,mqtt,1421.3,1124.18,0,0.013,0.055,0.063,0.408,0.048,10.475,9.701,-0.0662,0.0313,0.0394,0.055,-0.0075,-0.0053,25.08,25.07,-80,17,-0.01,0.002,-0.03,0.006,773,773,78,78,0,0,4,4,,,,,,,,,,,,,,,,,0,0,0,0
2026-09-28T22:27:52.422672+09:00,84268525,dc7de351,2026-09-28T22:27:52.422672+09:00,2026-09-28T22:27:52.503800+09:00,rail-left-01,rail-right-01,0.6.7-draft,0.6.7-draft,mqtt,mqtt,1421.3,1124.18,0,0.014,0.051,0.045,0.409,0.03,10.457,9.738,-0.0642,0.0324,0.0384,0.0554,-0.0089,-0.0069,25.09,25.05,-83,19,-0.01,0.002,-0.031,0.007,774,774,78,78,0,0,4,4,,,,,,,,,,,,,,,,,0,0,0,0
2026-09-28T22:27:52.442925+09:00,84288777,dc7de351,2026-09-28T22:27:52.442925+09:00,2026-09-28T22:27:52.524052+09:00,rail-left-01,rail-right-01,0.6.7-draft,0.6.7-draft,mqtt,mqtt,1421.3,1124.18,0,0.014,0.062,0.062,0.426,0.038,10.434,9.726,-0.0654,0.0332,0.0397,0.0557,-0.0073,-0.0057,25.1,25.07,-79,15,-0.01,0.002,-0.03,0.006,775,775,78,78,0,0,4,4,,,,,,,,,,,,,,,,,0,0,0,0
2026-09-28T22:27:52.463113+09:00,84308966,dc7de351,2026-09-28T22:27:52.463113+09:00,2026-09-28T22:27:52.544241+09:00,rail-left-01,rail-right-01,0.6.7-draft,0.6.7-draft,mqtt,mqtt,1421.3,1124.18,0,0.015,0.035,0.074,0.45,0.051,10.453,9.683,-0.0648,0.0312,0.0388,0.0556,-0.0075,-0.0049,25.11,25.05,-77,18,-0.01,0.002,-0.029,0.007,776,776,78,78,0,0,4,4,,,,,,,,,,,,,,,,,0,0,0,0
2026-09-28T22:27:52.482643+09:00,84328495,dc7de351,2026-09-28T22:27:52.482643+09:00,2026-09-28T22:27:52.563770+09:00,rail-left-01,rail-right-01,0.6.7-draft,0.6.7-draft,mqtt,mqtt,1421.3,1124.18,0,0.016,0.045,0.031,0.426,0.054,10.434,9.716,-0.0663,0.0324,0.0386,0.0577,-0.0091,-0.0064,25.09,25.06,-79,19,-0.01,0.002,-0.03,0.007,777,777,78,78,0,0,4,4,,,,,,,,,,,,,,,,,0,0,0,0
2026-09-28T22:27:52.502643+09:00,84348495,dc7de351,2026-09-28T22:27:52.502643+09:00,2026-09-28T22:27:52.583770+09:00,rail-left-01,rail-right-01,0.6.7-draft,0.6.7-draft,mqtt,mqtt,1421.3,1124.18,0,0.017,0.045,0.054,0.427,0.05,10.495,9.713,-0.0652,0.032,0.0398,0.0561,-0.0081,-0.0049,25.1,25.05,-78,18,-0.01,0.002,-0.029,0.007,778,778,78,78,0,0,4,4,,,,,,,,,,,,,,,,,0,0,0,0
2026-09-28T22:27:52.522637+09:00,84368489,dc7de351,2026-09-28T22:27:52.522637+09:00,2026-09-28T22:27:52.603764+09:00,rail-left-01,rail-right-01,0.6.7-draft,0.6.7-draft,mqtt,mqtt,1421.3,1124.18,0,0.017,0.042,0.049,0.412,0.066,10.445,9.712,-0.0649,0.032,0.0382,0.056,-0.0061,-0.0068,25.09,25.07,-78,16,-0.01,0.002,-0.029,0.006,779,779,78,78,0,0,4,4,,,,,,,,,,,,,,,,,0,0,0,0
2026-09-28T22:27:52.542648+09:00,84388500,dc7de351,2026-09-28T22:27:52.542648+09:00,2026-09-28T22:27:52.623775+09:00,rail-left-01,rail-right-01,0.6.7-draft,0.6.7-draft,mqtt,mqtt,1421.3,1124.18,0,0.017,0.071,0.051,0.437,0.066,10.454,9.704,-0.065,0.0318,0.038,0.0557,-0.0079,-0.0043,25.11,25.05,-73,17,-0.009,0.002,-0.027,0.006,780,780,78,78,0,0,4,4,,,,,,,,,,,,,,,,,0,0,0,0
