time,uptime_us,boot_id,time_left,time_right,left_device_id,right_device_id,left_firmware_version,right_firmware_version,left_source,right_source,left_position_mm,right_position_mm,left_sensor_distance_mm,right_sensor_distance_mm,left_mpu_accel_x,right_mpu_accel_x,left_mpu_accel_y,right_mpu_accel_y,left_mpu_accel_z,right_mpu_accel_z,left_mpu_gyro_x,right_mpu_gyro_x,left_mpu_gyro_y,right_mpu_gyro_y,left_mpu_gyro_z,right_mpu_gyro_z,left_mpu_temp_c,right_mpu_temp_c,left_adc_raw,right_adc_raw,left_adc_voltage_v,right_adc_voltage_v,left_sensor_voltage_v,right_sensor_voltage_v,left_sample_seq,right_sample_seq,left_batch_seq,right_batch_seq,left_dropped_batches,right_dropped_batches,left_status_flags,right_status_flags,left_tilt_deg,right_tilt_deg,left_roll_deg,right_roll_deg,left_delta_mm,right_delta_mm,left_distance_delta_mm,right_distance_delta_mm,left_m_mm,right_m_mm,left_dm_dx,right_dm_dx,left_ddelta_dx,right_ddelta_dx,left_apeak,right_apeak,left_magnitude_mm,right_magnitude_mm,left_abnormal_score,right_abnormal_score
2026-09-28T22:10:33.088964+09:00,59880111,e5477175,2026-09-28T22:10:33.088964+09:00,2026-09-28T22:10:33.176579+09:00,rail-left-01,rail-right-01,0.6.7-draft,0.6.7-draft,mqtt,mqtt,0.05,0,5.822,6.427,-0.104,0.146,0.054,-0.221,10.44,9.718,-0.0655,0.0322,0.0316,0.0562,-0.0087,-0.0059,25.07,25.06,14393,18404,1.799,2.301,5.397,6.902,1,1,1,1,0,0,0,0,,0.03415545,,0.03415545,,-0.61036649,,-0.61036649,,0.15568917,,0,,0,,0.60535,0,0.38044235,0,0
2026-09-28T22:10:33.108863+09:00,59900010,e5477175,2026-09-28T22:10:33.108863+09:00,2026-09-28T22:10:33.196478+09:00,rail-left-01,rail-right-01,0.6.7-draft,0.6.7-draft,mqtt,mqtt,0.15,0.15,5.815,6.427,-0.182,0.099,0.078,-0.213,10.489,9.737,-0.0653,0.0322,0.033,0.0582,-0.0071,-0.0073,25.07,25.03,14357,18404,1.795,2.301,5.384,6.902,2,2,1,1,0,0,0,0,,-0.0326853,,-0.0326853,,-0.61036649,,-0.61036649,,0.15568917,,0,,0,,0.60535,0,0.38044235,0,0
2026-09-28T22:10:33.128266+09:00,59919413,e5477175,2026-09-28T22:10:33.128266+09:00,2026-09-28T22:10:33.215881+09:00,rail-left-01,rail-right-01,0.6.7-draft,0.6.7-draft,mqtt,mqtt,0.4,0.3,5.812,6.428,-0.14,0.102,0.063,-0.231,10.464,9.741,-0.067,0.0309,0.0308,0.057,-0.0071,-0.0055,25.04,25.05,14346,18405,1.793,2.301,5.38,6.902,3,3,1,1,0,0,0,0,,-0.05211593,,-0.05211593,,-0.61069983,,-0.61069983,,0.15585584,,0.00333333,,-0.00666667,,0.60535,0,0.38045624,0,0
2026-09-28T22:10:33.148344+09:00,59939491,e5477175,2026-09-28T22:10:33.148344+09:00,2026-09-28T22:10:33.235960+09:00,rail-left-01,rail-right-01,0.6.7-draft,0.6.7-draft,mqtt,mqtt,0.7,0.6,5.815,6.428,-0.223,0.311,-1.086,-0.694,10.412,9.718,-0.0645,0.0325,0.0257,0.0614,-0.0061,-0.0095,25.08,25.06,14358,18405,1.795,2.301,5.384,6.902,4,4,1,1,0,0,0,0,,0.08685806,,0.08685806,,-0.61086649,,-0.61086649,,0.15593917,,0.00190476,,-0.00380952,,0.60535,0,0.38046319,0,0
2026-09-28T22:10:33.168232+09:00,59959379,e5477175,2026-09-28T22:10:33.168232+09:00,2026-09-28T22:10:33.255847+09:00,rail-left-01,rail-right-01,0.6.7-draft,0.6.7-draft,mqtt,mqtt,1.09,0.94,5.819,6.43,-0.223,0.134,-0.34,-0.809,10.467,9.572,-0.0649,0.0328,0.0253,0.0538,-0.0031,0.0037,25.04,25.06,14378,18410,1.797,2.301,5.392,6.904,5,5,1,1,0,0,0,0,,0.06948645,,0.06948645,,-0.61136649,,-0.61136649,,0.15618917,,0.00306694,,-0.00613388,,0.60535,0,0.38048402,0,0
2026-09-28T22:10:33.188245+09:00,59979392,e5477175,2026-09-28T22:10:33.188245+09:00,2026-09-28T22:10:33.275860+09:00,rail-left-01,rail-right-01,0.6.7-draft,0.6.7-draft,mqtt,mqtt,1.59,1.34,5.823,6.422,-0.18,0.073,0.229,-0.095,10.324,9.71,-0.062,0.0324,0.0372,0.0564,-0.0085,-0.0019,25.07,25.05,14396,18392,1.8,2.299,5.399,6.897,6,6,1,1,0,0,0,0,,0.02895669,,0.02895669,,-0.61036649,,-0.61036649,,0.15568917,,-0.00228606,,0.00457213,,0.60535,0,0.38044235,0,0
2026-09-28T22:10:33.209332+09:00,60000479,e5477175,2026-09-28T22:10:33.209332+09:00,2026-09-28T22:10:33.296947+09:00,rail-left-01,rail-right-01,0.6.7-draft,0.6.7-draft,mqtt,mqtt,2.14,1.79,5.826,6.42,-0.146,0.129,0.049,-0.552,10.448,9.746,-0.062,0.0329,0.0268,0.0606,-0.0071,-0.0123,25.06,25.06,14411,18387,1.801,2.298,5.404,6.895,7,7,1,1,0,0,0,0,,0.02278978,,0.02278978,,-0.60936649,,-0.60936649,,0.15518917,,-0.00397949,,0.00795898,,0.60535,0,0.38040069,0,0
2026-09-28T22:10:33.229457+09:00,60020604,e5477175,2026-09-28T22:10:33.229457+09:00,2026-09-28T22:10:33.317073+09:00,rail-left-01,rail-right-01,0.6.7-draft,0.6.7-draft,mqtt,mqtt,2.73,2.29,5.811,6.422,-0.075,0.031,-0.233,-0.411,10.555,9.72,-0.0652,0.032,0.0229,0.0589,-0.0017,-0.0036,25.05,25.07,14339,18393,1.792,2.299,5.377,6.897,8,8,1,1,0,0,0,0,,-0.01670094,,-0.01670094,,-0.60886649,,-0.60886649,,0.15493917,,-0.00334538,,0.00669075,,0.60535,0,0.38037985,0,0
2026-09-28T22:10:33.248359+09:00,60039506,e5477175,2026-09-28T22:10:33.248359+09:00,2026-09-28T22:10:33.335974+09:00,rail-left-01,rail-right-01,0.6.7-draft,0.6.7-draft,mqtt,mqtt,3.38,2.83,5.783,6.425,-0.116,0.078,0.172,-0.294,10.514,9.79,-0.0642,0.0321,0.039,0.052,-0.0064,-0.0004,25.06,25.08,14203,18399,1.775,2.3,5.326,6.9,9,9,1,1,0,0,0,0,,-0.03249235,,-0.03249235,,-0.60881094,,-0.60881094,,0.15491139,,-0.00209741,,0.00419482,,0.60535,0,0.38037754,0,0
2026-09-28T22:10:33.268382+09:00,60059529,e5477175,2026-09-28T22:10:33.268382+09:00,2026-09-28T22:10:33.355997+09:00,rail-left-01,rail-right-01,0.6.7-draft,0.6.7-draft,mqtt,mqtt,4.03,3.38,5.796,6.417,-0.134,0.047,0.147,-0.328,10.412,9.603,-0.0628,0.0334,0.039,0.055,-0.0115,-0.0095,25.06,25.07,14267,18382,1.783,2.298,5.35,6.893,10,10,1,1,0,0,0,0,,-0.05414794,,-0.05414794,,-0.60796649,,-0.60796649,,0.15448917,,-0.00270229,,0.00540457,,0.60535,0,0.38034235,0,0
2026-09-28T22:10:33.410291+09:00,60335436,e5477175,2026-09-28T22:10:33.410291+09:00,2026-09-28T22:10:33.497120+09:00,rail-left-01,rail-right-01,0.6.7-draft,0.6.7-draft,mqtt,mqtt,16.06,13.37,5.816,6.416,-0.023,0.215,0.045,-0.002,10.342,9.784,-0.0699,0.0332,0.0361,0.0556,-0.0111,-0.0132,25.04,25.07,14364,18379,1.796,2.297,5.387,6.892,11,11,2,2,0,0,0,0,-0.09170082,-0.29814303,-0.09170082,-0.29814303,-0.6054574,-0.54017602,-0.6054574,-0.54017602,0.1550528,0.18435584,0.00064948,0.00627201,0.00402535,0.01398613,0.60535,0.74735,0.38023781,0.37751775,0,0
2026-09-28T22:10:33.430398+09:00,60355543,e5477175,2026-09-28T22:10:33.430398+09:00,2026-09-28T22:10:33.517227+09:00,rail-left-01,rail-right-01,0.6.7-draft,0.6.7-draft,mqtt,mqtt,17,14.17,5.865,6.453,-0.08,0.166,-0.065,-0.184,10.497,9.723,-0.0693,0.0314,0.0378,0.0556,-0.0095,-0.0059,25.06,25.07,14606,18460,1.826,2.308,5.477,6.923,12,12,2,2,0,0,0,0,-0.12607507,-0.26333786,-0.12607507,-0.26333786,-0.59928316,-0.53482104,-0.59928316,-0.53482104,0.15756417,0.18850735,0.00242209,0.00654932,0.0072343,0.01326489,0.69035,0.74735,0.37998055,0.37729463,0,0
2026-09-28T22:10:33.450393+09:00,60375538,e5477175,2026-09-28T22:10:33.450393+09:00,2026-09-28T22:10:33.537222+09:00,rail-left-01,rail-right-01,0.6.7-draft,0.6.7-draft,mqtt,mqtt,18,15.01,5.876,6.46,-0.111,0.09,0.123,-0.271,10.458,9.774,-0.0677,0.031,0.037,0.0562,-0.0087,-0.0041,25.02,25.08,14656,18476,1.832,2.31,5.496,6.929,13,13,2,2,0,0,0,0,-0.1581082,-0.2410075,-0.1581082,-0.2410075,-0.59321265,-0.53023606,-0.59321265,-0.53023606,0.16011225,0.19245004,0.00320493,0.00674107,0.00863357,0.01262679,0.69035,0.74735,0.37972761,0.37710359,0,0
2026-09-28T22:10:33.470343+09:00,60395488,e5477175,2026-09-28T22:10:33.470343+09:00,2026-09-28T22:10:33.557171+09:00,rail-left-01,rail-right-01,0.6.7-draft,0.6.7-draft,mqtt,mqtt,18.99,15.81,5.873,6.465,-0.144,0.069,0.224,-0.351,10.543,9.626,-0.0618,0.0333,0.0404,0.0558,-0.0103,-0.0044,25.05,25.05,14642,18487,1.83,2.311,5.491,6.933,14,14,2,2,0,0,0,0,-0.18857949,-0.22296762,-0.18857949,-0.22296762,-0.58822364,-0.52624149,-0.58822364,-0.52624149,0.16218917,0.19616834,0.00346956,0.00687305,0.00904393,0.01206629,0.73635,0.74735,0.37951973,0.37693715,0,0
2026-09-28T22:10:33.490381+09:00,60415526,e5477175,2026-09-28T22:10:33.490381+09:00,2026-09-28T22:10:33.577210+09:00,rail-left-01,rail-right-01,0.6.7-draft,0.6.7-draft,mqtt,mqtt,19.99,16.66,5.887,6.479,-0.14,0.042,-0.096,-0.365,10.326,9.618,-0.063,0.0321,0.0393,0.0586,-0.0131,-0.0113,25.05,25.05,14712,18519,1.839,2.315,5.517,6.945,15,15,2,2,0,0,0,0,-0.21764259,-0.20946319,-0.21764259,-0.20946319,-0.58296649,-0.52312649,-0.58296649,-0.52312649,0.16445584,0.19986917,0.00377289,0.00701093,0.00955226,0.01146264,0.73635,0.74735,0.37930069,0.37680735,0,0
2026-09-28T22:10:33.510650+09:00,60435795,e5477175,2026-09-28T22:10:33.510650+09:00,2026-09-28T22:10:33.597479+09:00,rail-left-01,rail-right-01,0.6.7-draft,0.6.7-draft,mqtt,mqtt,20.98,17.5,5.901,6.492,-0.083,0.158,-0.001,-0.277,10.518,9.687,-0.0629,0.0316,0.035,0.0532,-0.0093,-0.0067,25.06,25.08,14782,18547,1.848,2.318,5.543,6.955,16,16,2,2,0,0,0,0,-0.24494071,-0.18426994,-0.24494071,-0.18426994,-0.57749149,-0.52075111,-0.57749149,-0.52075111,0.16687667,0.20353532,0.00408985,0.00714783,0.01009977,0.01084317,0.73635,0.74735,0.37907256,0.37670838,0,0
2026-09-28T22:10:33.530416+09:00,60455561,e5477175,2026-09-28T22:10:33.530416+09:00,2026-09-28T22:10:33.617245+09:00,rail-left-01,rail-right-01,0.6.7-draft,0.6.7-draft,mqtt,mqtt,21.98,18.35,5.914,6.49,-0.178,0.083,0.177,-0.166,10.43,9.612,-0.0553,0.0309,0.035,0.0525,-0.0089,-0.0048,25.02,25.07,14846,18544,1.856,2.318,5.567,6.954,17,17,2,2,0,0,0,0,-0.27128533,-0.16884436,-0.27128533,-0.16884436,-0.5718959,-0.5184776,-0.5718959,-0.5184776,0.16939505,0.20689287,0.00439882,0.00722221,0.01063885,0.01033675,0.73635,0.74735,0.37883941,0.37661365,0,0
2026-09-28T22:10:33.550921+09:00,60476066,e5477175,2026-09-28T22:10:33.550921+09:00,2026-09-28T22:10:33.637750+09:00,rail-left-01,rail-right-01,0.6.7-draft,0.6.7-draft,mqtt,mqtt,23.02,19.19,5.954,6.5,-0.099,0.127,0.158,-0.294,10.554,9.849,-0.0618,0.0322,0.0285,0.0518,-0.0079,-0.008,25.04,25.06,15041,18566,1.88,2.321,5.64,6.962,18,18,2,2,0,0,0,0,-0.29612765,-0.15016553,-0.29612765,-0.15016553,-0.56469983,-0.51672364,-0.56469983,-0.51672364,0.17274472,0.21018917,0.00495067,0.0072964,0.01166842,0.00982456,0.74735,0.74735,0.37853958,0.37654057,0,0
2026-09-28T22:10:33.570616+09:00,60495761,e5477175,2026-09-28T22:10:33.570616+09:00,2026-09-28T22:10:33.657445+09:00,rail-left-01,rail-right-01,0.6.7-draft,0.6.7-draft,mqtt,mqtt,24.01,20.04,5.989,6.508,-0.242,0.014,0.013,-0.28,10.494,9.58,-0.0617,0.0292,0.0345,0.0514,-0.0124,-0.0041,25.06,25.07,15213,18583,1.902,2.323,5.705,6.969,19,19,2,2,0,0,0,0,-0.32058788,-0.14379918,-0.32058788,-0.14379918,-0.55641912,-0.51536649,-0.55641912,-0.51536649,0.17666285,0.21339607,0.00560935,0.00736308,0.01291655,0.00932314,0.74735,0.74735,0.37819455,0.37648402,0,0
2026-09-28T22:10:33.590812+09:00,60515957,e5477175,2026-09-28T22:10:33.590812+09:00,2026-09-28T22:10:33.677641+09:00,rail-left-01,rail-right-01,0.6.7-draft,0.6.7-draft,mqtt,mqtt,25.06,20.93,6.01,6.514,-0.002,0.147,0.219,-0.211,10.373,9.779,-0.0609,0.0329,0.033,0.0577,-0.0123,-0.0099,25.03,25.07,15291,18596,1.911,2.325,5.734,6.974,20,20,2,2,0,0,0,0,-0.34332142,-0.12526407,-0.34332142,-0.12526407,-0.54791649,-0.51429983,-0.54791649,-0.51429983,0.18071417,0.21648917,0.00622506,0.00741657,0.01408178,0.00884244,0.74735,0.74735,0.37784027,0.37643958,0,0
2026-09-28T22:10:33.998344+09:00,60657458,e5477175,2026-09-28T22:10:33.998344+09:00,2026-09-28T22:10:34.180620+09:00,rail-left-01,rail-right-01,0.6.7-draft,0.6.7-draft,mqtt,mqtt,32.37,27,6.013,6.518,-0.134,0.069,0.153,-0.436,10.374,9.728,-0.0629,0.0321,0.0378,0.0568,-0.0083,-0.0085,25.03,25.06,15298,18606,1.912,2.326,5.737,6.977,21,21,3,3,0,0,0,0,-0.13317662,-0.21986808,-0.13317662,-0.21986808,-0.5132052,-0.48268357,-0.5132052,-0.48268357,0.2194311,0.25231112,0.00728308,0.0074558,0.00813286,0.00753482,0.74735,0.85335,0.37639397,0.37512223,0,0
2026-09-28T22:10:34.018450+09:00,60677564,e5477175,2026-09-28T22:10:34.018450+09:00,2026-09-28T22:10:34.200726+09:00,rail-left-01,rail-right-01,0.6.7-draft,0.6.7-draft,mqtt,mqtt,33.41,27.89,6.089,6.585,-0.057,0.159,0.177,-0.293,10.297,9.679,-0.0646,0.0352,0.0372,0.0581,-0.0108,-0.0085,25.05,25.04,15488,18754,1.936,2.344,5.808,7.033,22,22,3,3,0,0,0,0,-0.14147885,-0.21376118,-0.14147885,-0.21376118,-0.50980399,-0.48200935,-0.50980399,-0.48200935,0.22337667,0.25562964,0.00740672,0.00746818,0.00805677,0.00711139,0.74735,0.85335,0.37625225,0.37509414,0,0
2026-09-28T22:10:34.038361+09:00,60697475,e5477175,2026-09-28T22:10:34.038361+09:00,2026-09-28T22:10:34.220637+09:00,rail-left-01,rail-right-01,0.6.7-draft,0.6.7-draft,mqtt,mqtt,34.45,28.79,6.106,6.598,-0.181,0.062,-0.016,-0.142,10.501,9.651,-0.0666,0.0322,0.0372,0.0589,-0.0087,-0.0069,25.03,25.06,15531,18783,1.941,2.348,5.824,7.044,23,23,3,3,0,0,0,0,-0.15050406,-0.2143006,-0.15050406,-0.2143006,-0.50609377,-0.48166882,-0.50609377,-0.48166882,0.22734068,0.25894498,0.00753373,0.00749005,0.00807403,0.00669354,0.74735,0.85335,0.37609766,0.37507995,0,0
2026-09-28T22:10:34.058451+09:00,60717565,e5477175,2026-09-28T22:10:34.058451+09:00,2026-09-28T22:10:34.240727+09:00,rail-left-01,rail-right-01,0.6.7-draft,0.6.7-draft,mqtt,mqtt,35.55,29.63,6.115,6.594,-0.053,0.153,0.077,-0.206,10.397,10.056,-0.0632,0.0337,0.0316,0.0554,-0.0079,-0.0067,25.05,25.07,15554,18774,1.944,2.347,5.833,7.04,24,24,3,3,0,0,0,0,-0.15964923,-0.20899012,-0.15964923,-0.20899012,-0.50233708,-0.48125286,-0.50233708,-0.48125286,0.23120387,0.26206417,0.00763913,0.00749128,0.00811371,0.00634005,0.74735,0.85335,0.37594113,0.37506262,0,0
2026-09-28T22:10:34.079015+09:00,60738129,e5477175,2026-09-28T22:10:34.079015+09:00,2026-09-28T22:10:34.261291+09:00,rail-left-01,rail-right-01,0.6.7-draft,0.6.7-draft,mqtt,mqtt,36.64,30.53,6.138,6.602,-0.14,0.024,0.104,-0.347,10.451,9.516,-0.0644,0.0325,0.0249,0.0597,-0.0077,-0.0077,25.06,25.07,15609,18791,1.951,2.349,5.853,7.047,25,25,3,3,0,0,0,0,-0.16906402,-0.21204481,-0.16906402,-0.21204481,-0.49813792,-0.48103316,-0.49813792,-0.48103316,0.23517488,0.26513361,0.00776446,0.00749435,0.00824343,0.00599953,0.74735,0.85335,0.37576616,0.37505347,0,0
2026-09-28T22:10:34.098993+09:00,60758107,e5477175,2026-09-28T22:10:34.098993+09:00,2026-09-28T22:10:34.281269+09:00,rail-left-01,rail-right-01,0.6.7-draft,0.6.7-draft,mqtt,mqtt,37.69,31.42,6.131,6.614,-0.053,0.147,0.229,-0.018,10.26,9.7,-0.0637,0.0317,0.0418,0.0638,-0.0084,-0.0056,25.05,25.07,15594,18818,1.949,2.352,5.848,7.057,26,26,3,3,0,0,0,0,-0.17866794,-0.20737397,-0.17866794,-0.20737397,-0.49436649,-0.48108388,-0.49436649,-0.48108388,0.23882806,0.26820004,0.00783223,0.00750512,0.0082966,0.00565829,0.74735,0.85335,0.37560902,0.37505558,0,0
2026-09-28T22:10:34.118374+09:00,60777488,e5477175,2026-09-28T22:10:34.118374+09:00,2026-09-28T22:10:34.300650+09:00,rail-left-01,rail-right-01,0.6.7-draft,0.6.7-draft,mqtt,mqtt,38.73,32.27,6.095,6.615,-0.221,0.049,0.119,-0.429,10.619,9.747,-0.0556,0.032,0.036,0.0628,-0.0139,-0.0091,25.04,25.07,15503,18821,1.938,2.353,5.814,7.058,27,27,3,3,0,0,0,0,-0.18879676,-0.20875623,-0.18879676,-0.20875623,-0.4917719,-0.48115373,-0.4917719,-0.48115373,0.24179728,0.27114662,0.00778869,0.00750682,0.0081575,0.00534937,0.81235,0.85335,0.37550091,0.37505849,0,0
2026-09-28T22:10:34.138508+09:00,60797622,e5477175,2026-09-28T22:10:34.138508+09:00,2026-09-28T22:10:34.320784+09:00,rail-left-01,rail-right-01,0.6.7-draft,0.6.7-draft,mqtt,mqtt,39.77,33.16,6.054,6.624,-0.051,0.134,0.389,-0.241,10.381,9.57,-0.071,0.0376,0.0333,0.0496,-0.0056,-0.0015,25.03,25.06,15400,18841,1.925,2.355,5.775,7.065,28,28,3,3,0,0,0,0,-0.1988786,-0.2051152,-0.1988786,-0.2051152,-0.49039281,-0.48140816,-0.49039281,-0.48140816,0.24407075,0.27406417,0.00764612,0.0075115,0.00784461,0.00504535,0.81235,0.85335,0.37544345,0.37506909,0,0
2026-09-28T22:10:34.158437+09:00,60817551,e5477175,2026-09-28T22:10:34.158437+09:00,2026-09-28T22:10:34.340713+09:00,rail-left-01,rail-right-01,0.6.7-draft,0.6.7-draft,mqtt,mqtt,40.87,34.06,6.109,6.609,-0.217,0.103,-0.116,-0.223,10.294,10.086,-0.071,0.0342,0.0333,0.0588,-0.0088,-0.0092,25.03,25.07,15539,18808,1.942,2.351,5.827,7.053,29,29,3,3,0,0,0,0,-0.20935881,-0.20335277,-0.20935881,-0.20335277,-0.48767418,-0.48134608,-0.48767418,-0.48134608,0.24693276,0.27670958,0.00761812,0.00748713,0.00778136,0.00480871,0.81235,0.85335,0.37533017,0.3750665,0,0
2026-09-28T22:10:34.178520+09:00,60837634,e5477175,2026-09-28T22:10:34.178520+09:00,2026-09-28T22:10:34.360796+09:00,rail-left-01,rail-right-01,0.6.7-draft,0.6.7-draft,mqtt,mqtt,41.91,34.95,6.11,6.627,-0.146,0.098,0.375,-0.232,10.66,9.424,-0.0667,0.0233,0.0312,0.0644,-0.0116,-0.0089,25.05,25.07,15540,18847,1.943,2.356,5.828,7.068,30,30,3,3,0,0,0,0,-0.21995504,-0.2020244,-0.21995504,-0.2020244,-0.48506649,-0.48164649,-0.48506649,-0.48164649,0.24966417,0.27942917,0.00758054,0.00747961,0.00771488,0.00454702,0.85335,0.85335,0.37522152,0.37507902,0,0
2026-09-28T22:10:34.628227+09:00,61515393,e5477175,2026-09-28T22:10:34.628227+09:00,2026-09-28T22:10:34.713869+09:00,rail-left-01,rail-right-01,0.6.7-draft,0.6.7-draft,mqtt,mqtt,78.55,65.43,6.103,6.652,-0.193,-0.005,0.26,0.047,10.49,9.878,-0.0652,0.0334,0.0433,0.0596,-0.0037,-0.0059,25.06,25.07,15522,18902,1.94,2.363,5.821,7.088,31,31,4,4,1,0,0,0,-0.932017,-0.96862969,-0.932017,-0.96862969,-0.50336649,-0.50036649,-0.50336649,-0.50036649,0.40918917,0.4129619,0,0.00194315,0,0.00128702,0.68335,0.76335,0.39405273,0.39392773,0,0
2026-09-28T22:10:34.648384+09:00,61535550,e5477175,2026-09-28T22:10:34.648384+09:00,2026-09-28T22:10:34.734026+09:00,rail-left-01,rail-right-01,0.6.7-draft,0.6.7-draft,mqtt,mqtt,79.65,66.37,6.113,6.44,0.005,0.111,0.219,-0.324,10.57,9.716,-0.0641,0.033,0.036,0.0553,-0.0049,-0.0039,25.05,25.06,15548,18433,1.944,2.304,5.831,6.912,32,32,4,4,1,0,0,0,-0.93610427,-0.91030776,-0.93610427,-0.91030776,-0.49836649,-0.48161649,-0.49836649,-0.48161649,0.41168917,0.40656417,0.00909091,-0.00100545,0.01818182,0.0067992,0.76335,0.76335,0.3938444,0.39314648,0,0
2026-09-28T22:10:34.668296+09:00,61555462,e5477175,2026-09-28T22:10:34.668296+09:00,2026-09-28T22:10:34.753938+09:00,rail-left-01,rail-right-01,0.6.7-draft,0.6.7-draft,mqtt,mqtt,80.74,67.27,6.115,6.448,-0.128,0.041,-0.016,-0.298,10.343,9.655,-0.0654,0.0281,0.0437,0.0573,-0.0076,-0.0083,25.06,25.1,15554,18451,1.944,2.306,5.833,6.919,33,33,4,4,1,0,0,0,-0.94634159,-0.87630011,-0.94634159,-0.87630011,-0.49603316,-0.46636649,-0.49603316,-0.46636649,0.41285584,0.4014584,0.00548497,-0.00193477,0.01096995,0.00848629,0.76335,0.76335,0.39374718,0.39251107,0,0
2026-09-28T22:10:34.688263+09:00,61575429,e5477175,2026-09-28T22:10:34.688263+09:00,2026-09-28T22:10:34.773905+09:00,rail-left-01,rail-right-01,0.6.7-draft,0.6.7-draft,mqtt,mqtt,81.84,68.16,6.091,6.45,-0.011,0.186,0.099,-0.183,10.489,9.585,-0.0666,0.032,0.0449,0.0633,-0.0089,-0.0093,25.06,25.09,15492,18455,1.937,2.307,5.81,6.921,34,34,4,4,1,0,0,0,-0.95480559,-0.81777519,-0.95480559,-0.81777519,-0.50086649,-0.45343792,-0.50086649,-0.45343792,0.41043917,0.39715345,-0.00310518,-0.00237322,-0.00621035,0.00924886,0.76335,0.76335,0.39394857,0.39197238,0,0
2026-09-28T22:10:34.708297+09:00,61595463,e5477175,2026-09-28T22:10:34.708297+09:00,2026-09-28T22:10:34.793939+09:00,rail-left-01,rail-right-01,0.6.7-draft,0.6.7-draft,mqtt,mqtt,82.93,69.06,6.049,6.466,-0.174,0.069,0.15,-0.22,10.228,9.765,-0.0713,0.0305,0.0429,0.0576,-0.0067,-0.0055,25.06,25.08,15388,18490,1.924,2.311,5.771,6.934,35,35,4,4,1,0,0,0,-0.96588103,-0.78903358,-0.96588103,-0.78903358,-0.51216649,-0.44329983,-0.51216649,-0.44329983,0.40478917,0.39395584,-0.01186561,-0.00253222,-0.02373122,0.00947595,0.76335,0.76335,0.3944194,0.39154996,0,0
2026-09-28T22:10:34.728283+09:00,61615449,e5477175,2026-09-28T22:10:34.728283+09:00,2026-09-28T22:10:34.813925+09:00,rail-left-01,rail-right-01,0.6.7-draft,0.6.7-draft,mqtt,mqtt,84.02,69.95,6.076,6.453,-0.133,0.117,-0.127,-0.107,10.442,9.544,-0.057,0.0306,0.0232,0.0533,-0.0079,-0.0077,25.06,25.07,15457,18461,1.932,2.308,5.796,6.923,36,36,4,4,1,0,0,0,-0.97547815,-0.75559077,-0.97547815,-0.75559077,-0.51519983,-0.43361649,-0.51519983,-0.43361649,0.4032725,0.39075167,-0.00916645,-0.00268813,-0.01833289,0.00970916,0.76335,0.76335,0.39454579,0.39114648,0,0
2026-09-28T22:10:34.748371+09:00,61635537,e5477175,2026-09-28T22:10:34.748371+09:00,2026-09-28T22:10:34.834013+09:00,rail-left-01,rail-right-01,0.6.7-draft,0.6.7-draft,mqtt,mqtt,85.12,70.9,6.099,6.448,-0.01,0.128,-0.002,-0.35,10.469,9.938,-0.0577,0.0328,0.0317,0.0568,-0.0084,-0.0059,25.05,25.09,15514,18449,1.939,2.306,5.818,6.918,37,37,4,4,1,0,0,0,-0.98288287,-0.72398421,-0.98288287,-0.72398421,-0.51408078,-0.42477826,-0.51408078,-0.42477826,0.40383203,0.3877774,-0.00495874,-0.00280856,-0.00991748,0.00987742,0.76335,0.76335,0.39449916,0.39077822,0,0
2026-09-28T22:10:34.768263+09:00,61655429,e5477175,2026-09-28T22:10:34.768263+09:00,2026-09-28T22:10:34.853905+09:00,rail-left-01,rail-right-01,0.6.7-draft,0.6.7-draft,mqtt,mqtt,86.21,71.79,6.119,6.453,-0.107,0.068,0.044,-0.103,10.351,9.706,-0.0675,0.0312,0.0374,0.0548,-0.0093,-0.0047,25.05,25.08,15562,18460,1.945,2.308,5.836,6.923,38,38,4,4,1,0,0,0,-0.99062183,-0.70546333,-0.99062183,-0.70546333,-0.51074149,-0.41719983,-0.51074149,-0.41719983,0.40550167,0.3852725,-0.00127333,-0.00287048,-0.00254667,0.00993362,0.76335,0.76335,0.39436003,0.39046246,0,0
2026-09-28T22:10:34.788253+09:00,61675419,e5477175,2026-09-28T22:10:34.788253+09:00,2026-09-28T22:10:34.873895+09:00,rail-left-01,rail-right-01,0.6.7-draft,0.6.7-draft,mqtt,mqtt,87.31,72.69,6.138,6.462,-0.023,0.159,-0.044,-0.401,10.461,9.512,-0.0655,0.0306,0.0384,0.0556,-0.0127,-0.0091,25.04,25.09,15611,18480,1.951,2.31,5.854,6.93,39,39,4,4,1,0,0,0,-0.9975449,-0.67540329,-0.9975449,-0.67540329,-0.50603316,-0.41089281,-0.50603316,-0.41089281,0.40785584,0.38326812,0.00169218,-0.00288011,0.00338436,0.00988848,0.76335,0.76335,0.39416385,0.39019966,0,0
2026-09-28T22:10:34.808461+09:00,61695627,e5477175,2026-09-28T22:10:34.808461+09:00,2026-09-28T22:10:34.894103+09:00,rail-left-01,rail-right-01,0.6.7-draft,0.6.7-draft,mqtt,mqtt,88.4,73.58,6.144,6.469,-0.206,0.041,0.124,0.05,10.536,9.761,-0.0655,0.033,0.0448,0.0549,-0.0019,-0.0044,25.07,25.08,15626,18497,1.953,2.312,5.86,6.936,40,40,4,4,1,0,0,0,-1.0062736,-0.66492128,-1.0062736,-0.66492128,-0.50166649,-0.40556649,-0.50166649,-0.40556649,0.41003917,0.38163917,0.00340708,-0.00285913,0.00681416,0.00978462,0.76335,0.76335,0.3939819,0.38997773,0,0
2026-09-28T22:10:34.947931+09:00,61873450,e5477175,2026-09-28T22:10:34.947931+09:00,2026-09-28T22:10:35.027932+09:00,rail-left-01,rail-right-01,0.6.7-draft,0.6.7-draft,mqtt,mqtt,98.19,81.64,6.146,6.476,-0.269,0.008,-0.006,0.101,10.38,9.535,-0.0648,0.0357,0.0569,0.0525,-0.0045,0.0004,25.05,25.09,15629,18511,1.954,2.314,5.861,6.942,41,41,5,5,1,0,0,0,-0.67396817,-0.74318751,-0.67396817,-0.74318751,-0.40065221,-0.3285923,-0.40065221,-0.3285923,0.38021298,0.39141498,-0.00273116,-0.00020763,0.00935163,0.01062469,0.76335,0.76335,0.38977297,0.38938809,0,0
2026-09-28T22:10:34.968065+09:00,61893584,e5477175,2026-09-28T22:10:34.968065+09:00,2026-09-28T22:10:35.048066+09:00,rail-left-01,rail-right-01,0.6.7-draft,0.6.7-draft,mqtt,mqtt,99.29,82.53,6.195,6.549,0.071,0.226,0.183,-0.339,10.4,9.572,-0.0662,0.032,0.0538,0.0544,-0.0011,-0.0013,25.05,25.08,15753,18675,1.969,2.334,5.907,7.003,42,42,5,5,1,0,0,0,-0.68286794,-0.71242554,-0.68286794,-0.71242554,-0.3939574,-0.32408524,-0.3939574,-0.32408524,0.38003008,0.39451729,-0.00247321,0.00016042,0.00930484,0.01041262,0.76335,0.76335,0.38949402,0.38951735,0,0
2026-09-28T22:10:34.987974+09:00,61913493,e5477175,2026-09-28T22:10:34.987974+09:00,2026-09-28T22:10:35.067975+09:00,rail-left-01,rail-right-01,0.6.7-draft,0.6.7-draft,mqtt,mqtt,100.38,83.43,6.19,6.547,-0.136,-0.042,0.08,-0.14,10.324,9.809,-0.0613,0.0365,0.048,0.0589,-0.0067,-0.0075,25.08,25.06,15740,18669,1.968,2.334,5.903,7.001,43,43,5,5,1,0,0,0,-0.69245091,-0.70665872,-0.69245091,-0.70665872,-0.38806214,-0.31979073,-0.38806214,-0.31979073,0.37975439,0.39740129,-0.00228141,0.00046596,0.00921218,0.0102256,0.76335,0.76335,0.38924839,0.38963752,0,0
2026-09-28T22:10:35.008072+09:00,61933591,e5477175,2026-09-28T22:10:35.008072+09:00,2026-09-28T22:10:35.088073+09:00,rail-left-01,rail-right-01,0.6.7-draft,0.6.7-draft,mqtt,mqtt,101.47,84.32,6.192,6.564,0.06,0.226,0.208,-0.171,10.487,9.554,-0.0638,0.0301,0.0376,0.0557,-0.0059,-0.004,25.04,25.09,15745,18708,1.968,2.339,5.904,7.016,44,44,5,5,1,0,0,0,-0.7014541,-0.67877424,-0.7014541,-0.67877424,-0.38257483,-0.31624885,-0.38257483,-0.31624885,0.37954334,0.40036564,-0.00211839,0.00075143,0.00912352,0.00999974,0.76335,0.76335,0.38901975,0.38976103,0,0
2026-09-28T22:10:35.027937+09:00,61953456,e5477175,2026-09-28T22:10:35.027937+09:00,2026-09-28T22:10:35.107938+09:00,rail-left-01,rail-right-01,0.6.7-draft,0.6.7-draft,mqtt,mqtt,102.57,85.22,6.232,6.571,-0.207,0.068,0.026,-0.114,10.144,9.681,-0.056,0.0308,0.0207,0.0549,-0.0129,-0.0059,25.04,25.07,15844,18722,1.981,2.34,5.942,7.021,45,45,5,5,1,0,0,0,-0.71073387,-0.66541863,-0.71073387,-0.66541863,-0.37592649,-0.31310935,-0.37592649,-0.31310935,0.38014917,0.4032606,-0.00188712,0.00100603,0.0092165,0.00977204,0.76335,0.76335,0.38891868,0.38988166,0,0
2026-09-28T22:10:35.048360+09:00,61973879,e5477175,2026-09-28T22:10:35.048360+09:00,2026-09-28T22:10:35.128361+09:00,rail-left-01,rail-right-01,0.6.7-draft,0.6.7-draft,mqtt,mqtt,103.71,86.16,6.281,6.585,-0.047,0.093,0.134,-0.448,10.336,9.708,-0.0564,0.0353,0.034,0.0564,-0.0112,-0.0043,25.04,25.07,15966,18755,1.996,2.344,5.987,7.033,46,46,5,5,1,0,0,0,-0.71983873,-0.6508166,-0.71983873,-0.6508166,-0.36790495,-0.31053316,-0.36790495,-0.31053316,0.38165071,0.40618917,-0.00158511,0.00124511,0.00948398,0.009523,0.76335,0.76335,0.38898124,0.39000368,0,0
2026-09-28T22:10:35.067966+09:00,61993485,e5477175,2026-09-28T22:10:35.067966+09:00,2026-09-28T22:10:35.147967+09:00,rail-left-01,rail-right-01,0.6.7-draft,0.6.7-draft,mqtt,mqtt,104.81,87.06,6.297,6.595,-0.056,0.11,-0.117,-0.135,10.412,10.019,-0.0616,0.03,0.0338,0.0589,-0.0109,-0.0109,25.04,25.06,16005,18775,2.001,2.347,6.002,7.041,47,47,5,5,1,0,0,0,-0.7287802,-0.63565591,-0.7287802,-0.63565591,-0.35988501,-0.30836649,-0.35988501,-0.30836649,0.38333732,0.40909457,-0.00129701,0.00146577,0.00975106,0.00926785,0.76335,0.76335,0.38905152,0.39012474,0,0
2026-09-28T22:10:35.088096+09:00,62013615,e5477175,2026-09-28T22:10:35.088096+09:00,2026-09-28T22:10:35.168097+09:00,rail-left-01,rail-right-01,0.6.7-draft,0.6.7-draft,mqtt,mqtt,105.9,87.95,6.321,6.617,-0.055,0.116,0.053,-0.218,10.526,9.469,-0.0612,0.0282,0.032,0.06,-0.0116,-0.0112,25.05,25.06,16066,18824,2.008,2.353,6.025,7.059,48,48,5,5,1,0,0,0,-0.73752948,-0.62090295,-0.73752948,-0.62090295,-0.35158078,-0.30689281,-0.35158078,-0.30689281,0.38533203,0.41213654,-0.00100509,0.00168583,0.01004804,0.00897813,0.76335,0.76335,0.38913463,0.39025149,0,0
2026-09-28T22:10:35.108037+09:00,62033556,e5477175,2026-09-28T22:10:35.108037+09:00,2026-09-28T22:10:35.188038+09:00,rail-left-01,rail-right-01,0.6.7-draft,0.6.7-draft,mqtt,mqtt,106.99,88.85,6.322,6.634,-0.081,0.142,0.083,-0.289,10.224,9.544,-0.0642,0.0341,0.039,0.0581,-0.0112,-0.0065,25.03,25.07,16067,18863,2.008,2.358,6.025,7.074,49,49,5,5,1,0,0,0,-0.74631802,-0.60498237,-0.74631802,-0.60498237,-0.34381477,-0.30593059,-0.34381477,-0.30593059,0.38720641,0.41524045,-0.000752,0.00189929,0.01028557,0.0086713,0.76335,0.76335,0.38921273,0.39038082,0,0
2026-09-28T22:10:35.128028+09:00,62053547,e5477175,2026-09-28T22:10:35.128028+09:00,2026-09-28T22:10:35.208029+09:00,rail-left-01,rail-right-01,0.6.7-draft,0.6.7-draft,mqtt,mqtt,108.09,89.74,6.344,6.654,-0.142,0.078,0.127,-0.251,10.382,9.761,-0.0601,0.0289,0.0265,0.0572,-0.0104,-0.0077,25.05,25.08,16122,18906,2.015,2.363,6.046,7.09,50,50,5,5,1,0,0,0,-0.75511124,-0.59440891,-0.75511124,-0.59440891,-0.33583316,-0.30551649,-0.33583316,-0.30551649,0.3893225,0.41843917,-0.00049481,0.00211036,0.01054616,0.00834356,0.76335,0.76335,0.3893009,0.3905141,0,0
2026-09-28T22:10:35.341822+09:00,62186407,e5477175,2026-09-28T22:10:35.341822+09:00,2026-09-28T22:10:35.465278+09:00,rail-left-01,rail-right-01,0.6.7-draft,0.6.7-draft,mqtt,mqtt,115.45,95.71,6.351,6.661,-0.01,0.169,0.103,-0.36,10.463,9.84,-0.0618,0.0318,0.0402,0.0586,-0.0101,-0.0075,25.06,25.09,16140,18923,2.018,2.365,6.053,7.096,51,51,6,6,1,0,0,0,-0.48769015,-0.54038902,-0.48769015,-0.54038902,-0.28236649,-0.36100286,-0.28236649,-0.36100286,0.54668917,0.50800735,0,-0.01052844,0,-0.02237997,0.65635,0.83035,0.37334283,0.37173109,0,0
2026-09-28T22:10:35.361954+09:00,62206539,e5477175,2026-09-28T22:10:35.361954+09:00,2026-09-28T22:10:35.485410+09:00,rail-left-01,rail-right-01,0.6.7-draft,0.6.7-draft,mqtt,mqtt,116.59,96.65,6.332,6.77,-0.145,0.066,-0.034,-0.086,10.43,9.566,-0.062,0.0326,0.0444,0.0605,-0.0099,-0.0073,25.04,25.1,16094,19164,2.012,2.396,6.035,7.187,52,52,6,6,1,0,0,0,-0.51009559,-0.48941414,-0.51009559,-0.48941414,-0.29186649,-0.37686649,-0.29186649,-0.37686649,0.54193917,0.50968917,-0.01666667,-0.0056807,-0.03333333,-0.02665823,0.65635,0.83035,0.37314491,0.37180116,0,0
2026-09-28T22:10:35.382152+09:00,62226738,e5477175,2026-09-28T22:10:35.382152+09:00,2026-09-28T22:10:35.505609+09:00,rail-left-01,rail-right-01,0.6.7-draft,0.6.7-draft,mqtt,mqtt,117.68,97.55,6.318,6.782,-0.024,0.135,0.223,-0.099,10.331,9.899,-0.0649,0.0296,0.036,0.0589,-0.0068,-0.0027,25.04,25.09,16059,19192,2.007,2.399,6.022,7.197,53,53,6,6,1,0,0,0,-0.52595772,-0.43147848,-0.52595772,-0.43147848,-0.29969983,-0.39121265,-0.29969983,-0.39121265,0.5380225,0.51157378,-0.01481248,-0.00308344,-0.02962496,-0.02859672,0.65635,0.83035,0.37298172,0.37187969,0,0
2026-09-28T22:10:35.401975+09:00,62246560,e5477175,2026-09-28T22:10:35.401975+09:00,2026-09-28T22:10:35.525432+09:00,rail-left-01,rail-right-01,0.6.7-draft,0.6.7-draft,mqtt,mqtt,118.78,98.44,6.304,6.788,-0.087,0.092,0.154,-0.334,10.581,9.669,-0.0609,0.0289,0.0369,0.0552,-0.0087,-0.0024,25.05,25.07,16024,19205,2.003,2.401,6.009,7.202,54,54,6,6,1,0,0,0,-0.54166353,-0.3903208,-0.54166353,-0.3903208,-0.30711649,-0.40393792,-0.30711649,-0.40393792,0.53431417,0.51340345,-0.01399844,-0.00148531,-0.02799687,-0.02941374,0.77435,0.83035,0.3728272,0.37195592,0,0
2026-09-28T22:10:35.422001+09:00,62266586,e5477175,2026-09-28T22:10:35.422001+09:00,2026-09-28T22:10:35.545458+09:00,rail-left-01,rail-right-01,0.6.7-draft,0.6.7-draft,mqtt,mqtt,119.92,99.34,6.291,6.795,-0.029,0.092,0.128,-0.193,10.375,9.708,-0.0661,0.0314,0.0417,0.0593,-0.0077,-0.0095,25.02,25.07,15992,19219,1.999,2.402,5.997,7.207,55,55,6,6,1,0,0,0,-0.55638925,-0.35466941,-0.55638925,-0.35466941,-0.31416649,-0.41543316,-0.31416649,-0.41543316,0.53078917,0.5152225,-0.01329893,-0.00036524,-0.02659785,-0.02972236,0.77435,0.83035,0.37268033,0.37203172,0,0
2026-09-28T22:10:35.442062+09:00,62286647,e5477175,2026-09-28T22:10:35.442062+09:00,2026-09-28T22:10:35.565519+09:00,rail-left-01,rail-right-01,0.6.7-draft,0.6.7-draft,mqtt,mqtt,121.01,100.23,6.283,6.796,-0.114,0.075,0.034,-0.116,10.369,9.784,-0.0636,0.0301,0.0416,0.058,-0.0124,-0.0112,25.01,25.07,15970,19223,1.996,2.403,5.989,7.209,56,56,6,6,1,0,0,0,-0.57200785,-0.32650635,-0.57200785,-0.32650635,-0.32019983,-0.42555399,-0.32019983,-0.42555399,0.5277725,0.51684542,-0.01226858,0.00039749,-0.02453717,-0.02959466,0.77435,0.83035,0.37255463,0.37209934,0,0
2026-09-28T22:10:35.461982+09:00,62306568,e5477175,2026-09-28T22:10:35.461982+09:00,2026-09-28T22:10:35.585440+09:00,rail-left-01,rail-right-01,0.6.7-draft,0.6.7-draft,mqtt,mqtt,122.11,101.13,6.256,6.802,-0.022,0.207,0.126,-0.239,10.475,9.629,-0.0653,0.0341,0.042,0.057,-0.0081,-0.0031,25.02,25.06,15905,19236,1.988,2.405,5.964,7.214,57,57,6,6,1,0,0,0,-0.58651535,-0.27953514,-0.58651535,-0.27953514,-0.32836649,-0.43483708,-0.32836649,-0.43483708,0.52368917,0.51845387,-0.01319964,0.00099952,-0.02639928,-0.02932952,0.77435,0.83035,0.37238449,0.37216636,0,0
2026-09-28T22:10:35.481927+09:00,62326512,e5477175,2026-09-28T22:10:35.481927+09:00,2026-09-28T22:10:35.605384+09:00,rail-left-01,rail-right-01,0.6.7-draft,0.6.7-draft,mqtt,mqtt,123.25,102.02,6.252,6.809,-0.153,0.024,-0.109,-0.405,10.357,9.728,-0.065,0.0318,0.0412,0.0574,-0.0103,-0.0029,25.04,25.09,15895,19252,1.987,2.407,5.961,7.22,58,58,6,6,1,0,0,0,-0.6019487,-0.26667777,-0.6019487,-0.26667777,-0.33499149,-0.4434776,-0.33499149,-0.4434776,0.52037667,0.52007806,-0.01275936,0.00150278,-0.02551872,-0.02900677,0.77435,0.83035,0.37224647,0.37223403,0,0
2026-09-28T22:10:35.501863+09:00,62346449,e5477175,2026-09-28T22:10:35.501863+09:00,2026-09-28T22:10:35.625320+09:00,rail-left-01,rail-right-01,0.6.7-draft,0.6.7-draft,mqtt,mqtt,124.35,102.97,6.22,6.811,-0.054,0.049,0.13,-0.014,10.637,9.811,-0.0645,0.0297,0.0429,0.0649,-0.0151,-0.0139,25.07,25.09,15815,19256,1.977,2.407,5.931,7.221,59,59,6,6,1,0,0,0,-0.61674915,-0.25145557,-0.61674915,-0.25145557,-0.34369983,-0.45131386,-0.34369983,-0.45131386,0.5160225,0.52158391,-0.01363321,0.00188658,-0.02726642,-0.0285341,0.83035,0.83035,0.37206505,0.37229677,0,0
2026-09-28T22:10:35.521944+09:00,62366529,e5477175,2026-09-28T22:10:35.521944+09:00,2026-09-28T22:10:35.645401+09:00,rail-left-01,rail-right-01,0.6.7-draft,0.6.7-draft,mqtt,mqtt,125.44,103.86,6.198,6.816,-0.041,0.188,-0.119,-0.09,10.521,9.644,-0.0653,0.0334,0.035,0.0542,-0.0083,0.0012,25.06,25.07,15760,19267,1.97,2.408,5.91,7.225,60,60,6,6,1,0,0,0,-0.6304466,-0.21799925,-0.6304466,-0.21799925,-0.35286649,-0.45861649,-0.35286649,-0.45861649,0.51143917,0.52306417,-0.01442707,0.00220956,-0.02885414,-0.02803547,0.83035,0.83035,0.37187408,0.37235845,0,0
2026-09-28T22:10:35.700858+09:00,62623451,e5477175,2026-09-28T22:10:35.700858+09:00,2026-09-28T22:10:35.786263+09:00,rail-left-01,rail-right-01,0.6.7-draft,0.6.7-draft,mqtt,mqtt,139.76,115.5,6.199,6.814,-0.205,-0.041,0.159,-0.388,10.575,9.93,-0.0644,0.0321,0.0333,0.054,-0.0087,-0.0045,25.06,25.07,15763,19262,1.97,2.408,5.911,7.223,61,61,7,7,1,0,0,0,-0.20930343,-0.21486407,-0.20930343,-0.21486407,-0.46517602,-0.56714069,-0.46517602,-0.56714069,0.52442726,0.50333433,0.00220967,-0.00262615,-0.02229603,-0.01966265,0.83035,0.94935,0.37241525,0.37419497,0,0
2026-09-28T22:10:35.720995+09:00,62643588,e5477175,2026-09-28T22:10:35.720995+09:00,2026-09-28T22:10:35.806400+09:00,rail-left-01,rail-right-01,0.6.7-draft,0.6.7-draft,mqtt,mqtt,140.9,116.44,6.033,6.645,0.085,0.158,0.117,-0.397,10.423,9.549,-0.0648,0.0352,0.0396,0.0581,-0.0073,-0.0065,25.04,25.07,15350,18888,1.919,2.361,5.756,7.083,62,62,7,7,1,0,0,0,-0.20232864,-0.20662864,-0.20232864,-0.20662864,-0.47868467,-0.56827274,-0.47868467,-0.56827274,0.52189371,0.49939229,0.0005965,-0.00315727,-0.02247665,-0.01741465,0.83035,0.94935,0.37230968,0.37424214,0,0
2026-09-28T22:10:35.740929+09:00,62663522,e5477175,2026-09-28T22:10:35.740929+09:00,2026-09-28T22:10:35.826334+09:00,rail-left-01,rail-right-01,0.6.7-draft,0.6.7-draft,mqtt,mqtt,142.05,117.34,6.031,6.623,-0.181,0.017,0.016,-0.251,10.534,9.748,-0.061,0.0364,0.0341,0.0509,-0.0079,-0.0075,25.04,25.08,15345,18838,1.918,2.355,5.754,7.064,63,63,7,7,1,0,0,0,-0.19794247,-0.21101879,-0.19794247,-0.21101879,-0.49110562,-0.56866952,-0.49110562,-0.56866952,0.51953699,0.49535584,-0.00035481,-0.00361205,-0.02241295,-0.0155546,0.83035,0.94935,0.37221149,0.37425868,0,0
2026-09-28T22:10:35.760947+09:00,62683541,e5477175,2026-09-28T22:10:35.760947+09:00,2026-09-28T22:10:35.846353+09:00,rail-left-01,rail-right-01,0.6.7-draft,0.6.7-draft,mqtt,mqtt,143.14,118.28,6.023,6.588,0.077,0.115,0.376,-0.026,10.527,10.032,-0.0644,0.0341,0.0402,0.0572,-0.0095,-0.0067,25.05,25.06,15323,18761,1.915,2.345,5.746,7.035,64,64,7,7,1,0,0,0,-0.19472069,-0.20695006,-0.19472069,-0.20695006,-0.50282483,-0.56801355,-0.50282483,-0.56801355,0.51721,0.49104211,-0.00101308,-0.00404943,-0.02231804,-0.0138869,0.83035,0.94935,0.37211453,0.37423134,0,0
2026-09-28T22:10:35.781001+09:00,62703595,e5477175,2026-09-28T22:10:35.781001+09:00,2026-09-28T22:10:35.866407+09:00,rail-left-01,rail-right-01,0.6.7-draft,0.6.7-draft,mqtt,mqtt,144.28,119.17,5.999,6.585,-0.18,0.047,-0.001,-0.322,10.41,9.6,-0.0625,0.0289,0.044,0.0609,-0.0152,-0.0061,25.04,25.06,15264,18755,1.908,2.344,5.724,7.033,65,65,7,7,1,0,0,0,-0.19370498,-0.2087066,-0.19370498,-0.2087066,-0.51456649,-0.56730935,-0.51456649,-0.56730935,0.51458917,0.48693203,-0.00159269,-0.0043945,-0.02237733,-0.01252034,0.83035,0.94935,0.37200533,0.374202,0,0
2026-09-28T22:10:35.801115+09:00,62723709,e5477175,2026-09-28T22:10:35.801115+09:00,2026-09-28T22:10:35.886521+09:00,rail-left-01,rail-right-01,0.6.7-draft,0.6.7-draft,mqtt,mqtt,145.38,120.12,5.986,6.584,-0.168,0.04,0.109,0.01,10.74,9.674,-0.061,0.0313,0.0382,0.0649,-0.0113,0.0005,25.04,25.05,15196,18751,1.9,2.344,5.699,7.032,66,66,7,7,1,0,0,0,-0.19440055,-0.21089138,-0.19440055,-0.21089138,-0.52590495,-0.56661649,-0.52590495,-0.56661649,0.51191994,0.48303639,-0.0020661,-0.00466701,-0.0224269,-0.01138145,0.93335,0.94935,0.37247682,0.37417313,0,0
2026-09-28T22:10:35.820969+09:00,62743563,e5477175,2026-09-28T22:10:35.820969+09:00,2026-09-28T22:10:35.906375+09:00,rail-left-01,rail-right-01,0.6.7-draft,0.6.7-draft,mqtt,mqtt,146.52,121.01,5.993,6.585,-0.03,0.11,0.005,-0.406,10.756,10.111,-0.0714,0.0344,0.0292,0.0574,-0.0115,-0.0025,25.05,25.09,15232,18754,1.904,2.344,5.712,7.033,67,67,7,7,1,0,0,0,-0.19580712,-0.20752476,-0.19580712,-0.20752476,-0.53614427,-0.56598811,-0.53614427,-0.56598811,0.50957806,0.47936484,-0.00238113,-0.00488061,-0.02229261,-0.01042701,0.94935,0.94935,0.37290346,0.37414695,0,0
2026-09-28T22:10:35.840937+09:00,62763530,e5477175,2026-09-28T22:10:35.840937+09:00,2026-09-28T22:10:35.926342+09:00,rail-left-01,rail-right-01,0.6.7-draft,0.6.7-draft,mqtt,mqtt,147.61,121.91,6.003,6.59,-0.06,-0.025,0.199,-0.419,10.697,9.665,-0.0679,0.0321,0.0421,0.0612,-0.0084,-0.006,25.05,25.07,15273,18764,1.909,2.345,5.727,7.036,68,68,7,7,1,0,0,0,-0.19819183,-0.2144977,-0.19819183,-0.2144977,-0.54529506,-0.56552439,-0.54529506,-0.56552439,0.50758203,0.47595233,-0.00257487,-0.00504094,-0.02201555,-0.00963067,0.94935,0.94935,0.37328474,0.37412763,0,0
2026-09-28T22:10:35.861015+09:00,62783608,e5477175,2026-09-28T22:10:35.861015+09:00,2026-09-28T22:10:35.946420+09:00,rail-left-01,rail-right-01,0.6.7-draft,0.6.7-draft,mqtt,mqtt,148.76,122.8,6.029,6.606,0.002,0.177,-0.116,-0.09,10.3,9.627,-0.0629,0.0336,0.039,0.0569,-0.0093,-0.0053,25.05,25.09,15338,18800,1.917,2.35,5.752,7.05,69,69,7,7,1,0,0,0,-0.20111309,-0.20636532,-0.20111309,-0.20636532,-0.55291822,-0.5654947,-0.55291822,-0.5654947,0.50617193,0.47291994,-0.00262451,-0.00513959,-0.02151958,-0.00899936,0.94935,0.94935,0.37360237,0.37412639,0,0
2026-09-28T22:10:35.881097+09:00,62803691,e5477175,2026-09-28T22:10:35.881097+09:00,2026-09-28T22:10:35.966503+09:00,rail-left-01,rail-right-01,0.6.7-draft,0.6.7-draft,mqtt,mqtt,149.85,123.75,6.021,6.606,-0.141,0.019,0.111,-0.249,10.464,9.735,-0.0645,0.032,0.0369,0.0556,-0.0071,-0.0028,25.06,25.07,15320,18801,1.915,2.35,5.745,7.05,70,70,7,7,1,0,0,0,-0.20498271,-0.20985761,-0.20498271,-0.20985761,-0.56029983,-0.56546649,-0.56029983,-0.56546649,0.5047225,0.47003917,-0.00268135,-0.00521577,-0.02109611,-0.00844428,0.94935,0.94935,0.37390994,0.37412522,0,0
2026-09-28T22:10:36.160032+09:00,62948445,e5477175,2026-09-28T22:10:36.160032+09:00,2026-09-28T22:10:36.206836+09:00,rail-left-01,rail-right-01,0.6.7-draft,0.6.7-draft,mqtt,mqtt,157.95,130.36,6.013,6.6,-0.086,0.031,0.111,-0.208,10.539,9.843,-0.0659,0.0288,0.0398,0.061,-0.0116,-0.0123,25.04,25.06,15298,18787,1.912,2.348,5.737,7.045,71,71,8,8,1,0,0,0,-0.22374597,-0.33766622,-0.22374597,-0.33766622,-0.56563478,-0.56266061,-0.56563478,-0.56266061,0.46720136,0.44697348,-0.00522859,-0.00469436,-0.00778593,-0.00380032,0.94935,0.94935,0.37413223,0.3740083,0,0
2026-09-28T22:10:36.180145+09:00,62968558,e5477175,2026-09-28T22:10:36.180145+09:00,2026-09-28T22:10:36.226949+09:00,rail-left-01,rail-right-01,0.6.7-draft,0.6.7-draft,mqtt,mqtt,159.1,131.26,5.981,6.586,-0.081,0.177,-0.06,-0.15,10.724,9.807,-0.0652,0.029,0.0373,0.0525,-0.0093,-0.0048,25.07,25.08,15171,18757,1.896,2.345,5.689,7.034,72,72,8,8,1,0,0,0,-0.23764054,-0.32117042,-0.23764054,-0.32117042,-0.56655697,-0.56073188,-0.56655697,-0.56073188,0.46411774,0.44585263,-0.00528433,-0.00456223,-0.00733411,-0.00336679,0.94935,0.94935,0.37417065,0.37392794,0,0
2026-09-28T22:10:36.200165+09:00,62988578,e5477175,2026-09-28T22:10:36.200165+09:00,2026-09-28T22:10:36.246969+09:00,rail-left-01,rail-right-01,0.6.7-draft,0.6.7-draft,mqtt,mqtt,160.19,132.15,5.977,6.591,-0.19,-0.025,0.057,-0.322,10.545,9.572,-0.0654,0.0294,0.0402,0.0573,-0.01,-0.0055,25.04,25.06,15156,18768,1.895,2.346,5.684,7.038,73,73,8,8,1,0,0,0,-0.25182717,-0.04835326,-0.25182717,-0.04835326,-0.56752928,-0.46736649,-0.56752928,-0.46736649,0.46113103,0.39118917,-0.00532836,0,-0.0069542,0,0.94935,0.76535,0.37421117,0.36088445,0,0
2026-09-28T22:10:36.220142+09:00,63008555,e5477175,2026-09-28T22:10:36.220142+09:00,2026-09-28T22:10:36.266946+09:00,rail-left-01,rail-right-01,0.6.7-draft,0.6.7-draft,mqtt,mqtt,161.34,133.1,5.977,6.58,0.028,0.292,-0.012,-0.065,10.455,9.651,-0.062,0.0321,0.0389,0.0578,-0.0125,-0.0087,25.05,25.08,15153,18743,1.894,2.343,5.682,7.029,74,74,8,8,1,0,0,0,-0.26569426,0.40077202,-0.26569426,0.40077202,-0.5684574,-0.46186649,-0.5684574,-0.46186649,0.45828008,0.38843917,-0.00535656,-0.01157895,-0.00661864,0.02315789,0.94935,0.76535,0.37424984,0.36066445,0,0
2026-09-28T22:10:36.240178+09:00,63028591,e5477175,2026-09-28T22:10:36.240178+09:00,2026-09-28T22:10:36.286982+09:00,rail-left-01,rail-right-01,0.6.7-draft,0.6.7-draft,mqtt,mqtt,162.43,133.99,5.979,6.59,-0.154,-0.02,0.116,-0.345,10.46,9.641,-0.0719,0.0293,0.0353,0.0508,-0.0075,-0.0044,25.04,25.07,15163,18766,1.895,2.346,5.686,7.037,75,75,8,8,1,0,0,0,-0.27964974,0.25584295,-0.27964974,0.25584295,-0.56929983,-0.46336649,-0.56929983,-0.46336649,0.45557806,0.38918917,-0.0053696,-0.0006673,-0.00631466,0.00133459,0.94935,0.76535,0.37428494,0.36072445,0,0
2026-09-28T22:10:36.260244+09:00,63048658,e5477175,2026-09-28T22:10:36.260244+09:00,2026-09-28T22:10:36.307049+09:00,rail-left-01,rail-right-01,0.6.7-draft,0.6.7-draft,mqtt,mqtt,163.57,134.89,6.011,6.585,0.012,0.218,0.072,-0.303,10.579,9.62,-0.0725,0.0344,0.0328,0.0508,-0.0101,-0.0063,25.04,25.07,15294,18755,1.912,2.344,5.735,7.033,76,76,8,8,1,0,0,0,-0.29323761,0.35219701,-0.29323761,0.35219701,-0.56940997,-0.46286649,-0.56940997,-0.46286649,0.45334134,0.38893917,-0.00532957,-0.0009264,-0.00595538,0.0018528,0.94935,0.76535,0.37428953,0.36070445,0,0
2026-09-28T22:10:36.280188+09:00,63068602,e5477175,2026-09-28T22:10:36.280188+09:00,2026-09-28T22:10:36.326993+09:00,rail-left-01,rail-right-01,0.6.7-draft,0.6.7-draft,mqtt,mqtt,164.67,135.83,6.046,6.583,-0.156,0.011,0.053,-0.074,10.36,9.911,-0.0682,0.0332,0.0362,0.0546,-0.0093,-0.0091,25.03,25.05,15380,18749,1.923,2.344,5.768,7.031,77,77,8,8,1,0,0,0,-0.30690087,0.2923871,-0.30690087,0.2923871,-0.56877075,-0.46216649,-0.56877075,-0.46216649,0.45157215,0.38858917,-0.00524252,-0.00122748,-0.00554438,0.00245495,0.94935,0.76535,0.37426289,0.36067645,0,0
2026-09-28T22:10:36.300110+09:00,63088523,e5477175,2026-09-28T22:10:36.300110+09:00,2026-09-28T22:10:36.346914+09:00,rail-left-01,rail-right-01,0.6.7-draft,0.6.7-draft,mqtt,mqtt,165.81,136.73,6.08,6.585,0.056,0.243,0.153,-0.266,10.505,9.665,-0.0646,0.0337,0.0381,0.0553,-0.0089,-0.0047,25.02,25.08,15466,18755,1.933,2.344,5.8,7.033,78,78,8,8,1,0,0,0,-0.32015004,0.36209,-0.32015004,0.36209,-0.56744983,-0.46203316,-0.56744983,-0.46203316,0.45023084,0.3885225,-0.00511753,-0.00082783,-0.00509307,0.00165567,0.94935,0.76535,0.37420785,0.36067111,0,0
2026-09-28T22:10:36.320069+09:00,63108482,e5477175,2026-09-28T22:10:36.320069+09:00,2026-09-28T22:10:36.366873+09:00,rail-left-01,rail-right-01,0.6.7-draft,0.6.7-draft,mqtt,mqtt,166.9,137.62,6.086,6.592,-0.182,-0.048,0.219,-0.18,10.397,9.887,-0.0653,0.0332,0.0389,0.0576,-0.0079,-0.0085,25.05,25.09,15480,18770,1.935,2.346,5.805,7.039,79,79,8,8,1,0,0,0,-0.3335436,0.29435992,-0.3335436,0.29435992,-0.56606037,-0.46293792,-0.56606037,-0.46293792,0.4490055,0.38897488,-0.0049938,0.00022004,-0.00467434,-0.00044007,0.94935,0.76535,0.37414996,0.3607073,0,0
2026-09-28T22:10:36.340631+09:00,63129044,e5477175,2026-09-28T22:10:36.340631+09:00,2026-09-28T22:10:36.387435+09:00,rail-left-01,rail-right-01,0.6.7-draft,0.6.7-draft,mqtt,mqtt,168.05,138.56,6.103,6.6,0.008,0.147,0.03,-0.233,10.572,9.786,-0.0657,0.0324,0.0362,0.0548,-0.0104,-0.006,25.06,25.08,15523,18788,1.94,2.349,5.821,7.045,80,80,8,8,1,0,0,0,-0.34660865,0.31209309,-0.34660865,0.31209309,-0.56438649,-0.46461649,-0.56438649,-0.46461649,0.44799917,0.38981417,-0.00485869,0.00137613,-0.00425867,-0.00275226,0.94935,0.76535,0.37408022,0.36077445,0,0
2026-09-28T22:10:36.456862+09:00,63379458,e5477175,2026-09-28T22:10:36.456862+09:00,2026-09-28T22:10:36.494952+09:00,rail-left-01,rail-right-01,0.6.7-draft,0.6.7-draft,mqtt,mqtt,182.02,150,6.11,6.604,0,0.193,0.25,-0.229,10.398,9.657,-0.0588,0.0349,0.034,0.0512,-0.006,-0.0031,25.04,25.06,15541,18796,1.943,2.35,5.828,7.049,81,81,9,9,1,0,0,0,0.29883132,0.14573449,0.29883132,0.14573449,-0.46514427,-0.31852439,-0.46514427,-0.31852439,0.39085584,0.46987338,0.00112538,0.01087729,-0.00081202,0.01982698,0.76535,0.77535,0.36079556,0.36098472,0,0
2026-09-28T22:10:36.476950+09:00,63399546,e5477175,2026-09-28T22:10:36.476950+09:00,2026-09-28T22:10:36.515040+09:00,rail-left-01,rail-right-01,0.6.7-draft,0.6.7-draft,mqtt,mqtt,183.11,150.89,6.364,6.654,-0.134,-0.014,-0.005,-0.353,10.567,9.644,-0.0626,0.0314,0.0313,0.0529,-0.0059,-0.0027,25.04,25.07,16173,18907,2.022,2.363,6.065,7.09,82,82,9,9,1,0,0,0,0.28285534,0.12265843,0.28285534,0.12265843,-0.44016649,-0.31451649,-0.44016649,-0.31451649,0.40438917,0.47481417,0.00802993,0.01031138,0.01322448,0.01743815,0.76535,0.77535,0.35979645,0.36118235,0,0
2026-09-28T22:10:36.496975+09:00,63419571,e5477175,2026-09-28T22:10:36.496975+09:00,2026-09-28T22:10:36.535065+09:00,rail-left-01,rail-right-01,0.6.7-draft,0.6.7-draft,mqtt,mqtt,184.26,151.79,6.395,6.643,0.085,0.201,0.151,-0.22,10.439,9.786,-0.062,0.0314,0.0408,0.0597,-0.0099,-0.0087,25.04,25.08,16251,18883,2.031,2.36,6.094,7.081,83,83,9,9,1,0,0,0,0.26680416,0.1310701,0.26680416,0.1310701,-0.41691195,-0.31036649,-0.41691195,-0.31036649,0.41687099,0.4790225,0.01079937,0.00982131,0.01890245,0.0158958,0.76535,0.77535,0.35886626,0.36135069,0,0
2026-09-28T22:10:36.516943+09:00,63439539,e5477175,2026-09-28T22:10:36.516943+09:00,2026-09-28T22:10:36.555033+09:00,rail-left-01,rail-right-01,0.6.7-draft,0.6.7-draft,mqtt,mqtt,185.35,152.73,6.392,6.662,-0.168,-0.084,0.215,-0.242,10.572,9.657,-0.0633,0.031,0.0392,0.0606,-0.0077,-0.0047,25.04,25.07,16243,18924,2.03,2.366,6.091,7.097,84,84,9,9,1,0,0,0,0.24858997,0.10163979,0.24858997,0.10163979,-0.39778316,-0.3074574,-0.39778316,-0.3074574,0.4271475,0.48328008,0.01193853,0.0095239,0.02129102,0.01454403,0.76535,0.77535,0.35927569,0.36152099,0,0
2026-09-28T22:10:36.536990+09:00,63459586,e5477175,2026-09-28T22:10:36.536990+09:00,2026-09-28T22:10:36.575080+09:00,rail-left-01,rail-right-01,0.6.7-draft,0.6.7-draft,mqtt,mqtt,186.49,153.63,6.403,6.666,0.051,0.232,0.097,-0.132,10.495,9.865,-0.0642,0.032,0.0342,0.0561,-0.0083,-0.0072,25.05,25.08,16269,18934,2.034,2.367,6.101,7.1,85,85,9,9,1,0,0,0,0.23091335,0.11400977,0.23091335,0.11400977,-0.38075111,-0.30497519,-0.38075111,-0.30497519,0.43626609,0.48725439,0.01257014,0.00928431,0.02265302,0.0134537,0.76535,0.77535,0.35964043,0.36167996,0,0
2026-09-28T22:10:36.557158+09:00,63479754,e5477175,2026-09-28T22:10:36.557158+09:00,2026-09-28T22:10:36.595248+09:00,rail-left-01,rail-right-01,0.6.7-draft,0.6.7-draft,mqtt,mqtt,187.59,154.57,6.405,6.678,-0.006,0.078,-0.012,-0.316,10.351,9.748,-0.0637,0.0341,0.0396,0.0641,-0.008,-0.0063,25.02,25.07,16275,18960,2.034,2.37,6.103,7.11,86,86,9,9,1,0,0,0,0.21307618,0.10711741,0.21307618,0.10711741,-0.36600935,-0.30319983,-0.36600935,-0.30319983,0.44415345,0.4911475,0.01285717,0.0091138,0.02331772,0.01247438,0.76535,0.77535,0.35995592,0.36183569,0,0
2026-09-28T22:10:36.577036+09:00,63499632,e5477175,2026-09-28T22:10:36.577036+09:00,2026-09-28T22:10:36.615126+09:00,rail-left-01,rail-right-01,0.6.7-draft,0.6.7-draft,mqtt,mqtt,188.68,155.47,6.403,6.682,-0.124,0.066,0.165,-0.042,10.582,9.68,-0.0614,0.0317,0.0386,0.0538,-0.0091,-0.0059,25.07,25.07,16271,18969,2.034,2.371,6.102,7.113,87,87,9,9,1,0,0,0,0.1944199,0.09939394,0.1944199,0.09939394,-0.35336649,-0.30172649,-0.35336649,-0.30172649,0.4509225,0.49480917,0.01291477,0.00896482,0.0235178,0.01163633,0.77535,0.77535,0.36022669,0.36198215,0,0
2026-09-28T22:10:36.597035+09:00,63519631,e5477175,2026-09-28T22:10:36.597035+09:00,2026-09-28T22:10:36.635125+09:00,rail-left-01,rail-right-01,0.6.7-draft,0.6.7-draft,mqtt,mqtt,189.82,156.36,6.394,6.674,0.029,0.153,0.123,-0.215,10.494,9.669,-0.0665,0.0297,0.0456,0.0614,-0.0105,-0.0117,25.06,25.07,16247,18951,2.031,2.369,6.093,7.107,88,88,9,9,1,0,0,0,0.17599448,0.10185692,0.17599448,0.10185692,-0.34286649,-0.3000588,-0.34286649,-0.3000588,0.45656417,0.49803532,0.0127724,0.00879271,0.02331475,0.01098219,0.77535,0.77535,0.36045235,0.3621112,0,0
2026-09-28T22:10:36.616990+09:00,63539586,e5477175,2026-09-28T22:10:36.616990+09:00,2026-09-28T22:10:36.655080+09:00,rail-left-01,rail-right-01,0.6.7-draft,0.6.7-draft,mqtt,mqtt,190.92,157.26,6.386,6.696,-0.081,0.084,-0.029,0.043,10.295,9.549,-0.0584,0.0344,0.0416,0.0584,-0.0069,-0.0049,25.04,25.05,16228,19001,2.029,2.375,6.086,7.125,89,89,9,9,1,0,0,0,0.15727124,0.09680242,0.15727124,0.09680242,-0.33407237,-0.29932946,-0.33407237,-0.29932946,0.46130682,0.50142991,0.01251197,0.00869481,0.02287194,0.01028336,0.77535,0.77535,0.36064206,0.36224698,0,0
2026-09-28T22:10:36.637147+09:00,63559743,e5477175,2026-09-28T22:10:36.637147+09:00,2026-09-28T22:10:36.675237+09:00,rail-left-01,rail-right-01,0.6.7-draft,0.6.7-draft,mqtt,mqtt,192.06,158.2,6.395,6.709,-0.096,0.072,0.16,-0.206,10.314,9.76,-0.065,0.0346,0.0385,0.0557,-0.0057,-0.0033,25.03,25.09,16249,19028,2.031,2.379,6.093,7.136,90,90,9,9,1,0,0,0,0.13837052,0.09089871,0.13837052,0.09089871,-0.32575538,-0.29911649,-0.32575538,-0.29911649,0.4657725,0.50481417,0.01227831,0.00862711,0.02248026,0.00960119,0.77535,0.77535,0.36082069,0.36238235,0,0
2026-09-28T22:10:36.762805+09:00,63653452,e5477175,2026-09-28T22:10:36.762805+09:00,2026-09-28T22:10:36.841596+09:00,rail-left-01,rail-right-01,0.6.7-draft,0.6.7-draft,mqtt,mqtt,197.28,162.48,6.39,6.709,-0.045,0.129,0.045,-0.407,10.496,9.627,-0.0671,0.0316,0.0381,0.061,-0.0097,-0.0047,25.03,25.06,16238,19029,2.03,2.379,6.089,7.136,91,91,10,10,1,0,0,0,0.07710041,-0.04848523,0.07710041,-0.04848523,-0.29909063,-0.29641777,-0.29909063,-0.29641777,0.50787882,0.53112507,0.00840928,0.0068081,0.00876016,0.00470345,0.77535,0.87435,0.36250494,0.36343479,0,0
2026-09-28T22:10:36.782920+09:00,63673568,e5477175,2026-09-28T22:10:36.782920+09:00,2026-09-28T22:10:36.861712+09:00,rail-left-01,rail-right-01,0.6.7-draft,0.6.7-draft,mqtt,mqtt,198.43,163.37,6.39,6.75,-0.084,0.037,0.042,-0.181,10.423,9.814,-0.0665,0.0305,0.0393,0.0633,-0.008,-0.0097,25.06,25.07,16238,19119,2.03,2.39,6.089,7.17,92,92,10,10,1,0,0,0,0.06282247,-0.04713331,0.06282247,-0.04713331,-0.29906649,-0.29776649,-0.29906649,-0.29776649,0.51073917,0.53306417,0.00820477,0.00667167,0.00804742,0.00423485,0.77535,0.87435,0.36261935,0.36351235,0,0
2026-09-28T22:10:36.802861+09:00,63693508,e5477175,2026-09-28T22:10:36.802861+09:00,2026-09-28T22:10:36.881652+09:00,rail-left-01,rail-right-01,0.6.7-draft,0.6.7-draft,mqtt,mqtt,199.52,164.32,6.401,6.769,0.024,0.152,0.017,-0.339,10.424,9.603,-0.0693,0.0333,0.0382,0.059,-0.0075,-0.0039,25.06,25.06,16265,19163,2.033,2.395,6.099,7.186,93,93,10,10,1,0,0,0,0.04857339,-0.03792314,0.04857339,-0.03792314,-0.29868907,-0.29951283,-0.29868907,-0.29951283,0.51359239,0.53514039,0.0080416,0.00657414,0.00749459,0.00375901,0.77535,0.87435,0.36273348,0.3635954,0,0
2026-09-28T22:10:36.822845+09:00,63713492,e5477175,2026-09-28T22:10:36.822845+09:00,2026-09-28T22:10:36.901636+09:00,rail-left-01,rail-right-01,0.6.7-draft,0.6.7-draft,mqtt,mqtt,200.61,165.21,6.41,6.779,-0.196,-0.011,0.16,-0.399,10.526,9.714,-0.0687,0.0324,0.039,0.0628,-0.0084,-0.0063,25.04,25.08,16288,19185,2.036,2.398,6.108,7.194,94,94,10,10,1,0,0,0,0.03362019,-0.04009706,0.03362019,-0.04009706,-0.29805399,-0.30141411,-0.29805399,-0.30141411,0.51640792,0.53723679,0.00790594,0.00649551,0.00705702,0.00330731,0.77535,0.87435,0.3628461,0.36367926,0,0
2026-09-28T22:10:36.843234+09:00,63733881,e5477175,2026-09-28T22:10:36.843234+09:00,2026-09-28T22:10:36.922025+09:00,rail-left-01,rail-right-01,0.6.7-draft,0.6.7-draft,mqtt,mqtt,201.76,166.11,6.412,6.786,-0.031,0.078,-0.002,-0.214,10.567,9.84,-0.0644,0.0318,0.0401,0.0573,-0.0087,-0.0076,25.04,25.04,16293,19200,2.037,2.4,6.11,7.2,95,95,10,10,1,0,0,0,0.01859167,-0.03637252,0.01859167,-0.03637252,-0.2973968,-0.30338975,-0.2973968,-0.30338975,0.51908311,0.53931708,0.00777489,0.00642813,0.00667747,0.00288512,0.77535,0.87435,0.36295311,0.36376247,0,0
2026-09-28T22:10:36.863228+09:00,63753875,e5477175,2026-09-28T22:10:36.863228+09:00,2026-09-28T22:10:36.942019+09:00,rail-left-01,rail-right-01,0.6.7-draft,0.6.7-draft,mqtt,mqtt,202.9,167.05,6.409,6.805,0.078,0.136,0.138,-0.138,10.414,9.616,-0.0648,0.03,0.0396,0.0577,-0.0055,-0.0093,25.04,25.08,16285,19242,2.036,2.405,6.107,7.216,96,96,10,10,1,0,0,0,0.00390803,-0.02906616,0.00390803,-0.02906616,-0.29686649,-0.3057074,-0.29686649,-0.3057074,0.52155682,0.54151871,0.00763733,0.00638689,0.00632409,0.00245368,0.77535,0.87435,0.36305206,0.36385053,0,0
2026-09-28T22:10:36.882829+09:00,63773476,e5477175,2026-09-28T22:10:36.882829+09:00,2026-09-28T22:10:36.961620+09:00,rail-left-01,rail-right-01,0.6.7-draft,0.6.7-draft,mqtt,mqtt,203.99,167.95,6.408,6.808,-0.272,-0.105,0.041,-0.43,10.47,9.524,-0.0681,0.029,0.0386,0.056,-0.0039,-0.0039,25.04,25.08,16283,19248,2.035,2.406,6.106,7.218,97,97,10,10,1,0,0,0,-0.01148484,-0.03724235,-0.01148484,-0.03724235,-0.29639506,-0.30798871,-0.29639506,-0.30798871,0.52387488,0.54365584,0.00750006,0.0063465,0.00600236,0.00205914,0.77535,0.87435,0.36314478,0.36393602,0,0
2026-09-28T22:10:36.902969+09:00,63793616,e5477175,2026-09-28T22:10:36.902969+09:00,2026-09-28T22:10:36.981760+09:00,rail-left-01,rail-right-01,0.6.7-draft,0.6.7-draft,mqtt,mqtt,205.09,168.84,6.407,6.8,0.086,0.225,0.135,-0.249,10.527,9.849,-0.0646,0.0324,0.0317,0.0569,-0.0053,-0.006,25.03,25.08,16279,19230,2.035,2.404,6.105,7.211,98,98,10,10,1,0,0,0,-0.02631386,-0.02490572,-0.02631386,-0.02490572,-0.2959776,-0.30999693,-0.2959776,-0.30999693,0.52605028,0.54561308,0.00736322,0.0062927,0.00570713,0.00172534,0.77535,0.87435,0.3632318,0.36401431,0,0
2026-09-28T22:10:36.922971+09:00,63813618,e5477175,2026-09-28T22:10:36.922971+09:00,2026-09-28T22:10:37.001762+09:00,rail-left-01,rail-right-01,0.6.7-draft,0.6.7-draft,mqtt,mqtt,206.23,169.79,6.402,6.8,-0.18,0.018,-0.074,-0.146,10.369,9.782,-0.0702,0.0302,0.0432,0.0529,0.0051,-0.0037,25.05,25.07,16267,19230,2.033,2.404,6.1,7.211,99,99,10,10,1,0,0,0,-0.04156672,-0.02538856,-0.04156672,-0.02538856,-0.29571784,-0.31191968,-0.29571784,-0.31191968,0.52804052,0.54748704,0.00721898,0.00623689,0.00541896,0.00142346,0.77535,0.87435,0.36331141,0.36408927,0,0
2026-09-28T22:10:36.943044+09:00,63833691,e5477175,2026-09-28T22:10:36.943044+09:00,2026-09-28T22:10:37.021835+09:00,rail-left-01,rail-right-01,0.6.7-draft,0.6.7-draft,mqtt,mqtt,207.33,170.68,6.379,6.805,-0.035,0.083,0.365,-0.241,10.681,9.579,-0.0641,0.029,0.0425,0.053,-0.0033,-0.0071,25.06,25.06,16211,19241,2.026,2.405,6.079,7.215,100,100,10,10,1,0,0,0,-0.05674021,-0.02203161,-0.05674021,-0.02203161,-0.29607702,-0.31386649,-0.29607702,-0.31386649,0.52962338,0.549335,0.00703775,0.00618599,0.00507436,0.00113816,0.87435,0.87435,0.36337472,0.36416319,0,0
2026-09-28T22:10:37.083008+09:00,64004574,e5477175,2026-09-28T22:10:37.083008+09:00,2026-09-28T22:10:37.161923+09:00,rail-left-01,rail-right-01,0.6.7-draft,0.6.7-draft,mqtt,mqtt,216.87,178.49,6.38,6.802,-0.19,0.054,-0.086,-0.306,10.47,9.706,-0.0685,0.0326,0.04,0.0589,-0.0024,-0.01,25.04,25.05,16213,19236,2.027,2.405,6.08,7.214,101,101,11,11,1,0,0,0,-0.02672819,-0.05118994,-0.02672819,-0.05118994,-0.31571343,-0.45236649,-0.31571343,-0.45236649,0.55111774,0.60968917,0.00604812,0,0.00081192,0,0.87435,0.63435,0.3642345,0.4318103,0,0
2026-09-28T22:10:37.103117+09:00,64024683,e5477175,2026-09-28T22:10:37.103117+09:00,2026-09-28T22:10:37.182032+09:00,rail-left-01,rail-right-01,0.6.7-draft,0.6.7-draft,mqtt,mqtt,218.01,179.38,6.345,6.724,-0.074,0.071,0.056,-0.19,10.493,9.728,-0.0683,0.0268,0.025,0.0565,-0.0021,-0.0025,25.03,25.06,16126,19063,2.016,2.383,6.047,7.149,102,102,11,11,1,0,0,0,-0.03188598,-0.02701536,-0.03188598,-0.02701536,-0.31818649,-0.41336649,-0.31818649,-0.41336649,0.55247917,0.59018917,0.00587228,-0.08764045,0.0004335,0.1752809,0.87435,0.63435,0.36428895,0.43096248,0,0
2026-09-28T22:10:37.123170+09:00,64044736,e5477175,2026-09-28T22:10:37.123170+09:00,2026-09-28T22:10:37.202085+09:00,rail-left-01,rail-right-01,0.6.7-draft,0.6.7-draft,mqtt,mqtt,219.11,180.33,6.357,6.721,-0.002,0.111,0.233,-0.297,10.403,9.604,-0.0665,0.0326,0.0377,0.0601,-0.0016,-0.0024,25.04,25.09,16155,19055,2.019,2.382,6.058,7.146,103,103,11,11,1,0,0,0,-0.03743299,0.01914836,-0.03743299,0.01914836,-0.32032728,-0.39936649,-0.32032728,-0.39936649,0.55390485,0.58318917,0.0057255,-0.04356325,0.00013235,0.08712649,0.87435,0.63435,0.36434598,0.43065813,0,0
2026-09-28T22:10:37.143166+09:00,64064732,e5477175,2026-09-28T22:10:37.143166+09:00,2026-09-28T22:10:37.222081+09:00,rail-left-01,rail-right-01,0.6.7-draft,0.6.7-draft,mqtt,mqtt,220.25,181.22,6.345,6.729,-0.122,0.061,-0.095,-0.157,10.351,9.671,-0.0646,0.0318,0.0406,0.0549,-0.0037,-0.0027,25.05,25.07,16126,19073,2.016,2.384,6.047,7.152,104,104,11,11,1,0,0,0,-0.04360825,0.00652697,-0.04360825,0.00652697,-0.32261649,-0.39436649,-0.32261649,-0.39436649,0.55516032,0.58068917,0.00557388,-0.02419274,-0.00016204,0.04838548,0.87435,0.63435,0.3643962,0.43054943,0,0
2026-09-28T22:10:37.163029+09:00,64084595,e5477175,2026-09-28T22:10:37.163029+09:00,2026-09-28T22:10:37.241944+09:00,rail-left-01,rail-right-01,0.6.7-draft,0.6.7-draft,mqtt,mqtt,221.35,182.12,6.346,6.743,-0.08,0.086,-0.054,-0.475,10.49,9.627,-0.0638,0.0298,0.0336,0.0541,-0.004,-0.0087,25.04,25.08,16129,19104,2.016,2.388,6.048,7.164,105,105,11,11,1,0,0,0,-0.05018008,0.01321581,-0.05018008,0.01321581,-0.32480045,-0.39416649,-0.32480045,-0.39416649,0.55637785,0.58058917,0.00543381,-0.01242254,-0.00042002,0.02484508,0.87435,0.63435,0.3644449,0.43054509,0,0
2026-09-28T22:10:37.182983+09:00,64104549,e5477175,2026-09-28T22:10:37.182983+09:00,2026-09-28T22:10:37.261898+09:00,rail-left-01,rail-right-01,0.6.7-draft,0.6.7-draft,mqtt,mqtt,222.44,183.01,6.357,6.739,-0.05,0.128,0.053,0.078,10.458,9.88,-0.0628,0.0318,0.035,0.055,-0.0057,-0.0061,25.04,25.1,16155,19095,2.019,2.387,6.058,7.161,106,106,11,11,1,0,0,0,-0.05705873,0.03732877,-0.05705873,0.03732877,-0.32669983,-0.39336649,-0.32669983,-0.39336649,0.55765213,0.58018917,0.00531486,-0.00791389,-0.00062469,0.01582778,0.87435,0.63435,0.36449587,0.43052769,0,0
2026-09-28T22:10:37.203112+09:00,64124678,e5477175,2026-09-28T22:10:37.203112+09:00,2026-09-28T22:10:37.282027+09:00,rail-left-01,rail-right-01,0.6.7-draft,0.6.7-draft,mqtt,mqtt,223.58,183.96,6.354,6.736,-0.006,0.12,0.213,-0.248,10.478,9.639,-0.0621,0.0348,0.037,0.0529,-0.0032,-0.0029,25.05,25.07,16147,19088,2.018,2.386,6.055,7.158,107,107,11,11,1,0,0,0,-0.0641429,0.05156205,-0.0641429,0.05156205,-0.32858467,-0.39236649,-0.32858467,-0.39236649,0.5588528,0.57968917,0.00519895,-0.00574028,-0.00081327,0.01148056,0.87435,0.63435,0.3645439,0.43050595,0,0
2026-09-28T22:10:37.223056+09:00,64144622,e5477175,2026-09-28T22:10:37.223056+09:00,2026-09-28T22:10:37.301971+09:00,rail-left-01,rail-right-01,0.6.7-draft,0.6.7-draft,mqtt,mqtt,224.68,184.85,6.343,6.722,-0.247,-0.047,0.098,-0.353,10.39,9.753,-0.0673,0.0312,0.0404,0.0528,-0.0008,-0.008,25.03,25.06,16120,19058,2.015,2.382,6.045,7.147,108,108,11,11,1,0,0,0,-0.07190679,0.00291293,-0.07190679,0.00291293,-0.33059864,-0.38986649,-0.33059864,-0.38986649,0.55991238,0.57843917,0.00507807,-0.00566132,-0.00100377,0.01132265,0.87435,0.63435,0.36458628,0.43045161,0,0
2026-09-28T22:10:37.243007+09:00,64164573,e5477175,2026-09-28T22:10:37.243007+09:00,2026-09-28T22:10:37.321922+09:00,rail-left-01,rail-right-01,0.6.7-draft,0.6.7-draft,mqtt,mqtt,225.82,185.75,6.336,6.711,0.073,0.157,-0.085,-0.217,10.619,9.828,-0.0655,0.0328,0.0366,0.0538,-0.004,-0.0091,25.06,25.08,16102,19034,2.013,2.379,6.038,7.138,109,109,11,11,1,0,0,0,-0.07962848,0.02928638,-0.07962848,0.02928638,-0.33266474,-0.38669983,-0.33266474,-0.38669983,0.56087338,0.57685584,0.00495669,-0.00605704,-0.00118796,0.01211409,0.87435,0.63435,0.36462472,0.43038277,0,0
2026-09-28T22:10:37.263027+09:00,64184593,e5477175,2026-09-28T22:10:37.263027+09:00,2026-09-28T22:10:37.341942+09:00,rail-left-01,rail-right-01,0.6.7-draft,0.6.7-draft,mqtt,mqtt,226.91,186.69,6.329,6.707,-0.072,0.048,0.101,-0.154,10.441,9.96,-0.0642,0.0321,0.0417,0.0581,-0.0045,-0.0068,25.07,25.07,16085,19025,2.011,2.378,6.032,7.134,110,110,11,11,1,0,0,0,-0.08762351,0.01961739,-0.08762351,0.01961739,-0.33478029,-0.38376649,-0.33478029,-0.38376649,0.56174089,0.57538917,0.00483543,-0.00615774,-0.00136623,0.01231549,0.87435,0.63435,0.36465942,0.430319,0,0
2026-09-28T22:10:37.431200+09:00,64320638,e5477175,2026-09-28T22:10:37.431200+09:00,2026-09-28T22:10:37.514244+09:00,rail-left-01,rail-right-01,0.6.7-draft,0.6.7-draft,mqtt,mqtt,234.52,192.91,6.319,6.708,-0.042,0.114,0.192,-0.184,10.465,9.759,-0.0673,0.0324,0.0345,0.0536,-0.0077,-0.0087,25.04,25.06,16060,19026,2.008,2.378,6.023,7.135,111,111,12,12,1,0,0,0,-0.01671551,-0.23103035,-0.01671551,-0.23103035,-0.38227558,-0.37917602,-0.38227558,-0.37917602,0.57373462,0.56390345,-0.00418463,-0.00187684,0.00616273,0.00213226,0.65835,0.84135,0.43024706,0.42981962,0,0
2026-09-28T22:10:37.451239+09:00,64340677,e5477175,2026-09-28T22:10:37.451239+09:00,2026-09-28T22:10:37.534283+09:00,rail-left-01,rail-right-01,0.6.7-draft,0.6.7-draft,mqtt,mqtt,235.66,193.8,6.26,6.606,-0.055,0.03,0.175,-0.25,10.479,9.734,-0.0671,0.0342,0.0345,0.0565,-0.0119,-0.0108,25.04,25.08,15915,18800,1.989,2.35,5.968,7.05,112,112,12,12,1,0,0,0,-0.05009478,-0.22117508,-0.05009478,-0.22117508,-0.38594983,-0.37259377,-0.38594983,-0.37259377,0.5698975,0.56203008,-0.0056255,-0.00224625,0.00073883,0.00413808,0.67235,0.84135,0.43008023,0.42973817,0,0
2026-09-28T22:10:37.471362+09:00,64360800,e5477175,2026-09-28T22:10:37.471362+09:00,2026-09-28T22:10:37.554406+09:00,rail-left-01,rail-right-01,0.6.7-draft,0.6.7-draft,mqtt,mqtt,236.76,194.75,6.263,6.613,-0.073,0.083,0.08,-0.254,10.648,9.776,-0.0691,0.0316,0.0312,0.0508,-0.0103,-0.0072,25.04,25.05,15922,18816,1.99,2.352,5.971,7.056,113,113,12,12,1,0,0,0,-0.0811106,-0.20563812,-0.0811106,-0.20563812,-0.38882803,-0.36688823,-0.38882803,-0.36688823,0.56676609,0.56047178,-0.00597626,-0.00243926,-0.00129729,0.00540819,0.84135,0.84135,0.42994408,0.42967042,0,0
2026-09-28T22:10:37.491223+09:00,64380661,e5477175,2026-09-28T22:10:37.491223+09:00,2026-09-28T22:10:37.574267+09:00,rail-left-01,rail-right-01,0.6.7-draft,0.6.7-draft,mqtt,mqtt,237.9,195.64,6.307,6.61,-0.063,0.093,0.171,-0.206,10.29,9.96,-0.0711,0.0324,0.0377,0.0517,-0.0052,-0.0064,25.07,25.07,16031,18810,2.004,2.351,6.012,7.054,114,114,12,12,1,0,0,0,-0.11031907,-0.19027573,-0.11031907,-0.19027573,-0.38815221,-0.36153316,-0.38815221,-0.36153316,0.56565345,0.55898084,-0.00518395,-0.00258468,-0.00063337,0.00633876,0.84135,0.84135,0.42989571,0.42960559,0,0
2026-09-28T22:10:37.511289+09:00,64400727,e5477175,2026-09-28T22:10:37.511289+09:00,2026-09-28T22:10:37.594333+09:00,rail-left-01,rail-right-01,0.6.7-draft,0.6.7-draft,mqtt,mqtt,239,196.59,6.328,6.619,-0.06,0.108,-0.018,-0.339,10.496,9.747,-0.0657,0.035,0.031,0.052,-0.0051,-0.0085,25.05,25.07,16084,18830,2.011,2.354,6.032,7.061,115,115,12,12,1,0,0,0,-0.13774192,-0.17436882,-0.13774192,-0.17436882,-0.38616649,-0.35696649,-0.38616649,-0.35696649,0.56538917,0.55778917,-0.00429681,-0.00263097,0.00043085,0.00690837,0.84135,0.84135,0.42988422,0.42955378,0,0
2026-09-28T22:10:37.531448+09:00,64420886,e5477175,2026-09-28T22:10:37.531448+09:00,2026-09-28T22:10:37.614492+09:00,rail-left-01,rail-right-01,0.6.7-draft,0.6.7-draft,mqtt,mqtt,240.14,197.48,6.336,6.615,-0.014,0.175,0.059,-0.254,10.458,9.779,-0.0661,0.0286,0.0348,0.0549,-0.0031,-0.0067,25.06,25.09,16103,18820,2.013,2.353,6.039,7.058,116,116,12,12,1,0,0,0,-0.16346546,-0.15238876,-0.16346546,-0.15238876,-0.38392899,-0.35259726,-0.38392899,-0.35259726,0.56540792,0.55661225,-0.00355393,-0.00267512,0.00132249,0.00735848,0.84135,0.84135,0.42988503,0.42950261,0,0
2026-09-28T22:10:37.551245+09:00,64440683,e5477175,2026-09-28T22:10:37.551245+09:00,2026-09-28T22:10:37.634289+09:00,rail-left-01,rail-right-01,0.6.7-draft,0.6.7-draft,mqtt,mqtt,241.23,198.43,6.328,6.615,-0.069,0.047,0.097,-0.308,10.479,9.722,-0.0665,0.0341,0.0374,0.0616,-0.0079,-0.0095,25.03,25.06,16084,18821,2.011,2.353,6.032,7.058,117,117,12,12,1,0,0,0,-0.1881286,-0.14548047,-0.1881286,-0.14548047,-0.38242532,-0.34855168,-0.38242532,-0.34855168,0.56518917,0.5555225,-0.00309959,-0.00269845,0.00172119,0.00768344,0.84135,0.84135,0.42987552,0.42945523,0,0
2026-09-28T22:10:37.571364+09:00,64460802,e5477175,2026-09-28T22:10:37.571364+09:00,2026-09-28T22:10:37.654408+09:00,rail-left-01,rail-right-01,0.6.7-draft,0.6.7-draft,mqtt,mqtt,242.38,199.32,6.294,6.625,0.031,0.151,-0.083,-0.114,10.491,9.707,-0.0695,0.0306,0.0382,0.0593,-0.0072,-0.0097,25.05,25.07,15999,18843,2,2.355,6,7.066,118,118,12,12,1,0,0,0,-0.21128775,-0.12849135,-0.21128775,-0.12849135,-0.3829776,-0.34515221,-0.3829776,-0.34515221,0.56405028,0.55468917,-0.00309506,-0.00266455,0.00127344,0.00783117,0.84135,0.84135,0.429826,0.429419,0,0
2026-09-28T22:10:37.591236+09:00,64480674,e5477175,2026-09-28T22:10:37.591236+09:00,2026-09-28T22:10:37.674280+09:00,rail-left-01,rail-right-01,0.6.7-draft,0.6.7-draft,mqtt,mqtt,243.47,200.27,6.289,6.614,-0.025,0.105,0.245,0.011,9.914,9.665,-0.0602,0.0282,0.024,0.0446,-0.0065,-0.0033,25.02,25.07,15985,18819,1.998,2.352,5.994,7.057,119,119,12,12,1,0,0,0,-0.23302446,-0.1171749,-0.23302446,-0.1171749,-0.38373491,-0.34160787,-0.38373491,-0.34160787,0.56289969,0.55372365,-0.00310698,-0.00267023,0.00084042,0.00800988,0.84135,0.84135,0.42977598,0.42937702,0,0
2026-09-28T22:10:37.612001+09:00,64501439,e5477175,2026-09-28T22:10:37.612001+09:00,2026-09-28T22:10:37.695045+09:00,rail-left-01,rail-right-01,0.6.7-draft,0.6.7-draft,mqtt,mqtt,244.61,201.21,6.351,6.622,-0.035,0.107,0.113,-0.602,10.42,9.419,-0.0594,0.0337,0.0304,0.0532,-0.0111,-0.0047,25.06,25.05,16141,18837,2.018,2.355,6.053,7.064,120,120,12,12,1,0,0,0,-0.25379735,-0.10633781,-0.25379735,-0.10633781,-0.38131649,-0.33856649,-0.38131649,-0.33856649,0.56341417,0.55295584,-0.00255803,-0.00263609,0.00156276,0.00807119,0.84135,0.84135,0.42979835,0.42934364,0,0
2026-09-28T22:10:37.757401+09:00,64676454,e5477175,2026-09-28T22:10:37.757401+09:00,2026-09-28T22:10:37.800368+09:00,rail-left-01,rail-right-01,0.6.7-draft,0.6.7-draft,mqtt,mqtt,254.46,209.26,6.358,6.616,-0.233,-0.12,0.132,-0.181,10.683,9.669,-0.0644,0.0264,0.0337,0.057,-0.0067,-0.0093,25.06,25.05,16157,18822,2.02,2.353,6.059,7.058,121,121,13,13,1,0,0,0,-0.10936697,-0.18440119,-0.10936697,-0.18440119,-0.33549552,-0.33878113,-0.33549552,-0.33878113,0.55235046,0.53489649,-0.0024464,-0.00329932,0.00783783,0.00269568,0.87635,0.91335,0.42931732,0.42855845,0,0
2026-09-28T22:10:37.777549+09:00,64696601,e5477175,2026-09-28T22:10:37.777549+09:00,2026-09-28T22:10:37.820515+09:00,rail-left-01,rail-right-01,0.6.7-draft,0.6.7-draft,mqtt,mqtt,255.55,210.21,6.262,6.66,0.069,0.238,0.129,-0.306,10.314,9.64,-0.0629,0.0316,0.0342,0.0588,-0.0091,-0.0089,25.03,25.07,15920,18920,1.99,2.365,5.97,7.095,122,122,13,13,1,0,0,0,-0.11286123,-0.17448659,-0.11286123,-0.17448659,-0.33561649,-0.33869983,-0.33561649,-0.33869983,0.55028292,0.53468917,-0.00268589,-0.00305559,0.00685098,0.00248048,0.87635,0.91335,0.42922742,0.42854943,0,0
2026-09-28T22:10:37.797488+09:00,64716541,e5477175,2026-09-28T22:10:37.797488+09:00,2026-09-28T22:10:37.840455+09:00,rail-left-01,rail-right-01,0.6.7-draft,0.6.7-draft,mqtt,mqtt,256.7,211.1,6.268,6.674,-0.165,-0.045,0.038,-0.2,10.378,9.576,-0.0633,0.0313,0.0481,0.0593,-0.0101,-0.0056,25.07,25.07,15933,18952,1.992,2.369,5.975,7.107,123,123,13,13,1,0,0,0,-0.11776802,-0.18392732,-0.11776802,-0.18392732,-0.33554831,-0.33894789,-0.33554831,-0.33894789,0.54843159,0.53465428,-0.00283551,-0.00282175,0.00611294,0.00224315,0.87635,0.91335,0.42914693,0.42854792,0,0
2026-09-28T22:10:37.817446+09:00,64736499,e5477175,2026-09-28T22:10:37.817446+09:00,2026-09-28T22:10:37.860413+09:00,rail-left-01,rail-right-01,0.6.7-draft,0.6.7-draft,mqtt,mqtt,257.84,212,6.239,6.676,0.005,0.129,0.05,-0.249,10.555,9.811,-0.0634,0.0358,0.0413,0.0565,-0.0043,-0.0041,25.03,25.06,15862,18956,1.983,2.37,5.948,7.109,124,124,13,13,1,0,0,0,-0.12324142,-0.18155448,-0.12324142,-0.18155448,-0.33633708,-0.33923013,-0.33633708,-0.33923013,0.5462627,0.53464371,-0.00303779,-0.00261814,0.00532059,0.00203388,0.87635,0.91335,0.42905263,0.42854746,0,0
2026-09-28T22:10:37.837863+09:00,64756916,e5477175,2026-09-28T22:10:37.837863+09:00,2026-09-28T22:10:37.880829+09:00,rail-left-01,rail-right-01,0.6.7-draft,0.6.7-draft,mqtt,mqtt,258.98,212.94,6.23,6.698,-0.011,0.089,0.031,-0.153,10.502,9.755,-0.0663,0.0329,0.059,0.058,-0.0016,-0.0057,25.04,25.07,15838,19004,1.98,2.376,5.939,7.127,125,125,13,13,1,0,0,0,-0.12955342,-0.18182354,-0.12955342,-0.18182354,-0.33733792,-0.33998871,-0.33733792,-0.33998871,0.54408917,0.53487806,-0.00321615,-0.00240356,0.00461472,0.0017774,0.87635,0.91335,0.42895813,0.42855765,0,0
2026-09-28T22:10:37.857841+09:00,64776894,e5477175,2026-09-28T22:10:37.857841+09:00,2026-09-28T22:10:37.900808+09:00,rail-left-01,rail-right-01,0.6.7-draft,0.6.7-draft,mqtt,mqtt,260.08,213.89,6.213,6.704,-0.214,0.016,0.315,-0.178,10.526,9.913,-0.0628,0.0322,0.0416,0.0554,-0.0085,-0.0121,25.06,25.06,15796,19017,1.975,2.377,5.924,7.131,126,126,13,13,1,0,0,0,-0.13692472,-0.18653238,-0.13692472,-0.18653238,-0.33875538,-0.34084475,-0.33875538,-0.34084475,0.54180028,0.53516743,-0.00339849,-0.00220663,0.00393271,0.00153587,0.87635,0.91335,0.42885861,0.42857023,0,0
2026-09-28T22:10:37.877425+09:00,64796478,e5477175,2026-09-28T22:10:37.877425+09:00,2026-09-28T22:10:37.920391+09:00,rail-left-01,rail-right-01,0.6.7-draft,0.6.7-draft,mqtt,mqtt,261.17,214.78,6.217,6.72,0.101,0.23,-0.085,-0.265,10.496,9.625,-0.0637,0.0328,0.0424,0.0598,-0.0057,-0.0084,25.03,25.06,15808,19053,1.976,2.382,5.928,7.145,127,127,13,13,1,0,0,0,-0.14428066,-0.17811139,-0.14428066,-0.17811139,-0.33998811,-0.34200479,-0.33998811,-0.34200479,0.53968917,0.5356147,-0.00352877,-0.00200949,0.00338051,0.00127675,0.87635,0.91335,0.42876682,0.42858967,0,0
2026-09-28T22:10:37.897544+09:00,64816597,e5477175,2026-09-28T22:10:37.897544+09:00,2026-09-28T22:10:37.940510+09:00,rail-left-01,rail-right-01,0.6.7-draft,0.6.7-draft,mqtt,mqtt,262.31,215.68,6.214,6.731,-0.353,-0.129,0.157,-0.078,10.72,9.698,-0.0589,0.0301,0.0266,0.0494,-0.0088,-0.0049,25.05,25.06,15800,19078,1.975,2.385,5.925,7.154,128,128,13,13,1,0,0,0,-0.15270894,-0.19141705,-0.15270894,-0.19141705,-0.34123491,-0.34334566,-0.34123491,-0.34334566,0.53764969,0.53615792,-0.00363514,-0.00181966,0.00289545,0.00101814,0.91335,0.91335,0.42867815,0.42861329,0,0
2026-09-28T22:10:37.917590+09:00,64836642,e5477175,2026-09-28T22:10:37.917590+09:00,2026-09-28T22:10:37.960556+09:00,rail-left-01,rail-right-01,0.6.7-draft,0.6.7-draft,mqtt,mqtt,263.46,216.62,6.267,6.743,0.122,0.235,0.133,-0.5,10.543,9.719,-0.057,0.0333,0.0241,0.0556,-0.0129,-0.0113,25.06,25.07,15931,19104,1.991,2.388,5.974,7.164,129,129,13,13,1,0,0,0,-0.16069061,-0.18296895,-0.16069061,-0.18296895,-0.3410588,-0.3448767,-0.3410588,-0.3448767,0.5363943,0.53680141,-0.00359548,-0.00163454,0.00271837,0.00075733,0.91335,0.91335,0.42862357,0.42864127,0,0
2026-09-28T22:10:37.937459+09:00,64856512,e5477175,2026-09-28T22:10:37.937459+09:00,2026-09-28T22:10:37.980425+09:00,rail-left-01,rail-right-01,0.6.7-draft,0.6.7-draft,mqtt,mqtt,264.6,217.52,6.304,6.758,-0.157,-0.016,-0.023,-0.198,10.363,9.559,-0.0574,0.0356,0.0372,0.0561,-0.0115,-0.0068,25.04,25.07,16024,19138,2.003,2.392,6.009,7.177,130,130,13,13,1,0,0,0,-0.16920551,-0.1892603,-0.16920551,-0.1892603,-0.33996649,-0.34664649,-0.33996649,-0.34664649,0.53566417,0.53756917,-0.00347408,-0.00145,0.00271875,0.00048761,0.91335,0.91335,0.42859182,0.42867465,0,0
2026-09-28T22:10:38.032729+09:00,64958456,e5477175,2026-09-28T22:10:38.032729+09:00,2026-09-28T22:10:38.075381+09:00,rail-left-01,rail-right-01,0.6.7-draft,0.6.7-draft,mqtt,mqtt,270.32,222.19,6.309,6.764,0.002,0.107,-0.151,-0.205,10.481,9.562,-0.064,0.0316,0.0388,0.0598,-0.0107,-0.0081,25.05,25.08,16036,19152,2.005,2.394,6.014,7.182,131,131,14,14,1,0,0,0,-0.19813499,-0.06298439,-0.19813499,-0.06298439,-0.34824885,-0.44036649,-0.34824885,-0.44036649,0.53835584,0.57768917,-0.00125069,0,0.00023293,0,0.91335,0.64435,0.42870885,0.48228719,0,0
2026-09-28T22:10:38.053094+09:00,64978821,e5477175,2026-09-28T22:10:38.053094+09:00,2026-09-28T22:10:38.095746+09:00,rail-left-01,rail-right-01,0.6.7-draft,0.6.7-draft,mqtt,mqtt,271.46,223.14,6.342,6.821,-0.065,0.093,0.232,-0.028,10.317,9.871,-0.0628,0.0342,0.0437,0.0617,-0.0128,-0.0036,25.03,25.07,16119,19278,2.015,2.41,6.045,7.229,132,132,14,14,1,0,0,0,-0.20743688,-0.08224128,-0.20743688,-0.08224128,-0.34915495,-0.46886649,-0.34915495,-0.46886649,0.53942955,0.59193917,-0.00103206,0.06,0.00009653,-0.12,0.91335,0.64435,0.42875554,0.48290676,0,0
2026-09-28T22:10:38.072836+09:00,64998563,e5477175,2026-09-28T22:10:38.072836+09:00,2026-09-28T22:10:38.115488+09:00,rail-left-01,rail-right-01,0.6.7-draft,0.6.7-draft,mqtt,mqtt,272.56,224.03,6.309,6.841,-0.008,0.093,0.091,-0.271,10.362,9.633,-0.0646,0.0338,0.0384,0.0622,-0.0184,-0.0075,25.05,25.08,16035,19321,2.004,2.415,6.013,7.245,133,133,14,14,1,0,0,0,-0.21691869,-0.08906117,-0.21691869,-0.08906117,-0.35064951,-0.48503316,-0.35064951,-0.48503316,0.54015143,0.6000225,-0.00087978,0.04205149,-0.00010486,-0.08410299,0.91335,0.64435,0.42878692,0.48325821,0,0
2026-09-28T22:10:38.092806+09:00,65018533,e5477175,2026-09-28T22:10:38.092806+09:00,2026-09-28T22:10:38.135458+09:00,rail-left-01,rail-right-01,0.6.7-draft,0.6.7-draft,mqtt,mqtt,273.7,224.98,6.313,6.849,-0.168,0.031,-0.038,-0.306,10.478,9.839,-0.0641,0.0329,0.0357,0.0554,-0.0128,-0.0089,25.03,25.09,16046,19340,2.006,2.418,6.017,7.253,134,134,14,14,1,0,0,0,-0.22685377,-0.1359795,-0.22685377,-0.1359795,-0.35201464,-0.49511649,-0.35201464,-0.49511649,0.54088361,0.60506417,-0.00073947,0.02972762,-0.00027305,-0.05945524,0.91335,0.64435,0.42881876,0.48347741,0,0
2026-09-28T22:10:38.113315+09:00,65039042,e5477175,2026-09-28T22:10:38.113315+09:00,2026-09-28T22:10:38.155967+09:00,rail-left-01,rail-right-01,0.6.7-draft,0.6.7-draft,mqtt,mqtt,274.84,225.92,6.324,6.865,-0.028,0.092,0.261,-0.271,10.608,9.681,-0.064,0.0318,0.0412,0.0574,-0.0115,-0.0049,25.02,25.07,16073,19375,2.009,2.422,6.027,7.266,135,135,14,14,1,0,0,0,-0.23697585,-0.12984402,-0.23697585,-0.12984402,-0.35313013,-0.50436649,-0.35313013,-0.50436649,0.54168917,0.60968917,-0.00060164,0.0247252,-0.00039716,-0.0494504,0.91335,0.64435,0.42885378,0.4836785,0,0
2026-09-28T22:10:38.133387+09:00,65059114,e5477175,2026-09-28T22:10:38.133387+09:00,2026-09-28T22:10:38.176039+09:00,rail-left-01,rail-right-01,0.6.7-draft,0.6.7-draft,mqtt,mqtt,275.99,226.81,6.345,6.885,-0.093,0.072,-0.115,-0.311,10.364,9.656,-0.0606,0.0329,0.0408,0.0592,-0.0109,-0.0077,25.06,25.07,16126,19420,2.016,2.428,6.047,7.283,136,136,14,14,1,0,0,0,-0.24736903,-0.13527394,-0.24736903,-0.13527394,-0.35383078,-0.51386649,-0.35383078,-0.51386649,0.54265345,0.61443917,-0.00045538,0.02300903,-0.00046204,-0.04601805,0.91335,0.64435,0.42889571,0.48388502,0,0
2026-09-28T22:10:38.152830+09:00,65078557,e5477175,2026-09-28T22:10:38.152830+09:00,2026-09-28T22:10:38.195482+09:00,rail-left-01,rail-right-01,0.6.7-draft,0.6.7-draft,mqtt,mqtt,277.08,227.71,6.338,6.898,0.081,0.164,0.078,-0.353,10.436,9.685,-0.0636,0.0328,0.0465,0.0581,-0.0089,-0.0028,25.04,25.08,16108,19449,2.014,2.431,6.041,7.293,137,137,14,14,1,0,0,0,-0.25770248,-0.10172191,-0.25770248,-0.10172191,-0.35462965,-0.52250935,-0.35462965,-0.52250935,0.5435225,0.6187606,-0.0003313,0.02149843,-0.00053401,-0.04299686,0.91335,0.64435,0.42893349,0.48407291,0,0
2026-09-28T22:10:38.172794+09:00,65098521,e5477175,2026-09-28T22:10:38.172794+09:00,2026-09-28T22:10:38.215446+09:00,rail-left-01,rail-right-01,0.6.7-draft,0.6.7-draft,mqtt,mqtt,278.22,228.6,6.319,6.906,-0.133,0.065,-0.166,-0.196,10.457,9.584,-0.0653,0.0328,0.0448,0.0546,-0.0095,-0.0016,25.04,25.1,16060,19467,2.008,2.433,6.023,7.3,138,138,14,14,1,0,0,0,-0.26836503,-0.11188487,-0.26836503,-0.11188487,-0.35572856,-0.52999149,-0.35572856,-0.52999149,0.54419779,0.62250167,-0.00023825,0.01985881,-0.00063578,-0.03971761,0.91335,0.64435,0.42896285,0.48423556,0,0
2026-09-28T22:10:38.192761+09:00,65118488,e5477175,2026-09-28T22:10:38.192761+09:00,2026-09-28T22:10:38.235413+09:00,rail-left-01,rail-right-01,0.6.7-draft,0.6.7-draft,mqtt,mqtt,279.32,229.55,6.307,6.901,0.012,0.144,0.078,-0.086,10.308,9.732,-0.0652,0.0324,0.0422,0.0542,-0.0132,0,25.04,25.08,16032,19456,2.004,2.432,6.012,7.296,139,139,14,14,1,0,0,0,-0.27901985,-0.09472186,-0.27901985,-0.09472186,-0.35699361,-0.53525538,-0.35699361,-0.53525538,0.54474849,0.62513361,-0.00016558,0.01734259,-0.00074975,-0.03468519,0.91335,0.64435,0.42898679,0.48434999,0,0
2026-09-28T22:10:38.213071+09:00,65138798,e5477175,2026-09-28T22:10:38.213071+09:00,2026-09-28T22:10:38.255723+09:00,rail-left-01,rail-right-01,0.6.7-draft,0.6.7-draft,mqtt,mqtt,280.51,230.44,6.303,6.902,-0.129,0.047,0.183,-0.218,10.451,9.634,-0.0667,0.031,0.0382,0.0556,-0.0119,-0.0031,25.05,25.09,16022,19458,2.003,2.432,6.008,7.297,140,140,14,14,1,0,0,0,-0.28988481,-0.1086414,-0.28988481,-0.1086414,-0.35828316,-0.53956649,-0.35828316,-0.53956649,0.5452475,0.62728917,-0.00010325,0.01520921,-0.00085954,-0.03041843,0.91335,0.64435,0.42900849,0.48444371,0,0
2026-09-28T22:10:38.309201+09:00,65234469,e5477175,2026-09-28T22:10:38.309201+09:00,2026-09-28T22:10:38.399091+09:00,rail-left-01,rail-right-01,0.6.7-draft,0.6.7-draft,mqtt,mqtt,285.88,234.87,6.291,6.898,-0.102,0.055,0.061,0.018,10.479,9.725,-0.0661,0.0277,0.0406,0.061,-0.0145,-0.0113,25.02,25.08,15990,19448,1.999,2.431,5.996,7.293,141,141,15,15,1,0,0,0,-0.13909836,-0.33116501,-0.13909836,-0.33116501,-0.54418467,-0.64665221,-0.54418467,-0.64665221,0.62850735,0.59387964,0.00850843,-0.00808724,-0.01975941,-0.02714013,0.67235,0.91835,0.48449668,0.48528559,0,0
2026-09-28T22:10:38.329296+09:00,65254564,e5477175,2026-09-28T22:10:38.329296+09:00,2026-09-28T22:10:38.419186+09:00,rail-left-01,rail-right-01,0.6.7-draft,0.6.7-draft,mqtt,mqtt,287.02,235.76,6.236,6.933,-0.044,0.115,0.065,-0.407,10.551,9.676,-0.0645,0.029,0.0418,0.0634,-0.0119,-0.0084,25.03,25.06,15854,19525,1.982,2.441,5.945,7.322,142,142,15,15,1,0,0,0,-0.16751532,-0.30916293,-0.16751532,-0.30916293,-0.55261649,-0.65491195,-0.55261649,-0.65491195,0.62723084,0.59200735,0.00423948,-0.00759395,-0.0201229,-0.02627447,0.74435,0.91835,0.48444118,0.48564471,0,0
2026-09-28T22:10:38.349228+09:00,65274496,e5477175,2026-09-28T22:10:38.349228+09:00,2026-09-28T22:10:38.439118+09:00,rail-left-01,rail-right-01,0.6.7-draft,0.6.7-draft,mqtt,mqtt,288.12,236.71,6.2,6.937,-0.066,0.071,-0.049,-0.202,10.631,9.84,-0.0677,0.0286,0.0384,0.0621,-0.0084,-0.008,25.04,25.06,15765,19534,1.971,2.442,5.912,7.325,143,143,15,15,1,0,0,0,-0.19427364,-0.29460157,-0.19427364,-0.29460157,-0.56252034,-0.66262736,-0.56252034,-0.66262736,0.62476609,0.59038482,0.00125315,-0.00715592,-0.02167657,-0.02552741,0.82435,0.91835,0.48433402,0.48598016,0,0
2026-09-28T22:10:38.369338+09:00,65294606,e5477175,2026-09-28T22:10:38.369338+09:00,2026-09-28T22:10:38.459228+09:00,rail-left-01,rail-right-01,0.6.7-draft,0.6.7-draft,mqtt,mqtt,289.26,237.6,6.179,6.937,-0.041,0.092,0.055,-0.269,10.44,9.764,-0.0642,0.0254,0.037,0.0622,-0.0084,-0.0088,25.05,25.07,15712,19534,1.964,2.442,5.892,7.325,144,144,15,15,1,0,0,0,-0.2194019,-0.27873673,-0.2194019,-0.27873673,-0.57250935,-0.66969983,-0.57250935,-0.66969983,0.62190345,0.5888975,-0.000834,-0.00678958,-0.0228883,-0.02481895,0.82435,0.91835,0.48420955,0.48628766,0,0
2026-09-28T22:10:38.389191+09:00,65314459,e5477175,2026-09-28T22:10:38.389191+09:00,2026-09-28T22:10:38.479081+09:00,rail-left-01,rail-right-01,0.6.7-draft,0.6.7-draft,mqtt,mqtt,290.4,238.55,6.135,6.932,-0.01,0.092,0.087,-0.273,10.568,9.583,-0.0678,0.03,0.0344,0.063,-0.0065,-0.0089,25.04,25.06,15603,19523,1.95,2.44,5.851,7.321,145,145,15,15,1,0,0,0,-0.24280445,-0.26410952,-0.24280445,-0.26410952,-0.58409983,-0.67600649,-0.58409983,-0.67600649,0.61795584,0.58742917,-0.00287551,-0.00650208,-0.02476227,-0.024067,0.82435,0.91835,0.48403792,0.48656186,0,0
2026-09-28T22:10:38.409505+09:00,65334773,e5477175,2026-09-28T22:10:38.409505+09:00,2026-09-28T22:10:38.499395+09:00,rail-left-01,rail-right-01,0.6.7-draft,0.6.7-draft,mqtt,mqtt,291.55,239.44,6.115,6.924,-0.166,0.016,0.214,0.09,10.327,9.467,-0.0622,0.0285,0.0406,0.0572,-0.0136,-0.0113,25.05,25.08,15552,19507,1.944,2.438,5.832,7.315,146,146,15,15,1,0,0,0,-0.2660856,-0.25910915,-0.2660856,-0.25910915,-0.59549149,-0.68152034,-0.59549149,-0.68152034,0.61387667,0.58591994,-0.00444596,-0.00629187,-0.02614309,-0.02326713,0.82435,0.91835,0.48386056,0.48680159,0,0
2026-09-28T22:10:38.429358+09:00,65354626,e5477175,2026-09-28T22:10:38.429358+09:00,2026-09-28T22:10:38.519248+09:00,rail-left-01,rail-right-01,0.6.7-draft,0.6.7-draft,mqtt,mqtt,292.64,240.39,6.079,6.918,0.05,0.201,0.172,-0.221,10.406,9.713,-0.0629,0.024,0.0421,0.0606,-0.0087,-0.0096,25.03,25.08,15464,19492,1.933,2.437,5.799,7.31,147,147,15,15,1,0,0,0,-0.28776632,-0.23469029,-0.28776632,-0.23469029,-0.60766061,-0.68640353,-0.60766061,-0.68640353,0.60921858,0.58441139,-0.00593115,-0.00612508,-0.0276732,-0.02245042,0.82435,0.91835,0.48365804,0.4870139,0,0
2026-09-28T22:10:38.449340+09:00,65374608,e5477175,2026-09-28T22:10:38.449340+09:00,2026-09-28T22:10:38.539230+09:00,rail-left-01,rail-right-01,0.6.7-draft,0.6.7-draft,mqtt,mqtt,293.79,241.28,6.039,6.899,-0.096,0.004,0.15,-0.436,9.805,9.527,-0.0734,0.0229,0.0306,0.0505,-0.0059,-0.0037,25.04,25.08,15363,19451,1.92,2.431,5.761,7.294,148,148,15,15,1,0,0,0,-0.30862751,-0.23232877,-0.30862751,-0.23232877,-0.62069983,-0.69025935,-0.62069983,-0.69025935,0.60396695,0.58267131,-0.00738146,-0.00605752,-0.02934029,-0.02150836,0.82435,0.91835,0.48415722,0.48718155,0,0
2026-09-28T22:10:38.469343+09:00,65394611,e5477175,2026-09-28T22:10:38.469343+09:00,2026-09-28T22:10:38.559233+09:00,rail-left-01,rail-right-01,0.6.7-draft,0.6.7-draft,mqtt,mqtt,294.93,242.23,6.065,6.866,0.011,0.133,0.139,-0.148,10.725,9.646,-0.0699,0.0261,0.0266,0.0496,-0.01,-0.0067,25.06,25.08,15428,19378,1.929,2.422,5.786,7.267,149,149,15,15,1,0,0,0,-0.32800327,-0.21724461,-0.32800327,-0.21724461,-0.63099807,-0.69271132,-0.63099807,-0.69271132,0.59995233,0.58048227,-0.00804509,-0.00612707,-0.02959448,-0.02034139,0.91835,0.91835,0.48460497,0.48728816,0,0
2026-09-28T22:10:38.489386+09:00,65414654,e5477175,2026-09-28T22:10:38.489386+09:00,2026-09-28T22:10:38.579276+09:00,rail-left-01,rail-right-01,0.6.7-draft,0.6.7-draft,mqtt,mqtt,296.07,243.12,6.084,6.846,-0.062,0.049,0.253,-0.209,10.187,10.299,-0.0675,0.03,0.0348,0.0582,-0.0085,-0.0053,25.03,25.04,15477,19334,1.935,2.417,5.804,7.25,150,150,15,15,1,0,0,0,-0.34671615,-0.21121508,-0.34671615,-0.21121508,-0.63931649,-0.69433316,-0.63931649,-0.69433316,0.59681417,0.57810584,-0.00825228,-0.0062467,-0.02906253,-0.01912971,0.91835,0.91835,0.48496664,0.48735867,0,0
2026-09-28T22:10:38.906945+09:00,65558443,e5477175,2026-09-28T22:10:38.906945+09:00,2026-09-28T22:10:39.188129+09:00,rail-left-01,rail-right-01,0.6.7-draft,0.6.7-draft,mqtt,mqtt,304.18,249.73,6.076,6.848,-0.204,-0.104,0.031,-0.453,10.463,9.716,-0.0673,0.0306,0.0401,0.0605,-0.0057,-0.0065,25.06,25.09,15456,19337,1.932,2.417,5.796,7.251,151,151,16,16,1,0,0,0,-0.23198982,-0.38021775,-0.23198982,-0.38021775,-0.69610843,-0.72265918,-0.69610843,-0.72265918,0.57575368,0.55181112,-0.00615449,-0.00590714,-0.0171032,-0.0103424,0.91835,0.91835,0.48743586,0.48859024,0,0
2026-09-28T22:10:38.927092+09:00,65578591,e5477175,2026-09-28T22:10:38.927092+09:00,2026-09-28T22:10:39.208277+09:00,rail-left-01,rail-right-01,0.6.7-draft,0.6.7-draft,mqtt,mqtt,305.32,250.68,5.985,6.873,-0.032,0.153,0.08,-0.032,10.5,9.837,-0.0636,0.0257,0.0334,0.0566,-0.0119,-0.0072,25.04,25.08,15194,19393,1.899,2.424,5.698,7.272,152,152,16,16,1,0,0,0,-0.25196244,-0.35034136,-0.25196244,-0.35034136,-0.70061649,-0.72372364,-0.70061649,-0.72372364,0.57212667,0.55112964,-0.0064728,-0.00553818,-0.01634531,-0.00967002,0.91835,0.91835,0.48763186,0.48863652,0,0
2026-09-28T22:10:38.947017+09:00,65598515,e5477175,2026-09-28T22:10:38.947017+09:00,2026-09-28T22:10:39.228201+09:00,rail-left-01,rail-right-01,0.6.7-draft,0.6.7-draft,mqtt,mqtt,306.46,251.57,5.984,6.869,-0.13,-0.004,0.265,-0.262,10.459,9.641,-0.0649,0.031,0.04,0.0638,-0.0092,0.0047,25.06,25.08,15190,19384,1.899,2.423,5.696,7.269,153,153,16,16,1,0,0,0,-0.27160607,-0.33205702,-0.27160607,-0.33205702,-0.70488164,-0.72464556,-0.70488164,-0.72464556,0.56870432,0.55043335,-0.00669007,-0.00523252,-0.01569604,-0.00907938,0.91835,0.91835,0.4878173,0.4886766,0,0
2026-09-28T22:10:38.966960+09:00,65618458,e5477175,2026-09-28T22:10:38.966960+09:00,2026-09-28T22:10:39.248144+09:00,rail-left-01,rail-right-01,0.6.7-draft,0.6.7-draft,mqtt,mqtt,307.56,252.52,5.98,6.876,0.004,0.17,-0.037,-0.239,10.525,9.718,-0.0674,0.031,0.0398,0.0638,-0.0121,-0.0031,25.03,25.08,15170,19399,1.896,2.425,5.689,7.275,154,154,16,16,1,0,0,0,-0.29049775,-0.30341979,-0.29049775,-0.30341979,-0.70901355,-0.72568467,-0.70901355,-0.72568467,0.56542446,0.54984826,-0.00684754,-0.00495198,-0.01515275,-0.00859698,0.91835,0.91835,0.48799695,0.48872178,0,0
2026-09-28T22:10:38.987041+09:00,65638539,e5477175,2026-09-28T22:10:38.987041+09:00,2026-09-28T22:10:39.268225+09:00,rail-left-01,rail-right-01,0.6.7-draft,0.6.7-draft,mqtt,mqtt,308.7,253.41,5.98,6.893,-0.069,0.032,-0.045,-0.121,10.242,9.711,-0.0604,0.033,0.0406,0.0616,-0.0096,-0.0029,25.07,25.08,15169,19437,1.896,2.43,5.688,7.289,155,155,16,16,1,0,0,0,-0.30892444,-0.28475328,-0.30892444,-0.28475328,-0.71290935,-0.72705538,-0.71290935,-0.72705538,0.56233203,0.54947806,-0.00694647,-0.00467326,-0.01465864,-0.00824116,0.91835,0.91835,0.48816633,0.48878138,0,0
2026-09-28T22:10:39.007316+09:00,65658814,e5477175,2026-09-28T22:10:39.007316+09:00,2026-09-28T22:10:39.288500+09:00,rail-left-01,rail-right-01,0.6.7-draft,0.6.7-draft,mqtt,mqtt,309.84,254.36,5.978,6.899,-0.084,0.057,0.151,-0.293,10.695,9.683,-0.0714,0.0317,0.0354,0.0536,-0.0093,-0.0011,25.04,25.07,15159,19450,1.895,2.431,5.685,7.294,156,156,16,16,1,0,0,0,-0.32686955,-0.26533717,-0.32686955,-0.26533717,-0.71664427,-0.72849693,-0.71664427,-0.72849693,0.55938361,0.54918917,-0.00700795,-0.00441592,-0.01421665,-0.00794475,0.91835,0.91835,0.48832872,0.48884405,0,0
2026-09-28T22:10:39.027121+09:00,65678620,e5477175,2026-09-28T22:10:39.027121+09:00,2026-09-28T22:10:39.308306+09:00,rail-left-01,rail-right-01,0.6.7-draft,0.6.7-draft,mqtt,mqtt,310.99,255.25,5.995,6.893,-0.12,0.072,0.123,-0.164,10.444,9.634,-0.0715,0.029,0.035,0.0493,-0.0103,-0.0051,25.02,25.07,15242,19437,1.905,2.43,5.716,7.289,157,157,16,16,1,0,0,0,-0.34443799,-0.24580628,-0.34443799,-0.24580628,-0.71971784,-0.72974947,-0.71971784,-0.72974947,0.5568243,0.54884874,-0.0069842,-0.00419799,-0.01370319,-0.00765665,0.91835,0.91835,0.48846235,0.48889851,0,0
2026-09-28T22:10:39.047067+09:00,65698565,e5477175,2026-09-28T22:10:39.047067+09:00,2026-09-28T22:10:39.328251+09:00,rail-left-01,rail-right-01,0.6.7-draft,0.6.7-draft,mqtt,mqtt,312.08,256.2,6.058,6.884,-0.062,0.132,-0.007,-0.309,10.284,9.602,-0.0733,0.0282,0.0317,0.0493,-0.0084,-0.0056,25.04,25.09,15410,19417,1.926,2.427,5.779,7.281,158,158,16,16,1,0,0,0,-0.36143206,-0.22349996,-0.36143206,-0.22349996,-0.72097176,-0.73076233,-0.72097176,-0.73076233,0.55522864,0.54842875,-0.006769,-0.00401679,-0.01288616,-0.00736493,0.91835,0.91835,0.48851687,0.48894255,0,0
2026-09-28T22:10:39.067043+09:00,65718541,e5477175,2026-09-28T22:10:39.067043+09:00,2026-09-28T22:10:39.348227+09:00,rail-left-01,rail-right-01,0.6.7-draft,0.6.7-draft,mqtt,mqtt,313.23,257.09,6.076,6.852,-0.104,0.024,0.284,-0.12,10.618,9.968,-0.0662,0.026,0.0293,0.0482,-0.01,-0.0053,25.04,25.07,15455,19346,1.932,2.418,5.796,7.255,159,159,16,16,1,0,0,0,-0.37796225,-0.20858361,-0.37796225,-0.20858361,-0.72169983,-0.73108078,-0.72169983,-0.73108078,0.55394558,0.54769937,-0.00652086,-0.00390257,-0.01206636,-0.00700066,0.91835,0.91835,0.48854853,0.48895639,0,0
2026-09-28T22:10:39.087680+09:00,65739178,e5477175,2026-09-28T22:10:39.087680+09:00,2026-09-28T22:10:39.368864+09:00,rail-left-01,rail-right-01,0.6.7-draft,0.6.7-draft,mqtt,mqtt,314.37,258.04,6.085,6.848,0.157,0.172,0.171,-0.399,10.47,9.829,-0.0666,0.0322,0.0389,0.0562,-0.0063,-0.0057,25.04,25.07,15478,19338,1.935,2.417,5.804,7.252,160,160,16,16,1,0,0,0,-0.39348405,-0.18584091,-0.39348405,-0.18584091,-0.72216649,-0.73130649,-0.72216649,-0.73130649,0.55283917,0.54695917,-0.00627005,-0.00380242,-0.01129287,-0.00665824,0.91835,0.91835,0.48856882,0.48896621,0,0
2026-09-28T22:10:39.842178+09:00,66495386,e5477175,2026-09-28T22:10:39.842178+09:00,2026-09-28T22:10:40.139573+09:00,rail-left-01,rail-right-01,0.6.7-draft,0.6.7-draft,mqtt,mqtt,356.88,292.99,6.087,6.85,0.045,0.218,-0.151,-0.305,10.461,9.792,-0.0657,0.0313,0.041,0.0569,-0.0084,-0.0039,25.03,25.07,15482,19341,1.935,2.418,5.806,7.253,161,161,17,17,2,0,0,0,,-0.38658919,,-0.38658919,,-0.30836649,,-0.30836649,,0.72968917,,0,,0,,0.71235,0,0.50071219,0,0
2026-09-28T22:10:39.862262+09:00,66515470,e5477175,2026-09-28T22:10:39.862262+09:00,2026-09-28T22:10:40.159657+09:00,rail-left-01,rail-right-01,0.6.7-draft,0.6.7-draft,mqtt,mqtt,357.97,293.88,6.534,6.792,-0.043,0.005,0.086,-0.065,10.368,9.816,-0.067,0.034,0.0413,0.0586,-0.0055,-0.0067,25.04,25.06,16596,19214,2.075,2.402,6.224,7.205,162,162,17,17,2,0,0,0,,-0.3158592,,-0.3158592,,-0.27936649,,-0.27936649,,0.71518917,,-0.06516854,,0.13033708,,0.71235,0,0.50008175,0,0
2026-09-28T22:10:39.882187+09:00,66535395,e5477175,2026-09-28T22:10:39.882187+09:00,2026-09-28T22:10:40.179582+09:00,rail-left-01,rail-right-01,0.6.7-draft,0.6.7-draft,mqtt,mqtt,359.12,294.83,6.543,6.787,0.03,0.159,0.05,-0.298,10.544,9.488,-0.0644,0.033,0.0432,0.0581,-0.0068,-0.0045,25.05,25.07,16618,19202,2.077,2.4,6.232,7.201,163,163,17,17,2,0,0,0,,-0.14661514,,-0.14661514,,-0.26803316,,-0.26803316,,0.7095225,,-0.03391402,,0.06782804,,0.71235,0,0.49983538,0,0
2026-09-28T22:10:39.902202+09:00,66555410,e5477175,2026-09-28T22:10:39.902202+09:00,2026-09-28T22:10:40.199597+09:00,rail-left-01,rail-right-01,0.6.7-draft,0.6.7-draft,mqtt,mqtt,360.21,295.77,6.535,6.788,-0.111,0.014,0.089,-0.297,10.241,9.55,-0.0686,0.033,0.0444,0.0578,-0.0027,-0.0017,25.05,25.06,16598,19205,2.075,2.401,6.224,7.202,164,164,17,17,2,0,0,0,,-0.16563239,,-0.16563239,,-0.26261649,,-0.26261649,,0.70681417,,-0.02034661,,0.04069322,,0.71235,0,0.49971762,0,0
2026-09-28T22:10:39.922379+09:00,66575587,e5477175,2026-09-28T22:10:39.922379+09:00,2026-09-28T22:10:40.219774+09:00,rail-left-01,rail-right-01,0.6.7-draft,0.6.7-draft,mqtt,mqtt,361.35,296.67,6.517,6.782,0.048,0.085,0.3,-0.15,10.341,9.749,-0.0636,0.0356,0.04,0.0546,-0.0015,-0.0033,25.05,25.05,16554,19191,2.069,2.399,6.208,7.197,165,165,17,17,2,0,0,0,,-0.13646358,,-0.13646358,,-0.25816649,,-0.25816649,,0.70458917,,-0.01505175,,0.03010349,,0.71235,0,0.49962088,0,0
2026-09-28T22:10:39.942361+09:00,66595569,e5477175,2026-09-28T22:10:39.942361+09:00,2026-09-28T22:10:40.239756+09:00,rail-left-01,rail-right-01,0.6.7-draft,0.6.7-draft,mqtt,mqtt,362.5,297.61,6.518,6.786,-0.029,0.025,0.178,-0.171,10.518,9.616,-0.067,0.0308,0.0388,0.057,-0.0008,-0.0047,25.05,25.06,16555,19200,2.069,2.4,6.208,7.2,166,166,17,17,2,0,0,0,,-0.14549519,,-0.14549519,,-0.25586649,,-0.25586649,,0.70343917,,-0.01071475,,0.0214295,,0.71235,0,0.49957088,0,0
2026-09-28T22:10:39.962277+09:00,66615485,e5477175,2026-09-28T22:10:39.962277+09:00,2026-09-28T22:10:40.259672+09:00,rail-left-01,rail-right-01,0.6.7-draft,0.6.7-draft,mqtt,mqtt,363.59,298.56,6.518,6.777,-0.086,0.011,-0.053,-0.244,10.532,9.633,-0.0677,0.0333,0.0364,0.0562,0.0005,-0.0044,25.05,25.06,16555,19181,2.069,2.398,6.208,7.193,167,167,17,17,2,0,0,0,,-0.15760965,,-0.15760965,,-0.25293792,,-0.25293792,,0.70197488,,-0.00903138,,0.01806277,,0.71235,0,0.49950722,0,0
2026-09-28T22:10:39.982216+09:00,66635424,e5477175,2026-09-28T22:10:39.982216+09:00,2026-09-28T22:10:40.279611+09:00,rail-left-01,rail-right-01,0.6.7-draft,0.6.7-draft,mqtt,mqtt,364.73,299.45,6.519,6.757,0.002,0.084,0.04,-0.253,10.438,9.817,-0.0662,0.0297,0.0297,0.0561,-0.0019,-0.0064,25.05,25.07,16559,19136,2.07,2.392,6.21,7.176,168,168,17,17,2,0,0,0,,-0.1407259,,-0.1407259,,-0.24824149,,-0.24824149,,0.69962667,,-0.00941025,,0.01882049,,0.71235,0,0.49940512,0,0
2026-09-28T22:10:40.002344+09:00,66655552,e5477175,2026-09-28T22:10:40.002344+09:00,2026-09-28T22:10:40.299739+09:00,rail-left-01,rail-right-01,0.6.7-draft,0.6.7-draft,mqtt,mqtt,365.88,300.4,6.525,6.759,-0.08,-0.028,0.156,-0.33,10.469,9.81,-0.0687,0.0314,0.0424,0.053,0.0005,-0.0055,25.04,25.07,16574,19141,2.072,2.393,6.215,7.178,169,169,17,17,2,0,0,0,,-0.16266827,,-0.16266827,,-0.24481094,,-0.24481094,,0.69791139,,-0.00880128,,0.01760257,,0.71235,0,0.49933055,0,0
2026-09-28T22:10:40.022704+09:00,66675912,e5477175,2026-09-28T22:10:40.022704+09:00,2026-09-28T22:10:40.320099+09:00,rail-left-01,rail-right-01,0.6.7-draft,0.6.7-draft,mqtt,mqtt,367.02,301.34,6.521,6.758,-0.092,0.063,-0.035,-0.33,10.519,9.549,-0.0671,0.0296,0.044,0.0554,0,-0.0091,25.07,25.07,16564,19137,2.071,2.392,6.212,7.176,170,170,17,17,2,0,0,0,,-0.15468117,,-0.15468117,,-0.24196649,,-0.24196649,,0.69648917,,-0.0080631,,0.0161262,,0.71235,0,0.49926871,0,0
2026-09-28T22:10:42.498715+09:00,69287936,e5477175,2026-09-28T22:10:42.498715+09:00,2026-09-28T22:10:42.584377+09:00,rail-left-01,rail-right-01,0.6.7-draft,0.6.7-draft,mqtt,mqtt,514.43,423.55,6.42,6.684,-0.107,-0.014,0.318,-0.302,10.385,9.71,-0.0629,0.0329,0.0389,0.06,-0.0084,-0.0067,25.07,25.11,16313,18974,2.039,2.372,6.117,7.115,271,271,28,28,13,11,0,0,,,,,,,,,,,,,,,,,0,0,0,0
2026-09-28T22:10:42.519126+09:00,69308347,e5477175,2026-09-28T22:10:42.519126+09:00,2026-09-28T22:10:42.604787+09:00,rail-left-01,rail-right-01,0.6.7-draft,0.6.7-draft,mqtt,mqtt,515.58,424.49,6.409,6.697,-0.047,0.055,-0.083,-0.344,10.478,9.747,-0.0649,0.0324,0.0398,0.058,-0.0077,-0.0061,25.05,25.07,16284,19003,2.036,2.375,6.107,7.126,272,272,28,28,13,11,0,0,,,,,,,,,,,,,,,,,0,0,0,0
2026-09-28T22:10:42.538801+09:00,69328022,e5477175,2026-09-28T22:10:42.538801+09:00,2026-09-28T22:10:42.624463+09:00,rail-left-01,rail-right-01,0.6.7-draft,0.6.7-draft,mqtt,mqtt,516.72,425.39,6.393,6.696,-0.012,0.071,0.108,-0.081,10.489,9.877,-0.0653,0.0334,0.0398,0.0582,-0.0063,-0.0071,25.06,25.06,16244,19000,2.031,2.375,6.092,7.125,273,273,28,28,13,11,0,0,,,,,,,,,,,,,,,,,0,0,0,0
2026-09-28T22:10:42.838182+09:00,69627403,e5477175,2026-09-28T22:10:42.838182+09:00,2026-09-28T22:10:42.923844+09:00,rail-left-01,rail-right-01,0.6.7-draft,0.6.7-draft,mqtt,mqtt,533.58,439.46,6.379,6.715,0.057,0.03,0.654,0.066,10.397,10.101,-0.0663,0.0296,0.0324,0.0465,-0.0044,-0.0028,25.06,25.08,16211,19042,2.026,2.38,6.079,7.141,274,274,28,28,13,11,0,0,,,,,,,,,,,,,,,,,0,0,0,0
2026-09-28T22:10:42.858238+09:00,69647459,e5477175,2026-09-28T22:10:42.858238+09:00,2026-09-28T22:10:42.943900+09:00,rail-left-01,rail-right-01,0.6.7-draft,0.6.7-draft,mqtt,mqtt,534.72,440.4,6.329,6.562,-0.028,0.05,0.225,-0.532,10.625,9.683,-0.0681,0.0294,0.0444,0.0521,0.0015,-0.0084,25.04,25.1,16085,18704,2.011,2.338,6.032,7.014,275,275,28,28,13,11,0,0,,,,,,,,,,,,,,,,,0,0,0,0
2026-09-28T22:10:42.878218+09:00,69667439,e5477175,2026-09-28T22:10:42.878218+09:00,2026-09-28T22:10:42.963879+09:00,rail-left-01,rail-right-01,0.6.7-draft,0.6.7-draft,mqtt,mqtt,535.86,441.35,6.323,6.566,-0.071,-0.05,0.029,-0.119,10.454,9.787,-0.0669,0.0284,0.0542,0.0586,0.0021,-0.0033,25.07,25.09,16070,18711,2.009,2.339,6.026,7.017,276,276,28,28,13,11,0,0,,,,,,,,,,,,,,,,,0,0,0,0
2026-09-28T22:10:42.898353+09:00,69687574,e5477175,2026-09-28T22:10:42.898353+09:00,2026-09-28T22:10:42.984015+09:00,rail-left-01,rail-right-01,0.6.7-draft,0.6.7-draft,mqtt,mqtt,537.01,442.29,6.311,6.554,-0.007,0.182,0.205,-0.073,10.502,9.755,-0.0666,0.0316,0.0373,0.0562,-0.002,-0.0009,25.06,25.08,16040,18686,2.005,2.336,6.015,7.007,277,277,28,28,13,11,0,0,,,,,,,,,,,,,,,,,0,0,0,0
2026-09-28T22:10:42.918208+09:00,69707429,e5477175,2026-09-28T22:10:42.918208+09:00,2026-09-28T22:10:43.003869+09:00,rail-left-01,rail-right-01,0.6.7-draft,0.6.7-draft,mqtt,mqtt,538.15,443.24,6.299,6.558,-0.01,-0.007,0.013,-0.333,10.596,9.734,-0.0648,0.0322,0.0426,0.0566,-0.0071,-0.0044,25.05,25.07,16010,18694,2.001,2.337,6.004,7.01,278,278,28,28,13,11,0,0,,,,,,,,,,,,,,,,,0,0,0,0
2026-09-28T22:10:42.938173+09:00,69727394,e5477175,2026-09-28T22:10:42.938173+09:00,2026-09-28T22:10:43.023835+09:00,rail-left-01,rail-right-01,0.6.7-draft,0.6.7-draft,mqtt,mqtt,539.24,444.13,6.306,6.554,-0.047,0.086,-0.114,-0.328,10.336,9.744,-0.0674,0.0322,0.0442,0.0529,-0.0015,-0.0041,25.07,25.05,16028,18686,2.003,2.336,6.01,7.007,279,279,28,28,13,11,0,0,,,,,,,,,,,,,,,,,0,0,0,0
2026-09-28T22:10:42.958288+09:00,69747509,e5477175,2026-09-28T22:10:42.958288+09:00,2026-09-28T22:10:43.043950+09:00,rail-left-01,rail-right-01,0.6.7-draft,0.6.7-draft,mqtt,mqtt,540.39,445.08,6.301,6.547,0.01,0.114,0.19,-0.124,10.499,9.734,-0.0606,0.0294,0.0476,0.0557,-0.0021,-0.0088,25.07,25.08,16017,18670,2.002,2.334,6.006,7.001,280,280,28,28,13,11,0,0,,,,,,,,,,,,,,,,,0,0,0,0
2026-09-28T22:10:43.142301+09:00,70025405,e5477175,2026-09-28T22:10:43.142301+09:00,2026-09-28T22:10:43.181506+09:00,rail-left-01,rail-right-01,0.6.7-draft,0.6.7-draft,mqtt,mqtt,556.15,458.2,6.293,6.54,0.101,0.119,0.056,-0.441,10.472,9.647,-0.0622,0.0341,0.0465,0.056,-0.014,-0.0063,25.04,25.09,15996,18654,2,2.332,5.998,6.995,281,281,29,29,13,11,0,0,,,,,,,,,,,,,,,,,0,0,0,0
2026-09-28T22:10:43.162469+09:00,70045573,e5477175,2026-09-28T22:10:43.162469+09:00,2026-09-28T22:10:43.201674+09:00,rail-left-01,rail-right-01,0.6.7-draft,0.6.7-draft,mqtt,mqtt,557.29,459.15,6.173,6.516,-0.069,-0.036,0.095,-0.067,10.356,9.718,-0.0625,0.0285,0.051,0.056,-0.0088,-0.004,25.03,25.06,15697,18601,1.962,2.325,5.886,6.975,282,282,29,29,13,11,0,0,,,,,,,,,,,,,,,,,0,0,0,0
2026-09-28T22:10:43.182408+09:00,70065512,e5477175,2026-09-28T22:10:43.182408+09:00,2026-09-28T22:10:43.221613+09:00,rail-left-01,rail-right-01,0.6.7-draft,0.6.7-draft,mqtt,mqtt,558.44,460.04,6.149,6.519,0.17,0.217,0.09,-0.067,10.453,9.768,-0.0645,0.0322,0.0444,0.0566,-0.0081,-0.0099,25.04,25.07,15638,18607,1.955,2.326,5.864,6.978,283,283,29,29,13,11,0,0,,,,,,,,,,,,,,,,,0,0,0,0
2026-09-28T22:10:43.202395+09:00,70085499,e5477175,2026-09-28T22:10:43.202395+09:00,2026-09-28T22:10:43.241600+09:00,rail-left-01,rail-right-01,0.6.7-draft,0.6.7-draft,mqtt,mqtt,559.58,460.99,6.141,6.526,-0.107,-0.016,-0.01,-0.37,10.512,9.608,-0.0642,0.0297,0.0538,0.058,-0.0048,-0.0047,25.03,25.11,15617,18623,1.952,2.328,5.856,6.984,284,284,29,29,13,11,0,0,,,,,,,,,,,,,,,,,0,0,0,0
2026-09-28T22:10:43.222914+09:00,70106017,e5477175,2026-09-28T22:10:43.222914+09:00,2026-09-28T22:10:43.262118+09:00,rail-left-01,rail-right-01,0.6.7-draft,0.6.7-draft,mqtt,mqtt,560.72,461.98,6.106,6.526,0.084,0.077,0.041,-0.147,10.432,9.778,-0.0673,0.0273,0.0366,0.0581,-0.0033,-0.0077,25.04,25.09,15530,18623,1.941,2.328,5.824,6.984,285,285,29,29,13,11,0,0,,,,,,,,,,,,,,,,,0,0,0,0
2026-09-28T22:10:43.242907+09:00,70126011,e5477175,2026-09-28T22:10:43.242907+09:00,2026-09-28T22:10:43.282112+09:00,rail-left-01,rail-right-01,0.6.7-draft,0.6.7-draft,mqtt,mqtt,561.87,462.93,6.06,6.534,-0.096,-0.007,0.148,-0.412,10.325,9.814,-0.0678,0.0312,0.0525,0.064,-0.006,-0.0064,25.04,25.07,15416,18640,1.927,2.33,5.781,6.99,286,286,29,29,13,11,0,0,,,,,,,,,,,,,,,,,0,0,0,0
2026-09-28T22:10:43.262480+09:00,70145584,e5477175,2026-09-28T22:10:43.262480+09:00,2026-09-28T22:10:43.301685+09:00,rail-left-01,rail-right-01,0.6.7-draft,0.6.7-draft,mqtt,mqtt,563.01,463.82,6.046,6.535,-0.162,0.084,0.122,0.073,10.299,9.608,-0.0572,0.0316,0.0226,0.0517,-0.0117,-0.0084,25.06,25.07,15381,18643,1.923,2.33,5.768,6.991,287,287,29,29,13,11,0,0,,,,,,,,,,,,,,,,,0,0,0,0
2026-09-28T22:10:43.282323+09:00,70165427,e5477175,2026-09-28T22:10:43.282323+09:00,2026-09-28T22:10:43.321528+09:00,rail-left-01,rail-right-01,0.6.7-draft,0.6.7-draft,mqtt,mqtt,564.1,464.77,6.105,6.538,-0.014,0.085,0.007,-0.455,10.46,9.71,-0.0574,0.0317,0.031,0.057,-0.0151,-0.0072,25.05,25.11,15527,18650,1.941,2.331,5.823,6.994,288,288,29,29,13,11,0,0,,,,,,,,,,,,,,,,,0,0,0,0
2026-09-28T22:10:43.302458+09:00,70185561,e5477175,2026-09-28T22:10:43.302458+09:00,2026-09-28T22:10:43.341662+09:00,rail-left-01,rail-right-01,0.6.7-draft,0.6.7-draft,mqtt,mqtt,565.25,465.71,6.116,6.544,0.007,0.049,-0.092,-0.183,10.321,9.761,-0.0654,0.0304,0.036,0.0604,-0.0132,-0.0093,25.04,25.11,15555,18664,1.944,2.333,5.833,6.999,289,289,29,29,13,11,0,0,,,,,,,,,,,,,,,,,0,0,0,0
2026-09-28T22:10:43.322670+09:00,70205774,e5477175,2026-09-28T22:10:43.322670+09:00,2026-09-28T22:10:43.361875+09:00,rail-left-01,rail-right-01,0.6.7-draft,0.6.7-draft,mqtt,mqtt,566.44,466.66,6.12,6.549,-0.095,-0.018,0.2,-0.139,10.502,9.728,-0.0624,0.035,0.0524,0.0544,-0.0077,-0.0021,25.03,25.09,15565,18673,1.946,2.334,5.837,7.002,290,290,29,29,13,11,0,0,,,,,,,,,,,,,,,,,0,0,0,0
2026-09-28T22:10:43.452158+09:00,70341634,e5477175,2026-09-28T22:10:43.452158+09:00,2026-09-28T22:10:43.493980+09:00,rail-left-01,rail-right-01,0.6.7-draft,0.6.7-draft,mqtt,mqtt,574.15,473.02,6.101,6.559,0.084,0.152,0.105,-0.031,10.452,9.85,-0.0618,0.0334,0.0321,0.0545,-0.0108,-0.0064,25.07,25.07,15519,18697,1.94,2.337,5.82,7.011,291,291,30,30,13,11,0,0,,,,,,,,,,,,,,,,,0,0,0,0
2026-09-28T22:10:43.472267+09:00,70361743,e5477175,2026-09-28T22:10:43.472267+09:00,2026-09-28T22:10:43.514089+09:00,rail-left-01,rail-right-01,0.6.7-draft,0.6.7-draft,mqtt,mqtt,575.29,473.96,6.019,6.587,-0.091,-0.042,0.054,-0.425,10.561,9.778,-0.0657,0.034,0.0404,0.0606,-0.0136,-0.0085,25.05,25.07,15313,18758,1.914,2.345,5.742,7.034,292,292,30,30,13,11,0,0,,,,,,,,,,,,,,,,,0,0,0,0
2026-09-28T22:10:43.492206+09:00,70381682,e5477175,2026-09-28T22:10:43.492206+09:00,2026-09-28T22:10:43.534028+09:00,rail-left-01,rail-right-01,0.6.7-draft,0.6.7-draft,mqtt,mqtt,576.43,474.91,6.013,6.597,-0.127,-0.031,0.231,0.157,10.482,9.876,-0.0657,0.0326,0.0458,0.0546,-0.0064,-0.0109,25.02,25.08,15299,18781,1.912,2.348,5.737,7.043,293,293,30,30,13,11,0,0,,,,,,,,,,,,,,,,,0,0,0,0
2026-09-28T22:10:43.512162+09:00,70401638,e5477175,2026-09-28T22:10:43.512162+09:00,2026-09-28T22:10:43.553984+09:00,rail-left-01,rail-right-01,0.6.7-draft,0.6.7-draft,mqtt,mqtt,577.58,475.85,6.008,6.613,0.108,0.22,0.062,-0.291,10.621,9.795,-0.0648,0.033,0.0538,0.0545,-0.0027,-0.0055,25.04,25.07,15286,18817,1.911,2.352,5.732,7.056,294,294,30,30,13,11,0,0,,,,,,,,,,,,,,,,,0,0,0,0
2026-09-28T22:10:43.532378+09:00,70421854,e5477175,2026-09-28T22:10:43.532378+09:00,2026-09-28T22:10:43.574200+09:00,rail-left-01,rail-right-01,0.6.7-draft,0.6.7-draft,mqtt,mqtt,578.72,476.8,5.996,6.631,-0.3,-0.157,0.126,-0.286,10.392,9.582,-0.065,0.0296,0.0697,0.0526,-0.0104,-0.006,25.05,25.09,15248,18856,1.906,2.357,5.718,7.071,295,295,30,30,13,11,0,0,,,,,,,,,,,,,,,,,0,0,0,0
2026-09-28T22:10:43.552348+09:00,70441824,e5477175,2026-09-28T22:10:43.552348+09:00,2026-09-28T22:10:43.594170+09:00,rail-left-01,rail-right-01,0.6.7-draft,0.6.7-draft,mqtt,mqtt,579.86,477.74,6.001,6.643,0.117,0.186,-0.016,-0.308,10.414,9.679,-0.0648,0.0326,0.0406,0.0568,-0.0139,-0.0111,25.04,25.09,15269,18882,1.909,2.36,5.726,7.081,296,296,30,30,13,11,0,0,,,,,,,,,,,,,,,,,0,0,0,0
2026-09-28T22:10:43.572263+09:00,70461739,e5477175,2026-09-28T22:10:43.572263+09:00,2026-09-28T22:10:43.614085+09:00,rail-left-01,rail-right-01,0.6.7-draft,0.6.7-draft,mqtt,mqtt,580.96,478.64,6.014,6.654,-0.047,0.026,0.02,-0.284,10.463,9.679,-0.0616,0.0342,0.0472,0.0548,-0.0112,-0.0077,25.06,25.06,15302,18906,1.913,2.363,5.738,7.09,297,297,30,30,13,11,0,0,,,,,,,,,,,,,,,,,0,0,0,0
2026-09-28T22:10:43.592304+09:00,70481780,e5477175,2026-09-28T22:10:43.592304+09:00,2026-09-28T22:10:43.634126+09:00,rail-left-01,rail-right-01,0.6.7-draft,0.6.7-draft,mqtt,mqtt,582.1,479.58,6.046,6.654,0.061,0.138,-0.043,-0.169,10.451,9.683,-0.0522,0.0368,0.026,0.0538,-0.0189,-0.0087,25.07,25.06,15381,18906,1.923,2.363,5.768,7.09,298,298,30,30,13,11,0,0,,,,,,,,,,,,,,,,,0,0,0,0
2026-09-28T22:10:43.612246+09:00,70501722,e5477175,2026-09-28T22:10:43.612246+09:00,2026-09-28T22:10:43.654067+09:00,rail-left-01,rail-right-01,0.6.7-draft,0.6.7-draft,mqtt,mqtt,583.24,480.53,6.096,6.639,-0.14,-0.115,0.165,-0.138,10.464,9.685,-0.0592,0.0342,0.0377,0.0554,-0.01,-0.0068,25.07,25.08,15506,18874,1.938,2.359,5.815,7.078,299,299,30,30,13,11,0,0,,,,,,,,,,,,,,,,,0,0,0,0
2026-09-28T22:10:43.632274+09:00,70521750,e5477175,2026-09-28T22:10:43.632274+09:00,2026-09-28T22:10:43.674096+09:00,rail-left-01,rail-right-01,0.6.7-draft,0.6.7-draft,mqtt,mqtt,584.39,481.47,6.125,6.647,0.108,0.248,0.04,-0.141,10.254,9.731,-0.0604,0.0353,0.0329,0.0553,-0.0068,-0.0051,25.06,25.07,15579,18891,1.947,2.361,5.842,7.084,300,300,30,30,13,11,0,0,,,,,,,,,,,,,,,,,0,0,0,0
2026-09-28T22:10:43.771465+09:00,70654446,e5477175,2026-09-28T22:10:43.771465+09:00,2026-09-28T22:10:43.863623+09:00,rail-left-01,rail-right-01,0.6.7-draft,0.6.7-draft,mqtt,mqtt,591.9,487.74,6.121,6.645,-0.013,0.062,-0.054,-0.369,10.281,9.938,-0.0632,0.0368,0.0369,0.0602,-0.0127,-0.0093,25.06,25.1,15568,18886,1.946,2.361,5.838,7.082,301,301,31,31,13,11,0,0,,,,,,,,,,,,,,,,,0,0,0,0
2026-09-28T22:10:43.791661+09:00,70674642,e5477175,2026-09-28T22:10:43.791661+09:00,2026-09-28T22:10:43.883819+09:00,rail-left-01,rail-right-01,0.6.7-draft,0.6.7-draft,mqtt,mqtt,593.04,488.68,6.164,6.612,0.006,0.114,-0.03,-0.147,10.514,9.746,-0.0645,0.0378,0.0373,0.0548,-0.0099,-0.0044,25.07,25.09,15674,18813,1.959,2.352,5.878,7.055,302,302,31,31,13,11,0,0,,,,,,,,,,,,,,,,,0,0,0,0
2026-09-28T22:10:43.811602+09:00,70694583,e5477175,2026-09-28T22:10:43.811602+09:00,2026-09-28T22:10:43.903760+09:00,rail-left-01,rail-right-01,0.6.7-draft,0.6.7-draft,mqtt,mqtt,594.18,489.63,6.146,6.607,-0.061,0.036,0.211,-0.136,10.42,9.792,-0.0597,0.032,0.0402,0.0588,-0.0109,-0.0085,25.03,25.08,15629,18802,1.954,2.35,5.861,7.051,303,303,31,31,13,11,0,0,,,,,,,,,,,,,,,,,0,0,0,0
2026-09-28T22:10:43.831567+09:00,70714548,e5477175,2026-09-28T22:10:43.831567+09:00,2026-09-28T22:10:43.923725+09:00,rail-left-01,rail-right-01,0.6.7-draft,0.6.7-draft,mqtt,mqtt,595.33,490.57,6.148,6.611,-0.047,0.073,0.069,-0.205,10.488,9.669,-0.0609,0.0322,0.0402,0.0578,-0.0101,-0.0077,25.06,25.1,15636,18811,1.955,2.351,5.864,7.054,304,304,31,31,13,11,0,0,,,,,,,,,,,,,,,,,0,0,0,0
2026-09-28T22:10:43.851610+09:00,70734591,e5477175,2026-09-28T22:10:43.851610+09:00,2026-09-28T22:10:43.943768+09:00,rail-left-01,rail-right-01,0.6.7-draft,0.6.7-draft,mqtt,mqtt,596.47,491.51,6.129,6.61,-0.065,0.018,0.068,-0.308,10.274,9.603,-0.0644,0.0329,0.0408,0.0556,-0.01,-0.0032,25.05,25.09,15588,18810,1.949,2.351,5.845,7.054,305,305,31,31,13,11,0,0,,,,,,,,,,,,,,,,,0,0,0,0
2026-09-28T22:10:43.871583+09:00,70754564,e5477175,2026-09-28T22:10:43.871583+09:00,2026-09-28T22:10:43.963741+09:00,rail-left-01,rail-right-01,0.6.7-draft,0.6.7-draft,mqtt,mqtt,597.56,492.46,6.11,6.6,-0.013,0.139,0.043,-0.312,10.469,9.94,-0.0653,0.0322,0.038,0.0588,-0.0096,-0.0079,25.04,25.09,15540,18787,1.943,2.348,5.828,7.045,306,306,31,31,13,11,0,0,,,,,,,,,,,,,,,,,0,0,0,0
2026-09-28T22:10:43.891579+09:00,70774560,e5477175,2026-09-28T22:10:43.891579+09:00,2026-09-28T22:10:43.983737+09:00,rail-left-01,rail-right-01,0.6.7-draft,0.6.7-draft,mqtt,mqtt,598.71,493.4,6.101,6.6,-0.045,-0.028,0.164,-0.238,10.606,9.731,-0.0649,0.0317,0.0401,0.0586,-0.0117,-0.012,25.04,25.09,15517,18788,1.94,2.349,5.819,7.045,307,307,31,31,13,11,0,0,,,,,,,,,,,,,,,,,0,0,0,0
2026-09-28T22:10:43.911559+09:00,70794540,e5477175,2026-09-28T22:10:43.911559+09:00,2026-09-28T22:10:44.003717+09:00,rail-left-01,rail-right-01,0.6.7-draft,0.6.7-draft,mqtt,mqtt,599.85,494.35,6.105,6.612,-0.006,0.11,0.108,-0.268,10.525,9.64,-0.0675,0.034,0.0326,0.0562,-0.0116,-0.0084,25.06,25.07,15528,18813,1.941,2.352,5.823,7.055,308,308,31,31,13,11,0,0,,,,,,,,,,,,,,,,,0,0,0,0
2026-09-28T22:10:43.931505+09:00,70814486,e5477175,2026-09-28T22:10:43.931505+09:00,2026-09-28T22:10:44.023663+09:00,rail-left-01,rail-right-01,0.6.7-draft,0.6.7-draft,mqtt,mqtt,600.99,495.29,6.099,6.609,-0.037,0.008,-0.025,-0.269,10.467,9.834,-0.0661,0.0293,0.0381,0.06,-0.0117,-0.0109,25.07,25.12,15513,18808,1.939,2.351,5.817,7.053,309,309,31,31,13,11,0,0,,,,,,,,,,,,,,,,,0,0,0,0
2026-09-28T22:10:43.951541+09:00,70834522,e5477175,2026-09-28T22:10:43.951541+09:00,2026-09-28T22:10:44.043699+09:00,rail-left-01,rail-right-01,0.6.7-draft,0.6.7-draft,mqtt,mqtt,602.14,496.24,6.089,6.613,-0.071,0.09,0.019,-0.138,10.561,9.699,-0.0662,0.0302,0.0406,0.0554,-0.0149,-0.0075,25.04,25.07,15488,18815,1.936,2.352,5.808,7.056,310,310,31,31,13,11,0,0,,,,,,,,,,,,,,,,,0,0,0,0
2026-09-28T22:10:44.144467+09:00,71025445,e5477175,2026-09-28T22:10:44.144467+09:00,2026-09-28T22:10:44.233970+09:00,rail-left-01,rail-right-01,0.6.7-draft,0.6.7-draft,mqtt,mqtt,612.98,505.24,6.084,6.614,-0.051,0.047,0.239,-0.19,10.74,9.771,-0.0683,0.0276,0.0348,0.0516,-0.0095,-0.0067,25.04,25.08,15476,18818,1.935,2.352,5.804,7.057,311,311,32,32,13,11,0,0,,,,,,,,,,,,,,,,,0,0,0,0
2026-09-28T22:10:44.164598+09:00,71045576,e5477175,2026-09-28T22:10:44.164598+09:00,2026-09-28T22:10:44.254101+09:00,rail-left-01,rail-right-01,0.6.7-draft,0.6.7-draft,mqtt,mqtt,614.12,506.18,6.102,6.436,-0.018,0.035,0.01,-0.3,10.397,9.616,-0.0702,0.033,0.0409,0.0608,-0.0079,-0.0067,25.05,25.07,15520,18424,1.94,2.303,5.82,6.909,312,312,32,32,13,11,0,0,,,,,,,,,,,,,,,,,0,0,0,0
2026-09-28T22:10:44.184549+09:00,71065527,e5477175,2026-09-28T22:10:44.184549+09:00,2026-09-28T22:10:44.274052+09:00,rail-left-01,rail-right-01,0.6.7-draft,0.6.7-draft,mqtt,mqtt,615.26,507.13,6.105,6.444,-0.048,0.036,0.049,-0.333,10.387,9.714,-0.0649,0.0321,0.0376,0.0534,-0.0088,-0.0032,25.05,25.06,15528,18441,1.941,2.305,5.823,6.915,313,313,32,32,13,11,0,0,,,,,,,,,,,,,,,,,0,0,0,0
2026-09-28T22:10:44.204617+09:00,71085595,e5477175,2026-09-28T22:10:44.204617+09:00,2026-09-28T22:10:44.294120+09:00,rail-left-01,rail-right-01,0.6.7-draft,0.6.7-draft,mqtt,mqtt,616.41,508.07,6.094,6.435,0.024,0.104,-0.012,-0.195,10.631,9.746,-0.0685,0.0276,0.0372,0.0529,-0.0081,-0.0056,25.07,25.08,15500,18421,1.938,2.303,5.813,6.908,314,314,32,32,13,11,0,0,,,,,,,,,,,,,,,,,0,0,0,0
2026-09-28T22:10:44.225063+09:00,71106041,e5477175,2026-09-28T22:10:44.225063+09:00,2026-09-28T22:10:44.314566+09:00,rail-left-01,rail-right-01,0.6.7-draft,0.6.7-draft,mqtt,mqtt,617.55,509.02,6.092,6.431,-0.057,0.097,0.198,-0.247,10.402,9.59,-0.0674,0.0309,0.0425,0.0596,-0.0112,-0.0108,25.04,25.08,15495,18413,1.937,2.302,5.811,6.905,315,315,32,32,13,11,0,0,,,,,,,,,,,,,,,,,0,0,0,0
2026-09-28T22:10:44.245055+09:00,71126033,e5477175,2026-09-28T22:10:44.245055+09:00,2026-09-28T22:10:44.334558+09:00,rail-left-01,rail-right-01,0.6.7-draft,0.6.7-draft,mqtt,mqtt,618.69,510.01,6.077,6.436,-0.048,0.014,0.049,-0.061,10.406,9.742,-0.0669,0.031,0.0382,0.0546,-0.0068,-0.0063,25.07,25.05,15458,18423,1.932,2.303,5.797,6.909,316,316,32,32,13,11,0,0,,,,,,,,,,,,,,,,,0,0,0,0
2026-09-28T22:10:44.264616+09:00,71145594,e5477175,2026-09-28T22:10:44.264616+09:00,2026-09-28T22:10:44.354119+09:00,rail-left-01,rail-right-01,0.6.7-draft,0.6.7-draft,mqtt,mqtt,619.79,510.9,6.096,6.434,0.004,0.141,0.103,-0.425,10.418,9.731,-0.0663,0.0273,0.0353,0.0564,-0.008,-0.0092,25.03,25.09,15506,18418,1.938,2.302,5.815,6.907,317,317,32,32,13,11,0,0,,,,,,,,,,,,,,,,,0,0,0,0
2026-09-28T22:10:44.284557+09:00,71165535,e5477175,2026-09-28T22:10:44.284557+09:00,2026-09-28T22:10:44.374060+09:00,rail-left-01,rail-right-01,0.6.7-draft,0.6.7-draft,mqtt,mqtt,620.93,511.85,6.097,6.432,-0.113,-0.062,0.253,-0.136,10.406,9.506,-0.064,0.0317,0.0381,0.0542,-0.0065,-0.0053,25.06,25.09,15508,18415,1.939,2.302,5.816,6.906,318,318,32,32,13,11,0,0,,,,,,,,,,,,,,,,,0,0,0,0
2026-09-28T22:10:44.304610+09:00,71185588,e5477175,2026-09-28T22:10:44.304610+09:00,2026-09-28T22:10:44.394113+09:00,rail-left-01,rail-right-01,0.6.7-draft,0.6.7-draft,mqtt,mqtt,622.07,512.79,6.125,6.428,-0.031,0.103,0.06,-0.381,10.415,9.613,-0.0646,0.0301,0.0344,0.0568,-0.0079,-0.006,25.05,25.07,15579,18405,1.947,2.301,5.842,6.902,319,319,32,32,13,11,0,0,,,,,,,,,,,,,,,,,0,0,0,0
2026-09-28T22:10:44.324869+09:00,71205847,e5477175,2026-09-28T22:10:44.324869+09:00,2026-09-28T22:10:44.414372+09:00,rail-left-01,rail-right-01,0.6.7-draft,0.6.7-draft,mqtt,mqtt,623.22,513.74,6.132,6.414,-0.157,-0.017,0.091,-0.13,10.349,9.694,-0.0649,0.0326,0.038,0.0644,-0.0123,-0.0056,25.07,25.09,15596,18374,1.95,2.297,5.849,6.89,320,320,32,32,13,11,0,0,,,,,,,,,,,,,,,,,0,0,0,0
2026-09-28T22:10:44.509824+09:00,71393436,e5477175,2026-09-28T22:10:44.509824+09:00,2026-09-28T22:10:44.552968+09:00,rail-left-01,rail-right-01,0.6.7-draft,0.6.7-draft,mqtt,mqtt,633.86,522.64,6.119,6.42,0.084,0.114,-0.077,-0.334,10.361,9.787,-0.0662,0.03,0.047,0.0637,-0.0093,-0.0075,25.08,25.09,15563,18388,1.945,2.299,5.836,6.896,321,321,33,33,13,11,0,0,,,,,,,,,,,,,,,,,0,0,0,0
2026-09-28T22:10:44.529923+09:00,71413535,e5477175,2026-09-28T22:10:44.529923+09:00,2026-09-28T22:10:44.573067+09:00,rail-left-01,rail-right-01,0.6.7-draft,0.6.7-draft,mqtt,mqtt,635,523.58,6.094,6.44,0.067,0.093,-0.008,-0.189,10.733,9.798,-0.0699,0.0328,0.0417,0.0536,-0.0032,0.0037,25.04,25.08,15501,18432,1.938,2.304,5.813,6.912,322,322,33,33,13,11,0,0,,,,,,,,,,,,,,,,,0,0,0,0
2026-09-28T22:10:44.550010+09:00,71433622,e5477175,2026-09-28T22:10:44.550010+09:00,2026-09-28T22:10:44.593154+09:00,rail-left-01,rail-right-01,0.6.7-draft,0.6.7-draft,mqtt,mqtt,636.15,524.53,6.101,6.435,-0.39,-0.327,0.312,-0.28,10.524,9.637,-0.0568,0.0296,0.0325,0.0569,-0.0085,0.0007,25.05,25.05,15518,18422,1.94,2.303,5.819,6.908,323,323,33,33,13,11,0,0,,,,,,,,,,,,,,,,,0,0,0,0
2026-09-28T22:10:44.569955+09:00,71453567,e5477175,2026-09-28T22:10:44.569955+09:00,2026-09-28T22:10:44.613099+09:00,rail-left-01,rail-right-01,0.6.7-draft,0.6.7-draft,mqtt,mqtt,637.29,525.47,6.142,6.412,0.23,0.296,-0.183,-0.261,10.513,9.753,-0.0641,0.0248,0.0238,0.0498,-0.0075,0.0079,25.06,25.06,15619,18370,1.952,2.296,5.857,6.889,324,324,33,33,13,11,0,0,,,,,,,,,,,,,,,,,0,0,0,0
2026-09-28T22:10:44.589837+09:00,71473449,e5477175,2026-09-28T22:10:44.589837+09:00,2026-09-28T22:10:44.632981+09:00,rail-left-01,rail-right-01,0.6.7-draft,0.6.7-draft,mqtt,mqtt,638.38,526.37,6.142,6.41,-0.111,0.055,0.359,-0.171,10.349,9.205,-0.0624,0.0445,0.055,0.0666,-0.0113,-0.0043,25.04,25.06,15619,18365,1.952,2.296,5.857,6.887,325,325,33,33,13,11,0,0,,,,,,,,,,,,,,,,,0,0,0,0
2026-09-28T22:10:44.610024+09:00,71493636,e5477175,2026-09-28T22:10:44.610024+09:00,2026-09-28T22:10:44.653168+09:00,rail-left-01,rail-right-01,0.6.7-draft,0.6.7-draft,mqtt,mqtt,639.53,527.36,6.134,6.468,-0.136,-0.034,0.124,-0.187,10.211,9.354,-0.0671,0.0364,0.0442,0.0625,-0.0068,-0.0075,25.04,25.06,15599,18495,1.95,2.312,5.85,6.936,326,326,33,33,13,11,0,0,,,,,,,,,,,,,,,,,0,0,0,0
2026-09-28T22:10:44.629942+09:00,71513554,e5477175,2026-09-28T22:10:44.629942+09:00,2026-09-28T22:10:44.673086+09:00,rail-left-01,rail-right-01,0.6.7-draft,0.6.7-draft,mqtt,mqtt,640.67,528.26,6.139,6.493,0,0.059,-0.004,-0.249,10.344,9.601,-0.0622,0.0354,0.0434,0.0589,-0.0052,-0.0011,25.07,25.1,15612,18550,1.952,2.319,5.855,6.956,327,327,33,33,13,11,0,0,,,,,,,,,,,,,,,,,0,0,0,0
2026-09-28T22:10:44.649866+09:00,71533478,e5477175,2026-09-28T22:10:44.649866+09:00,2026-09-28T22:10:44.693010+09:00,rail-left-01,rail-right-01,0.6.7-draft,0.6.7-draft,mqtt,mqtt,641.81,529.2,6.146,6.512,-0.031,-0.002,-0.049,-0.323,10.46,9.755,-0.0667,0.033,0.0348,0.0561,-0.01,-0.0071,25.05,25.07,15630,18591,1.954,2.324,5.861,6.972,328,328,33,33,13,11,0,0,,,,,,,,,,,,,,,,,0,0,0,0
2026-09-28T22:10:44.669942+09:00,71553554,e5477175,2026-09-28T22:10:44.669942+09:00,2026-09-28T22:10:44.713086+09:00,rail-left-01,rail-right-01,0.6.7-draft,0.6.7-draft,mqtt,mqtt,642.96,530.15,6.162,6.507,-0.004,0.038,0.011,0.001,10.484,9.94,-0.0674,0.0316,0.0386,0.0625,-0.0092,-0.0088,25.05,25.07,15670,18580,1.959,2.323,5.876,6.968,329,329,33,33,13,11,0,0,,,,,,,,,,,,,,,,,0,0,0,0
2026-09-28T22:10:44.689962+09:00,71573574,e5477175,2026-09-28T22:10:44.689962+09:00,2026-09-28T22:10:44.733106+09:00,rail-left-01,rail-right-01,0.6.7-draft,0.6.7-draft,mqtt,mqtt,644.1,531.09,6.189,6.524,-0.101,-0.004,0.045,-0.358,10.353,9.53,-0.0634,0.029,0.0398,0.0581,-0.0075,-0.0084,25.05,25.1,15736,18618,1.967,2.327,5.901,6.982,330,330,33,33,13,11,0,0,,,,,,,,,,,,,,,,,0,0,0,0
2026-09-28T22:10:44.913846+09:00,71712438,e5477175,2026-09-28T22:10:44.913846+09:00,2026-09-28T22:10:45.066706+09:00,rail-left-01,rail-right-01,0.6.7-draft,0.6.7-draft,mqtt,mqtt,651.96,537.6,6.187,6.53,-0.012,0.116,0.144,-0.271,10.428,9.638,-0.0661,0.0325,0.0428,0.0582,-0.0145,-0.0115,25.05,25.07,15732,18633,1.967,2.329,5.899,6.987,331,331,34,34,13,11,0,0,,,,,,,,,,,,,,,,,0,0,0,0
2026-09-28T22:10:44.934009+09:00,71732601,e5477175,2026-09-28T22:10:44.934009+09:00,2026-09-28T22:10:45.086869+09:00,rail-left-01,rail-right-01,0.6.7-draft,0.6.7-draft,mqtt,mqtt,653.1,538.55,6.181,6.605,-0.157,-0.085,0.239,-0.235,10.665,9.756,-0.0673,0.0298,0.0385,0.0601,-0.0067,-0.0049,25.04,25.06,15717,18798,1.965,2.35,5.894,7.049,332,332,34,34,13,11,0,0,,,,,,,,,,,,,,,,,0,0,0,0
2026-09-28T22:10:44.953938+09:00,71752530,e5477175,2026-09-28T22:10:44.953938+09:00,2026-09-28T22:10:45.106798+09:00,rail-left-01,rail-right-01,0.6.7-draft,0.6.7-draft,mqtt,mqtt,654.24,539.49,6.187,6.616,0.09,0.193,-0.022,-0.22,10.405,9.552,-0.0637,0.0333,0.0382,0.0605,-0.0087,-0.0075,25.04,25.07,15733,18823,1.967,2.353,5.9,7.059,333,333,34,34,13,11,0,0,,,,,,,,,,,,,,,,,0,0,0,0
2026-09-28T22:10:44.973899+09:00,71772491,e5477175,2026-09-28T22:10:44.973899+09:00,2026-09-28T22:10:45.126759+09:00,rail-left-01,rail-right-01,0.6.7-draft,0.6.7-draft,mqtt,mqtt,655.34,540.44,6.186,6.63,-0.065,-0.001,0.164,-0.154,10.274,9.804,-0.065,0.035,0.039,0.0608,-0.0057,-0.0001,25.05,25.06,15730,18854,1.966,2.357,5.899,7.07,334,334,34,34,13,11,0,0,,,,,,,,,,,,,,,,,0,0,0,0
2026-09-28T22:10:44.994167+09:00,71792759,e5477175,2026-09-28T22:10:44.994167+09:00,2026-09-28T22:10:45.147027+09:00,rail-left-01,rail-right-01,0.6.7-draft,0.6.7-draft,mqtt,mqtt,656.48,541.38,6.172,6.646,-0.105,0.006,0.257,-0.408,10.511,9.59,-0.0612,0.0298,0.0358,0.0606,-0.0055,-0.0023,25.04,25.08,15694,18889,1.962,2.361,5.885,7.083,335,335,34,34,13,11,0,0,,,,,,,,,,,,,,,,,0,0,0,0
2026-09-28T22:10:45.014239+09:00,71812831,e5477175,2026-09-28T22:10:45.014239+09:00,2026-09-28T22:10:45.167099+09:00,rail-left-01,rail-right-01,0.6.7-draft,0.6.7-draft,mqtt,mqtt,657.62,542.33,6.186,6.662,-0.017,0.035,0.01,-0.095,10.41,9.586,-0.0649,0.0342,0.0368,0.0625,-0.0061,-0.0031,25.04,25.06,15729,18925,1.966,2.366,5.898,7.097,336,336,34,34,13,11,0,0,,,,,,,,,,,,,,,,,0,0,0,0
2026-09-28T22:10:45.034031+09:00,71832623,e5477175,2026-09-28T22:10:45.034031+09:00,2026-09-28T22:10:45.186891+09:00,rail-left-01,rail-right-01,0.6.7-draft,0.6.7-draft,mqtt,mqtt,658.77,543.27,6.196,6.672,-0.084,0.005,0.089,-0.037,10.318,9.779,-0.0654,0.0318,0.0344,0.0679,-0.0056,-0.0044,25.05,25.09,15755,18947,1.969,2.368,5.908,7.105,337,337,34,34,13,11,0,0,,,,,,,,,,,,,,,,,0,0,0,0
2026-09-28T22:10:45.053999+09:00,71852591,e5477175,2026-09-28T22:10:45.053999+09:00,2026-09-28T22:10:45.206859+09:00,rail-left-01,rail-right-01,0.6.7-draft,0.6.7-draft,mqtt,mqtt,659.86,544.17,6.238,6.673,-0.029,0.056,0.023,-0.12,10.519,9.777,-0.0584,0.0342,0.0272,0.0506,-0.0035,0.0021,25.07,25.07,15859,18950,1.982,2.369,5.947,7.106,338,338,34,34,13,11,0,0,,,,,,,,,,,,,,,,,0,0,0,0
2026-09-28T22:10:45.073941+09:00,71872533,e5477175,2026-09-28T22:10:45.073941+09:00,2026-09-28T22:10:45.226801+09:00,rail-left-01,rail-right-01,0.6.7-draft,0.6.7-draft,mqtt,mqtt,661,545.11,6.285,6.682,0.031,0.024,0.163,-0.437,10.408,9.618,-0.0617,0.0321,0.0322,0.057,-0.0057,-0.004,25.05,25.07,15976,18969,1.997,2.371,5.991,7.113,339,339,34,34,13,11,0,0,,,,,,,,,,,,,,,,,0,0,0,0
2026-09-28T22:10:45.094291+09:00,71892883,e5477175,2026-09-28T22:10:45.094291+09:00,2026-09-28T22:10:45.247151+09:00,rail-left-01,rail-right-01,0.6.7-draft,0.6.7-draft,mqtt,mqtt,662.2,546.06,6.327,6.685,-0.068,-0.037,-0.122,-0.323,10.336,9.676,-0.0614,0.0302,0.0325,0.0581,-0.0093,-0.0075,25.06,25.07,16081,18975,2.01,2.372,6.03,7.116,340,340,34,34,13,11,0,0,,,,,,,,,,,,,,,,,0,0,0,0
2026-09-28T22:10:45.329628+09:00,72225452,e5477175,2026-09-28T22:10:45.329628+09:00,2026-09-28T22:10:45.411237+09:00,rail-left-01,rail-right-01,0.6.7-draft,0.6.7-draft,mqtt,mqtt,681.09,561.67,6.327,6.687,0.028,0.142,0.201,0,10.511,9.777,-0.0695,0.031,0.0368,0.0525,-0.0055,-0.0056,25.05,25.09,16080,18980,2.01,2.373,6.03,7.118,341,341,35,35,13,11,0,0,,,,,,,,,,,,,,,,,0,0,0,0
2026-09-28T22:10:45.349732+09:00,72245556,e5477175,2026-09-28T22:10:45.349732+09:00,2026-09-28T22:10:45.431341+09:00,rail-left-01,rail-right-01,0.6.7-draft,0.6.7-draft,mqtt,mqtt,682.23,562.61,6.374,6.678,-0.09,-0.019,-0.055,-0.373,10.418,9.582,-0.0667,0.0312,0.0418,0.056,-0.0025,-0.0025,25.06,25.09,16197,18961,2.025,2.37,6.074,7.11,342,342,35,35,13,11,0,0,,,,,,,,,,,,,,,,,0,0,0,0
2026-09-28T22:10:45.369628+09:00,72265452,e5477175,2026-09-28T22:10:45.369628+09:00,2026-09-28T22:10:45.451237+09:00,rail-left-01,rail-right-01,0.6.7-draft,0.6.7-draft,mqtt,mqtt,683.33,563.56,6.379,6.676,-0.007,0.032,-0.023,-0.2,10.408,9.719,-0.0648,0.0305,0.0377,0.0546,-0.0085,-0.0091,25.02,25.07,16209,18956,2.026,2.37,6.078,7.109,343,343,35,35,13,11,0,0,,,,,,,,,,,,,,,,,0,0,0,0
2026-09-28T22:10:45.389707+09:00,72285531,e5477175,2026-09-28T22:10:45.389707+09:00,2026-09-28T22:10:45.471316+09:00,rail-left-01,rail-right-01,0.6.7-draft,0.6.7-draft,mqtt,mqtt,684.47,564.5,6.376,6.662,0.042,-0.005,0.135,-0.124,10.487,9.93,-0.0655,0.0328,0.0417,0.0577,-0.0045,-0.0049,25.05,25.1,16202,18924,2.025,2.366,6.076,7.097,344,344,35,35,13,11,0,0,,,,,,,,,,,,,,,,,0,0,0,0
2026-09-28T22:10:45.410046+09:00,72305870,e5477175,2026-09-28T22:10:45.410046+09:00,2026-09-28T22:10:45.491655+09:00,rail-left-01,rail-right-01,0.6.7-draft,0.6.7-draft,mqtt,mqtt,685.61,565.45,6.357,6.675,-0.025,0.06,-0.02,-0.336,10.695,9.584,-0.0657,0.034,0.0412,0.0533,-0.0024,-0.0028,25.07,25.1,16155,18954,2.019,2.369,6.058,7.108,345,345,35,35,13,11,0,0,,,,,,,,,,,,,,,,,0,0,0,0
2026-09-28T22:10:45.429615+09:00,72325439,e5477175,2026-09-28T22:10:45.429615+09:00,2026-09-28T22:10:45.511224+09:00,rail-left-01,rail-right-01,0.6.7-draft,0.6.7-draft,mqtt,mqtt,686.76,566.39,6.364,6.675,-0.025,-0.024,-0.001,-0.317,10.339,9.708,-0.067,0.0326,0.0409,0.0544,-0.0008,-0.0025,25.02,25.08,16173,18953,2.022,2.369,6.065,7.107,346,346,35,35,13,11,0,0,,,,,,,,,,,,,,,,,0,0,0,0
2026-09-28T22:10:45.450015+09:00,72345839,e5477175,2026-09-28T22:10:45.450015+09:00,2026-09-28T22:10:45.531624+09:00,rail-left-01,rail-right-01,0.6.7-draft,0.6.7-draft,mqtt,mqtt,687.9,567.34,6.362,6.662,-0.109,-0.025,0.035,-0.068,10.603,9.725,-0.0662,0.0308,0.0358,0.05,-0.0076,-0.0057,25.05,25.08,16169,18925,2.021,2.366,6.063,7.097,347,347,35,35,13,11,0,0,,,,,,,,,,,,,,,,,0,0,0,0
2026-09-28T22:10:45.469740+09:00,72365564,e5477175,2026-09-28T22:10:45.469740+09:00,2026-09-28T22:10:45.551349+09:00,rail-left-01,rail-right-01,0.6.7-draft,0.6.7-draft,mqtt,mqtt,689.05,568.28,6.342,6.632,0.169,0.17,0.008,-0.414,10.451,9.819,-0.0613,0.0224,0.0422,0.0564,-0.0089,-0.0069,25.05,25.07,16119,18859,2.015,2.357,6.045,7.072,348,348,35,35,13,11,0,0,,,,,,,,,,,,,,,,,0,0,0,0
2026-09-28T22:10:45.489778+09:00,72385602,e5477175,2026-09-28T22:10:45.489778+09:00,2026-09-28T22:10:45.571387+09:00,rail-left-01,rail-right-01,0.6.7-draft,0.6.7-draft,mqtt,mqtt,690.19,569.22,6.293,6.606,-0.077,-0.077,-0.15,-0.273,10.682,9.489,-0.058,0.023,0.0417,0.0542,0.0009,0.0012,25.05,25.08,15997,18801,2,2.35,5.999,7.05,349,349,35,35,13,11,0,0,,,,,,,,,,,,,,,,,0,0,0,0
2026-09-28T22:10:45.510340+09:00,72406164,e5477175,2026-09-28T22:10:45.510340+09:00,2026-09-28T22:10:45.591949+09:00,rail-left-01,rail-right-01,0.6.7-draft,0.6.7-draft,mqtt,mqtt,691.38,570.17,6.313,6.553,0.169,0.259,-0.018,-0.153,10.361,9.99,-0.073,0.0308,0.0252,0.0433,-0.0067,-0.0035,25.04,25.1,16047,18682,2.006,2.335,6.018,7.006,350,350,35,35,13,11,0,0,,,,,,,,,,,,,,,,,0,0,0,0
2026-09-28T22:10:45.787229+09:00,72571547,e5477175,2026-09-28T22:10:45.787229+09:00,2026-09-28T22:10:45.954192+09:00,rail-left-01,rail-right-01,0.6.7-draft,0.6.7-draft,mqtt,mqtt,700.78,577.97,6.339,6.535,-0.09,-0.025,0.02,-0.504,10.532,9.762,-0.0621,0.0316,0.0336,0.0505,-0.0077,-0.0088,25.02,25.08,16111,18644,2.014,2.331,6.042,6.992,351,351,36,36,13,11,0,0,,,,,,,,,,,,,,,,,0,0,0,0
2026-09-28T22:10:45.807395+09:00,72591713,e5477175,2026-09-28T22:10:45.807395+09:00,2026-09-28T22:10:45.974358+09:00,rail-left-01,rail-right-01,0.6.7-draft,0.6.7-draft,mqtt,mqtt,701.92,578.92,6.315,6.545,0.001,0.019,0.306,-0.204,10.439,9.734,-0.0616,0.0338,0.0429,0.0586,-0.0056,-0.0033,25.06,25.07,16052,18665,2.007,2.333,6.019,6.999,352,352,36,36,13,11,0,0,,,,,,,,,,,,,,,,,0,0,0,0
2026-09-28T22:10:45.827328+09:00,72611646,e5477175,2026-09-28T22:10:45.827328+09:00,2026-09-28T22:10:45.994291+09:00,rail-left-01,rail-right-01,0.6.7-draft,0.6.7-draft,mqtt,mqtt,703.02,579.81,6.311,6.545,-0.309,-0.104,0.044,-0.236,10.469,9.606,-0.0669,0.029,0.0426,0.0554,-0.0037,-0.0053,25.06,25.1,16042,18665,2.005,2.333,6.016,6.999,353,353,36,36,13,11,0,0,,,,,,,,,,,,,,,,,0,0,0,0
2026-09-28T22:10:45.847384+09:00,72631702,e5477175,2026-09-28T22:10:45.847384+09:00,2026-09-28T22:10:46.014347+09:00,rail-left-01,rail-right-01,0.6.7-draft,0.6.7-draft,mqtt,mqtt,704.16,580.76,6.29,6.539,0.209,0.309,0.007,-0.211,10.645,9.735,-0.0652,0.0321,0.0422,0.0556,-0.004,-0.0083,25.04,25.07,15988,18651,1.999,2.331,5.996,6.994,354,354,36,36,13,11,0,0,,,,,,,,,,,,,,,,,0,0,0,0
2026-09-28T22:10:45.867772+09:00,72652090,e5477175,2026-09-28T22:10:45.867772+09:00,2026-09-28T22:10:46.034735+09:00,rail-left-01,rail-right-01,0.6.7-draft,0.6.7-draft,mqtt,mqtt,705.35,581.75,6.285,6.542,-0.181,-0.135,0.001,-0.242,10.513,9.687,-0.0671,0.0329,0.0496,0.058,-0.0063,-0.0072,25.04,25.07,15976,18659,1.997,2.332,5.991,6.997,355,355,36,36,13,11,0,0,,,,,,,,,,,,,,,,,0,0,0,0
2026-09-28T22:10:45.887727+09:00,72672045,e5477175,2026-09-28T22:10:45.887727+09:00,2026-09-28T22:10:46.054690+09:00,rail-left-01,rail-right-01,0.6.7-draft,0.6.7-draft,mqtt,mqtt,706.5,582.7,6.272,6.55,0.083,0.208,0.025,-0.198,10.527,9.689,-0.0649,0.0297,0.0434,0.0596,-0.0087,-0.0107,25.05,25.09,15943,18677,1.993,2.335,5.979,7.004,356,356,36,36,13,11,0,0,,,,,,,,,,,,,,,,,0,0,0,0
2026-09-28T22:10:45.907296+09:00,72691614,e5477175,2026-09-28T22:10:45.907296+09:00,2026-09-28T22:10:46.074259+09:00,rail-left-01,rail-right-01,0.6.7-draft,0.6.7-draft,mqtt,mqtt,707.59,583.59,6.262,6.548,-0.068,-0.048,0.048,-0.174,10.549,9.861,-0.0614,0.0324,0.0446,0.0561,-0.0096,-0.0093,25.07,25.08,15920,18671,1.99,2.334,5.97,7.002,357,357,36,36,13,11,0,0,,,,,,,,,,,,,,,,,0,0,0,0
2026-09-28T22:10:45.927367+09:00,72711685,e5477175,2026-09-28T22:10:45.927367+09:00,2026-09-28T22:10:46.094330+09:00,rail-left-01,rail-right-01,0.6.7-draft,0.6.7-draft,mqtt,mqtt,708.73,584.54,6.25,6.535,-0.011,0.097,0.101,-0.255,10.599,9.693,-0.0649,0.0334,0.0393,0.0545,-0.01,-0.0081,25.07,25.08,15889,18644,1.986,2.331,5.958,6.992,358,358,36,36,13,11,0,0,,,,,,,,,,,,,,,,,0,0,0,0
2026-09-28T22:10:45.947270+09:00,72731588,e5477175,2026-09-28T22:10:45.947270+09:00,2026-09-28T22:10:46.114233+09:00,rail-left-01,rail-right-01,0.6.7-draft,0.6.7-draft,mqtt,mqtt,709.88,585.48,6.234,6.53,-0.014,-0.05,0.054,-0.142,10.43,9.786,-0.0644,0.0316,0.0408,0.059,-0.0073,-0.0053,25.06,25.09,15848,18631,1.981,2.329,5.943,6.987,359,359,36,36,13,11,0,0,,,,,,,,,,,,,,,,,0,0,0,0
2026-09-28T22:10:45.967322+09:00,72751640,e5477175,2026-09-28T22:10:45.967322+09:00,2026-09-28T22:10:46.134285+09:00,rail-left-01,rail-right-01,0.6.7-draft,0.6.7-draft,mqtt,mqtt,711.02,586.43,6.214,6.525,-0.017,0.085,0.168,-0.204,10.376,9.673,-0.0667,0.0348,0.0404,0.0586,-0.0132,-0.0073,25.06,25.08,15800,18621,1.975,2.328,5.925,6.983,360,360,36,36,13,11,0,0,,,,,,,,,,,,,,,,,0,0,0,0
2026-09-28T22:10:46.323599+09:00,73113417,e5477175,2026-09-28T22:10:46.323599+09:00,2026-09-28T22:10:46.526516+09:00,rail-left-01,rail-right-01,0.6.7-draft,0.6.7-draft,mqtt,mqtt,731.55,603.63,6.201,6.526,-0.016,0.04,-0.014,-0.226,10.479,9.644,-0.0646,0.0345,0.0422,0.0594,-0.0059,-0.0077,25.06,25.08,15768,18624,1.971,2.328,5.913,6.984,361,361,37,37,13,11,0,0,,,,,,,,,,,,,,,,,0,0,0,0
2026-09-28T22:10:46.343758+09:00,73133576,e5477175,2026-09-28T22:10:46.343758+09:00,2026-09-28T22:10:46.546675+09:00,rail-left-01,rail-right-01,0.6.7-draft,0.6.7-draft,mqtt,mqtt,732.7,604.57,6.095,6.544,-0.194,-0.038,0.139,-0.169,10.652,9.774,-0.0608,0.0317,0.0409,0.0569,-0.0059,-0.006,25.03,25.08,15503,18662,1.938,2.333,5.814,6.998,362,362,37,37,13,11,0,0,,,,,,,,,,,,,,,,,0,0,0,0
2026-09-28T22:10:46.363700+09:00,73153519,e5477175,2026-09-28T22:10:46.363700+09:00,2026-09-28T22:10:46.566618+09:00,rail-left-01,rail-right-01,0.6.7-draft,0.6.7-draft,mqtt,mqtt,733.84,605.52,6.088,6.56,-0.109,-0.066,0.306,-0.214,10.196,9.809,-0.0612,0.0349,0.0334,0.057,-0.0109,-0.0033,25.05,25.07,15486,18699,1.936,2.337,5.807,7.012,363,363,37,37,13,11,0,0,,,,,,,,,,,,,,,,,0,0,0,0
2026-09-28T22:10:46.383652+09:00,73173470,e5477175,2026-09-28T22:10:46.383652+09:00,2026-09-28T22:10:46.586569+09:00,rail-left-01,rail-right-01,0.6.7-draft,0.6.7-draft,mqtt,mqtt,734.94,606.46,6.073,6.571,0.086,0.141,-0.057,-0.17,10.693,9.823,-0.06,0.03,0.0441,0.0593,-0.018,-0.0121,25.08,25.08,15449,18722,1.931,2.34,5.793,7.021,364,364,37,37,13,11,0,0,,,,,,,,,,,,,,,,,0,0,0,0
2026-09-28T22:10:46.403707+09:00,73193525,e5477175,2026-09-28T22:10:46.403707+09:00,2026-09-28T22:10:46.606624+09:00,rail-left-01,rail-right-01,0.6.7-draft,0.6.7-draft,mqtt,mqtt,736.08,607.46,6.023,6.596,-0.412,-0.302,0.102,-0.261,11.04,9.68,-0.0644,0.035,0.0429,0.0562,-0.0112,-0.0033,25.06,25.08,15323,18778,1.915,2.347,5.746,7.042,365,365,37,37,13,11,0,0,,,,,,,,,,,,,,,,,0,0,0,0
2026-09-28T22:10:46.423678+09:00,73213496,e5477175,2026-09-28T22:10:46.423678+09:00,2026-09-28T22:10:46.626595+09:00,rail-left-01,rail-right-01,0.6.7-draft,0.6.7-draft,mqtt,mqtt,737.22,608.4,6.064,6.608,0.121,0.153,-0.121,-0.352,10.439,10.077,-0.0686,0.0324,0.0453,0.0493,-0.012,-0.0096,25.04,25.08,15426,18806,1.928,2.351,5.785,7.052,366,366,37,37,13,11,0,0,,,,,,,,,,,,,,,,,0,0,0,0
2026-09-28T22:10:46.443692+09:00,73233510,e5477175,2026-09-28T22:10:46.443692+09:00,2026-09-28T22:10:46.646609+09:00,rail-left-01,rail-right-01,0.6.7-draft,0.6.7-draft,mqtt,mqtt,738.37,609.35,6.08,6.609,-0.111,-0.069,0.086,-0.163,10.55,9.726,-0.0642,0.0324,0.048,0.0562,-0.0081,-0.0075,25.05,25.07,15466,18807,1.933,2.351,5.8,7.053,367,367,37,37,13,11,0,0,,,,,,,,,,,,,,,,,0,0,0,0
2026-09-28T22:10:46.463629+09:00,73253447,e5477175,2026-09-28T22:10:46.463629+09:00,2026-09-28T22:10:46.666546+09:00,rail-left-01,rail-right-01,0.6.7-draft,0.6.7-draft,mqtt,mqtt,739.51,610.29,6.098,6.629,-0.012,0.093,-0.099,-0.184,10.396,9.685,-0.0621,0.0314,0.0412,0.0578,-0.0093,-0.0096,25.04,25.08,15510,18852,1.939,2.357,5.816,7.07,368,368,37,37,13,11,0,0,,,,,,,,,,,,,,,,,0,0,0,0
2026-09-28T22:10:46.483742+09:00,73273560,e5477175,2026-09-28T22:10:46.483742+09:00,2026-09-28T22:10:46.686659+09:00,rail-left-01,rail-right-01,0.6.7-draft,0.6.7-draft,mqtt,mqtt,740.6,611.24,6.108,6.646,-0.099,0.056,0.072,0.049,10.575,9.731,-0.0564,0.0349,0.0257,0.0509,-0.0084,0.0005,25.05,25.09,15535,18890,1.942,2.361,5.826,7.084,369,369,37,37,13,11,0,0,,,,,,,,,,,,,,,,,0,0,0,0
2026-09-28T22:10:46.503609+09:00,73293427,e5477175,2026-09-28T22:10:46.503609+09:00,2026-09-28T22:10:46.706526+09:00,rail-left-01,rail-right-01,0.6.7-draft,0.6.7-draft,mqtt,mqtt,741.75,612.18,6.154,6.645,-0.017,0.025,0.05,-0.198,10.305,9.89,-0.0561,0.034,0.0297,0.0564,-0.0163,-0.0077,25.05,25.06,15650,18886,1.956,2.361,5.869,7.082,370,370,37,37,13,11,0,0,,,,,,,,,,,,,,,,,0,0,0,0
2026-09-28T22:10:46.792858+09:00,73686446,e5477175,2026-09-28T22:10:46.792858+09:00,2026-09-28T22:10:46.960959+09:00,rail-left-01,rail-right-01,0.6.7-draft,0.6.7-draft,mqtt,mqtt,764.02,630.83,6.168,6.651,-0.017,0.04,-0.124,-0.281,10.636,9.714,-0.0671,0.0314,0.0317,0.0522,-0.0073,-0.0045,25.06,25.09,15685,18901,1.961,2.363,5.882,7.088,371,371,38,38,13,11,0,0,,,,,,,,,,,,,,,,,0,0,0,0
2026-09-28T22:10:46.812967+09:00,73706555,e5477175,2026-09-28T22:10:46.812967+09:00,2026-09-28T22:10:46.981068+09:00,rail-left-01,rail-right-01,0.6.7-draft,0.6.7-draft,mqtt,mqtt,765.16,631.82,6.413,6.691,-0.055,-0.029,0.074,-0.279,10.337,9.772,-0.067,0.0296,0.0345,0.0532,-0.0108,-0.008,25.05,25.06,16294,18988,2.037,2.374,6.11,7.121,372,372,38,38,13,11,0,0,,,,,,,,,,,,,,,,,0,0,0,0
2026-09-28T22:10:46.832887+09:00,73726475,e5477175,2026-09-28T22:10:46.832887+09:00,2026-09-28T22:10:47.000988+09:00,rail-left-01,rail-right-01,0.6.7-draft,0.6.7-draft,mqtt,mqtt,766.31,632.76,6.398,6.666,-0.065,0.04,0.11,-0.14,10.795,9.707,-0.069,0.0334,0.0314,0.0513,-0.0103,-0.0072,25.05,25.08,16258,18934,2.032,2.367,6.097,7.1,373,373,38,38,13,11,0,0,,,,,,,,,,,,,,,,,0,0,0,0
2026-09-28T22:10:46.853010+09:00,73746598,e5477175,2026-09-28T22:10:46.853010+09:00,2026-09-28T22:10:47.021111+09:00,rail-left-01,rail-right-01,0.6.7-draft,0.6.7-draft,mqtt,mqtt,767.45,633.71,6.405,6.635,-0.115,-0.018,0.14,-0.257,10.338,9.658,-0.0695,0.0321,0.0309,0.0521,-0.0076,-0.0076,25.04,25.07,16276,18864,2.035,2.358,6.104,7.074,374,374,38,38,13,11,0,0,,,,,,,,,,,,,,,,,0,0,0,0
2026-09-28T22:10:46.873049+09:00,73766637,e5477175,2026-09-28T22:10:46.873049+09:00,2026-09-28T22:10:47.041150+09:00,rail-left-01,rail-right-01,0.6.7-draft,0.6.7-draft,mqtt,mqtt,768.59,634.65,6.393,6.58,-0.092,0.008,0.107,-0.124,10.489,9.682,-0.0705,0.0301,0.03,0.0518,-0.0072,-0.0052,25.05,25.08,16245,18743,2.031,2.343,6.092,7.029,375,375,38,38,13,11,0,0,,,,,,,,,,,,,,,,,0,0,0,0
2026-09-28T22:10:46.893011+09:00,73786599,e5477175,2026-09-28T22:10:46.893011+09:00,2026-09-28T22:10:47.061112+09:00,rail-left-01,rail-right-01,0.6.7-draft,0.6.7-draft,mqtt,mqtt,769.69,635.65,6.396,6.518,-0.048,0.044,0.17,-0.165,10.319,9.748,-0.0663,0.0242,0.0233,0.0474,-0.0099,-0.006,25.04,25.09,16253,18606,2.032,2.326,6.095,6.977,376,376,38,38,13,11,0,0,,,,,,,,,,,,,,,,,0,0,0,0
2026-09-28T22:10:46.912922+09:00,73806510,e5477175,2026-09-28T22:10:46.912922+09:00,2026-09-28T22:10:47.081023+09:00,rail-left-01,rail-right-01,0.6.7-draft,0.6.7-draft,mqtt,mqtt,770.83,636.59,6.392,6.475,0.047,0.146,0.056,-0.25,10.501,9.89,-0.0681,0.0305,0.0326,0.0568,-0.0085,-0.0088,25.04,25.08,16242,18509,2.03,2.314,6.091,6.941,377,377,38,38,13,11,0,0,,,,,,,,,,,,,,,,,0,0,0,0
2026-09-28T22:10:46.933034+09:00,73826622,e5477175,2026-09-28T22:10:46.933034+09:00,2026-09-28T22:10:47.101135+09:00,rail-left-01,rail-right-01,0.6.7-draft,0.6.7-draft,mqtt,mqtt,771.98,637.54,6.372,6.439,-0.148,-0.02,0.017,-0.091,10.543,9.634,-0.0673,0.0326,0.0396,0.0584,-0.0097,-0.0071,25.03,25.07,16193,18429,2.024,2.304,6.072,6.911,378,378,38,38,13,11,0,0,,,,,,,,,,,,,,,,,0,0,0,0
2026-09-28T22:10:46.953101+09:00,73846689,e5477175,2026-09-28T22:10:46.953101+09:00,2026-09-28T22:10:47.121202+09:00,rail-left-01,rail-right-01,0.6.7-draft,0.6.7-draft,mqtt,mqtt,773.12,638.48,6.367,6.451,0.041,0.128,0.06,-0.261,10.429,9.72,-0.0682,0.0338,0.0397,0.061,-0.0089,-0.0069,25.06,25.09,16180,18457,2.023,2.307,6.068,6.921,379,379,38,38,13,11,0,0,,,,,,,,,,,,,,,,,0,0,0,0
2026-09-28T22:10:46.973322+09:00,73866910,e5477175,2026-09-28T22:10:46.973322+09:00,2026-09-28T22:10:47.141423+09:00,rail-left-01,rail-right-01,0.6.7-draft,0.6.7-draft,mqtt,mqtt,774.26,639.48,6.369,6.448,-0.065,-0.008,-0.22,-0.354,10.509,9.716,-0.0659,0.0314,0.0345,0.0542,-0.0107,-0.0091,25.03,25.07,16185,18451,2.023,2.306,6.069,6.919,380,380,38,38,13,11,0,0,,,,,,,,,,,,,,,,,0,0,0,0
2026-09-28T22:10:47.317816+09:00,74120579,e5477175,2026-09-28T22:10:47.317816+09:00,2026-09-28T22:10:47.618735+09:00,rail-left-01,rail-right-01,0.6.7-draft,0.6.7-draft,mqtt,mqtt,788.63,651.56,6.367,6.439,-0.097,-0.023,-0.196,-0.079,10.631,9.635,-0.0654,0.0184,0.0281,0.0472,-0.0049,-0.004,25.04,25.07,16181,18431,2.023,2.304,6.068,6.912,381,381,39,39,13,11,0,0,,,,,,,,,,,,,,,,,0,0,0,0
2026-09-28T22:10:47.337927+09:00,74140691,e5477175,2026-09-28T22:10:47.337927+09:00,2026-09-28T22:10:47.638847+09:00,rail-left-01,rail-right-01,0.6.7-draft,0.6.7-draft,mqtt,mqtt,789.77,652.5,6.355,6.338,0.164,0.298,0.318,-0.242,10.333,9.374,-0.0666,0.0326,0.039,0.0549,-0.0092,-0.0101,25.07,25.07,16150,18205,2.019,2.276,6.056,6.827,382,382,39,39,13,11,0,0,,,,,,,,,,,,,,,,,0,0,0,0
2026-09-28T22:10:47.357835+09:00,74160598,e5477175,2026-09-28T22:10:47.357835+09:00,2026-09-28T22:10:47.658754+09:00,rail-left-01,rail-right-01,0.6.7-draft,0.6.7-draft,mqtt,mqtt,790.87,653.45,6.37,6.372,-0.293,-0.239,0.109,-0.37,10.457,9.89,-0.0703,0.0352,0.0413,0.06,-0.0061,-0.0049,25.04,25.09,16187,18281,2.023,2.285,6.07,6.855,383,383,39,39,13,11,0,0,,,,,,,,,,,,,,,,,0,0,0,0
2026-09-28T22:10:47.377948+09:00,74180711,e5477175,2026-09-28T22:10:47.377948+09:00,2026-09-28T22:10:47.678867+09:00,rail-left-01,rail-right-01,0.6.7-draft,0.6.7-draft,mqtt,mqtt,792.01,654.44,6.378,6.395,0.158,0.201,0.001,-0.29,10.628,9.732,-0.0638,0.0329,0.039,0.0561,-0.0125,-0.0095,25.04,25.1,16207,18333,2.026,2.292,6.078,6.875,384,384,39,39,13,11,0,0,,,,,,,,,,,,,,,,,0,0,0,0
2026-09-28T22:10:47.398163+09:00,74200926,e5477175,2026-09-28T22:10:47.398163+09:00,2026-09-28T22:10:47.699082+09:00,rail-left-01,rail-right-01,0.6.7-draft,0.6.7-draft,mqtt,mqtt,793.16,655.39,6.381,6.4,-0.187,-0.081,-0.15,-0.233,10.414,9.822,-0.0678,0.031,0.0405,0.0617,-0.0073,-0.0063,25.06,25.08,16215,18343,2.027,2.293,6.081,6.879,385,385,39,39,13,11,0,0,,,,,,,,,,,,,,,,,0,0,0,0
2026-09-28T22:10:47.418128+09:00,74220891,e5477175,2026-09-28T22:10:47.418128+09:00,2026-09-28T22:10:47.719047+09:00,rail-left-01,rail-right-01,0.6.7-draft,0.6.7-draft,mqtt,mqtt,794.3,656.33,6.383,6.4,-0.002,0.09,0.226,-0.141,10.211,9.706,-0.0653,0.0306,0.0336,0.0585,-0.0095,-0.0063,25.04,25.07,16220,18343,2.028,2.293,6.083,6.879,386,386,39,39,13,11,0,0,,,,,,,,,,,,,,,,,0,0,0,0
2026-09-28T22:10:47.437869+09:00,74240632,e5477175,2026-09-28T22:10:47.437869+09:00,2026-09-28T22:10:47.738788+09:00,rail-left-01,rail-right-01,0.6.7-draft,0.6.7-draft,mqtt,mqtt,795.39,657.28,6.387,6.404,-0.024,0.04,-0.077,-0.352,10.396,9.606,-0.067,0.0305,0.0378,0.0608,-0.0065,-0.0037,25.04,25.09,16231,18352,2.029,2.294,6.087,6.882,387,387,39,39,13,11,0,0,,,,,,,,,,,,,,,,,0,0,0,0
2026-09-28T22:10:47.457840+09:00,74260603,e5477175,2026-09-28T22:10:47.457840+09:00,2026-09-28T22:10:47.758759+09:00,rail-left-01,rail-right-01,0.6.7-draft,0.6.7-draft,mqtt,mqtt,796.54,658.22,6.363,6.396,-0.057,0.023,0.095,-0.087,10.591,10.224,-0.0608,0.031,0.0317,0.0589,-0.0089,-0.0036,25.05,25.07,16170,18334,2.021,2.292,6.064,6.875,388,388,39,39,13,11,0,0,,,,,,,,,,,,,,,,,0,0,0,0
2026-09-28T22:10:47.477973+09:00,74280736,e5477175,2026-09-28T22:10:47.477973+09:00,2026-09-28T22:10:47.778892+09:00,rail-left-01,rail-right-01,0.6.7-draft,0.6.7-draft,mqtt,mqtt,797.63,659.16,6.374,6.412,0.083,0.022,0.005,-0.275,10.465,9.683,-0.0632,0.0305,0.0365,0.0609,-0.0089,-0.006,25.05,25.08,16197,18371,2.025,2.296,6.074,6.889,389,389,39,39,13,11,0,0,,,,,,,,,,,,,,,,,0,0,0,0
2026-09-28T22:10:47.498005+09:00,74300768,e5477175,2026-09-28T22:10:47.498005+09:00,2026-09-28T22:10:47.798924+09:00,rail-left-01,rail-right-01,0.6.7-draft,0.6.7-draft,mqtt,mqtt,798.77,660.11,6.371,6.411,-0.157,-0.048,-0.026,0.007,10.64,9.791,-0.0671,0.0325,0.0348,0.0522,-0.0108,-0.0064,25.06,25.09,16191,18368,2.024,2.296,6.072,6.888,390,390,39,39,13,11,0,0,,,,,,,,,,,,,,,,,0,0,0,0
2026-09-28T22:10:48.135481+09:00,74914326,e5477175,2026-09-28T22:10:48.135481+09:00,2026-09-28T22:10:48.277825+09:00,rail-left-01,rail-right-01,0.6.7-draft,0.6.7-draft,mqtt,mqtt,833.48,689.14,6.376,6.415,-0.153,-0.097,0.289,-0.275,10.497,9.58,-0.0642,0.0322,0.0425,0.0558,-0.0092,-0.0064,25.03,25.08,16203,18377,2.025,2.297,6.076,6.891,391,391,40,40,13,12,0,0,,,,,,,,,,,,,,,,,0,0,0,0
2026-09-28T22:10:48.155651+09:00,74934496,e5477175,2026-09-28T22:10:48.155651+09:00,2026-09-28T22:10:48.297995+09:00,rail-left-01,rail-right-01,0.6.7-draft,0.6.7-draft,mqtt,mqtt,834.62,690.09,6.722,6.68,-0.011,0.084,0.028,-0.371,10.399,9.701,-0.0682,0.03,0.0392,0.0576,-0.0124,-0.0089,25.07,25.08,17064,18964,2.133,2.371,6.399,7.112,392,392,40,40,13,12,0,0,,,,,,,,,,,,,,,,,0,0,0,0
2026-09-28T22:10:48.175577+09:00,74954422,e5477175,2026-09-28T22:10:48.175577+09:00,2026-09-28T22:10:48.317921+09:00,rail-left-01,rail-right-01,0.6.7-draft,0.6.7-draft,mqtt,mqtt,835.76,691.03,6.716,6.682,-0.004,-0.006,-0.066,-0.286,10.422,9.886,-0.0638,0.0333,0.0417,0.062,-0.0105,-0.0097,25.06,25.11,17048,18970,2.131,2.371,6.393,7.114,393,393,40,40,13,12,0,0,,,,,,,,,,,,,,,,,0,0,0,0
2026-09-28T22:10:48.195639+09:00,74974484,e5477175,2026-09-28T22:10:48.195639+09:00,2026-09-28T22:10:48.337983+09:00,rail-left-01,rail-right-01,0.6.7-draft,0.6.7-draft,mqtt,mqtt,836.91,691.98,6.698,6.692,0.026,0.006,0.016,-0.116,10.476,9.811,-0.0649,0.0338,0.0354,0.0556,-0.0092,-0.0047,25.04,25.07,17005,18992,2.126,2.374,6.377,7.122,394,394,40,40,13,12,0,0,,,,,,,,,,,,,,,,,0,0,0,0
2026-09-28T22:10:48.215693+09:00,74994538,e5477175,2026-09-28T22:10:48.215693+09:00,2026-09-28T22:10:48.358037+09:00,rail-left-01,rail-right-01,0.6.7-draft,0.6.7-draft,mqtt,mqtt,838.05,692.92,6.698,6.7,-0.007,0.024,0.024,-0.47,10.423,9.645,-0.0636,0.0314,0.0382,0.0596,-0.0075,-0.0087,25.05,25.08,17003,19008,2.125,2.376,6.376,7.128,395,395,40,40,13,12,0,0,,,,,,,,,,,,,,,,,0,0,0,0
2026-09-28T22:10:48.235672+09:00,75014517,e5477175,2026-09-28T22:10:48.235672+09:00,2026-09-28T22:10:48.378016+09:00,rail-left-01,rail-right-01,0.6.7-draft,0.6.7-draft,mqtt,mqtt,839.14,693.87,6.677,6.703,-0.053,-0.045,0.245,-0.172,10.567,9.78,-0.0662,0.0348,0.0416,0.059,-0.0065,-0.0048,25.06,25.08,16952,19016,2.119,2.377,6.357,7.131,396,396,40,40,13,12,0,0,,,,,,,,,,,,,,,,,0,0,0,0
2026-09-28T22:10:48.255594+09:00,75034439,e5477175,2026-09-28T22:10:48.255594+09:00,2026-09-28T22:10:48.397938+09:00,rail-left-01,rail-right-01,0.6.7-draft,0.6.7-draft,mqtt,mqtt,840.29,694.81,6.673,6.712,0.093,0.144,-0.089,-0.129,10.405,9.753,-0.0648,0.0334,0.0378,0.0568,-0.0108,-0.0112,25.06,25.09,16943,19036,2.118,2.38,6.354,7.139,397,397,40,40,13,12,0,0,,,,,,,,,,,,,,,,,0,0,0,0
2026-09-28T22:10:48.275524+09:00,75054369,e5477175,2026-09-28T22:10:48.275524+09:00,2026-09-28T22:10:48.417868+09:00,rail-left-01,rail-right-01,0.6.7-draft,0.6.7-draft,mqtt,mqtt,841.43,695.76,6.674,6.712,-0.095,-0.013,-0.019,-0.32,10.416,9.697,-0.0636,0.0274,0.0405,0.0584,-0.006,-0.0045,25.04,25.1,16945,19036,2.118,2.38,6.354,7.139,398,398,40,40,13,12,0,0,,,,,,,,,,,,,,,,,0,0,0,0
2026-09-28T22:10:48.295526+09:00,75074371,e5477175,2026-09-28T22:10:48.295526+09:00,2026-09-28T22:10:48.437870+09:00,rail-left-01,rail-right-01,0.6.7-draft,0.6.7-draft,mqtt,mqtt,842.58,696.7,6.651,6.71,0.026,0.037,0.344,-0.275,10.709,9.719,-0.065,0.0333,0.0405,0.0548,-0.0075,-0.0047,25.07,25.07,16887,19032,2.111,2.379,6.333,7.137,399,399,40,40,13,12,0,0,,,,,,,,,,,,,,,,,0,0,0,0
2026-09-28T22:10:48.316315+09:00,75095160,e5477175,2026-09-28T22:10:48.316315+09:00,2026-09-28T22:10:48.458659+09:00,rail-left-01,rail-right-01,0.6.7-draft,0.6.7-draft,mqtt,mqtt,843.77,697.65,6.652,6.707,0.008,0.014,-0.178,-0.259,10.434,9.606,-0.0634,0.0316,0.0393,0.0565,-0.0081,-0.0096,25.05,25.09,16890,19024,2.111,2.378,6.334,7.134,400,400,40,40,13,12,0,0,,,,,,,,,,,,,,,,,0,0,0,0
2026-09-28T22:10:48.503712+09:00,75437431,e5477175,2026-09-28T22:10:48.503712+09:00,2026-09-28T22:10:48.548963+09:00,rail-left-01,rail-right-01,0.6.7-draft,0.6.7-draft,mqtt,mqtt,863.31,713.9,6.644,6.703,0.032,-0.025,0.262,-0.347,10.361,9.742,-0.0633,0.0333,0.0396,0.0562,-0.0129,-0.0071,25.09,25.09,16870,19015,2.109,2.377,6.326,7.131,401,401,41,41,13,12,0,0,,,,,,,,,,,,,,,,,0,0,0,0
2026-09-28T22:10:48.523830+09:00,75457548,e5477175,2026-09-28T22:10:48.523830+09:00,2026-09-28T22:10:48.569080+09:00,rail-left-01,rail-right-01,0.6.7-draft,0.6.7-draft,mqtt,mqtt,864.45,714.85,6.49,6.486,-0.008,0.113,-0.032,-0.207,10.435,9.652,-0.0681,0.034,0.0433,0.0501,-0.0027,-0.0063,25.07,25.1,16487,18535,2.061,2.317,6.183,6.951,402,402,41,41,13,12,0,0,,,,,,,,,,,,,,,,,0,0,0,0
2026-09-28T22:10:48.543910+09:00,75477628,e5477175,2026-09-28T22:10:48.543910+09:00,2026-09-28T22:10:48.589160+09:00,rail-left-01,rail-right-01,0.6.7-draft,0.6.7-draft,mqtt,mqtt,865.59,715.79,6.494,6.471,-0.008,0.069,0.164,-0.098,10.46,9.855,-0.0659,0.0301,0.0396,0.0537,-0.0064,-0.0071,25.06,25.07,16496,18500,2.062,2.312,6.186,6.938,403,403,41,41,13,12,0,0,,,,,,,,,,,,,,,,,0,0,0,0
2026-09-28T22:10:48.563735+09:00,75497453,e5477175,2026-09-28T22:10:48.563735+09:00,2026-09-28T22:10:48.608985+09:00,rail-left-01,rail-right-01,0.6.7-draft,0.6.7-draft,mqtt,mqtt,866.74,716.74,6.49,6.466,0.115,0.045,0.05,-0.323,10.517,9.653,-0.0634,0.032,0.049,0.0612,-0.0093,-0.012,25.05,25.08,16487,18489,2.061,2.311,6.183,6.933,404,404,41,41,13,12,0,0,,,,,,,,,,,,,,,,,0,0,0,0
2026-09-28T22:10:48.583793+09:00,75517512,e5477175,2026-09-28T22:10:48.583793+09:00,2026-09-28T22:10:48.629044+09:00,rail-left-01,rail-right-01,0.6.7-draft,0.6.7-draft,mqtt,mqtt,867.88,717.68,6.465,6.463,-0.048,-0.049,-0.084,-0.218,10.464,9.628,-0.0644,0.0324,0.0409,0.0546,-0.0065,-0.0061,25.07,25.09,16425,18484,2.053,2.311,6.159,6.932,405,405,41,41,13,12,0,0,,,,,,,,,,,,,,,,,0,0,0,0
2026-09-28T22:10:48.603758+09:00,75537476,e5477175,2026-09-28T22:10:48.603758+09:00,2026-09-28T22:10:48.649008+09:00,rail-left-01,rail-right-01,0.6.7-draft,0.6.7-draft,mqtt,mqtt,868.98,718.63,6.455,6.455,0.111,0.151,0.031,-0.196,10.581,9.621,-0.0645,0.0305,0.042,0.0585,-0.0108,-0.0093,25.04,25.08,16400,18466,2.05,2.308,6.15,6.925,406,406,41,41,13,12,0,0,,,,,,,,,,,,,,,,,0,0,0,0
2026-09-28T22:10:48.623791+09:00,75557509,e5477175,2026-09-28T22:10:48.623791+09:00,2026-09-28T22:10:48.669041+09:00,rail-left-01,rail-right-01,0.6.7-draft,0.6.7-draft,mqtt,mqtt,870.12,719.57,6.446,6.459,-0.097,-0.041,0.053,-0.26,10.343,9.618,-0.0667,0.0305,0.0414,0.0586,-0.0096,-0.0081,25.07,25.11,16377,18475,2.047,2.309,6.141,6.928,407,407,41,41,13,12,0,0,,,,,,,,,,,,,,,,,0,0,0,0
2026-09-28T22:10:48.643778+09:00,75577496,e5477175,2026-09-28T22:10:48.643778+09:00,2026-09-28T22:10:48.689028+09:00,rail-left-01,rail-right-01,0.6.7-draft,0.6.7-draft,mqtt,mqtt,871.26,720.52,6.438,6.465,0.086,0.133,0.077,-0.212,10.479,9.641,-0.0658,0.0341,0.0373,0.0538,-0.0115,-0.0061,25.07,25.07,16357,18488,2.045,2.311,6.134,6.933,408,408,41,41,13,12,0,0,,,,,,,,,,,,,,,,,0,0,0,0
2026-09-28T22:10:48.663876+09:00,75597594,e5477175,2026-09-28T22:10:48.663876+09:00,2026-09-28T22:10:48.709126+09:00,rail-left-01,rail-right-01,0.6.7-draft,0.6.7-draft,mqtt,mqtt,872.41,721.46,6.434,6.457,-0.075,-0.041,0.171,-0.294,10.482,9.849,-0.0682,0.03,0.04,0.0542,-0.0093,-0.0032,25.06,25.1,16346,18471,2.043,2.309,6.13,6.927,409,409,41,41,13,12,0,0,,,,,,,,,,,,,,,,,0,0,0,0
2026-09-28T22:10:48.684119+09:00,75617837,e5477175,2026-09-28T22:10:48.684119+09:00,2026-09-28T22:10:48.729369+09:00,rail-left-01,rail-right-01,0.6.7-draft,0.6.7-draft,mqtt,mqtt,873.55,722.46,6.431,6.463,0.022,-0.004,0.281,-0.244,10.561,9.849,-0.0658,0.0325,0.0541,0.0525,-0.0168,-0.0072,25.07,25.07,16339,18483,2.042,2.31,6.127,6.931,410,410,41,41,13,12,0,0,,,,,,,,,,,,,,,,,0,0,0,0
2026-09-28T22:10:48.774145+09:00,75707580,e5477175,2026-09-28T22:10:48.774145+09:00,2026-09-28T22:10:48.858978+09:00,rail-left-01,rail-right-01,0.6.7-draft,0.6.7-draft,mqtt,mqtt,878.67,726.68,6.418,6.464,0.089,0.172,-0.078,-0.275,10.405,9.688,-0.0655,0.0333,0.0368,0.057,-0.0049,-0.0069,25.08,25.06,16306,18485,2.038,2.311,6.115,6.932,411,411,42,42,13,12,0,0,,,,,,,,,,,,,,,,,0,0,0,0
2026-09-28T22:10:48.794252+09:00,75727687,e5477175,2026-09-28T22:10:48.794252+09:00,2026-09-28T22:10:48.879085+09:00,rail-left-01,rail-right-01,0.6.7-draft,0.6.7-draft,mqtt,mqtt,879.81,727.68,6.411,6.455,-0.04,-0.034,0.008,-0.318,10.341,9.597,-0.0659,0.0333,0.042,0.0584,-0.0028,-0.0035,25.08,25.07,16289,18465,2.036,2.308,6.108,6.924,412,412,42,42,13,12,0,0,,,,,,,,,,,,,,,,,0,0,0,0
2026-09-28T22:10:48.814184+09:00,75747619,e5477175,2026-09-28T22:10:48.814184+09:00,2026-09-28T22:10:48.899017+09:00,rail-left-01,rail-right-01,0.6.7-draft,0.6.7-draft,mqtt,mqtt,880.96,728.62,6.373,6.44,0.049,0.028,0.275,-0.071,10.485,9.823,-0.0683,0.0292,0.0345,0.0586,-0.0057,-0.0076,25.06,25.09,16195,18432,2.024,2.304,6.073,6.912,413,413,42,42,13,12,0,0,,,,,,,,,,,,,,,,,0,0,0,0
2026-09-28T22:10:48.834307+09:00,75767742,e5477175,2026-09-28T22:10:48.834307+09:00,2026-09-28T22:10:48.919140+09:00,rail-left-01,rail-right-01,0.6.7-draft,0.6.7-draft,mqtt,mqtt,882.1,729.57,6.325,6.44,-0.086,-0.032,0.172,-0.029,10.977,9.984,-0.0573,0.032,0.0345,0.0509,-0.004,-0.0044,25.08,25.09,16075,18432,2.009,2.304,6.028,6.912,414,414,42,42,13,12,0,0,,,,,,,,,,,,,,,,,0,0,0,0
2026-09-28T22:10:48.854386+09:00,75787821,e5477175,2026-09-28T22:10:48.854386+09:00,2026-09-28T22:10:48.939219+09:00,rail-left-01,rail-right-01,0.6.7-draft,0.6.7-draft,mqtt,mqtt,883.24,730.51,6.343,6.445,0.17,0.133,0.242,-0.336,10.248,9.707,-0.0536,0.0309,0.0312,0.0597,-0.0092,-0.0089,25.07,25.08,16120,18444,2.015,2.306,6.045,6.917,415,415,42,42,13,12,0,0,,,,,,,,,,,,,,,,,0,0,0,0
2026-09-28T22:10:48.874415+09:00,75807850,e5477175,2026-09-28T22:10:48.874415+09:00,2026-09-28T22:10:48.959248+09:00,rail-left-01,rail-right-01,0.6.7-draft,0.6.7-draft,mqtt,mqtt,884.39,731.46,6.373,6.445,0.019,0.066,-0.012,-0.281,9.956,9.365,-0.0699,0.0334,0.036,0.0533,-0.0104,-0.008,25.05,25.09,16195,18444,2.024,2.306,6.073,6.917,416,416,42,42,13,12,0,0,,,,,,,,,,,,,,,,,0,0,0,0
2026-09-28T22:10:48.894158+09:00,75827593,e5477175,2026-09-28T22:10:48.894158+09:00,2026-09-28T22:10:48.978991+09:00,rail-left-01,rail-right-01,0.6.7-draft,0.6.7-draft,mqtt,mqtt,885.48,732.4,6.405,6.437,-0.075,0.037,0.231,-0.409,10.5,9.568,-0.0685,0.0321,0.033,0.0521,-0.0145,-0.0059,25.05,25.07,16275,18426,2.034,2.303,6.103,6.91,417,417,42,42,13,12,0,0,,,,,,,,,,,,,,,,,0,0,0,0
2026-09-28T22:10:48.914412+09:00,75847847,e5477175,2026-09-28T22:10:48.914412+09:00,2026-09-28T22:10:48.999245+09:00,rail-left-01,rail-right-01,0.6.7-draft,0.6.7-draft,mqtt,mqtt,886.63,733.34,6.43,6.444,-0.198,-0.129,0.362,-0.059,10.289,9.744,-0.0675,0.0349,0.0505,0.0562,-0.0025,-0.0041,25.07,25.08,16337,18440,2.042,2.305,6.126,6.915,418,418,42,42,13,12,0,0,,,,,,,,,,,,,,,,,0,0,0,0
2026-09-28T22:10:48.934329+09:00,75867764,e5477175,2026-09-28T22:10:48.934329+09:00,2026-09-28T22:10:49.019162+09:00,rail-left-01,rail-right-01,0.6.7-draft,0.6.7-draft,mqtt,mqtt,887.77,734.34,6.421,6.455,0.049,0.147,0.169,-0.283,10.566,9.716,-0.0644,0.0354,0.0401,0.054,-0.0063,-0.0059,25.07,25.09,16314,18466,2.039,2.308,6.118,6.925,419,419,42,42,13,12,0,0,,,,,,,,,,,,,,,,,0,0,0,0
2026-09-28T22:10:48.954245+09:00,75887680,e5477175,2026-09-28T22:10:48.954245+09:00,2026-09-28T22:10:49.039078+09:00,rail-left-01,rail-right-01,0.6.7-draft,0.6.7-draft,mqtt,mqtt,888.91,735.28,6.407,6.457,-0.081,0.016,-0.072,-0.271,10.317,9.874,-0.0629,0.0332,0.0468,0.0586,-0.0049,-0.0013,25.08,25.07,16279,18469,2.035,2.309,6.105,6.926,420,420,42,42,13,12,0,0,,,,,,,,,,,,,,,,,0,0,0,0
2026-09-28T22:10:49.091678+09:00,76017474,e5477175,2026-09-28T22:10:49.091678+09:00,2026-09-28T22:10:49.180164+09:00,rail-left-01,rail-right-01,0.6.7-draft,0.6.7-draft,mqtt,mqtt,896.32,741.45,6.391,6.458,-0.023,-0.061,0.049,-0.321,10.415,9.536,-0.0659,0.035,0.0488,0.0518,-0.0079,-0.0064,25.06,25.08,16240,18472,2.03,2.309,6.09,6.927,421,421,43,43,13,12,0,0,,,,,,,,,,,,,,,,,0,0,0,0
2026-09-28T22:10:49.111830+09:00,76037626,e5477175,2026-09-28T22:10:49.111830+09:00,2026-09-28T22:10:49.200315+09:00,rail-left-01,rail-right-01,0.6.7-draft,0.6.7-draft,mqtt,mqtt,897.46,742.44,6.331,6.475,-0.001,0.072,-0.004,-0.086,10.453,9.76,-0.0662,0.0338,0.0501,0.0578,-0.0111,-0.0116,25.05,25.09,16090,18509,2.011,2.314,6.034,6.941,422,422,43,43,13,12,0,0,,,,,,,,,,,,,,,,,0,0,0,0
2026-09-28T22:10:49.131730+09:00,76057526,e5477175,2026-09-28T22:10:49.131730+09:00,2026-09-28T22:10:49.220216+09:00,rail-left-01,rail-right-01,0.6.7-draft,0.6.7-draft,mqtt,mqtt,898.61,743.39,6.339,6.506,0.019,0.062,-0.053,-0.23,10.526,9.615,-0.0653,0.0324,0.0522,0.0516,-0.0064,-0.0061,25.07,25.08,16110,18579,2.014,2.322,6.041,6.967,423,423,43,43,13,12,0,0,,,,,,,,,,,,,,,,,0,0,0,0
2026-09-28T22:10:49.151858+09:00,76077654,e5477175,2026-09-28T22:10:49.151858+09:00,2026-09-28T22:10:49.240344+09:00,rail-left-01,rail-right-01,0.6.7-draft,0.6.7-draft,mqtt,mqtt,899.75,744.33,6.337,6.514,-0.142,-0.054,0.079,-0.186,10.409,9.555,-0.0626,0.0301,0.0465,0.057,-0.0095,-0.0112,25.07,25.07,16105,18597,2.013,2.325,6.039,6.974,424,424,43,43,13,12,0,0,,,,,,,,,,,,,,,,,0,0,0,0
2026-09-28T22:10:49.172936+09:00,76098732,e5477175,2026-09-28T22:10:49.172936+09:00,2026-09-28T22:10:49.261422+09:00,rail-left-01,rail-right-01,0.6.7-draft,0.6.7-draft,mqtt,mqtt,900.94,745.33,6.35,6.523,0.004,0.11,-0.012,-0.328,10.57,9.565,-0.0685,0.0342,0.0329,0.0504,-0.0091,-0.0077,25.08,25.08,16137,18617,2.017,2.327,6.051,6.981,425,425,43,43,13,12,0,0,,,,,,,,,,,,,,,,,0,0,0,0
2026-09-28T22:10:49.192926+09:00,76118722,e5477175,2026-09-28T22:10:49.192926+09:00,2026-09-28T22:10:49.281412+09:00,rail-left-01,rail-right-01,0.6.7-draft,0.6.7-draft,mqtt,mqtt,902.09,746.27,6.448,6.526,-0.065,-0.013,-0.153,-0.25,10.353,9.685,-0.0622,0.0361,0.0181,0.0505,-0.0135,-0.0093,25.04,25.09,16383,18624,2.048,2.328,6.144,6.984,426,426,43,43,13,12,0,0,,,,,,,,,,,,,,,,,0,0,0,0
2026-09-28T22:10:49.211782+09:00,76137578,e5477175,2026-09-28T22:10:49.211782+09:00,2026-09-28T22:10:49.300268+09:00,rail-left-01,rail-right-01,0.6.7-draft,0.6.7-draft,mqtt,mqtt,903.13,747.17,6.512,6.524,-0.057,0.054,-0.068,-0.354,10.445,9.645,-0.0625,0.0281,0.0269,0.0532,-0.0113,-0.0093,25.07,25.08,16540,18618,2.068,2.327,6.203,6.982,427,427,43,43,13,12,0,0,,,,,,,,,,,,,,,,,0,0,0,0
2026-09-28T22:10:49.231739+09:00,76157535,e5477175,2026-09-28T22:10:49.231739+09:00,2026-09-28T22:10:49.320225+09:00,rail-left-01,rail-right-01,0.6.7-draft,0.6.7-draft,mqtt,mqtt,904.28,748.11,6.563,6.541,0.065,0.079,0.192,-0.109,10.455,9.604,-0.0609,0.034,0.0346,0.0578,-0.0116,-0.0081,25.06,25.07,16668,18657,2.084,2.332,6.251,6.996,428,428,43,43,13,12,0,0,,,,,,,,,,,,,,,,,0,0,0,0
2026-09-28T22:10:49.251687+09:00,76177483,e5477175,2026-09-28T22:10:49.251687+09:00,2026-09-28T22:10:49.340173+09:00,rail-left-01,rail-right-01,0.6.7-draft,0.6.7-draft,mqtt,mqtt,905.42,749.11,6.582,6.551,-0.065,-0.031,0.007,-0.268,10.285,9.628,-0.065,0.0349,0.0358,0.0556,-0.0109,-0.0039,25.07,25.07,16715,18679,2.089,2.335,6.268,7.005,429,429,43,43,13,12,0,0,,,,,,,,,,,,,,,,,0,0,0,0
2026-09-28T22:10:49.271938+09:00,76197734,e5477175,2026-09-28T22:10:49.271938+09:00,2026-09-28T22:10:49.360423+09:00,rail-left-01,rail-right-01,0.6.7-draft,0.6.7-draft,mqtt,mqtt,906.56,750.05,6.604,6.551,-0.022,0.098,0.134,-0.139,10.434,9.692,-0.0646,0.0348,0.0366,0.0548,-0.0119,-0.0087,25.06,25.08,16771,18679,2.096,2.335,6.289,7.005,430,430,43,43,13,12,0,0,,,,,,,,,,,,,,,,,0,0,0,0
2026-09-28T22:10:49.416392+09:00,76338446,e5477175,2026-09-28T22:10:49.416392+09:00,2026-09-28T22:10:49.470740+09:00,rail-left-01,rail-right-01,0.6.7-draft,0.6.7-draft,mqtt,mqtt,914.57,756.76,6.62,6.561,-0.109,0.055,-0.072,-0.22,10.447,9.686,-0.0632,0.0317,0.031,0.0561,-0.0079,-0.0075,25.04,25.08,16810,18701,2.101,2.338,6.304,7.013,431,431,44,44,13,12,0,0,,,,,,,,,,,,,,,,,0,0,0,0
2026-09-28T22:10:49.436569+09:00,76358623,e5477175,2026-09-28T22:10:49.436569+09:00,2026-09-28T22:10:49.490917+09:00,rail-left-01,rail-right-01,0.6.7-draft,0.6.7-draft,mqtt,mqtt,915.71,757.71,6.733,6.639,-0.041,0.054,-0.008,-0.269,10.36,9.798,-0.0648,0.0286,0.0326,0.0576,-0.0079,-0.0092,25.07,25.09,17091,18874,2.136,2.359,6.409,7.078,432,432,44,44,13,12,0,0,,,,,,,,,,,,,,,,,0,0,0,0
2026-09-28T22:10:49.456583+09:00,76378637,e5477175,2026-09-28T22:10:49.456583+09:00,2026-09-28T22:10:49.510931+09:00,rail-left-01,rail-right-01,0.6.7-draft,0.6.7-draft,mqtt,mqtt,916.8,758.65,6.736,6.641,-0.041,0.072,0.053,-0.241,10.515,9.694,-0.0667,0.0312,0.0366,0.0544,-0.0091,-0.0063,25.07,25.08,17099,18879,2.137,2.36,6.412,7.08,433,433,44,44,13,12,0,0,,,,,,,,,,,,,,,,,0,0,0,0
2026-09-28T22:10:49.476527+09:00,76398581,e5477175,2026-09-28T22:10:49.476527+09:00,2026-09-28T22:10:49.530875+09:00,rail-left-01,rail-right-01,0.6.7-draft,0.6.7-draft,mqtt,mqtt,917.95,759.6,6.742,6.639,-0.028,-0.037,0.002,-0.345,10.438,9.796,-0.0653,0.0316,0.036,0.0554,-0.0091,-0.0067,25.08,25.07,17113,18874,2.139,2.359,6.417,7.078,434,434,44,44,13,12,0,0,,,,,,,,,,,,,,,,,0,0,0,0
2026-09-28T22:10:49.496726+09:00,76418780,e5477175,2026-09-28T22:10:49.496726+09:00,2026-09-28T22:10:49.551074+09:00,rail-left-01,rail-right-01,0.6.7-draft,0.6.7-draft,mqtt,mqtt,919.09,760.54,6.74,6.64,0.063,0.077,0.098,-0.16,10.439,9.805,-0.0682,0.0328,0.0365,0.0581,-0.0088,-0.0081,25.09,25.09,17110,18875,2.139,2.359,6.416,7.078,435,435,44,44,13,12,0,0,,,,,,,,,,,,,,,,,0,0,0,0
2026-09-28T22:10:49.516743+09:00,76438797,e5477175,2026-09-28T22:10:49.516743+09:00,2026-09-28T22:10:49.571091+09:00,rail-left-01,rail-right-01,0.6.7-draft,0.6.7-draft,mqtt,mqtt,920.24,761.48,6.738,6.654,-0.084,-0.01,0.101,-0.309,10.341,9.676,-0.0675,0.0318,0.0392,0.0596,-0.0101,-0.008,25.07,25.09,17105,18906,2.138,2.363,6.414,7.09,436,436,44,44,13,12,0,0,,,,,,,,,,,,,,,,,0,0,0,0
2026-09-28T22:10:49.536532+09:00,76458586,e5477175,2026-09-28T22:10:49.536532+09:00,2026-09-28T22:10:49.590880+09:00,rail-left-01,rail-right-01,0.6.7-draft,0.6.7-draft,mqtt,mqtt,921.33,762.43,6.728,6.655,0.083,0.099,0.037,-0.366,10.503,9.664,-0.0667,0.0298,0.0373,0.0536,-0.0103,-0.0081,25.08,25.07,17079,18909,2.135,2.364,6.405,7.091,437,437,44,44,13,12,0,0,,,,,,,,,,,,,,,,,0,0,0,0
2026-09-28T22:10:49.556500+09:00,76478554,e5477175,2026-09-28T22:10:49.556500+09:00,2026-09-28T22:10:49.610848+09:00,rail-left-01,rail-right-01,0.6.7-draft,0.6.7-draft,mqtt,mqtt,922.47,763.37,6.731,6.663,-0.095,-0.02,0.156,-0.302,10.374,9.567,-0.0675,0.03,0.0388,0.0648,-0.01,-0.0103,25.08,25.1,17087,18927,2.136,2.366,6.408,7.098,438,438,44,44,13,12,0,0,,,,,,,,,,,,,,,,,0,0,0,0
2026-09-28T22:10:49.576550+09:00,76498604,e5477175,2026-09-28T22:10:49.576550+09:00,2026-09-28T22:10:49.630898+09:00,rail-left-01,rail-right-01,0.6.7-draft,0.6.7-draft,mqtt,mqtt,923.62,764.32,6.707,6.673,0.099,0.075,0.14,-0.186,10.466,9.65,-0.0689,0.03,0.0382,0.0597,-0.0081,-0.0035,25.05,25.07,17026,18950,2.128,2.369,6.385,7.106,439,439,44,44,13,12,0,0,,,,,,,,,,,,,,,,,0,0,0,0
2026-09-28T22:10:49.596574+09:00,76518628,e5477175,2026-09-28T22:10:49.596574+09:00,2026-09-28T22:10:49.650922+09:00,rail-left-01,rail-right-01,0.6.7-draft,0.6.7-draft,mqtt,mqtt,924.76,765.31,6.696,6.665,-0.129,-0.16,0.214,-0.338,10.483,9.878,-0.0666,0.0321,0.0329,0.0572,-0.0104,-0.0068,25.07,25.1,16999,18932,2.125,2.367,6.375,7.1,440,440,44,44,13,12,0,0,,,,,,,,,,,,,,,,,0,0,0,0
2026-09-28T22:10:49.704215+09:00,76629455,e5477175,2026-09-28T22:10:49.704215+09:00,2026-09-28T22:10:49.787633+09:00,rail-left-01,rail-right-01,0.6.7-draft,0.6.7-draft,mqtt,mqtt,931.02,770.58,6.696,6.668,-0.014,0.01,0.354,-0.291,10.224,9.653,-0.0653,0.0244,0.0342,0.0566,-0.0093,-0.0069,25.06,25.07,16999,18937,2.125,2.367,6.375,7.101,441,441,45,45,13,12,0,0,,,,,,,,,,,,,,,,,0,0,0,0
2026-09-28T22:10:49.724364+09:00,76649604,e5477175,2026-09-28T22:10:49.724364+09:00,2026-09-28T22:10:49.807782+09:00,rail-left-01,rail-right-01,0.6.7-draft,0.6.7-draft,mqtt,mqtt,932.17,771.53,6.595,6.54,-0.055,-0.004,-0.017,-0.336,10.525,9.691,-0.0675,0.0228,0.0306,0.0504,-0.0077,-0.0047,25.05,25.08,16748,18655,2.094,2.332,6.281,6.996,442,442,45,45,13,12,0,0,,,,,,,,,,,,,,,,,0,0,0,0
2026-09-28T22:10:49.744299+09:00,76669539,e5477175,2026-09-28T22:10:49.744299+09:00,2026-09-28T22:10:49.827717+09:00,rail-left-01,rail-right-01,0.6.7-draft,0.6.7-draft,mqtt,mqtt,933.31,772.47,6.595,6.517,-0.08,0.029,0.182,-0.424,10.26,9.683,-0.0649,0.0269,0.0392,0.0602,-0.0125,-0.0096,25.05,25.1,16749,18604,2.094,2.326,6.281,6.977,443,443,45,45,13,12,0,0,,,,,,,,,,,,,,,,,0,0,0,0
2026-09-28T22:10:49.764261+09:00,76689501,e5477175,2026-09-28T22:10:49.764261+09:00,2026-09-28T22:10:49.847679+09:00,rail-left-01,rail-right-01,0.6.7-draft,0.6.7-draft,mqtt,mqtt,934.45,773.42,6.583,6.522,0.034,0.115,0.139,-0.202,10.148,9.595,-0.0665,0.0341,0.0356,0.0534,-0.0075,-0.0063,25.06,25.08,16717,18614,2.09,2.327,6.269,6.98,444,444,45,45,13,12,0,0,,,,,,,,,,,,,,,,,0,0,0,0
2026-09-28T22:10:49.784360+09:00,76709600,e5477175,2026-09-28T22:10:49.784360+09:00,2026-09-28T22:10:49.867778+09:00,rail-left-01,rail-right-01,0.6.7-draft,0.6.7-draft,mqtt,mqtt,935.55,774.41,6.594,6.522,-0.022,0.004,0.159,-0.372,10.387,9.55,-0.0654,0.0337,0.0373,0.0525,-0.0084,-0.0045,25.04,25.08,16745,18615,2.093,2.327,6.279,6.981,445,445,45,45,13,12,0,0,,,,,,,,,,,,,,,,,0,0,0,0
2026-09-28T22:10:49.804394+09:00,76729634,e5477175,2026-09-28T22:10:49.804394+09:00,2026-09-28T22:10:49.887812+09:00,rail-left-01,rail-right-01,0.6.7-draft,0.6.7-draft,mqtt,mqtt,936.69,775.36,6.591,6.499,-0.012,-0.026,-0.028,-0.227,10.378,9.821,-0.0686,0.0296,0.0369,0.059,-0.0127,-0.0151,25.04,25.09,16739,18564,2.092,2.321,6.277,6.962,446,446,45,45,13,12,0,0,,,,,,,,,,,,,,,,,0,0,0,0
2026-09-28T22:10:49.824316+09:00,76749556,e5477175,2026-09-28T22:10:49.824316+09:00,2026-09-28T22:10:49.907734+09:00,rail-left-01,rail-right-01,0.6.7-draft,0.6.7-draft,mqtt,mqtt,937.84,776.3,6.59,6.489,0.102,0.092,0.183,-0.026,10.551,9.957,-0.0706,0.0332,0.0366,0.056,-0.0048,-0.0017,25.05,25.1,16735,18542,2.092,2.318,6.276,6.953,447,447,45,45,13,12,0,0,,,,,,,,,,,,,,,,,0,0,0,0
2026-09-28T22:10:49.844258+09:00,76769498,e5477175,2026-09-28T22:10:49.844258+09:00,2026-09-28T22:10:49.927676+09:00,rail-left-01,rail-right-01,0.6.7-draft,0.6.7-draft,mqtt,mqtt,938.98,777.25,6.599,6.474,-0.036,-0.053,0.048,-0.17,10.503,9.893,-0.0661,0.0336,0.0353,0.0557,-0.0104,-0.0064,25.06,25.09,16759,18507,2.095,2.313,6.285,6.94,448,448,45,45,13,12,0,0,,,,,,,,,,,,,,,,,0,0,0,0
2026-09-28T22:10:49.864391+09:00,76789631,e5477175,2026-09-28T22:10:49.864391+09:00,2026-09-28T22:10:49.947809+09:00,rail-left-01,rail-right-01,0.6.7-draft,0.6.7-draft,mqtt,mqtt,940.07,778.24,6.6,6.47,0.065,0.111,-0.001,-0.456,10.54,9.714,-0.0679,0.0316,0.0377,0.0542,-0.0073,-0.0044,25.05,25.08,16760,18499,2.095,2.312,6.285,6.937,449,449,45,45,13,12,0,0,,,,,,,,,,,,,,,,,0,0,0,0
2026-09-28T22:10:49.884481+09:00,76809721,e5477175,2026-09-28T22:10:49.884481+09:00,2026-09-28T22:10:49.967899+09:00,rail-left-01,rail-right-01,0.6.7-draft,0.6.7-draft,mqtt,mqtt,941.22,779.18,6.607,6.457,0.001,0.012,0.011,-0.26,10.387,9.699,-0.0655,0.036,0.0369,0.0565,-0.0084,-0.0104,25.06,25.07,16777,18469,2.097,2.309,6.291,6.926,450,450,45,45,13,12,0,0,,,,,,,,,,,,,,,,,0,0,0,0
2026-09-28T22:10:50.013635+09:00,76946451,e5477175,2026-09-28T22:10:50.013635+09:00,2026-09-28T22:10:50.054666+09:00,rail-left-01,rail-right-01,0.6.7-draft,0.6.7-draft,mqtt,mqtt,948.87,785.7,6.61,6.459,0.029,0.007,-0.034,-0.148,10.424,9.653,-0.0685,0.0294,0.0398,0.0566,-0.0056,-0.0055,25.05,25.08,16784,18475,2.098,2.309,6.294,6.928,451,451,46,46,13,12,0,0,,,,,,,,,,,,,,,,,0,0,0,0
2026-09-28T22:10:50.033807+09:00,76966622,e5477175,2026-09-28T22:10:50.033807+09:00,2026-09-28T22:10:50.074838+09:00,rail-left-01,rail-right-01,0.6.7-draft,0.6.7-draft,mqtt,mqtt,950.02,786.69,6.618,6.36,-0.096,0.01,0.048,-0.332,10.61,9.679,-0.063,0.0281,0.0324,0.0466,-0.0079,-0.0037,25.04,25.1,16805,18255,2.101,2.282,6.302,6.846,452,452,46,46,13,12,0,0,,,,,,,,,,,,,,,,,0,0,0,0
2026-09-28T22:10:50.053742+09:00,76986558,e5477175,2026-09-28T22:10:50.053742+09:00,2026-09-28T22:10:50.094773+09:00,rail-left-01,rail-right-01,0.6.7-draft,0.6.7-draft,mqtt,mqtt,951.16,787.64,6.621,6.316,0.09,0.099,-0.123,-0.14,10.39,10.1,-0.0666,0.0288,0.0322,0.0504,-0.0075,-0.0071,25.04,25.08,16812,18158,2.102,2.27,6.305,6.809,453,453,46,46,13,12,0,0,,,,,,,,,,,,,,,,,0,0,0,0
2026-09-28T22:10:50.073715+09:00,77006531,e5477175,2026-09-28T22:10:50.073715+09:00,2026-09-28T22:10:50.114746+09:00,rail-left-01,rail-right-01,0.6.7-draft,0.6.7-draft,mqtt,mqtt,952.25,788.58,6.614,6.315,0.062,0.091,0.265,0,10.562,9.776,-0.0645,0.0345,0.0398,0.0546,-0.0091,-0.0076,25.05,25.07,16794,18155,2.099,2.269,6.298,6.808,454,454,46,46,13,12,0,0,,,,,,,,,,,,,,,,,0,0,0,0
2026-09-28T22:10:50.093911+09:00,77026727,e5477175,2026-09-28T22:10:50.093911+09:00,2026-09-28T22:10:50.134942+09:00,rail-left-01,rail-right-01,0.6.7-draft,0.6.7-draft,mqtt,mqtt,953.4,789.58,6.625,6.335,-0.069,-0.038,0.164,-0.187,10.447,9.809,-0.0666,0.036,0.0409,0.0577,-0.0116,-0.0077,25.07,25.09,16822,18199,2.103,2.275,6.308,6.825,455,455,46,46,13,12,0,0,,,,,,,,,,,,,,,,,0,0,0,0
2026-09-28T22:10:50.114000+09:00,77046815,e5477175,2026-09-28T22:10:50.114000+09:00,2026-09-28T22:10:50.155031+09:00,rail-left-01,rail-right-01,0.6.7-draft,0.6.7-draft,mqtt,mqtt,954.54,790.52,6.62,6.349,0.069,0.065,0.019,-0.352,10.503,9.783,-0.0702,0.0336,0.0417,0.0565,-0.0085,-0.0064,25.06,25.07,16810,18230,2.101,2.279,6.304,6.836,456,456,46,46,13,12,0,0,,,,,,,,,,,,,,,,,0,0,0,0
2026-09-28T22:10:50.133789+09:00,77066604,e5477175,2026-09-28T22:10:50.133789+09:00,2026-09-28T22:10:50.174819+09:00,rail-left-01,rail-right-01,0.6.7-draft,0.6.7-draft,mqtt,mqtt,955.63,791.47,6.629,6.357,-0.068,0,-0.026,-0.339,10.406,9.637,-0.0646,0.0288,0.0366,0.0553,-0.0119,-0.0095,25.07,25.09,16832,18248,2.104,2.281,6.312,6.843,457,457,46,46,13,12,0,0,,,,,,,,,,,,,,,,,0,0,0,0
2026-09-28T22:10:50.153740+09:00,77086555,e5477175,2026-09-28T22:10:50.153740+09:00,2026-09-28T22:10:50.194770+09:00,rail-left-01,rail-right-01,0.6.7-draft,0.6.7-draft,mqtt,mqtt,956.78,792.41,6.64,6.357,-0.023,-0.006,0.135,-0.201,10.434,9.85,-0.0674,0.0322,0.0373,0.0589,-0.0103,-0.0065,25.06,25.08,16859,18249,2.107,2.281,6.322,6.843,458,458,46,46,13,12,0,0,,,,,,,,,,,,,,,,,0,0,0,0
2026-09-28T22:10:50.173734+09:00,77106550,e5477175,2026-09-28T22:10:50.173734+09:00,2026-09-28T22:10:50.214765+09:00,rail-left-01,rail-right-01,0.6.7-draft,0.6.7-draft,mqtt,mqtt,957.87,793.35,6.632,6.351,0.045,0.115,0.053,-0.153,10.434,9.832,-0.0641,0.0346,0.0345,0.0534,-0.0091,-0.0031,25.04,25.09,16841,18234,2.105,2.279,6.315,6.838,459,459,46,46,13,12,0,0,,,,,,,,,,,,,,,,,0,0,0,0
2026-09-28T22:10:50.194226+09:00,77127042,e5477175,2026-09-28T22:10:50.194226+09:00,2026-09-28T22:10:50.235257+09:00,rail-left-01,rail-right-01,0.6.7-draft,0.6.7-draft,mqtt,mqtt,959.07,794.35,6.628,6.333,-0.013,0.029,-0.004,-0.169,10.475,9.731,-0.0641,0.0292,0.0398,0.0609,-0.0111,-0.0087,25.06,25.07,16831,18195,2.104,2.274,6.312,6.823,460,460,46,46,13,12,0,0,,,,,,,,,,,,,,,,,0,0,0,0
2026-09-28T22:10:50.329831+09:00,77213657,e5477175,2026-09-28T22:10:50.329831+09:00,2026-09-28T22:10:50.421029+09:00,rail-left-01,rail-right-01,0.6.7-draft,0.6.7-draft,mqtt,mqtt,963.94,798.48,6.623,6.34,-0.044,0.007,0.065,-0.262,10.645,9.643,-0.0645,0.0296,0.0429,0.0578,-0.0097,-0.0075,25.07,25.09,16817,18210,2.102,2.276,6.306,6.829,461,461,47,47,13,12,0,0,,,,,,,,,,,,,,,,,0,0,0,0
2026-09-28T22:10:50.349956+09:00,77233782,e5477175,2026-09-28T22:10:50.349956+09:00,2026-09-28T22:10:50.441154+09:00,rail-left-01,rail-right-01,0.6.7-draft,0.6.7-draft,mqtt,mqtt,965.08,799.42,6.608,6.329,-0.006,0.041,-0.031,-0.206,10.308,9.579,-0.062,0.0286,0.044,0.0586,-0.0089,-0.0101,25.07,25.07,16781,18185,2.098,2.273,6.293,6.819,462,462,47,47,13,12,0,0,,,,,,,,,,,,,,,,,0,0,0,0
2026-09-28T22:10:50.369924+09:00,77253750,e5477175,2026-09-28T22:10:50.369924+09:00,2026-09-28T22:10:50.461122+09:00,rail-left-01,rail-right-01,0.6.7-draft,0.6.7-draft,mqtt,mqtt,966.22,800.36,6.607,6.356,-0.044,-0.017,0.091,-0.335,10.315,9.598,-0.0667,0.0305,0.0437,0.0606,-0.0116,-0.0081,25.06,25.07,16777,18246,2.097,2.281,6.291,6.842,463,463,47,47,13,12,0,0,,,,,,,,,,,,,,,,,0,0,0,0
2026-09-28T22:10:50.389860+09:00,77273686,e5477175,2026-09-28T22:10:50.389860+09:00,2026-09-28T22:10:50.481058+09:00,rail-left-01,rail-right-01,0.6.7-draft,0.6.7-draft,mqtt,mqtt,967.37,801.31,6.603,6.375,0.036,0.051,-0.069,-0.287,10.491,9.695,-0.0616,0.0333,0.0376,0.0576,-0.0085,-0.0039,25.07,25.05,16768,18289,2.096,2.286,6.288,6.858,464,464,47,47,13,12,0,0,,,,,,,,,,,,,,,,,0,0,0,0
2026-09-28T22:10:50.409903+09:00,77293729,e5477175,2026-09-28T22:10:50.409903+09:00,2026-09-28T22:10:50.501101+09:00,rail-left-01,rail-right-01,0.6.7-draft,0.6.7-draft,mqtt,mqtt,968.51,802.25,6.596,6.384,0.019,-0.012,0.273,-0.28,10.675,9.756,-0.065,0.0324,0.0376,0.0542,-0.0072,-0.0043,25.05,25.09,16751,18309,2.094,2.289,6.282,6.866,465,465,47,47,13,12,0,0,,,,,,,,,,,,,,,,,0,0,0,0
2026-09-28T22:10:50.429864+09:00,77313690,e5477175,2026-09-28T22:10:50.429864+09:00,2026-09-28T22:10:50.521062+09:00,rail-left-01,rail-right-01,0.6.7-draft,0.6.7-draft,mqtt,mqtt,969.66,803.2,6.61,6.39,-0.103,-0.048,0.044,-0.2,10.514,9.752,-0.0646,0.0314,0.0401,0.0565,-0.0069,-0.0073,25.07,25.08,16785,18322,2.098,2.29,6.294,6.871,466,466,47,47,13,12,0,0,,,,,,,,,,,,,,,,,0,0,0,0
2026-09-28T22:10:50.449999+09:00,77333825,e5477175,2026-09-28T22:10:50.449999+09:00,2026-09-28T22:10:50.541197+09:00,rail-left-01,rail-right-01,0.6.7-draft,0.6.7-draft,mqtt,mqtt,970.8,804.14,6.613,6.401,0.139,0.193,-0.034,-0.329,10.361,9.641,-0.0626,0.0325,0.0462,0.0618,-0.0101,-0.0092,25.04,25.09,16792,18346,2.099,2.293,6.297,6.88,467,467,47,47,13,12,0,0,,,,,,,,,,,,,,,,,0,0,0,0
2026-09-28T22:10:50.469970+09:00,77353796,e5477175,2026-09-28T22:10:50.469970+09:00,2026-09-28T22:10:50.561168+09:00,rail-left-01,rail-right-01,0.6.7-draft,0.6.7-draft,mqtt,mqtt,971.89,805.09,6.597,6.423,-0.213,-0.068,0.205,-0.198,10.628,9.668,-0.0675,0.0336,0.0358,0.0505,-0.0039,0.0015,25.09,25.1,16752,18394,2.094,2.299,6.282,6.898,468,468,47,47,13,12,0,0,,,,,,,,,,,,,,,,,0,0,0,0
2026-09-28T22:10:50.489967+09:00,77373793,e5477175,2026-09-28T22:10:50.489967+09:00,2026-09-28T22:10:50.581165+09:00,rail-left-01,rail-right-01,0.6.7-draft,0.6.7-draft,mqtt,mqtt,973.04,806.03,6.617,6.428,0.116,0.142,0.062,-0.375,10.436,9.594,-0.0686,0.0285,0.0388,0.0568,-0.0073,-0.008,25.07,25.09,16803,18406,2.1,2.301,6.301,6.902,469,469,47,47,13,12,0,0,,,,,,,,,,,,,,,,,0,0,0,0
2026-09-28T22:10:50.510081+09:00,77393907,e5477175,2026-09-28T22:10:50.510081+09:00,2026-09-28T22:10:50.601279+09:00,rail-left-01,rail-right-01,0.6.7-draft,0.6.7-draft,mqtt,mqtt,974.18,807.03,6.62,6.423,-0.066,-0.056,-0.01,-0.23,10.378,9.844,-0.0697,0.0332,0.0406,0.0544,-0.0043,-0.0039,25.07,25.11,16809,18395,2.101,2.299,6.303,6.898,470,470,47,47,13,12,0,0,,,,,,,,,,,,,,,,,0,0,0,0
2026-09-28T22:10:50.651660+09:00,77580462,e5477175,2026-09-28T22:10:50.651660+09:00,2026-09-28T22:10:50.730510+09:00,rail-left-01,rail-right-01,0.6.7-draft,0.6.7-draft,mqtt,mqtt,984.87,815.83,6.616,6.428,-0.077,-0.034,0.084,-0.333,10.477,9.699,-0.0678,0.0341,0.0365,0.056,-0.0065,-0.0015,25.07,25.07,16801,18405,2.1,2.301,6.3,6.902,471,471,48,48,13,12,0,0,,,,,,,,,,,,,,,,,0,0,0,0
2026-09-28T22:10:50.671964+09:00,77600766,e5477175,2026-09-28T22:10:50.671964+09:00,2026-09-28T22:10:50.750813+09:00,rail-left-01,rail-right-01,0.6.7-draft,0.6.7-draft,mqtt,mqtt,986.01,816.77,7.174,6.517,-0.002,0.012,-0.079,-0.389,10.368,9.835,-0.0626,0.029,0.0416,0.0566,-0.0031,-0.0033,25.06,25.05,18188,18602,2.274,2.325,6.821,6.976,472,472,48,48,13,12,0,0,,,,,,,,,,,,,,,,,0,0,0,0
2026-09-28T22:10:50.691796+09:00,77620598,e5477175,2026-09-28T22:10:50.691796+09:00,2026-09-28T22:10:50.770646+09:00,rail-left-01,rail-right-01,0.6.7-draft,0.6.7-draft,mqtt,mqtt,987.16,817.72,7.342,6.562,0.113,0.083,0.121,-0.013,10.517,9.703,-0.0693,0.0324,0.0386,0.0518,-0.0005,0.0024,25.06,25.09,18607,18704,2.326,2.338,6.978,7.014,473,473,48,48,13,12,0,0,,,,,,,,,,,,,,,,,0,0,0,0
2026-09-28T22:10:50.711771+09:00,77640573,e5477175,2026-09-28T22:10:50.711771+09:00,2026-09-28T22:10:50.790620+09:00,rail-left-01,rail-right-01,0.6.7-draft,0.6.7-draft,mqtt,mqtt,988.25,818.66,7.539,6.607,0.059,0.048,0.075,-0.324,10.445,9.82,-0.0644,0.0297,0.0409,0.0577,-0.0105,-0.0088,25.07,25.07,19097,18803,2.387,2.35,7.161,7.051,474,474,48,48,13,12,0,0,,,,,,,,,,,,,,,,,0,0,0,0
2026-09-28T22:10:50.732176+09:00,77660978,e5477175,2026-09-28T22:10:50.732176+09:00,2026-09-28T22:10:50.811026+09:00,rail-left-01,rail-right-01,0.6.7-draft,0.6.7-draft,mqtt,mqtt,989.44,819.61,7.713,6.68,0.005,0.019,-0.107,-0.198,10.3,9.686,-0.0661,0.035,0.0432,0.0592,-0.0051,-0.0025,25.07,25.08,19530,18964,2.441,2.371,7.324,7.112,475,475,48,48,13,12,0,0,,,,,,,,,,,,,,,,,0,0,0,0
2026-09-28T22:10:50.752126+09:00,77680928,e5477175,2026-09-28T22:10:50.752126+09:00,2026-09-28T22:10:50.830976+09:00,rail-left-01,rail-right-01,0.6.7-draft,0.6.7-draft,mqtt,mqtt,990.59,820.55,7.847,6.776,-0.016,0.098,0.108,-0.194,10.43,9.783,-0.0628,0.0353,0.0374,0.0505,-0.004,0.0008,25.05,25.07,19864,19178,2.483,2.397,7.449,7.192,476,476,48,48,13,12,0,0,,,,,,,,,,,,,,,,,0,0,0,0
2026-09-28T22:10:50.771683+09:00,77700485,e5477175,2026-09-28T22:10:50.771683+09:00,2026-09-28T22:10:50.850533+09:00,rail-left-01,rail-right-01,0.6.7-draft,0.6.7-draft,mqtt,mqtt,991.68,821.49,7.913,6.854,0.013,0.069,-0.089,-0.285,10.341,9.783,-0.0604,0.0341,0.0422,0.0588,-0.0085,-0.0095,25.08,25.08,20030,19351,2.504,2.419,7.511,7.257,477,477,48,48,13,12,0,0,,,,,,,,,,,,,,,,,0,0,0,0
2026-09-28T22:10:50.791795+09:00,77720597,e5477175,2026-09-28T22:10:50.791795+09:00,2026-09-28T22:10:50.870644+09:00,rail-left-01,rail-right-01,0.6.7-draft,0.6.7-draft,mqtt,mqtt,992.82,822.44,7.943,6.994,0.008,0.067,0.062,-0.145,10.503,9.661,-0.0671,0.0314,0.0404,0.0548,-0.0016,-0.0021,25.06,25.07,20103,19661,2.513,2.458,7.539,7.373,478,478,48,48,13,12,0,0,,,,,,,,,,,,,,,,,0,0,0,0
2026-09-28T22:10:50.811751+09:00,77740553,e5477175,2026-09-28T22:10:50.811751+09:00,2026-09-28T22:10:50.890600+09:00,rail-left-01,rail-right-01,0.6.7-draft,0.6.7-draft,mqtt,mqtt,993.97,823.38,7.895,7.138,-0.005,0.03,0.204,-0.193,10.349,9.747,-0.064,0.0305,0.0366,0.0561,-0.0065,-0.0044,25.08,25.08,19983,19981,2.498,2.498,7.494,7.493,479,479,48,48,13,12,0,0,,,,,,,,,,,,,,,,,0,0,0,0
2026-09-28T22:10:50.831805+09:00,77760607,e5477175,2026-09-28T22:10:50.831805+09:00,2026-09-28T22:10:50.910654+09:00,rail-left-01,rail-right-01,0.6.7-draft,0.6.7-draft,mqtt,mqtt,995.16,824.33,7.779,7.267,-0.047,-0.042,0.114,-0.323,10.405,9.616,-0.061,0.0326,0.0429,0.0614,-0.0107,-0.0075,25.07,25.1,19694,20267,2.462,2.533,7.385,7.6,480,480,48,48,13,12,0,0,,,,,,,,,,,,,,,,,0,0,0,0
2026-09-28T22:10:51.007878+09:00,77890441,e5477175,2026-09-28T22:10:51.007878+09:00,2026-09-28T22:10:51.090449+09:00,rail-left-01,rail-right-01,0.6.7-draft,0.6.7-draft,mqtt,mqtt,1002.57,830.49,7.696,7.317,0.043,0.063,0.073,-0.163,10.526,9.875,-0.0641,0.0296,0.0394,0.0605,-0.0101,-0.0096,25.06,25.1,19489,20378,2.436,2.547,7.308,7.642,481,481,49,49,13,12,0,0,,,,,,,,,,,,,,,,,0,0,0,0
2026-09-28T22:10:51.027994+09:00,77910557,e5477175,2026-09-28T22:10:51.027994+09:00,2026-09-28T22:10:51.110565+09:00,rail-left-01,rail-right-01,0.6.7-draft,0.6.7-draft,mqtt,mqtt,1003.76,831.44,6.809,6.959,-0.063,0.004,0.059,-0.255,10.457,9.774,-0.0648,0.0277,0.0378,0.0568,-0.0092,-0.0064,25.08,25.07,17281,19583,2.16,2.448,6.48,7.344,482,482,49,49,13,12,0,0,,,,,,,,,,,,,,,,,0,0,0,0
2026-09-28T22:10:51.047923+09:00,77930486,e5477175,2026-09-28T22:10:51.047923+09:00,2026-09-28T22:10:51.130494+09:00,rail-left-01,rail-right-01,0.6.7-draft,0.6.7-draft,mqtt,mqtt,1004.91,832.38,6.747,6.8,0.08,0.086,-0.093,-0.439,10.391,9.565,-0.0617,0.0312,0.0409,0.0578,-0.0076,-0.0052,25.06,25.08,17127,19231,2.141,2.404,6.423,7.212,483,483,49,49,13,12,0,0,,,,,,,,,,,,,,,,,0,0,0,0
2026-09-28T22:10:51.068020+09:00,77950584,e5477175,2026-09-28T22:10:51.068020+09:00,2026-09-28T22:10:51.150592+09:00,rail-left-01,rail-right-01,0.6.7-draft,0.6.7-draft,mqtt,mqtt,1006.05,833.33,6.702,6.666,-0.038,0.047,0.066,-0.229,10.102,9.61,-0.0661,0.032,0.0396,0.0584,-0.0075,-0.0073,25.06,25.09,17015,18933,2.127,2.367,6.381,7.1,484,484,49,49,13,12,0,0,,,,,,,,,,,,,,,,,0,0,0,0
2026-09-28T22:10:51.088214+09:00,77970777,e5477175,2026-09-28T22:10:51.088214+09:00,2026-09-28T22:10:51.170785+09:00,rail-left-01,rail-right-01,0.6.7-draft,0.6.7-draft,mqtt,mqtt,1007.19,834.27,6.663,6.555,-0.089,-0.032,0.072,-0.423,10.55,9.703,-0.0628,0.03,0.0422,0.0584,-0.0083,-0.0031,25.08,25.07,16916,18688,2.115,2.336,6.344,7.008,485,485,49,49,13,12,0,0,,,,,,,,,,,,,,,,,0,0,0,0
2026-09-28T22:10:51.108195+09:00,77990758,e5477175,2026-09-28T22:10:51.108195+09:00,2026-09-28T22:10:51.190766+09:00,rail-left-01,rail-right-01,0.6.7-draft,0.6.7-draft,mqtt,mqtt,1008.34,835.22,6.643,6.486,0.043,0.03,0.187,-0.084,10.341,9.724,-0.0658,0.0304,0.0416,0.0585,-0.0124,-0.0101,25.07,25.06,16867,18534,2.108,2.317,6.325,6.95,486,486,49,49,13,12,0,0,,,,,,,,,,,,,,,,,0,0,0,0
2026-09-28T22:10:51.127940+09:00,78010503,e5477175,2026-09-28T22:10:51.127940+09:00,2026-09-28T22:10:51.210511+09:00,rail-left-01,rail-right-01,0.6.7-draft,0.6.7-draft,mqtt,mqtt,1009.48,836.16,6.621,6.461,-0.055,-0.065,0.256,-0.22,10.539,9.712,-0.0637,0.0322,0.0442,0.0589,-0.0084,-0.0053,25.05,25.07,16812,18479,2.102,2.31,6.305,6.93,487,487,49,49,13,12,0,0,,,,,,,,,,,,,,,,,0,0,0,0
2026-09-28T22:10:51.148049+09:00,78030612,e5477175,2026-09-28T22:10:51.148049+09:00,2026-09-28T22:10:51.230620+09:00,rail-left-01,rail-right-01,0.6.7-draft,0.6.7-draft,mqtt,mqtt,1010.67,837.11,6.597,6.439,-0.004,-0.068,-0.054,-0.352,10.545,9.656,-0.0674,0.0274,0.0384,0.0557,-0.0103,-0.0081,25.06,25.09,16753,18429,2.094,2.304,6.282,6.911,488,488,49,49,13,12,0,0,,,,,,,,,,,,,,,,,0,0,0,0
2026-09-28T22:10:51.167918+09:00,78050481,e5477175,2026-09-28T22:10:51.167918+09:00,2026-09-28T22:10:51.250489+09:00,rail-left-01,rail-right-01,0.6.7-draft,0.6.7-draft,mqtt,mqtt,1011.82,838.05,6.586,6.411,0.022,0.044,0.068,-0.409,10.623,9.847,-0.0686,0.0274,0.0337,0.0505,-0.0076,-0.008,25.08,25.07,16726,18367,2.091,2.296,6.272,6.888,489,489,49,49,13,12,0,0,,,,,,,,,,,,,,,,,0,0,0,0
2026-09-28T22:10:51.188167+09:00,78070730,e5477175,2026-09-28T22:10:51.188167+09:00,2026-09-28T22:10:51.270738+09:00,rail-left-01,rail-right-01,0.6.7-draft,0.6.7-draft,mqtt,mqtt,1012.96,839,6.598,6.371,-0.083,-0.072,0.092,-0.114,10.509,9.621,-0.0667,0.0238,0.0342,0.051,-0.0085,-0.0067,25.07,25.05,16755,18279,2.094,2.285,6.283,6.855,490,490,49,49,13,12,0,0,,,,,,,,,,,,,,,,,0,0,0,0
2026-09-28T22:10:51.325429+09:00,78250419,e5477175,2026-09-28T22:10:51.325429+09:00,2026-09-28T22:10:51.421941+09:00,rail-left-01,rail-right-01,0.6.7-draft,0.6.7-draft,mqtt,mqtt,1023.3,847.5,6.592,6.351,0.151,0.097,-0.156,-0.306,10.375,9.689,-0.0641,0.0342,0.0404,0.055,-0.0113,-0.0092,25.07,25.08,16740,18235,2.093,2.279,6.278,6.838,491,491,50,50,13,12,0,0,,,,,,,,,,,,,,,,,0,0,0,0
2026-09-28T22:10:51.345555+09:00,78270545,e5477175,2026-09-28T22:10:51.345555+09:00,2026-09-28T22:10:51.442067+09:00,rail-left-01,rail-right-01,0.6.7-draft,0.6.7-draft,mqtt,mqtt,1024.44,848.44,6.547,6.286,-0.139,-0.098,0.087,-0.275,10.469,9.677,-0.0633,0.0298,0.0414,0.0541,-0.0057,-0.0072,25.07,25.08,16629,18090,2.079,2.261,6.236,6.784,492,492,50,50,13,12,0,0,,,,,,,,,,,,,,,,,0,0,0,0
2026-09-28T22:10:51.365483+09:00,78290473,e5477175,2026-09-28T22:10:51.365483+09:00,2026-09-28T22:10:51.461995+09:00,rail-left-01,rail-right-01,0.6.7-draft,0.6.7-draft,mqtt,mqtt,1025.59,849.39,6.523,6.279,-0.011,0.066,0.247,-0.079,10.811,9.784,-0.0654,0.0333,0.0378,0.049,-0.0064,-0.0053,25.05,25.06,16569,18074,2.071,2.259,6.213,6.778,493,493,50,50,13,12,0,0,,,,,,,,,,,,,,,,,0,0,0,0
2026-09-28T22:10:51.385597+09:00,78310587,e5477175,2026-09-28T22:10:51.385597+09:00,2026-09-28T22:10:51.482109+09:00,rail-left-01,rail-right-01,0.6.7-draft,0.6.7-draft,mqtt,mqtt,1026.73,850.33,6.522,6.279,-0.034,0.006,0.044,-0.323,10.27,9.736,-0.0634,0.0352,0.0416,0.0556,-0.0056,-0.006,25.07,25.07,16567,18074,2.071,2.259,6.213,6.778,494,494,50,50,13,12,0,0,,,,,,,,,,,,,,,,,0,0,0,0
2026-09-28T22:10:51.405475+09:00,78330465,e5477175,2026-09-28T22:10:51.405475+09:00,2026-09-28T22:10:51.501987+09:00,rail-left-01,rail-right-01,0.6.7-draft,0.6.7-draft,mqtt,mqtt,1027.88,851.28,6.508,6.271,0.035,0.069,-0.059,-0.237,10.567,9.82,-0.0652,0.0325,0.0398,0.0568,-0.0068,-0.006,25.06,25.07,16532,18057,2.067,2.257,6.2,6.771,495,495,50,50,13,12,0,0,,,,,,,,,,,,,,,,,0,0,0,0
2026-09-28T22:10:51.425866+09:00,78350856,e5477175,2026-09-28T22:10:51.425866+09:00,2026-09-28T22:10:51.522378+09:00,rail-left-01,rail-right-01,0.6.7-draft,0.6.7-draft,mqtt,mqtt,1029.02,852.27,6.488,6.257,0.073,0.084,-0.063,-0.211,10.427,9.959,-0.0602,0.0325,0.0406,0.0581,-0.0083,-0.0091,25.07,25.06,16481,18027,2.06,2.253,6.18,6.76,496,496,50,50,13,12,0,0,,,,,,,,,,,,,,,,,0,0,0,0
2026-09-28T22:10:51.445587+09:00,78370577,e5477175,2026-09-28T22:10:51.445587+09:00,2026-09-28T22:10:51.542099+09:00,rail-left-01,rail-right-01,0.6.7-draft,0.6.7-draft,mqtt,mqtt,1030.16,853.22,6.471,6.258,0.006,0.038,0.051,-0.294,10.524,9.657,-0.0622,0.0334,0.0429,0.0584,-0.0088,-0.004,25.06,25.09,16438,18029,2.055,2.254,6.164,6.761,497,497,50,50,13,12,0,0,,,,,,,,,,,,,,,,,0,0,0,0
2026-09-28T22:10:51.465603+09:00,78390593,e5477175,2026-09-28T22:10:51.465603+09:00,2026-09-28T22:10:51.562115+09:00,rail-left-01,rail-right-01,0.6.7-draft,0.6.7-draft,mqtt,mqtt,1031.31,854.16,6.426,6.25,-0.126,-0.095,0.17,-0.164,10.859,9.564,-0.062,0.0336,0.0413,0.0549,-0.0087,-0.0064,25.07,25.07,16328,18010,2.041,2.251,6.123,6.754,498,498,50,50,13,12,0,0,,,,,,,,,,,,,,,,,0,0,0,0
2026-09-28T22:10:51.485576+09:00,78410566,e5477175,2026-09-28T22:10:51.485576+09:00,2026-09-28T22:10:51.582088+09:00,rail-left-01,rail-right-01,0.6.7-draft,0.6.7-draft,mqtt,mqtt,1032.45,855.1,6.44,6.23,-0.011,-0.022,-0.11,-0.198,10.714,9.816,-0.0718,0.035,0.03,0.0518,-0.0121,-0.0109,25.07,25.05,16361,17967,2.045,2.246,6.135,6.738,499,499,50,50,13,12,0,0,,,,,,,,,,,,,,,,,0,0,0,0
2026-09-28T22:10:51.505607+09:00,78430597,e5477175,2026-09-28T22:10:51.505607+09:00,2026-09-28T22:10:51.602119+09:00,rail-left-01,rail-right-01,0.6.7-draft,0.6.7-draft,mqtt,mqtt,1033.59,856.05,6.456,6.202,0.135,0.103,0.133,-0.229,10.453,9.991,-0.0685,0.0376,0.0298,0.0492,-0.0085,-0.0056,25.07,25.09,16401,17904,2.05,2.238,6.15,6.714,500,500,50,50,13,12,0,0,,,,,,,,,,,,,,,,,0,0,0,0
2026-09-28T22:10:51.698161+09:00,78580451,e5477175,2026-09-28T22:10:51.698161+09:00,2026-09-28T22:10:51.793130+09:00,rail-left-01,rail-right-01,0.6.7-draft,0.6.7-draft,mqtt,mqtt,1042.19,863.16,6.461,6.185,0,-0.01,0.242,-0.347,10.348,9.81,-0.0707,0.0365,0.0404,0.0553,-0.0072,-0.0015,25.06,25.07,16414,17866,2.052,2.233,6.155,6.7,501,501,51,51,13,12,0,0,,,,,,,,,,,,,,,,,0,0,0,0
2026-09-28T22:10:51.718429+09:00,78600719,e5477175,2026-09-28T22:10:51.718429+09:00,2026-09-28T22:10:51.813398+09:00,rail-left-01,rail-right-01,0.6.7-draft,0.6.7-draft,mqtt,mqtt,1043.34,864.1,6.348,6.184,0.001,-0.004,0.139,-0.294,10.491,9.564,-0.0699,0.0297,0.0416,0.0546,-0.0093,-0.0084,25.07,25.08,16132,17864,2.016,2.233,6.049,6.699,502,502,51,51,13,12,0,0,,,,,,,,,,,,,,,,,0,0,0,0
2026-09-28T22:10:51.738270+09:00,78620560,e5477175,2026-09-28T22:10:51.738270+09:00,2026-09-28T22:10:51.833239+09:00,rail-left-01,rail-right-01,0.6.7-draft,0.6.7-draft,mqtt,mqtt,1044.48,865.05,6.358,6.168,0.01,0.092,-0.146,-0.055,10.409,9.722,-0.0572,0.0313,0.0324,0.0534,-0.0104,-0.0103,25.05,25.07,16159,17829,2.02,2.229,6.06,6.686,503,503,51,51,13,12,0,0,,,,,,,,,,,,,,,,,0,0,0,0
2026-09-28T22:10:51.758203+09:00,78640493,e5477175,2026-09-28T22:10:51.758203+09:00,2026-09-28T22:10:51.853172+09:00,rail-left-01,rail-right-01,0.6.7-draft,0.6.7-draft,mqtt,mqtt,1045.62,865.99,6.393,6.158,0.043,0.134,-0.164,-0.194,10.409,9.941,-0.0628,0.0318,0.031,0.052,-0.0067,-0.0049,25.08,25.06,16246,17806,2.031,2.226,6.092,6.677,504,504,51,51,13,12,0,0,,,,,,,,,,,,,,,,,0,0,0,0
2026-09-28T22:10:51.778591+09:00,78660881,e5477175,2026-09-28T22:10:51.778591+09:00,2026-09-28T22:10:51.873560+09:00,rail-left-01,rail-right-01,0.6.7-draft,0.6.7-draft,mqtt,mqtt,1046.82,866.94,6.416,6.162,-0.001,-0.001,0.183,-0.335,10.494,9.942,-0.0648,0.0316,0.039,0.0565,-0.0073,-0.0052,25.07,25.08,16303,17815,2.038,2.227,6.114,6.681,505,505,51,51,13,12,0,0,,,,,,,,,,,,,,,,,0,0,0,0
2026-09-28T22:10:51.798588+09:00,78680877,e5477175,2026-09-28T22:10:51.798588+09:00,2026-09-28T22:10:51.893556+09:00,rail-left-01,rail-right-01,0.6.7-draft,0.6.7-draft,mqtt,mqtt,1047.96,867.88,6.409,6.165,-0.044,-0.068,0.132,-0.231,10.649,9.736,-0.0654,0.0321,0.0388,0.0556,-0.0085,-0.0064,25.06,25.08,16284,17821,2.036,2.228,6.107,6.683,506,506,51,51,13,12,0,0,,,,,,,,,,,,,,,,,0,0,0,0
2026-09-28T22:10:51.818177+09:00,78700466,e5477175,2026-09-28T22:10:51.818177+09:00,2026-09-28T22:10:51.913145+09:00,rail-left-01,rail-right-01,0.6.7-draft,0.6.7-draft,mqtt,mqtt,1049.11,868.83,6.428,6.165,-0.17,-0.154,0.269,-0.275,10.693,9.828,-0.0721,0.0322,0.0392,0.0486,-0.0036,-0.0032,25.09,25.07,16332,17821,2.042,2.228,6.125,6.683,507,507,51,51,13,12,0,0,,,,,,,,,,,,,,,,,0,0,0,0
2026-09-28T22:10:51.838278+09:00,78720568,e5477175,2026-09-28T22:10:51.838278+09:00,2026-09-28T22:10:51.933247+09:00,rail-left-01,rail-right-01,0.6.7-draft,0.6.7-draft,mqtt,mqtt,1050.25,869.77,6.474,6.182,0.098,0.157,-0.054,-0.196,10.228,9.837,-0.0697,0.0326,0.0392,0.0504,-0.0101,-0.0097,25.07,25.07,16447,17860,2.056,2.233,6.168,6.698,508,508,51,51,13,12,0,0,,,,,,,,,,,,,,,,,0,0,0,0
2026-09-28T22:10:51.858212+09:00,78740501,e5477175,2026-09-28T22:10:51.858212+09:00,2026-09-28T22:10:51.953180+09:00,rail-left-01,rail-right-01,0.6.7-draft,0.6.7-draft,mqtt,mqtt,1051.39,870.72,6.498,6.198,-0.071,0.074,-0.025,-0.298,10.38,9.537,-0.0671,0.0373,0.0406,0.0492,-0.0044,-0.0045,25.08,25.07,16506,17895,2.063,2.237,6.19,6.711,509,509,51,51,13,12,0,0,,,,,,,,,,,,,,,,,0,0,0,0
2026-09-28T22:10:51.878264+09:00,78760553,e5477175,2026-09-28T22:10:51.878264+09:00,2026-09-28T22:10:51.973232+09:00,rail-left-01,rail-right-01,0.6.7-draft,0.6.7-draft,mqtt,mqtt,1052.54,871.66,6.488,6.198,0.017,0.069,0.066,-0.28,10.523,9.73,-0.0671,0.0308,0.0441,0.0581,-0.0081,-0.0093,25.09,25.09,16482,17895,2.06,2.237,6.181,6.711,510,510,51,51,13,12,0,0,,,,,,,,,,,,,,,,,0,0,0,0
2026-09-28T22:10:52.070789+09:00,78954400,e5477175,2026-09-28T22:10:52.070789+09:00,2026-09-28T22:10:52.116698+09:00,rail-left-01,rail-right-01,0.6.7-draft,0.6.7-draft,mqtt,mqtt,1063.67,880.81,6.477,6.204,0.105,0.091,-0.053,-0.004,10.387,9.698,-0.0582,0.0333,0.0274,0.0492,-0.0057,-0.0044,25.06,25.08,16455,17909,2.057,2.239,6.171,6.716,511,511,52,52,13,12,0,0,,,,,,,,,,,,,,,,,0,0,0,0
2026-09-28T22:10:52.090893+09:00,78974504,e5477175,2026-09-28T22:10:52.090893+09:00,2026-09-28T22:10:52.136802+09:00,rail-left-01,rail-right-01,0.6.7-draft,0.6.7-draft,mqtt,mqtt,1064.82,881.75,6.614,6.214,0.008,-0.008,0.332,-0.151,10.374,9.683,-0.0613,0.0361,0.0334,0.0506,-0.0099,-0.0061,25.06,25.09,16794,17930,2.099,2.241,6.298,6.724,512,512,52,52,13,12,0,0,,,,,,,,,,,,,,,,,0,0,0,0
2026-09-28T22:10:52.110836+09:00,78994448,e5477175,2026-09-28T22:10:52.110836+09:00,2026-09-28T22:10:52.156745+09:00,rail-left-01,rail-right-01,0.6.7-draft,0.6.7-draft,mqtt,mqtt,1065.96,882.7,6.657,6.222,-0.048,0.031,-0.014,-0.352,10.379,9.623,-0.061,0.0337,0.039,0.0557,-0.0112,-0.0092,25.04,25.07,16902,17949,2.113,2.244,6.338,6.731,513,513,52,52,13,12,0,0,,,,,,,,,,,,,,,,,0,0,0,0
2026-09-28T22:10:52.130937+09:00,79014548,e5477175,2026-09-28T22:10:52.130937+09:00,2026-09-28T22:10:52.176846+09:00,rail-left-01,rail-right-01,0.6.7-draft,0.6.7-draft,mqtt,mqtt,1067.1,883.64,6.678,6.232,-0.017,0.085,-0.113,-0.297,10.423,9.662,-0.0645,0.0322,0.037,0.0536,-0.0076,-0.0059,25.07,25.07,16955,17971,2.119,2.246,6.358,6.739,514,514,52,52,13,12,0,0,,,,,,,,,,,,,,,,,0,0,0,0
2026-09-28T22:10:52.150803+09:00,79034415,e5477175,2026-09-28T22:10:52.150803+09:00,2026-09-28T22:10:52.196712+09:00,rail-left-01,rail-right-01,0.6.7-draft,0.6.7-draft,mqtt,mqtt,1068.25,884.59,6.69,6.241,0.028,0.05,0.121,-0.164,10.398,9.743,-0.0613,0.0349,0.0406,0.058,-0.0112,-0.0079,25.07,25.06,16985,17991,2.123,2.249,6.369,6.747,515,515,52,52,13,12,0,0,,,,,,,,,,,,,,,,,0,0,0,0
2026-09-28T22:10:52.170892+09:00,79054503,e5477175,2026-09-28T22:10:52.170892+09:00,2026-09-28T22:10:52.216801+09:00,rail-left-01,rail-right-01,0.6.7-draft,0.6.7-draft,mqtt,mqtt,1069.39,885.53,6.696,6.259,-0.024,-0.041,0.028,-0.225,10.539,9.629,-0.0612,0.0321,0.0373,0.0525,-0.0112,-0.0071,25.07,25.07,17000,18031,2.125,2.254,6.375,6.762,516,516,52,52,13,12,0,0,,,,,,,,,,,,,,,,,0,0,0,0
2026-09-28T22:10:52.190969+09:00,79074580,e5477175,2026-09-28T22:10:52.190969+09:00,2026-09-28T22:10:52.236877+09:00,rail-left-01,rail-right-01,0.6.7-draft,0.6.7-draft,mqtt,mqtt,1070.53,886.48,6.715,6.265,0.063,0.095,0.025,-0.291,10.376,9.77,-0.0624,0.0346,0.0381,0.059,-0.0099,-0.0084,25.05,25.07,17046,18043,2.131,2.255,6.392,6.766,517,517,52,52,13,12,0,0,,,,,,,,,,,,,,,,,0,0,0,0
2026-09-28T22:10:52.210927+09:00,79094538,e5477175,2026-09-28T22:10:52.210927+09:00,2026-09-28T22:10:52.256835+09:00,rail-left-01,rail-right-01,0.6.7-draft,0.6.7-draft,mqtt,mqtt,1071.68,887.42,6.718,6.278,0.057,0.08,-0.147,-0.215,10.451,9.762,-0.0641,0.0346,0.038,0.0557,-0.0083,-0.0044,25.06,25.07,17055,18072,2.132,2.259,6.396,6.777,518,518,52,52,13,12,0,0,,,,,,,,,,,,,,,,,0,0,0,0
2026-09-28T22:10:52.230880+09:00,79114491,e5477175,2026-09-28T22:10:52.230880+09:00,2026-09-28T22:10:52.276788+09:00,rail-left-01,rail-right-01,0.6.7-draft,0.6.7-draft,mqtt,mqtt,1072.82,888.32,6.719,6.288,-0.059,-0.004,0.057,-0.279,10.409,9.637,-0.0669,0.0333,0.0421,0.0586,-0.0109,-0.0079,25.07,25.08,17057,18096,2.132,2.262,6.396,6.786,519,519,52,52,13,12,0,0,,,,,,,,,,,,,,,,,0,0,0,0
2026-09-28T22:10:52.251482+09:00,79135093,e5477175,2026-09-28T22:10:52.251482+09:00,2026-09-28T22:10:52.297390+09:00,rail-left-01,rail-right-01,0.6.7-draft,0.6.7-draft,mqtt,mqtt,1073.96,889.31,6.708,6.297,-0.011,0.066,0.062,-0.387,10.382,9.607,-0.0653,0.036,0.0408,0.0593,-0.0084,-0.0067,25.08,25.07,17028,18116,2.128,2.265,6.385,6.794,520,520,52,52,13,12,0,0,,,,,,,,,,,,,,,,,0,0,0,0
2026-09-28T22:10:52.501618+09:00,79276483,e5477175,2026-09-28T22:10:52.501618+09:00,2026-09-28T22:10:52.541352+09:00,rail-left-01,rail-right-01,0.6.7-draft,0.6.7-draft,mqtt,mqtt,1082.02,895.97,6.695,6.297,-0.105,-0.014,-0.102,-0.255,10.359,9.619,-0.0695,0.03,0.0364,0.055,-0.0115,-0.0095,25.08,25.09,16997,18114,2.125,2.264,6.374,6.793,521,521,53,53,13,12,0,0,,,,,,,,,,,,,,,,,0,0,0,0
2026-09-28T22:10:52.521724+09:00,79296589,e5477175,2026-09-28T22:10:52.521724+09:00,2026-09-28T22:10:52.561458+09:00,rail-left-01,rail-right-01,0.6.7-draft,0.6.7-draft,mqtt,mqtt,1083.16,896.97,6.67,6.328,0.11,0.146,0.017,-0.142,10.386,9.825,-0.0648,0.0349,0.0392,0.0573,-0.0071,-0.0052,25.07,25.11,16935,18183,2.117,2.273,6.351,6.819,522,522,53,53,13,12,0,0,,,,,,,,,,,,,,,,,0,0,0,0
2026-09-28T22:10:52.541626+09:00,79316491,e5477175,2026-09-28T22:10:52.541626+09:00,2026-09-28T22:10:52.581360+09:00,rail-left-01,rail-right-01,0.6.7-draft,0.6.7-draft,mqtt,mqtt,1084.31,897.86,6.66,6.339,-0.034,-0.022,0.044,-0.233,10.148,9.697,-0.0705,0.0321,0.04,0.0588,-0.0087,-0.0089,25.08,25.08,16909,18208,2.114,2.276,6.341,6.828,523,523,53,53,13,12,0,0,,,,,,,,,,,,,,,,,0,0,0,0
2026-09-28T22:10:52.561755+09:00,79336620,e5477175,2026-09-28T22:10:52.561755+09:00,2026-09-28T22:10:52.601489+09:00,rail-left-01,rail-right-01,0.6.7-draft,0.6.7-draft,mqtt,mqtt,1085.45,898.86,6.663,6.341,0.162,0.164,0.004,-0.245,10.457,9.582,-0.0703,0.034,0.0382,0.0548,-0.0085,-0.0071,25.07,25.07,16917,18212,2.115,2.277,6.344,6.83,524,524,53,53,13,12,0,0,,,,,,,,,,,,,,,,,0,0,0,0
2026-09-28T22:10:52.581902+09:00,79356767,e5477175,2026-09-28T22:10:52.581902+09:00,2026-09-28T22:10:52.621636+09:00,rail-left-01,rail-right-01,0.6.7-draft,0.6.7-draft,mqtt,mqtt,1086.59,899.8,6.663,6.335,-0.186,-0.145,0.093,-0.236,10.417,9.647,-0.0702,0.0301,0.0426,0.061,-0.0091,-0.0064,25.07,25.06,16916,18199,2.115,2.275,6.344,6.825,525,525,53,53,13,12,0,0,,,,,,,,,,,,,,,,,0,0,0,0
2026-09-28T22:10:52.601922+09:00,79376787,e5477175,2026-09-28T22:10:52.601922+09:00,2026-09-28T22:10:52.641656+09:00,rail-left-01,rail-right-01,0.6.7-draft,0.6.7-draft,mqtt,mqtt,1087.69,900.75,6.658,6.344,0.099,0.153,-0.063,-0.323,10.527,9.565,-0.0677,0.0294,0.0384,0.058,-0.0105,-0.0075,25.07,25.08,16905,18220,2.113,2.278,6.339,6.833,526,526,53,53,13,12,0,0,,,,,,,,,,,,,,,,,0,0,0,0
2026-09-28T22:10:52.621730+09:00,79396595,e5477175,2026-09-28T22:10:52.621730+09:00,2026-09-28T22:10:52.661464+09:00,rail-left-01,rail-right-01,0.6.7-draft,0.6.7-draft,mqtt,mqtt,1088.83,901.69,6.654,6.338,-0.049,-0.029,0.061,-0.312,10.461,9.868,-0.0705,0.0309,0.0404,0.0608,-0.0077,-0.0047,25.08,25.1,16894,18207,2.112,2.276,6.335,6.828,527,527,53,53,13,12,0,0,,,,,,,,,,,,,,,,,0,0,0,0
2026-09-28T22:10:52.641655+09:00,79416520,e5477175,2026-09-28T22:10:52.641655+09:00,2026-09-28T22:10:52.681389+09:00,rail-left-01,rail-right-01,0.6.7-draft,0.6.7-draft,mqtt,mqtt,1089.97,902.64,6.636,6.345,0.012,0.056,-0.006,-0.339,10.434,9.689,-0.0674,0.0297,0.0396,0.0566,-0.0097,-0.0075,25.08,25.09,16850,18222,2.106,2.278,6.319,6.833,528,528,53,53,13,12,0,0,,,,,,,,,,,,,,,,,0,0,0,0
2026-09-28T22:10:52.661772+09:00,79436637,e5477175,2026-09-28T22:10:52.661772+09:00,2026-09-28T22:10:52.701506+09:00,rail-left-01,rail-right-01,0.6.7-draft,0.6.7-draft,mqtt,mqtt,1091.07,903.58,6.624,6.333,-0.007,0.029,-0.006,-0.281,10.454,9.693,-0.0674,0.029,0.0392,0.0566,-0.0083,-0.0053,25.09,25.05,16819,18195,2.102,2.274,6.307,6.823,529,529,53,53,13,12,0,0,,,,,,,,,,,,,,,,,0,0,0,0
2026-09-28T22:10:52.681630+09:00,79456495,e5477175,2026-09-28T22:10:52.681630+09:00,2026-09-28T22:10:52.721364+09:00,rail-left-01,rail-right-01,0.6.7-draft,0.6.7-draft,mqtt,mqtt,1092.21,904.52,6.587,6.325,-0.014,0.012,0.17,-0.237,10.639,9.631,-0.0658,0.0288,0.0381,0.0553,-0.0073,-0.0056,25.05,25.06,16729,18178,2.091,2.272,6.273,6.817,530,530,53,53,13,12,0,0,,,,,,,,,,,,,,,,,0,0,0,0
2026-09-28T22:10:52.765815+09:00,79699457,e5477175,2026-09-28T22:10:52.765815+09:00,2026-09-28T22:10:52.934901+09:00,rail-left-01,rail-right-01,0.6.7-draft,0.6.7-draft,mqtt,mqtt,1105.93,916.06,6.593,6.325,-0.061,0.029,0.087,-0.251,10.648,9.703,-0.0653,0.0304,0.0396,0.0576,-0.0081,-0.0048,25.07,25.08,16743,18178,2.093,2.272,6.279,6.817,531,531,54,54,13,12,0,0,,,,,,,,,,,,,,,,,0,0,0,0
2026-09-28T22:10:52.785965+09:00,79719607,e5477175,2026-09-28T22:10:52.785965+09:00,2026-09-28T22:10:52.955051+09:00,rail-left-01,rail-right-01,0.6.7-draft,0.6.7-draft,mqtt,mqtt,1107.08,917,6.53,6.186,0.054,0.195,-0.066,-0.174,10.465,9.937,-0.0624,0.032,0.0368,0.0592,-0.0121,-0.0069,25.07,25.07,16587,17868,2.073,2.234,6.22,6.701,532,532,54,54,13,12,0,0,,,,,,,,,,,,,,,,,0,0,0,0
2026-09-28T22:10:52.805902+09:00,79739544,e5477175,2026-09-28T22:10:52.805902+09:00,2026-09-28T22:10:52.974988+09:00,rail-left-01,rail-right-01,0.6.7-draft,0.6.7-draft,mqtt,mqtt,1108.22,917.95,6.52,6.195,-0.116,-0.024,0.293,-0.211,10.309,9.815,-0.0652,0.0336,0.0378,0.0653,-0.01,-0.0031,25.07,25.06,16560,17888,2.07,2.236,6.21,6.708,533,533,54,54,13,12,0,0,,,,,,,,,,,,,,,,,0,0,0,0
2026-09-28T22:10:52.825880+09:00,79759522,e5477175,2026-09-28T22:10:52.825880+09:00,2026-09-28T22:10:52.994966+09:00,rail-left-01,rail-right-01,0.6.7-draft,0.6.7-draft,mqtt,mqtt,1109.36,918.94,6.501,6.203,-0.001,0.02,0.14,-0.336,10.489,9.997,-0.0601,0.0316,0.0324,0.058,-0.0099,-0.0021,25.08,25.09,16515,17907,2.064,2.238,6.193,6.715,534,534,54,54,13,12,0,0,,,,,,,,,,,,,,,,,0,0,0,0
2026-09-28T22:10:52.846094+09:00,79779736,e5477175,2026-09-28T22:10:52.846094+09:00,2026-09-28T22:10:53.015180+09:00,rail-left-01,rail-right-01,0.6.7-draft,0.6.7-draft,mqtt,mqtt,1110.51,919.89,6.496,6.225,0.162,0.158,-0.085,-0.287,10.477,9.622,-0.0638,0.0305,0.0422,0.0569,-0.0097,-0.006,25.07,25.09,16501,17955,2.063,2.244,6.188,6.733,535,535,54,54,13,12,0,0,,,,,,,,,,,,,,,,,0,0,0,0
2026-09-28T22:10:52.866140+09:00,79799782,e5477175,2026-09-28T22:10:52.866140+09:00,2026-09-28T22:10:53.035226+09:00,rail-left-01,rail-right-01,0.6.7-draft,0.6.7-draft,mqtt,mqtt,1111.65,920.83,6.493,6.237,-0.182,-0.049,-0.099,-0.371,10.491,9.744,-0.0641,0.0313,0.0376,0.0541,-0.0051,-0.0061,25.07,25.08,16494,17981,2.062,2.248,6.185,6.743,536,536,54,54,13,12,0,0,,,,,,,,,,,,,,,,,0,0,0,0
2026-09-28T22:10:52.885906+09:00,79819548,e5477175,2026-09-28T22:10:52.885906+09:00,2026-09-28T22:10:53.054992+09:00,rail-left-01,rail-right-01,0.6.7-draft,0.6.7-draft,mqtt,mqtt,1112.74,921.78,6.495,6.238,0.098,0.122,-0.018,-0.303,10.305,9.694,-0.0637,0.0329,0.0362,0.0566,-0.0105,-0.0077,25.09,25.09,16498,17983,2.062,2.248,6.187,6.744,537,537,54,54,13,12,0,0,,,,,,,,,,,,,,,,,0,0,0,0
2026-09-28T22:10:52.905868+09:00,79839510,e5477175,2026-09-28T22:10:52.905868+09:00,2026-09-28T22:10:53.074954+09:00,rail-left-01,rail-right-01,0.6.7-draft,0.6.7-draft,mqtt,mqtt,1113.89,922.72,6.486,6.206,-0.045,-0.037,-0.184,-0.359,10.416,9.601,-0.0686,0.0289,0.0352,0.0512,-0.0103,-0.0068,25.07,25.09,16477,17912,2.06,2.239,6.179,6.717,538,538,54,54,13,12,0,0,,,,,,,,,,,,,,,,,0,0,0,0
2026-09-28T22:10:52.925916+09:00,79859558,e5477175,2026-09-28T22:10:52.925916+09:00,2026-09-28T22:10:53.095002+09:00,rail-left-01,rail-right-01,0.6.7-draft,0.6.7-draft,mqtt,mqtt,1115.03,923.67,6.487,6.151,0.138,0.157,0.018,0,10.4,10.149,-0.0641,0.0338,0.0344,0.0552,-0.008,-0.0095,25.07,25.08,16480,17791,2.06,2.224,6.18,6.672,539,539,54,54,13,12,0,0,,,,,,,,,,,,,,,,,0,0,0,0
2026-09-28T22:10:52.946368+09:00,79880010,e5477175,2026-09-28T22:10:52.946368+09:00,2026-09-28T22:10:53.115454+09:00,rail-left-01,rail-right-01,0.6.7-draft,0.6.7-draft,mqtt,mqtt,1116.18,924.66,6.47,6.152,0.063,0.097,0.227,0.043,10.639,9.986,-0.0675,0.0369,0.0425,0.0578,-0.0117,-0.0092,25.05,25.09,16436,17794,2.055,2.224,6.164,6.673,540,540,54,54,13,12,0,0,,,,,,,,,,,,,,,,,0,0,0,0
2026-09-28T22:10:53.305511+09:00,80094397,e5477175,2026-09-28T22:10:53.305511+09:00,2026-09-28T22:10:53.464595+09:00,rail-left-01,rail-right-01,0.6.7-draft,0.6.7-draft,mqtt,mqtt,1128.36,934.85,6.465,6.152,-0.001,0.042,-0.049,-0.227,10.435,9.762,-0.0617,0.0324,0.0408,0.0556,-0.0119,-0.0087,25.09,25.08,16424,17794,2.053,2.224,6.159,6.673,541,541,55,55,13,12,0,0,,,,,,,,,,,,,,,,,0,0,0,0
2026-09-28T22:10:53.325628+09:00,80114514,e5477175,2026-09-28T22:10:53.325628+09:00,2026-09-28T22:10:53.484712+09:00,rail-left-01,rail-right-01,0.6.7-draft,0.6.7-draft,mqtt,mqtt,1129.5,935.85,6.521,6.055,0.036,0.163,-0.095,-0.23,10.46,9.834,-0.0655,0.0317,0.0348,0.052,-0.0079,-0.0091,25.06,25.09,16564,17578,2.071,2.197,6.212,6.592,542,542,55,55,13,12,0,0,,,,,,,,,,,,,,,,,0,0,0,0
2026-09-28T22:10:53.345627+09:00,80134513,e5477175,2026-09-28T22:10:53.345627+09:00,2026-09-28T22:10:53.504711+09:00,rail-left-01,rail-right-01,0.6.7-draft,0.6.7-draft,mqtt,mqtt,1130.64,936.79,6.537,6.073,0.053,0.022,0.122,-0.365,10.379,9.7,-0.0641,0.0322,0.0377,0.0592,-0.0087,-0.0076,25.05,25.11,16603,17618,2.075,2.202,6.226,6.607,543,543,55,55,13,12,0,0,,,,,,,,,,,,,,,,,0,0,0,0
2026-09-28T22:10:53.365575+09:00,80154461,e5477175,2026-09-28T22:10:53.365575+09:00,2026-09-28T22:10:53.524659+09:00,rail-left-01,rail-right-01,0.6.7-draft,0.6.7-draft,mqtt,mqtt,1131.79,937.74,6.526,6.076,-0.091,-0.069,0.065,-0.208,10.634,9.765,-0.0629,0.0334,0.038,0.0568,-0.0116,-0.0061,25.04,25.08,16576,17624,2.072,2.203,6.216,6.609,544,544,55,55,13,12,0,0,,,,,,,,,,,,,,,,,0,0,0,0
2026-09-28T22:10:53.385658+09:00,80174544,e5477175,2026-09-28T22:10:53.385658+09:00,2026-09-28T22:10:53.544742+09:00,rail-left-01,rail-right-01,0.6.7-draft,0.6.7-draft,mqtt,mqtt,1132.93,938.68,6.527,6.083,0.073,0.13,0.032,-0.251,10.459,9.686,-0.0657,0.0313,0.0374,0.0588,-0.008,-0.0108,25.07,25.09,16578,17641,2.072,2.205,6.217,6.615,545,545,55,55,13,12,0,0,,,,,,,,,,,,,,,,,0,0,0,0
2026-09-28T22:10:53.405848+09:00,80194734,e5477175,2026-09-28T22:10:53.405848+09:00,2026-09-28T22:10:53.564932+09:00,rail-left-01,rail-right-01,0.6.7-draft,0.6.7-draft,mqtt,mqtt,1134.07,939.68,6.529,6.098,-0.081,-0.024,0.051,-0.334,10.402,9.548,-0.061,0.0373,0.0444,0.062,-0.0091,-0.0064,25.05,25.07,16583,17674,2.073,2.209,6.219,6.628,546,546,55,55,13,12,0,0,,,,,,,,,,,,,,,,,0,0,0,0
2026-09-28T22:10:53.425682+09:00,80214568,e5477175,2026-09-28T22:10:53.425682+09:00,2026-09-28T22:10:53.584766+09:00,rail-left-01,rail-right-01,0.6.7-draft,0.6.7-draft,mqtt,mqtt,1135.17,940.62,6.52,6.107,0.031,0.059,0.092,-0.193,10.269,9.53,-0.0689,0.035,0.0418,0.0576,-0.0099,-0.0041,25.05,25.08,16560,17693,2.07,2.212,6.21,6.635,547,547,55,55,13,12,0,0,,,,,,,,,,,,,,,,,0,0,0,0
2026-09-28T22:10:53.445657+09:00,80234543,e5477175,2026-09-28T22:10:53.445657+09:00,2026-09-28T22:10:53.604741+09:00,rail-left-01,rail-right-01,0.6.7-draft,0.6.7-draft,mqtt,mqtt,1136.31,941.56,6.507,6.101,-0.041,-0.024,0.075,-0.299,10.578,9.73,-0.0674,0.0309,0.0378,0.0568,-0.0083,-0.004,25.05,25.09,16530,17679,2.066,2.21,6.199,6.63,548,548,55,55,13,12,0,0,,,,,,,,,,,,,,,,,0,0,0,0
2026-09-28T22:10:53.465625+09:00,80254511,e5477175,2026-09-28T22:10:53.465625+09:00,2026-09-28T22:10:53.624709+09:00,rail-left-01,rail-right-01,0.6.7-draft,0.6.7-draft,mqtt,mqtt,1137.45,942.51,6.497,6.094,-0.056,-0.018,0.144,-0.162,10.452,9.835,-0.0614,0.0298,0.0397,0.0537,-0.0075,-0.0049,25.07,25.07,16504,17665,2.063,2.208,6.189,6.624,549,549,55,55,13,12,0,0,,,,,,,,,,,,,,,,,0,0,0,0
2026-09-28T22:10:53.485687+09:00,80274573,e5477175,2026-09-28T22:10:53.485687+09:00,2026-09-28T22:10:53.644771+09:00,rail-left-01,rail-right-01,0.6.7-draft,0.6.7-draft,mqtt,mqtt,1138.6,943.45,6.483,6.096,0.109,0.142,0.026,-0.429,10.359,9.655,-0.0654,0.033,0.042,0.0593,-0.0116,-0.0116,25.1,25.09,16468,17669,2.059,2.209,6.175,6.626,550,550,55,55,13,12,0,0,,,,,,,,,,,,,,,,,0,0,0,0
2026-09-28T22:10:53.693487+09:00,80623419,e5477175,2026-09-28T22:10:53.693487+09:00,2026-09-28T22:10:53.731787+09:00,rail-left-01,rail-right-01,0.6.7-draft,0.6.7-draft,mqtt,mqtt,1158.39,960.11,6.477,6.1,-0.03,0.019,0.165,-0.255,10.622,9.787,-0.0654,0.029,0.0389,0.0541,-0.0069,-0.0088,25.09,25.07,16453,17678,2.057,2.21,6.17,6.629,551,551,56,56,13,12,0,0,,,,,,,,,,,,,,,,,0,0,0,0
2026-09-28T22:10:53.713604+09:00,80643535,e5477175,2026-09-28T22:10:53.713604+09:00,2026-09-28T22:10:53.751903+09:00,rail-left-01,rail-right-01,0.6.7-draft,0.6.7-draft,mqtt,mqtt,1159.53,961.05,6.489,6.286,-0.11,-0.144,0.277,-0.318,10.506,9.665,-0.0624,0.034,0.0412,0.0561,-0.012,-0.0065,25.09,25.08,16483,18091,2.06,2.261,6.181,6.784,552,552,56,56,13,12,0,0,,,,,,,,,,,,,,,,,0,0,0,0
2026-09-28T22:10:53.733532+09:00,80663464,e5477175,2026-09-28T22:10:53.733532+09:00,2026-09-28T22:10:53.771832+09:00,rail-left-01,rail-right-01,0.6.7-draft,0.6.7-draft,mqtt,mqtt,1160.67,962,6.484,6.295,0.087,0.166,-0.129,-0.335,10.435,9.614,-0.0625,0.0306,0.0393,0.0597,-0.0091,-0.0063,25.06,25.1,16472,18110,2.059,2.264,6.177,6.791,553,553,56,56,13,12,0,0,,,,,,,,,,,,,,,,,0,0,0,0
2026-09-28T22:10:53.753655+09:00,80683586,e5477175,2026-09-28T22:10:53.753655+09:00,2026-09-28T22:10:53.791954+09:00,rail-left-01,rail-right-01,0.6.7-draft,0.6.7-draft,mqtt,mqtt,1161.82,962.94,6.459,6.295,-0.022,-0.045,-0.142,-0.353,10.362,9.766,-0.0653,0.0349,0.0422,0.0614,-0.0079,-0.0064,25.08,25.08,16410,18110,2.051,2.264,6.154,6.791,554,554,56,56,13,12,0,0,,,,,,,,,,,,,,,,,0,0,0,0
2026-09-28T22:10:53.773742+09:00,80703673,e5477175,2026-09-28T22:10:53.773742+09:00,2026-09-28T22:10:53.812041+09:00,rail-left-01,rail-right-01,0.6.7-draft,0.6.7-draft,mqtt,mqtt,1162.96,963.89,6.441,6.305,0.051,0.062,-0.06,-0.063,10.479,9.687,-0.0632,0.0313,0.044,0.0596,-0.0064,-0.0019,25.06,25.08,16365,18133,2.046,2.267,6.137,6.8,555,555,56,56,13,12,0,0,,,,,,,,,,,,,,,,,0,0,0,0
2026-09-28T22:10:53.793787+09:00,80723719,e5477175,2026-09-28T22:10:53.793787+09:00,2026-09-28T22:10:53.832087+09:00,rail-left-01,rail-right-01,0.6.7-draft,0.6.7-draft,mqtt,mqtt,1164.1,964.83,6.433,6.327,0.051,0.075,-0.054,-0.289,10.54,9.811,-0.0636,0.0304,0.0414,0.0588,-0.0101,-0.0051,25.05,25.11,16345,18182,2.043,2.273,6.129,6.818,556,556,56,56,13,12,0,0,,,,,,,,,,,,,,,,,0,0,0,0
2026-09-28T22:10:53.813537+09:00,80743469,e5477175,2026-09-28T22:10:53.813537+09:00,2026-09-28T22:10:53.851837+09:00,rail-left-01,rail-right-01,0.6.7-draft,0.6.7-draft,mqtt,mqtt,1165.25,965.78,6.417,6.334,0.017,-0.007,0.03,-0.028,10.623,9.797,-0.0665,0.0344,0.0446,0.0576,-0.0051,-0.0075,25.06,25.1,16305,18198,2.038,2.275,6.114,6.824,557,557,56,56,13,12,0,0,,,,,,,,,,,,,,,,,0,0,0,0
2026-09-28T22:10:53.833649+09:00,80763581,e5477175,2026-09-28T22:10:53.833649+09:00,2026-09-28T22:10:53.871949+09:00,rail-left-01,rail-right-01,0.6.7-draft,0.6.7-draft,mqtt,mqtt,1166.39,966.72,6.41,6.352,0.099,0.123,0.019,-0.156,10.613,9.548,-0.0655,0.0317,0.0418,0.0581,-0.0076,-0.0084,25.09,25.09,16288,18238,2.036,2.28,6.108,6.839,558,558,56,56,13,12,0,0,,,,,,,,,,,,,,,,,0,0,0,0
2026-09-28T22:10:53.853591+09:00,80783522,e5477175,2026-09-28T22:10:53.853591+09:00,2026-09-28T22:10:53.891890+09:00,rail-left-01,rail-right-01,0.6.7-draft,0.6.7-draft,mqtt,mqtt,1167.53,967.67,6.408,6.345,-0.15,-0.108,0.012,-0.33,10.47,9.849,-0.0713,0.0301,0.0402,0.0546,-0.0069,-0.0009,25.07,25.07,16283,18221,2.035,2.278,6.106,6.833,559,559,56,56,13,12,0,0,,,,,,,,,,,,,,,,,0,0,0,0
2026-09-28T22:10:53.873612+09:00,80803543,e5477175,2026-09-28T22:10:53.873612+09:00,2026-09-28T22:10:53.911911+09:00,rail-left-01,rail-right-01,0.6.7-draft,0.6.7-draft,mqtt,mqtt,1168.68,968.61,6.386,6.332,0.111,0.108,0.152,-0.224,10.527,9.641,-0.0653,0.0301,0.0414,0.0533,-0.0081,-0.0025,25.07,25.08,16228,18193,2.029,2.274,6.086,6.822,560,560,56,56,13,12,0,0,,,,,,,,,,,,,,,,,0,0,0,0
2026-09-28T22:10:54.044184+09:00,80891461,e5477175,2026-09-28T22:10:54.044184+09:00,2026-09-28T22:10:54.131237+09:00,rail-left-01,rail-right-01,0.6.7-draft,0.6.7-draft,mqtt,mqtt,1173.7,972.79,6.382,6.331,-0.095,0.026,0.006,-0.128,10.436,9.731,-0.0657,0.0329,0.0384,0.0549,-0.0055,-0.0049,25.08,25.07,16217,18191,2.027,2.274,6.081,6.822,561,561,57,57,13,12,0,0,,,,,,,,,,,,,,,,,0,0,0,0
2026-09-28T22:10:54.064230+09:00,80911507,e5477175,2026-09-28T22:10:54.064230+09:00,2026-09-28T22:10:54.151283+09:00,rail-left-01,rail-right-01,0.6.7-draft,0.6.7-draft,mqtt,mqtt,1174.89,973.78,6.361,6.348,-0.013,0.025,0.115,-0.289,10.458,9.776,-0.0632,0.027,0.0376,0.0604,-0.0087,-0.0059,25.07,25.1,16166,18229,2.021,2.279,6.062,6.836,562,562,57,57,13,12,0,0,,,,,,,,,,,,,,,,,0,0,0,0
2026-09-28T22:10:54.084225+09:00,80931502,e5477175,2026-09-28T22:10:54.084225+09:00,2026-09-28T22:10:54.171278+09:00,rail-left-01,rail-right-01,0.6.7-draft,0.6.7-draft,mqtt,mqtt,1176.04,974.73,6.327,6.342,-0.011,-0.007,0.06,-0.232,10.556,9.801,-0.0629,0.0258,0.0337,0.0553,-0.0067,-0.0053,25.07,25.09,16080,18214,2.01,2.277,6.03,6.83,563,563,57,57,13,12,0,0,,,,,,,,,,,,,,,,,0,0,0,0
2026-09-28T22:10:54.104360+09:00,80951637,e5477175,2026-09-28T22:10:54.104360+09:00,2026-09-28T22:10:54.191413+09:00,rail-left-01,rail-right-01,0.6.7-draft,0.6.7-draft,mqtt,mqtt,1177.18,975.67,6.309,6.32,0.067,0.073,0.075,-0.439,10.385,9.618,-0.062,0.0216,0.0364,0.0582,-0.0083,-0.0067,25.07,25.09,16035,18166,2.004,2.271,6.013,6.812,564,564,57,57,13,12,0,0,,,,,,,,,,,,,,,,,0,0,0,0
2026-09-28T22:10:54.124263+09:00,80971540,e5477175,2026-09-28T22:10:54.124263+09:00,2026-09-28T22:10:54.211316+09:00,rail-left-01,rail-right-01,0.6.7-draft,0.6.7-draft,mqtt,mqtt,1178.32,976.62,6.265,6.289,-0.192,-0.189,0.144,-0.368,10.364,9.57,-0.0612,0.0233,0.0405,0.0548,-0.0015,-0.0052,25.06,25.09,15927,18098,1.991,2.262,5.973,6.787,565,565,57,57,13,12,0,0,,,,,,,,,,,,,,,,,0,0,0,0
2026-09-28T22:10:54.144267+09:00,80991544,e5477175,2026-09-28T22:10:54.144267+09:00,2026-09-28T22:10:54.231320+09:00,rail-left-01,rail-right-01,0.6.7-draft,0.6.7-draft,mqtt,mqtt,1179.47,977.56,6.229,6.261,0.17,0.257,0.09,-0.03,10.896,10.013,-0.0701,0.0309,0.0337,0.0456,-0.0104,-0.0151,25.06,25.06,15837,18034,1.98,2.254,5.939,6.763,566,566,57,57,13,12,0,0,,,,,,,,,,,,,,,,,0,0,0,0
2026-09-28T22:10:54.164384+09:00,81011661,e5477175,2026-09-28T22:10:54.164384+09:00,2026-09-28T22:10:54.251437+09:00,rail-left-01,rail-right-01,0.6.7-draft,0.6.7-draft,mqtt,mqtt,1180.66,978.51,6.261,6.266,-0.227,-0.176,0.154,-0.463,10.191,9.699,-0.0726,0.0302,0.0452,0.0524,-0.0024,-0.0043,25.08,25.08,15916,18047,1.99,2.256,5.969,6.768,567,567,57,57,13,12,0,0,,,,,,,,,,,,,,,,,0,0,0,0
2026-09-28T22:10:54.184197+09:00,81031474,e5477175,2026-09-28T22:10:54.184197+09:00,2026-09-28T22:10:54.271250+09:00,rail-left-01,rail-right-01,0.6.7-draft,0.6.7-draft,mqtt,mqtt,1181.75,979.45,6.286,6.278,0.02,0.007,0.328,-0.468,10.513,9.646,-0.0642,0.0297,0.036,0.0584,-0.0079,-0.0025,25.05,25.1,15979,18073,1.997,2.259,5.992,6.777,568,568,57,57,13,12,0,0,,,,,,,,,,,,,,,,,0,0,0,0
2026-09-28T22:10:54.204253+09:00,81051530,e5477175,2026-09-28T22:10:54.204253+09:00,2026-09-28T22:10:54.291306+09:00,rail-left-01,rail-right-01,0.6.7-draft,0.6.7-draft,mqtt,mqtt,1182.95,980.39,6.295,6.276,0.02,0.041,-0.011,-0.109,10.591,9.586,-0.0629,0.03,0.0386,0.0533,-0.004,-0.0051,25.06,25.06,16000,18069,2,2.259,6,6.776,569,569,57,57,13,12,0,0,,,,,,,,,,,,,,,,,0,0,0,0
2026-09-28T22:10:54.224503+09:00,81071780,e5477175,2026-09-28T22:10:54.224503+09:00,2026-09-28T22:10:54.311556+09:00,rail-left-01,rail-right-01,0.6.7-draft,0.6.7-draft,mqtt,mqtt,1184.09,981.39,6.293,6.274,0.034,0.065,-0.045,-0.135,10.381,9.881,-0.0618,0.0324,0.0386,0.0578,-0.0075,-0.0036,25.07,25.09,15996,18063,2,2.258,5.998,6.774,570,570,57,57,13,12,0,0,,,,,,,,,,,,,,,,,0,0,0,0
2026-09-28T22:10:54.486562+09:00,81290424,e5477175,2026-09-28T22:10:54.486562+09:00,2026-09-28T22:10:54.573284+09:00,rail-left-01,rail-right-01,0.6.7-draft,0.6.7-draft,mqtt,mqtt,1196.67,991.73,6.277,6.278,-0.063,-0.022,0.159,-0.332,10.361,9.622,-0.0717,0.0308,0.0373,0.0534,-0.0096,-0.0071,25.08,25.07,15957,18072,1.995,2.259,5.984,6.777,571,571,58,58,13,12,0,0,,,,,,,,,,,,,,,,,0,0,0,0
2026-09-28T22:10:54.506675+09:00,81310537,e5477175,2026-09-28T22:10:54.506675+09:00,2026-09-28T22:10:54.593397+09:00,rail-left-01,rail-right-01,0.6.7-draft,0.6.7-draft,mqtt,mqtt,1197.81,992.72,6.236,6.317,0.014,0.092,0.045,-0.387,10.417,9.7,-0.0702,0.033,0.0342,0.0492,-0.0129,-0.0068,25.07,25.09,15854,18159,1.982,2.27,5.945,6.81,572,572,58,58,13,12,0,0,,,,,,,,,,,,,,,,,0,0,0,0
2026-09-28T22:10:54.526739+09:00,81330601,e5477175,2026-09-28T22:10:54.526739+09:00,2026-09-28T22:10:54.613462+09:00,rail-left-01,rail-right-01,0.6.7-draft,0.6.7-draft,mqtt,mqtt,1198.96,993.67,6.277,6.313,0.011,0.054,-0.019,-0.248,10.399,9.723,-0.0679,0.0298,0.0378,0.0537,-0.0088,-0.0096,25.08,25.07,15956,18150,1.995,2.269,5.984,6.806,573,573,58,58,13,12,0,0,,,,,,,,,,,,,,,,,0,0,0,0
2026-09-28T22:10:54.546909+09:00,81350771,e5477175,2026-09-28T22:10:54.546909+09:00,2026-09-28T22:10:54.633632+09:00,rail-left-01,rail-right-01,0.6.7-draft,0.6.7-draft,mqtt,mqtt,1200.1,994.61,6.272,6.311,0.047,0.071,0.037,-0.186,10.453,9.638,-0.0638,0.0348,0.0422,0.0582,-0.0099,-0.0092,25.07,25.07,15943,18145,1.993,2.268,5.979,6.804,574,574,58,58,13,12,0,0,,,,,,,,,,,,,,,,,0,0,0,0
2026-09-28T22:10:54.566914+09:00,81370776,e5477175,2026-09-28T22:10:54.566914+09:00,2026-09-28T22:10:54.653636+09:00,rail-left-01,rail-right-01,0.6.7-draft,0.6.7-draft,mqtt,mqtt,1201.24,995.56,6.276,6.306,-0.048,-0.01,-0.085,-0.22,10.245,9.724,-0.0665,0.0318,0.036,0.0537,-0.0111,-0.0091,25.05,25.08,15953,18134,1.994,2.267,5.982,6.8,575,575,58,58,13,12,0,0,,,,,,,,,,,,,,,,,0,0,0,0
2026-09-28T22:10:54.587014+09:00,81390876,e5477175,2026-09-28T22:10:54.587014+09:00,2026-09-28T22:10:54.673736+09:00,rail-left-01,rail-right-01,0.6.7-draft,0.6.7-draft,mqtt,mqtt,1202.39,996.5,6.281,6.303,0.095,0.164,0.017,-0.226,10.333,9.737,-0.0711,0.0361,0.0382,0.0537,-0.0033,-0.0035,25.06,25.09,15967,18129,1.996,2.266,5.988,6.798,576,576,58,58,13,12,0,0,,,,,,,,,,,,,,,,,0,0,0,0
2026-09-28T22:10:54.606581+09:00,81410443,e5477175,2026-09-28T22:10:54.606581+09:00,2026-09-28T22:10:54.693303+09:00,rail-left-01,rail-right-01,0.6.7-draft,0.6.7-draft,mqtt,mqtt,1203.53,997.45,6.269,6.311,-0.136,-0.151,0.177,-0.414,10.775,9.736,-0.0713,0.0356,0.0396,0.0546,-0.0076,-0.0061,25.04,25.11,15936,18145,1.992,2.268,5.976,6.804,577,577,58,58,13,12,0,0,,,,,,,,,,,,,,,,,0,0,0,0
2026-09-28T22:10:54.626604+09:00,81430466,e5477175,2026-09-28T22:10:54.626604+09:00,2026-09-28T22:10:54.713326+09:00,rail-left-01,rail-right-01,0.6.7-draft,0.6.7-draft,mqtt,mqtt,1204.67,998.39,6.26,6.305,0.013,0.02,0.038,-0.188,11.066,9.867,-0.0675,0.0334,0.0357,0.0508,-0.0073,-0.0091,25.06,25.09,15915,18133,1.989,2.267,5.968,6.8,578,578,58,58,13,12,0,0,,,,,,,,,,,,,,,,,0,0,0,0
2026-09-28T22:10:54.646749+09:00,81450611,e5477175,2026-09-28T22:10:54.646749+09:00,2026-09-28T22:10:54.733471+09:00,rail-left-01,rail-right-01,0.6.7-draft,0.6.7-draft,mqtt,mqtt,1205.82,999.39,6.31,6.294,0.011,0.018,-0.005,-0.042,10.687,9.877,-0.0581,0.0317,0.0318,0.0496,-0.0127,-0.0112,25.05,25.09,16038,18109,2.005,2.264,6.014,6.791,579,579,58,58,13,12,0,0,,,,,,,,,,,,,,,,,0,0,0,0
2026-09-28T22:10:54.666779+09:00,81470641,e5477175,2026-09-28T22:10:54.666779+09:00,2026-09-28T22:10:54.753501+09:00,rail-left-01,rail-right-01,0.6.7-draft,0.6.7-draft,mqtt,mqtt,1207.01,1000.33,6.34,6.293,0.108,0.096,-0.023,-0.32,10.606,9.807,-0.0637,0.0308,0.0342,0.0502,-0.0065,-0.0051,25.07,25.1,16113,18106,2.014,2.263,6.042,6.79,580,580,58,58,13,12,0,0,,,,,,,,,,,,,,,,,0,0,0,0
2026-09-28T22:10:54.811107+09:00,81734530,e5477175,2026-09-28T22:10:54.811107+09:00,2026-09-28T22:10:54.857158+09:00,rail-left-01,rail-right-01,0.6.7-draft,0.6.7-draft,mqtt,mqtt,1222.03,1012.86,6.355,6.289,0.028,0.063,-0.079,-0.036,10.467,9.894,-0.0646,0.0366,0.0374,0.0552,-0.0068,-0.0025,25.08,25.09,16150,18097,2.019,2.262,6.056,6.786,581,581,59,59,13,12,0,0,,,,,,,,,,,,,,,,,0,0,0,0
2026-09-28T22:10:54.831214+09:00,81754637,e5477175,2026-09-28T22:10:54.831214+09:00,2026-09-28T22:10:54.877265+09:00,rail-left-01,rail-right-01,0.6.7-draft,0.6.7-draft,mqtt,mqtt,1223.17,1013.85,6.329,6.243,0.041,0.061,0.01,-0.232,10.567,9.631,-0.0641,0.0329,0.0424,0.0585,-0.0061,-0.0044,25.08,25.09,16085,17996,2.011,2.25,6.032,6.748,582,582,59,59,13,12,0,0,,,,,,,,,,,,,,,,,0,0,0,0
2026-09-28T22:10:54.851159+09:00,81774582,e5477175,2026-09-28T22:10:54.851159+09:00,2026-09-28T22:10:54.897210+09:00,rail-left-01,rail-right-01,0.6.7-draft,0.6.7-draft,mqtt,mqtt,1224.31,1014.8,6.358,6.256,-0.035,0.001,0.114,-0.038,10.303,9.766,-0.0556,0.0309,0.0324,0.051,-0.008,-0.0084,25.06,25.08,16158,18024,2.02,2.253,6.059,6.759,583,583,59,59,13,12,0,0,,,,,,,,,,,,,,,,,0,0,0,0
2026-09-28T22:10:54.871256+09:00,81794679,e5477175,2026-09-28T22:10:54.871256+09:00,2026-09-28T22:10:54.917307+09:00,rail-left-01,rail-right-01,0.6.7-draft,0.6.7-draft,mqtt,mqtt,1225.46,1015.74,6.398,6.273,0.117,0.111,0.084,-0.238,10.319,9.81,-0.0584,0.0362,0.0321,0.052,-0.0107,-0.006,25.08,25.07,16258,18062,2.032,2.258,6.097,6.773,584,584,59,59,13,12,0,0,,,,,,,,,,,,,,,,,0,0,0,0
2026-09-28T22:10:54.891124+09:00,81814547,e5477175,2026-09-28T22:10:54.891124+09:00,2026-09-28T22:10:54.937175+09:00,rail-left-01,rail-right-01,0.6.7-draft,0.6.7-draft,mqtt,mqtt,1226.6,1016.69,6.428,6.277,-0.013,0.008,-0.037,-0.456,10.385,9.511,-0.0598,0.0296,0.0405,0.056,-0.0091,-0.006,25.07,25.1,16331,18071,2.041,2.259,6.124,6.777,585,585,59,59,13,12,0,0,,,,,,,,,,,,,,,,,0,0,0,0
2026-09-28T22:10:54.912254+09:00,81835677,e5477175,2026-09-28T22:10:54.912254+09:00,2026-09-28T22:10:54.958305+09:00,rail-left-01,rail-right-01,0.6.7-draft,0.6.7-draft,mqtt,mqtt,1227.79,1017.68,6.445,6.283,0.037,0.038,-0.089,-0.281,10.343,9.58,-0.0654,0.0349,0.0425,0.0596,-0.0097,-0.0079,25.07,25.07,16375,18083,2.047,2.26,6.141,6.781,586,586,59,59,13,12,0,0,,,,,,,,,,,,,,,,,0,0,0,0
2026-09-28T22:10:54.932373+09:00,81855796,e5477175,2026-09-28T22:10:54.932373+09:00,2026-09-28T22:10:54.978424+09:00,rail-left-01,rail-right-01,0.6.7-draft,0.6.7-draft,mqtt,mqtt,1228.94,1018.63,6.448,6.3,0,0.024,-0.047,-0.202,10.491,9.732,-0.0624,0.036,0.0402,0.058,-0.0079,-0.0035,25.06,25.05,16383,18121,2.048,2.265,6.144,6.795,587,587,59,59,13,12,0,0,,,,,,,,,,,,,,,,,0,0,0,0
2026-09-28T22:10:54.951251+09:00,81874674,e5477175,2026-09-28T22:10:54.951251+09:00,2026-09-28T22:10:54.997302+09:00,rail-left-01,rail-right-01,0.6.7-draft,0.6.7-draft,mqtt,mqtt,1229.98,1019.52,6.46,6.303,-0.019,-0.029,0.012,-0.371,10.305,9.643,-0.0604,0.0325,0.035,0.0526,-0.0081,-0.0052,25.06,25.09,16412,18129,2.052,2.266,6.155,6.798,588,588,59,59,13,12,0,0,,,,,,,,,,,,,,,,,0,0,0,0
2026-09-28T22:10:54.971186+09:00,81894609,e5477175,2026-09-28T22:10:54.971186+09:00,2026-09-28T22:10:55.017237+09:00,rail-left-01,rail-right-01,0.6.7-draft,0.6.7-draft,mqtt,mqtt,1231.12,1020.47,6.489,6.305,0.071,0.034,0.444,-0.014,10.463,9.522,-0.0617,0.0364,0.0417,0.0554,-0.0087,-0.0052,25.06,25.09,16485,18133,2.061,2.267,6.182,6.8,589,589,59,59,13,12,0,0,,,,,,,,,,,,,,,,,0,0,0,0
2026-09-28T22:10:54.991145+09:00,81914568,e5477175,2026-09-28T22:10:54.991145+09:00,2026-09-28T22:10:55.037196+09:00,rail-left-01,rail-right-01,0.6.7-draft,0.6.7-draft,mqtt,mqtt,1232.27,1021.41,6.499,6.312,-0.124,-0.057,-0.091,-0.371,10.576,9.752,-0.0673,0.0336,0.0381,0.0532,-0.0147,-0.0145,25.08,25.12,16508,18149,2.064,2.269,6.191,6.806,590,590,59,59,13,12,0,0,,,,,,,,,,,,,,,,,0,0,0,0
2026-09-28T22:10:55.133148+09:00,82017491,e5477175,2026-09-28T22:10:55.133148+09:00,2026-09-28T22:10:55.169270+09:00,rail-left-01,rail-right-01,0.6.7-draft,0.6.7-draft,mqtt,mqtt,1238.08,1026.28,6.497,6.309,0.089,0.059,-0.075,-0.195,10.581,9.706,-0.0649,0.0342,0.0406,0.0602,-0.0077,-0.0077,25.07,25.1,16503,18142,2.063,2.268,6.189,6.803,591,591,60,60,13,12,0,0,,,,,,,,,,,,,,,,,0,0,0,0
2026-09-28T22:10:55.153276+09:00,82037619,e5477175,2026-09-28T22:10:55.153276+09:00,2026-09-28T22:10:55.189397+09:00,rail-left-01,rail-right-01,0.6.7-draft,0.6.7-draft,mqtt,mqtt,1239.23,1027.28,6.526,6.371,-0.012,0.034,-0.066,-0.205,10.549,9.819,-0.063,0.0357,0.0401,0.0585,-0.0108,-0.0057,25.08,25.09,16576,18279,2.072,2.285,6.216,6.855,592,592,60,60,13,12,0,0,,,,,,,,,,,,,,,,,0,0,0,0
2026-09-28T22:10:55.173202+09:00,82057545,e5477175,2026-09-28T22:10:55.173202+09:00,2026-09-28T22:10:55.209323+09:00,rail-left-01,rail-right-01,0.6.7-draft,0.6.7-draft,mqtt,mqtt,1240.32,1028.22,6.512,6.379,0.055,0.14,-0.075,-0.245,10.484,9.596,-0.0655,0.0333,0.0401,0.0562,-0.0045,-0.0047,25.06,25.07,16541,18296,2.068,2.287,6.203,6.861,593,593,60,60,13,12,0,0,,,,,,,,,,,,,,,,,0,0,0,0
2026-09-28T22:10:55.193310+09:00,82077653,e5477175,2026-09-28T22:10:55.193310+09:00,2026-09-28T22:10:55.229431+09:00,rail-left-01,rail-right-01,0.6.7-draft,0.6.7-draft,mqtt,mqtt,1241.47,1029.17,6.506,6.384,-0.12,-0.066,0.16,-0.211,10.485,9.632,-0.0694,0.0333,0.0361,0.0565,-0.004,-0.0023,25.05,25.09,16526,18308,2.066,2.289,6.197,6.866,594,594,60,60,13,12,0,0,,,,,,,,,,,,,,,,,0,0,0,0
2026-09-28T22:10:55.213358+09:00,82097701,e5477175,2026-09-28T22:10:55.213358+09:00,2026-09-28T22:10:55.249479+09:00,rail-left-01,rail-right-01,0.6.7-draft,0.6.7-draft,mqtt,mqtt,1242.61,1030.11,6.486,6.37,0.026,0.023,0.15,-0.209,10.688,9.861,-0.0644,0.031,0.0368,0.056,-0.0077,-0.0051,25.07,25.08,16477,18276,2.06,2.285,6.179,6.854,595,595,60,60,13,12,0,0,,,,,,,,,,,,,,,,,0,0,0,0
2026-09-28T22:10:55.233644+09:00,82117987,e5477175,2026-09-28T22:10:55.233644+09:00,2026-09-28T22:10:55.269765+09:00,rail-left-01,rail-right-01,0.6.7-draft,0.6.7-draft,mqtt,mqtt,1243.75,1031.06,6.479,6.362,0.098,0.123,0.09,-0.111,10.534,9.843,-0.0697,0.0304,0.0368,0.0537,-0.0064,-0.0049,25.07,25.1,16458,18260,2.057,2.283,6.172,6.847,596,596,60,60,13,12,0,0,,,,,,,,,,,,,,,,,0,0,0,0
2026-09-28T22:10:55.253211+09:00,82137554,e5477175,2026-09-28T22:10:55.253211+09:00,2026-09-28T22:10:55.289332+09:00,rail-left-01,rail-right-01,0.6.7-draft,0.6.7-draft,mqtt,mqtt,1244.85,1032,6.48,6.363,-0.089,-0.018,0.097,-0.269,10.458,9.74,-0.069,0.0318,0.0414,0.0577,-0.0077,-0.0041,25.07,25.09,16461,18262,2.058,2.283,6.173,6.848,597,597,60,60,13,12,0,0,,,,,,,,,,,,,,,,,0,0,0,0
2026-09-28T22:10:55.273192+09:00,82157535,e5477175,2026-09-28T22:10:55.273192+09:00,2026-09-28T22:10:55.309314+09:00,rail-left-01,rail-right-01,0.6.7-draft,0.6.7-draft,mqtt,mqtt,1245.99,1032.95,6.454,6.375,0.018,0.15,0.152,-0.339,10.5,9.717,-0.0646,0.0334,0.0428,0.0597,-0.0081,-0.0072,25.08,25.08,16397,18287,2.05,2.286,6.149,6.858,598,598,60,60,13,12,0,0,,,,,,,,,,,,,,,,,0,0,0,0
2026-09-28T22:10:55.293316+09:00,82177659,e5477175,2026-09-28T22:10:55.293316+09:00,2026-09-28T22:10:55.329437+09:00,rail-left-01,rail-right-01,0.6.7-draft,0.6.7-draft,mqtt,mqtt,1247.13,1033.94,6.438,6.382,-0.022,0.078,-0.166,-0.359,10.445,9.758,-0.0645,0.0298,0.0393,0.0544,-0.0088,-0.0055,25.06,25.12,16358,18304,2.045,2.288,6.134,6.864,599,599,60,60,13,12,0,0,,,,,,,,,,,,,,,,,0,0,0,0
2026-09-28T22:10:55.313188+09:00,82197531,e5477175,2026-09-28T22:10:55.313188+09:00,2026-09-28T22:10:55.349309+09:00,rail-left-01,rail-right-01,0.6.7-draft,0.6.7-draft,mqtt,mqtt,1248.23,1034.89,6.421,6.381,0.09,0.03,0.104,-0.109,10.428,9.651,-0.0687,0.0322,0.0408,0.062,-0.0077,-0.0057,25.06,25.09,16314,18301,2.039,2.288,6.118,6.863,600,600,60,60,13,12,0,0,,,,,,,,,,,,,,,,,0,0,0,0
2026-09-28T22:10:55.433460+09:00,82328441,e5477175,2026-09-28T22:10:55.433460+09:00,2026-09-28T22:10:55.469678+09:00,rail-left-01,rail-right-01,0.6.7-draft,0.6.7-draft,mqtt,mqtt,1255.68,1041.1,6.411,6.377,0.073,0.087,0.15,-0.166,10.482,9.74,-0.0674,0.0253,0.033,0.05,-0.0012,0.0013,25.09,25.1,16291,18292,2.036,2.287,6.109,6.86,601,601,61,61,13,12,0,0,,,,,,,,,,,,,,,,,0,0,0,0
2026-09-28T22:10:55.453542+09:00,82348523,e5477175,2026-09-28T22:10:55.453542+09:00,2026-09-28T22:10:55.489760+09:00,rail-left-01,rail-right-01,0.6.7-draft,0.6.7-draft,mqtt,mqtt,1256.83,1042.05,6.325,6.27,-0.172,-0.11,0.341,0.06,10.517,9.947,-0.064,0.0222,0.03,0.0501,-0.0076,-0.0045,25.08,25.08,16076,18056,2.01,2.257,6.029,6.771,602,602,61,61,13,12,0,0,,,,,,,,,,,,,,,,,0,0,0,0
2026-09-28T22:10:55.473545+09:00,82368526,e5477175,2026-09-28T22:10:55.473545+09:00,2026-09-28T22:10:55.509763+09:00,rail-left-01,rail-right-01,0.6.7-draft,0.6.7-draft,mqtt,mqtt,1257.97,1042.99,6.296,6.215,0.091,0.108,0.029,-0.509,10.472,9.874,-0.0649,0.0261,0.0376,0.0596,-0.0136,-0.0124,25.1,25.09,16004,17934,2.001,2.242,6.002,6.725,603,603,61,61,13,12,0,0,,,,,,,,,,,,,,,,,0,0,0,0
2026-09-28T22:10:55.493615+09:00,82388596,e5477175,2026-09-28T22:10:55.493615+09:00,2026-09-28T22:10:55.529833+09:00,rail-left-01,rail-right-01,0.6.7-draft,0.6.7-draft,mqtt,mqtt,1259.16,1043.93,6.272,6.203,-0.005,0.017,-0.044,0.035,10.851,9.843,-0.0625,0.0346,0.0412,0.0552,-0.0059,-0.0068,25.07,25.09,15944,17907,1.993,2.238,5.979,6.715,604,604,61,61,13,12,0,0,,,,,,,,,,,,,,,,,0,0,0,0
2026-09-28T22:10:55.514051+09:00,82409032,e5477175,2026-09-28T22:10:55.514051+09:00,2026-09-28T22:10:55.550269+09:00,rail-left-01,rail-right-01,0.6.7-draft,0.6.7-draft,mqtt,mqtt,1260.31,1044.93,6.264,6.206,0.029,0.08,-0.032,-0.223,10.436,9.889,-0.0642,0.0324,0.0405,0.056,-0.0091,-0.0092,25.08,25.08,15924,17912,1.991,2.239,5.972,6.717,605,605,61,61,13,12,0,0,,,,,,,,,,,,,,,,,0,0,0,0
2026-09-28T22:10:55.534054+09:00,82429035,e5477175,2026-09-28T22:10:55.534054+09:00,2026-09-28T22:10:55.570272+09:00,rail-left-01,rail-right-01,0.6.7-draft,0.6.7-draft,mqtt,mqtt,1261.45,1045.87,6.25,6.208,-0.034,-0.077,-0.084,-0.286,10.448,9.746,-0.0652,0.0294,0.0361,0.0541,-0.0097,-0.0103,25.07,25.1,15889,17918,1.986,2.24,5.958,6.719,606,606,61,61,13,12,0,0,,,,,,,,,,,,,,,,,0,0,0,0
2026-09-28T22:10:55.553740+09:00,82448721,e5477175,2026-09-28T22:10:55.553740+09:00,2026-09-28T22:10:55.589958+09:00,rail-left-01,rail-right-01,0.6.7-draft,0.6.7-draft,mqtt,mqtt,1262.6,1046.77,6.261,6.196,0.016,0.059,0.175,-0.315,10.353,9.761,-0.064,0.0314,0.0353,0.0542,-0.0101,-0.0047,25.07,25.08,15916,17890,1.99,2.236,5.969,6.709,607,607,61,61,13,12,0,0,,,,,,,,,,,,,,,,,0,0,0,0
2026-09-28T22:10:55.573568+09:00,82468549,e5477175,2026-09-28T22:10:55.573568+09:00,2026-09-28T22:10:55.609786+09:00,rail-left-01,rail-right-01,0.6.7-draft,0.6.7-draft,mqtt,mqtt,1263.74,1047.71,6.245,6.194,0.01,0.059,0.195,-0.265,10.618,9.698,-0.0653,0.0316,0.0404,0.0606,-0.0087,-0.0076,25.07,25.09,15876,17886,1.985,2.236,5.954,6.707,608,608,61,61,13,12,0,0,,,,,,,,,,,,,,,,,0,0,0,0
2026-09-28T22:10:55.593508+09:00,82488489,e5477175,2026-09-28T22:10:55.593508+09:00,2026-09-28T22:10:55.629726+09:00,rail-left-01,rail-right-01,0.6.7-draft,0.6.7-draft,mqtt,mqtt,1264.88,1048.66,6.23,6.201,-0.069,-0.024,-0.042,-0.124,10.667,9.789,-0.065,0.0306,0.0392,0.0548,-0.0111,-0.0061,25.07,25.07,15840,17903,1.98,2.238,5.94,6.714,609,609,61,61,13,12,0,0,,,,,,,,,,,,,,,,,0,0,0,0
2026-09-28T22:10:55.613750+09:00,82508731,e5477175,2026-09-28T22:10:55.613750+09:00,2026-09-28T22:10:55.649968+09:00,rail-left-01,rail-right-01,0.6.7-draft,0.6.7-draft,mqtt,mqtt,1266.03,1049.65,6.215,6.198,0.158,0.129,-0.034,-0.212,10.591,9.916,-0.0621,0.0306,0.0432,0.0616,-0.0107,-0.0105,25.05,25.07,15802,17896,1.975,2.237,5.926,6.711,610,610,61,61,13,12,0,0,,,,,,,,,,,,,,,,,0,0,0,0
2026-09-28T22:10:55.702565+09:00,82628457,e5477175,2026-09-28T22:10:55.702565+09:00,2026-09-28T22:10:55.746427+09:00,rail-left-01,rail-right-01,0.6.7-draft,0.6.7-draft,mqtt,mqtt,1272.89,1055.32,6.196,6.209,-0.01,0.028,0.084,-0.243,10.659,9.904,-0.0641,0.0302,0.037,0.0534,-0.0092,-0.0068,25.04,25.08,15755,17920,1.969,2.24,5.908,6.72,611,611,62,62,13,12,0,0,,,,,,,,,,,,,,,,,0,0,0,0
2026-09-28T22:10:55.722694+09:00,82648586,e5477175,2026-09-28T22:10:55.722694+09:00,2026-09-28T22:10:55.766557+09:00,rail-left-01,rail-right-01,0.6.7-draft,0.6.7-draft,mqtt,mqtt,1274.03,1056.26,6.292,6.233,0.09,0.09,-0.103,-0.158,10.386,9.849,-0.0665,0.0293,0.0358,0.0528,-0.0109,-0.0081,25.08,25.1,15993,17973,1.999,2.247,5.997,6.74,612,612,62,62,13,12,0,0,,,,,,,,,,,,,,,,,0,0,0,0
2026-09-28T22:10:55.742697+09:00,82668589,e5477175,2026-09-28T22:10:55.742697+09:00,2026-09-28T22:10:55.786560+09:00,rail-left-01,rail-right-01,0.6.7-draft,0.6.7-draft,mqtt,mqtt,1275.17,1057.26,6.28,6.213,0.026,0.042,-0.089,-0.399,10.636,9.567,-0.0667,0.0244,0.036,0.052,-0.0057,-0.0048,25.06,25.11,15964,17928,1.996,2.241,5.987,6.723,613,613,62,62,13,12,0,0,,,,,,,,,,,,,,,,,0,0,0,0
2026-09-28T22:10:55.762631+09:00,82688523,e5477175,2026-09-28T22:10:55.762631+09:00,2026-09-28T22:10:55.806493+09:00,rail-left-01,rail-right-01,0.6.7-draft,0.6.7-draft,mqtt,mqtt,1276.32,1058.2,6.278,6.174,0.056,-0.029,0.016,-0.067,10.618,9.658,-0.064,0.0316,0.0466,0.0633,-0.0096,-0.0093,25.08,25.09,15958,17841,1.995,2.23,5.984,6.69,614,614,62,62,13,12,0,0,,,,,,,,,,,,,,,,,0,0,0,0
2026-09-28T22:10:55.782672+09:00,82708564,e5477175,2026-09-28T22:10:55.782672+09:00,2026-09-28T22:10:55.826534+09:00,rail-left-01,rail-right-01,0.6.7-draft,0.6.7-draft,mqtt,mqtt,1277.46,1059.15,6.273,6.211,0.032,0.013,-0.108,-0.284,10.493,9.548,-0.0705,0.0337,0.0464,0.0609,-0.0089,-0.0104,25.07,25.1,15946,17925,1.993,2.241,5.98,6.722,615,615,62,62,13,12,0,0,,,,,,,,,,,,,,,,,0,0,0,0
2026-09-28T22:10:55.802640+09:00,82728532,e5477175,2026-09-28T22:10:55.802640+09:00,2026-09-28T22:10:55.846502+09:00,rail-left-01,rail-right-01,0.6.7-draft,0.6.7-draft,mqtt,mqtt,1278.6,1060.09,6.262,6.242,0.023,0.099,0.011,-0.248,10.169,9.638,-0.0655,0.035,0.043,0.0569,-0.0061,-0.0039,25.07,25.09,15920,17993,1.99,2.249,5.97,6.747,616,616,62,62,13,12,0,0,,,,,,,,,,,,,,,,,0,0,0,0
2026-09-28T22:10:55.822715+09:00,82748607,e5477175,2026-09-28T22:10:55.822715+09:00,2026-09-28T22:10:55.866578+09:00,rail-left-01,rail-right-01,0.6.7-draft,0.6.7-draft,mqtt,mqtt,1279.75,1061.04,6.25,6.251,-0.142,-0.084,0.031,-0.194,10.471,9.6,-0.0655,0.0321,0.041,0.0557,-0.012,-0.0055,25.07,25.09,15888,18012,1.986,2.252,5.958,6.755,617,617,62,62,13,12,0,0,,,,,,,,,,,,,,,,,0,0,0,0
2026-09-28T22:10:55.842742+09:00,82768634,e5477175,2026-09-28T22:10:55.842742+09:00,2026-09-28T22:10:55.886605+09:00,rail-left-01,rail-right-01,0.6.7-draft,0.6.7-draft,mqtt,mqtt,1280.89,1061.98,6.253,6.246,0.186,0.174,-0.032,-0.168,10.438,9.644,-0.0636,0.0309,0.0377,0.0577,-0.0091,-0.0093,25.09,25.07,15897,18002,1.987,2.25,5.961,6.751,618,618,62,62,13,12,0,0,,,,,,,,,,,,,,,,,0,0,0,0
2026-09-28T22:10:55.862712+09:00,82788604,e5477175,2026-09-28T22:10:55.862712+09:00,2026-09-28T22:10:55.906575+09:00,rail-left-01,rail-right-01,0.6.7-draft,0.6.7-draft,mqtt,mqtt,1282.04,1062.98,6.239,6.242,-0.102,-0.08,0.05,-0.34,10.489,9.737,-0.0626,0.0329,0.0378,0.0552,-0.0069,-0.0008,25.08,25.07,15862,17994,1.983,2.249,5.948,6.748,619,619,62,62,13,12,0,0,,,,,,,,,,,,,,,,,0,0,0,0
2026-09-28T22:10:55.882755+09:00,82808647,e5477175,2026-09-28T22:10:55.882755+09:00,2026-09-28T22:10:55.926618+09:00,rail-left-01,rail-right-01,0.6.7-draft,0.6.7-draft,mqtt,mqtt,1283.18,1063.92,6.232,6.22,0.16,0.162,-0.059,0.061,10.5,9.965,-0.0654,0.0329,0.0385,0.058,-0.0081,-0.0069,25.07,25.07,15845,17944,1.981,2.243,5.942,6.729,620,620,62,62,13,12,0,0,,,,,,,,,,,,,,,,,0,0,0,0
2026-09-28T22:10:55.982584+09:00,82908423,e5477175,2026-09-28T22:10:55.982584+09:00,2026-09-28T22:10:56.021268+09:00,rail-left-01,rail-right-01,0.6.7-draft,0.6.7-draft,mqtt,mqtt,1288.9,1068.64,6.226,6.229,-0.013,0.067,-0.023,-0.31,10.331,9.718,-0.0713,0.0325,0.0448,0.0609,-0.0096,-0.008,25.08,25.09,15829,17963,1.979,2.245,5.936,6.736,621,621,63,63,13,12,0,0,,,,,,,,,,,,,,,,,0,0,0,0
2026-09-28T22:10:56.002723+09:00,82928562,e5477175,2026-09-28T22:10:56.002723+09:00,2026-09-28T22:10:56.041407+09:00,rail-left-01,rail-right-01,0.6.7-draft,0.6.7-draft,mqtt,mqtt,1290.09,1069.64,6.126,6.272,-0.304,-0.133,0.245,0.012,10.258,9.436,-0.055,0.0365,0.0324,0.0477,-0.0017,-0.0005,25.05,25.08,15580,18060,1.948,2.258,5.843,6.773,622,622,63,63,13,12,0,0,,,,,,,,,,,,,,,,,0,0,0,0
2026-09-28T22:10:56.022664+09:00,82948503,e5477175,2026-09-28T22:10:56.022664+09:00,2026-09-28T22:10:56.061347+09:00,rail-left-01,rail-right-01,0.6.7-draft,0.6.7-draft,mqtt,mqtt,1291.23,1070.58,6.176,6.267,0.097,0.099,0.262,-0.235,10.214,9.643,-0.056,0.0344,0.0382,0.0512,-0.0153,-0.0079,25.08,25.1,15705,18048,1.963,2.256,5.889,6.768,623,623,63,63,13,12,0,0,,,,,,,,,,,,,,,,,0,0,0,0
2026-09-28T22:10:56.042656+09:00,82968495,e5477175,2026-09-28T22:10:56.042656+09:00,2026-09-28T22:10:56.081340+09:00,rail-left-01,rail-right-01,0.6.7-draft,0.6.7-draft,mqtt,mqtt,1292.38,1071.53,6.207,6.267,-0.017,0.025,-0.053,-0.273,10.369,9.685,-0.0612,0.0322,0.038,0.053,-0.0111,-0.0084,25.06,25.08,15783,18049,1.973,2.256,5.919,6.768,624,624,63,63,13,12,0,0,,,,,,,,,,,,,,,,,0,0,0,0
2026-09-28T22:10:56.062880+09:00,82988719,e5477175,2026-09-28T22:10:56.062880+09:00,2026-09-28T22:10:56.101563+09:00,rail-left-01,rail-right-01,0.6.7-draft,0.6.7-draft,mqtt,mqtt,1293.52,1072.47,6.21,6.241,-0.026,0.007,-0.099,-0.18,10.484,9.743,-0.0636,0.0265,0.0342,0.0537,-0.0119,-0.0087,25.07,25.09,15789,17991,1.974,2.249,5.921,6.747,625,625,63,63,13,12,0,0,,,,,,,,,,,,,,,,,0,0,0,0
2026-09-28T22:10:56.082850+09:00,83008689,e5477175,2026-09-28T22:10:56.082850+09:00,2026-09-28T22:10:56.121534+09:00,rail-left-01,rail-right-01,0.6.7-draft,0.6.7-draft,mqtt,mqtt,1294.66,1073.47,6.201,6.241,0.032,0.071,0.199,-0.254,10.521,9.53,-0.0642,0.0412,0.049,0.0632,-0.0108,-0.006,25.06,25.09,15768,17990,1.971,2.249,5.913,6.746,626,626,63,63,13,12,0,0,,,,,,,,,,,,,,,,,0,0,0,0
2026-09-28T22:10:56.102763+09:00,83028602,e5477175,2026-09-28T22:10:56.102763+09:00,2026-09-28T22:10:56.141447+09:00,rail-left-01,rail-right-01,0.6.7-draft,0.6.7-draft,mqtt,mqtt,1295.81,1074.41,6.194,6.273,-0.042,0.018,-0.17,-0.339,10.591,9.603,-0.064,0.0389,0.0454,0.0605,-0.0093,-0.0087,25.05,25.09,15750,18061,1.969,2.258,5.906,6.773,627,627,63,63,13,12,0,0,,,,,,,,,,,,,,,,,0,0,0,0
2026-09-28T22:10:56.122608+09:00,83048447,e5477175,2026-09-28T22:10:56.122608+09:00,2026-09-28T22:10:56.161292+09:00,rail-left-01,rail-right-01,0.6.7-draft,0.6.7-draft,mqtt,mqtt,1296.95,1075.36,6.185,6.303,0.047,0.104,-0.063,-0.214,10.324,9.655,-0.0652,0.0378,0.0378,0.0556,-0.0093,-0.0073,25.05,25.06,15726,18128,1.966,2.266,5.897,6.798,628,628,63,63,13,12,0,0,,,,,,,,,,,,,,,,,0,0,0,0
2026-09-28T22:10:56.142658+09:00,83068497,e5477175,2026-09-28T22:10:56.142658+09:00,2026-09-28T22:10:56.181342+09:00,rail-left-01,rail-right-01,0.6.7-draft,0.6.7-draft,mqtt,mqtt,1298.09,1076.3,6.175,6.301,0.014,0.011,0.078,-0.205,10.548,9.691,-0.059,0.039,0.0374,0.0553,-0.0111,-0.008,25.06,25.07,15702,18124,1.963,2.266,5.888,6.797,629,629,63,63,13,12,0,0,,,,,,,,,,,,,,,,,0,0,0,0
2026-09-28T22:10:56.163107+09:00,83088946,e5477175,2026-09-28T22:10:56.163107+09:00,2026-09-28T22:10:56.201790+09:00,rail-left-01,rail-right-01,0.6.7-draft,0.6.7-draft,mqtt,mqtt,1299.29,1077.3,6.176,6.285,-0.151,-0.09,0.193,-0.378,10.284,9.592,-0.0625,0.0386,0.0326,0.0552,-0.0096,-0.0033,25.07,25.1,15705,18089,1.963,2.261,5.889,6.783,630,630,63,63,13,12,0,0,,,,,,,,,,,,,,,,,0,0,0,0
2026-09-28T22:10:56.305086+09:00,83180410,e5477175,2026-09-28T22:10:56.305086+09:00,2026-09-28T22:10:56.392921+09:00,rail-left-01,rail-right-01,0.6.7-draft,0.6.7-draft,mqtt,mqtt,1304.51,1081.67,6.18,6.268,-0.084,-0.041,0.139,-0.453,10.274,9.901,-0.0626,0.035,0.037,0.0609,-0.0096,-0.0047,25.09,25.08,15714,18050,1.964,2.256,5.893,6.769,631,631,64,64,13,12,0,0,,,,,,,,,,,,,,,,,0,0,0,0
2026-09-28T22:10:56.325215+09:00,83200539,e5477175,2026-09-28T22:10:56.325215+09:00,2026-09-28T22:10:56.413049+09:00,rail-left-01,rail-right-01,0.6.7-draft,0.6.7-draft,mqtt,mqtt,1305.65,1082.62,6.269,6.261,-0.002,0.022,-0.044,-0.209,10.605,9.752,-0.0594,0.0353,0.0414,0.0601,-0.0117,-0.0061,25.04,25.09,15937,18035,1.992,2.254,5.976,6.763,632,632,64,64,13,12,0,0,,,,,,,,,,,,,,,,,0,0,0,0
2026-09-28T22:10:56.345158+09:00,83220482,e5477175,2026-09-28T22:10:56.345158+09:00,2026-09-28T22:10:56.432993+09:00,rail-left-01,rail-right-01,0.6.7-draft,0.6.7-draft,mqtt,mqtt,1306.79,1083.56,6.268,6.254,-0.011,0.047,-0.154,-0.238,10.615,9.901,-0.065,0.0297,0.036,0.0528,-0.0079,-0.0041,25.08,25.08,15933,18020,1.992,2.253,5.975,6.758,633,633,64,64,13,12,0,0,,,,,,,,,,,,,,,,,0,0,0,0
2026-09-28T22:10:56.365094+09:00,83240418,e5477175,2026-09-28T22:10:56.365094+09:00,2026-09-28T22:10:56.452929+09:00,rail-left-01,rail-right-01,0.6.7-draft,0.6.7-draft,mqtt,mqtt,1307.94,1084.5,6.272,6.269,0.142,0.044,0.071,-0.318,10.499,9.693,-0.0616,0.033,0.0385,0.0616,-0.0097,-0.0092,25.09,25.1,15945,18053,1.993,2.257,5.979,6.77,634,634,64,64,13,12,0,0,,,,,,,,,,,,,,,,,0,0,0,0
2026-09-28T22:10:56.385322+09:00,83260646,e5477175,2026-09-28T22:10:56.385322+09:00,2026-09-28T22:10:56.473156+09:00,rail-left-01,rail-right-01,0.6.7-draft,0.6.7-draft,mqtt,mqtt,1309.13,1085.5,6.261,6.274,0.036,0.008,-0.044,-0.204,10.525,9.741,-0.0657,0.0317,0.0378,0.0586,-0.0068,-0.0043,25.06,25.1,15916,18065,1.99,2.258,5.969,6.774,635,635,64,64,13,12,0,0,,,,,,,,,,,,,,,,,0,0,0,0
2026-09-28T22:10:56.405324+09:00,83280647,e5477175,2026-09-28T22:10:56.405324+09:00,2026-09-28T22:10:56.493158+09:00,rail-left-01,rail-right-01,0.6.7-draft,0.6.7-draft,mqtt,mqtt,1310.28,1086.44,6.247,6.279,0.053,0.014,0.054,-0.026,10.612,9.798,-0.0606,0.0349,0.0413,0.0534,-0.0057,-0.0028,25.05,25.09,15882,18074,1.985,2.259,5.956,6.778,636,636,64,64,13,12,0,0,,,,,,,,,,,,,,,,,0,0,0,0
2026-09-28T22:10:56.425249+09:00,83300573,e5477175,2026-09-28T22:10:56.425249+09:00,2026-09-28T22:10:56.513083+09:00,rail-left-01,rail-right-01,0.6.7-draft,0.6.7-draft,mqtt,mqtt,1311.42,1087.39,6.248,6.294,0.053,-0.02,0.122,-0.257,10.27,9.669,-0.0652,0.0342,0.0426,0.0561,-0.0108,-0.0061,25.08,25.08,15884,18109,1.986,2.264,5.957,6.791,637,637,64,64,13,12,0,0,,,,,,,,,,,,,,,,,0,0,0,0
2026-09-28T22:10:56.445185+09:00,83320509,e5477175,2026-09-28T22:10:56.445185+09:00,2026-09-28T22:10:56.533019+09:00,rail-left-01,rail-right-01,0.6.7-draft,0.6.7-draft,mqtt,mqtt,1312.56,1088.33,6.24,6.293,-0.022,-0.017,0.168,-0.358,10.506,9.583,-0.0655,0.0336,0.0398,0.0532,-0.008,-0.0068,25.08,25.09,15864,18106,1.983,2.263,5.949,6.79,638,638,64,64,13,12,0,0,,,,,,,,,,,,,,,,,0,0,0,0
2026-09-28T22:10:56.465137+09:00,83340461,e5477175,2026-09-28T22:10:56.465137+09:00,2026-09-28T22:10:56.552972+09:00,rail-left-01,rail-right-01,0.6.7-draft,0.6.7-draft,mqtt,mqtt,1313.71,1089.28,6.231,6.284,0.036,0.065,0.297,-0.154,10.576,9.796,-0.062,0.034,0.0433,0.0578,-0.0125,-0.0112,25.09,25.1,15842,18086,1.98,2.261,5.941,6.782,639,639,64,64,13,12,0,0,,,,,,,,,,,,,,,,,0,0,0,0
2026-09-28T22:10:56.485457+09:00,83360781,e5477175,2026-09-28T22:10:56.485457+09:00,2026-09-28T22:10:56.573292+09:00,rail-left-01,rail-right-01,0.6.7-draft,0.6.7-draft,mqtt,mqtt,1314.85,1090.27,6.24,6.303,-0.074,0.04,0.006,-0.097,10.379,9.722,-0.0649,0.0337,0.0421,0.054,-0.0113,-0.0095,25.07,25.08,15865,18128,1.983,2.266,5.949,6.798,640,640,64,64,13,12,0,0,,,,,,,,,,,,,,,,,0,0,0,0
2026-09-28T22:10:56.628592+09:00,83552443,e5477175,2026-09-28T22:10:56.628592+09:00,2026-09-28T22:10:56.722840+09:00,rail-left-01,rail-right-01,0.6.7-draft,0.6.7-draft,mqtt,mqtt,1325.84,1099.42,6.238,6.311,0.073,0.095,0.028,-0.127,10.252,9.759,-0.0604,0.0328,0.045,0.06,-0.01,-0.0057,25.04,25.08,15860,18145,1.983,2.268,5.948,6.804,641,641,65,65,13,12,0,0,,,,,,,,,,,,,,,,,0,0,0,0
2026-09-28T22:10:56.648775+09:00,83572626,e5477175,2026-09-28T22:10:56.648775+09:00,2026-09-28T22:10:56.743023+09:00,rail-left-01,rail-right-01,0.6.7-draft,0.6.7-draft,mqtt,mqtt,1326.98,1100.41,6.056,6.402,-0.126,-0.004,0.19,-0.229,11.343,9.765,-0.0711,0.0321,0.0372,0.0514,-0.0089,-0.0095,25.07,25.1,15406,18347,1.926,2.293,5.777,6.88,642,642,65,65,13,12,0,0,,,,,,,,,,,,,,,,,0,0,0,0
2026-09-28T22:10:56.668764+09:00,83592615,e5477175,2026-09-28T22:10:56.668764+09:00,2026-09-28T22:10:56.763011+09:00,rail-left-01,rail-right-01,0.6.7-draft,0.6.7-draft,mqtt,mqtt,1328.12,1101.36,6.074,6.412,-0.012,-0.069,0.069,-0.383,10.372,9.947,-0.0723,0.0273,0.035,0.0568,-0.0109,-0.0113,25.07,25.09,15452,18369,1.932,2.296,5.795,6.888,643,643,65,65,13,12,0,0,,,,,,,,,,,,,,,,,0,0,0,0
2026-09-28T22:10:56.688718+09:00,83612569,e5477175,2026-09-28T22:10:56.688718+09:00,2026-09-28T22:10:56.782966+09:00,rail-left-01,rail-right-01,0.6.7-draft,0.6.7-draft,mqtt,mqtt,1329.27,1102.3,6.082,6.408,0.127,0.026,-0.049,-0.176,10.596,9.663,-0.0682,0.0304,0.0404,0.0524,-0.0083,-0.0061,25.07,25.09,15470,18362,1.934,2.295,5.801,6.886,644,644,65,65,13,12,0,0,,,,,,,,,,,,,,,,,0,0,0,0
2026-09-28T22:10:56.708937+09:00,83632788,e5477175,2026-09-28T22:10:56.708937+09:00,2026-09-28T22:10:56.803184+09:00,rail-left-01,rail-right-01,0.6.7-draft,0.6.7-draft,mqtt,mqtt,1330.41,1103.3,6.087,6.409,0.059,0.047,-0.172,-0.309,10.199,9.71,-0.0629,0.0318,0.042,0.0581,-0.0112,-0.0091,25.07,25.09,15483,18364,1.935,2.296,5.806,6.887,645,645,65,65,13,12,0,0,,,,,,,,,,,,,,,,,0,0,0,0
2026-09-28T22:10:56.728930+09:00,83652781,e5477175,2026-09-28T22:10:56.728930+09:00,2026-09-28T22:10:56.823177+09:00,rail-left-01,rail-right-01,0.6.7-draft,0.6.7-draft,mqtt,mqtt,1331.55,1104.24,6.061,6.404,0.024,-0.01,-0.095,-0.261,10.671,9.68,-0.0626,0.0305,0.038,0.0549,-0.0056,-0.0048,25.08,25.09,15419,18353,1.927,2.294,5.782,6.882,646,646,65,65,13,12,0,0,,,,,,,,,,,,,,,,,0,0,0,0
2026-09-28T22:10:56.748657+09:00,83672508,e5477175,2026-09-28T22:10:56.748657+09:00,2026-09-28T22:10:56.842905+09:00,rail-left-01,rail-right-01,0.6.7-draft,0.6.7-draft,mqtt,mqtt,1332.7,1105.19,6.051,6.4,0.071,0.08,0.03,-0.175,10.536,9.956,-0.0648,0.0314,0.037,0.0572,-0.0047,-0.0061,25.07,25.08,15393,18344,1.924,2.293,5.772,6.879,647,647,65,65,13,12,0,0,,,,,,,,,,,,,,,,,0,0,0,0
2026-09-28T22:10:56.768682+09:00,83692533,e5477175,2026-09-28T22:10:56.768682+09:00,2026-09-28T22:10:56.862930+09:00,rail-left-01,rail-right-01,0.6.7-draft,0.6.7-draft,mqtt,mqtt,1333.84,1106.13,6.027,6.411,0.099,0.085,0.047,-0.196,10.479,9.659,-0.0649,0.0322,0.045,0.0625,-0.0065,-0.0068,25.06,25.08,15333,18368,1.917,2.296,5.75,6.888,648,648,65,65,13,12,0,0,,,,,,,,,,,,,,,,,0,0,0,0
2026-09-28T22:10:56.788640+09:00,83712491,e5477175,2026-09-28T22:10:56.788640+09:00,2026-09-28T22:10:56.882888+09:00,rail-left-01,rail-right-01,0.6.7-draft,0.6.7-draft,mqtt,mqtt,1334.99,1107.13,6.013,6.419,-0.099,-0.05,-0.051,-0.104,10.518,9.694,-0.0613,0.031,0.0397,0.0561,-0.0093,-0.0069,25.07,25.09,15298,18386,1.912,2.298,5.737,6.895,649,649,65,65,13,12,0,0,,,,,,,,,,,,,,,,,0,0,0,0
2026-09-28T22:10:56.808661+09:00,83732512,e5477175,2026-09-28T22:10:56.808661+09:00,2026-09-28T22:10:56.902908+09:00,rail-left-01,rail-right-01,0.6.7-draft,0.6.7-draft,mqtt,mqtt,1336.13,1108.07,5.995,6.414,0.054,0.126,0.12,-0.204,10.514,9.694,-0.0658,0.0282,0.0386,0.0553,-0.0092,-0.0048,25.05,25.09,15243,18374,1.905,2.297,5.716,6.89,650,650,65,65,13,12,0,0,,,,,,,,,,,,,,,,,0,0,0,0
2026-09-28T22:10:56.997824+09:00,83882428,e5477175,2026-09-28T22:10:56.997824+09:00,2026-09-28T22:10:57.123464+09:00,rail-left-01,rail-right-01,0.6.7-draft,0.6.7-draft,mqtt,mqtt,1344.78,1115.23,5.987,6.401,0.102,0.111,-0.23,-0.527,10.397,9.852,-0.0674,0.0325,0.0354,0.053,-0.0071,-0.0099,25.06,25.1,15204,18345,1.901,2.293,5.701,6.879,651,651,66,66,13,12,0,0,,,,,,,,,,,,,,,,,0,0,0,0
2026-09-28T22:10:57.017932+09:00,83902536,e5477175,2026-09-28T22:10:57.017932+09:00,2026-09-28T22:10:57.143572+09:00,rail-left-01,rail-right-01,0.6.7-draft,0.6.7-draft,mqtt,mqtt,1345.92,1116.18,6.037,6.286,0.135,0.103,-0.176,-0.593,10.397,9.463,-0.0625,0.0324,0.0404,0.0562,-0.0041,-0.0059,25.06,25.08,15359,18091,1.92,2.261,5.76,6.784,652,652,66,66,13,12,0,0,,,,,,,,,,,,,,,,,0,0,0,0
2026-09-28T22:10:57.037870+09:00,83922474,e5477175,2026-09-28T22:10:57.037870+09:00,2026-09-28T22:10:57.163510+09:00,rail-left-01,rail-right-01,0.6.7-draft,0.6.7-draft,mqtt,mqtt,1347.07,1117.12,5.998,6.278,-0.002,0.104,0.095,-0.005,10.362,9.658,-0.0601,0.0325,0.0454,0.059,-0.0001,0.0003,25.08,25.09,15257,18073,1.907,2.259,5.721,6.777,653,653,66,66,13,12,0,0,,,,,,,,,,,,,,,,,0,0,0,0
2026-09-28T22:10:57.057972+09:00,83942576,e5477175,2026-09-28T22:10:57.057972+09:00,2026-09-28T22:10:57.183612+09:00,rail-left-01,rail-right-01,0.6.7-draft,0.6.7-draft,mqtt,mqtt,1348.21,1118.11,5.957,6.276,0.007,0.024,0.074,-0.491,10.339,9.637,-0.0506,0.0318,0.0476,0.0675,-0.01,-0.008,25.06,25.11,15054,18069,1.882,2.259,5.645,6.776,654,654,66,66,13,12,0,0,,,,,,,,,,,,,,,,,0,0,0,0
2026-09-28T22:10:57.077834+09:00,83962438,e5477175,2026-09-28T22:10:57.077834+09:00,2026-09-28T22:10:57.203474+09:00,rail-left-01,rail-right-01,0.6.7-draft,0.6.7-draft,mqtt,mqtt,1349.35,1119.06,5.896,6.268,0.03,0.129,-0.171,-0.4,10.285,9.592,-0.0437,0.0329,0.0448,0.0614,-0.0076,-0.0035,25.07,25.08,14754,18051,1.844,2.256,5.533,6.769,655,655,66,66,13,12,0,0,,,,,,,,,,,,,,,,,0,0,0,0
2026-09-28T22:10:57.098004+09:00,83982609,e5477175,2026-09-28T22:10:57.098004+09:00,2026-09-28T22:10:57.223645+09:00,rail-left-01,rail-right-01,0.6.7-draft,0.6.7-draft,mqtt,mqtt,1350.55,1120,5.804,6.224,0.004,0.043,-0.081,-0.269,10.381,9.5,-0.0422,0.0432,0.055,0.0718,-0.0075,-0.0088,25.05,25.07,14305,17954,1.788,2.244,5.364,6.733,656,656,66,66,13,12,0,0,,,,,,,,,,,,,,,,,0,0,0,0
2026-09-28T22:10:57.117978+09:00,84002582,e5477175,2026-09-28T22:10:57.117978+09:00,2026-09-28T22:10:57.243618+09:00,rail-left-01,rail-right-01,0.6.7-draft,0.6.7-draft,mqtt,mqtt,1351.69,1120.95,5.721,6.189,-0.007,0.041,-0.14,-0.323,10.386,9.531,-0.035,0.0437,0.0498,0.0673,-0.0065,-0.0067,25.05,25.1,13896,17875,1.737,2.234,5.211,6.703,657,657,66,66,13,12,0,0,,,,,,,,,,,,,,,,,0,0,0,0
2026-09-28T22:10:57.137931+09:00,84022535,e5477175,2026-09-28T22:10:57.137931+09:00,2026-09-28T22:10:57.263571+09:00,rail-left-01,rail-right-01,0.6.7-draft,0.6.7-draft,mqtt,mqtt,1352.83,1121.89,5.553,6.088,-0.03,0.036,-0.221,-0.478,10.263,9.486,-0.0228,0.0529,0.058,0.0766,-0.0116,-0.0128,25.07,25.09,13071,17652,1.634,2.207,4.902,6.62,658,658,66,66,13,12,0,0,,,,,,,,,,,,,,,,,0,0,0,0
2026-09-28T22:10:57.157932+09:00,84042536,e5477175,2026-09-28T22:10:57.157932+09:00,2026-09-28T22:10:57.283572+09:00,rail-left-01,rail-right-01,0.6.7-draft,0.6.7-draft,mqtt,mqtt,1354.03,1122.84,5.323,5.976,-0.187,-0.148,-0.166,-0.323,10.403,9.568,-0.0153,0.0636,0.0516,0.0681,-0.0121,-0.0061,25.09,25.09,11946,17341,1.493,2.168,4.48,6.503,659,659,66,66,13,12,0,0,,,,,,,,,,,,,,,,,0,0,0,0
2026-09-28T22:10:57.177987+09:00,84062591,e5477175,2026-09-28T22:10:57.177987+09:00,2026-09-28T22:10:57.303627+09:00,rail-left-01,rail-right-01,0.6.7-draft,0.6.7-draft,mqtt,mqtt,1355.22,1123.83,5.01,5.868,-0.029,-0.096,-0.274,-0.13,10.324,9.632,0.0045,0.0709,0.0629,0.0827,-0.0317,-0.027,25.04,25.07,10406,16819,1.301,2.102,3.902,6.307,660,660,66,66,13,12,0,0,,,,,,,,,,,,,,,,,0,0,0,0
2026-09-28T22:10:57.397683+09:00,84281470,e5477175,2026-09-28T22:10:57.397683+09:00,2026-09-28T22:10:57.501290+09:00,rail-left-01,rail-right-01,0.6.7-draft,0.6.7-draft,mqtt,mqtt,1368.45,1134.37,4.795,5.806,-0.53,-0.305,0.619,0.13,13.047,8.12,-0.0504,0.0097,0.0313,0.0268,-0.0702,-0.0093,25.06,25.08,9353,16521,1.169,2.065,3.507,6.195,661,661,67,67,13,12,0,0,,,,,,,,,,,,,,,,,0,0,0,0
2026-09-28T22:10:57.417798+09:00,84301585,e5477175,2026-09-28T22:10:57.417798+09:00,2026-09-28T22:10:57.521405+09:00,rail-left-01,rail-right-01,0.6.7-draft,0.6.7-draft,mqtt,mqtt,1369.64,1135.32,0,0.02,0.291,0.622,0.467,-0.682,12.407,10.728,-0.0332,0.0209,0.0155,0.0417,0.0031,-0.0185,25.07,25.09,-179,17,-0.022,0.002,-0.067,0.006,662,662,67,67,13,12,0,0,,,,,,,,,,,,,,,,,0,0,0,0
2026-09-28T22:10:57.437742+09:00,84321529,e5477175,2026-09-28T22:10:57.437742+09:00,2026-09-28T22:10:57.541349+09:00,rail-left-01,rail-right-01,0.6.7-draft,0.6.7-draft,mqtt,mqtt,1370.88,1136.26,0,0.014,-0.564,-0.505,0.612,1.196,10.846,10.019,-0.061,0.0195,0.0362,0.0392,-0.0037,0.0009,25.07,25.1,-166,15,-0.021,0.002,-0.062,0.006,663,663,67,67,13,12,0,0,,,,,,,,,,,,,,,,,0,0,0,0
2026-09-28T22:10:57.457688+09:00,84341475,e5477175,2026-09-28T22:10:57.457688+09:00,2026-09-28T22:10:57.561295+09:00,rail-left-01,rail-right-01,0.6.7-draft,0.6.7-draft,mqtt,mqtt,1372.07,1137.21,0,0.02,0.376,0.539,0.414,-0.461,10.977,9.615,-0.087,0.01,0.0422,0.0358,-0.0233,-0.0039,25.08,25.07,-157,17,-0.02,0.002,-0.059,0.006,664,664,67,67,13,12,0,0,,,,,,,,,,,,,,,,,0,0,0,0
2026-09-28T22:10:57.477845+09:00,84361632,e5477175,2026-09-28T22:10:57.477845+09:00,2026-09-28T22:10:57.581452+09:00,rail-left-01,rail-right-01,0.6.7-draft,0.6.7-draft,mqtt,mqtt,1373.32,1138.15,0,0.023,-0.236,-0.013,0.05,-0.051,10.849,9.45,-0.0782,0.0216,0.0358,0.05,0.0221,0.0007,25.05,25.08,-158,18,-0.02,0.002,-0.059,0.007,665,665,67,67,13,12,0,0,,,,,,,,,,,,,,,,,0,0,0,0
2026-09-28T22:10:57.497938+09:00,84381725,e5477175,2026-09-28T22:10:57.497938+09:00,2026-09-28T22:10:57.601545+09:00,rail-left-01,rail-right-01,0.6.7-draft,0.6.7-draft,mqtt,mqtt,1374.56,1139.14,0,0.014,0.457,0.638,0.405,0.093,9.686,9.822,-0.0293,0.018,0.0293,0.0502,-0.0264,-0.0077,25.05,25.07,-180,15,-0.023,0.002,-0.068,0.006,666,666,67,67,13,12,0,0,,,,,,,,,,,,,,,,,0,0,0,0
2026-09-28T22:10:57.517725+09:00,84401512,e5477175,2026-09-28T22:10:57.517725+09:00,2026-09-28T22:10:57.621332+09:00,rail-left-01,rail-right-01,0.6.7-draft,0.6.7-draft,mqtt,mqtt,1375.75,1140.04,0,0.014,-0.393,-0.239,0.883,0.073,9.703,9.807,-0.0252,0.0342,0.0413,0.0456,-0.0195,-0.0129,25.05,25.09,-255,15,-0.032,0.002,-0.096,0.006,667,667,67,67,13,12,0,0,,,,,,,,,,,,,,,,,0,0,0,0
2026-09-28T22:10:57.537679+09:00,84421466,e5477175,2026-09-28T22:10:57.537679+09:00,2026-09-28T22:10:57.641286+09:00,rail-left-01,rail-right-01,0.6.7-draft,0.6.7-draft,mqtt,mqtt,1376.95,1140.98,0,0.02,0.588,0.423,0.559,0.022,10.52,9.609,-0.0887,0.0302,0.0373,0.0582,-0.0087,-0.0115,25.07,25.08,-173,17,-0.022,0.002,-0.065,0.006,668,668,67,67,13,12,0,0,,,,,,,,,,,,,,,,,0,0,0,0
2026-09-28T22:10:57.557803+09:00,84441590,e5477175,2026-09-28T22:10:57.557803+09:00,2026-09-28T22:10:57.661410+09:00,rail-left-01,rail-right-01,0.6.7-draft,0.6.7-draft,mqtt,mqtt,1378.19,1141.93,0,0.02,-0.281,-0.305,0.026,0.006,10.487,10.074,-0.1081,0.0313,0.0489,0.0573,-0.0033,0.0101,25.08,25.08,-181,17,-0.023,0.002,-0.068,0.006,669,669,67,67,13,12,0,0,,,,,,,,,,,,,,,,,0,0,0,0
2026-09-28T22:10:57.577675+09:00,84461462,e5477175,2026-09-28T22:10:57.577675+09:00,2026-09-28T22:10:57.681282+09:00,rail-left-01,rail-right-01,0.6.7-draft,0.6.7-draft,mqtt,mqtt,1379.38,1142.87,0,0.02,0.35,0.371,0.296,0.047,10.505,9.803,-0.0686,0.0292,0.0472,0.0556,0.0013,-0.0073,25.05,25.09,-173,17,-0.022,0.002,-0.065,0.006,670,670,67,67,13,12,0,0,,,,,,,,,,,,,,,,,0,0,0,0
2026-09-28T22:10:57.864667+09:00,84659451,e5477175,2026-09-28T22:10:57.864667+09:00,2026-09-28T22:10:58.043325+09:00,rail-left-01,rail-right-01,0.6.7-draft,0.6.7-draft,mqtt,mqtt,1391.27,1152.02,0,0.026,-0.006,0.055,0.57,0.198,10.28,9.844,-0.0501,0.0448,0.0416,0.0474,-0.0215,-0.0164,25.08,25.12,-186,19,-0.023,0.002,-0.07,0.007,671,671,68,68,13,12,0,0,,,,,,,,,,,,,,,,,0,0,0,0
2026-09-28T22:10:57.884826+09:00,84679610,e5477175,2026-09-28T22:10:57.884826+09:00,2026-09-28T22:10:58.063484+09:00,rail-left-01,rail-right-01,0.6.7-draft,0.6.7-draft,mqtt,mqtt,1392.46,1152.97,0,0.02,0.059,-0.241,0.447,0.128,10.558,9.784,-0.0514,0.0348,0.0441,0.0601,0.0242,-0.0109,25.07,25.09,-224,17,-0.028,0.002,-0.084,0.006,672,672,68,68,13,12,0,0,,,,,,,,,,,,,,,,,0,0,0,0
2026-09-28T22:10:57.904893+09:00,84699677,e5477175,2026-09-28T22:10:57.904893+09:00,2026-09-28T22:10:58.083551+09:00,rail-left-01,rail-right-01,0.6.7-draft,0.6.7-draft,mqtt,mqtt,1393.6,1153.86,0,0.014,0.166,0.272,-0.294,-0.187,10.891,10.224,-0.0545,0.0262,0.0317,0.0476,-0.0083,-0.0152,25.1,25.1,-220,15,-0.028,0.002,-0.083,0.006,673,673,68,68,13,12,0,0,,,,,,,,,,,,,,,,,0,0,0,0
2026-09-28T22:10:57.924714+09:00,84719498,e5477175,2026-09-28T22:10:57.924714+09:00,2026-09-28T22:10:58.103372+09:00,rail-left-01,rail-right-01,0.6.7-draft,0.6.7-draft,mqtt,mqtt,1394.8,1154.81,0,0.023,-0.15,-0.111,0.953,0.339,9.823,10.172,-0.0802,0.0266,0.0393,0.0622,-0.006,0.0135,25.06,25.1,-223,18,-0.028,0.002,-0.084,0.007,674,674,68,68,13,12,0,0,,,,,,,,,,,,,,,,,0,0,0,0
2026-09-28T22:10:57.944739+09:00,84739523,e5477175,2026-09-28T22:10:57.944739+09:00,2026-09-28T22:10:58.123397+09:00,rail-left-01,rail-right-01,0.6.7-draft,0.6.7-draft,mqtt,mqtt,1395.99,1155.7,0,0.017,0.139,0.113,0.324,-0.108,10.241,9.664,-0.0679,0.0276,0.0374,0.054,-0.0113,-0.0157,25.09,25.1,-223,16,-0.028,0.002,-0.084,0.006,675,675,68,68,13,12,0,0,,,,,,,,,,,,,,,,,0,0,0,0
2026-09-28T22:10:57.964692+09:00,84759476,e5477175,2026-09-28T22:10:57.964692+09:00,2026-09-28T22:10:58.143350+09:00,rail-left-01,rail-right-01,0.6.7-draft,0.6.7-draft,mqtt,mqtt,1397.18,1156.65,0,0.014,0.144,0.175,0.042,0.296,10.331,9.663,-0.0691,0.0309,0.0344,0.0536,-0.0059,-0.0156,25.07,25.1,-224,15,-0.028,0.002,-0.084,0.006,676,676,68,68,13,12,0,0,,,,,,,,,,,,,,,,,0,0,0,0
2026-09-28T22:10:57.984772+09:00,84779556,e5477175,2026-09-28T22:10:57.984772+09:00,2026-09-28T22:10:58.163430+09:00,rail-left-01,rail-right-01,0.6.7-draft,0.6.7-draft,mqtt,mqtt,1398.33,1157.59,0,0.02,0.31,0.235,-0.059,-0.176,10.466,10.161,-0.0795,0.0304,0.0314,0.0689,-0.0139,0.0079,25.08,25.11,-221,17,-0.028,0.002,-0.083,0.006,677,677,68,68,13,12,0,0,,,,,,,,,,,,,,,,,0,0,0,0
2026-09-28T22:10:58.004910+09:00,84799694,e5477175,2026-09-28T22:10:58.004910+09:00,2026-09-28T22:10:58.183568+09:00,rail-left-01,rail-right-01,0.6.7-draft,0.6.7-draft,mqtt,mqtt,1399.52,1158.49,0,0.017,-0.019,-0.093,0.699,0.244,9.669,9.791,-0.0606,0.0309,0.0361,0.0729,-0.0203,-0.0076,25.07,25.11,-221,16,-0.028,0.002,-0.083,0.006,678,678,68,68,13,12,0,0,,,,,,,,,,,,,,,,,0,0,0,0
2026-09-28T22:10:58.024717+09:00,84819501,e5477175,2026-09-28T22:10:58.024717+09:00,2026-09-28T22:10:58.203375+09:00,rail-left-01,rail-right-01,0.6.7-draft,0.6.7-draft,mqtt,mqtt,1400.66,1159.43,0,0.023,0.028,-0.02,0.272,0.043,10.619,9.473,-0.0786,0.0505,0.0457,0.0581,-0.0029,-0.0092,25.06,25.09,-221,18,-0.028,0.002,-0.083,0.007,679,679,68,68,13,12,0,0,,,,,,,,,,,,,,,,,0,0,0,0
2026-09-28T22:10:58.044757+09:00,84839541,e5477175,2026-09-28T22:10:58.044757+09:00,2026-09-28T22:10:58.223415+09:00,rail-left-01,rail-right-01,0.6.7-draft,0.6.7-draft,mqtt,mqtt,1401.86,1160.32,0,0.023,0.202,0.182,0.436,0.304,10.314,9.881,-0.0741,0.024,0.03,0.0592,-0.0163,-0.0117,25.06,25.09,-222,18,-0.028,0.002,-0.083,0.007,680,680,68,68,13,12,0,0,,,,,,,,,,,,,,,,,0,0,0,0
