time,uptime_us,boot_id,time_left,time_right,left_device_id,right_device_id,left_firmware_version,right_firmware_version,left_source,right_source,left_position_mm,right_position_mm,left_sensor_distance_mm,right_sensor_distance_mm,left_mpu_accel_x,right_mpu_accel_x,left_mpu_accel_y,right_mpu_accel_y,left_mpu_accel_z,right_mpu_accel_z,left_mpu_gyro_x,right_mpu_gyro_x,left_mpu_gyro_y,right_mpu_gyro_y,left_mpu_gyro_z,right_mpu_gyro_z,left_mpu_temp_c,right_mpu_temp_c,left_adc_raw,right_adc_raw,left_adc_voltage_v,right_adc_voltage_v,left_sensor_voltage_v,right_sensor_voltage_v,left_sample_seq,right_sample_seq,left_batch_seq,right_batch_seq,left_dropped_batches,right_dropped_batches,left_status_flags,right_status_flags,left_tilt_deg,right_tilt_deg,left_roll_deg,right_roll_deg,left_delta_mm,right_delta_mm,left_distance_delta_mm,right_distance_delta_mm,left_m_mm,right_m_mm,left_dm_dx,right_dm_dx,left_ddelta_dx,right_ddelta_dx,left_apeak,right_apeak,left_magnitude_mm,right_magnitude_mm,left_abnormal_score,right_abnormal_score
2026-09-28T21:55:07.967767+09:00,114342516,41d8b32a,2026-09-28T21:55:07.967767+09:00,2026-09-28T21:55:08.061061+09:00,rail-left-01,rail-right-01,0.6.7-draft,0.6.7-draft,mqtt,mqtt,0.05,0.05,5.941,6.635,0.014,0.023,-0.397,-0.661,10.479,9.778,-0.0674,0.0309,0.0372,0.0581,-0.0092,-0.01,26.04,26.24,14975,18865,1.872,2.358,5.616,7.074,1,1,1,1,0,0,0,0,,0,,0,,-0.76036649,,-0.76036649,,0.28868917,,0,,0,,0.59535,0,0.38973547,0,0
2026-09-28T21:55:07.987699+09:00,114362448,41d8b32a,2026-09-28T21:55:07.987699+09:00,2026-09-28T21:55:08.080993+09:00,rail-left-01,rail-right-01,0.6.7-draft,0.6.7-draft,mqtt,mqtt,0.2,0.15,5.936,6.634,-0.067,-0.019,-0.029,-0.369,10.433,9.688,-0.0657,0.0322,0.0386,0.0552,-0.0087,-0.0024,26.04,26.24,14955,18862,1.869,2.358,5.608,7.073,2,2,1,1,0,0,0,0,,-0.05989097,,-0.05989097,,-0.75986649,,-0.75986649,,0.28843917,,-0.01,,0.02,,0.59535,0,0.38970915,0,0
2026-09-28T21:55:08.007795+09:00,114382544,41d8b32a,2026-09-28T21:55:08.007795+09:00,2026-09-28T21:55:08.101089+09:00,rail-left-01,rail-right-01,0.6.7-draft,0.6.7-draft,mqtt,mqtt,0.45,0.4,5.936,6.636,0.004,-0.028,-0.072,-0.5,10.402,9.734,-0.0654,0.0316,0.039,0.0589,-0.0091,-0.0048,26.02,26.24,14952,18866,1.869,2.358,5.607,7.075,3,3,1,1,0,0,0,0,,-0.08829969,,-0.08829969,,-0.76036649,,-0.76036649,,0.28868917,,0.00384615,,-0.00769231,,0.59535,0,0.38973547,0,0
2026-09-28T21:55:08.027768+09:00,114402517,41d8b32a,2026-09-28T21:55:08.027768+09:00,2026-09-28T21:55:08.121062+09:00,rail-left-01,rail-right-01,0.6.7-draft,0.6.7-draft,mqtt,mqtt,0.8,0.7,5.936,6.637,-0.042,-0.02,-0.108,-0.37,10.47,9.706,-0.0652,0.0324,0.0405,0.0557,-0.0092,-0.0057,26.04,26.23,14951,18869,1.869,2.359,5.607,7.076,4,4,1,1,0,0,0,0,,-0.09685579,,-0.09685579,,-0.76086649,,-0.76086649,,0.28893917,,0.0039604,,-0.00792079,,0.59535,0,0.38976178,0,0
2026-09-28T21:55:08.047929+09:00,114422678,41d8b32a,2026-09-28T21:55:08.047929+09:00,2026-09-28T21:55:08.141223+09:00,rail-left-01,rail-right-01,0.6.7-draft,0.6.7-draft,mqtt,mqtt,1.19,1.04,5.933,6.642,-0.016,-0.014,-0.048,-0.409,10.473,9.687,-0.0638,0.0317,0.0394,0.0574,-0.0075,-0.0064,26.03,26.24,14938,18881,1.867,2.36,5.602,7.08,5,5,1,1,0,0,0,0,,-0.09859013,,-0.09859013,,-0.76216649,,-0.76216649,,0.28958917,,0.00713249,,-0.01426498,,0.59535,0,0.3898302,0,0
2026-09-28T21:55:08.067707+09:00,114442456,41d8b32a,2026-09-28T21:55:08.067707+09:00,2026-09-28T21:55:08.161001+09:00,rail-left-01,rail-right-01,0.6.7-draft,0.6.7-draft,mqtt,mqtt,1.64,1.44,5.933,6.644,0.013,0.081,-0.019,-0.424,10.439,9.675,-0.0644,0.0313,0.0389,0.0545,-0.0069,-0.0033,26.02,26.23,14940,18885,1.868,2.361,5.602,7.082,6,6,1,1,0,0,0,0,,-0.05457177,,-0.05457177,,-0.76336649,,-0.76336649,,0.29018917,,0.00728189,,-0.01456378,,0.59535,0,0.38989336,0,0
2026-09-28T21:55:08.087638+09:00,114462387,41d8b32a,2026-09-28T21:55:08.087638+09:00,2026-09-28T21:55:08.180932+09:00,rail-left-01,rail-right-01,0.6.7-draft,0.6.7-draft,mqtt,mqtt,2.19,1.94,5.938,6.646,-0.111,-0.083,-0.023,-0.393,10.356,9.805,-0.0642,0.0313,0.039,0.0582,-0.0083,-0.0048,26.03,26.24,14963,18890,1.87,2.361,5.611,7.084,7,7,1,1,0,0,0,0,,-0.0897121,,-0.0897121,,-0.76450935,,-0.76450935,,0.2907606,,0.00668992,,-0.01337985,,0.59535,0,0.38995351,0,0
2026-09-28T21:55:08.107728+09:00,114482477,41d8b32a,2026-09-28T21:55:08.107728+09:00,2026-09-28T21:55:08.201022+09:00,rail-left-01,rail-right-01,0.6.7-draft,0.6.7-draft,mqtt,mqtt,2.78,2.44,5.94,6.649,-0.005,0.028,-0.192,-0.365,10.539,9.723,-0.0666,0.0322,0.04,0.0562,-0.0087,-0.0076,26.04,26.21,14972,18896,1.872,2.362,5.615,7.086,8,8,1,1,0,0,0,0,,-0.07671872,,-0.07671872,,-0.76574149,,-0.76574149,,0.29137667,,0.00641821,,-0.01283642,,0.59535,0,0.39001836,0,0
2026-09-28T21:55:08.127813+09:00,114502562,41d8b32a,2026-09-28T21:55:08.127813+09:00,2026-09-28T21:55:08.221107+09:00,rail-left-01,rail-right-01,0.6.7-draft,0.6.7-draft,mqtt,mqtt,3.43,3.03,5.807,6.646,-0.111,-0.037,-0.028,-0.436,10.544,9.724,-0.0677,0.0325,0.0374,0.0521,-0.0111,-0.0064,26.05,26.22,14321,18890,1.79,2.361,5.37,7.084,9,9,1,1,0,0,0,0,,-0.08717339,,-0.08717339,,-0.76636649,,-0.76636649,,0.29168917,,0.00494362,,-0.00988724,,0.59535,0,0.39005126,0,0
2026-09-28T21:55:08.147736+09:00,114522485,41d8b32a,2026-09-28T21:55:08.147736+09:00,2026-09-28T21:55:08.241030+09:00,rail-left-01,rail-right-01,0.6.7-draft,0.6.7-draft,mqtt,mqtt,4.08,3.63,5.854,6.645,-0.023,0.034,0.024,-0.346,10.402,9.703,-0.0641,0.0336,0.0377,0.0572,-0.0087,-0.0057,26.04,26.26,14550,18887,1.819,2.361,5.456,7.083,10,10,1,1,0,0,0,0,,-0.07532124,,-0.07532124,,-0.76676649,,-0.76676649,,0.29188917,,0.00374209,,-0.00748417,,0.59535,0,0.39007231,0,0
2026-09-28T21:55:08.298109+09:00,114721115,41d8b32a,2026-09-28T21:55:08.298109+09:00,2026-09-28T21:55:08.339841+09:00,rail-left-01,rail-right-01,0.6.7-draft,0.6.7-draft,mqtt,mqtt,12.28,10.74,5.854,6.645,-0.006,0.041,0.018,-0.415,10.361,9.67,-0.0694,0.0332,0.0377,0.0554,-0.0119,-0.0063,26.04,26.22,14550,18887,1.819,2.361,5.456,7.083,11,11,2,2,0,0,0,0,-0.09317457,-0.2293799,-0.09317457,-0.2293799,-0.76709377,-0.66331887,-0.76709377,-0.66331887,0.2920528,0.34549869,0.00077311,0.01427091,-0.00154622,0.02761056,0.59535,0.87135,0.39008953,0.3846277,0,0
2026-09-28T21:55:08.318063+09:00,114741068,41d8b32a,2026-09-28T21:55:08.318063+09:00,2026-09-28T21:55:08.359794+09:00,rail-left-01,rail-right-01,0.6.7-draft,0.6.7-draft,mqtt,mqtt,13.18,11.53,5.978,6.668,-0.022,0.02,0.014,-0.293,10.319,9.668,-0.0673,0.0313,0.039,0.0577,-0.0075,-0.0041,26.05,26.23,15159,18937,1.895,2.367,5.685,7.101,12,12,2,2,0,0,0,0,-0.11148022,-0.20836941,-0.11148022,-0.20836941,-0.75703316,-0.65332104,-0.75703316,-0.65332104,0.29735584,0.35162099,0.00617493,0.01430204,0.0101079,0.02687712,0.59535,0.87135,0.38956003,0.3841015,0,0
2026-09-28T21:55:08.338150+09:00,114761156,41d8b32a,2026-09-28T21:55:08.338150+09:00,2026-09-28T21:55:08.379881+09:00,rail-left-01,rail-right-01,0.6.7-draft,0.6.7-draft,mqtt,mqtt,14.12,12.33,5.976,6.665,0.014,-0.038,0.189,-0.214,10.678,9.826,-0.0644,0.0352,0.0413,0.0557,-0.0091,-0.0069,26.02,26.23,15151,18931,1.894,2.366,5.682,7.099,13,13,2,2,0,0,0,0,-0.12983114,-0.19636978,-0.12983114,-0.19636978,-0.74867418,-0.64406214,-0.74867418,-0.64406214,0.30176609,0.35714569,0.00774631,0.01420331,0.01360184,0.02626473,0.87135,0.87135,0.38912008,0.38361419,0,0
2026-09-28T21:55:08.358054+09:00,114781060,41d8b32a,2026-09-28T21:55:08.358054+09:00,2026-09-28T21:55:08.399785+09:00,rail-left-01,rail-right-01,0.6.7-draft,0.6.7-draft,mqtt,mqtt,15.06,13.13,5.976,6.669,-0.01,0.002,-0.147,-0.224,10.625,9.77,-0.0638,0.0353,0.0344,0.0522,-0.0091,-0.0067,26.05,26.23,15147,18940,1.893,2.368,5.68,7.102,14,14,2,2,0,0,0,0,-0.14800626,-0.1806534,-0.14800626,-0.1806534,-0.74150935,-0.63574149,-0.74150935,-0.63574149,0.30554631,0.36229334,0.00832365,0.01408116,0.01496649,0.02562648,0.87135,0.87135,0.38874299,0.38317626,0,0
2026-09-28T21:55:08.378222+09:00,114801227,41d8b32a,2026-09-28T21:55:08.378222+09:00,2026-09-28T21:55:08.419953+09:00,rail-left-01,rail-right-01,0.6.7-draft,0.6.7-draft,mqtt,mqtt,16.01,13.97,5.994,6.665,-0.02,0.093,0.05,-0.218,10.415,9.521,-0.0654,0.0298,0.0388,0.0516,-0.0096,-0.0068,26.04,26.23,15238,18932,1.905,2.367,5.714,7.1,15,15,2,2,0,0,0,0,-0.16621593,-0.15569252,-0.16621593,-0.15569252,-0.73409983,-0.62792649,-0.73409983,-0.62792649,0.3094225,0.36694917,0.00884481,0.01389071,0.01615831,0.02507083,0.87135,0.87135,0.38835301,0.38276494,0,0
2026-09-28T21:55:08.398813+09:00,114821819,41d8b32a,2026-09-28T21:55:08.398813+09:00,2026-09-28T21:55:08.440545+09:00,rail-left-01,rail-right-01,0.6.7-draft,0.6.7-draft,mqtt,mqtt,17,14.82,6.017,6.669,-0.068,-0.056,0.321,-0.204,10.429,9.71,-0.0586,0.0346,0.0377,0.0526,-0.0085,-0.0049,26.02,26.24,15309,18941,1.914,2.368,5.741,7.103,16,16,2,2,0,0,0,0,-0.18470799,-0.14905041,-0.18470799,-0.14905041,-0.72617899,-0.62086649,-0.72617899,-0.62086649,0.31353292,0.37132378,0.00940323,0.01370121,0.01739341,0.02448061,0.87135,0.87135,0.38793613,0.38239336,0,0
2026-09-28T21:55:08.418931+09:00,114841937,41d8b32a,2026-09-28T21:55:08.418931+09:00,2026-09-28T21:55:08.460663+09:00,rail-left-01,rail-right-01,0.6.7-draft,0.6.7-draft,mqtt,mqtt,18,15.66,6.085,6.685,-0.048,-0.025,-0.026,-0.141,10.385,9.603,-0.0617,0.0317,0.0344,0.0525,-0.0087,-0.0121,26.01,26.25,15479,18975,1.935,2.372,5.805,7.116,17,17,2,2,0,0,0,0,-0.20304931,-0.13962607,-0.20304931,-0.13962607,-0.71519002,-0.61492205,-0.71519002,-0.61492205,0.31915976,0.37567065,0.0106048,0.01357665,0.01989543,0.02374712,0.87135,0.87135,0.38735776,0.3820805,0,0
2026-09-28T21:55:08.438141+09:00,114861147,41d8b32a,2026-09-28T21:55:08.438141+09:00,2026-09-28T21:55:08.479873+09:00,rail-left-01,rail-right-01,0.6.7-draft,0.6.7-draft,mqtt,mqtt,18.94,16.46,6.134,6.688,-0.005,0.045,-0.073,-0.132,10.354,9.7,-0.0618,0.0312,0.0328,0.0538,-0.0077,-0.0052,26.03,26.24,15600,18983,1.95,2.373,5.85,7.119,18,18,2,2,0,0,0,0,-0.22081168,-0.12380515,-0.22081168,-0.12380515,-0.70269983,-0.60950935,-0.70269983,-0.60950935,0.3255225,0.3797606,0.01192603,0.01344018,0.022622,0.0230448,0.87135,0.87135,0.38670038,0.38179562,0,0
2026-09-28T21:55:08.458085+09:00,114881091,41d8b32a,2026-09-28T21:55:08.458085+09:00,2026-09-28T21:55:08.499817+09:00,rail-left-01,rail-right-01,0.6.7-draft,0.6.7-draft,mqtt,mqtt,19.89,17.3,6.184,6.689,-0.053,-0.007,0.17,-0.415,10.411,9.782,-0.0606,0.0342,0.0377,0.0537,-0.0091,-0.0035,26.04,26.23,15724,18985,1.966,2.373,5.897,7.119,19,19,2,2,0,0,0,0,-0.23850251,-0.11418072,-0.23850251,-0.11418072,-0.68889281,-0.60450442,-0.68889281,-0.60450442,0.33253127,0.38358572,0.01331005,0.01328423,0.02546378,0.02238111,0.87135,0.87135,0.38597369,0.3815322,0,0
2026-09-28T21:55:08.478195+09:00,114901201,41d8b32a,2026-09-28T21:55:08.478195+09:00,2026-09-28T21:55:08.519927+09:00,rail-left-01,rail-right-01,0.6.7-draft,0.6.7-draft,mqtt,mqtt,20.88,18.2,6.204,6.696,0.062,0.069,-0.211,-0.275,10.509,9.819,-0.0629,0.0353,0.0385,0.0566,-0.0103,-0.0076,26.02,26.23,15774,19001,1.972,2.375,5.915,7.125,20,20,2,2,0,0,0,0,-0.25547155,-0.09806714,-0.25547155,-0.09806714,-0.67546649,-0.60006649,-0.67546649,-0.60006649,0.33933917,0.3872725,0.01440941,0.01313521,0.02772895,0.02169341,0.87135,0.87135,0.38526705,0.38129863,0,0
2026-09-28T21:55:08.573815+09:00,115002464,41d8b32a,2026-09-28T21:55:08.573815+09:00,2026-09-28T21:55:08.660999+09:00,rail-left-01,rail-right-01,0.6.7-draft,0.6.7-draft,mqtt,mqtt,25.95,22.57,6.214,6.701,0.054,0.172,0.147,-0.182,10.41,9.592,-0.0655,0.0361,0.0397,0.0546,-0.0087,-0.0052,26.03,26.23,15799,19011,1.975,2.376,5.925,7.129,21,21,3,3,0,0,0,0,-0.0902445,-0.08261521,-0.0902445,-0.08261521,-0.5955923,-0.54446405,-0.5955923,-0.54446405,0.39088272,0.426616,0.01273475,0.01111945,0.02061642,0.01693994,0.87135,0.88835,0.38106314,0.37837218,0,0
2026-09-28T21:55:08.593949+09:00,115022598,41d8b32a,2026-09-28T21:55:08.593949+09:00,2026-09-28T21:55:08.681134+09:00,rail-left-01,rail-right-01,0.6.7-draft,0.6.7-draft,mqtt,mqtt,27,23.47,6.273,6.74,-0.101,-0.103,-0.006,-0.232,10.453,9.786,-0.0642,0.032,0.0412,0.0573,-0.0069,-0.0045,26.02,26.21,15946,19098,1.993,2.387,5.98,7.162,22,22,3,3,0,0,0,0,-0.08488949,-0.09167634,-0.08488949,-0.09167634,-0.58955399,-0.54231887,-0.58955399,-0.54231887,0.39518917,0.42947488,0.01260657,0.01088358,0.02016334,0.01613941,0.87135,0.88835,0.38074534,0.37825928,0,0
2026-09-28T21:55:08.614153+09:00,115042803,41d8b32a,2026-09-28T21:55:08.614153+09:00,2026-09-28T21:55:08.701338+09:00,rail-left-01,rail-right-01,0.6.7-draft,0.6.7-draft,mqtt,mqtt,28.04,24.31,6.285,6.756,-0.006,0.011,0.221,-0.254,10.695,9.64,-0.0646,0.0314,0.0369,0.0569,-0.0076,-0.0075,26.02,26.23,15976,19134,1.997,2.392,5.991,7.175,23,23,3,3,0,0,0,0,-0.08132372,-0.09275943,-0.08132372,-0.09275943,-0.58351801,-0.54064556,-0.58351801,-0.54064556,0.39941644,0.43238684,0.01249949,0.01069897,0.01981114,0.01535981,0.88835,0.88835,0.38042765,0.37817121,0,0
2026-09-28T21:55:08.633972+09:00,115062622,41d8b32a,2026-09-28T21:55:08.633972+09:00,2026-09-28T21:55:08.721157+09:00,rail-left-01,rail-right-01,0.6.7-draft,0.6.7-draft,mqtt,mqtt,29.04,25.21,6.299,6.769,-0.004,-0.032,-0.012,-0.329,10.41,9.857,-0.0649,0.0338,0.0382,0.0573,-0.0075,-0.0061,26.03,26.21,16010,19163,2.001,2.395,6.004,7.186,24,24,3,3,0,0,0,0,-0.07932072,-0.09654372,-0.07932072,-0.09654372,-0.57742532,-0.53934377,-0.57742532,-0.53934377,0.40360093,0.43531417,0.01241758,0.01054781,0.0195531,0.0146082,0.88835,0.88835,0.38010698,0.37810269,0,0
2026-09-28T21:55:08.654712+09:00,115083362,41d8b32a,2026-09-28T21:55:08.654712+09:00,2026-09-28T21:55:08.741897+09:00,rail-left-01,rail-right-01,0.6.7-draft,0.6.7-draft,mqtt,mqtt,30.13,26.1,6.301,6.786,0.002,0.02,0.04,-0.268,10.546,9.588,-0.0652,0.0296,0.0418,0.059,-0.0104,-0.0089,26.01,26.22,16016,19200,2.002,2.4,6.006,7.2,25,25,3,3,0,0,0,0,-0.07879373,-0.09690101,-0.07879373,-0.09690101,-0.57162364,-0.5384776,-0.57162364,-0.5384776,0.40757488,0.43830028,0.0123122,0.01043229,0.01928313,0.01386594,0.88835,0.88835,0.37980163,0.3780571,0,0
2026-09-28T21:55:08.674673+09:00,115103322,41d8b32a,2026-09-28T21:55:08.674673+09:00,2026-09-28T21:55:08.761858+09:00,rail-left-01,rail-right-01,0.6.7-draft,0.6.7-draft,mqtt,mqtt,31.12,27,6.312,6.796,-0.122,-0.086,0.248,-0.324,10.449,9.584,-0.0645,0.0334,0.0384,0.0597,-0.0083,-0.0067,26.06,26.19,16043,19222,2.005,2.403,6.016,7.208,26,26,3,3,0,0,0,0,-0.07984191,-0.10389882,-0.07984191,-0.10389882,-0.56583871,-0.53786649,-0.56583871,-0.53786649,0.41148084,0.44126526,0.01222076,0.0103329,0.01906703,0.01315902,0.88835,0.88835,0.37949716,0.37802494,0,0
2026-09-28T21:55:08.693875+09:00,115122525,41d8b32a,2026-09-28T21:55:08.693875+09:00,2026-09-28T21:55:08.781060+09:00,rail-left-01,rail-right-01,0.6.7-draft,0.6.7-draft,mqtt,mqtt,32.12,27.84,6.319,6.799,0.16,0.152,-0.041,-0.377,10.408,9.743,-0.0652,0.0346,0.0366,0.0573,-0.0049,0.0005,26.01,26.21,16061,19228,2.008,2.404,6.023,7.211,27,27,3,3,0,0,0,0,-0.08140301,-0.09601849,-0.08140301,-0.09601849,-0.5601773,-0.53734522,-0.5601773,-0.53734522,0.41527025,0.44413598,0.01212882,0.01023589,0.01887053,0.01251053,0.88835,0.88835,0.37919919,0.37799751,0,0
2026-09-28T21:55:08.713905+09:00,115142554,41d8b32a,2026-09-28T21:55:08.713905+09:00,2026-09-28T21:55:08.801090+09:00,rail-left-01,rail-right-01,0.6.7-draft,0.6.7-draft,mqtt,mqtt,33.16,28.74,6.312,6.79,-0.156,-0.119,-0.026,-0.36,10.463,9.542,-0.0626,0.0393,0.0418,0.0568,-0.0067,-0.0041,26.01,26.22,16043,19209,2.005,2.401,6.016,7.203,28,28,3,3,0,0,0,0,-0.08442018,-0.10475143,-0.08442018,-0.10475143,-0.55499807,-0.53665816,-0.55499807,-0.53665816,0.41876812,0.44679334,0.01199772,0.01011945,0.01861268,0.01195052,0.88835,0.88835,0.3789266,0.37796134,0,0
2026-09-28T21:55:08.733843+09:00,115162493,41d8b32a,2026-09-28T21:55:08.733843+09:00,2026-09-28T21:55:08.821028+09:00,rail-left-01,rail-right-01,0.6.7-draft,0.6.7-draft,mqtt,mqtt,34.21,29.63,6.268,6.774,0.065,0.101,0.041,0.091,10.345,9.773,-0.0593,0.029,0.0485,0.069,-0.0087,-0.0079,26.03,26.2,15934,19174,1.992,2.397,5.975,7.19,29,29,3,3,0,0,0,0,-0.08819575,-0.1001613,-0.08819575,-0.1001613,-0.55121265,-0.53567261,-0.55121265,-0.53567261,0.4215225,0.44917896,0.01174083,0.00997575,0.01811707,0.01148934,0.88835,0.88835,0.37872737,0.37790947,0,0
2026-09-28T21:55:08.754065+09:00,115182715,41d8b32a,2026-09-28T21:55:08.754065+09:00,2026-09-28T21:55:08.841250+09:00,rail-left-01,rail-right-01,0.6.7-draft,0.6.7-draft,mqtt,mqtt,35.25,30.53,6.265,6.803,-0.059,-0.032,0.47,-0.08,10.253,9.582,-0.0729,0.0286,0.0373,0.0561,-0.0015,0.0039,26.02,26.21,15926,19237,1.991,2.405,5.972,7.214,30,30,3,3,0,0,0,0,-0.09283675,-0.10341533,-0.09283675,-0.10341533,-0.54769149,-0.53530649,-0.54769149,-0.53530649,0.42410167,0.45175917,0.01148238,0.00987901,0.01762936,0.01097267,0.88835,0.88835,0.37854205,0.3778902,0,0
2026-09-28T21:55:08.890445+09:00,115323453,41d8b32a,2026-09-28T21:55:08.890445+09:00,2026-09-28T21:55:08.992676+09:00,rail-left-01,rail-right-01,0.6.7-draft,0.6.7-draft,mqtt,mqtt,42.66,36.84,6.284,6.806,-0.108,-0.123,0.241,-0.567,10.341,9.73,-0.0657,0.0336,0.0413,0.0638,-0.0092,-0.0041,26.02,26.2,15973,19245,1.997,2.406,5.99,7.217,31,31,4,4,0,0,0,0,-0.11299152,-0.21269612,-0.11299152,-0.21269612,-0.53458218,-0.53248125,-0.53458218,-0.53248125,0.45442446,0.47440228,0.0096822,0.00784459,0.01035367,0.00612163,0.88835,0.88835,0.37785208,0.37774151,0,0
2026-09-28T21:55:08.910751+09:00,115343759,41d8b32a,2026-09-28T21:55:08.910751+09:00,2026-09-28T21:55:09.012982+09:00,rail-left-01,rail-right-01,0.6.7-draft,0.6.7-draft,mqtt,mqtt,43.7,37.74,6.26,6.832,0.065,0.11,0.011,-0.095,10.445,9.728,-0.0705,0.0314,0.0386,0.06,-0.008,-0.0059,26.02,26.19,15914,19303,1.989,2.413,5.968,7.239,32,32,4,4,0,0,0,0,-0.12270245,-0.20609665,-0.12270245,-0.20609665,-0.53434726,-0.5324794,-0.53434726,-0.5324794,0.45675648,0.47642304,0.00945643,0.00770336,0.00972364,0.00578639,0.88835,0.88835,0.37783972,0.37774141,0,0
2026-09-28T21:55:08.930594+09:00,115363602,41d8b32a,2026-09-28T21:55:08.930594+09:00,2026-09-28T21:55:09.032825+09:00,rail-left-01,rail-right-01,0.6.7-draft,0.6.7-draft,mqtt,mqtt,44.75,38.63,6.25,6.826,-0.187,-0.156,0.16,-0.245,10.409,9.577,-0.067,0.0322,0.0377,0.0548,-0.0065,-0.0007,26.02,26.22,15889,19289,1.986,2.411,5.958,7.233,33,33,4,4,0,0,0,0,-0.13302157,-0.21179614,-0.13302157,-0.21179614,-0.53430989,-0.53238237,-0.53430989,-0.53238237,0.45890615,0.47833203,0.00922939,0.00756445,0.00912981,0.00549758,0.88835,0.88835,0.37783775,0.3777363,0,0
2026-09-28T21:55:08.950542+09:00,115383549,41d8b32a,2026-09-28T21:55:08.950542+09:00,2026-09-28T21:55:09.052772+09:00,rail-left-01,rail-right-01,0.6.7-draft,0.6.7-draft,mqtt,mqtt,45.84,39.53,6.234,6.814,0.117,0.124,-0.034,-0.291,10.338,9.784,-0.0691,0.0334,0.0405,0.0585,-0.0096,-0.0081,26.02,26.21,15849,19262,1.981,2.408,5.943,7.223,34,34,4,4,0,0,0,0,-0.14329212,-0.20480435,-0.14329212,-0.20480435,-0.5345702,-0.53210087,-0.5345702,-0.53210087,0.46082806,0.48008761,0.00899223,0.00742132,0.00854844,0.0052607,0.88835,0.88835,0.37785145,0.37772149,0,0
2026-09-28T21:55:08.970862+09:00,115403870,41d8b32a,2026-09-28T21:55:08.970862+09:00,2026-09-28T21:55:09.073093+09:00,rail-left-01,rail-right-01,0.6.7-draft,0.6.7-draft,mqtt,mqtt,46.88,40.47,6.246,6.811,-0.134,-0.089,-0.008,-0.236,10.411,9.726,-0.0681,0.0304,0.0342,0.0501,-0.0052,-0.0035,26,26.19,15878,19255,1.985,2.407,5.954,7.221,35,35,4,4,0,0,0,0,-0.15395718,-0.20734884,-0.15395718,-0.20734884,-0.53460286,-0.53178188,-0.53460286,-0.53178188,0.46278917,0.48176609,0.00878771,0.00728338,0.00805927,0.00504993,0.88835,0.88835,0.37785317,0.3777047,0,0
2026-09-28T21:55:08.990850+09:00,115423858,41d8b32a,2026-09-28T21:55:08.990850+09:00,2026-09-28T21:55:09.093081+09:00,rail-left-01,rail-right-01,0.6.7-draft,0.6.7-draft,mqtt,mqtt,47.98,41.37,6.262,6.797,0.056,0.044,0.01,-0.175,10.408,9.814,-0.0705,0.0277,0.0366,0.0564,-0.0072,-0.0087,26.02,26.22,15918,19225,1.99,2.403,5.969,7.209,36,36,4,4,0,0,0,0,-0.16460457,-0.20407831,-0.16460457,-0.20407831,-0.53434864,-0.53126043,-0.53434864,-0.53126043,0.4648231,0.48328765,0.00861544,0.00713994,0.00765799,0.00488319,0.88835,0.88835,0.37783979,0.37767725,0,0
2026-09-28T21:55:09.010635+09:00,115443643,41d8b32a,2026-09-28T21:55:09.010635+09:00,2026-09-28T21:55:09.112866+09:00,rail-left-01,rail-right-01,0.6.7-draft,0.6.7-draft,mqtt,mqtt,49.02,42.26,6.266,6.793,-0.08,-0.071,0.123,-0.151,10.336,9.632,-0.0654,0.0312,0.0378,0.0549,-0.0068,-0.0019,26.02,26.2,15929,19215,1.991,2.402,5.973,7.206,37,37,4,4,0,0,0,0,-0.17549071,-0.205815,-0.17549071,-0.205815,-0.53403316,-0.53069485,-0.53403316,-0.53069485,0.46682075,0.48473394,0.00845626,0.00700121,0.00730211,0.00473629,0.88835,0.88835,0.37782319,0.37764749,0,0
2026-09-28T21:55:09.030517+09:00,115463525,41d8b32a,2026-09-28T21:55:09.030517+09:00,2026-09-28T21:55:09.132748+09:00,rail-left-01,rail-right-01,0.6.7-draft,0.6.7-draft,mqtt,mqtt,50.07,43.16,6.267,6.788,0.055,0.035,0.018,-0.439,10.35,9.809,-0.0649,0.0249,0.0353,0.057,-0.0081,-0.0079,26.02,26.23,15931,19204,1.991,2.401,5.974,7.201,38,38,4,4,0,0,0,0,-0.18630344,-0.20303855,-0.18630344,-0.20303855,-0.53371132,-0.53007237,-0.53371132,-0.53007237,0.46875813,0.48610093,0.00830467,0.00686573,0.00697797,0.00460844,0.88835,0.88835,0.37780625,0.37761472,0,0
2026-09-28T21:55:09.050485+09:00,115483493,41d8b32a,2026-09-28T21:55:09.050485+09:00,2026-09-28T21:55:09.152716+09:00,rail-left-01,rail-right-01,0.6.7-draft,0.6.7-draft,mqtt,mqtt,51.11,44.05,6.266,6.777,-0.108,-0.127,0.184,-0.261,10.548,9.766,-0.0665,0.025,0.0365,0.0504,-0.008,-0.0041,26.03,26.22,15929,19179,1.991,2.397,5.973,7.192,39,39,4,4,0,0,0,0,-0.19734992,-0.20701558,-0.19734992,-0.20701558,-0.53341734,-0.52930852,-0.53341734,-0.52930852,0.47062137,0.48734859,0.00815767,0.00672826,0.00667703,0.00450755,0.88835,0.88835,0.37779077,0.37757452,0,0
2026-09-28T21:55:09.070716+09:00,115503724,41d8b32a,2026-09-28T21:55:09.070716+09:00,2026-09-28T21:55:09.172947+09:00,rail-left-01,rail-right-01,0.6.7-draft,0.6.7-draft,mqtt,mqtt,52.2,45,6.279,6.75,-0.041,0.014,0.029,0.012,10.394,9.683,-0.065,0.023,0.0342,0.0509,-0.0104,-0.0095,26,26.22,15961,19121,1.995,2.39,5.985,7.17,40,40,4,4,0,0,0,0,-0.20845906,-0.20515896,-0.20845906,-0.20515896,-0.53291649,-0.52818078,-0.53291649,-0.52818078,0.47253084,0.48836774,0.00803018,0.00657561,0.00642778,0.00445623,0.88835,0.88835,0.37776441,0.37751517,0,0
2026-09-28T21:55:09.283216+09:00,115660456,41d8b32a,2026-09-28T21:55:09.283216+09:00,2026-09-28T21:55:09.325883+09:00,rail-left-01,rail-right-01,0.6.7-draft,0.6.7-draft,mqtt,mqtt,60.61,52.1,6.27,6.732,-0.077,-0.117,-0.127,-0.214,10.354,9.585,-0.0617,0.0348,0.0412,0.0576,-0.0088,-0.0073,26,26.23,15939,19079,1.992,2.385,5.977,7.155,41,41,5,5,0,0,0,0,-0.50125592,-0.61049374,-0.50125592,-0.61049374,-0.45936649,-0.46073013,-0.45936649,-0.46073013,0.55418917,0.55187099,0,-0.00182423,0,-0.00014498,0.54735,0.75035,0.39678839,0.39666638,0,0
2026-09-28T21:55:09.303374+09:00,115680614,41d8b32a,2026-09-28T21:55:09.303374+09:00,2026-09-28T21:55:09.346041+09:00,rail-left-01,rail-right-01,0.6.7-draft,0.6.7-draft,mqtt,mqtt,61.65,53.05,6.264,6.606,0.025,0.099,0.235,-0.214,10.469,9.711,-0.0658,0.037,0.0336,0.0505,-0.0071,-0.0032,26.01,26.22,15925,18801,1.991,2.35,5.972,7.05,42,42,5,5,0,0,0,0,-0.5128478,-0.54611754,-0.5128478,-0.54611754,-0.46236649,-0.44994983,-0.46236649,-0.44994983,0.55268917,0.5453975,-0.00576923,-0.00595857,-0.01153846,0.00789711,0.66235,0.75035,0.39670944,0.39632567,0,0
2026-09-28T21:55:09.323308+09:00,115700548,41d8b32a,2026-09-28T21:55:09.323308+09:00,2026-09-28T21:55:09.365975+09:00,rail-left-01,rail-right-01,0.6.7-draft,0.6.7-draft,mqtt,mqtt,62.74,53.94,6.265,6.58,-0.096,-0.062,0.281,-0.304,10.448,9.661,-0.0698,0.035,0.0346,0.0568,-0.0068,-0.0087,26.03,26.22,15927,18743,1.991,2.343,5.973,7.029,43,43,5,5,0,0,0,0,-0.52864349,-0.52690464,-0.52864349,-0.52690464,-0.46303316,-0.43882803,-0.46303316,-0.43882803,0.55235584,0.53891994,-0.00232128,-0.00819945,-0.00464255,0.01236293,0.66235,0.75035,0.3966919,0.39598474,0,0
2026-09-28T21:55:09.343245+09:00,115720485,41d8b32a,2026-09-28T21:55:09.343245+09:00,2026-09-28T21:55:09.385912+09:00,rail-left-01,rail-right-01,0.6.7-draft,0.6.7-draft,mqtt,mqtt,63.79,54.89,6.269,6.562,-0.162,-0.117,-0.053,-0.312,10.523,9.688,-0.0678,0.033,0.0342,0.0528,-0.0039,-0.0009,26.02,26.23,15936,18704,1.992,2.338,5.976,7.014,44,44,5,5,0,0,0,0,-0.54687909,-0.52158721,-0.54687909,-0.52158721,-0.46236649,-0.42800935,-0.46236649,-0.42800935,0.55268917,0.53272488,-0.00018052,-0.00959453,-0.00036104,0.01521373,0.71635,0.75035,0.39670944,0.39565869,0,0
2026-09-28T21:55:09.363310+09:00,115740550,41d8b32a,2026-09-28T21:55:09.363310+09:00,2026-09-28T21:55:09.405977+09:00,rail-left-01,rail-right-01,0.6.7-draft,0.6.7-draft,mqtt,mqtt,64.88,55.78,6.271,6.535,0.111,0.117,0.111,0.013,10.39,10.06,-0.0662,0.0334,0.0324,0.0564,-0.0037,-0.0017,26,26.22,15941,18642,1.993,2.33,5.978,6.991,45,45,5,5,0,0,0,0,-0.55963231,-0.4728443,-0.55963231,-0.4728443,-0.46156649,-0.41683316,-0.46156649,-0.41683316,0.55308917,0.52645584,0.00066311,-0.01071997,0.00132621,0.01755458,0.71635,0.75035,0.39673049,0.39532874,0,0
2026-09-28T21:55:09.383586+09:00,115760826,41d8b32a,2026-09-28T21:55:09.383586+09:00,2026-09-28T21:55:09.426253+09:00,rail-left-01,rail-right-01,0.6.7-draft,0.6.7-draft,mqtt,mqtt,65.93,56.73,6.278,6.533,-0.081,-0.086,0.408,-0.263,10.454,9.827,-0.0678,0.0321,0.0346,0.0616,-0.0017,0.0019,25.99,26.24,15959,18638,1.995,2.33,5.985,6.989,46,46,5,5,0,0,0,0,-0.57336107,-0.46590092,-0.57336107,-0.46590092,-0.45986649,-0.40692899,-0.45986649,-0.40692899,0.55393917,0.52090792,0.00174357,-0.01135879,0.00348713,0.01893945,0.71635,0.75035,0.39677523,0.39503674,0,0
2026-09-28T21:55:09.403385+09:00,115780625,41d8b32a,2026-09-28T21:55:09.403385+09:00,2026-09-28T21:55:09.446052+09:00,rail-left-01,rail-right-01,0.6.7-draft,0.6.7-draft,mqtt,mqtt,66.97,57.62,6.283,6.536,-0.01,0.069,0.035,-0.266,10.388,9.628,-0.0645,0.0316,0.0373,0.0578,-0.0057,-0.0029,26.01,26.21,15970,18645,1.996,2.331,5.989,6.992,47,47,5,5,0,0,0,0,-0.58648629,-0.4339618,-0.58648629,-0.4339618,-0.45793792,-0.39836649,-0.45793792,-0.39836649,0.55490345,0.51610093,0.00244939,-0.01165424,0.00489878,0.01964296,0.71635,0.75035,0.39682598,0.39478374,0,0
2026-09-28T21:55:09.423280+09:00,115800520,41d8b32a,2026-09-28T21:55:09.423280+09:00,2026-09-28T21:55:09.465947+09:00,rail-left-01,rail-right-01,0.6.7-draft,0.6.7-draft,mqtt,mqtt,68.06,58.57,6.27,6.54,-0.087,-0.053,-0.119,-0.189,10.422,9.724,-0.0646,0.034,0.0436,0.0577,-0.0077,-0.0035,26.01,26.21,15939,18654,1.992,2.332,5.977,6.995,48,48,5,5,0,0,0,0,-0.60061814,-0.42484498,-0.60061814,-0.42484498,-0.45811649,-0.3909776,-0.45811649,-0.3909776,0.55481417,0.51193917,0.00151837,-0.01171618,0.00303675,0.01988406,0.71635,0.75035,0.39682128,0.3945647,0,0
2026-09-28T21:55:09.443222+09:00,115820462,41d8b32a,2026-09-28T21:55:09.443222+09:00,2026-09-28T21:55:09.485889+09:00,rail-left-01,rail-right-01,0.6.7-draft,0.6.7-draft,mqtt,mqtt,69.11,59.46,6.259,6.541,0.06,0.093,-0.014,-0.254,10.557,9.693,-0.0663,0.0305,0.0402,0.0573,-0.0064,-0.0065,25.99,26.2,15911,18657,1.989,2.332,5.967,6.996,49,49,5,5,0,0,0,0,-0.6132967,-0.39484811,-0.6132967,-0.39484811,-0.4594776,-0.38441912,-0.4594776,-0.38441912,0.55413361,0.5082418,0.00029732,-0.01165774,0.00059465,0.01988353,0.75035,0.75035,0.39678546,0.3943701,0,0
2026-09-28T21:55:09.463433+09:00,115840673,41d8b32a,2026-09-28T21:55:09.463433+09:00,2026-09-28T21:55:09.506100+09:00,rail-left-01,rail-right-01,0.6.7-draft,0.6.7-draft,mqtt,mqtt,70.2,60.41,6.254,6.545,-0.042,-0.025,0.036,-0.237,10.446,9.688,-0.0646,0.0308,0.0406,0.0592,-0.0092,-0.008,25.99,26.19,15899,18666,1.987,2.333,5.962,7,50,50,5,5,0,0,0,0,-0.62606442,-0.38463884,-0.62606442,-0.38463884,-0.46106649,-0.37871649,-0.46106649,-0.37871649,0.55333917,0.50501417,-0.00060032,-0.01148647,-0.00120064,0.01965767,0.75035,0.75035,0.39674365,0.39420023,0,0
2026-09-28T21:55:09.559789+09:00,115992466,41d8b32a,2026-09-28T21:55:09.559789+09:00,2026-09-28T21:55:09.639793+09:00,rail-left-01,rail-right-01,0.6.7-draft,0.6.7-draft,mqtt,mqtt,78.36,67.42,6.242,6.546,-0.054,0.01,0.317,-0.248,10.355,9.667,-0.0705,0.0298,0.037,0.0606,-0.0084,-0.0024,26.03,26.21,15869,18668,1.984,2.334,5.951,7.001,51,51,6,6,0,0,0,0,-0.38627456,-0.4398355,-0.38627456,-0.4398355,-0.3741284,-0.33862456,-0.3741284,-0.33862456,0.50180822,0.48410852,-0.01044768,-0.00557091,0.01748413,0.01135065,0.75035,0.76935,0.39403149,0.39309993,0,0
2026-09-28T21:55:09.579900+09:00,116012577,41d8b32a,2026-09-28T21:55:09.579900+09:00,2026-09-28T21:55:09.659905+09:00,rail-left-01,rail-right-01,0.6.7-draft,0.6.7-draft,mqtt,mqtt,79.4,68.36,6.164,6.507,-0.072,-0.045,0.013,-0.054,10.034,9.679,-0.06,0.0346,0.032,0.05,-0.0007,0.0003,26.02,26.19,15676,18580,1.96,2.323,5.878,6.968,52,52,6,6,0,0,0,0,-0.38981646,-0.43361665,-0.38981646,-0.43361665,-0.37350286,-0.33336649,-0.37350286,-0.33336649,0.49712099,0.48322042,-0.01038633,-0.0051823,0.01462481,0.01139075,0.75035,0.76935,0.3937848,0.39305319,0,0
2026-09-28T21:55:09.599835+09:00,116032512,41d8b32a,2026-09-28T21:55:09.599835+09:00,2026-09-28T21:55:09.679839+09:00,rail-left-01,rail-right-01,0.6.7-draft,0.6.7-draft,mqtt,mqtt,80.49,69.26,6.205,6.483,0.032,0.126,0.117,-0.302,10.576,9.979,-0.0564,0.0306,0.0292,0.0534,-0.0071,-0.0064,26.02,26.2,15777,18527,1.972,2.316,5.916,6.948,53,53,6,6,0,0,0,0,-0.39435439,-0.41320088,-0.39435439,-0.41320088,-0.3711491,-0.32769983,-0.3711491,-0.32769983,0.49373265,0.4820225,-0.00995653,-0.00494489,0.01319384,0.01155055,0.76935,0.76935,0.39360646,0.39299014,0,0
2026-09-28T21:55:09.619890+09:00,116052567,41d8b32a,2026-09-28T21:55:09.619890+09:00,2026-09-28T21:55:09.699894+09:00,rail-left-01,rail-right-01,0.6.7-draft,0.6.7-draft,mqtt,mqtt,81.59,70.2,6.225,6.471,-0.054,-0.066,0.152,-0.18,10.524,9.728,-0.0663,0.0276,0.0418,0.057,-0.0055,-0.0043,26.01,26.22,15826,18500,1.978,2.312,5.935,6.938,54,54,6,6,0,0,0,0,-0.40040452,-0.40985983,-0.40040452,-0.40985983,-0.36815816,-0.32201355,-0.36815816,-0.32201355,0.49104334,0.48071858,-0.00945055,-0.004778,0.01234463,0.01171915,0.76935,0.76935,0.39346492,0.39292151,0,0
2026-09-28T21:55:09.640468+09:00,116073145,41d8b32a,2026-09-28T21:55:09.640468+09:00,2026-09-28T21:55:09.720473+09:00,rail-left-01,rail-right-01,0.6.7-draft,0.6.7-draft,mqtt,mqtt,82.68,71.15,6.239,6.502,0.044,0.024,-0.02,-0.357,10.375,9.659,-0.0659,0.028,0.0412,0.0553,-0.0089,-0.0065,26.03,26.2,15861,18570,1.983,2.321,5.948,6.964,55,55,6,6,0,0,0,0,-0.40730563,-0.39944608,-0.40730563,-0.39944608,-0.36484649,-0.31753792,-0.36484649,-0.31753792,0.48884917,0.47993203,-0.00893697,-0.00454029,0.01180259,0.01164686,0.76935,0.76935,0.39334944,0.39288012,0,0
2026-09-28T21:55:09.660432+09:00,116093109,41d8b32a,2026-09-28T21:55:09.660432+09:00,2026-09-28T21:55:09.740436+09:00,rail-left-01,rail-right-01,0.6.7-draft,0.6.7-draft,mqtt,mqtt,83.78,72.09,6.245,6.513,0.02,0.041,-0.066,-0.285,10.393,9.633,-0.0687,0.0304,0.042,0.0585,-0.0069,-0.0055,26,26.2,15876,18594,1.985,2.324,5.954,6.973,56,56,6,6,0,0,0,0,-0.41499153,-0.38827147,-0.41499153,-0.38827147,-0.3615588,-0.31361649,-0.3615588,-0.31361649,0.48693917,0.47934195,-0.00846393,-0.0043033,0.0113853,0.01149958,0.76935,0.76935,0.39324891,0.39284906,0,0
2026-09-28T21:55:09.679813+09:00,116112490,41d8b32a,2026-09-28T21:55:09.679813+09:00,2026-09-28T21:55:09.759817+09:00,rail-left-01,rail-right-01,0.6.7-draft,0.6.7-draft,mqtt,mqtt,84.82,72.94,6.259,6.524,-0.14,-0.099,0.251,-0.3,10.557,9.657,-0.0729,0.0325,0.0356,0.049,-0.0012,-0.0027,26.01,26.19,15911,18618,1.989,2.327,5.967,6.982,57,57,6,6,0,0,0,0,-0.42379107,-0.38843323,-0.42379107,-0.38843323,-0.35799612,-0.31020433,-0.35799612,-0.31020433,0.48542991,0.47893241,-0.00798832,-0.00406923,0.0111376,0.01129809,0.76935,0.76935,0.39316948,0.39282751,0,0
2026-09-28T21:55:09.699921+09:00,116132598,41d8b32a,2026-09-28T21:55:09.699921+09:00,2026-09-28T21:55:09.779926+09:00,rail-left-01,rail-right-01,0.6.7-draft,0.6.7-draft,mqtt,mqtt,85.91,73.88,6.308,6.534,0.095,0.084,0.071,-0.259,10.363,9.758,-0.0679,0.0326,0.0362,0.0556,-0.0075,-0.0076,26,26.22,16034,18641,2.004,2.33,6.013,6.99,58,58,6,6,0,0,0,0,-0.43267164,-0.37494337,-0.43267164,-0.37494337,-0.35293792,-0.30723491,-0.35293792,-0.30723491,0.48490345,0.47867601,-0.00735913,-0.0038389,0.01131452,0.0110564,0.76935,0.76935,0.39314177,0.39281401,0,0
2026-09-28T21:55:09.719886+09:00,116152563,41d8b32a,2026-09-28T21:55:09.719886+09:00,2026-09-28T21:55:09.799890+09:00,rail-left-01,rail-right-01,0.6.7-draft,0.6.7-draft,mqtt,mqtt,87.01,74.83,6.327,6.541,0.048,0.022,0.01,-0.379,10.418,9.772,-0.0658,0.0301,0.0405,0.0598,-0.0079,-0.0081,26.02,26.22,16081,18657,2.01,2.332,6.03,6.996,59,59,6,6,0,0,0,0,-0.44185349,-0.36663115,-0.44185349,-0.36663115,-0.34757339,-0.30459726,-0.34757339,-0.30459726,0.48474089,0.4785225,-0.00674165,-0.00361862,0.01156041,0.01079614,0.76935,0.76935,0.39313321,0.39280593,0,0
2026-09-28T21:55:09.740005+09:00,116172682,41d8b32a,2026-09-28T21:55:09.740005+09:00,2026-09-28T21:55:09.820009+09:00,rail-left-01,rail-right-01,0.6.7-draft,0.6.7-draft,mqtt,mqtt,88.1,75.72,6.316,6.551,-0.04,-0.098,0.18,-0.219,10.543,9.579,-0.0675,0.0337,0.0438,0.0601,-0.0093,-0.0075,26.01,26.22,16053,18679,2.007,2.335,6.02,7.005,60,60,6,6,0,0,0,0,-0.45166166,-0.36728881,-0.45166166,-0.36728881,-0.34293316,-0.30234149,-0.34293316,-0.30234149,0.48440584,0.47850167,-0.00624997,-0.00340172,0.01163193,0.01051102,0.76935,0.76935,0.39311558,0.39280483,0,0
2026-09-28T21:55:09.909119+09:00,116300449,41d8b32a,2026-09-28T21:55:09.909119+09:00,2026-09-28T21:55:09.950553+09:00,rail-left-01,rail-right-01,0.6.7-draft,0.6.7-draft,mqtt,mqtt,95.01,81.64,6.302,6.558,0.05,0.032,-0.157,-0.265,10.351,9.649,-0.0666,0.0301,0.0417,0.059,-0.0067,-0.0053,26.02,26.18,16018,18694,2.002,2.337,6.007,7.01,61,61,7,7,0,0,0,0,-0.37533169,-0.45144551,-0.37533169,-0.45144551,-0.30053722,-0.27060179,-0.30053722,-0.27060179,0.47831112,0.48484603,-0.00315932,-0.00081478,0.00999041,0.00885089,0.76935,0.85735,0.39279481,0.39313875,0,0
2026-09-28T21:55:09.929261+09:00,116320591,41d8b32a,2026-09-28T21:55:09.929261+09:00,2026-09-28T21:55:09.970695+09:00,rail-left-01,rail-right-01,0.6.7-draft,0.6.7-draft,mqtt,mqtt,96.11,82.58,6.285,6.583,-0.038,-0.017,0.196,-0.256,10.598,9.657,-0.0629,0.0341,0.0394,0.0549,-0.0069,-0.004,26.02,26.19,15977,18750,1.997,2.344,5.991,7.031,62,62,7,7,0,0,0,0,-0.38401904,-0.43890878,-0.38401904,-0.43890878,-0.29922364,-0.26753957,-0.29922364,-0.26753957,0.47792726,0.48631417,-0.0029862,-0.000556,0.00946083,0.00876074,0.79135,0.85735,0.3927746,0.39321602,0,0
2026-09-28T21:55:09.949207+09:00,116340537,41d8b32a,2026-09-28T21:55:09.949207+09:00,2026-09-28T21:55:09.990641+09:00,rail-left-01,rail-right-01,0.6.7-draft,0.6.7-draft,mqtt,mqtt,97.2,83.48,6.301,6.598,-0.123,-0.089,0.028,-0.353,10.39,9.594,-0.0652,0.0316,0.0404,0.0582,-0.0087,-0.0072,26,26.21,16015,18782,2.002,2.348,6.006,7.043,63,63,7,7,0,0,0,0,-0.39349191,-0.43073589,-0.39349191,-0.43073589,-0.29759905,-0.26487593,-0.29759905,-0.26487593,0.47774731,0.48786841,-0.002802,-0.00031025,0.00905785,0.00863287,0.79135,0.85735,0.39276513,0.39329782,0,0
2026-09-28T21:55:09.969239+09:00,116360569,41d8b32a,2026-09-28T21:55:09.969239+09:00,2026-09-28T21:55:10.010673+09:00,rail-left-01,rail-right-01,0.6.7-draft,0.6.7-draft,mqtt,mqtt,98.29,84.42,6.32,6.6,-0.073,-0.044,0.237,-0.229,10.426,9.765,-0.0574,0.0333,0.0325,0.0517,-0.0068,0.0001,26.03,26.22,16064,18788,2.008,2.349,6.024,7.045,64,64,7,7,0,0,0,0,-0.40343137,-0.42049113,-0.40343137,-0.42049113,-0.29561649,-0.26234797,-0.29561649,-0.26234797,0.47779144,0.48938361,-0.00260401,-0.0000915,0.00876752,0.00850556,0.79135,0.85735,0.39276745,0.39337757,0,0
2026-09-28T21:55:09.989314+09:00,116380644,41d8b32a,2026-09-28T21:55:09.989314+09:00,2026-09-28T21:55:10.030748+09:00,rail-left-01,rail-right-01,0.6.7-draft,0.6.7-draft,mqtt,mqtt,99.39,85.32,6.361,6.607,0.054,0.028,-0.044,-0.172,10.442,9.82,-0.0594,0.0324,0.0368,0.058,-0.0083,-0.0065,26.01,26.19,16165,18802,2.021,2.35,6.062,7.051,65,65,7,7,0,0,0,0,-0.41351501,-0.40690637,-0.41351501,-0.40690637,-0.29281094,-0.26003922,-0.29281094,-0.26003922,0.47828917,0.49090735,-0.00235667,0.00011002,0.00864576,0.00836769,0.79135,0.85735,0.39279365,0.39345777,0,0
2026-09-28T21:55:10.009387+09:00,116400717,41d8b32a,2026-09-28T21:55:10.009387+09:00,2026-09-28T21:55:10.050821+09:00,rail-left-01,rail-right-01,0.6.7-draft,0.6.7-draft,mqtt,mqtt,100.48,86.26,6.397,6.615,0,0.029,0.023,-0.303,10.562,9.716,-0.0612,0.0338,0.0366,0.0525,-0.0079,-0.0035,26.03,26.19,16255,18820,2.032,2.353,6.096,7.058,66,66,7,7,0,0,0,0,-0.4238371,-0.39372556,-0.4238371,-0.39372556,-0.28934475,-0.25795578,-0.28934475,-0.25795578,0.47915656,0.4924481,-0.00207839,0.00029803,0.00864479,0.00821837,0.79135,0.85735,0.3928393,0.39353886,0,0
2026-09-28T21:55:10.029163+09:00,116420493,41d8b32a,2026-09-28T21:55:10.029163+09:00,2026-09-28T21:55:10.070597+09:00,rail-left-01,rail-right-01,0.6.7-draft,0.6.7-draft,mqtt,mqtt,101.52,87.16,6.409,6.62,-0.08,-0.097,0.139,-0.354,10.451,9.687,-0.0614,0.0316,0.0396,0.0598,-0.0097,-0.0012,26,26.2,16285,18831,2.036,2.354,6.107,7.062,67,67,7,7,0,0,0,0,-0.43456908,-0.38731976,-0.43456908,-0.38731976,-0.28577075,-0.25603316,-0.28577075,-0.25603316,0.4801147,0.49397864,-0.00181391,0.00047093,0.00866766,0.00806644,0.79135,0.85735,0.39288973,0.39361941,0,0
2026-09-28T21:55:10.049263+09:00,116440593,41d8b32a,2026-09-28T21:55:10.049263+09:00,2026-09-28T21:55:10.090697+09:00,rail-left-01,rail-right-01,0.6.7-draft,0.6.7-draft,mqtt,mqtt,102.62,88.1,6.422,6.622,0.061,0.043,-0.044,-0.133,10.408,10.071,-0.065,0.0324,0.0356,0.0576,-0.0093,-0.0039,26.02,26.2,16316,18836,2.039,2.355,6.118,7.064,68,68,7,7,0,0,0,0,-0.44529561,-0.37435322,-0.44529561,-0.37435322,-0.28207483,-0.25421132,-0.28207483,-0.25421132,0.48116834,0.49547365,-0.00155944,0.00062771,0.00871248,0.00791818,0.79135,0.85735,0.39294519,0.3936981,0,0
2026-09-28T21:55:10.069213+09:00,116460543,41d8b32a,2026-09-28T21:55:10.069213+09:00,2026-09-28T21:55:10.110647+09:00,rail-left-01,rail-right-01,0.6.7-draft,0.6.7-draft,mqtt,mqtt,103.71,89.05,6.435,6.639,-0.055,-0.071,0.017,-0.32,10.664,9.655,-0.0597,0.0304,0.041,0.055,-0.0071,-0.0031,26.02,26.22,16350,18874,2.044,2.359,6.131,7.078,69,69,7,7,0,0,0,0,-0.45631392,-0.36723155,-0.45631392,-0.36723155,-0.27826445,-0.25273937,-0.27826445,-0.25273937,0.48231162,0.49706205,-0.00131406,0.00078521,0.00877567,0.00774358,0.85735,0.85735,0.39300536,0.3937817,0,0
2026-09-28T21:55:10.089502+09:00,116480832,41d8b32a,2026-09-28T21:55:10.089502+09:00,2026-09-28T21:55:10.130936+09:00,rail-left-01,rail-right-01,0.6.7-draft,0.6.7-draft,mqtt,mqtt,104.81,89.94,6.451,6.648,0.087,0.098,-0.075,-0.141,10.35,9.668,-0.0588,0.0328,0.0424,0.0541,-0.0091,0.0016,26.01,26.21,16390,18894,2.049,2.362,6.146,7.085,70,70,7,7,0,0,0,0,-0.46729288,-0.35228612,-0.46729288,-0.35228612,-0.27428649,-0.25146649,-0.27428649,-0.25146649,0.48356917,0.4986725,-0.00107273,0.0009354,0.00886232,0.0075622,0.85735,0.85735,0.39307154,0.39386646,0,0
2026-09-28T21:55:10.181570+09:00,116612449,41d8b32a,2026-09-28T21:55:10.181570+09:00,2026-09-28T21:55:10.225019+09:00,rail-left-01,rail-right-01,0.6.7-draft,0.6.7-draft,mqtt,mqtt,111.97,96.06,6.45,6.654,0.007,0.05,0.006,-0.235,10.509,9.667,-0.0622,0.0357,0.0405,0.0568,-0.0088,-0.0064,26.02,26.21,16388,18906,2.049,2.363,6.146,7.09,71,71,8,8,0,0,0,0,0.28280989,0.04702443,0.28280989,0.04702443,-0.17736649,-0.23663922,-0.17736649,-0.23663922,0.59318917,0.56409826,0,-0.00892379,0,-0.01900885,0.70235,0.77535,0.37610588,0.37457478,0,0
2026-09-28T21:55:10.201675+09:00,116632554,41d8b32a,2026-09-28T21:55:10.201675+09:00,2026-09-28T21:55:10.245124+09:00,rail-left-01,rail-right-01,0.6.7-draft,0.6.7-draft,mqtt,mqtt,113.06,96.95,6.442,6.699,-0.016,-0.044,0.188,-0.066,10.291,9.574,-0.0634,0.03,0.0424,0.0606,-0.0105,-0.0084,26.01,26.21,16368,19007,2.046,2.376,6.138,7.128,72,72,8,8,0,0,0,0,0.25517749,0.01527252,0.25517749,0.01527252,-0.18136649,-0.24544983,-0.18136649,-0.24544983,0.59118917,0.5638975,-0.00733945,-0.00600079,-0.0146789,-0.0191513,0.70235,0.77535,0.37600062,0.37456421,0,0
2026-09-28T21:55:10.221600+09:00,116652479,41d8b32a,2026-09-28T21:55:10.221600+09:00,2026-09-28T21:55:10.265049+09:00,rail-left-01,rail-right-01,0.6.7-draft,0.6.7-draft,mqtt,mqtt,114.1,97.9,6.442,6.724,-0.022,0.016,0.14,-0.429,10.294,9.719,-0.0636,0.0321,0.0434,0.063,-0.0125,-0.008,25.98,26.2,16368,19063,2.046,2.383,6.138,7.149,73,73,8,8,0,0,0,0,0.22800606,0.00178421,0.22800606,0.00178421,-0.18269983,-0.25482803,-0.18269983,-0.25482803,0.5905225,0.56468917,-0.00378456,-0.00395774,-0.00756912,-0.01996949,0.70235,0.77535,0.37596553,0.37460588,0,0
2026-09-28T21:55:10.241714+09:00,116672593,41d8b32a,2026-09-28T21:55:10.241714+09:00,2026-09-28T21:55:10.285163+09:00,rail-left-01,rail-right-01,0.6.7-draft,0.6.7-draft,mqtt,mqtt,115.2,98.84,6.426,6.743,-0.006,0.05,0.182,-0.116,10.397,9.791,-0.0652,0.0301,0.0401,0.0589,-0.0087,-0.0104,25.99,26.19,16326,19105,2.041,2.388,6.122,7.164,74,74,8,8,0,0,0,0,0.20223595,-0.00281909,0.20223595,-0.00281909,-0.18736649,-0.26422364,-0.18736649,-0.26422364,0.58818917,0.56604631,-0.00673583,-0.00240486,-0.01347165,-0.02078403,0.70235,0.77535,0.37584272,0.37467731,0,0
2026-09-28T21:55:10.261803+09:00,116692682,41d8b32a,2026-09-28T21:55:10.261803+09:00,2026-09-28T21:55:10.305252+09:00,rail-left-01,rail-right-01,0.6.7-draft,0.6.7-draft,mqtt,mqtt,116.29,99.73,6.414,6.757,-0.049,0.002,-0.059,-0.321,10.523,9.661,-0.0638,0.0302,0.0438,0.0636,-0.0116,-0.0133,26.02,26.19,16298,19136,2.037,2.392,6.112,7.176,75,75,8,8,0,0,0,0,0.17604984,-0.01600947,0.17604984,-0.01600947,-0.19256649,-0.27329983,-0.19256649,-0.27329983,0.58558917,0.56768917,-0.00818261,-0.00119693,-0.01636522,-0.02143409,0.71635,0.77535,0.37570588,0.37476377,0,0
2026-09-28T21:55:10.281776+09:00,116712655,41d8b32a,2026-09-28T21:55:10.281776+09:00,2026-09-28T21:55:10.325225+09:00,rail-left-01,rail-right-01,0.6.7-draft,0.6.7-draft,mqtt,mqtt,117.38,100.68,6.389,6.775,-0.036,0.011,-0.062,-0.15,10.183,9.632,-0.0682,0.0328,0.0402,0.0628,-0.0072,-0.0083,25.98,26.18,16235,19176,2.029,2.397,6.088,7.191,76,76,8,8,0,0,0,0,0.15063415,-0.02595439,0.15063415,-0.02595439,-0.20019983,-0.28236649,-0.20019983,-0.28236649,0.5817725,0.56968917,-0.01072366,-0.00013245,-0.02144731,-0.02208021,0.71635,0.77535,0.375505,0.37486904,0,0
2026-09-28T21:55:10.301702+09:00,116732581,41d8b32a,2026-09-28T21:55:10.301702+09:00,2026-09-28T21:55:10.345151+09:00,rail-left-01,rail-right-01,0.6.7-draft,0.6.7-draft,mqtt,mqtt,118.48,101.57,6.383,6.78,0.03,0.073,0.123,-0.298,10.438,9.588,-0.0646,0.0301,0.0416,0.0613,-0.0097,-0.006,26,26.19,16219,19187,2.027,2.398,6.082,7.195,77,77,8,8,0,0,0,0,0.12684303,-0.0242584,0.12684303,-0.0242584,-0.20650935,-0.29066061,-0.20650935,-0.29066061,0.57861774,0.57160093,-0.0110487,0.00066938,-0.0220974,-0.02241314,0.71635,0.77535,0.37533896,0.37496966,0,0
2026-09-28T21:55:10.321632+09:00,116752511,41d8b32a,2026-09-28T21:55:10.321632+09:00,2026-09-28T21:55:10.365081+09:00,rail-left-01,rail-right-01,0.6.7-draft,0.6.7-draft,mqtt,mqtt,119.52,102.52,6.356,6.791,-0.11,-0.117,-0.03,-0.266,10.538,9.943,-0.0653,0.0317,0.0438,0.0618,-0.0112,-0.0041,26,26.21,16152,19211,2.019,2.401,6.057,7.204,78,78,8,8,0,0,0,0,0.1021937,-0.05259239,0.1021937,-0.05259239,-0.21461649,-0.29864427,-0.21461649,-0.29864427,0.57456417,0.57360584,-0.0123717,0.00136385,-0.02474341,-0.02266264,0.73135,0.77535,0.37512562,0.37507518,0,0
2026-09-28T21:55:10.341740+09:00,116772619,41d8b32a,2026-09-28T21:55:10.341740+09:00,2026-09-28T21:55:10.385189+09:00,rail-left-01,rail-right-01,0.6.7-draft,0.6.7-draft,mqtt,mqtt,120.62,103.46,6.33,6.807,0.13,0.11,-0.157,-0.287,10.582,9.795,-0.0686,0.0317,0.0429,0.0584,-0.0079,-0.0049,26.01,26.24,16088,19246,2.011,2.406,6.033,7.217,79,79,8,8,0,0,0,0,0.08012674,-0.04412897,0.08012674,-0.04412897,-0.22381094,-0.30662965,-0.22381094,-0.30662965,0.56996695,0.57582075,-0.01375826,0.00202635,-0.02751652,-0.0229536,0.77535,0.77535,0.37488366,0.37519175,0,0
2026-09-28T21:55:10.362067+09:00,116792946,41d8b32a,2026-09-28T21:55:10.362067+09:00,2026-09-28T21:55:10.405516+09:00,rail-left-01,rail-right-01,0.6.7-draft,0.6.7-draft,mqtt,mqtt,121.71,104.41,6.336,6.816,-0.072,-0.062,0.247,-0.123,10.325,9.588,-0.0691,0.032,0.0372,0.0548,-0.0097,-0.0084,25.98,26.21,16102,19266,2.013,2.408,6.038,7.225,80,80,8,8,0,0,0,0,0.05803193,-0.06120018,0.05803193,-0.06120018,-0.23056649,-0.31426649,-0.23056649,-0.31426649,0.56658917,0.57803917,-0.01340518,0.00259595,-0.02681035,-0.02314187,0.77535,0.77535,0.37470588,0.37530851,0,0
2026-09-28T21:55:10.498526+09:00,116885450,41d8b32a,2026-09-28T21:55:10.498526+09:00,2026-09-28T21:55:10.542688+09:00,rail-left-01,rail-right-01,0.6.7-draft,0.6.7-draft,mqtt,mqtt,126.78,108.63,6.338,6.816,-0.029,0,0.108,-0.169,10.55,9.542,-0.0662,0.0316,0.0414,0.0517,-0.0104,-0.0016,25.97,26.2,16107,19266,2.013,2.408,6.04,7.225,81,81,9,9,0,0,0,0,-0.08942117,-0.29621049,-0.08942117,-0.29621049,-0.32108078,-0.41285036,-0.32108078,-0.41285036,0.58009393,0.56944723,0.00302679,-0.00120833,-0.02209388,-0.02413664,0.77535,0.83235,0.37541666,0.3748563,0,0
2026-09-28T21:55:10.518656+09:00,116905580,41d8b32a,2026-09-28T21:55:10.518656+09:00,2026-09-28T21:55:10.562818+09:00,rail-left-01,rail-right-01,0.6.7-draft,0.6.7-draft,mqtt,mqtt,127.88,109.58,6.235,6.844,-0.004,0.022,0.129,-0.242,10.289,9.553,-0.0665,0.0321,0.044,0.0568,-0.0113,-0.0071,25.99,26.19,15851,19328,1.981,2.416,5.944,7.248,82,82,9,9,0,0,0,0,-0.11675065,-0.28059991,-0.11675065,-0.28059991,-0.3319574,-0.42096024,-0.3319574,-0.42096024,0.57962099,0.56857979,0.00238931,-0.00131768,-0.02296974,-0.02391433,0.77535,0.83235,0.37539177,0.37481065,0,0
2026-09-28T21:55:10.538575+09:00,116925499,41d8b32a,2026-09-28T21:55:10.538575+09:00,2026-09-28T21:55:10.582737+09:00,rail-left-01,rail-right-01,0.6.7-draft,0.6.7-draft,mqtt,mqtt,128.92,110.52,6.217,6.844,-0.117,-0.06,0.215,-0.363,10.411,9.7,-0.0685,0.0301,0.0389,0.0534,-0.0097,-0.0041,25.98,26.19,15808,19329,1.976,2.416,5.928,7.248,83,83,9,9,0,0,0,0,-0.14364307,-0.27304451,-0.14364307,-0.27304451,-0.34267084,-0.42857861,-0.34267084,-0.42857861,0.57879786,0.56776493,0.0017758,-0.00140092,-0.02368884,-0.02365142,0.77535,0.83235,0.37534844,0.37476776,0,0
2026-09-28T21:55:10.558699+09:00,116945622,41d8b32a,2026-09-28T21:55:10.558699+09:00,2026-09-28T21:55:10.602860+09:00,rail-left-01,rail-right-01,0.6.7-draft,0.6.7-draft,mqtt,mqtt,130.01,111.42,6.214,6.839,-0.056,-0.036,0.186,-0.287,10.518,9.9,-0.0671,0.0301,0.0417,0.0577,-0.014,-0.0087,26.02,26.2,15800,19317,1.975,2.415,5.925,7.244,84,84,9,9,0,0,0,0,-0.16987948,-0.26393748,-0.16987948,-0.26393748,-0.35261649,-0.43560179,-0.35261649,-0.43560179,0.57798084,0.56692446,0.00128661,-0.00148175,-0.02408507,-0.02332868,0.77535,0.83235,0.37530544,0.37472353,0,0
2026-09-28T21:55:10.578591+09:00,116965515,41d8b32a,2026-09-28T21:55:10.578591+09:00,2026-09-28T21:55:10.622753+09:00,rail-left-01,rail-right-01,0.6.7-draft,0.6.7-draft,mqtt,mqtt,131.11,112.36,6.195,6.851,-0.018,-0.025,0.049,-0.055,10.639,9.831,-0.0671,0.0322,0.0426,0.0561,-0.0156,-0.0075,25.99,26.21,15753,19343,1.969,2.418,5.907,7.254,85,85,9,9,0,0,0,0,-0.19531555,-0.25445959,-0.19531555,-0.25445959,-0.36252649,-0.44256649,-0.36252649,-0.44256649,0.57684917,0.56630345,0.00078593,-0.00150551,-0.02445909,-0.02306808,0.83235,0.83235,0.37524588,0.37469084,0,0
2026-09-28T21:55:10.598855+09:00,116985779,41d8b32a,2026-09-28T21:55:10.598855+09:00,2026-09-28T21:55:10.643017+09:00,rail-left-01,rail-right-01,0.6.7-draft,0.6.7-draft,mqtt,mqtt,132.2,113.31,6.203,6.858,-0.042,-0.063,0.01,-0.458,10.295,9.604,-0.0686,0.0292,0.0408,0.0553,-0.0121,-0.0071,25.99,26.22,15772,19359,1.972,2.42,5.915,7.26,86,86,9,9,0,0,0,0,-0.22008824,-0.24850213,-0.22008824,-0.24850213,-0.37136649,-0.44933871,-0.37136649,-0.44933871,0.5759584,0.56581417,0.00043746,-0.00149998,-0.02450559,-0.02282583,0.83235,0.83235,0.375199,0.37466509,0,0
2026-09-28T21:55:10.618599+09:00,117005523,41d8b32a,2026-09-28T21:55:10.618599+09:00,2026-09-28T21:55:10.662761+09:00,rail-left-01,rail-right-01,0.6.7-draft,0.6.7-draft,mqtt,mqtt,133.29,114.2,6.202,6.851,0.01,0.05,0.01,-0.259,10.392,9.714,-0.0667,0.0286,0.0373,0.0557,-0.0111,-0.0055,26,26.19,15770,19343,1.971,2.418,5.914,7.254,87,87,9,9,0,0,0,0,-0.24391082,-0.23418452,-0.24391082,-0.23418452,-0.37958871,-0.45555568,-0.37958871,-0.45555568,0.57511509,0.56525674,0.00015385,-0.00151135,-0.02441208,-0.02252411,0.83235,0.83235,0.37515461,0.37463575,0,0
2026-09-28T21:55:10.638550+09:00,117025474,41d8b32a,2026-09-28T21:55:10.638550+09:00,2026-09-28T21:55:10.682712+09:00,rail-left-01,rail-right-01,0.6.7-draft,0.6.7-draft,mqtt,mqtt,134.39,115.15,6.175,6.836,-0.019,-0.077,0.028,-0.362,10.404,9.641,-0.0654,0.0249,0.0422,0.0604,-0.0105,-0.0065,26,26.17,15703,19310,1.963,2.414,5.889,7.241,88,88,9,9,0,0,0,0,-0.2670709,-0.23012269,-0.2670709,-0.23012269,-0.38818792,-0.4610507,-0.38818792,-0.4610507,0.57384988,0.56453127,-0.00020682,-0.00155732,-0.02446958,-0.02212904,0.83235,0.83235,0.37508802,0.37459757,0,0
2026-09-28T21:55:10.658750+09:00,117045674,41d8b32a,2026-09-28T21:55:10.658750+09:00,2026-09-28T21:55:10.702912+09:00,rail-left-01,rail-right-01,0.6.7-draft,0.6.7-draft,mqtt,mqtt,135.48,116.09,6.155,6.812,-0.017,-0.023,-0.093,-0.194,10.467,9.621,-0.0644,0.0249,0.0336,0.0532,-0.0077,-0.0061,25.97,26.18,15652,19258,1.957,2.407,5.87,7.222,89,89,9,9,0,0,0,0,-0.28943653,-0.22231938,-0.28943653,-0.22231938,-0.39688373,-0.46564854,-0.39688373,-0.46564854,0.5723271,0.56353532,-0.00059007,-0.0016539,-0.02457696,-0.02161513,0.83235,0.83235,0.37500788,0.37454515,0,0
2026-09-28T21:55:10.678672+09:00,117065596,41d8b32a,2026-09-28T21:55:10.678672+09:00,2026-09-28T21:55:10.722834+09:00,rail-left-01,rail-right-01,0.6.7-draft,0.6.7-draft,mqtt,mqtt,136.53,116.99,6.151,6.767,0.049,0.022,0.107,-0.209,10.454,9.935,-0.0648,0.0244,0.0313,0.0521,-0.0071,-0.0049,26.01,26.17,15643,19157,1.955,2.395,5.866,7.184,90,90,9,9,0,0,0,0,-0.31076425,-0.21177343,-0.31076425,-0.21177343,-0.40513316,-0.46889149,-0.40513316,-0.46889149,0.57083917,0.56202667,-0.00091896,-0.00184184,-0.02458949,-0.02090806,0.83235,0.83235,0.37492956,0.37446575,0,0
2026-09-28T21:55:10.815109+09:00,117205487,41d8b32a,2026-09-28T21:55:10.815109+09:00,2026-09-28T21:55:10.860382+09:00,rail-left-01,rail-right-01,0.6.7-draft,0.6.7-draft,mqtt,mqtt,144.18,123.5,6.135,6.748,0.081,0.091,-0.075,-0.278,10.416,9.908,-0.063,0.0313,0.0366,0.0558,-0.0117,-0.0103,25.98,26.19,15603,19115,1.95,2.389,5.851,7.168,91,91,10,10,0,0,0,0,-0.20791213,-0.21958145,-0.20791213,-0.21958145,-0.47236649,-0.50144492,-0.47236649,-0.50144492,0.56039649,0.54632642,-0.00204639,-0.00292002,-0.01980267,-0.01359915,0.83235,0.83235,0.37437995,0.37363942,0,0
2026-09-28T21:55:10.835217+09:00,117225595,41d8b32a,2026-09-28T21:55:10.835217+09:00,2026-09-28T21:55:10.880490+09:00,rail-left-01,rail-right-01,0.6.7-draft,0.6.7-draft,mqtt,mqtt,145.28,124.44,6.156,6.694,0.008,-0.079,-0.181,-0.363,10.438,9.661,-0.0653,0.0337,0.0434,0.0585,-0.0063,-0.0056,25.97,26.19,15655,18996,1.957,2.375,5.871,7.123,92,92,10,10,0,0,0,0,-0.20536701,-0.22749718,-0.20536701,-0.22749718,-0.47517602,-0.50278957,-0.47517602,-0.50278957,0.55909393,0.54432378,-0.00215435,-0.00306071,-0.0187323,-0.01290799,0.83235,0.83235,0.37431139,0.37353402,0,0
2026-09-28T21:55:10.855137+09:00,117245515,41d8b32a,2026-09-28T21:55:10.855137+09:00,2026-09-28T21:55:10.900410+09:00,rail-left-01,rail-right-01,0.6.7-draft,0.6.7-draft,mqtt,mqtt,146.32,125.39,6.147,6.686,-0.135,-0.09,0.111,-0.097,10.465,9.58,-0.06,0.0304,0.0366,0.0521,-0.0127,-0.0065,25.99,26.21,15633,18979,1.954,2.372,5.862,7.117,93,93,10,10,0,0,0,0,-0.20426512,-0.2357576,-0.20426512,-0.2357576,-0.47806417,-0.50393253,-0.47806417,-0.50393253,0.55774731,0.54232124,-0.00226005,-0.00318942,-0.01784082,-0.0122707,0.83235,0.83235,0.37424052,0.37342862,0,0
2026-09-28T21:55:10.875247+09:00,117265625,41d8b32a,2026-09-28T21:55:10.875247+09:00,2026-09-28T21:55:10.920520+09:00,rail-left-01,rail-right-01,0.6.7-draft,0.6.7-draft,mqtt,mqtt,147.41,126.33,6.142,6.666,0.073,0.041,0.183,-0.262,10.327,9.868,-0.0612,0.0338,0.041,0.0566,-0.0119,-0.0093,26,26.2,15621,18933,1.953,2.367,5.858,7.1,94,94,10,10,0,0,0,0,-0.20401027,-0.2366793,-0.20401027,-0.2366793,-0.48093467,-0.50466279,-0.48093467,-0.50466279,0.55640508,0.54020769,-0.00235455,-0.00332544,-0.01707043,-0.01164422,0.83235,0.83235,0.37416988,0.37331738,0,0
2026-09-28T21:55:10.895404+09:00,117285782,41d8b32a,2026-09-28T21:55:10.895404+09:00,2026-09-28T21:55:10.940677+09:00,rail-left-01,rail-right-01,0.6.7-draft,0.6.7-draft,mqtt,mqtt,148.51,127.23,6.121,6.652,-0.124,-0.067,0.293,-0.351,10.587,9.549,-0.063,0.0384,0.0376,0.048,-0.0077,-0.0025,26,26.17,15567,18902,1.946,2.363,5.838,7.088,95,95,10,10,0,0,0,0,-0.20495221,-0.24329022,-0.20495221,-0.24329022,-0.48414427,-0.50511195,-0.48414427,-0.50511195,0.55488917,0.53804371,-0.00247333,-0.00345907,-0.016465,-0.01104533,0.83235,0.83235,0.37409009,0.37320349,0,0
2026-09-28T21:55:10.915306+09:00,117305684,41d8b32a,2026-09-28T21:55:10.915306+09:00,2026-09-28T21:55:10.960579+09:00,rail-left-01,rail-right-01,0.6.7-draft,0.6.7-draft,mqtt,mqtt,149.65,128.17,6.125,6.623,-0.053,-0.008,0.098,-0.215,10.33,9.896,-0.0653,0.0318,0.038,0.0557,-0.012,-0.0093,25.99,26.17,15578,18839,1.947,2.355,5.842,7.065,96,96,10,10,0,0,0,0,-0.20679508,-0.24650762,-0.20679508,-0.24650762,-0.48712736,-0.50502721,-0.48712736,-0.50502721,0.55348265,0.5356981,-0.00256167,-0.00360982,-0.01589319,-0.01043049,0.83235,0.83235,0.37401606,0.37308003,0,0
2026-09-28T21:55:10.935228+09:00,117325606,41d8b32a,2026-09-28T21:55:10.935228+09:00,2026-09-28T21:55:10.980501+09:00,rail-left-01,rail-right-01,0.6.7-draft,0.6.7-draft,mqtt,mqtt,150.7,129.12,6.108,6.627,0.022,0.011,0.066,-0.329,10.637,9.625,-0.0681,0.0312,0.0428,0.0597,-0.0101,-0.0073,25.97,26.19,15536,18847,1.942,2.356,5.826,7.068,97,97,10,10,0,0,0,0,-0.20933164,-0.24875892,-0.20933164,-0.24875892,-0.49034522,-0.50501562,-0.49034522,-0.50501562,0.55195513,0.53346987,-0.00266446,-0.00373401,-0.015433,-0.00988434,0.83235,0.83235,0.37393567,0.37296276,0,0
2026-09-28T21:55:10.955164+09:00,117345542,41d8b32a,2026-09-28T21:55:10.955164+09:00,2026-09-28T21:55:11.000437+09:00,rail-left-01,rail-right-01,0.6.7-draft,0.6.7-draft,mqtt,mqtt,151.79,130.01,6.114,6.632,-0.086,-0.001,-0.011,-0.223,10.538,9.766,-0.0677,0.0297,0.0365,0.0529,-0.0101,-0.0068,25.98,26.19,15550,18859,1.944,2.357,5.831,7.072,98,98,10,10,0,0,0,0,-0.21265894,-0.25147525,-0.21265894,-0.25147525,-0.49330399,-0.50509063,-0.49330399,-0.50509063,0.55055375,0.53136158,-0.00273795,-0.00383452,-0.01498242,-0.00940078,0.83235,0.83235,0.37386191,0.3728518,0,0
2026-09-28T21:55:10.975126+09:00,117365504,41d8b32a,2026-09-28T21:55:10.975126+09:00,2026-09-28T21:55:11.020399+09:00,rail-left-01,rail-right-01,0.6.7-draft,0.6.7-draft,mqtt,mqtt,152.88,130.96,6.121,6.621,0.038,0.089,-0.156,-0.221,10.433,9.7,-0.0694,0.0337,0.04,0.0557,-0.0103,-0.0075,25.98,26.22,15569,18834,1.946,2.354,5.838,7.063,99,99,10,10,0,0,0,0,-0.21646266,-0.24977373,-0.21646266,-0.24977373,-0.49599915,-0.50497666,-0.49599915,-0.50497666,0.54928101,0.52923154,-0.00278535,-0.00393259,-0.01453778,-0.00893395,0.83235,0.83235,0.37379492,0.37273969,0,0
2026-09-28T21:55:10.995310+09:00,117385688,41d8b32a,2026-09-28T21:55:10.995310+09:00,2026-09-28T21:55:11.040583+09:00,rail-left-01,rail-right-01,0.6.7-draft,0.6.7-draft,mqtt,mqtt,154.03,131.9,6.102,6.62,-0.142,-0.159,0.061,-0.215,10.399,9.705,-0.0641,0.0309,0.0404,0.0512,-0.0116,-0.0024,25.98,26.2,15520,18831,1.94,2.354,5.82,7.062,100,100,10,10,0,0,0,0,-0.22109518,-0.25990711,-0.22109518,-0.25990711,-0.49896649,-0.50484983,-0.49896649,-0.50484983,0.54786917,0.52716417,-0.00285241,-0.00401768,-0.01418087,-0.00850389,0.83235,0.83235,0.37372062,0.37263088,0,0
2026-09-28T21:55:11.138264+09:00,117521455,41d8b32a,2026-09-28T21:55:11.138264+09:00,2026-09-28T21:55:11.185906+09:00,rail-left-01,rail-right-01,0.6.7-draft,0.6.7-draft,mqtt,mqtt,161.44,138.22,6.099,6.619,-0.036,0.04,0.066,-0.146,10.4,9.571,-0.0661,0.0277,0.0378,0.0533,-0.0095,-0.0057,25.97,26.21,15514,18829,1.939,2.354,5.818,7.061,101,101,11,11,0,0,0,0,-0.27325385,-0.88703249,-0.27325385,-0.88703249,-0.50477633,-0.27211649,-0.50477633,-0.27211649,0.52513999,0.51756417,-0.00407317,0.00006741,-0.00799798,0.00064471,0.83235,0.65035,0.37252434,0.36246971,0,0
2026-09-28T21:55:11.158552+09:00,117541743,41d8b32a,2026-09-28T21:55:11.158552+09:00,2026-09-28T21:55:11.206194+09:00,rail-left-01,rail-right-01,0.6.7-draft,0.6.7-draft,mqtt,mqtt,162.53,139.16,6.236,6.593,-0.113,0.051,0.186,-0.272,10.38,9.473,-0.0658,0.0346,0.0374,0.0542,-0.0079,-0.0008,26.01,26.2,15853,18771,1.982,2.346,5.945,7.039,102,102,11,11,0,0,0,0,-0.2867807,-0.6526501,-0.2867807,-0.6526501,-0.50249552,-0.26656649,-0.50249552,-0.26656649,0.52428594,0.51498917,-0.00396447,-0.00169164,-0.007238,0.00409113,0.83235,0.65035,0.37247939,0.36234096,0,0
2026-09-28T21:55:11.178453+09:00,117561644,41d8b32a,2026-09-28T21:55:11.178453+09:00,2026-09-28T21:55:11.226095+09:00,rail-left-01,rail-right-01,0.6.7-draft,0.6.7-draft,mqtt,mqtt,163.62,140.06,6.26,6.593,-0.114,-0.057,0.172,-0.219,10.324,9.789,-0.0662,0.0296,0.0338,0.0538,-0.0075,-0.0037,25.98,26.2,15914,18772,1.989,2.347,5.968,7.04,103,103,11,11,0,0,0,0,-0.30041677,-0.54812404,-0.30041677,-0.54812404,-0.49990617,-0.26286649,-0.49990617,-0.26286649,0.52364949,0.5132725,-0.00383825,-0.00217365,-0.00650626,0.00500274,0.83235,0.65035,0.3724459,0.36225512,0,0
2026-09-28T21:55:11.198395+09:00,117581586,41d8b32a,2026-09-28T21:55:11.198395+09:00,2026-09-28T21:55:11.246037+09:00,rail-left-01,rail-right-01,0.6.7-draft,0.6.7-draft,mqtt,mqtt,164.72,141,6.27,6.581,0.019,0.017,0.204,-0.37,10.694,9.936,-0.063,0.0289,0.0366,0.0565,-0.0073,-0.0039,26,26.19,15939,18746,1.992,2.343,5.977,7.03,104,104,11,11,0,0,0,0,-0.31392935,-0.4437074,-0.31392935,-0.4437074,-0.49724149,-0.25850935,-0.49724149,-0.25850935,0.52311104,0.51118917,-0.00371158,-0.00276845,-0.00582785,0.00614493,0.88735,0.65035,0.37241756,0.36215096,0,0
2026-09-28T21:55:11.218883+09:00,117602074,41d8b32a,2026-09-28T21:55:11.218883+09:00,2026-09-28T21:55:11.266525+09:00,rail-left-01,rail-right-01,0.6.7-draft,0.6.7-draft,mqtt,mqtt,165.86,141.95,6.291,6.583,0.032,-0.031,0.102,-0.35,10.708,9.743,-0.0693,0.0341,0.0369,0.0538,-0.008,-0.0073,25.97,26.19,15992,18750,1.999,2.344,5.997,7.031,105,105,11,11,0,0,0,0,-0.3273006,-0.3822109,-0.3273006,-0.3822109,-0.49433572,-0.25549149,-0.49433572,-0.25549149,0.52275071,0.50975167,-0.00357383,-0.00295718,-0.00517401,0.00647796,0.90135,0.65035,0.37239859,0.36207908,0,0
2026-09-28T21:55:11.238895+09:00,117622086,41d8b32a,2026-09-28T21:55:11.238895+09:00,2026-09-28T21:55:11.286537+09:00,rail-left-01,rail-right-01,0.6.7-draft,0.6.7-draft,mqtt,mqtt,166.95,142.89,6.329,6.571,-0.044,-0.045,0.205,-0.01,10.353,9.857,-0.0653,0.0308,0.0369,0.053,-0.0115,-0.0061,25.99,26.19,16086,18722,2.011,2.34,6.032,7.021,106,106,11,11,0,0,0,0,-0.34065076,-0.33880197,-0.34065076,-0.33880197,-0.49094225,-0.25181094,-0.49094225,-0.25181094,0.52268917,0.50796695,-0.00341134,-0.00332185,-0.00451161,0.00716566,0.90135,0.65035,0.37239535,0.36198985,0,0
2026-09-28T21:55:11.258311+09:00,117641502,41d8b32a,2026-09-28T21:55:11.258311+09:00,2026-09-28T21:55:11.305953+09:00,rail-left-01,rail-right-01,0.6.7-draft,0.6.7-draft,mqtt,mqtt,168,143.79,6.329,6.58,0.12,0.057,0.186,-0.511,10.529,9.718,-0.065,0.033,0.0414,0.0609,-0.0096,-0.004,25.99,26.18,16085,18742,2.011,2.343,6.032,7.028,107,107,11,11,0,0,0,0,-0.35372984,-0.27507457,-0.35372984,-0.27507457,-0.48765007,-0.24976649,-0.48765007,-0.24976649,0.52262947,0.50698917,-0.00326191,-0.00327415,-0.00391126,0.00703192,0.90135,0.65035,0.37239221,0.36194096,0,0
2026-09-28T21:55:11.278442+09:00,117661633,41d8b32a,2026-09-28T21:55:11.278442+09:00,2026-09-28T21:55:11.326084+09:00,rail-left-01,rail-right-01,0.6.7-draft,0.6.7-draft,mqtt,mqtt,169.09,144.73,6.327,6.578,-0.126,-0.006,0.103,-0.381,10.457,9.547,-0.0689,0.0338,0.0398,0.0552,-0.0084,-0.0045,25.98,26.2,16080,18738,2.01,2.342,6.03,7.027,108,108,11,11,0,0,0,0,-1.2516429,-0.23912131,-1.2516429,-0.23912131,-0.27236649,-0.24791195,-0.27236649,-0.24791195,0.51768917,0.50609826,0,-0.00321827,0,0.00688411,0.65035,0.65035,0.36247596,0.36189641,0,0
2026-09-28T21:55:11.298413+09:00,117681604,41d8b32a,2026-09-28T21:55:11.298413+09:00,2026-09-28T21:55:11.346055+09:00,rail-left-01,rail-right-01,0.6.7-draft,0.6.7-draft,mqtt,mqtt,170.19,145.62,6.325,6.566,0.029,-0.01,0.031,-0.113,10.378,9.911,-0.0646,0.0328,0.0396,0.0566,-0.0117,-0.0085,25.99,26.19,16075,18712,2.009,2.339,6.028,7.017,109,109,11,11,0,0,0,0,-1.25970563,-0.2102783,-1.25970563,-0.2102783,-0.27336649,-0.24536649,-0.27336649,-0.24536649,0.51718917,0.50485584,-0.00181818,-0.00335656,-0.00363636,0.00712759,0.65035,0.65035,0.36245096,0.36183429,0,0
2026-09-28T21:55:11.318366+09:00,117701557,41d8b32a,2026-09-28T21:55:11.318366+09:00,2026-09-28T21:55:11.366008+09:00,rail-left-01,rail-right-01,0.6.7-draft,0.6.7-draft,mqtt,mqtt,171.28,146.57,6.328,6.576,0.048,0.136,-0.168,-0.194,10.438,9.622,-0.0697,0.0326,0.0388,0.0568,-0.0077,-0.008,26,26.2,16082,18733,2.01,2.342,6.031,7.025,110,110,11,11,0,0,0,0,-1.26670546,-0.15367768,-1.26670546,-0.15367768,-0.27269983,-0.24398188,-0.27269983,-0.24398188,0.5175225,0.50418917,0.00045314,-0.00322157,0.00090629,0.00682654,0.65035,0.65035,0.36246762,0.36180096,0,0
2026-09-28T21:55:11.456520+09:00,117847595,41d8b32a,2026-09-28T21:55:11.456520+09:00,2026-09-28T21:55:11.506053+09:00,rail-left-01,rail-right-01,0.6.7-draft,0.6.7-draft,mqtt,mqtt,179.28,153.38,6.324,6.578,0.038,0.053,0.153,-0.397,10.269,9.695,-0.0644,0.0365,0.0385,0.0568,-0.0059,-0.0025,25.95,26.2,16074,18738,2.009,2.342,6.028,7.027,111,111,12,12,0,0,0,0,-0.12664814,-0.07708391,-0.12664814,-0.07708391,-0.24308078,-0.15432483,-0.24308078,-0.15432483,0.50347488,0.54162667,-0.0025693,0.00637478,0.0050424,0.01683198,0.65035,0.69435,0.36176524,0.36367283,0,0
2026-09-28T21:55:11.476643+09:00,117867718,41d8b32a,2026-09-28T21:55:11.476643+09:00,2026-09-28T21:55:11.526176+09:00,rail-left-01,rail-right-01,0.6.7-draft,0.6.7-draft,mqtt,mqtt,180.38,154.33,6.526,6.577,-0.063,-0.121,0.279,-0.097,10.472,9.717,-0.063,0.0293,0.0405,0.0562,-0.0075,-0.0068,26,26.17,16577,18736,2.072,2.342,6.216,7.026,112,112,12,12,0,0,0,0,-0.10686008,-0.0956404,-0.10686008,-0.0956404,-0.22883316,-0.14912649,-0.22883316,-0.14912649,0.50958917,0.54390917,0.00130488,0.00618598,0.01120071,0.01608672,0.66535,0.69435,0.36207096,0.36378696,0,0
2026-09-28T21:55:11.496572+09:00,117887647,41d8b32a,2026-09-28T21:55:11.496572+09:00,2026-09-28T21:55:11.546105+09:00,rail-left-01,rail-right-01,0.6.7-draft,0.6.7-draft,mqtt,mqtt,181.42,155.27,6.524,6.573,0.01,0.025,0.128,-0.433,10.501,9.486,-0.064,0.0345,0.0434,0.0604,-0.0127,-0.0129,25.99,26.18,16571,18728,2.071,2.341,6.214,7.023,113,113,12,12,0,0,0,0,-0.0923957,-0.09675132,-0.0923957,-0.09675132,-0.21649149,-0.14417418,-0.21649149,-0.14417418,0.51487667,0.54593917,0.00339248,0.00599633,0.01437532,0.01550424,0.69435,0.69435,0.36233533,0.36388846,0,0
2026-09-28T21:55:11.516605+09:00,117907680,41d8b32a,2026-09-28T21:55:11.516605+09:00,2026-09-28T21:55:11.566138+09:00,rail-left-01,rail-right-01,0.6.7-draft,0.6.7-draft,mqtt,mqtt,182.52,156.17,6.534,6.594,-0.127,-0.086,0.034,-0.322,10.367,9.618,-0.0645,0.0308,0.04,0.0568,-0.0104,-0.0092,26.01,26.17,16597,18773,2.075,2.347,6.224,7.04,114,114,12,12,0,0,0,0,-0.08299884,-0.10957561,-0.08299884,-0.10957561,-0.20501355,-0.14036649,-0.20501355,-0.14036649,0.51983623,0.54820769,0.0047616,0.00592619,0.01639501,0.01480063,0.69435,0.69435,0.36258331,0.36400188,0,0
2026-09-28T21:55:11.536630+09:00,117927705,41d8b32a,2026-09-28T21:55:11.536630+09:00,2026-09-28T21:55:11.586163+09:00,rail-left-01,rail-right-01,0.6.7-draft,0.6.7-draft,mqtt,mqtt,183.61,157.11,6.526,6.596,0.022,0.002,0.272,-0.057,10.375,9.847,-0.0641,0.0324,0.0409,0.0606,-0.0096,-0.004,25.99,26.17,16576,18778,2.072,2.347,6.216,7.042,115,115,12,12,0,0,0,0,-0.07681554,-0.11236595,-0.07681554,-0.11236595,-0.19525538,-0.13690221,-0.19525538,-0.13690221,0.5240225,0.55034988,0.00554298,0.00585632,0.017403,0.01417608,0.69435,0.69435,0.36279262,0.36410899,0,0
2026-09-28T21:55:11.556606+09:00,117947681,41d8b32a,2026-09-28T21:55:11.556606+09:00,2026-09-28T21:55:11.606139+09:00,rail-left-01,rail-right-01,0.6.7-draft,0.6.7-draft,mqtt,mqtt,184.7,158.05,6.513,6.609,0.017,0.044,0.019,-0.342,10.433,9.776,-0.0633,0.0354,0.0401,0.0544,-0.0049,-0.0012,25.98,26.19,16543,18807,2.068,2.351,6.204,7.053,116,116,12,12,0,0,0,0,-0.07326301,-0.11085327,-0.07326301,-0.11085327,-0.1872086,-0.13412511,-0.1872086,-0.13412511,0.52742601,0.55256848,0.00592406,0.00582993,0.01771454,0.01352529,0.69435,0.69435,0.3629628,0.36421992,0,0
2026-09-28T21:55:11.576692+09:00,117967767,41d8b32a,2026-09-28T21:55:11.576692+09:00,2026-09-28T21:55:11.626225+09:00,rail-left-01,rail-right-01,0.6.7-draft,0.6.7-draft,mqtt,mqtt,185.8,159,6.524,6.615,-0.049,0.036,-0.087,-0.302,10.464,9.664,-0.064,0.033,0.0405,0.0569,-0.0081,-0.0079,25.99,26.2,16572,18820,2.072,2.353,6.215,7.058,117,117,12,12,0,0,0,0,-0.07225984,-0.11021959,-0.07225984,-0.11021959,-0.17941649,-0.13173316,-0.17941649,-0.13173316,0.53076417,0.55473917,0.00623777,0.00581019,0.01796193,0.01290799,0.69435,0.69435,0.36312971,0.36432846,0,0
2026-09-28T21:55:11.596612+09:00,117987687,41d8b32a,2026-09-28T21:55:11.596612+09:00,2026-09-28T21:55:11.646145+09:00,rail-left-01,rail-right-01,0.6.7-draft,0.6.7-draft,mqtt,mqtt,186.89,159.94,6.521,6.62,0.016,-0.023,0.13,-0.215,10.154,9.535,-0.0653,0.0329,0.0382,0.0578,-0.0101,-0.0101,25.99,26.2,16564,18832,2.071,2.354,6.212,7.062,118,118,12,12,0,0,0,0,-0.07293437,-0.11514399,-0.07293437,-0.11514399,-0.17250935,-0.12965681,-0.17250935,-0.12965681,0.53371298,0.55685046,0.00640373,0.0057924,0.01796556,0.01232601,0.69435,0.69435,0.36327715,0.36443402,0,0
2026-09-28T21:55:11.616591+09:00,118007666,41d8b32a,2026-09-28T21:55:11.616591+09:00,2026-09-28T21:55:11.666124+09:00,rail-left-01,rail-right-01,0.6.7-draft,0.6.7-draft,mqtt,mqtt,187.98,160.89,6.523,6.619,0.019,0.043,0.074,-0.096,10.398,9.65,-0.064,0.0357,0.0362,0.0572,-0.0067,-0.0007,25.99,26.21,16568,18829,2.071,2.354,6.213,7.061,119,119,12,12,0,0,0,0,-0.07494846,-0.11378958,-0.07494846,-0.11378958,-0.16613922,-0.12767899,-0.16613922,-0.12767899,0.53643917,0.55881417,0.00649903,0.00575724,0.01786695,0.01181053,0.69435,0.69435,0.36341346,0.36453221,0,0
2026-09-28T21:55:11.636821+09:00,118027896,41d8b32a,2026-09-28T21:55:11.636821+09:00,2026-09-28T21:55:11.686354+09:00,rail-left-01,rail-right-01,0.6.7-draft,0.6.7-draft,mqtt,mqtt,189.08,161.83,6.532,6.616,-0.068,-0.121,0.269,-0.447,10.299,9.809,-0.0654,0.03,0.0385,0.0578,-0.0104,-0.0061,25.98,26.2,16590,18822,2.074,2.353,6.221,7.058,120,120,12,12,0,0,0,0,-0.07856648,-0.12666023,-0.07856648,-0.12666023,-0.15993171,-0.12573013,-0.15993171,-0.12573013,0.53912395,0.56061341,0.0065849,0.00570291,0.01777966,0.01136139,0.69435,0.69435,0.3635477,0.36462217,0,0
2026-09-28T21:55:11.773663+09:00,118167450,41d8b32a,2026-09-28T21:55:11.773663+09:00,2026-09-28T21:55:11.821271+09:00,rail-left-01,rail-right-01,0.6.7-draft,0.6.7-draft,mqtt,mqtt,196.69,168.4,6.535,6.623,0.077,0.014,0.005,-0.226,10.476,9.826,-0.0663,0.0346,0.0401,0.0586,-0.0085,-0.004,26,26.19,16598,18838,2.075,2.355,6.224,7.064,121,121,13,13,0,0,0,0,-0.14501828,-0.2968811,-0.14501828,-0.2968811,-0.12380767,-0.1204574,-0.12380767,-0.1204574,0.56235093,0.57000735,0.00550919,0.0034775,0.01062027,0.00521657,0.69435,0.73835,0.36470904,0.36509187,0,0
2026-09-28T21:55:11.793772+09:00,118187559,41d8b32a,2026-09-28T21:55:11.793772+09:00,2026-09-28T21:55:11.841380+09:00,rail-left-01,rail-right-01,0.6.7-draft,0.6.7-draft,mqtt,mqtt,197.78,169.34,6.521,6.691,-0.029,-0.062,0.266,-0.251,10.545,9.748,-0.0667,0.0329,0.043,0.059,-0.0075,-0.0045,25.96,26.17,16563,18989,2.07,2.374,6.211,7.121,122,122,13,13,0,0,0,0,-0.16355927,-0.28794462,-0.16355927,-0.28794462,-0.12239506,-0.12221094,-0.12239506,-0.12221094,0.56378917,0.57123361,0.00529397,0.00343163,0.00991115,0.0045528,0.73835,0.73835,0.36478096,0.36515318,0,0
2026-09-28T21:55:11.813831+09:00,118207618,41d8b32a,2026-09-28T21:55:11.813831+09:00,2026-09-28T21:55:11.861439+09:00,rail-left-01,rail-right-01,0.6.7-draft,0.6.7-draft,mqtt,mqtt,198.87,170.29,6.519,6.698,-0.066,-0.011,-0.041,-0.294,10.418,9.681,-0.0658,0.033,0.0376,0.0552,-0.0068,-0.0044,25.98,26.18,16558,19005,2.07,2.376,6.209,7.127,123,123,13,13,0,0,0,0,-0.18225116,-0.27622446,-0.18225116,-0.27622446,-0.12111649,-0.12404041,-0.12111649,-0.12404041,0.56511972,0.57248265,0.00509824,0.00339913,0.00929687,0.00395762,0.73835,0.73835,0.36484748,0.36521563,0,0
2026-09-28T21:55:11.833677+09:00,118227464,41d8b32a,2026-09-28T21:55:11.833677+09:00,2026-09-28T21:55:11.881285+09:00,rail-left-01,rail-right-01,0.6.7-draft,0.6.7-draft,mqtt,mqtt,199.97,171.23,6.511,6.696,0.007,0.068,0.212,-0.22,10.359,9.738,-0.0686,0.03,0.0428,0.06,-0.0096,-0.0072,25.99,26.17,16539,19000,2.067,2.375,6.202,7.125,124,124,13,13,0,0,0,0,-0.20089058,-0.26023417,-0.20089058,-0.26023417,-0.12012325,-0.12574947,-0.12012325,-0.12574947,0.56627025,0.57365725,0.00490196,0.00336286,0.0087242,0.00344778,0.73835,0.73835,0.36490501,0.36527436,0,0
2026-09-28T21:55:11.853894+09:00,118247681,41d8b32a,2026-09-28T21:55:11.853894+09:00,2026-09-28T21:55:11.901502+09:00,rail-left-01,rail-right-01,0.6.7-draft,0.6.7-draft,mqtt,mqtt,201.06,172.17,6.487,6.699,-0.121,-0.148,0.055,-0.437,10.527,9.756,-0.065,0.0292,0.039,0.0576,-0.0096,-0.004,25.97,26.19,16479,19007,2.06,2.376,6.18,7.128,125,125,13,13,0,0,0,0,-0.21977258,-0.25771561,-0.21977258,-0.25771561,-0.11981386,-0.12744983,-0.11981386,-0.12744983,0.56704443,0.57481417,0.00466716,0.00333124,0.00810781,0.00299274,0.73835,0.73835,0.36494372,0.36533221,0,0
2026-09-28T21:55:11.873844+09:00,118267631,41d8b32a,2026-09-28T21:55:11.873844+09:00,2026-09-28T21:55:11.921452+09:00,rail-left-01,rail-right-01,0.6.7-draft,0.6.7-draft,mqtt,mqtt,202.15,173.12,6.48,6.701,0.104,0.042,-0.102,-0.128,10.362,9.783,-0.0663,0.0308,0.0414,0.0598,-0.0079,-0.0044,25.99,26.17,16462,19011,2.058,2.376,6.173,7.129,126,126,13,13,0,0,0,0,-0.23822817,-0.24428417,-0.23822817,-0.24428417,-0.11969983,-0.12912159,-0.11969983,-0.12912159,0.56768917,0.57594427,0.00444218,0.003302,0.00753756,0.00258621,0.73835,0.73835,0.36497596,0.36538871,0,0
2026-09-28T21:55:11.893960+09:00,118287747,41d8b32a,2026-09-28T21:55:11.893960+09:00,2026-09-28T21:55:11.941568+09:00,rail-left-01,rail-right-01,0.6.7-draft,0.6.7-draft,mqtt,mqtt,203.25,174.06,6.469,6.705,-0.133,-0.115,-0.053,-0.14,10.382,9.681,-0.0675,0.0317,0.0377,0.0524,-0.0081,-0.0077,25.97,26.19,16433,19020,2.054,2.378,6.162,7.133,127,127,13,13,0,0,0,0,-0.25687209,-0.24031188,-0.25687209,-0.24031188,-0.11986649,-0.13080649,-0.11986649,-0.13080649,0.56816417,0.57706917,0.00421704,0.00327758,0.00698831,0.00221522,0.73835,0.73835,0.36499971,0.36544496,0,0
2026-09-28T21:55:11.913831+09:00,118307618,41d8b32a,2026-09-28T21:55:11.913831+09:00,2026-09-28T21:55:11.961439+09:00,rail-left-01,rail-right-01,0.6.7-draft,0.6.7-draft,mqtt,mqtt,204.34,175.01,6.479,6.716,0.091,0.115,0.079,-0.469,10.416,9.705,-0.0653,0.0318,0.0408,0.0554,-0.0081,-0.0063,25.94,26.17,16458,19044,2.057,2.381,6.172,7.142,128,128,13,13,0,0,0,0,-0.27508512,-0.22363748,-0.27508512,-0.22363748,-0.11978113,-0.132641,-0.11978113,-0.132641,0.56873795,0.5782578,0.00403524,0.00326631,0.00654319,0.00185617,0.73835,0.73835,0.3650284,0.36550439,0,0
2026-09-28T21:55:11.933722+09:00,118327509,41d8b32a,2026-09-28T21:55:11.933722+09:00,2026-09-28T21:55:11.981330+09:00,rail-left-01,rail-right-01,0.6.7-draft,0.6.7-draft,mqtt,mqtt,205.44,175.9,6.462,6.717,-0.117,-0.086,0.274,-0.384,10.35,9.764,-0.0667,0.03,0.0385,0.0562,-0.0096,-0.0045,25.97,26.2,16416,19046,2.052,2.381,6.156,7.142,129,129,13,13,0,0,0,0,-0.29338936,-0.2186261,-0.29338936,-0.2186261,-0.12010459,-0.13442418,-0.12010459,-0.13442418,0.56908203,0.57941032,0.00383723,0.00325395,0.00608006,0.00153333,0.73835,0.73835,0.3650456,0.36556201,0,0
2026-09-28T21:55:11.954123+09:00,118347910,41d8b32a,2026-09-28T21:55:11.954123+09:00,2026-09-28T21:55:12.001731+09:00,rail-left-01,rail-right-01,0.6.7-draft,0.6.7-draft,mqtt,mqtt,206.53,176.9,6.471,6.729,0.099,0.14,-0.059,-0.255,10.392,9.568,-0.0667,0.031,0.0406,0.0605,-0.0073,-0.0052,25.99,26.19,16438,19073,2.055,2.384,6.164,7.152,130,130,13,13,0,0,0,0,-0.31123246,-0.20155723,-0.31123246,-0.20155723,-0.1202037,-0.13636649,-0.1202037,-0.13636649,0.56951475,0.58063256,0.00367405,0.00325334,0.00569856,0.00121444,0.73835,0.73835,0.36506724,0.36562313,0,0
2026-09-28T21:55:12.092293+09:00,118482459,41d8b32a,2026-09-28T21:55:12.092293+09:00,2026-09-28T21:55:12.131279+09:00,rail-left-01,rail-right-01,0.6.7-draft,0.6.7-draft,mqtt,mqtt,213.89,183.21,6.458,6.733,-0.08,-0.108,0.18,-0.321,10.378,9.877,-0.0648,0.0248,0.0341,0.0528,-0.0027,-0.0067,25.99,26.19,16408,19082,2.051,2.385,6.153,7.156,131,131,14,14,0,0,0,0,-0.19261303,-0.08660994,-0.19261303,-0.08660994,-0.1384776,-0.29436649,-0.1384776,-0.29436649,0.58168917,0.61768917,0.00320445,0.00063391,0.00084262,-0.00126783,0.73835,0.68035,0.36567596,0.43322886,0,0
2026-09-28T21:55:12.112444+09:00,118502611,41d8b32a,2026-09-28T21:55:12.112444+09:00,2026-09-28T21:55:12.151430+09:00,rail-left-01,rail-right-01,0.6.7-draft,0.6.7-draft,mqtt,mqtt,214.98,184.16,6.476,6.668,0.024,0.093,0.429,-0.152,10.483,9.653,-0.064,0.0225,0.0306,0.045,-0.0053,-0.0045,25.98,26.17,16451,18938,2.056,2.367,6.169,7.102,132,132,14,14,0,0,0,0,-0.1847814,0.11579263,-0.1847814,0.11579263,-0.14018467,-0.27336649,-0.14018467,-0.27336649,0.58287099,0.60718917,0.00317972,-0.005131,0.00056146,0.010262,0.73835,0.68035,0.36573505,0.43264553,0,0
2026-09-28T21:55:12.132474+09:00,118522641,41d8b32a,2026-09-28T21:55:12.132474+09:00,2026-09-28T21:55:12.171460+09:00,rail-left-01,rail-right-01,0.6.7-draft,0.6.7-draft,mqtt,mqtt,216.08,185.1,6.474,6.618,-0.074,-0.09,0.202,-0.379,10.471,9.785,-0.0657,0.0286,0.0365,0.0522,-0.0064,-0.0071,26.01,26.2,16447,18827,2.056,2.353,6.168,7.06,133,133,14,14,0,0,0,0,-0.17821912,0.08684447,-0.17821912,0.08684447,-0.14186649,-0.25036649,-0.14186649,-0.25036649,0.58399274,0.59568917,0.00315153,-0.01001636,0.00030897,0.02003272,0.73835,0.68035,0.36579113,0.43200664,0,0
2026-09-28T21:55:12.152381+09:00,118542548,41d8b32a,2026-09-28T21:55:12.152381+09:00,2026-09-28T21:55:12.191367+09:00,rail-left-01,rail-right-01,0.6.7-draft,0.6.7-draft,mqtt,mqtt,217.12,186.05,6.475,6.6,0.072,0.038,-0.073,-0.166,10.384,10.05,-0.0675,0.0348,0.0373,0.0538,0.0015,-0.0035,26,26.17,16449,18787,2.056,2.348,6.168,7.045,134,134,14,14,0,0,0,0,-0.17254191,0.1408956,-0.17254191,0.1408956,-0.14347176,-0.23296649,-0.14347176,-0.23296649,0.58508391,0.58698917,0.0031241,-0.01284548,0.00008795,0.02569096,0.73835,0.68035,0.36584569,0.43152331,0,0
2026-09-28T21:55:12.172997+09:00,118563164,41d8b32a,2026-09-28T21:55:12.172997+09:00,2026-09-28T21:55:12.211983+09:00,rail-left-01,rail-right-01,0.6.7-draft,0.6.7-draft,mqtt,mqtt,218.26,187.04,6.453,6.599,0.023,-0.053,0.109,-0.445,10.599,9.956,-0.064,0.033,0.0416,0.0538,-0.0047,-0.0064,26.01,26.19,16394,18784,2.049,2.348,6.148,7.044,135,135,14,14,0,0,0,0,-0.16784207,0.13469635,-0.16784207,0.13469635,-0.14540098,-0.22119983,-0.14540098,-0.22119983,0.58594779,0.58110584,0.00307238,-0.01384395,-0.00015574,0.0276879,0.79235,0.68035,0.36588889,0.43119646,0,0
2026-09-28T21:55:12.192941+09:00,118583108,41d8b32a,2026-09-28T21:55:12.192941+09:00,2026-09-28T21:55:12.231927+09:00,rail-left-01,rail-right-01,0.6.7-draft,0.6.7-draft,mqtt,mqtt,219.36,187.98,6.442,6.598,-0.096,-0.037,0.017,-0.352,10.64,9.548,-0.0652,0.0286,0.0424,0.0577,-0.0107,-0.0152,25.98,26.19,16368,18783,2.046,2.348,6.138,7.044,136,136,14,14,0,0,0,0,-0.16424373,0.13710662,-0.16424373,0.13710662,-0.14745124,-0.21265221,-0.14745124,-0.21265221,0.58668917,0.57683203,0.0030115,-0.0138971,-0.0003956,0.0277942,0.83335,0.68035,0.36592596,0.43095902,0,0
2026-09-28T21:55:12.212322+09:00,118602488,41d8b32a,2026-09-28T21:55:12.212322+09:00,2026-09-28T21:55:12.251308+09:00,rail-left-01,rail-right-01,0.6.7-draft,0.6.7-draft,mqtt,mqtt,220.4,188.88,6.441,6.592,-0.123,-0.079,0.134,-0.099,10.506,9.635,-0.0674,0.0284,0.0373,0.0558,-0.0047,0.0015,26,26.18,16365,18770,2.046,2.346,6.137,7.039,137,137,14,14,0,0,0,0,-0.16163402,0.12388349,-0.16163402,0.12388349,-0.14944983,-0.20549149,-0.14944983,-0.20549149,0.5873975,0.57325167,0.00295294,-0.01366853,-0.00061193,0.02733706,0.83335,0.68035,0.36596137,0.43076011,0,0
2026-09-28T21:55:12.232378+09:00,118622545,41d8b32a,2026-09-28T21:55:12.232378+09:00,2026-09-28T21:55:12.271364+09:00,rail-left-01,rail-right-01,0.6.7-draft,0.6.7-draft,mqtt,mqtt,221.49,189.82,6.437,6.578,0.091,0.138,0.08,-0.341,10.452,9.647,-0.0624,0.0316,0.0398,0.0578,-0.0103,-0.0083,25.98,26.19,16354,18739,2.044,2.342,6.133,7.027,138,138,14,14,0,0,0,0,-0.1595954,0.18220722,-0.1595954,0.18220722,-0.15144846,-0.19836649,-0.15144846,-0.19836649,0.58804982,0.56968917,0.00289344,-0.01356252,-0.00081353,0.02712504,0.83335,0.68035,0.36599399,0.4305622,0,0
2026-09-28T21:55:12.252327+09:00,118642494,41d8b32a,2026-09-28T21:55:12.252327+09:00,2026-09-28T21:55:12.291313+09:00,rail-left-01,rail-right-01,0.6.7-draft,0.6.7-draft,mqtt,mqtt,222.59,190.77,6.422,6.583,-0.177,-0.093,0.138,-0.259,10.6,9.679,-0.0682,0.0273,0.0405,0.0576,-0.0049,-0.0044,26,26.2,16316,18749,2.039,2.344,6.118,7.031,139,139,14,14,0,0,0,0,-0.1585598,0.16313414,-0.1585598,0.16313414,-0.15362456,-0.19316649,-0.15362456,-0.19316649,0.58856014,0.56708917,0.00282323,-0.01290475,-0.00102201,0.0258095,0.83335,0.68035,0.3660195,0.43041775,0,0
2026-09-28T21:55:12.272361+09:00,118662528,41d8b32a,2026-09-28T21:55:12.272361+09:00,2026-09-28T21:55:12.311347+09:00,rail-left-01,rail-right-01,0.6.7-draft,0.6.7-draft,mqtt,mqtt,223.68,191.71,6.416,6.589,0.09,0.056,0.177,-0.456,10.487,9.656,-0.0657,0.0293,0.0413,0.063,-0.0087,-0.0076,25.99,26.18,16303,18762,2.038,2.345,6.114,7.036,140,140,14,14,0,0,0,0,-0.12257541,0.18605672,-0.12257541,0.18605672,-0.29236649,-0.1894574,-0.29236649,-0.1894574,0.61668917,0.56523462,0,-0.01192522,0,0.02385044,0.68035,0.68035,0.43317331,0.43031472,0,0
2026-09-28T21:55:12.364212+09:00,118792522,41d8b32a,2026-09-28T21:55:12.364212+09:00,2026-09-28T21:55:12.450163+09:00,rail-left-01,rail-right-01,0.6.7-draft,0.6.7-draft,mqtt,mqtt,230.79,197.88,6.399,6.594,-0.034,-0.016,0.138,-0.4,10.506,9.726,-0.0652,0.0312,0.0373,0.052,-0.0064,-0.0068,26.01,26.18,16260,18773,2.033,2.347,6.097,7.04,141,141,15,15,0,0,0,0,0.18201644,0.04859546,0.18201644,0.04859546,-0.18778316,-0.16518467,-0.18778316,-0.16518467,0.56298084,0.5590528,-0.00859478,-0.00134544,0.01474645,0.00762353,0.69935,0.88035,0.43018951,0.42997129,0,0
2026-09-28T21:55:12.384327+09:00,118812637,41d8b32a,2026-09-28T21:55:12.384327+09:00,2026-09-28T21:55:12.470278+09:00,rail-left-01,rail-right-01,0.6.7-draft,0.6.7-draft,mqtt,mqtt,231.89,198.82,6.355,6.547,-0.063,-0.028,-0.053,-0.312,10.687,9.634,-0.0739,0.0288,0.0342,0.0496,-0.0077,-0.0105,25.98,26.22,16150,18670,2.019,2.334,6.056,7.001,142,142,15,15,0,0,0,0,0.17398787,0.03915654,0.17398787,0.03915654,-0.18975111,-0.16067084,-0.18975111,-0.16067084,0.55938148,0.55866743,-0.00827242,-0.00127602,0.00888118,0.0080234,0.88035,0.88035,0.42998955,0.42994988,0,0
2026-09-28T21:55:12.404300+09:00,118832610,41d8b32a,2026-09-28T21:55:12.404300+09:00,2026-09-28T21:55:12.490251+09:00,rail-left-01,rail-right-01,0.6.7-draft,0.6.7-draft,mqtt,mqtt,232.98,199.77,6.39,6.516,0.029,0.005,-0.062,-0.205,10.348,9.471,-0.0745,0.0288,0.0322,0.045,-0.0044,-0.0059,25.98,26.17,16238,18600,2.03,2.325,6.089,6.975,143,143,15,15,0,0,0,0,0.16381977,0.03440575,0.16381977,0.03440575,-0.18893792,-0.15524149,-0.18893792,-0.15524149,0.55754631,0.55766834,-0.00726304,-0.0014193,0.00717099,0.00865959,0.88035,0.88035,0.42988759,0.42989437,0,0
2026-09-28T21:55:12.424241+09:00,118852551,41d8b32a,2026-09-28T21:55:12.424241+09:00,2026-09-28T21:55:12.510192+09:00,rail-left-01,rail-right-01,0.6.7-draft,0.6.7-draft,mqtt,mqtt,234.07,200.71,6.395,6.448,0.103,-0.031,-0.22,-0.281,10.384,10.26,-0.0722,0.0358,0.0405,0.0592,-0.0099,-0.0147,25.99,26.17,16250,18451,2.031,2.306,6.094,6.919,144,144,15,15,0,0,0,0,0.15229824,0.02616114,0.15229824,0.02616114,-0.18789983,-0.14752649,-0.18789983,-0.14752649,0.5561225,0.55538917,-0.0064796,-0.00190872,0.00622342,0.00986586,0.88035,0.88035,0.42980849,0.42976775,0,0
2026-09-28T21:55:12.444448+09:00,118872758,41d8b32a,2026-09-28T21:55:12.444448+09:00,2026-09-28T21:55:12.530399+09:00,rail-left-01,rail-right-01,0.6.7-draft,0.6.7-draft,mqtt,mqtt,235.17,201.66,6.391,6.435,0.065,0.101,0.097,0.034,10.387,9.519,-0.0604,0.04,0.0334,0.0454,-0.0077,-0.0017,25.99,26.2,16241,18422,2.03,2.303,6.09,6.908,145,145,15,15,0,0,0,0,0.13972619,0.03288829,0.13972619,0.03288829,-0.18724149,-0.13990495,-0.18724149,-0.13990495,0.55475167,0.55303532,-0.00594284,-0.00234076,0.00542637,0.01087397,0.88035,0.88035,0.42973234,0.42963698,0,0
2026-09-28T21:55:12.464415+09:00,118892725,41d8b32a,2026-09-28T21:55:12.464415+09:00,2026-09-28T21:55:12.550366+09:00,rail-left-01,rail-right-01,0.6.7-draft,0.6.7-draft,mqtt,mqtt,236.26,202.6,6.447,6.433,-0.2,-0.059,0.16,-0.407,10.276,9.263,-0.0617,0.0382,0.0389,0.0517,-0.0109,-0.0043,25.99,26.19,16379,18416,2.047,2.302,6.142,6.906,146,146,15,15,0,0,0,0,0.12451149,0.02197113,0.12451149,0.02197113,-0.18336649,-0.1327739,-0.18336649,-0.1327739,0.55518917,0.5508188,-0.00485708,-0.00267807,0.00612071,0.01163387,0.88035,0.88035,0.42975664,0.42951384,0,0
2026-09-28T21:55:12.484322+09:00,118912632,41d8b32a,2026-09-28T21:55:12.484322+09:00,2026-09-28T21:55:12.570273+09:00,rail-left-01,rail-right-01,0.6.7-draft,0.6.7-draft,mqtt,mqtt,237.35,203.55,6.457,6.432,0.059,0.034,-0.066,-0.287,10.192,9.893,-0.0654,0.0353,0.0345,0.0597,-0.0087,-0.0092,25.99,26.19,16405,18414,2.051,2.302,6.152,6.905,147,147,15,15,0,0,0,0,0.10897564,0.02148854,0.10897564,0.02148854,-0.17936649,-0.12611649,-0.17936649,-0.12611649,0.55585584,0.54874274,-0.00393551,-0.0029409,0.00674643,0.0122018,0.88035,0.88035,0.42979368,0.42939851,0,0
2026-09-28T21:55:12.504287+09:00,118932597,41d8b32a,2026-09-28T21:55:12.504287+09:00,2026-09-28T21:55:12.590238+09:00,rail-left-01,rail-right-01,0.6.7-draft,0.6.7-draft,mqtt,mqtt,238.45,204.49,6.471,6.424,-0.121,-0.196,0.341,-0.336,10.596,9.963,-0.0671,0.0296,0.0348,0.0572,-0.0097,-0.0039,25.97,26.17,16439,18396,2.055,2.3,6.165,6.899,148,148,15,15,0,0,0,0,0.09218602,-0.00124593,0.09218602,-0.00124593,-0.1750507,-0.11964235,-0.1750507,-0.11964235,0.55682075,0.54667193,-0.00309462,-0.00317533,0.00739221,0.01268112,0.88035,0.88035,0.42984729,0.42928346,0,0
2026-09-28T21:55:12.524231+09:00,118952541,41d8b32a,2026-09-28T21:55:12.524231+09:00,2026-09-28T21:55:12.610182+09:00,rail-left-01,rail-right-01,0.6.7-draft,0.6.7-draft,mqtt,mqtt,239.54,205.44,6.472,6.421,0.01,-0.031,0.178,-0.384,10.653,9.633,-0.0685,0.0313,0.0436,0.0569,-0.0023,-0.0051,25.97,26.19,16441,18391,2.055,2.299,6.165,6.897,149,149,15,15,0,0,0,0,0.07490678,-0.00710694,0.07490678,-0.00710694,-0.17111649,-0.11349983,-0.17111649,-0.11349983,0.55771417,0.54468917,-0.00242857,-0.00336836,0.00782521,0.01305328,0.88035,0.88035,0.42989692,0.42917331,0,0
2026-09-28T21:55:12.544270+09:00,118972580,41d8b32a,2026-09-28T21:55:12.544270+09:00,2026-09-28T21:55:12.630221+09:00,rail-left-01,rail-right-01,0.6.7-draft,0.6.7-draft,mqtt,mqtt,240.64,206.38,6.465,6.416,-0.031,-0.025,0.038,-0.177,10.428,9.553,-0.0673,0.0302,0.0358,0.0572,-0.0015,-0.004,25.99,26.19,16423,18380,2.053,2.298,6.159,6.893,150,150,15,15,0,0,0,0,0.0572722,-0.0120577,0.0572722,-0.0120577,-0.1678903,-0.1075923,-0.1678903,-0.1075923,0.55835584,0.54275368,-0.00195168,-0.00353557,0.00798428,0.01335534,0.88035,0.88035,0.42993257,0.42906578,0,0
2026-09-28T21:55:12.679385+09:00,119111428,41d8b32a,2026-09-28T21:55:12.679385+09:00,2026-09-28T21:55:12.715496+09:00,rail-left-01,rail-right-01,0.6.7-draft,0.6.7-draft,mqtt,mqtt,248.19,212.94,6.448,6.403,0.084,0.128,0.144,-0.214,10.584,9.671,-0.0663,0.034,0.0421,0.0582,-0.0076,-0.0024,26.01,26.18,16381,18351,2.048,2.294,6.143,6.882,151,151,16,16,0,0,0,0,-0.02397155,-0.13863131,-0.02397155,-0.13863131,-0.10258524,-0.07622364,-0.10258524,-0.07622364,0.54067354,0.51971298,-0.00367072,-0.00438501,0.0131195,0.00947637,0.88035,0.88035,0.42895022,0.42778574,0,0
2026-09-28T21:55:12.699584+09:00,119131627,41d8b32a,2026-09-28T21:55:12.699584+09:00,2026-09-28T21:55:12.735695+09:00,rail-left-01,rail-right-01,0.6.7-draft,0.6.7-draft,mqtt,mqtt,249.29,213.94,6.365,6.443,-0.289,-0.268,0.132,-0.218,10.469,9.742,-0.0642,0.0322,0.042,0.0529,-0.0061,-0.002,25.96,26.18,16175,18438,2.022,2.305,6.066,6.914,152,152,16,16,0,0,0,0,-0.0374297,-0.15207387,-0.0374297,-0.15207387,-0.1003968,-0.07371533,-0.1003968,-0.07371533,0.5374619,0.51908452,-0.00406669,-0.00415905,0.0122711,0.0091968,0.88035,0.88035,0.42877179,0.42775083,0,0
2026-09-28T21:55:12.719515+09:00,119151558,41d8b32a,2026-09-28T21:55:12.719515+09:00,2026-09-28T21:55:12.755626+09:00,rail-left-01,rail-right-01,0.6.7-draft,0.6.7-draft,mqtt,mqtt,250.38,214.88,6.354,6.447,0.189,0.195,0.007,-0.297,10.509,9.714,-0.0671,0.033,0.042,0.0582,-0.0056,-0.0055,25.99,26.17,16148,18447,2.019,2.306,6.056,6.918,153,153,16,16,0,0,0,0,-0.05064243,-0.13472081,-0.05064243,-0.13472081,-0.09866061,-0.07141195,-0.09866061,-0.07141195,0.5342774,0.51853008,-0.00440183,-0.00395411,0.01148136,0.00892977,0.88035,0.88035,0.42859488,0.42772003,0,0
2026-09-28T21:55:12.739444+09:00,119171487,41d8b32a,2026-09-28T21:55:12.739444+09:00,2026-09-28T21:55:12.775555+09:00,rail-left-01,rail-right-01,0.6.7-draft,0.6.7-draft,mqtt,mqtt,251.47,215.83,6.359,6.449,-0.207,-0.15,-0.007,-0.186,10.397,9.656,-0.0621,0.0369,0.0401,0.0537,-0.0057,-0.0023,25.99,26.18,16161,18453,2.02,2.307,6.06,6.92,154,154,16,16,0,0,0,0,-0.06482317,-0.1401725,-0.06482317,-0.1401725,-0.09688078,-0.06925538,-0.09688078,-0.06925538,0.53134631,0.5180225,-0.00464154,-0.00376972,0.01083737,0.00868036,0.88035,0.88035,0.42843204,0.42769183,0,0
2026-09-28T21:55:12.759471+09:00,119191514,41d8b32a,2026-09-28T21:55:12.759471+09:00,2026-09-28T21:55:12.795582+09:00,rail-left-01,rail-right-01,0.6.7-draft,0.6.7-draft,mqtt,mqtt,252.57,216.77,6.348,6.441,0.083,0.062,-0.062,-0.341,10.501,9.51,-0.0626,0.0376,0.0408,0.0561,-0.0104,-0.0065,25.97,26.16,16132,18435,2.016,2.304,6.049,6.913,155,155,16,16,0,0,0,0,-0.07895537,-0.13208101,-0.07895537,-0.13208101,-0.09550538,-0.06701867,-0.09550538,-0.06701867,0.52842528,0.51745004,-0.00485461,-0.00361951,0.01021317,0.00848032,0.88035,0.88035,0.42826976,0.42766002,0,0
2026-09-28T21:55:12.779417+09:00,119211460,41d8b32a,2026-09-28T21:55:12.779417+09:00,2026-09-28T21:55:12.815528+09:00,rail-left-01,rail-right-01,0.6.7-draft,0.6.7-draft,mqtt,mqtt,253.66,217.72,6.379,6.422,-0.151,-0.069,0.18,-0.202,10.112,9.662,-0.0561,0.0284,0.0328,0.053,-0.0113,-0.0068,25.99,26.2,16211,18392,2.026,2.299,6.079,6.897,156,156,16,16,0,0,0,0,-0.09359722,-0.13239405,-0.09359722,-0.13239405,-0.09336649,-0.06447288,-0.09336649,-0.06447288,0.52608106,0.51669981,-0.00493463,-0.00351508,0.0098311,0.00835624,0.88035,0.88035,0.42813953,0.42761834,0,0
2026-09-28T21:55:12.799506+09:00,119231549,41d8b32a,2026-09-28T21:55:12.799506+09:00,2026-09-28T21:55:12.835617+09:00,rail-left-01,rail-right-01,0.6.7-draft,0.6.7-draft,mqtt,mqtt,254.76,218.66,6.407,6.434,0.078,0.15,-0.056,-0.223,10.321,9.808,-0.0584,0.0269,0.039,0.0568,-0.0096,-0.006,25.99,26.17,16281,18418,2.035,2.302,6.105,6.907,157,157,16,16,0,0,0,0,-0.10808287,-0.11963532,-0.10808287,-0.11963532,-0.09060333,-0.06228316,-0.09060333,-0.06228316,0.52422864,0.51610584,-0.00491844,-0.00340059,0.00962322,0.00819916,0.88035,0.88035,0.42803661,0.42758535,0,0
2026-09-28T21:55:12.819497+09:00,119251540,41d8b32a,2026-09-28T21:55:12.819497+09:00,2026-09-28T21:55:12.855608+09:00,rail-left-01,rail-right-01,0.6.7-draft,0.6.7-draft,mqtt,mqtt,255.85,219.61,6.443,6.458,-0.072,-0.037,-0.029,-0.405,10.438,9.6,-0.0604,0.033,0.0394,0.0548,-0.0095,-0.0043,25.97,26.18,16370,18472,2.046,2.309,6.139,6.927,158,158,16,16,0,0,0,0,-0.12282883,-0.11831335,-0.12282883,-0.11831335,-0.0870588,-0.06067261,-0.0870588,-0.06067261,0.52293276,0.51578101,-0.00480789,-0.00326038,0.00959121,0.0079798,0.88035,0.88035,0.42796462,0.4275673,0,0
2026-09-28T21:55:12.839423+09:00,119271466,41d8b32a,2026-09-28T21:55:12.839423+09:00,2026-09-28T21:55:12.875534+09:00,rail-left-01,rail-right-01,0.6.7-draft,0.6.7-draft,mqtt,mqtt,256.94,220.55,6.459,6.473,0,-0.049,-0.043,-0.171,10.502,9.731,-0.0628,0.0301,0.0397,0.0596,-0.0099,-0.0059,26,26.17,16410,18505,2.051,2.313,6.154,6.939,159,159,16,16,0,0,0,0,-0.13758122,-0.11772547,-0.13758122,-0.11772547,-0.08329149,-0.05942649,-0.08329149,-0.05942649,0.52190167,0.51561917,-0.00466657,-0.00311159,0.00961145,0.00773414,0.88035,0.88035,0.42790734,0.42755831,0,0
2026-09-28T21:55:12.860068+09:00,119292111,41d8b32a,2026-09-28T21:55:12.860068+09:00,2026-09-28T21:55:12.896179+09:00,rail-left-01,rail-right-01,0.6.7-draft,0.6.7-draft,mqtt,mqtt,258.04,221.49,6.454,6.478,0.018,0.172,-0.006,-0.438,10.244,9.603,-0.065,0.0333,0.0376,0.0549,-0.0117,-0.0063,25.97,26.2,16398,18517,2.05,2.315,6.149,6.944,160,160,16,16,0,0,0,0,-0.15225736,-0.10466244,-0.15225736,-0.10466244,-0.07982991,-0.05832728,-0.07982991,-0.05832728,0.5208599,0.5155127,-0.00454464,-0.00296916,0.00958587,0.0074934,0.88035,0.88035,0.42784946,0.42755239,0,0
2026-09-28T21:55:12.945654+09:00,119376465,41d8b32a,2026-09-28T21:55:12.945654+09:00,2026-09-28T21:55:13.032147+09:00,rail-left-01,rail-right-01,0.6.7-draft,0.6.7-draft,mqtt,mqtt,262.66,225.47,6.456,6.484,-0.14,-0.075,0.062,-0.162,10.317,9.641,-0.0649,0.0305,0.0398,0.0564,-0.01,-0.0052,25.99,26.18,16403,18529,2.05,2.316,6.151,6.948,161,161,17,17,0,0,0,0,-0.09719732,-0.07551833,-0.09719732,-0.07551833,-0.05723188,-0.05431811,-0.05723188,-0.05431811,0.51542955,0.51179401,-0.00280965,-0.00209343,0.00721819,0.00468938,0.88035,0.92635,0.42754777,0.4273458,0,0
2026-09-28T21:55:12.965696+09:00,119396508,41d8b32a,2026-09-28T21:55:12.965696+09:00,2026-09-28T21:55:13.052190+09:00,rail-left-01,rail-right-01,0.6.7-draft,0.6.7-draft,mqtt,mqtt,263.71,226.42,6.439,6.526,0.053,0.077,-0.044,-0.13,10.327,9.595,-0.0646,0.0326,0.043,0.0614,-0.0105,-0.0084,25.98,26.17,16359,18622,2.045,2.328,6.135,6.983,162,162,17,17,0,0,0,0,-0.09076946,-0.07078619,-0.09076946,-0.07078619,-0.05649857,-0.05525538,-0.05649857,-0.05525538,0.51518917,0.51165742,-0.00268798,-0.00201562,0.00692173,0.00436898,0.88035,0.92635,0.42753442,0.42733821,0,0
2026-09-28T21:55:12.985670+09:00,119416482,41d8b32a,2026-09-28T21:55:12.985670+09:00,2026-09-28T21:55:13.072164+09:00,rail-left-01,rail-right-01,0.6.7-draft,0.6.7-draft,mqtt,mqtt,264.8,227.36,6.416,6.54,-0.194,-0.096,0.122,-0.4,10.733,9.835,-0.0673,0.0306,0.0337,0.0556,-0.0064,-0.0036,25.99,26.19,16303,18655,2.038,2.332,6.114,6.996,163,163,17,17,0,0,0,0,-0.08569976,-0.0738664,-0.08569976,-0.0738664,-0.05621834,-0.05638212,-0.05621834,-0.05638212,0.51474472,0.51163448,-0.00260555,-0.00193113,0.00659242,0.00405093,0.92635,0.92635,0.42750973,0.42733694,0,0
2026-09-28T21:55:13.005807+09:00,119436619,41d8b32a,2026-09-28T21:55:13.005807+09:00,2026-09-28T21:55:13.092301+09:00,rail-left-01,rail-right-01,0.6.7-draft,0.6.7-draft,mqtt,mqtt,265.89,228.31,6.429,6.542,0.056,0.02,0.15,-0.208,10.363,9.758,-0.0632,0.0328,0.039,0.0557,-0.0079,-0.0032,26,26.18,16335,18658,2.042,2.332,6.126,6.997,164,164,17,17,0,0,0,0,-0.08142946,0.05945012,-0.08142946,0.05945012,-0.05571195,-0.12936649,-0.05571195,-0.12936649,0.51443462,0.51118917,-0.00251332,0,0.00632235,0,0.92635,0.67435,0.4274925,0.47944676,0,0
2026-09-28T21:55:13.025765+09:00,119456577,41d8b32a,2026-09-28T21:55:13.025765+09:00,2026-09-28T21:55:13.112259+09:00,rail-left-01,rail-right-01,0.6.7-draft,0.6.7-draft,mqtt,mqtt,266.99,229.25,6.424,6.558,0,-0.014,-0.116,-0.133,10.487,9.675,-0.0618,0.0324,0.0418,0.0604,-0.0108,-0.0077,26,26.19,16321,18694,2.04,2.337,6.12,7.01,165,165,17,17,0,0,0,0,-0.07802709,0.01124805,-0.07802709,0.01124805,-0.05531292,-0.13736649,-0.05531292,-0.13736649,0.51409095,0.51518917,-0.00243354,0.01702128,0.00606177,-0.03404255,0.92635,0.67435,0.42747341,0.47966899,0,0
2026-09-28T21:55:13.045769+09:00,119476581,41d8b32a,2026-09-28T21:55:13.045769+09:00,2026-09-28T21:55:13.132263+09:00,rail-left-01,rail-right-01,0.6.7-draft,0.6.7-draft,mqtt,mqtt,268.08,230.2,6.418,6.57,-0.06,-0.03,0.095,-0.358,10.503,9.675,-0.0646,0.0316,0.0397,0.0541,-0.008,-0.0037,25.99,26.17,16308,18721,2.039,2.34,6.116,7.02,166,166,17,17,0,0,0,0,-0.07551685,-0.01997991,-0.07551685,-0.01997991,-0.05503316,-0.14403316,-0.05503316,-0.14403316,0.51370671,0.5185225,-0.00236575,0.01481094,0.00580774,-0.02962189,0.92635,0.67435,0.42745206,0.47985417,0,0
2026-09-28T21:55:13.065710+09:00,119496522,41d8b32a,2026-09-28T21:55:13.065710+09:00,2026-09-28T21:55:13.152204+09:00,rail-left-01,rail-right-01,0.6.7-draft,0.6.7-draft,mqtt,mqtt,269.17,231.14,6.424,6.569,-0.107,-0.065,0.415,-0.247,10.448,9.749,-0.069,0.0318,0.0409,0.0562,-0.0121,-0.0079,26,26.19,16321,18718,2.04,2.34,6.12,7.019,167,167,17,17,0,0,0,0,-0.07392075,-0.06030027,-0.07392075,-0.06030027,-0.0546596,-0.14711649,-0.0546596,-0.14711649,0.51338744,0.52006417,-0.00229567,0.00985367,0.00558526,-0.01970734,0.92635,0.67435,0.42743432,0.47993982,0,0
2026-09-28T21:55:13.085664+09:00,119516476,41d8b32a,2026-09-28T21:55:13.085664+09:00,2026-09-28T21:55:13.172158+09:00,rail-left-01,rail-right-01,0.6.7-draft,0.6.7-draft,mqtt,mqtt,270.27,232.08,6.432,6.582,-0.022,0.055,0.184,-0.251,10.461,9.671,-0.0661,0.0361,0.0406,0.0556,-0.0101,-0.0048,26.02,26.19,16342,18747,2.043,2.343,6.128,7.03,168,168,17,17,0,0,0,0,-0.07300101,-0.01639668,-0.07300101,-0.01639668,-0.0541631,-0.15156649,-0.0541631,-0.15156649,0.5131468,0.52228917,-0.00222167,0.00965126,0.0053945,-0.01930251,0.92635,0.67435,0.42742095,0.48006343,0,0
2026-09-28T21:55:13.105871+09:00,119536683,41d8b32a,2026-09-28T21:55:13.105871+09:00,2026-09-28T21:55:13.192365+09:00,rail-left-01,rail-right-01,0.6.7-draft,0.6.7-draft,mqtt,mqtt,271.36,233.03,6.422,6.591,-0.095,-0.056,0.089,-0.277,10.337,9.776,-0.0652,0.0314,0.0438,0.0624,-0.012,-0.0136,25.98,26.18,16317,18768,2.04,2.346,6.119,7.038,169,169,17,17,0,0,0,0,-0.07287125,-0.03959123,-0.07287125,-0.03959123,-0.05384983,-0.15603316,-0.05384983,-0.15603316,0.51283084,0.5245225,-0.00216213,0.00956766,0.00519631,-0.01913533,0.92635,0.67435,0.4274034,0.4801875,0,0
2026-09-28T21:55:13.125908+09:00,119556720,41d8b32a,2026-09-28T21:55:13.125908+09:00,2026-09-28T21:55:13.212402+09:00,rail-left-01,rail-right-01,0.6.7-draft,0.6.7-draft,mqtt,mqtt,272.46,233.97,6.392,6.613,0.001,0.047,0.138,-0.376,10.481,9.525,-0.0634,0.0328,0.0456,0.0596,-0.0121,-0.0091,25.98,26.19,16242,18816,2.03,2.352,6.091,7.056,170,170,17,17,0,0,0,0,-0.0733021,-0.014297,-0.0733021,-0.014297,-0.05403862,-0.16236649,-0.05403862,-0.16236649,0.51227933,0.52768917,-0.00213432,0.01101439,0.00495385,-0.02202879,0.92635,0.67435,0.42737276,0.48036343,0,0
2026-09-28T21:55:13.266166+09:00,119693403,41d8b32a,2026-09-28T21:55:13.266166+09:00,2026-09-28T21:55:13.350734+09:00,rail-left-01,rail-right-01,0.6.7-draft,0.6.7-draft,mqtt,mqtt,279.91,240.39,6.372,6.618,0.037,0.023,0.062,-0.409,10.289,9.529,-0.071,0.0326,0.0372,0.064,-0.0083,-0.0051,25.97,26.17,16192,18828,2.024,2.354,6.072,7.061,171,171,18,18,0,0,0,0,-0.03040738,-0.21300045,-0.03040738,-0.21300045,-0.16961649,-0.32308871,-0.16961649,-0.32308871,0.52881417,0.47082806,0.00371804,-0.01212222,-0.01356567,-0.03299136,0.67435,0.82835,0.48042593,0.47720448,0,0
2026-09-28T21:55:13.286286+09:00,119713523,41d8b32a,2026-09-28T21:55:13.286286+09:00,2026-09-28T21:55:13.370854+09:00,rail-left-01,rail-right-01,0.6.7-draft,0.6.7-draft,mqtt,mqtt,281.01,241.33,6.27,6.658,-0.18,-0.107,0,0.008,10.545,9.857,-0.0669,0.0334,0.0389,0.0593,-0.0076,-0.0069,25.99,26.19,15938,18915,1.992,2.364,5.977,7.093,172,172,18,18,0,0,0,0,-0.05001854,-0.22526444,-0.05001854,-0.22526444,-0.18658871,-0.33573491,-0.18658871,-0.33573491,0.5240225,0.46763654,-0.00162253,-0.0111989,-0.02083786,-0.03198586,0.73835,0.82835,0.48015973,0.47702717,0,0
2026-09-28T21:55:13.306217+09:00,119733455,41d8b32a,2026-09-28T21:55:13.306217+09:00,2026-09-28T21:55:13.390786+09:00,rail-left-01,rail-right-01,0.6.7-draft,0.6.7-draft,mqtt,mqtt,282.1,242.28,6.245,6.675,-0.061,-0.085,0.066,-0.45,10.357,9.723,-0.0637,0.028,0.0458,0.0652,-0.0116,-0.0095,26,26.18,15876,18954,1.985,2.369,5.954,7.108,173,173,18,18,0,0,0,0,-0.07085661,-0.23330543,-0.07085661,-0.23330543,-0.20266649,-0.34796649,-0.20266649,-0.34796649,0.51893917,0.46518917,-0.00420642,-0.01034835,-0.02422468,-0.0313476,0.73835,0.82835,0.47987732,0.47689121,0,0
2026-09-28T21:55:13.326226+09:00,119753464,41d8b32a,2026-09-28T21:55:13.326226+09:00,2026-09-28T21:55:13.410795+09:00,rail-left-01,rail-right-01,0.6.7-draft,0.6.7-draft,mqtt,mqtt,283.2,243.22,6.209,6.677,-0.153,-0.012,-0.092,-0.105,10.608,9.504,-0.069,0.0301,0.0394,0.0561,-0.0049,0.0001,25.96,26.16,15786,18957,1.973,2.37,5.92,7.109,174,174,18,18,0,0,0,0,-0.0930177,-0.23073254,-0.0930177,-0.23073254,-0.21909377,-0.3591284,-0.21909377,-0.3591284,0.51314371,0.4630225,-0.00619868,-0.00966166,-0.02693546,-0.03070799,0.80135,0.82835,0.47955535,0.47677084,0,0
2026-09-28T21:55:13.346443+09:00,119773681,41d8b32a,2026-09-28T21:55:13.346443+09:00,2026-09-28T21:55:13.431012+09:00,rail-left-01,rail-right-01,0.6.7-draft,0.6.7-draft,mqtt,mqtt,284.29,244.17,6.188,6.667,0.108,0.157,0.072,-0.28,10.354,9.67,-0.0658,0.0325,0.0397,0.0592,-0.0053,-0.0059,25.99,26.18,15734,18935,1.967,2.367,5.9,7.101,175,175,18,18,0,0,0,0,-0.11362597,-0.20629829,-0.11362597,-0.20629829,-0.23453316,-0.36882104,-0.23453316,-0.36882104,0.50743917,0.46082553,-0.00760516,-0.00916223,-0.02871917,-0.02991157,0.80135,0.82835,0.47923843,0.47664878,0,0
2026-09-28T21:55:13.366629+09:00,119793866,41d8b32a,2026-09-28T21:55:13.366629+09:00,2026-09-28T21:55:13.451197+09:00,rail-left-01,rail-right-01,0.6.7-draft,0.6.7-draft,mqtt,mqtt,285.43,245.11,6.153,6.669,-0.108,-0.085,0.294,-0.363,10.192,9.59,-0.0654,0.0305,0.0382,0.065,-0.0007,-0.006,25.99,26.19,15647,18940,1.956,2.368,5.868,7.102,176,176,18,18,0,0,0,0,-0.13475854,-0.21422725,-0.13475854,-0.21422725,-0.25028957,-0.3777578,-0.25028957,-0.3777578,0.50126609,0.45886308,-0.00892019,-0.00871987,-0.03045061,-0.02916313,0.80135,0.82835,0.47889548,0.47653976,0,0
2026-09-28T21:55:13.386249+09:00,119813487,41d8b32a,2026-09-28T21:55:13.386249+09:00,2026-09-28T21:55:13.470818+09:00,rail-left-01,rail-right-01,0.6.7-draft,0.6.7-draft,mqtt,mqtt,286.48,246.01,6.137,6.671,-0.251,-0.186,0.035,0.044,10.46,9.618,-0.0641,0.029,0.0416,0.0594,-0.0087,-0.0059,25.99,26.17,15608,18944,1.951,2.368,5.853,7.104,177,177,18,18,0,0,0,0,-0.15731186,-0.23357058,-0.15731186,-0.23357058,-0.26493792,-0.38603316,-0.26493792,-0.38603316,0.49540345,0.45710584,-0.00988554,-0.00832267,-0.03159708,-0.02846075,0.80135,0.82835,0.47856978,0.47644213,0,0
2026-09-28T21:55:13.406198+09:00,119833435,41d8b32a,2026-09-28T21:55:13.406198+09:00,2026-09-28T21:55:13.490766+09:00,rail-left-01,rail-right-01,0.6.7-draft,0.6.7-draft,mqtt,mqtt,287.57,246.95,6.091,6.672,0.069,0.128,0.129,-0.268,10.342,9.875,-0.0613,0.0302,0.0462,0.0659,-0.0069,-0.0084,26.02,26.19,15493,18948,1.937,2.368,5.81,7.106,178,178,18,18,0,0,0,0,-0.17872629,-0.21537202,-0.17872629,-0.21537202,-0.28069983,-0.39368649,-0.28069983,-0.39368649,0.48878917,0.45550917,-0.01100546,-0.00796278,-0.03312685,-0.02777856,0.80135,0.82835,0.47820232,0.47635343,0,0
2026-09-28T21:55:13.426372+09:00,119853609,41d8b32a,2026-09-28T21:55:13.426372+09:00,2026-09-28T21:55:13.510940+09:00,rail-left-01,rail-right-01,0.6.7-draft,0.6.7-draft,mqtt,mqtt,288.66,247.9,6.029,6.693,-0.134,-0.148,0.059,-0.33,10.635,9.852,-0.0751,0.0316,0.0341,0.0554,-0.0048,-0.0116,25.99,26.2,15340,18994,1.918,2.374,5.753,7.123,179,179,18,18,0,0,0,0,-0.20015664,-0.22872789,-0.20015664,-0.22872789,-0.29836649,-0.4015588,-0.29836649,-0.4015588,0.48106417,0.45443917,-0.01238389,-0.00753929,-0.03523356,-0.02729924,0.82835,0.82835,0.47777315,0.47629399,0,0
2026-09-28T21:55:13.446387+09:00,119873625,41d8b32a,2026-09-28T21:55:13.446387+09:00,2026-09-28T21:55:13.530956+09:00,rail-left-01,rail-right-01,0.6.7-draft,0.6.7-draft,mqtt,mqtt,289.81,248.84,6.074,6.696,-0.05,-0.02,0.073,-0.438,10.311,9.438,-0.0703,0.0282,0.0341,0.0534,-0.0068,-0.012,25.97,26.19,15451,19000,1.931,2.375,5.794,7.125,180,180,18,18,0,0,0,0,-0.22094324,-0.22777808,-0.22094324,-0.22777808,-0.31130767,-0.40895908,-0.31130767,-0.40895908,0.47557152,0.45350398,-0.01279027,-0.00714863,-0.03543803,-0.02682146,0.82835,0.82835,0.47746801,0.47624203,0,0
2026-09-28T21:55:13.581812+09:00,120011583,41d8b32a,2026-09-28T21:55:13.581812+09:00,2026-09-28T21:55:13.615924+09:00,rail-left-01,rail-right-01,0.6.7-draft,0.6.7-draft,mqtt,mqtt,297.36,255.3,6.082,6.69,0.023,0.043,0.022,-0.366,10.532,9.805,-0.0674,0.0276,0.0384,0.0601,-0.0045,0.0007,26,26.18,15470,18987,1.934,2.373,5.801,7.12,181,181,19,19,0,0,0,0,-0.23529358,-0.31915029,-0.23529358,-0.31915029,-0.41554506,-0.46834018,-0.41554506,-0.46834018,0.45277845,0.44446548,-0.00641895,-0.00361489,-0.02519566,-0.01728559,0.82835,0.88235,0.47620172,0.47706626,0,0
2026-09-28T21:55:13.601911+09:00,120031682,41d8b32a,2026-09-28T21:55:13.601911+09:00,2026-09-28T21:55:13.636023+09:00,rail-left-01,rail-right-01,0.6.7-draft,0.6.7-draft,mqtt,mqtt,298.46,256.25,6.012,6.613,-0.004,-0.121,-0.043,-0.133,10.513,9.734,-0.065,0.0273,0.04,0.0588,-0.0081,-0.0037,25.98,26.19,15296,18815,1.912,2.352,5.736,7.056,182,182,19,19,0,0,0,0,-0.24358145,-0.32281623,-0.24358145,-0.32281623,-0.42409063,-0.46831521,-0.42409063,-0.46831521,0.45089607,0.44366353,-0.00616282,-0.00346783,-0.02449716,-0.01583662,0.82835,0.88235,0.47609715,0.47706488,0,0
2026-09-28T21:55:13.622042+09:00,120051813,41d8b32a,2026-09-28T21:55:13.622042+09:00,2026-09-28T21:55:13.656154+09:00,rail-left-01,rail-right-01,0.6.7-draft,0.6.7-draft,mqtt,mqtt,299.55,257.19,6.017,6.619,-0.014,-0.08,-0.038,-0.352,10.561,9.706,-0.0667,0.0322,0.0393,0.0545,-0.0088,-0.0013,25.98,26.15,15309,18829,1.914,2.354,5.741,7.061,183,183,19,19,0,0,0,0,-0.25254189,-0.32336898,-0.25254189,-0.32336898,-0.43189983,-0.46844149,-0.43189983,-0.46844149,0.4492225,0.44297667,-0.00591789,-0.00332512,-0.02380964,-0.01463292,0.82835,0.88235,0.47600417,0.47707189,0,0
2026-09-28T21:55:13.641892+09:00,120071663,41d8b32a,2026-09-28T21:55:13.641892+09:00,2026-09-28T21:55:13.676004+09:00,rail-left-01,rail-right-01,0.6.7-draft,0.6.7-draft,mqtt,mqtt,300.65,258.14,6.04,6.615,-0.013,-0.041,-0.079,-0.212,10.426,9.738,-0.0646,0.0288,0.0374,0.0516,-0.0125,-0.0076,25.98,26.17,15366,18820,1.921,2.353,5.762,7.058,184,184,19,19,0,0,0,0,-0.26201237,-0.32115153,-0.26201237,-0.32115153,-0.43846327,-0.46846405,-0.43846327,-0.46846405,0.44802788,0.44227453,-0.00561448,-0.00320739,-0.02299791,-0.01357809,0.82835,0.88235,0.4759378,0.47707315,0,0
2026-09-28T21:55:13.662120+09:00,120091891,41d8b32a,2026-09-28T21:55:13.662120+09:00,2026-09-28T21:55:13.696232+09:00,rail-left-01,rail-right-01,0.6.7-draft,0.6.7-draft,mqtt,mqtt,301.79,259.08,6.049,6.607,-0.013,0.068,0.037,-0.096,10.582,9.816,-0.0675,0.0313,0.043,0.0524,-0.0123,-0.0048,25.99,26.19,15388,18803,1.924,2.35,5.771,7.051,185,185,19,19,0,0,0,0,-0.27201994,-0.3115993,-0.27201994,-0.3115993,-0.44433524,-0.46829506,-0.44433524,-0.46829506,0.44704854,0.4415106,-0.00531775,-0.00311765,-0.02219364,-0.01262736,0.82835,0.88235,0.4758834,0.47706376,0,0
2026-09-28T21:55:13.682096+09:00,120111867,41d8b32a,2026-09-28T21:55:13.682096+09:00,2026-09-28T21:55:13.716208+09:00,rail-left-01,rail-right-01,0.6.7-draft,0.6.7-draft,mqtt,mqtt,302.88,260.03,6.048,6.615,-0.102,-0.086,0.016,-0.217,10.416,9.687,-0.0658,0.0321,0.0392,0.0548,-0.0101,-0.0068,26,26.15,15385,18821,1.923,2.353,5.769,7.058,186,186,19,19,0,0,0,0,-0.28269717,-0.31278344,-0.28269717,-0.31278344,-0.44988164,-0.46831998,-0.44988164,-0.46831998,0.44611341,0.44087522,-0.00506093,-0.00302029,-0.02146822,-0.01182152,0.82835,0.88235,0.47604079,0.47706514,0,0
2026-09-28T21:55:13.701851+09:00,120131622,41d8b32a,2026-09-28T21:55:13.701851+09:00,2026-09-28T21:55:13.735963+09:00,rail-left-01,rail-right-01,0.6.7-draft,0.6.7-draft,mqtt,mqtt,303.98,260.97,6.058,6.613,-0.071,-0.028,-0.018,-0.314,10.362,9.596,-0.0637,0.029,0.0361,0.0553,-0.0075,-0.0055,25.97,26.17,15410,18816,1.926,2.352,5.779,7.056,187,187,19,19,0,0,0,0,-0.29377583,-0.31014164,-0.29377583,-0.31014164,-0.45480767,-0.46829831,-0.45480767,-0.46829831,0.44538035,0.44024599,-0.00480272,-0.00293481,-0.02073991,-0.01109957,0.82835,0.88235,0.47631446,0.47706394,0,0
2026-09-28T21:55:13.721956+09:00,120151727,41d8b32a,2026-09-28T21:55:13.721956+09:00,2026-09-28T21:55:13.756068+09:00,rail-left-01,rail-right-01,0.6.7-draft,0.6.7-draft,mqtt,mqtt,305.07,261.92,6.033,6.598,-0.013,-0.019,0.462,-0.342,10.689,9.595,-0.0717,0.0329,0.0402,0.0501,-0.0079,-0.0047,25.99,26.17,15349,18782,1.919,2.348,5.756,7.043,188,188,19,19,0,0,0,0,-0.30507771,-0.30703938,-0.30507771,-0.30703938,-0.46016649,-0.46794427,-0.46016649,-0.46794427,0.44433203,0.43947806,-0.00464212,-0.00288099,-0.02020813,-0.01040379,0.88235,0.88235,0.47661217,0.47704427,0,0
2026-09-28T21:55:13.741866+09:00,120171637,41d8b32a,2026-09-28T21:55:13.741866+09:00,2026-09-28T21:55:13.775977+09:00,rail-left-01,rail-right-01,0.6.7-draft,0.6.7-draft,mqtt,mqtt,306.17,262.81,6.079,6.606,-0.019,-0.055,0.132,-0.493,10.427,9.607,-0.0731,0.0313,0.0342,0.052,-0.0087,-0.0065,25.98,26.19,15464,18800,1.933,2.35,5.799,7.05,189,189,19,19,0,0,0,0,-0.31647284,-0.3063305,-0.31647284,-0.3063305,-0.46394983,-0.46777954,-0.46394983,-0.46777954,0.44398084,0.43883047,-0.00437327,-0.00281713,-0.01946147,-0.00980641,0.88235,0.88235,0.47682236,0.47703512,0,0
2026-09-28T21:55:13.761906+09:00,120191677,41d8b32a,2026-09-28T21:55:13.761906+09:00,2026-09-28T21:55:13.796018+09:00,rail-left-01,rail-right-01,0.6.7-draft,0.6.7-draft,mqtt,mqtt,307.26,263.76,6.125,6.602,-0.04,-0.09,0.024,-0.129,10.227,9.849,-0.0727,0.0306,0.035,0.0546,-0.0101,-0.0083,26,26.17,15578,18792,1.947,2.349,5.842,7.047,190,190,19,19,0,0,0,0,-0.32800788,-0.3077066,-0.32800788,-0.3077066,-0.46628541,-0.46753671,-0.46628541,-0.46753671,0.44427025,0.43816789,-0.00401969,-0.00276288,-0.01854786,-0.00925386,0.88235,0.88235,0.47695211,0.47702163,0,0
2026-09-28T21:55:13.845293+09:00,120276451,41d8b32a,2026-09-28T21:55:13.845293+09:00,2026-09-28T21:55:13.934837+09:00,rail-left-01,rail-right-01,0.6.7-draft,0.6.7-draft,mqtt,mqtt,311.93,267.73,6.12,6.603,0.011,0.004,-0.054,-0.182,10.448,9.65,-0.0636,0.0317,0.0409,0.0528,-0.0097,-0.0084,25.96,26.17,15565,18794,1.946,2.349,5.837,7.048,191,191,20,20,0,0,0,0,-0.31265812,-0.37626756,-0.31265812,-0.37626756,-0.46740816,-0.43403891,-0.46740816,-0.43403891,0.43748084,0.44809434,-0.00269779,-0.00038239,-0.00866586,-0.00142628,0.88235,0.88235,0.47701449,0.4759415,0,0
2026-09-28T21:55:13.865339+09:00,120296498,41d8b32a,2026-09-28T21:55:13.865339+09:00,2026-09-28T21:55:13.954884+09:00,rail-left-01,rail-right-01,0.6.7-draft,0.6.7-draft,mqtt,mqtt,313.03,268.68,6.174,6.575,-0.079,-0.055,-0.117,-0.317,10.392,9.759,-0.0706,0.0308,0.0346,0.0517,-0.0075,-0.0101,25.99,26.18,15701,18731,1.963,2.341,5.888,7.024,192,192,20,20,0,0,0,0,-0.31835999,-0.37561279,-0.31835999,-0.37561279,-0.46618282,-0.42753598,-0.46618282,-0.42753598,0.43737284,0.45039256,-0.00255529,-0.00007966,-0.00797627,-0.00055341,0.88235,0.88235,0.47694641,0.47606917,0,0
2026-09-28T21:55:13.885455+09:00,120316613,41d8b32a,2026-09-28T21:55:13.885455+09:00,2026-09-28T21:55:13.974999+09:00,rail-left-01,rail-right-01,0.6.7-draft,0.6.7-draft,mqtt,mqtt,314.12,269.62,6.205,6.56,0.017,0.011,0.042,-0.207,10.442,9.699,-0.0663,0.0338,0.0358,0.0566,-0.0081,-0.0079,25.97,26.16,15776,18699,1.972,2.337,5.916,7.012,193,193,20,20,0,0,0,0,-0.32453685,-0.37183986,-0.32453685,-0.37183986,-0.46438649,-0.42099983,-0.46438649,-0.42099983,0.43757917,0.45248917,-0.00238195,0.00017704,-0.00727023,0.00026076,0.88235,0.88235,0.47684661,0.47618565,0,0
2026-09-28T21:55:13.905380+09:00,120336539,41d8b32a,2026-09-28T21:55:13.905380+09:00,2026-09-28T21:55:13.994925+09:00,rail-left-01,rail-right-01,0.6.7-draft,0.6.7-draft,mqtt,mqtt,315.21,270.57,6.224,6.565,-0.08,-0.029,0.071,-0.213,10.369,9.503,-0.0629,0.0308,0.0381,0.0546,-0.0101,-0.0047,25.97,26.18,15825,18709,1.978,2.339,5.934,7.016,194,194,20,20,0,0,0,0,-0.33136,-0.37011547,-0.33136,-0.37011547,-0.46228806,-0.41475993,-0.46228806,-0.41475993,0.43796368,0.45455802,-0.00219959,0.00041311,-0.00658486,0.00098478,0.88235,0.88235,0.47673004,0.47630059,0,0
2026-09-28T21:55:13.925426+09:00,120356585,41d8b32a,2026-09-28T21:55:13.925426+09:00,2026-09-28T21:55:14.014971+09:00,rail-left-01,rail-right-01,0.6.7-draft,0.6.7-draft,mqtt,mqtt,316.31,271.51,6.221,6.56,-0.011,-0.019,-0.132,-0.154,10.579,9.722,-0.067,0.0316,0.0353,0.0537,-0.0087,-0.0033,25.99,26.18,15818,18698,1.977,2.337,5.932,7.012,195,195,20,20,0,0,0,0,-0.33858674,-0.36793722,-0.33858674,-0.36793722,-0.46032803,-0.40864069,-0.46032803,-0.40864069,0.43830455,0.45651981,-0.00203868,0.00062164,-0.00597562,0.00164813,0.88235,0.88235,0.47662114,0.47640958,0,0
2026-09-28T21:55:13.945445+09:00,120376603,41d8b32a,2026-09-28T21:55:13.945445+09:00,2026-09-28T21:55:14.034989+09:00,rail-left-01,rail-right-01,0.6.7-draft,0.6.7-draft,mqtt,mqtt,317.45,272.46,6.253,6.568,0.042,0.017,0.03,-0.309,10.427,9.851,-0.064,0.0336,0.0348,0.0546,-0.0075,-0.0041,26,26.18,15896,18717,1.987,2.34,5.961,7.019,196,196,20,20,0,0,0,0,-0.34605577,-0.36417663,-0.34605577,-0.36417663,-0.45783819,-0.40284268,-0.45783819,-0.40284268,0.43893445,0.45848282,-0.00185231,0.00081759,-0.005344,0.00223462,0.88235,0.88235,0.47648282,0.47651863,0,0
2026-09-28T21:55:13.965462+09:00,120396620,41d8b32a,2026-09-28T21:55:13.965462+09:00,2026-09-28T21:55:14.055006+09:00,rail-left-01,rail-right-01,0.6.7-draft,0.6.7-draft,mqtt,mqtt,318.54,273.4,6.269,6.576,-0.116,-0.12,0.089,-0.289,10.624,9.716,-0.0687,0.0333,0.0325,0.0518,-0.0059,-0.0051,25.97,26.19,15937,18734,1.992,2.342,5.976,7.025,197,197,20,20,0,0,0,0,-0.35402492,-0.36668544,-0.35402492,-0.36668544,-0.45514427,-0.39735087,-0.45514427,-0.39735087,0.43968917,0.46044698,-0.00166411,0.00100226,-0.00473408,0.00275298,0.88235,0.88235,0.47633316,0.47662775,0,0
2026-09-28T21:55:13.985425+09:00,120416584,41d8b32a,2026-09-28T21:55:13.985425+09:00,2026-09-28T21:55:14.074970+09:00,rail-left-01,rail-right-01,0.6.7-draft,0.6.7-draft,mqtt,mqtt,319.64,274.35,6.327,6.571,-0.011,-0.016,0.399,-0.317,10.444,9.905,-0.0658,0.0364,0.0365,0.0534,-0.0088,-0.0052,25.99,26.17,16080,18723,2.01,2.34,6.03,7.021,198,198,20,20,0,0,0,0,-0.3622723,-0.36449658,-0.3622723,-0.36449658,-0.45149377,-0.39195111,-0.45149377,-0.39195111,0.44094371,0.46231225,-0.0014262,0.00116595,-0.00404693,0.0032326,0.88235,0.88235,0.47613035,0.47673138,0,0
2026-09-28T21:55:14.005375+09:00,120436533,41d8b32a,2026-09-28T21:55:14.005375+09:00,2026-09-28T21:55:14.094919+09:00,rail-left-01,rail-right-01,0.6.7-draft,0.6.7-draft,mqtt,mqtt,320.73,275.29,6.395,6.593,-0.107,-0.053,-0.05,-0.145,10.353,9.491,-0.0626,0.0366,0.0356,0.0522,-0.0072,-0.0037,26.01,26.17,16251,18771,2.031,2.346,6.094,7.039,199,199,20,20,0,0,0,0,-0.3709398,-0.36407112,-0.3709398,-0.36407112,-0.44675935,-0.38704831,-0.44675935,-0.38704831,0.4427606,0.46428765,-0.00113479,0.00133271,-0.0032724,0.00363375,0.88235,0.88235,0.47586733,0.47684112,0,0
2026-09-28T21:55:14.025495+09:00,120456653,41d8b32a,2026-09-28T21:55:14.025495+09:00,2026-09-28T21:55:14.115039+09:00,rail-left-01,rail-right-01,0.6.7-draft,0.6.7-draft,mqtt,mqtt,321.83,276.23,6.504,6.627,-0.063,-0.048,0.341,-0.172,10.265,9.76,-0.0661,0.0273,0.0346,0.056,-0.012,-0.0059,25.97,26.15,16521,18847,2.065,2.356,6.195,7.068,200,200,20,20,0,0,0,0,-0.37989079,-0.36337739,-0.37989079,-0.36337739,-0.44027877,-0.38279933,-0.44027877,-0.38279933,0.44546987,0.46645783,-0.00075352,0.00151141,-0.0023355,0.00394612,0.88235,0.88235,0.47579569,0.47696169,0,0
2026-09-28T21:55:14.205761+09:00,120595458,41d8b32a,2026-09-28T21:55:14.205761+09:00,2026-09-28T21:55:14.290700+09:00,rail-left-01,rail-right-01,0.6.7-draft,0.6.7-draft,mqtt,mqtt,329.43,282.85,6.557,6.663,-0.105,-0.098,0.198,-0.445,10.291,9.686,-0.0585,0.03,0.0304,0.0513,-0.0084,-0.0036,25.98,26.19,16654,18928,2.082,2.366,6.245,7.098,201,201,21,21,0,0,0,0,-0.6772378,-0.80266556,-0.6772378,-0.80266556,-0.04936649,0.36299714,-0.04936649,0.36299714,0.63618917,0.84564371,0,-0.03854717,0,-0.08400995,0.48435,0.76035,0.49562504,0.5072614,0,0
2026-09-28T21:55:14.225925+09:00,120615622,41d8b32a,2026-09-28T21:55:14.225925+09:00,2026-09-28T21:55:14.310864+09:00,rail-left-01,rail-right-01,0.6.7-draft,0.6.7-draft,mqtt,mqtt,330.53,283.79,7.512,7.396,0.077,0.011,0.15,-0.419,10.564,9.65,-0.0581,0.0334,0.032,0.0512,-0.0073,-0.0057,26,26.16,19031,20553,2.379,2.569,7.137,7.707,202,202,21,21,0,0,0,0,-0.68695835,-0.76232734,-0.68695835,-0.76232734,0.42813351,0.27305017,0.42813351,0.27305017,0.87493917,0.86448084,0.86818182,-0.01089472,1.73636364,-0.12122719,0.75735,0.76035,0.50888893,0.50830791,0,0
2026-09-28T21:55:14.245847+09:00,120635544,41d8b32a,2026-09-28T21:55:14.245847+09:00,2026-09-28T21:55:14.330786+09:00,rail-left-01,rail-right-01,0.6.7-draft,0.6.7-draft,mqtt,mqtt,331.62,284.74,7.452,7.349,-0.084,-0.053,0.074,-0.091,10.324,9.916,-0.0577,0.0337,0.0354,0.0532,-0.0067,-0.0039,25.97,26.17,18881,20450,2.36,2.556,7.08,7.669,203,203,21,21,0,0,0,0,-0.70283168,-0.74169714,-0.70283168,-0.74169714,0.56730017,0.20055658,0.56730017,0.20055658,0.9445225,0.87861225,0.40937839,0.00042499,0.81875678,-0.13278255,0.75735,0.76035,0.51275467,0.50909299,0,0
2026-09-28T21:55:14.265808+09:00,120655505,41d8b32a,2026-09-28T21:55:14.265808+09:00,2026-09-28T21:55:14.350747+09:00,rail-left-01,rail-right-01,0.6.7-draft,0.6.7-draft,mqtt,mqtt,332.71,285.68,7.325,7.241,-0.113,-0.144,0.109,-0.42,10.53,9.813,-0.0633,0.0274,0.0377,0.0593,-0.0104,-0.008,25.96,26.14,18566,20209,2.321,2.526,6.962,7.578,204,204,21,21,0,0,0,0,-0.72096276,-0.74253326,-0.72096276,-0.74253326,0.60513351,0.14613351,0.60513351,0.14613351,0.96343917,0.88686774,0.20583767,0.00458339,0.41167534,-0.13279781,0.75735,0.76035,0.51380559,0.50955163,0,0
2026-09-28T21:55:14.286111+09:00,120675808,41d8b32a,2026-09-28T21:55:14.286111+09:00,2026-09-28T21:55:14.371050+09:00,rail-left-01,rail-right-01,0.6.7-draft,0.6.7-draft,mqtt,mqtt,333.81,286.63,7.156,7.105,0.01,0.028,0.028,-0.338,10.533,9.79,-0.0616,0.0344,0.0406,0.0608,-0.0088,-0.0053,25.97,26.17,18144,19907,2.268,2.488,6.804,7.465,205,205,21,21,0,0,0,0,-0.73742632,-0.71092319,-0.73742632,-0.71092319,0.59403351,0.10803351,0.59403351,0.10803351,0.95788917,0.88948917,0.09257545,0.0049745,0.1851509,-0.12669369,0.75735,0.76035,0.51349726,0.50969726,0,0
2026-09-28T21:55:14.306132+09:00,120695829,41d8b32a,2026-09-28T21:55:14.306132+09:00,2026-09-28T21:55:14.391071+09:00,rail-left-01,rail-right-01,0.6.7-draft,0.6.7-draft,mqtt,mqtt,334.9,287.62,6.997,6.936,-0.104,-0.124,0.115,-0.2,10.441,9.737,-0.0653,0.0317,0.0357,0.0562,-0.0072,-0.0025,25.96,26.17,17749,19533,2.219,2.442,6.656,7.325,206,206,21,21,0,0,0,0,-0.75444235,-0.71021501,-0.75444235,-0.71021501,0.56013351,0.08525851,0.56013351,0.08525851,0.94093917,0.88650167,0.02636988,0.00292878,0.05273976,-0.11651206,0.75735,0.76035,0.51255559,0.50953129,0,0
2026-09-28T21:55:14.325884+09:00,120715581,41d8b32a,2026-09-28T21:55:14.325884+09:00,2026-09-28T21:55:14.410823+09:00,rail-left-01,rail-right-01,0.6.7-draft,0.6.7-draft,mqtt,mqtt,335.95,288.52,6.897,6.823,0.002,0.01,0.199,-0.241,10.567,9.446,-0.0632,0.0345,0.0442,0.0568,-0.0083,-0.0033,25.96,26.15,17499,19282,2.187,2.41,6.562,7.231,207,207,21,21,0,0,0,0,-0.77053482,-0.68754005,-0.77053482,-0.68754005,0.52163351,0.07180998,0.52163351,0.07180998,0.92168917,0.88054211,-0.00969594,0.00016917,-0.01939189,-0.10561775,0.76035,0.76035,0.51148615,0.5092002,0,0
2026-09-28T21:55:14.345859+09:00,120735556,41d8b32a,2026-09-28T21:55:14.345859+09:00,2026-09-28T21:55:14.430798+09:00,rail-left-01,rail-right-01,0.6.7-draft,0.6.7-draft,mqtt,mqtt,337.04,289.46,6.783,6.689,-0.195,-0.045,0.026,-0.302,10.246,9.54,-0.067,0.0328,0.0368,0.0516,-0.0048,-0.0028,25.98,26.17,17216,18985,2.152,2.373,6.456,7.119,208,208,21,21,0,0,0,0,-0.78816512,-0.6760394,-0.78816512,-0.6760394,0.47850851,0.06730017,0.47850851,0.06730017,0.90012667,0.8715225,-0.03284159,-0.00322057,-0.06568318,-0.09391992,0.76035,0.76035,0.51028823,0.50869911,0,0
2026-09-28T21:55:14.365828+09:00,120755525,41d8b32a,2026-09-28T21:55:14.365828+09:00,2026-09-28T21:55:14.450767+09:00,rail-left-01,rail-right-01,0.6.7-draft,0.6.7-draft,mqtt,mqtt,338.13,290.45,6.702,6.562,0.038,0.04,0.463,-0.056,10.388,10.048,-0.0646,0.0349,0.0408,0.0614,-0.0072,-0.0105,25.97,26.19,17014,18704,2.127,2.338,6.38,7.014,209,209,21,21,0,0,0,0,-0.80402573,-0.6526445,-0.80402573,-0.6526445,0.43596684,0.0699493,0.43596684,0.0699493,0.87885584,0.86011022,-0.04647965,-0.00692286,-0.09295931,-0.08189922,0.76035,0.76035,0.50910652,0.5080651,0,0
2026-09-28T21:55:14.386127+09:00,120775824,41d8b32a,2026-09-28T21:55:14.386127+09:00,2026-09-28T21:55:14.471066+09:00,rail-left-01,rail-right-01,0.6.7-draft,0.6.7-draft,mqtt,mqtt,339.23,291.4,6.659,6.499,-0.123,-0.111,0.128,-0.644,10.491,9.706,-0.0669,0.0325,0.0372,0.0544,-0.0085,-0.0079,25.97,26.17,16906,18563,2.113,2.32,6.34,6.961,210,210,21,21,0,0,0,0,-0.82017819,-0.65320189,-0.82017819,-0.65320189,0.39763351,0.07548351,0.39763351,0.07548351,0.85968917,0.84826417,-0.05303778,-0.01023264,-0.10607557,-0.07097584,0.76035,0.76035,0.5080417,0.50740698,0,0
2026-09-28T21:55:14.516582+09:00,120952446,41d8b32a,2026-09-28T21:55:14.516582+09:00,2026-09-28T21:55:14.599431+09:00,rail-left-01,rail-right-01,0.6.7-draft,0.6.7-draft,mqtt,mqtt,348.87,299.8,6.646,6.472,-0.097,0.054,-0.079,-0.209,10.368,9.712,-0.0659,0.0328,0.0377,0.0584,-0.0093,-0.0089,25.99,26.16,16874,18503,2.109,2.313,6.328,6.939,211,211,22,22,0,0,0,0,-0.66601412,-0.75175548,-0.66601412,-0.75175548,0.0798716,0.08269802,0.0798716,0.08269802,0.83723679,0.75247949,-0.01289832,-0.01708748,-0.05172455,-0.01312652,0.76035,0.83835,0.50679435,0.50208561,0,0
2026-09-28T21:55:14.536966+09:00,120972830,41d8b32a,2026-09-28T21:55:14.536966+09:00,2026-09-28T21:55:14.619815+09:00,rail-left-01,rail-right-01,0.6.7-draft,0.6.7-draft,mqtt,mqtt,349.97,300.75,6.601,6.452,-0.062,-0.124,0.053,-0.317,10.645,9.776,-0.0677,0.0354,0.043,0.0576,-0.0084,-0.0041,25.97,26.19,16763,18459,2.095,2.307,6.286,6.922,212,212,22,22,0,0,0,0,-0.6793708,-0.7300288,-0.6793708,-0.7300288,0.08181533,0.08332101,0.08181533,0.08332101,0.82618917,0.74575167,-0.01472847,-0.0167155,-0.0408016,-0.01147251,0.83835,0.83835,0.50618059,0.50171184,0,0
2026-09-28T21:55:14.556775+09:00,120992639,41d8b32a,2026-09-28T21:55:14.556775+09:00,2026-09-28T21:55:14.639624+09:00,rail-left-01,rail-right-01,0.6.7-draft,0.6.7-draft,mqtt,mqtt,351.06,301.69,6.594,6.457,-0.166,-0.054,-0.053,-0.341,10.438,9.764,-0.0681,0.0306,0.04,0.0541,-0.0132,-0.0067,25.98,26.15,16746,18471,2.093,2.309,6.28,6.927,213,213,22,22,0,0,0,0,-0.69352138,-0.70362374,-0.69352138,-0.70362374,0.08328568,0.08375472,0.08328568,0.08375472,0.81595004,0.73950735,-0.01583925,-0.01636075,-0.03353509,-0.0101975,0.83835,0.83835,0.50561175,0.50136494,0,0
2026-09-28T21:55:14.576727+09:00,121012590,41d8b32a,2026-09-28T21:55:14.576727+09:00,2026-09-28T21:55:14.659575+09:00,rail-left-01,rail-right-01,0.6.7-draft,0.6.7-draft,mqtt,mqtt,352.15,302.64,6.59,6.466,0.077,0.085,-0.184,-0.208,10.467,9.688,-0.0658,0.0341,0.0449,0.0592,-0.0113,-0.0037,25.97,26.17,16735,18491,2.092,2.311,6.276,6.934,214,214,22,22,0,0,0,0,-0.70731468,-0.66715674,-0.70731468,-0.66715674,0.08446684,0.08389821,0.08446684,0.08389821,0.80648084,0.7337627,-0.01651812,-0.01600685,-0.02834389,-0.00921569,0.83835,0.83835,0.50508569,0.50104579,0,0
2026-09-28T21:55:14.597117+09:00,121032981,41d8b32a,2026-09-28T21:55:14.597117+09:00,2026-09-28T21:55:14.679966+09:00,rail-left-01,rail-right-01,0.6.7-draft,0.6.7-draft,mqtt,mqtt,353.25,303.63,6.58,6.484,-0.072,0.03,0.025,-0.095,10.333,9.62,-0.0713,0.0337,0.0421,0.0592,-0.0088,-0.0091,25.97,26.16,16711,18529,2.089,2.316,6.267,6.948,215,215,22,22,0,0,0,0,-0.72138525,-0.63719535,-0.72138525,-0.63719535,0.08515351,0.08351922,0.08515351,0.08351922,0.79756917,0.72860345,-0.01696199,-0.01562793,-0.02452768,-0.00849744,0.83835,0.83835,0.50459059,0.50075916,0,0
2026-09-28T21:55:14.617458+09:00,121053322,41d8b32a,2026-09-28T21:55:14.617458+09:00,2026-09-28T21:55:14.700307+09:00,rail-left-01,rail-right-01,0.6.7-draft,0.6.7-draft,mqtt,mqtt,354.39,304.57,6.569,6.499,-0.092,-0.102,-0.03,-0.193,10.518,9.7,-0.0655,0.0326,0.0414,0.062,-0.0037,-0.0075,25.97,26.18,16683,18563,2.085,2.32,6.256,6.961,216,216,22,22,0,0,0,0,-0.73570896,-0.61933794,-0.73570896,-0.61933794,0.08536428,0.08274462,0.08536428,0.08274462,0.78913148,0.72393917,-0.01725212,-0.01524186,-0.02163484,-0.00796483,0.83835,0.83835,0.50412183,0.50050004,0,0
2026-09-28T21:55:14.636719+09:00,121072583,41d8b32a,2026-09-28T21:55:14.636719+09:00,2026-09-28T21:55:14.719568+09:00,rail-left-01,rail-right-01,0.6.7-draft,0.6.7-draft,mqtt,mqtt,355.44,305.52,6.565,6.509,-0.087,-0.002,0.147,-0.304,10.355,9.607,-0.0671,0.0318,0.0381,0.0554,-0.0001,0.0016,25.95,26.19,16673,18585,2.084,2.323,6.252,6.969,217,217,22,22,0,0,0,0,-0.75006611,-0.5947456,-0.75006611,-0.5947456,0.08541129,0.08174162,0.08541129,0.08174162,0.78124472,0.71966214,-0.01740953,-0.01486289,-0.0193446,-0.00755125,0.83835,0.83835,0.50368368,0.50026243,0,0
2026-09-28T21:55:14.656762+09:00,121092626,41d8b32a,2026-09-28T21:55:14.656762+09:00,2026-09-28T21:55:14.739611+09:00,rail-left-01,rail-right-01,0.6.7-draft,0.6.7-draft,mqtt,mqtt,356.53,306.46,6.536,6.506,-0.028,0.057,0.278,-0.102,10.52,9.71,-0.0659,0.0324,0.0361,0.0518,-0.0009,-0.0012,25.98,26.16,16601,18579,2.075,2.322,6.225,6.967,218,218,22,22,0,0,0,0,-0.76417781,-0.56708609,-0.76417781,-0.56708609,0.08441922,0.08087035,0.08441922,0.08087035,0.77340345,0.71557075,-0.01757593,-0.01451967,-0.01769785,-0.0071742,0.83835,0.83835,0.50324805,0.50003513,0,0
2026-09-28T21:55:14.676728+09:00,121112592,41d8b32a,2026-09-28T21:55:14.676728+09:00,2026-09-28T21:55:14.759577+09:00,rail-left-01,rail-right-01,0.6.7-draft,0.6.7-draft,mqtt,mqtt,357.62,307.41,6.54,6.501,-0.107,-0.087,0.317,-0.28,10.343,9.675,-0.0667,0.032,0.0365,0.0597,-0.0059,-0.0083,25.98,26.17,16612,18567,2.077,2.321,6.23,6.963,219,219,22,22,0,0,0,0,-0.77834884,-0.5513078,-0.77834884,-0.5513078,0.08363351,0.08017197,0.08363351,0.08017197,0.76617193,0.71162507,-0.01761899,-0.01420937,-0.01627088,-0.00681848,0.83835,0.83835,0.5028463,0.49981592,0,0
2026-09-28T21:55:14.696756+09:00,121132620,41d8b32a,2026-09-28T21:55:14.696756+09:00,2026-09-28T21:55:14.779605+09:00,rail-left-01,rail-right-01,0.6.7-draft,0.6.7-draft,mqtt,mqtt,358.72,308.4,6.534,6.49,0.104,0.059,0.011,-0.154,10.505,9.669,-0.0694,0.0332,0.0352,0.053,-0.0005,0.0023,25.98,26.17,16597,18543,2.075,2.318,6.224,6.954,220,220,22,22,0,0,0,0,-0.79173963,-0.52595203,-0.79173963,-0.52595203,0.08270017,0.07978351,0.08270017,0.07978351,0.7593225,0.70773917,-0.01760561,-0.01393659,-0.01508733,-0.00645637,0.83835,0.83835,0.50246578,0.49960004,0,0
2026-09-28T21:55:14.824922+09:00,121260435,41d8b32a,2026-09-28T21:55:14.824922+09:00,2026-09-28T21:55:14.869199+09:00,rail-left-01,rail-right-01,0.6.7-draft,0.6.7-draft,mqtt,mqtt,365.68,314.52,6.536,6.479,-0.188,-0.157,-0.097,-0.373,10.466,9.851,-0.0673,0.0284,0.0433,0.056,-0.0013,-0.0061,25.98,26.17,16601,18519,2.075,2.315,6.225,6.945,221,221,23,23,0,0,0,0,-0.5128279,-0.45500282,-0.5128279,-0.45500282,0.07946278,0.06567272,0.07946278,0.06567272,0.70406722,0.66941466,-0.0134498,-0.01092448,-0.00598749,-0.00470962,0.83835,0.90335,0.49939604,0.4974709,0,0
2026-09-28T21:55:14.845054+09:00,121280567,41d8b32a,2026-09-28T21:55:14.845054+09:00,2026-09-28T21:55:14.889331+09:00,rail-left-01,rail-right-01,0.6.7-draft,0.6.7-draft,mqtt,mqtt,366.77,315.46,6.491,6.491,0.038,0.014,-0.035,-0.192,10.71,9.681,-0.062,0.029,0.0372,0.0513,-0.0047,-0.006,25.96,26.16,16489,18546,2.061,2.318,6.183,6.955,222,222,23,23,0,0,0,0,-0.50127927,-0.44269986,-0.50127927,-0.44269986,0.07808589,0.06401812,0.07808589,0.06401812,0.70003441,0.66643917,-0.01310521,-0.01068573,-0.00576391,-0.00465646,0.90335,0.90335,0.499172,0.49730559,0,0
2026-09-28T21:55:14.865044+09:00,121300557,41d8b32a,2026-09-28T21:55:14.865044+09:00,2026-09-28T21:55:14.909321+09:00,rail-left-01,rail-right-01,0.6.7-draft,0.6.7-draft,mqtt,mqtt,367.87,316.41,6.495,6.464,-0.037,-0.087,0.135,-0.28,10.477,9.619,-0.0642,0.0298,0.0382,0.0521,-0.0056,-0.0031,25.95,26.17,16499,18485,2.062,2.311,6.187,6.932,223,223,23,23,0,0,0,0,-0.49135491,-0.43628363,-0.49135491,-0.43628363,0.07686607,0.06293539,0.07686607,0.06293539,0.69623568,0.66332124,-0.01278053,-0.01049751,-0.00554879,-0.00453881,0.90335,0.90335,0.49896096,0.49713238,0,0
2026-09-28T21:55:14.885016+09:00,121320529,41d8b32a,2026-09-28T21:55:14.885016+09:00,2026-09-28T21:55:14.929293+09:00,rail-left-01,rail-right-01,0.6.7-draft,0.6.7-draft,mqtt,mqtt,368.96,317.35,6.505,6.457,-0.013,-0.048,-0.014,-0.418,10.381,9.564,-0.0634,0.0292,0.0376,0.0532,-0.0081,-0.0057,25.97,26.17,16524,18470,2.066,2.309,6.196,6.926,224,224,23,23,0,0,0,0,-0.48283471,-0.42804548,-0.48283471,-0.42804548,0.07592896,0.0620224,0.07592896,0.0620224,0.69272326,0.66025398,-0.01246232,-0.01032854,-0.00532012,-0.00441413,0.90335,0.90335,0.49876582,0.49696197,0,0
2026-09-28T21:55:14.905228+09:00,121340741,41d8b32a,2026-09-28T21:55:14.905228+09:00,2026-09-28T21:55:14.949505+09:00,rail-left-01,rail-right-01,0.6.7-draft,0.6.7-draft,mqtt,mqtt,370.05,318.35,6.498,6.43,-0.231,-0.172,0.425,0.133,10.367,9.651,-0.0637,0.0254,0.0394,0.0518,-0.0024,-0.0028,25.96,26.16,16506,18409,2.063,2.301,6.19,6.903,225,225,23,23,0,0,0,0,-0.47616005,-0.42652521,-0.47616005,-0.42652521,0.07487795,0.06163351,0.07487795,0.06163351,0.68928917,0.6570528,-0.01217819,-0.01019715,-0.00513726,-0.00423921,0.90335,0.90335,0.49857504,0.49678413,0,0
2026-09-28T21:55:14.925244+09:00,121360757,41d8b32a,2026-09-28T21:55:14.925244+09:00,2026-09-28T21:55:14.969521+09:00,rail-left-01,rail-right-01,0.6.7-draft,0.6.7-draft,mqtt,mqtt,371.15,319.29,6.486,6.4,-0.045,0.037,0.215,-0.47,10.445,9.568,-0.0686,0.0205,0.0382,0.0501,-0.0028,-0.0059,25.96,26.18,16476,18344,2.059,2.293,6.179,6.879,226,226,23,23,0,0,0,0,-0.47068262,-0.41441701,-0.47068262,-0.41441701,0.07361177,0.06179422,0.07361177,0.06179422,0.68587395,0.6536981,-0.01193001,-0.0101017,-0.00500754,-0.00401618,0.90335,0.90335,0.4983853,0.49659776,0,0
2026-09-28T21:55:14.944990+09:00,121380503,41d8b32a,2026-09-28T21:55:14.944990+09:00,2026-09-28T21:55:14.989267+09:00,rail-left-01,rail-right-01,0.6.7-draft,0.6.7-draft,mqtt,mqtt,372.24,320.24,6.478,6.372,-0.09,-0.042,-0.026,-0.154,10.319,9.923,-0.0641,0.027,0.0353,0.0558,-0.0049,-0.0065,25.98,26.18,16456,18282,2.057,2.285,6.171,6.856,227,227,23,23,0,0,0,0,-0.46635127,-0.40670307,-0.46635127,-0.40670307,0.07222925,0.06244053,0.07222925,0.06244053,0.68251896,0.65021548,-0.01170627,-0.01003485,-0.00491005,-0.00375643,0.90335,0.90335,0.49819891,0.49640428,0,0
2026-09-28T21:55:14.964980+09:00,121400493,41d8b32a,2026-09-28T21:55:14.964980+09:00,2026-09-28T21:55:15.009257+09:00,rail-left-01,rail-right-01,0.6.7-draft,0.6.7-draft,mqtt,mqtt,373.33,321.18,6.46,6.351,0.084,0.062,-0.16,-0.202,10.36,10.041,-0.071,0.0332,0.039,0.0565,-0.0017,-0.0041,25.97,26.17,16413,18235,2.052,2.279,6.155,6.838,228,228,23,23,0,0,0,0,-0.46271426,-0.39425052,-0.46271426,-0.39425052,0.07052934,0.06342661,0.07052934,0.06342661,0.67911625,0.64667193,-0.01151739,-0.00998596,-0.00486765,-0.00347912,0.90335,0.90335,0.49800988,0.49620741,0,0
2026-09-28T21:55:14.984950+09:00,121420463,41d8b32a,2026-09-28T21:55:14.984950+09:00,2026-09-28T21:55:15.029227+09:00,rail-left-01,rail-right-01,0.6.7-draft,0.6.7-draft,mqtt,mqtt,374.43,322.17,6.461,6.362,-0.065,-0.031,-0.287,-0.211,10.305,9.752,-0.0638,0.0317,0.043,0.0574,-0.0083,-0.0083,25.99,26.16,16415,18259,2.052,2.282,6.156,6.847,229,229,23,23,0,0,0,0,-0.46008831,-0.38660818,-0.46008831,-0.38660818,0.06891922,0.06419283,0.06891922,0.06419283,0.67586264,0.64334171,-0.01133239,-0.00992243,-0.00482037,-0.00324596,0.90335,0.90335,0.49782912,0.4960224,0,0
2026-09-28T21:55:15.005199+09:00,121440712,41d8b32a,2026-09-28T21:55:15.005199+09:00,2026-09-28T21:55:15.049476+09:00,rail-left-01,rail-right-01,0.6.7-draft,0.6.7-draft,mqtt,mqtt,375.52,323.12,6.45,6.367,0.051,0.114,0.2,0.038,10.477,9.607,-0.0628,0.0274,0.0424,0.0578,-0.0084,-0.0072,25.98,26.17,16387,18271,2.048,2.284,6.145,6.852,230,230,23,23,0,0,0,0,-0.45812758,-0.37231967,-0.45812758,-0.37231967,0.06715351,0.06485017,0.06715351,0.06485017,0.67262917,0.64016417,-0.01116664,-0.00985201,-0.00479993,-0.00304102,0.90335,0.90335,0.49764948,0.49584587,0,0
2026-09-28T21:55:15.094987+09:00,121529456,41d8b32a,2026-09-28T21:55:15.094987+09:00,2026-09-28T21:55:15.134616+09:00,rail-left-01,rail-right-01,0.6.7-draft,0.6.7-draft,mqtt,mqtt,380.39,327.35,6.429,6.368,-0.126,-0.066,0.006,-0.254,10.488,9.662,-0.071,0.0312,0.0348,0.0565,-0.0088,-0.0048,25.98,26.16,16334,18273,2.042,2.284,6.125,6.852,231,231,24,24,0,0,0,0,0.19190745,-0.06602263,0.19190745,-0.06602263,0.08263351,0.11145169,0.08263351,0.11145169,0.44218917,0.45668917,0,0.00072904,0,0.00126743,0.68135,1.23635,0.42487788,0.42573082,0,0
2026-09-28T21:55:15.115129+09:00,121549598,41d8b32a,2026-09-28T21:55:15.115129+09:00,2026-09-28T21:55:15.154758+09:00,rail-left-01,rail-right-01,0.6.7-draft,0.6.7-draft,mqtt,mqtt,381.49,328.34,6.473,6.373,-0.081,0.056,-0.181,-0.332,10.184,9.495,-0.0707,0.0294,0.0348,0.0572,-0.0057,-0.0048,25.97,26.16,16444,18284,2.056,2.286,6.167,6.857,232,232,24,24,0,0,0,0,0.16435967,-0.0748736,0.16435967,-0.0748736,0.10463351,0.11280017,0.10463351,0.11280017,0.45318917,0.45785584,0.04,0.00144137,0.08,0.00195785,0.68135,1.23635,0.42552494,0.42579945,0,0
2026-09-28T21:55:15.135054+09:00,121569523,41d8b32a,2026-09-28T21:55:15.135054+09:00,2026-09-28T21:55:15.174683+09:00,rail-left-01,rail-right-01,0.6.7-draft,0.6.7-draft,mqtt,mqtt,382.58,329.28,6.479,6.362,-0.005,0.02,0.165,-0.275,10.43,9.825,-0.0689,0.0293,0.0366,0.0633,-0.0076,-0.0027,25.96,26.18,16460,18259,2.058,2.282,6.173,6.847,233,233,24,24,0,0,0,0,0.14013788,-0.09009404,0.14013788,-0.09009404,0.11396684,0.11478735,0.11396684,0.11478735,0.45785584,0.45841994,0.0228573,0.00146738,0.0457146,0.00281696,0.68135,1.23635,0.42579945,0.42583263,0,0
2026-09-28T21:55:15.155080+09:00,121589549,41d8b32a,2026-09-28T21:55:15.155080+09:00,2026-09-28T21:55:15.194708+09:00,rail-left-01,rail-right-01,0.6.7-draft,0.6.7-draft,mqtt,mqtt,383.68,330.23,6.471,6.383,-0.057,-0.001,0.195,-0.062,10.348,9.705,-0.0661,0.0313,0.0406,0.0593,-0.0047,-0.0007,25.96,26.17,16440,18306,2.055,2.288,6.165,6.865,234,234,24,24,0,0,0,0,0.11515026,-0.10759034,0.11515026,-0.10759034,0.11663351,0.11499065,0.11663351,0.11499065,0.45918917,0.45965345,0.01204775,0.00189813,0.0240955,0.00235799,0.68135,1.23635,0.42587788,0.42590519,0,0
2026-09-28T21:55:15.175138+09:00,121609607,41d8b32a,2026-09-28T21:55:15.175138+09:00,2026-09-28T21:55:15.214767+09:00,rail-left-01,rail-right-01,0.6.7-draft,0.6.7-draft,mqtt,mqtt,384.77,331.17,6.465,6.402,0.102,0.06,0.098,-0.346,10.387,9.584,-0.0644,0.0324,0.0422,0.0612,-0.0049,0.0001,25.96,26.16,16423,18347,2.053,2.293,6.159,6.88,235,235,24,24,0,0,0,0,0.09357298,-0.11107316,0.09357298,-0.11107316,0.11703351,0.11390017,0.11703351,0.11390017,0.45938917,0.46135584,0.00639985,0.00247625,0.0127997,0.00134915,0.68135,1.23635,0.42588965,0.42600533,0,0
2026-09-28T21:55:15.195111+09:00,121629580,41d8b32a,2026-09-28T21:55:15.195111+09:00,2026-09-28T21:55:15.234739+09:00,rail-left-01,rail-right-01,0.6.7-draft,0.6.7-draft,mqtt,mqtt,385.86,332.17,6.456,6.411,-0.154,-0.092,-0.108,-0.36,10.439,9.656,-0.0675,0.0333,0.0406,0.055,-0.0079,-0.0044,25.96,26.16,16403,18368,2.05,2.296,6.151,6.888,236,236,24,24,0,0,0,0,0.06938642,-0.14159001,0.06938642,-0.14159001,0.11580017,0.11238351,0.11580017,0.11238351,0.4587725,0.46312667,0.00269862,0.00296449,0.00539723,0.0003725,0.68135,1.23635,0.42585337,0.4261095,0,0
2026-09-28T21:55:15.215057+09:00,121649526,41d8b32a,2026-09-28T21:55:15.215057+09:00,2026-09-28T21:55:15.254686+09:00,rail-left-01,rail-right-01,0.6.7-draft,0.6.7-draft,mqtt,mqtt,386.96,333.11,6.449,6.409,0.017,0.063,-0.035,-0.129,10.312,9.75,-0.0695,0.0296,0.0429,0.0594,-0.0085,-0.0073,25.98,26.18,16384,18363,2.048,2.295,6.144,6.886,237,237,24,24,0,0,0,0,0.04655295,-0.14207605,0.04655295,-0.14207605,0.11391922,0.11116292,0.11391922,0.11116292,0.45783203,0.46463035,0.00039603,0.00323718,0.00079207,-0.00025476,0.68135,1.23635,0.42579805,0.42619795,0,0
2026-09-28T21:55:15.234999+09:00,121669468,41d8b32a,2026-09-28T21:55:15.234999+09:00,2026-09-28T21:55:15.274628+09:00,rail-left-01,rail-right-01,0.6.7-draft,0.6.7-draft,mqtt,mqtt,388,334.06,6.41,6.397,-0.207,-0.166,0.119,-0.072,11.043,9.695,-0.0588,0.0285,0.0284,0.0422,-0.0053,-0.0027,25.98,26.16,16288,18337,2.036,2.292,6.108,6.876,238,238,24,24,0,0,0,0,0.02270474,-0.17929269,0.02270474,-0.17929269,0.10763351,0.11074462,0.10763351,0.11074462,0.45468917,0.46563361,-0.00354753,0.00324709,-0.00709507,-0.00040648,1.23635,1.23635,0.42561318,0.42625697,0,0
2026-09-28T21:55:15.255106+09:00,121689575,41d8b32a,2026-09-28T21:55:15.255106+09:00,2026-09-28T21:55:15.294735+09:00,rail-left-01,rail-right-01,0.6.7-draft,0.6.7-draft,mqtt,mqtt,389.14,335,6.445,6.351,0.051,0.071,0.085,-0.312,10.364,9.761,-0.0596,0.0232,0.0278,0.0433,-0.0083,-0.0084,25.98,26.15,16375,18234,2.047,2.279,6.141,6.838,239,239,24,24,0,0,0,0,0.00154219,-0.17652615,0.00154219,-0.17652615,0.10663351,0.1127914,0.10663351,0.1127914,0.45418917,0.46532075,-0.00302881,0.00270655,-0.00605762,0.00051327,1.23635,1.23635,0.42558376,0.42623856,0,0
2026-09-28T21:55:15.275195+09:00,121709664,41d8b32a,2026-09-28T21:55:15.275195+09:00,2026-09-28T21:55:15.314824+09:00,rail-left-01,rail-right-01,0.6.7-draft,0.6.7-draft,mqtt,mqtt,390.24,336,6.48,6.34,-0.115,-0.014,-0.207,-0.4,10.132,9.408,-0.0612,0.0358,0.0413,0.0601,-0.0096,-0.0071,25.95,26.16,16461,18210,2.058,2.276,6.173,6.829,240,240,24,24,0,0,0,0,-0.02023404,-0.18661245,-0.02023404,-0.18661245,0.10933351,0.11518351,0.10933351,0.11518351,0.45553917,0.46476417,-0.00084621,0.00215651,-0.00169242,0.0014304,1.23635,1.23635,0.42566318,0.42620582,0,0
2026-09-28T21:55:15.364882+09:00,121797507,41d8b32a,2026-09-28T21:55:15.364882+09:00,2026-09-28T21:55:15.442016+09:00,rail-left-01,rail-right-01,0.6.7-draft,0.6.7-draft,mqtt,mqtt,395.01,340.17,6.473,6.344,0.067,0.124,0.083,-0.17,10.53,9.785,-0.0666,0.0305,0.0382,0.0558,-0.0095,-0.0068,25.97,26.15,16444,18219,2.056,2.277,6.167,6.832,241,241,25,25,0,0,0,0,-0.20209338,-0.33892935,-0.20209338,-0.33892935,0.11701446,0.09408512,0.11701446,0.09408512,0.46409393,0.44252788,0.00144532,-0.00398791,0.00204955,-0.00426621,1.23635,1.23635,0.4261664,0.42489781,0,0
2026-09-28T21:55:15.385009+09:00,121817634,41d8b32a,2026-09-28T21:55:15.385009+09:00,2026-09-28T21:55:15.462143+09:00,rail-left-01,rail-right-01,0.6.7-draft,0.6.7-draft,mqtt,mqtt,396.11,341.12,6.42,6.407,-0.206,-0.223,0.189,-0.277,10.446,9.662,-0.0691,0.0301,0.038,0.0577,-0.0036,0,25.99,26.17,16313,18358,2.039,2.295,6.117,6.884,242,242,25,25,0,0,0,0,-0.21885515,-0.35637196,-0.21885515,-0.35637196,0.11626987,0.08978976,0.11626987,0.08978976,0.46228008,0.44179854,0.00043084,-0.00378661,0.00140142,-0.00504323,1.23635,1.23635,0.4260597,0.4248549,0,0
2026-09-28T21:55:15.404928+09:00,121837552,41d8b32a,2026-09-28T21:55:15.404928+09:00,2026-09-28T21:55:15.482061+09:00,rail-left-01,rail-right-01,0.6.7-draft,0.6.7-draft,mqtt,mqtt,397.2,342.06,6.379,6.378,0.141,0.211,0.427,-0.172,10.779,9.635,-0.0671,0.036,0.0376,0.0524,-0.0091,-0.0064,25.98,26.16,16211,18295,2.026,2.287,6.079,6.861,243,243,25,25,0,0,0,0,-0.23493914,-0.33516904,-0.23493914,-0.33516904,0.11380742,0.08663351,0.11380742,0.08663351,0.45973265,0.44067402,-0.00064186,-0.00372907,0.00022393,-0.00540845,1.23635,1.23635,0.42590985,0.42478875,0,0
2026-09-28T21:55:15.425054+09:00,121857679,41d8b32a,2026-09-28T21:55:15.425054+09:00,2026-09-28T21:55:15.502188+09:00,rail-left-01,rail-right-01,0.6.7-draft,0.6.7-draft,mqtt,mqtt,398.29,343.06,6.378,6.376,-0.146,-0.17,-0.127,-0.389,10.179,9.707,-0.0671,0.0322,0.0361,0.0569,-0.0073,-0.0068,25.95,26.15,16207,18290,2.026,2.286,6.078,6.859,244,244,25,25,0,0,0,0,-0.25170982,-0.34719413,-0.25170982,-0.34719413,0.11150851,0.08372174,0.11150851,0.08372174,0.45737667,0.43958623,-0.00142805,-0.00367593,-0.00065378,-0.00566973,1.23635,1.23635,0.42577126,0.42472477,0,0
2026-09-28T21:55:15.444900+09:00,121877525,41d8b32a,2026-09-28T21:55:15.444900+09:00,2026-09-28T21:55:15.522034+09:00,rail-left-01,rail-right-01,0.6.7-draft,0.6.7-draft,mqtt,mqtt,399.39,344,6.382,6.371,0.098,0.145,0.22,0.018,10.373,9.598,-0.0609,0.0334,0.0405,0.0553,-0.0111,-0.0085,25.97,26.18,16217,18280,2.027,2.285,6.081,6.855,245,245,25,25,0,0,0,0,-0.26799439,-0.33285192,-0.26799439,-0.33285192,0.10955351,0.08111922,0.10955351,0.08111922,0.45528917,0.43848917,-0.00198068,-0.00363766,-0.00125341,-0.00583117,1.23635,1.23635,0.42564847,0.42466023,0,0
2026-09-28T21:55:15.465030+09:00,121897655,41d8b32a,2026-09-28T21:55:15.465030+09:00,2026-09-28T21:55:15.542164+09:00,rail-left-01,rail-right-01,0.6.7-draft,0.6.7-draft,mqtt,mqtt,400.48,344.95,6.366,6.38,-0.148,-0.081,0.099,-0.496,10.464,9.717,-0.0637,0.0341,0.042,0.0586,-0.0111,-0.0084,25.98,26.18,16179,18300,2.022,2.288,6.067,6.863,246,246,25,25,0,0,0,0,-0.28491781,-0.33721951,-0.28491781,-0.33721951,0.10713351,0.07841129,0.10713351,0.07841129,0.45305455,0.43757806,-0.00249294,-0.00356562,-0.00190781,-0.00600563,1.23635,1.23635,0.42551702,0.42460664,0,0
2026-09-28T21:55:15.485016+09:00,121917641,41d8b32a,2026-09-28T21:55:15.485016+09:00,2026-09-28T21:55:15.562150+09:00,rail-left-01,rail-right-01,0.6.7-draft,0.6.7-draft,mqtt,mqtt,401.57,345.89,6.358,6.385,-0.099,-0.099,0.31,-0.065,10.61,9.712,-0.0659,0.0352,0.0422,0.0526,-0.0032,-0.0081,25.98,26.17,16158,18311,2.02,2.289,6.059,6.867,247,247,25,25,0,0,0,0,-0.30212615,-0.34274074,-0.30212615,-0.34274074,0.10459647,0.07571459,0.10459647,0.07571459,0.45083732,0.43678376,-0.00292478,-0.00347985,-0.00250103,-0.00616534,1.23635,1.23635,0.4253866,0.42455992,0,0
2026-09-28T21:55:15.504942+09:00,121937567,41d8b32a,2026-09-28T21:55:15.504942+09:00,2026-09-28T21:55:15.582076+09:00,rail-left-01,rail-right-01,0.6.7-draft,0.6.7-draft,mqtt,mqtt,402.67,346.83,6.348,6.387,-0.13,-0.139,-0.091,-0.3,10.608,9.776,-0.0636,0.0362,0.0398,0.0528,-0.0063,-0.008,25.98,26.16,16134,18315,2.017,2.289,6.05,6.868,248,248,25,25,0,0,0,0,-0.3196022,-0.35091643,-0.3196022,-0.35091643,0.10188351,0.07310719,0.10188351,0.07310719,0.44859988,0.43605759,-0.0033048,-0.00339213,-0.00306546,-0.00629564,1.23635,1.23635,0.42525498,0.4245172,0,0
2026-09-28T21:55:15.524897+09:00,121957522,41d8b32a,2026-09-28T21:55:15.524897+09:00,2026-09-28T21:55:15.602031+09:00,rail-left-01,rail-right-01,0.6.7-draft,0.6.7-draft,mqtt,mqtt,403.76,347.83,6.34,6.384,0.059,0.014,-0.174,-0.187,10.554,9.861,-0.0632,0.0356,0.0368,0.0532,-0.0064,-0.0044,25.97,26.15,16112,18307,2.014,2.288,6.042,6.865,249,249,25,25,0,0,0,0,-0.33649152,-0.34750429,-0.33649152,-0.34750429,0.09908178,0.07071043,0.09908178,0.07071043,0.44637882,0.43533019,-0.00363296,-0.00331593,-0.00358326,-0.00637414,1.23635,1.23635,0.42512433,0.42447441,0,0
2026-09-28T21:55:15.544921+09:00,121977546,41d8b32a,2026-09-28T21:55:15.544921+09:00,2026-09-28T21:55:15.622055+09:00,rail-left-01,rail-right-01,0.6.7-draft,0.6.7-draft,mqtt,mqtt,404.86,348.77,6.343,6.355,-0.091,-0.001,0.12,-0.068,10.391,9.758,-0.0616,0.0381,0.0348,0.0525,-0.0068,-0.0061,25.95,26.14,16121,18244,2.015,2.281,6.045,6.842,250,250,25,25,0,0,0,0,-0.35335077,-0.34535692,-0.35335077,-0.34535692,0.09656684,0.06915851,0.09656684,0.06915851,0.44435584,0.43427667,-0.00386827,-0.00331639,-0.00395964,-0.00627845,1.23635,1.23635,0.42500533,0.42441244,0,0
2026-09-28T21:55:15.711060+09:00,122105413,41d8b32a,2026-09-28T21:55:15.711060+09:00,2026-09-28T21:55:15.794502+09:00,rail-left-01,rail-right-01,0.6.7-draft,0.6.7-draft,mqtt,mqtt,411.87,354.84,6.33,6.349,-0.026,0.007,0.129,-0.19,10.378,9.726,-0.0584,0.0298,0.0361,0.0582,-0.0115,-0.0087,25.98,26.16,16088,18231,2.011,2.279,6.033,6.837,251,251,26,26,0,0,0,0,-0.3499103,-0.4053713,-0.3499103,-0.4053713,0.06736522,0.073359,0.06736522,0.073359,0.433116,0.43392446,-0.00328714,-0.00149789,-0.006127,-0.00216229,1.23635,1.23635,0.42434417,0.42439172,0,0
2026-09-28T21:55:15.731168+09:00,122125520,41d8b32a,2026-09-28T21:55:15.731168+09:00,2026-09-28T21:55:15.814609+09:00,rail-left-01,rail-right-01,0.6.7-draft,0.6.7-draft,mqtt,mqtt,412.96,355.83,6.456,6.332,0.095,0.043,0.078,-0.306,10.508,9.503,-0.0648,0.0321,0.0422,0.0578,-0.0088,-0.0077,25.98,26.17,16403,18193,2.05,2.274,6.151,6.822,252,252,26,26,0,0,0,0,-0.35476109,-0.40009269,-0.35476109,-0.40009269,0.06865732,0.07378735,0.06865732,0.07378735,0.4335106,0.43353532,-0.00291605,-0.00146406,-0.00531005,-0.00194114,1.23635,1.23635,0.42436738,0.42436883,0,0
2026-09-28T21:55:15.751097+09:00,122145449,41d8b32a,2026-09-28T21:55:15.751097+09:00,2026-09-28T21:55:15.834539+09:00,rail-left-01,rail-right-01,0.6.7-draft,0.6.7-draft,mqtt,mqtt,414.05,356.78,6.458,6.351,-0.144,-0.078,0.107,-0.294,10.513,9.731,-0.0633,0.0346,0.0418,0.0578,-0.0111,-0.0037,25.97,26.16,16407,18234,2.051,2.279,6.153,6.838,253,253,26,26,0,0,0,0,-0.36046213,-0.40140857,-0.36046213,-0.40140857,0.06993583,0.07384105,0.06993583,0.07384105,0.4339101,0.43334011,-0.00259543,-0.00140289,-0.00460822,-0.00180791,1.23635,1.23635,0.42439088,0.42435735,0,0
2026-09-28T21:55:15.771200+09:00,122165552,41d8b32a,2026-09-28T21:55:15.771200+09:00,2026-09-28T21:55:15.854641+09:00,rail-left-01,rail-right-01,0.6.7-draft,0.6.7-draft,mqtt,mqtt,415.15,357.72,6.423,6.366,-0.043,0.017,0.105,-0.377,10.46,9.821,-0.0665,0.0316,0.0406,0.06,-0.0121,-0.008,25.97,26.18,16319,18269,2.04,2.284,6.12,6.851,254,254,26,26,0,0,0,0,-0.36665804,-0.39770982,-0.36665804,-0.39770982,0.07036078,0.07361499,0.07036078,0.07361499,0.43389371,0.43329102,-0.0024012,-0.00132565,-0.00417044,-0.00173448,1.23635,1.23635,0.42438991,0.42435446,0,0
2026-09-28T21:55:15.791090+09:00,122185443,41d8b32a,2026-09-28T21:55:15.791090+09:00,2026-09-28T21:55:15.874532+09:00,rail-left-01,rail-right-01,0.6.7-draft,0.6.7-draft,mqtt,mqtt,416.24,358.67,6.418,6.373,-0.038,-0.034,-0.096,-0.206,10.713,9.862,-0.0693,0.032,0.0344,0.0545,-0.0092,-0.006,25.98,26.17,16308,18283,2.039,2.285,6.116,6.856,255,255,26,26,0,0,0,0,-0.37319144,-0.39673033,-0.37319144,-0.39673033,0.07065573,0.07326987,0.07065573,0.07326987,0.4338225,0.43330735,-0.00224189,-0.0012466,-0.00381153,-0.00168774,1.23635,1.23635,0.42438572,0.42435542,0,0
2026-09-28T21:55:15.811099+09:00,122205451,41d8b32a,2026-09-28T21:55:15.811099+09:00,2026-09-28T21:55:15.894541+09:00,rail-left-01,rail-right-01,0.6.7-draft,0.6.7-draft,mqtt,mqtt,417.34,359.61,6.43,6.382,0.107,-0.007,0.065,-0.338,10.457,9.754,-0.0705,0.0332,0.0372,0.06,-0.0069,-0.0084,25.97,26.16,16337,18303,2.042,2.288,6.126,6.864,256,256,26,26,0,0,0,0,-0.37971159,-0.39446342,-0.37971159,-0.39446342,0.07119873,0.07277636,0.07119873,0.07277636,0.43388482,0.43340345,-0.002076,-0.00116356,-0.00344685,-0.00166858,1.23635,1.23635,0.42438939,0.42436107,0,0
2026-09-28T21:55:15.831214+09:00,122225567,41d8b32a,2026-09-28T21:55:15.831214+09:00,2026-09-28T21:55:15.914656+09:00,rail-left-01,rail-right-01,0.6.7-draft,0.6.7-draft,mqtt,mqtt,418.43,360.56,6.442,6.379,-0.045,-0.002,-0.172,-0.148,10.512,9.82,-0.0641,0.0336,0.0352,0.0512,-0.0097,-0.0039,25.96,26.14,16367,18297,2.046,2.287,6.138,6.861,257,257,26,26,0,0,0,0,-0.3865411,-0.39201508,-0.3865411,-0.39201508,0.07197393,0.07235281,0.07197393,0.07235281,0.43407215,0.43346987,-0.0019055,-0.00109257,-0.003079,-0.00164201,1.23635,1.23635,0.42440041,0.42436498,0,0
2026-09-28T21:55:15.851154+09:00,122245507,41d8b32a,2026-09-28T21:55:15.851154+09:00,2026-09-28T21:55:15.934597+09:00,rail-left-01,rail-right-01,0.6.7-draft,0.6.7-draft,mqtt,mqtt,419.52,361.5,6.448,6.387,0.044,-0.045,0.277,-0.432,10.507,9.73,-0.0624,0.0324,0.0434,0.0618,-0.0111,-0.0028,25.97,26.14,16382,18314,2.048,2.289,6.143,6.868,258,258,26,26,0,0,0,0,-0.3935266,-0.39175645,-0.3935266,-0.39175645,0.07284184,0.07180592,0.07284184,0.07180592,0.43431417,0.43360296,-0.00174285,-0.00101854,-0.00273191,-0.00163595,1.23635,1.23635,0.42441465,0.42437281,0,0
2026-09-28T21:55:15.871089+09:00,122265442,41d8b32a,2026-09-28T21:55:15.871089+09:00,2026-09-28T21:55:15.954531+09:00,rail-left-01,rail-right-01,0.6.7-draft,0.6.7-draft,mqtt,mqtt,420.62,362.45,6.428,6.393,-0.13,0.05,0.198,-0.231,10.525,9.639,-0.0626,0.0324,0.042,0.0549,-0.0115,-0.0024,25.99,26.15,16333,18328,2.042,2.291,6.125,6.873,259,259,26,26,0,0,0,0,-0.40101086,-0.38698468,-0.40101086,-0.38698468,0.07326616,0.07117588,0.07326616,0.07117588,0.43434223,0.43378239,-0.00163262,-0.00094436,-0.00249391,-0.00164268,1.23635,1.23635,0.4244163,0.42438336,0,0
2026-09-28T21:55:15.891134+09:00,122285487,41d8b32a,2026-09-28T21:55:15.891134+09:00,2026-09-28T21:55:15.974576+09:00,rail-left-01,rail-right-01,0.6.7-draft,0.6.7-draft,mqtt,mqtt,421.71,363.44,6.407,6.399,-0.089,-0.019,0.201,-0.383,10.634,9.536,-0.0654,0.0376,0.0434,0.0566,-0.0097,-0.0044,25.96,26.14,16281,18342,2.035,2.293,6.105,6.878,260,260,26,26,0,0,0,0,-0.40886357,-0.38564804,-0.40886357,-0.38564804,0.07325351,0.07046684,0.07325351,0.07046684,0.43415917,0.43400584,-0.00156803,-0.00087005,-0.00235073,-0.00166028,1.23635,1.23635,0.42440553,0.42439651,0,0
2026-09-28T21:55:16.066725+09:00,122456438,41d8b32a,2026-09-28T21:55:16.066725+09:00,2026-09-28T21:55:16.152863+09:00,rail-left-01,rail-right-01,0.6.7-draft,0.6.7-draft,mqtt,mqtt,431.11,371.49,6.401,6.403,-0.013,0.043,-0.236,-0.329,10.393,9.776,-0.0662,0.0308,0.04,0.0614,-0.0109,-0.01,25.96,26.16,16265,18351,2.033,2.294,6.099,6.882,261,261,27,27,0,0,0,0,-0.38933566,-0.71128616,-0.38933566,-0.71128616,0.06968269,-0.25736649,0.06968269,-0.25736649,0.43417278,0.30485584,-0.00078868,-0.00253857,-0.00167437,-0.00644503,1.23635,0.88435,0.42440633,0.41896222,0,0
2026-09-28T21:55:16.086868+09:00,122476582,41d8b32a,2026-09-28T21:55:16.086868+09:00,2026-09-28T21:55:16.173007+09:00,rail-left-01,rail-right-01,0.6.7-draft,0.6.7-draft,mqtt,mqtt,432.2,372.44,6.254,6.503,-0.051,0.008,-0.078,-0.129,10.475,9.697,-0.0675,0.0285,0.044,0.0655,-0.0073,-0.0069,25.97,26.15,15899,18573,1.987,2.322,5.962,6.965,262,262,27,27,0,0,0,0,-0.39354821,-0.63309622,-0.39354821,-0.63309622,0.06655286,-0.27522364,0.06655286,-0.27522364,0.43314885,0.31068917,-0.00089166,0.0023161,-0.00203391,-0.01510159,1.23635,0.88435,0.4243461,0.41954555,0,0
2026-09-28T21:55:16.106811+09:00,122496524,41d8b32a,2026-09-28T21:55:16.106811+09:00,2026-09-28T21:55:16.192949+09:00,rail-left-01,rail-right-01,0.6.7-draft,0.6.7-draft,mqtt,mqtt,433.34,373.38,6.207,6.513,-0.042,0.004,0.324,-0.171,10.635,9.697,-0.0659,0.0317,0.041,0.057,-0.0048,-0.0017,25.98,26.14,15783,18595,1.973,2.324,5.919,6.973,263,263,27,27,0,0,0,0,-0.3981876,-0.57589197,-0.3981876,-0.57589197,0.06277636,-0.28986649,0.06277636,-0.28986649,0.43178441,0.31568917,-0.0010337,0.00419126,-0.00245222,-0.01818612,1.23635,0.88435,0.42426584,0.42004555,0,0
2026-09-28T21:55:16.126845+09:00,122516559,41d8b32a,2026-09-28T21:55:16.126845+09:00,2026-09-28T21:55:16.212984+09:00,rail-left-01,rail-right-01,0.6.7-draft,0.6.7-draft,mqtt,mqtt,434.44,374.33,6.186,6.528,-0.079,-0.085,-0.026,-0.298,10.337,9.707,-0.0628,0.0309,0.0448,0.0594,-0.0129,-0.0089,25.97,26.15,15730,18628,1.966,2.329,5.899,6.986,264,264,27,27,0,0,0,0,-0.40331356,-0.55981965,-0.40331356,-0.55981965,0.05878976,-0.30292205,0.05878976,-0.30292205,0.43029854,0.32041139,-0.00118007,0.00536834,-0.00286273,-0.01998897,1.23635,0.88435,0.42417843,0.42051777,0,0
2026-09-28T21:55:16.146960+09:00,122536673,41d8b32a,2026-09-28T21:55:16.146960+09:00,2026-09-28T21:55:16.233098+09:00,rail-left-01,rail-right-01,0.6.7-draft,0.6.7-draft,mqtt,mqtt,435.53,375.32,6.126,6.54,0.03,0.012,0.068,-0.248,10.484,9.689,-0.0605,0.033,0.0478,0.0613,-0.01,-0.0035,25.96,26.16,15580,18653,1.948,2.332,5.843,6.995,265,265,27,27,0,0,0,0,-0.4087207,-0.5190889,-0.4087207,-0.5190889,0.05400274,-0.31456649,0.05400274,-0.31456649,0.42839686,0.32478917,-0.00136956,0.0061809,-0.00334543,-0.02111022,1.23635,0.88435,0.42406657,0.42095555,0,0
2026-09-28T21:55:16.167156+09:00,122556870,41d8b32a,2026-09-28T21:55:16.167156+09:00,2026-09-28T21:55:16.253295+09:00,rail-left-01,rail-right-01,0.6.7-draft,0.6.7-draft,mqtt,mqtt,436.68,376.27,6.125,6.548,0.014,-0.055,0.04,-0.316,9.869,9.537,-0.0746,0.0318,0.0378,0.0566,-0.01,-0.0095,25.98,26.15,15578,18671,1.947,2.334,5.842,7.002,266,266,27,27,0,0,0,0,-0.77854537,-0.50353204,-0.77854537,-0.50353204,-0.25336649,-0.32482104,-0.25336649,-0.32482104,0.30618917,0.32873462,0,0.00673077,0,-0.02174647,0.27065,0.88435,0.41909555,0.4213501,0,0
2026-09-28T21:55:16.186908+09:00,122576622,41d8b32a,2026-09-28T21:55:16.186908+09:00,2026-09-28T21:55:16.273047+09:00,rail-left-01,rail-right-01,0.6.7-draft,0.6.7-draft,mqtt,mqtt,437.77,377.21,6.134,6.558,-0.024,0.023,0.281,-0.204,10.691,9.707,-0.0685,0.0296,0.0372,0.0554,-0.0121,-0.0077,25.97,26.18,15601,18694,1.95,2.337,5.85,7.01,267,267,27,27,0,0,0,0,-0.79159636,-0.4716335,-0.79159636,-0.4716335,-0.24886649,-0.33419983,-0.24886649,-0.33419983,0.30843917,0.33243917,0.00825688,0.00715777,0.01651376,-0.02216827,0.88435,0.88435,0.41932055,0.42189662,0,0
2026-09-28T21:55:16.206846+09:00,122596560,41d8b32a,2026-09-28T21:55:16.206846+09:00,2026-09-28T21:55:16.292985+09:00,rail-left-01,rail-right-01,0.6.7-draft,0.6.7-draft,mqtt,mqtt,438.86,378.16,6.146,6.56,-0.132,-0.057,0.277,-0.054,10.26,9.868,-0.0667,0.0286,0.0365,0.054,-0.0079,-0.0013,25.96,26.15,15629,18698,1.954,2.337,5.861,7.012,268,268,27,27,0,0,0,0,-0.80829367,-0.46211818,-0.80829367,-0.46211818,-0.24336649,-0.34228957,-0.24336649,-0.34228957,0.31118917,0.33565071,0.00963303,0.00739321,0.01926606,-0.02223069,0.88435,0.88435,0.41959555,0.42270559,0,0
2026-09-28T21:55:16.226872+09:00,122616586,41d8b32a,2026-09-28T21:55:16.226872+09:00,2026-09-28T21:55:16.313011+09:00,rail-left-01,rail-right-01,0.6.7-draft,0.6.7-draft,mqtt,mqtt,439.96,379.1,6.125,6.557,-0.08,0.017,0.168,-0.461,10.542,9.53,-0.0666,0.031,0.0421,0.0569,-0.0088,-0.0057,25.95,26.13,15578,18691,1.947,2.336,5.842,7.009,269,269,27,27,0,0,0,0,-0.82486984,-0.43905517,-0.82486984,-0.43905517,-0.24586649,-0.34900935,-0.24586649,-0.34900935,0.30993917,0.33829631,0.00108232,0.00744044,0.00216464,-0.02193912,0.88435,0.88435,0.41947055,0.42337757,0,0
2026-09-28T21:55:16.247104+09:00,122636817,41d8b32a,2026-09-28T21:55:16.247104+09:00,2026-09-28T21:55:16.333242+09:00,rail-left-01,rail-right-01,0.6.7-draft,0.6.7-draft,mqtt,mqtt,441.1,380.05,6.1,6.558,-0.065,-0.107,0.168,-0.345,10.222,9.78,-0.0655,0.0298,0.0424,0.062,-0.0084,-0.0104,25.94,26.16,15516,18694,1.94,2.337,5.819,7.01,270,270,27,27,0,0,0,0,-0.84093707,-0.44263031,-0.84093707,-0.44263031,-0.25236649,-0.35489983,-0.25236649,-0.35489983,0.30668917,0.3406225,-0.00541459,0.00740608,-0.01082919,-0.02150363,0.88435,0.88435,0.41914555,0.42396662,0,0
2026-09-28T21:55:16.380173+09:00,122813470,41d8b32a,2026-09-28T21:55:16.380173+09:00,2026-09-28T21:55:16.465505+09:00,rail-left-01,rail-right-01,0.6.7-draft,0.6.7-draft,mqtt,mqtt,450.85,388.4,6.066,6.556,-0.01,-0.038,-0.107,-0.207,10.353,9.747,-0.0633,0.035,0.0341,0.0582,0.0019,-0.0015,25.95,26.14,15432,18690,1.929,2.336,5.787,7.009,271,271,28,28,0,0,0,0,-0.46174422,-0.64136664,-0.46174422,-0.64136664,-0.36217899,-0.38760649,-0.36217899,-0.38760649,0.34159542,0.35370917,0.00570061,0.00359762,-0.01878848,-0.00821458,0.88435,0.88435,0.42469453,0.42723728,0,0
2026-09-28T21:55:16.400275+09:00,122833572,41d8b32a,2026-09-28T21:55:16.400275+09:00,2026-09-28T21:55:16.485607+09:00,rail-left-01,rail-right-01,0.6.7-draft,0.6.7-draft,mqtt,mqtt,451.94,389.39,6.036,6.432,-0.34,-0.354,0.15,-0.426,10.451,9.761,-0.0642,0.0253,0.0372,0.0644,-0.0053,-0.0045,25.96,26.14,15356,18414,1.92,2.302,5.759,6.905,272,272,28,28,0,0,0,0,-0.48301598,-0.64812282,-0.48301598,-0.64812282,-0.37036649,-0.38363572,-0.37036649,-0.38363572,0.34157152,0.35255455,0.0043936,0.0027917,-0.01788456,-0.0060288,0.88435,0.88435,0.42551328,0.42684021,0,0
2026-09-28T21:55:16.420223+09:00,122853520,41d8b32a,2026-09-28T21:55:16.420223+09:00,2026-09-28T21:55:16.505555+09:00,rail-left-01,rail-right-01,0.6.7-draft,0.6.7-draft,mqtt,mqtt,453.03,390.29,6.023,6.43,0.078,0.172,-0.023,-0.13,10.495,9.629,-0.0703,0.0302,0.0296,0.0502,-0.0053,0.0004,25.96,26.15,15325,18410,1.916,2.301,5.747,6.904,273,273,28,28,0,0,0,0,-0.50314053,-0.5985563,-0.50314053,-0.5985563,-0.37836649,-0.37988501,-0.37836649,-0.37988501,0.34118917,0.35144843,0.00344182,0.00219072,-0.0174123,-0.0044111,0.88435,0.88435,0.42631328,0.42646513,0,0
2026-09-28T21:55:16.440343+09:00,122873640,41d8b32a,2026-09-28T21:55:16.440343+09:00,2026-09-28T21:55:16.525675+09:00,rail-left-01,rail-right-01,0.6.7-draft,0.6.7-draft,mqtt,mqtt,454.18,391.28,6.082,6.433,-0.194,-0.165,-0.016,-0.369,10.396,9.665,-0.0735,0.0314,0.0325,0.0521,-0.0076,-0.002,25.96,26.15,15471,18416,1.934,2.302,5.802,6.906,274,274,28,28,0,0,0,0,-0.52392189,-0.58712404,-0.52392189,-0.58712404,-0.38241912,-0.37650935,-0.38241912,-0.37650935,0.34239969,0.35047488,0.00328246,0.00174137,-0.01594528,-0.00319919,0.88435,0.88435,0.42671855,0.42612757,0,0
2026-09-28T21:55:16.460202+09:00,122893499,41d8b32a,2026-09-28T21:55:16.460202+09:00,2026-09-28T21:55:16.545534+09:00,rail-left-01,rail-right-01,0.6.7-draft,0.6.7-draft,mqtt,mqtt,455.27,392.23,6.118,6.432,0.004,0.068,0.147,0.129,10.532,9.74,-0.0693,0.0293,0.0358,0.0537,-0.0084,-0.0075,25.97,26.15,15561,18414,1.945,2.302,5.835,6.905,275,275,28,28,0,0,0,0,-0.54414059,-0.55346652,-0.54414059,-0.55346652,-0.38426649,-0.37333201,-0.38426649,-0.37333201,0.34438917,0.34955124,0.0034085,0.00138386,-0.01427798,-0.0022424,0.88435,0.88435,0.42690328,0.42580983,0,0
2026-09-28T21:55:16.480191+09:00,122913488,41d8b32a,2026-09-28T21:55:16.480191+09:00,2026-09-28T21:55:16.565523+09:00,rail-left-01,rail-right-01,0.6.7-draft,0.6.7-draft,mqtt,mqtt,456.36,393.17,6.141,6.445,-0.018,-0.012,0.17,-0.433,10.302,9.717,-0.0661,0.0265,0.0364,0.0545,-0.0087,-0.008,25.95,26.14,15617,18444,1.952,2.306,5.856,6.917,276,276,28,28,0,0,0,0,-0.56396735,-0.52967298,-0.56396735,-0.52967298,-0.38484268,-0.37079983,-0.38484268,-0.37079983,0.34673679,0.34890584,0.00362431,0.00113735,-0.01267231,-0.00155904,0.88435,0.88435,0.4269609,0.42555662,0,0
2026-09-28T21:55:16.500318+09:00,122933615,41d8b32a,2026-09-28T21:55:16.500318+09:00,2026-09-28T21:55:16.585650+09:00,rail-left-01,rail-right-01,0.6.7-draft,0.6.7-draft,mqtt,mqtt,457.46,394.12,6.135,6.442,0.06,0.114,0.114,-0.2,10.37,9.691,-0.0702,0.0316,0.0429,0.0577,-0.0097,-0.0129,25.96,26.14,15603,18437,1.95,2.305,5.851,6.914,277,277,28,28,0,0,0,0,-0.58318022,-0.49575552,-0.58318022,-0.49575552,-0.38563922,-0.36833423,-0.38563922,-0.36833423,0.34873462,0.34825368,0.00372832,0.00092577,-0.01145617,-0.00098374,0.88435,0.88435,0.42704055,0.42531006,0,0
2026-09-28T21:55:16.520253+09:00,122953550,41d8b32a,2026-09-28T21:55:16.520253+09:00,2026-09-28T21:55:16.605585+09:00,rail-left-01,rail-right-01,0.6.7-draft,0.6.7-draft,mqtt,mqtt,458.55,395.06,6.137,6.459,-0.292,-0.159,0.067,-0.293,10.385,9.618,-0.0658,0.0293,0.0388,0.0577,-0.01,-0.0089,25.94,26.13,15607,18474,1.951,2.309,5.853,6.928,278,278,28,28,0,0,0,0,-0.60337423,-0.48844585,-0.60337423,-0.48844585,-0.38627954,-0.36655399,-0.38627954,-0.36655399,0.35060221,0.34790792,0.00379756,0.00079541,-0.0104324,-0.00060003,0.88435,0.88435,0.42710459,0.42513203,0,0
2026-09-28T21:55:16.540196+09:00,122973493,41d8b32a,2026-09-28T21:55:16.540196+09:00,2026-09-28T21:55:16.625528+09:00,rail-left-01,rail-right-01,0.6.7-draft,0.6.7-draft,mqtt,mqtt,459.65,396.01,6.14,6.464,-0.014,0.036,-0.204,-0.345,10.325,9.91,-0.0661,0.0277,0.0362,0.0581,-0.0099,-0.012,25.97,26.17,15616,18485,1.952,2.311,5.856,6.932,279,279,28,28,0,0,0,0,-0.62301019,-0.46470727,-0.62301019,-0.46470727,-0.38674149,-0.36503316,-0.38674149,-0.36503316,0.35237667,0.34765887,0.00384639,0.00069734,-0.00954165,-0.00030365,0.88435,0.88435,0.42715078,0.42497995,0,0
2026-09-28T21:55:16.560249+09:00,122993546,41d8b32a,2026-09-28T21:55:16.560249+09:00,2026-09-28T21:55:16.645581+09:00,rail-left-01,rail-right-01,0.6.7-draft,0.6.7-draft,mqtt,mqtt,460.79,396.95,6.127,6.462,0.068,0.078,0.016,-0.11,10.294,9.777,-0.0694,0.0317,0.036,0.0536,-0.004,-0.0076,25.96,26.16,15583,18482,1.948,2.31,5.844,6.931,280,280,28,28,0,0,0,0,,-0.4387814,,-0.4387814,,-0.36354296,,-0.36354296,,0.34739505,,0.00060828,,-0.00004333,,0.88435,0,0.42483093,0,0
2026-09-28T21:55:16.731908+09:00,123126446,41d8b32a,2026-09-28T21:55:16.731908+09:00,2026-09-28T21:55:16.770097+09:00,rail-left-01,rail-right-01,0.6.7-draft,0.6.7-draft,mqtt,mqtt,468.1,403.26,6.142,6.467,-0.08,-0.066,0.121,-0.387,10.461,9.68,-0.0652,0.028,0.0398,0.0574,-0.0083,-0.008,25.97,26.16,15620,18492,1.953,2.312,5.858,6.935,281,281,29,29,0,0,0,0,-0.42719087,-0.38912899,-0.42719087,-0.38912899,-0.36170935,-0.32938922,-0.36170935,-0.32938922,0.3473606,0.35701871,0.00054604,0.00140186,0.00030055,0.00387704,0.88435,0.88435,0.42464757,0.4241785,0,0
2026-09-28T21:55:16.752020+09:00,123146559,41d8b32a,2026-09-28T21:55:16.752020+09:00,2026-09-28T21:55:16.790210+09:00,rail-left-01,rail-right-01,0.6.7-draft,0.6.7-draft,mqtt,mqtt,469.24,404.21,6.207,6.498,-0.042,0.04,-0.081,-0.101,10.566,9.801,-0.0671,0.0316,0.0369,0.055,-0.0103,-0.0091,25.96,26.14,15783,18562,1.973,2.32,5.919,6.961,282,282,29,29,0,0,0,0,-0.41749226,-0.37675858,-0.41749226,-0.37675858,-0.35817205,-0.32756649,-0.35817205,-0.32756649,0.34823084,0.35815584,0.00065236,0.00146981,0.00089547,0.00387423,0.88435,0.88435,0.42429384,0.42429222,0,0
2026-09-28T21:55:16.771950+09:00,123166488,41d8b32a,2026-09-28T21:55:16.771950+09:00,2026-09-28T21:55:16.810139+09:00,rail-left-01,rail-right-01,0.6.7-draft,0.6.7-draft,mqtt,mqtt,470.33,405.15,6.233,6.508,-0.054,-0.029,0.005,-0.235,10.435,9.668,-0.0637,0.031,0.0393,0.0565,-0.0087,-0.0069,25.95,26.14,15847,18582,1.981,2.323,5.943,6.968,283,283,29,29,0,0,0,0,-0.4095451,-0.36918959,-0.4095451,-0.36918959,-0.35412325,-0.32604041,-0.35412325,-0.32604041,0.34940538,0.35935221,0.00079687,0.00154067,0.0015002,0.00383637,0.88435,0.88435,0.42388896,0.42441185,0,0
2026-09-28T21:55:16.792061+09:00,123186599,41d8b32a,2026-09-28T21:55:16.792061+09:00,2026-09-28T21:55:16.830250+09:00,rail-left-01,rail-right-01,0.6.7-draft,0.6.7-draft,mqtt,mqtt,471.43,406.1,6.237,6.512,-0.028,-0.002,0.043,-0.344,10.475,9.481,-0.0686,0.0306,0.0362,0.0528,-0.0059,-0.0019,25.97,26.12,15856,18593,1.982,2.324,5.946,6.972,284,284,29,29,0,0,0,0,-0.40305552,-0.36029083,-0.40305552,-0.36029083,-0.35018228,-0.32466436,-0.35018228,-0.32466436,0.35057075,0.36054023,0.00092404,0.00160527,0.00201826,0.00378733,0.88435,0.88435,0.42353371,0.42453066,0,0
2026-09-28T21:55:16.811929+09:00,123206467,41d8b32a,2026-09-28T21:55:16.811929+09:00,2026-09-28T21:55:16.850118+09:00,rail-left-01,rail-right-01,0.6.7-draft,0.6.7-draft,mqtt,mqtt,472.52,407.04,6.247,6.514,-0.078,-0.066,0.116,-0.472,10.373,9.556,-0.0648,0.0324,0.0413,0.0585,-0.0099,-0.004,25.97,26.15,15882,18596,1.985,2.325,5.956,6.974,285,285,29,29,0,0,0,0,-0.39807113,-0.35559944,-0.39807113,-0.35559944,-0.34618701,-0.32338733,-0.34618701,-0.32338733,0.35180455,0.36169959,0.00104904,0.001662,0.00249049,0.00373469,0.88435,0.88435,0.42365709,0.42464659,0,0
2026-09-28T21:55:16.832061+09:00,123226600,41d8b32a,2026-09-28T21:55:16.832061+09:00,2026-09-28T21:55:16.870251+09:00,rail-left-01,rail-right-01,0.6.7-draft,0.6.7-draft,mqtt,mqtt,473.67,407.99,6.256,6.526,-0.103,-0.103,0.045,-0.209,10.379,9.749,-0.0646,0.0285,0.0362,0.0566,-0.0085,-0.01,25.97,26.13,15904,18624,1.988,2.328,5.964,6.984,286,286,29,29,0,0,0,0,-0.39444753,-0.35322285,-0.39444753,-0.35322285,-0.34216649,-0.32240731,-0.34216649,-0.32240731,0.35308917,0.36293407,0.00117018,0.0017248,0.00292166,0.00365385,0.88435,0.88435,0.42378555,0.42477004,0,0
2026-09-28T21:55:16.852093+09:00,123246632,41d8b32a,2026-09-28T21:55:16.852093+09:00,2026-09-28T21:55:16.890283+09:00,rail-left-01,rail-right-01,0.6.7-draft,0.6.7-draft,mqtt,mqtt,474.76,408.98,6.261,6.525,0.069,0.061,0.054,-0.126,10.475,9.936,-0.0666,0.0313,0.0368,0.06,-0.0081,-0.0051,25.96,26.16,15917,18621,1.99,2.328,5.969,6.983,287,287,29,29,0,0,0,0,-0.39158872,-0.34164516,-0.39158872,-0.34164516,-0.33822015,-0.32144649,-0.33822015,-0.32144649,0.3543721,0.36410917,0.00128081,0.0017769,0.00330419,0.00358065,0.88435,0.88435,0.42391384,0.42488755,0,0
2026-09-28T21:55:16.872046+09:00,123266585,41d8b32a,2026-09-28T21:55:16.872046+09:00,2026-09-28T21:55:16.910236+09:00,rail-left-01,rail-right-01,0.6.7-draft,0.6.7-draft,mqtt,mqtt,475.85,409.93,6.24,6.526,-0.02,-0.067,0.247,-0.095,10.636,9.707,-0.067,0.0304,0.044,0.0596,-0.0049,-0.0021,25.96,26.14,15864,18622,1.983,2.328,5.949,6.983,288,288,29,29,0,0,0,0,-0.38974134,-0.33763136,-0.38974134,-0.33763136,-0.33496173,-0.32054296,-0.33496173,-0.32054296,0.35534393,0.36524799,0.00133964,0.00182227,0.00356024,0.00350962,0.88435,0.88435,0.42401103,0.42500143,0,0
2026-09-28T21:55:16.892046+09:00,123286585,41d8b32a,2026-09-28T21:55:16.892046+09:00,2026-09-28T21:55:16.930236+09:00,rail-left-01,rail-right-01,0.6.7-draft,0.6.7-draft,mqtt,mqtt,476.95,410.87,6.233,6.531,-0.095,-0.066,0.022,-0.344,10.472,9.584,-0.0658,0.0293,0.0364,0.0546,-0.01,-0.0059,25.95,26.16,15847,18635,1.981,2.329,5.943,6.988,289,289,29,29,0,0,0,0,-0.38889514,-0.33373296,-0.38889514,-0.33373296,-0.33201766,-0.31977034,-0.33201766,-0.31977034,0.35618917,0.36639109,0.00137767,0.00186625,0.00375551,0.00343184,0.88435,0.88435,0.42409555,0.42511574,0,0
2026-09-28T21:55:16.912219+09:00,123306757,41d8b32a,2026-09-28T21:55:16.912219+09:00,2026-09-28T21:55:16.950408+09:00,rail-left-01,rail-right-01,0.6.7-draft,0.6.7-draft,mqtt,mqtt,478.09,411.82,6.23,6.522,0.019,0.018,0.099,-0.299,10.376,9.561,-0.0661,0.0312,0.0404,0.0562,-0.0103,-0.0089,25.96,26.15,15840,18614,1.98,2.327,5.94,6.98,290,290,29,29,0,0,0,0,,-0.32542985,,-0.32542985,,-0.31885706,,-0.31885706,,0.36740615,,0.00189434,,0.00337767,,0.88435,0,0.42521725,0,0
2026-09-28T21:55:17.034904+09:00,123430459,41d8b32a,2026-09-28T21:55:17.034904+09:00,2026-09-28T21:55:17.077060+09:00,rail-left-01,rail-right-01,0.6.7-draft,0.6.7-draft,mqtt,mqtt,484.9,417.68,6.216,6.523,-0.095,-0.035,0.036,-0.362,10.436,9.687,-0.0626,0.0312,0.0332,0.0542,-0.0076,-0.0073,25.96,26.13,15805,18616,1.976,2.327,5.927,6.981,291,291,30,30,0,0,0,0,-0.32329947,-0.43718576,-0.32329947,-0.43718576,-0.31823686,-0.09076649,-0.31823686,-0.09076649,0.36825398,0.51068917,0.00189233,0.00429952,0.00326563,0.00825201,0.88435,0.80435,0.42530203,0.42057644,0,0
2026-09-28T21:55:17.055061+09:00,123450617,41d8b32a,2026-09-28T21:55:17.055061+09:00,2026-09-28T21:55:17.097218+09:00,rail-left-01,rail-right-01,0.6.7-draft,0.6.7-draft,mqtt,mqtt,486,418.68,6.371,6.514,0.043,0.025,0.227,-0.259,10.339,9.582,-0.064,0.0353,0.0405,0.0576,-0.0067,-0.0024,25.95,26.14,16190,18596,2.024,2.325,6.071,6.974,292,292,30,30,0,0,0,0,-0.32195053,-0.3614749,-0.32195053,-0.3614749,-0.31482104,-0.08386649,-0.31482104,-0.08386649,0.37048008,0.5127725,0.00205437,0.00354849,0.00349509,0.00838807,0.88435,0.80435,0.42552464,0.42083686,0,0
2026-09-28T21:55:17.074980+09:00,123470536,41d8b32a,2026-09-28T21:55:17.074980+09:00,2026-09-28T21:55:17.117137+09:00,rail-left-01,rail-right-01,0.6.7-draft,0.6.7-draft,mqtt,mqtt,487.09,419.62,6.375,6.518,-0.151,-0.108,-0.005,-0.255,10.463,9.682,-0.0673,0.0325,0.0366,0.0545,-0.0056,-0.0051,25.94,26.13,16201,18605,2.025,2.326,6.075,6.977,293,293,30,30,0,0,0,0,-0.32164911,-0.36122456,-0.32164911,-0.36122456,-0.31145578,-0.07950935,-0.31145578,-0.07950935,0.37266238,0.51454631,0.00219978,0.0033271,0.00370274,0.00793644,0.88435,0.80435,0.42574287,0.42105858,0,0
2026-09-28T21:55:17.095081+09:00,123490637,41d8b32a,2026-09-28T21:55:17.095081+09:00,2026-09-28T21:55:17.137238+09:00,rail-left-01,rail-right-01,0.6.7-draft,0.6.7-draft,mqtt,mqtt,488.23,420.57,6.387,6.508,-0.09,-0.135,0.249,-0.207,10.236,9.796,-0.065,0.0317,0.0353,0.0566,-0.0085,-0.0016,25.95,26.14,16230,18583,2.029,2.323,6.086,6.969,294,294,30,30,0,0,0,0,-0.35198747,-0.37029048,-0.35198747,-0.37029048,-0.11436649,-0.07499149,-0.11436649,-0.07499149,0.49868917,0.51525167,0,0.00290232,0,0.00802203,0.42935,0.80435,0.41907644,0.42114675,0,0
2026-09-28T21:55:17.114941+09:00,123510497,41d8b32a,2026-09-28T21:55:17.114941+09:00,2026-09-28T21:55:17.157098+09:00,rail-left-01,rail-right-01,0.6.7-draft,0.6.7-draft,mqtt,mqtt,489.33,421.51,6.393,6.495,0.062,0.097,0.014,-0.378,10.467,9.602,-0.0665,0.0365,0.0386,0.0566,-0.0088,-0.0063,25.95,26.14,16244,18555,2.031,2.319,6.092,6.958,295,295,30,30,0,0,0,0,-0.36683037,-0.30450143,-0.36683037,-0.30450143,-0.11136649,-0.07003316,-0.11136649,-0.07003316,0.50018917,0.51507806,0.00545455,0.00234347,0.01090909,0.00844142,0.66035,0.80435,0.41926394,0.42112505,0,0
2026-09-28T21:55:17.134950+09:00,123530506,41d8b32a,2026-09-28T21:55:17.134950+09:00,2026-09-28T21:55:17.177107+09:00,rail-left-01,rail-right-01,0.6.7-draft,0.6.7-draft,mqtt,mqtt,490.42,422.46,6.412,6.483,-0.16,-0.17,0.042,-0.321,10.347,9.687,-0.0694,0.036,0.0334,0.053,-0.0077,-0.0007,25.96,26.15,16292,18528,2.037,2.316,6.11,6.948,296,296,30,30,0,0,0,0,-0.38858562,-0.32757072,-0.38858562,-0.32757072,-0.10403316,-0.06486649,-0.10403316,-0.06486649,0.50385584,0.51433917,0.01140641,0.00174148,0.02281282,0.00898508,0.66035,0.80435,0.41972227,0.42103269,0,0
2026-09-28T21:55:17.155079+09:00,123550635,41d8b32a,2026-09-28T21:55:17.155079+09:00,2026-09-28T21:55:17.197236+09:00,rail-left-01,rail-right-01,0.6.7-draft,0.6.7-draft,mqtt,mqtt,491.51,423.4,6.418,6.462,0.093,0.017,0.201,-0.026,10.611,10.026,-0.0646,0.0374,0.0365,0.0544,-0.0079,-0.0048,25.94,26.13,16306,18482,2.038,2.31,6.115,6.931,297,297,30,30,0,0,0,0,-0.40507916,-0.29829795,-0.40507916,-0.29829795,-0.09886649,-0.05873013,-0.09886649,-0.05873013,0.50643917,0.51278008,0.0102448,0.00098517,0.0204896,0.00986924,0.80435,0.80435,0.42004519,0.4208378,0,0
2026-09-28T21:55:17.175035+09:00,123570591,41d8b32a,2026-09-28T21:55:17.175035+09:00,2026-09-28T21:55:17.217192+09:00,rail-left-01,rail-right-01,0.6.7-draft,0.6.7-draft,mqtt,mqtt,492.61,424.35,6.432,6.473,-0.104,-0.12,-0.109,-0.447,10.542,9.626,-0.0632,0.0314,0.0405,0.057,-0.0107,-0.008,25.94,26.15,16341,18505,2.043,2.313,6.128,6.939,298,298,30,30,0,0,0,0,,-0.30634013,,-0.30634013,,-0.05453316,,-0.05453316,,0.51193917,,0.0005858,,0.01006447,,0.80435,0,0.42073269,0,0
2026-09-28T21:55:17.194991+09:00,123590547,41d8b32a,2026-09-28T21:55:17.194991+09:00,2026-09-28T21:55:17.237148+09:00,rail-left-01,rail-right-01,0.6.7-draft,0.6.7-draft,mqtt,mqtt,493.75,425.29,6.441,6.484,-0.044,-0.018,-0.024,-0.214,10.317,9.553,-0.0654,0.0333,0.0388,0.0549,-0.0055,-0.0052,25.94,26.13,16364,18529,2.046,2.316,6.137,6.948,299,299,30,30,0,0,0,0,,-0.29088896,,-0.29088896,,-0.05182803,,-0.05182803,,0.51165071,,0.00042425,,0.00980991,,0.80435,0,0.42069663,0,0
2026-09-28T21:55:17.215004+09:00,123610560,41d8b32a,2026-09-28T21:55:17.215004+09:00,2026-09-28T21:55:17.257161+09:00,rail-left-01,rail-right-01,0.6.7-draft,0.6.7-draft,mqtt,mqtt,494.85,426.28,6.444,6.488,-0.019,0.101,-0.014,-0.289,10.546,9.716,-0.0682,0.0364,0.0393,0.0576,-0.0063,-0.0064,25.94,26.15,16372,18539,2.047,2.317,6.14,6.952,300,300,30,30,0,0,0,0,,-0.25354876,,-0.25354876,,-0.04979506,,-0.04979506,,0.51154631,,0.0003438,,0.00940938,,0.80435,0,0.42068358,0,0
2026-09-28T21:55:17.307093+09:00,123737464,41d8b32a,2026-09-28T21:55:17.307093+09:00,2026-09-28T21:55:17.396590+09:00,rail-left-01,rail-right-01,0.6.7-draft,0.6.7-draft,mqtt,mqtt,501.86,432.3,6.442,6.493,-0.012,0.063,0.044,-0.265,10.362,9.579,-0.0659,0.0333,0.0381,0.0581,-0.0067,-0.0072,25.96,26.13,16368,18550,2.046,2.319,6.138,6.956,301,301,31,31,0,0,0,0,-0.23517163,-0.21481952,-0.23517163,-0.21481952,-0.04816649,-0.05266649,-0.04816649,-0.05266649,0.51138917,0.50598917,0.00019104,-0.00129164,0.00792198,0.00157603,0.80435,0.80435,0.42066394,0.41998894,0,0
2026-09-28T21:55:17.327103+09:00,123757474,41d8b32a,2026-09-28T21:55:17.327103+09:00,2026-09-28T21:55:17.416600+09:00,rail-left-01,rail-right-01,0.6.7-draft,0.6.7-draft,mqtt,mqtt,502.95,433.24,6.424,6.524,-0.025,-0.002,0.314,-0.157,10.321,9.829,-0.0657,0.0342,0.041,0.0618,-0.0083,-0.004,25.95,26.12,16322,18619,2.04,2.327,6.121,6.982,302,302,31,31,0,0,0,0,-0.22201883,-0.21236504,-0.22201883,-0.21236504,-0.04786649,-0.05617602,-0.04786649,-0.05617602,0.51068917,0.50545107,-0.0001216,-0.00120256,0.00651093,0.0001193,0.80435,0.80435,0.42057644,0.41992168,0,0
2026-09-28T21:55:17.347244+09:00,123777615,41d8b32a,2026-09-28T21:55:17.347244+09:00,2026-09-28T21:55:17.436742+09:00,rail-left-01,rail-right-01,0.6.7-draft,0.6.7-draft,mqtt,mqtt,504.04,434.24,6.404,6.551,-0.025,-0.029,0.26,-0.427,10.507,9.708,-0.0681,0.0341,0.0424,0.0605,-0.0084,-0.006,25.95,26.14,16273,18679,2.034,2.335,6.102,7.005,303,303,31,31,0,0,0,0,-0.21312934,-0.2136536,-0.21312934,-0.2136536,-0.04877826,-0.06059377,-0.04877826,-0.06059377,0.50948329,0.50557553,-0.0005281,-0.00096705,0.00511909,-0.00113888,0.80435,0.80435,0.4204257,0.41993724,0,0
2026-09-28T21:55:17.367183+09:00,123797554,41d8b32a,2026-09-28T21:55:17.367183+09:00,2026-09-28T21:55:17.456680+09:00,rail-left-01,rail-right-01,0.6.7-draft,0.6.7-draft,mqtt,mqtt,505.14,435.18,6.401,6.558,-0.124,-0.053,0.06,-0.123,10.36,9.767,-0.0642,0.0328,0.0366,0.0574,-0.0047,-0.0056,25.97,26.12,16266,18695,2.033,2.337,6.1,7.011,304,304,31,31,0,0,0,0,-0.20809106,-0.21774609,-0.20809106,-0.21774609,-0.04975538,-0.06493171,-0.04975538,-0.06493171,0.50832806,0.50584134,-0.00082754,-0.00076439,0.0040636,-0.00206229,0.80435,0.80435,0.4202813,0.41997046,0,0
2026-09-28T21:55:17.387239+09:00,123817610,41d8b32a,2026-09-28T21:55:17.387239+09:00,2026-09-28T21:55:17.476737+09:00,rail-left-01,rail-right-01,0.6.7-draft,0.6.7-draft,mqtt,mqtt,506.28,436.13,6.405,6.57,-0.108,-0.122,0.126,-0.263,10.483,9.555,-0.0701,0.0349,0.0421,0.0574,0.0032,-0.0007,25.94,26.14,16275,18721,2.034,2.34,6.103,7.02,305,305,31,31,0,0,0,0,-0.20627357,-0.22983637,-0.20627357,-0.22983637,-0.05041912,-0.06940816,-0.05041912,-0.06940816,0.50739969,0.506335,-0.00100258,-0.00055855,0.00333405,-0.00282963,0.80435,0.80435,0.42016526,0.42003217,0,0
2026-09-28T21:55:17.407281+09:00,123837652,41d8b32a,2026-09-28T21:55:17.407281+09:00,2026-09-28T21:55:17.496779+09:00,rail-left-01,rail-right-01,0.6.7-draft,0.6.7-draft,mqtt,mqtt,507.37,437.07,6.4,6.588,-0.111,-0.093,-0.014,-0.384,10.405,9.724,-0.0698,0.0324,0.0416,0.0585,-0.0016,-0.01,25.99,26.14,16263,18760,2.033,2.345,6.099,7.035,306,306,31,31,0,0,0,0,,-0.23750763,,-0.23750763,,-0.07424649,,-0.07424649,,0.50714917,,-0.00032653,,-0.00354397,,0.80435,0,0.42013394,0,0
2026-09-28T21:55:17.427185+09:00,123857556,41d8b32a,2026-09-28T21:55:17.427185+09:00,2026-09-28T21:55:17.516683+09:00,rail-left-01,rail-right-01,0.6.7-draft,0.6.7-draft,mqtt,mqtt,508.47,438.02,6.392,6.59,0.056,0.092,-0.04,0.089,10.475,9.874,-0.0702,0.033,0.0393,0.0562,-0.0023,-0.004,25.95,26.13,16242,18765,2.03,2.346,6.091,7.037,307,307,31,31,0,0,0,0,,-0.22448349,,-0.22448349,,-0.07878957,,-0.07878957,,0.50793917,,-0.00013861,,-0.00409788,,0.80435,0,0.42023269,0,0
2026-09-28T21:55:17.447144+09:00,123877515,41d8b32a,2026-09-28T21:55:17.447144+09:00,2026-09-28T21:55:17.536642+09:00,rail-left-01,rail-right-01,0.6.7-draft,0.6.7-draft,mqtt,mqtt,509.56,439.01,6.395,6.602,-0.095,-0.038,0.183,-0.498,10.477,9.665,-0.0674,0.0344,0.0442,0.0549,-0.0015,-0.0033,25.96,26.13,16249,18792,2.031,2.349,6.093,7.047,308,308,31,31,0,0,0,0,,-0.22604955,,-0.22604955,,-0.08344057,,-0.08344057,,0.50889287,,0.00005244,,-0.00460607,,0.80435,0,0.4203519,0,0
2026-09-28T21:55:17.467251+09:00,123897622,41d8b32a,2026-09-28T21:55:17.467251+09:00,2026-09-28T21:55:17.556749+09:00,rail-left-01,rail-right-01,0.6.7-draft,0.6.7-draft,mqtt,mqtt,510.66,439.96,6.389,6.612,-0.053,-0.061,-0.089,-0.221,10.366,9.621,-0.0648,0.0352,0.0429,0.0589,-0.0061,-0.004,25.95,26.14,16235,18813,2.029,2.352,6.088,7.055,309,309,31,31,0,0,0,0,,-0.22986078,,-0.22986078,,-0.08811649,,-0.08811649,,0.50995703,,0.00023841,,-0.00506613,,0.80435,0,0.42048492,0,0
2026-09-28T21:55:17.487109+09:00,123917480,41d8b32a,2026-09-28T21:55:17.487109+09:00,2026-09-28T21:55:17.576606+09:00,rail-left-01,rail-right-01,0.6.7-draft,0.6.7-draft,mqtt,mqtt,511.75,440.9,6.377,6.615,-0.056,-0.041,0.035,-0.236,10.524,9.628,-0.0663,0.0325,0.0408,0.0594,-0.0076,-0.0031,25.94,26.14,16206,18821,2.026,2.353,6.077,7.058,310,310,31,31,0,0,0,0,,-0.23144442,,-0.23144442,,-0.09257339,,-0.09257339,,0.51099951,,0.0003992,,-0.00544726,,0.80435,0,0.42061523,0,0
2026-09-28T21:55:17.630253+09:00,124060440,41d8b32a,2026-09-28T21:55:17.630253+09:00,2026-09-28T21:55:17.713501+09:00,rail-left-01,rail-right-01,0.6.7-draft,0.6.7-draft,mqtt,mqtt,519.66,447.71,6.364,6.619,-0.03,0.055,-0.069,-0.151,10.769,9.527,-0.0667,0.0324,0.0417,0.0514,0.0015,-0.0011,25.92,26.13,16172,18830,2.022,2.354,6.065,7.061,311,311,32,32,0,0,0,0,-0.24309988,,-0.24309988,,-0.09716649,,-0.09716649,,0.51175584,,0.00050795,,-0.0057763,,0.96235,,0.42070977,0,0,0
2026-09-28T21:55:17.650384+09:00,124080571,41d8b32a,2026-09-28T21:55:17.650384+09:00,2026-09-28T21:55:17.733633+09:00,rail-left-01,rail-right-01,0.6.7-draft,0.6.7-draft,mqtt,mqtt,520.8,448.71,6.286,6.626,-0.16,-0.115,0.302,-0.251,10.461,9.646,-0.067,0.0326,0.0353,0.051,-0.0012,0.0004,25.94,26.12,15978,18845,1.997,2.356,5.992,7.067,312,312,32,32,0,0,0,0,-0.25568714,,-0.25568714,,-0.1039794,,-0.1039794,,0.5112053,,0.00035395,,-0.0064857,,0.96235,,0.42064096,0,0,0
2026-09-28T21:55:17.670320+09:00,124100507,41d8b32a,2026-09-28T21:55:17.670320+09:00,2026-09-28T21:55:17.753568+09:00,rail-left-01,rail-right-01,0.6.7-draft,0.6.7-draft,mqtt,mqtt,521.89,449.65,6.308,6.609,0.035,0.113,-0.151,-0.193,10.36,9.548,-0.0629,0.0297,0.0377,0.0516,-0.0071,-0.0081,25.97,26.14,16034,18808,2.004,2.351,6.013,7.053,313,313,32,32,0,0,0,0,,-0.27141782,,-0.27141782,,-0.10727274,,-0.10727274,,0.51204854,,0.00049048,,-0.00608207,,0.96235,0,0.42074636,0,0
2026-09-28T21:55:17.690411+09:00,124120598,41d8b32a,2026-09-28T21:55:17.690411+09:00,2026-09-28T21:55:17.773659+09:00,rail-left-01,rail-right-01,0.6.7-draft,0.6.7-draft,mqtt,mqtt,522.99,450.6,6.313,6.605,-0.077,-0.098,0.042,-0.166,10.444,9.765,-0.0628,0.0278,0.0405,0.0577,-0.0025,-0.0024,25.94,26.15,16047,18799,2.006,2.35,6.018,7.05,314,314,32,32,0,0,0,0,,-0.27869396,,-0.27869396,,-0.11024528,,-0.11024528,,0.51278008,,0.00056704,,-0.00577122,,0.96235,0,0.4208378,0,0
2026-09-28T21:55:17.710283+09:00,124140470,41d8b32a,2026-09-28T21:55:17.710283+09:00,2026-09-28T21:55:17.793531+09:00,rail-left-01,rail-right-01,0.6.7-draft,0.6.7-draft,mqtt,mqtt,524.08,451.54,6.295,6.595,-0.2,-0.02,0.437,-0.093,10.657,9.71,-0.0695,0.0273,0.0392,0.0496,0.0005,-0.0069,25.95,26.16,16002,18776,2,2.347,6.001,7.041,315,315,32,32,0,0,0,0,,-0.27900967,,-0.27900967,,-0.11274885,,-0.11274885,,0.51332152,,0.00059287,,-0.00548241,,0.96235,0,0.42090548,0,0
2026-09-28T21:55:17.730430+09:00,124160617,41d8b32a,2026-09-28T21:55:17.730430+09:00,2026-09-28T21:55:17.813679+09:00,rail-left-01,rail-right-01,0.6.7-draft,0.6.7-draft,mqtt,mqtt,525.22,452.54,6.298,6.592,0.004,0.063,0.022,-0.279,10.331,9.542,-0.0714,0.0301,0.0409,0.0529,0.0012,-0.0021,25.95,26.12,16009,18769,2.001,2.346,6.003,7.038,316,316,32,32,0,0,0,0,,-0.27252422,,-0.27252422,,-0.11502364,,-0.11502364,,0.51378917,,0.00060354,,-0.00524043,,0.96235,0,0.42096394,0,0
2026-09-28T21:55:17.750349+09:00,124180536,41d8b32a,2026-09-28T21:55:17.750349+09:00,2026-09-28T21:55:17.833597+09:00,rail-left-01,rail-right-01,0.6.7-draft,0.6.7-draft,mqtt,mqtt,526.32,453.48,6.305,6.585,-0.098,-0.023,0.03,-0.45,10.42,9.673,-0.0663,0.0274,0.0361,0.0514,-0.0033,-0.0064,25.94,26.14,16027,18753,2.003,2.344,6.01,7.032,317,317,32,32,0,0,0,0,,-0.27324791,,-0.27324791,,-0.1169776,,-0.1169776,,0.51413361,,0.00059571,,-0.00501421,,0.96235,0,0.421007,0,0
2026-09-28T21:55:17.770311+09:00,124200498,41d8b32a,2026-09-28T21:55:17.770311+09:00,2026-09-28T21:55:17.853560+09:00,rail-left-01,rail-right-01,0.6.7-draft,0.6.7-draft,mqtt,mqtt,527.41,454.42,6.312,6.553,0.05,-0.013,0.183,-0.101,10.271,9.766,-0.0753,0.024,0.0326,0.0502,-0.0033,-0.0075,25.94,26.14,16044,18684,2.006,2.336,6.017,7.007,318,318,32,32,0,0,0,0,,-0.27312274,,-0.27312274,,-0.11796109,,-0.11796109,,0.51402701,,0.00052714,,-0.0047037,,0.96235,0,0.42099367,0,0
2026-09-28T21:55:17.790424+09:00,124220611,41d8b32a,2026-09-28T21:55:17.790424+09:00,2026-09-28T21:55:17.873672+09:00,rail-left-01,rail-right-01,0.6.7-draft,0.6.7-draft,mqtt,mqtt,528.51,455.37,6.355,6.507,-0.062,-0.034,0.221,-0.335,10.576,9.609,-0.0699,0.0232,0.0289,0.043,-0.0076,-0.0051,25.94,26.14,16150,18581,2.019,2.323,6.056,6.968,319,319,32,32,0,0,0,0,,-0.27465159,,-0.27465159,,-0.11768228,,-0.11768228,,0.51332075,,0.00039036,,-0.00428385,,0.96235,0,0.42090539,0,0
2026-09-28T21:55:17.810295+09:00,124240482,41d8b32a,2026-09-28T21:55:17.810295+09:00,2026-09-28T21:55:17.893543+09:00,rail-left-01,rail-right-01,0.6.7-draft,0.6.7-draft,mqtt,mqtt,529.6,456.31,6.379,6.453,-0.081,-0.002,0.01,-0.172,10.284,9.616,-0.0681,0.031,0.0353,0.0565,-0.0092,-0.0104,25.96,26.13,16210,18462,2.026,2.308,6.079,6.923,320,320,32,32,0,0,0,0,,-0.27373671,,-0.27373671,,-0.11603316,,-0.11603316,,0.5119584,,0.0001902,,-0.00375779,,0.96235,0,0.42073509,0,0
2026-09-28T21:55:17.978225+09:00,124375438,41d8b32a,2026-09-28T21:55:17.978225+09:00,2026-09-28T21:55:18.064834+09:00,rail-left-01,rail-right-01,0.6.7-draft,0.6.7-draft,mqtt,mqtt,537.06,462.78,6.378,6.446,-0.007,0.025,0.116,-0.342,10.605,9.714,-0.0663,0.0328,0.0417,0.057,-0.0077,-0.0081,25.95,26.12,16207,18446,2.026,2.306,6.078,6.917,321,321,33,33,0,0,0,0,,,,,,,,,,,,,,,,,0,0,0,0
2026-09-28T21:55:17.998422+09:00,124395634,41d8b32a,2026-09-28T21:55:17.998422+09:00,2026-09-28T21:55:18.085030+09:00,rail-left-01,rail-right-01,0.6.7-draft,0.6.7-draft,mqtt,mqtt,538.2,463.77,6.332,6.442,-0.11,-0.047,0.03,-0.096,10.381,9.826,-0.0628,0.0293,0.0388,0.057,-0.0069,-0.0033,25.95,26.1,16093,18437,2.012,2.305,6.035,6.914,322,322,33,33,0,0,0,0,,,,,,,,,,,,,,,,,0,0,0,0
2026-09-28T21:55:18.018352+09:00,124415565,41d8b32a,2026-09-28T21:55:18.018352+09:00,2026-09-28T21:55:18.104961+09:00,rail-left-01,rail-right-01,0.6.7-draft,0.6.7-draft,mqtt,mqtt,539.29,464.72,6.317,6.436,-0.073,0.072,0.129,-0.214,10.675,9.881,-0.0683,0.0292,0.0344,0.0553,-0.0067,-0.0023,25.95,26.12,16055,18423,2.007,2.303,6.021,6.909,323,323,33,33,0,0,0,0,,,,,,,,,,,,,,,,,0,0,0,0
2026-09-28T21:55:18.038276+09:00,124435489,41d8b32a,2026-09-28T21:55:18.038276+09:00,2026-09-28T21:55:18.124885+09:00,rail-left-01,rail-right-01,0.6.7-draft,0.6.7-draft,mqtt,mqtt,540.39,465.66,6.301,6.437,-0.171,-0.11,-0.078,-0.267,10.464,9.798,-0.0674,0.0334,0.0424,0.0628,-0.0071,-0.002,25.96,26.13,16017,18426,2.002,2.303,6.006,6.91,324,324,33,33,0,0,0,0,,,,,,,,,,,,,,,,,0,0,0,0
2026-09-28T21:55:18.058540+09:00,124455753,41d8b32a,2026-09-28T21:55:18.058540+09:00,2026-09-28T21:55:18.145149+09:00,rail-left-01,rail-right-01,0.6.7-draft,0.6.7-draft,mqtt,mqtt,541.53,466.66,6.252,6.453,0.051,0.03,0.148,-0.25,10.485,9.647,-0.0703,0.0309,0.0468,0.0659,-0.0061,-0.0004,25.97,26.14,15894,18462,1.987,2.308,5.96,6.923,325,325,33,33,0,0,0,0,,,,,,,,,,,,,,,,,0,0,0,0
2026-09-28T21:55:18.078264+09:00,124475477,41d8b32a,2026-09-28T21:55:18.078264+09:00,2026-09-28T21:55:18.164873+09:00,rail-left-01,rail-right-01,0.6.7-draft,0.6.7-draft,mqtt,mqtt,542.63,467.6,6.25,6.468,-0.184,-0.06,-0.023,-0.107,10.181,9.626,-0.0582,0.0308,0.0338,0.0521,-0.0088,-0.0048,25.95,26.14,15890,18494,1.986,2.312,5.959,6.935,326,326,33,33,0,0,0,0,,-0.72821291,,-0.72821291,,-0.14736649,,-0.14736649,,0.42818917,,0,,0,,0.76635,0,0.39395702,0,0
2026-09-28T21:55:18.098363+09:00,124495576,41d8b32a,2026-09-28T21:55:18.098363+09:00,2026-09-28T21:55:18.184972+09:00,rail-left-01,rail-right-01,0.6.7-draft,0.6.7-draft,mqtt,mqtt,543.72,468.54,6.278,6.471,0.032,0.111,-0.044,-0.329,10.604,9.774,-0.0589,0.029,0.035,0.054,-0.0085,-0.0072,25.96,26.14,15958,18500,1.995,2.312,5.984,6.938,327,327,33,33,0,0,0,0,,-0.15713901,,-0.15713901,,-0.14886649,,-0.14886649,,0.42893917,,0.00319149,,-0.00638298,,0.76635,0,0.39405077,0,0
2026-09-28T21:55:18.118375+09:00,124515588,41d8b32a,2026-09-28T21:55:18.118375+09:00,2026-09-28T21:55:18.204984+09:00,rail-left-01,rail-right-01,0.6.7-draft,0.6.7-draft,mqtt,mqtt,544.81,469.54,6.293,6.474,-0.138,-0.054,0.322,-0.224,10.575,9.625,-0.0636,0.0292,0.0373,0.0496,-0.0092,-0.0044,25.93,26.14,15997,18507,2,2.313,5.999,6.94,328,328,33,33,0,0,0,0,,-0.12177957,,-0.12177957,,-0.15036649,,-0.15036649,,0.42968917,,0.0030918,,-0.0061836,,0.76635,0,0.39414452,0,0
2026-09-28T21:55:18.138344+09:00,124535557,41d8b32a,2026-09-28T21:55:18.138344+09:00,2026-09-28T21:55:18.224953+09:00,rail-left-01,rail-right-01,0.6.7-draft,0.6.7-draft,mqtt,mqtt,545.91,470.48,6.304,6.453,-0.051,-0.062,0.148,-0.201,10.469,9.728,-0.0652,0.0253,0.0345,0.0494,-0.0084,-0.0059,25.96,26.1,16024,18462,2.003,2.308,6.009,6.923,329,329,33,33,0,0,0,0,,-0.1096797,,-0.1096797,,-0.14586649,,-0.14586649,,0.42743917,,-0.00432519,,0.00865037,,0.76635,0,0.39386327,0,0
2026-09-28T21:55:18.158722+09:00,124555935,41d8b32a,2026-09-28T21:55:18.158722+09:00,2026-09-28T21:55:18.245331+09:00,rail-left-01,rail-right-01,0.6.7-draft,0.6.7-draft,mqtt,mqtt,547.05,471.43,6.3,6.418,0.036,0.035,0.353,0.059,10.573,10.179,-0.0641,0.0317,0.043,0.0537,-0.0065,-0.0113,25.95,26.14,16014,18384,2.002,2.298,6.005,6.894,330,330,33,33,0,0,0,0,,-0.04853805,,-0.04853805,,-0.13616649,,-0.13616649,,0.42258917,,-0.01224189,,0.02448377,,0.76635,0,0.39325702,0,0
2026-09-28T21:55:18.291629+09:00,124726411,41d8b32a,2026-09-28T21:55:18.291629+09:00,2026-09-28T21:55:18.330702+09:00,rail-left-01,rail-right-01,0.6.7-draft,0.6.7-draft,mqtt,mqtt,556.5,479.58,6.286,6.443,0.055,0.14,0.067,-0.007,10.416,9.79,-0.0638,0.0337,0.0413,0.0542,-0.0081,-0.0065,25.96,26.16,15978,18439,1.997,2.305,5.992,6.915,331,331,34,34,0,0,0,0,,,,,,,,,,,,,,,,,0,0,0,0
2026-09-28T21:55:18.311745+09:00,124746527,41d8b32a,2026-09-28T21:55:18.311745+09:00,2026-09-28T21:55:18.350818+09:00,rail-left-01,rail-right-01,0.6.7-draft,0.6.7-draft,mqtt,mqtt,557.59,480.53,6.176,6.531,-0.218,-0.168,0.093,-0.249,10.651,9.708,-0.0637,0.0344,0.0464,0.0546,-0.0033,-0.0023,25.98,26.19,15705,18635,1.963,2.329,5.889,6.988,332,332,34,34,0,0,0,0,,,,,,,,,,,,,,,,,0,0,0,0
2026-09-28T21:55:18.331758+09:00,124766540,41d8b32a,2026-09-28T21:55:18.331758+09:00,2026-09-28T21:55:18.370831+09:00,rail-left-01,rail-right-01,0.6.7-draft,0.6.7-draft,mqtt,mqtt,558.68,481.52,6.168,6.54,0.01,0.132,0.006,-0.211,10.363,9.634,-0.0626,0.0337,0.0392,0.0524,-0.0081,-0.006,25.94,26.13,15685,18655,1.961,2.332,5.882,6.996,333,333,34,34,0,0,0,0,,,,,,,,,,,,,,,,,0,0,0,0
2026-09-28T21:55:18.351757+09:00,124786539,41d8b32a,2026-09-28T21:55:18.351757+09:00,2026-09-28T21:55:18.390830+09:00,rail-left-01,rail-right-01,0.6.7-draft,0.6.7-draft,mqtt,mqtt,559.78,482.47,6.167,6.54,-0.132,-0.134,0.198,-0.198,10.514,9.813,-0.0625,0.0354,0.0373,0.0582,-0.0089,-0.0019,25.95,26.13,15683,18655,1.96,2.332,5.881,6.996,334,334,34,34,0,0,0,0,,,,,,,,,,,,,,,,,0,0,0,0
2026-09-28T21:55:18.372416+09:00,124807198,41d8b32a,2026-09-28T21:55:18.372416+09:00,2026-09-28T21:55:18.411489+09:00,rail-left-01,rail-right-01,0.6.7-draft,0.6.7-draft,mqtt,mqtt,560.97,483.46,6.203,6.55,0.001,0.049,0.205,-0.378,10.344,9.747,-0.0561,0.032,0.0298,0.053,-0.014,-0.0085,25.96,26.15,15772,18676,1.972,2.335,5.915,7.003,335,335,34,34,0,0,0,0,,,,,,,,,,,,,,,,,0,0,0,0
2026-09-28T21:55:18.392383+09:00,124827165,41d8b32a,2026-09-28T21:55:18.392383+09:00,2026-09-28T21:55:18.431456+09:00,rail-left-01,rail-right-01,0.6.7-draft,0.6.7-draft,mqtt,mqtt,562.07,484.41,6.245,6.551,-0.136,-0.132,0.059,-0.104,10.388,9.643,-0.0578,0.0289,0.036,0.053,-0.0083,-0.0047,25.96,26.14,15876,18678,1.985,2.335,5.954,7.004,336,336,34,34,0,0,0,0,,,,,,,,,,,,,,,,,0,0,0,0
2026-09-28T21:55:18.411792+09:00,124846574,41d8b32a,2026-09-28T21:55:18.411792+09:00,2026-09-28T21:55:18.450865+09:00,rail-left-01,rail-right-01,0.6.7-draft,0.6.7-draft,mqtt,mqtt,563.11,485.3,6.253,6.556,-0.042,0.025,0.128,-0.45,10.329,9.44,-0.0604,0.0341,0.0389,0.0578,-0.0121,-0.0063,25.95,26.15,15896,18690,1.987,2.336,5.961,7.009,337,337,34,34,0,0,0,0,,,,,,,,,,,,,,,,,0,0,0,0
2026-09-28T21:55:18.431821+09:00,124866603,41d8b32a,2026-09-28T21:55:18.431821+09:00,2026-09-28T21:55:18.470894+09:00,rail-left-01,rail-right-01,0.6.7-draft,0.6.7-draft,mqtt,mqtt,564.2,486.24,6.277,6.575,-0.111,-0.095,-0.011,-0.304,10.2,9.969,-0.0667,0.0302,0.0378,0.0596,-0.0125,-0.0077,25.93,26.15,15956,18732,1.995,2.342,5.984,7.024,338,338,34,34,0,0,0,0,,,,,,,,,,,,,,,,,0,0,0,0
2026-09-28T21:55:18.451664+09:00,124886446,41d8b32a,2026-09-28T21:55:18.451664+09:00,2026-09-28T21:55:18.490736+09:00,rail-left-01,rail-right-01,0.6.7-draft,0.6.7-draft,mqtt,mqtt,565.35,487.19,6.304,6.596,0.031,0.006,-0.002,-0.267,10.511,9.675,-0.0655,0.031,0.0368,0.0562,-0.0119,-0.0049,25.94,26.16,16024,18779,2.003,2.347,6.009,7.042,339,339,34,34,0,0,0,0,,-0.14056232,,-0.14056232,,-0.15519983,,-0.15519983,,0.4362725,,0.00429724,,-0.00591785,,0.76635,0,0.39496744,0,0
2026-09-28T21:55:18.471728+09:00,124906510,41d8b32a,2026-09-28T21:55:18.471728+09:00,2026-09-28T21:55:18.510801+09:00,rail-left-01,rail-right-01,0.6.7-draft,0.6.7-draft,mqtt,mqtt,566.44,488.18,6.325,6.597,-0.201,-0.195,-0.132,-0.192,10.435,9.656,-0.0593,0.0306,0.0358,0.0552,-0.0132,-0.0111,25.96,26.12,16076,18781,2.01,2.348,6.029,7.043,340,340,34,34,0,0,0,0,,-0.28179225,,-0.28179225,,-0.16893792,,-0.16893792,,0.44611774,,0.00430883,,-0.0059678,,0.76635,0,0.39619809,0,0
2026-09-28T21:55:18.556717+09:00,124991449,41d8b32a,2026-09-28T21:55:18.556717+09:00,2026-09-28T21:55:18.599662+09:00,rail-left-01,rail-right-01,0.6.7-draft,0.6.7-draft,mqtt,mqtt,571.11,492.21,6.329,6.594,0.006,0.034,0.186,-0.34,10.517,9.718,-0.0666,0.0305,0.0394,0.0581,-0.0115,-0.0051,25.95,26.12,16086,18774,2.011,2.347,6.032,7.04,341,341,35,35,0,0,0,0,,,,,,,,,,,,,,,,,0,0,0,0
2026-09-28T21:55:18.576828+09:00,125011561,41d8b32a,2026-09-28T21:55:18.576828+09:00,2026-09-28T21:55:18.619774+09:00,rail-left-01,rail-right-01,0.6.7-draft,0.6.7-draft,mqtt,mqtt,572.21,493.16,6.286,6.594,-0.081,-0.051,-0.013,-0.256,10.621,9.623,-0.0642,0.0358,0.0362,0.0556,-0.0095,-0.0023,25.94,26.13,15979,18773,1.997,2.347,5.992,7.04,342,342,35,35,0,0,0,0,,,,,,,,,,,,,,,,,0,0,0,0
2026-09-28T21:55:18.596743+09:00,125031476,41d8b32a,2026-09-28T21:55:18.596743+09:00,2026-09-28T21:55:18.639689+09:00,rail-left-01,rail-right-01,0.6.7-draft,0.6.7-draft,mqtt,mqtt,573.3,494.1,6.306,6.595,-0.113,-0.096,0.269,-0.175,10.56,9.576,-0.0638,0.0306,0.0356,0.0502,-0.0125,-0.0032,25.93,26.13,16029,18775,2.004,2.347,6.011,7.041,343,343,35,35,0,0,0,0,,,,,,,,,,,,,,,,,0,0,0,0
2026-09-28T21:55:18.616767+09:00,125051499,41d8b32a,2026-09-28T21:55:18.616767+09:00,2026-09-28T21:55:18.659712+09:00,rail-left-01,rail-right-01,0.6.7-draft,0.6.7-draft,mqtt,mqtt,574.44,495.04,6.309,6.589,0.095,0.198,0,-0.269,10.372,9.44,-0.0666,0.0376,0.0376,0.0564,-0.0105,-0.0091,25.94,26.13,16037,18762,2.005,2.345,6.014,7.036,344,344,35,35,0,0,0,0,,,,,,,,,,,,,,,,,0,0,0,0
2026-09-28T21:55:18.637132+09:00,125071864,41d8b32a,2026-09-28T21:55:18.637132+09:00,2026-09-28T21:55:18.680077+09:00,rail-left-01,rail-right-01,0.6.7-draft,0.6.7-draft,mqtt,mqtt,575.54,496.04,6.322,6.576,-0.255,-0.262,0.044,-0.306,10.277,9.959,-0.0669,0.0356,0.032,0.0556,-0.0088,-0.0052,25.94,26.15,16068,18735,2.009,2.342,6.026,7.026,345,345,35,35,0,0,0,0,,,,,,,,,,,,,,,,,0,0,0,0
2026-09-28T21:55:18.657132+09:00,125091864,41d8b32a,2026-09-28T21:55:18.657132+09:00,2026-09-28T21:55:18.700077+09:00,rail-left-01,rail-right-01,0.6.7-draft,0.6.7-draft,mqtt,mqtt,576.63,496.98,6.31,6.556,0.085,0.189,0.181,-0.025,10.508,9.662,-0.0642,0.0357,0.0373,0.0581,-0.0129,-0.0093,25.94,26.14,16039,18689,2.005,2.336,6.015,7.008,346,346,35,35,0,0,0,0,,,,,,,,,,,,,,,,,0,0,0,0
2026-09-28T21:55:18.676732+09:00,125111464,41d8b32a,2026-09-28T21:55:18.676732+09:00,2026-09-28T21:55:18.719677+09:00,rail-left-01,rail-right-01,0.6.7-draft,0.6.7-draft,mqtt,mqtt,577.73,497.93,6.294,6.551,-0.277,-0.134,0.028,-0.387,10.544,9.683,-0.065,0.0346,0.0352,0.0574,-0.0092,-0.0059,25.97,26.15,15999,18678,2,2.335,6,7.004,347,347,35,35,0,0,0,0,,,,,,,,,,,,,,,,,0,0,0,0
2026-09-28T21:55:18.696864+09:00,125131596,41d8b32a,2026-09-28T21:55:18.696864+09:00,2026-09-28T21:55:18.739809+09:00,rail-left-01,rail-right-01,0.6.7-draft,0.6.7-draft,mqtt,mqtt,578.82,498.87,6.275,6.537,0.075,0.051,0.098,-0.056,10.464,10.133,-0.0662,0.0356,0.0368,0.06,-0.0063,-0.0051,25.94,26.15,15950,18648,1.994,2.331,5.981,6.993,348,348,35,35,0,0,0,0,,,,,,,,,,,,,,,,,0,0,0,0
2026-09-28T21:55:18.716829+09:00,125151562,41d8b32a,2026-09-28T21:55:18.716829+09:00,2026-09-28T21:55:18.759775+09:00,rail-left-01,rail-right-01,0.6.7-draft,0.6.7-draft,mqtt,mqtt,579.96,499.82,6.253,6.544,-0.08,-0.122,0.034,-0.309,10.502,9.843,-0.062,0.0308,0.0405,0.0612,-0.0115,-0.0085,25.96,26.13,15896,18664,1.987,2.333,5.961,6.999,349,349,35,35,0,0,0,0,,,,,,,,,,,,,,,,,0,0,0,0
2026-09-28T21:55:18.736915+09:00,125171648,41d8b32a,2026-09-28T21:55:18.736915+09:00,2026-09-28T21:55:18.779861+09:00,rail-left-01,rail-right-01,0.6.7-draft,0.6.7-draft,mqtt,mqtt,581.06,500.76,6.224,6.552,0.04,0.05,0.156,-0.285,10.59,9.729,-0.0674,0.0316,0.0398,0.0594,-0.0073,-0.0067,25.94,26.14,15824,18681,1.978,2.335,5.934,7.005,350,350,35,35,0,0,0,0,,,,,,,,,,,,,,,,,0,0,0,0
2026-09-28T21:55:18.823896+09:00,125260450,41d8b32a,2026-09-28T21:55:18.823896+09:00,2026-09-28T21:55:18.903878+09:00,rail-left-01,rail-right-01,0.6.7-draft,0.6.7-draft,mqtt,mqtt,585.93,505.04,6.207,6.549,-0.148,-0.028,-0.145,-0.025,10.451,9.476,-0.0706,0.0321,0.0401,0.0549,-0.0064,-0.0076,25.93,26.11,15782,18675,1.973,2.334,5.918,7.003,351,351,36,36,0,0,0,0,,,,,,,,,,,,,,,,,0,0,0,0
2026-09-28T21:55:18.843946+09:00,125280500,41d8b32a,2026-09-28T21:55:18.843946+09:00,2026-09-28T21:55:18.923928+09:00,rail-left-01,rail-right-01,0.6.7-draft,0.6.7-draft,mqtt,mqtt,587.02,505.98,6.162,6.613,0.083,0.098,-0.19,-0.151,10.244,9.875,-0.0682,0.0314,0.0413,0.0622,-0.0093,-0.0116,25.92,26.13,15671,18815,1.959,2.352,5.877,7.056,352,352,36,36,0,0,0,0,,,,,,,,,,,,,,,,,0,0,0,0
2026-09-28T21:55:18.863947+09:00,125300501,41d8b32a,2026-09-28T21:55:18.863947+09:00,2026-09-28T21:55:18.943929+09:00,rail-left-01,rail-right-01,0.6.7-draft,0.6.7-draft,mqtt,mqtt,588.12,506.93,6.127,6.622,-0.085,-0.072,-0.036,-0.279,10.506,9.711,-0.0637,0.0354,0.0376,0.0544,-0.0084,0.0005,25.92,26.16,15584,18835,1.948,2.354,5.844,7.063,353,353,36,36,0,0,0,0,,,,,,,,,,,,,,,,,0,0,0,0
2026-09-28T21:55:18.884069+09:00,125320623,41d8b32a,2026-09-28T21:55:18.884069+09:00,2026-09-28T21:55:18.964051+09:00,rail-left-01,rail-right-01,0.6.7-draft,0.6.7-draft,mqtt,mqtt,589.26,507.87,6.102,6.625,-0.041,0.004,0.341,-0.254,10.301,9.517,-0.0636,0.0328,0.042,0.0606,-0.0113,-0.0033,25.98,26.13,15521,18842,1.94,2.355,5.82,7.066,354,354,36,36,0,0,0,0,,,,,,,,,,,,,,,,,0,0,0,0
2026-09-28T21:55:18.904090+09:00,125340644,41d8b32a,2026-09-28T21:55:18.904090+09:00,2026-09-28T21:55:18.984072+09:00,rail-left-01,rail-right-01,0.6.7-draft,0.6.7-draft,mqtt,mqtt,590.35,508.87,6.06,6.623,-0.19,-0.134,0.278,-0.177,10.562,9.756,-0.0636,0.0328,0.0429,0.0618,-0.0125,-0.0067,25.95,26.13,15415,18839,1.927,2.355,5.781,7.065,355,355,36,36,0,0,0,0,,,,,,,,,,,,,,,,,0,0,0,0
2026-09-28T21:55:18.924023+09:00,125360577,41d8b32a,2026-09-28T21:55:18.924023+09:00,2026-09-28T21:55:19.004005+09:00,rail-left-01,rail-right-01,0.6.7-draft,0.6.7-draft,mqtt,mqtt,591.45,509.81,6.029,6.636,0.073,0.127,0.177,-0.269,10.26,9.862,-0.0665,0.0345,0.0413,0.0561,-0.0076,-0.0039,25.93,26.14,15339,18868,1.917,2.359,5.752,7.076,356,356,36,36,0,0,0,0,,,,,,,,,,,,,,,,,0,0,0,0
2026-09-28T21:55:18.944051+09:00,125380605,41d8b32a,2026-09-28T21:55:18.944051+09:00,2026-09-28T21:55:19.024033+09:00,rail-left-01,rail-right-01,0.6.7-draft,0.6.7-draft,mqtt,mqtt,592.54,510.76,6.01,6.639,-0.193,-0.151,0.128,-0.275,10.435,9.694,-0.0657,0.0304,0.0393,0.0572,-0.0092,-0.0079,25.94,26.12,15292,18874,1.912,2.359,5.735,7.078,357,357,36,36,0,0,0,0,,,,,,,,,,,,,,,,,0,0,0,0
2026-09-28T21:55:18.963963+09:00,125400517,41d8b32a,2026-09-28T21:55:18.963963+09:00,2026-09-28T21:55:19.043945+09:00,rail-left-01,rail-right-01,0.6.7-draft,0.6.7-draft,mqtt,mqtt,593.64,511.7,5.991,6.637,0.095,0.103,0.05,-0.194,10.46,9.744,-0.0657,0.0372,0.0361,0.0556,-0.0061,-0.0072,25.93,26.14,15223,18869,1.903,2.359,5.709,7.076,358,358,36,36,0,0,0,0,,,,,,,,,,,,,,,,,0,0,0,0
2026-09-28T21:55:18.983925+09:00,125420479,41d8b32a,2026-09-28T21:55:18.983925+09:00,2026-09-28T21:55:19.063907+09:00,rail-left-01,rail-right-01,0.6.7-draft,0.6.7-draft,mqtt,mqtt,594.78,512.65,5.986,6.621,-0.09,-0.061,0.043,0.172,10.433,9.719,-0.0675,0.0306,0.0409,0.0609,-0.0112,-0.0128,25.94,26.15,15199,18834,1.9,2.354,5.7,7.063,359,359,36,36,0,0,0,0,,,,,,,,,,,,,,,,,0,0,0,0
2026-09-28T21:55:19.004142+09:00,125440696,41d8b32a,2026-09-28T21:55:19.004142+09:00,2026-09-28T21:55:19.084124+09:00,rail-left-01,rail-right-01,0.6.7-draft,0.6.7-draft,mqtt,mqtt,595.87,513.64,5.978,6.639,-0.089,-0.031,-0.153,-0.395,10.317,9.742,-0.0691,0.0252,0.0416,0.0613,-0.0096,-0.0052,25.97,26.14,15161,18873,1.895,2.359,5.685,7.077,360,360,36,36,0,0,0,0,,,,,,,,,,,,,,,,,0,0,0,0
2026-09-28T21:55:19.173342+09:00,125564451,41d8b32a,2026-09-28T21:55:19.173342+09:00,2026-09-28T21:55:19.251112+09:00,rail-left-01,rail-right-01,0.6.7-draft,0.6.7-draft,mqtt,mqtt,602.73,519.51,5.971,6.644,-0.062,-0.054,0.135,-0.412,10.392,9.699,-0.0703,0.03,0.0337,0.0536,-0.0095,-0.0044,25.97,26.15,15126,18884,1.891,2.361,5.672,7.082,361,361,37,37,0,0,0,0,,,,,,,,,,,,,,,,,0,0,0,0
2026-09-28T21:55:19.193489+09:00,125584598,41d8b32a,2026-09-28T21:55:19.193489+09:00,2026-09-28T21:55:19.271259+09:00,rail-left-01,rail-right-01,0.6.7-draft,0.6.7-draft,mqtt,mqtt,603.83,520.45,6.052,6.654,0.007,0.014,0.223,-0.262,10.399,9.556,-0.069,0.025,0.0366,0.0565,-0.0081,-0.008,25.94,26.14,15397,18907,1.925,2.363,5.774,7.09,362,362,37,37,0,0,0,0,,,,,,,,,,,,,,,,,0,0,0,0
2026-09-28T21:55:19.213472+09:00,125604581,41d8b32a,2026-09-28T21:55:19.213472+09:00,2026-09-28T21:55:19.291242+09:00,rail-left-01,rail-right-01,0.6.7-draft,0.6.7-draft,mqtt,mqtt,604.92,521.45,6.056,6.639,-0.159,-0.104,0.085,-0.286,10.532,9.615,-0.0645,0.0248,0.0338,0.05,-0.0073,-0.0064,25.94,26.17,15407,18873,1.926,2.359,5.778,7.077,363,363,37,37,0,0,0,0,,,,,,,,,,,,,,,,,0,0,0,0
2026-09-28T21:55:19.233413+09:00,125624522,41d8b32a,2026-09-28T21:55:19.233413+09:00,2026-09-28T21:55:19.311183+09:00,rail-left-01,rail-right-01,0.6.7-draft,0.6.7-draft,mqtt,mqtt,606.02,522.39,6.083,6.608,-0.057,-0.041,0.06,-0.274,10.475,9.639,-0.0681,0.0249,0.032,0.0489,-0.0101,-0.0061,25.93,26.13,15473,18804,1.934,2.351,5.802,7.052,364,364,37,37,0,0,0,0,,,,,,,,,,,,,,,,,0,0,0,0
2026-09-28T21:55:19.253454+09:00,125644562,41d8b32a,2026-09-28T21:55:19.253454+09:00,2026-09-28T21:55:19.331223+09:00,rail-left-01,rail-right-01,0.6.7-draft,0.6.7-draft,mqtt,mqtt,607.16,523.33,6.098,6.565,-0.018,-0.036,0.001,0.002,10.469,10.06,-0.0655,0.0265,0.0297,0.0514,-0.0092,-0.0109,25.94,26.11,15511,18709,1.939,2.339,5.817,7.016,365,365,37,37,0,0,0,0,,,,,,,,,,,,,,,,,0,0,0,0
2026-09-28T21:55:19.273423+09:00,125664532,41d8b32a,2026-09-28T21:55:19.273423+09:00,2026-09-28T21:55:19.351193+09:00,rail-left-01,rail-right-01,0.6.7-draft,0.6.7-draft,mqtt,mqtt,608.25,524.28,6.119,6.563,0.012,0.059,-0.067,-0.455,10.465,9.692,-0.0691,0.0316,0.0354,0.052,-0.0057,-0.0039,25.94,26.13,15564,18705,1.946,2.338,5.837,7.014,366,366,37,37,0,0,0,0,,,,,,,,,,,,,,,,,0,0,0,0
2026-09-28T21:55:19.293453+09:00,125684561,41d8b32a,2026-09-28T21:55:19.293453+09:00,2026-09-28T21:55:19.371222+09:00,rail-left-01,rail-right-01,0.6.7-draft,0.6.7-draft,mqtt,mqtt,609.35,525.22,6.144,6.566,-0.117,-0.096,0.065,-0.383,10.414,9.473,-0.0695,0.0286,0.0389,0.057,-0.0067,-0.0093,25.95,26.12,15624,18712,1.953,2.339,5.859,7.017,367,367,37,37,0,0,0,0,,,,,,,,,,,,,,,,,0,0,0,0
2026-09-28T21:55:19.313456+09:00,125704565,41d8b32a,2026-09-28T21:55:19.313456+09:00,2026-09-28T21:55:19.391226+09:00,rail-left-01,rail-right-01,0.6.7-draft,0.6.7-draft,mqtt,mqtt,610.44,526.22,6.164,6.561,0.038,0.078,0.067,0.054,10.386,9.698,-0.0638,0.0322,0.0364,0.0549,-0.0083,-0.0041,25.95,26.13,15676,18700,1.96,2.338,5.878,7.013,368,368,37,37,0,0,0,0,,,,,,,,,,,,,,,,,0,0,0,0
2026-09-28T21:55:19.333411+09:00,125724519,41d8b32a,2026-09-28T21:55:19.333411+09:00,2026-09-28T21:55:19.411180+09:00,rail-left-01,rail-right-01,0.6.7-draft,0.6.7-draft,mqtt,mqtt,611.53,527.16,6.165,6.562,-0.08,-0.074,-0.124,-0.293,10.529,9.693,-0.0697,0.028,0.0372,0.0525,-0.0099,-0.0041,25.94,26.13,15677,18703,1.96,2.338,5.879,7.014,369,369,37,37,0,0,0,0,,,,,,,,,,,,,,,,,0,0,0,0
2026-09-28T21:55:19.353446+09:00,125744555,41d8b32a,2026-09-28T21:55:19.353446+09:00,2026-09-28T21:55:19.431216+09:00,rail-left-01,rail-right-01,0.6.7-draft,0.6.7-draft,mqtt,mqtt,612.68,528.11,6.169,6.542,-0.012,0.065,0.04,-0.092,10.376,9.697,-0.0662,0.0254,0.0324,0.0548,-0.008,-0.0061,25.93,26.14,15688,18659,1.961,2.332,5.883,6.997,370,370,37,37,0,0,0,0,,,,,,,,,,,,,,,,,0,0,0,0
2026-09-28T21:55:19.523505+09:00,125911447,41d8b32a,2026-09-28T21:55:19.523505+09:00,2026-09-28T21:55:19.560983+09:00,rail-left-01,rail-right-01,0.6.7-draft,0.6.7-draft,mqtt,mqtt,621.88,536.06,6.164,6.529,-0.123,-0.127,-0.152,-0.312,10.272,9.758,-0.0638,0.0308,0.0342,0.0536,-0.0076,-0.0085,25.94,26.13,15674,18630,1.959,2.329,5.878,6.986,371,371,38,38,0,0,0,0,,,,,,,,,,,,,,,,,0,0,0,0
2026-09-28T21:55:19.543647+09:00,125931589,41d8b32a,2026-09-28T21:55:19.543647+09:00,2026-09-28T21:55:19.581125+09:00,rail-left-01,rail-right-01,0.6.7-draft,0.6.7-draft,mqtt,mqtt,622.97,537.06,6.25,6.542,-0.034,0.016,0.085,-0.122,10.44,9.677,-0.0642,0.0293,0.0408,0.0601,-0.0087,-0.0095,25.94,26.15,15888,18659,1.986,2.332,5.958,6.997,372,372,38,38,0,0,0,0,,,,,,,,,,,,,,,,,0,0,0,0
2026-09-28T21:55:19.563583+09:00,125951525,41d8b32a,2026-09-28T21:55:19.563583+09:00,2026-09-28T21:55:19.601061+09:00,rail-left-01,rail-right-01,0.6.7-draft,0.6.7-draft,mqtt,mqtt,624.06,538,6.245,6.549,0.004,0.092,-0.129,-0.341,10.503,9.767,-0.0641,0.03,0.0338,0.0541,-0.0003,-0.0037,25.96,26.14,15876,18674,1.985,2.334,5.954,7.003,373,373,38,38,0,0,0,0,,,,,,,,,,,,,,,,,0,0,0,0
2026-09-28T21:55:19.583552+09:00,125971494,41d8b32a,2026-09-28T21:55:19.583552+09:00,2026-09-28T21:55:19.621030+09:00,rail-left-01,rail-right-01,0.6.7-draft,0.6.7-draft,mqtt,mqtt,625.16,538.95,6.263,6.544,-0.233,-0.169,-0.024,-0.305,10.43,9.53,-0.0655,0.0336,0.0384,0.0554,-0.0055,-0.0076,25.94,26.12,15921,18662,1.99,2.333,5.97,6.998,374,374,38,38,0,0,0,0,,,,,,,,,,,,,,,,,0,0,0,0
2026-09-28T21:55:19.603639+09:00,125991581,41d8b32a,2026-09-28T21:55:19.603639+09:00,2026-09-28T21:55:19.641117+09:00,rail-left-01,rail-right-01,0.6.7-draft,0.6.7-draft,mqtt,mqtt,626.3,539.89,6.259,6.531,0.075,0.035,0.259,0.187,10.471,9.929,-0.0629,0.029,0.0424,0.0632,-0.0093,-0.0111,25.92,26.13,15912,18635,1.989,2.329,5.967,6.988,375,375,38,38,0,0,0,0,,,,,,,,,,,,,,,,,0,0,0,0
2026-09-28T21:55:19.623691+09:00,126011633,41d8b32a,2026-09-28T21:55:19.623691+09:00,2026-09-28T21:55:19.661169+09:00,rail-left-01,rail-right-01,0.6.7-draft,0.6.7-draft,mqtt,mqtt,627.39,540.89,6.24,6.555,-0.182,-0.162,0.154,-0.235,10.503,9.68,-0.0653,0.0292,0.0394,0.0558,-0.0077,-0.0077,25.94,26.12,15863,18688,1.983,2.336,5.949,7.008,376,376,38,38,0,0,0,0,,,,,,,,,,,,,,,,,0,0,0,0
2026-09-28T21:55:19.643646+09:00,126031588,41d8b32a,2026-09-28T21:55:19.643646+09:00,2026-09-28T21:55:19.681124+09:00,rail-left-01,rail-right-01,0.6.7-draft,0.6.7-draft,mqtt,mqtt,628.49,541.83,6.242,6.56,0.012,0.108,0.032,-0.304,10.482,9.71,-0.0654,0.027,0.0368,0.0576,-0.0076,-0.0075,25.92,26.1,15870,18699,1.984,2.337,5.951,7.012,377,377,38,38,0,0,0,0,,,,,,,,,,,,,,,,,0,0,0,0
2026-09-28T21:55:19.663641+09:00,126051583,41d8b32a,2026-09-28T21:55:19.663641+09:00,2026-09-28T21:55:19.701119+09:00,rail-left-01,rail-right-01,0.6.7-draft,0.6.7-draft,mqtt,mqtt,629.58,542.77,6.219,6.571,-0.157,-0.019,0.119,-0.391,10.598,9.534,-0.0667,0.0316,0.043,0.0621,-0.0089,-0.0089,25.93,26.11,15812,18722,1.977,2.34,5.93,7.021,378,378,38,38,0,0,0,0,,,,,,,,,,,,,,,,,0,0,0,0
2026-09-28T21:55:19.683580+09:00,126071522,41d8b32a,2026-09-28T21:55:19.683580+09:00,2026-09-28T21:55:19.721058+09:00,rail-left-01,rail-right-01,0.6.7-draft,0.6.7-draft,mqtt,mqtt,630.68,543.72,6.195,6.589,-0.074,-0.099,0.107,-0.237,10.442,9.719,-0.0645,0.0325,0.0393,0.0586,-0.0069,-0.0087,25.94,26.13,15751,18763,1.969,2.345,5.907,7.036,379,379,38,38,0,0,0,0,,,,,,,,,,,,,,,,,0,0,0,0
2026-09-28T21:55:19.703964+09:00,126091906,41d8b32a,2026-09-28T21:55:19.703964+09:00,2026-09-28T21:55:19.741442+09:00,rail-left-01,rail-right-01,0.6.7-draft,0.6.7-draft,mqtt,mqtt,631.82,544.71,6.182,6.58,0.061,0.038,0.083,-0.037,10.549,10.053,-0.0663,0.0294,0.0324,0.0568,-0.0089,-0.0115,25.94,26.13,15720,18743,1.965,2.343,5.895,7.029,380,380,38,38,0,0,0,0,,,,,,,,,,,,,,,,,0,0,0,0
2026-09-28T21:55:19.797425+09:00,126222446,41d8b32a,2026-09-28T21:55:19.797425+09:00,2026-09-28T21:55:19.844676+09:00,rail-left-01,rail-right-01,0.6.7-draft,0.6.7-draft,mqtt,mqtt,639.03,550.93,6.187,6.585,-0.236,-0.199,-0.054,-0.506,10.458,9.71,-0.0641,0.0298,0.0404,0.0577,-0.0091,-0.0049,25.95,26.14,15733,18754,1.967,2.344,5.9,7.033,381,381,39,39,0,0,0,0,,,,,,,,,,,,,,,,,0,0,0,0
2026-09-28T21:55:19.817545+09:00,126242566,41d8b32a,2026-09-28T21:55:19.817545+09:00,2026-09-28T21:55:19.864796+09:00,rail-left-01,rail-right-01,0.6.7-draft,0.6.7-draft,mqtt,mqtt,640.12,551.87,6.348,6.623,0.005,0.006,-0.03,-0.199,10.223,9.825,-0.0642,0.032,0.0392,0.0573,-0.0077,-0.0053,25.92,26.11,16132,18839,2.016,2.355,6.049,7.065,382,382,39,39,0,0,0,0,,,,,,,,,,,,,,,,,0,0,0,0
2026-09-28T21:55:19.837465+09:00,126262486,41d8b32a,2026-09-28T21:55:19.837465+09:00,2026-09-28T21:55:19.884716+09:00,rail-left-01,rail-right-01,0.6.7-draft,0.6.7-draft,mqtt,mqtt,641.22,552.82,6.358,6.639,0.014,0.053,0.091,0.029,10.384,9.661,-0.0665,0.0324,0.0388,0.0576,-0.006,-0.0076,25.93,26.15,16157,18873,2.02,2.359,6.059,7.077,383,383,39,39,0,0,0,0,,,,,,,,,,,,,,,,,0,0,0,0
2026-09-28T21:55:19.857588+09:00,126282610,41d8b32a,2026-09-28T21:55:19.857588+09:00,2026-09-28T21:55:19.904839+09:00,rail-left-01,rail-right-01,0.6.7-draft,0.6.7-draft,mqtt,mqtt,642.31,553.81,6.372,6.648,-0.14,-0.107,0.006,-0.351,10.441,9.758,-0.0662,0.0321,0.0376,0.0562,-0.006,-0.0021,25.93,26.14,16193,18894,2.024,2.362,6.072,7.085,384,384,39,39,0,0,0,0,,,,,,,,,,,,,,,,,0,0,0,0
2026-09-28T21:55:19.878135+09:00,126303156,41d8b32a,2026-09-28T21:55:19.878135+09:00,2026-09-28T21:55:19.925386+09:00,rail-left-01,rail-right-01,0.6.7-draft,0.6.7-draft,mqtt,mqtt,643.45,554.76,6.373,6.657,-0.043,0.025,-0.037,-0.336,10.441,9.639,-0.0634,0.0332,0.0412,0.055,-0.008,-0.0011,25.93,26.13,16195,18914,2.024,2.364,6.073,7.093,385,385,39,39,0,0,0,0,,,,,,,,,,,,,,,,,0,0,0,0
2026-09-28T21:55:19.898137+09:00,126323158,41d8b32a,2026-09-28T21:55:19.898137+09:00,2026-09-28T21:55:19.945388+09:00,rail-left-01,rail-right-01,0.6.7-draft,0.6.7-draft,mqtt,mqtt,644.55,555.75,6.382,6.662,-0.136,-0.098,0.139,-0.232,10.282,9.705,-0.0645,0.0298,0.0377,0.0552,-0.01,-0.006,25.93,26.12,16218,18925,2.027,2.366,6.082,7.097,386,386,39,39,0,0,0,0,,,,,,,,,,,,,,,,,0,0,0,0
2026-09-28T21:55:19.917515+09:00,126342536,41d8b32a,2026-09-28T21:55:19.917515+09:00,2026-09-28T21:55:19.964765+09:00,rail-left-01,rail-right-01,0.6.7-draft,0.6.7-draft,mqtt,mqtt,645.64,556.65,6.382,6.661,-0.156,-0.2,0.35,-0.247,10.533,9.835,-0.0662,0.0308,0.0393,0.056,-0.0115,-0.0057,25.93,26.14,16217,18923,2.027,2.365,6.081,7.096,387,387,39,39,0,0,0,0,,,,,,,,,,,,,,,,,0,0,0,0
2026-09-28T21:55:19.937464+09:00,126362485,41d8b32a,2026-09-28T21:55:19.937464+09:00,2026-09-28T21:55:19.984715+09:00,rail-left-01,rail-right-01,0.6.7-draft,0.6.7-draft,mqtt,mqtt,646.74,557.59,6.39,6.662,0.038,0.099,0.065,-0.215,10.391,9.675,-0.0633,0.0298,0.0378,0.0564,-0.0133,-0.0085,25.96,26.13,16238,18924,2.03,2.366,6.089,7.097,388,388,39,39,0,0,0,0,,,,,,,,,,,,,,,,,0,0,0,0
2026-09-28T21:55:19.957573+09:00,126382594,41d8b32a,2026-09-28T21:55:19.957573+09:00,2026-09-28T21:55:20.004824+09:00,rail-left-01,rail-right-01,0.6.7-draft,0.6.7-draft,mqtt,mqtt,647.83,558.58,6.4,6.679,-0.113,-0.107,-0.022,-0.312,10.338,9.567,-0.0638,0.0316,0.0412,0.0578,-0.01,-0.0041,25.92,26.12,16263,18962,2.033,2.37,6.099,7.111,389,389,39,39,0,0,0,0,,,,,,,,,,,,,,,,,0,0,0,0
2026-09-28T21:55:19.977584+09:00,126402605,41d8b32a,2026-09-28T21:55:19.977584+09:00,2026-09-28T21:55:20.024835+09:00,rail-left-01,rail-right-01,0.6.7-draft,0.6.7-draft,mqtt,mqtt,648.92,559.53,6.407,6.682,-0.026,0.092,-0.051,-0.237,10.399,9.61,-0.0663,0.0341,0.0418,0.0561,-0.0112,-0.0076,25.94,26.14,16281,18969,2.035,2.371,6.105,7.113,390,390,39,39,0,0,0,0,,,,,,,,,,,,,,,,,0,0,0,0
2026-09-28T21:55:20.070075+09:00,126505467,41d8b32a,2026-09-28T21:55:20.070075+09:00,2026-09-28T21:55:20.158724+09:00,rail-left-01,rail-right-01,0.6.7-draft,0.6.7-draft,mqtt,mqtt,654.64,564.45,6.402,6.69,-0.14,-0.101,-0.215,-0.281,10.282,9.711,-0.0694,0.0372,0.039,0.058,-0.0048,-0.002,25.92,26.14,16267,18987,2.033,2.373,6.1,7.12,391,391,40,40,0,0,0,0,,,,,,,,,,,,,,,,,0,0,0,0
2026-09-28T21:55:20.090248+09:00,126525640,41d8b32a,2026-09-28T21:55:20.090248+09:00,2026-09-28T21:55:20.178897+09:00,rail-left-01,rail-right-01,0.6.7-draft,0.6.7-draft,mqtt,mqtt,655.73,565.4,6.409,6.698,0.032,0.002,0.163,-0.303,10.774,9.729,-0.0678,0.0342,0.0404,0.0557,-0.0071,-0.0067,25.94,26.11,16286,19005,2.036,2.376,6.107,7.127,392,392,40,40,0,0,0,0,,,,,,,,,,,,,,,,,0,0,0,0
2026-09-28T21:55:20.110187+09:00,126545579,41d8b32a,2026-09-28T21:55:20.110187+09:00,2026-09-28T21:55:20.198836+09:00,rail-left-01,rail-right-01,0.6.7-draft,0.6.7-draft,mqtt,mqtt,656.83,566.34,6.414,6.702,-0.062,-0.141,0.157,-0.217,10.459,9.687,-0.0665,0.031,0.0356,0.0564,-0.0076,-0.0112,25.93,26.11,16297,19014,2.037,2.377,6.111,7.13,393,393,40,40,0,0,0,0,,,,,,,,,,,,,,,,,0,0,0,0
2026-09-28T21:55:20.130181+09:00,126565573,41d8b32a,2026-09-28T21:55:20.130181+09:00,2026-09-28T21:55:20.218830+09:00,rail-left-01,rail-right-01,0.6.7-draft,0.6.7-draft,mqtt,mqtt,657.92,567.34,6.414,6.702,-0.002,0.011,0.219,-0.182,10.529,9.674,-0.0662,0.035,0.0413,0.0572,-0.0036,-0.0013,25.93,26.12,16298,19013,2.037,2.377,6.112,7.13,394,394,40,40,0,0,0,0,,,,,,,,,,,,,,,,,0,0,0,0
2026-09-28T21:55:20.150592+09:00,126585984,41d8b32a,2026-09-28T21:55:20.150592+09:00,2026-09-28T21:55:20.239241+09:00,rail-left-01,rail-right-01,0.6.7-draft,0.6.7-draft,mqtt,mqtt,659.07,568.28,6.399,6.706,-0.17,-0.158,0.215,-0.425,10.405,9.662,-0.0662,0.0336,0.0382,0.0569,-0.0109,-0.0077,25.93,26.12,16260,19023,2.033,2.378,6.097,7.134,395,395,40,40,0,0,0,0,,,,,,,,,,,,,,,,,0,0,0,0
2026-09-28T21:55:20.170752+09:00,126606144,41d8b32a,2026-09-28T21:55:20.170752+09:00,2026-09-28T21:55:20.259401+09:00,rail-left-01,rail-right-01,0.6.7-draft,0.6.7-draft,mqtt,mqtt,660.21,569.27,6.395,6.707,0.066,0.128,0.038,-0.176,10.476,9.616,-0.0649,0.0364,0.0368,0.0529,-0.0071,-0.0052,25.95,26.13,16251,19024,2.031,2.378,6.094,7.134,396,396,40,40,0,0,0,0,,,,,,,,,,,,,,,,,0,0,0,0
2026-09-28T21:55:20.190214+09:00,126625606,41d8b32a,2026-09-28T21:55:20.190214+09:00,2026-09-28T21:55:20.278863+09:00,rail-left-01,rail-right-01,0.6.7-draft,0.6.7-draft,mqtt,mqtt,661.25,570.17,6.385,6.701,-0.237,-0.26,0.265,-0.485,10.576,9.755,-0.0646,0.037,0.0428,0.0557,-0.0072,-0.0083,25.93,26.14,16226,19012,2.028,2.377,6.085,7.13,397,397,40,40,0,0,0,0,,,,,,,,,,,,,,,,,0,0,0,0
2026-09-28T21:55:20.210158+09:00,126645550,41d8b32a,2026-09-28T21:55:20.210158+09:00,2026-09-28T21:55:20.298807+09:00,rail-left-01,rail-right-01,0.6.7-draft,0.6.7-draft,mqtt,mqtt,662.4,571.11,6.353,6.688,0.086,0.081,0.049,-0.048,10.807,9.886,-0.0655,0.0328,0.0418,0.0545,-0.0072,-0.0105,25.92,26.13,16145,18982,2.018,2.373,6.054,7.118,398,398,40,40,0,0,0,0,,,,,,,,,,,,,,,,,0,0,0,0
2026-09-28T21:55:20.230103+09:00,126665495,41d8b32a,2026-09-28T21:55:20.230103+09:00,2026-09-28T21:55:20.318752+09:00,rail-left-01,rail-right-01,0.6.7-draft,0.6.7-draft,mqtt,mqtt,663.49,572.11,6.349,6.707,-0.12,-0.078,-0.038,-0.172,10.416,9.665,-0.0685,0.0325,0.0452,0.0557,-0.002,-0.0016,25.94,26.12,16136,19024,2.017,2.378,6.051,7.134,399,399,40,40,0,0,0,0,,,,,,,,,,,,,,,,,0,0,0,0
2026-09-28T21:55:20.250135+09:00,126685527,41d8b32a,2026-09-28T21:55:20.250135+09:00,2026-09-28T21:55:20.338784+09:00,rail-left-01,rail-right-01,0.6.7-draft,0.6.7-draft,mqtt,mqtt,664.58,573.05,6.335,6.722,-0.054,0.16,0.178,-0.142,10.484,9.937,-0.0652,0.0293,0.0396,0.057,-0.0036,-0.0008,25.94,26.13,16100,19057,2.013,2.382,6.038,7.146,400,400,40,40,0,0,0,0,,,,,,,,,,,,,,,,,0,0,0,0
2026-09-28T21:55:20.388418+09:00,126819452,41d8b32a,2026-09-28T21:55:20.388418+09:00,2026-09-28T21:55:20.474216+09:00,rail-left-01,rail-right-01,0.6.7-draft,0.6.7-draft,mqtt,mqtt,672.04,579.42,6.324,6.745,-0.14,-0.156,0.081,-0.56,10.246,9.761,-0.0745,0.0292,0.0408,0.0565,0.0001,-0.0073,25.92,26.13,16073,19108,2.009,2.389,6.027,7.166,401,401,41,41,0,0,0,0,,,,,,,,,,,,,,,,,0,0,0,0
2026-09-28T21:55:20.408587+09:00,126839620,41d8b32a,2026-09-28T21:55:20.408587+09:00,2026-09-28T21:55:20.494384+09:00,rail-left-01,rail-right-01,0.6.7-draft,0.6.7-draft,mqtt,mqtt,673.14,580.36,6.317,7.084,0.036,0.086,-0.284,0.211,10.629,9.845,-0.0701,0.0321,0.0376,0.0522,-0.0033,-0.0084,25.94,26.12,16055,19862,2.007,2.483,6.021,7.448,402,402,41,41,0,0,0,0,,,,,,,,,,,,,,,,,0,0,0,0
2026-09-28T21:55:20.428524+09:00,126859557,41d8b32a,2026-09-28T21:55:20.428524+09:00,2026-09-28T21:55:20.514321+09:00,rail-left-01,rail-right-01,0.6.7-draft,0.6.7-draft,mqtt,mqtt,674.23,581.31,6.333,7.094,-0.163,-0.23,0.187,-0.22,10.52,9.772,-0.0698,0.0336,0.0412,0.0534,-0.0053,-0.0039,25.95,26.13,16096,19883,2.012,2.485,6.036,7.456,403,403,41,41,0,0,0,0,,,,,,,,,,,,,,,,,0,0,0,0
2026-09-28T21:55:20.448504+09:00,126879537,41d8b32a,2026-09-28T21:55:20.448504+09:00,2026-09-28T21:55:20.534301+09:00,rail-left-01,rail-right-01,0.6.7-draft,0.6.7-draft,mqtt,mqtt,675.32,582.25,6.36,7.1,-0.047,0.132,0.158,-0.453,10.581,9.562,-0.0738,0.032,0.0365,0.0454,0.0019,-0.0093,25.95,26.13,16163,19896,2.02,2.487,6.061,7.461,404,404,41,41,0,0,0,0,,,,,,,,,,,,,,,,,0,0,0,0
2026-09-28T21:55:20.468573+09:00,126899607,41d8b32a,2026-09-28T21:55:20.468573+09:00,2026-09-28T21:55:20.554371+09:00,rail-left-01,rail-right-01,0.6.7-draft,0.6.7-draft,mqtt,mqtt,676.47,583.2,6.403,7.094,-0.171,-0.172,0.436,-0.18,10.297,9.743,-0.0703,0.0328,0.0368,0.0536,0.0036,0.0017,25.95,26.12,16270,19884,2.034,2.486,6.101,7.457,405,405,41,41,0,0,0,0,,,,,,,,,,,,,,,,,0,0,0,0
2026-09-28T21:55:20.488781+09:00,126919814,41d8b32a,2026-09-28T21:55:20.488781+09:00,2026-09-28T21:55:20.574578+09:00,rail-left-01,rail-right-01,0.6.7-draft,0.6.7-draft,mqtt,mqtt,677.56,584.14,6.429,7.102,0.139,0.199,0.041,-0.381,10.369,9.608,-0.0658,0.0293,0.0348,0.055,-0.0049,-0.0071,25.95,26.13,16335,19901,2.042,2.488,6.126,7.463,406,406,41,41,0,0,0,0,,,,,,,,,,,,,,,,,0,0,0,0
2026-09-28T21:55:20.508581+09:00,126939615,41d8b32a,2026-09-28T21:55:20.508581+09:00,2026-09-28T21:55:20.594379+09:00,rail-left-01,rail-right-01,0.6.7-draft,0.6.7-draft,mqtt,mqtt,678.65,585.08,6.441,7.098,-0.175,-0.208,-0.043,-0.233,10.449,9.938,-0.0662,0.0332,0.0348,0.0526,-0.006,-0.0024,25.93,26.1,16364,19892,2.046,2.487,6.137,7.46,407,407,41,41,0,0,0,0,,,,,,,,,,,,,,,,,0,0,0,0
2026-09-28T21:55:20.528527+09:00,126959561,41d8b32a,2026-09-28T21:55:20.528527+09:00,2026-09-28T21:55:20.614325+09:00,rail-left-01,rail-right-01,0.6.7-draft,0.6.7-draft,mqtt,mqtt,679.75,586.03,6.442,7.089,0.024,0.006,0.158,-0.193,10.54,9.675,-0.0667,0.0288,0.0434,0.0538,-0.0033,-0.0071,25.95,26.12,16367,19872,2.046,2.484,6.138,7.452,408,408,41,41,0,0,0,0,,,,,,,,,,,,,,,,,0,0,0,0
2026-09-28T21:55:20.548497+09:00,126979531,41d8b32a,2026-09-28T21:55:20.548497+09:00,2026-09-28T21:55:20.634295+09:00,rail-left-01,rail-right-01,0.6.7-draft,0.6.7-draft,mqtt,mqtt,680.84,586.97,6.433,7.084,-0.17,-0.144,-0.114,-0.364,10.479,9.603,-0.069,0.0314,0.0404,0.0506,-0.0036,-0.0031,25.96,26.13,16345,19860,2.043,2.483,6.129,7.448,409,409,41,41,0,0,0,0,,,,,,,,,,,,,,,,,0,0,0,0
2026-09-28T21:55:20.568568+09:00,126999601,41d8b32a,2026-09-28T21:55:20.568568+09:00,2026-09-28T21:55:20.654365+09:00,rail-left-01,rail-right-01,0.6.7-draft,0.6.7-draft,mqtt,mqtt,681.94,587.92,6.445,7.067,-0.022,0.019,0.077,-0.342,10.368,9.729,-0.0673,0.0326,0.0376,0.0522,-0.0056,-0.0051,25.93,26.11,16375,19824,2.047,2.478,6.141,7.434,410,410,41,41,0,0,0,0,,,,,,,,,,,,,,,,,0,0,0,0
2026-09-28T21:55:20.739463+09:00,127134564,41d8b32a,2026-09-28T21:55:20.739463+09:00,2026-09-28T21:55:20.825596+09:00,rail-left-01,rail-right-01,0.6.7-draft,0.6.7-draft,mqtt,mqtt,689.39,594.38,6.445,7.055,0.019,0.023,-0.105,-0.144,10.373,9.787,-0.065,0.0302,0.0362,0.0581,-0.0115,-0.0071,25.94,26.13,16374,19796,2.047,2.475,6.14,7.424,411,411,42,42,0,0,0,0,,,,,,,,,,,,,,,,,0,0,0,0
2026-09-28T21:55:20.759576+09:00,127154677,41d8b32a,2026-09-28T21:55:20.759576+09:00,2026-09-28T21:55:20.845709+09:00,rail-left-01,rail-right-01,0.6.7-draft,0.6.7-draft,mqtt,mqtt,690.49,595.33,6.379,6.936,-0.063,-0.085,-0.035,-0.211,10.311,9.614,-0.0662,0.0276,0.0345,0.0601,-0.0092,-0.0073,25.93,26.09,16209,19533,2.026,2.442,6.078,7.325,412,412,42,42,0,0,0,0,,,,,,,,,,,,,,,,,0,0,0,0
2026-09-28T21:55:20.779494+09:00,127174596,41d8b32a,2026-09-28T21:55:20.779494+09:00,2026-09-28T21:55:20.865628+09:00,rail-left-01,rail-right-01,0.6.7-draft,0.6.7-draft,mqtt,mqtt,691.58,596.27,6.381,6.924,-0.09,-0.014,-0.043,-0.194,10.317,9.673,-0.0612,0.0362,0.0406,0.0538,-0.0123,-0.004,25.92,26.1,16214,19506,2.027,2.438,6.08,7.315,413,413,42,42,0,0,0,0,,,,,,,,,,,,,,,,,0,0,0,0
2026-09-28T21:55:20.799635+09:00,127194736,41d8b32a,2026-09-28T21:55:20.799635+09:00,2026-09-28T21:55:20.885768+09:00,rail-left-01,rail-right-01,0.6.7-draft,0.6.7-draft,mqtt,mqtt,692.67,597.27,6.371,6.923,-0.117,-0.068,0.013,-0.275,10.343,9.717,-0.0685,0.031,0.0384,0.0537,-0.0039,-0.0037,25.92,26.1,16189,19504,2.024,2.438,6.071,7.314,414,414,42,42,0,0,0,0,,,,,,,,,,,,,,,,,0,0,0,0
2026-09-28T21:55:20.819533+09:00,127214634,41d8b32a,2026-09-28T21:55:20.819533+09:00,2026-09-28T21:55:20.905666+09:00,rail-left-01,rail-right-01,0.6.7-draft,0.6.7-draft,mqtt,mqtt,693.82,598.21,6.38,6.917,0.025,0.08,0.163,-0.122,10.326,9.841,-0.0648,0.0302,0.0361,0.056,-0.0081,-0.0071,25.93,26.13,16213,19491,2.027,2.436,6.08,7.309,415,415,42,42,0,0,0,0,,,,,,,,,,,,,,,,,0,0,0,0
2026-09-28T21:55:20.839659+09:00,127234760,41d8b32a,2026-09-28T21:55:20.839659+09:00,2026-09-28T21:55:20.925793+09:00,rail-left-01,rail-right-01,0.6.7-draft,0.6.7-draft,mqtt,mqtt,694.91,599.15,6.365,6.916,-0.168,-0.162,0.117,-0.347,10.485,9.485,-0.0666,0.0305,0.0414,0.0584,-0.0071,-0.0035,25.93,26.11,16175,19489,2.022,2.436,6.066,7.308,416,416,42,42,0,0,0,0,,,,,,,,,,,,,,,,,0,0,0,0
2026-09-28T21:55:20.859587+09:00,127254688,41d8b32a,2026-09-28T21:55:20.859587+09:00,2026-09-28T21:55:20.945720+09:00,rail-left-01,rail-right-01,0.6.7-draft,0.6.7-draft,mqtt,mqtt,696.01,600.15,6.342,6.913,0.109,0.135,-0.045,-0.256,10.226,9.712,-0.0699,0.0273,0.0418,0.0616,-0.0057,-0.0079,25.94,26.13,16118,19481,2.015,2.435,6.044,7.305,417,417,42,42,0,0,0,0,,,,,,,,,,,,,,,,,0,0,0,0
2026-09-28T21:55:20.879530+09:00,127274631,41d8b32a,2026-09-28T21:55:20.879530+09:00,2026-09-28T21:55:20.965664+09:00,rail-left-01,rail-right-01,0.6.7-draft,0.6.7-draft,mqtt,mqtt,697.1,601.09,6.299,6.91,-0.293,-0.257,0.42,-0.235,10.348,9.817,-0.0685,0.0337,0.042,0.0645,-0.0049,0.0009,25.94,26.11,16012,19475,2.002,2.434,6.005,7.303,418,418,42,42,0,0,0,0,,,,,,,,,,,,,,,,,0,0,0,0
2026-09-28T21:55:20.899634+09:00,127294735,41d8b32a,2026-09-28T21:55:20.899634+09:00,2026-09-28T21:55:20.985767+09:00,rail-left-01,rail-right-01,0.6.7-draft,0.6.7-draft,mqtt,mqtt,698.19,602.04,6.305,6.908,0.116,0.122,-0.315,-0.153,10.742,9.841,-0.059,0.0326,0.0252,0.0501,-0.012,-0.004,25.93,26.12,16027,19470,2.003,2.434,6.01,7.301,419,419,42,42,0,0,0,0,,,,,,,,,,,,,,,,,0,0,0,0
2026-09-28T21:55:20.920241+09:00,127315342,41d8b32a,2026-09-28T21:55:20.920241+09:00,2026-09-28T21:55:21.006374+09:00,rail-left-01,rail-right-01,0.6.7-draft,0.6.7-draft,mqtt,mqtt,699.34,603.03,6.344,6.911,-0.193,-0.184,0.145,-0.554,10.393,9.543,-0.0613,0.032,0.0382,0.056,-0.0085,-0.0053,25.93,26.11,16124,19477,2.016,2.435,6.047,7.304,420,420,42,42,0,0,0,0,,,,,,,,,,,,,,,,,0,0,0,0
2026-09-28T21:55:21.061355+09:00,127489412,41d8b32a,2026-09-28T21:55:21.061355+09:00,2026-09-28T21:55:21.137828+09:00,rail-left-01,rail-right-01,0.6.7-draft,0.6.7-draft,mqtt,mqtt,708.93,611.39,6.352,6.91,-0.103,-0.128,0.172,-0.272,10.26,9.761,-0.0612,0.0325,0.0353,0.0561,-0.0109,-0.0005,25.93,26.11,16142,19476,2.018,2.435,6.053,7.304,421,421,43,43,0,0,0,0,,,,,,,,,,,,,,,,,0,0,0,0
2026-09-28T21:55:21.081468+09:00,127509525,41d8b32a,2026-09-28T21:55:21.081468+09:00,2026-09-28T21:55:21.157941+09:00,rail-left-01,rail-right-01,0.6.7-draft,0.6.7-draft,mqtt,mqtt,710.03,612.33,6.276,6.883,-0.068,-0.04,-0.053,-0.219,10.631,9.693,-0.0641,0.0278,0.0396,0.0594,-0.0133,-0.0071,25.94,26.1,15954,19414,1.994,2.427,5.983,7.28,422,422,43,43,0,0,0,0,,,,,,,,,,,,,,,,,0,0,0,0
2026-09-28T21:55:21.101499+09:00,127529556,41d8b32a,2026-09-28T21:55:21.101499+09:00,2026-09-28T21:55:21.177972+09:00,rail-left-01,rail-right-01,0.6.7-draft,0.6.7-draft,mqtt,mqtt,711.12,613.27,6.264,6.874,-0.19,-0.152,0.148,-0.33,10.576,9.857,-0.0679,0.0354,0.0384,0.0509,-0.0035,-0.0005,25.95,26.1,15924,19396,1.991,2.425,5.972,7.274,423,423,43,43,0,0,0,0,,,,,,,,,,,,,,,,,0,0,0,0
2026-09-28T21:55:21.121449+09:00,127549507,41d8b32a,2026-09-28T21:55:21.121449+09:00,2026-09-28T21:55:21.197923+09:00,rail-left-01,rail-right-01,0.6.7-draft,0.6.7-draft,mqtt,mqtt,712.21,614.22,6.265,6.878,0.04,-0.017,0.293,-0.287,10.438,9.597,-0.0657,0.0285,0.0409,0.0557,-0.0059,-0.0077,25.93,26.13,15927,19405,1.991,2.426,5.973,7.277,424,424,43,43,0,0,0,0,,,,,,,,,,,,,,,,,0,0,0,0
2026-09-28T21:55:21.141668+09:00,127569725,41d8b32a,2026-09-28T21:55:21.141668+09:00,2026-09-28T21:55:21.218141+09:00,rail-left-01,rail-right-01,0.6.7-draft,0.6.7-draft,mqtt,mqtt,713.36,615.21,6.268,6.883,0.007,0,0.22,-0.195,10.308,9.62,-0.0665,0.0326,0.0402,0.0528,-0.0036,-0.006,25.94,26.11,15935,19415,1.992,2.427,5.976,7.281,425,425,43,43,0,0,0,0,,,,,,,,,,,,,,,,,0,0,0,0
2026-09-28T21:55:21.161631+09:00,127589688,41d8b32a,2026-09-28T21:55:21.161631+09:00,2026-09-28T21:55:21.238104+09:00,rail-left-01,rail-right-01,0.6.7-draft,0.6.7-draft,mqtt,mqtt,714.45,616.16,6.267,6.89,0.023,-0.016,0.043,-0.4,10.42,9.693,-0.0641,0.0309,0.0408,0.0565,-0.0027,-0.0064,25.94,26.12,15931,19431,1.991,2.429,5.974,7.287,426,426,43,43,0,0,0,0,,,,,,,,,,,,,,,,,0,0,0,0
2026-09-28T21:55:21.181366+09:00,127609423,41d8b32a,2026-09-28T21:55:21.181366+09:00,2026-09-28T21:55:21.257839+09:00,rail-left-01,rail-right-01,0.6.7-draft,0.6.7-draft,mqtt,mqtt,715.55,617.1,6.264,6.892,-0.19,-0.124,0.165,-0.136,10.602,9.819,-0.0602,0.0321,0.0358,0.0542,-0.0097,-0.0088,25.93,26.14,15925,19435,1.991,2.429,5.972,7.288,427,427,43,43,0,0,0,0,,,,,,,,,,,,,,,,,0,0,0,0
2026-09-28T21:55:21.201467+09:00,127629524,41d8b32a,2026-09-28T21:55:21.201467+09:00,2026-09-28T21:55:21.277940+09:00,rail-left-01,rail-right-01,0.6.7-draft,0.6.7-draft,mqtt,mqtt,716.64,618.05,6.306,6.898,0.044,0.049,0.002,-0.28,10.605,9.938,-0.0534,0.0316,0.0296,0.056,-0.0157,-0.0092,25.96,26.14,16028,19449,2.003,2.431,6.01,7.293,428,428,43,43,0,0,0,0,,,,,,,,,,,,,,,,,0,0,0,0
2026-09-28T21:55:21.221481+09:00,127649539,41d8b32a,2026-09-28T21:55:21.221481+09:00,2026-09-28T21:55:21.297955+09:00,rail-left-01,rail-right-01,0.6.7-draft,0.6.7-draft,mqtt,mqtt,717.73,618.99,6.353,6.904,-0.136,-0.15,-0.002,-0.357,10.372,9.634,-0.0585,0.029,0.0334,0.0553,-0.0147,-0.0083,25.93,26.15,16146,19461,2.018,2.433,6.055,7.298,429,429,43,43,0,0,0,0,,,,,,,,,,,,,,,,,0,0,0,0
2026-09-28T21:55:21.241362+09:00,127669420,41d8b32a,2026-09-28T21:55:21.241362+09:00,2026-09-28T21:55:21.317836+09:00,rail-left-01,rail-right-01,0.6.7-draft,0.6.7-draft,mqtt,mqtt,718.83,619.94,6.377,6.912,0.005,-0.047,0.181,-0.29,10.552,9.718,-0.0642,0.0318,0.036,0.0566,-0.0108,-0.0056,25.93,26.14,16204,19479,2.026,2.435,6.076,7.305,430,430,43,43,0,0,0,0,,,,,,,,,,,,,,,,,0,0,0,0
2026-09-28T21:55:21.371996+09:00,127798434,41d8b32a,2026-09-28T21:55:21.371996+09:00,2026-09-28T21:55:21.457111+09:00,rail-left-01,rail-right-01,0.6.7-draft,0.6.7-draft,mqtt,mqtt,725.94,626.05,6.381,6.915,-0.093,0.038,0.241,-0.411,10.403,9.591,-0.0677,0.0314,0.0376,0.0604,-0.0067,-0.0052,25.92,26.15,16214,19485,2.027,2.436,6.08,7.307,431,431,44,44,0,0,0,0,,,,,,,,,,,,,,,,,0,0,0,0
2026-09-28T21:55:21.392146+09:00,127818584,41d8b32a,2026-09-28T21:55:21.392146+09:00,2026-09-28T21:55:21.477261+09:00,rail-left-01,rail-right-01,0.6.7-draft,0.6.7-draft,mqtt,mqtt,727.03,627.05,6.43,6.949,-0.204,-0.25,0.218,-0.244,10.484,9.807,-0.0652,0.0345,0.0396,0.0612,-0.0073,-0.0055,25.95,26.13,16336,19562,2.042,2.445,6.126,7.336,432,432,44,44,0,0,0,0,,,,,,,,,,,,,,,,,0,0,0,0
2026-09-28T21:55:21.412119+09:00,127838557,41d8b32a,2026-09-28T21:55:21.412119+09:00,2026-09-28T21:55:21.497234+09:00,rail-left-01,rail-right-01,0.6.7-draft,0.6.7-draft,mqtt,mqtt,728.12,627.99,6.413,6.956,0.119,0.042,0.116,-0.215,10.399,9.743,-0.0606,0.0341,0.0365,0.0592,-0.0061,-0.006,25.92,26.13,16294,19576,2.037,2.447,6.11,7.341,433,433,44,44,0,0,0,0,,,,,,,,,,,,,,,,,0,0,0,0
2026-09-28T21:55:21.432057+09:00,127858495,41d8b32a,2026-09-28T21:55:21.432057+09:00,2026-09-28T21:55:21.517172+09:00,rail-left-01,rail-right-01,0.6.7-draft,0.6.7-draft,mqtt,mqtt,729.27,628.94,6.423,6.961,-0.297,-0.345,0.19,-0.057,10.209,9.717,-0.0637,0.0344,0.0381,0.0586,-0.0112,-0.0008,25.93,26.12,16320,19589,2.04,2.449,6.12,7.346,434,434,44,44,0,0,0,0,,,,,,,,,,,,,,,,,0,0,0,0
2026-09-28T21:55:21.452452+09:00,127878890,41d8b32a,2026-09-28T21:55:21.452452+09:00,2026-09-28T21:55:21.537567+09:00,rail-left-01,rail-right-01,0.6.7-draft,0.6.7-draft,mqtt,mqtt,730.36,629.88,6.39,6.958,0.192,0.26,0.043,-0.351,10.44,9.936,-0.0604,0.0346,0.0388,0.058,-0.0116,-0.0037,25.93,26.14,16237,19582,2.03,2.448,6.089,7.343,435,435,44,44,0,0,0,0,,,,,,,,,,,,,,,,,0,0,0,0
2026-09-28T21:55:21.472420+09:00,127898858,41d8b32a,2026-09-28T21:55:21.472420+09:00,2026-09-28T21:55:21.557535+09:00,rail-left-01,rail-right-01,0.6.7-draft,0.6.7-draft,mqtt,mqtt,731.5,630.83,6.356,6.962,-0.224,-0.062,0.074,-0.251,11.066,9.871,-0.0709,0.0328,0.0337,0.054,-0.008,-0.0104,25.93,26.12,16152,19591,2.019,2.449,6.057,7.347,436,436,44,44,0,0,0,0,,,,,,,,,,,,,,,,,0,0,0,0
2026-09-28T21:55:21.492158+09:00,127918596,41d8b32a,2026-09-28T21:55:21.492158+09:00,2026-09-28T21:55:21.577273+09:00,rail-left-01,rail-right-01,0.6.7-draft,0.6.7-draft,mqtt,mqtt,732.6,631.77,6.391,6.965,-0.117,-0.022,-0.261,-0.293,10.311,9.504,-0.0739,0.03,0.0328,0.054,-0.0061,-0.0076,25.9,26.14,16240,19598,2.03,2.45,6.09,7.349,437,437,44,44,0,0,0,0,,,,,,,,,,,,,,,,,0,0,0,0
2026-09-28T21:55:21.512203+09:00,127938641,41d8b32a,2026-09-28T21:55:21.512203+09:00,2026-09-28T21:55:21.597318+09:00,rail-left-01,rail-right-01,0.6.7-draft,0.6.7-draft,mqtt,mqtt,733.69,632.71,6.414,6.969,0.012,-0.026,0.111,-0.267,10.196,9.731,-0.0698,0.0337,0.037,0.0601,-0.0065,-0.0069,25.93,26.13,16297,19606,2.037,2.451,6.111,7.352,438,438,44,44,0,0,0,0,,,,,,,,,,,,,,,,,0,0,0,0
2026-09-28T21:55:21.532161+09:00,127958599,41d8b32a,2026-09-28T21:55:21.532161+09:00,2026-09-28T21:55:21.617276+09:00,rail-left-01,rail-right-01,0.6.7-draft,0.6.7-draft,mqtt,mqtt,734.79,633.66,6.408,6.974,-0.09,-0.072,-0.127,-0.232,10.479,9.665,-0.0641,0.0297,0.0401,0.0616,-0.0104,-0.0069,25.95,26.13,16283,19618,2.035,2.452,6.106,7.357,439,439,44,44,0,0,0,0,,,,,,,,,,,,,,,,,0,0,0,0
2026-09-28T21:55:21.552200+09:00,127978638,41d8b32a,2026-09-28T21:55:21.552200+09:00,2026-09-28T21:55:21.637315+09:00,rail-left-01,rail-right-01,0.6.7-draft,0.6.7-draft,mqtt,mqtt,735.88,634.6,6.391,6.984,-0.024,0.028,-0.133,-0.221,10.309,9.756,-0.0653,0.033,0.0429,0.0614,-0.01,-0.0037,25.93,26.12,16241,19640,2.03,2.455,6.09,7.365,440,440,44,44,0,0,0,0,,,,,,,,,,,,,,,,,0,0,0,0
2026-09-28T21:55:21.684917+09:00,128120413,41d8b32a,2026-09-28T21:55:21.684917+09:00,2026-09-28T21:55:21.772725+09:00,rail-left-01,rail-right-01,0.6.7-draft,0.6.7-draft,mqtt,mqtt,743.79,641.37,6.372,6.993,-0.172,-0.069,-0.019,-0.253,10.453,9.707,-0.0682,0.0312,0.0376,0.056,-0.0113,-0.0117,25.93,26.12,16192,19660,2.024,2.458,6.072,7.373,441,441,45,45,0,0,0,0,,,,,,,,,,,,,,,,,0,0,0,0
2026-09-28T21:55:21.705071+09:00,128140567,41d8b32a,2026-09-28T21:55:21.705071+09:00,2026-09-28T21:55:21.792879+09:00,rail-left-01,rail-right-01,0.6.7-draft,0.6.7-draft,mqtt,mqtt,744.88,642.31,6.256,6.997,-0.102,-0.006,-0.008,-0.419,10.455,9.584,-0.0711,0.0352,0.0394,0.0553,-0.0107,-0.0085,25.95,26.13,15905,19669,1.988,2.459,5.964,7.376,442,442,45,45,0,0,0,0,,,,,,,,,,,,,,,,,0,0,0,0
2026-09-28T21:55:21.725082+09:00,128160578,41d8b32a,2026-09-28T21:55:21.725082+09:00,2026-09-28T21:55:21.812890+09:00,rail-left-01,rail-right-01,0.6.7-draft,0.6.7-draft,mqtt,mqtt,745.97,643.25,6.242,6.992,-0.073,-0.087,0.001,-0.11,10.56,9.742,-0.0694,0.037,0.0362,0.0565,-0.0099,-0.0047,25.94,26.13,15869,19658,1.984,2.457,5.951,7.372,443,443,45,45,0,0,0,0,,,,,,,,,,,,,,,,,0,0,0,0
2026-09-28T21:55:21.745059+09:00,128180555,41d8b32a,2026-09-28T21:55:21.745059+09:00,2026-09-28T21:55:21.832867+09:00,rail-left-01,rail-right-01,0.6.7-draft,0.6.7-draft,mqtt,mqtt,747.12,644.2,6.234,6.973,-0.024,-0.036,-0.145,-0.362,10.46,9.834,-0.0687,0.038,0.0345,0.0542,-0.0107,-0.0053,25.93,26.11,15849,19614,1.981,2.452,5.943,7.355,444,444,45,45,0,0,0,0,,,,,,,,,,,,,,,,,0,0,0,0
2026-09-28T21:55:21.765124+09:00,128200620,41d8b32a,2026-09-28T21:55:21.765124+09:00,2026-09-28T21:55:21.852932+09:00,rail-left-01,rail-right-01,0.6.7-draft,0.6.7-draft,mqtt,mqtt,748.21,645.14,6.231,6.962,-0.016,-0.019,0.122,-0.273,10.475,9.607,-0.0734,0.0362,0.0325,0.0505,-0.0072,-0.0045,25.94,26.12,15841,19591,1.98,2.449,5.94,7.347,445,445,45,45,0,0,0,0,,,,,,,,,,,,,,,,,0,0,0,0
2026-09-28T21:55:21.785119+09:00,128220615,41d8b32a,2026-09-28T21:55:21.785119+09:00,2026-09-28T21:55:21.872927+09:00,rail-left-01,rail-right-01,0.6.7-draft,0.6.7-draft,mqtt,mqtt,749.35,646.09,6.277,6.952,-0.133,-0.085,0.225,-0.346,10.564,9.616,-0.0742,0.0365,0.031,0.0456,-0.0079,-0.0056,25.93,26.12,15956,19569,1.995,2.446,5.984,7.338,446,446,45,45,0,0,0,0,,,,,,,,,,,,,,,,,0,0,0,0
2026-09-28T21:55:21.805056+09:00,128240552,41d8b32a,2026-09-28T21:55:21.805056+09:00,2026-09-28T21:55:21.892864+09:00,rail-left-01,rail-right-01,0.6.7-draft,0.6.7-draft,mqtt,mqtt,750.45,647.08,6.303,6.944,-0.002,0.007,0.225,-0.204,10.28,9.741,-0.0722,0.0321,0.0388,0.054,-0.0093,-0.0093,25.93,26.14,16021,19551,2.003,2.444,6.008,7.332,447,447,45,45,0,0,0,0,,,,,,,,,,,,,,,,,0,0,0,0
2026-09-28T21:55:21.825097+09:00,128260593,41d8b32a,2026-09-28T21:55:21.825097+09:00,2026-09-28T21:55:21.912905+09:00,rail-left-01,rail-right-01,0.6.7-draft,0.6.7-draft,mqtt,mqtt,751.54,648.03,6.311,6.954,-0.054,-0.057,0.281,-0.353,10.563,9.691,-0.0685,0.0332,0.0397,0.0568,-0.0095,-0.0099,25.93,26.13,16041,19572,2.005,2.447,6.015,7.34,448,448,45,45,0,0,0,0,,,,,,,,,,,,,,,,,0,0,0,0
2026-09-28T21:55:21.845086+09:00,128280582,41d8b32a,2026-09-28T21:55:21.845086+09:00,2026-09-28T21:55:21.932894+09:00,rail-left-01,rail-right-01,0.6.7-draft,0.6.7-draft,mqtt,mqtt,752.64,648.97,6.317,6.956,-0.151,-0.204,0.231,-0.31,10.429,9.638,-0.0666,0.0286,0.0366,0.0561,-0.0113,-0.0093,25.93,26.12,16057,19576,2.007,2.447,6.021,7.341,449,449,45,45,0,0,0,0,,,,,,,,,,,,,,,,,0,0,0,0
2026-09-28T21:55:21.865319+09:00,128300815,41d8b32a,2026-09-28T21:55:21.865319+09:00,2026-09-28T21:55:21.953127+09:00,rail-left-01,rail-right-01,0.6.7-draft,0.6.7-draft,mqtt,mqtt,753.78,649.92,6.32,6.937,-0.057,-0.017,0.209,-0.168,10.731,9.922,-0.0663,0.0321,0.0341,0.0521,-0.0117,-0.0068,25.92,26.12,16064,19535,2.008,2.442,6.024,7.326,450,450,45,45,0,0,0,0,,,,,,,,,,,,,,,,,0,0,0,0
2026-09-28T21:55:21.997447+09:00,128434447,41d8b32a,2026-09-28T21:55:21.997447+09:00,2026-09-28T21:55:22.035212+09:00,rail-left-01,rail-right-01,0.6.7-draft,0.6.7-draft,mqtt,mqtt,761.14,656.28,6.331,6.938,-0.022,-0.024,0.224,-0.157,10.423,9.761,-0.0658,0.0266,0.0365,0.0525,-0.0116,-0.0071,25.95,26.12,16091,19536,2.011,2.442,6.034,7.326,451,451,46,46,0,0,0,0,,,,,,,,,,,,,,,,,0,0,0,0
2026-09-28T21:55:22.017621+09:00,128454621,41d8b32a,2026-09-28T21:55:22.017621+09:00,2026-09-28T21:55:22.055386+09:00,rail-left-01,rail-right-01,0.6.7-draft,0.6.7-draft,mqtt,mqtt,762.28,657.28,6.408,6.887,-0.188,-0.101,0.014,-0.473,10.558,9.548,-0.0681,0.0245,0.03,0.0466,-0.0097,-0.0059,25.95,26.13,16282,19424,2.035,2.428,6.106,7.284,452,452,46,46,0,0,0,0,,,,,,,,,,,,,,,,,0,0,0,0
2026-09-28T21:55:22.037486+09:00,128474486,41d8b32a,2026-09-28T21:55:22.037486+09:00,2026-09-28T21:55:22.075251+09:00,rail-left-01,rail-right-01,0.6.7-draft,0.6.7-draft,mqtt,mqtt,763.37,658.22,6.426,6.84,-0.055,-0.047,-0.001,-0.139,10.354,9.57,-0.0665,0.0246,0.0305,0.0504,-0.0089,-0.0097,25.93,26.13,16328,19320,2.041,2.415,6.123,7.245,453,453,46,46,0,0,0,0,,,,,,,,,,,,,,,,,0,0,0,0
2026-09-28T21:55:22.057634+09:00,128494634,41d8b32a,2026-09-28T21:55:22.057634+09:00,2026-09-28T21:55:22.095399+09:00,rail-left-01,rail-right-01,0.6.7-draft,0.6.7-draft,mqtt,mqtt,764.47,659.16,6.432,6.795,0.041,0.056,-0.177,-0.225,10.495,9.643,-0.0701,0.0364,0.0376,0.055,-0.0093,-0.0081,25.95,26.11,16343,19220,2.043,2.403,6.129,7.208,454,454,46,46,0,0,0,0,,,,,,,,,,,,,,,,,0,0,0,0
2026-09-28T21:55:22.077690+09:00,128514690,41d8b32a,2026-09-28T21:55:22.077690+09:00,2026-09-28T21:55:22.115455+09:00,rail-left-01,rail-right-01,0.6.7-draft,0.6.7-draft,mqtt,mqtt,765.61,660.16,6.443,6.776,-0.061,0.091,-0.271,0.245,10.283,9.973,-0.0636,0.0361,0.0358,0.0588,-0.0081,-0.0081,25.92,26.13,16370,19177,2.046,2.397,6.139,7.191,455,455,46,46,0,0,0,0,,,,,,,,,,,,,,,,,0,0,0,0
2026-09-28T21:55:22.097708+09:00,128534708,41d8b32a,2026-09-28T21:55:22.097708+09:00,2026-09-28T21:55:22.135473+09:00,rail-left-01,rail-right-01,0.6.7-draft,0.6.7-draft,mqtt,mqtt,766.71,661.1,6.436,6.777,-0.241,-0.098,0.385,-0.423,10.476,9.761,-0.0694,0.0257,0.0345,0.0585,-0.0041,0.0031,25.93,26.14,16351,19180,2.044,2.398,6.132,7.193,456,456,46,46,0,0,0,0,,,,,,,,,,,,,,,,,0,0,0,0
2026-09-28T21:55:22.117587+09:00,128554588,41d8b32a,2026-09-28T21:55:22.117587+09:00,2026-09-28T21:55:22.155353+09:00,rail-left-01,rail-right-01,0.6.7-draft,0.6.7-draft,mqtt,mqtt,767.8,662.05,6.428,6.786,0.04,-0.019,0.115,-0.378,10.707,9.623,-0.0641,0.0288,0.0381,0.0597,-0.0063,-0.0055,25.95,26.14,16332,19200,2.042,2.4,6.125,7.2,457,457,46,46,0,0,0,0,,,,,,,,,,,,,,,,,0,0,0,0
2026-09-28T21:55:22.137545+09:00,128574546,41d8b32a,2026-09-28T21:55:22.137545+09:00,2026-09-28T21:55:22.175311+09:00,rail-left-01,rail-right-01,0.6.7-draft,0.6.7-draft,mqtt,mqtt,768.89,662.99,6.434,6.793,-0.055,-0.069,-0.255,-0.298,10.337,9.777,-0.067,0.0316,0.0357,0.0566,-0.0105,-0.0036,25.95,26.13,16347,19216,2.043,2.402,6.13,7.206,458,458,46,46,0,0,0,0,,,,,,,,,,,,,,,,,0,0,0,0
2026-09-28T21:55:22.157492+09:00,128594492,41d8b32a,2026-09-28T21:55:22.157492+09:00,2026-09-28T21:55:22.195257+09:00,rail-left-01,rail-right-01,0.6.7-draft,0.6.7-draft,mqtt,mqtt,769.99,663.99,6.432,6.799,0.037,-0.007,0.152,-0.299,10.59,9.606,-0.0671,0.0294,0.0409,0.0557,-0.0072,-0.0033,25.94,26.12,16342,19228,2.043,2.404,6.128,7.211,459,459,46,46,0,0,0,0,,,,,,,,,,,,,,,,,0,0,0,0
2026-09-28T21:55:22.177507+09:00,128614507,41d8b32a,2026-09-28T21:55:22.177507+09:00,2026-09-28T21:55:22.215272+09:00,rail-left-01,rail-right-01,0.6.7-draft,0.6.7-draft,mqtt,mqtt,771.13,664.93,6.433,6.787,-0.224,-0.102,0.289,-0.172,10.414,9.863,-0.063,0.0306,0.0366,0.0526,-0.0083,-0.0036,25.92,26.12,16344,19201,2.043,2.4,6.129,7.2,460,460,46,46,0,0,0,0,,,,,,,,,,,,,,,,,0,0,0,0
2026-09-28T21:55:22.311346+09:00,128696450,41d8b32a,2026-09-28T21:55:22.311346+09:00,2026-09-28T21:55:22.352134+09:00,rail-left-01,rail-right-01,0.6.7-draft,0.6.7-draft,mqtt,mqtt,775.65,668.86,6.422,6.784,-0.018,0.023,-0.038,-0.341,10.382,9.708,-0.0646,0.0284,0.0384,0.0589,-0.0103,-0.0124,25.93,26.15,16316,19196,2.039,2.4,6.118,7.199,461,461,47,47,0,0,0,0,,,,,,,,,,,,,,,,,0,0,0,0
2026-09-28T21:55:22.331492+09:00,128716596,41d8b32a,2026-09-28T21:55:22.331492+09:00,2026-09-28T21:55:22.372280+09:00,rail-left-01,rail-right-01,0.6.7-draft,0.6.7-draft,mqtt,mqtt,776.75,669.8,6.426,6.792,-0.193,-0.134,0.029,-0.2,10.505,9.776,-0.0618,0.0298,0.0373,0.0545,-0.0092,-0.0089,25.95,26.14,16327,19213,2.041,2.402,6.123,7.205,462,462,47,47,0,0,0,0,,,,,,,,,,,,,,,,,0,0,0,0
2026-09-28T21:55:22.351440+09:00,128736544,41d8b32a,2026-09-28T21:55:22.351440+09:00,2026-09-28T21:55:22.392228+09:00,rail-left-01,rail-right-01,0.6.7-draft,0.6.7-draft,mqtt,mqtt,777.89,670.75,6.429,6.792,0.012,0.081,0.012,-0.269,10.568,9.592,-0.0654,0.0328,0.0402,0.0558,-0.0068,-0.0077,25.92,26.13,16334,19213,2.042,2.402,6.125,7.205,463,463,47,47,0,0,0,0,,,,,,,,,,,,,,,,,0,0,0,0
2026-09-28T21:55:22.371490+09:00,128756594,41d8b32a,2026-09-28T21:55:22.371490+09:00,2026-09-28T21:55:22.412278+09:00,rail-left-01,rail-right-01,0.6.7-draft,0.6.7-draft,mqtt,mqtt,778.99,671.74,6.421,6.788,-0.166,-0.231,0.145,-0.098,10.702,9.831,-0.0633,0.0308,0.0362,0.0498,-0.0076,-0.006,25.95,26.13,16314,19204,2.039,2.401,6.118,7.201,464,464,47,47,0,0,0,0,,,,,,,,,,,,,,,,,0,0,0,0
2026-09-28T21:55:22.391419+09:00,128776523,41d8b32a,2026-09-28T21:55:22.391419+09:00,2026-09-28T21:55:22.432207+09:00,rail-left-01,rail-right-01,0.6.7-draft,0.6.7-draft,mqtt,mqtt,780.08,672.69,6.448,6.784,0.063,0.049,0.075,-0.231,10.382,9.808,-0.0642,0.0292,0.0378,0.0549,-0.01,-0.0093,25.93,26.12,16383,19195,2.048,2.399,6.144,7.198,465,465,47,47,0,0,0,0,,,,,,,,,,,,,,,,,0,0,0,0
2026-09-28T21:55:22.411594+09:00,128796698,41d8b32a,2026-09-28T21:55:22.411594+09:00,2026-09-28T21:55:22.452382+09:00,rail-left-01,rail-right-01,0.6.7-draft,0.6.7-draft,mqtt,mqtt,781.22,673.63,6.454,6.782,-0.116,-0.077,0.089,-0.154,10.309,9.722,-0.0629,0.032,0.0384,0.0542,-0.0069,-0.006,25.96,26.12,16397,19191,2.05,2.399,6.149,7.197,466,466,47,47,0,0,0,0,,,,,,,,,,,,,,,,,0,0,0,0
2026-09-28T21:55:22.431380+09:00,128816484,41d8b32a,2026-09-28T21:55:22.431380+09:00,2026-09-28T21:55:22.472168+09:00,rail-left-01,rail-right-01,0.6.7-draft,0.6.7-draft,mqtt,mqtt,782.32,674.58,6.46,6.78,-0.004,-0.007,0.151,-0.344,10.444,9.6,-0.0686,0.0304,0.037,0.0554,-0.0069,-0.0083,25.95,26.14,16411,19186,2.051,2.398,6.154,7.195,467,467,47,47,0,0,0,0,,,,,,,,,,,,,,,,,0,0,0,0
2026-09-28T21:55:22.451492+09:00,128836596,41d8b32a,2026-09-28T21:55:22.451492+09:00,2026-09-28T21:55:22.492280+09:00,rail-left-01,rail-right-01,0.6.7-draft,0.6.7-draft,mqtt,mqtt,783.41,675.57,6.479,6.772,-0.078,-0.098,0.204,-0.01,10.311,9.984,-0.0642,0.0345,0.0388,0.0566,-0.0087,-0.0063,25.94,26.12,16460,19168,2.058,2.396,6.173,7.188,468,468,47,47,0,0,0,0,,,,,,,,,,,,,,,,,0,0,0,0
2026-09-28T21:55:22.471545+09:00,128856649,41d8b32a,2026-09-28T21:55:22.471545+09:00,2026-09-28T21:55:22.512333+09:00,rail-left-01,rail-right-01,0.6.7-draft,0.6.7-draft,mqtt,mqtt,784.5,676.52,6.489,6.777,-0.095,-0.114,-0.045,-0.523,10.427,9.793,-0.0673,0.032,0.0376,0.0582,-0.0116,-0.0097,25.94,26.14,16484,19180,2.061,2.398,6.182,7.193,469,469,47,47,0,0,0,0,,,,,,,,,,,,,,,,,0,0,0,0
2026-09-28T21:55:22.491572+09:00,128876676,41d8b32a,2026-09-28T21:55:22.491572+09:00,2026-09-28T21:55:22.532360+09:00,rail-left-01,rail-right-01,0.6.7-draft,0.6.7-draft,mqtt,mqtt,785.6,677.46,6.493,6.774,-0.069,-0.041,0.091,-0.206,10.399,9.766,-0.0678,0.029,0.0356,0.0545,-0.0101,-0.0057,25.97,26.11,16495,19173,2.062,2.397,6.186,7.19,470,470,47,47,0,0,0,0,,,,,,,,,,,,,,,,,0,0,0,0
2026-09-28T21:55:22.597757+09:00,129032435,41d8b32a,2026-09-28T21:55:22.597757+09:00,2026-09-28T21:55:22.640015+09:00,rail-left-01,rail-right-01,0.6.7-draft,0.6.7-draft,mqtt,mqtt,794.2,684.97,6.491,6.767,0.004,0.129,0.025,-0.29,10.416,9.633,-0.0613,0.0292,0.0372,0.0493,-0.0132,-0.01,25.94,26.14,16488,19158,2.061,2.395,6.183,7.184,471,471,48,48,0,0,0,0,,,,,,,,,,,,,,,,,0,0,0,0
2026-09-28T21:55:22.617808+09:00,129052486,41d8b32a,2026-09-28T21:55:22.617808+09:00,2026-09-28T21:55:22.660066+09:00,rail-left-01,rail-right-01,0.6.7-draft,0.6.7-draft,mqtt,mqtt,795.34,685.91,6.69,6.781,-0.08,-0.116,-0.109,-0.363,10.454,9.716,-0.0637,0.0317,0.0409,0.0596,-0.0105,-0.006,25.94,26.14,16985,19189,2.123,2.399,6.369,7.196,472,472,48,48,0,0,0,0,,,,,,,,,,,,,,,,,0,0,0,0
2026-09-28T21:55:22.637860+09:00,129072538,41d8b32a,2026-09-28T21:55:22.637860+09:00,2026-09-28T21:55:22.680118+09:00,rail-left-01,rail-right-01,0.6.7-draft,0.6.7-draft,mqtt,mqtt,796.44,686.86,6.704,6.789,0.002,0.002,-0.107,-0.23,10.464,9.722,-0.0648,0.0341,0.0354,0.0526,-0.0103,-0.0071,25.94,26.14,17018,19206,2.127,2.401,6.382,7.202,473,473,48,48,0,0,0,0,,,,,,,,,,,,,,,,,0,0,0,0
2026-09-28T21:55:22.657812+09:00,129092490,41d8b32a,2026-09-28T21:55:22.657812+09:00,2026-09-28T21:55:22.700070+09:00,rail-left-01,rail-right-01,0.6.7-draft,0.6.7-draft,mqtt,mqtt,797.53,687.8,6.718,6.794,-0.071,-0.011,0.053,-0.092,10.476,9.455,-0.0644,0.0308,0.0442,0.0636,-0.0103,-0.0131,25.95,26.12,17054,19218,2.132,2.402,6.395,7.207,474,474,48,48,0,0,0,0,,,,,,,,,,,,,,,,,0,0,0,0
2026-09-28T21:55:22.677851+09:00,129112529,41d8b32a,2026-09-28T21:55:22.677851+09:00,2026-09-28T21:55:22.720109+09:00,rail-left-01,rail-right-01,0.6.7-draft,0.6.7-draft,mqtt,mqtt,798.62,688.8,6.712,6.815,-0.116,-0.011,-0.147,-0.229,10.35,9.525,-0.0637,0.0313,0.0402,0.0584,-0.0065,-0.006,25.94,26.12,17039,19264,2.13,2.408,6.39,7.224,475,475,48,48,0,0,0,0,,,,,,,,,,,,,,,,,0,0,0,0
2026-09-28T21:55:22.697841+09:00,129132519,41d8b32a,2026-09-28T21:55:22.697841+09:00,2026-09-28T21:55:22.740099+09:00,rail-left-01,rail-right-01,0.6.7-draft,0.6.7-draft,mqtt,mqtt,799.72,689.74,6.706,6.823,0.057,0.042,0.193,-0.162,10.356,9.826,-0.0653,0.0321,0.0405,0.0589,-0.0048,-0.0061,25.94,26.14,17023,19283,2.128,2.41,6.384,7.231,476,476,48,48,0,0,0,0,,,,,,,,,,,,,,,,,0,0,0,0
2026-09-28T21:55:22.717937+09:00,129152615,41d8b32a,2026-09-28T21:55:22.717937+09:00,2026-09-28T21:55:22.760195+09:00,rail-left-01,rail-right-01,0.6.7-draft,0.6.7-draft,mqtt,mqtt,800.86,690.69,6.7,6.835,-0.193,-0.211,0.214,-0.341,10.762,9.694,-0.0636,0.0294,0.0354,0.0572,-0.0049,-0.0057,25.95,26.12,17009,19308,2.126,2.414,6.378,7.241,477,477,48,48,0,0,0,0,,,,,,,,,,,,,,,,,0,0,0,0
2026-09-28T21:55:22.737782+09:00,129172460,41d8b32a,2026-09-28T21:55:22.737782+09:00,2026-09-28T21:55:22.780039+09:00,rail-left-01,rail-right-01,0.6.7-draft,0.6.7-draft,mqtt,mqtt,801.96,691.63,6.71,6.831,-0.116,-0.204,0.514,-0.269,10.436,9.956,-0.0636,0.0305,0.0325,0.0546,-0.0093,-0.0056,25.93,26.14,17035,19300,2.129,2.413,6.388,7.238,478,478,48,48,0,0,0,0,,,,,,,,,,,,,,,,,0,0,0,0
2026-09-28T21:55:22.757910+09:00,129192588,41d8b32a,2026-09-28T21:55:22.757910+09:00,2026-09-28T21:55:22.800167+09:00,rail-left-01,rail-right-01,0.6.7-draft,0.6.7-draft,mqtt,mqtt,803.05,692.63,6.726,6.827,-0.057,0.002,0.226,-0.364,10.5,9.515,-0.0649,0.032,0.0392,0.0636,-0.0085,-0.012,25.93,26.13,17075,19291,2.134,2.411,6.403,7.234,479,479,48,48,0,0,0,0,,,,,,,,,,,,,,,,,0,0,0,0
2026-09-28T21:55:22.778124+09:00,129212802,41d8b32a,2026-09-28T21:55:22.778124+09:00,2026-09-28T21:55:22.820382+09:00,rail-left-01,rail-right-01,0.6.7-draft,0.6.7-draft,mqtt,mqtt,804.19,693.57,6.733,6.836,-0.192,-0.128,0.041,-0.287,10.412,9.736,-0.0657,0.0298,0.0346,0.0562,-0.0067,-0.0064,25.94,26.14,17092,19311,2.137,2.414,6.41,7.242,480,480,48,48,0,0,0,0,,,,,,,,,,,,,,,,,0,0,0,0
2026-09-28T21:55:22.913210+09:00,129300493,41d8b32a,2026-09-28T21:55:22.913210+09:00,2026-09-28T21:55:22.999641+09:00,rail-left-01,rail-right-01,0.6.7-draft,0.6.7-draft,mqtt,mqtt,809.07,697.75,6.732,6.835,-0.223,-0.181,0.124,-0.391,10.446,9.899,-0.0626,0.0309,0.0386,0.056,-0.0069,-0.008,25.95,26.14,17090,19309,2.136,2.414,6.409,7.241,481,481,49,49,0,0,0,0,,,,,,,,,,,,,,,,,0,0,0,0
2026-09-28T21:55:22.933316+09:00,129320599,41d8b32a,2026-09-28T21:55:22.933316+09:00,2026-09-28T21:55:23.019747+09:00,rail-left-01,rail-right-01,0.6.7-draft,0.6.7-draft,mqtt,mqtt,810.16,698.74,6.708,6.872,-0.08,-0.136,0.251,-0.533,10.597,9.858,-0.0682,0.0313,0.0454,0.0588,-0.0071,-0.0069,25.95,26.13,17028,19391,2.128,2.424,6.385,7.272,482,482,49,49,0,0,0,0,,,,,,,,,,,,,,,,,0,0,0,0
2026-09-28T21:55:22.953231+09:00,129340514,41d8b32a,2026-09-28T21:55:22.953231+09:00,2026-09-28T21:55:23.039662+09:00,rail-left-01,rail-right-01,0.6.7-draft,0.6.7-draft,mqtt,mqtt,811.25,699.69,6.696,6.893,-0.085,-0.031,-0.029,-0.078,10.513,9.457,-0.065,0.034,0.0438,0.0557,-0.0036,-0.0061,25.92,26.1,16998,19437,2.125,2.43,6.374,7.289,483,483,49,49,0,0,0,0,,,,,,,,,,,,,,,,,0,0,0,0
2026-09-28T21:55:22.973349+09:00,129360632,41d8b32a,2026-09-28T21:55:22.973349+09:00,2026-09-28T21:55:23.059780+09:00,rail-left-01,rail-right-01,0.6.7-draft,0.6.7-draft,mqtt,mqtt,812.4,700.63,6.694,6.907,-0.066,0.071,-0.111,-0.151,10.25,9.671,-0.0661,0.0321,0.041,0.0572,-0.0032,-0.0067,25.94,26.12,16995,19469,2.124,2.434,6.373,7.301,484,484,49,49,0,0,0,0,,,,,,,,,,,,,,,,,0,0,0,0
2026-09-28T21:55:22.993464+09:00,129380747,41d8b32a,2026-09-28T21:55:22.993464+09:00,2026-09-28T21:55:23.079895+09:00,rail-left-01,rail-right-01,0.6.7-draft,0.6.7-draft,mqtt,mqtt,813.49,701.57,6.682,6.908,-0.053,-0.084,0.041,-0.175,10.426,10.057,-0.0661,0.0345,0.0402,0.0566,-0.0055,-0.0051,25.93,26.12,16964,19471,2.121,2.434,6.362,7.302,485,485,49,49,0,0,0,0,,,,,,,,,,,,,,,,,0,0,0,0
2026-09-28T21:55:23.013564+09:00,129400847,41d8b32a,2026-09-28T21:55:23.013564+09:00,2026-09-28T21:55:23.099995+09:00,rail-left-01,rail-right-01,0.6.7-draft,0.6.7-draft,mqtt,mqtt,814.63,702.57,6.679,6.922,0.116,0.101,-0.16,-0.268,10.485,9.541,-0.0646,0.0329,0.0438,0.0592,-0.0076,-0.0049,25.94,26.11,16957,19501,2.12,2.438,6.359,7.313,486,486,49,49,0,0,0,0,,,,,,,,,,,,,,,,,0,0,0,0
2026-09-28T21:55:23.033375+09:00,129420658,41d8b32a,2026-09-28T21:55:23.033375+09:00,2026-09-28T21:55:23.119805+09:00,rail-left-01,rail-right-01,0.6.7-draft,0.6.7-draft,mqtt,mqtt,815.73,703.51,6.673,6.927,-0.248,-0.251,0.256,-0.132,10.422,9.821,-0.0645,0.0328,0.0442,0.0578,-0.0052,-0.0039,25.96,26.1,16941,19513,2.118,2.439,6.353,7.317,487,487,49,49,0,0,0,0,,,,,,,,,,,,,,,,,0,0,0,0
2026-09-28T21:55:23.053351+09:00,129440634,41d8b32a,2026-09-28T21:55:23.053351+09:00,2026-09-28T21:55:23.139782+09:00,rail-left-01,rail-right-01,0.6.7-draft,0.6.7-draft,mqtt,mqtt,816.82,704.46,6.659,6.939,0.086,0.17,0.04,0.031,10.491,9.789,-0.0674,0.0353,0.0413,0.0534,-0.0024,-0.004,25.96,26.12,16906,19540,2.113,2.443,6.34,7.328,488,488,49,49,0,0,0,0,,,,,,,,,,,,,,,,,0,0,0,0
2026-09-28T21:55:23.073316+09:00,129460599,41d8b32a,2026-09-28T21:55:23.073316+09:00,2026-09-28T21:55:23.159747+09:00,rail-left-01,rail-right-01,0.6.7-draft,0.6.7-draft,mqtt,mqtt,817.92,705.4,6.65,6.946,-0.205,-0.23,-0.063,-0.346,10.521,9.852,-0.0641,0.0318,0.0462,0.0578,-0.0047,-0.006,25.97,26.12,16885,19555,2.111,2.444,6.332,7.333,489,489,49,49,0,0,0,0,,,,,,,,,,,,,,,,,0,0,0,0
2026-09-28T21:55:23.093455+09:00,129480738,41d8b32a,2026-09-28T21:55:23.093455+09:00,2026-09-28T21:55:23.179886+09:00,rail-left-01,rail-right-01,0.6.7-draft,0.6.7-draft,mqtt,mqtt,819.06,706.35,6.617,6.962,-0.084,-0.091,0.31,-0.209,10.777,9.669,-0.0652,0.0348,0.0473,0.0546,-0.0097,-0.0047,25.96,26.1,16802,19590,2.1,2.449,6.301,7.346,490,490,49,49,0,0,0,0,,,,,,,,,,,,,,,,,0,0,0,0
2026-09-28T21:55:23.262451+09:00,129660440,41d8b32a,2026-09-28T21:55:23.262451+09:00,2026-09-28T21:55:23.297930+09:00,rail-left-01,rail-right-01,0.6.7-draft,0.6.7-draft,mqtt,mqtt,828.95,714.95,6.614,6.969,-0.109,-0.128,-0.103,-0.424,10.526,9.692,-0.0714,0.0334,0.0413,0.0509,0.0025,-0.0063,25.93,26.09,16794,19605,2.099,2.451,6.298,7.352,491,491,50,50,0,0,0,0,,,,,,,,,,,,,,,,,0,0,0,0
2026-09-28T21:55:23.282565+09:00,129680554,41d8b32a,2026-09-28T21:55:23.282565+09:00,2026-09-28T21:55:23.318044+09:00,rail-left-01,rail-right-01,0.6.7-draft,0.6.7-draft,mqtt,mqtt,830.05,715.94,6.698,6.974,0.034,0.073,0.107,-0.198,10.368,9.762,-0.0657,0.0317,0.0405,0.051,-0.0031,-0.0088,25.93,26.12,17004,19616,2.126,2.452,6.377,7.356,492,492,50,50,0,0,0,0,,,,,,,,,,,,,,,,,0,0,0,0
2026-09-28T21:55:23.302542+09:00,129700530,41d8b32a,2026-09-28T21:55:23.302542+09:00,2026-09-28T21:55:23.338020+09:00,rail-left-01,rail-right-01,0.6.7-draft,0.6.7-draft,mqtt,mqtt,831.19,716.89,6.709,6.957,-0.158,-0.198,0.182,-0.353,10.32,9.651,-0.0601,0.0353,0.039,0.054,-0.0084,-0.0028,25.94,26.12,17031,19580,2.129,2.448,6.387,7.343,493,493,50,50,0,0,0,0,,,,,,,,,,,,,,,,,0,0,0,0
2026-09-28T21:55:23.322487+09:00,129720476,41d8b32a,2026-09-28T21:55:23.322487+09:00,2026-09-28T21:55:23.357966+09:00,rail-left-01,rail-right-01,0.6.7-draft,0.6.7-draft,mqtt,mqtt,832.28,717.83,6.706,6.94,0.08,0.093,-0.059,-0.39,10.643,9.513,-0.0646,0.0356,0.034,0.0516,-0.0088,-0.0044,25.94,26.11,17025,19541,2.128,2.443,6.384,7.328,494,494,50,50,0,0,0,0,,,,,,,,,,,,,,,,,0,0,0,0
2026-09-28T21:55:23.342531+09:00,129740519,41d8b32a,2026-09-28T21:55:23.342531+09:00,2026-09-28T21:55:23.378009+09:00,rail-left-01,rail-right-01,0.6.7-draft,0.6.7-draft,mqtt,mqtt,833.38,718.83,6.715,6.906,-0.221,-0.153,-0.019,-0.019,10.314,9.9,-0.0675,0.0344,0.0402,0.0564,-0.0043,-0.0047,25.93,26.12,17047,19466,2.131,2.433,6.393,7.3,495,495,50,50,0,0,0,0,,,,,,,,,,,,,,,,,0,0,0,0
2026-09-28T21:55:23.362484+09:00,129760473,41d8b32a,2026-09-28T21:55:23.362484+09:00,2026-09-28T21:55:23.397963+09:00,rail-left-01,rail-right-01,0.6.7-draft,0.6.7-draft,mqtt,mqtt,834.47,719.77,6.687,6.909,-0.086,0.072,-0.06,-0.31,10.78,9.612,-0.0669,0.0288,0.039,0.0554,-0.0055,-0.0077,25.91,26.12,16977,19472,2.122,2.434,6.366,7.302,496,496,50,50,0,0,0,0,,,,,,,,,,,,,,,,,0,0,0,0
2026-09-28T21:55:23.382562+09:00,129780551,41d8b32a,2026-09-28T21:55:23.382562+09:00,2026-09-28T21:55:23.418041+09:00,rail-left-01,rail-right-01,0.6.7-draft,0.6.7-draft,mqtt,mqtt,835.57,720.72,6.692,6.9,-0.365,-0.363,-0.145,-0.038,10.295,9.916,-0.0661,0.0309,0.0312,0.0614,-0.0081,-0.0119,25.95,26.12,16989,19453,2.124,2.432,6.371,7.295,497,497,50,50,0,0,0,0,,,,,,,,,,,,,,,,,0,0,0,0
2026-09-28T21:55:23.402655+09:00,129800644,41d8b32a,2026-09-28T21:55:23.402655+09:00,2026-09-28T21:55:23.438134+09:00,rail-left-01,rail-right-01,0.6.7-draft,0.6.7-draft,mqtt,mqtt,836.66,721.71,6.669,6.877,0.358,0.406,0.18,-0.194,10.603,9.661,-0.0674,0.0318,0.0356,0.058,-0.0044,-0.0039,25.92,26.13,16933,19401,2.117,2.425,6.35,7.275,498,498,50,50,0,0,0,0,,,,,,,,,,,,,,,,,0,0,0,0
2026-09-28T21:55:23.422596+09:00,129820585,41d8b32a,2026-09-28T21:55:23.422596+09:00,2026-09-28T21:55:23.458075+09:00,rail-left-01,rail-right-01,0.6.7-draft,0.6.7-draft,mqtt,mqtt,837.75,722.65,6.655,6.858,-0.448,-0.309,0.108,-0.382,10.579,9.628,-0.0622,0.0281,0.0366,0.0538,-0.006,-0.0055,25.94,26.12,16897,19359,2.112,2.42,6.336,7.26,499,499,50,50,0,0,0,0,,,,,,,,,,,,,,,,,0,0,0,0
2026-09-28T21:55:23.442808+09:00,129840797,41d8b32a,2026-09-28T21:55:23.442808+09:00,2026-09-28T21:55:23.478287+09:00,rail-left-01,rail-right-01,0.6.7-draft,0.6.7-draft,mqtt,mqtt,838.85,723.65,6.649,6.829,0.144,0.136,0.175,-0.268,10.422,9.723,-0.0653,0.0266,0.0322,0.0536,-0.0097,-0.0036,25.93,26.13,16881,19296,2.11,2.412,6.33,7.236,500,500,50,50,0,0,0,0,,,,,,,,,,,,,,,,,0,0,0,0
2026-09-28T21:55:23.567801+09:00,129958452,41d8b32a,2026-09-28T21:55:23.567801+09:00,2026-09-28T21:55:23.608640+09:00,rail-left-01,rail-right-01,0.6.7-draft,0.6.7-draft,mqtt,mqtt,845.31,729.32,6.639,6.807,-0.213,-0.226,-0.031,-0.291,10.499,9.813,-0.0666,0.0317,0.0373,0.0594,-0.0117,-0.0048,25.92,26.11,16858,19246,2.107,2.406,6.322,7.217,501,501,51,51,0,0,0,0,,,,,,,,,,,,,,,,,0,0,0,0
2026-09-28T21:55:23.587944+09:00,129978595,41d8b32a,2026-09-28T21:55:23.587944+09:00,2026-09-28T21:55:23.628783+09:00,rail-left-01,rail-right-01,0.6.7-draft,0.6.7-draft,mqtt,mqtt,846.4,730.26,6.587,6.71,0.136,0.086,-0.091,-0.223,10.551,9.72,-0.0678,0.0329,0.0398,0.0558,-0.0052,-0.0028,25.92,26.1,16729,19032,2.091,2.379,6.273,7.137,502,502,51,51,0,0,0,0,,,,,,,,,,,,,,,,,0,0,0,0
2026-09-28T21:55:23.607971+09:00,129998621,41d8b32a,2026-09-28T21:55:23.607971+09:00,2026-09-28T21:55:23.648809+09:00,rail-left-01,rail-right-01,0.6.7-draft,0.6.7-draft,mqtt,mqtt,847.55,731.21,6.583,6.707,-0.218,-0.178,0.126,-0.18,10.313,9.735,-0.0636,0.0292,0.0426,0.056,-0.0063,-0.0064,25.94,26.15,16717,19024,2.09,2.378,6.269,7.134,503,503,51,51,0,0,0,0,,,,,,,,,,,,,,,,,0,0,0,0
2026-09-28T21:55:23.627918+09:00,130018569,41d8b32a,2026-09-28T21:55:23.627918+09:00,2026-09-28T21:55:23.668757+09:00,rail-left-01,rail-right-01,0.6.7-draft,0.6.7-draft,mqtt,mqtt,848.64,732.2,6.572,6.706,0.034,0.13,0.029,-0.362,10.299,9.552,-0.0701,0.0292,0.0401,0.0572,-0.0061,-0.008,25.92,26.11,16691,19023,2.086,2.378,6.259,7.134,504,504,51,51,0,0,0,0,,,,,,,,,,,,,,,,,0,0,0,0
2026-09-28T21:55:23.648173+09:00,130038823,41d8b32a,2026-09-28T21:55:23.648173+09:00,2026-09-28T21:55:23.689011+09:00,rail-left-01,rail-right-01,0.6.7-draft,0.6.7-draft,mqtt,mqtt,849.73,733.15,6.551,6.698,-0.162,-0.159,0.377,-0.139,10.348,9.698,-0.0689,0.0328,0.0396,0.0601,-0.0048,0.0001,25.94,26.1,16638,19004,2.08,2.376,6.239,7.127,505,505,51,51,0,0,0,0,,,,,,,,,,,,,,,,,0,0,0,0
2026-09-28T21:55:23.668276+09:00,130058927,41d8b32a,2026-09-28T21:55:23.668276+09:00,2026-09-28T21:55:23.709115+09:00,rail-left-01,rail-right-01,0.6.7-draft,0.6.7-draft,mqtt,mqtt,850.88,734.14,6.503,6.685,-0.158,-0.081,0.241,-0.351,10.942,9.802,-0.067,0.0281,0.035,0.0573,-0.0069,-0.0068,25.95,26.11,16518,18975,2.065,2.372,6.194,7.116,506,506,51,51,0,0,0,0,,,,,,,,,,,,,,,,,0,0,0,0
2026-09-28T21:55:23.687865+09:00,130078515,41d8b32a,2026-09-28T21:55:23.687865+09:00,2026-09-28T21:55:23.728703+09:00,rail-left-01,rail-right-01,0.6.7-draft,0.6.7-draft,mqtt,mqtt,851.92,735.08,6.53,6.683,-0.104,-0.036,-0.244,-0.394,10.523,9.942,-0.0574,0.034,0.0248,0.0556,-0.0087,-0.0039,25.92,26.12,16586,18972,2.073,2.372,6.22,7.115,507,507,51,51,0,0,0,0,,,,,,,,,,,,,,,,,0,0,0,0
2026-09-28T21:55:23.707919+09:00,130098569,41d8b32a,2026-09-28T21:55:23.707919+09:00,2026-09-28T21:55:23.748757+09:00,rail-left-01,rail-right-01,0.6.7-draft,0.6.7-draft,mqtt,mqtt,853.07,736.03,6.554,6.676,0.044,0.037,0.09,0.053,10.527,9.901,-0.0608,0.0345,0.0312,0.0533,-0.008,0.0011,25.92,26.12,16646,18955,2.081,2.369,6.242,7.108,508,508,51,51,0,0,0,0,,,,,,,,,,,,,,,,,0,0,0,0
2026-09-28T21:55:23.727865+09:00,130118516,41d8b32a,2026-09-28T21:55:23.727865+09:00,2026-09-28T21:55:23.768704+09:00,rail-left-01,rail-right-01,0.6.7-draft,0.6.7-draft,mqtt,mqtt,854.16,736.97,6.565,6.679,-0.101,-0.141,-0.077,-0.32,10.449,9.638,-0.064,0.0325,0.0381,0.0584,-0.0131,-0.0077,25.93,26.12,16673,18962,2.084,2.37,6.252,7.111,509,509,51,51,0,0,0,0,,,,,,,,,,,,,,,,,0,0,0,0
2026-09-28T21:55:23.748069+09:00,130138719,41d8b32a,2026-09-28T21:55:23.748069+09:00,2026-09-28T21:55:23.788907+09:00,rail-left-01,rail-right-01,0.6.7-draft,0.6.7-draft,mqtt,mqtt,855.25,737.97,6.553,6.677,-0.066,-0.054,0.225,-0.141,10.636,9.718,-0.0673,0.0334,0.0376,0.0533,-0.0127,-0.0033,25.92,26.13,16643,18959,2.08,2.37,6.241,7.11,510,510,51,51,0,0,0,0,,,,,,,,,,,,,,,,,0,0,0,0
2026-09-28T21:55:23.835326+09:00,130271446,41d8b32a,2026-09-28T21:55:23.835326+09:00,2026-09-28T21:55:23.927477+09:00,rail-left-01,rail-right-01,0.6.7-draft,0.6.7-draft,mqtt,mqtt,862.56,744.33,6.545,6.673,0.01,0.038,0.134,-0.099,10.253,9.689,-0.0594,0.033,0.0361,0.0509,-0.0097,-0.0015,25.94,26.12,16624,18950,2.078,2.369,6.234,7.106,511,511,52,52,0,0,0,0,,,,,,,,,,,,,,,,,0,0,0,0
2026-09-28T21:55:23.855651+09:00,130291771,41d8b32a,2026-09-28T21:55:23.855651+09:00,2026-09-28T21:55:23.947802+09:00,rail-left-01,rail-right-01,0.6.7-draft,0.6.7-draft,mqtt,mqtt,863.66,745.28,6.497,6.628,-0.14,-0.095,0.262,-0.409,10.526,9.595,-0.063,0.0314,0.0402,0.0594,-0.0128,-0.0061,25.94,26.11,16504,18850,2.063,2.356,6.189,7.069,512,512,52,52,0,0,0,0,,,,,,,,,,,,,,,,,0,0,0,0
2026-09-28T21:55:23.875461+09:00,130311581,41d8b32a,2026-09-28T21:55:23.875461+09:00,2026-09-28T21:55:23.967611+09:00,rail-left-01,rail-right-01,0.6.7-draft,0.6.7-draft,mqtt,mqtt,864.8,746.22,6.479,6.627,-0.201,-0.128,0.279,-0.235,10.715,9.669,-0.0679,0.0302,0.04,0.0528,-0.0031,-0.0019,25.92,26.09,16459,18848,2.057,2.356,6.172,7.068,513,513,52,52,0,0,0,0,,,,,,,,,,,,,,,,,0,0,0,0
2026-09-28T21:55:23.895422+09:00,130331542,41d8b32a,2026-09-28T21:55:23.895422+09:00,2026-09-28T21:55:23.987573+09:00,rail-left-01,rail-right-01,0.6.7-draft,0.6.7-draft,mqtt,mqtt,865.89,747.17,6.477,6.621,0.066,0.104,0.251,-0.393,10.515,10.029,-0.0669,0.0329,0.0408,0.0532,-0.0063,-0.0089,25.94,26.12,16453,18834,2.057,2.354,6.17,7.063,514,514,52,52,0,0,0,0,,,,,,,,,,,,,,,,,0,0,0,0
2026-09-28T21:55:23.916000+09:00,130352120,41d8b32a,2026-09-28T21:55:23.916000+09:00,2026-09-28T21:55:24.008151+09:00,rail-left-01,rail-right-01,0.6.7-draft,0.6.7-draft,mqtt,mqtt,867.04,748.16,6.479,6.633,-0.128,-0.175,0.041,-0.342,10.5,9.616,-0.0667,0.0289,0.0409,0.051,-0.0039,-0.008,25.96,26.09,16458,18860,2.057,2.358,6.172,7.073,515,515,52,52,0,0,0,0,,,,,,,,,,,,,,,,,0,0,0,0
2026-09-28T21:55:23.935970+09:00,130372090,41d8b32a,2026-09-28T21:55:23.935970+09:00,2026-09-28T21:55:24.028121+09:00,rail-left-01,rail-right-01,0.6.7-draft,0.6.7-draft,mqtt,mqtt,868.13,749.15,6.495,6.631,0.02,0.093,0.022,-0.244,10.343,9.594,-0.0652,0.0338,0.0378,0.0506,-0.01,-0.0068,25.93,26.13,16500,18855,2.062,2.357,6.188,7.071,516,516,52,52,0,0,0,0,,,,,,,,,,,,,,,,,0,0,0,0
2026-09-28T21:55:23.955550+09:00,130391670,41d8b32a,2026-09-28T21:55:23.955550+09:00,2026-09-28T21:55:24.047701+09:00,rail-left-01,rail-right-01,0.6.7-draft,0.6.7-draft,mqtt,mqtt,869.17,750.05,6.504,6.631,-0.242,-0.178,0.101,-0.037,10.716,9.62,-0.0609,0.0321,0.0401,0.0493,-0.0145,-0.0047,25.92,26.11,16521,18855,2.065,2.357,6.195,7.071,517,517,52,52,0,0,0,0,,,,,,,,,,,,,,,,,0,0,0,0
2026-09-28T21:55:23.975492+09:00,130411612,41d8b32a,2026-09-28T21:55:23.975492+09:00,2026-09-28T21:55:24.067643+09:00,rail-left-01,rail-right-01,0.6.7-draft,0.6.7-draft,mqtt,mqtt,870.32,751.04,6.559,6.627,0.074,0.032,-0.085,-0.442,10.524,9.94,-0.0596,0.0356,0.026,0.0517,-0.0157,-0.0093,25.92,26.13,16657,18847,2.082,2.356,6.246,7.068,518,518,52,52,0,0,0,0,,,,,,,,,,,,,,,,,0,0,0,0
2026-09-28T21:55:23.995454+09:00,130431574,41d8b32a,2026-09-28T21:55:23.995454+09:00,2026-09-28T21:55:24.087605+09:00,rail-left-01,rail-right-01,0.6.7-draft,0.6.7-draft,mqtt,mqtt,871.41,751.99,6.621,6.619,-0.011,0.063,-0.093,-0.077,10.372,9.889,-0.0593,0.0344,0.0302,0.0542,-0.0132,-0.0088,25.93,26.12,16813,18830,2.102,2.354,6.305,7.061,519,519,52,52,0,0,0,0,,,,,,,,,,,,,,,,,0,0,0,0
2026-09-28T21:55:24.015662+09:00,130451782,41d8b32a,2026-09-28T21:55:24.015662+09:00,2026-09-28T21:55:24.107813+09:00,rail-left-01,rail-right-01,0.6.7-draft,0.6.7-draft,mqtt,mqtt,872.51,752.93,6.631,6.625,-0.099,-0.054,0.138,-0.391,10.445,9.754,-0.0584,0.0308,0.0345,0.0605,-0.0063,-0.0085,25.92,26.11,16837,18843,2.105,2.355,6.314,7.066,520,520,52,52,0,0,0,0,,,,,,,,,,,,,,,,,0,0,0,0
2026-09-28T21:55:24.155477+09:00,130589434,41d8b32a,2026-09-28T21:55:24.155477+09:00,2026-09-28T21:55:24.194373+09:00,rail-left-01,rail-right-01,0.6.7-draft,0.6.7-draft,mqtt,mqtt,880.11,759.55,6.62,6.624,-0.04,0.103,-0.127,-0.376,10.587,9.995,-0.0717,0.0297,0.035,0.0529,-0.012,-0.0121,25.93,26.13,16811,18840,2.101,2.355,6.304,7.065,521,521,53,53,0,0,0,0,,,,,,,,,,,,,,,,,0,0,0,0
2026-09-28T21:55:24.175514+09:00,130609471,41d8b32a,2026-09-28T21:55:24.175514+09:00,2026-09-28T21:55:24.214410+09:00,rail-left-01,rail-right-01,0.6.7-draft,0.6.7-draft,mqtt,mqtt,881.21,760.49,6.636,6.631,-0.195,-0.209,0.075,-0.2,10.646,9.464,-0.067,0.0313,0.0342,0.0538,-0.0057,-0.0055,25.91,26.1,16849,18855,2.106,2.357,6.318,7.071,522,522,53,53,0,0,0,0,,,,,,,,,,,,,,,,,0,0,0,0
2026-09-28T21:55:24.195633+09:00,130629590,41d8b32a,2026-09-28T21:55:24.195633+09:00,2026-09-28T21:55:24.234529+09:00,rail-left-01,rail-right-01,0.6.7-draft,0.6.7-draft,mqtt,mqtt,882.35,761.44,6.665,6.626,0.199,0.271,-0.148,-0.075,10.167,9.564,-0.0618,0.0336,0.0352,0.0585,-0.0093,-0.0104,25.92,26.12,16921,18844,2.115,2.356,6.345,7.067,523,523,53,53,0,0,0,0,,,,,,,,,,,,,,,,,0,0,0,0
2026-09-28T21:55:24.215587+09:00,130649544,41d8b32a,2026-09-28T21:55:24.215587+09:00,2026-09-28T21:55:24.254483+09:00,rail-left-01,rail-right-01,0.6.7-draft,0.6.7-draft,mqtt,mqtt,883.44,762.43,6.664,6.638,-0.163,-0.117,-0.004,-0.141,10.245,9.764,-0.0641,0.0332,0.0417,0.0594,-0.0075,-0.0061,25.92,26.12,16920,18872,2.115,2.359,6.345,7.077,524,524,53,53,0,0,0,0,,,,,,,,,,,,,,,,,0,0,0,0
2026-09-28T21:55:24.235720+09:00,130669677,41d8b32a,2026-09-28T21:55:24.235720+09:00,2026-09-28T21:55:24.274616+09:00,rail-left-01,rail-right-01,0.6.7-draft,0.6.7-draft,mqtt,mqtt,884.54,763.37,6.644,6.649,-0.06,-0.028,0.346,-0.426,10.581,9.838,-0.062,0.0312,0.0384,0.0585,-0.0115,-0.0023,25.93,26.11,16870,18895,2.109,2.362,6.326,7.086,525,525,53,53,0,0,0,0,,,,,,,,,,,,,,,,,0,0,0,0
2026-09-28T21:55:24.255491+09:00,130689448,41d8b32a,2026-09-28T21:55:24.255491+09:00,2026-09-28T21:55:24.294387+09:00,rail-left-01,rail-right-01,0.6.7-draft,0.6.7-draft,mqtt,mqtt,885.68,764.32,6.624,6.652,-0.016,0.012,0.123,-0.169,10.429,9.576,-0.0614,0.0324,0.0448,0.0597,-0.0131,-0.0067,25.93,26.13,16819,18902,2.102,2.363,6.307,7.088,526,526,53,53,0,0,0,0,,,,,,,,,,,,,,,,,0,0,0,0
2026-09-28T21:55:24.275645+09:00,130709602,41d8b32a,2026-09-28T21:55:24.275645+09:00,2026-09-28T21:55:24.314541+09:00,rail-left-01,rail-right-01,0.6.7-draft,0.6.7-draft,mqtt,mqtt,886.77,765.26,6.612,6.665,-0.174,-0.172,0.283,-0.286,10.148,9.571,-0.0674,0.0312,0.0406,0.0609,-0.0111,-0.0055,25.93,26.11,16791,18931,2.099,2.366,6.297,7.099,527,527,53,53,0,0,0,0,,,,,,,,,,,,,,,,,0,0,0,0
2026-09-28T21:55:24.295600+09:00,130729557,41d8b32a,2026-09-28T21:55:24.295600+09:00,2026-09-28T21:55:24.334496+09:00,rail-left-01,rail-right-01,0.6.7-draft,0.6.7-draft,mqtt,mqtt,887.87,766.21,6.595,6.664,-0.028,0.095,0.141,-0.142,10.523,9.934,-0.0658,0.03,0.0396,0.0601,-0.0104,-0.0097,25.92,26.1,16748,18929,2.094,2.366,6.281,7.098,528,528,53,53,0,0,0,0,,,,,,,,,,,,,,,,,0,0,0,0
2026-09-28T21:55:24.315560+09:00,130749517,41d8b32a,2026-09-28T21:55:24.315560+09:00,2026-09-28T21:55:24.354456+09:00,rail-left-01,rail-right-01,0.6.7-draft,0.6.7-draft,mqtt,mqtt,889.01,767.2,6.574,6.683,-0.168,-0.172,-0.007,-0.316,10.398,9.887,-0.0666,0.0296,0.0389,0.0605,-0.0104,-0.0067,25.92,26.13,16696,18972,2.087,2.372,6.261,7.115,529,529,53,53,0,0,0,0,,,,,,,,,,,,,,,,,0,0,0,0
2026-09-28T21:55:24.335597+09:00,130769554,41d8b32a,2026-09-28T21:55:24.335597+09:00,2026-09-28T21:55:24.374493+09:00,rail-left-01,rail-right-01,0.6.7-draft,0.6.7-draft,mqtt,mqtt,890.11,768.15,6.57,6.692,0.007,0.042,0.012,-0.408,10.562,9.59,-0.0689,0.0302,0.0381,0.0573,-0.01,-0.0036,25.92,26.1,16686,18991,2.086,2.374,6.257,7.122,530,530,53,53,0,0,0,0,,,,,,,,,,,,,,,,,0,0,0,0
2026-09-28T21:55:24.424553+09:00,130858459,41d8b32a,2026-09-28T21:55:24.424553+09:00,2026-09-28T21:55:24.462956+09:00,rail-left-01,rail-right-01,0.6.7-draft,0.6.7-draft,mqtt,mqtt,895.03,772.37,6.559,6.694,-0.108,-0.101,-0.201,-0.408,10.442,9.712,-0.0654,0.0322,0.0438,0.0602,-0.0135,-0.0088,25.92,26.12,16659,18996,2.082,2.375,6.247,7.123,531,531,54,54,0,0,0,0,,,,,,,,,,,,,,,,,0,0,0,0
2026-09-28T21:55:24.444706+09:00,130878612,41d8b32a,2026-09-28T21:55:24.444706+09:00,2026-09-28T21:55:24.483109+09:00,rail-left-01,rail-right-01,0.6.7-draft,0.6.7-draft,mqtt,mqtt,896.17,773.37,6.53,6.736,0.09,0.117,-0.105,0.074,10.247,9.774,-0.0757,0.0318,0.0416,0.0592,-0.0104,-0.0099,25.94,26.13,16587,19088,2.073,2.386,6.22,7.158,532,532,54,54,0,0,0,0,,,,,,,,,,,,,,,,,0,0,0,0
2026-09-28T21:55:24.464633+09:00,130898539,41d8b32a,2026-09-28T21:55:24.464633+09:00,2026-09-28T21:55:24.503035+09:00,rail-left-01,rail-right-01,0.6.7-draft,0.6.7-draft,mqtt,mqtt,897.27,774.31,6.558,6.755,-0.12,-0.023,-0.299,-0.26,10.484,9.633,-0.0755,0.0333,0.0333,0.0482,-0.0084,-0.0043,25.93,26.1,16656,19130,2.082,2.391,6.246,7.174,533,533,54,54,0,0,0,0,,,,,,,,,,,,,,,,,0,0,0,0
2026-09-28T21:55:24.484713+09:00,130918620,41d8b32a,2026-09-28T21:55:24.484713+09:00,2026-09-28T21:55:24.523116+09:00,rail-left-01,rail-right-01,0.6.7-draft,0.6.7-draft,mqtt,mqtt,898.41,775.26,6.591,6.76,0.051,0.043,-0.049,-0.304,10.275,9.613,-0.0721,0.0321,0.0365,0.0541,-0.0081,-0.006,25.94,26.12,16738,19142,2.092,2.393,6.277,7.178,534,534,54,54,0,0,0,0,,,,,,,,,,,,,,,,,0,0,0,0
2026-09-28T21:55:24.504790+09:00,130938696,41d8b32a,2026-09-28T21:55:24.504790+09:00,2026-09-28T21:55:24.543192+09:00,rail-left-01,rail-right-01,0.6.7-draft,0.6.7-draft,mqtt,mqtt,899.5,776.2,6.584,6.76,-0.139,-0.08,0.269,-0.196,10.491,9.644,-0.0682,0.0357,0.0397,0.0573,-0.0087,-0.0032,25.92,26.11,16721,19143,2.09,2.393,6.27,7.179,535,535,54,54,0,0,0,0,,,,,,,,,,,,,,,,,0,0,0,0
2026-09-28T21:55:24.524788+09:00,130958694,41d8b32a,2026-09-28T21:55:24.524788+09:00,2026-09-28T21:55:24.563191+09:00,rail-left-01,rail-right-01,0.6.7-draft,0.6.7-draft,mqtt,mqtt,900.65,777.15,6.579,6.765,-0.098,-0.074,0.284,-0.296,10.233,9.689,-0.0697,0.0314,0.0384,0.0573,-0.0096,-0.0061,25.94,26.13,16708,19153,2.089,2.394,6.266,7.182,536,536,54,54,0,0,0,0,,,,,,,,,,,,,,,,,0,0,0,0
2026-09-28T21:55:24.544725+09:00,130978631,41d8b32a,2026-09-28T21:55:24.544725+09:00,2026-09-28T21:55:24.583128+09:00,rail-left-01,rail-right-01,0.6.7-draft,0.6.7-draft,mqtt,mqtt,901.74,778.09,6.575,6.755,-0.093,-0.004,0.287,-0.006,10.372,9.692,-0.0679,0.0336,0.0386,0.057,-0.0104,-0.0065,25.9,26.11,16697,19131,2.087,2.391,6.261,7.174,537,537,54,54,0,0,0,0,,,,,,,,,,,,,,,,,0,0,0,0
2026-09-28T21:55:24.564684+09:00,130998590,41d8b32a,2026-09-28T21:55:24.564684+09:00,2026-09-28T21:55:24.603086+09:00,rail-left-01,rail-right-01,0.6.7-draft,0.6.7-draft,mqtt,mqtt,902.83,779.09,6.581,6.766,-0.023,-0.04,0.132,-0.48,10.518,9.674,-0.0679,0.0341,0.04,0.0597,-0.0099,-0.0061,25.91,26.13,16712,19156,2.089,2.395,6.267,7.184,538,538,54,54,0,0,0,0,,,,,,,,,,,,,,,,,0,0,0,0
2026-09-28T21:55:24.584669+09:00,131018575,41d8b32a,2026-09-28T21:55:24.584669+09:00,2026-09-28T21:55:24.623072+09:00,rail-left-01,rail-right-01,0.6.7-draft,0.6.7-draft,mqtt,mqtt,903.98,780.03,6.586,6.766,-0.065,-0.09,0.036,-0.257,10.209,9.651,-0.0722,0.031,0.0389,0.0566,-0.0111,-0.0107,25.94,26.12,16725,19155,2.091,2.394,6.272,7.183,539,539,54,54,0,0,0,0,,,,,,,,,,,,,,,,,0,0,0,0
2026-09-28T21:55:24.604967+09:00,131038873,41d8b32a,2026-09-28T21:55:24.604967+09:00,2026-09-28T21:55:24.643369+09:00,rail-left-01,rail-right-01,0.6.7-draft,0.6.7-draft,mqtt,mqtt,905.12,780.97,6.589,6.768,-0.038,-0.029,0.092,-0.095,10.72,9.889,-0.0681,0.0316,0.0362,0.0524,-0.0113,-0.0059,25.93,26.12,16733,19160,2.092,2.395,6.275,7.185,540,540,54,54,0,0,0,0,,,,,,,,,,,,,,,,,0,0,0,0
2026-09-28T21:55:24.688903+09:00,131124457,41d8b32a,2026-09-28T21:55:24.688903+09:00,2026-09-28T21:55:24.773193+09:00,rail-left-01,rail-right-01,0.6.7-draft,0.6.7-draft,mqtt,mqtt,909.84,785.1,6.596,6.772,-0.081,-0.095,-0.026,-0.269,10.393,9.743,-0.0675,0.0348,0.0342,0.0537,-0.0112,-0.0092,25.92,26.11,16750,19169,2.094,2.396,6.281,7.188,541,541,55,55,0,0,0,0,,,,,,,,,,,,,,,,,0,0,0,0
2026-09-28T21:55:24.709024+09:00,131144577,41d8b32a,2026-09-28T21:55:24.709024+09:00,2026-09-28T21:55:24.793314+09:00,rail-left-01,rail-right-01,0.6.7-draft,0.6.7-draft,mqtt,mqtt,910.99,786.05,6.637,6.741,-0.02,-0.053,-0.002,-0.134,10.441,9.822,-0.0677,0.0322,0.0361,0.0548,-0.0083,-0.0043,25.91,26.12,16852,19099,2.107,2.387,6.32,7.162,542,542,55,55,0,0,0,0,,,,,,,,,,,,,,,,,0,0,0,0
2026-09-28T21:55:24.728927+09:00,131164480,41d8b32a,2026-09-28T21:55:24.728927+09:00,2026-09-28T21:55:24.813217+09:00,rail-left-01,rail-right-01,0.6.7-draft,0.6.7-draft,mqtt,mqtt,912.08,786.99,6.639,6.72,-0.072,-0.031,0.016,-0.141,10.47,9.993,-0.0683,0.0345,0.0329,0.0528,-0.0097,-0.0075,25.93,26.12,16857,19053,2.107,2.382,6.321,7.145,543,543,55,55,0,0,0,0,,,,,,,,,,,,,,,,,0,0,0,0
2026-09-28T21:55:24.749013+09:00,131184566,41d8b32a,2026-09-28T21:55:24.749013+09:00,2026-09-28T21:55:24.833303+09:00,rail-left-01,rail-right-01,0.6.7-draft,0.6.7-draft,mqtt,mqtt,913.23,787.98,6.645,6.721,-0.044,-0.018,-0.175,-0.363,10.351,9.675,-0.0679,0.0328,0.0384,0.0582,-0.0077,-0.0045,25.93,26.11,16872,19055,2.109,2.382,6.327,7.146,544,544,55,55,0,0,0,0,,,,,,,,,,,,,,,,,0,0,0,0
2026-09-28T21:55:24.769134+09:00,131204687,41d8b32a,2026-09-28T21:55:24.769134+09:00,2026-09-28T21:55:24.853423+09:00,rail-left-01,rail-right-01,0.6.7-draft,0.6.7-draft,mqtt,mqtt,914.32,788.93,6.649,6.71,-0.042,-0.001,-0.011,-0.117,10.403,9.576,-0.0666,0.0328,0.0334,0.0522,-0.0064,-0.0025,25.91,26.1,16881,19032,2.11,2.379,6.33,7.137,545,545,55,55,0,0,0,0,,,,,,,,,,,,,,,,,0,0,0,0
2026-09-28T21:55:24.789092+09:00,131224645,41d8b32a,2026-09-28T21:55:24.789092+09:00,2026-09-28T21:55:24.873381+09:00,rail-left-01,rail-right-01,0.6.7-draft,0.6.7-draft,mqtt,mqtt,915.41,789.87,6.658,6.688,-0.075,-0.077,0.091,-0.346,10.369,9.606,-0.0669,0.0326,0.0341,0.0533,-0.0071,-0.0036,25.92,26.11,16905,18983,2.113,2.373,6.339,7.119,546,546,55,55,0,0,0,0,,,,,,,,,,,,,,,,,0,0,0,0
2026-09-28T21:55:24.809051+09:00,131244604,41d8b32a,2026-09-28T21:55:24.809051+09:00,2026-09-28T21:55:24.893340+09:00,rail-left-01,rail-right-01,0.6.7-draft,0.6.7-draft,mqtt,mqtt,916.56,790.87,6.658,6.657,-0.119,0.011,-0.006,-0.129,10.441,9.764,-0.0666,0.0294,0.0273,0.044,-0.0079,-0.0069,25.91,26.14,16904,18914,2.113,2.364,6.339,7.093,547,547,55,55,0,0,0,0,,,,,,,,,,,,,,,,,0,0,0,0
2026-09-28T21:55:24.828970+09:00,131264523,41d8b32a,2026-09-28T21:55:24.828970+09:00,2026-09-28T21:55:24.913260+09:00,rail-left-01,rail-right-01,0.6.7-draft,0.6.7-draft,mqtt,mqtt,917.65,791.81,6.671,6.584,-0.016,0.012,0.159,-0.306,10.452,9.659,-0.0683,0.028,0.0262,0.0452,-0.0072,-0.0044,25.91,26.12,16936,18751,2.117,2.344,6.351,7.032,548,548,55,55,0,0,0,0,,,,,,,,,,,,,,,,,0,0,0,0
2026-09-28T21:55:24.848915+09:00,131284469,41d8b32a,2026-09-28T21:55:24.848915+09:00,2026-09-28T21:55:24.933205+09:00,rail-left-01,rail-right-01,0.6.7-draft,0.6.7-draft,mqtt,mqtt,918.79,792.76,6.663,6.508,0.017,0.029,0.573,-0.06,10.355,9.923,-0.0629,0.0341,0.0336,0.0525,-0.0087,-0.008,25.92,26.12,16916,18584,2.115,2.323,6.344,6.969,549,549,55,55,0,0,0,0,,,,,,,,,,,,,,,,,0,0,0,0
2026-09-28T21:55:24.869403+09:00,131304956,41d8b32a,2026-09-28T21:55:24.869403+09:00,2026-09-28T21:55:24.953692+09:00,rail-left-01,rail-right-01,0.6.7-draft,0.6.7-draft,mqtt,mqtt,919.94,793.75,6.671,6.488,-0.114,-0.043,-0.11,-0.528,10.531,9.596,-0.0674,0.0365,0.0378,0.0558,-0.0085,-0.0077,25.93,26.13,16937,18538,2.117,2.317,6.351,6.952,550,550,55,55,0,0,0,0,,,,,,,,,,,,,,,,,0,0,0,0
2026-09-28T21:55:25.007418+09:00,131434399,41d8b32a,2026-09-28T21:55:25.007418+09:00,2026-09-28T21:55:25.044338+09:00,rail-left-01,rail-right-01,0.6.7-draft,0.6.7-draft,mqtt,mqtt,927.15,800.02,6.665,6.478,-0.045,-0.017,0.001,-0.419,10.542,9.742,-0.0678,0.03,0.034,0.0549,-0.0077,-0.0108,25.91,26.13,16922,18516,2.115,2.315,6.346,6.944,551,551,56,56,0,0,0,0,,,,,,,,,,,,,,,,,0,0,0,0
2026-09-28T21:55:25.027541+09:00,131454522,41d8b32a,2026-09-28T21:55:25.027541+09:00,2026-09-28T21:55:25.064461+09:00,rail-left-01,rail-right-01,0.6.7-draft,0.6.7-draft,mqtt,mqtt,928.24,800.96,6.637,6.431,-0.067,-0.056,-0.074,-0.36,10.424,9.602,-0.0682,0.0277,0.0349,0.0566,-0.0084,-0.0105,25.93,26.13,16852,18412,2.107,2.302,6.32,6.905,552,552,56,56,0,0,0,0,,,,,,,,,,,,,,,,,0,0,0,0
2026-09-28T21:55:25.047482+09:00,131474463,41d8b32a,2026-09-28T21:55:25.047482+09:00,2026-09-28T21:55:25.084402+09:00,rail-left-01,rail-right-01,0.6.7-draft,0.6.7-draft,mqtt,mqtt,929.33,801.96,6.628,6.427,-0.053,0.019,-0.02,-0.074,10.722,9.497,-0.0673,0.0358,0.037,0.0518,-0.0073,-0.0041,25.93,26.11,16830,18404,2.104,2.301,6.311,6.902,553,553,56,56,0,0,0,0,,,,,,,,,,,,,,,,,0,0,0,0
2026-09-28T21:55:25.067580+09:00,131494561,41d8b32a,2026-09-28T21:55:25.067580+09:00,2026-09-28T21:55:25.104500+09:00,rail-left-01,rail-right-01,0.6.7-draft,0.6.7-draft,mqtt,mqtt,930.48,802.9,6.648,6.421,-0.134,-0.13,0.054,-0.263,10.199,9.819,-0.0646,0.0324,0.0337,0.0538,-0.0067,-0.008,25.93,26.13,16879,18390,2.11,2.299,6.33,6.896,554,554,56,56,0,0,0,0,,,,,,,,,,,,,,,,,0,0,0,0
2026-09-28T21:55:25.087466+09:00,131514447,41d8b32a,2026-09-28T21:55:25.087466+09:00,2026-09-28T21:55:25.124386+09:00,rail-left-01,rail-right-01,0.6.7-draft,0.6.7-draft,mqtt,mqtt,931.57,803.84,6.65,6.404,0.035,0.073,-0.11,-0.056,10.679,9.856,-0.0667,0.0305,0.0353,0.053,-0.0092,-0.0084,25.92,26.12,16884,18352,2.111,2.294,6.332,6.882,555,555,56,56,0,0,0,0,,,,,,,,,,,,,,,,,0,0,0,0
2026-09-28T21:55:25.107594+09:00,131534575,41d8b32a,2026-09-28T21:55:25.107594+09:00,2026-09-28T21:55:25.144514+09:00,rail-left-01,rail-right-01,0.6.7-draft,0.6.7-draft,mqtt,mqtt,932.71,804.84,6.667,6.409,0.002,0.026,0.124,-0.335,10.399,9.658,-0.0682,0.0317,0.0322,0.0478,-0.0041,-0.0009,25.89,26.1,16927,18364,2.116,2.296,6.348,6.887,556,556,56,56,0,0,0,0,,,,,,,,,,,,,,,,,0,0,0,0
2026-09-28T21:55:25.127621+09:00,131554602,41d8b32a,2026-09-28T21:55:25.127621+09:00,2026-09-28T21:55:25.164541+09:00,rail-left-01,rail-right-01,0.6.7-draft,0.6.7-draft,mqtt,mqtt,933.81,805.78,6.687,6.4,-0.056,-0.024,0.259,-0.084,10.426,9.465,-0.0663,0.0305,0.038,0.0525,-0.0069,-0.0105,25.91,26.13,16978,18343,2.122,2.293,6.367,6.879,557,557,56,56,0,0,0,0,,,,,,,,,,,,,,,,,0,0,0,0
2026-09-28T21:55:25.147540+09:00,131574521,41d8b32a,2026-09-28T21:55:25.147540+09:00,2026-09-28T21:55:25.184460+09:00,rail-left-01,rail-right-01,0.6.7-draft,0.6.7-draft,mqtt,mqtt,934.9,806.73,6.704,6.389,-0.013,0.036,-0.028,-0.365,10.215,9.689,-0.0659,0.0345,0.0329,0.051,-0.0061,-0.0045,25.91,26.12,17019,18318,2.127,2.29,6.382,6.869,558,558,56,56,0,0,0,0,,,,,,,,,,,,,,,,,0,0,0,0
2026-09-28T21:55:25.167429+09:00,131594410,41d8b32a,2026-09-28T21:55:25.167429+09:00,2026-09-28T21:55:25.204349+09:00,rail-left-01,rail-right-01,0.6.7-draft,0.6.7-draft,mqtt,mqtt,936.05,807.72,6.712,6.363,-0.034,-0.013,0.23,-0.017,10.427,10.01,-0.0634,0.0344,0.0328,0.0509,-0.0084,-0.0063,25.89,26.11,17038,18262,2.13,2.283,6.389,6.848,559,559,56,56,0,0,0,0,,,,,,,,,,,,,,,,,0,0,0,0
2026-09-28T21:55:25.187446+09:00,131614427,41d8b32a,2026-09-28T21:55:25.187446+09:00,2026-09-28T21:55:25.224366+09:00,rail-left-01,rail-right-01,0.6.7-draft,0.6.7-draft,mqtt,mqtt,937.14,808.67,6.727,6.361,-0.08,-0.055,0.16,-0.441,10.399,9.893,-0.0663,0.0257,0.0385,0.0582,-0.0117,-0.01,25.91,26.12,17077,18256,2.135,2.282,6.404,6.846,560,560,56,56,0,0,0,0,,,,,,,,,,,,,,,,,0,0,0,0
2026-09-28T21:55:25.268838+09:00,131705414,41d8b32a,2026-09-28T21:55:25.268838+09:00,2026-09-28T21:55:25.354547+09:00,rail-left-01,rail-right-01,0.6.7-draft,0.6.7-draft,mqtt,mqtt,942.21,813.04,6.728,6.367,-0.019,-0.006,0.04,-0.383,10.387,9.567,-0.067,0.0296,0.039,0.0549,-0.012,-0.0077,25.89,26.12,17079,18271,2.135,2.284,6.405,6.852,561,561,57,57,0,0,0,0,,,,,,,,,,,,,,,,,0,0,0,0
2026-09-28T21:55:25.288940+09:00,131725516,41d8b32a,2026-09-28T21:55:25.288940+09:00,2026-09-28T21:55:25.374649+09:00,rail-left-01,rail-right-01,0.6.7-draft,0.6.7-draft,mqtt,mqtt,943.3,813.99,6.733,6.4,-0.165,-0.078,0.214,0.011,10.539,9.767,-0.0636,0.0308,0.0368,0.0584,-0.0112,-0.0125,25.92,26.15,17092,18343,2.137,2.293,6.41,6.879,562,562,57,57,0,0,0,0,,,,,,,,,,,,,,,,,0,0,0,0
2026-09-28T21:55:25.308940+09:00,131745516,41d8b32a,2026-09-28T21:55:25.308940+09:00,2026-09-28T21:55:25.394649+09:00,rail-left-01,rail-right-01,0.6.7-draft,0.6.7-draft,mqtt,mqtt,944.4,814.98,6.753,6.407,-0.007,0.05,-0.189,-0.377,10.576,9.839,-0.0654,0.0325,0.034,0.0534,-0.0077,-0.0063,25.92,26.11,17142,18359,2.143,2.295,6.428,6.885,563,563,57,57,0,0,0,0,,,,,,,,,,,,,,,,,0,0,0,0
2026-09-28T21:55:25.328875+09:00,131765451,41d8b32a,2026-09-28T21:55:25.328875+09:00,2026-09-28T21:55:25.414584+09:00,rail-left-01,rail-right-01,0.6.7-draft,0.6.7-draft,mqtt,mqtt,945.54,815.93,6.801,6.405,-0.096,-0.116,0.108,-0.054,10.485,9.717,-0.0593,0.0266,0.0304,0.0536,-0.0076,-0.0075,25.91,26.13,17261,18354,2.158,2.294,6.473,6.883,564,564,57,57,0,0,0,0,,,,,,,,,,,,,,,,,0,0,0,0
2026-09-28T21:55:25.348917+09:00,131785493,41d8b32a,2026-09-28T21:55:25.348917+09:00,2026-09-28T21:55:25.434626+09:00,rail-left-01,rail-right-01,0.6.7-draft,0.6.7-draft,mqtt,mqtt,946.64,816.87,6.849,6.403,0.001,0.041,0.198,-0.345,10.581,9.544,-0.0602,0.0314,0.0349,0.0501,-0.0083,-0.0033,25.92,26.09,17380,18351,2.173,2.294,6.518,6.882,565,565,57,57,0,0,0,0,,,,,,,,,,,,,,,,,0,0,0,0
2026-09-28T21:55:25.369370+09:00,131805946,41d8b32a,2026-09-28T21:55:25.369370+09:00,2026-09-28T21:55:25.455079+09:00,rail-left-01,rail-right-01,0.6.7-draft,0.6.7-draft,mqtt,mqtt,947.78,817.87,6.904,6.412,-0.09,-0.061,0.051,-0.306,10.448,9.471,-0.0634,0.0328,0.0356,0.0572,-0.0051,-0.0085,25.9,26.12,17517,18371,2.19,2.296,6.569,6.889,566,566,57,57,0,0,0,0,,,,,,,,,,,,,,,,,0,0,0,0
2026-09-28T21:55:25.388927+09:00,131825503,41d8b32a,2026-09-28T21:55:25.388927+09:00,2026-09-28T21:55:25.474636+09:00,rail-left-01,rail-right-01,0.6.7-draft,0.6.7-draft,mqtt,mqtt,948.87,818.81,6.933,6.416,0.036,0.096,0.116,-0.107,10.453,9.679,-0.0673,0.0337,0.0332,0.0561,-0.0007,-0.0004,25.91,26.12,17590,18378,2.199,2.297,6.596,6.892,567,567,57,57,0,0,0,0,,,,,,,,,,,,,,,,,0,0,0,0
2026-09-28T21:55:25.408977+09:00,131845553,41d8b32a,2026-09-28T21:55:25.408977+09:00,2026-09-28T21:55:25.494686+09:00,rail-left-01,rail-right-01,0.6.7-draft,0.6.7-draft,mqtt,mqtt,949.97,819.75,6.992,6.439,-0.044,-0.079,-0.199,-0.209,10.469,9.802,-0.0662,0.0318,0.038,0.0592,-0.006,-0.0081,25.9,26.12,17737,18431,2.217,2.304,6.651,6.912,568,568,57,57,0,0,0,0,,,,,,,,,,,,,,,,,0,0,0,0
2026-09-28T21:55:25.428909+09:00,131865485,41d8b32a,2026-09-28T21:55:25.428909+09:00,2026-09-28T21:55:25.514618+09:00,rail-left-01,rail-right-01,0.6.7-draft,0.6.7-draft,mqtt,mqtt,951.06,820.75,7.072,6.489,-0.06,0.038,0.19,-0.418,10.587,9.664,-0.0687,0.0313,0.0352,0.0526,-0.0063,-0.0013,25.91,26.09,17936,18541,2.242,2.318,6.726,6.953,569,569,57,57,0,0,0,0,,,,,,,,,,,,,,,,,0,0,0,0
2026-09-28T21:55:25.448949+09:00,131885525,41d8b32a,2026-09-28T21:55:25.448949+09:00,2026-09-28T21:55:25.534658+09:00,rail-left-01,rail-right-01,0.6.7-draft,0.6.7-draft,mqtt,mqtt,952.2,821.69,7.189,6.558,-0.045,-0.066,0.019,-0.211,10.44,9.71,-0.0659,0.0321,0.0394,0.0577,-0.0088,-0.0085,25.9,26.14,18227,18694,2.278,2.337,6.835,7.01,570,570,57,57,0,0,0,0,,,,,,,,,,,,,,,,,0,0,0,0
2026-09-28T21:55:25.632242+09:00,132015446,41d8b32a,2026-09-28T21:55:25.632242+09:00,2026-09-28T21:55:25.716746+09:00,rail-left-01,rail-right-01,0.6.7-draft,0.6.7-draft,mqtt,mqtt,959.41,827.91,7.252,6.609,-0.006,-0.043,0.134,-0.329,10.487,9.655,-0.0655,0.0282,0.039,0.0557,-0.0087,-0.0072,25.9,26.12,18383,18808,2.298,2.351,6.894,7.053,571,571,58,58,0,0,0,0,,,,,,,,,,,,,,,,,0,0,0,0
2026-09-28T21:55:25.652402+09:00,132035606,41d8b32a,2026-09-28T21:55:25.652402+09:00,2026-09-28T21:55:25.736906+09:00,rail-left-01,rail-right-01,0.6.7-draft,0.6.7-draft,mqtt,mqtt,960.51,828.9,8.03,7.326,0.002,-0.042,0.101,-0.144,10.641,10.002,-0.0667,0.0366,0.0376,0.055,-0.0013,0.0051,25.92,26.11,20320,20397,2.54,2.55,7.62,7.649,572,572,58,58,0,0,0,0,,,,,,,,,,,,,,,,,0,0,0,0
2026-09-28T21:55:25.672339+09:00,132055543,41d8b32a,2026-09-28T21:55:25.672339+09:00,2026-09-28T21:55:25.756843+09:00,rail-left-01,rail-right-01,0.6.7-draft,0.6.7-draft,mqtt,mqtt,961.65,829.85,7.966,7.243,-0.06,-0.051,0.026,-0.237,10.526,9.89,-0.0641,0.0334,0.0417,0.054,-0.0073,-0.0044,25.9,26.12,20160,20214,2.52,2.527,7.56,7.58,573,573,58,58,0,0,0,0,,,,,,,,,,,,,,,,,0,0,0,0
2026-09-28T21:55:25.692286+09:00,132075490,41d8b32a,2026-09-28T21:55:25.692286+09:00,2026-09-28T21:55:25.776790+09:00,rail-left-01,rail-right-01,0.6.7-draft,0.6.7-draft,mqtt,mqtt,962.74,830.79,7.834,7.07,-0.051,-0.025,-0.13,-0.171,10.43,9.667,-0.0629,0.0309,0.0401,0.0544,-0.0083,-0.0068,25.9,26.12,19832,19829,2.479,2.479,7.437,7.436,574,574,58,58,0,0,0,0,,,,,,,,,,,,,,,,,0,0,0,0
2026-09-28T21:55:25.712513+09:00,132095716,41d8b32a,2026-09-28T21:55:25.712513+09:00,2026-09-28T21:55:25.797016+09:00,rail-left-01,rail-right-01,0.6.7-draft,0.6.7-draft,mqtt,mqtt,963.89,831.79,7.655,6.827,0.06,0.113,-0.008,-0.066,10.348,9.677,-0.0686,0.0332,0.0393,0.0577,-0.0075,-0.0084,25.91,26.12,19387,19291,2.423,2.411,7.27,7.234,575,575,58,58,0,0,0,0,,,,,,,,,,,,,,,,,0,0,0,0
2026-09-28T21:55:25.732503+09:00,132115706,41d8b32a,2026-09-28T21:55:25.732503+09:00,2026-09-28T21:55:25.817006+09:00,rail-left-01,rail-right-01,0.6.7-draft,0.6.7-draft,mqtt,mqtt,965.03,832.73,7.477,6.563,-0.152,-0.132,-0.063,-0.284,10.363,9.578,-0.0663,0.0284,0.0381,0.0556,-0.0033,-0.0049,25.94,26.16,18943,18706,2.368,2.338,7.104,7.015,576,576,58,58,0,0,0,0,,,,,,,,,,,,,,,,,0,0,0,0
2026-09-28T21:55:25.752433+09:00,132135637,41d8b32a,2026-09-28T21:55:25.752433+09:00,2026-09-28T21:55:25.836937+09:00,rail-left-01,rail-right-01,0.6.7-draft,0.6.7-draft,mqtt,mqtt,966.13,833.68,7.359,6.384,0.065,0.098,0.16,-0.311,10.256,9.85,-0.0613,0.0361,0.0424,0.0632,-0.0087,-0.0027,25.9,26.11,18650,18309,2.331,2.289,6.994,6.866,577,577,58,58,0,0,0,0,,,,,,,,,,,,,,,,,0,0,0,0
2026-09-28T21:55:25.772310+09:00,132155513,41d8b32a,2026-09-28T21:55:25.772310+09:00,2026-09-28T21:55:25.856813+09:00,rail-left-01,rail-right-01,0.6.7-draft,0.6.7-draft,mqtt,mqtt,967.22,834.62,7.174,6.124,-0.127,-0.056,0,-0.119,10.287,9.761,-0.0698,0.0354,0.04,0.055,-0.0083,-0.0041,25.91,26.1,18190,17732,2.274,2.217,6.821,6.649,578,578,58,58,0,0,0,0,,,,,,,,,,,,,,,,,0,0,0,0
2026-09-28T21:55:25.792269+09:00,132175472,41d8b32a,2026-09-28T21:55:25.792269+09:00,2026-09-28T21:55:25.876772+09:00,rail-left-01,rail-right-01,0.6.7-draft,0.6.7-draft,mqtt,mqtt,968.36,835.57,7.063,5.969,-0.042,-0.051,-0.006,-0.057,10.436,9.528,-0.0659,0.0298,0.0398,0.0566,-0.0079,-0.0109,25.92,26.1,17912,17308,2.239,2.164,6.717,6.491,579,579,58,58,0,0,0,0,,,,,,,,,,,,,,,,,0,0,0,0
2026-09-28T21:55:25.812505+09:00,132195709,41d8b32a,2026-09-28T21:55:25.812505+09:00,2026-09-28T21:55:25.897009+09:00,rail-left-01,rail-right-01,0.6.7-draft,0.6.7-draft,mqtt,mqtt,969.51,836.56,6.98,5.911,-0.016,-0.014,0.189,-0.406,10.319,9.486,-0.0689,0.031,0.0389,0.0572,-0.0043,-0.0056,25.92,26.11,17705,17027,2.213,2.128,6.639,6.385,580,580,58,58,0,0,0,0,,,,,,,,,,,,,,,,,0,0,0,0
2026-09-28T21:55:25.983895+09:00,132378426,41d8b32a,2026-09-28T21:55:25.983895+09:00,2026-09-28T21:55:26.021716+09:00,rail-left-01,rail-right-01,0.6.7-draft,0.6.7-draft,mqtt,mqtt,979.7,845.26,6.943,5.884,-0.189,-0.19,0.092,-0.231,10.406,9.706,-0.0675,0.0356,0.0445,0.0541,-0.0036,-0.0052,25.91,26.12,17613,16896,2.202,2.112,6.605,6.336,581,581,59,59,0,0,0,0,,,,,,,,,,,,,,,,,0,0,0,0
2026-09-28T21:55:26.004077+09:00,132398608,41d8b32a,2026-09-28T21:55:26.004077+09:00,2026-09-28T21:55:26.041899+09:00,rail-left-01,rail-right-01,0.6.7-draft,0.6.7-draft,mqtt,mqtt,980.84,846.25,6.816,5.902,-0.072,0.002,-0.057,-0.502,10.598,9.61,-0.0662,0.03,0.0456,0.0569,-0.0045,-0.0039,25.89,26.12,17298,16983,2.162,2.123,6.487,6.369,582,582,59,59,0,0,0,0,,,,,,,,,,,,,,,,,0,0,0,0
2026-09-28T21:55:26.024013+09:00,132418544,41d8b32a,2026-09-28T21:55:26.024013+09:00,2026-09-28T21:55:26.061835+09:00,rail-left-01,rail-right-01,0.6.7-draft,0.6.7-draft,mqtt,mqtt,981.94,847.2,6.799,5.914,-0.104,-0.069,-0.079,-0.092,10.499,9.85,-0.0649,0.0312,0.0373,0.0564,-0.0051,-0.0036,25.9,26.14,17256,17040,2.157,2.13,6.471,6.39,583,583,59,59,0,0,0,0,,,,,,,,,,,,,,,,,0,0,0,0
2026-09-28T21:55:26.044010+09:00,132438541,41d8b32a,2026-09-28T21:55:26.044010+09:00,2026-09-28T21:55:26.081832+09:00,rail-left-01,rail-right-01,0.6.7-draft,0.6.7-draft,mqtt,mqtt,983.03,848.14,6.795,5.914,-0.16,-0.063,0.056,0.025,10.56,9.743,-0.0665,0.0321,0.0428,0.0524,-0.0004,-0.0039,25.93,26.11,17245,17044,2.156,2.131,6.467,6.392,584,584,59,59,0,0,0,0,,,,,,,,,,,,,,,,,0,0,0,0
2026-09-28T21:55:26.064076+09:00,132458607,41d8b32a,2026-09-28T21:55:26.064076+09:00,2026-09-28T21:55:26.101898+09:00,rail-left-01,rail-right-01,0.6.7-draft,0.6.7-draft,mqtt,mqtt,984.17,849.09,6.789,5.917,0.024,0.074,0.065,-0.432,10.451,9.686,-0.0642,0.0324,0.038,0.0513,-0.0001,0.0001,25.89,26.12,17230,17057,2.154,2.132,6.461,6.396,585,585,59,59,0,0,0,0,,,,,,,,,,,,,,,,,0,0,0,0
2026-09-28T21:55:26.084039+09:00,132478570,41d8b32a,2026-09-28T21:55:26.084039+09:00,2026-09-28T21:55:26.121860+09:00,rail-left-01,rail-right-01,0.6.7-draft,0.6.7-draft,mqtt,mqtt,985.27,850.08,6.787,5.921,-0.086,-0.095,0.054,-0.402,10.299,9.582,-0.0618,0.034,0.0444,0.058,-0.0089,-0.0063,25.9,26.12,17227,17077,2.153,2.135,6.46,6.404,586,586,59,59,0,0,0,0,,,,,,,,,,,,,,,,,0,0,0,0
2026-09-28T21:55:26.103945+09:00,132498476,41d8b32a,2026-09-28T21:55:26.103945+09:00,2026-09-28T21:55:26.141766+09:00,rail-left-01,rail-right-01,0.6.7-draft,0.6.7-draft,mqtt,mqtt,986.36,851.03,6.789,5.926,-0.067,0.043,0.098,-0.123,10.37,9.701,-0.063,0.0312,0.0394,0.055,-0.0085,-0.0084,25.89,26.1,17231,17102,2.154,2.138,6.462,6.413,587,587,59,59,0,0,0,0,,,,,,,,,,,,,,,,,0,0,0,0
2026-09-28T21:55:26.124063+09:00,132518594,41d8b32a,2026-09-28T21:55:26.124063+09:00,2026-09-28T21:55:26.161884+09:00,rail-left-01,rail-right-01,0.6.7-draft,0.6.7-draft,mqtt,mqtt,987.5,851.97,6.78,5.929,-0.195,-0.18,0.305,-0.111,10.43,9.852,-0.0637,0.0324,0.0428,0.06,-0.0073,-0.0071,25.93,26.1,17208,17115,2.151,2.139,6.453,6.418,588,588,59,59,0,0,0,0,,,,,,,,,,,,,,,,,0,0,0,0
2026-09-28T21:55:26.143985+09:00,132538516,41d8b32a,2026-09-28T21:55:26.143985+09:00,2026-09-28T21:55:26.181807+09:00,rail-left-01,rail-right-01,0.6.7-draft,0.6.7-draft,mqtt,mqtt,988.6,852.92,6.769,5.932,0.126,0.18,-0.194,-0.262,10.557,9.68,-0.0683,0.0296,0.042,0.0554,-0.0045,-0.0039,25.92,26.13,17182,17130,2.148,2.141,6.443,6.424,589,589,59,59,0,0,0,0,,,,,,,,,,,,,,,,,0,0,0,0
2026-09-28T21:55:26.164457+09:00,132558988,41d8b32a,2026-09-28T21:55:26.164457+09:00,2026-09-28T21:55:26.202279+09:00,rail-left-01,rail-right-01,0.6.7-draft,0.6.7-draft,mqtt,mqtt,989.74,853.91,6.765,5.936,-0.186,-0.177,0.029,-0.069,10.331,9.843,-0.0649,0.0313,0.0404,0.0574,-0.0064,-0.0031,25.92,26.1,17172,17146,2.147,2.143,6.44,6.43,590,590,59,59,0,0,0,0,,,,,,,,,,,,,,,,,0,0,0,0
2026-09-28T21:55:26.301687+09:00,132683443,41d8b32a,2026-09-28T21:55:26.301687+09:00,2026-09-28T21:55:26.339269+09:00,rail-left-01,rail-right-01,0.6.7-draft,0.6.7-draft,mqtt,mqtt,996.65,859.88,6.751,5.933,0.073,-0.008,-0.025,-0.322,10.307,9.697,-0.0654,0.024,0.0285,0.0509,-0.0085,-0.0035,25.9,26.12,17135,17135,2.142,2.142,6.426,6.426,591,591,60,60,0,0,0,0,,,,,,,,,,,,,,,,,0,0,0,0
2026-09-28T21:55:26.321809+09:00,132703565,41d8b32a,2026-09-28T21:55:26.321809+09:00,2026-09-28T21:55:26.359391+09:00,rail-left-01,rail-right-01,0.6.7-draft,0.6.7-draft,mqtt,mqtt,997.8,860.87,6.678,5.843,-0.065,0.053,0.093,0.124,10.378,9.902,-0.0654,0.0282,0.0302,0.056,-0.0093,-0.008,25.89,26.12,16954,16699,2.119,2.087,6.358,6.262,592,592,60,60,0,0,0,0,,,,,,,,,,,,,,,,,0,0,0,0
2026-09-28T21:55:26.341741+09:00,132723497,41d8b32a,2026-09-28T21:55:26.341741+09:00,2026-09-28T21:55:26.379323+09:00,rail-left-01,rail-right-01,0.6.7-draft,0.6.7-draft,mqtt,mqtt,998.89,861.82,6.654,5.824,-0.043,0.037,0.172,-0.448,10.256,9.811,-0.067,0.0321,0.0316,0.0549,-0.0076,-0.0021,25.9,26.12,16895,16609,2.112,2.076,6.336,6.228,593,593,60,60,0,0,0,0,,,,,,,,,,,,,,,,,0,0,0,0
2026-09-28T21:55:26.361865+09:00,132743621,41d8b32a,2026-09-28T21:55:26.361865+09:00,2026-09-28T21:55:26.399447+09:00,rail-left-01,rail-right-01,0.6.7-draft,0.6.7-draft,mqtt,mqtt,1000.03,862.76,6.651,5.823,-0.144,-0.133,0.296,-0.372,10.495,9.542,-0.0616,0.0334,0.0448,0.0582,-0.0129,-0.0085,25.9,26.1,16886,16603,2.111,2.075,6.332,6.226,594,594,60,60,0,0,0,0,,,,,,,,,,,,,,,,,0,0,0,0
2026-09-28T21:55:26.381921+09:00,132763677,41d8b32a,2026-09-28T21:55:26.381921+09:00,2026-09-28T21:55:26.419503+09:00,rail-left-01,rail-right-01,0.6.7-draft,0.6.7-draft,mqtt,mqtt,1001.13,863.76,6.628,5.824,-0.045,-0.028,0.121,-0.257,10.318,9.698,-0.0653,0.0334,0.037,0.0501,-0.0081,-0.0064,25.9,26.08,16829,16610,2.104,2.076,6.311,6.229,595,595,60,60,0,0,0,0,,,,,,,,,,,,,,,,,0,0,0,0
2026-09-28T21:55:26.401908+09:00,132783664,41d8b32a,2026-09-28T21:55:26.401908+09:00,2026-09-28T21:55:26.439490+09:00,rail-left-01,rail-right-01,0.6.7-draft,0.6.7-draft,mqtt,mqtt,1002.27,864.7,6.627,5.808,-0.139,-0.08,0.008,-0.238,10.293,9.644,-0.0638,0.033,0.0372,0.0549,-0.0089,-0.0069,25.92,26.11,16828,16533,2.104,2.067,6.311,6.2,596,596,60,60,0,0,0,0,,,,,,,,,,,,,,,,,0,0,0,0
2026-09-28T21:55:26.421767+09:00,132803523,41d8b32a,2026-09-28T21:55:26.421767+09:00,2026-09-28T21:55:26.459349+09:00,rail-left-01,rail-right-01,0.6.7-draft,0.6.7-draft,mqtt,mqtt,1003.36,865.64,6.611,5.792,0.189,0.213,-0.169,-0.25,10.293,9.75,-0.0693,0.0366,0.0342,0.0538,-0.0079,-0.0079,25.91,26.12,16788,16455,2.099,2.057,6.295,6.171,597,597,60,60,0,0,0,0,,,,,,,,,,,,,,,,,0,0,0,0
2026-09-28T21:55:26.441717+09:00,132823473,41d8b32a,2026-09-28T21:55:26.441717+09:00,2026-09-28T21:55:26.479299+09:00,rail-left-01,rail-right-01,0.6.7-draft,0.6.7-draft,mqtt,mqtt,1004.46,866.64,6.591,5.776,-0.128,-0.169,-0.025,-0.144,10.398,9.564,-0.0695,0.033,0.0465,0.0592,-0.0064,-0.0049,25.92,26.12,16737,16377,2.092,2.047,6.276,6.141,598,598,60,60,0,0,0,0,,,,,,,,,,,,,,,,,0,0,0,0
2026-09-28T21:55:26.461839+09:00,132843595,41d8b32a,2026-09-28T21:55:26.461839+09:00,2026-09-28T21:55:26.499421+09:00,rail-left-01,rail-right-01,0.6.7-draft,0.6.7-draft,mqtt,mqtt,1005.6,867.58,6.542,5.779,-0.175,-0.045,-0.024,-0.213,11.185,9.912,-0.0593,0.03,0.0336,0.0526,-0.0112,-0.0059,25.92,26.12,16615,16390,2.077,2.049,6.231,6.146,599,599,60,60,0,0,0,0,,,,,,,,,,,,,,,,,0,0,0,0
2026-09-28T21:55:26.481863+09:00,132863619,41d8b32a,2026-09-28T21:55:26.481863+09:00,2026-09-28T21:55:26.519445+09:00,rail-left-01,rail-right-01,0.6.7-draft,0.6.7-draft,mqtt,mqtt,1006.7,868.58,6.585,5.782,-0.007,0.044,-0.069,-0.344,10.464,9.968,-0.0588,0.0324,0.0294,0.0493,-0.0115,-0.0043,25.91,26.11,16724,16406,2.091,2.051,6.272,6.152,600,600,60,60,0,0,0,0,,,,,,,,,,,,,,,,,0,0,0,0
2026-09-28T21:55:26.607532+09:00,133001461,41d8b32a,2026-09-28T21:55:26.607532+09:00,2026-09-28T21:55:26.698524+09:00,rail-left-01,rail-right-01,0.6.7-draft,0.6.7-draft,mqtt,mqtt,1014.4,875.19,6.605,5.779,-0.124,-0.083,-0.148,-0.168,10.493,9.694,-0.0702,0.0269,0.034,0.0514,-0.0084,-0.0059,25.91,26.12,16773,16393,2.097,2.049,6.29,6.147,601,601,61,61,0,0,0,0,,,,,,,,,,,,,,,,,0,0,0,0
2026-09-28T21:55:26.627654+09:00,133021583,41d8b32a,2026-09-28T21:55:26.627654+09:00,2026-09-28T21:55:26.718646+09:00,rail-left-01,rail-right-01,0.6.7-draft,0.6.7-draft,mqtt,mqtt,1015.55,876.14,6.544,5.751,-0.002,0.144,0,0.134,10.505,10.356,-0.0666,0.0293,0.0358,0.0584,-0.0104,-0.01,25.91,26.12,16622,16259,2.078,2.032,6.233,6.097,602,602,61,61,0,0,0,0,,,,,,,,,,,,,,,,,0,0,0,0
2026-09-28T21:55:26.647593+09:00,133041522,41d8b32a,2026-09-28T21:55:26.647593+09:00,2026-09-28T21:55:26.738585+09:00,rail-left-01,rail-right-01,0.6.7-draft,0.6.7-draft,mqtt,mqtt,1016.64,877.13,6.535,5.756,-0.132,-0.175,0.152,-0.339,10.574,9.886,-0.0655,0.0333,0.0414,0.0513,-0.0124,-0.0056,25.91,26.12,16598,16279,2.075,2.035,6.224,6.105,603,603,61,61,0,0,0,0,,,,,,,,,,,,,,,,,0,0,0,0
2026-09-28T21:55:26.667657+09:00,133061586,41d8b32a,2026-09-28T21:55:26.667657+09:00,2026-09-28T21:55:26.758649+09:00,rail-left-01,rail-right-01,0.6.7-draft,0.6.7-draft,mqtt,mqtt,1017.73,878.07,6.543,5.767,0.06,0.086,-0.074,-0.401,10.743,9.695,-0.0655,0.0346,0.0364,0.0556,-0.0145,-0.0103,25.89,26.1,16619,16336,2.077,2.042,6.232,6.126,604,604,61,61,0,0,0,0,,,,,,,,,,,,,,,,,0,0,0,0
2026-09-28T21:55:26.688110+09:00,133082039,41d8b32a,2026-09-28T21:55:26.688110+09:00,2026-09-28T21:55:26.779102+09:00,rail-left-01,rail-right-01,0.6.7-draft,0.6.7-draft,mqtt,mqtt,1018.88,879.07,6.559,5.779,-0.086,-0.087,-0.012,-0.317,10.384,9.674,-0.0675,0.0325,0.044,0.0569,-0.0123,-0.0077,25.92,26.12,16658,16390,2.082,2.049,6.247,6.146,605,605,61,61,0,0,0,0,,,,,,,,,,,,,,,,,0,0,0,0
2026-09-28T21:55:26.708066+09:00,133101995,41d8b32a,2026-09-28T21:55:26.708066+09:00,2026-09-28T21:55:26.799058+09:00,rail-left-01,rail-right-01,0.6.7-draft,0.6.7-draft,mqtt,mqtt,1020.02,880.01,6.547,5.787,-0.019,0.063,-0.081,-0.164,10.361,9.536,-0.0624,0.0294,0.0417,0.0524,-0.0079,-0.0075,25.91,26.11,16628,16429,2.079,2.054,6.236,6.161,606,606,61,61,0,0,0,0,,,,,,,,,,,,,,,,,0,0,0,0
2026-09-28T21:55:26.727632+09:00,133121561,41d8b32a,2026-09-28T21:55:26.727632+09:00,2026-09-28T21:55:26.818624+09:00,rail-left-01,rail-right-01,0.6.7-draft,0.6.7-draft,mqtt,mqtt,1021.11,880.96,6.533,5.784,0.013,0.099,0.141,-0.194,10.369,9.626,-0.0678,0.0342,0.0464,0.0537,-0.0028,-0.0079,25.92,26.11,16593,16415,2.074,2.052,6.222,6.156,607,607,61,61,0,0,0,0,,,,,,,,,,,,,,,,,0,0,0,0
2026-09-28T21:55:26.747595+09:00,133141524,41d8b32a,2026-09-28T21:55:26.747595+09:00,2026-09-28T21:55:26.838587+09:00,rail-left-01,rail-right-01,0.6.7-draft,0.6.7-draft,mqtt,mqtt,1022.21,881.9,6.53,5.779,-0.33,-0.294,0.229,-0.508,10.414,9.534,-0.0636,0.0296,0.0393,0.0605,-0.0069,-0.0169,25.89,26.08,16586,16391,2.073,2.049,6.22,6.147,608,608,61,61,0,0,0,0,,,,,,,,,,,,,,,,,0,0,0,0
2026-09-28T21:55:26.767593+09:00,133161522,41d8b32a,2026-09-28T21:55:26.767593+09:00,2026-09-28T21:55:26.858585+09:00,rail-left-01,rail-right-01,0.6.7-draft,0.6.7-draft,mqtt,mqtt,1023.3,882.85,6.505,5.77,0.37,0.334,0.086,-0.205,10.542,9.835,-0.0617,0.0358,0.031,0.0588,-0.0093,-0.0072,25.89,26.13,16523,16347,2.065,2.043,6.196,6.13,609,609,61,61,0,0,0,0,,,,,,,,,,,,,,,,,0,0,0,0
2026-09-28T21:55:26.787693+09:00,133181622,41d8b32a,2026-09-28T21:55:26.787693+09:00,2026-09-28T21:55:26.878685+09:00,rail-left-01,rail-right-01,0.6.7-draft,0.6.7-draft,mqtt,mqtt,1024.44,883.79,6.53,5.76,-0.304,-0.327,0.23,0.05,10.196,9.688,-0.055,0.0346,0.0266,0.045,-0.0084,0.0012,25.88,26.11,16585,16302,2.073,2.038,6.219,6.113,610,610,61,61,0,0,0,0,,,,,,,,,,,,,,,,,0,0,0,0
2026-09-28T21:55:26.971534+09:00,133359472,41d8b32a,2026-09-28T21:55:26.971534+09:00,2026-09-28T21:55:27.059633+09:00,rail-left-01,rail-right-01,0.6.7-draft,0.6.7-draft,mqtt,mqtt,1034.34,892.29,6.549,5.754,-0.019,-0.097,0.265,-0.272,10.475,9.718,-0.0641,0.0326,0.0397,0.0573,-0.0115,-0.0056,25.9,26.09,16633,16274,2.079,2.034,6.237,6.103,611,611,62,62,0,0,0,0,,,,,,,,,,,,,,,,,0,0,0,0
2026-09-28T21:55:26.991666+09:00,133379604,41d8b32a,2026-09-28T21:55:26.991666+09:00,2026-09-28T21:55:27.079765+09:00,rail-left-01,rail-right-01,0.6.7-draft,0.6.7-draft,mqtt,mqtt,1035.48,893.24,6.606,5.779,-0.042,-0.002,-0.054,-0.251,10.545,9.608,-0.0641,0.0297,0.0396,0.0556,-0.01,-0.0075,25.92,26.12,16775,16394,2.097,2.049,6.291,6.148,612,612,62,62,0,0,0,0,,,,,,,,,,,,,,,,,0,0,0,0
2026-09-28T21:55:27.011566+09:00,133399504,41d8b32a,2026-09-28T21:55:27.011566+09:00,2026-09-28T21:55:27.099665+09:00,rail-left-01,rail-right-01,0.6.7-draft,0.6.7-draft,mqtt,mqtt,1036.58,894.18,6.598,5.776,-0.063,0.011,-0.036,-0.029,10.275,9.907,-0.061,0.0316,0.0373,0.0533,-0.0097,-0.0092,25.9,26.12,16755,16377,2.094,2.047,6.283,6.141,613,613,62,62,0,0,0,0,,,,,,,,,,,,,,,,,0,0,0,0
2026-09-28T21:55:27.031514+09:00,133419452,41d8b32a,2026-09-28T21:55:27.031514+09:00,2026-09-28T21:55:27.119613+09:00,rail-left-01,rail-right-01,0.6.7-draft,0.6.7-draft,mqtt,mqtt,1037.72,895.18,6.615,5.785,-0.017,0.068,0.024,-0.293,10.409,9.626,-0.0657,0.0324,0.039,0.0557,-0.0085,-0.0091,25.92,26.09,16798,16419,2.1,2.052,6.299,6.157,614,614,62,62,0,0,0,0,,,,,,,,,,,,,,,,,0,0,0,0
2026-09-28T21:55:27.051711+09:00,133439649,41d8b32a,2026-09-28T21:55:27.051711+09:00,2026-09-28T21:55:27.139810+09:00,rail-left-01,rail-right-01,0.6.7-draft,0.6.7-draft,mqtt,mqtt,1038.86,896.12,6.622,5.792,-0.178,-0.163,-0.08,-0.363,10.391,9.676,-0.065,0.0296,0.0348,0.0589,-0.0108,-0.0036,25.92,26.1,16814,16453,2.102,2.057,6.305,6.17,615,615,62,62,0,0,0,0,,,,,,,,,,,,,,,,,0,0,0,0
2026-09-28T21:55:27.071717+09:00,133459655,41d8b32a,2026-09-28T21:55:27.071717+09:00,2026-09-28T21:55:27.159816+09:00,rail-left-01,rail-right-01,0.6.7-draft,0.6.7-draft,mqtt,mqtt,1039.96,897.07,6.61,5.795,0.09,0.14,0.057,-0.061,10.508,9.689,-0.0659,0.0354,0.0393,0.0554,-0.0093,-0.0017,25.91,26.09,16785,16470,2.098,2.059,6.294,6.176,616,616,62,62,0,0,0,0,,,,,,,,,,,,,,,,,0,0,0,0
2026-09-28T21:55:27.091721+09:00,133479659,41d8b32a,2026-09-28T21:55:27.091721+09:00,2026-09-28T21:55:27.179820+09:00,rail-left-01,rail-right-01,0.6.7-draft,0.6.7-draft,mqtt,mqtt,1041.05,898.01,6.614,5.798,-0.139,-0.042,0.15,-0.087,10.442,9.859,-0.0671,0.0341,0.0401,0.056,-0.0139,-0.0079,25.92,26.1,16795,16482,2.099,2.06,6.298,6.181,617,617,62,62,0,0,0,0,,,,,,,,,,,,,,,,,0,0,0,0
2026-09-28T21:55:27.111670+09:00,133499608,41d8b32a,2026-09-28T21:55:27.111670+09:00,2026-09-28T21:55:27.199769+09:00,rail-left-01,rail-right-01,0.6.7-draft,0.6.7-draft,mqtt,mqtt,1042.19,899.01,6.609,5.804,-0.055,-0.032,-0.004,-0.37,10.432,9.694,-0.0679,0.0326,0.0364,0.0556,-0.0095,-0.0017,25.92,26.08,16782,16511,2.098,2.064,6.293,6.192,618,618,62,62,0,0,0,0,,,,,,,,,,,,,,,,,0,0,0,0
2026-09-28T21:55:27.131631+09:00,133519569,41d8b32a,2026-09-28T21:55:27.131631+09:00,2026-09-28T21:55:27.219730+09:00,rail-left-01,rail-right-01,0.6.7-draft,0.6.7-draft,mqtt,mqtt,1043.29,899.95,6.585,5.799,0.061,0.059,0.235,-0.031,10.554,9.572,-0.0713,0.0337,0.0393,0.0574,-0.0131,-0.0096,25.9,26.11,16724,16489,2.091,2.061,6.272,6.183,619,619,62,62,0,0,0,0,,,,,,,,,,,,,,,,,0,0,0,0
2026-09-28T21:55:27.151669+09:00,133539607,41d8b32a,2026-09-28T21:55:27.151669+09:00,2026-09-28T21:55:27.239768+09:00,rail-left-01,rail-right-01,0.6.7-draft,0.6.7-draft,mqtt,mqtt,1044.43,900.89,6.618,5.812,-0.257,-0.223,0.111,-0.262,10.312,9.591,-0.0747,0.0317,0.0341,0.0568,-0.0115,-0.0059,25.89,26.1,16805,16550,2.101,2.069,6.302,6.206,620,620,62,62,0,0,0,0,,,,,,,,,,,,,,,,,0,0,0,0
2026-09-28T21:55:27.329522+09:00,133722473,41d8b32a,2026-09-28T21:55:27.329522+09:00,2026-09-28T21:55:27.412757+09:00,rail-left-01,rail-right-01,0.6.7-draft,0.6.7-draft,mqtt,mqtt,1054.62,909.65,6.628,5.813,-0.044,-0.034,-0.06,-0.132,10.402,9.706,-0.0679,0.032,0.0397,0.0546,-0.0072,-0.0077,25.89,26.1,16831,16555,2.104,2.069,6.312,6.208,621,621,63,63,0,0,0,0,,,,,,,,,,,,,,,,,0,0,0,0
2026-09-28T21:55:27.349686+09:00,133742637,41d8b32a,2026-09-28T21:55:27.349686+09:00,2026-09-28T21:55:27.432921+09:00,rail-left-01,rail-right-01,0.6.7-draft,0.6.7-draft,mqtt,mqtt,1055.77,910.64,6.606,5.871,-0.019,0.018,0.037,-0.311,10.416,9.766,-0.0694,0.0316,0.0396,0.0573,-0.0084,-0.0064,25.9,26.12,16774,16836,2.097,2.105,6.29,6.314,622,622,63,63,0,0,0,0,,,,,,,,,,,,,,,,,0,0,0,0
2026-09-28T21:55:27.369613+09:00,133762563,41d8b32a,2026-09-28T21:55:27.369613+09:00,2026-09-28T21:55:27.452847+09:00,rail-left-01,rail-right-01,0.6.7-draft,0.6.7-draft,mqtt,mqtt,1056.86,911.58,6.591,5.875,-0.194,-0.13,0.111,-0.348,10.648,9.855,-0.0675,0.0321,0.0349,0.0586,-0.0099,-0.0084,25.91,26.11,16739,16854,2.092,2.107,6.277,6.32,623,623,63,63,0,0,0,0,,,,,,,,,,,,,,,,,0,0,0,0
2026-09-28T21:55:27.389603+09:00,133782554,41d8b32a,2026-09-28T21:55:27.389603+09:00,2026-09-28T21:55:27.472838+09:00,rail-left-01,rail-right-01,0.6.7-draft,0.6.7-draft,mqtt,mqtt,1058,912.53,6.593,5.886,0.089,0.111,0.181,-0.297,10.398,9.677,-0.0681,0.0314,0.0357,0.0582,-0.0088,-0.0063,25.89,26.11,16744,16909,2.093,2.114,6.279,6.341,624,624,63,63,0,0,0,0,,,,,,,,,,,,,,,,,0,0,0,0
2026-09-28T21:55:27.409866+09:00,133802817,41d8b32a,2026-09-28T21:55:27.409866+09:00,2026-09-28T21:55:27.493101+09:00,rail-left-01,rail-right-01,0.6.7-draft,0.6.7-draft,mqtt,mqtt,1059.15,913.52,6.585,5.884,-0.14,-0.133,0.032,-0.06,10.39,9.838,-0.0686,0.0338,0.0409,0.061,-0.0041,-0.0028,25.87,26.1,16724,16896,2.091,2.112,6.272,6.336,625,625,63,63,0,0,0,0,,,,,,,,,,,,,,,,,0,0,0,0
2026-09-28T21:55:27.429857+09:00,133822808,41d8b32a,2026-09-28T21:55:27.429857+09:00,2026-09-28T21:55:27.513092+09:00,rail-left-01,rail-right-01,0.6.7-draft,0.6.7-draft,mqtt,mqtt,1060.24,914.47,6.581,5.896,0.078,0.092,0.151,-0.135,10.203,9.728,-0.0662,0.0328,0.035,0.0529,-0.0088,-0.0033,25.89,26.09,16712,16956,2.089,2.12,6.267,6.359,626,626,63,63,0,0,0,0,,,,,,,,,,,,,,,,,0,0,0,0
2026-09-28T21:55:27.449599+09:00,133842550,41d8b32a,2026-09-28T21:55:27.449599+09:00,2026-09-28T21:55:27.532834+09:00,rail-left-01,rail-right-01,0.6.7-draft,0.6.7-draft,mqtt,mqtt,1061.34,915.41,6.586,5.902,-0.067,-0.08,0.104,-0.385,10.303,9.656,-0.0638,0.0298,0.0406,0.0592,-0.0101,-0.0097,25.91,26.09,16726,16985,2.091,2.123,6.272,6.369,627,627,63,63,0,0,0,0,,,,,,,,,,,,,,,,,0,0,0,0
2026-09-28T21:55:27.469704+09:00,133862655,41d8b32a,2026-09-28T21:55:27.469704+09:00,2026-09-28T21:55:27.552939+09:00,rail-left-01,rail-right-01,0.6.7-draft,0.6.7-draft,mqtt,mqtt,1062.48,916.41,6.582,5.908,0.037,0.012,-0.016,-0.083,10.46,9.616,-0.0646,0.0332,0.0348,0.0512,-0.0101,-0.0068,25.9,26.09,16716,17012,2.09,2.127,6.269,6.38,628,628,63,63,0,0,0,0,,,,,,,,,,,,,,,,,0,0,0,0
2026-09-28T21:55:27.489716+09:00,133882667,41d8b32a,2026-09-28T21:55:27.489716+09:00,2026-09-28T21:55:27.572951+09:00,rail-left-01,rail-right-01,0.6.7-draft,0.6.7-draft,mqtt,mqtt,1063.57,917.35,6.601,5.913,0.055,0.114,-0.057,-0.144,10.284,9.675,-0.0655,0.032,0.0384,0.0602,-0.0071,-0.0085,25.91,26.11,16762,17038,2.095,2.13,6.286,6.389,629,629,63,63,0,0,0,0,,,,,,,,,,,,,,,,,0,0,0,0
2026-09-28T21:55:27.509771+09:00,133902722,41d8b32a,2026-09-28T21:55:27.509771+09:00,2026-09-28T21:55:27.593006+09:00,rail-left-01,rail-right-01,0.6.7-draft,0.6.7-draft,mqtt,mqtt,1064.72,918.3,6.599,5.916,-0.157,-0.168,0.025,-0.241,10.379,9.659,-0.0682,0.0292,0.037,0.0586,-0.01,-0.0068,25.9,26.12,16758,17050,2.095,2.131,6.284,6.394,630,630,63,63,0,0,0,0,,,,,,,,,,,,,,,,,0,0,0,0
2026-09-28T21:55:27.689392+09:00,134075441,41d8b32a,2026-09-28T21:55:27.689392+09:00,2026-09-28T21:55:27.727505+09:00,rail-left-01,rail-right-01,0.6.7-draft,0.6.7-draft,mqtt,mqtt,1074.36,926.6,6.587,5.914,-0.031,0,0.083,-0.134,10.42,9.805,-0.0637,0.0256,0.0288,0.0488,-0.0088,-0.0045,25.92,26.1,16729,17041,2.091,2.13,6.273,6.39,631,631,64,64,0,0,0,0,,,,,,,,,,,,,,,,,0,0,0,0
2026-09-28T21:55:27.709497+09:00,134095547,41d8b32a,2026-09-28T21:55:27.709497+09:00,2026-09-28T21:55:27.747611+09:00,rail-left-01,rail-right-01,0.6.7-draft,0.6.7-draft,mqtt,mqtt,1075.46,927.59,6.54,5.86,-0.054,-0.041,0.144,-0.017,10.477,9.676,-0.0693,0.0246,0.0329,0.052,-0.0069,-0.0073,25.89,26.09,16610,16784,2.076,2.098,6.229,6.294,632,632,64,64,0,0,0,0,,,,,,,,,,,,,,,,,0,0,0,0
2026-09-28T21:55:27.729444+09:00,134115494,41d8b32a,2026-09-28T21:55:27.729444+09:00,2026-09-28T21:55:27.767558+09:00,rail-left-01,rail-right-01,0.6.7-draft,0.6.7-draft,mqtt,mqtt,1076.6,928.54,6.54,5.84,-0.043,0.04,0.286,-0.419,10.527,9.585,-0.0616,0.0302,0.0404,0.0561,-0.0112,-0.0097,25.9,26.12,16611,16686,2.076,2.086,6.229,6.257,633,633,64,64,0,0,0,0,,,,,,,,,,,,,,,,,0,0,0,0
2026-09-28T21:55:27.749545+09:00,134135594,41d8b32a,2026-09-28T21:55:27.749545+09:00,2026-09-28T21:55:27.787658+09:00,rail-left-01,rail-right-01,0.6.7-draft,0.6.7-draft,mqtt,mqtt,1077.69,929.48,6.534,5.85,-0.028,-0.135,0.116,-0.285,10.177,9.596,-0.069,0.0274,0.0426,0.0679,-0.0088,-0.01,25.89,26.08,16596,16734,2.075,2.092,6.224,6.275,634,634,64,64,0,0,0,0,,,,,,,,,,,,,,,,,0,0,0,0
2026-09-28T21:55:27.769402+09:00,134155451,41d8b32a,2026-09-28T21:55:27.769402+09:00,2026-09-28T21:55:27.807515+09:00,rail-left-01,rail-right-01,0.6.7-draft,0.6.7-draft,mqtt,mqtt,1078.84,930.48,6.529,5.847,-0.126,-0.093,0.001,-0.007,10.366,9.695,-0.0654,0.0309,0.0372,0.0582,-0.0084,0.0005,25.89,26.07,16584,16721,2.073,2.09,6.219,6.27,635,635,64,64,0,0,0,0,,,,,,,,,,,,,,,,,0,0,0,0
2026-09-28T21:55:27.789374+09:00,134175423,41d8b32a,2026-09-28T21:55:27.789374+09:00,2026-09-28T21:55:27.827487+09:00,rail-left-01,rail-right-01,0.6.7-draft,0.6.7-draft,mqtt,mqtt,1079.93,931.42,6.526,5.847,0.081,0.03,0.063,-0.46,10.476,9.711,-0.0702,0.0314,0.0353,0.0582,-0.0133,-0.006,25.91,26.09,16576,16721,2.072,2.09,6.216,6.27,636,636,64,64,0,0,0,0,,,,,,,,,,,,,,,,,0,0,0,0
2026-09-28T21:55:27.809449+09:00,134195499,41d8b32a,2026-09-28T21:55:27.809449+09:00,2026-09-28T21:55:27.847563+09:00,rail-left-01,rail-right-01,0.6.7-draft,0.6.7-draft,mqtt,mqtt,1081.07,932.37,6.536,5.839,-0.138,-0.102,0.063,0.092,10.257,9.887,-0.0645,0.035,0.0304,0.0525,-0.0096,-0.0063,25.89,26.07,16601,16681,2.075,2.085,6.225,6.255,637,637,64,64,0,0,0,0,,,,,,,,,,,,,,,,,0,0,0,0
2026-09-28T21:55:27.829412+09:00,134215461,41d8b32a,2026-09-28T21:55:27.829412+09:00,2026-09-28T21:55:27.867525+09:00,rail-left-01,rail-right-01,0.6.7-draft,0.6.7-draft,mqtt,mqtt,1082.17,933.36,6.555,5.829,0.007,0.028,-0.13,-0.402,10.548,9.533,-0.0678,0.0318,0.0346,0.0516,-0.0073,-0.0045,25.91,26.07,16648,16634,2.081,2.079,6.243,6.238,638,638,64,64,0,0,0,0,,,,,,,,,,,,,,,,,0,0,0,0
2026-09-28T21:55:27.849533+09:00,134235582,41d8b32a,2026-09-28T21:55:27.849533+09:00,2026-09-28T21:55:27.887646+09:00,rail-left-01,rail-right-01,0.6.7-draft,0.6.7-draft,mqtt,mqtt,1083.26,934.31,6.565,5.819,-0.044,0.005,-0.075,-0.2,10.251,9.685,-0.065,0.0357,0.0384,0.0521,-0.0096,-0.0111,25.89,26.08,16674,16583,2.084,2.073,6.253,6.219,639,639,64,64,0,0,0,0,,,,,,,,,,,,,,,,,0,0,0,0
2026-09-28T21:55:27.869380+09:00,134255429,41d8b32a,2026-09-28T21:55:27.869380+09:00,2026-09-28T21:55:27.907493+09:00,rail-left-01,rail-right-01,0.6.7-draft,0.6.7-draft,mqtt,mqtt,1084.41,935.3,6.56,5.818,-0.013,-0.043,0.109,-0.345,10.411,9.585,-0.0661,0.031,0.0385,0.0573,-0.0103,-0.0061,25.88,26.1,16661,16581,2.083,2.073,6.248,6.218,640,640,64,64,0,0,0,0,,,,,,,,,,,,,,,,,0,0,0,0
2026-09-28T21:55:27.956496+09:00,134388449,41d8b32a,2026-09-28T21:55:27.956496+09:00,2026-09-28T21:55:27.996884+09:00,rail-left-01,rail-right-01,0.6.7-draft,0.6.7-draft,mqtt,mqtt,1091.76,941.71,6.563,5.816,-0.043,-0.016,-0.068,-0.278,10.473,9.793,-0.0662,0.0334,0.0341,0.0529,-0.0116,-0.0127,25.9,26.07,16669,16569,2.084,2.071,6.251,6.213,641,641,65,65,0,0,0,0,,,,,,,,,,,,,,,,,0,0,0,0
2026-09-28T21:55:27.976648+09:00,134408602,41d8b32a,2026-09-28T21:55:27.976648+09:00,2026-09-28T21:55:28.017037+09:00,rail-left-01,rail-right-01,0.6.7-draft,0.6.7-draft,mqtt,mqtt,1092.86,942.66,6.601,5.751,0.026,0.01,-0.01,-0.308,10.439,9.637,-0.0662,0.0316,0.0396,0.0561,-0.0091,-0.0085,25.9,26.08,16763,16255,2.095,2.032,6.286,6.096,642,642,65,65,0,0,0,0,,,,,,,,,,,,,,,,,0,0,0,0
2026-09-28T21:55:27.996599+09:00,134428552,41d8b32a,2026-09-28T21:55:27.996599+09:00,2026-09-28T21:55:28.036987+09:00,rail-left-01,rail-right-01,0.6.7-draft,0.6.7-draft,mqtt,mqtt,1094,943.65,6.583,5.754,-0.147,-0.072,-0.002,-0.188,10.523,9.601,-0.0645,0.03,0.04,0.0565,-0.0071,-0.0081,25.9,26.07,16718,16270,2.09,2.034,6.269,6.101,643,643,65,65,0,0,0,0,,,,,,,,,,,,,,,,,0,0,0,0
2026-09-28T21:55:28.016541+09:00,134448495,41d8b32a,2026-09-28T21:55:28.016541+09:00,2026-09-28T21:55:28.056930+09:00,rail-left-01,rail-right-01,0.6.7-draft,0.6.7-draft,mqtt,mqtt,1095.09,944.6,6.583,5.748,0.089,0.158,-0.011,-0.045,10.458,9.864,-0.0648,0.0362,0.0341,0.0537,-0.0068,-0.0063,25.92,26.08,16719,16244,2.09,2.031,6.27,6.092,644,644,65,65,0,0,0,0,,,,,,,,,,,,,,,,,0,0,0,0
2026-09-28T21:55:28.036612+09:00,134468565,41d8b32a,2026-09-28T21:55:28.036612+09:00,2026-09-28T21:55:28.077000+09:00,rail-left-01,rail-right-01,0.6.7-draft,0.6.7-draft,mqtt,mqtt,1096.19,945.54,6.583,5.748,-0.136,-0.151,0.022,-0.241,10.478,9.82,-0.0674,0.0294,0.0401,0.0601,-0.0073,-0.0077,25.91,26.07,16718,16241,2.09,2.03,6.269,6.09,645,645,65,65,0,0,0,0,,,,,,,,,,,,,,,,,0,0,0,0
2026-09-28T21:55:28.056636+09:00,134488589,41d8b32a,2026-09-28T21:55:28.056636+09:00,2026-09-28T21:55:28.097024+09:00,rail-left-01,rail-right-01,0.6.7-draft,0.6.7-draft,mqtt,mqtt,1097.28,946.54,6.577,5.751,-0.063,0.042,0.26,-0.128,10.71,9.578,-0.0648,0.0293,0.0329,0.0489,-0.0039,-0.0004,25.9,26.1,16702,16256,2.088,2.032,6.263,6.096,646,646,65,65,0,0,0,0,,,,,,,,,,,,,,,,,0,0,0,0
2026-09-28T21:55:28.076605+09:00,134508559,41d8b32a,2026-09-28T21:55:28.076605+09:00,2026-09-28T21:55:28.116994+09:00,rail-left-01,rail-right-01,0.6.7-draft,0.6.7-draft,mqtt,mqtt,1098.43,947.48,6.584,5.75,-0.117,-0.051,0.268,-0.467,10.55,9.614,-0.0653,0.0338,0.0404,0.055,-0.0089,-0.0084,25.9,26.07,16721,16253,2.09,2.032,6.27,6.095,647,647,65,65,0,0,0,0,,,,,,,,,,,,,,,,,0,0,0,0
2026-09-28T21:55:28.096605+09:00,134528559,41d8b32a,2026-09-28T21:55:28.096605+09:00,2026-09-28T21:55:28.136994+09:00,rail-left-01,rail-right-01,0.6.7-draft,0.6.7-draft,mqtt,mqtt,1099.52,948.48,6.593,5.758,-0.04,-0.085,0.135,-0.144,10.378,9.76,-0.0596,0.0285,0.0313,0.0493,-0.0099,-0.0067,25.87,26.08,16742,16293,2.093,2.037,6.278,6.11,648,648,65,65,0,0,0,0,,,,,,,,,,,,,,,,,0,0,0,0
2026-09-28T21:55:28.116765+09:00,134548719,41d8b32a,2026-09-28T21:55:28.116765+09:00,2026-09-28T21:55:28.157154+09:00,rail-left-01,rail-right-01,0.6.7-draft,0.6.7-draft,mqtt,mqtt,1100.61,949.42,6.651,5.756,0.012,0.078,0.023,0.077,10.305,9.802,-0.0572,0.0316,0.0292,0.0516,-0.0105,-0.0069,25.89,26.1,16886,16280,2.111,2.035,6.332,6.105,649,649,65,65,0,0,0,0,,,,,,,,,,,,,,,,,0,0,0,0
2026-09-28T21:55:28.137135+09:00,134569088,41d8b32a,2026-09-28T21:55:28.137135+09:00,2026-09-28T21:55:28.177523+09:00,rail-left-01,rail-right-01,0.6.7-draft,0.6.7-draft,mqtt,mqtt,1101.76,950.41,6.685,5.754,-0.012,0.055,-0.11,-0.26,10.436,9.773,-0.0612,0.034,0.0297,0.05,-0.0075,-0.002,25.88,26.09,16971,16271,2.121,2.034,6.364,6.102,650,650,65,65,0,0,0,0,,,,,,,,,,,,,,,,,0,0,0,0
2026-09-28T21:55:28.265765+09:00,134658568,41d8b32a,2026-09-28T21:55:28.265765+09:00,2026-09-28T21:55:28.346992+09:00,rail-left-01,rail-right-01,0.6.7-draft,0.6.7-draft,mqtt,mqtt,1106.73,954.69,6.693,5.75,0.05,0.093,-0.128,-0.146,10.378,9.686,-0.0637,0.0358,0.0336,0.0526,-0.0073,-0.0043,25.9,26.07,16993,16253,2.124,2.032,6.372,6.095,651,651,66,66,0,0,0,0,,,,,,,,,,,,,,,,,0,0,0,0
2026-09-28T21:55:28.285889+09:00,134678692,41d8b32a,2026-09-28T21:55:28.285889+09:00,2026-09-28T21:55:28.367117+09:00,rail-left-01,rail-right-01,0.6.7-draft,0.6.7-draft,mqtt,mqtt,1107.82,955.68,6.707,5.727,-0.072,-0.072,0.018,-0.212,10.485,9.826,-0.063,0.0308,0.0422,0.0621,-0.0105,-0.0108,25.89,26.08,17026,16140,2.128,2.018,6.385,6.053,652,652,66,66,0,0,0,0,,,,,,,,,,,,,,,,,0,0,0,0
2026-09-28T21:55:28.305929+09:00,134698732,41d8b32a,2026-09-28T21:55:28.305929+09:00,2026-09-28T21:55:28.387156+09:00,rail-left-01,rail-right-01,0.6.7-draft,0.6.7-draft,mqtt,mqtt,1108.97,956.63,6.698,5.74,0.043,0.008,0.011,0.029,10.271,9.708,-0.0675,0.0298,0.0414,0.0597,-0.0085,-0.0056,25.89,26.09,17005,16206,2.126,2.026,6.377,6.077,653,653,66,66,0,0,0,0,,,,,,,,,,,,,,,,,0,0,0,0
2026-09-28T21:55:28.325894+09:00,134718697,41d8b32a,2026-09-28T21:55:28.325894+09:00,2026-09-28T21:55:28.407121+09:00,rail-left-01,rail-right-01,0.6.7-draft,0.6.7-draft,mqtt,mqtt,1110.06,957.62,6.689,5.756,-0.035,-0.031,0.187,-0.385,10.4,9.533,-0.0633,0.033,0.0417,0.0554,-0.008,-0.0005,25.91,26.09,16982,16282,2.123,2.035,6.368,6.106,654,654,66,66,0,0,0,0,,,,,,,,,,,,,,,,,0,0,0,0
2026-09-28T21:55:28.345917+09:00,134738720,41d8b32a,2026-09-28T21:55:28.345917+09:00,2026-09-28T21:55:28.427144+09:00,rail-left-01,rail-right-01,0.6.7-draft,0.6.7-draft,mqtt,mqtt,1111.2,958.57,6.689,5.772,-0.066,-0.043,0.139,-0.454,10.646,9.558,-0.0638,0.0309,0.0417,0.0576,-0.0109,-0.0085,25.89,26.07,16982,16359,2.123,2.045,6.368,6.135,655,655,66,66,0,0,0,0,,,,,,,,,,,,,,,,,0,0,0,0
2026-09-28T21:55:28.365908+09:00,134758711,41d8b32a,2026-09-28T21:55:28.365908+09:00,2026-09-28T21:55:28.447136+09:00,rail-left-01,rail-right-01,0.6.7-draft,0.6.7-draft,mqtt,mqtt,1112.3,959.51,6.698,5.778,-0.041,0.001,-0.103,-0.192,10.465,9.649,-0.0665,0.033,0.0386,0.0572,-0.0073,-0.0055,25.9,26.09,17004,16386,2.126,2.048,6.377,6.145,656,656,66,66,0,0,0,0,,,,,,,,,,,,,,,,,0,0,0,0
2026-09-28T21:55:28.385817+09:00,134778620,41d8b32a,2026-09-28T21:55:28.385817+09:00,2026-09-28T21:55:28.467045+09:00,rail-left-01,rail-right-01,0.6.7-draft,0.6.7-draft,mqtt,mqtt,1113.39,960.46,6.69,5.782,0.049,-0.008,-0.062,-0.346,10.618,9.708,-0.0621,0.0321,0.0406,0.0578,-0.0096,-0.0059,25.89,26.1,16984,16407,2.123,2.051,6.369,6.153,657,657,66,66,0,0,0,0,,,,,,,,,,,,,,,,,0,0,0,0
2026-09-28T21:55:28.406039+09:00,134798842,41d8b32a,2026-09-28T21:55:28.406039+09:00,2026-09-28T21:55:28.487267+09:00,rail-left-01,rail-right-01,0.6.7-draft,0.6.7-draft,mqtt,mqtt,1114.53,961.45,6.671,5.787,0.025,0.019,0.03,-0.011,10.713,9.743,-0.065,0.0292,0.0389,0.058,-0.0105,-0.0123,25.87,26.09,16938,16430,2.117,2.054,6.352,6.161,658,658,66,66,0,0,0,0,,,,,,,,,,,,,,,,,0,0,0,0
2026-09-28T21:55:28.425947+09:00,134818750,41d8b32a,2026-09-28T21:55:28.425947+09:00,2026-09-28T21:55:28.507174+09:00,rail-left-01,rail-right-01,0.6.7-draft,0.6.7-draft,mqtt,mqtt,1115.63,962.4,6.674,5.786,-0.169,-0.075,0.368,-0.16,10.549,9.749,-0.0703,0.0344,0.0372,0.055,-0.0063,-0.0012,25.9,26.07,16944,16427,2.118,2.053,6.354,6.16,659,659,66,66,0,0,0,0,,,,,,,,,,,,,,,,,0,0,0,0
2026-09-28T21:55:28.445812+09:00,134838615,41d8b32a,2026-09-28T21:55:28.445812+09:00,2026-09-28T21:55:28.527040+09:00,rail-left-01,rail-right-01,0.6.7-draft,0.6.7-draft,mqtt,mqtt,1116.77,963.34,6.674,5.797,0.02,-0.047,0.175,-0.358,10.603,9.564,-0.0671,0.0301,0.0416,0.058,-0.0123,-0.0101,25.86,26.07,16945,16480,2.118,2.06,6.354,6.18,660,660,66,66,0,0,0,0,,,,,,,,,,,,,,,,,0,0,0,0
2026-09-28T21:55:28.615000+09:00,135008445,41d8b32a,2026-09-28T21:55:28.615000+09:00,2026-09-28T21:55:28.656600+09:00,rail-left-01,rail-right-01,0.6.7-draft,0.6.7-draft,mqtt,mqtt,1126.22,971.49,6.668,5.803,-0.071,-0.023,0.041,-0.089,10.531,9.597,-0.0652,0.0302,0.0478,0.0557,-0.0027,-0.0061,25.9,26.07,16930,16509,2.116,2.064,6.349,6.191,661,661,67,67,0,0,0,0,,,,,,,,,,,,,,,,,0,0,0,0
2026-09-28T21:55:28.635139+09:00,135028585,41d8b32a,2026-09-28T21:55:28.635139+09:00,2026-09-28T21:55:28.676740+09:00,rail-left-01,rail-right-01,0.6.7-draft,0.6.7-draft,mqtt,mqtt,1127.36,972.49,6.681,5.87,-0.057,-0.104,0.034,-0.156,10.455,9.81,-0.0667,0.0354,0.0409,0.0553,-0.0037,-0.0045,25.88,26.08,16962,16828,2.12,2.104,6.361,6.311,662,662,67,67,0,0,0,0,,,,,,,,,,,,,,,,,0,0,0,0
2026-09-28T21:55:28.655279+09:00,135048724,41d8b32a,2026-09-28T21:55:28.655279+09:00,2026-09-28T21:55:28.696879+09:00,rail-left-01,rail-right-01,0.6.7-draft,0.6.7-draft,mqtt,mqtt,1128.46,973.43,6.669,5.876,0.132,0.093,-0.122,-0.243,10.594,9.874,-0.0666,0.0313,0.0436,0.0569,-0.002,-0.0056,25.87,26.09,16932,16861,2.117,2.108,6.35,6.323,663,663,67,67,0,0,0,0,,,,,,,,,,,,,,,,,0,0,0,0
2026-09-28T21:55:28.675130+09:00,135068575,41d8b32a,2026-09-28T21:55:28.675130+09:00,2026-09-28T21:55:28.716730+09:00,rail-left-01,rail-right-01,0.6.7-draft,0.6.7-draft,mqtt,mqtt,1129.6,974.38,6.659,5.892,-0.13,-0.136,0.201,-0.214,10.682,9.804,-0.0659,0.0333,0.0428,0.0585,-0.0029,-0.0008,25.88,26.09,16907,16934,2.113,2.117,6.34,6.35,664,664,67,67,0,0,0,0,,,,,,,,,,,,,,,,,0,0,0,0
2026-09-28T21:55:28.695017+09:00,135088462,41d8b32a,2026-09-28T21:55:28.695017+09:00,2026-09-28T21:55:28.736617+09:00,rail-left-01,rail-right-01,0.6.7-draft,0.6.7-draft,mqtt,mqtt,1130.69,975.37,6.648,5.909,0.035,0.138,-0.072,-0.119,10.667,9.765,-0.0654,0.0313,0.0408,0.055,-0.0061,-0.0068,25.89,26.11,16880,17017,2.11,2.127,6.33,6.381,665,665,67,67,0,0,0,0,,,,,,,,,,,,,,,,,0,0,0,0
2026-09-28T21:55:28.715139+09:00,135108584,41d8b32a,2026-09-28T21:55:28.715139+09:00,2026-09-28T21:55:28.756739+09:00,rail-left-01,rail-right-01,0.6.7-draft,0.6.7-draft,mqtt,mqtt,1131.79,976.32,6.648,5.92,-0.02,-0.01,-0.048,-0.247,10.403,9.9,-0.0662,0.0354,0.0394,0.0581,-0.0007,0.0027,25.88,26.1,16879,17069,2.11,2.134,6.33,6.401,666,666,67,67,0,0,0,0,,,,,,,,,,,,,,,,,0,0,0,0
2026-09-28T21:55:28.735113+09:00,135128558,41d8b32a,2026-09-28T21:55:28.735113+09:00,2026-09-28T21:55:28.776713+09:00,rail-left-01,rail-right-01,0.6.7-draft,0.6.7-draft,mqtt,mqtt,1132.93,977.26,6.641,5.925,-0.347,-0.311,0.286,-0.261,10.473,9.692,-0.0667,0.0352,0.0542,0.0502,0.0085,-0.0003,25.9,26.07,16862,17094,2.108,2.137,6.323,6.41,667,667,67,67,0,0,0,0,,,,,,,,,,,,,,,,,0,0,0,0
2026-09-28T21:55:28.755040+09:00,135148485,41d8b32a,2026-09-28T21:55:28.755040+09:00,2026-09-28T21:55:28.796640+09:00,rail-left-01,rail-right-01,0.6.7-draft,0.6.7-draft,mqtt,mqtt,1134.02,978.26,6.618,5.935,0.083,0.079,0.116,-0.201,10.46,9.68,-0.0667,0.0322,0.045,0.0562,0.0028,-0.0039,25.9,26.08,16806,17143,2.101,2.143,6.302,6.429,668,668,67,67,0,0,0,0,,,,,,,,,,,,,,,,,0,0,0,0
2026-09-28T21:55:28.775156+09:00,135168602,41d8b32a,2026-09-28T21:55:28.775156+09:00,2026-09-28T21:55:28.816757+09:00,rail-left-01,rail-right-01,0.6.7-draft,0.6.7-draft,mqtt,mqtt,1135.17,979.2,6.604,5.94,-0.113,-0.02,0.097,-0.092,10.434,9.701,-0.065,0.0384,0.0426,0.0569,0.0015,0.0012,25.9,26.1,16770,17165,2.096,2.146,6.289,6.437,669,669,67,67,0,0,0,0,,,,,,,,,,,,,,,,,0,0,0,0
2026-09-28T21:55:28.795021+09:00,135188466,41d8b32a,2026-09-28T21:55:28.795021+09:00,2026-09-28T21:55:28.836621+09:00,rail-left-01,rail-right-01,0.6.7-draft,0.6.7-draft,mqtt,mqtt,1136.26,980.15,6.589,5.95,0.057,0.051,-0.138,-0.251,10.444,9.743,-0.0666,0.0325,0.042,0.0562,-0.0023,-0.008,25.9,26.05,16732,17215,2.092,2.152,6.274,6.456,670,670,67,67,0,0,0,0,,,,,,,,,,,,,,,,,0,0,0,0
2026-09-28T21:55:28.929643+09:00,135317455,41d8b32a,2026-09-28T21:55:28.929643+09:00,2026-09-28T21:55:28.969058+09:00,rail-left-01,rail-right-01,0.6.7-draft,0.6.7-draft,mqtt,mqtt,1143.42,986.36,6.59,5.957,-0.091,-0.056,-0.147,-0.221,10.396,9.589,-0.0654,0.0318,0.0441,0.0561,-0.0053,-0.0061,25.9,26.08,16736,17250,2.092,2.156,6.276,6.469,671,671,68,68,0,0,0,0,,,,,,,,,,,,,,,,,0,0,0,0
2026-09-28T21:55:28.949808+09:00,135337620,41d8b32a,2026-09-28T21:55:28.949808+09:00,2026-09-28T21:55:28.989223+09:00,rail-left-01,rail-right-01,0.6.7-draft,0.6.7-draft,mqtt,mqtt,1144.56,987.36,6.523,6.011,0.05,0.104,-0.181,-0.05,10.463,9.782,-0.0644,0.0305,0.0378,0.0585,-0.0064,-0.0119,25.91,26.04,16569,17481,2.071,2.185,6.213,6.555,672,672,68,68,0,0,0,0,,,,,,,,,,,,,,,,,0,0,0,0
2026-09-28T21:55:28.969749+09:00,135357561,41d8b32a,2026-09-28T21:55:28.969749+09:00,2026-09-28T21:55:29.009164+09:00,rail-left-01,rail-right-01,0.6.7-draft,0.6.7-draft,mqtt,mqtt,1145.66,988.3,6.51,6.023,-0.018,-0.03,-0.133,-0.184,10.235,9.688,-0.0659,0.0304,0.0436,0.0634,-0.0056,-0.0092,25.91,26.09,16535,17508,2.067,2.189,6.201,6.566,673,673,68,68,0,0,0,0,,,,,,,,,,,,,,,,,0,0,0,0
2026-09-28T21:55:28.989681+09:00,135377493,41d8b32a,2026-09-28T21:55:28.989681+09:00,2026-09-28T21:55:29.029096+09:00,rail-left-01,rail-right-01,0.6.7-draft,0.6.7-draft,mqtt,mqtt,1146.75,989.24,6.487,6.035,-0.072,0.03,0.022,-0.362,10.293,9.681,-0.0661,0.0276,0.0313,0.0534,-0.0055,-0.002,25.89,26.07,16478,17533,2.06,2.192,6.179,6.575,674,674,68,68,0,0,0,0,,,,,,,,,,,,,,,,,0,0,0,0
2026-09-28T21:55:29.009828+09:00,135397640,41d8b32a,2026-09-28T21:55:29.009828+09:00,2026-09-28T21:55:29.049243+09:00,rail-left-01,rail-right-01,0.6.7-draft,0.6.7-draft,mqtt,mqtt,1147.9,990.19,6.476,6.039,0.016,-0.006,0.322,-0.107,10.37,9.621,-0.0626,0.0312,0.0422,0.0612,-0.0115,-0.0075,25.9,26.07,16451,17543,2.056,2.193,6.169,6.579,675,675,68,68,0,0,0,0,,,,,,,,,,,,,,,,,0,0,0,0
2026-09-28T21:55:29.029885+09:00,135417697,41d8b32a,2026-09-28T21:55:29.029885+09:00,2026-09-28T21:55:29.069300+09:00,rail-left-01,rail-right-01,0.6.7-draft,0.6.7-draft,mqtt,mqtt,1148.99,991.18,6.459,6.029,-0.081,-0.028,0.016,-0.176,10.227,9.74,-0.0663,0.0289,0.0364,0.0548,-0.0071,-0.0035,25.9,26.07,16409,17521,2.051,2.19,6.153,6.57,676,676,68,68,0,0,0,0,,,,,,,,,,,,,,,,,0,0,0,0
2026-09-28T21:55:29.049689+09:00,135437501,41d8b32a,2026-09-28T21:55:29.049689+09:00,2026-09-28T21:55:29.089104+09:00,rail-left-01,rail-right-01,0.6.7-draft,0.6.7-draft,mqtt,mqtt,1150.08,992.13,6.45,6.025,0.026,0.122,0.098,-0.174,10.399,9.826,-0.065,0.0297,0.0392,0.0577,-0.014,-0.0079,25.91,26.08,16387,17512,2.048,2.189,6.145,6.567,677,677,68,68,0,0,0,0,,,,,,,,,,,,,,,,,0,0,0,0
2026-09-28T21:55:29.069811+09:00,135457623,41d8b32a,2026-09-28T21:55:29.069811+09:00,2026-09-28T21:55:29.109226+09:00,rail-left-01,rail-right-01,0.6.7-draft,0.6.7-draft,mqtt,mqtt,1151.23,993.07,6.428,6.021,-0.067,-0.062,-0.08,-0.339,10.483,9.655,-0.0678,0.0292,0.0338,0.0553,-0.0099,-0.0061,25.88,26.07,16331,17503,2.041,2.188,6.124,6.564,678,678,68,68,0,0,0,0,,,,,,,,,,,,,,,,,0,0,0,0
2026-09-28T21:55:29.089768+09:00,135477580,41d8b32a,2026-09-28T21:55:29.089768+09:00,2026-09-28T21:55:29.129183+09:00,rail-left-01,rail-right-01,0.6.7-draft,0.6.7-draft,mqtt,mqtt,1152.32,994.07,6.422,6.011,-0.067,-0.078,0.177,-0.261,10.56,9.62,-0.0637,0.0246,0.035,0.0542,-0.0112,-0.0053,25.91,26.07,16316,17481,2.039,2.185,6.118,6.555,679,679,68,68,0,0,0,0,,,,,,,,,,,,,,,,,0,0,0,0
2026-09-28T21:55:29.109651+09:00,135497463,41d8b32a,2026-09-28T21:55:29.109651+09:00,2026-09-28T21:55:29.149066+09:00,rail-left-01,rail-right-01,0.6.7-draft,0.6.7-draft,mqtt,mqtt,1153.46,995.01,6.395,5.994,-0.066,-0.042,-0.036,-0.379,10.665,9.716,-0.0665,0.0245,0.0326,0.0536,-0.0119,-0.0087,25.88,26.06,16249,17429,2.031,2.179,6.093,6.536,680,680,68,68,0,0,0,0,,,,,,,,,,,,,,,,,0,0,0,0
2026-09-28T21:55:29.230704+09:00,135629472,41d8b32a,2026-09-28T21:55:29.230704+09:00,2026-09-28T21:55:29.273670+09:00,rail-left-01,rail-right-01,0.6.7-draft,0.6.7-draft,mqtt,mqtt,1160.77,1001.33,6.393,5.985,-0.148,-0.103,0.102,-0.187,10.95,9.686,-0.0602,0.0317,0.0361,0.0521,-0.0076,-0.004,25.89,26.06,16244,17385,2.031,2.173,6.092,6.519,681,681,69,69,0,0,0,0,,,,,,,,,,,,,,,,,0,0,0,0
2026-09-28T21:55:29.250807+09:00,135649575,41d8b32a,2026-09-28T21:55:29.250807+09:00,2026-09-28T21:55:29.293773+09:00,rail-left-01,rail-right-01,0.6.7-draft,0.6.7-draft,mqtt,mqtt,1161.92,1002.27,6.319,5.973,-0.047,0.04,0.026,-0.213,10.558,9.805,-0.059,0.0318,0.0329,0.0469,-0.012,-0.0043,25.89,26.08,16061,17328,2.008,2.166,6.023,6.498,682,682,69,69,0,0,0,0,,,,,,,,,,,,,,,,,0,0,0,0
2026-09-28T21:55:29.270721+09:00,135669489,41d8b32a,2026-09-28T21:55:29.270721+09:00,2026-09-28T21:55:29.313687+09:00,rail-left-01,rail-right-01,0.6.7-draft,0.6.7-draft,mqtt,mqtt,1163.01,1003.26,6.36,5.966,-0.045,-0.004,0.079,-0.122,10.375,9.586,-0.0629,0.0301,0.0392,0.0569,-0.0121,-0.008,25.9,26.07,16164,17291,2.021,2.161,6.062,6.484,683,683,69,69,0,0,0,0,,,,,,,,,,,,,,,,,0,0,0,0
2026-09-28T21:55:29.290808+09:00,135689576,41d8b32a,2026-09-28T21:55:29.290808+09:00,2026-09-28T21:55:29.333774+09:00,rail-left-01,rail-right-01,0.6.7-draft,0.6.7-draft,mqtt,mqtt,1164.1,1004.21,6.367,5.967,-0.138,-0.091,0.198,-0.187,10.429,9.823,-0.0649,0.0322,0.0384,0.0502,-0.0191,0.0049,25.91,26.07,16180,17296,2.023,2.162,6.068,6.486,684,684,69,69,0,0,0,0,,,,,,,,,,,,,,,,,0,0,0,0
2026-09-28T21:55:29.310930+09:00,135709698,41d8b32a,2026-09-28T21:55:29.310930+09:00,2026-09-28T21:55:29.353896+09:00,rail-left-01,rail-right-01,0.6.7-draft,0.6.7-draft,mqtt,mqtt,1165.25,1005.15,6.369,5.958,-0.025,0.05,0.066,-0.233,10.289,9.81,-0.0715,0.0293,0.0374,0.0456,-0.0057,-0.0031,25.87,26.06,16184,17253,2.023,2.157,6.069,6.47,685,685,69,69,0,0,0,0,,,,,,,,,,,,,,,,,0,0,0,0
2026-09-28T21:55:29.330737+09:00,135729505,41d8b32a,2026-09-28T21:55:29.330737+09:00,2026-09-28T21:55:29.373703+09:00,rail-left-01,rail-right-01,0.6.7-draft,0.6.7-draft,mqtt,mqtt,1166.34,1006.15,6.376,5.961,0.025,-0.022,0.078,-0.415,10.312,9.604,-0.0658,0.034,0.0417,0.0572,-0.0035,-0.0001,25.89,26.07,16202,17270,2.025,2.159,6.076,6.476,686,686,69,69,0,0,0,0,,,,,,,,,,,,,,,,,0,0,0,0
2026-09-28T21:55:29.350829+09:00,135749597,41d8b32a,2026-09-28T21:55:29.350829+09:00,2026-09-28T21:55:29.393795+09:00,rail-left-01,rail-right-01,0.6.7-draft,0.6.7-draft,mqtt,mqtt,1167.43,1007.09,6.377,5.964,0.014,0.001,-0.013,-0.311,10.392,9.692,-0.0659,0.0342,0.0398,0.0593,-0.0053,-0.0024,25.91,26.08,16204,17282,2.026,2.16,6.076,6.481,687,687,69,69,0,0,0,0,,,,,,,,,,,,,,,,,0,0,0,0
2026-09-28T21:55:29.370776+09:00,135769544,41d8b32a,2026-09-28T21:55:29.370776+09:00,2026-09-28T21:55:29.413742+09:00,rail-left-01,rail-right-01,0.6.7-draft,0.6.7-draft,mqtt,mqtt,1168.58,1008.04,6.345,5.969,0.066,0.038,-0.068,-0.267,10.556,9.714,-0.0674,0.035,0.0389,0.056,-0.0063,-0.0037,25.89,26.06,16126,17306,2.016,2.163,6.047,6.49,688,688,69,69,0,0,0,0,,,,,,,,,,,,,,,,,0,0,0,0
2026-09-28T21:55:29.390736+09:00,135789504,41d8b32a,2026-09-28T21:55:29.390736+09:00,2026-09-28T21:55:29.433702+09:00,rail-left-01,rail-right-01,0.6.7-draft,0.6.7-draft,mqtt,mqtt,1169.67,1008.98,6.325,5.967,-0.079,-0.109,0.123,-0.16,10.351,9.697,-0.0678,0.0312,0.0409,0.0581,-0.0059,-0.0075,25.89,26.06,16075,17297,2.009,2.162,6.028,6.486,689,689,69,69,0,0,0,0,,,,,,,,,,,,,,,,,0,0,0,0
2026-09-28T21:55:29.411328+09:00,135810096,41d8b32a,2026-09-28T21:55:29.411328+09:00,2026-09-28T21:55:29.454294+09:00,rail-left-01,rail-right-01,0.6.7-draft,0.6.7-draft,mqtt,mqtt,1170.82,1009.98,6.287,5.963,-0.073,0.047,0.09,-0.233,10.584,9.622,-0.0644,0.0286,0.0374,0.0549,-0.0076,-0.0084,25.89,26.09,15982,17278,1.998,2.16,5.993,6.479,690,690,69,69,0,0,0,0,,,,,,,,,,,,,,,,,0,0,0,0
2026-09-28T21:55:29.545660+09:00,135937456,41d8b32a,2026-09-28T21:55:29.545660+09:00,2026-09-28T21:55:29.581816+09:00,rail-left-01,rail-right-01,0.6.7-draft,0.6.7-draft,mqtt,mqtt,1177.88,1016.09,6.273,5.957,0.014,0.007,-0.074,-0.188,10.244,9.742,-0.0634,0.031,0.0397,0.0538,-0.0085,-0.0084,25.89,26.09,15947,17250,1.993,2.156,5.98,6.469,691,691,70,70,0,0,0,0,,,,,,,,,,,,,,,,,0,0,0,0
2026-09-28T21:55:29.565780+09:00,135957576,41d8b32a,2026-09-28T21:55:29.565780+09:00,2026-09-28T21:55:29.601936+09:00,rail-left-01,rail-right-01,0.6.7-draft,0.6.7-draft,mqtt,mqtt,1179.02,1017.09,6.268,5.929,0.04,0.074,-0.09,-0.196,10.381,9.724,-0.0624,0.03,0.0376,0.0592,-0.0072,-0.0068,25.87,26.07,15933,17116,1.992,2.14,5.975,6.419,692,692,70,70,0,0,0,0,,,,,,,,,,,,,,,,,0,0,0,0
2026-09-28T21:55:29.585699+09:00,135977495,41d8b32a,2026-09-28T21:55:29.585699+09:00,2026-09-28T21:55:29.621855+09:00,rail-left-01,rail-right-01,0.6.7-draft,0.6.7-draft,mqtt,mqtt,1180.11,1018.03,6.276,5.925,-0.037,0.055,-0.038,-0.062,10.414,9.773,-0.055,0.0317,0.0261,0.0518,-0.0144,-0.0041,25.88,26.07,15954,17095,1.994,2.137,5.983,6.411,693,693,70,70,0,0,0,0,,,,,,,,,,,,,,,,,0,0,0,0
2026-09-28T21:55:29.605815+09:00,135997611,41d8b32a,2026-09-28T21:55:29.605815+09:00,2026-09-28T21:55:29.641971+09:00,rail-left-01,rail-right-01,0.6.7-draft,0.6.7-draft,mqtt,mqtt,1181.26,1018.98,6.319,5.929,-0.029,-0.067,0.037,-0.314,10.527,9.796,-0.0576,0.0344,0.0318,0.0541,-0.0103,-0.0036,25.87,26.08,16060,17115,2.008,2.139,6.023,6.418,694,694,70,70,0,0,0,0,,,,,,,,,,,,,,,,,0,0,0,0
2026-09-28T21:55:29.625689+09:00,136017485,41d8b32a,2026-09-28T21:55:29.625689+09:00,2026-09-28T21:55:29.661845+09:00,rail-left-01,rail-right-01,0.6.7-draft,0.6.7-draft,mqtt,mqtt,1182.35,1019.97,6.347,5.924,0.019,0.04,0.208,-0.062,10.448,9.741,-0.0608,0.0358,0.0277,0.0524,-0.0148,-0.0041,25.89,26.07,16130,17091,2.016,2.136,6.049,6.409,695,695,70,70,0,0,0,0,,,,,,,,,,,,,,,,,0,0,0,0
2026-09-28T21:55:29.645915+09:00,136037711,41d8b32a,2026-09-28T21:55:29.645915+09:00,2026-09-28T21:55:29.682071+09:00,rail-left-01,rail-right-01,0.6.7-draft,0.6.7-draft,mqtt,mqtt,1183.44,1020.91,6.348,5.923,-0.05,-0.043,0.236,-0.39,10.623,9.805,-0.0625,0.0316,0.0384,0.0597,-0.0169,-0.0092,25.88,26.06,16134,17085,2.017,2.136,6.05,6.407,696,696,70,70,0,0,0,0,,,,,,,,,,,,,,,,,0,0,0,0
2026-09-28T21:55:29.665836+09:00,136057632,41d8b32a,2026-09-28T21:55:29.665836+09:00,2026-09-28T21:55:29.701992+09:00,rail-left-01,rail-right-01,0.6.7-draft,0.6.7-draft,mqtt,mqtt,1184.59,1021.86,6.347,5.929,-0.055,-0.057,0.047,-0.261,10.608,9.671,-0.0628,0.0345,0.0362,0.0562,-0.0124,-0.0093,25.88,26.07,16130,17115,2.016,2.139,6.049,6.418,697,697,70,70,0,0,0,0,,,,,,,,,,,,,,,,,0,0,0,0
2026-09-28T21:55:29.685796+09:00,136077592,41d8b32a,2026-09-28T21:55:29.685796+09:00,2026-09-28T21:55:29.721952+09:00,rail-left-01,rail-right-01,0.6.7-draft,0.6.7-draft,mqtt,mqtt,1185.68,1022.8,6.37,5.93,-0.01,-0.049,0.011,-0.292,10.616,9.714,-0.0641,0.0354,0.0302,0.0504,-0.0127,-0.006,25.88,26.07,16188,17121,2.024,2.14,6.071,6.42,698,698,70,70,0,0,0,0,,,,,,,,,,,,,,,,,0,0,0,0
2026-09-28T21:55:29.705742+09:00,136097538,41d8b32a,2026-09-28T21:55:29.705742+09:00,2026-09-28T21:55:29.741898+09:00,rail-left-01,rail-right-01,0.6.7-draft,0.6.7-draft,mqtt,mqtt,1186.82,1023.8,6.398,5.932,0.002,-0.02,-0.011,-0.287,10.457,9.752,-0.0629,0.0309,0.0369,0.0589,-0.0133,-0.0123,25.89,26.08,16258,17129,2.032,2.141,6.097,6.423,699,699,70,70,0,0,0,0,,,,,,,,,,,,,,,,,0,0,0,0
2026-09-28T21:55:29.725786+09:00,136117582,41d8b32a,2026-09-28T21:55:29.725786+09:00,2026-09-28T21:55:29.761942+09:00,rail-left-01,rail-right-01,0.6.7-draft,0.6.7-draft,mqtt,mqtt,1187.92,1024.74,6.4,5.941,-0.025,0.042,-0.153,-0.265,10.488,9.608,-0.0681,0.0293,0.0372,0.0553,-0.0113,-0.0091,25.88,26.09,16263,17171,2.033,2.146,6.099,6.439,700,700,70,70,0,0,0,0,,,,,,,,,,,,,,,,,0,0,0,0
2026-09-28T21:55:29.824505+09:00,136242468,41d8b32a,2026-09-28T21:55:29.824505+09:00,2026-09-28T21:55:29.864944+09:00,rail-left-01,rail-right-01,0.6.7-draft,0.6.7-draft,mqtt,mqtt,1194.88,1030.71,6.394,5.942,0.03,0.042,0.163,-0.235,10.449,9.619,-0.067,0.0358,0.038,0.0553,-0.008,-0.0053,25.88,26.08,16247,17178,2.031,2.147,6.093,6.442,701,701,71,71,0,0,0,0,,,,,,,,,,,,,,,,,0,0,0,0
2026-09-28T21:55:29.844659+09:00,136262622,41d8b32a,2026-09-28T21:55:29.844659+09:00,2026-09-28T21:55:29.885098+09:00,rail-left-01,rail-right-01,0.6.7-draft,0.6.7-draft,mqtt,mqtt,1196.02,1031.65,6.496,5.957,-0.148,-0.095,0.249,-0.065,10.394,9.834,-0.0661,0.032,0.0336,0.0562,-0.0103,-0.0053,25.86,26.07,16502,17248,2.063,2.156,6.188,6.468,702,702,71,71,0,0,0,0,,,,,,,,,,,,,,,,,0,0,0,0
2026-09-28T21:55:29.864584+09:00,136282547,41d8b32a,2026-09-28T21:55:29.864584+09:00,2026-09-28T21:55:29.905023+09:00,rail-left-01,rail-right-01,0.6.7-draft,0.6.7-draft,mqtt,mqtt,1197.12,1032.6,6.498,5.961,0.153,0.171,0.169,-0.25,10.36,9.665,-0.0695,0.0322,0.0356,0.0564,-0.0081,-0.0048,25.88,26.06,16506,17267,2.063,2.158,6.19,6.475,703,703,71,71,0,0,0,0,,,,,,,,,,,,,,,,,0,0,0,0
2026-09-28T21:55:29.884640+09:00,136302603,41d8b32a,2026-09-28T21:55:29.884640+09:00,2026-09-28T21:55:29.925079+09:00,rail-left-01,rail-right-01,0.6.7-draft,0.6.7-draft,mqtt,mqtt,1198.26,1033.59,6.492,5.967,-0.097,-0.109,0.235,-0.318,10.573,9.744,-0.0694,0.0348,0.0392,0.0602,-0.0096,-0.0089,25.87,26.07,16491,17296,2.061,2.162,6.184,6.486,704,704,71,71,0,0,0,0,,,,,,,,,,,,,,,,,0,0,0,0
2026-09-28T21:55:29.905043+09:00,136323006,41d8b32a,2026-09-28T21:55:29.905043+09:00,2026-09-28T21:55:29.945482+09:00,rail-left-01,rail-right-01,0.6.7-draft,0.6.7-draft,mqtt,mqtt,1199.4,1034.54,6.494,5.971,0,-0.067,0.002,-0.462,10.299,9.517,-0.071,0.0282,0.0324,0.056,-0.0083,-0.008,25.87,26.07,16497,17317,2.062,2.165,6.186,6.494,705,705,71,71,0,0,0,0,,,,,,,,,,,,,,,,,0,0,0,0
2026-09-28T21:55:29.925224+09:00,136343187,41d8b32a,2026-09-28T21:55:29.925224+09:00,2026-09-28T21:55:29.965663+09:00,rail-left-01,rail-right-01,0.6.7-draft,0.6.7-draft,mqtt,mqtt,1200.5,1035.53,6.497,5.982,0.062,0.092,0.089,-0.201,10.476,9.658,-0.067,0.0337,0.039,0.0593,-0.0129,-0.008,25.88,26.06,16503,17371,2.063,2.171,6.189,6.514,706,706,71,71,0,0,0,0,,,,,,,,,,,,,,,,,0,0,0,0
2026-09-28T21:55:29.944670+09:00,136362633,41d8b32a,2026-09-28T21:55:29.944670+09:00,2026-09-28T21:55:29.985109+09:00,rail-left-01,rail-right-01,0.6.7-draft,0.6.7-draft,mqtt,mqtt,1201.59,1036.43,6.486,5.985,-0.111,-0.146,0.097,-0.146,10.511,9.754,-0.0675,0.0317,0.0393,0.0562,-0.0121,-0.0043,25.88,26.09,16477,17382,2.06,2.173,6.179,6.518,707,707,71,71,0,0,0,0,,,,,,,,,,,,,,,,,0,0,0,0
2026-09-28T21:55:29.964614+09:00,136382577,41d8b32a,2026-09-28T21:55:29.964614+09:00,2026-09-28T21:55:30.005053+09:00,rail-left-01,rail-right-01,0.6.7-draft,0.6.7-draft,mqtt,mqtt,1202.73,1037.42,6.474,5.98,0.16,0.163,-0.049,-0.254,10.536,9.791,-0.0678,0.032,0.0357,0.0585,-0.0141,-0.0109,25.89,26.07,16447,17359,2.056,2.17,6.168,6.51,708,708,71,71,0,0,0,0,,,,,,,,,,,,,,,,,0,0,0,0
2026-09-28T21:55:29.984525+09:00,136402488,41d8b32a,2026-09-28T21:55:29.984525+09:00,2026-09-28T21:55:30.024964+09:00,rail-left-01,rail-right-01,0.6.7-draft,0.6.7-draft,mqtt,mqtt,1203.83,1038.37,6.469,5.987,-0.142,-0.138,-0.025,-0.36,10.508,9.562,-0.0683,0.0308,0.0404,0.0584,-0.0076,-0.0059,25.89,26.07,16435,17392,2.054,2.174,6.163,6.522,709,709,71,71,0,0,0,0,,,,,,,,,,,,,,,,,0,0,0,0
2026-09-28T21:55:30.004761+09:00,136422724,41d8b32a,2026-09-28T21:55:30.004761+09:00,2026-09-28T21:55:30.045200+09:00,rail-left-01,rail-right-01,0.6.7-draft,0.6.7-draft,mqtt,mqtt,1204.97,1039.31,6.452,5.986,0.089,0.093,-0.075,-0.232,10.3,9.82,-0.0699,0.0346,0.0321,0.055,-0.0091,-0.0096,25.87,26.08,16391,17389,2.049,2.174,6.147,6.521,710,710,71,71,0,0,0,0,,,,,,,,,,,,,,,,,0,0,0,0
2026-09-28T21:55:30.092545+09:00,136532453,41d8b32a,2026-09-28T21:55:30.092545+09:00,2026-09-28T21:55:30.170872+09:00,rail-left-01,rail-right-01,0.6.7-draft,0.6.7-draft,mqtt,mqtt,1211.09,1044.63,6.448,5.989,-0.045,0.004,0.047,-0.297,10.287,9.663,-0.0686,0.0372,0.041,0.0578,-0.0072,-0.0039,25.88,26.07,16381,17405,2.048,2.176,6.143,6.527,711,711,72,72,0,0,0,0,,,,,,,,,,,,,,,,,0,0,0,0
2026-09-28T21:55:30.112787+09:00,136552695,41d8b32a,2026-09-28T21:55:30.112787+09:00,2026-09-28T21:55:30.191113+09:00,rail-left-01,rail-right-01,0.6.7-draft,0.6.7-draft,mqtt,mqtt,1212.18,1045.58,6.387,6.057,-0.028,-0.034,-0.035,-0.169,10.509,9.817,-0.067,0.0322,0.0369,0.0549,-0.0104,-0.0088,25.9,26.07,16230,17582,2.029,2.198,6.086,6.593,712,712,72,72,0,0,0,0,,,,,,,,,,,,,,,,,0,0,0,0
2026-09-28T21:55:30.132637+09:00,136572545,41d8b32a,2026-09-28T21:55:30.132637+09:00,2026-09-28T21:55:30.210963+09:00,rail-left-01,rail-right-01,0.6.7-draft,0.6.7-draft,mqtt,mqtt,1213.32,1046.52,6.386,6.06,0.078,0.077,0.023,-0.107,10.378,9.602,-0.0644,0.036,0.0386,0.0578,-0.0072,-0.0071,25.89,26.06,16227,17590,2.028,2.199,6.085,6.596,713,713,72,72,0,0,0,0,,,,,,,,,,,,,,,,,0,0,0,0
2026-09-28T21:55:30.152601+09:00,136592509,41d8b32a,2026-09-28T21:55:30.152601+09:00,2026-09-28T21:55:30.230927+09:00,rail-left-01,rail-right-01,0.6.7-draft,0.6.7-draft,mqtt,mqtt,1214.42,1047.51,6.362,6.066,-0.141,-0.006,0.008,-0.008,10.455,9.701,-0.0689,0.0309,0.0416,0.0597,-0.0045,-0.0037,25.87,26.07,16169,17603,2.021,2.2,6.063,6.601,714,714,72,72,0,0,0,0,,,,,,,,,,,,,,,,,0,0,0,0
2026-09-28T21:55:30.172840+09:00,136612748,41d8b32a,2026-09-28T21:55:30.172840+09:00,2026-09-28T21:55:30.251166+09:00,rail-left-01,rail-right-01,0.6.7-draft,0.6.7-draft,mqtt,mqtt,1215.56,1048.46,6.345,6.081,-0.03,0.016,-0.047,-0.277,10.327,9.837,-0.0686,0.0317,0.0346,0.0556,-0.0059,-0.0021,25.87,26.07,16126,17635,2.016,2.204,6.047,6.613,715,715,72,72,0,0,0,0,,,,,,,,,,,,,,,,,0,0,0,0
2026-09-28T21:55:30.192836+09:00,136632744,41d8b32a,2026-09-28T21:55:30.192836+09:00,2026-09-28T21:55:30.271162+09:00,rail-left-01,rail-right-01,0.6.7-draft,0.6.7-draft,mqtt,mqtt,1216.66,1049.45,6.339,6.096,0.004,0.012,0.142,-0.218,10.351,9.616,-0.0666,0.0322,0.0392,0.0601,-0.0085,-0.0068,25.86,26.09,16111,17668,2.014,2.209,6.042,6.626,716,716,72,72,0,0,0,0,,,,,,,,,,,,,,,,,0,0,0,0
2026-09-28T21:55:30.212734+09:00,136652642,41d8b32a,2026-09-28T21:55:30.212734+09:00,2026-09-28T21:55:30.291060+09:00,rail-left-01,rail-right-01,0.6.7-draft,0.6.7-draft,mqtt,mqtt,1217.75,1050.4,6.32,6.102,-0.14,-0.084,-0.04,-0.132,10.416,9.683,-0.0628,0.0332,0.0356,0.0548,-0.0104,-0.0076,25.88,26.07,16064,17682,2.008,2.21,6.024,6.631,717,717,72,72,0,0,0,0,,,,,,,,,,,,,,,,,0,0,0,0
2026-09-28T21:55:30.232553+09:00,136672461,41d8b32a,2026-09-28T21:55:30.232553+09:00,2026-09-28T21:55:30.310880+09:00,rail-left-01,rail-right-01,0.6.7-draft,0.6.7-draft,mqtt,mqtt,1218.89,1051.34,6.334,6.102,0.051,0.086,0.099,-0.294,10.305,9.626,-0.0634,0.0358,0.0384,0.0544,-0.0081,-0.0047,25.89,26.07,16098,17682,2.012,2.21,6.037,6.631,718,718,72,72,0,0,0,0,,,,,,,,,,,,,,,,,0,0,0,0
2026-09-28T21:55:30.252691+09:00,136692599,41d8b32a,2026-09-28T21:55:30.252691+09:00,2026-09-28T21:55:30.331017+09:00,rail-left-01,rail-right-01,0.6.7-draft,0.6.7-draft,mqtt,mqtt,1219.99,1052.34,6.316,6.11,-0.065,-0.093,0.028,-0.304,10.378,9.708,-0.0663,0.0313,0.0434,0.0617,-0.0117,-0.0091,25.88,26.07,16054,17699,2.007,2.212,6.02,6.637,719,719,72,72,0,0,0,0,,,,,,,,,,,,,,,,,0,0,0,0
2026-09-28T21:55:30.272757+09:00,136712665,41d8b32a,2026-09-28T21:55:30.272757+09:00,2026-09-28T21:55:30.351084+09:00,rail-left-01,rail-right-01,0.6.7-draft,0.6.7-draft,mqtt,mqtt,1221.13,1053.28,6.297,6.124,0.006,-0.02,-0.012,-0.15,10.517,9.664,-0.0637,0.0296,0.0372,0.0581,-0.0123,-0.0124,25.88,26.07,16006,17732,2.001,2.217,6.002,6.649,720,720,72,72,0,0,0,0,,,,,,,,,,,,,,,,,0,0,0,0
2026-09-28T21:55:30.398910+09:00,136831450,41d8b32a,2026-09-28T21:55:30.398910+09:00,2026-09-28T21:55:30.481553+09:00,rail-left-01,rail-right-01,0.6.7-draft,0.6.7-draft,mqtt,mqtt,1227.74,1059.05,6.289,6.116,0.029,-0.012,0.25,-0.345,10.461,9.694,-0.0711,0.0298,0.0374,0.0556,-0.0073,-0.0049,25.88,26.09,15985,17714,1.998,2.214,5.994,6.643,721,721,73,73,0,0,0,0,,,,,,,,,,,,,,,,,0,0,0,0
2026-09-28T21:55:30.418983+09:00,136851523,41d8b32a,2026-09-28T21:55:30.418983+09:00,2026-09-28T21:55:30.501626+09:00,rail-left-01,rail-right-01,0.6.7-draft,0.6.7-draft,mqtt,mqtt,1228.89,1059.99,6.3,6.117,-0.122,-0.152,0.083,-0.253,10.21,9.582,-0.0671,0.0272,0.0341,0.0533,-0.0087,-0.0061,25.87,26.06,16013,17715,2.002,2.214,6.005,6.643,722,722,73,73,0,0,0,0,,,,,,,,,,,,,,,,,0,0,0,0
2026-09-28T21:55:30.438957+09:00,136871497,41d8b32a,2026-09-28T21:55:30.438957+09:00,2026-09-28T21:55:30.521600+09:00,rail-left-01,rail-right-01,0.6.7-draft,0.6.7-draft,mqtt,mqtt,1229.98,1060.99,6.312,6.099,0.093,0.025,0.178,-0.245,10.477,9.856,-0.069,0.0248,0.0334,0.052,-0.0096,-0.006,25.87,26.08,16044,17675,2.006,2.209,6.017,6.628,723,723,73,73,0,0,0,0,,,,,,,,,,,,,,,,,0,0,0,0
2026-09-28T21:55:30.459073+09:00,136891613,41d8b32a,2026-09-28T21:55:30.459073+09:00,2026-09-28T21:55:30.541716+09:00,rail-left-01,rail-right-01,0.6.7-draft,0.6.7-draft,mqtt,mqtt,1231.07,1061.93,6.301,6.071,-0.144,-0.099,-0.031,-0.353,10.743,9.724,-0.0636,0.0215,0.0316,0.0474,-0.0081,-0.0076,25.87,26.09,16015,17614,2.002,2.202,6.006,6.605,724,724,73,73,0,0,0,0,,,,,,,,,,,,,,,,,0,0,0,0
2026-09-28T21:55:30.478927+09:00,136911467,41d8b32a,2026-09-28T21:55:30.478927+09:00,2026-09-28T21:55:30.561570+09:00,rail-left-01,rail-right-01,0.6.7-draft,0.6.7-draft,mqtt,mqtt,1232.22,1062.93,6.305,6.026,0.105,0.077,-0.029,-0.075,10.392,9.614,-0.0683,0.0216,0.0344,0.0509,-0.0059,-0.0093,25.86,26.06,16027,17514,2.003,2.189,6.01,6.568,725,725,73,73,0,0,0,0,,,,,,,,,,,,,,,,,0,0,0,0
2026-09-28T21:55:30.498896+09:00,136931436,41d8b32a,2026-09-28T21:55:30.498896+09:00,2026-09-28T21:55:30.581539+09:00,rail-left-01,rail-right-01,0.6.7-draft,0.6.7-draft,mqtt,mqtt,1233.31,1063.87,6.294,6.013,0.03,0,-0.126,-0.115,10.647,9.574,-0.0683,0.032,0.0386,0.0565,-0.0084,-0.008,25.87,26.04,15998,17485,2,2.186,5.999,6.557,726,726,73,73,0,0,0,0,,,,,,,,,,,,,,,,,0,0,0,0
2026-09-28T21:55:30.519005+09:00,136951545,41d8b32a,2026-09-28T21:55:30.519005+09:00,2026-09-28T21:55:30.601648+09:00,rail-left-01,rail-right-01,0.6.7-draft,0.6.7-draft,mqtt,mqtt,1234.41,1064.87,6.297,6.014,-0.087,-0.109,0.024,-0.159,10.393,9.655,-0.0642,0.0278,0.0396,0.0616,-0.0123,-0.0076,25.87,26.07,16006,17488,2.001,2.186,6.002,6.558,727,727,73,73,0,0,0,0,,,,,,,,,,,,,,,,,0,0,0,0
2026-09-28T21:55:30.538973+09:00,136971513,41d8b32a,2026-09-28T21:55:30.538973+09:00,2026-09-28T21:55:30.621616+09:00,rail-left-01,rail-right-01,0.6.7-draft,0.6.7-draft,mqtt,mqtt,1235.55,1065.81,6.276,6.014,0.012,0.077,0.139,-0.152,10.544,9.79,-0.0667,0.03,0.0345,0.0585,-0.0057,-0.0016,25.89,26.08,15953,17486,1.994,2.186,5.982,6.557,728,728,73,73,0,0,0,0,,,,,,,,,,,,,,,,,0,0,0,0
2026-09-28T21:55:30.559076+09:00,136991616,41d8b32a,2026-09-28T21:55:30.559076+09:00,2026-09-28T21:55:30.641719+09:00,rail-left-01,rail-right-01,0.6.7-draft,0.6.7-draft,mqtt,mqtt,1236.64,1066.76,6.273,6.018,-0.105,-0.086,0.097,-0.238,10.364,9.673,-0.067,0.0306,0.0358,0.0549,-0.0081,0.0007,25.88,26.06,15947,17497,1.993,2.187,5.98,6.561,729,729,73,73,0,0,0,0,,,,,,,,,,,,,,,,,0,0,0,0
2026-09-28T21:55:30.578933+09:00,137011473,41d8b32a,2026-09-28T21:55:30.578933+09:00,2026-09-28T21:55:30.661576+09:00,rail-left-01,rail-right-01,0.6.7-draft,0.6.7-draft,mqtt,mqtt,1237.74,1067.75,6.276,6.025,0.096,0.148,0.036,-0.227,10.409,9.561,-0.0649,0.0285,0.039,0.0558,-0.01,-0.0069,25.87,26.06,15954,17512,1.994,2.189,5.983,6.567,730,730,73,73,0,0,0,0,,,,,,,,,,,,,,,,,0,0,0,0
2026-09-28T21:55:30.707426+09:00,137142443,41d8b32a,2026-09-28T21:55:30.707426+09:00,2026-09-28T21:55:30.789408+09:00,rail-left-01,rail-right-01,0.6.7-draft,0.6.7-draft,mqtt,mqtt,1245.04,1074.06,6.264,6.034,0.097,0.081,-0.233,-0.097,10.336,9.535,-0.0702,0.0516,0.052,0.0682,-0.0043,-0.0024,25.86,26.07,15925,17532,1.991,2.192,5.972,6.575,731,731,74,74,0,0,0,0,,,,,,,,,,,,,,,,,0,0,0,0
2026-09-28T21:55:30.727624+09:00,137162641,41d8b32a,2026-09-28T21:55:30.727624+09:00,2026-09-28T21:55:30.809606+09:00,rail-left-01,rail-right-01,0.6.7-draft,0.6.7-draft,mqtt,mqtt,1246.14,1075.01,6.259,6.277,-0.081,-0.044,0.041,-0.341,10.33,9.535,-0.0745,0.0484,0.053,0.0695,-0.0069,-0.0077,25.89,26.05,15911,18071,1.989,2.259,5.967,6.777,732,732,74,74,0,0,0,0,,,,,,,,,,,,,,,,,0,0,0,0
2026-09-28T21:55:30.747591+09:00,137182608,41d8b32a,2026-09-28T21:55:30.747591+09:00,2026-09-28T21:55:30.829573+09:00,rail-left-01,rail-right-01,0.6.7-draft,0.6.7-draft,mqtt,mqtt,1247.28,1076,6.23,6.379,-0.232,-0.109,0.121,0.018,10.653,9.574,-0.0578,0.0453,0.0356,0.0513,-0.0025,-0.002,25.87,26.07,15839,18297,1.98,2.287,5.94,6.861,733,733,74,74,0,0,0,0,,,,,,,,,,,,,,,,,0,0,0,0
2026-09-28T21:55:30.767541+09:00,137202558,41d8b32a,2026-09-28T21:55:30.767541+09:00,2026-09-28T21:55:30.849523+09:00,rail-left-01,rail-right-01,0.6.7-draft,0.6.7-draft,mqtt,mqtt,1248.38,1076.95,6.296,6.449,0.068,0.051,-0.019,-0.405,10.197,9.808,-0.0562,0.037,0.0402,0.0592,-0.0107,-0.006,25.9,26.09,16004,18452,2.001,2.307,6.002,6.92,734,734,74,74,0,0,0,0,,,,,,,,,,,,,,,,,0,0,0,0
2026-09-28T21:55:30.787594+09:00,137222611,41d8b32a,2026-09-28T21:55:30.787594+09:00,2026-09-28T21:55:30.869576+09:00,rail-left-01,rail-right-01,0.6.7-draft,0.6.7-draft,mqtt,mqtt,1249.47,1077.94,6.33,6.5,-0.147,-0.135,-0.105,-0.213,10.506,9.65,-0.0608,0.036,0.0417,0.0561,-0.0085,-0.0076,25.86,26.1,16089,18565,2.011,2.321,6.033,6.962,735,735,74,74,0,0,0,0,,,,,,,,,,,,,,,,,0,0,0,0
2026-09-28T21:55:30.807550+09:00,137242567,41d8b32a,2026-09-28T21:55:30.807550+09:00,2026-09-28T21:55:30.889532+09:00,rail-left-01,rail-right-01,0.6.7-draft,0.6.7-draft,mqtt,mqtt,1250.61,1078.89,6.341,6.523,-0.031,0.04,0.037,-0.365,10.408,9.555,-0.0629,0.0326,0.0392,0.0557,-0.0119,-0.0113,25.88,26.08,16115,18616,2.014,2.327,6.043,6.981,736,736,74,74,0,0,0,0,,,,,,,,,,,,,,,,,0,0,0,0
2026-09-28T21:55:30.827535+09:00,137262552,41d8b32a,2026-09-28T21:55:30.827535+09:00,2026-09-28T21:55:30.909517+09:00,rail-left-01,rail-right-01,0.6.7-draft,0.6.7-draft,mqtt,mqtt,1251.71,1079.83,6.335,6.517,-0.055,-0.051,-0.174,-0.239,10.344,9.594,-0.0652,0.0342,0.039,0.0554,-0.0075,-0.0081,25.85,26.07,16101,18603,2.013,2.325,6.038,6.976,737,737,74,74,0,0,0,0,,,,,,,,,,,,,,,,,0,0,0,0
2026-09-28T21:55:30.847503+09:00,137282520,41d8b32a,2026-09-28T21:55:30.847503+09:00,2026-09-28T21:55:30.929485+09:00,rail-left-01,rail-right-01,0.6.7-draft,0.6.7-draft,mqtt,mqtt,1252.8,1080.83,6.306,6.494,-0.034,-0.034,0.026,-0.123,10.652,9.674,-0.0616,0.0318,0.0362,0.0584,-0.0079,-0.0092,25.86,26.06,16028,18552,2.003,2.319,6.01,6.957,738,738,74,74,0,0,0,0,,,,,,,,,,,,,,,,,0,0,0,0
2026-09-28T21:55:30.867469+09:00,137302486,41d8b32a,2026-09-28T21:55:30.867469+09:00,2026-09-28T21:55:30.949451+09:00,rail-left-01,rail-right-01,0.6.7-draft,0.6.7-draft,mqtt,mqtt,1253.94,1081.77,6.317,6.494,-0.056,0.018,-0.023,-0.132,10.345,9.649,-0.063,0.0338,0.0313,0.0525,-0.0077,-0.0048,25.86,26.07,16056,18552,2.007,2.319,6.021,6.957,739,739,74,74,0,0,0,0,,,,,,,,,,,,,,,,,0,0,0,0
2026-09-28T21:55:30.887883+09:00,137322900,41d8b32a,2026-09-28T21:55:30.887883+09:00,2026-09-28T21:55:30.969865+09:00,rail-left-01,rail-right-01,0.6.7-draft,0.6.7-draft,mqtt,mqtt,1255.09,1082.76,6.325,6.479,-0.041,0.007,0.085,-0.188,10.681,9.905,-0.0585,0.0338,0.036,0.052,-0.0081,-0.0027,25.87,26.07,16076,18518,2.01,2.315,6.029,6.944,740,740,74,74,0,0,0,0,,,,,,,,,,,,,,,,,0,0,0,0
2026-09-28T21:55:31.054016+09:00,137451452,41d8b32a,2026-09-28T21:55:31.054016+09:00,2026-09-28T21:55:31.094574+09:00,rail-left-01,rail-right-01,0.6.7-draft,0.6.7-draft,mqtt,mqtt,1262.25,1088.98,6.342,6.488,0.034,0.032,-0.016,-0.108,10.852,9.562,-0.0648,0.0342,0.0349,0.0568,-0.0124,-0.0099,25.85,26.06,16119,18539,2.015,2.317,6.045,6.952,741,741,75,75,0,0,0,0,,,,,,,,,,,,,,,,,0,0,0,0
2026-09-28T21:55:31.074036+09:00,137471472,41d8b32a,2026-09-28T21:55:31.074036+09:00,2026-09-28T21:55:31.114594+09:00,rail-left-01,rail-right-01,0.6.7-draft,0.6.7-draft,mqtt,mqtt,1263.39,1089.92,6.428,6.385,-0.059,-0.079,0.083,-0.163,10.647,9.913,-0.0679,0.031,0.033,0.0526,-0.0059,-0.0043,25.87,26.07,16333,18310,2.042,2.289,6.125,6.866,742,742,75,75,0,0,0,0,,,,,,,,,,,,,,,,,0,0,0,0
2026-09-28T21:55:31.094175+09:00,137491611,41d8b32a,2026-09-28T21:55:31.094175+09:00,2026-09-28T21:55:31.134733+09:00,rail-left-01,rail-right-01,0.6.7-draft,0.6.7-draft,mqtt,mqtt,1264.53,1090.92,6.436,6.393,0.107,0.049,0.111,-0.373,10.591,9.792,-0.0653,0.0312,0.0386,0.0564,-0.0099,-0.0083,25.87,26.07,16352,18329,2.044,2.291,6.132,6.873,743,743,75,75,0,0,0,0,,,,,,,,,,,,,,,,,0,0,0,0
2026-09-28T21:55:31.114113+09:00,137511549,41d8b32a,2026-09-28T21:55:31.114113+09:00,2026-09-28T21:55:31.154671+09:00,rail-left-01,rail-right-01,0.6.7-draft,0.6.7-draft,mqtt,mqtt,1265.63,1091.86,6.456,6.398,-0.162,-0.06,-0.073,-0.265,10.812,9.822,-0.0701,0.0322,0.028,0.0436,-0.0072,-0.0077,25.86,26.05,16403,18338,2.05,2.292,6.151,6.877,744,744,75,75,0,0,0,0,,,,,,,,,,,,,,,,,0,0,0,0
2026-09-28T21:55:31.134232+09:00,137531668,41d8b32a,2026-09-28T21:55:31.134232+09:00,2026-09-28T21:55:31.174790+09:00,rail-left-01,rail-right-01,0.6.7-draft,0.6.7-draft,mqtt,mqtt,1266.77,1092.86,6.512,6.394,0.164,0.029,0.104,-0.132,10.403,9.941,-0.0722,0.0357,0.0353,0.0517,-0.0067,-0.0053,25.89,26.05,16542,18330,2.068,2.291,6.203,6.874,745,745,75,75,0,0,0,0,,,,,,,,,,,,,,,,,0,0,0,0
2026-09-28T21:55:31.154241+09:00,137551677,41d8b32a,2026-09-28T21:55:31.154241+09:00,2026-09-28T21:55:31.194799+09:00,rail-left-01,rail-right-01,0.6.7-draft,0.6.7-draft,mqtt,mqtt,1267.87,1093.8,6.538,6.416,-0.127,-0.069,0.043,-0.299,10.251,9.458,-0.0682,0.0314,0.042,0.0566,-0.0133,-0.0127,25.88,26.07,16606,18378,2.076,2.297,6.227,6.892,746,746,75,75,0,0,0,0,,,,,,,,,,,,,,,,,0,0,0,0
2026-09-28T21:55:31.174205+09:00,137571641,41d8b32a,2026-09-28T21:55:31.174205+09:00,2026-09-28T21:55:31.214763+09:00,rail-left-01,rail-right-01,0.6.7-draft,0.6.7-draft,mqtt,mqtt,1269.01,1094.8,6.534,6.425,-0.031,-0.004,-0.034,-0.165,10.367,9.554,-0.064,0.0333,0.0361,0.0558,-0.0091,-0.0051,25.87,26.05,16597,18399,2.075,2.3,6.224,6.9,747,747,75,75,0,0,0,0,,,,,,,,,,,,,,,,,0,0,0,0
2026-09-28T21:55:31.194041+09:00,137591477,41d8b32a,2026-09-28T21:55:31.194041+09:00,2026-09-28T21:55:31.234599+09:00,rail-left-01,rail-right-01,0.6.7-draft,0.6.7-draft,mqtt,mqtt,1270.1,1095.74,6.54,6.433,0.084,0.037,0.139,-0.153,10.36,9.659,-0.0645,0.0318,0.0406,0.0545,-0.0052,-0.0053,25.89,26.08,16612,18417,2.077,2.302,6.23,6.906,748,748,75,75,0,0,0,0,,,,,,,,,,,,,,,,,0,0,0,0
2026-09-28T21:55:31.214187+09:00,137611622,41d8b32a,2026-09-28T21:55:31.214187+09:00,2026-09-28T21:55:31.254744+09:00,rail-left-01,rail-right-01,0.6.7-draft,0.6.7-draft,mqtt,mqtt,1271.25,1096.74,6.534,6.448,-0.036,0.024,-0.113,-0.128,10.41,9.73,-0.0671,0.0316,0.04,0.055,-0.0068,-0.0083,25.88,26.07,16595,18449,2.074,2.306,6.223,6.918,749,749,75,75,0,0,0,0,,,,,,,,,,,,,,,,,0,0,0,0
2026-09-28T21:55:31.234279+09:00,137631715,41d8b32a,2026-09-28T21:55:31.234279+09:00,2026-09-28T21:55:31.274837+09:00,rail-left-01,rail-right-01,0.6.7-draft,0.6.7-draft,mqtt,mqtt,1272.39,1097.73,6.53,6.44,-0.093,-0.024,-0.019,-0.453,10.406,9.917,-0.0702,0.0354,0.0332,0.0534,-0.0051,-0.0025,25.87,26.06,16586,18432,2.073,2.304,6.22,6.912,750,750,75,75,0,0,0,0,,,,,,,,,,,,,,,,,0,0,0,0
2026-09-28T21:55:31.321840+09:00,137755455,41d8b32a,2026-09-28T21:55:31.321840+09:00,2026-09-28T21:55:31.362919+09:00,rail-left-01,rail-right-01,0.6.7-draft,0.6.7-draft,mqtt,mqtt,1279.3,1103.7,6.529,6.441,-0.048,0.019,0.194,-0.297,10.38,9.808,-0.0645,0.0261,0.0424,0.0614,-0.0047,-0.0111,25.89,26.05,16583,18435,2.073,2.304,6.219,6.913,751,751,76,76,0,0,0,0,,,,,,,,,,,,,,,,,0,0,0,0
2026-09-28T21:55:31.342038+09:00,137775652,41d8b32a,2026-09-28T21:55:31.342038+09:00,2026-09-28T21:55:31.383116+09:00,rail-left-01,rail-right-01,0.6.7-draft,0.6.7-draft,mqtt,mqtt,1280.44,1104.69,6.46,6.478,-0.086,-0.128,0.016,-0.303,10.4,9.614,-0.0644,0.0305,0.0504,0.0604,-0.002,-0.0055,25.88,26.03,16412,18516,2.052,2.315,6.155,6.944,752,752,76,76,0,0,0,0,,,,,,,,,,,,,,,,,0,0,0,0
2026-09-28T21:55:31.362159+09:00,137795774,41d8b32a,2026-09-28T21:55:31.362159+09:00,2026-09-28T21:55:31.403238+09:00,rail-left-01,rail-right-01,0.6.7-draft,0.6.7-draft,mqtt,mqtt,1281.54,1105.63,6.426,6.518,0.016,0.139,0.089,-0.006,10.497,9.579,-0.0665,0.0334,0.0425,0.0524,-0.0031,-0.0036,25.87,26.06,16328,18606,2.041,2.326,6.123,6.977,753,753,76,76,0,0,0,0,,,,,,,,,,,,,,,,,0,0,0,0
2026-09-28T21:55:31.381995+09:00,137815609,41d8b32a,2026-09-28T21:55:31.381995+09:00,2026-09-28T21:55:31.423073+09:00,rail-left-01,rail-right-01,0.6.7-draft,0.6.7-draft,mqtt,mqtt,1282.68,1106.63,6.413,6.536,-0.136,-0.078,0.057,-0.225,10.411,9.608,-0.0645,0.0316,0.0465,0.0574,-0.0019,-0.0071,25.87,26.05,16295,18645,2.037,2.331,6.111,6.992,754,754,76,76,0,0,0,0,,,,,,,,,,,,,,,,,0,0,0,0
2026-09-28T21:55:31.402051+09:00,137835665,41d8b32a,2026-09-28T21:55:31.402051+09:00,2026-09-28T21:55:31.443129+09:00,rail-left-01,rail-right-01,0.6.7-draft,0.6.7-draft,mqtt,mqtt,1283.78,1107.57,6.393,6.546,0.049,0.073,-0.206,-0.293,10.588,9.682,-0.0669,0.0346,0.0388,0.0537,-0.002,-0.0065,25.87,26.05,16246,18668,2.031,2.334,6.092,7.001,755,755,76,76,0,0,0,0,,,,,,,,,,,,,,,,,0,0,0,0
2026-09-28T21:55:31.422030+09:00,137855644,41d8b32a,2026-09-28T21:55:31.422030+09:00,2026-09-28T21:55:31.463108+09:00,rail-left-01,rail-right-01,0.6.7-draft,0.6.7-draft,mqtt,mqtt,1284.92,1108.57,6.398,6.565,-0.077,-0.068,0.005,-0.005,10.141,9.724,-0.0681,0.0313,0.039,0.057,-0.0021,-0.0015,25.89,26.06,16258,18709,2.032,2.339,6.097,7.016,756,756,76,76,0,0,0,0,,,,,,,,,,,,,,,,,0,0,0,0
2026-09-28T21:55:31.442012+09:00,137875627,41d8b32a,2026-09-28T21:55:31.442012+09:00,2026-09-28T21:55:31.483091+09:00,rail-left-01,rail-right-01,0.6.7-draft,0.6.7-draft,mqtt,mqtt,1286.01,1109.51,6.377,6.572,0.047,0.121,-0.104,-0.165,10.545,9.592,-0.0632,0.0337,0.0392,0.056,-0.0159,-0.0091,25.87,26.06,16206,18726,2.026,2.341,6.077,7.022,757,757,76,76,0,0,0,0,,,,,,,,,,,,,,,,,0,0,0,0
2026-09-28T21:55:31.461880+09:00,137895495,41d8b32a,2026-09-28T21:55:31.461880+09:00,2026-09-28T21:55:31.502959+09:00,rail-left-01,rail-right-01,0.6.7-draft,0.6.7-draft,mqtt,mqtt,1287.16,1110.51,6.362,6.594,0.111,0.107,-0.116,-0.184,10.266,9.62,-0.0669,0.0344,0.0405,0.06,-0.0047,-0.0063,25.87,26.05,16167,18774,2.021,2.347,6.063,7.04,758,758,76,76,0,0,0,0,,,,,,,,,,,,,,,,,0,0,0,0
2026-09-28T21:55:31.481855+09:00,137915470,41d8b32a,2026-09-28T21:55:31.481855+09:00,2026-09-28T21:55:31.522934+09:00,rail-left-01,rail-right-01,0.6.7-draft,0.6.7-draft,mqtt,mqtt,1288.25,1111.45,6.351,6.613,-0.441,-0.274,0.066,-0.031,10.356,9.664,-0.0698,0.0326,0.0436,0.0525,0.0103,0.0028,25.87,26.07,16141,18816,2.018,2.352,6.053,7.056,759,759,76,76,0,0,0,0,,,,,,,,,,,,,,,,,0,0,0,0
2026-09-28T21:55:31.502089+09:00,137935704,41d8b32a,2026-09-28T21:55:31.502089+09:00,2026-09-28T21:55:31.543168+09:00,rail-left-01,rail-right-01,0.6.7-draft,0.6.7-draft,mqtt,mqtt,1289.39,1112.45,6.337,6.64,0.423,0.407,0.132,-0.368,10.174,9.451,-0.0628,0.0341,0.0446,0.0552,-0.0032,-0.0039,25.89,26.05,16105,18877,2.013,2.36,6.039,7.079,760,760,76,76,0,0,0,0,,,,,,,,,,,,,,,,,0,0,0,0
2026-09-28T21:55:31.602585+09:00,138032418,41d8b32a,2026-09-28T21:55:31.602585+09:00,2026-09-28T21:55:31.642974+09:00,rail-left-01,rail-right-01,0.6.7-draft,0.6.7-draft,mqtt,mqtt,1294.81,1117.12,6.337,6.644,-0.055,-0.026,-0.028,-0.223,10.351,9.7,-0.0612,0.0282,0.0426,0.054,-0.0063,-0.0073,25.88,26.04,16106,18884,2.013,2.361,6.04,7.082,761,761,77,77,0,0,0,0,,,,,,,,,,,,,,,,,0,0,0,0
2026-09-28T21:55:31.622839+09:00,138052672,41d8b32a,2026-09-28T21:55:31.622839+09:00,2026-09-28T21:55:31.663228+09:00,rail-left-01,rail-right-01,0.6.7-draft,0.6.7-draft,mqtt,mqtt,1295.96,1118.11,6.293,6.699,-0.056,0.051,0.104,-0.107,10.56,9.471,-0.0614,0.0334,0.0384,0.0532,-0.0064,-0.0035,25.9,26.05,15997,19007,2,2.376,5.999,7.128,762,762,77,77,0,0,0,0,,,,,,,,,,,,,,,,,0,0,0,0
2026-09-28T21:55:31.642775+09:00,138072608,41d8b32a,2026-09-28T21:55:31.642775+09:00,2026-09-28T21:55:31.683164+09:00,rail-left-01,rail-right-01,0.6.7-draft,0.6.7-draft,mqtt,mqtt,1297.05,1119.06,6.297,6.698,-0.024,-0.001,-0.212,-0.132,10.373,9.828,-0.064,0.0302,0.0361,0.0556,-0.0088,-0.0052,25.89,26.07,16006,19005,2.001,2.376,6.002,7.127,763,763,77,77,0,0,0,0,,,,,,,,,,,,,,,,,0,0,0,0
2026-09-28T21:55:31.662673+09:00,138092506,41d8b32a,2026-09-28T21:55:31.662673+09:00,2026-09-28T21:55:31.703062+09:00,rail-left-01,rail-right-01,0.6.7-draft,0.6.7-draft,mqtt,mqtt,1298.19,1120.05,6.285,6.705,-0.059,-0.079,0.224,-0.132,10.679,9.801,-0.0679,0.034,0.0441,0.0541,-0.0024,-0.0039,25.89,26.07,15977,19021,1.997,2.378,5.991,7.133,764,764,77,77,0,0,0,0,,,,,,,,,,,,,,,,,0,0,0,0
2026-09-28T21:55:31.682896+09:00,138112729,41d8b32a,2026-09-28T21:55:31.682896+09:00,2026-09-28T21:55:31.723285+09:00,rail-left-01,rail-right-01,0.6.7-draft,0.6.7-draft,mqtt,mqtt,1299.29,1121,6.284,6.716,-0.074,-0.014,0.066,-0.269,10.473,9.577,-0.0653,0.0301,0.0505,0.0533,-0.0035,-0.0061,25.86,26.04,15974,19044,1.997,2.381,5.99,7.142,765,765,77,77,0,0,0,0,,,,,,,,,,,,,,,,,0,0,0,0
2026-09-28T21:55:31.702851+09:00,138132684,41d8b32a,2026-09-28T21:55:31.702851+09:00,2026-09-28T21:55:31.743240+09:00,rail-left-01,rail-right-01,0.6.7-draft,0.6.7-draft,mqtt,mqtt,1300.43,1121.99,6.267,6.72,0.008,-0.051,0.045,-0.142,10.427,9.454,-0.0622,0.031,0.0454,0.0602,-0.0049,-0.0052,25.89,26.05,15932,19054,1.992,2.382,5.975,7.145,766,766,77,77,0,0,0,0,,,,,,,,,,,,,,,,,0,0,0,0
2026-09-28T21:55:31.722749+09:00,138152582,41d8b32a,2026-09-28T21:55:31.722749+09:00,2026-09-28T21:55:31.763138+09:00,rail-left-01,rail-right-01,0.6.7-draft,0.6.7-draft,mqtt,mqtt,1301.52,1122.94,6.243,6.714,-0.032,-0.032,-0.075,-0.298,10.391,9.679,-0.0644,0.0377,0.0256,0.057,-0.0032,0.002,25.87,26.06,15872,19041,1.984,2.38,5.952,7.14,767,767,77,77,0,0,0,0,,,,,,,,,,,,,,,,,0,0,0,0
2026-09-28T21:55:31.742744+09:00,138172577,41d8b32a,2026-09-28T21:55:31.742744+09:00,2026-09-28T21:55:31.783132+09:00,rail-left-01,rail-right-01,0.6.7-draft,0.6.7-draft,mqtt,mqtt,1302.67,1123.93,6.191,6.686,0.008,0.047,-0.081,-0.474,10.464,9.57,-0.0569,0.0396,0.0344,0.0572,-0.0077,-0.0065,25.88,26.06,15742,18979,1.968,2.372,5.903,7.117,768,768,77,77,0,0,0,0,,,,,,,,,,,,,,,,,0,0,0,0
2026-09-28T21:55:31.762674+09:00,138192507,41d8b32a,2026-09-28T21:55:31.762674+09:00,2026-09-28T21:55:31.803063+09:00,rail-left-01,rail-right-01,0.6.7-draft,0.6.7-draft,mqtt,mqtt,1303.76,1124.88,6.116,6.619,-0.036,-0.038,0.122,-0.303,10.396,9.655,-0.0504,0.0458,0.0215,0.0526,-0.0071,-0.004,25.89,26.06,15556,18830,1.945,2.354,5.834,7.061,769,769,77,77,0,0,0,0,,,,,,,,,,,,,,,,,0,0,0,0
2026-09-28T21:55:31.783086+09:00,138212919,41d8b32a,2026-09-28T21:55:31.783086+09:00,2026-09-28T21:55:31.823475+09:00,rail-left-01,rail-right-01,0.6.7-draft,0.6.7-draft,mqtt,mqtt,1304.91,1125.87,6,6.525,0.066,0.034,-0.093,-0.351,10.521,9.523,-0.0484,0.0492,0.0356,0.0552,-0.0085,-0.0076,25.88,26.05,15265,18620,1.908,2.328,5.724,6.983,770,770,77,77,0,0,0,0,,,,,,,,,,,,,,,,,0,0,0,0
2026-09-28T21:55:31.918234+09:00,138313423,41d8b32a,2026-09-28T21:55:31.918234+09:00,2026-09-28T21:55:31.997462+09:00,rail-left-01,rail-right-01,0.6.7-draft,0.6.7-draft,mqtt,mqtt,1310.67,1130.74,5.956,6.455,-0.123,-0.017,-0.417,-0.939,10.494,9.714,0.0056,0.1154,0.0344,0.0412,-0.0084,-0.0085,25.89,26.06,15050,18466,1.881,2.308,5.644,6.925,771,771,78,78,0,0,4,4,,,,,,,,,,,,,,,,,0,0,0,0
2026-09-28T21:55:31.938354+09:00,138333544,41d8b32a,2026-09-28T21:55:31.938354+09:00,2026-09-28T21:55:32.017582+09:00,rail-left-01,rail-right-01,0.6.7-draft,0.6.7-draft,mqtt,mqtt,1311.82,1131.74,4.76,5.243,0.092,0.123,-0.447,-0.972,9.975,8.757,0.0204,0.1406,0.0296,0.044,0.0004,0.0009,25.87,26.07,9182,13810,1.148,1.726,3.443,5.179,772,772,78,78,0,0,4,4,,,,,,,,,,,,,,,,,0,0,0,0
2026-09-28T21:55:31.958281+09:00,138353471,41d8b32a,2026-09-28T21:55:31.958281+09:00,2026-09-28T21:55:32.037509+09:00,rail-left-01,rail-right-01,0.6.7-draft,0.6.7-draft,mqtt,mqtt,1313.01,1132.73,4.04,4.607,-0.028,-0.119,-1.838,-1.131,9.899,8.578,0.0825,0.194,0.0441,0.0648,-0.0096,-0.0073,25.89,26.05,5645,10748,0.706,1.344,2.117,4.03,773,773,78,78,0,0,4,4,,,,,,,,,,,,,,,,,0,0,0,0
2026-09-28T21:55:31.978384+09:00,138373573,41d8b32a,2026-09-28T21:55:31.978384+09:00,2026-09-28T21:55:32.057612+09:00,rail-left-01,rail-right-01,0.6.7-draft,0.6.7-draft,mqtt,mqtt,1314.2,1133.73,2.061,3.38,0.004,0.368,-1.62,-1.59,7.181,8.653,0.1604,0.2863,0.0013,0.0254,-0.0101,0.0037,25.87,26.07,649,5601,0.081,0.7,0.243,2.1,774,774,78,78,0,0,4,4,,,,,,,,,,,,,,,,,0,0,0,0
2026-09-28T21:55:31.998468+09:00,138393657,41d8b32a,2026-09-28T21:55:31.998468+09:00,2026-09-28T21:55:32.077696+09:00,rail-left-01,rail-right-01,0.6.7-draft,0.6.7-draft,mqtt,mqtt,1315.4,1134.72,0,0.007,-2.282,-1.629,2.073,-2.296,16.696,4.853,0.2831,0.4864,-0.1471,-0.087,-0.0049,0.0238,25.89,26.04,-246,13,-0.031,0.002,-0.092,0.005,775,775,78,78,0,0,4,4,,,,,,,,,,,,,,,,,0,0,0,0
2026-09-28T21:55:32.018432+09:00,138413621,41d8b32a,2026-09-28T21:55:32.018432+09:00,2026-09-28T21:55:32.097660+09:00,rail-left-01,rail-right-01,0.6.7-draft,0.6.7-draft,mqtt,mqtt,1316.54,1135.66,0,0.029,1.063,3.365,2.008,0.869,13.064,-0.366,0.6153,0.1632,0.3307,-0.3572,0.0655,-0.026,25.88,26.07,-339,20,-0.042,0.003,-0.127,0.008,776,776,78,78,0,0,4,4,,,,,,,,,,,,,,,,,0,0,0,0
2026-09-28T21:55:32.038301+09:00,138433491,41d8b32a,2026-09-28T21:55:32.038301+09:00,2026-09-28T21:55:32.117529+09:00,rail-left-01,rail-right-01,0.6.7-draft,0.6.7-draft,mqtt,mqtt,1317.68,1136.56,0.726,0.014,-3.509,2.546,-0.376,2.471,0.335,15.196,-0.1444,-0.2759,0.5516,0.022,0.0967,0.0164,25.89,26.07,164,15,0.021,0.002,0.062,0.006,777,777,78,78,0,0,4,4,,,,,,,,,,,,,,,,,0,0,0,0
2026-09-28T21:55:32.058393+09:00,138453582,41d8b32a,2026-09-28T21:55:32.058393+09:00,2026-09-28T21:55:32.137620+09:00,rail-left-01,rail-right-01,0.6.7-draft,0.6.7-draft,mqtt,mqtt,1318.78,1137.45,0,0.026,-0.727,0.193,3.39,0.017,6.947,11.945,-0.1475,0.0179,0.0016,0.0689,-0.0374,0.0608,25.87,26.04,-315,19,-0.039,0.002,-0.118,0.007,778,778,78,78,0,0,4,4,,,,,,,,,,,,,,,,,0,0,0,0
2026-09-28T21:55:32.078302+09:00,138473491,41d8b32a,2026-09-28T21:55:32.078302+09:00,2026-09-28T21:55:32.157530+09:00,rail-left-01,rail-right-01,0.6.7-draft,0.6.7-draft,mqtt,mqtt,1319.82,1138.3,0,0.026,0.952,0.53,2.142,2.112,10.229,11.73,0.0025,0.2754,0.134,-0.0434,0.0215,0.0165,25.88,26.07,-180,19,-0.023,0.002,-0.068,0.007,779,779,78,78,0,0,4,4,,,,,,,,,,,,,,,,,0,0,0,0
2026-09-28T21:55:32.098360+09:00,138493549,41d8b32a,2026-09-28T21:55:32.098360+09:00,2026-09-28T21:55:32.177587+09:00,rail-left-01,rail-right-01,0.6.7-draft,0.6.7-draft,mqtt,mqtt,1320.82,1139.1,0,0.026,1.124,-0.157,0.688,-0.481,11.645,13.335,0.0799,-0.0373,-0.064,0.0783,0.0007,-0.0502,25.87,26.05,-180,19,-0.023,0.002,-0.068,0.007,780,780,78,78,0,0,4,4,,,,,,,,,,,,,,,,,0,0,0,0
2026-09-28T21:55:32.268731+09:00,138659427,41d8b32a,2026-09-28T21:55:32.268731+09:00,2026-09-28T21:55:32.311127+09:00,rail-left-01,rail-right-01,0.6.7-draft,0.6.7-draft,mqtt,mqtt,1327.93,1144.32,0,0.02,0.005,0.25,0.353,-0.044,10.453,9.255,-0.0436,0.0241,0.0309,0.0597,-0.0108,-0.0021,25.88,26.07,-266,17,-0.033,0.002,-0.1,0.006,781,781,79,79,0,0,4,4,,,,,,,,,,,,,,,,,0,0,0,0
2026-09-28T21:55:32.288777+09:00,138679473,41d8b32a,2026-09-28T21:55:32.288777+09:00,2026-09-28T21:55:32.331173+09:00,rail-left-01,rail-right-01,0.6.7-draft,0.6.7-draft,mqtt,mqtt,1328.62,1144.76,0,0.02,-0.204,-0.163,0.247,0.145,10.471,9.293,-0.0492,0.0308,0.0364,0.0608,-0.0164,-0.0036,25.88,26.06,-361,17,-0.045,0.002,-0.135,0.006,782,782,79,79,0,0,4,4,,,,,,,,,,,,,,,,,0,0,0,0
2026-09-28T21:55:32.308912+09:00,138699608,41d8b32a,2026-09-28T21:55:32.308912+09:00,2026-09-28T21:55:32.351308+09:00,rail-left-01,rail-right-01,0.6.7-draft,0.6.7-draft,mqtt,mqtt,1329.32,1145.21,0,0.02,0.196,0.247,0.565,-0.127,10.354,9.668,-0.0609,0.0353,0.0385,0.0569,-0.0041,-0.0048,25.84,26.07,-369,17,-0.046,0.002,-0.138,0.006,783,783,79,79,0,0,4,4,,,,,,,,,,,,,,,,,0,0,0,0
2026-09-28T21:55:32.328826+09:00,138719522,41d8b32a,2026-09-28T21:55:32.328826+09:00,2026-09-28T21:55:32.371222+09:00,rail-left-01,rail-right-01,0.6.7-draft,0.6.7-draft,mqtt,mqtt,1329.91,1145.66,0,0.02,-0.267,-0.243,0.002,0.267,10.445,9.629,-0.0658,0.0316,0.0442,0.0516,-0.0049,-0.0115,25.85,26.04,-363,17,-0.045,0.002,-0.136,0.006,784,784,79,79,0,0,4,4,,,,,,,,,,,,,,,,,0,0,0,0
2026-09-28T21:55:32.348793+09:00,138739489,41d8b32a,2026-09-28T21:55:32.348793+09:00,2026-09-28T21:55:32.391189+09:00,rail-left-01,rail-right-01,0.6.7-draft,0.6.7-draft,mqtt,mqtt,1330.56,1146.01,0,0.02,0.176,0.212,0.59,-0.236,10.489,9.553,-0.0735,0.0358,0.046,0.0582,-0.0029,-0.0024,25.86,26.05,-361,17,-0.045,0.002,-0.135,0.006,785,785,79,79,0,0,4,4,,,,,,,,,,,,,,,,,0,0,0,0
2026-09-28T21:55:32.369795+09:00,138760491,41d8b32a,2026-09-28T21:55:32.369795+09:00,2026-09-28T21:55:32.412191+09:00,rail-left-01,rail-right-01,0.6.7-draft,0.6.7-draft,mqtt,mqtt,1331.16,1146.4,0,0.017,-0.11,0.041,0.302,0.035,10.434,9.717,-0.0669,0.0312,0.0392,0.0532,-0.0091,-0.0109,25.9,26.05,-359,16,-0.045,0.002,-0.135,0.006,786,786,79,79,0,0,4,4,,,,,,,,,,,,,,,,,0,0,0,0
2026-09-28T21:55:32.389850+09:00,138780546,41d8b32a,2026-09-28T21:55:32.389850+09:00,2026-09-28T21:55:32.432247+09:00,rail-left-01,rail-right-01,0.6.7-draft,0.6.7-draft,mqtt,mqtt,1331.75,1146.75,0,0.017,-0.016,0.004,0.317,0.047,10.363,9.711,-0.0661,0.0357,0.0418,0.0594,-0.0055,-0.0047,25.87,26.04,-364,16,-0.046,0.002,-0.137,0.006,787,787,79,79,0,0,4,4,,,,,,,,,,,,,,,,,0,0,0,0
2026-09-28T21:55:32.409001+09:00,138799697,41d8b32a,2026-09-28T21:55:32.409001+09:00,2026-09-28T21:55:32.451397+09:00,rail-left-01,rail-right-01,0.6.7-draft,0.6.7-draft,mqtt,mqtt,1332.25,1147.05,0,0.023,0.005,0.04,0.475,0.202,10.359,9.697,-0.0633,0.0317,0.0404,0.0554,-0.0093,-0.0095,25.88,26.06,-360,18,-0.045,0.002,-0.135,0.007,788,788,79,79,0,0,4,4,,,,,,,,,,,,,,,,,0,0,0,0
2026-09-28T21:55:32.428848+09:00,138819544,41d8b32a,2026-09-28T21:55:32.428848+09:00,2026-09-28T21:55:32.471244+09:00,rail-left-01,rail-right-01,0.6.7-draft,0.6.7-draft,mqtt,mqtt,1332.75,1147.3,0,0.017,0.158,0.113,0.119,-0.128,10.491,9.819,-0.0564,0.0312,0.039,0.0553,-0.012,-0.0099,25.87,26.05,-359,16,-0.045,0.002,-0.135,0.006,789,789,79,79,0,0,4,4,,,,,,,,,,,,,,,,,0,0,0,0
2026-09-28T21:55:32.448904+09:00,138839600,41d8b32a,2026-09-28T21:55:32.448904+09:00,2026-09-28T21:55:32.491300+09:00,rail-left-01,rail-right-01,0.6.7-draft,0.6.7-draft,mqtt,mqtt,1333.24,1147.6,0,0.02,0.016,0.008,0.537,0.16,10.397,9.697,-0.0526,0.034,0.0396,0.057,-0.0055,-0.0041,25.86,26.07,-361,17,-0.045,0.002,-0.135,0.006,790,790,79,79,0,0,4,4,,,,,,,,,,,,,,,,,0,0,0,0
2026-09-28T21:55:32.544727+09:00,138973421,41d8b32a,2026-09-28T21:55:32.544727+09:00,2026-09-28T21:55:32.629234+09:00,rail-left-01,rail-right-01,0.6.7-draft,0.6.7-draft,mqtt,mqtt,1335.93,1148.74,0,0.02,0.119,0.104,0.303,0.005,10.421,9.693,-0.0652,0.031,0.0402,0.0568,-0.0027,-0.0073,25.89,26.06,-376,17,-0.047,0.002,-0.141,0.006,791,791,80,80,0,0,4,4,,,,,,,,,,,,,,,,,0,0,0,0
2026-09-28T21:55:32.564922+09:00,138993616,41d8b32a,2026-09-28T21:55:32.564922+09:00,2026-09-28T21:55:32.649428+09:00,rail-left-01,rail-right-01,0.6.7-draft,0.6.7-draft,mqtt,mqtt,1336.23,1148.84,0,0.023,-0.036,-0.013,0.306,0.132,10.43,9.682,-0.0574,0.0313,0.0381,0.0557,-0.0125,-0.0064,25.91,26.02,-348,18,-0.044,0.002,-0.131,0.007,792,792,80,80,0,0,4,4,,,,,,,,,,,,,,,,,0,0,0,0
2026-09-28T21:55:32.584852+09:00,139013546,41d8b32a,2026-09-28T21:55:32.584852+09:00,2026-09-28T21:55:32.669359+09:00,rail-left-01,rail-right-01,0.6.7-draft,0.6.7-draft,mqtt,mqtt,1336.53,1148.94,0,0.023,0.096,0.092,0.405,-0.059,10.461,9.646,-0.058,0.0318,0.0369,0.056,-0.0101,-0.0061,25.85,26.06,-343,18,-0.043,0.002,-0.129,0.007,793,793,80,80,0,0,4,4,,,,,,,,,,,,,,,,,0,0,0,0
2026-09-28T21:55:32.604864+09:00,139033558,41d8b32a,2026-09-28T21:55:32.604864+09:00,2026-09-28T21:55:32.689371+09:00,rail-left-01,rail-right-01,0.6.7-draft,0.6.7-draft,mqtt,mqtt,1336.82,1148.99,0,0.023,0.01,0.011,0.402,0.147,10.479,9.681,-0.0685,0.0316,0.0382,0.0557,-0.0084,-0.0057,25.87,26.05,-336,18,-0.042,0.002,-0.126,0.007,794,794,80,80,0,0,4,4,,,,,,,,,,,,,,,,,0,0,0,0
2026-09-28T21:55:32.625255+09:00,139053949,41d8b32a,2026-09-28T21:55:32.625255+09:00,2026-09-28T21:55:32.709762+09:00,rail-left-01,rail-right-01,0.6.7-draft,0.6.7-draft,mqtt,mqtt,1337.12,1149.04,0,0.023,0.032,0.036,0.365,0.001,10.422,9.716,-0.0721,0.0318,0.0394,0.0549,-0.0079,-0.0048,25.88,26.04,-334,18,-0.042,0.002,-0.125,0.007,795,795,80,80,0,0,4,4,,,,,,,,,,,,,,,,,0,0,0,0
2026-09-28T21:55:32.645328+09:00,139074022,41d8b32a,2026-09-28T21:55:32.645328+09:00,2026-09-28T21:55:32.729835+09:00,rail-left-01,rail-right-01,0.6.7-draft,0.6.7-draft,mqtt,mqtt,1337.37,1149.09,0,0.023,0.01,0.041,0.363,0.079,10.444,9.691,-0.065,0.0314,0.0398,0.056,-0.0053,-0.0052,25.89,26.07,-333,18,-0.042,0.002,-0.125,0.007,796,796,80,80,0,0,4,4,,,,,,,,,,,,,,,,,0,0,0,0
2026-09-28T21:55:32.664833+09:00,139093527,41d8b32a,2026-09-28T21:55:32.664833+09:00,2026-09-28T21:55:32.749340+09:00,rail-left-01,rail-right-01,0.6.7-draft,0.6.7-draft,mqtt,mqtt,1337.57,1149.09,0,0.023,0.026,0.056,0.347,0.012,10.402,9.729,-0.0609,0.0313,0.0384,0.0556,-0.0119,-0.0083,25.88,26.07,-326,18,-0.041,0.002,-0.122,0.007,797,797,80,80,0,0,4,4,,,,,,,,,,,,,,,,,0,0,0,0
2026-09-28T21:55:32.684851+09:00,139113545,41d8b32a,2026-09-28T21:55:32.684851+09:00,2026-09-28T21:55:32.769358+09:00,rail-left-01,rail-right-01,0.6.7-draft,0.6.7-draft,mqtt,mqtt,1337.77,1149.09,0,0.023,0.016,0.017,0.401,0.09,10.394,9.708,-0.062,0.0329,0.0393,0.0557,-0.0071,-0.0057,25.9,26.03,-324,18,-0.041,0.002,-0.122,0.007,798,798,80,80,0,0,4,4,,,,,,,,,,,,,,,,,0,0,0,0
2026-09-28T21:55:32.704884+09:00,139133578,41d8b32a,2026-09-28T21:55:32.704884+09:00,2026-09-28T21:55:32.789391+09:00,rail-left-01,rail-right-01,0.6.7-draft,0.6.7-draft,mqtt,mqtt,1337.97,1149.09,0,0.026,0.035,0.034,0.388,0.042,10.465,9.701,-0.0686,0.0312,0.0396,0.0556,-0.01,-0.0069,25.89,26.03,-329,19,-0.041,0.002,-0.123,0.007,799,799,80,80,0,0,4,4,,,,,,,,,,,,,,,,,0,0,0,0
2026-09-28T21:55:32.724911+09:00,139153605,41d8b32a,2026-09-28T21:55:32.724911+09:00,2026-09-28T21:55:32.809418+09:00,rail-left-01,rail-right-01,0.6.7-draft,0.6.7-draft,mqtt,mqtt,1338.17,1149.09,0,0.02,0.008,0.026,0.342,0.103,10.469,9.661,-0.0697,0.0321,0.0384,0.0564,-0.0063,-0.0057,25.84,26.04,-328,17,-0.041,0.002,-0.123,0.006,800,800,80,80,0,0,4,4,,,,,,,,,,,,,,,,,0,0,0,0
2026-09-28T21:55:32.911025+09:00,139290432,41d8b32a,2026-09-28T21:55:32.911025+09:00,2026-09-28T21:55:32.989859+09:00,rail-left-01,rail-right-01,0.6.7-draft,0.6.7-draft,mqtt,mqtt,1339.01,1149.09,0,0.02,0.017,0.047,0.347,0.045,10.422,9.703,-0.062,0.0308,0.0373,0.0557,-0.0113,-0.0067,25.88,26.04,-338,17,-0.042,0.002,-0.127,0.006,801,801,81,81,0,0,4,4,,,,,,,,,,,,,,,,,0,0,0,0
2026-09-28T21:55:32.931328+09:00,139310735,41d8b32a,2026-09-28T21:55:32.931328+09:00,2026-09-28T21:55:33.010162+09:00,rail-left-01,rail-right-01,0.6.7-draft,0.6.7-draft,mqtt,mqtt,1339.11,1149.09,0,0.026,0.017,0.028,0.387,0.083,10.435,9.705,-0.063,0.0321,0.0381,0.056,-0.0072,-0.0049,25.89,26.04,-328,19,-0.041,0.002,-0.123,0.007,802,802,81,81,0,0,4,4,,,,,,,,,,,,,,,,,0,0,0,0
