time,uptime_us,boot_id,time_left,time_right,left_device_id,right_device_id,left_firmware_version,right_firmware_version,left_source,right_source,left_position_mm,right_position_mm,left_sensor_distance_mm,right_sensor_distance_mm,left_mpu_accel_x,right_mpu_accel_x,left_mpu_accel_y,right_mpu_accel_y,left_mpu_accel_z,right_mpu_accel_z,left_mpu_gyro_x,right_mpu_gyro_x,left_mpu_gyro_y,right_mpu_gyro_y,left_mpu_gyro_z,right_mpu_gyro_z,left_mpu_temp_c,right_mpu_temp_c,left_adc_raw,right_adc_raw,left_adc_voltage_v,right_adc_voltage_v,left_sensor_voltage_v,right_sensor_voltage_v,left_sample_seq,right_sample_seq,left_batch_seq,right_batch_seq,left_dropped_batches,right_dropped_batches,left_status_flags,right_status_flags,left_tilt_deg,right_tilt_deg,left_roll_deg,right_roll_deg,left_delta_mm,right_delta_mm,left_distance_delta_mm,right_distance_delta_mm,left_m_mm,right_m_mm,left_dm_dx,right_dm_dx,left_ddelta_dx,right_ddelta_dx,left_apeak,right_apeak,left_magnitude_mm,right_magnitude_mm,left_abnormal_score,right_abnormal_score,rail_x_mm,rear_wheel_x_mm,encoder_scale_left,encoder_scale_right,sensor_valid,analysis_window,joint_marker
2026-09-28T22:22:50.283315+09:00,88748137,cc3d2640,2026-09-28T22:22:50.283315+09:00,2026-09-28T22:22:50.375859+09:00,rail-left-01,rail-right-01,0.6.7-draft,0.6.7-draft,mqtt,mqtt,0.0,0.05,6.245,6.611,-0.03,0.056,-0.363,-0.563,10.506,9.712,-0.0642,0.0313,0.0381,0.0568,-0.0095,-0.0081,24.98,25.03,15876,18812,1.985,2.352,5.954,7.055,1,1,1,1,0,0,0,0,,0.14774976,,0.14774976,,-0.37436649,,-0.37436649,,0.45768917,,0.0,,0.0,,0.64635,0.0,0.37536128,0,0,290.0,40.0,0.9015,1.1216,1,1,0
2026-09-28T22:22:50.303192+09:00,88768014,cc3d2640,2026-09-28T22:22:50.303192+09:00,2026-09-28T22:22:50.395736+09:00,rail-left-01,rail-right-01,0.6.7-draft,0.6.7-draft,mqtt,mqtt,0.2,0.2,6.234,6.61,0.037,0.059,-0.15,-0.435,10.482,9.682,-0.0642,0.0305,0.0384,0.0586,-0.0076,-0.0055,24.99,25.04,15848,18810,1.981,2.351,5.943,7.054,2,2,1,1,0,0,0,0,,0.15212817,,0.15212817,,-0.37386649,,-0.37386649,,0.45743917,,-0.00666667,,0.01333333,,0.64635,0.0,0.37535295,0,0,290.2,40.2,0.9015,1.1216,1,1,0
2026-09-28T22:22:50.323265+09:00,88788087,cc3d2640,2026-09-28T22:22:50.323265+09:00,2026-09-28T22:22:50.415809+09:00,rail-left-01,rail-right-01,0.6.7-draft,0.6.7-draft,mqtt,mqtt,0.45,0.4,6.23,6.612,-0.018,0.008,-0.107,-0.504,10.495,9.701,-0.0636,0.031,0.0396,0.056,-0.0087,-0.0072,24.98,25.05,15838,18814,1.98,2.352,5.939,7.055,3,3,1,1,0,0,0,0,,0.10520931,,0.10520931,,-0.37436649,,-0.37436649,,0.45768917,,0.00324324,,-0.00648649,,0.64635,0.0,0.37536128,0,0,290.4,40.4,0.9015,1.1216,1,1,0
2026-09-28T22:22:50.343261+09:00,88808083,cc3d2640,2026-09-28T22:22:50.343261+09:00,2026-09-28T22:22:50.435805+09:00,rail-left-01,rail-right-01,0.6.7-draft,0.6.7-draft,mqtt,mqtt,0.8,0.7,6.23,6.614,0.086,0.092,-0.079,-0.425,10.442,9.731,-0.0636,0.0314,0.0409,0.0542,-0.0093,-0.0061,25.01,25.04,15839,18818,1.98,2.352,5.94,7.057,4,4,1,1,0,0,0,0,,0.1413574,,0.1413574,,-0.37511649,,-0.37511649,,0.45806417,,0.00543536,,-0.01087071,,0.64635,0.0,0.37537378,0,0,290.7,40.7,0.9015,1.1216,1,1,0
2026-09-28T22:22:50.363179+09:00,88828001,cc3d2640,2026-09-28T22:22:50.363179+09:00,2026-09-28T22:22:50.455723+09:00,rail-left-01,rail-right-01,0.6.7-draft,0.6.7-draft,mqtt,mqtt,1.19,1.04,6.236,6.615,-0.03,-0.006,-0.056,-0.407,10.446,9.759,-0.0638,0.0328,0.0422,0.0552,-0.0084,-0.0064,25.0,25.04,15853,18821,1.982,2.353,5.945,7.058,5,5,1,1,0,0,0,0,,0.10741644,,0.10741644,,-0.37576649,,-0.37576649,,0.45838917,,0.00492971,,-0.00985942,,0.64635,0.0,0.37538461,0,0,291.1,41.1,0.9015,1.1216,1,1,0
2026-09-28T22:22:50.383209+09:00,88848031,cc3d2640,2026-09-28T22:22:50.383209+09:00,2026-09-28T22:22:50.475753+09:00,rail-left-01,rail-right-01,0.6.7-draft,0.6.7-draft,mqtt,mqtt,1.64,1.49,6.236,6.621,0.02,-0.01,-0.135,-0.463,10.517,9.75,-0.0636,0.0324,0.044,0.0548,-0.01,-0.0076,24.97,25.07,15854,18834,1.982,2.354,5.945,7.063,6,6,1,1,0,0,0,0,,0.08289636,,0.08289636,,-0.37719983,,-0.37719983,,0.45910584,,0.00698029,,-0.01396059,,0.64635,0.0,0.3754085,0,0,291.5,41.5,0.9015,1.1216,1,1,0
2026-09-28T22:22:50.403306+09:00,88868128,cc3d2640,2026-09-28T22:22:50.403306+09:00,2026-09-28T22:22:50.495850+09:00,rail-left-01,rail-right-01,0.6.7-draft,0.6.7-draft,mqtt,mqtt,2.19,1.94,6.232,6.631,0.067,0.095,-0.124,-0.372,10.464,9.635,-0.0661,0.0317,0.0436,0.0558,-0.0099,-0.0079,25.01,25.04,15845,18855,1.981,2.357,5.942,7.071,7,7,1,1,0,0,0,0,,0.10813288,,0.10813288,,-0.37965221,,-0.37965221,,0.46033203,,0.01007136,,-0.02014272,,0.64635,0.0,0.37544938,0,0,292.0,42.0,0.9015,1.1216,1,1,0
2026-09-28T22:22:50.423224+09:00,88888046,cc3d2640,2026-09-28T22:22:50.423224+09:00,2026-09-28T22:22:50.515768+09:00,rail-left-01,rail-right-01,0.6.7-draft,0.6.7-draft,mqtt,mqtt,2.78,2.44,6.234,6.637,-0.043,-0.031,-0.211,-0.418,10.372,9.701,-0.0633,0.0322,0.038,0.0534,-0.0105,-0.0085,24.98,25.04,15850,18869,1.981,2.359,5.944,7.076,8,8,1,1,0,0,0,0,,0.0821786,,0.0821786,,-0.38224149,,-0.38224149,,0.46162667,,0.01129714,,-0.02259428,,0.64635,0.0,0.37549253,0,0,292.5,42.5,0.9015,1.1216,1,1,0
2026-09-28T22:22:50.443231+09:00,88908053,cc3d2640,2026-09-28T22:22:50.443231+09:00,2026-09-28T22:22:50.535775+09:00,rail-left-01,rail-right-01,0.6.7-draft,0.6.7-draft,mqtt,mqtt,3.38,2.98,6.23,6.636,0.068,0.086,0.148,-0.237,10.484,9.697,-0.0648,0.0333,0.0384,0.0542,-0.0071,-0.0033,24.98,25.03,15840,18866,1.98,2.358,5.94,7.075,9,9,1,1,0,0,0,0,,0.09895461,,0.09895461,,-0.38414427,,-0.38414427,,0.46257806,,0.01031036,,-0.02062072,,0.64635,0.0,0.37552424,0,0,293.1,43.1,0.9015,1.1216,1,1,0
2026-09-28T22:22:50.463173+09:00,88927995,cc3d2640,2026-09-28T22:22:50.463173+09:00,2026-09-28T22:22:50.555717+09:00,rail-left-01,rail-right-01,0.6.7-draft,0.6.7-draft,mqtt,mqtt,4.08,3.58,6.216,6.627,-0.004,0.019,0.111,-0.421,10.453,9.779,-0.0629,0.033,0.0414,0.0576,-0.008,-0.0092,24.96,25.04,15804,18847,1.976,2.356,5.927,7.068,10,10,1,1,0,0,0,0,,0.09330705,,0.09330705,,-0.38476649,,-0.38476649,,0.46288917,,0.00753085,,-0.0150617,,0.64635,0.0,0.37553461,0,0,293.7,43.7,0.9015,1.1216,1,1,0
2026-09-28T22:22:50.642628+09:00,89077080,cc3d2640,2026-09-28T22:22:50.642628+09:00,2026-09-28T22:22:50.733827+09:00,rail-left-01,rail-right-01,0.6.7-draft,0.6.7-draft,mqtt,mqtt,10.09,8.7,6.216,6.627,-0.004,0.104,0.056,-0.134,10.402,9.748,-0.0645,0.0286,0.0362,0.0572,-0.0087,-0.0065,24.97,25.04,15804,18847,1.976,2.356,5.927,7.068,11,11,2,2,0,0,0,0,0.05642862,-0.16083801,0.05642862,-0.16083801,-0.38527558,-0.48203316,-0.38527558,-0.48203316,0.46314371,0.41718917,0.0019469,-0.01285664,-0.0038938,-0.02751455,0.64635,0.82335,0.3755431,0.37617275,0,0,299.1,49.1,0.9015,1.1216,1,1,0
2026-09-28T22:22:50.663576+09:00,89098028,cc3d2640,2026-09-28T22:22:50.663576+09:00,2026-09-28T22:22:50.754775+09:00,rail-left-01,rail-right-01,0.6.7-draft,0.6.7-draft,mqtt,mqtt,11.04,9.5,6.04,6.594,-0.029,0.008,-0.06,-0.126,10.416,9.631,-0.0617,0.0276,0.0386,0.052,-0.0069,-0.0024,24.96,25.03,15366,18773,1.921,2.347,5.762,7.04,12,12,2,2,0,0,0,0,0.02203075,-0.14962359,0.02203075,-0.14962359,-0.40036649,-0.48754831,-0.40036649,-0.48754831,0.4560225,0.4130528,-0.00849513,-0.01263166,-0.02229799,-0.02536825,0.64635,0.82335,0.37530573,0.37635659,0,0,300.0,50.0,0.9015,1.1216,1,1,0
2026-09-28T22:22:50.683544+09:00,89117996,cc3d2640,2026-09-28T22:22:50.683544+09:00,2026-09-28T22:22:50.774743+09:00,rail-left-01,rail-right-01,0.6.7-draft,0.6.7-draft,mqtt,mqtt,11.98,10.24,6.039,6.576,0.049,0.062,-0.051,-0.418,10.302,9.591,-0.0613,0.0261,0.0348,0.049,-0.0081,-0.0087,24.98,25.03,15363,18734,1.92,2.342,5.761,7.025,13,13,2,2,0,0,0,0,-0.00935911,-0.13264248,-0.00935911,-0.13264248,-0.41321265,-0.49180127,-0.41321265,-0.49180127,0.4499584,0.40888482,-0.0117789,-0.01256488,-0.02782848,-0.02340574,0.64635,0.82335,0.37510359,0.37649835,0,0,300.8,50.8,0.9015,1.1216,1,1,0
2026-09-28T22:22:50.702768+09:00,89137220,cc3d2640,2026-09-28T22:22:50.702768+09:00,2026-09-28T22:22:50.793967+09:00,rail-left-01,rail-right-01,0.6.7-draft,0.6.7-draft,mqtt,mqtt,12.88,11.04,6.048,6.554,-0.024,-0.044,-0.084,-0.233,10.489,9.774,-0.0654,0.0254,0.0344,0.0492,-0.0071,-0.0073,24.96,25.04,15385,18686,1.923,2.336,5.769,7.007,14,14,2,2,0,0,0,0,-0.03876622,-0.12972118,-0.03876622,-0.12972118,-0.42358078,-0.49478316,-0.42358078,-0.49478316,0.44508203,0.40460584,-0.01274879,-0.01261836,-0.02916513,-0.02148419,0.68235,0.82335,0.37494104,0.37659775,0,0,301.6,51.6,0.9015,1.1216,1,1,0
2026-09-28T22:22:50.722748+09:00,89157200,cc3d2640,2026-09-28T22:22:50.722748+09:00,2026-09-28T22:22:50.813946+09:00,rail-left-01,rail-right-01,0.6.7-draft,0.6.7-draft,mqtt,mqtt,13.82,11.78,6.046,6.519,-0.018,0.012,0.081,-0.177,10.417,9.778,-0.0646,0.0262,0.037,0.0493,-0.0067,-0.0048,24.97,25.06,15381,18607,1.923,2.326,5.768,6.978,15,15,2,2,0,0,0,0,-0.06663765,-0.12066753,-0.06663765,-0.12066753,-0.43269983,-0.49612649,-0.43269983,-0.49612649,0.44078917,0.39996917,-0.01304987,-0.01284981,-0.02934796,-0.01942657,0.68235,0.82335,0.37479795,0.37664253,0,0,302.5,52.5,0.9015,1.1216,1,1,0
2026-09-28T22:22:50.742724+09:00,89177176,cc3d2640,2026-09-28T22:22:50.742724+09:00,2026-09-28T22:22:50.833923+09:00,rail-left-01,rail-right-01,0.6.7-draft,0.6.7-draft,mqtt,mqtt,14.77,12.63,6.05,6.492,0.063,0.054,0.099,-0.211,10.44,9.749,-0.0681,0.0317,0.0385,0.0502,-0.0028,-0.0023,24.97,25.04,15391,18547,1.924,2.318,5.772,6.955,16,16,2,2,0,0,0,0,-0.09267548,-0.10770783,-0.09267548,-0.10770783,-0.44042899,-0.49632803,-0.44042899,-0.49632803,0.43715792,0.39516994,-0.01290267,-0.01313558,-0.02873361,-0.01737618,0.68235,0.82335,0.37478594,0.37664924,0,0,303.3,53.3,0.9015,1.1216,1,1,0
2026-09-28T22:22:50.763121+09:00,89197573,cc3d2640,2026-09-28T22:22:50.763121+09:00,2026-09-28T22:22:50.854320+09:00,rail-left-01,rail-right-01,0.6.7-draft,0.6.7-draft,mqtt,mqtt,15.76,13.42,6.031,6.48,0.037,0.06,0.141,-0.378,10.347,9.972,-0.0634,0.0333,0.0414,0.0556,-0.0071,-0.0083,24.99,25.03,15343,18521,1.918,2.315,5.754,6.945,17,17,2,2,0,0,0,0,-0.1174378,-0.09517039,-0.1174378,-0.09517039,-0.44836649,-0.4960702,-0.44836649,-0.4960702,0.43339505,0.39050398,-0.01291524,-0.0133684,-0.0284981,-0.01554497,0.68235,0.82335,0.37505053,0.37664065,0,0,304.2,54.2,0.9015,1.1216,1,1,0
2026-09-28T22:22:50.783075+09:00,89217527,cc3d2640,2026-09-28T22:22:50.783075+09:00,2026-09-28T22:22:50.874274+09:00,rail-left-01,rail-right-01,0.6.7-draft,0.6.7-draft,mqtt,mqtt,16.76,14.27,6.001,6.495,-0.035,-0.073,-0.073,-0.241,10.63,9.723,-0.0621,0.0317,0.0438,0.0558,-0.0113,-0.0047,24.98,25.04,15269,18554,1.909,2.319,5.726,6.958,18,18,2,2,0,0,0,0,-0.14154609,-0.09696167,-0.14154609,-0.09696167,-0.45708871,-0.49636649,-0.45708871,-0.49636649,0.42921695,0.38643917,-0.01318742,-0.01340456,-0.02882269,-0.01417924,0.82335,0.82335,0.37534127,0.37665053,0,0,305.1,55.1,0.9015,1.1216,1,1,0
2026-09-28T22:22:50.802636+09:00,89237088,cc3d2640,2026-09-28T22:22:50.802636+09:00,2026-09-28T22:22:50.893835+09:00,rail-left-01,rail-right-01,0.6.7-draft,0.6.7-draft,mqtt,mqtt,17.7,15.06,5.984,6.504,0.03,0.066,-0.055,-0.336,10.473,9.55,-0.0633,0.0296,0.0434,0.0566,-0.0075,-0.0068,24.97,25.04,15189,18575,1.899,2.322,5.696,6.966,19,19,2,2,0,0,0,0,-0.1646161,-0.08489629,-0.1646161,-0.08489629,-0.46578754,-0.4969527,-0.46578754,-0.4969527,0.42503127,0.38280986,-0.01344244,-0.01333102,-0.0291462,-0.01311196,0.82335,0.82335,0.37563123,0.37667007,0,0,306.0,56.0,0.9015,1.1216,1,1,0
2026-09-28T22:22:50.822775+09:00,89257227,cc3d2640,2026-09-28T22:22:50.822775+09:00,2026-09-28T22:22:50.913974+09:00,rail-left-01,rail-right-01,0.6.7-draft,0.6.7-draft,mqtt,mqtt,18.69,15.91,5.97,6.508,0.022,0.032,-0.013,-0.248,10.384,9.857,-0.0642,0.0274,0.0426,0.0561,-0.0095,-0.0056,25.0,25.06,15117,18584,1.89,2.323,5.669,6.969,20,20,2,2,0,0,0,0,-0.18680951,-0.0769712,-0.18680951,-0.0769712,-0.47431649,-0.49763316,-0.47431649,-0.49763316,0.42091417,0.37948917,-0.01363685,-0.01319561,-0.02937145,-0.01221983,0.82335,0.82335,0.37591553,0.37669275,0,0,306.9,56.9,0.9015,1.1216,1,1,0
2026-09-28T22:22:51.006913+09:00,89436444,cc3d2640,2026-09-28T22:22:51.006913+09:00,2026-09-28T22:22:51.095023+09:00,rail-left-01,rail-right-01,0.6.7-draft,0.6.7-draft,mqtt,mqtt,27.94,23.52,5.968,6.505,-0.441,-0.447,-1.071,-0.042,10.324,9.934,-0.0673,0.0144,0.0553,0.0778,-0.0059,-0.0105,24.97,25.04,15110,18577,1.889,2.322,5.666,6.966,21,21,3,3,0,0,0,0,-0.09481941,-0.25397218,-0.09481941,-0.25397218,-0.49833423,-0.40982991,-0.49833423,-0.40982991,0.37635046,0.40012819,-0.01229711,0.00089709,-0.01053802,0.01346573,0.82335,1.41135,0.37671612,0.37376597,0,0,315.2,65.2,0.9015,1.1216,1,1,0
2026-09-28T22:22:51.027047+09:00,89456578,cc3d2640,2026-09-28T22:22:51.027047+09:00,2026-09-28T22:22:51.115157+09:00,rail-left-01,rail-right-01,0.6.7-draft,0.6.7-draft,mqtt,mqtt,29.04,24.36,5.901,6.788,0.408,0.542,0.113,-0.6,10.634,9.832,-0.065,0.0128,0.0518,0.0661,-0.0103,-0.0123,24.97,25.04,14782,19205,1.848,2.401,5.543,7.202,22,22,3,3,0,0,0,0,-0.11117126,-0.2023581,-0.11117126,-0.2023581,-0.50108524,-0.39927125,-0.50108524,-0.39927125,0.37236104,0.41057012,-0.01195072,0.00315856,-0.01001026,0.01456634,0.82735,1.41135,0.37680782,0.37379065,0,0,316.2,66.2,0.9015,1.1216,1,1,0
2026-09-28T22:22:51.047320+09:00,89476851,cc3d2640,2026-09-28T22:22:51.047320+09:00,2026-09-28T22:22:51.135430+09:00,rail-left-01,rail-right-01,0.6.7-draft,0.6.7-draft,mqtt,mqtt,30.08,25.21,5.884,6.902,-0.412,-0.837,0.583,-0.381,11.218,10.016,-0.0706,0.0129,0.055,0.0659,-0.0117,-0.0055,24.98,25.06,14698,19457,1.837,2.432,5.512,7.296,23,23,3,3,0,0,0,0,-0.12890113,-0.24260169,-0.12890113,-0.24260169,-0.50418467,-0.39185486,-0.50418467,-0.39185486,0.36835584,0.42185196,-0.0117177,0.00525876,-0.00973459,0.01486803,1.41135,1.41135,0.37691113,0.37416671,0,0,317.1,67.1,0.9015,1.1216,1,1,0
2026-09-28T22:22:51.067084+09:00,89496615,cc3d2640,2026-09-28T22:22:51.067084+09:00,2026-09-28T22:22:51.155194+09:00,rail-left-01,rail-right-01,0.6.7-draft,0.6.7-draft,mqtt,mqtt,31.17,26.0,5.963,6.998,0.402,0.482,-0.401,-0.397,10.746,9.692,-0.0857,0.0121,0.032,0.0504,-0.0237,-0.0084,24.96,25.04,15084,19670,1.886,2.459,5.657,7.376,24,24,3,3,0,0,0,0,-0.14487111,-0.19713719,-0.14487111,-0.19713719,-0.50477826,-0.3869574,-0.50477826,-0.3869574,0.36574799,0.4337119,-0.01114717,0.00719019,-0.00880243,0.01465718,1.41135,1.41135,0.37693092,0.37456204,0,0,318.1,68.1,0.9015,1.1216,1,1,0
2026-09-28T22:22:51.087133+09:00,89516664,cc3d2640,2026-09-28T22:22:51.087133+09:00,2026-09-28T22:22:51.175243+09:00,rail-left-01,rail-right-01,0.6.7-draft,0.6.7-draft,mqtt,mqtt,32.22,26.85,6.15,7.075,-0.32,-0.345,-0.199,-0.236,10.142,9.72,-0.0901,0.012,0.0394,0.0553,-0.0085,-0.0047,24.97,25.04,15639,19840,1.955,2.48,5.865,7.44,25,25,3,3,0,0,0,0,-0.16160398,-0.20553343,-0.16160398,-0.20553343,-0.49999506,-0.38398871,-0.49999506,-0.38398871,0.3659606,0.44590028,-0.00993119,0.00895065,-0.00658829,0.0141335,1.41135,1.41135,0.37677148,0.37496832,0,0,319.1,69.1,0.9015,1.1216,1,1,0
2026-09-28T22:22:51.107093+09:00,89536624,cc3d2640,2026-09-28T22:22:51.107093+09:00,2026-09-28T22:22:51.195203+09:00,rail-left-01,rail-right-01,0.6.7-draft,0.6.7-draft,mqtt,mqtt,33.31,27.69,6.329,7.152,0.212,0.353,0.097,-0.269,10.714,9.699,-0.091,0.0124,0.0332,0.0482,-0.0101,-0.0088,24.97,25.05,16086,20013,2.011,2.502,6.032,7.505,26,26,3,3,0,0,0,0,-0.1772676,-0.17077105,-0.1772676,-0.17077105,-0.49050538,-0.38282301,-0.49050538,-0.38282301,0.3686475,0.45839569,-0.00828771,0.01057344,-0.00352633,0.01336784,1.41135,1.41135,0.37645515,0.37538483,0,0,320.0,70.0,0.9015,1.1216,1,1,0
2026-09-28T22:22:51.126958+09:00,89556489,cc3d2640,2026-09-28T22:22:51.126958+09:00,2026-09-28T22:22:51.215068+09:00,rail-left-01,rail-right-01,0.6.7-draft,0.6.7-draft,mqtt,mqtt,34.36,28.49,6.434,7.187,-0.274,-0.311,0.117,-0.352,10.301,9.82,-0.0895,0.0133,0.0352,0.0516,-0.0077,-0.0052,24.98,25.04,16347,20089,2.043,2.511,6.13,7.533,27,27,3,3,0,0,0,0,-0.19339622,-0.17728229,-0.19339622,-0.17728229,-0.47869082,-0.3824516,-0.47869082,-0.3824516,0.37260809,0.47073172,-0.0065856,0.01200621,-0.00034904,0.0125674,1.41135,1.41135,0.37606134,0.37579603,0,0,321.0,71.0,0.9015,1.1216,1,1,0
2026-09-28T22:22:51.147021+09:00,89576552,cc3d2640,2026-09-28T22:22:51.147021+09:00,2026-09-28T22:22:51.235131+09:00,rail-left-01,rail-right-01,0.6.7-draft,0.6.7-draft,mqtt,mqtt,35.45,29.33,6.559,7.223,0.115,0.169,0.334,-0.166,10.803,9.758,-0.0814,0.0135,0.029,0.0437,-0.0064,-0.0079,24.97,25.03,16657,20169,2.082,2.521,6.246,7.563,28,28,3,3,0,0,0,0,-0.20871382,-0.15542105,-0.20871382,-0.15542105,-0.4642086,-0.38284566,-0.4642086,-0.38284566,0.37800496,0.48292875,-0.00478489,0.01328591,0.0030234,0.01173549,1.41135,1.41135,0.3755786,0.3762026,0,0,322.0,72.0,0.9015,1.1216,1,1,0
2026-09-28T22:22:51.167007+09:00,89596538,cc3d2640,2026-09-28T22:22:51.167007+09:00,2026-09-28T22:22:51.255117+09:00,rail-left-01,rail-right-01,0.6.7-draft,0.6.7-draft,mqtt,mqtt,36.54,30.18,6.694,7.254,-0.224,-0.14,-0.049,-0.457,10.454,9.782,-0.073,0.028,0.0318,0.0474,-0.0084,-0.0027,24.99,25.01,16995,20238,2.124,2.53,6.373,7.589,29,29,3,3,0,0,0,0,-0.22425627,-0.15219185,-0.22425627,-0.15219185,-0.44700752,-0.38385629,-0.44700752,-0.38385629,0.38485584,0.49494427,-0.00288962,0.01443034,0.00658454,0.01089537,1.41135,1.41135,0.37500523,0.37660312,0,0,322.9,72.9,0.9015,1.1216,1,1,0
2026-09-28T22:22:51.187062+09:00,89616593,cc3d2640,2026-09-28T22:22:51.187062+09:00,2026-09-28T22:22:51.275172+09:00,rail-left-01,rail-right-01,0.6.7-draft,0.6.7-draft,mqtt,mqtt,37.59,31.02,6.801,7.291,0.141,0.157,-0.584,-0.567,10.608,9.779,-0.0737,0.025,0.032,0.0517,-0.0085,-0.0132,24.96,25.06,17261,20321,2.158,2.54,6.473,7.62,30,30,3,3,0,0,0,0,-0.23898567,-0.13239917,-0.23898567,-0.13239917,-0.42799149,-0.38556649,-0.42799149,-0.38556649,0.39270167,0.50684917,-0.00100686,0.01547031,0.01012309,0.01003196,1.41135,1.41135,0.37437136,0.37699995,0,0,323.9,73.9,0.9015,1.1216,1,1,0
2026-09-28T22:22:51.368293+09:00,89797426,cc3d2640,2026-09-28T22:22:51.368293+09:00,2026-09-28T22:22:51.449448+09:00,rail-left-01,rail-right-01,0.6.7-draft,0.6.7-draft,mqtt,mqtt,47.48,38.68,6.856,7.309,0.121,0.102,-0.043,-0.364,10.567,9.797,-0.0666,0.0329,0.0378,0.0553,-0.0112,-0.0084,24.97,25.06,17397,20360,2.175,2.545,6.524,7.635,31,31,4,4,0,0,0,0,-0.12035497,-0.06743498,-0.12035497,-0.06743498,-0.3861312,-0.358596,-0.3861312,-0.358596,0.51882642,0.63337769,0.01640956,0.02154952,0.00912635,0.00801908,1.41135,1.41135,0.37739919,0.38121757,0,0,332.8,82.8,0.9015,1.1216,1,1,0
2026-09-28T22:22:51.388439+09:00,89817571,cc3d2640,2026-09-28T22:22:51.388439+09:00,2026-09-28T22:22:51.469594+09:00,rail-left-01,rail-right-01,0.6.7-draft,0.6.7-draft,mqtt,mqtt,48.62,39.58,6.968,7.333,-0.104,-0.008,-0.005,-0.396,10.53,9.742,-0.0609,0.0314,0.036,0.0552,-0.0116,-0.0088,24.97,25.04,17677,20413,2.21,2.552,6.629,7.655,32,32,4,4,0,0,0,0,-0.10995715,-0.07331353,-0.10995715,-0.07331353,-0.38452034,-0.35551165,-0.38452034,-0.35551165,0.53141994,0.64385852,0.01735283,0.02169069,0.00872046,0.00796223,1.41135,1.41135,0.37781897,0.38156693,0,0,333.8,83.8,0.9015,1.1216,1,1,0
2026-09-28T22:22:51.408380+09:00,89837513,cc3d2640,2026-09-28T22:22:51.408380+09:00,2026-09-28T22:22:51.489536+09:00,rail-left-01,rail-right-01,0.6.7-draft,0.6.7-draft,mqtt,mqtt,49.72,40.42,6.97,7.334,0.013,0.004,-0.061,-0.377,10.67,9.761,-0.0689,0.0345,0.0378,0.0525,-0.0109,-0.0073,24.97,25.06,17681,20415,2.21,2.552,6.63,7.656,33,33,4,4,0,0,0,0,-0.10083894,-0.07846539,-0.10083894,-0.07846539,-0.38293253,-0.3525411,-0.38293253,-0.3525411,0.54355709,0.65401457,0.01812626,0.02179658,0.00836757,0.00790365,1.41135,1.41135,0.37822355,0.38190546,0,0,334.8,84.8,0.9015,1.1216,1,1,0
2026-09-28T22:22:51.428339+09:00,89857472,cc3d2640,2026-09-28T22:22:51.428339+09:00,2026-09-28T22:22:51.509495+09:00,rail-left-01,rail-right-01,0.6.7-draft,0.6.7-draft,mqtt,mqtt,50.81,41.32,6.999,7.334,-0.176,-0.096,0.078,-0.272,10.594,9.74,-0.0714,0.0336,0.0348,0.0461,-0.0039,-0.0077,24.96,25.02,17754,20415,2.219,2.552,6.658,7.656,34,34,4,4,0,0,0,0,-0.09324253,-0.08784492,-0.09324253,-0.08784492,-0.38086649,-0.34966337,-0.38086649,-0.34966337,0.55551324,0.66385323,0.01880191,0.02187094,0.00813659,0.00784512,1.41135,1.41135,0.37862208,0.38223342,0,0,335.8,85.8,0.9015,1.1216,1,1,0
2026-09-28T22:22:51.448557+09:00,89877690,cc3d2640,2026-09-28T22:22:51.448557+09:00,2026-09-28T22:22:51.529712+09:00,rail-left-01,rail-right-01,0.6.7-draft,0.6.7-draft,mqtt,mqtt,51.91,42.21,7.04,7.332,0.062,0.057,-0.126,-0.466,10.453,9.588,-0.0703,0.0349,0.0377,0.0486,-0.0043,-0.0059,24.97,25.07,17856,20412,2.232,2.552,6.696,7.655,35,35,4,4,0,0,0,0,-0.08660762,-0.09036278,-0.08660762,-0.09036278,-0.37813013,-0.34684342,-0.37813013,-0.34684342,0.56740735,0.67337378,0.01941334,0.02191713,0.00803732,0.00779045,1.41135,1.41135,0.37901855,0.38255077,0,0,336.8,86.8,0.9015,1.1216,1,1,0
2026-09-28T22:22:51.468617+09:00,89897750,cc3d2640,2026-09-28T22:22:51.468617+09:00,2026-09-28T22:22:51.549773+09:00,rail-left-01,rail-right-01,0.6.7-draft,0.6.7-draft,mqtt,mqtt,53.05,43.06,7.053,7.319,0.095,0.059,0.175,-0.148,10.3,9.953,-0.0648,0.0368,0.0421,0.0545,-0.0075,-0.0125,24.97,25.04,17887,20382,2.236,2.548,6.708,7.643,36,36,4,4,0,0,0,0,-0.08082697,-0.24150694,-0.08082697,-0.24150694,-0.37525935,-0.15336649,-0.37525935,-0.15336649,0.57899274,1.27618917,0.01993395,0.0,0.00797274,0.0,1.41135,0.88035,0.37940473,0.42159539,0,0,337.8,87.8,0.9015,1.1216,1,1,0
2026-09-28T22:22:51.488396+09:00,89917528,cc3d2640,2026-09-28T22:22:51.488396+09:00,2026-09-28T22:22:51.569551+09:00,rail-left-01,rail-right-01,0.6.7-draft,0.6.7-draft,mqtt,mqtt,54.14,43.95,7.051,7.315,0.007,-0.001,0.041,-0.11,10.568,9.647,-0.0658,0.0376,0.0394,0.0514,-0.0036,-0.0023,24.97,25.05,17884,20374,2.236,2.547,6.707,7.64,37,37,4,4,0,0,0,0,-0.07597026,-0.32785323,-0.07597026,-0.32785323,-0.37252439,-0.15136649,-0.37252439,-0.15136649,0.59015408,1.27518917,0.0203606,-0.00449438,0.00790056,0.00898876,1.41135,0.88035,0.37977678,0.42156206,0,0,338.8,88.8,0.9015,1.1216,1,1,0
2026-09-28T22:22:51.508378+09:00,89937511,cc3d2640,2026-09-28T22:22:51.508378+09:00,2026-09-28T22:22:51.589533+09:00,rail-left-01,rail-right-01,0.6.7-draft,0.6.7-draft,mqtt,mqtt,55.24,44.85,7.063,7.301,-0.122,-0.084,0.087,-0.262,10.54,9.843,-0.0641,0.0356,0.036,0.0505,-0.0097,-0.0072,24.98,25.04,17913,20342,2.239,2.543,6.717,7.628,38,38,4,4,0,0,0,0,-0.07217786,-0.43252365,-0.07217786,-0.43252365,-0.36967684,-0.14603316,-0.36967684,-0.14603316,0.601034,1.2725225,0.02072436,-0.01006616,0.00785489,0.02013233,1.41135,0.88035,0.38013944,0.42147317,0,0,339.8,89.8,0.9015,1.1216,1,1,0
2026-09-28T22:22:51.528354+09:00,89957486,cc3d2640,2026-09-28T22:22:51.528354+09:00,2026-09-28T22:22:51.609508+09:00,rail-left-01,rail-right-01,0.6.7-draft,0.6.7-draft,mqtt,mqtt,56.33,45.69,7.106,7.295,0.102,0.139,-0.091,-0.34,10.47,9.686,-0.0562,0.0358,0.0284,0.0496,-0.0132,-0.0076,24.98,25.03,18021,20330,2.253,2.541,6.758,7.624,39,39,4,4,0,0,0,0,-0.06887766,-0.32931433,-0.06887766,-0.32931433,-0.366197,-0.14186649,-0.366197,-0.14186649,0.61190951,1.27043917,0.02106935,-0.00979148,0.00790098,0.01958295,1.41135,0.88035,0.38050196,0.42140373,0,0,340.8,90.8,0.9015,1.1216,1,1,0
2026-09-28T22:22:51.549033+09:00,89978166,cc3d2640,2026-09-28T22:22:51.549033+09:00,2026-09-28T22:22:51.630189+09:00,rail-left-01,rail-right-01,0.6.7-draft,0.6.7-draft,mqtt,mqtt,57.47,46.64,7.145,7.284,-0.146,-0.087,-0.172,-0.339,10.687,9.735,-0.0617,0.0298,0.0284,0.0522,-0.0124,-0.0137,24.96,25.05,18117,20304,2.265,2.538,6.794,7.614,40,40,4,4,0,0,0,0,-0.06650769,-0.39418633,-0.06650769,-0.39418633,-0.36218316,-0.13716649,-0.36218316,-0.13716649,0.6227475,1.26808917,0.02139273,-0.01012005,0.00801578,0.02024011,1.41135,0.88035,0.38086323,0.42132539,0,0,341.8,91.8,0.9015,1.1216,1,1,0
2026-09-28T22:22:51.682482+09:00,90152438,cc3d2640,2026-09-28T22:22:51.682482+09:00,2026-09-28T22:22:51.769959+09:00,rail-left-01,rail-right-01,0.6.7-draft,0.6.7-draft,mqtt,mqtt,67.17,54.39,7.175,7.283,-0.095,-0.053,-0.138,-0.383,10.64,9.655,-0.0662,0.0318,0.0393,0.0542,-0.0091,-0.0099,24.99,25.03,18192,20302,2.274,2.538,6.822,7.613,41,41,5,5,0,0,0,0,-0.47847103,-0.74348323,-0.47847103,-0.74348323,-0.12903316,-0.05274149,-0.12903316,-0.05274149,1.2690225,1.29731417,0.00022992,0.00371328,0.00927361,0.01114626,0.88035,0.88035,0.4213565,0.42229956,0,0,350.6,100.6,0.9015,1.1216,1,1,0
2026-09-28T22:22:51.702605+09:00,90172561,cc3d2640,2026-09-28T22:22:51.702605+09:00,2026-09-28T22:22:51.790082+09:00,rail-left-01,rail-right-01,0.6.7-draft,0.6.7-draft,mqtt,mqtt,68.26,55.29,7.257,7.302,0.09,0.099,0.184,-0.278,10.534,9.753,-0.0653,0.0346,0.0373,0.0538,-0.0071,-0.0061,24.96,25.06,18395,20345,2.299,2.543,6.898,7.629,42,42,5,5,0,0,0,0,-0.54073938,-0.67577417,-0.54073938,-0.67577417,-0.11150935,-0.05271943,-0.11150935,-0.05271943,1.27554631,1.29804211,0.00399762,0.00327552,0.01547705,0.00907023,0.88035,0.88035,0.42157396,0.42232382,0,0,351.5,101.5,0.9015,1.1216,1,1,0
2026-09-28T22:22:51.722618+09:00,90192574,cc3d2640,2026-09-28T22:22:51.722618+09:00,2026-09-28T22:22:51.810096+09:00,rail-left-01,rail-right-01,0.6.7-draft,0.6.7-draft,mqtt,mqtt,69.36,56.23,7.273,7.306,-0.069,-0.016,0.067,-0.283,10.326,9.687,-0.062,0.0317,0.0373,0.0548,-0.0112,-0.0091,24.97,25.04,18436,20353,2.305,2.544,6.914,7.632,43,43,5,5,0,0,0,0,-0.59135263,-0.63365616,-0.59135263,-0.63365616,-0.09636649,-0.05292205,-0.09636649,-0.05292205,1.28143917,1.29880028,0.0055511,0.0030018,0.01791454,0.0075901,0.88035,0.88035,0.42177039,0.4223491,0,0,352.5,102.5,0.9015,1.1216,1,1,0
2026-09-28T22:22:51.742565+09:00,90212521,cc3d2640,2026-09-28T22:22:51.742565+09:00,2026-09-28T22:22:51.830042+09:00,rail-left-01,rail-right-01,0.6.7-draft,0.6.7-draft,mqtt,mqtt,70.5,57.13,7.274,7.306,0.153,0.126,-0.156,-0.233,10.558,9.802,-0.0665,0.0345,0.0382,0.0576,-0.0081,-0.0091,24.98,25.04,18438,20354,2.305,2.544,6.914,7.633,44,44,5,5,0,0,0,0,-0.63141284,-0.57489435,-0.63141284,-0.57489435,-0.0844776,-0.05310333,-0.0844776,-0.05310333,1.28607806,1.29947864,0.00616843,0.00279302,0.01865633,0.0065197,0.88035,0.88035,0.42192502,0.42237171,0,0,353.6,103.6,0.9015,1.1216,1,1,0
2026-09-28T22:22:51.763177+09:00,90233133,cc3d2640,2026-09-28T22:22:51.763177+09:00,2026-09-28T22:22:51.850654+09:00,rail-left-01,rail-right-01,0.6.7-draft,0.6.7-draft,mqtt,mqtt,71.64,58.02,7.277,7.311,-0.04,0.005,-0.065,-0.291,10.239,9.68,-0.0633,0.0337,0.0397,0.0573,-0.0087,-0.0061,24.97,25.06,18445,20364,2.306,2.546,6.917,7.637,45,45,5,5,0,0,0,0,-0.66634635,-0.53904804,-0.66634635,-0.53904804,-0.07466649,-0.05351649,-0.07466649,-0.05351649,1.28993917,1.30021417,0.00644251,0.00265867,0.01879215,0.00564038,0.88035,0.88035,0.42205373,0.42239623,0,0,354.6,104.6,0.9015,1.1216,1,1,0
2026-09-28T22:22:51.783179+09:00,90253135,cc3d2640,2026-09-28T22:22:51.783179+09:00,2026-09-28T22:22:51.870657+09:00,rail-left-01,rail-right-01,0.6.7-draft,0.6.7-draft,mqtt,mqtt,72.74,58.92,7.263,7.307,0.02,0.022,0.168,-0.087,10.605,9.768,-0.0645,0.0374,0.0373,0.0544,-0.0091,-0.0039,24.99,25.05,18411,20356,2.301,2.545,6.904,7.634,46,46,5,5,0,0,0,0,-0.6966417,-0.50435548,-0.6966417,-0.50435548,-0.06791195,-0.05369983,-0.06791195,-0.05369983,1.2924619,1.30078441,0.00627928,0.00251965,0.01810538,0.00499703,0.88035,0.88035,0.42213782,0.42241523,0,0,355.6,105.6,0.9015,1.1216,1,1,0
2026-09-28T22:22:51.802559+09:00,90272515,cc3d2640,2026-09-28T22:22:51.802559+09:00,2026-09-28T22:22:51.890036+09:00,rail-left-01,rail-right-01,0.6.7-draft,0.6.7-draft,mqtt,mqtt,73.83,59.81,7.265,7.301,0.089,0.096,0.139,-0.115,10.417,10.009,-0.0659,0.0353,0.039,0.0586,-0.0111,-0.0103,24.97,25.05,18416,20342,2.302,2.543,6.906,7.628,47,47,5,5,0,0,0,0,-0.72282396,-0.46351677,-0.72282396,-0.46351677,-0.06211649,-0.05359377,-0.06211649,-0.05359377,1.2946475,1.30116644,0.00610293,0.00236763,0.01742803,0.00454054,0.88035,0.88035,0.42221067,0.42242797,0,0,356.6,106.6,0.9015,1.1216,1,1,0
2026-09-28T22:22:51.822715+09:00,90292671,cc3d2640,2026-09-28T22:22:51.822715+09:00,2026-09-28T22:22:51.910192+09:00,rail-left-01,rail-right-01,0.6.7-draft,0.6.7-draft,mqtt,mqtt,74.98,60.71,7.258,7.313,-0.061,-0.023,-0.202,-0.444,10.368,9.665,-0.0661,0.0313,0.0457,0.0624,-0.0087,-0.0051,24.97,25.03,18398,20370,2.3,2.546,6.899,7.639,48,48,5,5,0,0,0,0,-0.74740244,-0.44064471,-0.74740244,-0.44064471,-0.05775111,-0.05401867,-0.05775111,-0.05401867,1.29622763,1.30177613,0.00580404,0.00229626,0.01652686,0.00403994,0.88035,0.88035,0.42226334,0.42244829,0,0,357.6,107.6,0.9015,1.1216,1,1,0
2026-09-28T22:22:51.842504+09:00,90312460,cc3d2640,2026-09-28T22:22:51.842504+09:00,2026-09-28T22:22:51.929981+09:00,rail-left-01,rail-right-01,0.6.7-draft,0.6.7-draft,mqtt,mqtt,76.07,61.6,7.238,7.333,-0.063,0.016,0.099,-0.026,10.439,9.798,-0.0614,0.0308,0.042,0.0614,-0.0127,-0.0116,24.97,25.03,18349,20414,2.294,2.552,6.881,7.655,49,49,5,5,0,0,0,0,-0.77046294,-0.41510656,-0.77046294,-0.41510656,-0.05543792,-0.05524149,-0.05543792,-0.05524149,1.29686774,1.30275167,0.00529088,0.00232112,0.01522048,0.00343656,0.88035,0.88035,0.42228468,0.42248081,0,0,358.6,108.6,0.9015,1.1216,1,1,0
2026-09-28T22:22:51.862720+09:00,90332676,cc3d2640,2026-09-28T22:22:51.862720+09:00,2026-09-28T22:22:51.950198+09:00,rail-left-01,rail-right-01,0.6.7-draft,0.6.7-draft,mqtt,mqtt,77.21,62.55,7.229,7.352,0.045,0.099,-0.075,-0.474,10.49,9.643,-0.0665,0.0349,0.0434,0.0605,-0.0107,-0.0033,24.96,25.04,18327,20455,2.291,2.557,6.873,7.671,50,50,5,5,0,0,0,0,-0.79153188,-0.3821104,-0.79153188,-0.3821104,-0.05403316,-0.05712649,-0.05403316,-0.05712649,1.2971225,1.30402917,0.00475236,0.00241344,0.0138797,0.00276458,0.88035,0.88035,0.42229317,0.42252339,0,0,359.6,109.6,0.9015,1.1216,1,1,0
2026-09-28T22:22:51.998365+09:00,90473494,cc3d2640,2026-09-28T22:22:51.998365+09:00,2026-09-28T22:22:52.032009+09:00,rail-left-01,rail-right-01,0.6.7-draft,0.6.7-draft,mqtt,mqtt,85.07,68.91,7.22,7.356,-0.004,0.007,-0.012,-0.166,10.306,9.767,-0.0645,0.0321,0.0428,0.0578,-0.0093,-0.0059,24.97,25.05,18303,20465,2.288,2.558,6.864,7.674,51,51,6,6,0,0,0,0,-0.36492092,-0.31455166,-0.36492092,-0.31455166,-0.05921265,-0.10414427,-0.05921265,-0.10414427,1.30503532,1.29691139,0.00236737,-0.0002107,0.00183893,-0.00549422,0.88035,0.88035,0.42255693,0.42228613,0,0,366.7,116.7,0.9015,1.1216,1,1,0
2026-09-28T22:22:52.018436+09:00,90493565,cc3d2640,2026-09-28T22:22:52.018436+09:00,2026-09-28T22:22:52.052081+09:00,rail-left-01,rail-right-01,0.6.7-draft,0.6.7-draft,mqtt,mqtt,86.16,69.8,7.127,7.399,0.024,0.045,0.044,-0.567,10.545,9.688,-0.0702,0.0344,0.0386,0.056,-0.0093,-0.0044,24.97,25.05,18073,20561,2.259,2.57,6.777,7.71,52,52,6,6,0,0,0,0,-0.35062739,-0.31470595,-0.35062739,-0.31470595,-0.06458871,-0.1091773,-0.06458871,-0.1091773,1.30424472,1.29666214,0.00189327,-0.00023931,0.0002871,-0.00596979,0.88035,0.88035,0.42253058,0.42227782,0,0,367.7,117.7,0.9015,1.1216,1,1,0
2026-09-28T22:22:52.038457+09:00,90513586,cc3d2640,2026-09-28T22:22:52.038457+09:00,2026-09-28T22:22:52.072102+09:00,rail-left-01,rail-right-01,0.6.7-draft,0.6.7-draft,mqtt,mqtt,87.31,70.75,7.121,7.399,-0.095,-0.061,0.136,-0.206,10.372,9.571,-0.0674,0.0308,0.041,0.0537,-0.0096,-0.0049,24.96,25.04,18058,20561,2.257,2.57,6.772,7.71,53,53,6,6,0,0,0,0,-0.33936707,-0.32292441,-0.33936707,-0.32292441,-0.06979506,-0.11394544,-0.06979506,-0.11394544,1.30340345,1.29642601,0.00149587,-0.00026243,-0.00095375,-0.00634983,0.88035,0.88035,0.42250254,0.42226995,0,0,368.7,118.7,0.9015,1.1216,1,1,0
2026-09-28T22:22:52.058384+09:00,90533513,cc3d2640,2026-09-28T22:22:52.058384+09:00,2026-09-28T22:22:52.092029+09:00,rail-left-01,rail-right-01,0.6.7-draft,0.6.7-draft,mqtt,mqtt,88.4,71.64,7.124,7.394,0.016,0.056,0.157,-0.182,10.387,9.774,-0.0661,0.0293,0.04,0.0576,-0.0116,-0.0101,24.96,25.05,18064,20549,2.258,2.569,6.774,7.706,54,54,6,6,0,0,0,0,-0.3303044,-0.32201795,-0.3303044,-0.32201795,-0.07453891,-0.11834085,-0.07453891,-0.11834085,1.30267193,1.29613789,0.00118964,-0.000292,-0.00189952,-0.00663411,0.88035,0.88035,0.42247815,0.42226035,0,0,369.7,119.7,0.9015,1.1216,1,1,0
2026-09-28T22:22:52.078523+09:00,90553652,cc3d2640,2026-09-28T22:22:52.078523+09:00,2026-09-28T22:22:52.112168+09:00,rail-left-01,rail-right-01,0.6.7-draft,0.6.7-draft,mqtt,mqtt,89.54,72.54,7.124,7.395,-0.083,-0.061,0.08,-0.406,10.485,9.697,-0.0646,0.031,0.039,0.0556,-0.0051,-0.0065,24.97,25.07,18065,20552,2.258,2.569,6.774,7.707,55,55,6,6,0,0,0,0,-0.32352776,-0.32954416,-0.32352776,-0.32954416,-0.07896649,-0.12254149,-0.07896649,-0.12254149,1.30198917,1.29587667,0.00093967,-0.0003145,-0.00264945,-0.00686682,0.88035,0.88035,0.42245539,0.42225164,0,0,370.7,120.7,0.9015,1.1216,1,1,0
2026-09-28T22:22:52.098487+09:00,90573616,cc3d2640,2026-09-28T22:22:52.098487+09:00,2026-09-28T22:22:52.132132+09:00,rail-left-01,rail-right-01,0.6.7-draft,0.6.7-draft,mqtt,mqtt,90.64,73.48,7.119,7.393,0.026,0.029,-0.012,-0.405,10.534,9.744,-0.0658,0.0285,0.039,0.0558,-0.0087,-0.0105,24.96,25.04,18051,20547,2.256,2.568,6.769,7.705,56,56,6,6,0,0,0,0,-0.3183566,-0.33040871,-0.3183566,-0.33040871,-0.08326972,-0.12648844,-0.08326972,-0.12648844,1.30126981,1.2956038,0.00071714,-0.00033699,-0.00328172,-0.00704632,0.88035,0.88035,0.42243141,0.42224255,0,0,371.7,121.7,0.9015,1.1216,1,1,0
2026-09-28T22:22:52.118369+09:00,90593498,cc3d2640,2026-09-28T22:22:52.118369+09:00,2026-09-28T22:22:52.152014+09:00,rail-left-01,rail-right-01,0.6.7-draft,0.6.7-draft,mqtt,mqtt,91.73,74.38,7.121,7.39,0.063,0.043,-0.215,-0.183,10.393,9.849,-0.0679,0.033,0.0396,0.0585,-0.0076,-0.0075,24.98,25.06,18056,20541,2.257,2.568,6.771,7.703,57,57,6,6,0,0,0,0,-0.31447353,-0.33024139,-0.31447353,-0.33024139,-0.08724149,-0.13017602,-0.08724149,-0.13017602,1.30062667,1.29530822,0.00053741,-0.00036119,-0.0037801,-0.00717918,0.88035,0.88035,0.42240998,0.42223269,0,0,372.7,122.7,0.9015,1.1216,1,1,0
2026-09-28T22:22:52.138432+09:00,90613561,cc3d2640,2026-09-28T22:22:52.138432+09:00,2026-09-28T22:22:52.172077+09:00,rail-left-01,rail-right-01,0.6.7-draft,0.6.7-draft,mqtt,mqtt,92.87,75.32,7.1,7.394,-0.075,-0.018,-0.01,-0.25,10.594,9.829,-0.0616,0.033,0.0418,0.058,-0.0103,-0.0069,24.97,25.04,18005,20548,2.251,2.569,6.752,7.706,58,58,6,6,0,0,0,0,-0.31223247,-0.33411724,-0.31223247,-0.33411724,-0.09160892,-0.1337851,-0.09160892,-0.1337851,1.29970432,1.29507289,0.00032687,-0.00037492,-0.00430176,-0.00729693,0.88035,0.88035,0.42237923,0.42222485,0,0,373.7,123.7,0.9015,1.1216,1,1,0
2026-09-28T22:22:52.158372+09:00,90633501,cc3d2640,2026-09-28T22:22:52.158372+09:00,2026-09-28T22:22:52.192017+09:00,rail-left-01,rail-right-01,0.6.7-draft,0.6.7-draft,mqtt,mqtt,93.97,76.22,7.096,7.399,0.034,0.059,0.023,-0.381,10.44,9.492,-0.065,0.0316,0.0405,0.0572,-0.0091,-0.0047,24.99,25.03,17994,20561,2.249,2.57,6.748,7.71,59,59,6,6,0,0,0,0,-0.31105579,-0.33295541,-0.31105579,-0.33295541,-0.09583708,-0.13734377,-0.09583708,-0.13734377,1.2987774,1.29490508,0.00013805,-0.00037838,-0.00474981,-0.00740551,0.88035,0.88035,0.42234833,0.42221926,0,0,374.7,124.7,0.9015,1.1216,1,1,0
2026-09-28T22:22:52.178406+09:00,90653535,cc3d2640,2026-09-28T22:22:52.178406+09:00,2026-09-28T22:22:52.212051+09:00,rail-left-01,rail-right-01,0.6.7-draft,0.6.7-draft,mqtt,mqtt,95.11,77.11,7.088,7.392,-0.157,-0.136,0.189,-0.201,10.349,9.816,-0.0641,0.0296,0.0348,0.0478,-0.01,0.0007,24.98,25.04,17974,20544,2.247,2.568,6.74,7.704,60,60,6,6,0,0,0,0,-0.31133221,-0.34405543,-0.31133221,-0.34405543,-0.10005221,-0.14058871,-0.10005221,-0.14058871,1.29778917,1.29466695,-4.289e-05,-0.0003916,-0.00515742,-0.00746964,0.88035,0.88035,0.42231539,0.42221132,0,0,375.8,125.8,0.9015,1.1216,1,1,0
2026-09-28T22:22:52.302132+09:00,90733461,cc3d2640,2026-09-28T22:22:52.302132+09:00,2026-09-28T22:22:52.389782+09:00,rail-left-01,rail-right-01,0.6.7-draft,0.6.7-draft,mqtt,mqtt,99.54,80.79,7.095,7.385,-0.091,-0.103,0.379,-0.317,10.315,9.645,-0.0634,0.0308,0.0413,0.053,-0.0073,0.0011,24.97,25.04,17992,20528,2.249,2.566,6.747,7.698,61,61,7,7,0,0,0,0,-0.35937262,-0.48807719,-0.35937262,-0.48807719,-0.14354041,-0.16627721,-0.14354041,-0.16627721,1.29451526,1.29366238,-0.00039047,-0.00032478,-0.00745659,-0.00681361,0.88035,0.88035,0.42220626,0.42217783,0,0,379.7,129.7,0.9015,1.1216,1,1,0
2026-09-28T22:22:52.322246+09:00,90753575,cc3d2640,2026-09-28T22:22:52.322246+09:00,2026-09-28T22:22:52.409896+09:00,rail-left-01,rail-right-01,0.6.7-draft,0.6.7-draft,mqtt,mqtt,100.68,81.69,7.097,7.33,-0.056,-0.068,0.206,-0.298,10.606,9.676,-0.0649,0.0289,0.0384,0.0572,-0.0092,-0.008,24.96,25.02,17997,20407,2.25,2.551,6.749,7.653,62,62,7,7,0,0,0,0,-0.37463433,-0.48557092,-0.37463433,-0.48557092,-0.14632394,-0.16717351,-0.14632394,-0.16717351,1.2943913,1.29298741,-0.00038577,-0.0003917,-0.00742621,-0.00660496,0.88035,0.88035,0.42220213,0.42215533,0,0,380.8,130.8,0.9015,1.1216,1,1,0
2026-09-28T22:22:52.342178+09:00,90773507,cc3d2640,2026-09-28T22:22:52.342178+09:00,2026-09-28T22:22:52.429828+09:00,rail-left-01,rail-right-01,0.6.7-draft,0.6.7-draft,mqtt,mqtt,101.82,82.58,7.095,7.322,-0.026,-0.007,-0.132,-0.201,10.439,9.834,-0.0636,0.0297,0.0348,0.0573,-0.0115,-0.0124,24.97,25.05,17992,20389,2.249,2.549,6.747,7.646,63,63,7,7,0,0,0,0,-0.38971117,-0.48012744,-0.38971117,-0.48012744,-0.14903316,-0.16790098,-0.14903316,-0.16790098,1.29425167,1.29226675,-0.00038389,-0.00045959,-0.00739302,-0.00639534,0.88035,0.88035,0.42219748,0.42213131,0,0,381.8,131.8,0.9015,1.1216,1,1,0
2026-09-28T22:22:52.362314+09:00,90793643,cc3d2640,2026-09-28T22:22:52.362314+09:00,2026-09-28T22:22:52.449964+09:00,rail-left-01,rail-right-01,0.6.7-draft,0.6.7-draft,mqtt,mqtt,102.92,83.53,7.094,7.319,0.193,0.186,-0.083,-0.156,10.554,9.667,-0.0675,0.0329,0.0368,0.0561,-0.0019,-0.0051,24.98,25.04,17991,20382,2.249,2.548,6.747,7.643,64,64,7,7,0,0,0,0,-0.40413561,-0.46555535,-0.40413561,-0.46555535,-0.15165221,-0.16855293,-0.15165221,-0.16855293,1.29410754,1.2915451,-0.00038303,-0.00052337,-0.00735522,-0.00619432,0.88035,0.88035,0.42219267,0.42210726,0,0,382.8,132.8,0.9015,1.1216,1,1,0
2026-09-28T22:22:52.382366+09:00,90813695,cc3d2640,2026-09-28T22:22:52.382366+09:00,2026-09-28T22:22:52.470016+09:00,rail-left-01,rail-right-01,0.6.7-draft,0.6.7-draft,mqtt,mqtt,104.06,84.42,7.108,7.32,-0.262,-0.186,-0.139,-0.314,10.403,9.61,-0.0645,0.0296,0.0373,0.0537,-0.0088,-0.0065,24.99,25.03,18026,20384,2.253,2.548,6.76,7.644,65,65,7,7,0,0,0,0,-0.41894715,-0.46919784,-0.41894715,-0.46919784,-0.15388649,-0.16919983,-0.15388649,-0.16919983,1.29410917,1.29085584,-0.00036316,-0.00057968,-0.00727349,-0.00600918,0.88035,0.88035,0.42219273,0.42208428,0,0,383.8,133.8,0.9015,1.1216,1,1,0
2026-09-28T22:22:52.402348+09:00,90833677,cc3d2640,2026-09-28T22:22:52.402348+09:00,2026-09-28T22:22:52.489998+09:00,rail-left-01,rail-right-01,0.6.7-draft,0.6.7-draft,mqtt,mqtt,105.2,85.32,7.109,7.32,0.225,0.217,-0.16,-0.227,10.387,9.749,-0.0671,0.0292,0.0392,0.0588,-0.0076,-0.0092,24.99,25.04,18027,20384,2.253,2.548,6.76,7.644,66,66,7,7,0,0,0,0,-0.43306411,-0.45386341,-0.43306411,-0.45386341,-0.15601355,-0.16982551,-0.15601355,-0.16982551,1.29412054,1.29018917,-0.00034364,-0.00063032,-0.0071875,-0.00583617,0.88035,0.88035,0.4221931,0.42206206,0,0,384.8,134.8,0.9015,1.1216,1,1,0
2026-09-28T22:22:52.422253+09:00,90853582,cc3d2640,2026-09-28T22:22:52.422253+09:00,2026-09-28T22:22:52.509903+09:00,rail-left-01,rail-right-01,0.6.7-draft,0.6.7-draft,mqtt,mqtt,106.35,86.26,7.108,7.322,-0.122,-0.023,0.091,-0.312,10.211,9.685,-0.0628,0.0336,0.0365,0.0536,-0.0075,-0.004,24.97,25.04,18024,20390,2.253,2.549,6.759,7.646,67,67,7,7,0,0,0,0,-0.44723204,-0.45003879,-0.44723204,-0.45003879,-0.15807803,-0.17046327,-0.15807803,-0.17046327,1.29412186,1.28956014,-0.00032689,-0.0006742,-0.00710282,-0.00567716,0.88035,0.88035,0.42219315,0.42204109,0,0,385.9,135.9,0.9015,1.1216,1,1,0
2026-09-28T22:22:52.442213+09:00,90873542,cc3d2640,2026-09-28T22:22:52.442213+09:00,2026-09-28T22:22:52.529863+09:00,rail-left-01,rail-right-01,0.6.7-draft,0.6.7-draft,mqtt,mqtt,107.44,87.16,7.112,7.32,-0.007,-0.028,-0.073,-0.126,10.584,9.454,-0.0642,0.0274,0.0461,0.0586,-0.0093,-0.0103,24.99,25.04,18034,20384,2.254,2.548,6.763,7.644,68,68,7,7,0,0,0,0,-0.46128314,-0.44660456,-0.46128314,-0.44660456,-0.15998913,-0.17104903,-0.15998913,-0.17104903,1.29416087,1.2889352,-0.00030674,-0.00071547,-0.00700835,-0.00552418,0.88035,0.88035,0.42219445,0.42202026,0,0,386.9,136.9,0.9015,1.1216,1,1,0
2026-09-28T22:22:52.462160+09:00,90893489,cc3d2640,2026-09-28T22:22:52.462160+09:00,2026-09-28T22:22:52.549810+09:00,rail-left-01,rail-right-01,0.6.7-draft,0.6.7-draft,mqtt,mqtt,108.58,88.05,7.091,7.322,0.007,0.095,0.132,-0.225,10.538,9.815,-0.0646,0.0337,0.0389,0.058,-0.0115,-0.0071,24.97,25.04,17983,20388,2.248,2.549,6.744,7.646,69,69,7,7,0,0,0,0,-0.47510729,-0.4377669,-0.47510729,-0.4377669,-0.16221834,-0.17164774,-0.16221834,-0.17164774,1.29400398,1.28834542,-0.00031195,-0.00075109,-0.00696165,-0.00538334,0.88035,0.88035,0.42218922,0.4220006,0,0,387.9,137.9,0.9015,1.1216,1,1,0
2026-09-28T22:22:52.482335+09:00,90913664,cc3d2640,2026-09-28T22:22:52.482335+09:00,2026-09-28T22:22:52.569985+09:00,rail-left-01,rail-right-01,0.6.7-draft,0.6.7-draft,mqtt,mqtt,109.73,89.0,7.092,7.327,-0.053,-0.016,-0.176,-0.346,10.406,9.799,-0.0644,0.0305,0.0405,0.057,-0.0105,-0.0072,24.96,25.05,17986,20400,2.248,2.55,6.745,7.65,70,70,7,7,0,0,0,0,-0.48884657,-0.43404224,-0.48884657,-0.43404224,-0.16434831,-0.17230495,-0.16434831,-0.17230495,1.2938619,1.28781225,-0.00031517,-0.00077929,-0.00690848,-0.00525777,0.88035,0.88035,0.42218448,0.42198283,0,0,388.9,138.9,0.9015,1.1216,1,1,0
2026-09-28T22:22:52.612990+09:00,91092451,cc3d2640,2026-09-28T22:22:52.612990+09:00,2026-09-28T22:22:52.699100+09:00,rail-left-01,rail-right-01,0.6.7-draft,0.6.7-draft,mqtt,mqtt,119.87,97.15,7.083,7.327,-0.017,0.048,0.079,-0.28,10.548,9.695,-0.0574,0.0317,0.0389,0.0528,-0.0097,-0.0036,24.96,25.05,17962,20401,2.245,2.55,6.736,7.65,71,71,8,8,0,0,0,0,-0.45896753,-0.62723101,-0.45896753,-0.62723101,-0.22336649,-0.21782104,-0.22336649,-0.21782104,1.24918917,1.2519619,0.0,0.00445151,0.0,0.00890302,0.74135,0.92735,0.39818844,0.39828086,0,0,398.1,148.1,0.9015,1.1216,1,1,0
2026-09-28T22:22:52.633194+09:00,91112655,cc3d2640,2026-09-28T22:22:52.633194+09:00,2026-09-28T22:22:52.719304+09:00,rail-left-01,rail-right-01,0.6.7-draft,0.6.7-draft,mqtt,mqtt,121.01,98.04,7.023,7.345,-0.108,-0.06,0.26,-0.32,10.351,9.713,-0.0626,0.0334,0.0414,0.0566,-0.0123,-0.0051,24.97,25.05,17813,20439,2.227,2.555,6.68,7.665,72,72,8,8,0,0,0,0,-0.48427249,-0.65668347,-0.48427249,-0.65668347,-0.25336649,-0.21744983,-0.25336649,-0.21744983,1.23418917,1.2536475,-0.05263158,0.00396239,-0.10526316,0.00589694,0.74135,0.92735,0.39768844,0.39833705,0,0,399.1,149.1,0.9015,1.1216,1,1,0
2026-09-28T22:22:52.653171+09:00,91132632,cc3d2640,2026-09-28T22:22:52.653171+09:00,2026-09-28T22:22:52.739281+09:00,rail-left-01,rail-right-01,0.6.7-draft,0.6.7-draft,mqtt,mqtt,122.16,98.99,7.043,7.361,0.02,0.004,-0.33,-0.476,10.438,9.717,-0.0659,0.0302,0.0408,0.0573,-0.0107,-0.0072,24.95,25.05,17863,20476,2.233,2.56,6.699,7.679,73,73,8,8,0,0,0,0,-0.50397684,-0.66780081,-0.50397684,-0.66780081,-0.25669983,-0.21836649,-0.25669983,-0.21836649,1.2325225,1.25568917,-0.01741629,0.00400654,-0.03483257,0.00384145,0.74135,0.92735,0.39763288,0.39840511,0,0,400.1,150.1,0.9015,1.1216,1,1,0
2026-09-28T22:22:52.673144+09:00,91152605,cc3d2640,2026-09-28T22:22:52.673144+09:00,2026-09-28T22:22:52.759254+09:00,rail-left-01,rail-right-01,0.6.7-draft,0.6.7-draft,mqtt,mqtt,123.3,99.88,7.051,7.358,0.06,0.158,-0.105,-0.084,10.505,9.94,-0.0667,0.0314,0.0373,0.0564,-0.0083,-0.0069,24.95,25.05,17883,20469,2.235,2.559,6.706,7.676,74,74,8,8,0,0,0,0,-0.52038973,-0.64623068,-0.52038973,-0.64623068,-0.25636649,-0.21893792,-0.25636649,-0.21893792,1.23268917,1.25733203,-0.00662928,0.00392314,-0.01325855,0.00278137,0.74135,0.92735,0.39763844,0.39845987,0,0,401.2,151.2,0.9015,1.1216,1,1,0
2026-09-28T22:22:52.693198+09:00,91172659,cc3d2640,2026-09-28T22:22:52.693198+09:00,2026-09-28T22:22:52.779308+09:00,rail-left-01,rail-right-01,0.6.7-draft,0.6.7-draft,mqtt,mqtt,124.44,100.78,7.076,7.363,-0.071,-0.078,0.071,-0.415,10.47,9.459,-0.0707,0.0322,0.0357,0.0508,-0.0065,-0.0052,24.97,25.06,17946,20479,2.243,2.56,6.73,7.68,75,75,8,8,0,0,0,0,-0.53798152,-0.672752,-0.53798152,-0.672752,-0.25116649,-0.21976649,-0.25116649,-0.21976649,1.23528917,1.2589225,0.001225,0.00389209,0.00244999,0.00196429,0.74135,0.92735,0.39772511,0.39851288,0,0,402.2,152.2,0.9015,1.1216,1,1,0
2026-09-28T22:22:52.713190+09:00,91192651,cc3d2640,2026-09-28T22:22:52.713190+09:00,2026-09-28T22:22:52.799300+09:00,rail-left-01,rail-right-01,0.6.7-draft,0.6.7-draft,mqtt,mqtt,125.59,101.72,7.114,7.357,0.061,0.047,0.023,-0.318,10.202,9.799,-0.0703,0.0276,0.0337,0.0529,-0.0057,-0.0044,24.97,25.05,18041,20467,2.255,2.558,6.765,7.675,76,76,8,8,0,0,0,0,-0.5533101,-0.67308259,-0.5533101,-0.67308259,-0.24136649,-0.22011649,-0.24136649,-0.22011649,1.24018917,1.26012667,0.00804972,0.0037589,0.01609944,0.00153989,0.74135,0.92735,0.39788844,0.39855302,0,0,403.2,153.2,0.9015,1.1216,1,1,0
2026-09-28T22:22:52.733131+09:00,91212592,cc3d2640,2026-09-28T22:22:52.733131+09:00,2026-09-28T22:22:52.819241+09:00,rail-left-01,rail-right-01,0.6.7-draft,0.6.7-draft,mqtt,mqtt,126.68,102.62,7.122,7.351,-0.045,0.025,0.184,-0.445,10.562,9.43,-0.0669,0.0316,0.041,0.0582,-0.0108,-0.0085,24.97,25.06,18059,20454,2.257,2.557,6.772,7.67,77,77,8,8,0,0,0,0,-0.56943913,-0.67778074,-0.56943913,-0.67778074,-0.23322364,-0.22007237,-0.23322364,-0.22007237,1.2442606,1.2610127,0.01040174,0.00356972,0.02080348,0.00135149,0.75535,0.92735,0.39802415,0.39858256,0,0,404.2,154.2,0.9015,1.1216,1,1,0
2026-09-28T22:22:52.753165+09:00,91232626,cc3d2640,2026-09-28T22:22:52.753165+09:00,2026-09-28T22:22:52.839275+09:00,rail-left-01,rail-right-01,0.6.7-draft,0.6.7-draft,mqtt,mqtt,127.83,103.51,7.117,7.354,-0.139,-0.091,-0.101,-0.156,10.24,9.778,-0.0625,0.031,0.0394,0.0546,-0.0103,-0.0064,24.96,25.03,18047,20461,2.256,2.558,6.768,7.673,78,78,8,8,0,0,0,0,-0.58711123,-0.69924391,-0.58711123,-0.69924391,-0.22774149,-0.22019983,-0.22774149,-0.22019983,1.24700167,1.26188361,0.01015771,0.0034302,0.02031542,0.00114839,0.75535,0.92735,0.39811552,0.39861159,0,0,405.2,155.2,0.9015,1.1216,1,1,0
2026-09-28T22:22:52.773112+09:00,91252573,cc3d2640,2026-09-28T22:22:52.773112+09:00,2026-09-28T22:22:52.859222+09:00,rail-left-01,rail-right-01,0.6.7-draft,0.6.7-draft,mqtt,mqtt,128.97,104.46,7.123,7.356,0.073,0.15,0.124,-0.25,10.653,9.765,-0.0621,0.0337,0.0417,0.0572,-0.0068,-0.0053,24.96,25.02,18061,20464,2.258,2.558,6.773,7.674,79,79,8,8,0,0,0,0,-0.60317197,-0.6830364,-0.60317197,-0.6830364,-0.22281094,-0.22041912,-0.22281094,-0.22041912,1.24946695,1.26271548,0.00971633,0.0033144,0.01943266,0.0009528,0.84635,0.92735,0.3981977,0.39863932,0,0,406.3,156.3,0.9015,1.1216,1,1,0
2026-09-28T22:22:52.793508+09:00,91272969,cc3d2640,2026-09-28T22:22:52.793508+09:00,2026-09-28T22:22:52.879618+09:00,rail-left-01,rail-right-01,0.6.7-draft,0.6.7-draft,mqtt,mqtt,130.16,105.35,7.111,7.363,-0.29,-0.2,0.025,-0.407,10.734,9.665,-0.0673,0.0301,0.0425,0.055,-0.0067,-0.0061,24.96,25.05,18032,20480,2.254,2.56,6.762,7.68,80,80,8,8,0,0,0,0,-0.62208525,-0.71768583,-0.62208525,-0.71768583,-0.22006649,-0.22096649,-0.22006649,-0.22096649,1.25083917,1.26363917,0.00835509,0.0032559,0.01671018,0.00068978,0.92735,0.92735,0.39824344,0.39867011,0,0,407.4,157.4,0.9015,1.1216,1,1,0
2026-09-28T22:22:52.974358+09:00,91403417,cc3d2640,2026-09-28T22:22:52.974358+09:00,2026-09-28T22:22:53.057938+09:00,rail-left-01,rail-right-01,0.6.7-draft,0.6.7-draft,mqtt,mqtt,137.52,111.32,7.115,7.366,-0.002,0.032,0.012,-0.391,10.518,9.637,-0.0629,0.0349,0.0397,0.0581,-0.0096,-0.0069,24.97,25.03,18042,20487,2.255,2.561,6.766,7.683,81,81,9,9,0,0,0,0,-0.75604111,-0.95139297,-0.75604111,-0.95139297,-0.22127125,-0.19075359,-0.22127125,-0.19075359,1.26457012,1.28691498,0.00301054,0.00445583,0.00044298,0.00492956,0.92735,0.92735,0.39870114,0.39944597,0,0,414.0,164.0,0.9015,1.1216,1,1,0
2026-09-28T22:22:52.994540+09:00,91423599,cc3d2640,2026-09-28T22:22:52.994540+09:00,2026-09-28T22:22:53.078121+09:00,rail-left-01,rail-right-01,0.6.7-draft,0.6.7-draft,mqtt,mqtt,138.71,112.21,7.225,7.367,0.051,-0.026,-0.08,-0.18,10.284,9.749,-0.0616,0.0333,0.0398,0.0568,-0.0057,0.0,24.97,25.04,18316,20488,2.289,2.561,6.868,7.683,82,82,9,9,0,0,0,0,-0.79137283,-0.9084315,-0.79137283,-0.9084315,-0.21654831,-0.18921024,-0.21654831,-0.18921024,1.26791644,1.28826729,0.00368563,0.00432047,0.00200624,0.00479061,0.92735,0.92735,0.39881268,0.39949104,0,0,415.1,165.1,0.9015,1.1216,1,1,0
2026-09-28T22:22:53.014467+09:00,91443526,cc3d2640,2026-09-28T22:22:53.014467+09:00,2026-09-28T22:22:53.098048+09:00,rail-left-01,rail-right-01,0.6.7-draft,0.6.7-draft,mqtt,mqtt,139.81,113.16,7.22,7.359,0.084,0.124,0.152,-0.317,10.526,9.657,-0.0637,0.0358,0.0424,0.0538,-0.0081,-0.0109,24.97,25.05,18304,20472,2.288,2.559,6.864,7.677,83,83,9,9,0,0,0,0,-0.82395047,-0.85504157,-0.82395047,-0.85504157,-0.21245345,-0.18751801,-0.21245345,-0.18751801,1.27086308,1.28941644,0.00409373,0.00417335,0.00301109,0.00471737,0.92735,0.92735,0.3989109,0.39952935,0,0,416.1,166.1,0.9015,1.1216,1,1,0
2026-09-28T22:22:53.034403+09:00,91463462,cc3d2640,2026-09-28T22:22:53.034403+09:00,2026-09-28T22:22:53.117984+09:00,rail-left-01,rail-right-01,0.6.7-draft,0.6.7-draft,mqtt,mqtt,140.95,114.05,7.221,7.368,-0.087,-0.164,-0.026,-0.34,10.39,9.534,-0.062,0.034,0.0432,0.0576,-0.0055,-0.0053,24.97,25.02,18305,20492,2.288,2.562,6.864,7.685,84,84,9,9,0,0,0,0,-0.85490903,-0.82896408,-0.85490903,-0.82896408,-0.20865816,-0.18619002,-0.20865816,-0.18619002,1.273585,1.29063035,0.00436884,0.00407012,0.00373447,0.00459169,0.92735,0.92735,0.39900163,0.39956981,0,0,417.1,167.1,0.9015,1.1216,1,1,0
2026-09-28T22:22:53.054685+09:00,91483745,cc3d2640,2026-09-28T22:22:53.054685+09:00,2026-09-28T22:22:53.138267+09:00,rail-left-01,rail-right-01,0.6.7-draft,0.6.7-draft,mqtt,mqtt,142.09,115.0,7.218,7.367,0.14,0.218,-0.028,-0.271,10.411,9.768,-0.0673,0.0342,0.0386,0.0568,-0.0057,-0.0119,24.96,25.08,18298,20488,2.287,2.561,6.862,7.683,85,85,9,9,0,0,0,0,-0.88330514,-0.77340759,-0.88330514,-0.77340759,-0.20528649,-0.18490935,-0.20528649,-0.18490935,1.27602917,1.2917606,0.00453248,0.00397155,0.00422307,0.00448158,0.92735,0.92735,0.39908311,0.39960749,0,0,418.1,168.1,0.9015,1.1216,1,1,0
2026-09-28T22:22:53.074705+09:00,91503764,cc3d2640,2026-09-28T22:22:53.074705+09:00,2026-09-28T22:22:53.158286+09:00,rail-left-01,rail-right-01,0.6.7-draft,0.6.7-draft,mqtt,mqtt,143.24,115.89,7.22,7.373,-0.077,-0.15,0.0,-0.35,10.521,9.736,-0.0621,0.0373,0.0384,0.0501,-0.0033,-0.0025,25.0,25.04,18303,20502,2.288,2.563,6.864,7.688,86,86,9,9,0,0,0,0,-0.91034495,-0.74994952,-0.91034495,-0.74994952,-0.20209726,-0.18386649,-0.20209726,-0.18386649,1.27832378,1.29291139,0.00464298,0.00389577,0.00459621,0.00434855,0.92735,0.92735,0.39915959,0.39964585,0,0,419.1,169.1,0.9015,1.1216,1,1,0
2026-09-28T22:22:53.094536+09:00,91523596,cc3d2640,2026-09-28T22:22:53.094536+09:00,2026-09-28T22:22:53.178117+09:00,rail-left-01,rail-right-01,0.6.7-draft,0.6.7-draft,mqtt,mqtt,144.38,116.79,7.225,7.367,0.004,-0.017,-0.01,-0.348,10.511,9.638,-0.0604,0.0333,0.0368,0.0552,-0.0144,-0.0119,24.98,25.04,18315,20488,2.289,2.561,6.868,7.683,87,87,9,9,0,0,0,0,-0.93578477,-0.71747978,-0.93578477,-0.71747978,-0.19895908,-0.18271784,-0.19895908,-0.18271784,1.28054102,1.2939189,0.00472874,0.00380887,0.0049118,0.00425585,0.92735,0.92735,0.3992335,0.39967943,0,0,420.2,170.2,0.9015,1.1216,1,1,0
2026-09-28T22:22:53.114441+09:00,91543501,cc3d2640,2026-09-28T22:22:53.114441+09:00,2026-09-28T22:22:53.198023+09:00,rail-left-01,rail-right-01,0.6.7-draft,0.6.7-draft,mqtt,mqtt,145.48,117.68,7.215,7.357,0.16,0.176,0.102,-0.329,10.375,9.712,-0.0636,0.0434,0.0376,0.0538,-0.0071,-0.0028,24.96,25.04,18292,20467,2.287,2.558,6.86,7.675,88,88,9,9,0,0,0,0,-0.95919352,-0.67230676,-0.95919352,-0.67230676,-0.19640221,-0.18136649,-0.19640221,-0.18136649,1.28242131,1.2947418,0.0047339,0.00370444,0.00505833,0.00421369,0.92735,0.92735,0.39929618,0.39970686,0,0,421.2,171.2,0.9015,1.1216,1,1,0
2026-09-28T22:22:53.134435+09:00,91563494,cc3d2640,2026-09-28T22:22:53.134435+09:00,2026-09-28T22:22:53.218016+09:00,rail-left-01,rail-right-01,0.6.7-draft,0.6.7-draft,mqtt,mqtt,146.62,118.63,7.206,7.354,-0.104,-0.17,0.2,-0.02,10.532,9.828,-0.0621,0.0334,0.0434,0.0586,-0.0068,-0.0045,24.97,25.06,18270,20460,2.284,2.558,6.851,7.673,89,89,9,9,0,0,0,0,-0.98189021,-0.65470526,-0.98189021,-0.65470526,-0.19433201,-0.18000752,-0.19433201,-0.18000752,1.28401675,1.29548404,0.00468226,0.00360051,0.00508536,0.00418166,0.92735,0.92735,0.39934936,0.3997316,0,0,422.2,172.2,0.9015,1.1216,1,1,0
2026-09-28T22:22:53.154467+09:00,91583526,cc3d2640,2026-09-28T22:22:53.154467+09:00,2026-09-28T22:22:53.238048+09:00,rail-left-01,rail-right-01,0.6.7-draft,0.6.7-draft,mqtt,mqtt,147.76,119.52,7.205,7.363,0.175,0.229,-0.226,-0.479,10.415,9.656,-0.063,0.0321,0.0392,0.0573,-0.0091,-0.0048,24.99,25.05,18267,20481,2.283,2.56,6.85,7.68,90,90,9,9,0,0,0,0,-1.00282116,-0.6095095,-1.00282116,-0.6095095,-0.19243316,-0.17894149,-0.19243316,-0.17894149,1.28548917,1.29630167,0.00461678,0.0035223,0.00507937,0.00410976,0.92735,0.92735,0.39939844,0.39975886,0,0,423.2,173.2,0.9015,1.1216,1,1,0
2026-09-28T22:22:53.342509+09:00,91759439,cc3d2640,2026-09-28T22:22:53.342509+09:00,2026-09-28T22:22:53.430906+09:00,rail-left-01,rail-right-01,0.6.7-draft,0.6.7-draft,mqtt,mqtt,157.76,127.53,7.203,7.365,0.061,0.012,0.107,-0.183,10.546,9.875,-0.0637,0.0356,0.0436,0.0578,-0.0095,-0.0073,24.94,25.07,18262,20485,2.283,2.561,6.848,7.682,91,91,10,10,0,0,0,0,-0.57835691,-0.40333109,-0.57835691,-0.40333109,-0.17797625,-0.20568022,-0.17797625,-0.20568022,1.29705502,1.28536564,0.00334543,0.00022893,0.00392063,-0.00140507,0.92735,0.92735,0.39978397,0.39939432,0,0,432.2,182.2,0.9015,1.1216,1,1,0
2026-09-28T22:22:53.362626+09:00,91779556,cc3d2640,2026-09-28T22:22:53.362626+09:00,2026-09-28T22:22:53.451023+09:00,rail-left-01,rail-right-01,0.6.7-draft,0.6.7-draft,mqtt,mqtt,158.9,128.47,7.095,7.418,-0.066,-0.073,0.074,-0.205,10.312,9.618,-0.0634,0.032,0.0689,0.0588,-0.0024,-0.0032,24.96,25.05,17992,20602,2.249,2.575,6.747,7.726,92,92,10,10,0,0,0,0,-0.55053669,-0.40555747,-0.55053669,-0.40555747,-0.1796284,-0.20994342,-0.1796284,-0.20994342,1.29648679,1.2844584,0.00295074,8.122e-05,0.0032723,-0.00193303,0.92735,0.92735,0.39976503,0.39936408,0,0,433.3,183.3,0.9015,1.1216,1,1,0
2026-09-28T22:22:53.382557+09:00,91799487,cc3d2640,2026-09-28T22:22:53.382557+09:00,2026-09-28T22:22:53.470954+09:00,rail-left-01,rail-right-01,0.6.7-draft,0.6.7-draft,mqtt,mqtt,160.04,129.37,7.061,7.424,0.081,0.178,0.038,-0.401,10.53,9.515,-0.0671,0.0309,0.0481,0.0542,-0.0005,-0.0037,24.97,25.04,17908,20616,2.239,2.577,6.716,7.731,93,93,10,10,0,0,0,0,-0.52509806,-0.39424726,-0.52509806,-0.39424726,-0.1819944,-0.21415895,-0.1819944,-0.21415895,1.29554963,1.283642,0.00254709,-3.767e-05,0.00258775,-0.00239932,0.92735,0.92735,0.39973379,0.39933687,0,0,434.3,184.3,0.9015,1.1216,1,1,0
2026-09-28T22:22:53.402705+09:00,91819635,cc3d2640,2026-09-28T22:22:53.402705+09:00,2026-09-28T22:22:53.491102+09:00,rail-left-01,rail-right-01,0.6.7-draft,0.6.7-draft,mqtt,mqtt,161.19,130.26,7.055,7.417,-0.069,-0.136,0.133,-0.214,10.373,9.917,-0.0673,0.0317,0.049,0.0556,-0.0039,-0.0059,24.98,25.06,17892,20600,2.237,2.575,6.71,7.725,94,94,10,10,0,0,0,0,-0.50223156,-0.39968003,-0.50223156,-0.39968003,-0.18438922,-0.21808871,-0.18438922,-0.21808871,1.2945869,1.28279102,0.00219198,-0.00014918,0.00198584,-0.00278289,0.92735,0.92735,0.3997017,0.3993085,0,0,435.3,185.3,0.9015,1.1216,1,1,0
2026-09-28T22:22:53.422559+09:00,91839489,cc3d2640,2026-09-28T22:22:53.422559+09:00,2026-09-28T22:22:53.510956+09:00,rail-left-01,rail-right-01,0.6.7-draft,0.6.7-draft,mqtt,mqtt,162.28,131.21,7.04,7.422,0.059,0.031,0.113,-0.278,10.598,9.723,-0.0671,0.0312,0.0457,0.0553,-0.0051,-0.0017,24.97,25.03,17855,20610,2.232,2.576,6.696,7.729,95,95,10,10,0,0,0,0,-0.48135034,-0.39646657,-0.48135034,-0.39646657,-0.18701094,-0.22196649,-0.18701094,-0.22196649,1.29350028,1.28201644,0.00186046,-0.00024056,0.00141904,-0.00312652,0.92735,0.92735,0.39966548,0.39928268,0,0,436.3,186.3,0.9015,1.1216,1,1,0
2026-09-28T22:22:53.442534+09:00,91859464,cc3d2640,2026-09-28T22:22:53.442534+09:00,2026-09-28T22:22:53.530931+09:00,rail-left-01,rail-right-01,0.6.7-draft,0.6.7-draft,mqtt,mqtt,163.42,132.1,7.031,7.424,-0.066,0.004,0.012,-0.344,10.491,9.755,-0.063,0.0337,0.0536,0.058,-0.0076,-0.0083,24.96,25.05,17832,20615,2.229,2.577,6.687,7.731,96,96,10,10,0,0,0,0,-0.46268178,-0.29866229,-0.46268178,-0.29866229,-0.18971432,-0.43336649,-0.18971432,-0.43336649,1.29236308,1.24118917,0.00155829,0.0,0.00090141,0.0,0.92735,0.77335,0.39962757,0.38823715,0,0,437.3,187.3,0.9015,1.1216,1,1,0
2026-09-28T22:22:53.462623+09:00,91879553,cc3d2640,2026-09-28T22:22:53.462623+09:00,2026-09-28T22:22:53.551020+09:00,rail-left-01,rail-right-01,0.6.7-draft,0.6.7-draft,mqtt,mqtt,164.57,133.0,7.018,7.425,-0.022,-0.024,-0.053,-0.153,10.603,9.774,-0.0655,0.0318,0.0492,0.0566,-0.0104,-0.0079,24.97,25.05,17800,20618,2.225,2.577,6.675,7.732,97,97,10,10,0,0,0,0,-0.44589039,-0.33793101,-0.44589039,-0.33793101,-0.19257926,-0.43386649,-0.19257926,-0.43386649,1.29113598,1.24143917,0.00127417,0.00111111,0.00041196,-0.00222222,0.92735,0.77335,0.39958667,0.38824521,0,0,438.4,188.4,0.9015,1.1216,1,1,0
2026-09-28T22:22:53.482558+09:00,91899488,cc3d2640,2026-09-28T22:22:53.482558+09:00,2026-09-28T22:22:53.570955+09:00,rail-left-01,rail-right-01,0.6.7-draft,0.6.7-draft,mqtt,mqtt,165.71,133.94,7.0,7.426,-0.019,-0.007,-0.013,-0.411,10.359,9.845,-0.0613,0.0318,0.0398,0.0576,-0.0113,-0.0087,24.96,25.05,17757,20619,2.22,2.577,6.659,7.732,98,98,10,10,0,0,0,0,-0.43069026,-0.33468812,-0.43069026,-0.33468812,-0.19569983,-0.43436649,-0.19569983,-0.43436649,1.2897725,1.24168917,0.00099804,0.00108679,-6.821e-05,-0.00217357,0.92735,0.77335,0.39954122,0.38825327,0,0,439.4,189.4,0.9015,1.1216,1,1,0
2026-09-28T22:22:53.502674+09:00,91919604,cc3d2640,2026-09-28T22:22:53.502674+09:00,2026-09-28T22:22:53.591071+09:00,rail-left-01,rail-right-01,0.6.7-draft,0.6.7-draft,mqtt,mqtt,166.85,134.84,6.993,7.423,-0.053,-0.104,0.181,-0.268,10.354,9.691,-0.0637,0.0348,0.0793,0.0481,-0.0067,-0.0019,24.97,25.05,17738,20613,2.217,2.577,6.652,7.73,99,99,10,10,0,0,0,0,-0.41748113,-0.40222769,-0.41748113,-0.40222769,-0.19883588,-0.43386649,-0.19883588,-0.43386649,1.28839325,1.24143917,0.00074509,-0.00021451,-0.00050775,0.00042902,0.92735,0.77335,0.39949524,0.38824521,0,0,440.4,190.4,0.9015,1.1216,1,1,0
2026-09-28T22:22:53.522571+09:00,91939501,cc3d2640,2026-09-28T22:22:53.522571+09:00,2026-09-28T22:22:53.610968+09:00,rail-left-01,rail-right-01,0.6.7-draft,0.6.7-draft,mqtt,mqtt,168.0,135.73,6.97,7.414,-0.11,-0.013,0.091,-0.158,10.58,9.774,-0.0644,0.0325,0.0521,0.054,-0.0028,0.0008,24.98,25.05,17681,20594,2.21,2.574,6.63,7.723,100,100,10,10,0,0,0,0,-0.40590767,-0.39102943,-0.40590767,-0.39102943,-0.20230649,-0.43176649,-0.20230649,-0.43176649,1.28683917,1.24038917,0.00048999,-0.00240096,-0.00095647,0.00480192,0.92735,0.77335,0.39944344,0.38821134,0,0,441.5,191.5,0.9015,1.1216,1,1,0
2026-09-28T22:22:53.663653+09:00,92132462,cc3d2640,2026-09-28T22:22:53.663653+09:00,2026-09-28T22:22:53.702273+09:00,rail-left-01,rail-right-01,0.6.7-draft,0.6.7-draft,mqtt,mqtt,178.94,144.53,6.963,7.41,0.008,0.141,0.029,-0.363,10.426,9.663,-0.0625,0.0333,0.0436,0.0573,-0.0104,-0.0057,24.95,25.05,17665,20585,2.208,2.573,6.624,7.719,101,101,11,11,0,0,0,0,-0.42266141,-0.57048708,-0.42266141,-0.57048708,-0.43153316,-0.47574149,-0.43153316,-0.47574149,1.23910584,1.21237667,-0.00127678,-0.0043541,0.00048371,-0.00703526,0.77335,0.88735,0.38816994,0.38730771,0,0,451.3,201.3,0.9015,1.1216,1,1,0
2026-09-28T22:22:53.683831+09:00,92152640,cc3d2640,2026-09-28T22:22:53.683831+09:00,2026-09-28T22:22:53.722451+09:00,rail-left-01,rail-right-01,0.6.7-draft,0.6.7-draft,mqtt,mqtt,180.08,145.48,6.894,7.307,-0.022,-0.016,-0.152,-0.272,10.359,9.689,-0.0588,0.031,0.0436,0.0638,-0.0044,0.0047,24.97,25.05,17493,20355,2.187,2.544,6.56,7.633,102,102,11,11,0,0,0,0,-0.45033617,-0.56879141,-0.45033617,-0.56879141,-0.44122364,-0.47324885,-0.44122364,-0.47324885,1.2332606,1.20718917,-0.00384497,-0.00523584,-0.00494973,-0.0048866,0.77335,0.88735,0.38798139,0.38714037,0,0,452.4,202.4,0.9015,1.1216,1,1,0
2026-09-28T22:22:53.703774+09:00,92172583,cc3d2640,2026-09-28T22:22:53.703774+09:00,2026-09-28T22:22:53.742394+09:00,rail-left-01,rail-right-01,0.6.7-draft,0.6.7-draft,mqtt,mqtt,181.17,146.37,6.884,7.303,0.114,0.154,-0.018,-0.46,10.221,9.401,-0.0725,0.0285,0.0353,0.0541,-0.0077,-0.0083,24.97,25.04,17466,20346,2.183,2.543,6.55,7.63,103,103,11,11,0,0,0,0,-0.47288217,-0.5405484,-0.47288217,-0.5405484,-0.44974149,-0.47081094,-0.44974149,-0.47081094,1.22825167,1.20246695,-0.00482336,-0.00579304,-0.0070806,-0.00341606,0.77335,0.88735,0.38781981,0.38698804,0,0,453.3,203.3,0.9015,1.1216,1,1,0
2026-09-28T22:22:53.723700+09:00,92192509,cc3d2640,2026-09-28T22:22:53.723700+09:00,2026-09-28T22:22:53.762320+09:00,rail-left-01,rail-right-01,0.6.7-draft,0.6.7-draft,mqtt,mqtt,182.32,147.27,6.912,7.301,-0.044,-0.002,0.013,-0.217,10.398,9.932,-0.0687,0.0325,0.0366,0.0534,-0.0093,-0.006,24.95,25.05,17538,20343,2.192,2.543,6.577,7.629,104,104,11,11,0,0,0,0,-0.49394782,-0.53820345,-0.49394782,-0.53820345,-0.45325538,-0.46852439,-0.45325538,-0.46852439,1.22591139,1.19818917,-0.00460832,-0.00615351,-0.00679361,-0.00235643,0.77335,0.88735,0.38774431,0.38685005,0,0,454.4,204.4,0.9015,1.1216,1,1,0
2026-09-28T22:22:53.743733+09:00,92212542,cc3d2640,2026-09-28T22:22:53.743733+09:00,2026-09-28T22:22:53.782353+09:00,rail-left-01,rail-right-01,0.6.7-draft,0.6.7-draft,mqtt,mqtt,183.46,148.21,6.929,7.304,0.153,0.15,-0.031,-0.241,10.472,9.726,-0.0658,0.0324,0.0393,0.0553,-0.0121,-0.0035,24.95,25.04,17579,20349,2.197,2.544,6.592,7.631,105,105,11,11,0,0,0,0,-0.51187035,-0.5148318,-0.51187035,-0.5148318,-0.45436649,-0.46661649,-0.45436649,-0.46661649,1.22488917,1.19441417,-0.00411355,-0.00636075,-0.00593174,-0.00161185,0.77335,0.88735,0.38771134,0.38672827,0,0,455.4,205.4,0.9015,1.1216,1,1,0
2026-09-28T22:22:53.763989+09:00,92232798,cc3d2640,2026-09-28T22:22:53.763989+09:00,2026-09-28T22:22:53.802609+09:00,rail-left-01,rail-right-01,0.6.7-draft,0.6.7-draft,mqtt,mqtt,184.6,149.11,6.924,7.297,-0.19,-0.011,0.013,-0.26,10.359,9.604,-0.0645,0.0318,0.0376,0.053,-0.0088,-0.0052,24.99,25.03,17566,20333,2.196,2.542,6.587,7.625,106,106,11,11,0,0,0,0,-0.53084039,-0.5155403,-0.53084039,-0.5155403,-0.45573013,-0.46455697,-0.45573013,-0.46455697,1.22382553,1.19083203,-0.00380588,-0.0065234,-0.00543443,-0.00096775,0.77335,0.88735,0.38767703,0.38661272,0,0,456.4,206.4,0.9015,1.1216,1,1,0
2026-09-28T22:22:53.783669+09:00,92252478,cc3d2640,2026-09-28T22:22:53.783669+09:00,2026-09-28T22:22:53.822289+09:00,rail-left-01,rail-right-01,0.6.7-draft,0.6.7-draft,mqtt,mqtt,185.75,150.05,6.911,7.291,-0.01,0.047,0.284,-0.376,10.42,9.578,-0.0625,0.0318,0.044,0.0625,-0.012,-0.0097,24.97,25.03,17535,20320,2.192,2.54,6.576,7.62,107,107,11,11,0,0,0,0,-0.54901074,-0.50869796,-0.54901074,-0.50869796,-0.45794983,-0.46241195,-0.45794983,-0.46241195,1.2223975,1.18743917,-0.00370696,-0.00664877,-0.00534787,-0.00040412,0.77335,0.88735,0.38763096,0.38650327,0,0,457.5,207.5,0.9015,1.1216,1,1,0
2026-09-28T22:22:53.803791+09:00,92272600,cc3d2640,2026-09-28T22:22:53.803791+09:00,2026-09-28T22:22:53.842411+09:00,rail-left-01,rail-right-01,0.6.7-draft,0.6.7-draft,mqtt,mqtt,186.89,150.94,6.884,7.285,-0.168,-0.147,-0.184,-0.283,10.487,9.743,-0.0629,0.0322,0.0364,0.056,-0.0095,-0.0053,24.98,25.06,17467,20307,2.183,2.538,6.55,7.615,108,108,11,11,0,0,0,0,-0.56753367,-0.52617554,-0.56753367,-0.52617554,-0.46190495,-0.46019258,-0.46190495,-0.46019258,1.22015071,1.18421091,-0.00389446,-0.00674833,-0.0058281,9.829e-05,0.77335,0.88735,0.38755849,0.38639914,0,0,458.5,208.5,0.9015,1.1216,1,1,0
2026-09-28T22:22:53.823725+09:00,92292534,cc3d2640,2026-09-28T22:22:53.823725+09:00,2026-09-28T22:22:53.862345+09:00,rail-left-01,rail-right-01,0.6.7-draft,0.6.7-draft,mqtt,mqtt,187.98,151.89,6.863,7.271,0.067,0.186,0.18,-0.267,10.694,9.859,-0.0649,0.0309,0.0386,0.0604,-0.016,-0.0133,24.94,25.05,17415,20277,2.177,2.535,6.531,7.604,109,109,11,11,0,0,0,0,-0.58446598,-0.50296257,-0.58446598,-0.50296257,-0.46679506,-0.45757483,-0.46679506,-0.45757483,1.21747488,1.18096,-0.0042025,-0.00686101,-0.00654276,0.00062289,0.88735,0.88735,0.38747217,0.38629427,0,0,459.5,209.5,0.9015,1.1216,1,1,0
2026-09-28T22:22:53.843834+09:00,92312643,cc3d2640,2026-09-28T22:22:53.843834+09:00,2026-09-28T22:22:53.882454+09:00,rail-left-01,rail-right-01,0.6.7-draft,0.6.7-draft,mqtt,mqtt,189.13,152.78,6.853,7.278,-0.175,-0.05,-0.079,-0.31,10.514,9.449,-0.0646,0.0329,0.0448,0.0602,-0.0137,-0.0067,24.99,25.04,17391,20292,2.174,2.537,6.522,7.61,110,110,11,11,0,0,0,0,-0.602083,-0.50867386,-0.602083,-0.50867386,-0.47169983,-0.45544649,-0.47169983,-0.45544649,1.2148225,1.17810917,-0.00448295,-0.0069016,-0.00719799,0.00099505,0.88735,0.88735,0.38738661,0.38620231,0,0,460.5,210.5,0.9015,1.1216,1,1,0
2026-09-28T22:22:53.930334+09:00,92404454,cc3d2640,2026-09-28T22:22:53.930334+09:00,2026-09-28T22:22:54.017686+09:00,rail-left-01,rail-right-01,0.6.7-draft,0.6.7-draft,mqtt,mqtt,194.35,157.01,6.843,7.281,-0.036,-0.03,0.0,-0.299,10.303,9.705,-0.0662,0.0244,0.0404,0.0541,-0.0093,-0.0028,24.98,25.05,17364,20299,2.171,2.537,6.512,7.612,111,111,12,12,0,0,0,0,-0.5198719,-0.62187668,-0.5198719,-0.62187668,-0.45386649,-0.42461649,-0.45386649,-0.42461649,1.17528532,1.1648975,-0.00682801,-0.00426281,0.00125019,0.00476857,0.88735,0.88735,0.38611122,0.38577612,0,0,465.2,215.2,0.9015,1.1216,1,1,0
2026-09-28T22:22:53.950469+09:00,92424590,cc3d2640,2026-09-28T22:22:53.950469+09:00,2026-09-28T22:22:54.037821+09:00,rail-left-01,rail-right-01,0.6.7-draft,0.6.7-draft,mqtt,mqtt,195.49,157.95,6.826,7.25,0.103,0.099,0.239,-0.189,10.497,9.89,-0.0679,0.0344,0.0449,0.0598,-0.0095,-0.0073,24.96,25.04,17322,20229,2.165,2.529,6.496,7.586,112,112,12,12,0,0,0,0,-0.53103389,-0.60613537,-0.53103389,-0.60613537,-0.45303316,-0.42025838,-0.45303316,-0.42025838,1.17235584,1.16455403,-0.0068067,-0.00402302,0.00131019,0.0051881,0.88735,0.88735,0.38601672,0.38576504,0,0,466.2,216.2,0.9015,1.1216,1,1,0
2026-09-28T22:22:53.970482+09:00,92444603,cc3d2640,2026-09-28T22:22:53.970482+09:00,2026-09-28T22:22:54.057835+09:00,rail-left-01,rail-right-01,0.6.7-draft,0.6.7-draft,mqtt,mqtt,196.64,158.85,6.791,7.25,-0.018,0.048,-0.144,-0.4,10.586,9.51,-0.0679,0.0349,0.0469,0.0574,-0.0077,-0.0023,24.96,25.07,17236,20230,2.155,2.529,6.464,7.586,113,113,12,12,0,0,0,0,-0.54264569,-0.59509602,-0.54264569,-0.59509602,-0.45350935,-0.41612965,-0.45350935,-0.41612965,1.1690106,1.16422864,-0.00688945,-0.00381173,0.00109558,0.00553366,0.88735,0.88735,0.3859088,0.38575455,0,0,467.3,217.3,0.9015,1.1216,1,1,0
2026-09-28T22:22:53.990468+09:00,92464588,cc3d2640,2026-09-28T22:22:53.990468+09:00,2026-09-28T22:22:54.077820+09:00,rail-left-01,rail-right-01,0.6.7-draft,0.6.7-draft,mqtt,mqtt,197.78,159.79,6.822,7.262,-0.073,-0.043,-0.072,-0.304,10.191,9.662,-0.0653,0.0329,0.0318,0.0505,-0.0071,-0.0075,24.96,25.04,17314,20255,2.164,2.532,6.493,7.596,114,114,12,12,0,0,0,0,-0.55454403,-0.59123566,-0.55454403,-0.59123566,-0.45288373,-0.41252034,-0.45288373,-0.41252034,1.16643055,1.16407378,-0.00682439,-0.00359837,0.00112783,0.00576957,0.88735,0.88735,0.38582558,0.38574955,0,0,468.3,218.3,0.9015,1.1216,1,1,0
2026-09-28T22:22:54.010786+09:00,92484906,cc3d2640,2026-09-28T22:22:54.010786+09:00,2026-09-28T22:22:54.098138+09:00,rail-left-01,rail-right-01,0.6.7-draft,0.6.7-draft,mqtt,mqtt,198.92,160.74,6.898,7.269,0.073,0.103,-0.187,-0.354,10.515,9.805,-0.0677,0.0346,0.0289,0.0482,-0.0081,-0.0077,24.95,25.06,17503,20271,2.188,2.534,6.564,7.602,115,115,12,12,0,0,0,0,-0.56606901,-0.57716216,-0.56606901,-0.57716216,-0.44976649,-0.40926649,-0.44976649,-0.40926649,1.16528917,1.16401417,-0.00650394,-0.00339351,0.00163427,0.00593542,0.88735,0.88735,0.38578876,0.38574763,0,0,469.3,219.3,0.9015,1.1216,1,1,0
2026-09-28T22:22:54.030780+09:00,92504900,cc3d2640,2026-09-28T22:22:54.030780+09:00,2026-09-28T22:22:54.118132+09:00,rail-left-01,rail-right-01,0.6.7-draft,0.6.7-draft,mqtt,mqtt,200.07,161.63,6.945,7.267,-0.042,0.011,-0.077,-0.305,10.417,9.589,-0.0663,0.0281,0.036,0.0557,-0.014,-0.0111,24.98,25.06,17618,20268,2.202,2.534,6.607,7.601,116,116,12,12,0,0,0,0,-0.57777201,-0.57020027,-0.57777201,-0.57020027,-0.44533423,-0.40612259,-0.44533423,-0.40612259,1.16497949,1.16393307,-0.00607356,-0.00321356,0.00233243,0.0060772,0.88735,0.88735,0.38577877,0.38574501,0,0,470.4,220.4,0.9015,1.1216,1,1,0
2026-09-28T22:22:54.050342+09:00,92524463,cc3d2640,2026-09-28T22:22:54.050342+09:00,2026-09-28T22:22:54.137694+09:00,rail-left-01,rail-right-01,0.6.7-draft,0.6.7-draft,mqtt,mqtt,201.16,162.53,6.952,7.267,-0.204,-0.177,0.138,-0.338,10.256,9.546,-0.0636,0.0328,0.0449,0.0549,-0.0053,-0.0051,24.97,25.04,17637,20266,2.205,2.533,6.614,7.6,117,117,12,12,0,0,0,0,-0.59029099,-0.57641326,-0.59029099,-0.57641326,-0.44096024,-0.4031284,-0.44096024,-0.4031284,1.16479854,1.16385584,-0.00567315,-0.00305092,0.00295211,0.00619167,0.88735,0.88735,0.38577293,0.38574252,0,0,471.4,221.4,0.9015,1.1216,1,1,0
2026-09-28T22:22:54.070584+09:00,92544704,cc3d2640,2026-09-28T22:22:54.070584+09:00,2026-09-28T22:22:54.157936+09:00,rail-left-01,rail-right-01,0.6.7-draft,0.6.7-draft,mqtt,mqtt,202.3,163.47,6.957,7.269,-0.087,0.073,0.151,-0.038,10.556,9.685,-0.0662,0.0273,0.0372,0.0512,-0.0033,-0.0045,24.97,25.05,17650,20272,2.206,2.534,6.619,7.602,118,118,12,12,0,0,0,0,-0.60300521,-0.56565614,-0.60300521,-0.56565614,-0.43669983,-0.40031998,-0.43669983,-0.40031998,1.16470432,1.16380545,-0.00530215,-0.00289933,0.00349677,0.00627605,0.88735,0.88735,0.38576989,0.3857409,0,0,472.4,222.4,0.9015,1.1216,1,1,0
2026-09-28T22:22:54.090418+09:00,92564539,cc3d2640,2026-09-28T22:22:54.090418+09:00,2026-09-28T22:22:54.177771+09:00,rail-left-01,rail-right-01,0.6.7-draft,0.6.7-draft,mqtt,mqtt,203.4,164.42,6.968,7.265,0.124,0.103,0.123,-0.439,10.508,9.6,-0.0671,0.0326,0.0461,0.0548,-0.0061,-0.006,24.97,25.06,17676,20263,2.21,2.533,6.628,7.599,119,119,12,12,0,0,0,0,-0.61530858,-0.55344998,-0.61530858,-0.55344998,-0.43236649,-0.39754831,-0.43236649,-0.39754831,1.1647774,1.1637119,-0.00494243,-0.00276696,0.00400839,0.00635414,0.88735,0.88735,0.38577225,0.38573788,0,0,473.4,223.4,0.9015,1.1216,1,1,0
2026-09-28T22:22:54.110518+09:00,92584638,cc3d2640,2026-09-28T22:22:54.110518+09:00,2026-09-28T22:22:54.197870+09:00,rail-left-01,rail-right-01,0.6.7-draft,0.6.7-draft,mqtt,mqtt,204.54,165.31,6.966,7.268,-0.113,-0.069,-0.129,-0.213,10.444,9.728,-0.0652,0.0297,0.049,0.0552,-0.0033,-0.0056,24.98,25.04,17672,20269,2.209,2.534,6.627,7.601,120,120,12,12,0,0,0,0,-0.62802663,-0.55263847,-0.62802663,-0.55263847,-0.42833792,-0.39496649,-0.42833792,-0.39496649,1.16481774,1.16365584,-0.00462343,-0.00264087,0.00442927,0.00640554,0.88735,0.88735,0.38577355,0.38573607,0,0,474.4,224.4,0.9015,1.1216,1,1,0
2026-09-28T22:22:54.248149+09:00,92720435,cc3d2640,2026-09-28T22:22:54.248149+09:00,2026-09-28T22:22:54.328969+09:00,rail-left-01,rail-right-01,0.6.7-draft,0.6.7-draft,mqtt,mqtt,212.2,171.58,6.956,7.267,0.026,0.162,0.054,-0.475,10.568,9.576,-0.0652,0.0313,0.039,0.055,0.0005,-0.0051,24.98,25.08,17646,20266,2.206,2.533,6.617,7.6,121,121,13,13,0,0,0,0,-0.55633768,-0.59778537,-0.55633768,-0.59778537,-0.39271432,-0.35336649,-0.39271432,-0.35336649,1.16349352,1.17279631,-0.00248905,-0.00034704,0.00633845,0.00797544,0.88735,0.88735,0.38573083,0.38603092,0,0,481.3,231.3,0.9015,1.1216,1,1,0
2026-09-28T22:22:54.268324+09:00,92740610,cc3d2640,2026-09-28T22:22:54.268324+09:00,2026-09-28T22:22:54.349144+09:00,rail-left-01,rail-right-01,0.6.7-draft,0.6.7-draft,mqtt,mqtt,213.34,172.52,6.993,7.317,-0.208,-0.068,-0.102,-0.051,10.586,9.737,-0.0686,0.0328,0.0377,0.0546,0.0005,-0.0049,24.97,25.04,17738,20378,2.217,2.547,6.652,7.642,122,122,13,13,0,0,0,0,-0.5610258,-0.59725044,-0.5610258,-0.59725044,-0.38977075,-0.3499279,-0.38977075,-0.3499279,1.16373172,1.17454005,-0.00229212,-9.681e-05,0.00639167,0.00799568,0.88735,0.88735,0.38573852,0.38608717,0,0,482.3,232.3,0.9015,1.1216,1,1,0
2026-09-28T22:22:54.288274+09:00,92760560,cc3d2640,2026-09-28T22:22:54.288274+09:00,2026-09-28T22:22:54.369094+09:00,rail-left-01,rail-right-01,0.6.7-draft,0.6.7-draft,mqtt,mqtt,214.48,173.47,7.0,7.327,0.114,0.174,-0.074,-0.415,10.354,9.665,-0.0655,0.0305,0.0372,0.0553,-0.0052,-0.0029,24.96,25.05,17755,20401,2.219,2.55,6.658,7.65,123,123,13,13,0,0,0,0,-0.56585309,-0.58495074,-0.56585309,-0.58495074,-0.38680399,-0.34678029,-0.38680399,-0.34678029,1.16403292,1.17630986,-0.00210619,0.00013531,0.00644841,0.00798303,0.88735,0.88735,0.38574823,0.38614426,0,0,483.4,233.4,0.9015,1.1216,1,1,0
2026-09-28T22:22:54.308206+09:00,92780492,cc3d2640,2026-09-28T22:22:54.308206+09:00,2026-09-28T22:22:54.389026+09:00,rail-left-01,rail-right-01,0.6.7-draft,0.6.7-draft,mqtt,mqtt,215.58,174.36,7.004,7.326,-0.15,-0.066,0.373,-0.274,10.566,9.68,-0.0632,0.0306,0.0353,0.0549,-0.0081,-0.0064,24.97,25.02,17766,20398,2.221,2.55,6.662,7.649,124,124,13,13,0,0,0,0,-0.57136104,-0.58458262,-0.57136104,-0.58458262,-0.3838767,-0.34372242,-0.3838767,-0.34372242,1.16436264,1.1780112,-0.00193459,0.00034003,0.00649924,0.00796643,0.88735,0.88735,0.38575887,0.38619915,0,0,484.4,234.4,0.9015,1.1216,1,1,0
2026-09-28T22:22:54.328416+09:00,92800702,cc3d2640,2026-09-28T22:22:54.328416+09:00,2026-09-28T22:22:54.409236+09:00,rail-left-01,rail-right-01,0.6.7-draft,0.6.7-draft,mqtt,mqtt,216.72,175.31,7.044,7.317,0.016,0.092,-0.028,0.004,10.537,9.817,-0.057,0.0352,0.03,0.0533,-0.0116,-0.0027,24.98,25.05,17866,20378,2.233,2.547,6.7,7.642,125,125,13,13,0,0,0,0,-0.57706398,-0.57676068,-0.57706398,-0.57676068,-0.38026649,-0.34061649,-0.38026649,-0.34061649,1.16507917,1.17958084,-0.00172385,0.00051341,0.00664713,0.00796212,0.88735,0.88735,0.38578198,0.38624978,0,0,485.4,235.4,0.9015,1.1216,1,1,0
2026-09-28T22:22:54.348402+09:00,92820688,cc3d2640,2026-09-28T22:22:54.348402+09:00,2026-09-28T22:22:54.429222+09:00,rail-left-01,rail-right-01,0.6.7-draft,0.6.7-draft,mqtt,mqtt,217.87,176.25,7.078,7.317,-0.012,0.087,-0.334,-0.419,10.5,9.934,-0.0584,0.034,0.0308,0.056,-0.0104,-0.0068,24.95,25.06,17951,20379,2.244,2.547,6.732,7.642,126,126,13,13,0,0,0,0,-0.58299906,-0.56941353,-0.58299906,-0.56941353,-0.3761312,-0.33761239,-0.3761312,-0.33761239,1.16610093,1.181099,-0.0014889,0.00066843,0.00685969,0.00795103,0.88735,0.88735,0.38581494,0.38629875,0,0,486.4,236.4,0.9015,1.1216,1,1,0
2026-09-28T22:22:54.368297+09:00,92840583,cc3d2640,2026-09-28T22:22:54.368297+09:00,2026-09-28T22:22:54.449117+09:00,rail-left-01,rail-right-01,0.6.7-draft,0.6.7-draft,mqtt,mqtt,218.96,177.15,7.104,7.317,-0.043,0.055,-0.36,-0.713,10.585,9.867,-0.0604,0.0349,0.0321,0.0502,-0.0084,-0.0053,24.96,25.05,18014,20378,2.252,2.547,6.755,7.642,127,127,13,13,0,0,0,0,-0.58921117,-0.56375766,-0.58921117,-0.56375766,-0.37165495,-0.3347052,-0.37165495,-0.3347052,1.1673334,1.1825682,-0.0012449,0.00080737,0.00710578,0.00793444,0.88735,0.88735,0.3858547,0.38634615,0,0,487.4,237.4,0.9015,1.1216,1,1,0
2026-09-28T22:22:54.388261+09:00,92860547,cc3d2640,2026-09-28T22:22:54.388261+09:00,2026-09-28T22:22:54.469081+09:00,rail-left-01,rail-right-01,0.6.7-draft,0.6.7-draft,mqtt,mqtt,220.1,178.09,7.123,7.314,-0.133,0.014,0.644,-0.134,10.283,9.439,-0.0598,0.034,0.0421,0.0582,-0.0121,-0.0093,24.96,25.05,18061,20371,2.258,2.546,6.773,7.639,128,128,13,13,0,0,0,0,-0.59596114,-0.34087178,-0.59596114,-0.34087178,-0.36698913,-0.15436649,-0.36698913,-0.15436649,1.1686986,1.27068917,-0.00100208,0.0,0.00736224,0.0,0.88735,0.75635,0.38589874,0.45621386,0,0,488.4,238.4,0.9015,1.1216,1,1,0
2026-09-28T22:22:54.408218+09:00,92880504,cc3d2640,2026-09-28T22:22:54.408218+09:00,2026-09-28T22:22:54.489038+09:00,rail-left-01,rail-right-01,0.6.7-draft,0.6.7-draft,mqtt,mqtt,221.25,178.99,7.125,7.324,0.006,0.075,-0.04,-0.327,10.094,9.614,-0.0633,0.0334,0.0388,0.0616,-0.0145,-0.0117,24.97,25.07,18067,20394,2.258,2.549,6.775,7.648,129,129,13,13,0,0,0,0,-0.60287449,-0.25278574,-0.60287449,-0.25278574,-0.36245908,-0.15936649,-0.36245908,-0.15936649,1.17003176,1.27318917,-0.00078106,0.01111111,0.00758638,-0.02222222,0.88735,0.75635,0.38594175,0.45630315,0,0,489.5,239.5,0.9015,1.1216,1,1,0
2026-09-28T22:22:54.428433+09:00,92900719,cc3d2640,2026-09-28T22:22:54.428433+09:00,2026-09-28T22:22:54.509253+09:00,rail-left-01,rail-right-01,0.6.7-draft,0.6.7-draft,mqtt,mqtt,222.39,179.93,7.139,7.33,-0.133,-0.001,-0.091,-0.321,10.563,9.825,-0.062,0.0324,0.0337,0.0545,-0.0108,-0.0084,24.97,25.04,18101,20406,2.263,2.551,6.788,7.652,130,130,13,13,0,0,0,0,-0.6101543,-0.2940474,-0.6101543,-0.2940474,-0.35783922,-0.16303316,-0.35783922,-0.16303316,1.17144371,1.2750225,-0.00056554,0.00867853,0.00780981,-0.01735706,0.88735,0.75635,0.38598729,0.45636863,0,0,490.5,240.5,0.9015,1.1216,1,1,0
2026-09-28T22:22:54.560879+09:00,93031439,cc3d2640,2026-09-28T22:22:54.560879+09:00,2026-09-28T22:22:54.643494+09:00,rail-left-01,rail-right-01,0.6.7-draft,0.6.7-draft,mqtt,mqtt,229.8,186.0,7.145,7.327,0.018,0.136,-0.358,-0.363,10.363,9.582,-0.0634,0.0342,0.0357,0.0554,-0.0065,-0.0113,24.93,25.04,18118,20400,2.265,2.55,6.794,7.65,131,131,14,14,0,0,0,0,-0.36008009,-0.52777563,-0.36008009,-0.52777563,-0.16336649,-0.15736649,-0.16336649,-0.15736649,1.27668917,1.28340345,0.00182206,0.00093119,-0.00085585,0.00059745,0.75635,0.92035,0.45642815,0.45666794,0,0,497.2,247.2,0.9015,1.1216,1,1,0
2026-09-28T22:22:54.581026+09:00,93051586,cc3d2640,2026-09-28T22:22:54.581026+09:00,2026-09-28T22:22:54.663641+09:00,rail-left-01,rail-right-01,0.6.7-draft,0.6.7-draft,mqtt,mqtt,230.94,186.89,7.149,7.331,-0.13,-0.023,0.031,-0.177,10.727,9.64,-0.0654,0.0305,0.0358,0.0542,-0.0092,-0.0107,24.95,25.06,18126,20410,2.266,2.551,6.797,7.654,132,132,14,14,0,0,0,0,-0.40822465,-0.4950785,-0.40822465,-0.4950785,-0.16276649,-0.15776649,-0.16276649,-0.15776649,1.27808917,1.28338917,0.00185422,0.00073203,-0.00010843,0.0002974,0.92035,0.92035,0.45647815,0.45666743,0,0,498.2,248.2,0.9015,1.1216,1,1,0
2026-09-28T22:22:54.601043+09:00,93071603,cc3d2640,2026-09-28T22:22:54.601043+09:00,2026-09-28T22:22:54.683658+09:00,rail-left-01,rail-right-01,0.6.7-draft,0.6.7-draft,mqtt,mqtt,232.08,187.84,7.154,7.332,0.0,0.043,0.063,-0.372,10.305,9.665,-0.0665,0.038,0.04,0.0565,-0.0084,-0.0045,24.96,25.04,18139,20412,2.267,2.552,6.802,7.655,133,133,14,14,0,0,0,0,-0.44516897,-0.45463891,-0.44516897,-0.45463891,-0.16153316,-0.15817899,-0.16153316,-0.15817899,1.27943917,1.28340792,0.00198618,0.00061315,0.0005498,8.479e-05,0.92035,0.92035,0.45652636,0.4566681,0,0,499.2,249.2,0.9015,1.1216,1,1,0
2026-09-28T22:22:54.620987+09:00,93091547,cc3d2640,2026-09-28T22:22:54.620987+09:00,2026-09-28T22:22:54.703602+09:00,rail-left-01,rail-right-01,0.6.7-draft,0.6.7-draft,mqtt,mqtt,233.18,188.78,7.152,7.334,-0.055,-0.008,-0.277,-0.275,10.366,9.716,-0.0662,0.0338,0.0368,0.0588,-0.0143,-0.0111,24.97,25.05,18134,20415,2.267,2.552,6.8,7.656,134,134,14,14,0,0,0,0,-0.47614315,-0.427559,-0.47614315,-0.427559,-0.16093792,-0.15866061,-0.16093792,-0.15866061,1.2802606,1.28348329,0.00190807,0.00054891,0.00069861,-9.958e-05,0.92035,0.92035,0.4565557,0.4566708,0,0,500.2,250.2,0.9015,1.1216,1,1,0
2026-09-28T22:22:54.641026+09:00,93111586,cc3d2640,2026-09-28T22:22:54.641026+09:00,2026-09-28T22:22:54.723641+09:00,rail-left-01,rail-right-01,0.6.7-draft,0.6.7-draft,mqtt,mqtt,234.32,189.72,7.165,7.333,0.031,0.062,-0.108,-0.145,10.449,9.688,-0.0683,0.039,0.035,0.0565,-0.0099,-0.0089,24.96,25.06,18166,20413,2.271,2.552,6.812,7.655,135,135,14,14,0,0,0,0,-0.50195181,-0.39235062,-0.50195181,-0.39235062,-0.15886649,-0.15903316,-0.15886649,-0.15903316,1.28168917,1.2835225,0.00216463,0.00048975,0.00147829,-0.00021003,0.92035,0.92035,0.45660672,0.4566722,0,0,501.3,251.3,0.9015,1.1216,1,1,0
2026-09-28T22:22:54.660992+09:00,93131552,cc3d2640,2026-09-28T22:22:54.660992+09:00,2026-09-28T22:22:54.743607+09:00,rail-left-01,rail-right-01,0.6.7-draft,0.6.7-draft,mqtt,mqtt,235.47,190.62,7.161,7.328,-0.071,-0.014,0.097,-0.172,10.517,9.483,-0.0693,0.0373,0.0366,0.0526,-0.0084,-0.0072,24.97,25.06,18157,20403,2.27,2.55,6.809,7.651,136,136,14,14,0,0,0,0,-0.52554548,-0.37230973,-0.52554548,-0.37230973,-0.15769983,-0.15910333,-0.15769983,-0.15910333,1.28257806,1.28342601,0.00216517,0.00040183,0.00172026,-0.00020713,0.92035,0.92035,0.45663847,0.45666875,0,0,502.3,252.3,0.9015,1.1216,1,1,0
2026-09-28T22:22:54.680932+09:00,93151492,cc3d2640,2026-09-28T22:22:54.680932+09:00,2026-09-28T22:22:54.763547+09:00,rail-left-01,rail-right-01,0.6.7-draft,0.6.7-draft,mqtt,mqtt,236.56,191.56,7.164,7.316,0.002,0.071,-0.194,-0.261,10.294,9.817,-0.0674,0.0365,0.033,0.0546,-0.0091,-0.0068,24.96,25.04,18165,20375,2.271,2.547,6.812,7.641,137,137,14,14,0,0,0,0,-0.5464768,-0.34217028,-0.5464768,-0.34217028,-0.15646649,-0.15856649,-0.15646649,-0.15856649,1.28343917,1.28303917,0.00217902,0.00024328,0.0019631,-2.504e-05,0.92035,0.92035,0.45666922,0.45665493,0,0,503.3,253.3,0.9015,1.1216,1,1,0
2026-09-28T22:22:54.701038+09:00,93171598,cc3d2640,2026-09-28T22:22:54.701038+09:00,2026-09-28T22:22:54.783653+09:00,rail-left-01,rail-right-01,0.6.7-draft,0.6.7-draft,mqtt,mqtt,237.7,192.51,7.157,7.305,0.002,-0.024,0.089,-0.327,10.613,9.795,-0.0683,0.0366,0.0336,0.0596,-0.0084,-0.0065,24.97,25.05,18148,20351,2.269,2.544,6.806,7.632,138,138,14,14,0,0,0,0,-0.56544488,-0.32777549,-0.56544488,-0.32777549,-0.15609377,-0.15755697,-0.15609377,-0.15755697,1.28382553,1.28242726,0.00200858,4.389e-05,0.00181982,0.00026605,0.92035,0.92035,0.45668302,0.45663308,0,0,504.3,254.3,0.9015,1.1216,1,1,0
2026-09-28T22:22:54.721001+09:00,93191561,cc3d2640,2026-09-28T22:22:54.721001+09:00,2026-09-28T22:22:54.803616+09:00,rail-left-01,rail-right-01,0.6.7-draft,0.6.7-draft,mqtt,mqtt,238.85,193.45,7.145,7.3,-0.111,0.005,0.091,-0.35,10.615,9.652,-0.0711,0.0352,0.0281,0.055,-0.0099,-0.0079,24.96,25.05,18118,20341,2.265,2.543,6.794,7.628,139,139,14,14,0,0,0,0,-0.58362553,-0.3109205,-0.58362553,-0.3109205,-0.15678316,-0.15641195,-0.15678316,-0.15641195,1.2836475,1.28175735,0.00164332,-0.00014527,0.00127092,0.00055719,0.92035,0.92035,0.45667666,0.45660916,0,0,505.3,255.3,0.9015,1.1216,1,1,0
2026-09-28T22:22:54.741031+09:00,93211591,cc3d2640,2026-09-28T22:22:54.741031+09:00,2026-09-28T22:22:54.823646+09:00,rail-left-01,rail-right-01,0.6.7-draft,0.6.7-draft,mqtt,mqtt,239.94,194.4,7.147,7.296,0.01,0.012,0.151,-0.214,10.319,9.583,-0.0652,0.0353,0.042,0.0594,-0.0092,-0.0112,24.98,25.05,18123,20331,2.265,2.541,6.796,7.624,140,140,14,14,0,0,0,0,-0.60070701,-0.29464849,-0.60070701,-0.29464849,-0.15721265,-0.15519258,-0.15721265,-0.15519258,1.28357378,1.28105873,0.00138678,-0.00031971,0.00092131,0.00083459,0.92035,0.92035,0.45667403,0.4565842,0,0,506.3,256.3,0.9015,1.1216,1,1,0
2026-09-28T22:22:54.964667+09:00,93345445,cc3d2640,2026-09-28T22:22:54.964667+09:00,2026-09-28T22:22:55.044125+09:00,rail-left-01,rail-right-01,0.6.7-draft,0.6.7-draft,mqtt,mqtt,247.5,200.66,7.137,7.299,0.001,0.087,0.069,-0.219,10.472,9.647,-0.0659,0.0305,0.0368,0.0608,-0.0072,-0.0047,24.99,25.03,18098,20338,2.262,2.542,6.787,7.627,141,141,15,15,0,0,0,0,-0.29781366,-0.34825614,-0.29781366,-0.34825614,-0.15449149,-0.16969002,-0.15449149,-0.16969002,1.28021,1.26458623,-0.00055979,-0.00257531,0.00094261,-0.00197443,0.92035,0.92035,0.45655389,0.4559959,0,0,513.1,263.1,0.9015,1.1216,1,1,0
2026-09-28T22:22:54.984729+09:00,93365507,cc3d2640,2026-09-28T22:22:54.984729+09:00,2026-09-28T22:22:55.064187+09:00,rail-left-01,rail-right-01,0.6.7-draft,0.6.7-draft,mqtt,mqtt,248.59,201.56,7.053,7.304,-0.097,-0.041,0.339,-0.441,10.653,9.726,-0.0642,0.0334,0.0191,0.0538,-0.0073,-0.0019,24.97,25.05,17888,20350,2.236,2.544,6.708,7.631,142,142,15,15,0,0,0,0,-0.30226014,-0.34640475,-0.30226014,-0.34640475,-0.15720649,-0.17085221,-0.15720649,-0.17085221,1.27774917,1.26367488,-0.0012454,-0.00253122,-3.01e-05,-0.00204048,0.92035,0.92035,0.45646601,0.45596335,0,0,514.1,264.1,0.9015,1.1216,1,1,0
2026-09-28T22:22:55.004803+09:00,93385581,cc3d2640,2026-09-28T22:22:55.004803+09:00,2026-09-28T22:22:55.084262+09:00,rail-left-01,rail-right-01,0.6.7-draft,0.6.7-draft,mqtt,mqtt,249.73,202.5,7.057,7.291,0.004,-0.006,0.017,-0.205,10.428,9.802,-0.064,0.0361,0.0324,0.0585,-0.0069,-0.0056,24.96,25.05,17899,20321,2.237,2.54,6.712,7.62,143,143,15,15,0,0,0,0,-0.30764153,-0.34188124,-0.30764153,-0.34188124,-0.1595588,-0.17158871,-0.1595588,-0.17158871,1.27555455,1.26263361,-0.00171834,-0.00252558,-0.00069918,-0.00201502,0.92035,0.92035,0.45638763,0.45592616,0,0,515.1,265.1,0.9015,1.1216,1,1,0
2026-09-28T22:22:55.024791+09:00,93405569,cc3d2640,2026-09-28T22:22:55.024791+09:00,2026-09-28T22:22:55.104250+09:00,rail-left-01,rail-right-01,0.6.7-draft,0.6.7-draft,mqtt,mqtt,250.88,203.45,7.064,7.291,0.029,-0.071,0.116,-0.093,10.57,9.731,-0.0682,0.0309,0.0237,0.0592,-0.0044,-0.0055,24.96,25.05,17916,20321,2.24,2.54,6.719,7.62,144,144,15,15,0,0,0,0,-0.31352346,-0.34259801,-0.31352346,-0.34259801,-0.1614776,-0.17228541,-0.1614776,-0.17228541,1.27365213,1.26164863,-0.00203203,-0.00251469,-0.00113257,-0.00198912,0.92035,0.92035,0.45631968,0.45589099,0,0,516.2,266.2,0.9015,1.1216,1,1,0
2026-09-28T22:22:55.044861+09:00,93425640,cc3d2640,2026-09-28T22:22:55.044861+09:00,2026-09-28T22:22:55.124321+09:00,rail-left-01,rail-right-01,0.6.7-draft,0.6.7-draft,mqtt,mqtt,252.02,204.39,7.066,7.294,-0.065,0.029,0.098,-0.466,10.385,9.634,-0.0689,0.031,0.032,0.056,-0.0077,-0.0039,24.97,25.07,17921,20328,2.24,2.541,6.72,7.623,145,145,15,15,0,0,0,0,-0.32035644,-0.33583035,-0.32035644,-0.33583035,-0.16318792,-0.17302439,-0.16318792,-0.17302439,1.27192131,1.26075496,-0.00225605,-0.0024926,-0.00144507,-0.00197757,0.92035,0.92035,0.45625787,0.45585907,0,0,517.2,267.2,0.9015,1.1216,1,1,0
2026-09-28T22:22:55.064863+09:00,93445641,cc3d2640,2026-09-28T22:22:55.064863+09:00,2026-09-28T22:22:55.144322+09:00,rail-left-01,rail-right-01,0.6.7-draft,0.6.7-draft,mqtt,mqtt,253.12,205.34,7.072,7.28,0.001,0.079,-0.013,-0.267,10.362,9.479,-0.0674,0.0289,0.0301,0.0526,-0.0081,-0.0068,24.96,25.06,17934,20297,2.242,2.537,6.725,7.611,146,146,15,15,0,0,0,0,-0.3276994,-0.32574769,-0.3276994,-0.32574769,-0.16457339,-0.17336649,-0.16457339,-0.17336649,1.27041331,1.25972763,-0.0023983,-0.00250038,-0.00163629,-0.00190003,0.92035,0.92035,0.45620401,0.45582238,0,0,518.2,268.2,0.9015,1.1216,1,1,0
2026-09-28T22:22:55.084868+09:00,93465646,cc3d2640,2026-09-28T22:22:55.084868+09:00,2026-09-28T22:22:55.164327+09:00,rail-left-01,rail-right-01,0.6.7-draft,0.6.7-draft,mqtt,mqtt,254.26,206.28,7.078,7.266,-0.017,0.024,-0.042,-0.327,10.414,9.612,-0.0679,0.0297,0.0248,0.051,-0.0064,-0.002,24.97,25.07,17951,20265,2.244,2.533,6.732,7.599,147,147,15,15,0,0,0,0,-0.33543394,-0.32009834,-0.33543394,-0.32009834,-0.16566649,-0.17334149,-0.16566649,-0.17334149,1.26910584,1.25857667,-0.00247974,-0.00253183,-0.00173769,-0.00177055,0.92035,0.92035,0.45615732,0.45578127,0,0,519.2,269.2,0.9015,1.1216,1,1,0
2026-09-28T22:22:55.104805+09:00,93485583,cc3d2640,2026-09-28T22:22:55.104805+09:00,2026-09-28T22:22:55.184264+09:00,rail-left-01,rail-right-01,0.6.7-draft,0.6.7-draft,mqtt,mqtt,255.4,207.23,7.077,7.221,-0.103,-0.038,-0.03,0.069,10.463,10.023,-0.062,0.0266,0.0265,0.0482,-0.0121,-0.0068,24.95,25.07,17948,20165,2.243,2.521,6.731,7.562,148,148,15,15,0,0,0,0,-0.3438208,-0.31890015,-0.3438208,-0.31890015,-0.16672133,-0.17222015,-0.16672133,-0.17222015,1.26786659,1.25693307,-0.00253984,-0.0026445,-0.00182061,-0.00147496,0.92035,0.92035,0.45611306,0.45572257,0,0,520.3,270.3,0.9015,1.1216,1,1,0
2026-09-28T22:22:55.124745+09:00,93505524,cc3d2640,2026-09-28T22:22:55.124745+09:00,2026-09-28T22:22:55.204205+09:00,rail-left-01,rail-right-01,0.6.7-draft,0.6.7-draft,mqtt,mqtt,256.5,208.17,7.082,7.187,0.102,0.162,0.05,-0.329,10.532,9.931,-0.0646,0.0225,0.0336,0.0564,-0.0083,-0.006,24.94,25.04,17961,20090,2.245,2.511,6.735,7.534,149,149,15,15,0,0,0,0,-0.35217725,-0.30442562,-0.35217725,-0.30442562,-0.16755399,-0.17034268,-0.16755399,-0.17034268,1.26678292,1.25496298,-0.0025638,-0.00280201,-0.00184956,-0.00108702,0.92035,0.92035,0.45607435,0.45565221,0,0,521.3,271.3,0.9015,1.1216,1,1,0
2026-09-28T22:22:55.144976+09:00,93525754,cc3d2640,2026-09-28T22:22:55.144976+09:00,2026-09-28T22:22:55.224435+09:00,rail-left-01,rail-right-01,0.6.7-draft,0.6.7-draft,mqtt,mqtt,257.64,209.12,7.073,7.194,-0.059,-0.031,-0.189,-0.18,10.487,9.639,-0.0655,0.0289,0.0448,0.0669,-0.0105,-0.0135,24.97,25.08,17938,20106,2.242,2.513,6.727,7.54,150,150,15,15,0,0,0,0,-0.3612239,-0.30330445,-0.3612239,-0.30330445,-0.16860892,-0.16871533,-0.16860892,-0.16871533,1.26562856,1.25316591,-0.00260261,-0.00292189,-0.00192288,-0.00077217,0.92035,0.92035,0.45603313,0.45558803,0,0,522.3,272.3,0.9015,1.1216,1,1,0
2026-09-28T22:22:55.313604+09:00,93746418,cc3d2640,2026-09-28T22:22:55.313604+09:00,2026-09-28T22:22:55.395587+09:00,rail-left-01,rail-right-01,0.6.7-draft,0.6.7-draft,mqtt,mqtt,270.22,219.46,7.06,7.201,0.017,-0.01,-0.233,-0.356,10.302,9.795,-0.065,0.0308,0.0396,0.0562,-0.0124,-0.0108,24.97,25.05,17906,20120,2.238,2.515,6.715,7.545,151,151,16,16,0,0,0,0,-0.30974013,-0.38200299,-0.30974013,-0.38200299,-0.1674574,-0.15153316,-0.1674574,-0.15153316,1.2513028,1.23955028,-0.00300577,-0.00273035,-0.00044828,0.00160476,0.92035,0.92035,0.45552149,0.45510176,0,0,533.6,283.6,0.9015,1.1216,1,1,0
2026-09-28T22:22:55.333704+09:00,93766518,cc3d2640,2026-09-28T22:22:55.333704+09:00,2026-09-28T22:22:55.415687+09:00,rail-left-01,rail-right-01,0.6.7-draft,0.6.7-draft,mqtt,mqtt,271.36,220.4,7.028,7.195,-0.104,-0.11,-0.292,-0.249,10.568,9.675,-0.0699,0.0302,0.0402,0.055,-0.0137,-0.0067,24.96,25.05,17825,20107,2.228,2.513,6.684,7.54,152,152,16,16,0,0,0,0,-0.31703233,-0.41858405,-0.31703233,-0.41858405,-0.16696649,-0.05836649,-0.16696649,-0.05836649,1.24916695,1.19968917,-0.00313213,0.0,-0.00031747,0.0,0.92035,0.63935,0.45544521,0.50601541,0,0,534.6,284.6,0.9015,1.1216,1,1,0
2026-09-28T22:22:55.353718+09:00,93786532,cc3d2640,2026-09-28T22:22:55.353718+09:00,2026-09-28T22:22:55.435701+09:00,rail-left-01,rail-right-01,0.6.7-draft,0.6.7-draft,mqtt,mqtt,272.51,221.35,7.056,7.189,0.135,0.168,0.002,-0.354,10.527,9.674,-0.0681,0.0306,0.0325,0.0505,-0.0119,-0.0104,24.99,25.05,17895,20094,2.237,2.512,6.711,7.535,153,153,16,16,0,0,0,0,-0.32441782,-0.02277013,-0.32441782,-0.02277013,-0.16588823,-0.05536649,-0.16588823,-0.05536649,1.2474283,1.19818917,-0.00317599,-0.00631579,-0.00010339,0.01263158,0.92035,0.63935,0.45538312,0.50596184,0,0,535.7,285.7,0.9015,1.1216,1,1,0
2026-09-28T22:22:55.373656+09:00,93806470,cc3d2640,2026-09-28T22:22:55.373656+09:00,2026-09-28T22:22:55.455639+09:00,rail-left-01,rail-right-01,0.6.7-draft,0.6.7-draft,mqtt,mqtt,273.6,222.29,7.083,7.189,-0.073,0.004,-0.183,-0.187,10.335,9.717,-0.0674,0.0324,0.0357,0.0544,-0.0103,-0.0077,24.94,25.05,17962,20093,2.245,2.512,6.736,7.535,154,154,16,16,0,0,0,0,-0.33239564,-0.04643799,-0.33239564,-0.04643799,-0.16428139,-0.05436649,-0.16428139,-0.05436649,1.24605087,1.19768917,-0.00315902,-0.00318017,0.00016954,0.00636034,0.92035,0.63935,0.45533392,0.50594398,0,0,536.7,286.7,0.9015,1.1216,1,1,0
2026-09-28T22:22:55.393710+09:00,93826524,cc3d2640,2026-09-28T22:22:55.393710+09:00,2026-09-28T22:22:55.475693+09:00,rail-left-01,rail-right-01,0.6.7-draft,0.6.7-draft,mqtt,mqtt,274.74,223.24,7.1,7.18,0.057,0.098,-0.029,-0.182,10.506,9.776,-0.0652,0.0316,0.0348,0.0541,-0.0064,-0.0052,24.97,25.04,18004,20075,2.251,2.509,6.752,7.528,155,155,16,16,0,0,0,0,-0.34059009,0.0083798,-0.34059009,0.0083798,-0.16238733,-0.05161649,-0.16238733,-0.05161649,1.24490792,1.19631417,-0.003111,-0.0047602,0.00045487,0.0095204,0.92035,0.63935,0.4552931,0.50589487,0,0,537.7,287.7,0.9015,1.1216,1,1,0
2026-09-28T22:22:55.413678+09:00,93846492,cc3d2640,2026-09-28T22:22:55.413678+09:00,2026-09-28T22:22:55.495661+09:00,rail-left-01,rail-right-01,0.6.7-draft,0.6.7-draft,mqtt,mqtt,275.89,224.13,7.105,7.178,-0.02,0.051,0.047,-0.309,10.424,9.82,-0.0637,0.0308,0.0369,0.0508,-0.0093,-0.0063,24.97,25.04,18018,20069,2.252,2.509,6.757,7.526,156,156,16,16,0,0,0,0,-0.34916071,0.01461996,-0.34916071,0.01461996,-0.16046853,-0.04956649,-0.16046853,-0.04956649,1.24386264,1.19528917,-0.00305694,-0.00460252,0.00071246,0.00920503,0.92035,0.63935,0.45525577,0.50585827,0,0,538.7,288.7,0.9015,1.1216,1,1,0
2026-09-28T22:22:55.433782+09:00,93866596,cc3d2640,2026-09-28T22:22:55.433782+09:00,2026-09-28T22:22:55.515765+09:00,rail-left-01,rail-right-01,0.6.7-draft,0.6.7-draft,mqtt,mqtt,277.03,225.07,7.103,7.179,0.016,-0.008,-0.022,-0.496,10.446,9.736,-0.0648,0.0342,0.0421,0.0598,-0.0072,-0.0027,24.95,25.05,18012,20071,2.252,2.509,6.755,7.527,157,157,16,16,0,0,0,0,-0.35804063,-0.00910882,-0.35804063,-0.00910882,-0.15866649,-0.04836649,-0.15866649,-0.04836649,1.24283917,1.19468917,-0.00300834,-0.00374287,0.00092687,0.00748574,0.92035,0.63935,0.45521922,0.50583684,0,0,539.8,289.8,0.9015,1.1216,1,1,0
2026-09-28T22:22:55.453774+09:00,93886588,cc3d2640,2026-09-28T22:22:55.453774+09:00,2026-09-28T22:22:55.535757+09:00,rail-left-01,rail-right-01,0.6.7-draft,0.6.7-draft,mqtt,mqtt,278.17,226.02,7.103,7.185,-0.049,-0.001,0.065,-0.401,10.449,9.669,-0.0648,0.0288,0.0378,0.0536,-0.0096,-0.0012,24.95,25.05,18013,20086,2.252,2.511,6.755,7.532,158,158,16,16,0,0,0,0,-0.36727697,-0.02327034,-0.36727697,-0.02327034,-0.15693512,-0.04836649,-0.15693512,-0.04836649,1.24185584,1.19468917,-0.00296157,-0.00233436,0.00111117,0.00466872,0.92035,0.63935,0.4551841,0.50583684,0,0,540.8,290.8,0.9015,1.1216,1,1,0
2026-09-28T22:22:55.473725+09:00,93906539,cc3d2640,2026-09-28T22:22:55.473725+09:00,2026-09-28T22:22:55.555708+09:00,rail-left-01,rail-right-01,0.6.7-draft,0.6.7-draft,mqtt,mqtt,279.32,226.96,7.116,7.187,-0.041,0.012,0.012,-0.196,10.53,9.628,-0.0632,0.0325,0.0428,0.0593,-0.0113,-0.0063,24.97,25.04,18045,20090,2.256,2.511,6.767,7.534,159,159,16,16,0,0,0,0,-0.3768567,-0.02928101,-0.3768567,-0.02928101,-0.15502034,-0.04861649,-0.15502034,-0.04861649,1.24103532,1.19481417,-0.00289954,-0.0013744,0.00130395,0.00274879,0.92035,0.63935,0.4551548,0.5058413,0,0,541.8,291.8,0.9015,1.1216,1,1,0
2026-09-28T22:22:55.493915+09:00,93926729,cc3d2640,2026-09-28T22:22:55.493915+09:00,2026-09-28T22:22:55.575898+09:00,rail-left-01,rail-right-01,0.6.7-draft,0.6.7-draft,mqtt,mqtt,280.46,227.91,7.116,7.2,-0.037,0.069,0.066,-0.353,10.446,9.468,-0.0609,0.0317,0.0396,0.0514,-0.0069,0.0063,24.97,25.06,18044,20119,2.256,2.515,6.767,7.545,160,160,16,16,0,0,0,0,-0.38670038,-0.01579767,-0.38670038,-0.01579767,-0.15317781,-0.05025538,-0.15317781,-0.05025538,1.24024577,1.19563361,-0.00284102,9.535e-05,0.00147137,-0.0001907,0.92035,0.63935,0.4551266,0.50587057,0,0,542.9,292.9,0.9015,1.1216,1,1,0
2026-09-28T22:22:55.620980+09:00,94097438,cc3d2640,2026-09-28T22:22:55.620980+09:00,2026-09-28T22:22:55.708879+09:00,rail-left-01,rail-right-01,0.6.7-draft,0.6.7-draft,mqtt,mqtt,290.21,235.91,7.123,7.196,-0.135,-0.034,-0.044,-0.353,10.545,9.682,-0.064,0.0346,0.0434,0.0562,-0.01,-0.0077,24.99,25.06,18063,20110,2.258,2.514,6.774,7.541,161,161,17,17,0,0,0,0,-0.03822149,-0.17280899,-0.03822149,-0.17280899,-0.05086649,-0.03386649,-0.05086649,-0.03386649,1.19663917,1.21083917,0.00115094,0.00300016,-0.00073166,0.00386257,0.73835,0.73835,0.50590648,0.50641362,0,0,551.6,301.6,0.9015,1.1216,1,1,0
2026-09-28T22:22:55.641093+09:00,94117551,cc3d2640,2026-09-28T22:22:55.641093+09:00,2026-09-28T22:22:55.728992+09:00,rail-left-01,rail-right-01,0.6.7-draft,0.6.7-draft,mqtt,mqtt,291.35,236.86,7.108,7.211,-0.016,-0.029,0.034,-0.174,10.518,9.868,-0.0621,0.0292,0.0397,0.0594,-0.0092,-0.0087,24.97,25.06,18026,20142,2.253,2.518,6.76,7.553,162,162,17,17,0,0,0,0,-0.05977767,-0.14235564,-0.05977767,-0.14235564,-0.05273013,-0.03241411,-0.05273013,-0.03241411,1.19678008,1.21237964,0.00076017,0.00299477,-0.00173296,0.00368491,0.73835,0.73835,0.50591151,0.50646864,0,0,552.7,302.7,0.9015,1.1216,1,1,0
2026-09-28T22:22:55.661024+09:00,94137481,cc3d2640,2026-09-28T22:22:55.661024+09:00,2026-09-28T22:22:55.748922+09:00,rail-left-01,rail-right-01,0.6.7-draft,0.6.7-draft,mqtt,mqtt,292.44,237.8,7.108,7.216,-0.02,0.065,-0.236,-0.502,10.512,9.619,-0.0597,0.031,0.0413,0.0589,-0.0131,-0.0145,24.95,25.04,18025,20154,2.253,2.519,6.759,7.558,163,163,17,17,0,0,0,0,-0.08065434,-0.10209466,-0.08065434,-0.10209466,-0.05428316,-0.03132104,-0.05428316,-0.03132104,1.1968975,1.21389371,0.00059812,0.00300542,-0.00205787,0.00347605,0.73835,0.73835,0.50591571,0.50652272,0,0,553.7,303.7,0.9015,1.1216,1,1,0
2026-09-28T22:22:55.681127+09:00,94157584,cc3d2640,2026-09-28T22:22:55.681127+09:00,2026-09-28T22:22:55.769025+09:00,rail-left-01,rail-right-01,0.6.7-draft,0.6.7-draft,mqtt,mqtt,293.59,238.75,7.118,7.226,0.087,0.121,0.078,-0.229,10.387,9.391,-0.0544,0.0326,0.0356,0.0497,-0.0063,-0.0077,24.98,25.04,18050,20176,2.256,2.522,6.769,7.566,164,164,17,17,0,0,0,0,-0.09976337,-0.05786408,-0.09976337,-0.05786408,-0.05482803,-0.0307578,-0.05482803,-0.0307578,1.19738148,1.21549352,0.0006798,0.00305407,-0.00182948,0.00319249,0.73835,0.73835,0.50593299,0.50657985,0,0,554.7,304.7,0.9015,1.1216,1,1,0
2026-09-28T22:22:55.701353+09:00,94177811,cc3d2640,2026-09-28T22:22:55.701353+09:00,2026-09-28T22:22:55.789252+09:00,rail-left-01,rail-right-01,0.6.7-draft,0.6.7-draft,mqtt,mqtt,294.78,239.69,7.161,7.216,-0.188,-0.202,0.035,-0.17,10.353,9.918,-0.0548,0.0306,0.0329,0.0536,-0.012,-0.0057,24.96,25.06,18157,20155,2.27,2.519,6.809,7.558,165,165,17,17,0,0,0,0,-0.11953747,-0.05651763,-0.11953747,-0.05651763,-0.05222364,-0.02982483,-0.05222364,-0.02982483,1.19933203,1.21675167,0.00133443,0.00302455,-0.00042766,0.00306783,0.73835,0.73835,0.50600266,0.50662479,0,0,555.8,305.8,0.9015,1.1216,1,1,0
2026-09-28T22:22:55.721435+09:00,94197893,cc3d2640,2026-09-28T22:22:55.721435+09:00,2026-09-28T22:22:55.809334+09:00,rail-left-01,rail-right-01,0.6.7-draft,0.6.7-draft,mqtt,mqtt,295.92,240.59,7.181,7.23,0.192,0.22,-0.13,-0.467,10.542,9.79,-0.058,0.0314,0.039,0.0594,-0.0108,-0.0076,24.96,25.05,18206,20186,2.276,2.523,6.827,7.57,166,166,17,17,0,0,0,0,-0.13711519,-0.00706707,-0.13711519,-0.00706707,-0.04863316,-0.02952649,-0.04863316,-0.02952649,1.20168917,1.21818917,0.0019772,0.00305387,0.00095996,0.00283025,0.73835,0.73835,0.50608684,0.50667612,0,0,556.8,306.8,0.9015,1.1216,1,1,0
2026-09-28T22:22:55.741032+09:00,94217489,cc3d2640,2026-09-28T22:22:55.741032+09:00,2026-09-28T22:22:55.828930+09:00,rail-left-01,rail-right-01,0.6.7-draft,0.6.7-draft,mqtt,mqtt,297.02,241.53,7.192,7.235,-0.192,-0.146,0.105,-0.215,10.404,9.744,-0.0606,0.0296,0.0389,0.0541,-0.0069,-0.0017,24.97,25.07,18233,20196,2.279,2.525,6.837,7.574,167,167,17,17,0,0,0,0,-0.15547719,-0.00161894,-0.15547719,-0.00161894,-0.04480399,-0.02944342,-0.04480399,-0.02944342,1.20409542,1.21961225,0.00250607,0.00308596,0.00212181,0.0025895,0.73835,0.73835,0.50617278,0.50672695,0,0,557.8,307.8,0.9015,1.1216,1,1,0
2026-09-28T22:22:55.761062+09:00,94237519,cc3d2640,2026-09-28T22:22:55.761062+09:00,2026-09-28T22:22:55.848960+09:00,rail-left-01,rail-right-01,0.6.7-draft,0.6.7-draft,mqtt,mqtt,298.16,242.48,7.189,7.237,0.133,0.193,0.054,-0.426,10.434,9.418,-0.063,0.0362,0.0448,0.0572,-0.0095,-0.0084,24.98,25.05,18227,20200,2.278,2.525,6.835,7.575,168,168,17,17,0,0,0,0,-0.17250716,0.04005116,-0.17250716,0.04005116,-0.04160179,-0.02944057,-0.04160179,-0.02944057,1.20613035,1.22096695,0.00282669,0.00310818,0.00286816,0.00237067,0.73835,0.73835,0.50624545,0.50677533,0,0,558.8,308.8,0.9015,1.1216,1,1,0
2026-09-28T22:22:55.781165+09:00,94257622,cc3d2640,2026-09-28T22:22:55.781165+09:00,2026-09-28T22:22:55.869063+09:00,rail-left-01,rail-right-01,0.6.7-draft,0.6.7-draft,mqtt,mqtt,299.3,243.42,7.19,7.245,-0.138,-0.151,-0.128,-0.243,10.265,9.849,-0.0602,0.0304,0.0426,0.0581,-0.0068,-0.0048,24.97,25.03,18229,20219,2.279,2.527,6.836,7.582,169,169,17,17,0,0,0,0,-0.19001085,0.04289359,-0.19001085,0.04289359,-0.03869983,-0.02972364,-0.03869983,-0.02972364,1.20796695,1.22236774,0.00304345,0.00314463,0.00340594,0.00212615,0.73835,0.73835,0.50631105,0.50682536,0,0,559.8,309.8,0.9015,1.1216,1,1,0
2026-09-28T22:22:55.801222+09:00,94277679,cc3d2640,2026-09-28T22:22:55.801222+09:00,2026-09-28T22:22:55.889120+09:00,rail-left-01,rail-right-01,0.6.7-draft,0.6.7-draft,mqtt,mqtt,300.45,244.32,7.187,7.25,0.193,0.174,0.162,-0.231,10.265,9.604,-0.0616,0.0336,0.045,0.0593,-0.0089,-0.0089,24.95,25.04,18221,20230,2.278,2.529,6.833,7.586,170,170,17,17,0,0,0,0,-0.20594115,0.07790378,-0.20594115,0.07790378,-0.03626123,-0.0301596,-0.03626123,-0.0301596,1.20953127,1.22375813,0.00315675,0.00318206,0.00373511,0.00188384,0.73835,0.73835,0.50636691,0.50687502,0,0,560.9,310.9,0.9015,1.1216,1,1,0
2026-09-28T22:22:55.937224+09:00,94412543,cc3d2640,2026-09-28T22:22:55.937224+09:00,2026-09-28T22:22:55.974961+09:00,rail-left-01,rail-right-01,0.6.7-draft,0.6.7-draft,mqtt,mqtt,308.15,250.63,7.184,7.258,0.032,0.062,0.014,-0.157,10.29,9.77,-0.0663,0.0318,0.0404,0.0558,-0.0083,-0.0065,24.98,25.04,18215,20248,2.277,2.531,6.831,7.593,171,171,18,18,0,0,0,0,0.09708658,0.14454583,0.09708658,0.14454583,-0.03066649,-0.04669149,-0.03066649,-0.04669149,1.22500584,1.22807667,0.00311354,0.00169842,0.00155102,-0.00147211,0.73835,0.89435,0.50691958,0.50702925,0,0,567.8,317.8,0.9015,1.1216,1,1,0
2026-09-28T22:22:55.957336+09:00,94432655,cc3d2640,2026-09-28T22:22:55.957336+09:00,2026-09-28T22:22:55.995074+09:00,rail-left-01,rail-right-01,0.6.7-draft,0.6.7-draft,mqtt,mqtt,309.3,251.57,7.173,7.312,-0.014,0.019,0.005,-0.253,10.423,9.689,-0.0675,0.0338,0.047,0.0572,-0.0057,-0.0055,24.97,25.05,18186,20368,2.273,2.546,6.82,7.638,172,172,18,18,0,0,0,0,0.11288843,0.13184435,0.11288843,0.13184435,-0.03149552,-0.04995186,-0.03149552,-0.04995186,1.22599562,1.22875014,0.00300898,0.00168338,0.00120935,-0.00190265,0.73835,0.89435,0.50695493,0.5070533,0,0,568.9,318.9,0.9015,1.1216,1,1,0
2026-09-28T22:22:55.977269+09:00,94452588,cc3d2640,2026-09-28T22:22:55.977269+09:00,2026-09-28T22:22:56.015006+09:00,rail-left-01,rail-right-01,0.6.7-draft,0.6.7-draft,mqtt,mqtt,310.44,252.47,7.168,7.321,-0.11,-0.02,0.038,-0.271,10.557,9.701,-0.0667,0.0337,0.0433,0.0578,-0.0059,-0.0037,24.96,25.04,18174,20387,2.272,2.548,6.815,7.645,173,173,18,18,0,0,0,0,0.12545668,0.11712804,0.12545668,0.11712804,-0.03242899,-0.05327125,-0.03242899,-0.05327125,1.22684542,1.22949869,0.00289903,0.00168483,0.00090216,-0.00229524,0.75035,0.89435,0.50698528,0.50708004,0,0,569.9,319.9,0.9015,1.1216,1,1,0
2026-09-28T22:22:55.997392+09:00,94472711,cc3d2640,2026-09-28T22:22:55.997392+09:00,2026-09-28T22:22:56.035130+09:00,rail-left-01,rail-right-01,0.6.7-draft,0.6.7-draft,mqtt,mqtt,311.58,253.41,7.159,7.331,0.087,0.132,0.099,-0.269,10.545,9.688,-0.0636,0.035,0.0433,0.0572,-0.0085,-0.0027,24.97,25.05,18153,20408,2.269,2.551,6.807,7.653,174,174,18,18,0,0,0,0,0.13580644,0.11308839,0.13580644,0.11308839,-0.03357861,-0.05666882,-0.03357861,-0.05666882,1.22750735,1.2303287,0.00277386,0.0017009,0.00059795,-0.00266085,0.75035,0.89435,0.50700892,0.50710968,0,0,570.9,320.9,0.9015,1.1216,1,1,0
2026-09-28T22:22:56.018151+09:00,94493470,cc3d2640,2026-09-28T22:22:56.018151+09:00,2026-09-28T22:22:56.055888+09:00,rail-left-01,rail-right-01,0.6.7-draft,0.6.7-draft,mqtt,mqtt,312.78,254.41,7.146,7.34,-0.097,-0.135,-0.087,-0.383,10.373,9.703,-0.0658,0.034,0.0476,0.0589,-0.0097,-0.0095,24.99,25.04,18120,20430,2.265,2.554,6.795,7.661,175,175,18,18,0,0,0,0,0.14346352,0.09208118,0.14346352,0.09208118,-0.03504296,-0.06011649,-0.03504296,-0.06011649,1.22793917,1.23122326,0.00262621,0.00172685,0.00027478,-0.00300095,0.75035,0.89435,0.50702434,0.50714163,0,0,572.0,322.0,0.9015,1.1216,1,1,0
2026-09-28T22:22:56.038137+09:00,94513456,cc3d2640,2026-09-28T22:22:56.038137+09:00,2026-09-28T22:22:56.075874+09:00,rail-left-01,rail-right-01,0.6.7-draft,0.6.7-draft,mqtt,mqtt,313.92,255.3,7.128,7.344,0.057,0.087,0.166,-0.172,10.675,9.65,-0.0652,0.033,0.0464,0.0553,-0.0077,-0.0044,24.97,25.03,18074,20437,2.259,2.555,6.778,7.664,176,176,18,18,0,0,0,0,0.14930207,0.08594114,0.14930207,0.08594114,-0.03693792,-0.06349983,-0.03693792,-0.06349983,1.22808917,1.2321225,0.00244993,0.00175317,-8.635e-05,-0.00330355,0.86835,0.89435,0.5070297,0.50717374,0,0,573.0,323.0,0.9015,1.1216,1,1,0
2026-09-28T22:22:56.057350+09:00,94532669,cc3d2640,2026-09-28T22:22:56.057350+09:00,2026-09-28T22:22:56.095088+09:00,rail-left-01,rail-right-01,0.6.7-draft,0.6.7-draft,mqtt,mqtt,315.01,256.2,7.127,7.349,-0.056,0.012,0.09,-0.345,10.493,9.811,-0.0638,0.0345,0.0496,0.0564,-0.0064,-0.0067,24.97,25.05,18072,20449,2.259,2.556,6.777,7.668,177,177,18,18,0,0,0,0,0.15320113,0.07551537,0.15320113,0.07551537,-0.03875538,-0.06684475,-0.03875538,-0.06684475,1.22821695,1.23303699,0.00229343,0.0017812,-0.00039351,-0.00357789,0.86835,0.89435,0.50703426,0.5072064,0,0,574.0,324.0,0.9015,1.1216,1,1,0
2026-09-28T22:22:56.077315+09:00,94552634,cc3d2640,2026-09-28T22:22:56.077315+09:00,2026-09-28T22:22:56.115053+09:00,rail-left-01,rail-right-01,0.6.7-draft,0.6.7-draft,mqtt,mqtt,316.11,257.14,7.12,7.355,-0.113,-0.074,0.055,-0.038,10.701,9.711,-0.0675,0.0354,0.0453,0.0542,-0.0079,-0.0023,24.98,25.05,18054,20463,2.257,2.558,6.77,7.674,178,178,18,18,0,0,0,0,0.15521261,0.06032204,0.15521261,0.06032204,-0.04066379,-0.070175,-0.04066379,-0.070175,1.22824322,1.2339764,0.00213947,0.00181195,-0.00068416,-0.00383121,0.89435,0.89435,0.5070352,0.50723995,0,0,575.0,325.0,0.9015,1.1216,1,1,0
2026-09-28T22:22:56.097249+09:00,94572568,cc3d2640,2026-09-28T22:22:56.097249+09:00,2026-09-28T22:22:56.134986+09:00,rail-left-01,rail-right-01,0.6.7-draft,0.6.7-draft,mqtt,mqtt,317.25,258.09,7.111,7.359,-0.006,0.061,0.03,-0.425,10.444,9.747,-0.0637,0.0318,0.0454,0.0548,-0.0092,-0.006,24.97,25.05,18032,20471,2.254,2.559,6.762,7.677,179,179,18,18,0,0,0,0,0.15585986,0.05371789,0.15585986,0.05371789,-0.0427086,-0.07344983,-0.0427086,-0.07344983,1.22814969,1.23491834,0.00198348,0.00184221,-0.00096936,-0.00406111,0.89435,0.89435,0.50703186,0.50727359,0,0,576.0,326.0,0.9015,1.1216,1,1,0
2026-09-28T22:22:56.117680+09:00,94592999,cc3d2640,2026-09-28T22:22:56.117680+09:00,2026-09-28T22:22:56.155417+09:00,rail-left-01,rail-right-01,0.6.7-draft,0.6.7-draft,mqtt,mqtt,318.45,259.03,7.111,7.354,-0.152,-0.063,0.145,-0.005,10.566,9.612,-0.0642,0.0342,0.0518,0.0472,-0.0131,-0.0055,24.97,25.05,18032,20460,2.254,2.558,6.762,7.673,180,180,18,18,0,0,0,0,0.15475391,0.04016297,0.15475391,0.04016297,-0.04464854,-0.07648894,-0.04464854,-0.07648894,1.22806096,1.2357708,0.00184402,0.00186043,-0.00121319,-0.00424764,0.89435,0.89435,0.50702869,0.50730404,0,0,577.1,327.1,0.9015,1.1216,1,1,0
2026-09-28T22:22:56.250802+09:00,94678448,cc3d2640,2026-09-28T22:22:56.250802+09:00,2026-09-28T22:22:56.332440+09:00,rail-left-01,rail-right-01,0.6.7-draft,0.6.7-draft,mqtt,mqtt,323.32,263.01,7.105,7.346,0.15,-0.006,0.158,-0.42,10.53,9.736,-0.0614,0.0357,-0.0743,0.0853,-0.0096,-0.0337,24.98,25.04,18018,20443,2.252,2.555,6.757,7.666,181,181,19,19,0,0,0,0,0.03239057,-0.05428657,0.03239057,-0.05428657,-0.07952649,-0.08549983,-0.07952649,-0.08549983,1.23652917,1.25200584,0.00185792,0.00275881,-0.00441795,-0.00303938,0.89435,1.08335,0.50733112,0.50788386,0,0,581.5,331.5,0.9015,1.1216,1,1,0
2026-09-28T22:22:56.270992+09:00,94698638,cc3d2640,2026-09-28T22:22:56.270992+09:00,2026-09-28T22:22:56.352630+09:00,rail-left-01,rail-right-01,0.6.7-draft,0.6.7-draft,mqtt,mqtt,324.46,263.95,7.044,7.313,0.541,0.581,-0.239,-0.293,10.89,9.849,-0.0626,0.036,-0.0045,0.0573,-0.0052,-0.0055,24.96,25.06,17865,20369,2.233,2.546,6.699,7.638,182,182,19,19,0,0,0,0,0.02573911,-0.03328774,0.02573911,-0.03328774,-0.083641,-0.08094026,-0.083641,-0.08094026,1.23665976,1.25513999,0.0017746,0.00298798,-0.00471837,-0.00239246,1.08335,1.08335,0.50733579,0.5079958,0,0,582.5,332.5,0.9015,1.1216,1,1,0
2026-09-28T22:22:56.290959+09:00,94718604,cc3d2640,2026-09-28T22:22:56.290959+09:00,2026-09-28T22:22:56.372596+09:00,rail-left-01,rail-right-01,0.6.7-draft,0.6.7-draft,mqtt,mqtt,325.6,264.9,7.05,7.303,-0.322,-0.372,0.208,-0.314,10.488,9.783,-0.0655,0.0374,0.0341,0.0537,-0.0067,-0.0031,24.96,25.05,17881,20347,2.235,2.543,6.705,7.63,183,183,19,19,0,0,0,0,0.01789981,-0.05689192,0.01789981,-0.05689192,-0.08748188,-0.07636649,-0.08748188,-0.07636649,1.23684301,1.25809239,0.00170566,0.00318353,-0.00496323,-0.00178873,1.08335,1.08335,0.50734233,0.50810124,0,0,583.5,333.5,0.9015,1.1216,1,1,0
2026-09-28T22:22:56.311016+09:00,94738661,cc3d2640,2026-09-28T22:22:56.311016+09:00,2026-09-28T22:22:56.392653+09:00,rail-left-01,rail-right-01,0.6.7-draft,0.6.7-draft,mqtt,mqtt,326.8,265.79,7.058,7.285,0.061,0.124,0.069,-0.124,10.408,9.899,-0.064,0.0332,0.046,0.052,0.0008,-0.0104,24.95,25.06,17901,20307,2.238,2.538,6.713,7.615,184,184,19,19,0,0,0,0,0.00965863,-0.05720859,0.00965863,-0.05720859,-0.09102687,-0.07165221,-0.09102687,-0.07165221,1.23709483,1.26080822,0.00165122,0.00334282,-0.00515563,-0.00121036,1.08335,1.08335,0.50735133,0.50819823,0,0,584.6,334.6,0.9015,1.1216,1,1,0
2026-09-28T22:22:56.331232+09:00,94758877,cc3d2640,2026-09-28T22:22:56.331232+09:00,2026-09-28T22:22:56.412869+09:00,rail-left-01,rail-right-01,0.6.7-draft,0.6.7-draft,mqtt,mqtt,327.94,266.74,7.054,7.3,-0.035,-0.05,0.196,-0.365,10.624,9.565,-0.0604,0.0298,0.0545,0.0576,-0.0001,-0.0024,24.99,25.04,17890,20340,2.236,2.543,6.709,7.628,185,185,19,19,0,0,0,0,0.00077611,-0.58167775,0.00077611,-0.58167775,-0.09451464,0.20563351,-0.09451464,0.20563351,1.23730028,1.43668917,0.00159593,0.0,-0.00532996,0.0,1.08335,0.42635,0.50735866,0.52566525,0,0,585.7,335.7,0.9015,1.1216,1,1,0
2026-09-28T22:22:56.351205+09:00,94778850,cc3d2640,2026-09-28T22:22:56.351205+09:00,2026-09-28T22:22:56.432842+09:00,rail-left-01,rail-right-01,0.6.7-draft,0.6.7-draft,mqtt,mqtt,329.09,267.68,7.124,7.32,-0.011,-0.01,-0.23,-0.444,10.629,9.652,-0.0705,0.0285,0.0369,0.048,-0.0069,-0.0077,24.97,25.07,18065,20384,2.258,2.548,6.774,7.644,186,186,19,19,0,0,0,0,-0.00844278,-0.52278303,-0.00844278,-0.52278303,-0.09660286,0.19563351,-0.09660286,0.19563351,1.23813462,1.44168917,0.00162026,0.0212766,-0.00532789,-0.04255319,1.08335,0.42635,0.50738846,0.52584383,0,0,586.7,336.7,0.9015,1.1216,1,1,0
2026-09-28T22:22:56.371054+09:00,94798699,cc3d2640,2026-09-28T22:22:56.371054+09:00,2026-09-28T22:22:56.452691+09:00,rail-left-01,rail-right-01,0.6.7-draft,0.6.7-draft,mqtt,mqtt,330.23,268.63,7.186,7.331,0.193,0.128,0.249,-0.229,10.326,10.039,-0.0655,0.0333,0.0461,0.0508,-0.0063,-0.0035,24.98,25.04,18218,20409,2.277,2.551,6.832,7.653,187,187,19,19,0,0,0,0,-0.01764374,-0.3701907,-0.01764374,-0.3701907,-0.09750935,0.18863351,-0.09750935,0.18863351,1.23949274,1.44518917,0.00170494,0.01639357,-0.00519026,-0.03278713,1.08335,0.42635,0.50743697,0.52596883,0,0,587.7,337.7,0.9015,1.1216,1,1,0
2026-09-28T22:22:56.390883+09:00,94818528,cc3d2640,2026-09-28T22:22:56.390883+09:00,2026-09-28T22:22:56.472520+09:00,rail-left-01,rail-right-01,0.6.7-draft,0.6.7-draft,mqtt,mqtt,331.37,269.52,7.298,7.362,-0.11,-0.107,-0.093,-0.291,10.487,9.633,-0.0645,0.0266,0.0461,0.0544,-0.0059,-0.0032,24.97,25.05,18499,20478,2.312,2.56,6.937,7.679,188,188,19,19,0,0,0,0,-0.02739576,-0.46365782,-0.02739576,-0.46365782,-0.09641912,0.17738351,-0.09641912,0.17738351,1.24178566,1.45081417,0.00189212,0.02114595,-0.00483469,-0.0422919,1.08335,0.42635,0.50751886,0.52616972,0,0,588.7,338.7,0.9015,1.1216,1,1,0
2026-09-28T22:22:56.410821+09:00,94838466,cc3d2640,2026-09-28T22:22:56.410821+09:00,2026-09-28T22:22:56.492458+09:00,rail-left-01,rail-right-01,0.6.7-draft,0.6.7-draft,mqtt,mqtt,332.52,270.47,7.388,7.404,0.063,0.048,0.018,-0.26,10.549,9.501,-0.0638,0.0277,0.0405,0.0501,-0.0003,0.0004,24.96,25.06,18723,20571,2.34,2.571,7.021,7.714,189,189,19,19,0,0,0,0,-0.03726288,-0.43073584,-0.03726288,-0.43073584,-0.09381477,0.16223351,-0.09381477,0.16223351,1.24477538,1.45838917,0.002147,0.02685748,-0.00433235,-0.05371496,1.08335,0.42635,0.50762563,0.52644025,0,0,589.8,339.8,0.9015,1.1216,1,1,0
2026-09-28T22:22:56.431065+09:00,94858710,cc3d2640,2026-09-28T22:22:56.431065+09:00,2026-09-28T22:22:56.512702+09:00,rail-left-01,rail-right-01,0.6.7-draft,0.6.7-draft,mqtt,mqtt,333.71,271.41,7.485,7.431,-0.151,-0.068,0.087,-0.242,10.233,9.644,-0.0594,0.027,0.0337,0.051,-0.0037,0.0033,24.97,25.05,18963,20632,2.37,2.579,7.111,7.737,190,190,19,19,0,0,0,0,-0.04757175,-0.46415413,-0.04757175,-0.46415413,-0.08965463,0.14763351,-0.08965463,0.14763351,1.24848578,1.46568917,0.00246746,0.02875488,-0.00368854,-0.05750977,1.08335,0.42635,0.50775815,0.52670097,0,0,590.9,340.9,0.9015,1.1216,1,1,0
2026-09-28T22:22:56.603288+09:00,95035429,cc3d2640,2026-09-28T22:22:56.603288+09:00,2026-09-28T22:22:56.647089+09:00,rail-left-01,rail-right-01,0.6.7-draft,0.6.7-draft,mqtt,mqtt,343.85,279.67,7.516,7.436,-0.067,-0.018,-0.091,-0.279,10.471,9.74,-0.0646,0.0321,0.0433,0.059,-0.0123,-0.0056,24.97,25.06,19041,20641,2.38,2.58,7.14,7.74,191,191,20,20,0,0,0,0,-0.52843188,-0.76318906,-0.52843188,-0.76318906,0.14163351,-0.98872364,0.14163351,-0.98872364,1.47311774,0.93958203,0.01042439,-0.09364473,-0.01192522,-0.20219584,0.66435,0.87635,0.52696628,0.50966649,0,0,600.0,350.0,0.9015,1.1216,1,1,600
2026-09-28T22:22:56.623423+09:00,95055564,cc3d2640,2026-09-28T22:22:56.623423+09:00,2026-09-28T22:22:56.667224+09:00,rail-left-01,rail-right-01,0.6.7-draft,0.6.7-draft,mqtt,mqtt,345.0,280.61,5.462,5.841,-0.034,0.05,0.057,-0.135,10.683,9.726,-0.0707,0.0296,0.0322,0.0518,-0.012,-0.0051,24.96,25.06,12627,16691,1.578,2.086,4.735,6.259,192,192,20,20,0,0,0,0,-0.57937493,-0.70478919,-0.57937493,-0.70478919,-0.11961649,-0.96203316,-0.11961649,-0.96203316,1.35031417,0.84898917,-0.06933797,-0.10132318,-0.16618472,-0.14273889,0.87635,0.87635,0.52258043,0.50871325,0,0,601.0,351.0,0.9015,1.1216,1,1,0
2026-09-28T22:22:56.643371+09:00,95075512,cc3d2640,2026-09-28T22:22:56.643371+09:00,2026-09-28T22:22:56.687172+09:00,rail-left-01,rail-right-01,0.6.7-draft,0.6.7-draft,mqtt,mqtt,346.14,281.5,5.343,5.692,-0.016,0.01,0.268,-0.433,10.536,9.634,-0.0709,0.0308,0.0345,0.0518,-0.0127,-0.0061,24.98,25.05,12043,15972,1.505,1.997,4.516,5.99,193,193,20,20,0,0,0,0,-0.62124472,-0.66073986,-0.62124472,-0.66073986,-0.33603316,-0.92936649,-0.33603316,-0.92936649,1.24818917,0.76506417,-0.09669742,-0.10611046,-0.21834247,-0.10594382,0.87635,0.87635,0.51893311,0.50754659,0,0,602.1,352.1,0.9015,1.1216,1,1,0
2026-09-28T22:22:56.663303+09:00,95095444,cc3d2640,2026-09-28T22:22:56.663303+09:00,2026-09-28T22:22:56.707104+09:00,rail-left-01,rail-right-01,0.6.7-draft,0.6.7-draft,mqtt,mqtt,347.28,282.45,5.298,5.597,0.006,0.041,-0.126,-0.432,10.381,9.568,-0.0671,0.0349,0.0346,0.0548,-0.0135,-0.0084,24.98,25.03,11819,15515,1.477,1.939,4.432,5.818,194,194,20,20,0,0,0,0,-0.6564554,-0.61668973,-0.6564554,-0.61668973,-0.51366649,-0.89495473,-0.51366649,-0.89495473,1.16423917,0.68821858,-0.10844272,-0.10908357,-0.2400341,-0.08057854,0.87635,0.87635,0.5159349,0.5063176,0,0,603.1,353.1,0.9015,1.1216,1,1,0
2026-09-28T22:22:56.683560+09:00,95115701,cc3d2640,2026-09-28T22:22:56.683560+09:00,2026-09-28T22:22:56.727361+09:00,rail-left-01,rail-right-01,0.6.7-draft,0.6.7-draft,mqtt,mqtt,348.48,283.39,5.258,5.527,0.048,0.042,0.072,-0.223,10.362,9.683,-0.0633,0.0356,0.0373,0.0605,-0.014,-0.0088,24.97,25.06,11625,15177,1.453,1.897,4.359,5.691,195,195,20,20,0,0,0,0,-0.68649854,-0.57740482,-0.68649854,-0.57740482,-0.66263922,-0.8604776,-0.66263922,-0.8604776,1.09373462,0.61796695,-0.11363524,-0.11089995,-0.24893136,-0.06190645,0.87635,0.87635,0.51341688,0.50508627,0,0,604.2,354.2,0.9015,1.1216,1,1,0
2026-09-28T22:22:56.703529+09:00,95135670,cc3d2640,2026-09-28T22:22:56.703529+09:00,2026-09-28T22:22:56.747330+09:00,rail-left-01,rail-right-01,0.6.7-draft,0.6.7-draft,mqtt,mqtt,349.62,284.34,5.228,5.488,-0.087,-0.114,0.263,-0.183,10.392,9.829,-0.0645,0.0322,0.0374,0.054,-0.0087,-0.0049,24.96,25.04,11480,14990,1.435,1.874,4.305,5.621,196,196,20,20,0,0,0,0,-0.71384688,-0.56532773,-0.71384688,-0.56532773,-0.78928316,-0.82757702,-0.78928316,-0.82757702,1.03373084,0.55408391,-0.11547731,-0.11183245,-0.25133355,-0.04768756,0.87635,0.87635,0.51127389,0.50391125,0,0,605.2,355.2,0.9015,1.1216,1,1,0
2026-09-28T22:22:56.723437+09:00,95155578,cc3d2640,2026-09-28T22:22:56.723437+09:00,2026-09-28T22:22:56.767238+09:00,rail-left-01,rail-right-01,0.6.7-draft,0.6.7-draft,mqtt,mqtt,350.76,285.28,5.223,5.469,0.012,0.056,0.123,-0.318,10.412,9.497,-0.0681,0.0318,0.0422,0.052,-0.0087,-0.0071,24.96,25.03,11452,14898,1.432,1.862,4.295,5.587,197,197,20,20,0,0,0,0,-0.73840247,-0.53050088,-0.73840247,-0.53050088,-0.89682803,-0.79701649,-0.89682803,-0.79701649,0.98276609,0.49611417,-0.11514322,-0.11209549,-0.24951797,-0.0366153,0.87635,0.87635,0.50945372,0.5028198,0,0,606.2,356.2,0.9015,1.1216,1,1,0
2026-09-28T22:22:56.743384+09:00,95175525,cc3d2640,2026-09-28T22:22:56.743384+09:00,2026-09-28T22:22:56.787185+09:00,rail-left-01,rail-right-01,0.6.7-draft,0.6.7-draft,mqtt,mqtt,351.91,286.18,5.221,5.446,-0.044,-0.01,-0.091,-0.368,10.277,9.586,-0.0648,0.0273,0.037,0.0521,-0.0053,-0.0028,24.96,25.04,11443,14790,1.43,1.849,4.291,5.546,198,198,20,20,0,0,0,0,,-0.5079435,,-0.5079435,,-0.76827125,,-0.76827125,,0.44311774,,-0.11194194,,-0.02771123,,0.87635,0.0,0.50179319,0,0,607.3,357.3,0.9015,1.1216,1,1,0
2026-09-28T22:22:56.763337+09:00,95195478,cc3d2640,2026-09-28T22:22:56.763337+09:00,2026-09-28T22:22:56.807138+09:00,rail-left-01,rail-right-01,0.6.7-draft,0.6.7-draft,mqtt,mqtt,353.05,287.12,5.226,5.416,0.065,0.115,-0.005,-0.171,10.104,10.084,-0.0713,0.0244,0.0305,0.0488,-0.0053,-0.0092,24.96,25.06,11468,14646,1.434,1.831,4.3,5.492,199,199,20,20,0,0,0,0,,-0.47162817,,-0.47162817,,-0.74077558,,-0.74077558,,0.39425735,,-0.11150462,,-0.02029377,,0.87635,0.0,0.5008112,0,0,608.3,358.3,0.9015,1.1216,1,1,0
2026-09-28T22:22:56.783477+09:00,95215618,cc3d2640,2026-09-28T22:22:56.783477+09:00,2026-09-28T22:22:56.827278+09:00,rail-left-01,rail-right-01,0.6.7-draft,0.6.7-draft,mqtt,mqtt,354.19,288.07,5.232,5.414,-0.01,0.02,0.236,-0.437,10.59,9.802,-0.0711,0.0342,0.0417,0.0565,-0.0043,-0.0039,24.98,25.05,11497,14637,1.437,1.83,4.311,5.489,200,200,20,20,0,0,0,0,,-0.44990098,,-0.44990098,,-0.71558388,,-0.71558388,,0.34960221,,-0.11074758,,-0.01420617,,0.87635,0.0,0.49991149,0,0,609.3,359.3,0.9015,1.1216,1,1,0
2026-09-28T22:22:56.915510+09:00,95349447,cc3d2640,2026-09-28T22:22:56.915510+09:00,2026-09-28T22:22:56.993198+09:00,rail-left-01,rail-right-01,0.6.7-draft,0.6.7-draft,mqtt,mqtt,361.85,294.33,5.227,5.415,0.176,0.117,0.031,-0.412,10.418,9.85,-0.0671,0.0329,0.043,0.0528,-0.0047,0.0003,24.97,25.05,11473,14640,1.434,1.83,4.302,5.49,201,201,21,21,0,0,0,0,-0.43780045,-0.41760265,-0.43780045,-0.41760265,-0.69269983,-0.57483316,-0.69269983,-0.57483316,0.30856417,0.1261225,-0.1061194,-0.08294167,-0.00745324,0.01279442,0.87635,0.87635,0.49909421,0.49488468,0,0,616.2,366.2,0.9015,1.1216,1,1,0
2026-09-28T22:22:56.935705+09:00,95369642,cc3d2640,2026-09-28T22:22:56.935705+09:00,2026-09-28T22:22:57.013393+09:00,rail-left-01,rail-right-01,0.6.7-draft,0.6.7-draft,mqtt,mqtt,362.99,295.28,5.31,5.418,-0.085,-0.077,0.074,-0.35,10.537,9.784,-0.0657,0.0316,0.0449,0.0597,-0.0069,-0.0055,24.98,25.04,11880,14654,1.485,1.832,4.455,5.495,202,202,21,21,0,0,0,0,-0.42896011,-0.42237153,-0.42896011,-0.42237153,-0.66832649,-0.56004391,-0.66832649,-0.56004391,0.27246917,0.10249562,-0.1018179,-0.07808319,-0.00167784,0.01412826,0.87635,0.87635,0.49822373,0.4943565,0,0,617.3,367.3,0.9015,1.1216,1,1,0
2026-09-28T22:22:56.955658+09:00,95389595,cc3d2640,2026-09-28T22:22:56.955658+09:00,2026-09-28T22:22:57.033346+09:00,rail-left-01,rail-right-01,0.6.7-draft,0.6.7-draft,mqtt,mqtt,364.14,296.22,5.302,5.427,0.062,0.133,-0.047,-0.326,10.545,9.689,-0.0677,0.0342,0.0405,0.0569,-0.0039,0.0023,24.96,25.05,11840,14699,1.48,1.837,4.44,5.512,203,203,21,21,0,0,0,0,-0.42218974,-0.40819104,-0.42218974,-0.40819104,-0.64613572,-0.54646024,-0.64613572,-0.54646024,0.23899686,0.08048604,-0.09809189,-0.0741221,0.00273425,0.01507022,0.87635,0.87635,0.4974312,0.49387136,0,0,618.3,368.3,0.9015,1.1216,1,1,0
2026-09-28T22:22:56.975676+09:00,95409613,cc3d2640,2026-09-28T22:22:56.975676+09:00,2026-09-28T22:22:57.053364+09:00,rail-left-01,rail-right-01,0.6.7-draft,0.6.7-draft,mqtt,mqtt,365.28,297.17,5.287,5.429,-0.073,0.011,-0.045,-0.215,10.49,9.782,-0.0671,0.0342,0.041,0.0597,-0.0085,-0.0055,24.98,25.05,11765,14707,1.471,1.838,4.412,5.515,204,204,21,21,0,0,0,0,-0.41776479,-0.4053802,-0.41776479,-0.4053802,-0.62614427,-0.53376043,-0.62614427,-0.53376043,0.20772621,0.05984068,-0.09481931,-0.07081297,0.00611282,0.01577021,0.87635,0.87635,0.49671722,0.4934178,0,0,619.3,369.3,0.9015,1.1216,1,1,0
2026-09-28T22:22:56.995603+09:00,95429540,cc3d2640,2026-09-28T22:22:56.995603+09:00,2026-09-28T22:22:57.073291+09:00,rail-left-01,rail-right-01,0.6.7-draft,0.6.7-draft,mqtt,mqtt,366.42,298.11,5.282,5.436,0.019,0.05,0.017,-0.449,10.476,9.692,-0.0637,0.0338,0.0413,0.057,-0.0097,-0.0065,24.95,25.06,11743,14741,1.468,1.843,4.404,5.528,205,205,21,21,0,0,0,0,-0.41500825,-0.39950208,-0.41500825,-0.39950208,-0.60775935,-0.52201355,-0.60775935,-0.52201355,0.17859988,0.0405127,-0.09186142,-0.06797544,0.00878441,0.0162711,0.87635,0.87635,0.49606062,0.49299827,0,0,620.3,370.3,0.9015,1.1216,1,1,0
2026-09-28T22:22:57.015589+09:00,95449526,cc3d2640,2026-09-28T22:22:57.015589+09:00,2026-09-28T22:22:57.093277+09:00,rail-left-01,rail-right-01,0.6.7-draft,0.6.7-draft,mqtt,mqtt,367.57,299.06,5.279,5.437,-0.077,-0.002,0.175,-0.123,10.533,9.882,-0.0592,0.0341,0.0382,0.0552,-0.0109,-0.0063,24.96,25.04,11730,14743,1.466,1.843,4.399,5.529,206,206,21,21,0,0,0,0,-0.4140011,-0.39810591,-0.4140011,-0.39810591,-0.5907458,-0.51096649,-0.5907458,-0.51096649,0.15143055,0.02230345,-0.08914251,-0.06550637,0.01092743,0.01664698,0.87635,0.87635,0.49545299,0.49260373,0,0,621.4,371.4,0.9015,1.1216,1,1,0
2026-09-28T22:22:57.035523+09:00,95469460,cc3d2640,2026-09-28T22:22:57.035523+09:00,2026-09-28T22:22:57.113211+09:00,rail-left-01,rail-right-01,0.6.7-draft,0.6.7-draft,mqtt,mqtt,368.71,300.0,5.282,5.442,0.065,0.09,-0.044,-0.506,10.303,9.553,-0.0649,0.0304,0.037,0.0586,-0.0119,-0.0089,24.97,25.05,11745,14769,1.468,1.846,4.404,5.538,207,207,21,21,0,0,0,0,,-0.38960244,,-0.38960244,,-0.50067205,,-0.50067205,,0.00517528,,-0.06331827,,0.01691145,,0.87635,0.0,0.49223607,0,0,622.4,372.4,0.9015,1.1216,1,1,0
2026-09-28T22:22:57.055679+09:00,95489616,cc3d2640,2026-09-28T22:22:57.055679+09:00,2026-09-28T22:22:57.133367+09:00,rail-left-01,rail-right-01,0.6.7-draft,0.6.7-draft,mqtt,mqtt,369.85,300.94,5.286,5.444,-0.182,-0.199,-0.007,-0.293,10.561,9.679,-0.0626,0.0349,0.0461,0.0594,-0.0089,-0.0083,24.96,25.04,11761,14781,1.47,1.848,4.41,5.543,208,208,21,21,0,0,0,0,,-0.40385141,,-0.40385141,,-0.49098811,,-0.49098811,,-0.01100002,,-0.06135887,,0.01709931,,0.87635,0.0,0.49189022,0,0,623.4,373.4,0.9015,1.1216,1,1,0
2026-09-28T22:22:57.075592+09:00,95509529,cc3d2640,2026-09-28T22:22:57.075592+09:00,2026-09-28T22:22:57.153280+09:00,rail-left-01,rail-right-01,0.6.7-draft,0.6.7-draft,mqtt,mqtt,371.0,301.89,5.284,5.456,0.084,0.169,0.008,-0.138,10.391,9.82,-0.064,0.0332,0.0424,0.0536,-0.0055,-0.0025,24.97,25.04,11751,14837,1.469,1.855,4.407,5.564,209,209,21,21,0,0,0,0,,-0.38971554,,-0.38971554,,-0.48212965,,-0.48212965,,-0.02616609,,-0.05956623,,0.01719212,,0.87635,0.0,0.49157384,0,0,624.5,374.5,0.9015,1.1216,1,1,0
2026-09-28T22:22:57.095732+09:00,95529669,cc3d2640,2026-09-28T22:22:57.095732+09:00,2026-09-28T22:22:57.173420+09:00,rail-left-01,rail-right-01,0.6.7-draft,0.6.7-draft,mqtt,mqtt,372.19,302.83,5.281,5.462,-0.122,-0.054,-0.048,-0.571,10.38,9.577,-0.0683,0.0344,0.042,0.0557,-0.0031,-0.0077,24.96,25.06,11740,14867,1.468,1.858,4.403,5.575,210,210,21,21,0,0,0,0,,-0.39267863,,-0.39267863,,-0.47387931,,-0.47387931,,-0.0404775,,-0.05792197,,0.01722747,,0.87635,0.0,0.49127919,0,0,625.5,375.5,0.9015,1.1216,1,1,0
2026-09-28T22:22:57.220276+09:00,95695456,cc3d2640,2026-09-28T22:22:57.220276+09:00,2026-09-28T22:22:57.306414+09:00,rail-left-01,rail-right-01,0.6.7-draft,0.6.7-draft,mqtt,mqtt,381.64,310.64,5.28,5.461,-0.164,-0.124,0.134,-0.553,10.246,9.615,-0.0663,0.0334,0.0278,0.0558,-0.0032,-0.0045,24.96,25.03,11734,14860,1.467,1.858,4.4,5.573,211,211,22,22,0,0,0,0,-0.40207851,,-0.40207851,,-0.46606649,,-0.46606649,,-0.05408583,,-0.05521898,,0.01696703,,0.87635,,0.49100016,0.0,0,0,634.1,384.1,0.9015,1.1216,1,1,0
2026-09-28T22:22:57.240386+09:00,95715566,cc3d2640,2026-09-28T22:22:57.240386+09:00,2026-09-28T22:22:57.326524+09:00,rail-left-01,rail-right-01,0.6.7-draft,0.6.7-draft,mqtt,mqtt,382.78,311.58,5.455,5.492,0.169,0.148,0.184,-0.34,10.452,9.571,-0.0661,0.029,0.0344,0.0581,-0.0075,-0.0061,24.96,25.03,12591,15009,1.574,1.876,4.722,5.628,212,212,22,22,0,0,0,0,-0.41120181,,-0.41120181,,-0.45436649,,-0.45436649,,-0.0648962,,-0.05257658,,0.01730344,,0.87635,,0.4905823,0.0,0,0,635.1,385.1,0.9015,1.1216,1,1,0
2026-09-28T22:22:57.260396+09:00,95735576,cc3d2640,2026-09-28T22:22:57.260396+09:00,2026-09-28T22:22:57.346534+09:00,rail-left-01,rail-right-01,0.6.7-draft,0.6.7-draft,mqtt,mqtt,383.92,312.53,5.461,5.497,-0.077,-0.055,0.023,-0.394,10.424,9.747,-0.0678,0.0337,0.0388,0.0625,-0.0077,-0.0055,24.94,25.03,12623,15034,1.578,1.879,4.734,5.638,213,213,22,22,0,0,0,0,,-0.9352833,,-0.9352833,,0.00363351,,0.00363351,,-0.46731083,,0.0,,0.0,,0.71635,0.0,0.42715781,0,0,636.1,386.1,0.9015,1.1216,1,1,0
2026-09-28T22:22:57.280321+09:00,95755501,cc3d2640,2026-09-28T22:22:57.280321+09:00,2026-09-28T22:22:57.366459+09:00,rail-left-01,rail-right-01,0.6.7-draft,0.6.7-draft,mqtt,mqtt,385.07,313.47,5.462,5.508,0.048,0.048,0.051,-0.329,10.345,9.771,-0.0625,0.0288,0.028,0.0597,-0.0067,-0.0051,24.98,25.06,12628,15087,1.579,1.886,4.736,5.658,214,214,22,22,0,0,0,0,,-0.26578,,-0.26578,,-0.00186649,,-0.00186649,,-0.46456083,,0.01170213,,-0.02340426,,0.71635,0.0,0.42705204,0,0,637.2,387.2,0.9015,1.1216,1,1,0
2026-09-28T22:22:57.300706+09:00,95775886,cc3d2640,2026-09-28T22:22:57.300706+09:00,2026-09-28T22:22:57.386844+09:00,rail-left-01,rail-right-01,0.6.7-draft,0.6.7-draft,mqtt,mqtt,386.21,314.47,5.467,5.52,0.028,0.04,-0.02,-0.297,10.4,9.777,-0.064,0.0321,0.0362,0.0617,-0.0091,-0.0081,24.96,25.05,12651,15144,1.581,1.893,4.744,5.679,215,215,22,22,0,0,0,0,,-0.05017819,,-0.05017819,,-0.00769983,,-0.00769983,,-0.46164416,,0.0118572,,-0.02371441,,0.71635,0.0,0.42693986,0,0,638.2,388.2,0.9015,1.1216,1,1,0
2026-09-28T22:22:57.320650+09:00,95795830,cc3d2640,2026-09-28T22:22:57.320650+09:00,2026-09-28T22:22:57.406788+09:00,rail-left-01,rail-right-01,0.6.7-draft,0.6.7-draft,mqtt,mqtt,387.36,315.41,5.473,5.536,-0.007,0.089,0.157,-0.229,10.391,9.625,-0.061,0.0329,0.0373,0.0521,-0.0077,-0.0009,24.97,25.05,12679,15222,1.585,1.903,4.755,5.708,216,216,22,22,0,0,0,0,,0.093175,,0.093175,,-0.01461649,,-0.01461649,,-0.45818583,,0.0133758,,-0.02675159,,0.71635,0.0,0.42680685,0,0,639.2,389.2,0.9015,1.1216,1,1,0
2026-09-28T22:22:57.340359+09:00,95815539,cc3d2640,2026-09-28T22:22:57.340359+09:00,2026-09-28T22:22:57.426497+09:00,rail-left-01,rail-right-01,0.6.7-draft,0.6.7-draft,mqtt,mqtt,388.45,316.31,5.478,5.538,-0.02,0.013,-0.108,-0.387,10.392,9.79,-0.0622,0.0329,0.0396,0.0581,-0.0119,-0.0099,24.97,25.07,12705,15232,1.588,1.904,4.764,5.712,217,217,22,22,0,0,0,0,,0.13546538,,0.13546538,,-0.01916649,,-0.01916649,,-0.45591083,,0.01160298,,-0.02320596,,0.71635,0.0,0.42671935,0,0,640.2,390.2,0.9015,1.1216,1,1,0
2026-09-28T22:22:57.360447+09:00,95835627,cc3d2640,2026-09-28T22:22:57.360447+09:00,2026-09-28T22:22:57.446585+09:00,rail-left-01,rail-right-01,0.6.7-draft,0.6.7-draft,mqtt,mqtt,389.59,317.25,5.479,5.541,0.008,-0.016,-0.189,-0.176,10.39,9.742,-0.0633,0.0352,0.0408,0.06,-0.0108,-0.0036,24.96,25.04,12712,15247,1.589,1.906,4.767,5.718,218,218,22,22,0,0,0,0,,0.1501141,,0.1501141,,-0.02269983,,-0.02269983,,-0.45414416,,0.00988829,,-0.01977657,,0.71635,0.0,0.4266514,0,0,641.2,391.2,0.9015,1.1216,1,1,0
2026-09-28T22:22:57.380404+09:00,95855584,cc3d2640,2026-09-28T22:22:57.380404+09:00,2026-09-28T22:22:57.466542+09:00,rail-left-01,rail-right-01,0.6.7-draft,0.6.7-draft,mqtt,mqtt,390.74,318.2,5.479,5.557,-0.074,-0.017,-0.026,-0.124,10.483,9.786,-0.0662,0.0314,0.0396,0.0568,-0.0147,-0.0115,24.94,25.06,12712,15324,1.589,1.916,4.767,5.747,219,219,22,22,0,0,0,0,,0.16010532,,0.16010532,,-0.02750935,,-0.02750935,,-0.4517394,,0.01001306,,-0.02002612,,0.71635,0.0,0.42655891,0,0,642.3,392.3,0.9015,1.1216,1,1,0
2026-09-28T22:22:57.400430+09:00,95875610,cc3d2640,2026-09-28T22:22:57.400430+09:00,2026-09-28T22:22:57.486568+09:00,rail-left-01,rail-right-01,0.6.7-draft,0.6.7-draft,mqtt,mqtt,391.88,319.19,5.48,5.566,0.095,0.091,-0.081,-0.466,10.523,9.753,-0.0649,0.0361,0.0454,0.0593,-0.012,-0.0067,24.97,25.06,12715,15367,1.589,1.921,4.768,5.763,220,220,22,22,0,0,0,0,,0.20579,,0.20579,,-0.03224149,,-0.03224149,,-0.44937333,,0.00998459,,-0.01996917,,0.71635,0.0,0.4264679,0,0,643.3,393.3,0.9015,1.1216,1,1,0
2026-09-28T22:22:57.576022+09:00,96009425,cc3d2640,2026-09-28T22:22:57.576022+09:00,2026-09-28T22:22:57.659329+09:00,rail-left-01,rail-right-01,0.6.7-draft,0.6.7-draft,mqtt,mqtt,399.49,325.51,5.476,5.576,-0.077,-0.048,-0.175,-0.43,10.399,9.796,-0.0699,0.0321,0.0397,0.0621,-0.01,-0.0093,24.99,25.05,12694,15414,1.587,1.927,4.76,5.78,221,221,23,23,0,0,0,0,,,,,,,,,,,,,,,,,0.0,0.0,0,0,650.2,400.2,0.9015,1.1216,1,1,0
2026-09-28T22:22:57.596226+09:00,96029629,cc3d2640,2026-09-28T22:22:57.596226+09:00,2026-09-28T22:22:57.679533+09:00,rail-left-01,rail-right-01,0.6.7-draft,0.6.7-draft,mqtt,mqtt,400.68,326.45,5.435,5.613,0.181,0.153,-0.014,-0.192,10.388,9.772,-0.0695,0.0324,0.037,0.058,-0.0063,-0.0087,24.99,25.05,12494,15595,1.562,1.949,4.685,5.848,222,222,23,23,0,0,0,0,,,,,,,,,,,,,,,,,0.0,0.0,0,0,651.2,401.2,0.9015,1.1216,1,1,0
2026-09-28T22:22:57.616073+09:00,96049476,cc3d2640,2026-09-28T22:22:57.616073+09:00,2026-09-28T22:22:57.699380+09:00,rail-left-01,rail-right-01,0.6.7-draft,0.6.7-draft,mqtt,mqtt,401.77,327.39,5.44,5.619,-0.061,-0.01,0.164,-0.423,10.398,9.543,-0.0701,0.0342,0.0396,0.059,-0.0073,-0.0076,24.95,25.07,12516,15620,1.565,1.953,4.694,5.858,223,223,23,23,0,0,0,0,,,,,,,,,,,,,,,,,0.0,0.0,0,0,652.2,402.2,0.9015,1.1216,1,1,0
2026-09-28T22:22:57.636031+09:00,96069434,cc3d2640,2026-09-28T22:22:57.636031+09:00,2026-09-28T22:22:57.719337+09:00,rail-left-01,rail-right-01,0.6.7-draft,0.6.7-draft,mqtt,mqtt,402.97,328.34,5.422,5.617,-0.151,-0.15,0.057,-0.308,10.629,9.668,-0.0649,0.027,0.04,0.0573,-0.0104,-0.0048,24.96,25.04,12429,15614,1.554,1.952,4.661,5.855,224,224,23,23,0,0,0,0,,,,,,,,,,,,,,,,,0.0,0.0,0,0,653.3,403.3,0.9015,1.1216,1,1,0
2026-09-28T22:22:57.656243+09:00,96089645,cc3d2640,2026-09-28T22:22:57.656243+09:00,2026-09-28T22:22:57.739549+09:00,rail-left-01,rail-right-01,0.6.7-draft,0.6.7-draft,mqtt,mqtt,404.11,329.28,5.414,5.618,0.12,0.188,-0.147,-0.274,10.403,9.862,-0.0663,0.0293,0.039,0.0585,-0.0109,-0.0076,24.95,25.04,12389,15617,1.549,1.952,4.646,5.856,225,225,23,23,0,0,0,0,,,,,,,,,,,,,,,,,0.0,0.0,0,0,654.3,404.3,0.9015,1.1216,1,1,0
2026-09-28T22:22:57.676184+09:00,96109586,cc3d2640,2026-09-28T22:22:57.676184+09:00,2026-09-28T22:22:57.759490+09:00,rail-left-01,rail-right-01,0.6.7-draft,0.6.7-draft,mqtt,mqtt,405.25,330.23,5.396,5.623,-0.056,-0.075,-0.024,-0.243,10.617,9.692,-0.0652,0.0305,0.0408,0.0593,-0.0077,-0.0068,24.96,25.04,12301,15641,1.538,1.955,4.613,5.865,226,226,23,23,0,0,0,0,,0.13100784,,0.13100784,,-0.05525538,,-0.05525538,,-0.45086639,,-0.00041021,,-0.01309325,,0.71635,0.0,0.42652533,0,0,655.4,405.4,0.9015,1.1216,1,1,0
2026-09-28T22:22:57.696124+09:00,96129526,cc3d2640,2026-09-28T22:22:57.696124+09:00,2026-09-28T22:22:57.779430+09:00,rail-left-01,rail-right-01,0.6.7-draft,0.6.7-draft,mqtt,mqtt,406.4,331.17,5.389,5.621,0.053,0.123,0.03,-0.342,10.548,9.646,-0.0644,0.033,0.0385,0.056,-0.008,-0.0056,24.97,25.06,12268,15632,1.534,1.954,4.601,5.862,227,227,23,23,0,0,0,0,,0.12737506,,0.12737506,,-0.07346649,,-0.07346649,,-0.45216083,,-0.00061846,,-0.01272411,,0.71635,0.0,0.42657512,0,0,656.4,406.4,0.9015,1.1216,1,1,0
2026-09-28T22:22:57.716082+09:00,96149485,cc3d2640,2026-09-28T22:22:57.716082+09:00,2026-09-28T22:22:57.799389+09:00,rail-left-01,rail-right-01,0.6.7-draft,0.6.7-draft,mqtt,mqtt,407.54,332.12,5.37,5.605,-0.031,-0.078,0.224,-0.141,10.302,9.872,-0.0625,0.0373,0.0382,0.0552,-0.0093,-0.0036,24.97,25.05,12175,15553,1.522,1.944,4.566,5.832,228,228,23,23,0,0,0,0,,0.07246798,,0.07246798,,-0.08691195,,-0.08691195,,-0.4539472,,-0.00084583,,-0.01214932,,0.71635,0.0,0.42664382,0,0,657.4,407.4,0.9015,1.1216,1,1,0
2026-09-28T22:22:57.736188+09:00,96169591,cc3d2640,2026-09-28T22:22:57.736188+09:00,2026-09-28T22:22:57.819494+09:00,rail-left-01,rail-right-01,0.6.7-draft,0.6.7-draft,mqtt,mqtt,408.68,333.11,5.372,5.606,0.007,0.145,-0.117,-0.351,10.387,9.665,-0.0625,0.0342,0.0409,0.0584,-0.0092,-0.0068,24.95,25.06,12184,15558,1.523,1.945,4.569,5.834,229,229,23,23,0,0,0,0,,0.07956646,,0.07956646,,-0.09819983,,-0.09819983,,-0.45539416,,-0.00094399,,-0.01178704,,0.71635,0.0,0.42669948,0,0,658.4,408.4,0.9015,1.1216,1,1,0
2026-09-28T22:22:57.756052+09:00,96189455,cc3d2640,2026-09-28T22:22:57.756052+09:00,2026-09-28T22:22:57.839358+09:00,rail-left-01,rail-right-01,0.6.7-draft,0.6.7-draft,mqtt,mqtt,409.83,334.06,5.363,5.602,-0.09,-0.012,-0.095,-0.262,10.324,9.747,-0.0636,0.0318,0.0378,0.0581,-0.0088,-0.0059,24.97,25.05,12142,15540,1.518,1.943,4.553,5.828,230,230,23,23,0,0,0,0,,0.05104809,,0.05104809,,-0.10744342,,-0.10744342,,-0.45677237,,-0.00102155,,-0.01145209,,0.71635,0.0,0.42675248,0,0,659.5,409.5,0.9015,1.1216,1,1,0
2026-09-28T22:22:57.931132+09:00,96362440,cc3d2640,2026-09-28T22:22:57.931132+09:00,2026-09-28T22:22:58.014845+09:00,rail-left-01,rail-right-01,0.6.7-draft,0.6.7-draft,mqtt,mqtt,419.82,342.26,5.356,5.596,0.116,0.104,0.159,-0.612,10.338,9.735,-0.0745,0.0305,0.0336,0.0557,-0.0064,-0.0103,24.96,25.06,12108,15511,1.514,1.939,4.541,5.817,231,231,24,24,0,0,0,0,,,,,,,,,,,,,,,,,0.0,0.0,0,0,668.5,418.5,0.9015,1.1216,1,1,0
2026-09-28T22:22:57.951181+09:00,96382490,cc3d2640,2026-09-28T22:22:57.951181+09:00,2026-09-28T22:22:58.034895+09:00,rail-left-01,rail-right-01,0.6.7-draft,0.6.7-draft,mqtt,mqtt,421.01,343.21,5.376,5.432,-0.092,-0.083,0.019,-0.099,10.459,9.554,-0.0686,0.0341,0.035,0.0494,0.0005,0.0021,24.95,25.04,12203,14719,1.525,1.84,4.576,5.52,232,232,24,24,0,0,0,0,,,,,,,,,,,,,,,,,0.0,0.0,0,0,669.6,419.6,0.9015,1.1216,1,1,0
2026-09-28T22:22:57.971291+09:00,96402600,cc3d2640,2026-09-28T22:22:57.971291+09:00,2026-09-28T22:22:58.055005+09:00,rail-left-01,rail-right-01,0.6.7-draft,0.6.7-draft,mqtt,mqtt,422.16,344.15,5.402,5.422,0.124,0.145,-0.014,-0.372,10.415,9.817,-0.0667,0.0337,0.0354,0.0529,-0.0081,-0.0079,24.95,25.07,12332,14675,1.542,1.834,4.625,5.503,233,233,24,24,0,0,0,0,,,,,,,,,,,,,,,,,0.0,0.0,0,0,670.6,420.6,0.9015,1.1216,1,1,0
2026-09-28T22:22:57.991235+09:00,96422543,cc3d2640,2026-09-28T22:22:57.991235+09:00,2026-09-28T22:22:58.074948+09:00,rail-left-01,rail-right-01,0.6.7-draft,0.6.7-draft,mqtt,mqtt,423.3,345.09,5.407,5.416,-0.056,-0.04,-0.127,-0.146,10.436,9.88,-0.0626,0.0304,0.0398,0.0545,-0.0092,-0.0131,24.96,25.04,12356,14643,1.545,1.83,4.634,5.491,234,234,24,24,0,0,0,0,,,,,,,,,,,,,,,,,0.0,0.0,0,0,671.6,421.6,0.9015,1.1216,1,1,0
2026-09-28T22:22:58.011331+09:00,96442639,cc3d2640,2026-09-28T22:22:58.011331+09:00,2026-09-28T22:22:58.095044+09:00,rail-left-01,rail-right-01,0.6.7-draft,0.6.7-draft,mqtt,mqtt,424.44,346.09,5.411,5.419,0.023,0.095,0.206,-0.265,10.494,9.771,-0.064,0.0296,0.0381,0.0536,-0.0085,-0.0055,24.97,25.06,12377,14661,1.547,1.833,4.641,5.498,235,235,24,24,0,0,0,0,,,,,,,,,,,,,,,,,0.0,0.0,0,0,672.7,422.7,0.9015,1.1216,1,1,0
2026-09-28T22:22:58.031318+09:00,96462627,cc3d2640,2026-09-28T22:22:58.031318+09:00,2026-09-28T22:22:58.115032+09:00,rail-left-01,rail-right-01,0.6.7-draft,0.6.7-draft,mqtt,mqtt,425.64,347.03,5.404,5.41,-0.03,-0.102,0.192,-0.348,10.7,9.859,-0.0629,0.0341,0.0374,0.0544,-0.0085,-0.0083,24.95,25.04,12342,14614,1.543,1.827,4.628,5.48,236,236,24,24,0,0,0,0,,,,,,,,,,,,,,,,,0.0,0.0,0,0,673.7,423.7,0.9015,1.1216,1,1,0
2026-09-28T22:22:58.051348+09:00,96482657,cc3d2640,2026-09-28T22:22:58.051348+09:00,2026-09-28T22:22:58.135062+09:00,rail-left-01,rail-right-01,0.6.7-draft,0.6.7-draft,mqtt,mqtt,426.78,347.98,5.419,5.417,0.105,0.042,-0.126,-0.4,10.283,9.595,-0.0641,0.0282,0.0425,0.0597,-0.0108,-0.0105,24.97,25.06,12413,14650,1.552,1.831,4.655,5.494,237,237,24,24,0,0,0,0,,,,,,,,,,,,,,,,,0.0,0.0,0,0,674.8,424.8,0.9015,1.1216,1,1,0
2026-09-28T22:22:58.071161+09:00,96502469,cc3d2640,2026-09-28T22:22:58.071161+09:00,2026-09-28T22:22:58.154874+09:00,rail-left-01,rail-right-01,0.6.7-draft,0.6.7-draft,mqtt,mqtt,427.93,348.92,5.411,5.42,-0.047,-0.019,0.077,-0.101,10.476,9.746,-0.0658,0.0336,0.0421,0.0584,-0.0072,-0.0065,24.98,25.06,12375,14665,1.547,1.833,4.641,5.499,238,238,24,24,0,0,0,0,,,,,,,,,,,,,,,,,0.0,0.0,0,0,675.8,425.8,0.9015,1.1216,1,1,0
2026-09-28T22:22:58.091255+09:00,96522563,cc3d2640,2026-09-28T22:22:58.091255+09:00,2026-09-28T22:22:58.174968+09:00,rail-left-01,rail-right-01,0.6.7-draft,0.6.7-draft,mqtt,mqtt,429.07,349.87,5.407,5.423,-0.014,0.108,-0.101,-0.53,10.645,9.64,-0.0665,0.0317,0.0376,0.0525,-0.0087,-0.0085,24.97,25.04,12356,14677,1.545,1.835,4.634,5.504,239,239,24,24,0,0,0,0,,,,,,,,,,,,,,,,,0.0,0.0,0,0,676.8,426.8,0.9015,1.1216,1,1,0
2026-09-28T22:22:58.111552+09:00,96542860,cc3d2640,2026-09-28T22:22:58.111552+09:00,2026-09-28T22:22:58.195265+09:00,rail-left-01,rail-right-01,0.6.7-draft,0.6.7-draft,mqtt,mqtt,430.26,350.81,5.405,5.413,0.08,0.075,-0.114,-0.299,10.335,9.975,-0.0694,0.0302,0.0398,0.0592,-0.0071,-0.0073,24.96,25.05,12347,14629,1.543,1.829,4.63,5.486,240,240,24,24,0,0,0,0,,0.00613393,,0.00613393,,-0.09886649,,-0.09886649,,-0.46320369,,-0.00196628,,-0.00405096,,0.71635,0.0,0.42699984,0,0,677.9,427.9,0.9015,1.1216,1,1,0
2026-09-28T22:22:58.281714+09:00,96717414,cc3d2640,2026-09-28T22:22:58.281714+09:00,2026-09-28T22:22:58.369303+09:00,rail-left-01,rail-right-01,0.6.7-draft,0.6.7-draft,mqtt,mqtt,440.35,359.12,5.396,5.415,-0.036,0.074,0.061,-0.475,10.441,9.807,-0.0606,0.0314,0.0365,0.056,-0.01,-0.0096,24.96,25.04,12300,14639,1.538,1.83,4.613,5.49,241,241,25,25,0,0,0,0,,,,,,,,,,,,,,,,,0.0,0.0,0,0,687.0,437.0,0.9015,1.1216,1,1,0
2026-09-28T22:22:58.301929+09:00,96737629,cc3d2640,2026-09-28T22:22:58.301929+09:00,2026-09-28T22:22:58.389518+09:00,rail-left-01,rail-right-01,0.6.7-draft,0.6.7-draft,mqtt,mqtt,441.5,360.06,5.373,5.432,0.056,-0.001,0.067,-0.175,10.503,9.904,-0.0638,0.033,0.0388,0.0581,-0.0056,-0.0031,24.97,25.05,12187,14722,1.523,1.84,4.57,5.521,242,242,25,25,0,0,0,0,,,,,,,,,,,,,,,,,0.0,0.0,0,0,688.0,438.0,0.9015,1.1216,1,1,0
2026-09-28T22:22:58.321844+09:00,96757544,cc3d2640,2026-09-28T22:22:58.321844+09:00,2026-09-28T22:22:58.409433+09:00,rail-left-01,rail-right-01,0.6.7-draft,0.6.7-draft,mqtt,mqtt,442.64,361.05,5.373,5.432,-0.084,-0.067,0.208,-0.218,10.372,9.729,-0.0648,0.0269,0.0376,0.0576,-0.0131,-0.0091,24.95,25.04,12188,14720,1.524,1.84,4.571,5.52,243,243,25,25,0,0,0,0,,,,,,,,,,,,,,,,,0.0,0.0,0,0,689.1,439.1,0.9015,1.1216,1,1,0
2026-09-28T22:22:58.341778+09:00,96777478,cc3d2640,2026-09-28T22:22:58.341778+09:00,2026-09-28T22:22:58.429367+09:00,rail-left-01,rail-right-01,0.6.7-draft,0.6.7-draft,mqtt,mqtt,443.83,362.0,5.369,5.426,0.145,0.123,-0.134,-0.417,10.715,9.564,-0.0612,0.0312,0.0409,0.0549,-0.0084,-0.006,24.97,25.04,12168,14690,1.521,1.836,4.563,5.509,244,244,25,25,0,0,0,0,,,,,,,,,,,,,,,,,0.0,0.0,0,0,690.1,440.1,0.9015,1.1216,1,1,0
2026-09-28T22:22:58.361980+09:00,96797680,cc3d2640,2026-09-28T22:22:58.361980+09:00,2026-09-28T22:22:58.449569+09:00,rail-left-01,rail-right-01,0.6.7-draft,0.6.7-draft,mqtt,mqtt,444.98,362.94,5.377,5.433,-0.236,-0.204,0.302,-0.253,10.378,9.47,-0.0622,0.0308,0.0434,0.0589,-0.0127,-0.0073,24.95,25.04,12207,14726,1.526,1.841,4.578,5.522,245,245,25,25,0,0,0,0,,,,,,,,,,,,,,,,,0.0,0.0,0,0,691.2,441.2,0.9015,1.1216,1,1,0
2026-09-28T22:22:58.381937+09:00,96817637,cc3d2640,2026-09-28T22:22:58.381937+09:00,2026-09-28T22:22:58.469526+09:00,rail-left-01,rail-right-01,0.6.7-draft,0.6.7-draft,mqtt,mqtt,446.17,363.89,5.368,5.445,0.171,0.231,-0.184,-0.244,10.552,9.607,-0.0658,0.033,0.0424,0.0594,-0.0104,-0.0081,24.97,25.02,12164,14784,1.521,1.848,4.562,5.544,246,246,25,25,0,0,0,0,,,,,,,,,,,,,,,,,0.0,0.0,0,0,692.2,442.2,0.9015,1.1216,1,1,0
2026-09-28T22:22:58.401904+09:00,96837604,cc3d2640,2026-09-28T22:22:58.401904+09:00,2026-09-28T22:22:58.489493+09:00,rail-left-01,rail-right-01,0.6.7-draft,0.6.7-draft,mqtt,mqtt,447.32,364.83,5.358,5.449,-0.277,-0.202,0.134,-0.206,10.375,9.833,-0.0606,0.0345,0.0397,0.0572,-0.0056,-0.0011,24.96,25.07,12117,14801,1.515,1.85,4.544,5.55,247,247,25,25,0,0,0,0,,,,,,,,,,,,,,,,,0.0,0.0,0,0,693.3,443.3,0.9015,1.1216,1,1,0
2026-09-28T22:22:58.421826+09:00,96857526,cc3d2640,2026-09-28T22:22:58.421826+09:00,2026-09-28T22:22:58.509415+09:00,rail-left-01,rail-right-01,0.6.7-draft,0.6.7-draft,mqtt,mqtt,448.46,365.78,5.353,5.452,0.133,0.053,-0.072,-0.412,10.619,9.686,-0.0642,0.0297,0.039,0.0577,-0.0104,-0.0092,24.97,25.05,12092,14818,1.512,1.852,4.535,5.557,248,248,25,25,0,0,0,0,,,,,,,,,,,,,,,,,0.0,0.0,0,0,694.3,444.3,0.9015,1.1216,1,1,0
2026-09-28T22:22:58.441783+09:00,96877483,cc3d2640,2026-09-28T22:22:58.441783+09:00,2026-09-28T22:22:58.529372+09:00,rail-left-01,rail-right-01,0.6.7-draft,0.6.7-draft,mqtt,mqtt,449.6,366.72,5.338,5.456,0.02,0.037,0.03,-0.217,10.461,9.602,-0.0622,0.0345,0.0477,0.0616,-0.0123,-0.006,24.99,25.05,12020,14835,1.503,1.854,4.508,5.563,249,249,25,25,0,0,0,0,,,,,,,,,,,,,,,,,0.0,0.0,0,0,695.3,445.3,0.9015,1.1216,1,1,0
2026-09-28T22:22:58.461989+09:00,96897689,cc3d2640,2026-09-28T22:22:58.461989+09:00,2026-09-28T22:22:58.549578+09:00,rail-left-01,rail-right-01,0.6.7-draft,0.6.7-draft,mqtt,mqtt,450.8,367.67,5.327,5.472,-0.034,-0.115,-0.037,-0.297,10.251,9.481,-0.061,0.0318,0.0404,0.0572,-0.0104,-0.0063,24.97,25.03,11963,14912,1.495,1.864,4.486,5.592,250,250,25,25,0,0,0,0,,,,,,,,,,,,,,,,,0.0,0.0,0,0,696.4,446.4,0.9015,1.1216,1,1,0
2026-09-28T22:22:58.634161+09:00,97071447,cc3d2640,2026-09-28T22:22:58.634161+09:00,2026-09-28T22:22:58.714728+09:00,rail-left-01,rail-right-01,0.6.7-draft,0.6.7-draft,mqtt,mqtt,460.89,375.82,5.33,5.472,0.056,0.121,-0.192,-0.357,10.489,9.589,-0.0626,0.0342,0.045,0.0569,-0.01,-0.004,24.97,25.04,11979,14914,1.497,1.864,4.492,5.593,251,251,26,26,0,0,0,0,,,,,,,,,,,,,,,,,0.0,0.0,0,0,705.5,455.5,0.9015,1.1216,1,1,0
2026-09-28T22:22:58.654288+09:00,97091574,cc3d2640,2026-09-28T22:22:58.654288+09:00,2026-09-28T22:22:58.734855+09:00,rail-left-01,rail-right-01,0.6.7-draft,0.6.7-draft,mqtt,mqtt,462.03,376.77,5.44,5.544,-0.157,-0.054,-0.072,-0.224,10.293,9.631,-0.0677,0.0324,0.041,0.0544,-0.0081,-0.0028,24.98,25.04,12516,15261,1.565,1.908,4.694,5.723,252,252,26,26,0,0,0,0,,,,,,,,,,,,,,,,,0.0,0.0,0,0,706.5,456.5,0.9015,1.1216,1,1,0
2026-09-28T22:22:58.674248+09:00,97111534,cc3d2640,2026-09-28T22:22:58.674248+09:00,2026-09-28T22:22:58.754815+09:00,rail-left-01,rail-right-01,0.6.7-draft,0.6.7-draft,mqtt,mqtt,463.18,377.71,5.443,5.547,-0.034,0.044,0.255,-0.144,10.727,9.746,-0.0632,0.036,0.0404,0.0541,-0.0081,-0.0003,24.98,25.05,12534,15277,1.567,1.91,4.7,5.729,253,253,26,26,0,0,0,0,,,,,,,,,,,,,,,,,0.0,0.0,0,0,707.6,457.6,0.9015,1.1216,1,1,0
2026-09-28T22:22:58.694217+09:00,97131503,cc3d2640,2026-09-28T22:22:58.694217+09:00,2026-09-28T22:22:58.774784+09:00,rail-left-01,rail-right-01,0.6.7-draft,0.6.7-draft,mqtt,mqtt,464.37,378.65,5.457,5.56,-0.054,-0.023,-0.049,-0.29,10.625,9.831,-0.0644,0.0365,0.0398,0.0537,-0.0101,-0.0077,24.97,25.04,12600,15337,1.575,1.917,4.725,5.751,254,254,26,26,0,0,0,0,,,,,,,,,,,,,,,,,0.0,0.0,0,0,708.7,458.7,0.9015,1.1216,1,1,0
2026-09-28T22:22:58.714340+09:00,97151626,cc3d2640,2026-09-28T22:22:58.714340+09:00,2026-09-28T22:22:58.794907+09:00,rail-left-01,rail-right-01,0.6.7-draft,0.6.7-draft,mqtt,mqtt,465.51,379.6,5.463,5.572,0.012,-0.03,0.212,-0.098,10.436,9.859,-0.0646,0.032,0.0417,0.054,-0.0141,-0.0049,24.97,25.04,12631,15397,1.579,1.925,4.737,5.774,255,255,26,26,0,0,0,0,,,,,,,,,,,,,,,,,0.0,0.0,0,0,709.7,459.7,0.9015,1.1216,1,1,0
2026-09-28T22:22:58.734396+09:00,97171682,cc3d2640,2026-09-28T22:22:58.734396+09:00,2026-09-28T22:22:58.814963+09:00,rail-left-01,rail-right-01,0.6.7-draft,0.6.7-draft,mqtt,mqtt,466.71,380.54,5.462,5.585,0.065,-0.014,0.098,-0.451,10.628,9.814,-0.0665,0.0301,0.0396,0.0549,-0.0147,-0.0093,24.96,25.04,12626,15456,1.578,1.932,4.735,5.796,256,256,26,26,0,0,0,0,,,,,,,,,,,,,,,,,0.0,0.0,0,0,710.8,460.8,0.9015,1.1216,1,1,0
2026-09-28T22:22:58.754336+09:00,97191622,cc3d2640,2026-09-28T22:22:58.754336+09:00,2026-09-28T22:22:58.834904+09:00,rail-left-01,rail-right-01,0.6.7-draft,0.6.7-draft,mqtt,mqtt,467.85,381.49,5.474,5.593,0.0,0.04,-0.139,-0.449,10.511,9.525,-0.0659,0.0352,0.0396,0.0574,-0.0116,-0.0064,24.96,25.04,12687,15498,1.586,1.937,4.758,5.812,257,257,26,26,0,0,0,0,,,,,,,,,,,,,,,,,0.0,0.0,0,0,711.8,461.8,0.9015,1.1216,1,1,0
2026-09-28T22:22:58.774297+09:00,97211583,cc3d2640,2026-09-28T22:22:58.774297+09:00,2026-09-28T22:22:58.854864+09:00,rail-left-01,rail-right-01,0.6.7-draft,0.6.7-draft,mqtt,mqtt,468.99,382.38,5.477,5.599,0.066,0.101,-0.005,0.089,10.362,9.938,-0.0632,0.0313,0.0421,0.0626,-0.0107,-0.0089,24.97,25.07,12702,15524,1.588,1.941,4.763,5.822,258,258,26,26,0,0,0,0,,,,,,,,,,,,,,,,,0.0,0.0,0,0,712.8,462.8,0.9015,1.1216,1,1,0
2026-09-28T22:22:58.794424+09:00,97231710,cc3d2640,2026-09-28T22:22:58.794424+09:00,2026-09-28T22:22:58.874991+09:00,rail-left-01,rail-right-01,0.6.7-draft,0.6.7-draft,mqtt,mqtt,470.14,383.33,5.453,5.618,-0.239,-0.14,-0.244,-0.329,10.673,9.833,-0.0649,0.0348,0.0356,0.065,-0.0115,-0.0212,24.97,25.04,12584,15616,1.573,1.952,4.719,5.856,259,259,26,26,0,0,0,0,,,,,,,,,,,,,,,,,0.0,0.0,0,0,713.9,463.9,0.9015,1.1216,1,1,0
2026-09-28T22:22:58.814233+09:00,97251519,cc3d2640,2026-09-28T22:22:58.814233+09:00,2026-09-28T22:22:58.894800+09:00,rail-left-01,rail-right-01,0.6.7-draft,0.6.7-draft,mqtt,mqtt,471.33,384.27,5.441,5.628,0.289,0.324,0.318,-0.49,10.367,9.688,-0.0616,0.0324,0.0389,0.0663,-0.0101,-0.0128,24.97,25.06,12521,15663,1.565,1.958,4.695,5.874,260,260,26,26,0,0,0,0,,,,,,,,,,,,,,,,,0.0,0.0,0,0,714.9,464.9,0.9015,1.1216,1,1,0
2026-09-28T22:22:58.944653+09:00,97416445,cc3d2640,2026-09-28T22:22:58.944653+09:00,2026-09-28T22:22:58.980990+09:00,rail-left-01,rail-right-01,0.6.7-draft,0.6.7-draft,mqtt,mqtt,480.92,391.98,5.427,5.633,-0.012,0.008,0.085,-0.315,10.36,9.722,-0.0629,0.0306,0.0456,0.0597,-0.0049,-0.0069,24.96,25.05,12455,15691,1.557,1.961,4.671,5.884,261,261,27,27,0,0,0,0,,,,,,,,,,,,,,,,,0.0,0.0,0,0,723.6,473.6,0.9015,1.1216,1,1,0
2026-09-28T22:22:58.964803+09:00,97436595,cc3d2640,2026-09-28T22:22:58.964803+09:00,2026-09-28T22:22:59.001140+09:00,rail-left-01,rail-right-01,0.6.7-draft,0.6.7-draft,mqtt,mqtt,482.07,392.92,5.351,5.718,0.062,0.087,-0.028,-0.117,10.388,9.675,-0.0678,0.03,0.0468,0.0586,-0.0027,-0.0052,24.95,25.04,12080,16100,1.51,2.013,4.53,6.038,262,262,27,27,0,0,0,0,,,,,,,,,,,,,,,,,0.0,0.0,0,0,724.6,474.6,0.9015,1.1216,1,1,0
2026-09-28T22:22:58.984718+09:00,97456510,cc3d2640,2026-09-28T22:22:58.984718+09:00,2026-09-28T22:22:59.021055+09:00,rail-left-01,rail-right-01,0.6.7-draft,0.6.7-draft,mqtt,mqtt,483.26,393.87,5.33,5.73,-0.034,-0.012,-0.165,-0.419,10.738,9.753,-0.0652,0.032,0.0433,0.057,-0.0068,-0.0059,24.97,25.04,11978,16158,1.497,2.02,4.492,6.059,263,263,27,27,0,0,0,0,,,,,,,,,,,,,,,,,0.0,0.0,0,0,725.7,475.7,0.9015,1.1216,1,1,0
2026-09-28T22:22:59.004858+09:00,97476650,cc3d2640,2026-09-28T22:22:59.004858+09:00,2026-09-28T22:22:59.041195+09:00,rail-left-01,rail-right-01,0.6.7-draft,0.6.7-draft,mqtt,mqtt,484.41,394.76,5.322,5.742,-0.001,-0.008,0.059,-0.382,10.448,9.778,-0.0649,0.0302,0.0445,0.0585,-0.0091,-0.0091,24.95,25.05,11939,16216,1.492,2.027,4.477,6.081,264,264,27,27,0,0,0,0,,,,,,,,,,,,,,,,,0.0,0.0,0,0,726.7,476.7,0.9015,1.1216,1,1,0
2026-09-28T22:22:59.024965+09:00,97496758,cc3d2640,2026-09-28T22:22:59.024965+09:00,2026-09-28T22:22:59.061303+09:00,rail-left-01,rail-right-01,0.6.7-draft,0.6.7-draft,mqtt,mqtt,485.6,395.71,5.313,5.744,-0.061,-0.049,0.198,-0.262,10.56,9.618,-0.0645,0.0318,0.0401,0.0581,-0.0099,-0.0064,25.0,25.05,11893,16223,1.487,2.028,4.46,6.084,265,265,27,27,0,0,0,0,,,,,,,,,,,,,,,,,0.0,0.0,0,0,727.8,477.8,0.9015,1.1216,1,1,0
2026-09-28T22:22:59.044975+09:00,97516768,cc3d2640,2026-09-28T22:22:59.044975+09:00,2026-09-28T22:22:59.081313+09:00,rail-left-01,rail-right-01,0.6.7-draft,0.6.7-draft,mqtt,mqtt,486.74,396.65,5.311,5.748,-0.093,-0.038,0.147,-0.267,10.282,9.746,-0.0659,0.0316,0.0465,0.0537,-0.0051,-0.0035,24.97,25.04,11885,16245,1.486,2.031,4.457,6.092,266,266,27,27,0,0,0,0,,,,,,,,,,,,,,,,,0.0,0.0,0,0,728.8,478.8,0.9015,1.1216,1,1,0
2026-09-28T22:22:59.064760+09:00,97536552,cc3d2640,2026-09-28T22:22:59.064760+09:00,2026-09-28T22:22:59.101097+09:00,rail-left-01,rail-right-01,0.6.7-draft,0.6.7-draft,mqtt,mqtt,487.89,397.6,5.311,5.751,-0.11,0.085,-0.11,-0.041,10.447,9.644,-0.0658,0.03,0.0392,0.049,-0.0028,-0.0009,24.97,25.06,11887,16257,1.486,2.032,4.458,6.096,267,267,27,27,0,0,0,0,,,,,,,,,,,,,,,,,0.0,0.0,0,0,729.9,479.9,0.9015,1.1216,1,1,0
2026-09-28T22:22:59.084796+09:00,97556589,cc3d2640,2026-09-28T22:22:59.084796+09:00,2026-09-28T22:22:59.121134+09:00,rail-left-01,rail-right-01,0.6.7-draft,0.6.7-draft,mqtt,mqtt,489.03,398.54,5.314,5.751,-0.156,-0.072,0.163,-0.393,10.556,9.622,-0.0662,0.0321,0.0444,0.0569,-0.0071,-0.0056,24.97,25.06,11902,16257,1.488,2.032,4.463,6.096,268,268,27,27,0,0,0,0,,,,,,,,,,,,,,,,,0.0,0.0,0,0,730.9,480.9,0.9015,1.1216,1,1,0
2026-09-28T22:22:59.104728+09:00,97576520,cc3d2640,2026-09-28T22:22:59.104728+09:00,2026-09-28T22:22:59.141065+09:00,rail-left-01,rail-right-01,0.6.7-draft,0.6.7-draft,mqtt,mqtt,490.22,399.44,5.309,5.749,0.091,0.289,-0.077,-0.469,10.675,9.572,-0.0633,0.0309,0.0346,0.0569,-0.0047,-0.0117,24.98,25.03,11873,16249,1.484,2.031,4.452,6.093,269,269,27,27,0,0,0,0,,,,,,,,,,,,,,,,,0.0,0.0,0,0,732.0,482.0,0.9015,1.1216,1,1,0
2026-09-28T22:22:59.124752+09:00,97596545,cc3d2640,2026-09-28T22:22:59.124752+09:00,2026-09-28T22:22:59.161090+09:00,rail-left-01,rail-right-01,0.6.7-draft,0.6.7-draft,mqtt,mqtt,491.37,400.38,5.303,5.732,-0.03,-0.043,-0.013,-0.075,10.438,10.069,-0.0617,0.0277,0.0369,0.0592,-0.0017,-0.0081,24.96,25.07,11848,16166,1.481,2.021,4.443,6.062,270,270,27,27,0,0,0,0,,,,,,,,,,,,,,,,,0.0,0.0,0,0,733.0,483.0,0.9015,1.1216,1,1,0
2026-09-28T22:22:59.218569+09:00,97682561,cc3d2640,2026-09-28T22:22:59.218569+09:00,2026-09-28T22:22:59.309033+09:00,rail-left-01,rail-right-01,0.6.7-draft,0.6.7-draft,mqtt,mqtt,496.34,404.41,5.298,5.731,0.055,0.095,0.029,-0.368,10.354,9.843,-0.064,0.0246,0.03,0.0504,-0.0069,-0.0072,24.96,25.04,11819,16162,1.477,2.02,4.432,6.061,271,271,28,28,0,0,0,0,,,,,,,,,,,,,,,,,0.0,0.0,0,0,737.5,487.5,0.9015,1.1216,1,1,0
2026-09-28T22:22:59.238689+09:00,97702681,cc3d2640,2026-09-28T22:22:59.238689+09:00,2026-09-28T22:22:59.329154+09:00,rail-left-01,rail-right-01,0.6.7-draft,0.6.7-draft,mqtt,mqtt,497.53,405.35,5.399,5.648,-0.09,-0.123,0.239,-0.271,10.521,9.687,-0.0674,0.0306,0.039,0.0509,-0.0013,-0.0032,24.98,25.04,12319,15763,1.54,1.97,4.62,5.911,272,272,28,28,0,0,0,0,,,,,,,,,,,,,,,,,0.0,0.0,0,0,738.5,488.5,0.9015,1.1216,1,1,0
2026-09-28T22:22:59.258619+09:00,97722611,cc3d2640,2026-09-28T22:22:59.258619+09:00,2026-09-28T22:22:59.349084+09:00,rail-left-01,rail-right-01,0.6.7-draft,0.6.7-draft,mqtt,mqtt,498.67,406.3,5.403,5.646,-0.034,0.105,0.144,-0.283,10.52,9.768,-0.0655,0.0357,0.0412,0.0521,-0.0097,-0.0079,24.97,25.04,12339,15751,1.542,1.969,4.627,5.907,273,273,28,28,0,0,0,0,,,,,,,,,,,,,,,,,0.0,0.0,0,0,739.6,489.6,0.9015,1.1216,1,1,0
2026-09-28T22:22:59.278608+09:00,97742600,cc3d2640,2026-09-28T22:22:59.278608+09:00,2026-09-28T22:22:59.369073+09:00,rail-left-01,rail-right-01,0.6.7-draft,0.6.7-draft,mqtt,mqtt,499.82,407.24,5.409,5.646,0.057,0.043,-0.132,-0.43,10.497,9.673,-0.0657,0.0314,0.0398,0.055,-0.0049,-0.0049,24.95,25.06,12368,15753,1.546,1.969,4.638,5.907,274,274,28,28,0,0,0,0,,,,,,,,,,,,,,,,,0.0,0.0,0,0,740.6,490.6,0.9015,1.1216,1,1,0
2026-09-28T22:22:59.299168+09:00,97763160,cc3d2640,2026-09-28T22:22:59.299168+09:00,2026-09-28T22:22:59.389633+09:00,rail-left-01,rail-right-01,0.6.7-draft,0.6.7-draft,mqtt,mqtt,501.01,408.24,5.414,5.638,-0.09,-0.01,0.078,-0.366,10.612,9.612,-0.0675,0.0289,0.0352,0.0517,-0.0031,-0.0075,24.98,25.07,12393,15712,1.549,1.964,4.647,5.892,275,275,28,28,0,0,0,0,,,,,,,,,,,,,,,,,0.0,0.0,0,0,741.7,491.7,0.9015,1.1216,1,1,0
2026-09-28T22:22:59.319178+09:00,97783170,cc3d2640,2026-09-28T22:22:59.319178+09:00,2026-09-28T22:22:59.409643+09:00,rail-left-01,rail-right-01,0.6.7-draft,0.6.7-draft,mqtt,mqtt,502.15,409.18,5.431,5.625,0.098,0.178,0.152,-0.053,10.311,9.916,-0.0653,0.0342,0.0365,0.053,-0.0099,-0.0056,24.97,25.05,12472,15651,1.559,1.956,4.677,5.869,276,276,28,28,0,0,0,0,,,,,,,,,,,,,,,,,0.0,0.0,0,0,742.7,492.7,0.9015,1.1216,1,1,0
2026-09-28T22:22:59.338734+09:00,97802726,cc3d2640,2026-09-28T22:22:59.338734+09:00,2026-09-28T22:22:59.429199+09:00,rail-left-01,rail-right-01,0.6.7-draft,0.6.7-draft,mqtt,mqtt,503.3,410.08,5.431,5.624,-0.002,-0.03,0.036,-0.353,10.513,9.6,-0.0665,0.0332,0.0392,0.056,-0.0064,-0.0043,24.95,25.06,12476,15647,1.56,1.956,4.679,5.868,277,277,28,28,0,0,0,0,,,,,,,,,,,,,,,,,0.0,0.0,0,0,743.8,493.8,0.9015,1.1216,1,1,0
2026-09-28T22:22:59.358697+09:00,97822689,cc3d2640,2026-09-28T22:22:59.358697+09:00,2026-09-28T22:22:59.449162+09:00,rail-left-01,rail-right-01,0.6.7-draft,0.6.7-draft,mqtt,mqtt,504.44,411.02,5.435,5.619,0.008,0.016,-0.136,-0.442,10.43,9.614,-0.0679,0.0329,0.0342,0.0549,-0.0103,-0.008,24.97,25.05,12493,15623,1.562,1.953,4.685,5.859,278,278,28,28,0,0,0,0,,,,,,,,,,,,,,,,,0.0,0.0,0,0,744.8,494.8,0.9015,1.1216,1,1,0
2026-09-28T22:22:59.378633+09:00,97842625,cc3d2640,2026-09-28T22:22:59.378633+09:00,2026-09-28T22:22:59.469097+09:00,rail-left-01,rail-right-01,0.6.7-draft,0.6.7-draft,mqtt,mqtt,505.59,411.97,5.429,5.61,0.041,0.059,0.116,-0.095,10.364,9.548,-0.0669,0.0358,0.0368,0.0589,-0.0103,-0.0053,24.96,25.06,12462,15576,1.558,1.947,4.673,5.841,279,279,28,28,0,0,0,0,,,,,,,,,,,,,,,,,0.0,0.0,0,0,745.8,495.8,0.9015,1.1216,1,1,0
2026-09-28T22:22:59.398754+09:00,97862746,cc3d2640,2026-09-28T22:22:59.398754+09:00,2026-09-28T22:22:59.489219+09:00,rail-left-01,rail-right-01,0.6.7-draft,0.6.7-draft,mqtt,mqtt,506.78,412.91,5.435,5.587,-0.144,-0.117,-0.017,-0.327,10.416,9.506,-0.0678,0.0342,0.0278,0.0568,-0.0085,-0.0007,24.94,25.04,12494,15467,1.562,1.933,4.685,5.8,280,280,28,28,0,0,0,0,,,,,,,,,,,,,,,,,0.0,0.0,0,0,746.9,496.9,0.9015,1.1216,1,1,0
2026-09-28T22:22:59.540931+09:00,98011445,cc3d2640,2026-09-28T22:22:59.540931+09:00,2026-09-28T22:22:59.623748+09:00,rail-left-01,rail-right-01,0.6.7-draft,0.6.7-draft,mqtt,mqtt,515.38,419.92,5.437,5.569,0.098,0.041,0.491,-0.134,10.572,9.474,-0.0658,0.0334,0.0498,0.0617,-0.01,-0.0097,24.94,25.03,12505,15379,1.563,1.922,4.689,5.767,281,281,29,29,0,0,0,0,,,,,,,,,,,,,,,,,0.0,0.0,0,0,754.6,504.6,0.9015,1.1216,1,1,0
2026-09-28T22:22:59.561070+09:00,98031584,cc3d2640,2026-09-28T22:22:59.561070+09:00,2026-09-28T22:22:59.643887+09:00,rail-left-01,rail-right-01,0.6.7-draft,0.6.7-draft,mqtt,mqtt,516.57,420.87,5.393,5.539,-0.063,0.051,0.041,-0.102,10.056,9.391,-0.0621,0.0349,0.0349,0.0489,-0.0057,-0.0027,24.94,25.05,12286,15237,1.536,1.905,4.607,5.714,282,282,29,29,0,0,0,0,,,,,,,,,,,,,,,,,0.0,0.0,0,0,755.7,505.7,0.9015,1.1216,1,1,0
2026-09-28T22:22:59.581128+09:00,98051642,cc3d2640,2026-09-28T22:22:59.581128+09:00,2026-09-28T22:22:59.663945+09:00,rail-left-01,rail-right-01,0.6.7-draft,0.6.7-draft,mqtt,mqtt,517.72,421.81,5.435,5.555,-0.037,-0.043,-0.085,-0.828,10.368,9.537,-0.0605,0.0356,0.0377,0.0574,-0.008,-0.0103,24.95,25.05,12494,15315,1.562,1.914,4.685,5.743,283,283,29,29,0,0,0,0,,,,,,,,,,,,,,,,,0.0,0.0,0,0,756.8,506.8,0.9015,1.1216,1,1,0
2026-09-28T22:22:59.601090+09:00,98071604,cc3d2640,2026-09-28T22:22:59.601090+09:00,2026-09-28T22:22:59.683907+09:00,rail-left-01,rail-right-01,0.6.7-draft,0.6.7-draft,mqtt,mqtt,518.91,422.75,5.448,5.561,0.044,0.035,0.023,-0.071,10.494,10.143,-0.0629,0.0325,0.0354,0.055,-0.0096,-0.0099,24.97,25.06,12559,15343,1.57,1.918,4.71,5.754,284,284,29,29,0,0,0,0,,,,,,,,,,,,,,,,,0.0,0.0,0,0,757.8,507.8,0.9015,1.1216,1,1,0
2026-09-28T22:22:59.621205+09:00,98091719,cc3d2640,2026-09-28T22:22:59.621205+09:00,2026-09-28T22:22:59.704022+09:00,rail-left-01,rail-right-01,0.6.7-draft,0.6.7-draft,mqtt,mqtt,520.1,423.7,5.452,5.562,0.041,0.095,0.09,-0.199,10.465,9.591,-0.0641,0.028,0.039,0.058,-0.0117,-0.0104,24.96,25.04,12575,15345,1.572,1.918,4.716,5.754,285,285,29,29,0,0,0,0,,,,,,,,,,,,,,,,,0.0,0.0,0,0,758.9,508.9,0.9015,1.1216,1,1,0
2026-09-28T22:22:59.641179+09:00,98111693,cc3d2640,2026-09-28T22:22:59.641179+09:00,2026-09-28T22:22:59.723996+09:00,rail-left-01,rail-right-01,0.6.7-draft,0.6.7-draft,mqtt,mqtt,521.25,424.64,5.44,5.567,-0.176,-0.117,0.135,-0.323,10.41,9.588,-0.0632,0.0321,0.0412,0.0553,-0.0035,-0.0009,24.97,25.03,12516,15372,1.565,1.922,4.694,5.765,286,286,29,29,0,0,0,0,,,,,,,,,,,,,,,,,0.0,0.0,0,0,759.9,509.9,0.9015,1.1216,1,1,0
2026-09-28T22:22:59.661090+09:00,98131604,cc3d2640,2026-09-28T22:22:59.661090+09:00,2026-09-28T22:22:59.743907+09:00,rail-left-01,rail-right-01,0.6.7-draft,0.6.7-draft,mqtt,mqtt,522.39,425.59,5.438,5.562,0.115,0.169,-0.011,-0.208,10.483,9.863,-0.0654,0.0297,0.0364,0.0574,-0.0031,-0.0047,24.95,25.04,12508,15348,1.564,1.919,4.691,5.756,287,287,29,29,0,0,0,0,,,,,,,,,,,,,,,,,0.0,0.0,0,0,761.0,511.0,0.9015,1.1216,1,1,0
2026-09-28T22:22:59.681019+09:00,98151533,cc3d2640,2026-09-28T22:22:59.681019+09:00,2026-09-28T22:22:59.763836+09:00,rail-left-01,rail-right-01,0.6.7-draft,0.6.7-draft,mqtt,mqtt,523.58,426.53,5.428,5.565,-0.013,-0.008,-0.007,-0.315,10.518,9.784,-0.0638,0.0314,0.0398,0.0569,-0.0041,0.0003,24.96,25.02,12459,15363,1.557,1.92,4.672,5.761,288,288,29,29,0,0,0,0,,,,,,,,,,,,,,,,,0.0,0.0,0,0,762.0,512.0,0.9015,1.1216,1,1,0
2026-09-28T22:22:59.701120+09:00,98171634,cc3d2640,2026-09-28T22:22:59.701120+09:00,2026-09-28T22:22:59.783937+09:00,rail-left-01,rail-right-01,0.6.7-draft,0.6.7-draft,mqtt,mqtt,524.73,427.43,5.425,5.567,0.061,0.079,-0.169,-0.335,10.5,9.811,-0.069,0.0332,0.0425,0.0589,-0.0076,-0.0071,24.95,25.04,12445,15372,1.556,1.922,4.667,5.765,289,289,29,29,0,0,0,0,,,,,,,,,,,,,,,,,0.0,0.0,0,0,763.1,513.1,0.9015,1.1216,1,1,0
2026-09-28T22:22:59.721139+09:00,98191653,cc3d2640,2026-09-28T22:22:59.721139+09:00,2026-09-28T22:22:59.803956+09:00,rail-left-01,rail-right-01,0.6.7-draft,0.6.7-draft,mqtt,mqtt,525.92,428.42,5.407,5.57,-0.02,-0.023,0.105,-0.188,10.578,9.822,-0.0625,0.0346,0.0441,0.0596,-0.0057,-0.0031,24.94,25.04,12354,15388,1.544,1.924,4.633,5.771,290,290,29,29,0,0,0,0,,,,,,,,,,,,,,,,,0.0,0.0,0,0,764.1,514.1,0.9015,1.1216,1,1,0
2026-09-28T22:22:59.850672+09:00,98325523,cc3d2640,2026-09-28T22:22:59.850672+09:00,2026-09-28T22:22:59.885291+09:00,rail-left-01,rail-right-01,0.6.7-draft,0.6.7-draft,mqtt,mqtt,533.63,434.74,5.402,5.575,0.014,0.072,-0.159,-0.345,10.47,9.606,-0.0653,0.0314,0.0369,0.0577,-0.0064,-0.0073,24.97,25.06,12331,15411,1.541,1.926,4.624,5.779,291,291,30,30,0,0,0,0,,,,,,,,,,,,,,,,,0.0,0.0,0,0,771.1,521.1,0.9015,1.1216,1,1,0
2026-09-28T22:22:59.870786+09:00,98345638,cc3d2640,2026-09-28T22:22:59.870786+09:00,2026-09-28T22:22:59.905406+09:00,rail-left-01,rail-right-01,0.6.7-draft,0.6.7-draft,mqtt,mqtt,534.82,435.68,5.454,5.601,0.044,0.019,0.158,-0.199,10.825,9.748,-0.0584,0.0338,0.0277,0.047,-0.0069,0.0,24.96,25.06,12588,15533,1.574,1.942,4.72,5.825,292,292,30,30,0,0,0,0,,,,,,,,,,,,,,,,,0.0,0.0,0,0,772.2,522.2,0.9015,1.1216,1,1,0
2026-09-28T22:22:59.890711+09:00,98365562,cc3d2640,2026-09-28T22:22:59.890711+09:00,2026-09-28T22:22:59.925330+09:00,rail-left-01,rail-right-01,0.6.7-draft,0.6.7-draft,mqtt,mqtt,535.96,436.63,5.495,5.588,-0.018,0.012,-0.03,-0.345,10.477,9.875,-0.0536,0.0333,0.0316,0.049,-0.0111,-0.01,24.97,25.04,12790,15472,1.599,1.934,4.796,5.802,293,293,30,30,0,0,0,0,,,,,,,,,,,,,,,,,0.0,0.0,0,0,773.2,523.2,0.9015,1.1216,1,1,0
2026-09-28T22:22:59.910860+09:00,98385711,cc3d2640,2026-09-28T22:22:59.910860+09:00,2026-09-28T22:22:59.945479+09:00,rail-left-01,rail-right-01,0.6.7-draft,0.6.7-draft,mqtt,mqtt,537.11,437.57,5.528,5.591,-0.065,0.025,-0.054,-0.314,10.294,9.614,-0.0602,0.0346,0.0341,0.0613,-0.0072,-0.0027,24.96,25.02,12949,15489,1.619,1.936,4.856,5.808,294,294,30,30,0,0,0,0,,,,,,,,,,,,,,,,,0.0,0.0,0,0,774.2,524.2,0.9015,1.1216,1,1,0
2026-09-28T22:22:59.930874+09:00,98405725,cc3d2640,2026-09-28T22:22:59.930874+09:00,2026-09-28T22:22:59.965493+09:00,rail-left-01,rail-right-01,0.6.7-draft,0.6.7-draft,mqtt,mqtt,538.25,438.52,5.549,5.592,-0.055,-0.004,-0.035,-0.073,10.305,9.734,-0.0636,0.0324,0.0286,0.0521,-0.0089,0.0019,24.96,25.05,13051,15490,1.631,1.936,4.894,5.809,295,295,30,30,0,0,0,0,,,,,,,,,,,,,,,,,0.0,0.0,0,0,775.3,525.3,0.9015,1.1216,1,1,0
2026-09-28T22:22:59.950851+09:00,98425702,cc3d2640,2026-09-28T22:22:59.950851+09:00,2026-09-28T22:22:59.985470+09:00,rail-left-01,rail-right-01,0.6.7-draft,0.6.7-draft,mqtt,mqtt,539.39,439.46,5.553,5.593,0.215,0.114,0.047,-0.358,10.554,9.748,-0.0622,0.0344,0.0397,0.0572,-0.0107,-0.0064,24.96,25.05,13073,15496,1.634,1.937,4.902,5.811,296,296,30,30,0,0,0,0,,,,,,,,,,,,,,,,,0.0,0.0,0,0,776.3,526.3,0.9015,1.1216,1,1,0
2026-09-28T22:22:59.970764+09:00,98445616,cc3d2640,2026-09-28T22:22:59.970764+09:00,2026-09-28T22:23:00.005384+09:00,rail-left-01,rail-right-01,0.6.7-draft,0.6.7-draft,mqtt,mqtt,540.54,440.4,5.558,5.597,-0.023,-0.022,-0.092,-0.214,10.429,9.87,-0.0626,0.0356,0.0348,0.0526,-0.0088,-0.0059,24.94,25.07,13097,15517,1.637,1.94,4.911,5.819,297,297,30,30,0,0,0,0,,,,,,,,,,,,,,,,,0.0,0.0,0,0,777.3,527.3,0.9015,1.1216,1,1,0
2026-09-28T22:22:59.990708+09:00,98465559,cc3d2640,2026-09-28T22:22:59.990708+09:00,2026-09-28T22:23:00.025327+09:00,rail-left-01,rail-right-01,0.6.7-draft,0.6.7-draft,mqtt,mqtt,541.68,441.35,5.585,5.607,0.032,0.095,0.044,-0.284,10.41,9.595,-0.0628,0.0322,0.039,0.058,-0.0105,-0.0089,24.96,25.04,13232,15566,1.654,1.946,4.962,5.837,298,298,30,30,0,0,0,0,,,,,,,,,,,,,,,,,0.0,0.0,0,0,778.4,528.4,0.9015,1.1216,1,1,0
2026-09-28T22:23:00.010786+09:00,98485637,cc3d2640,2026-09-28T22:23:00.010786+09:00,2026-09-28T22:23:00.045405+09:00,rail-left-01,rail-right-01,0.6.7-draft,0.6.7-draft,mqtt,mqtt,542.87,442.29,5.59,5.606,-0.081,0.035,0.04,-0.15,10.464,9.622,-0.0641,0.0342,0.0437,0.0609,-0.0067,-0.0043,24.97,25.04,13252,15559,1.657,1.945,4.97,5.835,299,299,30,30,0,0,0,0,,,,,,,,,,,,,,,,,0.0,0.0,0,0,779.4,529.4,0.9015,1.1216,1,1,0
2026-09-28T22:23:00.030859+09:00,98505710,cc3d2640,2026-09-28T22:23:00.030859+09:00,2026-09-28T22:23:00.065478+09:00,rail-left-01,rail-right-01,0.6.7-draft,0.6.7-draft,mqtt,mqtt,544.02,443.24,5.571,5.617,-0.045,0.017,0.257,-0.509,10.591,9.491,-0.0678,0.0326,0.039,0.0572,-0.0048,-0.0003,24.97,25.04,13162,15614,1.645,1.952,4.936,5.855,300,300,30,30,0,0,0,0,,,,,,,,,,,,,,,,,0.0,0.0,0,0,780.5,530.5,0.9015,1.1216,1,1,0
2026-09-28T22:23:00.114222+09:00,98590459,cc3d2640,2026-09-28T22:23:00.114222+09:00,2026-09-28T22:23:00.198870+09:00,rail-left-01,rail-right-01,0.6.7-draft,0.6.7-draft,mqtt,mqtt,548.89,447.27,5.572,5.615,0.078,0.016,-0.103,-0.472,10.435,9.629,-0.0652,0.0329,0.0405,0.0561,-0.0065,-0.0052,24.95,25.03,13168,15600,1.646,1.95,4.938,5.85,301,301,31,31,0,0,0,0,,,,,,,,,,,,,,,,,0.0,0.0,0,0,784.9,534.9,0.9015,1.1216,1,1,0
2026-09-28T22:23:00.134337+09:00,98610575,cc3d2640,2026-09-28T22:23:00.134337+09:00,2026-09-28T22:23:00.218986+09:00,rail-left-01,rail-right-01,0.6.7-draft,0.6.7-draft,mqtt,mqtt,550.08,448.21,5.601,5.626,0.035,0.043,0.077,-0.199,10.475,9.543,-0.0641,0.0312,0.039,0.0593,-0.0061,-0.0059,24.94,25.04,13310,15654,1.664,1.957,4.991,5.87,302,302,31,31,0,0,0,0,,,,,,,,,,,,,,,,,0.0,0.0,0,0,785.9,535.9,0.9015,1.1216,1,1,0
2026-09-28T22:23:00.154257+09:00,98630495,cc3d2640,2026-09-28T22:23:00.154257+09:00,2026-09-28T22:23:00.238906+09:00,rail-left-01,rail-right-01,0.6.7-draft,0.6.7-draft,mqtt,mqtt,551.23,449.15,5.592,5.634,-0.056,-0.014,0.233,-0.293,10.42,9.665,-0.064,0.036,0.0414,0.0577,-0.0128,-0.0087,24.94,25.05,13263,15692,1.658,1.962,4.974,5.885,303,303,31,31,0,0,0,0,,,,,,,,,,,,,,,,,0.0,0.0,0,0,787.0,537.0,0.9015,1.1216,1,1,0
2026-09-28T22:23:00.174372+09:00,98650610,cc3d2640,2026-09-28T22:23:00.174372+09:00,2026-09-28T22:23:00.259021+09:00,rail-left-01,rail-right-01,0.6.7-draft,0.6.7-draft,mqtt,mqtt,552.37,450.1,5.59,5.646,0.059,0.045,0.171,-0.292,10.364,9.729,-0.063,0.0338,0.0416,0.0598,-0.0083,-0.0076,24.97,25.07,13252,15752,1.657,1.969,4.97,5.907,304,304,31,31,0,0,0,0,,,,,,,,,,,,,,,,,0.0,0.0,0,0,788.0,538.0,0.9015,1.1216,1,1,0
2026-09-28T22:23:00.194236+09:00,98670473,cc3d2640,2026-09-28T22:23:00.194236+09:00,2026-09-28T22:23:00.278884+09:00,rail-left-01,rail-right-01,0.6.7-draft,0.6.7-draft,mqtt,mqtt,553.56,451.04,5.575,5.649,-0.062,-0.013,0.242,-0.299,10.436,9.726,-0.0622,0.0396,0.0446,0.0578,-0.0095,-0.0056,24.97,25.05,13182,15768,1.648,1.971,4.943,5.913,305,305,31,31,0,0,0,0,,,,,,,,,,,,,,,,,0.0,0.0,0,0,789.1,539.1,0.9015,1.1216,1,1,0
2026-09-28T22:23:00.214225+09:00,98690462,cc3d2640,2026-09-28T22:23:00.214225+09:00,2026-09-28T22:23:00.298873+09:00,rail-left-01,rail-right-01,0.6.7-draft,0.6.7-draft,mqtt,mqtt,554.71,451.99,5.561,5.662,-0.037,-0.008,0.02,-0.488,10.499,9.556,-0.0659,0.0304,0.0428,0.0602,-0.0075,-0.0104,24.97,25.04,13112,15831,1.639,1.979,4.917,5.937,306,306,31,31,0,0,0,0,,,,,,,,,,,,,,,,,0.0,0.0,0,0,790.1,540.1,0.9015,1.1216,1,1,0
2026-09-28T22:23:00.234339+09:00,98710576,cc3d2640,2026-09-28T22:23:00.234339+09:00,2026-09-28T22:23:00.318987+09:00,rail-left-01,rail-right-01,0.6.7-draft,0.6.7-draft,mqtt,mqtt,555.9,452.93,5.558,5.667,-0.047,-0.036,0.013,-0.196,10.38,9.833,-0.0669,0.0344,0.0418,0.0616,-0.0083,-0.0051,24.94,25.06,13099,15852,1.637,1.982,4.912,5.945,307,307,31,31,0,0,0,0,,,,,,,,,,,,,,,,,0.0,0.0,0,0,791.2,541.2,0.9015,1.1216,1,1,0
2026-09-28T22:23:00.254760+09:00,98730998,cc3d2640,2026-09-28T22:23:00.254760+09:00,2026-09-28T22:23:00.339409+09:00,rail-left-01,rail-right-01,0.6.7-draft,0.6.7-draft,mqtt,mqtt,557.04,453.88,5.539,5.673,0.06,0.053,0.092,-0.217,10.643,9.762,-0.0644,0.0332,0.0433,0.0617,-0.0117,-0.0084,24.97,25.04,13004,15882,1.626,1.985,4.877,5.956,308,308,31,31,0,0,0,0,,,,,,,,,,,,,,,,,0.0,0.0,0,0,792.2,542.2,0.9015,1.1216,1,1,0
2026-09-28T22:23:00.274349+09:00,98750587,cc3d2640,2026-09-28T22:23:00.274349+09:00,2026-09-28T22:23:00.358998+09:00,rail-left-01,rail-right-01,0.6.7-draft,0.6.7-draft,mqtt,mqtt,558.19,454.82,5.528,5.681,-0.121,-0.117,-0.114,-0.259,10.412,9.671,-0.0677,0.0317,0.0388,0.0589,-0.0097,-0.0072,24.95,25.06,12950,15919,1.619,1.99,4.856,5.97,309,309,31,31,0,0,0,0,,,,,,,,,,,,,,,,,0.0,0.0,0,0,793.2,543.2,0.9015,1.1216,1,1,0
2026-09-28T22:23:00.294384+09:00,98770622,cc3d2640,2026-09-28T22:23:00.294384+09:00,2026-09-28T22:23:00.379033+09:00,rail-left-01,rail-right-01,0.6.7-draft,0.6.7-draft,mqtt,mqtt,559.38,455.77,5.513,5.685,0.074,0.148,-0.103,-0.328,10.518,9.572,-0.0675,0.0352,0.0436,0.0641,-0.0076,-0.0067,24.97,25.06,12876,15941,1.61,1.993,4.829,5.978,310,310,31,31,0,0,0,0,,,,,,,,,,,,,,,,,0.0,0.0,0,0,794.3,544.3,0.9015,1.1216,1,1,0
2026-09-28T22:23:00.436054+09:00,98904424,cc3d2640,2026-09-28T22:23:00.436054+09:00,2026-09-28T22:23:00.518206+09:00,rail-left-01,rail-right-01,0.6.7-draft,0.6.7-draft,mqtt,mqtt,567.19,462.08,5.498,5.689,-0.096,-0.025,0.09,-0.372,10.497,9.819,-0.0721,0.0281,0.0336,0.0518,-0.0111,-0.0101,24.96,25.05,12802,15961,1.6,1.995,4.801,5.985,311,311,32,32,0,0,0,0,,,,,,,,,,,,,,,,,0.0,0.0,0,0,801.3,551.3,0.9015,1.1216,1,1,0
2026-09-28T22:23:00.456168+09:00,98924538,cc3d2640,2026-09-28T22:23:00.456168+09:00,2026-09-28T22:23:00.538320+09:00,rail-left-01,rail-right-01,0.6.7-draft,0.6.7-draft,mqtt,mqtt,568.38,463.03,5.463,5.714,0.013,0.014,0.305,-0.224,10.391,9.612,-0.0689,0.0286,0.0348,0.0518,-0.0056,-0.0029,24.94,25.06,12631,16078,1.579,2.01,4.737,6.029,312,312,32,32,0,0,0,0,,,,,,,,,,,,,,,,,0.0,0.0,0,0,802.4,552.4,0.9015,1.1216,1,1,0
2026-09-28T22:23:00.476108+09:00,98944478,cc3d2640,2026-09-28T22:23:00.476108+09:00,2026-09-28T22:23:00.558259+09:00,rail-left-01,rail-right-01,0.6.7-draft,0.6.7-draft,mqtt,mqtt,569.52,463.97,5.473,5.712,-0.103,-0.097,0.225,-0.481,10.4,9.61,-0.0675,0.0328,0.041,0.0621,-0.0117,-0.0133,24.94,25.05,12682,16071,1.585,2.009,4.756,6.027,313,313,32,32,0,0,0,0,,,,,,,,,,,,,,,,,0.0,0.0,0,0,803.4,553.4,0.9015,1.1216,1,1,0
2026-09-28T22:23:00.496205+09:00,98964575,cc3d2640,2026-09-28T22:23:00.496205+09:00,2026-09-28T22:23:00.578356+09:00,rail-left-01,rail-right-01,0.6.7-draft,0.6.7-draft,mqtt,mqtt,570.72,464.97,5.464,5.722,-0.031,-0.05,-0.204,-0.287,10.647,9.81,-0.0638,0.0302,0.0377,0.0566,-0.0103,-0.0061,24.97,25.04,12638,16118,1.58,2.015,4.739,6.044,314,314,32,32,0,0,0,0,,,,,,,,,,,,,,,,,0.0,0.0,0,0,804.5,554.5,0.9015,1.1216,1,1,0
2026-09-28T22:23:00.516755+09:00,98985125,cc3d2640,2026-09-28T22:23:00.516755+09:00,2026-09-28T22:23:00.598906+09:00,rail-left-01,rail-right-01,0.6.7-draft,0.6.7-draft,mqtt,mqtt,571.91,465.91,5.465,5.719,0.019,0.029,0.105,-0.305,10.485,9.74,-0.0641,0.0274,0.0381,0.0553,-0.0083,-0.0045,24.98,25.04,12641,16102,1.58,2.013,4.74,6.038,315,315,32,32,0,0,0,0,,,,,,,,,,,,,,,,,0.0,0.0,0,0,805.6,555.6,0.9015,1.1216,1,1,0
2026-09-28T22:23:00.536815+09:00,99005185,cc3d2640,2026-09-28T22:23:00.536815+09:00,2026-09-28T22:23:00.618967+09:00,rail-left-01,rail-right-01,0.6.7-draft,0.6.7-draft,mqtt,mqtt,573.1,466.85,5.46,5.703,-0.035,-0.047,-0.038,-0.272,10.654,9.594,-0.0645,0.0249,0.0361,0.0488,-0.0069,-0.0053,24.99,25.04,12617,16028,1.577,2.003,4.731,6.01,316,316,32,32,0,0,0,0,,,,,,,,,,,,,,,,,0.0,0.0,0,0,806.7,556.7,0.9015,1.1216,1,1,0
2026-09-28T22:23:00.556196+09:00,99024566,cc3d2640,2026-09-28T22:23:00.556196+09:00,2026-09-28T22:23:00.638348+09:00,rail-left-01,rail-right-01,0.6.7-draft,0.6.7-draft,mqtt,mqtt,574.2,467.75,5.476,5.691,0.05,0.102,-0.189,-0.321,10.329,9.625,-0.0655,0.022,0.0334,0.0501,-0.0035,-0.0057,24.97,25.04,12693,15968,1.587,1.996,4.76,5.988,317,317,32,32,0,0,0,0,,,,,,,,,,,,,,,,,0.0,0.0,0,0,807.7,557.7,0.9015,1.1216,1,1,0
2026-09-28T22:23:00.576189+09:00,99044559,cc3d2640,2026-09-28T22:23:00.576189+09:00,2026-09-28T22:23:00.658340+09:00,rail-left-01,rail-right-01,0.6.7-draft,0.6.7-draft,mqtt,mqtt,575.39,468.69,5.478,5.661,0.019,0.036,0.11,0.035,10.351,10.007,-0.0642,0.0274,0.0366,0.0554,-0.0055,-0.0076,24.95,25.04,12706,15825,1.588,1.978,4.765,5.934,318,318,32,32,0,0,0,0,,,,,,,,,,,,,,,,,0.0,0.0,0,0,808.7,558.7,0.9015,1.1216,1,1,0
2026-09-28T22:23:00.596188+09:00,99064558,cc3d2640,2026-09-28T22:23:00.596188+09:00,2026-09-28T22:23:00.678339+09:00,rail-left-01,rail-right-01,0.6.7-draft,0.6.7-draft,mqtt,mqtt,576.53,469.64,5.468,5.656,-0.023,0.011,0.059,-0.365,10.356,9.457,-0.0622,0.0314,0.0396,0.0629,-0.0163,-0.018,24.95,25.04,12657,15798,1.582,1.975,4.746,5.924,319,319,32,32,0,0,0,0,,,,,,,,,,,,,,,,,0.0,0.0,0,0,809.8,559.8,0.9015,1.1216,1,1,0
2026-09-28T22:23:00.616078+09:00,99084448,cc3d2640,2026-09-28T22:23:00.616078+09:00,2026-09-28T22:23:00.698230+09:00,rail-left-01,rail-right-01,0.6.7-draft,0.6.7-draft,mqtt,mqtt,577.73,470.58,5.462,5.653,-0.09,-0.059,-0.293,-0.528,10.364,9.638,-0.0671,0.0284,0.0348,0.0601,-0.0067,0.0015,24.96,25.04,12625,15785,1.578,1.973,4.734,5.919,320,320,32,32,0,0,0,0,,,,,,,,,,,,,,,,,0.0,0.0,0,0,810.9,560.9,0.9015,1.1216,1,1,0
2026-09-28T22:23:00.789673+09:00,99221451,cc3d2640,2026-09-28T22:23:00.789673+09:00,2026-09-28T22:23:00.866950+09:00,rail-left-01,rail-right-01,0.6.7-draft,0.6.7-draft,mqtt,mqtt,585.73,477.1,5.453,5.649,0.109,0.095,0.147,-0.414,10.399,9.615,-0.0666,0.0322,0.0472,0.0614,-0.0107,-0.0119,24.96,25.05,12584,15765,1.573,1.971,4.719,5.912,321,321,33,33,0,0,0,0,,,,,,,,,,,,,,,,,0.0,0.0,0,0,818.1,568.1,0.9015,1.1216,1,1,0
2026-09-28T22:23:00.809805+09:00,99241583,cc3d2640,2026-09-28T22:23:00.809805+09:00,2026-09-28T22:23:00.887082+09:00,rail-left-01,rail-right-01,0.6.7-draft,0.6.7-draft,mqtt,mqtt,586.92,478.04,5.43,5.659,-0.117,-0.092,0.069,0.008,10.12,9.56,-0.0597,0.0324,0.0402,0.0564,-0.0087,-0.0059,24.96,25.03,12469,15812,1.559,1.977,4.676,5.93,322,322,33,33,0,0,0,0,,,,,,,,,,,,,,,,,0.0,0.0,0,0,819.1,569.1,0.9015,1.1216,1,1,0
2026-09-28T22:23:00.829755+09:00,99261533,cc3d2640,2026-09-28T22:23:00.829755+09:00,2026-09-28T22:23:00.907032+09:00,rail-left-01,rail-right-01,0.6.7-draft,0.6.7-draft,mqtt,mqtt,588.12,478.99,5.42,5.656,0.072,0.105,-0.056,-0.509,10.613,9.896,-0.0646,0.0349,0.0393,0.0566,-0.0108,-0.0073,24.96,25.06,12420,15801,1.553,1.975,4.658,5.925,323,323,33,33,0,0,0,0,,,,,,,,,,,,,,,,,0.0,0.0,0,0,820.2,570.2,0.9015,1.1216,1,1,0
2026-09-28T22:23:00.849694+09:00,99281472,cc3d2640,2026-09-28T22:23:00.849694+09:00,2026-09-28T22:23:00.926971+09:00,rail-left-01,rail-right-01,0.6.7-draft,0.6.7-draft,mqtt,mqtt,589.26,479.93,5.399,5.65,-0.078,-0.113,0.235,-0.104,10.704,9.816,-0.0628,0.0352,0.0394,0.0541,-0.0084,-0.0036,24.96,25.05,12319,15770,1.54,1.971,4.62,5.914,324,324,33,33,0,0,0,0,,,,,,,,,,,,,,,,,0.0,0.0,0,0,821.2,571.2,0.9015,1.1216,1,1,0
2026-09-28T22:23:00.870131+09:00,99301909,cc3d2640,2026-09-28T22:23:00.870131+09:00,2026-09-28T22:23:00.947408+09:00,rail-left-01,rail-right-01,0.6.7-draft,0.6.7-draft,mqtt,mqtt,590.45,480.88,5.397,5.643,0.013,0.047,-0.069,-0.188,10.398,9.716,-0.0658,0.032,0.0385,0.0553,-0.0111,-0.0099,24.95,25.02,12305,15736,1.538,1.967,4.614,5.901,325,325,33,33,0,0,0,0,,,,,,,,,,,,,,,,,0.0,0.0,0,0,822.3,572.3,0.9015,1.1216,1,1,0
2026-09-28T22:23:00.889908+09:00,99321686,cc3d2640,2026-09-28T22:23:00.889908+09:00,2026-09-28T22:23:00.967185+09:00,rail-left-01,rail-right-01,0.6.7-draft,0.6.7-draft,mqtt,mqtt,591.65,481.82,5.392,5.634,-0.135,-0.091,0.072,-0.29,10.426,9.912,-0.0628,0.0333,0.0353,0.0524,-0.0055,-0.0049,24.97,25.05,12285,15694,1.536,1.962,4.607,5.885,326,326,33,33,0,0,0,0,,,,,,,,,,,,,,,,,0.0,0.0,0,0,823.4,573.4,0.9015,1.1216,1,1,0
2026-09-28T22:23:00.909813+09:00,99341591,cc3d2640,2026-09-28T22:23:00.909813+09:00,2026-09-28T22:23:00.987090+09:00,rail-left-01,rail-right-01,0.6.7-draft,0.6.7-draft,mqtt,mqtt,592.79,482.76,5.393,5.632,0.025,0.075,0.061,-0.32,10.615,9.796,-0.0613,0.0312,0.037,0.0549,-0.0133,-0.0084,24.97,25.06,12288,15684,1.536,1.961,4.608,5.882,327,327,33,33,0,0,0,0,,,,,,,,,,,,,,,,,0.0,0.0,0,0,824.4,574.4,0.9015,1.1216,1,1,0
2026-09-28T22:23:00.929765+09:00,99361543,cc3d2640,2026-09-28T22:23:00.929765+09:00,2026-09-28T22:23:01.007042+09:00,rail-left-01,rail-right-01,0.6.7-draft,0.6.7-draft,mqtt,mqtt,593.98,483.76,5.392,5.626,0.035,-0.016,-0.072,-0.306,10.417,9.72,-0.0628,0.0314,0.0386,0.0538,-0.0101,-0.0089,24.97,25.03,12282,15653,1.535,1.957,4.606,5.87,328,328,33,33,0,0,0,0,,,,,,,,,,,,,,,,,0.0,0.0,0,0,825.5,575.5,0.9015,1.1216,1,1,0
2026-09-28T22:23:00.949820+09:00,99381598,cc3d2640,2026-09-28T22:23:00.949820+09:00,2026-09-28T22:23:01.027097+09:00,rail-left-01,rail-right-01,0.6.7-draft,0.6.7-draft,mqtt,mqtt,595.18,484.7,5.385,5.617,0.012,-0.026,0.115,-0.098,10.585,9.591,-0.0602,0.0352,0.0418,0.0592,-0.0085,-0.0107,24.96,25.04,12246,15612,1.531,1.952,4.592,5.855,329,329,33,33,0,0,0,0,,,,,,,,,,,,,,,,,0.0,0.0,0,0,826.6,576.6,0.9015,1.1216,1,1,0
2026-09-28T22:23:00.970049+09:00,99401827,cc3d2640,2026-09-28T22:23:00.970049+09:00,2026-09-28T22:23:01.047326+09:00,rail-left-01,rail-right-01,0.6.7-draft,0.6.7-draft,mqtt,mqtt,596.37,485.65,5.384,5.612,-0.041,0.04,-0.139,-0.089,10.335,9.774,-0.0601,0.0372,0.0369,0.0556,-0.0087,-0.0024,24.97,25.04,12243,15589,1.53,1.949,4.591,5.846,330,330,33,33,0,0,0,0,,,,,,,,,,,,,,,,,0.0,0.0,0,0,827.7,577.7,0.9015,1.1216,1,1,0
2026-09-28T22:23:01.134901+09:00,99569408,cc3d2640,2026-09-28T22:23:01.134901+09:00,2026-09-28T22:23:01.184676+09:00,rail-left-01,rail-right-01,0.6.7-draft,0.6.7-draft,mqtt,mqtt,606.21,493.6,5.38,5.604,-0.023,-0.047,0.092,-0.268,10.399,9.483,-0.0608,0.0329,0.0421,0.0581,-0.0117,-0.0063,24.97,25.05,12222,15551,1.528,1.944,4.583,5.832,331,331,34,34,0,0,0,0,,,,,,,,,,,,,,,,,0.0,0.0,0,0,836.5,586.5,0.9015,1.1216,1,1,0
2026-09-28T22:23:01.155013+09:00,99589520,cc3d2640,2026-09-28T22:23:01.155013+09:00,2026-09-28T22:23:01.204788+09:00,rail-left-01,rail-right-01,0.6.7-draft,0.6.7-draft,mqtt,mqtt,607.41,494.6,5.342,5.566,-0.032,-0.093,-0.024,-0.394,10.579,9.638,-0.0657,0.0344,0.0429,0.06,-0.0112,-0.0075,24.95,25.07,12039,15367,1.505,1.921,4.515,5.763,332,332,34,34,0,0,0,0,,,,,,,,,,,,,,,,,0.0,0.0,0,0,837.6,587.6,0.9015,1.1216,1,1,0
2026-09-28T22:23:01.175053+09:00,99609560,cc3d2640,2026-09-28T22:23:01.175053+09:00,2026-09-28T22:23:01.224828+09:00,rail-left-01,rail-right-01,0.6.7-draft,0.6.7-draft,mqtt,mqtt,608.55,495.54,5.322,5.573,0.096,0.175,-0.122,-0.358,10.514,9.767,-0.0658,0.0288,0.0441,0.0624,-0.0124,-0.0093,24.97,25.06,11940,15400,1.493,1.925,4.477,5.775,333,333,34,34,0,0,0,0,,,,,,,,,,,,,,,,,0.0,0.0,0,0,838.6,588.6,0.9015,1.1216,1,1,0
2026-09-28T22:23:01.195023+09:00,99629530,cc3d2640,2026-09-28T22:23:01.195023+09:00,2026-09-28T22:23:01.244798+09:00,rail-left-01,rail-right-01,0.6.7-draft,0.6.7-draft,mqtt,mqtt,609.74,496.49,5.313,5.579,-0.062,-0.062,-0.02,-0.268,10.484,9.827,-0.0641,0.0348,0.0381,0.0545,-0.0056,-0.0049,24.99,25.05,11896,15429,1.487,1.929,4.461,5.786,334,334,34,34,0,0,0,0,,,,,,,,,,,,,,,,,0.0,0.0,0,0,839.7,589.7,0.9015,1.1216,1,1,0
2026-09-28T22:23:01.215052+09:00,99649559,cc3d2640,2026-09-28T22:23:01.215052+09:00,2026-09-28T22:23:01.264827+09:00,rail-left-01,rail-right-01,0.6.7-draft,0.6.7-draft,mqtt,mqtt,610.94,497.43,5.321,5.588,0.06,-0.001,0.175,-0.39,10.762,9.596,-0.0616,0.0322,0.0378,0.052,-0.0109,-0.0076,24.98,25.03,11934,15471,1.492,1.934,4.475,5.802,335,335,34,34,0,0,0,0,,,,,,,,,,,,,,,,,0.0,0.0,0,0,840.8,590.8,0.9015,1.1216,1,1,0
2026-09-28T22:23:01.235029+09:00,99669536,cc3d2640,2026-09-28T22:23:01.235029+09:00,2026-09-28T22:23:01.284804+09:00,rail-left-01,rail-right-01,0.6.7-draft,0.6.7-draft,mqtt,mqtt,612.08,498.38,5.348,5.581,0.005,0.013,0.025,-0.089,10.449,9.949,-0.0574,0.0344,0.0322,0.0478,-0.0111,-0.0048,24.96,25.03,12065,15438,1.508,1.93,4.524,5.789,336,336,34,34,0,0,0,0,,,,,,,,,,,,,,,,,0.0,0.0,0,0,841.8,591.8,0.9015,1.1216,1,1,0
2026-09-28T22:23:01.254945+09:00,99689452,cc3d2640,2026-09-28T22:23:01.254945+09:00,2026-09-28T22:23:01.304720+09:00,rail-left-01,rail-right-01,0.6.7-draft,0.6.7-draft,mqtt,mqtt,613.27,499.32,5.374,5.587,-0.072,-0.066,0.176,-0.28,10.494,9.65,-0.0582,0.0314,0.0385,0.0484,-0.0097,-0.0043,24.99,25.04,12194,15466,1.524,1.933,4.573,5.8,337,337,34,34,0,0,0,0,,,,,,,,,,,,,,,,,0.0,0.0,0,0,842.9,592.9,0.9015,1.1216,1,1,0
2026-09-28T22:23:01.275003+09:00,99709510,cc3d2640,2026-09-28T22:23:01.275003+09:00,2026-09-28T22:23:01.324777+09:00,rail-left-01,rail-right-01,0.6.7-draft,0.6.7-draft,mqtt,mqtt,614.47,500.27,5.411,5.59,0.059,0.132,-0.162,-0.35,10.539,9.75,-0.0625,0.0312,0.0316,0.0486,-0.0119,-0.0129,24.99,25.04,12376,15483,1.547,1.935,4.641,5.806,338,338,34,34,0,0,0,0,,,,,,,,,,,,,,,,,0.0,0.0,0,0,844.0,594.0,0.9015,1.1216,1,1,0
2026-09-28T22:23:01.294989+09:00,99729496,cc3d2640,2026-09-28T22:23:01.294989+09:00,2026-09-28T22:23:01.344764+09:00,rail-left-01,rail-right-01,0.6.7-draft,0.6.7-draft,mqtt,mqtt,615.61,501.21,5.445,5.583,-0.029,0.016,-0.037,-0.315,10.422,9.641,-0.0654,0.035,0.0372,0.055,-0.0092,-0.006,24.97,25.04,12544,15449,1.568,1.931,4.704,5.793,339,339,34,34,0,0,0,0,,,,,,,,,,,,,,,,,0.0,0.0,0,0,845.0,595.0,0.9015,1.1216,1,1,0
2026-09-28T22:23:01.315242+09:00,99749749,cc3d2640,2026-09-28T22:23:01.315242+09:00,2026-09-28T22:23:01.365017+09:00,rail-left-01,rail-right-01,0.6.7-draft,0.6.7-draft,mqtt,mqtt,616.8,502.2,5.448,5.584,0.055,0.001,-0.014,-0.332,10.433,9.673,-0.062,0.0376,0.0396,0.0568,-0.0103,-0.0065,24.99,25.05,12555,15452,1.569,1.932,4.708,5.795,340,340,34,34,0,0,0,0,,,,,,,,,,,,,,,,,0.0,0.0,0,0,846.1,596.1,0.9015,1.1216,1,1,0
2026-09-28T22:23:01.416663+09:00,99887449,cc3d2640,2026-09-28T22:23:01.416663+09:00,2026-09-28T22:23:01.454441+09:00,rail-left-01,rail-right-01,0.6.7-draft,0.6.7-draft,mqtt,mqtt,624.91,508.72,5.439,5.576,0.271,0.418,-0.723,0.751,10.269,10.424,-0.0702,0.0428,0.0449,0.0561,0.0153,0.0003,24.98,25.05,12512,15414,1.564,1.927,4.692,5.78,341,341,35,35,0,0,0,0,,,,,,,,,,,,,,,,,0.0,0.0,0,0,853.4,603.4,0.9015,1.1216,1,1,0
2026-09-28T22:23:01.436826+09:00,99907612,cc3d2640,2026-09-28T22:23:01.436826+09:00,2026-09-28T22:23:01.474605+09:00,rail-left-01,rail-right-01,0.6.7-draft,0.6.7-draft,mqtt,mqtt,626.1,509.66,5.431,5.725,0.113,0.123,1.092,0.117,10.783,10.505,-0.0689,0.0637,0.0512,0.0803,0.0007,-0.0044,24.96,25.05,12475,16132,1.559,2.016,4.678,6.049,342,342,35,35,0,0,0,0,,,,,,,,,,,,,,,,,0.0,0.0,0,0,854.5,604.5,0.9015,1.1216,1,1,0
2026-09-28T22:23:01.456744+09:00,99927530,cc3d2640,2026-09-28T22:23:01.456744+09:00,2026-09-28T22:23:01.494523+09:00,rail-left-01,rail-right-01,0.6.7-draft,0.6.7-draft,mqtt,mqtt,627.25,510.56,5.449,5.844,-0.385,-0.359,1.251,0.972,11.424,9.746,-0.0492,0.0504,0.0401,0.0506,0.002,-0.0019,24.96,25.06,12560,16704,1.57,2.088,4.71,6.264,343,343,35,35,0,0,0,0,,,,,,,,,,,,,,,,,0.0,0.0,0,0,855.5,605.5,0.9015,1.1216,1,1,0
2026-09-28T22:23:01.476735+09:00,99947521,cc3d2640,2026-09-28T22:23:01.476735+09:00,2026-09-28T22:23:01.514513+09:00,rail-left-01,rail-right-01,0.6.7-draft,0.6.7-draft,mqtt,mqtt,628.44,511.5,5.509,5.897,0.363,0.323,-0.2,-0.265,10.37,9.486,-0.0521,0.0466,0.0474,0.0554,-0.0023,0.0044,24.96,25.05,12858,16962,1.607,2.12,4.822,6.361,344,344,35,35,0,0,0,0,,,,,,,,,,,,,,,,,0.0,0.0,0,0,856.6,606.6,0.9015,1.1216,1,1,0
2026-09-28T22:23:01.496982+09:00,99967768,cc3d2640,2026-09-28T22:23:01.496982+09:00,2026-09-28T22:23:01.534760+09:00,rail-left-01,rail-right-01,0.6.7-draft,0.6.7-draft,mqtt,mqtt,629.63,512.45,5.563,5.945,-0.476,-0.29,-0.099,-0.51,10.202,9.479,-0.046,0.0433,0.038,0.0538,-0.0148,-0.0141,24.99,25.05,13121,17191,1.64,2.149,4.92,6.447,345,345,35,35,0,0,0,0,,,,,,,,,,,,,,,,,0.0,0.0,0,0,857.6,607.6,0.9015,1.1216,1,1,0
2026-09-28T22:23:01.517267+09:00,99988053,cc3d2640,2026-09-28T22:23:01.517267+09:00,2026-09-28T22:23:01.555046+09:00,rail-left-01,rail-right-01,0.6.7-draft,0.6.7-draft,mqtt,mqtt,630.83,513.39,5.616,5.994,0.309,0.305,-0.387,-0.71,10.521,9.724,-0.0492,0.0502,0.038,0.0561,-0.0055,-0.0051,24.98,25.06,13384,17428,1.673,2.179,5.019,6.536,346,346,35,35,0,0,0,0,,,,,,,,,,,,,,,,,0.0,0.0,0,0,858.7,608.7,0.9015,1.1216,1,1,0
2026-09-28T22:23:01.536782+09:00,100007568,cc3d2640,2026-09-28T22:23:01.536782+09:00,2026-09-28T22:23:01.574560+09:00,rail-left-01,rail-right-01,0.6.7-draft,0.6.7-draft,mqtt,mqtt,631.97,514.24,5.676,6.056,-0.166,-0.119,-0.554,-0.673,10.472,9.89,-0.0418,0.0512,0.0409,0.0558,-0.0077,-0.0088,24.97,25.05,13678,17580,1.71,2.197,5.129,6.592,347,347,35,35,0,0,0,0,,,,,,,,,,,,,,,,,0.0,0.0,0,0,859.8,609.8,0.9015,1.1216,1,1,0
2026-09-28T22:23:01.556732+09:00,100027518,cc3d2640,2026-09-28T22:23:01.556732+09:00,2026-09-28T22:23:01.594511+09:00,rail-left-01,rail-right-01,0.6.7-draft,0.6.7-draft,mqtt,mqtt,633.11,515.13,5.768,6.202,0.193,0.109,-0.208,-0.644,10.567,9.748,-0.0401,0.0554,0.0401,0.0544,-0.0075,-0.0055,25.0,25.06,14130,17905,1.766,2.238,5.299,6.714,348,348,35,35,0,0,0,0,,,,,,,,,,,,,,,,,0.0,0.0,0,0,860.8,610.8,0.9015,1.1216,1,1,0
2026-09-28T22:23:01.576755+09:00,100047541,cc3d2640,2026-09-28T22:23:01.576755+09:00,2026-09-28T22:23:01.614533+09:00,rail-left-01,rail-right-01,0.6.7-draft,0.6.7-draft,mqtt,mqtt,634.26,516.03,5.876,6.341,-0.181,-0.107,-0.215,-0.415,10.435,9.577,-0.042,0.0509,0.0382,0.0526,-0.0135,-0.0131,24.97,25.05,14659,18213,1.832,2.277,5.497,6.83,349,349,35,35,0,0,0,0,,,,,,,,,,,,,,,,,0.0,0.0,0,0,861.8,611.8,0.9015,1.1216,1,1,0
2026-09-28T22:23:01.597170+09:00,100067956,cc3d2640,2026-09-28T22:23:01.597170+09:00,2026-09-28T22:23:01.634948+09:00,rail-left-01,rail-right-01,0.6.7-draft,0.6.7-draft,mqtt,mqtt,635.45,516.92,5.972,6.468,0.032,0.004,0.175,0.074,10.417,9.659,-0.0461,0.0492,0.0409,0.0564,-0.0072,-0.0069,24.96,25.06,15128,18494,1.891,2.312,5.673,6.935,350,350,35,35,0,0,0,0,,,,,,,,,,,,,,,,,0.0,0.0,0,0,862.9,612.9,0.9015,1.1216,1,1,0
2026-09-28T22:23:01.692084+09:00,100157459,cc3d2640,2026-09-28T22:23:01.692084+09:00,2026-09-28T22:23:01.776918+09:00,rail-left-01,rail-right-01,0.6.7-draft,0.6.7-draft,mqtt,mqtt,640.67,520.95,6.019,6.516,-0.029,-0.018,-0.12,-0.35,10.343,9.776,-0.0697,0.036,0.036,0.0504,-0.0063,-0.0045,24.95,25.08,15315,18600,1.914,2.325,5.743,6.975,351,351,36,36,0,0,0,0,,,,,,,,,,,,,,,,,0.0,0.0,0,0,867.6,617.6,0.9015,1.1216,1,1,0
2026-09-28T22:23:01.712222+09:00,100177597,cc3d2640,2026-09-28T22:23:01.712222+09:00,2026-09-28T22:23:01.797056+09:00,rail-left-01,rail-right-01,0.6.7-draft,0.6.7-draft,mqtt,mqtt,641.81,521.84,6.391,6.742,0.126,0.098,-0.072,-0.2,10.435,9.706,-0.0751,0.0316,0.0378,0.056,-0.0096,-0.0063,24.97,25.05,16241,19103,2.03,2.388,6.09,7.164,352,352,36,36,0,0,0,0,,,,,,,,,,,,,,,,,0.0,0.0,0,0,868.6,618.6,0.9015,1.1216,1,1,0
2026-09-28T22:23:01.732167+09:00,100197542,cc3d2640,2026-09-28T22:23:01.732167+09:00,2026-09-28T22:23:01.817000+09:00,rail-left-01,rail-right-01,0.6.7-draft,0.6.7-draft,mqtt,mqtt,642.96,522.74,6.421,6.762,-0.051,-0.055,-0.065,-0.261,10.412,9.765,-0.0726,0.0306,0.0422,0.0593,-0.0103,-0.0037,24.98,25.07,16314,19147,2.039,2.393,6.118,7.18,353,353,36,36,0,0,0,0,,,,,,,,,,,,,,,,,0.0,0.0,0,0,869.7,619.7,0.9015,1.1216,1,1,0
2026-09-28T22:23:01.752161+09:00,100217536,cc3d2640,2026-09-28T22:23:01.752161+09:00,2026-09-28T22:23:01.836994+09:00,rail-left-01,rail-right-01,0.6.7-draft,0.6.7-draft,mqtt,mqtt,644.15,523.63,6.411,6.768,0.129,0.109,-0.103,-0.297,10.388,9.517,-0.0689,0.0312,0.0408,0.0529,-0.0061,0.0068,24.96,25.04,16290,19159,2.036,2.395,6.109,7.185,354,354,36,36,0,0,0,0,,,,,,,,,,,,,,,,,0.0,0.0,0,0,870.7,620.7,0.9015,1.1216,1,1,0
2026-09-28T22:23:01.772521+09:00,100237896,cc3d2640,2026-09-28T22:23:01.772521+09:00,2026-09-28T22:23:01.857354+09:00,rail-left-01,rail-right-01,0.6.7-draft,0.6.7-draft,mqtt,mqtt,645.34,524.53,6.399,6.758,-0.18,-0.198,0.255,-0.12,10.592,9.929,-0.0662,0.0318,0.036,0.0526,-0.0072,0.0016,24.96,25.05,16261,19137,2.033,2.392,6.098,7.176,355,355,36,36,0,0,0,0,,,,,,,,,,,,,,,,,0.0,0.0,0,0,871.8,621.8,0.9015,1.1216,1,1,0
2026-09-28T22:23:01.792515+09:00,100257890,cc3d2640,2026-09-28T22:23:01.792515+09:00,2026-09-28T22:23:01.877348+09:00,rail-left-01,rail-right-01,0.6.7-draft,0.6.7-draft,mqtt,mqtt,646.49,525.47,6.413,6.753,0.188,0.17,0.065,-0.168,10.378,9.807,-0.0669,0.032,0.0382,0.0538,-0.0089,-0.0047,24.96,25.05,16296,19127,2.037,2.391,6.111,7.173,356,356,36,36,0,0,0,0,,,,,,,,,,,,,,,,,0.0,0.0,0,0,872.8,622.8,0.9015,1.1216,1,1,0
2026-09-28T22:23:01.812257+09:00,100277632,cc3d2640,2026-09-28T22:23:01.812257+09:00,2026-09-28T22:23:01.897090+09:00,rail-left-01,rail-right-01,0.6.7-draft,0.6.7-draft,mqtt,mqtt,647.63,526.37,6.407,6.753,-0.326,-0.318,0.182,-0.044,10.57,9.796,-0.0653,0.0353,0.0332,0.057,-0.0109,-0.0131,24.97,25.05,16280,19127,2.035,2.391,6.105,7.173,357,357,36,36,0,0,0,0,,,,,,,,,,,,,,,,,0.0,0.0,0,0,873.9,623.9,0.9015,1.1216,1,1,0
2026-09-28T22:23:01.832193+09:00,100297568,cc3d2640,2026-09-28T22:23:01.832193+09:00,2026-09-28T22:23:01.917027+09:00,rail-left-01,rail-right-01,0.6.7-draft,0.6.7-draft,mqtt,mqtt,648.82,527.26,6.424,6.756,0.253,0.233,0.107,-0.308,10.448,9.659,-0.0682,0.0316,0.0364,0.0584,-0.0119,-0.0105,24.96,25.04,16323,19133,2.04,2.392,6.121,7.175,358,358,36,36,0,0,0,0,,,,,,,,,,,,,,,,,0.0,0.0,0,0,874.9,624.9,0.9015,1.1216,1,1,0
2026-09-28T22:23:01.852159+09:00,100317534,cc3d2640,2026-09-28T22:23:01.852159+09:00,2026-09-28T22:23:01.936992+09:00,rail-left-01,rail-right-01,0.6.7-draft,0.6.7-draft,mqtt,mqtt,649.97,528.16,6.434,6.755,-0.274,-0.241,0.304,-0.192,10.435,9.713,-0.0666,0.0309,0.0401,0.0594,-0.0111,-0.0092,24.96,25.06,16348,19131,2.044,2.391,6.131,7.174,359,359,36,36,0,0,0,0,,,,,,,,,,,,,,,,,0.0,0.0,0,0,876.0,626.0,0.9015,1.1216,1,1,0
2026-09-28T22:23:01.872416+09:00,100337791,cc3d2640,2026-09-28T22:23:01.872416+09:00,2026-09-28T22:23:01.957249+09:00,rail-left-01,rail-right-01,0.6.7-draft,0.6.7-draft,mqtt,mqtt,651.16,529.1,6.422,6.759,0.122,0.129,0.093,-0.25,10.641,9.602,-0.0669,0.0336,0.0341,0.0565,-0.0096,-0.0096,24.96,25.04,16318,19141,2.04,2.393,6.119,7.178,360,360,36,36,0,0,0,0,,,,,,,,,,,,,,,,,0.0,0.0,0,0,877.1,627.1,0.9015,1.1216,1,1,0
2026-09-28T22:23:02.005498+09:00,100479415,cc3d2640,2026-09-28T22:23:02.005498+09:00,2026-09-28T22:23:02.044862+09:00,rail-left-01,rail-right-01,0.6.7-draft,0.6.7-draft,mqtt,mqtt,659.41,535.66,6.418,6.75,-0.3,-0.221,-0.023,-0.19,10.373,9.67,-0.0678,0.0226,0.0354,0.0505,0.0012,-0.0031,25.0,25.08,16307,19121,2.038,2.39,6.115,7.17,361,361,37,37,0,0,0,0,,,,,,,,,,,,,,,,,0.0,0.0,0,0,884.5,634.5,0.9015,1.1216,1,1,0
2026-09-28T22:23:02.025657+09:00,100499574,cc3d2640,2026-09-28T22:23:02.025657+09:00,2026-09-28T22:23:02.065021+09:00,rail-left-01,rail-right-01,0.6.7-draft,0.6.7-draft,mqtt,mqtt,660.61,536.56,6.446,6.679,0.256,0.304,0.101,-0.206,10.57,9.923,-0.064,0.0245,0.036,0.0525,-0.0043,-0.0061,24.97,25.04,16376,18963,2.047,2.37,6.141,7.111,362,362,37,37,0,0,0,0,,,,,,,,,,,,,,,,,0.0,0.0,0,0,885.6,635.6,0.9015,1.1216,1,1,0
2026-09-28T22:23:02.045607+09:00,100519524,cc3d2640,2026-09-28T22:23:02.045607+09:00,2026-09-28T22:23:02.084971+09:00,rail-left-01,rail-right-01,0.6.7-draft,0.6.7-draft,mqtt,mqtt,661.75,537.5,6.448,6.654,-0.147,-0.122,0.12,-0.263,10.424,9.746,-0.0646,0.028,0.0374,0.055,-0.0077,-0.0087,24.97,25.05,16382,18907,2.048,2.363,6.143,7.09,363,363,37,37,0,0,0,0,,,,,,,,,,,,,,,,,0.0,0.0,0,0,886.6,636.6,0.9015,1.1216,1,1,0
2026-09-28T22:23:02.065659+09:00,100539576,cc3d2640,2026-09-28T22:23:02.065659+09:00,2026-09-28T22:23:02.105023+09:00,rail-left-01,rail-right-01,0.6.7-draft,0.6.7-draft,mqtt,mqtt,662.94,538.45,6.43,6.655,0.199,0.176,0.109,-0.279,10.494,9.681,-0.065,0.0321,0.045,0.0601,-0.006,-0.0079,24.97,25.04,16338,18909,2.042,2.364,6.127,7.091,364,364,37,37,0,0,0,0,,,,,,,,,,,,,,,,,0.0,0.0,0,0,887.7,637.7,0.9015,1.1216,1,1,0
2026-09-28T22:23:02.085852+09:00,100559769,cc3d2640,2026-09-28T22:23:02.085852+09:00,2026-09-28T22:23:02.125216+09:00,rail-left-01,rail-right-01,0.6.7-draft,0.6.7-draft,mqtt,mqtt,664.14,539.39,6.426,6.667,-0.111,-0.128,-0.218,-0.116,10.406,9.651,-0.0653,0.0293,0.0404,0.0573,-0.0067,-0.01,24.96,25.08,16328,18935,2.041,2.367,6.123,7.101,365,365,37,37,0,0,0,0,,,,,,,,,,,,,,,,,0.0,0.0,0,0,888.8,638.8,0.9015,1.1216,1,1,0
2026-09-28T22:23:02.105863+09:00,100579780,cc3d2640,2026-09-28T22:23:02.105863+09:00,2026-09-28T22:23:02.145227+09:00,rail-left-01,rail-right-01,0.6.7-draft,0.6.7-draft,mqtt,mqtt,665.28,540.29,6.423,6.659,0.107,0.093,0.132,-0.334,10.433,9.701,-0.0641,0.0301,0.0333,0.0566,-0.0087,-0.0043,24.99,25.07,16320,18919,2.04,2.365,6.12,7.095,366,366,37,37,0,0,0,0,,,,,,,,,,,,,,,,,0.0,0.0,0,0,889.8,639.8,0.9015,1.1216,1,1,0
2026-09-28T22:23:02.125625+09:00,100599542,cc3d2640,2026-09-28T22:23:02.125625+09:00,2026-09-28T22:23:02.164989+09:00,rail-left-01,rail-right-01,0.6.7-draft,0.6.7-draft,mqtt,mqtt,666.47,541.23,6.42,6.655,-0.02,-0.042,0.071,-0.235,10.569,9.601,-0.0662,0.0301,0.0432,0.06,-0.0113,-0.0047,24.99,25.07,16312,18909,2.039,2.364,6.117,7.091,367,367,37,37,0,0,0,0,,,,,,,,,,,,,,,,,0.0,0.0,0,0,890.9,640.9,0.9015,1.1216,1,1,0
2026-09-28T22:23:02.145581+09:00,100619498,cc3d2640,2026-09-28T22:23:02.145581+09:00,2026-09-28T22:23:02.184945+09:00,rail-left-01,rail-right-01,0.6.7-draft,0.6.7-draft,mqtt,mqtt,667.62,542.18,6.404,6.669,0.065,0.069,-0.05,-0.279,10.457,9.644,-0.0669,0.0304,0.0408,0.0597,-0.0101,-0.0047,24.97,25.06,16272,18940,2.034,2.368,6.102,7.102,368,368,37,37,0,0,0,0,,,,,,,,,,,,,,,,,0.0,0.0,0,0,891.9,641.9,0.9015,1.1216,1,1,0
2026-09-28T22:23:02.165587+09:00,100639504,cc3d2640,2026-09-28T22:23:02.165587+09:00,2026-09-28T22:23:02.204951+09:00,rail-left-01,rail-right-01,0.6.7-draft,0.6.7-draft,mqtt,mqtt,668.81,543.07,6.391,6.666,-0.092,-0.056,0.071,-0.085,10.391,9.736,-0.0612,0.0306,0.0398,0.0574,-0.0099,-0.0076,24.97,25.07,16239,18933,2.03,2.367,6.09,7.1,369,369,37,37,0,0,0,0,,,,,,,,,,,,,,,,,0.0,0.0,0,0,893.0,643.0,0.9015,1.1216,1,1,0
2026-09-28T22:23:02.185662+09:00,100659579,cc3d2640,2026-09-28T22:23:02.185662+09:00,2026-09-28T22:23:02.225026+09:00,rail-left-01,rail-right-01,0.6.7-draft,0.6.7-draft,mqtt,mqtt,669.95,544.02,6.376,6.665,0.078,0.061,0.147,-0.39,10.414,9.489,-0.0666,0.0314,0.0392,0.0609,-0.0059,-0.0027,24.96,25.06,16202,18932,2.025,2.367,6.076,7.1,370,370,37,37,0,0,0,0,,,,,,,,,,,,,,,,,0.0,0.0,0,0,894.0,644.0,0.9015,1.1216,1,1,0
2026-09-28T22:23:02.316205+09:00,100746442,cc3d2640,2026-09-28T22:23:02.316205+09:00,2026-09-28T22:23:02.394322+09:00,rail-left-01,rail-right-01,0.6.7-draft,0.6.7-draft,mqtt,mqtt,675.02,548.09,6.365,6.661,0.107,0.096,-0.012,-0.092,10.336,9.731,-0.0648,0.0313,0.0402,0.0582,-0.0044,-0.0024,24.96,25.05,16175,18923,2.022,2.365,6.066,7.096,371,371,38,38,0,0,0,0,,,,,,,,,,,,,,,,,0.0,0.0,0,0,898.6,648.6,0.9015,1.1216,1,1,0
2026-09-28T22:23:02.336334+09:00,100766571,cc3d2640,2026-09-28T22:23:02.336334+09:00,2026-09-28T22:23:02.414451+09:00,rail-left-01,rail-right-01,0.6.7-draft,0.6.7-draft,mqtt,mqtt,676.22,549.04,6.339,6.677,-0.134,-0.089,-0.056,-0.403,10.459,9.71,-0.0703,0.0316,0.0386,0.0554,-0.0053,-0.0056,24.98,25.08,16111,18958,2.014,2.37,6.042,7.109,372,372,38,38,0,0,0,0,,,,,,,,,,,,,,,,,0.0,0.0,0,0,899.6,649.6,0.9015,1.1216,1,1,0
2026-09-28T22:23:02.356276+09:00,100786513,cc3d2640,2026-09-28T22:23:02.356276+09:00,2026-09-28T22:23:02.434393+09:00,rail-left-01,rail-right-01,0.6.7-draft,0.6.7-draft,mqtt,mqtt,677.36,549.98,6.334,6.673,0.126,0.172,-0.117,-0.492,10.495,9.574,-0.0725,0.0301,0.039,0.0556,-0.0017,-0.0047,24.94,25.05,16097,18950,2.012,2.369,6.036,7.106,373,373,38,38,0,0,0,0,,,,,,,,,,,,,,,,,0.0,0.0,0,0,900.7,650.7,0.9015,1.1216,1,1,0
2026-09-28T22:23:02.376222+09:00,100806459,cc3d2640,2026-09-28T22:23:02.376222+09:00,2026-09-28T22:23:02.454339+09:00,rail-left-01,rail-right-01,0.6.7-draft,0.6.7-draft,mqtt,mqtt,678.55,550.93,6.334,6.649,-0.138,-0.095,0.114,-0.157,10.406,9.582,-0.0602,0.0281,0.0262,0.0401,-0.0067,-0.0009,24.97,25.06,16099,18895,2.012,2.362,6.037,7.086,374,374,38,38,0,0,0,0,,,,,,,,,,,,,,,,,0.0,0.0,0,0,901.7,651.7,0.9015,1.1216,1,1,0
2026-09-28T22:23:02.396250+09:00,100826487,cc3d2640,2026-09-28T22:23:02.396250+09:00,2026-09-28T22:23:02.474367+09:00,rail-left-01,rail-right-01,0.6.7-draft,0.6.7-draft,mqtt,mqtt,679.7,551.87,6.4,6.606,0.262,0.259,0.316,-0.072,10.282,10.074,-0.0612,0.034,0.0352,0.0532,-0.0096,-0.0115,24.97,25.06,16263,18801,2.033,2.35,6.099,7.05,375,375,38,38,0,0,0,0,,,,,,,,,,,,,,,,,0.0,0.0,0,0,902.8,652.8,0.9015,1.1216,1,1,0
2026-09-28T22:23:02.416482+09:00,100846719,cc3d2640,2026-09-28T22:23:02.416482+09:00,2026-09-28T22:23:02.494599+09:00,rail-left-01,rail-right-01,0.6.7-draft,0.6.7-draft,mqtt,mqtt,680.89,552.82,6.421,6.614,-0.073,-0.135,-0.055,-0.503,10.639,9.726,-0.0654,0.033,0.0404,0.056,-0.0056,-0.0061,24.95,25.07,16315,18819,2.039,2.352,6.118,7.057,376,376,38,38,0,0,0,0,,,,,,,,,,,,,,,,,0.0,0.0,0,0,903.9,653.9,0.9015,1.1216,1,1,0
2026-09-28T22:23:02.436242+09:00,100866479,cc3d2640,2026-09-28T22:23:02.436242+09:00,2026-09-28T22:23:02.514359+09:00,rail-left-01,rail-right-01,0.6.7-draft,0.6.7-draft,mqtt,mqtt,682.04,553.71,6.428,6.623,0.109,0.127,0.193,-0.283,10.313,9.552,-0.0657,0.037,0.0406,0.0565,-0.0097,-0.0088,24.96,25.04,16331,18838,2.041,2.355,6.124,7.064,377,377,38,38,0,0,0,0,,,,,,,,,,,,,,,,,0.0,0.0,0,0,904.9,654.9,0.9015,1.1216,1,1,0
2026-09-28T22:23:02.456358+09:00,100886595,cc3d2640,2026-09-28T22:23:02.456358+09:00,2026-09-28T22:23:02.534475+09:00,rail-left-01,rail-right-01,0.6.7-draft,0.6.7-draft,mqtt,mqtt,683.18,554.66,6.422,6.633,-0.251,-0.311,0.081,-0.283,10.573,9.707,-0.0618,0.0352,0.0442,0.0578,-0.0065,-0.0064,24.99,25.04,16316,18860,2.039,2.358,6.118,7.073,378,378,38,38,0,0,0,0,,,,,,,,,,,,,,,,,0.0,0.0,0,0,905.9,655.9,0.9015,1.1216,1,1,0
2026-09-28T22:23:02.476316+09:00,100906553,cc3d2640,2026-09-28T22:23:02.476316+09:00,2026-09-28T22:23:02.554433+09:00,rail-left-01,rail-right-01,0.6.7-draft,0.6.7-draft,mqtt,mqtt,684.37,555.6,6.416,6.625,0.103,0.15,0.168,-0.126,10.226,9.855,-0.0641,0.03,0.0365,0.058,-0.006,-0.0036,24.98,25.05,16301,18842,2.038,2.355,6.113,7.066,379,379,38,38,0,0,0,0,,,,,,,,,,,,,,,,,0.0,0.0,0,0,907.0,657.0,0.9015,1.1216,1,1,0
2026-09-28T22:23:02.496191+09:00,100926428,cc3d2640,2026-09-28T22:23:02.496191+09:00,2026-09-28T22:23:02.574308+09:00,rail-left-01,rail-right-01,0.6.7-draft,0.6.7-draft,mqtt,mqtt,685.52,556.55,6.404,6.619,-0.096,-0.165,0.289,-0.168,10.602,9.623,-0.0689,0.0329,0.0398,0.0505,-0.0049,0.0012,24.97,25.06,16272,18830,2.034,2.354,6.102,7.061,380,380,38,38,0,0,0,0,,,,,,,,,,,,,,,,,0.0,0.0,0,0,908.0,658.0,0.9015,1.1216,1,1,0
2026-09-28T22:23:02.658157+09:00,101096448,cc3d2640,2026-09-28T22:23:02.658157+09:00,2026-09-28T22:23:02.698213+09:00,rail-left-01,rail-right-01,0.6.7-draft,0.6.7-draft,mqtt,mqtt,695.41,564.6,6.409,6.613,-0.099,-0.066,0.176,-0.425,10.326,9.481,-0.051,0.051,0.0361,0.0524,-0.004,-0.0024,24.97,25.08,16284,18817,2.036,2.352,6.107,7.056,381,381,39,39,0,0,0,0,,,,,,,,,,,,,,,,,0.0,0.0,0,0,916.9,666.9,0.9015,1.1216,1,1,0
2026-09-28T22:23:02.678302+09:00,101116593,cc3d2640,2026-09-28T22:23:02.678302+09:00,2026-09-28T22:23:02.718358+09:00,rail-left-01,rail-right-01,0.6.7-draft,0.6.7-draft,mqtt,mqtt,696.6,565.55,6.215,6.337,-0.08,-0.011,0.267,-0.236,10.728,9.716,-0.0393,0.0566,0.0297,0.0472,-0.0045,-0.0027,24.97,25.05,15801,18203,1.975,2.275,5.925,6.826,382,382,39,39,0,0,0,0,,,,,,,,,,,,,,,,,0.0,0.0,0,0,918.0,668.0,0.9015,1.1216,1,1,0
2026-09-28T22:23:02.698254+09:00,101136545,cc3d2640,2026-09-28T22:23:02.698254+09:00,2026-09-28T22:23:02.738310+09:00,rail-left-01,rail-right-01,0.6.7-draft,0.6.7-draft,mqtt,mqtt,697.75,566.49,6.127,6.196,-0.011,0.05,0.239,-0.268,10.392,9.728,-0.0354,0.0618,0.0302,0.0496,-0.0069,-0.004,24.96,25.07,15584,17891,1.948,2.236,5.844,6.709,383,383,39,39,0,0,0,0,,,,,,,,,,,,,,,,,0.0,0.0,0,0,919.1,669.1,0.9015,1.1216,1,1,0
2026-09-28T22:23:02.718222+09:00,101156513,cc3d2640,2026-09-28T22:23:02.718222+09:00,2026-09-28T22:23:02.758278+09:00,rail-left-01,rail-right-01,0.6.7-draft,0.6.7-draft,mqtt,mqtt,698.94,567.43,5.995,6.022,-0.029,-0.004,0.199,-0.57,10.274,9.469,-0.0302,0.0659,0.031,0.052,-0.0047,-0.0047,24.98,25.05,15242,17505,1.905,2.188,5.716,6.564,384,384,39,39,0,0,0,0,,,,,,,,,,,,,,,,,0.0,0.0,0,0,920.1,670.1,0.9015,1.1216,1,1,0
2026-09-28T22:23:02.738479+09:00,101176770,cc3d2640,2026-09-28T22:23:02.738479+09:00,2026-09-28T22:23:02.778535+09:00,rail-left-01,rail-right-01,0.6.7-draft,0.6.7-draft,mqtt,mqtt,700.13,568.38,5.881,5.888,0.18,0.199,-0.368,-0.564,10.335,9.357,-0.0258,0.0723,0.0309,0.0442,-0.0028,0.0077,24.99,25.06,14681,16919,1.835,2.115,5.505,6.345,385,385,39,39,0,0,0,0,,,,,,,,,,,,,,,,,0.0,0.0,0,0,921.2,671.2,0.9015,1.1216,1,1,0
2026-09-28T22:23:02.758499+09:00,101196790,cc3d2640,2026-09-28T22:23:02.758499+09:00,2026-09-28T22:23:02.798555+09:00,rail-left-01,rail-right-01,0.6.7-draft,0.6.7-draft,mqtt,mqtt,701.33,569.32,5.725,5.724,-0.423,-0.254,-0.385,-0.011,9.872,9.56,-0.0161,0.0838,0.0422,0.0521,-0.0173,-0.0024,24.97,25.07,13919,16127,1.74,2.016,5.22,6.048,386,386,39,39,0,0,0,0,,,,,,,,,,,,,,,,,0.0,0.0,0,0,922.3,672.3,0.9015,1.1216,1,1,0
2026-09-28T22:23:02.778269+09:00,101216560,cc3d2640,2026-09-28T22:23:02.778269+09:00,2026-09-28T22:23:02.818325+09:00,rail-left-01,rail-right-01,0.6.7-draft,0.6.7-draft,mqtt,mqtt,702.52,570.27,5.607,5.66,0.195,0.376,1.323,0.31,8.926,9.231,-0.0663,0.0345,0.0306,0.0561,0.0159,0.0091,24.98,25.06,13338,15819,1.667,1.977,5.002,5.932,387,387,39,39,0,0,0,0,,,,,,,,,,,,,,,,,0.0,0.0,0,0,923.4,673.4,0.9015,1.1216,1,1,0
2026-09-28T22:23:02.798488+09:00,101236779,cc3d2640,2026-09-28T22:23:02.798488+09:00,2026-09-28T22:23:02.838544+09:00,rail-left-01,rail-right-01,0.6.7-draft,0.6.7-draft,mqtt,mqtt,703.71,571.21,5.633,5.67,-0.107,-0.217,0.296,0.062,10.813,10.181,-0.0673,0.0306,0.0357,0.0621,0.0001,-0.012,24.97,25.05,13467,15868,1.683,1.984,5.05,5.951,388,388,39,39,0,0,0,0,,,,,,,,,,,,,,,,,0.0,0.0,0,0,924.4,674.4,0.9015,1.1216,1,1,0
2026-09-28T22:23:02.818201+09:00,101256492,cc3d2640,2026-09-28T22:23:02.818201+09:00,2026-09-28T22:23:02.858257+09:00,rail-left-01,rail-right-01,0.6.7-draft,0.6.7-draft,mqtt,mqtt,704.91,572.16,5.618,5.677,0.354,0.217,0.14,-0.816,10.958,10.187,-0.0641,0.0357,0.0437,0.058,-0.01,-0.0047,24.94,25.05,13391,15901,1.674,1.988,5.022,5.963,389,389,39,39,0,0,0,0,,,,,,,,,,,,,,,,,0.0,0.0,0,0,925.5,675.5,0.9015,1.1216,1,1,0
2026-09-28T22:23:02.838459+09:00,101276750,cc3d2640,2026-09-28T22:23:02.838459+09:00,2026-09-28T22:23:02.878515+09:00,rail-left-01,rail-right-01,0.6.7-draft,0.6.7-draft,mqtt,mqtt,706.15,573.1,5.609,5.673,-0.284,-0.251,-0.309,-0.32,10.209,9.626,-0.0613,0.0298,0.0418,0.0544,-0.0131,-0.0007,24.98,25.06,13350,15881,1.669,1.985,5.006,5.955,390,390,39,39,0,0,0,0,,,,,,,,,,,,,,,,,0.0,0.0,0,0,926.6,676.6,0.9015,1.1216,1,1,0
2026-09-28T22:23:02.939289+09:00,101400460,cc3d2640,2026-09-28T22:23:02.939289+09:00,2026-09-28T22:23:03.020066+09:00,rail-left-01,rail-right-01,0.6.7-draft,0.6.7-draft,mqtt,mqtt,713.61,578.92,5.607,5.677,-0.049,-0.073,-0.014,-0.237,10.538,9.698,-0.0641,0.0336,0.0398,0.0568,-0.0076,-0.0072,24.97,25.07,13337,15900,1.667,1.988,5.001,5.963,391,391,40,40,0,0,0,0,,,,,,,,,,,,,,,,,0.0,0.0,0,0,933.4,683.4,0.9015,1.1216,1,1,0
2026-09-28T22:23:02.959402+09:00,101420573,cc3d2640,2026-09-28T22:23:02.959402+09:00,2026-09-28T22:23:03.040179+09:00,rail-left-01,rail-right-01,0.6.7-draft,0.6.7-draft,mqtt,mqtt,714.8,579.86,5.604,5.693,0.078,0.117,0.04,-0.138,10.387,9.621,-0.0733,0.0313,0.0332,0.0502,-0.0071,-0.0085,24.98,25.05,13321,15976,1.665,1.997,4.995,5.991,392,392,40,40,0,0,0,0,,,,,,,,,,,,,,,,,0.0,0.0,0,0,934.4,684.4,0.9015,1.1216,1,1,0
2026-09-28T22:23:02.979320+09:00,101440491,cc3d2640,2026-09-28T22:23:02.979320+09:00,2026-09-28T22:23:03.060098+09:00,rail-left-01,rail-right-01,0.6.7-draft,0.6.7-draft,mqtt,mqtt,715.99,580.81,5.63,5.691,-0.083,-0.063,0.359,-0.33,10.324,9.747,-0.0697,0.0344,0.0377,0.0562,-0.0072,-0.0061,24.98,25.07,13449,15967,1.681,1.996,5.043,5.988,393,393,40,40,0,0,0,0,,,,,,,,,,,,,,,,,0.0,0.0,0,0,935.5,685.5,0.9015,1.1216,1,1,0
2026-09-28T22:23:02.999356+09:00,101460527,cc3d2640,2026-09-28T22:23:02.999356+09:00,2026-09-28T22:23:03.080133+09:00,rail-left-01,rail-right-01,0.6.7-draft,0.6.7-draft,mqtt,mqtt,717.19,581.75,5.637,5.699,0.069,0.029,0.0,-0.202,10.459,9.773,-0.0662,0.033,0.042,0.0582,-0.0089,-0.0103,24.98,25.05,13484,16006,1.686,2.001,5.056,6.002,394,394,40,40,0,0,0,0,,,,,,,,,,,,,,,,,0.0,0.0,0,0,936.6,686.6,0.9015,1.1216,1,1,0
2026-09-28T22:23:03.019662+09:00,101480833,cc3d2640,2026-09-28T22:23:03.019662+09:00,2026-09-28T22:23:03.100439+09:00,rail-left-01,rail-right-01,0.6.7-draft,0.6.7-draft,mqtt,mqtt,718.38,582.7,5.63,5.71,0.024,0.065,0.072,-0.147,10.469,9.592,-0.0675,0.0342,0.0412,0.0586,-0.0084,-0.0071,24.98,25.05,13451,16062,1.681,2.008,5.044,6.023,395,395,40,40,0,0,0,0,,,,,,,,,,,,,,,,,0.0,0.0,0,0,937.7,687.7,0.9015,1.1216,1,1,0
2026-09-28T22:23:03.039810+09:00,101500981,cc3d2640,2026-09-28T22:23:03.039810+09:00,2026-09-28T22:23:03.120587+09:00,rail-left-01,rail-right-01,0.6.7-draft,0.6.7-draft,mqtt,mqtt,719.62,583.64,5.614,5.715,-0.085,-0.03,0.198,-0.176,10.476,9.635,-0.0662,0.0362,0.0426,0.0588,-0.0061,-0.0041,24.94,25.07,13370,16085,1.671,2.011,5.014,6.032,396,396,40,40,0,0,0,0,,,,,,,,,,,,,,,,,0.0,0.0,0,0,938.8,688.8,0.9015,1.1216,1,1,0
2026-09-28T22:23:03.059383+09:00,101520554,cc3d2640,2026-09-28T22:23:03.059383+09:00,2026-09-28T22:23:03.140160+09:00,rail-left-01,rail-right-01,0.6.7-draft,0.6.7-draft,mqtt,mqtt,720.77,584.54,5.605,5.714,0.013,0.032,0.04,-0.316,10.416,9.864,-0.0641,0.03,0.0384,0.0585,-0.0063,-0.008,24.96,25.04,13330,16078,1.666,2.01,4.999,6.029,397,397,40,40,0,0,0,0,,,,,,,,,,,,,,,,,0.0,0.0,0,0,939.8,689.8,0.9015,1.1216,1,1,0
2026-09-28T22:23:03.079327+09:00,101540498,cc3d2640,2026-09-28T22:23:03.079327+09:00,2026-09-28T22:23:03.160104+09:00,rail-left-01,rail-right-01,0.6.7-draft,0.6.7-draft,mqtt,mqtt,721.96,585.48,5.593,5.713,-0.083,-0.038,-0.017,-0.359,10.594,9.783,-0.0648,0.0321,0.0424,0.0598,-0.0101,-0.0117,24.97,25.05,13268,16076,1.659,2.01,4.976,6.029,398,398,40,40,0,0,0,0,,,,,,,,,,,,,,,,,0.0,0.0,0,0,940.9,690.9,0.9015,1.1216,1,1,0
2026-09-28T22:23:03.099452+09:00,101560623,cc3d2640,2026-09-28T22:23:03.099452+09:00,2026-09-28T22:23:03.180229+09:00,rail-left-01,rail-right-01,0.6.7-draft,0.6.7-draft,mqtt,mqtt,723.15,586.43,5.568,5.719,0.024,0.038,0.096,-0.113,10.396,9.686,-0.0645,0.0341,0.0406,0.0593,-0.0068,-0.0025,24.95,25.04,13144,16104,1.643,2.013,4.929,6.039,399,399,40,40,0,0,0,0,,,,,,,,,,,,,,,,,0.0,0.0,0,0,942.0,692.0,0.9015,1.1216,1,1,0
2026-09-28T22:23:03.119726+09:00,101580897,cc3d2640,2026-09-28T22:23:03.119726+09:00,2026-09-28T22:23:03.200503+09:00,rail-left-01,rail-right-01,0.6.7-draft,0.6.7-draft,mqtt,mqtt,724.4,587.37,5.553,5.715,-0.083,-0.006,0.273,-0.128,10.466,9.817,-0.0678,0.0316,0.0405,0.0594,-0.0108,-0.0063,24.99,25.06,13074,16083,1.634,2.01,4.903,6.031,400,400,40,40,0,0,0,0,,,,,,,,,,,,,,,,,0.0,0.0,0,0,943.1,693.1,0.9015,1.1216,1,1,0
2026-09-28T22:23:03.245201+09:00,101722457,cc3d2640,2026-09-28T22:23:03.245201+09:00,2026-09-28T22:23:03.321564+09:00,rail-left-01,rail-right-01,0.6.7-draft,0.6.7-draft,mqtt,mqtt,732.8,594.03,5.541,5.717,-0.047,-0.034,-0.048,-0.011,10.414,9.663,-0.0681,0.034,0.038,0.0558,-0.0076,-0.0031,24.96,25.05,13014,16093,1.627,2.012,4.88,6.035,401,401,41,41,0,0,0,0,,,,,,,,,,,,,,,,,0.0,0.0,0,0,950.7,700.7,0.9015,1.1216,1,1,0
2026-09-28T22:23:03.265241+09:00,101742497,cc3d2640,2026-09-28T22:23:03.265241+09:00,2026-09-28T22:23:03.341604+09:00,rail-left-01,rail-right-01,0.6.7-draft,0.6.7-draft,mqtt,mqtt,733.99,594.98,5.436,5.709,0.038,0.008,0.034,-0.215,10.46,9.743,-0.0642,0.0301,0.0402,0.058,-0.0097,-0.0033,24.96,25.04,12500,16054,1.563,2.007,4.688,6.02,402,402,41,41,0,0,0,0,,,,,,,,,,,,,,,,,0.0,0.0,0,0,951.7,701.7,0.9015,1.1216,1,1,0
2026-09-28T22:23:03.285277+09:00,101762533,cc3d2640,2026-09-28T22:23:03.285277+09:00,2026-09-28T22:23:03.361640+09:00,rail-left-01,rail-right-01,0.6.7-draft,0.6.7-draft,mqtt,mqtt,735.18,595.92,5.419,5.705,-0.01,-0.017,0.12,-0.26,10.447,9.973,-0.0613,0.0318,0.041,0.0589,-0.01,-0.0075,24.96,25.07,12416,16035,1.552,2.004,4.656,6.013,403,403,41,41,0,0,0,0,,,,,,,,,,,,,,,,,0.0,0.0,0,0,952.8,702.8,0.9015,1.1216,1,1,0
2026-09-28T22:23:03.305266+09:00,101782522,cc3d2640,2026-09-28T22:23:03.305266+09:00,2026-09-28T22:23:03.381629+09:00,rail-left-01,rail-right-01,0.6.7-draft,0.6.7-draft,mqtt,mqtt,736.38,596.87,5.4,5.711,0.06,0.037,0.086,-0.426,10.551,9.743,-0.0641,0.0326,0.0417,0.0584,-0.0113,-0.0069,24.97,25.03,12323,16066,1.54,2.008,4.621,6.025,404,404,41,41,0,0,0,0,,,,,,,,,,,,,,,,,0.0,0.0,0,0,953.9,703.9,0.9015,1.1216,1,1,0
2026-09-28T22:23:03.325487+09:00,101802743,cc3d2640,2026-09-28T22:23:03.325487+09:00,2026-09-28T22:23:03.401850+09:00,rail-left-01,rail-right-01,0.6.7-draft,0.6.7-draft,mqtt,mqtt,737.57,597.81,5.401,5.711,-0.142,-0.097,0.013,-0.109,10.398,9.675,-0.0612,0.0329,0.0397,0.0538,-0.0099,-0.0019,24.95,25.07,12325,16063,1.541,2.008,4.622,6.024,405,405,41,41,0,0,0,0,,,,,,,,,,,,,,,,,0.0,0.0,0,0,955.0,705.0,0.9015,1.1216,1,1,0
2026-09-28T22:23:03.345468+09:00,101822724,cc3d2640,2026-09-28T22:23:03.345468+09:00,2026-09-28T22:23:03.421831+09:00,rail-left-01,rail-right-01,0.6.7-draft,0.6.7-draft,mqtt,mqtt,738.76,598.76,5.403,5.695,0.151,0.171,-0.134,-0.263,10.447,9.825,-0.0644,0.0286,0.0334,0.0521,-0.0117,-0.0071,24.98,25.07,12335,15987,1.542,1.998,4.626,5.995,406,406,41,41,0,0,0,0,,,,,,,,,,,,,,,,,0.0,0.0,0,0,956.0,706.0,0.9015,1.1216,1,1,0
2026-09-28T22:23:03.365384+09:00,101842640,cc3d2640,2026-09-28T22:23:03.365384+09:00,2026-09-28T22:23:03.441747+09:00,rail-left-01,rail-right-01,0.6.7-draft,0.6.7-draft,mqtt,mqtt,739.96,599.7,5.395,5.686,-0.123,-0.124,0.227,-0.249,10.572,9.646,-0.0621,0.0253,0.0378,0.0542,-0.0072,-0.0033,24.97,25.06,12298,15944,1.537,1.993,4.612,5.979,407,407,41,41,0,0,0,0,,,,,,,,,,,,,,,,,0.0,0.0,0,0,957.1,707.1,0.9015,1.1216,1,1,0
2026-09-28T22:23:03.385243+09:00,101862499,cc3d2640,2026-09-28T22:23:03.385243+09:00,2026-09-28T22:23:03.461606+09:00,rail-left-01,rail-right-01,0.6.7-draft,0.6.7-draft,mqtt,mqtt,741.1,600.65,5.389,5.662,0.085,0.055,0.035,-0.196,10.533,9.658,-0.0645,0.0226,0.0324,0.0489,-0.0096,-0.0084,24.97,25.04,12270,15829,1.534,1.979,4.601,5.936,408,408,41,41,0,0,0,0,,,,,,,,,,,,,,,,,0.0,0.0,0,0,958.1,708.1,0.9015,1.1216,1,1,0
2026-09-28T22:23:03.405216+09:00,101882472,cc3d2640,2026-09-28T22:23:03.405216+09:00,2026-09-28T22:23:03.481579+09:00,rail-left-01,rail-right-01,0.6.7-draft,0.6.7-draft,mqtt,mqtt,742.29,601.59,5.38,5.624,0.083,0.129,0.026,0.158,10.378,10.144,-0.0638,0.0281,0.0381,0.0593,-0.0108,-0.0105,24.95,25.06,12222,15644,1.528,1.956,4.583,5.867,409,409,41,41,0,0,0,0,,,,,,,,,,,,,,,,,0.0,0.0,0,0,959.2,709.2,0.9015,1.1216,1,1,0
2026-09-28T22:23:03.425441+09:00,101902697,cc3d2640,2026-09-28T22:23:03.425441+09:00,2026-09-28T22:23:03.501804+09:00,rail-left-01,rail-right-01,0.6.7-draft,0.6.7-draft,mqtt,mqtt,743.49,602.54,5.372,5.626,0.075,0.081,0.23,-0.055,10.426,9.723,-0.0609,0.0333,0.0392,0.056,-0.0047,-0.0045,24.96,25.02,12183,15653,1.523,1.957,4.569,5.87,410,410,41,41,0,0,0,0,,,,,,,,,,,,,,,,,0.0,0.0,0,0,960.3,710.3,0.9015,1.1216,1,1,0
2026-09-28T22:23:03.552897+09:00,102023450,cc3d2640,2026-09-28T22:23:03.552897+09:00,2026-09-28T22:23:03.593999+09:00,rail-left-01,rail-right-01,0.6.7-draft,0.6.7-draft,mqtt,mqtt,750.7,608.25,5.369,5.626,0.183,0.175,0.05,-0.36,10.411,9.681,-0.0683,0.0328,0.0437,0.058,-0.0087,-0.0103,24.97,25.07,12172,15653,1.522,1.957,4.565,5.87,411,411,42,42,0,0,0,0,,,,,,,,,,,,,,,,,0.0,0.0,0,0,966.8,716.8,0.9015,1.1216,1,1,0
2026-09-28T22:23:03.573041+09:00,102043594,cc3d2640,2026-09-28T22:23:03.573041+09:00,2026-09-28T22:23:03.614144+09:00,rail-left-01,rail-right-01,0.6.7-draft,0.6.7-draft,mqtt,mqtt,751.89,609.2,5.337,5.616,-0.184,-0.148,0.12,-0.129,10.241,9.582,-0.0681,0.0289,0.036,0.0557,-0.0097,-0.0087,24.97,25.04,12012,15609,1.502,1.951,4.505,5.853,412,412,42,42,0,0,0,0,,,,,,,,,,,,,,,,,0.0,0.0,0,0,967.9,717.9,0.9015,1.1216,1,1,0
2026-09-28T22:23:03.593128+09:00,102063681,cc3d2640,2026-09-28T22:23:03.593128+09:00,2026-09-28T22:23:03.634231+09:00,rail-left-01,rail-right-01,0.6.7-draft,0.6.7-draft,mqtt,mqtt,753.08,610.14,5.345,5.618,0.148,0.109,0.2,-0.345,10.515,9.814,-0.067,0.0333,0.0426,0.0577,-0.0096,-0.0063,24.96,25.05,12054,15617,1.507,1.952,4.52,5.856,413,413,42,42,0,0,0,0,,,,,,,,,,,,,,,,,0.0,0.0,0,0,968.9,718.9,0.9015,1.1216,1,1,0
2026-09-28T22:23:03.613017+09:00,102083570,cc3d2640,2026-09-28T22:23:03.613017+09:00,2026-09-28T22:23:03.654119+09:00,rail-left-01,rail-right-01,0.6.7-draft,0.6.7-draft,mqtt,mqtt,754.28,611.09,5.327,5.626,-0.105,-0.049,0.047,-0.083,10.54,9.758,-0.0628,0.0314,0.0413,0.0569,-0.0095,-0.0088,24.95,25.04,11964,15656,1.496,1.957,4.487,5.871,414,414,42,42,0,0,0,0,,,,,,,,,,,,,,,,,0.0,0.0,0,0,970.0,720.0,0.9015,1.1216,1,1,0
2026-09-28T22:23:03.633098+09:00,102103651,cc3d2640,2026-09-28T22:23:03.633098+09:00,2026-09-28T22:23:03.674201+09:00,rail-left-01,rail-right-01,0.6.7-draft,0.6.7-draft,mqtt,mqtt,755.47,612.03,5.312,5.62,0.001,0.034,0.158,-0.01,10.296,9.747,-0.0624,0.0306,0.042,0.0578,-0.0093,-0.0051,24.98,25.04,11889,15627,1.486,1.953,4.458,5.86,415,415,42,42,0,0,0,0,,,,,,,,,,,,,,,,,0.0,0.0,0,0,971.1,721.1,0.9015,1.1216,1,1,0
2026-09-28T22:23:03.653111+09:00,102123664,cc3d2640,2026-09-28T22:23:03.653111+09:00,2026-09-28T22:23:03.694213+09:00,rail-left-01,rail-right-01,0.6.7-draft,0.6.7-draft,mqtt,mqtt,756.66,612.98,5.298,5.624,-0.035,0.018,0.18,-0.237,10.362,9.694,-0.0622,0.0312,0.04,0.0554,-0.0092,-0.008,24.99,25.04,11823,15645,1.478,1.956,4.434,5.867,416,416,42,42,0,0,0,0,,,,,,,,,,,,,,,,,0.0,0.0,0,0,972.2,722.2,0.9015,1.1216,1,1,0
2026-09-28T22:23:03.673061+09:00,102143614,cc3d2640,2026-09-28T22:23:03.673061+09:00,2026-09-28T22:23:03.714163+09:00,rail-left-01,rail-right-01,0.6.7-draft,0.6.7-draft,mqtt,mqtt,757.86,613.92,5.302,5.625,0.043,0.043,0.035,-0.458,10.548,9.726,-0.0628,0.0314,0.0386,0.0549,-0.0108,-0.0081,24.95,25.07,11842,15652,1.48,1.957,4.441,5.87,417,417,42,42,0,0,0,0,,,,,,,,,,,,,,,,,0.0,0.0,0,0,973.2,723.2,0.9015,1.1216,1,1,0
2026-09-28T22:23:03.693190+09:00,102163743,cc3d2640,2026-09-28T22:23:03.693190+09:00,2026-09-28T22:23:03.734292+09:00,rail-left-01,rail-right-01,0.6.7-draft,0.6.7-draft,mqtt,mqtt,759.0,614.87,5.305,5.624,0.041,0.019,0.041,-0.165,10.427,9.783,-0.0649,0.0294,0.0408,0.057,-0.0085,-0.0068,24.97,25.04,11854,15646,1.482,1.956,4.445,5.867,418,418,42,42,0,0,0,0,,,,,,,,,,,,,,,,,0.0,0.0,0,0,974.3,724.3,0.9015,1.1216,1,1,0
2026-09-28T22:23:03.712916+09:00,102183470,cc3d2640,2026-09-28T22:23:03.712916+09:00,2026-09-28T22:23:03.754020+09:00,rail-left-01,rail-right-01,0.6.7-draft,0.6.7-draft,mqtt,mqtt,760.19,615.81,5.31,5.632,-0.037,-0.035,0.192,-0.146,10.409,9.742,-0.0641,0.0309,0.0422,0.055,-0.01,-0.0088,24.94,25.03,11880,15684,1.485,1.961,4.455,5.882,419,419,42,42,0,0,0,0,,,,,,,,,,,,,,,,,0.0,0.0,0,0,975.3,725.3,0.9015,1.1216,1,1,0
2026-09-28T22:23:03.733174+09:00,102203727,cc3d2640,2026-09-28T22:23:03.733174+09:00,2026-09-28T22:23:03.774276+09:00,rail-left-01,rail-right-01,0.6.7-draft,0.6.7-draft,mqtt,mqtt,761.39,616.76,5.31,5.638,-0.114,-0.065,0.11,-0.109,10.42,9.649,-0.0622,0.0289,0.0434,0.0536,-0.0184,-0.0092,24.97,25.06,11882,15713,1.485,1.964,4.456,5.892,420,420,42,42,0,0,0,0,,,,,,,,,,,,,,,,,0.0,0.0,0,0,976.4,726.4,0.9015,1.1216,1,1,0
2026-09-28T22:23:03.820937+09:00,102295676,cc3d2640,2026-09-28T22:23:03.820937+09:00,2026-09-28T22:23:03.861789+09:00,rail-left-01,rail-right-01,0.6.7-draft,0.6.7-draft,mqtt,mqtt,766.85,621.13,5.312,5.638,-0.182,-0.044,0.135,-0.263,10.47,9.555,-0.059,0.0342,0.0377,0.0592,-0.0105,-0.0083,24.96,25.05,11892,15713,1.487,1.964,4.46,5.892,421,421,43,43,0,0,0,0,,,,,,,,,,,,,,,,,0.0,0.0,0,0,981.4,731.4,0.9015,1.1216,1,1,0
2026-09-28T22:23:03.841069+09:00,102315808,cc3d2640,2026-09-28T22:23:03.841069+09:00,2026-09-28T22:23:03.881921+09:00,rail-left-01,rail-right-01,0.6.7-draft,0.6.7-draft,mqtt,mqtt,768.05,622.07,5.315,5.633,0.087,0.129,0.079,-0.2,10.382,9.632,-0.0592,0.0312,0.0372,0.0594,-0.0096,-0.0108,24.96,25.04,11904,15687,1.488,1.961,4.464,5.883,422,422,43,43,0,0,0,0,,,,,,,,,,,,,,,,,0.0,0.0,0,0,982.4,732.4,0.9015,1.1216,1,1,0
2026-09-28T22:23:03.860997+09:00,102335736,cc3d2640,2026-09-28T22:23:03.860997+09:00,2026-09-28T22:23:03.901849+09:00,rail-left-01,rail-right-01,0.6.7-draft,0.6.7-draft,mqtt,mqtt,769.19,623.02,5.305,5.628,-0.196,-0.11,0.11,-0.014,10.405,9.748,-0.0629,0.0337,0.0429,0.0586,-0.0111,-0.0045,24.97,25.04,11858,15666,1.482,1.958,4.447,5.875,423,423,43,43,0,0,0,0,,,,,,,,,,,,,,,,,0.0,0.0,0,0,983.5,733.5,0.9015,1.1216,1,1,0
2026-09-28T22:23:03.881120+09:00,102355858,cc3d2640,2026-09-28T22:23:03.881120+09:00,2026-09-28T22:23:03.921971+09:00,rail-left-01,rail-right-01,0.6.7-draft,0.6.7-draft,mqtt,mqtt,770.38,623.96,5.266,5.634,0.151,0.132,0.225,-0.336,10.622,9.799,-0.0594,0.0272,0.0426,0.0598,-0.0093,-0.0051,24.97,25.06,11665,15692,1.458,1.962,4.374,5.885,424,424,43,43,0,0,0,0,,,,,,,,,,,,,,,,,0.0,0.0,0,0,984.5,734.5,0.9015,1.1216,1,1,0
2026-09-28T22:23:03.901122+09:00,102375861,cc3d2640,2026-09-28T22:23:03.901122+09:00,2026-09-28T22:23:03.941974+09:00,rail-left-01,rail-right-01,0.6.7-draft,0.6.7-draft,mqtt,mqtt,771.58,624.91,5.259,5.629,0.13,0.034,0.14,-0.462,9.899,9.789,-0.0725,0.0308,0.0345,0.0534,-0.0065,-0.0093,24.96,25.04,11628,15672,1.454,1.959,4.361,5.877,425,425,43,43,0,0,0,0,,,,,,,,,,,,,,,,,0.0,0.0,0,0,985.6,735.6,0.9015,1.1216,1,1,0
2026-09-28T22:23:03.921129+09:00,102395868,cc3d2640,2026-09-28T22:23:03.921129+09:00,2026-09-28T22:23:03.961981+09:00,rail-left-01,rail-right-01,0.6.7-draft,0.6.7-draft,mqtt,mqtt,772.77,625.85,5.279,5.637,0.065,0.055,0.159,-0.14,10.466,9.363,-0.0699,0.0348,0.0413,0.0576,-0.0091,-0.0092,24.97,25.04,11728,15706,1.466,1.963,4.398,5.89,426,426,43,43,0,0,0,0,,,,,,,,,,,,,,,,,0.0,0.0,0,0,986.7,736.7,0.9015,1.1216,1,1,0
2026-09-28T22:23:03.941072+09:00,102415811,cc3d2640,2026-09-28T22:23:03.941072+09:00,2026-09-28T22:23:03.981924+09:00,rail-left-01,rail-right-01,0.6.7-draft,0.6.7-draft,mqtt,mqtt,773.96,626.8,5.289,5.631,-0.123,-0.065,0.122,0.089,10.191,9.707,-0.062,0.0353,0.0334,0.0488,-0.0104,0.0015,24.96,25.06,11778,15677,1.472,1.96,4.417,5.879,427,427,43,43,0,0,0,0,,,,,,,,,,,,,,,,,0.0,0.0,0,0,987.8,737.8,0.9015,1.1216,1,1,0
2026-09-28T22:23:03.961020+09:00,102435759,cc3d2640,2026-09-28T22:23:03.961020+09:00,2026-09-28T22:23:04.001872+09:00,rail-left-01,rail-right-01,0.6.7-draft,0.6.7-draft,mqtt,mqtt,775.16,627.74,5.298,5.621,0.09,0.013,0.36,-0.26,10.53,9.935,-0.0597,0.0329,0.0388,0.0576,-0.0104,-0.0056,24.95,25.04,11823,15630,1.478,1.954,4.434,5.861,428,428,43,43,0,0,0,0,,,,,,,,,,,,,,,,,0.0,0.0,0,0,988.8,738.8,0.9015,1.1216,1,1,0
2026-09-28T22:23:03.980958+09:00,102455697,cc3d2640,2026-09-28T22:23:03.980958+09:00,2026-09-28T22:23:04.021810+09:00,rail-left-01,rail-right-01,0.6.7-draft,0.6.7-draft,mqtt,mqtt,776.3,628.69,5.303,5.621,-0.03,0.005,-0.01,-0.126,10.761,9.706,-0.054,0.0362,0.036,0.0517,-0.0105,-0.0027,24.97,25.06,11847,15629,1.481,1.954,4.443,5.861,429,429,43,43,0,0,0,0,,,,,,,,,,,,,,,,,0.0,0.0,0,0,989.9,739.9,0.9015,1.1216,1,1,0
2026-09-28T22:23:04.001237+09:00,102475976,cc3d2640,2026-09-28T22:23:04.001237+09:00,2026-09-28T22:23:04.042089+09:00,rail-left-01,rail-right-01,0.6.7-draft,0.6.7-draft,mqtt,mqtt,777.54,629.63,5.327,5.618,0.017,0.018,0.138,-0.132,10.271,9.773,-0.0553,0.0354,0.0402,0.0545,-0.01,-0.0089,24.97,25.06,11966,15617,1.496,1.952,4.487,5.856,430,430,43,43,0,0,0,0,,,,,,,,,,,,,,,,,0.0,0.0,0,0,991.0,741.0,0.9015,1.1216,1,1,0
2026-09-28T22:23:04.088013+09:00,102564433,cc3d2640,2026-09-28T22:23:04.088013+09:00,2026-09-28T22:23:04.130211+09:00,rail-left-01,rail-right-01,0.6.7-draft,0.6.7-draft,mqtt,mqtt,782.76,633.86,5.335,5.624,-0.016,-0.053,0.278,-0.251,10.203,9.773,-0.0642,0.036,0.0312,0.0532,-0.0088,-0.0053,24.97,25.04,12002,15645,1.5,1.956,4.501,5.867,431,431,44,44,0,0,0,0,,,,,,,,,,,,,,,,,0.0,0.0,0,0,995.7,745.7,0.9015,1.1216,1,1,0
2026-09-28T22:23:04.108042+09:00,102584462,cc3d2640,2026-09-28T22:23:04.108042+09:00,2026-09-28T22:23:04.150240+09:00,rail-left-01,rail-right-01,0.6.7-draft,0.6.7-draft,mqtt,mqtt,783.96,634.8,5.372,5.581,0.048,0.084,0.111,-0.211,10.455,9.698,-0.0628,0.0365,0.0378,0.0577,-0.0107,-0.0115,24.96,25.06,12182,15440,1.523,1.93,4.568,5.79,432,432,44,44,0,0,0,0,,,,,,,,,,,,,,,,,0.0,0.0,0,0,996.8,746.8,0.9015,1.1216,1,1,0
2026-09-28T22:23:04.128179+09:00,102604600,cc3d2640,2026-09-28T22:23:04.128179+09:00,2026-09-28T22:23:04.170378+09:00,rail-left-01,rail-right-01,0.6.7-draft,0.6.7-draft,mqtt,mqtt,785.15,635.75,5.376,5.574,0.01,0.022,-0.066,-0.147,10.494,9.647,-0.0658,0.034,0.0358,0.0516,-0.0071,-0.0021,24.97,25.05,12204,15404,1.526,1.926,4.576,5.777,433,433,44,44,0,0,0,0,,,,,,,,,,,,,,,,,0.0,0.0,0,0,997.8,747.8,0.9015,1.1216,1,1,0
2026-09-28T22:23:04.148123+09:00,102624543,cc3d2640,2026-09-28T22:23:04.148123+09:00,2026-09-28T22:23:04.190321+09:00,rail-left-01,rail-right-01,0.6.7-draft,0.6.7-draft,mqtt,mqtt,786.34,636.69,5.38,5.563,0.057,0.092,0.142,-0.043,10.513,9.778,-0.0636,0.0372,0.0441,0.0548,-0.0103,-0.004,24.95,25.04,12224,15352,1.528,1.919,4.584,5.757,434,434,44,44,0,0,0,0,,,,,,,,,,,,,,,,,0.0,0.0,0,0,998.9,748.9,0.9015,1.1216,1,1,0
2026-09-28T22:23:04.168237+09:00,102644657,cc3d2640,2026-09-28T22:23:04.168237+09:00,2026-09-28T22:23:04.210435+09:00,rail-left-01,rail-right-01,0.6.7-draft,0.6.7-draft,mqtt,mqtt,787.54,637.64,5.379,5.572,-0.065,-0.099,0.267,-0.267,10.6,9.808,-0.0644,0.0314,0.038,0.0548,-0.0089,-0.0087,24.96,25.06,12219,15397,1.527,1.925,4.582,5.774,435,435,44,44,0,0,0,0,,,,,,,,,,,,,,,,,0.0,0.0,0,0,1000.0,750.0,0.9015,1.1216,1,1,0
2026-09-28T22:23:04.188016+09:00,102664436,cc3d2640,2026-09-28T22:23:04.188016+09:00,2026-09-28T22:23:04.230214+09:00,rail-left-01,rail-right-01,0.6.7-draft,0.6.7-draft,mqtt,mqtt,788.68,638.58,5.407,5.572,0.114,0.041,0.151,-0.227,10.661,9.967,-0.0709,0.0341,0.0344,0.051,-0.0109,-0.0103,24.98,25.05,12354,15397,1.544,1.925,4.633,5.774,436,436,44,44,0,0,0,0,,,,,,,,,,,,,,,,,0.0,0.0,0,0,1001.0,751.0,0.9015,1.1216,1,1,0
2026-09-28T22:23:04.208232+09:00,102684652,cc3d2640,2026-09-28T22:23:04.208232+09:00,2026-09-28T22:23:04.250430+09:00,rail-left-01,rail-right-01,0.6.7-draft,0.6.7-draft,mqtt,mqtt,789.87,639.53,5.432,5.581,-0.09,-0.089,0.074,-0.249,10.558,9.75,-0.0707,0.0349,0.0377,0.0546,-0.0112,-0.0093,24.98,25.04,12477,15437,1.56,1.93,4.679,5.789,437,437,44,44,0,0,0,0,,,,,,,,,,,,,,,,,0.0,0.0,0,0,1002.1,752.1,0.9015,1.1216,1,1,0
2026-09-28T22:23:04.228201+09:00,102704622,cc3d2640,2026-09-28T22:23:04.228201+09:00,2026-09-28T22:23:04.270400+09:00,rail-left-01,rail-right-01,0.6.7-draft,0.6.7-draft,mqtt,mqtt,791.07,640.47,5.459,5.579,0.03,0.084,0.024,-0.051,10.266,9.595,-0.0642,0.0284,0.0336,0.0582,-0.0101,-0.0096,24.97,25.04,12609,15431,1.576,1.929,4.728,5.787,438,438,44,44,0,0,0,0,,,,,,,,,,,,,,,,,0.0,0.0,0,0,1003.2,753.2,0.9015,1.1216,1,1,0
2026-09-28T22:23:04.248151+09:00,102724571,cc3d2640,2026-09-28T22:23:04.248151+09:00,2026-09-28T22:23:04.290349+09:00,rail-left-01,rail-right-01,0.6.7-draft,0.6.7-draft,mqtt,mqtt,792.21,641.42,5.466,5.586,0.013,0.16,0.268,-0.139,10.47,9.506,-0.0667,0.0352,0.041,0.0578,-0.0072,-0.0049,24.97,25.06,12647,15462,1.581,1.933,4.743,5.798,439,439,44,44,0,0,0,0,,,,,,,,,,,,,,,,,0.0,0.0,0,0,1004.2,754.2,0.9015,1.1216,1,1,0
2026-09-28T22:23:04.268329+09:00,102744749,cc3d2640,2026-09-28T22:23:04.268329+09:00,2026-09-28T22:23:04.310527+09:00,rail-left-01,rail-right-01,0.6.7-draft,0.6.7-draft,mqtt,mqtt,793.4,642.41,5.466,5.595,-0.072,-0.068,0.109,-0.371,10.57,9.659,-0.0693,0.0346,0.0418,0.0565,-0.0061,-0.0073,24.96,25.07,12646,15507,1.581,1.938,4.742,5.815,440,440,44,44,0,0,0,0,,,,,,,,,,,,,,,,,0.0,0.0,0,0,1005.3,755.3,0.9015,1.1216,1,1,0
2026-09-28T22:23:04.402737+09:00,102832461,cc3d2640,2026-09-28T22:23:04.402737+09:00,2026-09-28T22:23:04.483781+09:00,rail-left-01,rail-right-01,0.6.7-draft,0.6.7-draft,mqtt,mqtt,798.57,646.54,5.466,5.599,0.007,0.069,0.126,-0.057,10.459,9.657,-0.0655,0.0325,0.0409,0.0596,-0.0089,-0.0101,24.96,25.07,12646,15524,1.581,1.941,4.742,5.822,441,441,45,45,0,0,0,0,,,,,,,,,,,,,,,,,0.0,0.0,0,0,1009.9,759.9,0.9015,1.1216,1,1,0
2026-09-28T22:23:04.422857+09:00,102852581,cc3d2640,2026-09-28T22:23:04.422857+09:00,2026-09-28T22:23:04.503901+09:00,rail-left-01,rail-right-01,0.6.7-draft,0.6.7-draft,mqtt,mqtt,799.77,647.48,5.481,5.622,0.0,0.029,0.071,-0.293,10.349,9.853,-0.0675,0.0338,0.0372,0.0577,-0.0093,-0.0052,24.97,25.06,12721,15638,1.59,1.955,4.77,5.864,442,442,45,45,0,0,0,0,,,,,,,,,,,,,,,,,0.0,0.0,0,0,1011.0,761.0,0.9015,1.1216,1,1,0
2026-09-28T22:23:04.442790+09:00,102872514,cc3d2640,2026-09-28T22:23:04.442790+09:00,2026-09-28T22:23:04.523834+09:00,rail-left-01,rail-right-01,0.6.7-draft,0.6.7-draft,mqtt,mqtt,800.96,648.43,5.476,5.627,-0.056,-0.023,0.224,-0.271,10.707,9.614,-0.0646,0.0346,0.0432,0.0533,-0.0107,-0.0065,24.96,25.07,12696,15662,1.587,1.958,4.761,5.873,443,443,45,45,0,0,0,0,,,,,,,,,,,,,,,,,0.0,0.0,0,0,1012.1,762.1,0.9015,1.1216,1,1,0
2026-09-28T22:23:04.462934+09:00,102892658,cc3d2640,2026-09-28T22:23:04.462934+09:00,2026-09-28T22:23:04.543978+09:00,rail-left-01,rail-right-01,0.6.7-draft,0.6.7-draft,mqtt,mqtt,802.15,649.37,5.489,5.63,0.028,0.09,-0.034,-0.168,10.475,9.595,-0.0659,0.0366,0.0358,0.056,-0.0077,-0.0079,24.96,25.05,12761,15674,1.595,1.959,4.785,5.878,444,444,45,45,0,0,0,0,,,,,,,,,,,,,,,,,0.0,0.0,0,0,1013.2,763.2,0.9015,1.1216,1,1,0
2026-09-28T22:23:04.482802+09:00,102912526,cc3d2640,2026-09-28T22:23:04.482802+09:00,2026-09-28T22:23:04.563846+09:00,rail-left-01,rail-right-01,0.6.7-draft,0.6.7-draft,mqtt,mqtt,803.3,650.31,5.485,5.615,-0.061,0.041,0.237,0.138,10.416,10.011,-0.0678,0.0349,0.0396,0.0597,-0.0075,-0.0041,24.95,25.05,12738,15603,1.592,1.95,4.777,5.851,445,445,45,45,0,0,0,0,,,,,,,,,,,,,,,,,0.0,0.0,0,0,1014.2,764.2,0.9015,1.1216,1,1,0
2026-09-28T22:23:04.502772+09:00,102932496,cc3d2640,2026-09-28T22:23:04.502772+09:00,2026-09-28T22:23:04.583816+09:00,rail-left-01,rail-right-01,0.6.7-draft,0.6.7-draft,mqtt,mqtt,804.49,651.26,5.477,5.632,0.105,0.092,0.164,-0.085,10.485,9.728,-0.0701,0.0308,0.0406,0.0604,-0.0037,-0.0027,24.97,25.06,12701,15683,1.588,1.96,4.763,5.881,446,446,45,45,0,0,0,0,,,,,,,,,,,,,,,,,0.0,0.0,0,0,1015.3,765.3,0.9015,1.1216,1,1,0
2026-09-28T22:23:04.522859+09:00,102952583,cc3d2640,2026-09-28T22:23:04.522859+09:00,2026-09-28T22:23:04.603903+09:00,rail-left-01,rail-right-01,0.6.7-draft,0.6.7-draft,mqtt,mqtt,805.68,652.25,5.477,5.644,-0.14,-0.079,0.035,-0.348,10.454,9.639,-0.0663,0.0306,0.0454,0.0617,-0.0059,-0.0096,24.96,25.04,12700,15743,1.588,1.968,4.763,5.904,447,447,45,45,0,0,0,0,,,,,,,,,,,,,,,,,0.0,0.0,0,0,1016.4,766.4,0.9015,1.1216,1,1,0
2026-09-28T22:23:04.542794+09:00,102972518,cc3d2640,2026-09-28T22:23:04.542794+09:00,2026-09-28T22:23:04.623838+09:00,rail-left-01,rail-right-01,0.6.7-draft,0.6.7-draft,mqtt,mqtt,806.83,653.15,5.466,5.662,0.08,0.119,0.096,-0.193,10.312,9.564,-0.0648,0.031,0.0378,0.0565,-0.004,0.0001,24.97,25.07,12647,15831,1.581,1.979,4.743,5.937,448,448,45,45,0,0,0,0,,,,,,,,,,,,,,,,,0.0,0.0,0,0,1017.4,767.4,0.9015,1.1216,1,1,0
2026-09-28T22:23:04.562825+09:00,102992549,cc3d2640,2026-09-28T22:23:04.562825+09:00,2026-09-28T22:23:04.643869+09:00,rail-left-01,rail-right-01,0.6.7-draft,0.6.7-draft,mqtt,mqtt,808.02,654.14,5.464,5.663,-0.02,-0.028,0.062,-0.202,10.487,9.791,-0.0655,0.0305,0.0396,0.058,-0.0092,-0.0067,24.94,25.06,12637,15834,1.58,1.979,4.739,5.938,449,449,45,45,0,0,0,0,,,,,,,,,,,,,,,,,0.0,0.0,0,0,1018.5,768.5,0.9015,1.1216,1,1,0
2026-09-28T22:23:04.583063+09:00,103012787,cc3d2640,2026-09-28T22:23:04.583063+09:00,2026-09-28T22:23:04.664107+09:00,rail-left-01,rail-right-01,0.6.7-draft,0.6.7-draft,mqtt,mqtt,809.21,655.09,5.459,5.659,0.129,0.132,0.043,-0.242,10.366,9.711,-0.0661,0.0325,0.0377,0.0574,-0.0053,-0.0007,24.96,25.04,12610,15816,1.576,1.977,4.729,5.931,450,450,45,45,0,0,0,0,,,,,,,,,,,,,,,,,0.0,0.0,0,0,1019.5,769.5,0.9015,1.1216,1,1,0
2026-09-28T22:23:04.710590+09:00,103185472,cc3d2640,2026-09-28T22:23:04.710590+09:00,2026-09-28T22:23:04.790756+09:00,rail-left-01,rail-right-01,0.6.7-draft,0.6.7-draft,mqtt,mqtt,819.46,663.24,5.457,5.659,0.038,0.095,0.055,-0.466,10.355,9.6,-0.064,0.0274,0.0298,0.0541,-0.0075,-0.0145,24.96,25.05,12602,15816,1.575,1.977,4.726,5.931,451,451,46,46,0,0,0,0,,,,,,,,,,,,,,,,,0.0,0.0,0,0,1028.8,778.8,0.9015,1.1216,1,1,0
2026-09-28T22:23:04.730713+09:00,103205595,cc3d2640,2026-09-28T22:23:04.730713+09:00,2026-09-28T22:23:04.810879+09:00,rail-left-01,rail-right-01,0.6.7-draft,0.6.7-draft,mqtt,mqtt,820.6,664.19,5.427,5.661,-0.084,-0.102,0.163,-0.19,10.448,9.498,-0.0642,0.0325,0.0318,0.0618,-0.0079,-0.0188,24.95,25.06,12454,15823,1.557,1.978,4.67,5.934,452,452,46,46,0,0,0,0,,,,,,,,,,,,,,,,,0.0,0.0,0,0,1029.8,779.8,0.9015,1.1216,1,1,0
2026-09-28T22:23:04.750656+09:00,103225538,cc3d2640,2026-09-28T22:23:04.750656+09:00,2026-09-28T22:23:04.830822+09:00,rail-left-01,rail-right-01,0.6.7-draft,0.6.7-draft,mqtt,mqtt,821.79,665.13,5.418,5.648,0.166,0.147,0.069,-0.187,10.387,9.701,-0.0697,0.0285,0.0333,0.0513,-0.0037,-0.0092,24.96,25.04,12411,15763,1.551,1.97,4.654,5.911,453,453,46,46,0,0,0,0,,,,,,,,,,,,,,,,,0.0,0.0,0,0,1030.9,780.9,0.9015,1.1216,1,1,0
2026-09-28T22:23:04.770628+09:00,103245510,cc3d2640,2026-09-28T22:23:04.770628+09:00,2026-09-28T22:23:04.850794+09:00,rail-left-01,rail-right-01,0.6.7-draft,0.6.7-draft,mqtt,mqtt,822.99,666.08,5.416,5.623,0.001,-0.05,0.302,-0.102,10.39,9.778,-0.063,0.0262,0.0333,0.0537,-0.004,-0.0093,24.96,25.06,12399,15643,1.55,1.955,4.65,5.866,454,454,46,46,0,0,0,0,,,,,,,,,,,,,,,,,0.0,0.0,0,0,1032.0,782.0,0.9015,1.1216,1,1,0
2026-09-28T22:23:04.790834+09:00,103265716,cc3d2640,2026-09-28T22:23:04.790834+09:00,2026-09-28T22:23:04.871000+09:00,rail-left-01,rail-right-01,0.6.7-draft,0.6.7-draft,mqtt,mqtt,824.18,667.07,5.412,5.592,0.102,0.146,0.072,-0.293,10.455,9.621,-0.0675,0.023,0.0314,0.0498,-0.0061,-0.0077,24.95,25.06,12382,15493,1.548,1.937,4.643,5.81,455,455,46,46,0,0,0,0,,,,,,,,,,,,,,,,,0.0,0.0,0,0,1033.0,783.0,0.9015,1.1216,1,1,0
2026-09-28T22:23:04.810796+09:00,103285678,cc3d2640,2026-09-28T22:23:04.810796+09:00,2026-09-28T22:23:04.890962+09:00,rail-left-01,rail-right-01,0.6.7-draft,0.6.7-draft,mqtt,mqtt,825.37,668.01,5.418,5.557,0.084,0.049,0.187,-0.066,10.327,9.882,-0.0658,0.0288,0.0357,0.0538,-0.0056,-0.0045,24.96,25.06,12408,15323,1.551,1.915,4.653,5.746,456,456,46,46,0,0,0,0,,,,,,,,,,,,,,,,,0.0,0.0,0,0,1034.1,784.1,0.9015,1.1216,1,1,0
2026-09-28T22:23:04.830776+09:00,103305658,cc3d2640,2026-09-28T22:23:04.830776+09:00,2026-09-28T22:23:04.910942+09:00,rail-left-01,rail-right-01,0.6.7-draft,0.6.7-draft,mqtt,mqtt,826.52,668.96,5.427,5.556,0.077,0.109,0.048,-0.043,10.567,9.825,-0.0642,0.0321,0.042,0.0565,-0.0088,-0.0056,24.96,25.04,12456,15320,1.557,1.915,4.671,5.745,457,457,46,46,0,0,0,0,,,,,,,,,,,,,,,,,0.0,0.0,0,0,1035.1,785.1,0.9015,1.1216,1,1,0
2026-09-28T22:23:04.850725+09:00,103325607,cc3d2640,2026-09-28T22:23:04.850725+09:00,2026-09-28T22:23:04.930891+09:00,rail-left-01,rail-right-01,0.6.7-draft,0.6.7-draft,mqtt,mqtt,827.71,669.9,5.424,5.568,-0.023,-0.05,0.13,-0.322,10.488,9.782,-0.067,0.029,0.0422,0.0573,-0.0088,-0.0036,24.97,25.04,12441,15377,1.555,1.922,4.665,5.766,458,458,46,46,0,0,0,0,,,,,,,,,,,,,,,,,0.0,0.0,0,0,1036.2,786.2,0.9015,1.1216,1,1,0
2026-09-28T22:23:04.870683+09:00,103345565,cc3d2640,2026-09-28T22:23:04.870683+09:00,2026-09-28T22:23:04.950849+09:00,rail-left-01,rail-right-01,0.6.7-draft,0.6.7-draft,mqtt,mqtt,828.9,670.85,5.422,5.568,0.14,0.117,-0.115,-0.303,10.523,9.448,-0.0687,0.0304,0.0398,0.0578,-0.006,-0.0007,24.96,25.04,12429,15377,1.554,1.922,4.661,5.766,459,459,46,46,0,0,0,0,,,,,,,,,,,,,,,,,0.0,0.0,0,0,1037.3,787.3,0.9015,1.1216,1,1,0
2026-09-28T22:23:04.890726+09:00,103365608,cc3d2640,2026-09-28T22:23:04.890726+09:00,2026-09-28T22:23:04.970892+09:00,rail-left-01,rail-right-01,0.6.7-draft,0.6.7-draft,mqtt,mqtt,830.1,671.79,5.422,5.551,-0.09,0.029,-0.154,-0.08,10.444,9.859,-0.0666,0.0332,0.0353,0.0518,-0.0051,0.0003,24.96,25.03,12430,15294,1.554,1.912,4.661,5.735,460,460,46,46,0,0,0,0,,,,,,,,,,,,,,,,,0.0,0.0,0,0,1038.4,788.4,0.9015,1.1216,1,1,0
2026-09-28T22:23:05.014771+09:00,103493475,cc3d2640,2026-09-28T22:23:05.014771+09:00,2026-09-28T22:23:05.095570+09:00,rail-left-01,rail-right-01,0.6.7-draft,0.6.7-draft,mqtt,mqtt,837.65,677.86,5.417,5.55,0.034,0.117,0.057,-0.283,10.416,9.78,-0.0666,0.0317,0.044,0.0662,-0.0108,-0.0089,24.96,25.04,12405,15291,1.551,1.911,4.652,5.734,461,461,47,47,0,0,0,0,,,,,,,,,,,,,,,,,0.0,0.0,0,0,1045.2,795.2,0.9015,1.1216,1,1,0
2026-09-28T22:23:05.034876+09:00,103513580,cc3d2640,2026-09-28T22:23:05.034876+09:00,2026-09-28T22:23:05.115675+09:00,rail-left-01,rail-right-01,0.6.7-draft,0.6.7-draft,mqtt,mqtt,838.85,678.8,5.367,5.568,0.049,0.072,0.044,-0.223,10.457,9.704,-0.0695,0.0324,0.0437,0.0636,-0.0067,-0.0076,24.97,25.05,12158,15378,1.52,1.922,4.559,5.767,462,462,47,47,0,0,0,0,,,,,,,,,,,,,,,,,0.0,0.0,0,0,1046.3,796.3,0.9015,1.1216,1,1,0
2026-09-28T22:23:05.054800+09:00,103533504,cc3d2640,2026-09-28T22:23:05.054800+09:00,2026-09-28T22:23:05.135599+09:00,rail-left-01,rail-right-01,0.6.7-draft,0.6.7-draft,mqtt,mqtt,840.04,679.75,5.367,5.567,0.018,-0.084,0.11,0.204,10.333,9.787,-0.0593,0.0293,0.0302,0.055,-0.0008,-0.0059,24.95,25.05,12159,15369,1.52,1.921,4.56,5.763,463,463,47,47,0,0,0,0,,,,,,,,,,,,,,,,,0.0,0.0,0,0,1047.3,797.3,0.9015,1.1216,1,1,0
2026-09-28T22:23:05.074855+09:00,103553559,cc3d2640,2026-09-28T22:23:05.074855+09:00,2026-09-28T22:23:05.155654+09:00,rail-left-01,rail-right-01,0.6.7-draft,0.6.7-draft,mqtt,mqtt,841.18,680.69,5.401,5.567,0.018,0.171,0.107,-0.29,10.602,9.657,-0.0632,0.0269,0.0266,0.0494,-0.0024,-0.0055,24.96,25.04,12327,15372,1.541,1.922,4.623,5.765,464,464,47,47,0,0,0,0,,,,,,,,,,,,,,,,,0.0,0.0,0,0,1048.4,798.4,0.9015,1.1216,1,1,0
2026-09-28T22:23:05.094900+09:00,103573605,cc3d2640,2026-09-28T22:23:05.094900+09:00,2026-09-28T22:23:05.175700+09:00,rail-left-01,rail-right-01,0.6.7-draft,0.6.7-draft,mqtt,mqtt,842.38,681.64,5.419,5.546,-0.097,-0.032,-0.169,-0.457,10.189,9.759,-0.0641,0.0224,0.03,0.0541,-0.0097,-0.0143,24.97,25.05,12417,15271,1.552,1.909,4.656,5.727,465,465,47,47,0,0,0,0,,,,,,,,,,,,,,,,,0.0,0.0,0,0,1049.4,799.4,0.9015,1.1216,1,1,0
2026-09-28T22:23:05.114865+09:00,103593570,cc3d2640,2026-09-28T22:23:05.114865+09:00,2026-09-28T22:23:05.195665+09:00,rail-left-01,rail-right-01,0.6.7-draft,0.6.7-draft,mqtt,mqtt,843.57,682.58,5.416,5.533,0.269,0.256,0.117,-0.062,10.621,9.403,-0.0677,0.0313,0.0461,0.0582,-0.0091,-0.0152,24.95,25.04,12398,15208,1.55,1.901,4.649,5.703,466,466,47,47,0,0,0,0,,,,,,,,,,,,,,,,,0.0,0.0,0,0,1050.5,800.5,0.9015,1.1216,1,1,0
2026-09-28T22:23:05.134896+09:00,103613600,cc3d2640,2026-09-28T22:23:05.134896+09:00,2026-09-28T22:23:05.215695+09:00,rail-left-01,rail-right-01,0.6.7-draft,0.6.7-draft,mqtt,mqtt,844.76,683.53,5.418,5.542,-0.314,-0.184,0.326,-0.13,10.116,9.572,-0.0666,0.0362,0.0414,0.0532,0.0017,-0.0007,24.96,25.04,12408,15251,1.551,1.906,4.653,5.719,467,467,47,47,0,0,0,0,,,,,,,,,,,,,,,,,0.0,0.0,0,0,1051.6,801.6,0.9015,1.1216,1,1,0
2026-09-28T22:23:05.154883+09:00,103633587,cc3d2640,2026-09-28T22:23:05.154883+09:00,2026-09-28T22:23:05.235682+09:00,rail-left-01,rail-right-01,0.6.7-draft,0.6.7-draft,mqtt,mqtt,845.96,684.47,5.412,5.564,0.148,0.077,0.114,-0.486,10.457,9.486,-0.0633,0.032,0.0456,0.0601,-0.0064,-0.0132,24.95,25.07,12383,15358,1.548,1.92,4.644,5.759,468,468,47,47,0,0,0,0,,,,,,,,,,,,,,,,,0.0,0.0,0,0,1052.7,802.7,0.9015,1.1216,1,1,0
2026-09-28T22:23:05.174826+09:00,103653530,cc3d2640,2026-09-28T22:23:05.174826+09:00,2026-09-28T22:23:05.255625+09:00,rail-left-01,rail-right-01,0.6.7-draft,0.6.7-draft,mqtt,mqtt,847.15,685.42,5.409,5.571,-0.068,0.014,-0.049,-0.15,10.454,9.685,-0.065,0.0338,0.0394,0.058,-0.0055,-0.0068,24.95,25.05,12365,15390,1.546,1.924,4.637,5.771,469,469,47,47,0,0,0,0,,,,,,,,,,,,,,,,,0.0,0.0,0,0,1053.7,803.7,0.9015,1.1216,1,1,0
2026-09-28T22:23:05.194857+09:00,103673561,cc3d2640,2026-09-28T22:23:05.194857+09:00,2026-09-28T22:23:05.275656+09:00,rail-left-01,rail-right-01,0.6.7-draft,0.6.7-draft,mqtt,mqtt,848.34,686.36,5.386,5.567,0.081,0.079,0.163,-0.204,10.398,9.94,-0.0645,0.0298,0.0406,0.0602,-0.0069,0.0001,24.95,25.06,12255,15371,1.532,1.921,4.596,5.764,470,470,47,47,0,0,0,0,,,,,,,,,,,,,,,,,0.0,0.0,0,0,1054.8,804.8,0.9015,1.1216,1,1,0
2026-09-28T22:23:05.327363+09:00,103798440,cc3d2640,2026-09-28T22:23:05.327363+09:00,2026-09-28T22:23:05.366799+09:00,rail-left-01,rail-right-01,0.6.7-draft,0.6.7-draft,mqtt,mqtt,855.8,692.28,5.374,5.573,0.035,0.057,0.33,-0.232,10.611,9.719,-0.0658,0.031,0.0394,0.0528,-0.0037,-0.0033,24.97,25.09,12195,15400,1.524,1.925,4.573,5.775,471,471,48,48,0,0,0,0,,,,,,,,,,,,,,,,,0.0,0.0,0,0,1061.5,811.5,0.9015,1.1216,1,1,0
2026-09-28T22:23:05.347475+09:00,103818552,cc3d2640,2026-09-28T22:23:05.347475+09:00,2026-09-28T22:23:05.386911+09:00,rail-left-01,rail-right-01,0.6.7-draft,0.6.7-draft,mqtt,mqtt,856.99,693.22,5.338,5.593,-0.001,-0.036,0.099,-0.02,10.46,9.626,-0.0621,0.0313,0.0396,0.0574,-0.0085,-0.0081,24.94,25.05,12017,15497,1.502,1.937,4.506,5.811,472,472,48,48,0,0,0,0,,,,,,,,,,,,,,,,,0.0,0.0,0,0,1062.6,812.6,0.9015,1.1216,1,1,0
2026-09-28T22:23:05.367441+09:00,103838518,cc3d2640,2026-09-28T22:23:05.367441+09:00,2026-09-28T22:23:05.406876+09:00,rail-left-01,rail-right-01,0.6.7-draft,0.6.7-draft,mqtt,mqtt,858.19,694.17,5.338,5.598,0.014,0.077,-0.034,-0.209,10.387,9.591,-0.0594,0.0356,0.0405,0.0598,-0.0067,-0.0033,24.95,25.04,12017,15522,1.502,1.94,4.506,5.821,473,473,48,48,0,0,0,0,,,,,,,,,,,,,,,,,0.0,0.0,0,0,1063.7,813.7,0.9015,1.1216,1,1,0
2026-09-28T22:23:05.387412+09:00,103858489,cc3d2640,2026-09-28T22:23:05.387412+09:00,2026-09-28T22:23:05.426848+09:00,rail-left-01,rail-right-01,0.6.7-draft,0.6.7-draft,mqtt,mqtt,859.38,695.11,5.335,5.6,-0.091,-0.08,0.36,-0.116,10.338,9.862,-0.0588,0.0318,0.029,0.0469,-0.0041,0.0017,24.97,25.05,12005,15529,1.501,1.941,4.502,5.823,474,474,48,48,0,0,0,0,,,,,,,,,,,,,,,,,0.0,0.0,0,0,1064.8,814.8,0.9015,1.1216,1,1,0
2026-09-28T22:23:05.407494+09:00,103878570,cc3d2640,2026-09-28T22:23:05.407494+09:00,2026-09-28T22:23:05.446929+09:00,rail-left-01,rail-right-01,0.6.7-draft,0.6.7-draft,mqtt,mqtt,860.57,696.06,5.39,5.605,0.116,0.165,0.122,-0.189,10.285,9.558,-0.0592,0.031,0.0369,0.0536,-0.0104,-0.01,24.96,25.06,12272,15556,1.534,1.945,4.602,5.834,475,475,48,48,0,0,0,0,,,,,,,,,,,,,,,,,0.0,0.0,0,0,1065.8,815.8,0.9015,1.1216,1,1,0
2026-09-28T22:23:05.427492+09:00,103898569,cc3d2640,2026-09-28T22:23:05.427492+09:00,2026-09-28T22:23:05.466928+09:00,rail-left-01,rail-right-01,0.6.7-draft,0.6.7-draft,mqtt,mqtt,861.77,697.0,5.423,5.609,-0.182,-0.127,-0.006,-0.129,10.56,9.566,-0.064,0.0345,0.0353,0.0505,-0.008,-0.0015,24.94,25.06,12434,15574,1.554,1.947,4.663,5.84,476,476,48,48,0,0,0,0,,,,,,,,,,,,,,,,,0.0,0.0,0,0,1066.9,816.9,0.9015,1.1216,1,1,0
2026-09-28T22:23:05.447386+09:00,103918463,cc3d2640,2026-09-28T22:23:05.447386+09:00,2026-09-28T22:23:05.486822+09:00,rail-left-01,rail-right-01,0.6.7-draft,0.6.7-draft,mqtt,mqtt,862.96,697.9,5.452,5.61,0.059,0.152,0.014,-0.261,10.426,9.765,-0.0689,0.0354,0.0308,0.0506,-0.01,-0.0036,24.95,25.05,12576,15580,1.572,1.948,4.716,5.843,477,477,48,48,0,0,0,0,,,,,,,,,,,,,,,,,0.0,0.0,0,0,1068.0,818.0,0.9015,1.1216,1,1,0
2026-09-28T22:23:05.467362+09:00,103938439,cc3d2640,2026-09-28T22:23:05.467362+09:00,2026-09-28T22:23:05.506798+09:00,rail-left-01,rail-right-01,0.6.7-draft,0.6.7-draft,mqtt,mqtt,864.15,698.84,5.492,5.619,-0.066,-0.09,0.019,-0.285,10.427,9.814,-0.0649,0.0328,0.0336,0.0525,-0.0092,-0.0065,24.96,25.04,12774,15622,1.597,1.953,4.79,5.858,478,478,48,48,0,0,0,0,,,,,,,,,,,,,,,,,0.0,0.0,0,0,1069.1,819.1,0.9015,1.1216,1,1,0
2026-09-28T22:23:05.487345+09:00,103958422,cc3d2640,2026-09-28T22:23:05.487345+09:00,2026-09-28T22:23:05.526781+09:00,rail-left-01,rail-right-01,0.6.7-draft,0.6.7-draft,mqtt,mqtt,865.35,699.78,5.506,5.614,0.061,0.028,0.134,-0.23,10.665,9.741,-0.0625,0.032,0.0334,0.0552,-0.0072,-0.0043,24.96,25.05,12844,15597,1.606,1.95,4.817,5.849,479,479,48,48,0,0,0,0,,,,,,,,,,,,,,,,,0.0,0.0,0,0,1070.2,820.2,0.9015,1.1216,1,1,0
2026-09-28T22:23:05.507421+09:00,103978498,cc3d2640,2026-09-28T22:23:05.507421+09:00,2026-09-28T22:23:05.546857+09:00,rail-left-01,rail-right-01,0.6.7-draft,0.6.7-draft,mqtt,mqtt,866.54,700.73,5.524,5.6,-0.068,-0.067,-0.042,-0.059,10.539,9.924,-0.0589,0.0332,0.035,0.053,-0.0087,-0.0065,24.96,25.06,12931,15528,1.616,1.941,4.849,5.823,480,480,48,48,0,0,0,0,,,,,,,,,,,,,,,,,0.0,0.0,0,0,1071.2,821.2,0.9015,1.1216,1,1,0
2026-09-28T22:23:05.629939+09:00,104068460,cc3d2640,2026-09-28T22:23:05.629939+09:00,2026-09-28T22:23:05.708788+09:00,rail-left-01,rail-right-01,0.6.7-draft,0.6.7-draft,mqtt,mqtt,871.96,704.96,5.528,5.601,-0.019,0.073,0.174,0.023,10.531,9.787,-0.0641,0.0336,0.0396,0.0584,-0.0087,-0.0061,24.97,25.04,12952,15536,1.619,1.942,4.857,5.826,481,481,49,49,0,0,0,0,,,,,,,,,,,,,,,,,0.0,0.0,0,0,1076.1,826.1,0.9015,1.1216,1,1,0
2026-09-28T22:23:05.650081+09:00,104088601,cc3d2640,2026-09-28T22:23:05.650081+09:00,2026-09-28T22:23:05.728930+09:00,rail-left-01,rail-right-01,0.6.7-draft,0.6.7-draft,mqtt,mqtt,873.15,705.9,5.513,5.602,-0.098,-0.037,0.11,-0.338,10.477,9.864,-0.059,0.0336,0.0365,0.0557,-0.0064,-0.0009,24.95,25.05,12877,15540,1.61,1.943,4.829,5.828,482,482,49,49,0,0,0,0,,,,,,,,,,,,,,,,,0.0,0.0,0,0,1077.2,827.2,0.9015,1.1216,1,1,0
2026-09-28T22:23:05.670061+09:00,104108581,cc3d2640,2026-09-28T22:23:05.670061+09:00,2026-09-28T22:23:05.748910+09:00,rail-left-01,rail-right-01,0.6.7-draft,0.6.7-draft,mqtt,mqtt,874.35,706.84,5.512,5.602,0.065,0.11,0.152,-0.157,10.463,9.633,-0.0665,0.0386,0.0358,0.0534,-0.0056,-0.0043,24.94,25.03,12872,15538,1.609,1.942,4.827,5.827,483,483,49,49,0,0,0,0,,,,,,,,,,,,,,,,,0.0,0.0,0,0,1078.3,828.3,0.9015,1.1216,1,1,0
2026-09-28T22:23:05.690030+09:00,104128550,cc3d2640,2026-09-28T22:23:05.690030+09:00,2026-09-28T22:23:05.768879+09:00,rail-left-01,rail-right-01,0.6.7-draft,0.6.7-draft,mqtt,mqtt,875.54,707.79,5.518,5.592,-0.074,-0.128,0.139,-0.486,10.427,9.652,-0.065,0.0377,0.0338,0.055,-0.0089,-0.0052,24.97,25.05,12899,15494,1.612,1.937,4.837,5.81,484,484,49,49,0,0,0,0,,,,,,,,,,,,,,,,,0.0,0.0,0,0,1079.3,829.3,0.9015,1.1216,1,1,0
2026-09-28T22:23:05.710125+09:00,104148645,cc3d2640,2026-09-28T22:23:05.710125+09:00,2026-09-28T22:23:05.788974+09:00,rail-left-01,rail-right-01,0.6.7-draft,0.6.7-draft,mqtt,mqtt,876.78,708.73,5.509,5.57,0.219,0.17,-0.013,0.151,10.459,10.069,-0.0633,0.0342,0.0392,0.0593,-0.0076,-0.0085,24.97,25.07,12858,15387,1.607,1.923,4.822,5.77,485,485,49,49,0,0,0,0,,,,,,,,,,,,,,,,,0.0,0.0,0,0,1080.5,830.5,0.9015,1.1216,1,1,0
2026-09-28T22:23:05.730117+09:00,104168637,cc3d2640,2026-09-28T22:23:05.730117+09:00,2026-09-28T22:23:05.808966+09:00,rail-left-01,rail-right-01,0.6.7-draft,0.6.7-draft,mqtt,mqtt,877.97,709.68,5.497,5.581,-0.017,-0.068,0.178,-0.302,10.421,9.676,-0.0661,0.0305,0.0397,0.0606,-0.0059,-0.0009,24.95,25.06,12797,15441,1.6,1.93,4.799,5.79,486,486,49,49,0,0,0,0,,,,,,,,,,,,,,,,,0.0,0.0,0,0,1081.5,831.5,0.9015,1.1216,1,1,0
2026-09-28T22:23:05.750056+09:00,104188577,cc3d2640,2026-09-28T22:23:05.750056+09:00,2026-09-28T22:23:05.828905+09:00,rail-left-01,rail-right-01,0.6.7-draft,0.6.7-draft,mqtt,mqtt,879.17,710.62,5.492,5.585,0.041,0.134,-0.048,-0.247,10.477,9.667,-0.0632,0.0333,0.0422,0.0574,-0.0095,-0.0035,24.97,25.06,12772,15458,1.597,1.932,4.79,5.797,487,487,49,49,0,0,0,0,,,,,,,,,,,,,,,,,0.0,0.0,0,0,1082.6,832.6,0.9015,1.1216,1,1,0
2026-09-28T22:23:05.770032+09:00,104208552,cc3d2640,2026-09-28T22:23:05.770032+09:00,2026-09-28T22:23:05.848881+09:00,rail-left-01,rail-right-01,0.6.7-draft,0.6.7-draft,mqtt,mqtt,880.36,711.57,5.472,5.586,-0.032,0.031,0.196,-0.043,10.36,9.728,-0.069,0.0349,0.0377,0.0561,-0.0059,-0.0033,24.95,25.06,12674,15461,1.584,1.933,4.753,5.798,488,488,49,49,0,0,0,0,,,,,,,,,,,,,,,,,0.0,0.0,0,0,1083.7,833.7,0.9015,1.1216,1,1,0
2026-09-28T22:23:05.790020+09:00,104228541,cc3d2640,2026-09-28T22:23:05.790020+09:00,2026-09-28T22:23:05.868870+09:00,rail-left-01,rail-right-01,0.6.7-draft,0.6.7-draft,mqtt,mqtt,881.55,712.51,5.468,5.589,0.04,0.013,0.06,-0.436,10.386,9.661,-0.0641,0.0297,0.0413,0.0566,-0.0089,-0.0064,24.96,25.04,12658,15475,1.582,1.934,4.747,5.803,489,489,49,49,0,0,0,0,,,,,,,,,,,,,,,,,0.0,0.0,0,0,1084.8,834.8,0.9015,1.1216,1,1,0
2026-09-28T22:23:05.810682+09:00,104249202,cc3d2640,2026-09-28T22:23:05.810682+09:00,2026-09-28T22:23:05.889531+09:00,rail-left-01,rail-right-01,0.6.7-draft,0.6.7-draft,mqtt,mqtt,882.8,713.51,5.446,5.591,0.013,-0.029,0.184,-0.274,10.378,9.638,-0.0609,0.0357,0.0456,0.0625,-0.0119,-0.0112,24.96,25.05,12546,15486,1.568,1.936,4.705,5.807,490,490,49,49,0,0,0,0,,,,,,,,,,,,,,,,,0.0,0.0,0,0,1085.9,835.9,0.9015,1.1216,1,1,0
2026-09-28T22:23:05.983418+09:00,104412446,cc3d2640,2026-09-28T22:23:05.983418+09:00,2026-09-28T22:23:06.036116+09:00,rail-left-01,rail-right-01,0.6.7-draft,0.6.7-draft,mqtt,mqtt,892.59,721.21,5.427,5.595,-0.069,-0.006,0.269,-0.184,10.702,9.603,-0.0616,0.0325,0.042,0.058,-0.0084,-0.0015,24.96,25.04,12454,15507,1.557,1.938,4.67,5.815,491,491,50,50,0,0,0,0,,,,,,,,,,,,,,,,,0.0,0.0,0,0,1094.7,844.7,0.9015,1.1216,1,1,0
2026-09-28T22:23:06.003589+09:00,104432617,cc3d2640,2026-09-28T22:23:06.003589+09:00,2026-09-28T22:23:06.056286+09:00,rail-left-01,rail-right-01,0.6.7-draft,0.6.7-draft,mqtt,mqtt,893.79,722.16,5.293,5.635,0.017,0.041,-0.069,-0.249,10.387,9.651,-0.0622,0.0332,0.0424,0.0593,-0.0101,-0.0088,24.96,25.04,11799,15698,1.475,1.962,4.425,5.887,492,492,50,50,0,0,0,0,,,,,,,,,,,,,,,,,0.0,0.0,0,0,1095.8,845.8,0.9015,1.1216,1,1,0
2026-09-28T22:23:06.023553+09:00,104452581,cc3d2640,2026-09-28T22:23:06.023553+09:00,2026-09-28T22:23:06.076251+09:00,rail-left-01,rail-right-01,0.6.7-draft,0.6.7-draft,mqtt,mqtt,895.03,723.1,5.273,5.635,-0.002,0.013,0.098,0.011,10.625,9.778,-0.065,0.0346,0.0402,0.055,-0.0087,-0.0047,24.95,25.07,11700,15700,1.463,1.963,4.388,5.888,493,493,50,50,0,0,0,0,,,,,,,,,,,,,,,,,0.0,0.0,0,0,1096.9,846.9,0.9015,1.1216,1,1,0
2026-09-28T22:23:06.043530+09:00,104472558,cc3d2640,2026-09-28T22:23:06.043530+09:00,2026-09-28T22:23:06.096228+09:00,rail-left-01,rail-right-01,0.6.7-draft,0.6.7-draft,mqtt,mqtt,896.22,724.05,5.267,5.641,-0.008,0.044,0.132,-0.211,10.511,9.686,-0.0659,0.0333,0.044,0.0586,-0.0124,-0.0111,24.97,25.06,11669,15729,1.459,1.966,4.376,5.898,494,494,50,50,0,0,0,0,,,,,,,,,,,,,,,,,0.0,0.0,0,0,1098.0,848.0,0.9015,1.1216,1,1,0
2026-09-28T22:23:06.063756+09:00,104492784,cc3d2640,2026-09-28T22:23:06.063756+09:00,2026-09-28T22:23:06.116454+09:00,rail-left-01,rail-right-01,0.6.7-draft,0.6.7-draft,mqtt,mqtt,897.41,724.99,5.244,5.641,-0.195,-0.109,0.127,-0.255,10.438,9.562,-0.0666,0.0313,0.0401,0.056,-0.0081,-0.0035,24.94,25.07,11556,15729,1.445,1.966,4.334,5.898,495,495,50,50,0,0,0,0,,,,,,,,,,,,,,,,,0.0,0.0,0,0,1099.1,849.1,0.9015,1.1216,1,1,0
2026-09-28T22:23:06.083743+09:00,104512771,cc3d2640,2026-09-28T22:23:06.083743+09:00,2026-09-28T22:23:06.136441+09:00,rail-left-01,rail-right-01,0.6.7-draft,0.6.7-draft,mqtt,mqtt,898.61,725.94,5.225,5.626,0.084,0.065,0.188,-0.085,10.657,9.767,-0.0644,0.0332,0.0358,0.0557,-0.0093,-0.0067,24.98,25.06,11464,15655,1.433,1.957,4.299,5.871,496,496,50,50,0,0,0,0,,,,,,,,,,,,,,,,,0.0,0.0,0,0,1100.1,850.1,0.9015,1.1216,1,1,0
2026-09-28T22:23:06.103563+09:00,104532591,cc3d2640,2026-09-28T22:23:06.103563+09:00,2026-09-28T22:23:06.156260+09:00,rail-left-01,rail-right-01,0.6.7-draft,0.6.7-draft,mqtt,mqtt,899.8,726.88,5.229,5.624,0.05,0.048,0.022,-0.134,10.378,9.813,-0.0674,0.0314,0.035,0.054,-0.0079,-0.0067,24.98,25.07,11481,15646,1.435,1.956,4.305,5.867,497,497,50,50,0,0,0,0,,,,,,,,,,,,,,,,,0.0,0.0,0,0,1101.2,851.2,0.9015,1.1216,1,1,0
2026-09-28T22:23:06.123519+09:00,104552547,cc3d2640,2026-09-28T22:23:06.123519+09:00,2026-09-28T22:23:06.176217+09:00,rail-left-01,rail-right-01,0.6.7-draft,0.6.7-draft,mqtt,mqtt,901.04,727.83,5.231,5.621,0.068,0.0,0.099,-0.164,10.459,9.704,-0.061,0.0306,0.0373,0.0532,-0.01,-0.0068,24.97,25.06,11490,15630,1.436,1.954,4.309,5.861,498,498,50,50,0,0,0,0,,,,,,,,,,,,,,,,,0.0,0.0,0,0,1102.3,852.3,0.9015,1.1216,1,1,0
2026-09-28T22:23:06.143479+09:00,104572507,cc3d2640,2026-09-28T22:23:06.143479+09:00,2026-09-28T22:23:06.196176+09:00,rail-left-01,rail-right-01,0.6.7-draft,0.6.7-draft,mqtt,mqtt,902.24,728.77,5.229,5.611,0.028,-0.004,0.122,-0.302,10.479,9.747,-0.0621,0.0312,0.0424,0.0576,-0.0085,-0.0049,24.96,25.04,11481,15584,1.435,1.948,4.305,5.844,499,499,50,50,0,0,0,0,,,,,,,,,,,,,,,,,0.0,0.0,0,0,1103.4,853.4,0.9015,1.1216,1,1,0
2026-09-28T22:23:06.163715+09:00,104592743,cc3d2640,2026-09-28T22:23:06.163715+09:00,2026-09-28T22:23:06.216412+09:00,rail-left-01,rail-right-01,0.6.7-draft,0.6.7-draft,mqtt,mqtt,903.43,729.76,5.208,5.62,-0.03,0.048,0.134,-0.146,10.445,9.542,-0.0621,0.0341,0.0468,0.06,-0.0109,-0.0089,24.93,25.06,11379,15627,1.422,1.953,4.267,5.86,500,500,50,50,0,0,0,0,,,,,,,,,,,,,,,,,0.0,0.0,0,0,1104.5,854.5,0.9015,1.1216,1,1,0
2026-09-28T22:23:06.265457+09:00,104739777,cc3d2640,2026-09-28T22:23:06.265457+09:00,2026-09-28T22:23:06.303422+09:00,rail-left-01,rail-right-01,0.6.7-draft,0.6.7-draft,mqtt,mqtt,912.28,736.73,5.19,5.624,-0.213,-0.097,0.227,-0.181,10.409,9.776,-0.0636,0.0272,0.0389,0.062,-0.0121,-0.0061,24.96,25.04,11293,15648,1.412,1.956,4.235,5.868,501,501,51,51,0,0,0,0,,,,,,,,,,,,,,,,,0.0,0.0,0,0,1112.5,862.5,0.9015,1.1216,1,1,0
2026-09-28T22:23:06.285622+09:00,104759942,cc3d2640,2026-09-28T22:23:06.285622+09:00,2026-09-28T22:23:06.323587+09:00,rail-left-01,rail-right-01,0.6.7-draft,0.6.7-draft,mqtt,mqtt,913.47,737.67,5.195,5.525,0.196,0.122,0.281,-0.059,10.511,9.476,-0.0632,0.0316,0.038,0.0589,-0.0035,0.0,24.94,25.07,11314,15171,1.414,1.896,4.243,5.689,502,502,51,51,0,0,0,0,,,,,,,,,,,,,,,,,0.0,0.0,0,0,1113.5,863.5,0.9015,1.1216,1,1,0
2026-09-28T22:23:06.305578+09:00,104779898,cc3d2640,2026-09-28T22:23:06.305578+09:00,2026-09-28T22:23:06.343543+09:00,rail-left-01,rail-right-01,0.6.7-draft,0.6.7-draft,mqtt,mqtt,914.67,738.61,5.197,5.524,-0.073,-0.047,-0.129,-0.397,10.399,9.711,-0.0657,0.034,0.0393,0.0557,-0.0061,-0.0021,24.96,25.06,11326,15162,1.416,1.895,4.247,5.686,503,503,51,51,0,0,0,0,,,,,,,,,,,,,,,,,0.0,0.0,0,0,1114.6,864.6,0.9015,1.1216,1,1,0
2026-09-28T22:23:06.325529+09:00,104799849,cc3d2640,2026-09-28T22:23:06.325529+09:00,2026-09-28T22:23:06.363494+09:00,rail-left-01,rail-right-01,0.6.7-draft,0.6.7-draft,mqtt,mqtt,915.86,739.56,5.172,5.521,0.144,0.139,0.04,-0.243,10.314,9.832,-0.0592,0.0334,0.0392,0.0556,-0.0044,-0.0052,24.97,25.06,11204,15152,1.401,1.894,4.201,5.682,504,504,51,51,0,0,0,0,,,,,,,,,,,,,,,,,0.0,0.0,0,0,1115.7,865.7,0.9015,1.1216,1,1,0
2026-09-28T22:23:06.345582+09:00,104819902,cc3d2640,2026-09-28T22:23:06.345582+09:00,2026-09-28T22:23:06.383547+09:00,rail-left-01,rail-right-01,0.6.7-draft,0.6.7-draft,mqtt,mqtt,917.05,740.5,5.169,5.514,-0.239,-0.139,0.17,0.122,10.288,9.78,-0.0638,0.031,0.0426,0.056,-0.0115,-0.0079,24.97,25.06,11189,15116,1.399,1.89,4.196,5.669,505,505,51,51,0,0,0,0,,,,,,,,,,,,,,,,,0.0,0.0,0,0,1116.8,866.8,0.9015,1.1216,1,1,0
2026-09-28T22:23:06.365821+09:00,104840141,cc3d2640,2026-09-28T22:23:06.365821+09:00,2026-09-28T22:23:06.403786+09:00,rail-left-01,rail-right-01,0.6.7-draft,0.6.7-draft,mqtt,mqtt,918.3,741.5,5.118,5.513,0.306,0.32,0.245,-0.339,10.704,9.608,-0.0585,0.0336,0.0438,0.0596,-0.0081,-0.0076,24.93,25.04,10938,15113,1.367,1.889,4.102,5.667,506,506,51,51,0,0,0,0,,,,,,,,,,,,,,,,,0.0,0.0,0,0,1117.9,867.9,0.9015,1.1216,1,1,0
2026-09-28T22:23:06.385602+09:00,104859922,cc3d2640,2026-09-28T22:23:06.385602+09:00,2026-09-28T22:23:06.423567+09:00,rail-left-01,rail-right-01,0.6.7-draft,0.6.7-draft,mqtt,mqtt,919.44,742.44,5.116,5.506,-0.192,-0.189,-0.005,-0.303,10.092,9.268,-0.0726,0.0294,0.0388,0.0532,-0.0073,-0.0077,24.99,25.05,10930,15077,1.366,1.885,4.099,5.654,507,507,51,51,0,0,0,0,,,,,,,,,,,,,,,,,0.0,0.0,0,0,1118.9,868.9,0.9015,1.1216,1,1,0
2026-09-28T22:23:06.405539+09:00,104879859,cc3d2640,2026-09-28T22:23:06.405539+09:00,2026-09-28T22:23:06.443504+09:00,rail-left-01,rail-right-01,0.6.7-draft,0.6.7-draft,mqtt,mqtt,920.63,743.39,5.14,5.508,0.098,0.053,0.242,-0.134,10.631,9.537,-0.0658,0.0369,0.0402,0.0526,-0.0124,-0.0063,24.94,25.06,11046,15089,1.381,1.886,4.142,5.658,508,508,51,51,0,0,0,0,,,,,,,,,,,,,,,,,0.0,0.0,0,0,1120.0,870.0,0.9015,1.1216,1,1,0
2026-09-28T22:23:06.425491+09:00,104899811,cc3d2640,2026-09-28T22:23:06.425491+09:00,2026-09-28T22:23:06.463456+09:00,rail-left-01,rail-right-01,0.6.7-draft,0.6.7-draft,mqtt,mqtt,921.83,744.33,5.162,5.514,-0.104,-0.067,0.044,-0.111,10.163,9.661,-0.0626,0.0294,0.0402,0.056,-0.0144,-0.0131,24.94,25.06,11156,15115,1.395,1.889,4.184,5.668,509,509,51,51,0,0,0,0,,,,,,,,,,,,,,,,,0.0,0.0,0,0,1121.1,871.1,0.9015,1.1216,1,1,0
2026-09-28T22:23:06.445541+09:00,104919861,cc3d2640,2026-09-28T22:23:06.445541+09:00,2026-09-28T22:23:06.483506+09:00,rail-left-01,rail-right-01,0.6.7-draft,0.6.7-draft,mqtt,mqtt,923.07,745.28,5.139,5.511,0.043,0.128,0.077,-0.198,10.455,9.51,-0.0637,0.0308,0.0398,0.0538,-0.0067,-0.0048,24.97,25.07,11043,15101,1.38,1.888,4.141,5.663,510,510,51,51,0,0,0,0,,,,,,,,,,,,,,,,,0.0,0.0,0,0,1122.2,872.2,0.9015,1.1216,1,1,0
2026-09-28T22:23:06.533989+09:00,105005458,cc3d2640,2026-09-28T22:23:06.533989+09:00,2026-09-28T22:23:06.574126+09:00,rail-left-01,rail-right-01,0.6.7-draft,0.6.7-draft,mqtt,mqtt,928.14,749.35,5.133,5.505,0.042,0.05,0.077,-0.158,10.503,9.829,-0.0592,0.0318,0.0401,0.0524,-0.0119,-0.0051,24.97,25.05,11011,15071,1.376,1.884,4.129,5.652,511,511,52,52,0,0,0,0,,,,,,,,,,,,,,,,,0.0,0.0,0,0,1126.8,876.8,0.9015,1.1216,1,1,0
2026-09-28T22:23:06.554106+09:00,105025575,cc3d2640,2026-09-28T22:23:06.554106+09:00,2026-09-28T22:23:06.594243+09:00,rail-left-01,rail-right-01,0.6.7-draft,0.6.7-draft,mqtt,mqtt,929.33,750.3,5.101,5.507,-0.02,-0.063,0.055,-0.247,10.327,9.803,-0.0632,0.0293,0.0362,0.0556,-0.0089,-0.0113,24.95,25.05,10855,15082,1.357,1.885,4.071,5.656,512,512,52,52,0,0,0,0,,,,,,,,,,,,,,,,,0.0,0.0,0,0,1127.8,877.8,0.9015,1.1216,1,1,0
2026-09-28T22:23:06.574040+09:00,105045508,cc3d2640,2026-09-28T22:23:06.574040+09:00,2026-09-28T22:23:06.614176+09:00,rail-left-01,rail-right-01,0.6.7-draft,0.6.7-draft,mqtt,mqtt,930.53,751.24,5.121,5.497,0.217,0.165,0.12,0.119,10.451,9.725,-0.0661,0.0314,0.041,0.057,-0.0077,-0.0107,24.96,25.04,10952,15036,1.369,1.88,4.107,5.639,513,513,52,52,0,0,0,0,,,,,,,,,,,,,,,,,0.0,0.0,0,0,1128.9,878.9,0.9015,1.1216,1,1,0
2026-09-28T22:23:06.594022+09:00,105065490,cc3d2640,2026-09-28T22:23:06.594022+09:00,2026-09-28T22:23:06.634158+09:00,rail-left-01,rail-right-01,0.6.7-draft,0.6.7-draft,mqtt,mqtt,931.72,752.19,5.121,5.505,-0.11,-0.093,0.265,-0.168,10.491,9.479,-0.0626,0.0318,0.041,0.0534,-0.01,-0.0019,24.94,25.06,10953,15075,1.369,1.884,4.107,5.653,514,514,52,52,0,0,0,0,,,,,,,,,,,,,,,,,0.0,0.0,0,0,1130.0,880.0,0.9015,1.1216,1,1,0
2026-09-28T22:23:06.614255+09:00,105085724,cc3d2640,2026-09-28T22:23:06.614255+09:00,2026-09-28T22:23:06.654392+09:00,rail-left-01,rail-right-01,0.6.7-draft,0.6.7-draft,mqtt,mqtt,932.96,753.18,5.13,5.507,0.02,0.105,-0.012,-0.22,10.251,9.743,-0.0642,0.0308,0.038,0.0568,-0.0112,-0.0088,24.98,25.05,10995,15080,1.374,1.885,4.123,5.655,515,515,52,52,0,0,0,0,,,,,,,,,,,,,,,,,0.0,0.0,0,0,1131.1,881.1,0.9015,1.1216,1,1,0
2026-09-28T22:23:06.634223+09:00,105105692,cc3d2640,2026-09-28T22:23:06.634223+09:00,2026-09-28T22:23:06.674360+09:00,rail-left-01,rail-right-01,0.6.7-draft,0.6.7-draft,mqtt,mqtt,934.11,754.13,5.122,5.52,0.075,0.078,0.163,-0.204,10.414,9.571,-0.0657,0.0302,0.0461,0.0634,-0.0103,-0.0076,24.96,25.04,10959,15146,1.37,1.893,4.11,5.68,516,516,52,52,0,0,0,0,,,,,,,,,,,,,,,,,0.0,0.0,0,0,1132.1,882.1,0.9015,1.1216,1,1,0
2026-09-28T22:23:06.654132+09:00,105125601,cc3d2640,2026-09-28T22:23:06.654132+09:00,2026-09-28T22:23:06.694269+09:00,rail-left-01,rail-right-01,0.6.7-draft,0.6.7-draft,mqtt,mqtt,935.3,755.07,5.106,5.526,-0.115,-0.012,0.268,-0.193,10.785,9.649,-0.0667,0.0326,0.0353,0.0476,-0.0085,-0.0052,24.98,25.06,10878,15174,1.36,1.897,4.079,5.69,517,517,52,52,0,0,0,0,,,,,,,,,,,,,,,,,0.0,0.0,0,0,1133.2,883.2,0.9015,1.1216,1,1,0
2026-09-28T22:23:06.674144+09:00,105145612,cc3d2640,2026-09-28T22:23:06.674144+09:00,2026-09-28T22:23:06.714280+09:00,rail-left-01,rail-right-01,0.6.7-draft,0.6.7-draft,mqtt,mqtt,936.49,756.02,5.14,5.523,0.002,-0.029,0.056,-0.084,10.432,9.898,-0.0727,0.0308,0.0333,0.0552,-0.0131,-0.0111,24.97,25.06,11047,15159,1.381,1.895,4.143,5.685,518,518,52,52,0,0,0,0,,,,,,,,,,,,,,,,,0.0,0.0,0,0,1134.3,884.3,0.9015,1.1216,1,1,0
2026-09-28T22:23:06.694093+09:00,105165561,cc3d2640,2026-09-28T22:23:06.694093+09:00,2026-09-28T22:23:06.734229+09:00,rail-left-01,rail-right-01,0.6.7-draft,0.6.7-draft,mqtt,mqtt,937.69,756.96,5.169,5.532,0.079,0.107,0.056,-0.162,10.347,9.731,-0.0702,0.0288,0.0366,0.0552,-0.0091,-0.0033,24.96,25.06,11187,15201,1.398,1.9,4.195,5.7,519,519,52,52,0,0,0,0,,,,,,,,,,,,,,,,,0.0,0.0,0,0,1135.4,885.4,0.9015,1.1216,1,1,0
2026-09-28T22:23:06.714124+09:00,105185593,cc3d2640,2026-09-28T22:23:06.714124+09:00,2026-09-28T22:23:06.754261+09:00,rail-left-01,rail-right-01,0.6.7-draft,0.6.7-draft,mqtt,mqtt,938.88,757.91,5.177,5.53,-0.026,-0.055,0.217,-0.283,10.343,9.686,-0.0657,0.0265,0.0332,0.0544,-0.0089,-0.0051,24.95,25.07,11225,15194,1.403,1.899,4.209,5.698,520,520,52,52,0,0,0,0,,,,,,,,,,,,,,,,,0.0,0.0,0,0,1136.4,886.4,0.9015,1.1216,1,1,0
2026-09-28T22:23:06.815335+09:00,105276477,cc3d2640,2026-09-28T22:23:06.815335+09:00,2026-09-28T22:23:06.854040+09:00,rail-left-01,rail-right-01,0.6.7-draft,0.6.7-draft,mqtt,mqtt,944.25,762.23,5.18,5.529,0.059,0.141,-0.037,-0.243,10.363,9.687,-0.0642,0.031,0.0337,0.0534,-0.0097,-0.0068,24.95,25.06,11241,15187,1.405,1.898,4.215,5.695,521,521,53,53,0,0,0,0,,,,,,,,,,,,,,,,,0.0,0.0,0,0,1141.3,891.3,0.9015,1.1216,1,1,0
2026-09-28T22:23:06.835439+09:00,105296581,cc3d2640,2026-09-28T22:23:06.835439+09:00,2026-09-28T22:23:06.874144+09:00,rail-left-01,rail-right-01,0.6.7-draft,0.6.7-draft,mqtt,mqtt,945.44,763.18,5.332,5.546,0.014,0.023,0.177,-0.22,10.479,9.543,-0.0645,0.0346,0.0452,0.0565,-0.0075,-0.0053,24.94,25.05,11988,15270,1.499,1.909,4.496,5.726,522,522,53,53,0,0,0,0,,,,,,,,,,,,,,,,,0.0,0.0,0,0,1142.4,892.4,0.9015,1.1216,1,1,0
2026-09-28T22:23:06.855382+09:00,105316523,cc3d2640,2026-09-28T22:23:06.855382+09:00,2026-09-28T22:23:06.894086+09:00,rail-left-01,rail-right-01,0.6.7-draft,0.6.7-draft,mqtt,mqtt,946.64,764.12,5.343,5.564,-0.055,-0.043,-0.013,-0.205,10.457,9.698,-0.0665,0.0328,0.0378,0.0573,-0.0081,-0.0083,24.97,25.05,12043,15357,1.505,1.92,4.516,5.759,523,523,53,53,0,0,0,0,,,,,,,,,,,,,,,,,0.0,0.0,0,0,1143.4,893.4,0.9015,1.1216,1,1,0
2026-09-28T22:23:06.875535+09:00,105336677,cc3d2640,2026-09-28T22:23:06.875535+09:00,2026-09-28T22:23:06.914240+09:00,rail-left-01,rail-right-01,0.6.7-draft,0.6.7-draft,mqtt,mqtt,947.83,765.11,5.352,5.571,0.012,0.041,0.156,-0.194,10.409,9.759,-0.0638,0.0346,0.0378,0.0553,-0.008,-0.0053,24.97,25.07,12085,15391,1.511,1.924,4.532,5.772,524,524,53,53,0,0,0,0,,,,,,,,,,,,,,,,,0.0,0.0,0,0,1144.5,894.5,0.9015,1.1216,1,1,0
2026-09-28T22:23:06.895369+09:00,105356511,cc3d2640,2026-09-28T22:23:06.895369+09:00,2026-09-28T22:23:06.934074+09:00,rail-left-01,rail-right-01,0.6.7-draft,0.6.7-draft,mqtt,mqtt,948.97,766.06,5.348,5.574,-0.068,0.024,0.04,-0.341,10.737,9.602,-0.063,0.0321,0.0398,0.0534,-0.0097,-0.01,24.95,25.07,12069,15404,1.509,1.926,4.526,5.777,525,525,53,53,0,0,0,0,,,,,,,,,,,,,,,,,0.0,0.0,0,0,1145.5,895.5,0.9015,1.1216,1,1,0
2026-09-28T22:23:06.915444+09:00,105376586,cc3d2640,2026-09-28T22:23:06.915444+09:00,2026-09-28T22:23:06.954149+09:00,rail-left-01,rail-right-01,0.6.7-draft,0.6.7-draft,mqtt,mqtt,950.17,767.0,5.371,5.572,0.038,0.105,-0.004,-0.05,10.41,9.644,-0.065,0.0325,0.0328,0.0544,-0.0059,-0.0075,24.96,25.05,12181,15394,1.523,1.924,4.568,5.773,526,526,53,53,0,0,0,0,,,,,,,,,,,,,,,,,0.0,0.0,0,0,1146.6,896.6,0.9015,1.1216,1,1,0
2026-09-28T22:23:06.935375+09:00,105396517,cc3d2640,2026-09-28T22:23:06.935375+09:00,2026-09-28T22:23:06.974080+09:00,rail-left-01,rail-right-01,0.6.7-draft,0.6.7-draft,mqtt,mqtt,951.36,767.95,5.37,5.564,-0.004,0.043,0.293,0.166,10.654,9.896,-0.0637,0.0353,0.034,0.0536,-0.0064,-0.0012,24.94,25.04,12176,15355,1.522,1.919,4.566,5.758,527,527,53,53,0,0,0,0,,,,,,,,,,,,,,,,,0.0,0.0,0,0,1147.7,897.7,0.9015,1.1216,1,1,0
2026-09-28T22:23:06.955492+09:00,105416634,cc3d2640,2026-09-28T22:23:06.955492+09:00,2026-09-28T22:23:06.994197+09:00,rail-left-01,rail-right-01,0.6.7-draft,0.6.7-draft,mqtt,mqtt,952.55,768.89,5.386,5.567,0.034,0.014,0.127,-0.223,10.428,9.833,-0.0654,0.0316,0.0353,0.0537,-0.0091,-0.0036,24.95,25.05,12253,15371,1.532,1.921,4.595,5.764,528,528,53,53,0,0,0,0,,,,,,,,,,,,,,,,,0.0,0.0,0,0,1148.8,898.8,0.9015,1.1216,1,1,0
2026-09-28T22:23:06.975424+09:00,105436566,cc3d2640,2026-09-28T22:23:06.975424+09:00,2026-09-28T22:23:07.014129+09:00,rail-left-01,rail-right-01,0.6.7-draft,0.6.7-draft,mqtt,mqtt,953.7,769.84,5.386,5.563,0.035,0.078,0.098,-0.273,10.534,9.845,-0.0655,0.033,0.0417,0.0576,-0.0053,-0.0084,24.99,25.06,12252,15354,1.532,1.919,4.595,5.758,529,529,53,53,0,0,0,0,,,,,,,,,,,,,,,,,0.0,0.0,0,0,1149.8,899.8,0.9015,1.1216,1,1,0
2026-09-28T22:23:06.995385+09:00,105456527,cc3d2640,2026-09-28T22:23:06.995385+09:00,2026-09-28T22:23:07.034090+09:00,rail-left-01,rail-right-01,0.6.7-draft,0.6.7-draft,mqtt,mqtt,954.89,770.78,5.39,5.576,0.055,0.067,0.097,-0.102,10.664,9.778,-0.0655,0.0334,0.041,0.0572,-0.0047,-0.0045,24.95,25.05,12272,15415,1.534,1.927,4.602,5.781,530,530,53,53,0,0,0,0,,,,,,,,,,,,,,,,,0.0,0.0,0,0,1150.9,900.9,0.9015,1.1216,1,1,0
2026-09-28T22:23:07.127728+09:00,105559455,cc3d2640,2026-09-28T22:23:07.127728+09:00,2026-09-28T22:23:07.214977+09:00,rail-left-01,rail-right-01,0.6.7-draft,0.6.7-draft,mqtt,mqtt,961.0,775.7,5.389,5.582,-0.104,-0.028,0.183,-0.388,10.289,9.442,-0.0657,0.0364,0.0416,0.06,-0.0068,-0.0067,24.97,25.03,12266,15445,1.533,1.931,4.6,5.792,531,531,54,54,0,0,0,0,,,,,,,,,,,,,,,,,0.0,0.0,0,0,1156.4,906.4,0.9015,1.1216,1,1,0
2026-09-28T22:23:07.147884+09:00,105579611,cc3d2640,2026-09-28T22:23:07.147884+09:00,2026-09-28T22:23:07.235132+09:00,rail-left-01,rail-right-01,0.6.7-draft,0.6.7-draft,mqtt,mqtt,962.2,776.65,5.353,5.604,-0.042,0.053,-0.024,-0.127,10.667,9.722,-0.0629,0.0338,0.04,0.0537,-0.0107,-0.0085,24.95,25.05,12091,15549,1.511,1.944,4.534,5.831,532,532,54,54,0,0,0,0,,,,,,,,,,,,,,,,,0.0,0.0,0,0,1157.5,907.5,0.9015,1.1216,1,1,0
2026-09-28T22:23:07.167821+09:00,105599548,cc3d2640,2026-09-28T22:23:07.167821+09:00,2026-09-28T22:23:07.255069+09:00,rail-left-01,rail-right-01,0.6.7-draft,0.6.7-draft,mqtt,mqtt,963.34,777.59,5.342,5.602,-0.01,-0.007,0.358,-0.213,10.399,9.817,-0.0641,0.0329,0.0385,0.0573,-0.0087,-0.0071,24.95,25.04,12037,15540,1.505,1.943,4.514,5.828,533,533,54,54,0,0,0,0,,,,,,,,,,,,,,,,,0.0,0.0,0,0,1158.5,908.5,0.9015,1.1216,1,1,0
2026-09-28T22:23:07.187771+09:00,105619498,cc3d2640,2026-09-28T22:23:07.187771+09:00,2026-09-28T22:23:07.275020+09:00,rail-left-01,rail-right-01,0.6.7-draft,0.6.7-draft,mqtt,mqtt,964.53,778.54,5.328,5.609,0.035,0.001,-0.038,-0.274,10.697,9.719,-0.065,0.034,0.0429,0.0581,-0.0095,-0.0075,24.97,25.04,11967,15572,1.496,1.947,4.488,5.84,534,534,54,54,0,0,0,0,,,,,,,,,,,,,,,,,0.0,0.0,0,0,1159.6,909.6,0.9015,1.1216,1,1,0
2026-09-28T22:23:07.207845+09:00,105639572,cc3d2640,2026-09-28T22:23:07.207845+09:00,2026-09-28T22:23:07.295094+09:00,rail-left-01,rail-right-01,0.6.7-draft,0.6.7-draft,mqtt,mqtt,965.73,779.48,5.314,5.608,-0.102,-0.065,0.243,-0.159,10.669,9.693,-0.0634,0.0373,0.0421,0.0574,-0.01,-0.0029,24.95,25.04,11902,15569,1.488,1.946,4.463,5.838,535,535,54,54,0,0,0,0,,,,,,,,,,,,,,,,,0.0,0.0,0,0,1160.6,910.6,0.9015,1.1216,1,1,0
2026-09-28T22:23:07.228122+09:00,105659849,cc3d2640,2026-09-28T22:23:07.228122+09:00,2026-09-28T22:23:07.315371+09:00,rail-left-01,rail-right-01,0.6.7-draft,0.6.7-draft,mqtt,mqtt,966.97,780.48,5.308,5.61,0.01,0.067,0.013,-0.201,10.426,9.725,-0.065,0.0361,0.0373,0.0525,-0.0068,-0.0093,24.95,25.05,11871,15580,1.484,1.948,4.452,5.843,536,536,54,54,0,0,0,0,,,,,,,,,,,,,,,,,0.0,0.0,0,0,1161.8,911.8,0.9015,1.1216,1,1,0
2026-09-28T22:23:07.247742+09:00,105679469,cc3d2640,2026-09-28T22:23:07.247742+09:00,2026-09-28T22:23:07.334991+09:00,rail-left-01,rail-right-01,0.6.7-draft,0.6.7-draft,mqtt,mqtt,968.11,781.42,5.313,5.602,-0.04,0.044,0.06,-0.192,10.397,9.656,-0.0678,0.0377,0.0382,0.0566,-0.0081,-0.0096,24.96,25.05,11894,15541,1.487,1.943,4.46,5.828,537,537,54,54,0,0,0,0,,,,,,,,,,,,,,,,,0.0,0.0,0,0,1162.8,912.8,0.9015,1.1216,1,1,0
2026-09-28T22:23:07.267877+09:00,105699604,cc3d2640,2026-09-28T22:23:07.267877+09:00,2026-09-28T22:23:07.355126+09:00,rail-left-01,rail-right-01,0.6.7-draft,0.6.7-draft,mqtt,mqtt,969.31,782.37,5.287,5.591,0.043,0.007,0.3,-0.105,10.463,9.755,-0.0666,0.0398,0.0349,0.0516,-0.0036,-0.0023,24.95,25.05,11768,15487,1.471,1.936,4.413,5.808,538,538,54,54,0,0,0,0,,,,,,,,,,,,,,,,,0.0,0.0,0,0,1163.9,913.9,0.9015,1.1216,1,1,0
2026-09-28T22:23:07.287842+09:00,105719569,cc3d2640,2026-09-28T22:23:07.287842+09:00,2026-09-28T22:23:07.375091+09:00,rail-left-01,rail-right-01,0.6.7-draft,0.6.7-draft,mqtt,mqtt,970.5,783.31,5.286,5.585,0.017,-0.03,-0.002,-0.192,10.283,9.685,-0.067,0.0341,0.0394,0.06,-0.0077,-0.0109,24.94,25.07,11764,15456,1.471,1.932,4.412,5.796,539,539,54,54,0,0,0,0,,,,,,,,,,,,,,,,,0.0,0.0,0,0,1164.9,914.9,0.9015,1.1216,1,1,0
2026-09-28T22:23:07.308532+09:00,105740259,cc3d2640,2026-09-28T22:23:07.308532+09:00,2026-09-28T22:23:07.395781+09:00,rail-left-01,rail-right-01,0.6.7-draft,0.6.7-draft,mqtt,mqtt,971.69,784.31,5.276,5.578,-0.022,0.107,0.147,-0.111,10.288,9.864,-0.069,0.0361,0.0356,0.054,-0.0001,-0.0011,24.95,25.06,11715,15422,1.464,1.928,4.393,5.783,540,540,54,54,0,0,0,0,,,,,,,,,,,,,,,,,0.0,0.0,0,0,1166.0,916.0,0.9015,1.1216,1,1,0
2026-09-28T22:23:07.445232+09:00,105917445,cc3d2640,2026-09-28T22:23:07.445232+09:00,2026-09-28T22:23:07.533223+09:00,rail-left-01,rail-right-01,0.6.7-draft,0.6.7-draft,mqtt,mqtt,982.18,792.76,5.282,5.581,0.212,0.232,0.083,-0.291,10.621,9.535,-0.062,0.0332,0.0418,0.0529,-0.0071,-0.0076,24.97,25.02,11741,15437,1.468,1.93,4.403,5.789,541,541,55,55,0,0,0,0,,,,,,,,,,,,,,,,,0.0,0.0,0,0,1175.5,925.5,0.9015,1.1216,1,1,0
2026-09-28T22:23:07.465387+09:00,105937600,cc3d2640,2026-09-28T22:23:07.465387+09:00,2026-09-28T22:23:07.553378+09:00,rail-left-01,rail-right-01,0.6.7-draft,0.6.7-draft,mqtt,mqtt,983.38,793.7,5.279,5.606,-0.098,-0.047,0.13,-0.114,10.43,9.87,-0.0665,0.0326,0.0346,0.0509,-0.0027,-0.0003,24.98,25.05,11726,15558,1.466,1.945,4.397,5.834,542,542,55,55,0,0,0,0,,,,,,,,,,,,,,,,,0.0,0.0,0,0,1176.6,926.6,0.9015,1.1216,1,1,0
2026-09-28T22:23:07.485353+09:00,105957566,cc3d2640,2026-09-28T22:23:07.485353+09:00,2026-09-28T22:23:07.573344+09:00,rail-left-01,rail-right-01,0.6.7-draft,0.6.7-draft,mqtt,mqtt,984.57,794.65,5.301,5.607,0.134,0.13,0.08,-0.229,10.28,9.747,-0.0641,0.029,0.0361,0.0548,-0.0044,-0.0065,24.96,25.02,11834,15565,1.479,1.946,4.438,5.837,543,543,55,55,0,0,0,0,,,,,,,,,,,,,,,,,0.0,0.0,0,0,1177.6,927.6,0.9015,1.1216,1,1,0
2026-09-28T22:23:07.505387+09:00,105977600,cc3d2640,2026-09-28T22:23:07.505387+09:00,2026-09-28T22:23:07.593378+09:00,rail-left-01,rail-right-01,0.6.7-draft,0.6.7-draft,mqtt,mqtt,985.76,795.59,5.307,5.598,-0.017,0.024,0.099,-0.144,10.59,9.576,-0.0616,0.0322,0.0414,0.0573,-0.0039,-0.0021,24.96,25.05,11867,15521,1.483,1.94,4.45,5.82,544,544,55,55,0,0,0,0,,,,,,,,,,,,,,,,,0.0,0.0,0,0,1178.7,928.7,0.9015,1.1216,1,1,0
2026-09-28T22:23:07.525709+09:00,105997922,cc3d2640,2026-09-28T22:23:07.525709+09:00,2026-09-28T22:23:07.613700+09:00,rail-left-01,rail-right-01,0.6.7-draft,0.6.7-draft,mqtt,mqtt,986.96,796.59,5.3,5.593,-0.045,-0.005,0.275,-0.293,10.404,9.467,-0.0703,0.0342,0.0374,0.0524,0.0072,-0.0027,24.96,25.06,11831,15497,1.479,1.937,4.437,5.811,545,545,55,55,0,0,0,0,,,,,,,,,,,,,,,,,0.0,0.0,0,0,1179.8,929.8,0.9015,1.1216,1,1,0
2026-09-28T22:23:07.545714+09:00,106017927,cc3d2640,2026-09-28T22:23:07.545714+09:00,2026-09-28T22:23:07.633705+09:00,rail-left-01,rail-right-01,0.6.7-draft,0.6.7-draft,mqtt,mqtt,988.1,797.53,5.293,5.564,0.024,0.077,0.147,-0.041,10.411,9.822,-0.0698,0.0353,0.0309,0.0497,0.0013,-0.0072,24.95,25.06,11799,15358,1.475,1.92,4.425,5.759,546,546,55,55,0,0,0,0,,,,,,,,,,,,,,,,,0.0,0.0,0,0,1180.8,930.8,0.9015,1.1216,1,1,0
2026-09-28T22:23:07.565294+09:00,106037507,cc3d2640,2026-09-28T22:23:07.565294+09:00,2026-09-28T22:23:07.653285+09:00,rail-left-01,rail-right-01,0.6.7-draft,0.6.7-draft,mqtt,mqtt,989.29,798.48,5.296,5.553,-0.02,-0.044,0.286,-0.316,10.428,9.604,-0.0675,0.0258,0.0386,0.0557,0.0003,-0.0001,24.94,25.04,11813,15302,1.477,1.913,4.43,5.738,547,547,55,55,0,0,0,0,,,,,,,,,,,,,,,,,0.0,0.0,0,0,1181.9,931.9,0.9015,1.1216,1,1,0
2026-09-28T22:23:07.585354+09:00,106057567,cc3d2640,2026-09-28T22:23:07.585354+09:00,2026-09-28T22:23:07.673345+09:00,rail-left-01,rail-right-01,0.6.7-draft,0.6.7-draft,mqtt,mqtt,990.44,799.42,5.297,5.554,-0.078,-0.002,-0.178,-0.412,10.573,9.609,-0.0661,0.0244,0.0392,0.0566,-0.0063,-0.0088,24.96,25.04,11816,15311,1.477,1.914,4.431,5.742,548,548,55,55,0,0,0,0,,,,,,,,,,,,,,,,,0.0,0.0,0,0,1182.9,932.9,0.9015,1.1216,1,1,0
2026-09-28T22:23:07.605384+09:00,106077597,cc3d2640,2026-09-28T22:23:07.605384+09:00,2026-09-28T22:23:07.693375+09:00,rail-left-01,rail-right-01,0.6.7-draft,0.6.7-draft,mqtt,mqtt,991.63,800.36,5.297,5.547,0.095,0.073,0.087,-0.237,10.318,9.621,-0.0667,0.025,0.0301,0.0522,-0.0036,-0.0033,24.96,25.03,11816,15276,1.477,1.91,4.431,5.729,549,549,55,55,0,0,0,0,,,,,,,,,,,,,,,,,0.0,0.0,0,0,1184.0,934.0,0.9015,1.1216,1,1,0
2026-09-28T22:23:07.625431+09:00,106097644,cc3d2640,2026-09-28T22:23:07.625431+09:00,2026-09-28T22:23:07.713422+09:00,rail-left-01,rail-right-01,0.6.7-draft,0.6.7-draft,mqtt,mqtt,992.82,801.31,5.305,5.519,0.037,0.011,-0.036,-0.059,10.418,9.808,-0.0645,0.0228,0.0313,0.051,-0.006,-0.0053,24.95,25.05,11854,15141,1.482,1.893,4.445,5.678,550,550,55,55,0,0,0,0,,,,,,,,,,,,,,,,,0.0,0.0,0,0,1185.1,935.1,0.9015,1.1216,1,1,0
2026-09-28T22:23:07.799883+09:00,106236828,cc3d2640,2026-09-28T22:23:07.799883+09:00,2026-09-28T22:23:07.882035+09:00,rail-left-01,rail-right-01,0.6.7-draft,0.6.7-draft,mqtt,mqtt,1001.08,807.97,5.303,5.504,-0.107,-0.099,-0.034,-0.338,10.631,9.676,-0.0653,0.0332,0.0388,0.0532,-0.0081,-0.0061,24.95,25.04,11848,15066,1.481,1.883,4.443,5.65,551,551,56,56,0,0,0,0,,,,,,,,,,,,,,,,,0.0,0.0,0,0,1192.5,942.5,0.9015,1.1216,1,1,0
2026-09-28T22:23:07.819663+09:00,106256608,cc3d2640,2026-09-28T22:23:07.819663+09:00,2026-09-28T22:23:07.901815+09:00,rail-left-01,rail-right-01,0.6.7-draft,0.6.7-draft,mqtt,mqtt,1002.27,808.92,5.989,5.924,0.085,0.097,0.105,-0.165,10.348,9.878,-0.0622,0.03,0.0424,0.0594,-0.0083,-0.0088,24.95,25.07,15214,17091,1.902,2.136,5.705,6.409,552,552,56,56,0,0,0,0,,,,,,,,,,,,,,,,,0.0,0.0,0,0,1193.6,943.6,0.9015,1.1216,1,1,0
2026-09-28T22:23:07.839636+09:00,106276581,cc3d2640,2026-09-28T22:23:07.839636+09:00,2026-09-28T22:23:07.921788+09:00,rail-left-01,rail-right-01,0.6.7-draft,0.6.7-draft,mqtt,mqtt,1003.46,809.86,6.433,6.192,0.034,0.026,0.05,-0.176,10.542,9.67,-0.0694,0.0289,0.0417,0.0562,-0.0037,-0.0007,24.95,25.05,16344,17882,2.043,2.235,6.129,6.706,553,553,56,56,0,0,0,0,,,,,,,,,,,,,,,,,0.0,0.0,0,0,1194.7,944.7,0.9015,1.1216,1,1,0
2026-09-28T22:23:07.859582+09:00,106296527,cc3d2640,2026-09-28T22:23:07.859582+09:00,2026-09-28T22:23:07.941734+09:00,rail-left-01,rail-right-01,0.6.7-draft,0.6.7-draft,mqtt,mqtt,1004.61,810.81,6.86,6.549,0.045,0.079,-0.075,-0.139,10.444,9.9,-0.0693,0.032,0.0402,0.0612,-0.0069,-0.0043,24.95,25.05,17407,18674,2.176,2.334,6.528,7.003,554,554,56,56,0,0,0,0,,,,,,,,,,,,,,,,,0.0,0.0,0,0,1195.7,945.7,0.9015,1.1216,1,1,0
2026-09-28T22:23:07.879803+09:00,106316748,cc3d2640,2026-09-28T22:23:07.879803+09:00,2026-09-28T22:23:07.961955+09:00,rail-left-01,rail-right-01,0.6.7-draft,0.6.7-draft,mqtt,mqtt,1005.85,811.75,7.206,6.885,-0.151,-0.08,0.514,-0.115,10.969,9.978,-0.0538,0.0346,0.0345,0.0533,-0.0035,0.0072,24.97,25.07,18268,19420,2.284,2.428,6.851,7.283,555,555,56,56,0,0,0,0,,,,,,,,,,,,,,,,,0.0,0.0,0,0,1196.8,946.8,0.9015,1.1216,1,1,0
2026-09-28T22:23:07.899791+09:00,106336736,cc3d2640,2026-09-28T22:23:07.899791+09:00,2026-09-28T22:23:07.981943+09:00,rail-left-01,rail-right-01,0.6.7-draft,0.6.7-draft,mqtt,mqtt,1006.99,812.74,7.456,7.148,0.19,0.133,-0.049,-0.072,10.382,10.159,-0.0596,0.0297,0.029,0.049,-0.0091,-0.0067,24.93,25.08,18890,20002,2.361,2.5,7.084,7.501,556,556,56,56,0,0,0,0,,,,,,,,,,,,,,,,,0.0,0.0,0,0,1197.8,947.8,0.9015,1.1216,1,1,0
2026-09-28T22:23:07.919707+09:00,106356652,cc3d2640,2026-09-28T22:23:07.919707+09:00,2026-09-28T22:23:08.001859+09:00,rail-left-01,rail-right-01,0.6.7-draft,0.6.7-draft,mqtt,mqtt,1008.19,813.69,7.555,7.271,0.225,0.157,-0.077,-0.359,10.378,9.851,-0.0653,0.0304,0.036,0.0564,-0.0065,-0.0088,24.95,25.06,19137,20276,2.392,2.535,7.176,7.604,557,557,56,56,0,0,0,0,,,,,,,,,,,,,,,,,0.0,0.0,0,0,1198.9,948.9,0.9015,1.1216,1,1,0
2026-09-28T22:23:07.939612+09:00,106376557,cc3d2640,2026-09-28T22:23:07.939612+09:00,2026-09-28T22:23:08.021764+09:00,rail-left-01,rail-right-01,0.6.7-draft,0.6.7-draft,mqtt,mqtt,1009.38,814.63,7.603,7.396,0.023,-0.04,0.239,-0.215,10.712,9.59,-0.0673,0.0325,0.039,0.054,-0.0061,-0.0023,24.94,25.05,19258,20553,2.407,2.569,7.222,7.707,558,558,56,56,0,0,0,0,,,,,,,,,,,,,,,,,0.0,0.0,0,0,1200.0,950.0,0.9015,1.1216,1,1,1200
2026-09-28T22:23:07.959579+09:00,106396524,cc3d2640,2026-09-28T22:23:07.959579+09:00,2026-09-28T22:23:08.041731+09:00,rail-left-01,rail-right-01,0.6.7-draft,0.6.7-draft,mqtt,mqtt,1010.57,815.58,7.566,7.43,0.087,0.008,-0.059,-0.133,10.427,9.723,-0.0751,0.0289,0.0336,0.0522,-0.0079,-0.0057,24.95,25.04,19166,20628,2.396,2.579,7.187,7.736,559,559,56,56,0,0,0,0,,,,,,,,,,,,,,,,,0.0,0.0,0,0,1201.1,951.1,0.9015,1.1216,1,1,0
2026-09-28T22:23:07.979804+09:00,106416749,cc3d2640,2026-09-28T22:23:07.979804+09:00,2026-09-28T22:23:08.061956+09:00,rail-left-01,rail-right-01,0.6.7-draft,0.6.7-draft,mqtt,mqtt,1011.77,816.52,7.493,7.399,0.008,0.11,-0.044,-0.121,10.275,9.613,-0.0671,0.023,0.0353,0.048,-0.0037,0.0016,24.95,25.04,18983,20561,2.373,2.57,7.119,7.71,560,560,56,56,0,0,0,0,,,,,,,,,,,,,,,,,0.0,0.0,0,0,1202.2,952.2,0.9015,1.1216,1,1,0
2026-09-28T22:23:08.155960+09:00,106585402,cc3d2640,2026-09-28T22:23:08.155960+09:00,2026-09-28T22:23:08.195822+09:00,rail-left-01,rail-right-01,0.6.7-draft,0.6.7-draft,mqtt,mqtt,1021.81,824.58,7.442,7.36,-0.273,-0.249,0.266,-0.151,10.625,9.553,-0.0644,0.032,0.0384,0.0528,-0.0007,0.0035,24.95,25.04,18856,20473,2.357,2.559,7.071,7.677,561,561,57,57,0,0,0,0,,,,,,,,,,,,,,,,,0.0,0.0,0,0,1211.2,961.2,0.9015,1.1216,1,1,0
2026-09-28T22:23:08.176085+09:00,106605527,cc3d2640,2026-09-28T22:23:08.176085+09:00,2026-09-28T22:23:08.215948+09:00,rail-left-01,rail-right-01,0.6.7-draft,0.6.7-draft,mqtt,mqtt,1023.0,825.52,7.115,7.121,0.079,0.169,0.024,-0.34,10.436,9.436,-0.0609,0.0301,0.0421,0.058,-0.0127,-0.0144,24.96,25.05,18043,19943,2.255,2.493,6.766,7.479,562,562,57,57,0,0,0,0,,,,,,,,,,,,,,,,,0.0,0.0,0,0,1212.3,962.3,0.9015,1.1216,1,1,0
2026-09-28T22:23:08.196023+09:00,106625465,cc3d2640,2026-09-28T22:23:08.196023+09:00,2026-09-28T22:23:08.235886+09:00,rail-left-01,rail-right-01,0.6.7-draft,0.6.7-draft,mqtt,mqtt,1024.2,826.47,7.115,7.139,-0.042,-0.018,-0.045,-0.053,10.238,9.659,-0.0636,0.0306,0.0392,0.0564,-0.0068,-0.004,24.94,25.05,18043,19983,2.255,2.498,6.766,7.494,563,563,57,57,0,0,0,0,,,,,,,,,,,,,,,,,0.0,0.0,0,0,1213.4,963.4,0.9015,1.1216,1,1,0
2026-09-28T22:23:08.216137+09:00,106645579,cc3d2640,2026-09-28T22:23:08.216137+09:00,2026-09-28T22:23:08.256000+09:00,rail-left-01,rail-right-01,0.6.7-draft,0.6.7-draft,mqtt,mqtt,1025.44,827.41,7.133,7.143,0.101,0.11,0.202,-0.056,10.272,9.796,-0.0549,0.0272,0.0358,0.0545,-0.0089,-0.0113,24.96,25.04,18086,19991,2.261,2.499,6.782,7.497,564,564,57,57,0,0,0,0,,,,,,,,,,,,,,,,,0.0,0.0,0,0,1214.5,964.5,0.9015,1.1216,1,1,0
2026-09-28T22:23:08.236012+09:00,106665454,cc3d2640,2026-09-28T22:23:08.236012+09:00,2026-09-28T22:23:08.275875+09:00,rail-left-01,rail-right-01,0.6.7-draft,0.6.7-draft,mqtt,mqtt,1026.58,828.36,7.17,7.159,-0.061,0.001,0.024,-0.281,10.482,9.549,-0.0569,0.0324,0.0374,0.0556,-0.0068,-0.0083,24.95,25.05,18178,20027,2.272,2.503,6.817,7.51,565,565,57,57,0,0,0,0,,,,,,,,,,,,,,,,,0.0,0.0,0,0,1215.5,965.5,0.9015,1.1216,1,1,0
2026-09-28T22:23:08.256223+09:00,106685665,cc3d2640,2026-09-28T22:23:08.256223+09:00,2026-09-28T22:23:08.296086+09:00,rail-left-01,rail-right-01,0.6.7-draft,0.6.7-draft,mqtt,mqtt,1027.83,829.35,7.181,7.168,-0.02,0.049,0.18,-0.253,10.38,9.729,-0.0624,0.0324,0.0293,0.0528,-0.0093,-0.008,24.95,25.04,18206,20047,2.276,2.506,6.827,7.518,566,566,57,57,0,0,0,0,,,,,,,,,,,,,,,,,0.0,0.0,0,0,1216.6,966.6,0.9015,1.1216,1,1,0
2026-09-28T22:23:08.276147+09:00,106705589,cc3d2640,2026-09-28T22:23:08.276147+09:00,2026-09-28T22:23:08.316009+09:00,rail-left-01,rail-right-01,0.6.7-draft,0.6.7-draft,mqtt,mqtt,1029.02,830.3,7.188,7.172,0.18,0.128,0.217,-0.132,10.295,9.837,-0.063,0.0314,0.0398,0.0629,-0.0091,-0.0107,24.98,25.07,18223,20056,2.278,2.507,6.834,7.521,567,567,57,57,0,0,0,0,,,,,,,,,,,,,,,,,0.0,0.0,0,0,1217.7,967.7,0.9015,1.1216,1,1,0
2026-09-28T22:23:08.296090+09:00,106725532,cc3d2640,2026-09-28T22:23:08.296090+09:00,2026-09-28T22:23:08.335952+09:00,rail-left-01,rail-right-01,0.6.7-draft,0.6.7-draft,mqtt,mqtt,1030.21,831.24,7.188,7.183,-0.019,-0.053,0.134,-0.03,10.621,9.859,-0.0609,0.0325,0.0382,0.0585,-0.0084,-0.0055,24.94,25.05,18224,20080,2.278,2.51,6.834,7.53,568,568,57,57,0,0,0,0,,,,,,,,,,,,,,,,,0.0,0.0,0,0,1218.8,968.8,0.9015,1.1216,1,1,0
2026-09-28T22:23:08.316023+09:00,106745465,cc3d2640,2026-09-28T22:23:08.316023+09:00,2026-09-28T22:23:08.355886+09:00,rail-left-01,rail-right-01,0.6.7-draft,0.6.7-draft,mqtt,mqtt,1031.41,832.18,7.186,7.201,0.186,0.117,0.235,-0.269,10.546,9.694,-0.0645,0.0342,0.0388,0.0553,-0.0069,-0.0032,24.94,25.06,18218,20121,2.277,2.515,6.832,7.545,569,569,57,57,0,0,0,0,,,,,,,,,,,,,,,,,0.0,0.0,0,0,1219.9,969.9,0.9015,1.1216,1,1,0
2026-09-28T22:23:08.336243+09:00,106765685,cc3d2640,2026-09-28T22:23:08.336243+09:00,2026-09-28T22:23:08.376105+09:00,rail-left-01,rail-right-01,0.6.7-draft,0.6.7-draft,mqtt,mqtt,1032.6,833.13,7.2,7.206,-0.153,-0.114,0.074,-0.425,10.277,9.797,-0.0612,0.034,0.0406,0.0578,-0.0127,-0.0073,24.95,25.05,18253,20132,2.282,2.517,6.845,7.55,570,570,57,57,0,0,0,0,,,,,,,,,,,,,,,,,0.0,0.0,0,0,1220.9,970.9,0.9015,1.1216,1,1,0
2026-09-28T22:23:08.466706+09:00,106898460,cc3d2640,2026-09-28T22:23:08.466706+09:00,2026-09-28T22:23:08.504541+09:00,rail-left-01,rail-right-01,0.6.7-draft,0.6.7-draft,mqtt,mqtt,1040.55,839.39,7.192,7.208,-0.024,-0.037,0.219,-0.215,10.505,9.699,-0.0648,0.0309,0.0369,0.054,-0.0087,-0.0012,24.95,25.06,18235,20136,2.279,2.517,6.838,7.551,571,571,58,58,0,0,0,0,,,,,,,,,,,,,,,,,0.0,0.0,0,0,1228.1,978.1,0.9015,1.1216,1,1,0
2026-09-28T22:23:08.486852+09:00,106918606,cc3d2640,2026-09-28T22:23:08.486852+09:00,2026-09-28T22:23:08.524688+09:00,rail-left-01,rail-right-01,0.6.7-draft,0.6.7-draft,mqtt,mqtt,1041.8,840.39,7.162,7.259,0.061,0.032,0.057,-0.209,10.428,9.689,-0.0632,0.0349,0.046,0.0612,-0.0103,-0.0044,24.94,25.05,18160,20250,2.27,2.531,6.81,7.594,572,572,58,58,0,0,0,0,,,,,,,,,,,,,,,,,0.0,0.0,0,0,1229.2,979.2,0.9015,1.1216,1,1,0
2026-09-28T22:23:08.506783+09:00,106938537,cc3d2640,2026-09-28T22:23:08.506783+09:00,2026-09-28T22:23:08.544618+09:00,rail-left-01,rail-right-01,0.6.7-draft,0.6.7-draft,mqtt,mqtt,1042.99,841.33,7.145,7.276,-0.117,-0.059,0.115,-0.272,10.602,9.704,-0.067,0.032,0.0397,0.057,-0.0081,-0.0077,24.93,25.06,18118,20287,2.265,2.536,6.794,7.608,573,573,58,58,0,0,0,0,,,,,,,,,,,,,,,,,0.0,0.0,0,0,1230.3,980.3,0.9015,1.1216,1,1,0
2026-09-28T22:23:08.526734+09:00,106958488,cc3d2640,2026-09-28T22:23:08.526734+09:00,2026-09-28T22:23:08.564569+09:00,rail-left-01,rail-right-01,0.6.7-draft,0.6.7-draft,mqtt,mqtt,1044.18,842.28,7.14,7.277,0.04,0.081,0.016,-0.071,10.217,9.838,-0.0641,0.0325,0.0394,0.0601,-0.0088,-0.0076,24.96,25.06,18105,20290,2.263,2.536,6.789,7.609,574,574,58,58,0,0,0,0,,,,,,,,,,,,,,,,,0.0,0.0,0,0,1231.4,981.4,0.9015,1.1216,1,1,0
2026-09-28T22:23:08.546961+09:00,106978715,cc3d2640,2026-09-28T22:23:08.546961+09:00,2026-09-28T22:23:08.584796+09:00,rail-left-01,rail-right-01,0.6.7-draft,0.6.7-draft,mqtt,mqtt,1045.38,843.22,7.116,7.287,-0.019,-0.065,0.178,-0.281,10.567,9.588,-0.0634,0.0313,0.0438,0.0592,-0.0069,-0.0047,24.95,25.04,18046,20312,2.256,2.539,6.767,7.617,575,575,58,58,0,0,0,0,,,,,,,,,,,,,,,,,0.0,0.0,0,0,1232.5,982.5,0.9015,1.1216,1,1,0
2026-09-28T22:23:08.567446+09:00,106999200,cc3d2640,2026-09-28T22:23:08.567446+09:00,2026-09-28T22:23:08.605281+09:00,rail-left-01,rail-right-01,0.6.7-draft,0.6.7-draft,mqtt,mqtt,1046.62,844.22,7.107,7.294,-0.041,-0.067,0.018,-0.242,10.573,9.712,-0.0689,0.0312,0.0393,0.0554,-0.0113,-0.0085,24.97,25.05,18022,20326,2.253,2.541,6.758,7.622,576,576,58,58,0,0,0,0,,,,,,,,,,,,,,,,,0.0,0.0,0,0,1233.6,983.6,0.9015,1.1216,1,1,0
2026-09-28T22:23:08.586719+09:00,107018473,cc3d2640,2026-09-28T22:23:08.586719+09:00,2026-09-28T22:23:08.624554+09:00,rail-left-01,rail-right-01,0.6.7-draft,0.6.7-draft,mqtt,mqtt,1047.76,845.11,7.105,7.293,0.09,0.09,0.101,-0.243,10.404,9.596,-0.0698,0.0349,0.042,0.0558,-0.0096,-0.0033,24.92,25.06,18017,20325,2.252,2.541,6.756,7.622,577,577,58,58,0,0,0,0,,,,,,,,,,,,,,,,,0.0,0.0,0,0,1234.6,984.6,0.9015,1.1216,1,1,0
2026-09-28T22:23:08.606851+09:00,107038605,cc3d2640,2026-09-28T22:23:08.606851+09:00,2026-09-28T22:23:08.644686+09:00,rail-left-01,rail-right-01,0.6.7-draft,0.6.7-draft,mqtt,mqtt,1049.01,846.06,7.098,7.297,-0.129,-0.043,0.05,-0.139,10.43,9.673,-0.063,0.0301,0.0434,0.0573,-0.0112,-0.0084,24.96,25.05,18001,20334,2.25,2.542,6.75,7.625,578,578,58,58,0,0,0,0,,,,,,,,,,,,,,,,,0.0,0.0,0,0,1235.7,985.7,0.9015,1.1216,1,1,0
2026-09-28T22:23:08.626833+09:00,107058587,cc3d2640,2026-09-28T22:23:08.626833+09:00,2026-09-28T22:23:08.664668+09:00,rail-left-01,rail-right-01,0.6.7-draft,0.6.7-draft,mqtt,mqtt,1050.2,847.05,7.084,7.297,0.099,0.123,0.145,-0.153,10.461,9.659,-0.0634,0.0334,0.0437,0.0606,-0.0103,-0.0093,24.97,25.07,17965,20333,2.246,2.542,6.737,7.625,579,579,58,58,0,0,0,0,,,,,,,,,,,,,,,,,0.0,0.0,0,0,1236.8,986.8,0.9015,1.1216,1,1,0
2026-09-28T22:23:08.646778+09:00,107078532,cc3d2640,2026-09-28T22:23:08.646778+09:00,2026-09-28T22:23:08.684613+09:00,rail-left-01,rail-right-01,0.6.7-draft,0.6.7-draft,mqtt,mqtt,1051.39,847.99,7.055,7.302,-0.108,-0.074,0.047,-0.286,10.63,9.677,-0.0634,0.036,0.0438,0.0609,-0.0089,-0.0071,24.94,25.06,17892,20345,2.237,2.543,6.71,7.629,580,580,58,58,0,0,0,0,,,,,,,,,,,,,,,,,0.0,0.0,0,0,1237.9,987.9,0.9015,1.1216,1,1,0
2026-09-28T22:23:08.770624+09:00,107207449,cc3d2640,2026-09-28T22:23:08.770624+09:00,2026-09-28T22:23:08.850830+09:00,rail-left-01,rail-right-01,0.6.7-draft,0.6.7-draft,mqtt,mqtt,1059.1,854.16,7.045,7.308,-0.098,-0.069,0.116,-0.247,10.642,9.748,-0.063,0.0365,0.0388,0.0546,-0.0132,-0.0067,24.95,25.04,17867,20358,2.233,2.545,6.7,7.634,581,581,59,59,0,0,0,0,,,,,,,,,,,,,,,,,0.0,0.0,0,0,1244.8,994.8,0.9015,1.1216,1,1,0
2026-09-28T22:23:08.790760+09:00,107227586,cc3d2640,2026-09-28T22:23:08.790760+09:00,2026-09-28T22:23:08.870967+09:00,rail-left-01,rail-right-01,0.6.7-draft,0.6.7-draft,mqtt,mqtt,1060.34,855.1,6.983,7.322,0.138,0.116,0.142,-0.175,10.613,9.784,-0.0653,0.0389,0.0373,0.0561,-0.0117,-0.01,24.96,25.05,17714,20389,2.214,2.549,6.643,7.646,582,582,59,59,0,0,0,0,,,,,,,,,,,,,,,,,0.0,0.0,0,0,1245.9,995.9,0.9015,1.1216,1,1,0
2026-09-28T22:23:08.810697+09:00,107247523,cc3d2640,2026-09-28T22:23:08.810697+09:00,2026-09-28T22:23:08.890904+09:00,rail-left-01,rail-right-01,0.6.7-draft,0.6.7-draft,mqtt,mqtt,1061.53,856.05,6.969,7.31,-0.072,-0.035,0.105,0.02,10.44,9.997,-0.0683,0.0397,0.0357,0.0549,-0.0075,-0.0029,24.95,25.06,17678,20362,2.21,2.545,6.629,7.636,583,583,59,59,0,0,0,0,,,,,,,,,,,,,,,,,0.0,0.0,0,0,1247.0,997.0,0.9015,1.1216,1,1,0
2026-09-28T22:23:08.830658+09:00,107267484,cc3d2640,2026-09-28T22:23:08.830658+09:00,2026-09-28T22:23:08.910865+09:00,rail-left-01,rail-right-01,0.6.7-draft,0.6.7-draft,mqtt,mqtt,1062.73,856.99,6.944,7.302,0.001,0.03,0.214,-0.13,10.617,9.87,-0.062,0.031,0.043,0.0593,-0.0081,-0.0072,24.95,25.02,17616,20344,2.202,2.543,6.606,7.629,584,584,59,59,0,0,0,0,,,,,,,,,,,,,,,,,0.0,0.0,0,0,1248.1,998.1,0.9015,1.1216,1,1,0
2026-09-28T22:23:08.851074+09:00,107287900,cc3d2640,2026-09-28T22:23:08.851074+09:00,2026-09-28T22:23:08.931281+09:00,rail-left-01,rail-right-01,0.6.7-draft,0.6.7-draft,mqtt,mqtt,1063.92,857.99,6.929,7.314,-0.023,-0.074,-0.066,-0.231,10.636,9.731,-0.0632,0.0316,0.0424,0.0581,-0.0059,-0.0093,24.95,25.03,17580,20372,2.197,2.547,6.592,7.64,585,585,59,59,0,0,0,0,,,,,,,,,,,,,,,,,0.0,0.0,0,0,1249.2,999.2,0.9015,1.1216,1,1,0
2026-09-28T22:23:08.871131+09:00,107307957,cc3d2640,2026-09-28T22:23:08.871131+09:00,2026-09-28T22:23:08.951338+09:00,rail-left-01,rail-right-01,0.6.7-draft,0.6.7-draft,mqtt,mqtt,1065.16,858.93,6.912,7.312,-0.02,0.006,0.103,-0.292,10.467,9.766,-0.0618,0.0322,0.0389,0.056,-0.0123,-0.0052,24.95,25.04,17536,20366,2.192,2.546,6.576,7.637,586,586,59,59,0,0,0,0,,,,,,,,,,,,,,,,,0.0,0.0,0,0,1250.3,1000.3,0.9015,1.1216,1,1,0
2026-09-28T22:23:08.890694+09:00,107327520,cc3d2640,2026-09-28T22:23:08.890694+09:00,2026-09-28T22:23:08.970901+09:00,rail-left-01,rail-right-01,0.6.7-draft,0.6.7-draft,mqtt,mqtt,1066.31,859.88,6.892,7.307,0.054,-0.072,0.123,-0.14,10.936,9.776,-0.0624,0.0304,0.0433,0.0581,-0.0125,-0.0053,24.94,25.02,17487,20355,2.186,2.544,6.558,7.633,587,587,59,59,0,0,0,0,,,,,,,,,,,,,,,,,0.0,0.0,0,0,1251.3,1001.3,0.9015,1.1216,1,1,0
2026-09-28T22:23:08.910654+09:00,107347480,cc3d2640,2026-09-28T22:23:08.910654+09:00,2026-09-28T22:23:08.990861+09:00,rail-left-01,rail-right-01,0.6.7-draft,0.6.7-draft,mqtt,mqtt,1067.5,860.82,6.918,7.311,-0.132,-0.054,-0.249,-0.172,10.74,9.786,-0.0687,0.0302,0.0362,0.0501,-0.0165,-0.0095,24.95,25.04,17553,20365,2.194,2.546,6.582,7.637,588,588,59,59,0,0,0,0,,,,,,,,,,,,,,,,,0.0,0.0,0,0,1252.4,1002.4,0.9015,1.1216,1,1,0
2026-09-28T22:23:08.930836+09:00,107367662,cc3d2640,2026-09-28T22:23:08.930836+09:00,2026-09-28T22:23:09.011043+09:00,rail-left-01,rail-right-01,0.6.7-draft,0.6.7-draft,mqtt,mqtt,1068.69,861.82,6.934,7.307,0.014,0.049,0.23,-0.127,10.329,9.898,-0.0677,0.0304,0.0341,0.0525,-0.0103,-0.0052,24.94,25.06,17591,20356,2.199,2.545,6.597,7.634,589,589,59,59,0,0,0,0,,,,,,,,,,,,,,,,,0.0,0.0,0,0,1253.5,1003.5,0.9015,1.1216,1,1,0
2026-09-28T22:23:08.950672+09:00,107387498,cc3d2640,2026-09-28T22:23:08.950672+09:00,2026-09-28T22:23:09.030879+09:00,rail-left-01,rail-right-01,0.6.7-draft,0.6.7-draft,mqtt,mqtt,1069.89,862.76,6.943,7.293,-0.041,-0.045,0.062,-0.109,10.499,9.978,-0.0621,0.0346,0.0384,0.0573,-0.0091,-0.0069,24.96,25.04,17615,20324,2.202,2.541,6.606,7.622,590,590,59,59,0,0,0,0,,,,,,,,,,,,,,,,,0.0,0.0,0,0,1254.6,1004.6,0.9015,1.1216,1,1,0
2026-09-28T22:23:09.129145+09:00,107553431,cc3d2640,2026-09-28T22:23:09.129145+09:00,2026-09-28T22:23:09.209936+09:00,rail-left-01,rail-right-01,0.6.7-draft,0.6.7-draft,mqtt,mqtt,1079.83,870.72,6.935,7.293,-0.552,-0.552,0.019,-0.053,10.665,9.736,-0.0644,0.0332,0.0333,0.0588,-0.0085,-0.0023,24.95,25.07,17595,20324,2.199,2.541,6.598,7.622,591,591,60,60,0,0,0,0,,,,,,,,,,,,,,,,,0.0,0.0,0,0,1263.5,1013.5,0.9015,1.1216,1,1,0
2026-09-28T22:23:09.149255+09:00,107573541,cc3d2640,2026-09-28T22:23:09.149255+09:00,2026-09-28T22:23:09.230046+09:00,rail-left-01,rail-right-01,0.6.7-draft,0.6.7-draft,mqtt,mqtt,1081.02,871.66,6.896,7.202,0.293,0.269,0.215,-0.287,10.701,9.527,-0.064,0.0328,0.0348,0.0577,-0.0172,-0.0261,24.97,25.03,17497,20123,2.187,2.515,6.561,7.546,592,592,60,60,0,0,0,0,,,,,,,,,,,,,,,,,0.0,0.0,0,0,1264.6,1014.6,0.9015,1.1216,1,1,0
2026-09-28T22:23:09.169313+09:00,107593599,cc3d2640,2026-09-28T22:23:09.169313+09:00,2026-09-28T22:23:09.250104+09:00,rail-left-01,rail-right-01,0.6.7-draft,0.6.7-draft,mqtt,mqtt,1082.22,872.61,6.868,7.197,0.182,0.192,-0.029,-0.317,10.296,9.811,-0.0658,0.0361,0.0412,0.06,-0.0129,-0.0076,24.94,25.03,17428,20112,2.179,2.514,6.536,7.542,593,593,60,60,0,0,0,0,,,,,,,,,,,,,,,,,0.0,0.0,0,0,1265.7,1015.7,0.9015,1.1216,1,1,0
2026-09-28T22:23:09.189299+09:00,107613585,cc3d2640,2026-09-28T22:23:09.189299+09:00,2026-09-28T22:23:09.270091+09:00,rail-left-01,rail-right-01,0.6.7-draft,0.6.7-draft,mqtt,mqtt,1083.41,873.6,6.859,7.192,0.032,0.002,0.03,-0.001,10.053,9.659,-0.073,0.0316,0.033,0.0512,-0.0021,-0.0041,24.94,25.06,17404,20101,2.176,2.513,6.527,7.538,594,594,60,60,0,0,0,0,,,,,,,,,,,,,,,,,0.0,0.0,0,0,1266.7,1016.7,0.9015,1.1216,1,1,0
2026-09-28T22:23:09.209169+09:00,107633455,cc3d2640,2026-09-28T22:23:09.209169+09:00,2026-09-28T22:23:09.289960+09:00,rail-left-01,rail-right-01,0.6.7-draft,0.6.7-draft,mqtt,mqtt,1084.6,874.54,6.896,7.183,-0.044,0.023,0.162,-0.217,10.591,9.626,-0.0738,0.0316,0.0321,0.0474,-0.0056,-0.0081,24.95,25.05,17497,20080,2.187,2.51,6.561,7.53,595,595,60,60,0,0,0,0,,,,,,,,,,,,,,,,,0.0,0.0,0,0,1267.8,1017.8,0.9015,1.1216,1,1,0
2026-09-28T22:23:09.229149+09:00,107653435,cc3d2640,2026-09-28T22:23:09.229149+09:00,2026-09-28T22:23:09.309940+09:00,rail-left-01,rail-right-01,0.6.7-draft,0.6.7-draft,mqtt,mqtt,1085.8,875.49,6.94,7.182,0.103,0.087,0.016,-0.178,10.448,9.681,-0.0645,0.0312,0.0332,0.051,-0.0099,-0.0115,24.96,25.04,17607,20079,2.201,2.51,6.603,7.53,596,596,60,60,0,0,0,0,,,,,,,,,,,,,,,,,0.0,0.0,0,0,1268.9,1018.9,0.9015,1.1216,1,1,0
2026-09-28T22:23:09.249263+09:00,107673548,cc3d2640,2026-09-28T22:23:09.249263+09:00,2026-09-28T22:23:09.330054+09:00,rail-left-01,rail-right-01,0.6.7-draft,0.6.7-draft,mqtt,mqtt,1086.99,876.43,6.951,7.177,0.045,0.072,0.114,-0.174,10.302,9.768,-0.0646,0.0324,0.035,0.0534,-0.0075,-0.0053,24.94,25.04,17635,20068,2.204,2.509,6.613,7.526,597,597,60,60,0,0,0,0,,,,,,,,,,,,,,,,,0.0,0.0,0,0,1270.0,1020.0,0.9015,1.1216,1,1,0
2026-09-28T22:23:09.269381+09:00,107693667,cc3d2640,2026-09-28T22:23:09.269381+09:00,2026-09-28T22:23:09.350172+09:00,rail-left-01,rail-right-01,0.6.7-draft,0.6.7-draft,mqtt,mqtt,1088.23,877.43,6.962,7.178,-0.032,0.031,0.136,-0.22,10.515,9.552,-0.0669,0.0337,0.0426,0.0576,-0.0081,-0.0057,24.94,25.05,17662,20069,2.208,2.509,6.623,7.526,598,598,60,60,0,0,0,0,,,,,,,,,,,,,,,,,0.0,0.0,0,0,1271.1,1021.1,0.9015,1.1216,1,1,0
2026-09-28T22:23:09.289239+09:00,107713525,cc3d2640,2026-09-28T22:23:09.289239+09:00,2026-09-28T22:23:09.370030+09:00,rail-left-01,rail-right-01,0.6.7-draft,0.6.7-draft,mqtt,mqtt,1089.43,878.37,6.979,7.185,-0.172,-0.116,0.083,-0.151,10.488,9.584,-0.0665,0.0306,0.039,0.0538,-0.0116,-0.0089,24.97,25.05,17703,20086,2.213,2.511,6.639,7.532,599,599,60,60,0,0,0,0,,,,,,,,,,,,,,,,,0.0,0.0,0,0,1272.2,1022.2,0.9015,1.1216,1,1,0
2026-09-28T22:23:09.309299+09:00,107733585,cc3d2640,2026-09-28T22:23:09.309299+09:00,2026-09-28T22:23:09.390091+09:00,rail-left-01,rail-right-01,0.6.7-draft,0.6.7-draft,mqtt,mqtt,1090.62,879.32,6.983,7.173,-0.032,0.08,0.073,-0.212,10.722,9.823,-0.0669,0.0314,0.0312,0.0488,-0.0097,-0.0069,24.97,25.04,17714,20059,2.214,2.507,6.643,7.522,600,600,60,60,0,0,0,0,,,,,,,,,,,,,,,,,0.0,0.0,0,0,1273.2,1023.2,0.9015,1.1216,1,1,0
2026-09-28T22:23:09.447802+09:00,107912454,cc3d2640,2026-09-28T22:23:09.447802+09:00,2026-09-28T22:23:09.486886+09:00,rail-left-01,rail-right-01,0.6.7-draft,0.6.7-draft,mqtt,mqtt,1101.31,887.87,6.997,7.167,-0.056,-0.011,0.047,-0.18,10.647,9.554,-0.0669,0.035,0.0405,0.0586,-0.0067,-0.0049,24.96,25.04,17748,20045,2.219,2.506,6.656,7.517,601,601,61,61,0,0,0,0,,,,,,,,,,,,,,,,,0.0,0.0,0,0,1282.9,1032.9,0.9015,1.1216,1,1,0
2026-09-28T22:23:09.467949+09:00,107932601,cc3d2640,2026-09-28T22:23:09.467949+09:00,2026-09-28T22:23:09.507033+09:00,rail-left-01,rail-right-01,0.6.7-draft,0.6.7-draft,mqtt,mqtt,1102.5,888.81,7.071,7.173,-0.065,-0.025,0.241,-0.159,10.584,9.834,-0.0682,0.0353,0.0358,0.0534,-0.0075,-0.0035,24.94,25.06,17932,20058,2.242,2.507,6.725,7.522,602,602,61,61,0,0,0,0,,,,,,,,,,,,,,,,,0.0,0.0,0,0,1284.0,1034.0,0.9015,1.1216,1,1,0
2026-09-28T22:23:09.487899+09:00,107952551,cc3d2640,2026-09-28T22:23:09.487899+09:00,2026-09-28T22:23:09.526983+09:00,rail-left-01,rail-right-01,0.6.7-draft,0.6.7-draft,mqtt,mqtt,1103.7,889.76,7.079,7.161,0.028,-0.024,0.079,-0.047,10.682,10.05,-0.0602,0.0285,0.0368,0.0597,-0.0093,-0.012,24.94,25.05,17953,20031,2.244,2.504,6.732,7.512,603,603,61,61,0,0,0,0,,,,,,,,,,,,,,,,,0.0,0.0,0,0,1285.0,1035.0,0.9015,1.1216,1,1,0
2026-09-28T22:23:09.507851+09:00,107972502,cc3d2640,2026-09-28T22:23:09.507851+09:00,2026-09-28T22:23:09.546934+09:00,rail-left-01,rail-right-01,0.6.7-draft,0.6.7-draft,mqtt,mqtt,1104.89,890.7,7.089,7.171,0.048,0.097,0.126,-0.147,10.554,9.772,-0.0613,0.0325,0.0357,0.054,-0.0039,-0.0005,24.94,25.04,17977,20054,2.247,2.507,6.741,7.52,604,604,61,61,0,0,0,0,,,,,,,,,,,,,,,,,0.0,0.0,0,0,1286.1,1036.1,0.9015,1.1216,1,1,0
2026-09-28T22:23:09.528492+09:00,107993143,cc3d2640,2026-09-28T22:23:09.528492+09:00,2026-09-28T22:23:09.567575+09:00,rail-left-01,rail-right-01,0.6.7-draft,0.6.7-draft,mqtt,mqtt,1106.08,891.7,7.106,7.166,-0.036,-0.053,0.231,0.02,10.549,9.62,-0.0582,0.0304,0.0321,0.0524,-0.0072,-0.0055,24.95,25.07,18019,20044,2.252,2.506,6.757,7.517,605,605,61,61,0,0,0,0,,,,,,,,,,,,,,,,,0.0,0.0,0,0,1287.2,1037.2,0.9015,1.1216,1,1,0
2026-09-28T22:23:09.548694+09:00,108013345,cc3d2640,2026-09-28T22:23:09.548694+09:00,2026-09-28T22:23:09.587777+09:00,rail-left-01,rail-right-01,0.6.7-draft,0.6.7-draft,mqtt,mqtt,1107.33,892.69,7.144,7.162,0.056,0.084,-0.044,-0.145,10.506,9.598,-0.0602,0.0346,0.0376,0.0494,-0.0073,-0.002,24.96,25.04,18115,20033,2.264,2.504,6.793,7.512,606,606,61,61,0,0,0,0,,,,,,,,,,,,,,,,,0.0,0.0,0,0,1288.3,1038.3,0.9015,1.1216,1,1,0
2026-09-28T22:23:09.567947+09:00,108032599,cc3d2640,2026-09-28T22:23:09.567947+09:00,2026-09-28T22:23:09.607031+09:00,rail-left-01,rail-right-01,0.6.7-draft,0.6.7-draft,mqtt,mqtt,1108.47,893.59,7.165,7.161,-0.041,-0.063,-0.004,-0.426,10.543,9.641,-0.059,0.0317,0.0368,0.0549,-0.0108,-0.0121,24.94,25.05,18166,20031,2.271,2.504,6.812,7.512,607,607,61,61,0,0,0,0,,,,,,,,,,,,,,,,,0.0,0.0,0,0,1289.3,1039.3,0.9015,1.1216,1,1,0
2026-09-28T22:23:09.587943+09:00,108052595,cc3d2640,2026-09-28T22:23:09.587943+09:00,2026-09-28T22:23:09.627027+09:00,rail-left-01,rail-right-01,0.6.7-draft,0.6.7-draft,mqtt,mqtt,1109.66,894.53,7.179,7.155,0.08,0.098,-0.03,-0.239,10.572,9.711,-0.0621,0.0314,0.0406,0.0569,-0.0076,-0.0028,24.95,25.03,18201,20019,2.275,2.502,6.825,7.507,608,608,61,61,0,0,0,0,,,,,,,,,,,,,,,,,0.0,0.0,0,0,1290.4,1040.4,0.9015,1.1216,1,1,0
2026-09-28T22:23:09.607927+09:00,108072579,cc3d2640,2026-09-28T22:23:09.607927+09:00,2026-09-28T22:23:09.647011+09:00,rail-left-01,rail-right-01,0.6.7-draft,0.6.7-draft,mqtt,mqtt,1110.86,895.48,7.183,7.164,-0.084,-0.023,0.037,-0.135,10.444,9.645,-0.0637,0.0334,0.041,0.0597,-0.0065,-0.0081,24.94,25.05,18212,20038,2.277,2.505,6.83,7.514,609,609,61,61,0,0,0,0,,,,,,,,,,,,,,,,,0.0,0.0,0,0,1291.5,1041.5,0.9015,1.1216,1,1,0
2026-09-28T22:23:09.627951+09:00,108092603,cc3d2640,2026-09-28T22:23:09.627951+09:00,2026-09-28T22:23:09.667035+09:00,rail-left-01,rail-right-01,0.6.7-draft,0.6.7-draft,mqtt,mqtt,1112.05,896.47,7.174,7.166,0.066,0.073,0.036,-0.114,10.512,9.7,-0.0602,0.0336,0.0373,0.054,-0.0053,-0.0043,24.95,25.07,18188,20043,2.274,2.505,6.821,7.516,610,610,61,61,0,0,0,0,,,,,,,,,,,,,,,,,0.0,0.0,0,0,1292.6,1042.6,0.9015,1.1216,1,1,0
2026-09-28T22:23:09.715791+09:00,108190445,cc3d2640,2026-09-28T22:23:09.715791+09:00,2026-09-28T22:23:09.756493+09:00,rail-left-01,rail-right-01,0.6.7-draft,0.6.7-draft,mqtt,mqtt,1117.87,901.09,7.169,7.164,-0.007,0.028,0.051,-0.316,10.523,9.625,-0.065,0.0321,0.0376,0.058,-0.0071,-0.0108,24.94,25.03,18177,20038,2.272,2.505,6.816,7.514,611,611,62,62,0,0,0,0,,,,,,,,,,,,,,,,,0.0,0.0,0,0,1297.8,1047.8,0.9015,1.1216,1,1,0
2026-09-28T22:23:09.735910+09:00,108210564,cc3d2640,2026-09-28T22:23:09.735910+09:00,2026-09-28T22:23:09.776612+09:00,rail-left-01,rail-right-01,0.6.7-draft,0.6.7-draft,mqtt,mqtt,1119.06,902.04,7.198,7.192,-0.006,0.063,-0.029,-0.089,10.636,9.638,-0.0655,0.0349,0.0385,0.0568,-0.0056,-0.0056,24.94,25.06,18250,20101,2.281,2.513,6.844,7.538,612,612,62,62,0,0,0,0,,,,,,,,,,,,,,,,,0.0,0.0,0,0,1298.9,1048.9,0.9015,1.1216,1,1,0
2026-09-28T22:23:09.755907+09:00,108230561,cc3d2640,2026-09-28T22:23:09.755907+09:00,2026-09-28T22:23:09.796609+09:00,rail-left-01,rail-right-01,0.6.7-draft,0.6.7-draft,mqtt,mqtt,1120.25,903.03,7.205,7.205,0.025,-0.019,0.06,-0.133,10.294,9.776,-0.0657,0.0317,0.0344,0.0522,-0.0071,-0.0041,24.95,25.05,18267,20129,2.283,2.516,6.85,7.548,613,613,62,62,0,0,0,0,,,,,,,,,,,,,,,,,0.0,0.0,0,0,1300.0,1050.0,0.9015,1.1216,1,1,0
2026-09-28T22:23:09.775987+09:00,108250641,cc3d2640,2026-09-28T22:23:09.775987+09:00,2026-09-28T22:23:09.816689+09:00,rail-left-01,rail-right-01,0.6.7-draft,0.6.7-draft,mqtt,mqtt,1121.45,903.98,7.223,7.201,0.142,0.071,0.225,-0.123,10.442,9.663,-0.0671,0.0304,0.0454,0.0596,-0.0088,-0.0109,24.93,25.08,18310,20121,2.289,2.515,6.866,7.545,614,614,62,62,0,0,0,0,,,,,,,,,,,,,,,,,0.0,0.0,0,0,1301.0,1051.0,0.9015,1.1216,1,1,0
2026-09-28T22:23:09.796256+09:00,108270910,cc3d2640,2026-09-28T22:23:09.796256+09:00,2026-09-28T22:23:09.836958+09:00,rail-left-01,rail-right-01,0.6.7-draft,0.6.7-draft,mqtt,mqtt,1122.69,904.92,7.215,7.221,-0.007,-0.011,0.28,-0.156,10.561,9.431,-0.0689,0.0332,0.0442,0.059,-0.0084,-0.0024,24.92,25.06,18292,20164,2.287,2.521,6.86,7.562,615,615,62,62,0,0,0,0,,,,,,,,,,,,,,,,,0.0,0.0,0,0,1302.2,1052.2,0.9015,1.1216,1,1,0
2026-09-28T22:23:09.816222+09:00,108290876,cc3d2640,2026-09-28T22:23:09.816222+09:00,2026-09-28T22:23:09.856924+09:00,rail-left-01,rail-right-01,0.6.7-draft,0.6.7-draft,mqtt,mqtt,1123.83,905.87,7.21,7.227,-0.029,0.054,0.141,-0.085,10.402,9.84,-0.0644,0.0369,0.0374,0.0534,-0.0072,-0.0072,24.94,25.06,18280,20179,2.285,2.522,6.855,7.567,616,616,62,62,0,0,0,0,,,,,,,,,,,,,,,,,0.0,0.0,0,0,1303.2,1053.2,0.9015,1.1216,1,1,0
2026-09-28T22:23:09.835993+09:00,108310647,cc3d2640,2026-09-28T22:23:09.835993+09:00,2026-09-28T22:23:09.876695+09:00,rail-left-01,rail-right-01,0.6.7-draft,0.6.7-draft,mqtt,mqtt,1125.02,906.81,7.212,7.239,0.044,0.113,0.072,-0.43,10.285,9.884,-0.0654,0.033,0.0382,0.0585,-0.0084,-0.0116,24.92,25.05,18283,20206,2.285,2.526,6.856,7.577,617,617,62,62,0,0,0,0,,,,,,,,,,,,,,,,,0.0,0.0,0,0,1304.3,1054.3,0.9015,1.1216,1,1,0
2026-09-28T22:23:09.855834+09:00,108330488,cc3d2640,2026-09-28T22:23:09.855834+09:00,2026-09-28T22:23:09.896536+09:00,rail-left-01,rail-right-01,0.6.7-draft,0.6.7-draft,mqtt,mqtt,1126.22,907.76,7.205,7.242,0.048,-0.016,0.011,-0.259,10.444,9.641,-0.064,0.0276,0.0428,0.062,-0.0081,-0.0107,24.95,25.05,18267,20211,2.283,2.526,6.85,7.579,618,618,62,62,0,0,0,0,,,,,,,,,,,,,,,,,0.0,0.0,0,0,1305.3,1055.3,0.9015,1.1216,1,1,0
2026-09-28T22:23:09.875969+09:00,108350623,cc3d2640,2026-09-28T22:23:09.875969+09:00,2026-09-28T22:23:09.916671+09:00,rail-left-01,rail-right-01,0.6.7-draft,0.6.7-draft,mqtt,mqtt,1127.41,908.7,7.196,7.246,0.038,-0.029,0.214,-0.081,10.488,9.407,-0.064,0.0349,0.0456,0.0597,-0.0071,-0.0043,24.94,25.07,18243,20220,2.28,2.528,6.841,7.583,619,619,62,62,0,0,0,0,,,,,,,,,,,,,,,,,0.0,0.0,0,0,1306.4,1056.4,0.9015,1.1216,1,1,0
2026-09-28T22:23:09.896286+09:00,108370940,cc3d2640,2026-09-28T22:23:09.896286+09:00,2026-09-28T22:23:09.936988+09:00,rail-left-01,rail-right-01,0.6.7-draft,0.6.7-draft,mqtt,mqtt,1128.6,909.7,7.188,7.26,0.02,0.059,-0.008,-0.273,10.606,9.656,-0.0685,0.0334,0.0406,0.0572,-0.0092,-0.0095,24.94,25.02,18224,20252,2.278,2.532,6.834,7.595,620,620,62,62,0,0,0,0,,,,,,,,,,,,,,,,,0.0,0.0,0,0,1307.5,1057.5,0.9015,1.1216,1,1,0
2026-09-28T22:23:09.983801+09:00,108460466,cc3d2640,2026-09-28T22:23:09.983801+09:00,2026-09-28T22:23:10.065606+09:00,rail-left-01,rail-right-01,0.6.7-draft,0.6.7-draft,mqtt,mqtt,1133.92,913.97,7.186,7.267,0.065,0.097,-0.09,-0.007,10.392,9.817,-0.0633,0.0352,0.0426,0.0596,-0.0088,-0.008,24.96,25.07,18220,20268,2.278,2.534,6.833,7.601,621,621,63,63,0,0,0,0,,,,,,,,,,,,,,,,,0.0,0.0,0,0,1312.3,1062.3,0.9015,1.1216,1,1,0
2026-09-28T22:23:10.003966+09:00,108480631,cc3d2640,2026-09-28T22:23:10.003966+09:00,2026-09-28T22:23:10.085771+09:00,rail-left-01,rail-right-01,0.6.7-draft,0.6.7-draft,mqtt,mqtt,1135.07,914.92,7.161,7.304,0.006,-0.075,0.172,-0.249,10.511,9.669,-0.0674,0.0337,0.0405,0.0576,-0.0085,-0.0068,24.94,25.07,18157,20349,2.27,2.544,6.809,7.631,622,622,63,63,0,0,0,0,,,,,,,,,,,,,,,,,0.0,0.0,0,0,1313.3,1063.3,0.9015,1.1216,1,1,0
2026-09-28T22:23:10.023879+09:00,108500544,cc3d2640,2026-09-28T22:23:10.023879+09:00,2026-09-28T22:23:10.105684+09:00,rail-left-01,rail-right-01,0.6.7-draft,0.6.7-draft,mqtt,mqtt,1136.26,915.86,7.16,7.301,-0.023,-0.011,0.172,-0.188,10.499,9.566,-0.0658,0.0345,0.0422,0.0584,-0.0085,-0.006,24.94,25.07,18154,20343,2.269,2.543,6.808,7.629,623,623,63,63,0,0,0,0,,,,,,,,,,,,,,,,,0.0,0.0,0,0,1314.4,1064.4,0.9015,1.1216,1,1,0
2026-09-28T22:23:10.043938+09:00,108520603,cc3d2640,2026-09-28T22:23:10.043938+09:00,2026-09-28T22:23:10.125743+09:00,rail-left-01,rail-right-01,0.6.7-draft,0.6.7-draft,mqtt,mqtt,1137.45,916.8,7.16,7.314,0.011,0.087,-0.087,-0.068,10.494,9.639,-0.0693,0.0353,0.041,0.0578,-0.0057,-0.0067,24.94,25.07,18154,20371,2.269,2.546,6.808,7.639,624,624,63,63,0,0,0,0,,,,,,,,,,,,,,,,,0.0,0.0,0,0,1315.5,1065.5,0.9015,1.1216,1,1,0
2026-09-28T22:23:10.064170+09:00,108540835,cc3d2640,2026-09-28T22:23:10.064170+09:00,2026-09-28T22:23:10.145975+09:00,rail-left-01,rail-right-01,0.6.7-draft,0.6.7-draft,mqtt,mqtt,1138.65,917.8,7.167,7.32,-0.151,-0.01,0.172,-0.128,10.458,9.744,-0.067,0.032,0.0386,0.0548,-0.0089,-0.0037,24.94,25.04,18171,20385,2.271,2.548,6.814,7.644,625,625,63,63,0,0,0,0,,,,,,,,,,,,,,,,,0.0,0.0,0,0,1316.5,1066.5,0.9015,1.1216,1,1,0
2026-09-28T22:23:10.084240+09:00,108560905,cc3d2640,2026-09-28T22:23:10.084240+09:00,2026-09-28T22:23:10.166045+09:00,rail-left-01,rail-right-01,0.6.7-draft,0.6.7-draft,mqtt,mqtt,1139.84,918.74,7.169,7.331,0.128,0.081,0.211,-0.263,10.526,9.752,-0.0663,0.0322,0.0433,0.0608,-0.0103,-0.0095,24.94,25.07,18176,20408,2.272,2.551,6.816,7.653,626,626,63,63,0,0,0,0,,,,,,,,,,,,,,,,,0.0,0.0,0,0,1317.6,1067.6,0.9015,1.1216,1,1,0
2026-09-28T22:23:10.103818+09:00,108580483,cc3d2640,2026-09-28T22:23:10.103818+09:00,2026-09-28T22:23:10.185623+09:00,rail-left-01,rail-right-01,0.6.7-draft,0.6.7-draft,mqtt,mqtt,1140.98,919.69,7.17,7.341,0.018,0.007,-0.129,0.04,10.497,9.556,-0.0606,0.0333,0.0456,0.0572,-0.0005,-0.0015,24.92,25.04,18179,20432,2.272,2.554,6.817,7.662,627,627,63,63,0,0,0,0,,,,,,,,,,,,,,,,,0.0,0.0,0,0,1318.6,1068.6,0.9015,1.1216,1,1,0
2026-09-28T22:23:10.123944+09:00,108600609,cc3d2640,2026-09-28T22:23:10.123944+09:00,2026-09-28T22:23:10.205749+09:00,rail-left-01,rail-right-01,0.6.7-draft,0.6.7-draft,mqtt,mqtt,1142.18,920.63,7.166,7.357,0.12,0.113,0.174,-0.365,10.455,9.588,-0.0673,0.0342,0.0438,0.0574,-0.0017,-0.0003,24.94,25.05,18170,20466,2.271,2.558,6.814,7.675,628,628,63,63,0,0,0,0,,,,,,,,,,,,,,,,,0.0,0.0,0,0,1319.7,1069.7,0.9015,1.1216,1,1,0
2026-09-28T22:23:10.143986+09:00,108620651,cc3d2640,2026-09-28T22:23:10.143986+09:00,2026-09-28T22:23:10.225791+09:00,rail-left-01,rail-right-01,0.6.7-draft,0.6.7-draft,mqtt,mqtt,1143.37,921.58,7.156,7.355,-0.017,0.03,0.019,-0.062,10.507,9.764,-0.0621,0.032,0.0364,0.053,-0.0059,-0.0064,24.94,25.05,18145,20463,2.268,2.558,6.804,7.674,629,629,63,63,0,0,0,0,,,,,,,,,,,,,,,,,0.0,0.0,0,0,1320.8,1070.8,0.9015,1.1216,1,1,0
2026-09-28T22:23:10.163885+09:00,108640550,cc3d2640,2026-09-28T22:23:10.163885+09:00,2026-09-28T22:23:10.245690+09:00,rail-left-01,rail-right-01,0.6.7-draft,0.6.7-draft,mqtt,mqtt,1144.56,922.52,7.147,7.345,0.086,0.018,0.291,-0.099,10.323,9.762,-0.0644,0.0329,0.0406,0.0565,-0.0029,-0.0039,24.94,25.04,18123,20439,2.265,2.555,6.796,7.665,630,630,63,63,0,0,0,0,,,,,,,,,,,,,,,,,0.0,0.0,0,0,1321.9,1071.9,0.9015,1.1216,1,1,0
2026-09-28T22:23:10.341230+09:00,108767449,cc3d2640,2026-09-28T22:23:10.341230+09:00,2026-09-28T22:23:10.434680+09:00,rail-left-01,rail-right-01,0.6.7-draft,0.6.7-draft,mqtt,mqtt,1152.07,928.59,7.133,7.34,-0.042,-0.022,0.071,0.013,10.545,9.815,-0.065,0.0349,0.0342,0.0518,-0.0041,-0.0047,24.96,25.04,18086,20429,2.261,2.554,6.782,7.661,631,631,64,64,0,0,0,0,,,,,,,,,,,,,,,,,0.0,0.0,0,0,1328.6,1078.6,0.9015,1.1216,1,1,0
2026-09-28T22:23:10.361380+09:00,108787599,cc3d2640,2026-09-28T22:23:10.361380+09:00,2026-09-28T22:23:10.454829+09:00,rail-left-01,rail-right-01,0.6.7-draft,0.6.7-draft,mqtt,mqtt,1153.26,929.58,7.12,7.303,0.113,0.177,0.097,-0.344,10.411,9.686,-0.0644,0.0364,0.0376,0.0532,-0.0064,-0.0049,24.93,25.04,18055,20347,2.257,2.543,6.771,7.63,632,632,64,64,0,0,0,0,,,,,,,,,,,,,,,,,0.0,0.0,0,0,1329.7,1079.7,0.9015,1.1216,1,1,0
2026-09-28T22:23:10.381317+09:00,108807536,cc3d2640,2026-09-28T22:23:10.381317+09:00,2026-09-28T22:23:10.474766+09:00,rail-left-01,rail-right-01,0.6.7-draft,0.6.7-draft,mqtt,mqtt,1154.41,930.53,7.094,7.28,-0.154,-0.069,0.198,-0.165,10.812,9.827,-0.0665,0.033,0.0352,0.0477,-0.0069,-0.0064,24.96,25.02,17991,20296,2.249,2.537,6.747,7.611,633,633,64,64,0,0,0,0,,,,,,,,,,,,,,,,,0.0,0.0,0,0,1330.7,1080.7,0.9015,1.1216,1,1,0
2026-09-28T22:23:10.401366+09:00,108827585,cc3d2640,2026-09-28T22:23:10.401366+09:00,2026-09-28T22:23:10.494815+09:00,rail-left-01,rail-right-01,0.6.7-draft,0.6.7-draft,mqtt,mqtt,1155.6,931.47,7.107,7.259,0.107,0.072,0.116,-0.169,10.536,9.748,-0.0674,0.0336,0.0336,0.0524,-0.0072,-0.008,24.95,25.04,18022,20250,2.253,2.531,6.758,7.594,634,634,64,64,0,0,0,0,,,,,,,,,,,,,,,,,0.0,0.0,0,0,1331.8,1081.8,0.9015,1.1216,1,1,0
2026-09-28T22:23:10.421459+09:00,108847678,cc3d2640,2026-09-28T22:23:10.421459+09:00,2026-09-28T22:23:10.514908+09:00,rail-left-01,rail-right-01,0.6.7-draft,0.6.7-draft,mqtt,mqtt,1156.79,932.47,7.118,7.241,-0.03,-0.042,0.122,-0.199,10.396,9.618,-0.0661,0.028,0.037,0.056,-0.0097,-0.0093,24.94,25.05,18050,20209,2.256,2.526,6.769,7.578,635,635,64,64,0,0,0,0,,,,,,,,,,,,,,,,,0.0,0.0,0,0,1332.9,1082.9,0.9015,1.1216,1,1,0
2026-09-28T22:23:10.441467+09:00,108867686,cc3d2640,2026-09-28T22:23:10.441467+09:00,2026-09-28T22:23:10.534916+09:00,rail-left-01,rail-right-01,0.6.7-draft,0.6.7-draft,mqtt,mqtt,1157.99,933.41,7.136,7.226,0.072,0.047,0.154,-0.134,10.208,9.427,-0.0729,0.0254,0.0337,0.0482,-0.0091,-0.004,24.94,25.04,18094,20177,2.262,2.522,6.785,7.566,636,636,64,64,0,0,0,0,,,,,,,,,,,,,,,,,0.0,0.0,0,0,1334.0,1084.0,0.9015,1.1216,1,1,0
2026-09-28T22:23:10.461407+09:00,108887626,cc3d2640,2026-09-28T22:23:10.461407+09:00,2026-09-28T22:23:10.554856+09:00,rail-left-01,rail-right-01,0.6.7-draft,0.6.7-draft,mqtt,mqtt,1159.18,934.36,7.15,7.206,-0.069,-0.037,-0.019,-0.287,10.41,9.352,-0.0687,0.0257,0.0305,0.0496,-0.0073,-0.0045,24.93,25.06,18130,20132,2.266,2.517,6.799,7.55,637,637,64,64,0,0,0,0,,,,,,,,,,,,,,,,,0.0,0.0,0,0,1335.1,1085.1,0.9015,1.1216,1,1,0
2026-09-28T22:23:10.481375+09:00,108907594,cc3d2640,2026-09-28T22:23:10.481375+09:00,2026-09-28T22:23:10.574824+09:00,rail-left-01,rail-right-01,0.6.7-draft,0.6.7-draft,mqtt,mqtt,1160.37,935.35,7.167,7.164,0.077,0.045,0.011,-0.153,10.514,9.77,-0.0666,0.0258,0.0328,0.052,-0.0111,-0.0104,24.94,25.04,18171,20039,2.271,2.505,6.814,7.515,638,638,64,64,0,0,0,0,,,,,,,,,,,,,,,,,0.0,0.0,0,0,1336.1,1086.1,0.9015,1.1216,1,1,0
2026-09-28T22:23:10.501444+09:00,108927663,cc3d2640,2026-09-28T22:23:10.501444+09:00,2026-09-28T22:23:10.594893+09:00,rail-left-01,rail-right-01,0.6.7-draft,0.6.7-draft,mqtt,mqtt,1161.57,936.29,7.163,7.152,-0.026,-0.007,0.25,-0.119,10.38,9.843,-0.0654,0.0282,0.0369,0.0542,-0.0116,-0.0105,24.95,25.02,18161,20012,2.27,2.502,6.81,7.505,639,639,64,64,0,0,0,0,,,,,,,,,,,,,,,,,0.0,0.0,0,0,1337.2,1087.2,0.9015,1.1216,1,1,0
2026-09-28T22:23:10.521346+09:00,108947565,cc3d2640,2026-09-28T22:23:10.521346+09:00,2026-09-28T22:23:10.614796+09:00,rail-left-01,rail-right-01,0.6.7-draft,0.6.7-draft,mqtt,mqtt,1162.76,937.24,7.156,7.155,0.043,0.049,0.352,-0.031,10.287,9.711,-0.064,0.0341,0.0394,0.054,-0.0129,-0.0076,24.94,25.05,18144,20019,2.268,2.502,6.804,7.507,640,640,64,64,0,0,0,0,,,,,,,,,,,,,,,,,0.0,0.0,0,0,1338.3,1088.3,0.9015,1.1216,1,1,0
2026-09-28T22:23:10.710635+09:00,109141436,cc3d2640,2026-09-28T22:23:10.710635+09:00,2026-09-28T22:23:10.750941+09:00,rail-left-01,rail-right-01,0.6.7-draft,0.6.7-draft,mqtt,mqtt,1174.3,946.54,7.149,7.157,0.17,0.103,-0.111,-0.283,10.572,9.673,-0.0626,0.0266,0.0452,0.064,-0.0121,-0.006,24.93,25.04,18127,20022,2.266,2.503,6.798,7.508,641,641,65,65,0,0,0,0,,,,,,,,,,,,,,,,,0.0,0.0,0,0,1348.7,1098.7,0.9015,1.1216,1,1,0
2026-09-28T22:23:10.730788+09:00,109161589,cc3d2640,2026-09-28T22:23:10.730788+09:00,2026-09-28T22:23:10.771094+09:00,rail-left-01,rail-right-01,0.6.7-draft,0.6.7-draft,mqtt,mqtt,1175.49,947.53,7.118,7.134,-0.054,0.004,0.22,-0.032,10.36,9.419,-0.0669,0.0332,0.0416,0.0554,0.0,0.0011,24.94,25.05,18050,19972,2.256,2.497,6.769,7.49,642,642,65,65,0,0,0,0,,,,,,,,,,,,,,,,,0.0,0.0,0,0,1349.8,1099.8,0.9015,1.1216,1,1,0
2026-09-28T22:23:10.750735+09:00,109181536,cc3d2640,2026-09-28T22:23:10.750735+09:00,2026-09-28T22:23:10.791041+09:00,rail-left-01,rail-right-01,0.6.7-draft,0.6.7-draft,mqtt,mqtt,1176.68,948.48,7.123,7.148,0.053,0.029,-0.065,-0.607,10.339,9.627,-0.0652,0.0322,0.0437,0.0577,-0.0059,-0.0069,24.94,25.03,18061,20004,2.258,2.501,6.773,7.502,643,643,65,65,0,0,0,0,,,,,,,,,,,,,,,,,0.0,0.0,0,0,1350.8,1100.8,0.9015,1.1216,1,1,0
2026-09-28T22:23:10.770690+09:00,109201490,cc3d2640,2026-09-28T22:23:10.770690+09:00,2026-09-28T22:23:10.810995+09:00,rail-left-01,rail-right-01,0.6.7-draft,0.6.7-draft,mqtt,mqtt,1177.88,949.42,7.112,7.152,0.014,0.057,-0.016,-0.056,10.254,9.596,-0.0645,0.0302,0.0416,0.0586,-0.0045,-0.0071,24.95,25.05,18035,20012,2.254,2.502,6.763,7.505,644,644,65,65,0,0,0,0,,,,,,,,,,,,,,,,,0.0,0.0,0,0,1351.9,1101.9,0.9015,1.1216,1,1,0
2026-09-28T22:23:10.790768+09:00,109221569,cc3d2640,2026-09-28T22:23:10.790768+09:00,2026-09-28T22:23:10.831074+09:00,rail-left-01,rail-right-01,0.6.7-draft,0.6.7-draft,mqtt,mqtt,1179.12,950.41,7.089,7.139,-0.03,0.068,0.077,-0.399,10.488,9.667,-0.0685,0.0264,0.0364,0.0508,-0.0045,-0.0043,24.93,25.04,17978,19983,2.247,2.498,6.742,7.494,645,645,65,65,0,0,0,0,,,,,,,,,,,,,,,,,0.0,0.0,0,0,1353.0,1103.0,0.9015,1.1216,1,1,0
2026-09-28T22:23:10.811516+09:00,109242317,cc3d2640,2026-09-28T22:23:10.811516+09:00,2026-09-28T22:23:10.851822+09:00,rail-left-01,rail-right-01,0.6.7-draft,0.6.7-draft,mqtt,mqtt,1180.31,951.41,7.075,7.109,0.151,0.066,0.226,-0.011,10.343,10.317,-0.0633,0.0348,0.041,0.0604,-0.0088,-0.0119,24.92,25.04,17943,19916,2.243,2.49,6.729,7.469,646,646,65,65,0,0,0,0,,,,,,,,,,,,,,,,,0.0,0.0,0,0,1354.1,1104.1,0.9015,1.1216,1,1,0
2026-09-28T22:23:10.830714+09:00,109261515,cc3d2640,2026-09-28T22:23:10.830714+09:00,2026-09-28T22:23:10.871020+09:00,rail-left-01,rail-right-01,0.6.7-draft,0.6.7-draft,mqtt,mqtt,1181.5,952.3,7.067,7.122,0.133,0.092,-0.008,-0.05,10.586,10.031,-0.0636,0.0357,0.0401,0.0593,-0.008,-0.004,24.93,25.05,17924,19946,2.241,2.493,6.722,7.48,647,647,65,65,0,0,0,0,,,,,,,,,,,,,,,,,0.0,0.0,0,0,1355.2,1105.2,0.9015,1.1216,1,1,0
2026-09-28T22:23:10.850653+09:00,109281454,cc3d2640,2026-09-28T22:23:10.850653+09:00,2026-09-28T22:23:10.890959+09:00,rail-left-01,rail-right-01,0.6.7-draft,0.6.7-draft,mqtt,mqtt,1182.7,953.25,7.079,7.132,-0.086,-0.035,0.101,-0.124,10.701,9.773,-0.0592,0.0322,0.043,0.0582,-0.0133,-0.0088,24.93,25.06,17953,19968,2.244,2.496,6.732,7.488,648,648,65,65,0,0,0,0,,,,,,,,,,,,,,,,,0.0,0.0,0,0,1356.3,1106.3,0.9015,1.1216,1,1,0
2026-09-28T22:23:10.870779+09:00,109301579,cc3d2640,2026-09-28T22:23:10.870779+09:00,2026-09-28T22:23:10.911084+09:00,rail-left-01,rail-right-01,0.6.7-draft,0.6.7-draft,mqtt,mqtt,1183.89,954.24,7.07,7.152,0.071,0.062,0.18,-0.15,10.476,9.704,-0.0675,0.0312,0.0405,0.0577,-0.0092,-0.0093,24.94,25.06,17930,20013,2.241,2.502,6.724,7.505,649,649,65,65,0,0,0,0,,,,,,,,,,,,,,,,,0.0,0.0,0,0,1357.3,1107.3,0.9015,1.1216,1,1,0
2026-09-28T22:23:10.890640+09:00,109321441,cc3d2640,2026-09-28T22:23:10.890640+09:00,2026-09-28T22:23:10.930946+09:00,rail-left-01,rail-right-01,0.6.7-draft,0.6.7-draft,mqtt,mqtt,1185.08,955.19,7.064,7.155,0.002,-0.041,0.188,-0.221,10.442,9.529,-0.0628,0.0296,0.042,0.0584,-0.0076,-0.0056,24.96,25.03,17916,20018,2.24,2.502,6.719,7.507,650,650,65,65,0,0,0,0,,,,,,,,,,,,,,,,,0.0,0.0,0,0,1358.4,1108.4,0.9015,1.1216,1,1,0
2026-09-28T22:23:10.979105+09:00,109452469,cc3d2640,2026-09-28T22:23:10.979105+09:00,2026-09-28T22:23:11.015847+09:00,rail-left-01,rail-right-01,0.6.7-draft,0.6.7-draft,mqtt,mqtt,1192.94,961.45,7.053,7.154,-0.023,0.001,0.08,-0.028,10.681,9.853,-0.06,0.03,0.0373,0.0541,-0.0091,-0.0097,24.94,25.04,17887,20016,2.236,2.502,6.708,7.506,651,651,66,66,0,0,0,0,,,,,,,,,,,,,,,,,0.0,0.0,0,0,1365.5,1115.5,0.9015,1.1216,1,1,0
2026-09-28T22:23:10.999267+09:00,109472631,cc3d2640,2026-09-28T22:23:10.999267+09:00,2026-09-28T22:23:11.036009+09:00,rail-left-01,rail-right-01,0.6.7-draft,0.6.7-draft,mqtt,mqtt,1194.13,962.4,7.123,7.163,0.017,0.053,0.12,-0.291,10.703,9.762,-0.0641,0.0308,0.0372,0.0521,-0.0103,-0.0084,24.94,25.02,18061,20036,2.258,2.505,6.773,7.514,652,652,66,66,0,0,0,0,,,,,,,,,,,,,,,,,0.0,0.0,0,0,1366.6,1116.6,0.9015,1.1216,1,1,0
2026-09-28T22:23:11.019272+09:00,109492636,cc3d2640,2026-09-28T22:23:11.019272+09:00,2026-09-28T22:23:11.056014+09:00,rail-left-01,rail-right-01,0.6.7-draft,0.6.7-draft,mqtt,mqtt,1195.33,963.39,7.141,7.164,-0.031,0.017,0.103,-0.148,10.515,9.996,-0.0665,0.0332,0.0386,0.0569,-0.0097,-0.0039,24.93,25.03,18106,20038,2.263,2.505,6.79,7.514,653,653,66,66,0,0,0,0,,,,,,,,,,,,,,,,,0.0,0.0,0,0,1367.6,1117.6,0.9015,1.1216,1,1,0
2026-09-28T22:23:11.039278+09:00,109512642,cc3d2640,2026-09-28T22:23:11.039278+09:00,2026-09-28T22:23:11.076020+09:00,rail-left-01,rail-right-01,0.6.7-draft,0.6.7-draft,mqtt,mqtt,1196.52,964.34,7.157,7.175,0.069,0.074,0.06,-0.096,10.417,9.801,-0.0614,0.0304,0.0406,0.0557,-0.0107,-0.0027,24.92,25.06,18146,20063,2.268,2.508,6.805,7.524,654,654,66,66,0,0,0,0,,,,,,,,,,,,,,,,,0.0,0.0,0,0,1368.7,1118.7,0.9015,1.1216,1,1,0
2026-09-28T22:23:11.059120+09:00,109532484,cc3d2640,2026-09-28T22:23:11.059120+09:00,2026-09-28T22:23:11.095862+09:00,rail-left-01,rail-right-01,0.6.7-draft,0.6.7-draft,mqtt,mqtt,1197.71,965.28,7.162,7.18,-0.036,0.028,0.024,-0.212,10.496,9.828,-0.0612,0.0306,0.0413,0.0574,-0.0088,-0.0047,24.95,25.07,18159,20075,2.27,2.509,6.81,7.528,655,655,66,66,0,0,0,0,,,,,,,,,,,,,,,,,0.0,0.0,0,0,1369.8,1119.8,0.9015,1.1216,1,1,0
2026-09-28T22:23:11.079391+09:00,109552755,cc3d2640,2026-09-28T22:23:11.079391+09:00,2026-09-28T22:23:11.116133+09:00,rail-left-01,rail-right-01,0.6.7-draft,0.6.7-draft,mqtt,mqtt,1198.96,966.22,7.153,7.189,0.084,0.147,0.061,-0.654,10.422,9.652,-0.063,0.0313,0.0445,0.0582,-0.0081,-0.0029,24.95,25.03,18137,20094,2.267,2.512,6.801,7.535,656,656,66,66,0,0,0,0,,,,,,,,,,,,,,,,,0.0,0.0,0,0,1370.9,1120.9,0.9015,1.1216,1,1,0
2026-09-28T22:23:11.099155+09:00,109572519,cc3d2640,2026-09-28T22:23:11.099155+09:00,2026-09-28T22:23:11.135897+09:00,rail-left-01,rail-right-01,0.6.7-draft,0.6.7-draft,mqtt,mqtt,1200.15,967.17,7.143,7.19,-0.067,-0.048,0.11,-0.158,10.5,9.612,-0.0667,0.0385,0.0388,0.057,-0.0021,0.0023,24.95,25.05,18111,20097,2.264,2.512,6.792,7.536,657,657,66,66,0,0,0,0,,,,,,,,,,,,,,,,,0.0,0.0,0,0,1372.0,1122.0,0.9015,1.1216,1,1,0
2026-09-28T22:23:11.119277+09:00,109592641,cc3d2640,2026-09-28T22:23:11.119277+09:00,2026-09-28T22:23:11.156019+09:00,rail-left-01,rail-right-01,0.6.7-draft,0.6.7-draft,mqtt,mqtt,1201.34,968.16,7.14,7.194,0.014,-0.037,0.126,-0.226,10.634,9.756,-0.0662,0.0325,0.0382,0.0578,-0.0049,-0.0029,24.94,25.04,18104,20106,2.263,2.513,6.789,7.54,658,658,66,66,0,0,0,0,,,,,,,,,,,,,,,,,0.0,0.0,0,0,1373.1,1123.1,0.9015,1.1216,1,1,0
2026-09-28T22:23:11.139234+09:00,109612598,cc3d2640,2026-09-28T22:23:11.139234+09:00,2026-09-28T22:23:11.175976+09:00,rail-left-01,rail-right-01,0.6.7-draft,0.6.7-draft,mqtt,mqtt,1202.54,969.11,7.144,7.191,-0.026,-0.059,0.011,-0.092,10.56,9.746,-0.0653,0.0297,0.0357,0.0558,-0.0059,-0.0027,24.93,25.03,18115,20099,2.264,2.512,6.793,7.537,659,659,66,66,0,0,0,0,,,,,,,,,,,,,,,,,0.0,0.0,0,0,1374.1,1124.1,0.9015,1.1216,1,1,0
2026-09-28T22:23:11.159101+09:00,109632465,cc3d2640,2026-09-28T22:23:11.159101+09:00,2026-09-28T22:23:11.195843+09:00,rail-left-01,rail-right-01,0.6.7-draft,0.6.7-draft,mqtt,mqtt,1203.73,970.05,7.149,7.183,0.059,0.08,0.304,-0.073,10.427,9.658,-0.0618,0.0328,0.042,0.0564,-0.0081,-0.008,24.94,25.08,18128,20080,2.266,2.51,6.798,7.53,660,660,66,66,0,0,0,0,,,,,,,,,,,,,,,,,0.0,0.0,0,0,1375.2,1125.2,0.9015,1.1216,1,1,0
2026-09-28T22:23:11.282052+09:00,109717455,cc3d2640,2026-09-28T22:23:11.282052+09:00,2026-09-28T22:23:11.318139+09:00,rail-left-01,rail-right-01,0.6.7-draft,0.6.7-draft,mqtt,mqtt,1208.85,974.08,7.149,7.19,0.093,0.116,0.043,-0.007,10.453,9.591,-0.0653,0.0314,0.0388,0.0577,-0.0079,-0.0063,24.93,25.04,18126,20097,2.266,2.512,6.797,7.536,661,661,67,67,0,0,0,0,,,,,,,,,,,,,,,,,0.0,0.0,0,0,1379.8,1129.8,0.9015,1.1216,1,1,0
2026-09-28T22:23:11.302276+09:00,109737679,cc3d2640,2026-09-28T22:23:11.302276+09:00,2026-09-28T22:23:11.338363+09:00,rail-left-01,rail-right-01,0.6.7-draft,0.6.7-draft,mqtt,mqtt,1210.04,975.02,7.149,7.235,-0.029,-0.107,0.281,-0.142,10.396,10.007,-0.0637,0.0293,0.0384,0.0625,-0.0073,-0.0051,24.91,25.04,18126,20195,2.266,2.524,6.797,7.573,662,662,67,67,0,0,0,0,,,,,,,,,,,,,,,,,0.0,0.0,0,0,1380.9,1130.9,0.9015,1.1216,1,1,0
2026-09-28T22:23:11.322136+09:00,109757539,cc3d2640,2026-09-28T22:23:11.322136+09:00,2026-09-28T22:23:11.358223+09:00,rail-left-01,rail-right-01,0.6.7-draft,0.6.7-draft,mqtt,mqtt,1211.29,975.97,7.125,7.252,0.182,0.087,-0.001,-0.387,10.393,9.692,-0.0638,0.0332,0.0425,0.0636,-0.0069,-0.0095,24.95,25.02,18066,20234,2.258,2.529,6.775,7.588,663,663,67,67,0,0,0,0,,,,,,,,,,,,,,,,,0.0,0.0,0,0,1382.0,1132.0,0.9015,1.1216,1,1,0
2026-09-28T22:23:11.342107+09:00,109777510,cc3d2640,2026-09-28T22:23:11.342107+09:00,2026-09-28T22:23:11.378194+09:00,rail-left-01,rail-right-01,0.6.7-draft,0.6.7-draft,mqtt,mqtt,1212.48,976.96,7.105,7.264,-0.318,-0.212,0.081,-0.212,10.391,9.717,-0.0642,0.0333,0.0457,0.0626,-0.012,-0.0052,24.92,25.02,18018,20260,2.252,2.533,6.757,7.597,664,664,67,67,0,0,0,0,,,,,,,,,,,,,,,,,0.0,0.0,0,0,1383.1,1133.1,0.9015,1.1216,1,1,0
2026-09-28T22:23:11.362890+09:00,109798293,cc3d2640,2026-09-28T22:23:11.362890+09:00,2026-09-28T22:23:11.398977+09:00,rail-left-01,rail-right-01,0.6.7-draft,0.6.7-draft,mqtt,mqtt,1213.72,977.96,7.054,7.269,0.209,0.188,0.193,-0.019,10.649,9.826,-0.0597,0.0314,0.0492,0.0689,-0.0127,-0.0132,24.94,25.03,17890,20272,2.236,2.534,6.709,7.602,665,665,67,67,0,0,0,0,,,,,,,,,,,,,,,,,0.0,0.0,0,0,1384.2,1134.2,0.9015,1.1216,1,1,0
2026-09-28T22:23:11.382892+09:00,109818295,cc3d2640,2026-09-28T22:23:11.382892+09:00,2026-09-28T22:23:11.418979+09:00,rail-left-01,rail-right-01,0.6.7-draft,0.6.7-draft,mqtt,mqtt,1214.92,978.9,7.065,7.283,-0.148,-0.312,0.101,-0.261,10.449,9.549,-0.0694,0.032,0.0378,0.0556,-0.0115,-0.0028,24.96,25.05,17918,20303,2.24,2.538,6.719,7.614,666,666,67,67,0,0,0,0,,,,,,,,,,,,,,,,,0.0,0.0,0,0,1385.3,1135.3,0.9015,1.1216,1,1,0
2026-09-28T22:23:11.402143+09:00,109837546,cc3d2640,2026-09-28T22:23:11.402143+09:00,2026-09-28T22:23:11.438230+09:00,rail-left-01,rail-right-01,0.6.7-draft,0.6.7-draft,mqtt,mqtt,1216.11,979.8,7.078,7.284,0.297,0.223,0.126,-0.25,10.493,9.785,-0.0683,0.0314,0.0369,0.0557,-0.0147,-0.0035,24.96,25.05,17949,20305,2.244,2.538,6.731,7.614,667,667,67,67,0,0,0,0,,,,,,,,,,,,,,,,,0.0,0.0,0,0,1386.4,1136.4,0.9015,1.1216,1,1,0
2026-09-28T22:23:11.422193+09:00,109857596,cc3d2640,2026-09-28T22:23:11.422193+09:00,2026-09-28T22:23:11.458280+09:00,rail-left-01,rail-right-01,0.6.7-draft,0.6.7-draft,mqtt,mqtt,1217.3,980.74,7.073,7.291,-0.013,-0.056,0.162,-0.227,10.303,9.931,-0.0667,0.037,0.0414,0.0576,-0.008,-0.0017,24.94,25.03,17938,20320,2.242,2.54,6.727,7.62,668,668,67,67,0,0,0,0,,,,,,,,,,,,,,,,,0.0,0.0,0,0,1387.4,1137.4,0.9015,1.1216,1,1,0
2026-09-28T22:23:11.442161+09:00,109877564,cc3d2640,2026-09-28T22:23:11.442161+09:00,2026-09-28T22:23:11.478248+09:00,rail-left-01,rail-right-01,0.6.7-draft,0.6.7-draft,mqtt,mqtt,1218.5,981.69,7.061,7.291,0.019,0.05,0.068,-0.279,10.387,9.839,-0.0638,0.0274,0.0432,0.0593,-0.0131,-0.0091,24.96,25.05,17908,20320,2.239,2.54,6.716,7.62,669,669,67,67,0,0,0,0,,,,,,,,,,,,,,,,,0.0,0.0,0,0,1388.5,1138.5,0.9015,1.1216,1,1,0
2026-09-28T22:23:11.462193+09:00,109897596,cc3d2640,2026-09-28T22:23:11.462193+09:00,2026-09-28T22:23:11.498280+09:00,rail-left-01,rail-right-01,0.6.7-draft,0.6.7-draft,mqtt,mqtt,1219.69,982.68,7.025,7.303,-0.03,-0.041,0.431,-0.304,10.695,9.516,-0.062,0.0334,0.0486,0.0626,-0.0115,-0.0068,24.95,25.05,17819,20346,2.227,2.543,6.682,7.63,670,670,67,67,0,0,0,0,,,,,,,,,,,,,,,,,0.0,0.0,0,0,1389.6,1139.6,0.9015,1.1216,1,1,0
2026-09-28T22:23:11.592658+09:00,110020468,cc3d2640,2026-09-28T22:23:11.592658+09:00,2026-09-28T22:23:11.677449+09:00,rail-left-01,rail-right-01,0.6.7-draft,0.6.7-draft,mqtt,mqtt,1227.15,988.5,7.013,7.307,0.055,0.006,-0.061,-0.184,10.56,9.764,-0.0675,0.0325,0.0453,0.0601,-0.01,-0.0069,24.94,25.05,17789,20355,2.224,2.544,6.671,7.633,671,671,68,68,0,0,0,0,,,,,,,,,,,,,,,,,0.0,0.0,0,0,1396.3,1146.3,0.9015,1.1216,1,1,0
2026-09-28T22:23:11.612782+09:00,110040592,cc3d2640,2026-09-28T22:23:11.612782+09:00,2026-09-28T22:23:11.697573+09:00,rail-left-01,rail-right-01,0.6.7-draft,0.6.7-draft,mqtt,mqtt,1228.34,989.44,6.945,7.358,-0.007,-0.008,0.084,-0.162,10.538,9.829,-0.0675,0.0348,0.0397,0.0578,-0.0125,-0.0052,24.95,25.03,17620,20469,2.203,2.559,6.608,7.676,672,672,68,68,0,0,0,0,,,,,,,,,,,,,,,,,0.0,0.0,0,0,1397.4,1147.4,0.9015,1.1216,1,1,0
2026-09-28T22:23:11.632744+09:00,110060554,cc3d2640,2026-09-28T22:23:11.632744+09:00,2026-09-28T22:23:11.717535+09:00,rail-left-01,rail-right-01,0.6.7-draft,0.6.7-draft,mqtt,mqtt,1229.53,990.39,6.939,7.363,0.101,0.048,0.174,-0.163,10.37,9.833,-0.0625,0.0314,0.0417,0.059,-0.0125,-0.0055,24.97,25.05,17603,20481,2.2,2.56,6.601,7.68,673,673,68,68,0,0,0,0,,,,,,,,,,,,,,,,,0.0,0.0,0,0,1398.5,1148.5,0.9015,1.1216,1,1,0
2026-09-28T22:23:11.652712+09:00,110080522,cc3d2640,2026-09-28T22:23:11.652712+09:00,2026-09-28T22:23:11.737503+09:00,rail-left-01,rail-right-01,0.6.7-draft,0.6.7-draft,mqtt,mqtt,1230.78,991.33,6.933,7.372,-0.067,-0.075,0.181,-0.14,10.709,9.655,-0.0685,0.0314,0.0385,0.0528,-0.0091,-0.006,24.94,25.05,17588,20500,2.199,2.563,6.596,7.688,674,674,68,68,0,0,0,0,,,,,,,,,,,,,,,,,0.0,0.0,0,0,1399.6,1149.6,0.9015,1.1216,1,1,0
2026-09-28T22:23:11.672932+09:00,110100742,cc3d2640,2026-09-28T22:23:11.672932+09:00,2026-09-28T22:23:11.757723+09:00,rail-left-01,rail-right-01,0.6.7-draft,0.6.7-draft,mqtt,mqtt,1231.97,992.33,6.97,7.373,-0.043,-0.016,0.147,-0.192,10.641,9.723,-0.0711,0.0361,0.0345,0.0468,-0.0104,-0.0047,24.96,25.05,17682,20503,2.21,2.563,6.631,7.689,675,675,68,68,0,0,0,0,,,,,,,,,,,,,,,,,0.0,0.0,0,0,1400.7,1150.7,0.9015,1.1216,1,1,0
2026-09-28T22:23:11.692913+09:00,110120723,cc3d2640,2026-09-28T22:23:11.692913+09:00,2026-09-28T22:23:11.777704+09:00,rail-left-01,rail-right-01,0.6.7-draft,0.6.7-draft,mqtt,mqtt,1233.21,993.27,7.012,7.377,0.034,0.108,-0.144,-0.086,10.403,9.826,-0.0695,0.034,0.0378,0.054,-0.0119,-0.0083,24.94,25.04,17787,20511,2.223,2.564,6.67,7.692,676,676,68,68,0,0,0,0,,,,,,,,,,,,,,,,,0.0,0.0,0,0,1401.8,1151.8,0.9015,1.1216,1,1,0
2026-09-28T22:23:11.712837+09:00,110140647,cc3d2640,2026-09-28T22:23:11.712837+09:00,2026-09-28T22:23:11.797628+09:00,rail-left-01,rail-right-01,0.6.7-draft,0.6.7-draft,mqtt,mqtt,1234.41,994.22,7.026,7.377,-0.152,-0.11,0.153,-0.253,10.483,9.726,-0.0654,0.0293,0.0376,0.0544,-0.0087,-0.0036,24.97,25.05,17821,20512,2.228,2.564,6.683,7.692,677,677,68,68,0,0,0,0,,,,,,,,,,,,,,,,,0.0,0.0,0,0,1402.9,1152.9,0.9015,1.1216,1,1,0
2026-09-28T22:23:11.732830+09:00,110160640,cc3d2640,2026-09-28T22:23:11.732830+09:00,2026-09-28T22:23:11.817621+09:00,rail-left-01,rail-right-01,0.6.7-draft,0.6.7-draft,mqtt,mqtt,1235.6,995.16,7.03,7.365,0.138,0.095,0.238,-0.115,10.439,9.742,-0.0636,0.0332,0.0361,0.0554,-0.0077,-0.0089,24.93,25.04,17830,20485,2.229,2.561,6.686,7.682,678,678,68,68,0,0,0,0,,,,,,,,,,,,,,,,,0.0,0.0,0,0,1403.9,1153.9,0.9015,1.1216,1,1,0
2026-09-28T22:23:11.752794+09:00,110180604,cc3d2640,2026-09-28T22:23:11.752794+09:00,2026-09-28T22:23:11.837585+09:00,rail-left-01,rail-right-01,0.6.7-draft,0.6.7-draft,mqtt,mqtt,1236.79,996.11,7.033,7.361,-0.016,-0.004,-0.182,-0.084,10.496,9.714,-0.0683,0.0332,0.037,0.0534,-0.0079,-0.0049,24.97,25.02,17838,20475,2.23,2.559,6.689,7.678,679,679,68,68,0,0,0,0,,,,,,,,,,,,,,,,,0.0,0.0,0,0,1405.0,1155.0,0.9015,1.1216,1,1,0
2026-09-28T22:23:11.773015+09:00,110200825,cc3d2640,2026-09-28T22:23:11.773015+09:00,2026-09-28T22:23:11.857806+09:00,rail-left-01,rail-right-01,0.6.7-draft,0.6.7-draft,mqtt,mqtt,1238.03,997.1,7.034,7.355,-0.038,0.035,0.194,-0.299,10.663,9.801,-0.063,0.0316,0.033,0.0509,-0.0099,-0.0044,24.93,25.04,17840,20462,2.23,2.558,6.69,7.673,680,680,68,68,0,0,0,0,,,,,,,,,,,,,,,,,0.0,0.0,0,0,1406.1,1156.1,0.9015,1.1216,1,1,0
2026-09-28T22:23:11.949251+09:00,110380397,cc3d2640,2026-09-28T22:23:11.949251+09:00,2026-09-28T22:23:11.985459+09:00,rail-left-01,rail-right-01,0.6.7-draft,0.6.7-draft,mqtt,mqtt,1248.82,1005.65,7.045,7.35,-0.296,-0.347,0.306,-0.373,10.867,9.849,-0.0636,0.0273,0.0338,0.0562,-0.0119,-0.0019,24.95,25.05,17867,20451,2.233,2.556,6.7,7.669,681,681,69,69,0,0,0,0,,,,,,,,,,,,,,,,,0.0,0.0,0,0,1415.9,1165.9,0.9015,1.1216,1,1,0
2026-09-28T22:23:11.969369+09:00,110400515,cc3d2640,2026-09-28T22:23:11.969369+09:00,2026-09-28T22:23:12.005577+09:00,rail-left-01,rail-right-01,0.6.7-draft,0.6.7-draft,mqtt,mqtt,1250.02,1006.65,7.121,7.204,0.237,0.243,0.024,-0.127,10.484,9.901,-0.0655,0.0342,0.0358,0.0548,-0.0089,-0.0036,24.94,25.03,18057,20128,2.257,2.516,6.771,7.548,682,682,69,69,0,0,0,0,,,,,,,,,,,,,,,,,0.0,0.0,0,0,1416.9,1166.9,0.9015,1.1216,1,1,0
2026-09-28T22:23:11.989314+09:00,110420459,cc3d2640,2026-09-28T22:23:11.989314+09:00,2026-09-28T22:23:12.025521+09:00,rail-left-01,rail-right-01,0.6.7-draft,0.6.7-draft,mqtt,mqtt,1251.21,1007.59,7.119,7.198,-0.148,-0.123,0.116,-0.204,10.606,9.829,-0.0624,0.0322,0.0384,0.0562,-0.0039,-0.0011,24.94,25.07,18052,20113,2.257,2.514,6.769,7.542,683,683,69,69,0,0,0,0,,,,,,,,,,,,,,,,,0.0,0.0,0,0,1418.0,1168.0,0.9015,1.1216,1,1,0
2026-09-28T22:23:12.009252+09:00,110440397,cc3d2640,2026-09-28T22:23:12.009252+09:00,2026-09-28T22:23:12.045459+09:00,rail-left-01,rail-right-01,0.6.7-draft,0.6.7-draft,mqtt,mqtt,1252.4,1008.53,7.129,7.2,0.038,0.128,-0.159,-0.224,10.497,9.608,-0.0634,0.0321,0.0377,0.0532,-0.006,-0.0084,24.92,25.04,18077,20118,2.26,2.515,6.779,7.544,684,684,69,69,0,0,0,0,,,,,,,,,,,,,,,,,0.0,0.0,0,0,1419.1,1169.1,0.9015,1.1216,1,1,0
2026-09-28T22:23:12.029444+09:00,110460589,cc3d2640,2026-09-28T22:23:12.029444+09:00,2026-09-28T22:23:12.065651+09:00,rail-left-01,rail-right-01,0.6.7-draft,0.6.7-draft,mqtt,mqtt,1253.65,1009.48,7.126,7.19,-0.022,-0.022,0.175,-0.078,10.399,9.706,-0.0632,0.031,0.0348,0.0512,-0.0048,-0.0043,24.93,25.07,18069,20096,2.259,2.512,6.776,7.536,685,685,69,69,0,0,0,0,,,,,,,,,,,,,,,,,0.0,0.0,0,0,1420.2,1170.2,0.9015,1.1216,1,1,0
2026-09-28T22:23:12.049447+09:00,110480592,cc3d2640,2026-09-28T22:23:12.049447+09:00,2026-09-28T22:23:12.085655+09:00,rail-left-01,rail-right-01,0.6.7-draft,0.6.7-draft,mqtt,mqtt,1254.84,1010.47,7.128,7.18,0.171,0.119,0.28,-0.321,10.451,9.724,-0.0633,0.0334,0.0364,0.0538,-0.0108,-0.0124,24.98,25.05,18075,20073,2.259,2.509,6.778,7.527,686,686,69,69,0,0,0,0,,,,,,,,,,,,,,,,,0.0,0.0,0,0,1421.3,1171.3,0.9015,1.1216,1,1,0
2026-09-28T22:23:12.069318+09:00,110500464,cc3d2640,2026-09-28T22:23:12.069318+09:00,2026-09-28T22:23:12.105527+09:00,rail-left-01,rail-right-01,0.6.7-draft,0.6.7-draft,mqtt,mqtt,1256.03,1011.42,7.132,7.18,-0.04,-0.06,-0.066,-0.278,10.416,9.713,-0.0624,0.0317,0.0384,0.054,-0.0073,-0.0057,24.96,25.06,18084,20074,2.261,2.509,6.782,7.528,687,687,69,69,0,0,0,0,,,,,,,,,,,,,,,,,0.0,0.0,0,0,1422.4,1172.4,0.9015,1.1216,1,1,0
2026-09-28T22:23:12.089261+09:00,110520406,cc3d2640,2026-09-28T22:23:12.089261+09:00,2026-09-28T22:23:12.125468+09:00,rail-left-01,rail-right-01,0.6.7-draft,0.6.7-draft,mqtt,mqtt,1257.23,1012.36,7.132,7.173,-0.004,0.087,0.092,-0.066,10.433,9.718,-0.0632,0.035,0.0433,0.0576,-0.0099,-0.0068,24.98,25.06,18084,20058,2.261,2.507,6.782,7.522,688,688,69,69,0,0,0,0,,,,,,,,,,,,,,,,,0.0,0.0,0,0,1423.4,1173.4,0.9015,1.1216,1,1,0
2026-09-28T22:23:12.109395+09:00,110540541,cc3d2640,2026-09-28T22:23:12.109395+09:00,2026-09-28T22:23:12.145603+09:00,rail-left-01,rail-right-01,0.6.7-draft,0.6.7-draft,mqtt,mqtt,1258.42,1013.31,7.13,7.173,0.025,0.048,0.095,-0.142,10.53,9.759,-0.0636,0.0318,0.0385,0.0556,-0.0085,-0.0079,24.95,25.05,18079,20058,2.26,2.507,6.78,7.522,689,689,69,69,0,0,0,0,,,,,,,,,,,,,,,,,0.0,0.0,0,0,1424.5,1174.5,0.9015,1.1216,1,1,0
2026-09-28T22:23:12.129421+09:00,110560566,cc3d2640,2026-09-28T22:23:12.129421+09:00,2026-09-28T22:23:12.165628+09:00,rail-left-01,rail-right-01,0.6.7-draft,0.6.7-draft,mqtt,mqtt,1259.61,1014.25,7.134,7.172,-0.062,-0.001,0.236,-0.095,10.499,9.73,-0.0596,0.028,0.0389,0.0561,-0.0099,-0.0067,24.95,25.04,18089,20057,2.261,2.507,6.783,7.521,690,690,69,69,0,0,0,0,,,,,,,,,,,,,,,,,0.0,0.0,0,0,1425.6,1175.6,0.9015,1.1216,1,1,0
2026-09-28T22:23:12.222672+09:00,110688453,cc3d2640,2026-09-28T22:23:12.222672+09:00,2026-09-28T22:23:12.306466+09:00,rail-left-01,rail-right-01,0.6.7-draft,0.6.7-draft,mqtt,mqtt,1267.32,1020.37,7.129,7.171,0.145,0.133,-0.057,-0.233,10.436,9.544,-0.0645,0.0333,0.0392,0.0593,-0.0083,-0.0096,24.94,25.04,18077,20055,2.26,2.507,6.779,7.521,691,691,70,70,0,0,0,0,,,,,,,,,,,,,,,,,0.0,0.0,0,0,1432.5,1182.5,0.9015,1.1216,1,1,0
2026-09-28T22:23:12.242833+09:00,110708614,cc3d2640,2026-09-28T22:23:12.242833+09:00,2026-09-28T22:23:12.326627+09:00,rail-left-01,rail-right-01,0.6.7-draft,0.6.7-draft,mqtt,mqtt,1268.51,1021.31,7.155,7.154,-0.092,-0.102,0.11,-0.116,10.776,9.638,-0.0669,0.0325,0.0362,0.0549,-0.0096,-0.0056,24.93,25.06,18142,20016,2.268,2.502,6.803,7.506,692,692,70,70,0,0,0,0,,,,,,,,,,,,,,,,,0.0,0.0,0,0,1433.6,1183.6,0.9015,1.1216,1,1,0
2026-09-28T22:23:12.262778+09:00,110728559,cc3d2640,2026-09-28T22:23:12.262778+09:00,2026-09-28T22:23:12.346572+09:00,rail-left-01,rail-right-01,0.6.7-draft,0.6.7-draft,mqtt,mqtt,1269.71,1022.26,7.169,7.148,0.077,0.115,0.044,-0.044,10.617,10.038,-0.0632,0.0354,0.0376,0.0554,-0.0096,-0.0067,24.94,25.06,18176,20004,2.272,2.501,6.816,7.502,693,693,70,70,0,0,0,0,,,,,,,,,,,,,,,,,0.0,0.0,0,0,1434.7,1184.7,0.9015,1.1216,1,1,0
2026-09-28T22:23:12.282797+09:00,110748578,cc3d2640,2026-09-28T22:23:12.282797+09:00,2026-09-28T22:23:12.366590+09:00,rail-left-01,rail-right-01,0.6.7-draft,0.6.7-draft,mqtt,mqtt,1270.9,1023.25,7.176,7.153,0.044,-0.036,0.178,-0.079,10.592,9.956,-0.0632,0.0336,0.0361,0.0532,-0.0063,-0.0051,24.95,25.02,18193,20015,2.274,2.502,6.822,7.506,694,694,70,70,0,0,0,0,,,,,,,,,,,,,,,,,0.0,0.0,0,0,1435.8,1185.8,0.9015,1.1216,1,1,0
2026-09-28T22:23:12.303233+09:00,110769014,cc3d2640,2026-09-28T22:23:12.303233+09:00,2026-09-28T22:23:12.387026+09:00,rail-left-01,rail-right-01,0.6.7-draft,0.6.7-draft,mqtt,mqtt,1272.14,1024.2,7.204,7.15,0.011,0.085,0.03,-0.151,10.597,9.708,-0.0556,0.0318,0.0322,0.0485,-0.0081,-0.0057,24.94,25.04,18265,20008,2.283,2.501,6.849,7.503,695,695,70,70,0,0,0,0,,,,,,,,,,,,,,,,,0.0,0.0,0,0,1436.9,1186.9,0.9015,1.1216,1,1,0
2026-09-28T22:23:12.323273+09:00,110789054,cc3d2640,2026-09-28T22:23:12.323273+09:00,2026-09-28T22:23:12.407067+09:00,rail-left-01,rail-right-01,0.6.7-draft,0.6.7-draft,mqtt,mqtt,1273.33,1025.19,7.243,7.153,0.022,-0.031,0.081,-0.447,10.484,9.683,-0.0561,0.0322,0.0344,0.0545,-0.0093,-0.0115,24.94,25.04,18361,20015,2.295,2.502,6.885,7.506,696,696,70,70,0,0,0,0,,,,,,,,,,,,,,,,,0.0,0.0,0,0,1438.0,1188.0,0.9015,1.1216,1,1,0
2026-09-28T22:23:12.342693+09:00,110808474,cc3d2640,2026-09-28T22:23:12.342693+09:00,2026-09-28T22:23:12.426487+09:00,rail-left-01,rail-right-01,0.6.7-draft,0.6.7-draft,mqtt,mqtt,1274.48,1026.09,7.262,7.156,-0.031,0.014,0.036,0.13,10.459,9.674,-0.0629,0.0334,0.0298,0.0477,-0.0069,0.0024,24.94,25.05,18407,20021,2.301,2.503,6.903,7.508,697,697,70,70,0,0,0,0,,,,,,,,,,,,,,,,,0.0,0.0,0,0,1439.0,1189.0,0.9015,1.1216,1,1,0
2026-09-28T22:23:12.362834+09:00,110828615,cc3d2640,2026-09-28T22:23:12.362834+09:00,2026-09-28T22:23:12.446628+09:00,rail-left-01,rail-right-01,0.6.7-draft,0.6.7-draft,mqtt,mqtt,1275.67,1027.03,7.279,7.143,0.102,0.067,0.188,-0.347,10.357,9.834,-0.0616,0.0314,0.035,0.0549,-0.0132,-0.0092,24.94,25.06,18451,19991,2.306,2.499,6.919,7.497,698,698,70,70,0,0,0,0,,,,,,,,,,,,,,,,,0.0,0.0,0,0,1440.1,1190.1,0.9015,1.1216,1,1,0
2026-09-28T22:23:12.382827+09:00,110848608,cc3d2640,2026-09-28T22:23:12.382827+09:00,2026-09-28T22:23:12.466620+09:00,rail-left-01,rail-right-01,0.6.7-draft,0.6.7-draft,mqtt,mqtt,1276.86,1028.02,7.288,7.138,0.043,0.055,0.03,-0.262,10.321,9.57,-0.0669,0.033,0.0394,0.055,-0.0085,-0.0069,24.94,25.02,18474,19981,2.309,2.498,6.928,7.493,699,699,70,70,0,0,0,0,,,,,,,,,,,,,,,,,0.0,0.0,0,0,1441.1,1191.1,0.9015,1.1216,1,1,0
2026-09-28T22:23:12.402799+09:00,110868580,cc3d2640,2026-09-28T22:23:12.402799+09:00,2026-09-28T22:23:12.486593+09:00,rail-left-01,rail-right-01,0.6.7-draft,0.6.7-draft,mqtt,mqtt,1278.06,1028.97,7.291,7.14,-0.092,-0.071,0.218,-0.327,10.336,9.661,-0.0629,0.0336,0.0406,0.0586,-0.012,-0.0053,24.95,25.05,18481,19985,2.31,2.498,6.93,7.494,700,700,70,70,0,0,0,0,,,,,,,,,,,,,,,,,0.0,0.0,0,0,1442.2,1192.2,0.9015,1.1216,1,1,0
2026-09-28T22:23:12.539096+09:00,111009405,cc3d2640,2026-09-28T22:23:12.539096+09:00,2026-09-28T22:23:12.618670+09:00,rail-left-01,rail-right-01,0.6.7-draft,0.6.7-draft,mqtt,mqtt,1286.46,1035.68,7.282,7.138,-0.01,0.065,0.055,0.024,10.485,9.671,-0.0658,0.0297,0.0333,0.0528,-0.0039,-0.0105,24.94,25.04,18459,19980,2.307,2.498,6.922,7.493,701,701,71,71,0,0,0,0,,,,,,,,,,,,,,,,,0.0,0.0,0,0,1449.8,1199.8,0.9015,1.1216,1,1,0
2026-09-28T22:23:12.559225+09:00,111029534,cc3d2640,2026-09-28T22:23:12.559225+09:00,2026-09-28T22:23:12.638798+09:00,rail-left-01,rail-right-01,0.6.7-draft,0.6.7-draft,mqtt,mqtt,1287.65,1036.63,7.354,7.161,-0.001,0.036,0.29,-0.323,10.472,9.767,-0.0677,0.0374,0.034,0.054,-0.0057,-0.0015,24.97,25.04,18638,20032,2.33,2.504,6.989,7.512,702,702,71,71,0,0,0,0,,,,,,,,,,,,,,,,,0.0,0.0,0,0,1450.9,1200.9,0.9015,1.1216,1,1,0
2026-09-28T22:23:12.579271+09:00,111049580,cc3d2640,2026-09-28T22:23:12.579271+09:00,2026-09-28T22:23:12.658844+09:00,rail-left-01,rail-right-01,0.6.7-draft,0.6.7-draft,mqtt,mqtt,1288.85,1037.62,7.343,7.158,-0.03,-0.02,-0.05,-0.308,10.475,9.754,-0.0662,0.031,0.0428,0.0617,-0.0085,-0.0077,24.95,25.02,18611,20026,2.326,2.503,6.979,7.51,703,703,71,71,0,0,0,0,,,,,,,,,,,,,,,,,0.0,0.0,0,0,1452.0,1202.0,0.9015,1.1216,1,1,0
2026-09-28T22:23:12.599239+09:00,111069548,cc3d2640,2026-09-28T22:23:12.599239+09:00,2026-09-28T22:23:12.678812+09:00,rail-left-01,rail-right-01,0.6.7-draft,0.6.7-draft,mqtt,mqtt,1290.04,1038.56,7.334,7.163,-0.026,-0.037,0.195,-0.126,10.376,9.752,-0.0626,0.029,0.0381,0.0557,-0.0072,-0.0027,24.94,25.02,18588,20037,2.324,2.505,6.971,7.514,704,704,71,71,0,0,0,0,,,,,,,,,,,,,,,,,0.0,0.0,0,0,1453.0,1203.0,0.9015,1.1216,1,1,0
2026-09-28T22:23:12.619333+09:00,111089643,cc3d2640,2026-09-28T22:23:12.619333+09:00,2026-09-28T22:23:12.698907+09:00,rail-left-01,rail-right-01,0.6.7-draft,0.6.7-draft,mqtt,mqtt,1291.23,1039.51,7.326,7.172,0.056,0.121,0.241,-0.306,10.362,9.457,-0.0633,0.034,0.0426,0.0582,-0.0105,-0.0107,24.95,25.03,18567,20056,2.321,2.507,6.963,7.521,705,705,71,71,0,0,0,0,,,,,,,,,,,,,,,,,0.0,0.0,0,0,1454.1,1204.1,0.9015,1.1216,1,1,0
2026-09-28T22:23:12.639315+09:00,111109625,cc3d2640,2026-09-28T22:23:12.639315+09:00,2026-09-28T22:23:12.718889+09:00,rail-left-01,rail-right-01,0.6.7-draft,0.6.7-draft,mqtt,mqtt,1292.43,1040.45,7.3,7.18,0.044,0.03,-0.174,-0.23,10.478,9.595,-0.0669,0.0354,0.0408,0.0584,-0.0071,-0.0063,24.97,25.04,18502,20074,2.313,2.509,6.938,7.528,706,706,71,71,0,0,0,0,,,,,,,,,,,,,,,,,0.0,0.0,0,0,1455.2,1205.2,0.9015,1.1216,1,1,0
2026-09-28T22:23:12.659232+09:00,111129541,cc3d2640,2026-09-28T22:23:12.659232+09:00,2026-09-28T22:23:12.738806+09:00,rail-left-01,rail-right-01,0.6.7-draft,0.6.7-draft,mqtt,mqtt,1293.62,1041.4,7.294,7.176,0.025,-0.025,-0.024,-0.283,10.43,9.554,-0.0605,0.0374,0.0412,0.0546,-0.0099,-0.0081,24.96,25.07,18488,20065,2.311,2.508,6.933,7.524,707,707,71,71,0,0,0,0,,,,,,,,,,,,,,,,,0.0,0.0,0,0,1456.3,1206.3,0.9015,1.1216,1,1,0
2026-09-28T22:23:12.679175+09:00,111149484,cc3d2640,2026-09-28T22:23:12.679175+09:00,2026-09-28T22:23:12.758748+09:00,rail-left-01,rail-right-01,0.6.7-draft,0.6.7-draft,mqtt,mqtt,1294.81,1042.39,7.292,7.187,0.096,0.028,0.153,-0.265,10.459,9.467,-0.0665,0.029,0.0417,0.061,-0.008,-0.0077,24.95,25.04,18484,20089,2.311,2.511,6.932,7.533,708,708,71,71,0,0,0,0,,,,,,,,,,,,,,,,,0.0,0.0,0,0,1457.3,1207.3,0.9015,1.1216,1,1,0
2026-09-28T22:23:12.699116+09:00,111169425,cc3d2640,2026-09-28T22:23:12.699116+09:00,2026-09-28T22:23:12.778689+09:00,rail-left-01,rail-right-01,0.6.7-draft,0.6.7-draft,mqtt,mqtt,1296.01,1043.34,7.276,7.191,-0.055,-0.024,0.163,-0.209,10.613,9.857,-0.0661,0.0326,0.0369,0.0569,-0.0111,-0.0063,24.94,25.03,18442,20098,2.305,2.512,6.916,7.537,709,709,71,71,0,0,0,0,,,,,,,,,,,,,,,,,0.0,0.0,0,0,1458.4,1208.4,0.9015,1.1216,1,1,0
2026-09-28T22:23:12.719232+09:00,111189541,cc3d2640,2026-09-28T22:23:12.719232+09:00,2026-09-28T22:23:12.798806+09:00,rail-left-01,rail-right-01,0.6.7-draft,0.6.7-draft,mqtt,mqtt,1297.2,1044.28,7.274,7.198,0.141,0.166,0.119,0.005,10.269,9.936,-0.0617,0.0357,0.039,0.0582,-0.0076,-0.0028,24.95,25.04,18438,20115,2.305,2.514,6.914,7.543,710,710,71,71,0,0,0,0,,,,,,,,,,,,,,,,,0.0,0.0,0,0,1459.5,1209.5,0.9015,1.1216,1,1,0
2026-09-28T22:23:12.888297+09:00,111321408,cc3d2640,2026-09-28T22:23:12.888297+09:00,2026-09-28T22:23:12.972992+09:00,rail-left-01,rail-right-01,0.6.7-draft,0.6.7-draft,mqtt,mqtt,1305.1,1050.6,7.264,7.203,-0.157,-0.114,-0.018,0.008,10.726,9.744,-0.0689,0.0309,0.0369,0.0516,-0.0093,-0.012,24.97,25.05,18413,20126,2.302,2.516,6.905,7.547,711,711,72,72,0,0,0,0,,,,,,,,,,,,,,,,,0.0,0.0,0,0,1466.6,1216.6,0.9015,1.1216,1,1,0
2026-09-28T22:23:12.908410+09:00,111341521,cc3d2640,2026-09-28T22:23:12.908410+09:00,2026-09-28T22:23:12.993105+09:00,rail-left-01,rail-right-01,0.6.7-draft,0.6.7-draft,mqtt,mqtt,1306.3,1051.54,7.28,7.266,0.144,0.2,0.105,-0.153,10.457,9.777,-0.0715,0.0326,0.0382,0.0534,-0.0088,-0.0084,24.95,25.04,18452,20265,2.307,2.533,6.92,7.599,712,712,72,72,0,0,0,0,,,,,,,,,,,,,,,,,0.0,0.0,0,0,1467.7,1217.7,0.9015,1.1216,1,1,0
2026-09-28T22:23:12.928345+09:00,111361456,cc3d2640,2026-09-28T22:23:12.928345+09:00,2026-09-28T22:23:13.013040+09:00,rail-left-01,rail-right-01,0.6.7-draft,0.6.7-draft,mqtt,mqtt,1307.49,1052.49,7.303,7.281,-0.085,-0.051,0.068,-0.294,10.345,9.658,-0.0678,0.0328,0.0392,0.0584,-0.0111,-0.0073,24.96,25.05,18511,20298,2.314,2.537,6.942,7.612,713,713,72,72,0,0,0,0,,,,,,,,,,,,,,,,,0.0,0.0,0,0,1468.8,1218.8,0.9015,1.1216,1,1,0
2026-09-28T22:23:12.948541+09:00,111381652,cc3d2640,2026-09-28T22:23:12.948541+09:00,2026-09-28T22:23:13.033236+09:00,rail-left-01,rail-right-01,0.6.7-draft,0.6.7-draft,mqtt,mqtt,1308.73,1053.48,7.313,7.293,0.014,0.092,-0.312,-0.127,10.428,9.598,-0.0638,0.0352,0.0437,0.0602,-0.0075,-0.0055,24.95,25.04,18535,20324,2.317,2.541,6.951,7.622,714,714,72,72,0,0,0,0,,,,,,,,,,,,,,,,,0.0,0.0,0,0,1469.9,1219.9,0.9015,1.1216,1,1,0
2026-09-28T22:23:12.968475+09:00,111401586,cc3d2640,2026-09-28T22:23:12.968475+09:00,2026-09-28T22:23:13.053170+09:00,rail-left-01,rail-right-01,0.6.7-draft,0.6.7-draft,mqtt,mqtt,1309.93,1054.42,7.312,7.306,0.078,0.006,0.223,-0.172,10.294,9.612,-0.0636,0.031,0.0398,0.055,-0.0079,-0.0045,24.97,25.03,18533,20354,2.317,2.544,6.95,7.633,715,715,72,72,0,0,0,0,,,,,,,,,,,,,,,,,0.0,0.0,0,0,1471.0,1221.0,0.9015,1.1216,1,1,0
2026-09-28T22:23:12.988443+09:00,111421554,cc3d2640,2026-09-28T22:23:12.988443+09:00,2026-09-28T22:23:13.073138+09:00,rail-left-01,rail-right-01,0.6.7-draft,0.6.7-draft,mqtt,mqtt,1311.12,1055.37,7.309,7.301,-0.029,-0.069,-0.016,-0.293,10.418,9.643,-0.0648,0.0277,0.0408,0.0569,-0.0087,-0.0096,24.96,25.01,18524,20343,2.316,2.543,6.946,7.629,716,716,72,72,0,0,0,0,,,,,,,,,,,,,,,,,0.0,0.0,0,0,1472.0,1222.0,0.9015,1.1216,1,1,0
2026-09-28T22:23:13.008357+09:00,111441468,cc3d2640,2026-09-28T22:23:13.008357+09:00,2026-09-28T22:23:13.093052+09:00,rail-left-01,rail-right-01,0.6.7-draft,0.6.7-draft,mqtt,mqtt,1312.31,1056.31,7.3,7.294,0.108,0.135,-0.08,-0.409,10.319,9.554,-0.0727,0.025,0.0384,0.0561,-0.0083,-0.008,24.97,25.05,18503,20328,2.313,2.541,6.939,7.623,717,717,72,72,0,0,0,0,,,,,,,,,,,,,,,,,0.0,0.0,0,0,1473.1,1223.1,0.9015,1.1216,1,1,0
2026-09-28T22:23:13.028466+09:00,111461577,cc3d2640,2026-09-28T22:23:13.028466+09:00,2026-09-28T22:23:13.113161+09:00,rail-left-01,rail-right-01,0.6.7-draft,0.6.7-draft,mqtt,mqtt,1313.51,1057.26,7.254,7.26,-0.019,-0.007,-0.177,-0.376,10.37,9.692,-0.0774,0.0171,0.0396,0.0597,-0.0071,-0.0051,24.95,25.06,18389,20251,2.299,2.531,6.896,7.594,718,718,72,72,0,0,0,0,,,,,,,,,,,,,,,,,0.0,0.0,0,0,1474.2,1224.2,0.9015,1.1216,1,1,0
2026-09-28T22:23:13.048459+09:00,111481570,cc3d2640,2026-09-28T22:23:13.048459+09:00,2026-09-28T22:23:13.133154+09:00,rail-left-01,rail-right-01,0.6.7-draft,0.6.7-draft,mqtt,mqtt,1314.7,1058.2,7.165,7.204,-0.013,0.024,0.083,0.066,10.363,9.65,-0.0801,0.0063,0.0412,0.0561,-0.0072,-0.0049,24.97,25.07,18166,20127,2.271,2.516,6.812,7.548,719,719,72,72,0,0,0,0,,,,,,,,,,,,,,,,,0.0,0.0,0,0,1475.3,1225.3,0.9015,1.1216,1,1,0
2026-09-28T22:23:13.068534+09:00,111501645,cc3d2640,2026-09-28T22:23:13.068534+09:00,2026-09-28T22:23:13.153229+09:00,rail-left-01,rail-right-01,0.6.7-draft,0.6.7-draft,mqtt,mqtt,1315.94,1059.2,7.039,7.12,-0.11,-0.168,0.326,-0.492,10.317,9.614,-0.085,0.0047,0.0462,0.0566,-0.0037,-0.0041,24.96,25.04,17854,19940,2.232,2.493,6.695,7.477,720,720,72,72,0,0,0,0,,,,,,,,,,,,,,,,,0.0,0.0,0,0,1476.4,1226.4,0.9015,1.1216,1,1,0
2026-09-28T22:23:13.204000+09:00,111676435,cc3d2640,2026-09-28T22:23:13.204000+09:00,2026-09-28T22:23:13.242922+09:00,rail-left-01,rail-right-01,0.6.7-draft,0.6.7-draft,mqtt,mqtt,1326.68,1067.55,6.959,7.064,-0.029,0.01,-0.01,0.008,10.585,9.54,-0.0634,0.0196,0.0297,0.0492,-0.0099,-0.0053,24.95,25.03,17655,19816,2.207,2.477,6.621,7.431,721,721,73,73,0,0,0,0,,,,,,,,,,,,,,,,,0.0,0.0,0,0,1486.1,1236.1,0.9015,1.1216,1,1,0
2026-09-28T22:23:13.224296+09:00,111696732,cc3d2640,2026-09-28T22:23:13.224296+09:00,2026-09-28T22:23:13.263219+09:00,rail-left-01,rail-right-01,0.6.7-draft,0.6.7-draft,mqtt,mqtt,1327.93,1068.5,6.209,6.335,0.135,0.207,0.215,-0.214,10.402,10.009,-0.0628,0.0234,0.0354,0.0526,-0.0087,-0.0087,24.94,25.05,15786,18200,1.973,2.275,5.92,6.825,722,722,73,73,0,0,0,0,,,,,,,,,,,,,,,,,0.0,0.0,0,0,1487.2,1237.2,0.9015,1.1216,1,1,0
2026-09-28T22:23:13.244082+09:00,111716518,cc3d2640,2026-09-28T22:23:13.244082+09:00,2026-09-28T22:23:13.283005+09:00,rail-left-01,rail-right-01,0.6.7-draft,0.6.7-draft,mqtt,mqtt,1329.12,1069.49,6.188,6.299,-0.054,-0.059,0.235,-0.358,10.451,9.89,-0.0663,0.0325,0.0421,0.054,-0.0072,-0.008,24.94,25.04,15735,18120,1.967,2.265,5.901,6.795,723,723,73,73,0,0,0,0,,,,,,,,,,,,,,,,,0.0,0.0,0,0,1488.3,1238.3,0.9015,1.1216,1,1,0
2026-09-28T22:23:13.264177+09:00,111736613,cc3d2640,2026-09-28T22:23:13.264177+09:00,2026-09-28T22:23:13.303100+09:00,rail-left-01,rail-right-01,0.6.7-draft,0.6.7-draft,mqtt,mqtt,1330.36,1070.43,6.176,6.288,0.059,0.063,0.085,-0.253,10.406,9.708,-0.0613,0.0361,0.045,0.0545,-0.0089,-0.0089,24.95,25.05,15704,18095,1.963,2.262,5.889,6.786,724,724,73,73,0,0,0,0,,,,,,,,,,,,,,,,,0.0,0.0,0,0,1489.4,1239.4,0.9015,1.1216,1,1,0
2026-09-28T22:23:13.284802+09:00,111757238,cc3d2640,2026-09-28T22:23:13.284802+09:00,2026-09-28T22:23:13.323725+09:00,rail-left-01,rail-right-01,0.6.7-draft,0.6.7-draft,mqtt,mqtt,1331.65,1071.43,6.164,6.292,0.132,0.168,-0.029,-0.151,10.326,9.604,-0.0678,0.0306,0.0401,0.0556,-0.0064,-0.0096,24.96,25.05,15674,18103,1.959,2.263,5.878,6.789,725,725,73,73,0,0,0,0,,,,,,,,,,,,,,,,,0.0,0.0,0,0,1490.5,1240.5,0.9015,1.1216,1,1,0
2026-09-28T22:23:13.304809+09:00,111777245,cc3d2640,2026-09-28T22:23:13.304809+09:00,2026-09-28T22:23:13.343732+09:00,rail-left-01,rail-right-01,0.6.7-draft,0.6.7-draft,mqtt,mqtt,1332.85,1072.37,6.133,6.271,-0.051,-0.02,0.22,-0.363,10.423,9.787,-0.0669,0.0289,0.038,0.0593,-0.0057,-0.0068,24.95,25.02,15597,18058,1.95,2.257,5.849,6.772,726,726,73,73,0,0,0,0,,,,,,,,,,,,,,,,,0.0,0.0,0,0,1491.6,1241.6,0.9015,1.1216,1,1,0
2026-09-28T22:23:13.324050+09:00,111796486,cc3d2640,2026-09-28T22:23:13.324050+09:00,2026-09-28T22:23:13.362973+09:00,rail-left-01,rail-right-01,0.6.7-draft,0.6.7-draft,mqtt,mqtt,1334.04,1073.32,6.096,6.267,0.073,0.119,0.025,-0.15,10.385,9.596,-0.0683,0.0353,0.0406,0.0589,-0.0055,0.0005,24.95,25.06,15506,18048,1.938,2.256,5.815,6.768,727,727,73,73,0,0,0,0,,,,,,,,,,,,,,,,,0.0,0.0,0,0,1492.7,1242.7,0.9015,1.1216,1,1,0
2026-09-28T22:23:13.344192+09:00,111816627,cc3d2640,2026-09-28T22:23:13.344192+09:00,2026-09-28T22:23:13.383114+09:00,rail-left-01,rail-right-01,0.6.7-draft,0.6.7-draft,mqtt,mqtt,1335.23,1074.26,6.093,6.264,0.01,-0.011,-0.099,-0.243,10.314,9.55,-0.0556,0.034,0.0388,0.056,-0.0073,-0.0073,24.94,25.01,15497,18041,1.937,2.255,5.811,6.765,728,728,73,73,0,0,0,0,,,,,,,,,,,,,,,,,0.0,0.0,0,0,1493.8,1243.8,0.9015,1.1216,1,1,0
2026-09-28T22:23:13.364135+09:00,111836571,cc3d2640,2026-09-28T22:23:13.364135+09:00,2026-09-28T22:23:13.403058+09:00,rail-left-01,rail-right-01,0.6.7-draft,0.6.7-draft,mqtt,mqtt,1336.48,1075.26,6.127,6.246,0.0,-0.014,-0.103,-0.164,10.27,9.621,-0.0581,0.0333,0.0324,0.0518,-0.0093,-0.0065,24.95,25.04,15583,18001,1.948,2.25,5.844,6.75,729,729,73,73,0,0,0,0,,,,,,,,,,,,,,,,,0.0,0.0,0,0,1494.9,1244.9,0.9015,1.1216,1,1,0
2026-09-28T22:23:13.384006+09:00,111856442,cc3d2640,2026-09-28T22:23:13.384006+09:00,2026-09-28T22:23:13.422929+09:00,rail-left-01,rail-right-01,0.6.7-draft,0.6.7-draft,mqtt,mqtt,1337.67,1076.2,6.132,6.221,0.042,0.05,0.193,-0.271,10.366,9.594,-0.0602,0.0329,0.0382,0.0573,-0.0121,-0.0052,24.96,25.03,15596,17947,1.95,2.243,5.849,6.73,730,730,73,73,0,0,0,0,,,,,,,,,,,,,,,,,0.0,0.0,0,0,1496.0,1246.0,0.9015,1.1216,1,1,0
2026-09-28T22:23:13.472424+09:00,111945411,cc3d2640,2026-09-28T22:23:13.472424+09:00,2026-09-28T22:23:13.556721+09:00,rail-left-01,rail-right-01,0.6.7-draft,0.6.7-draft,mqtt,mqtt,1343.04,1080.48,6.118,6.204,-0.145,-0.084,0.117,-0.317,10.53,9.555,-0.0693,0.0314,0.0425,0.0564,-0.0065,-0.0069,24.95,25.06,15560,17908,1.945,2.239,5.835,6.716,731,731,74,74,0,0,0,0,,,,,,,,,,,,,,,,,0.0,0.0,0,0,1500.8,1250.8,0.9015,1.1216,1,1,0
2026-09-28T22:23:13.492593+09:00,111965580,cc3d2640,2026-09-28T22:23:13.492593+09:00,2026-09-28T22:23:13.576890+09:00,rail-left-01,rail-right-01,0.6.7-draft,0.6.7-draft,mqtt,mqtt,1344.28,1081.42,6.037,6.157,0.117,0.159,-0.031,-0.247,10.333,9.852,-0.0675,0.0325,0.0405,0.0554,-0.0072,-0.0087,24.95,25.05,15359,17805,1.92,2.226,5.76,6.677,732,732,74,74,0,0,0,0,,,,,,,,,,,,,,,,,0.0,0.0,0,0,1501.9,1251.9,0.9015,1.1216,1,1,0
2026-09-28T22:23:13.512540+09:00,111985527,cc3d2640,2026-09-28T22:23:13.512540+09:00,2026-09-28T22:23:13.596837+09:00,rail-left-01,rail-right-01,0.6.7-draft,0.6.7-draft,mqtt,mqtt,1345.48,1082.37,6.014,6.15,0.024,0.05,-0.166,-0.297,10.29,9.726,-0.0633,0.0292,0.037,0.0565,-0.0089,-0.0084,24.96,25.04,15301,17788,1.913,2.224,5.738,6.67,733,733,74,74,0,0,0,0,,,,,,,,,,,,,,,,,0.0,0.0,0,0,1503.0,1253.0,0.9015,1.1216,1,1,0
2026-09-28T22:23:13.532579+09:00,112005566,cc3d2640,2026-09-28T22:23:13.532579+09:00,2026-09-28T22:23:13.616876+09:00,rail-left-01,rail-right-01,0.6.7-draft,0.6.7-draft,mqtt,mqtt,1346.72,1083.36,5.998,6.106,0.023,0.017,0.047,-0.18,10.353,9.633,-0.0594,0.0212,0.0333,0.0517,-0.0111,-0.0084,24.95,25.03,15257,17691,1.907,2.211,5.721,6.634,734,734,74,74,0,0,0,0,,,,,,,,,,,,,,,,,0.0,0.0,0,0,1504.1,1254.1,0.9015,1.1216,1,1,0
2026-09-28T22:23:13.552821+09:00,112025808,cc3d2640,2026-09-28T22:23:13.552821+09:00,2026-09-28T22:23:13.637118+09:00,rail-left-01,rail-right-01,0.6.7-draft,0.6.7-draft,mqtt,mqtt,1347.91,1084.31,5.996,6.097,0.045,0.168,0.318,-0.207,10.509,9.094,-0.0657,0.0345,0.0506,0.0572,-0.0123,-0.0137,24.93,25.05,15245,17671,1.906,2.209,5.717,6.627,735,735,74,74,0,0,0,0,,,,,,,,,,,,,,,,,0.0,0.0,0,0,1505.2,1255.2,0.9015,1.1216,1,1,0
2026-09-28T22:23:13.572859+09:00,112045846,cc3d2640,2026-09-28T22:23:13.572859+09:00,2026-09-28T22:23:13.657156+09:00,rail-left-01,rail-right-01,0.6.7-draft,0.6.7-draft,mqtt,mqtt,1349.15,1085.25,5.99,6.111,-0.05,-0.087,0.128,-0.194,10.512,9.706,-0.0669,0.0366,0.038,0.055,-0.0105,-0.0076,24.94,25.02,15219,17702,1.902,2.213,5.707,6.638,736,736,74,74,0,0,0,0,,,,,,,,,,,,,,,,,0.0,0.0,0,0,1506.3,1256.3,0.9015,1.1216,1,1,0
2026-09-28T22:23:13.592469+09:00,112065456,cc3d2640,2026-09-28T22:23:13.592469+09:00,2026-09-28T22:23:13.676766+09:00,rail-left-01,rail-right-01,0.6.7-draft,0.6.7-draft,mqtt,mqtt,1350.35,1086.19,5.995,6.123,0.119,0.147,-0.043,-0.177,10.189,9.708,-0.0645,0.0321,0.0438,0.0544,-0.0071,-0.0095,24.97,25.05,15243,17728,1.905,2.216,5.716,6.648,737,737,74,74,0,0,0,0,,,,,,,,,,,,,,,,,0.0,0.0,0,0,1507.4,1257.4,0.9015,1.1216,1,1,0
2026-09-28T22:23:13.612603+09:00,112085590,cc3d2640,2026-09-28T22:23:13.612603+09:00,2026-09-28T22:23:13.696900+09:00,rail-left-01,rail-right-01,0.6.7-draft,0.6.7-draft,mqtt,mqtt,1351.54,1087.19,5.994,6.148,0.04,0.043,0.096,-0.192,10.597,9.661,-0.0697,0.0329,0.0381,0.054,-0.0099,-0.0016,24.97,25.04,15235,17785,1.904,2.223,5.713,6.669,738,738,74,74,0,0,0,0,,,,,,,,,,,,,,,,,0.0,0.0,0,0,1508.5,1258.5,0.9015,1.1216,1,1,0
2026-09-28T22:23:13.632467+09:00,112105454,cc3d2640,2026-09-28T22:23:13.632467+09:00,2026-09-28T22:23:13.716764+09:00,rail-left-01,rail-right-01,0.6.7-draft,0.6.7-draft,mqtt,mqtt,1352.78,1088.13,6.013,6.134,-0.089,-0.055,0.063,-0.247,10.569,9.801,-0.0671,0.0321,0.0317,0.0516,-0.0128,-0.0047,24.96,25.04,15300,17754,1.913,2.219,5.738,6.658,739,739,74,74,0,0,0,0,,,,,,,,,,,,,,,,,0.0,0.0,0,0,1509.6,1259.6,0.9015,1.1216,1,1,0
2026-09-28T22:23:13.652697+09:00,112125684,cc3d2640,2026-09-28T22:23:13.652697+09:00,2026-09-28T22:23:13.736994+09:00,rail-left-01,rail-right-01,0.6.7-draft,0.6.7-draft,mqtt,mqtt,1354.03,1089.08,6.04,6.129,0.186,0.207,0.14,-0.126,10.775,9.808,-0.0585,0.0309,0.0278,0.0494,-0.0112,-0.0037,24.95,25.04,15365,17743,1.921,2.218,5.762,6.654,740,740,74,74,0,0,0,0,,,,,,,,,,,,,,,,,0.0,0.0,0,0,1510.7,1260.7,0.9015,1.1216,1,1,0
2026-09-28T22:23:13.833767+09:00,112260454,cc3d2640,2026-09-28T22:23:13.833767+09:00,2026-09-28T22:23:13.916263+09:00,rail-left-01,rail-right-01,0.6.7-draft,0.6.7-draft,mqtt,mqtt,1362.18,1095.54,6.071,6.128,0.12,0.145,-0.034,-0.323,10.299,9.822,-0.0727,0.0301,0.0254,0.0533,-0.0052,-0.0136,24.99,25.03,15444,17740,1.931,2.218,5.792,6.653,741,741,75,75,0,0,0,0,,,,,,,,,,,,,,,,,0.0,0.0,0,0,1518.1,1268.1,0.9015,1.1216,1,1,0
2026-09-28T22:23:13.853871+09:00,112280558,cc3d2640,2026-09-28T22:23:13.853871+09:00,2026-09-28T22:23:13.936367+09:00,rail-left-01,rail-right-01,0.6.7-draft,0.6.7-draft,mqtt,mqtt,1363.42,1096.49,6.188,6.162,0.067,0.031,0.029,-0.326,10.208,9.623,-0.0729,0.0281,0.0345,0.0561,-0.0031,-0.0052,24.95,25.04,15734,17815,1.967,2.227,5.9,6.681,742,742,75,75,0,0,0,0,,,,,,,,,,,,,,,,,0.0,0.0,0,0,1519.2,1269.2,0.9015,1.1216,1,1,0
2026-09-28T22:23:13.873847+09:00,112300534,cc3d2640,2026-09-28T22:23:13.873847+09:00,2026-09-28T22:23:13.956343+09:00,rail-left-01,rail-right-01,0.6.7-draft,0.6.7-draft,mqtt,mqtt,1364.62,1097.48,6.201,6.169,0.022,0.063,0.378,-0.154,10.364,9.662,-0.0657,0.0317,0.036,0.0585,-0.0044,-0.0061,24.96,25.03,15767,17830,1.971,2.229,5.913,6.686,743,743,75,75,0,0,0,0,,,,,,,,,,,,,,,,,0.0,0.0,0,0,1520.3,1270.3,0.9015,1.1216,1,1,0
2026-09-28T22:23:13.893794+09:00,112320481,cc3d2640,2026-09-28T22:23:13.893794+09:00,2026-09-28T22:23:13.976290+09:00,rail-left-01,rail-right-01,0.6.7-draft,0.6.7-draft,mqtt,mqtt,1365.86,1098.43,6.194,6.181,0.087,0.08,0.072,-0.237,10.399,9.722,-0.0652,0.0344,0.0377,0.0584,-0.0043,0.0008,24.96,25.03,15750,17858,1.969,2.232,5.906,6.697,744,744,75,75,0,0,0,0,,,,,,,,,,,,,,,,,0.0,0.0,0,0,1521.4,1271.4,0.9015,1.1216,1,1,0
2026-09-28T22:23:13.913847+09:00,112340534,cc3d2640,2026-09-28T22:23:13.913847+09:00,2026-09-28T22:23:13.996343+09:00,rail-left-01,rail-right-01,0.6.7-draft,0.6.7-draft,mqtt,mqtt,1367.05,1099.37,6.175,6.196,0.024,0.031,0.136,-0.309,10.466,9.736,-0.0605,0.033,0.0421,0.0606,-0.0063,-0.0064,24.95,25.05,15703,17891,1.963,2.236,5.889,6.709,745,745,75,75,0,0,0,0,,,,,,,,,,,,,,,,,0.0,0.0,0,0,1522.5,1272.5,0.9015,1.1216,1,1,0
2026-09-28T22:23:13.933815+09:00,112360502,cc3d2640,2026-09-28T22:23:13.933815+09:00,2026-09-28T22:23:14.016311+09:00,rail-left-01,rail-right-01,0.6.7-draft,0.6.7-draft,mqtt,mqtt,1368.3,1100.31,6.169,6.195,0.041,0.071,-0.049,-0.116,10.326,9.565,-0.0597,0.0342,0.0357,0.0557,-0.0033,-0.0028,24.96,25.03,15688,17888,1.961,2.236,5.883,6.708,746,746,75,75,0,0,0,0,,,,,,,,,,,,,,,,,0.0,0.0,0,0,1523.6,1273.6,0.9015,1.1216,1,1,0
2026-09-28T22:23:13.953868+09:00,112380555,cc3d2640,2026-09-28T22:23:13.953868+09:00,2026-09-28T22:23:14.036364+09:00,rail-left-01,rail-right-01,0.6.7-draft,0.6.7-draft,mqtt,mqtt,1369.49,1101.26,6.156,6.172,0.026,0.086,0.018,-0.512,10.37,9.674,-0.0569,0.0386,0.0366,0.0541,-0.0057,-0.0059,24.93,25.04,15654,17838,1.957,2.23,5.87,6.689,747,747,75,75,0,0,0,0,,,,,,,,,,,,,,,,,0.0,0.0,0,0,1524.7,1274.7,0.9015,1.1216,1,1,0
2026-09-28T22:23:13.973827+09:00,112400514,cc3d2640,2026-09-28T22:23:13.973827+09:00,2026-09-28T22:23:14.056323+09:00,rail-left-01,rail-right-01,0.6.7-draft,0.6.7-draft,mqtt,mqtt,1370.73,1102.25,6.087,6.109,0.041,0.091,-0.111,-0.199,10.348,9.632,-0.0525,0.0486,0.0398,0.0663,-0.0099,-0.0124,24.97,25.04,15484,17698,1.936,2.212,5.807,6.637,748,748,75,75,0,0,0,0,,,,,,,,,,,,,,,,,0.0,0.0,0,0,1525.8,1275.8,0.9015,1.1216,1,1,0
2026-09-28T22:23:13.993822+09:00,112420509,cc3d2640,2026-09-28T22:23:13.993822+09:00,2026-09-28T22:23:14.076318+09:00,rail-left-01,rail-right-01,0.6.7-draft,0.6.7-draft,mqtt,mqtt,1371.93,1103.2,5.992,6.03,-0.099,-0.129,-0.071,-0.63,10.479,9.534,-0.0485,0.0536,0.0338,0.0586,-0.008,0.0012,24.96,25.05,15227,17523,1.903,2.19,5.71,6.571,749,749,75,75,0,0,0,0,,,,,,,,,,,,,,,,,0.0,0.0,0,0,1526.9,1276.9,0.9015,1.1216,1,1,0
2026-09-28T22:23:14.014054+09:00,112440741,cc3d2640,2026-09-28T22:23:14.014054+09:00,2026-09-28T22:23:14.096550+09:00,rail-left-01,rail-right-01,0.6.7-draft,0.6.7-draft,mqtt,mqtt,1373.17,1104.19,5.916,5.943,0.119,0.053,0.189,-0.281,10.487,9.687,-0.0412,0.0626,0.0398,0.0513,-0.0052,0.0045,24.96,25.03,14855,17180,1.857,2.148,5.571,6.443,750,750,75,75,0,0,0,0,,,,,,,,,,,,,,,,,0.0,0.0,0,0,1528.0,1278.0,0.9015,1.1216,1,1,0
2026-09-28T22:23:14.152166+09:00,112621389,cc3d2640,2026-09-28T22:23:14.152166+09:00,2026-09-28T22:23:14.248268+09:00,rail-left-01,rail-right-01,0.6.7-draft,0.6.7-draft,mqtt,mqtt,1384.36,1112.94,5.863,5.904,3.361,-2.237,5.101,2.574,4.417,19.613,0.583,0.4587,0.306,-0.0153,0.0849,-0.0097,24.96,25.03,14593,16994,1.824,2.124,5.472,6.373,751,751,76,76,0,0,4,4,,,,,,,,,,,,,,,,,0.0,0.0,0,0,1538.1,1288.1,0.9015,1.1216,1,1,0
2026-09-28T22:23:14.172269+09:00,112641492,cc3d2640,2026-09-28T22:23:14.172269+09:00,2026-09-28T22:23:14.268371+09:00,rail-left-01,rail-right-01,0.6.7-draft,0.6.7-draft,mqtt,mqtt,1385.65,1113.89,0.208,0.02,-0.4,-1.549,0.409,0.661,1.062,3.136,-0.1471,-0.0963,0.7802,-0.0723,0.0103,-0.0642,24.95,25.03,28,17,0.004,0.002,0.011,0.006,752,752,76,76,0,0,4,4,,,,,,,,,,,,,,,,,0.0,0.0,0,0,1539.2,1289.2,0.9015,1.1216,0,1,0
2026-09-28T22:23:14.192189+09:00,112661412,cc3d2640,2026-09-28T22:23:14.192189+09:00,2026-09-28T22:23:14.288291+09:00,rail-left-01,rail-right-01,0.6.7-draft,0.6.7-draft,mqtt,mqtt,1386.84,1114.78,0.0,0.023,-1.566,-2.417,6.563,3.141,16.831,17.62,-0.0354,-0.0161,0.1632,0.1073,-0.0173,-0.0578,24.95,25.04,-346,18,-0.043,0.002,-0.13,0.007,753,753,76,76,0,0,4,4,,,,,,,,,,,,,,,,,0.0,0.0,0,0,1540.3,1290.3,0.9015,1.1216,0,1,0
2026-09-28T22:23:14.212259+09:00,112681482,cc3d2640,2026-09-28T22:23:14.212259+09:00,2026-09-28T22:23:14.308360+09:00,rail-left-01,rail-right-01,0.6.7-draft,0.6.7-draft,mqtt,mqtt,1387.98,1115.63,0.787,0.026,1.713,0.806,2.946,2.059,7.132,18.519,-0.137,0.0694,-0.2455,0.1988,-0.0372,-0.0156,24.96,25.05,180,19,0.023,0.002,0.068,0.007,754,754,76,76,0,0,4,4,,,,,,,,,,,,,,,,,0.0,0.0,0,0,1541.3,1291.3,0.9015,1.1216,0,1,0
2026-09-28T22:23:14.232334+09:00,112701557,cc3d2640,2026-09-28T22:23:14.232334+09:00,2026-09-28T22:23:14.328436+09:00,rail-left-01,rail-right-01,0.6.7-draft,0.6.7-draft,mqtt,mqtt,1389.13,1116.47,0.387,0.023,1.264,-0.283,0.636,-0.391,5.292,12.501,-0.0341,0.0031,0.1018,0.0875,-0.0076,-0.014,24.93,25.05,75,18,0.009,0.002,0.028,0.007,755,755,76,76,0,0,4,4,,,,,,,,,,,,,,,,,0.0,0.0,0,0,1542.4,1292.4,0.9015,1.1216,0,1,0
2026-09-28T22:23:14.252301+09:00,112721524,cc3d2640,2026-09-28T22:23:14.252301+09:00,2026-09-28T22:23:14.348402+09:00,rail-left-01,rail-right-01,0.6.7-draft,0.6.7-draft,mqtt,mqtt,1390.27,1117.27,0.288,0.02,0.709,0.669,-0.134,-0.852,7.192,9.913,-0.0877,0.0545,-0.0005,0.1176,0.0016,-0.0056,24.97,25.03,49,17,0.006,0.002,0.018,0.006,756,756,76,76,0,0,4,4,,,,,,,,,,,,,,,,,0.0,0.0,0,0,1543.4,1293.4,0.9015,1.1216,0,1,0
2026-09-28T22:23:14.272333+09:00,112741556,cc3d2640,2026-09-28T22:23:14.272333+09:00,2026-09-28T22:23:14.368435+09:00,rail-left-01,rail-right-01,0.6.7-draft,0.6.7-draft,mqtt,mqtt,1391.32,1118.01,0.497,0.02,0.026,0.742,0.625,0.913,9.728,9.214,-0.0518,0.0209,0.0843,0.0418,-0.0047,-0.0312,24.95,25.05,104,17,0.013,0.002,0.039,0.006,757,757,76,76,0,0,4,4,,,,,,,,,,,,,,,,,0.0,0.0,0,0,1544.3,1294.3,0.9015,1.1216,0,1,0
2026-09-28T22:23:14.292358+09:00,112761581,cc3d2640,2026-09-28T22:23:14.292358+09:00,2026-09-28T22:23:14.388460+09:00,rail-left-01,rail-right-01,0.6.7-draft,0.6.7-draft,mqtt,mqtt,1392.36,1118.71,0.189,0.017,-0.411,-0.339,0.572,-0.541,10.785,9.566,-0.0589,0.029,0.0634,0.0522,-0.0338,0.0053,24.95,25.04,23,16,0.003,0.002,0.009,0.006,758,758,76,76,0,0,4,4,,,,,,,,,,,,,,,,,0.0,0.0,0,0,1545.3,1295.3,0.9015,1.1216,0,1,0
2026-09-28T22:23:14.312260+09:00,112781483,cc3d2640,2026-09-28T22:23:14.312260+09:00,2026-09-28T22:23:14.408361+09:00,rail-left-01,rail-right-01,0.6.7-draft,0.6.7-draft,mqtt,mqtt,1393.35,1119.41,0.197,0.017,0.26,0.207,0.594,0.303,10.949,9.467,-0.0542,0.0305,0.0598,0.0598,0.0195,-0.0075,24.97,25.03,25,16,0.003,0.002,0.009,0.006,759,759,76,76,0,0,4,4,,,,,,,,,,,,,,,,,0.0,0.0,0,0,1546.2,1296.2,0.9015,1.1216,0,1,0
2026-09-28T22:23:14.332607+09:00,112801830,cc3d2640,2026-09-28T22:23:14.332607+09:00,2026-09-28T22:23:14.428709+09:00,rail-left-01,rail-right-01,0.6.7-draft,0.6.7-draft,mqtt,mqtt,1394.35,1120.05,0.216,0.017,0.311,0.152,0.235,0.49,10.919,10.318,-0.0715,0.0241,0.0252,0.0556,-0.0228,-0.0045,24.94,25.04,30,16,0.004,0.002,0.011,0.006,760,760,76,76,0,0,4,4,,,,,,,,,,,,,,,,,0.0,0.0,0,0,1547.1,1297.1,0.9015,1.1216,0,1,0
2026-09-28T22:23:14.521595+09:00,112956409,cc3d2640,2026-09-28T22:23:14.521595+09:00,2026-09-28T22:23:14.603148+09:00,rail-left-01,rail-right-01,0.6.7-draft,0.6.7-draft,mqtt,mqtt,1400.76,1123.83,0.159,0.02,-0.172,-0.152,0.484,0.055,10.376,10.058,-0.0637,0.0272,0.0409,0.0572,0.0003,-0.0047,24.95,25.02,15,17,0.002,0.002,0.006,0.006,761,761,77,77,0,0,4,4,,,,,,,,,,,,,,,,,0.0,0.0,0,0,1552.8,1302.8,0.9015,1.1216,0,1,0
2026-09-28T22:23:14.541646+09:00,112976460,cc3d2640,2026-09-28T22:23:14.541646+09:00,2026-09-28T22:23:14.623198+09:00,rail-left-01,rail-right-01,0.6.7-draft,0.6.7-draft,mqtt,mqtt,1401.46,1124.23,0.166,0.017,0.221,0.254,0.45,0.166,10.376,9.793,-0.0612,0.0317,0.042,0.0532,-0.0027,-0.0093,24.99,25.04,17,16,0.002,0.002,0.006,0.006,762,762,77,77,0,0,4,4,,,,,,,,,,,,,,,,,0.0,0.0,0,0,1553.5,1303.5,0.9015,1.1216,0,1,0
2026-09-28T22:23:14.561784+09:00,112996598,cc3d2640,2026-09-28T22:23:14.561784+09:00,2026-09-28T22:23:14.643336+09:00,rail-left-01,rail-right-01,0.6.7-draft,0.6.7-draft,mqtt,mqtt,1402.15,1124.53,0.166,0.023,-0.025,-0.081,0.293,0.079,10.314,9.804,-0.062,0.0276,0.0396,0.0574,-0.0093,-0.0085,24.94,25.02,17,18,0.002,0.002,0.006,0.007,763,763,77,77,0,0,4,4,,,,,,,,,,,,,,,,,0.0,0.0,0,0,1554.1,1304.1,0.9015,1.1216,0,1,0
2026-09-28T22:23:14.581785+09:00,113016599,cc3d2640,2026-09-28T22:23:14.581785+09:00,2026-09-28T22:23:14.663337+09:00,rail-left-01,rail-right-01,0.6.7-draft,0.6.7-draft,mqtt,mqtt,1402.8,1124.88,0.288,0.014,0.067,0.067,0.364,0.069,10.404,9.732,-0.0698,0.0324,0.0326,0.0574,-0.0069,-0.0001,24.95,25.04,49,15,0.006,0.002,0.018,0.006,764,764,77,77,0,0,4,4,,,,,,,,,,,,,,,,,0.0,0.0,0,0,1554.7,1304.7,0.9015,1.1216,0,1,0
2026-09-28T22:23:14.601598+09:00,113036412,cc3d2640,2026-09-28T22:23:14.601598+09:00,2026-09-28T22:23:14.683151+09:00,rail-left-01,rail-right-01,0.6.7-draft,0.6.7-draft,mqtt,mqtt,1403.4,1125.12,0.288,0.014,0.029,0.016,0.394,0.102,10.543,9.73,-0.064,0.0288,0.0318,0.0541,-0.0152,-0.0088,24.94,25.04,49,15,0.006,0.002,0.018,0.006,765,765,77,77,0,0,4,4,,,,,,,,,,,,,,,,,0.0,0.0,0,0,1555.2,1305.2,0.9015,1.1216,0,1,0
2026-09-28T22:23:14.621613+09:00,113056427,cc3d2640,2026-09-28T22:23:14.621613+09:00,2026-09-28T22:23:14.703165+09:00,rail-left-01,rail-right-01,0.6.7-draft,0.6.7-draft,mqtt,mqtt,1403.99,1125.42,0.269,0.017,-0.008,0.023,0.311,-0.017,10.414,9.882,-0.0681,0.0322,0.0361,0.0593,-0.0044,0.0011,24.96,25.03,44,16,0.006,0.002,0.017,0.006,766,766,77,77,0,0,4,4,,,,,,,,,,,,,,,,,0.0,0.0,0,0,1555.8,1305.8,0.9015,1.1216,0,1,0
2026-09-28T22:23:14.641665+09:00,113076479,cc3d2640,2026-09-28T22:23:14.641665+09:00,2026-09-28T22:23:14.723217+09:00,rail-left-01,rail-right-01,0.6.7-draft,0.6.7-draft,mqtt,mqtt,1404.59,1125.67,0.284,0.014,0.065,0.13,0.527,0.153,10.411,9.735,-0.0581,0.0294,0.0385,0.056,-0.0089,-0.0095,24.97,25.06,48,15,0.006,0.002,0.018,0.006,767,767,77,77,0,0,4,4,,,,,,,,,,,,,,,,,0.0,0.0,0,0,1556.3,1306.3,0.9015,1.1216,0,1,0
2026-09-28T22:23:14.661727+09:00,113096541,cc3d2640,2026-09-28T22:23:14.661727+09:00,2026-09-28T22:23:14.743279+09:00,rail-left-01,rail-right-01,0.6.7-draft,0.6.7-draft,mqtt,mqtt,1405.14,1125.87,0.284,0.02,-0.056,-0.068,0.294,0.024,10.536,9.857,-0.0677,0.0296,0.039,0.055,-0.0076,-0.0027,24.99,25.06,48,17,0.006,0.002,0.018,0.006,768,768,77,77,0,0,4,4,,,,,,,,,,,,,,,,,0.0,0.0,0,0,1556.8,1306.8,0.9015,1.1216,0,1,0
2026-09-28T22:23:14.681625+09:00,113116439,cc3d2640,2026-09-28T22:23:14.681625+09:00,2026-09-28T22:23:14.763177+09:00,rail-left-01,rail-right-01,0.6.7-draft,0.6.7-draft,mqtt,mqtt,1405.68,1126.07,0.277,0.023,0.162,0.213,0.441,0.085,10.442,9.705,-0.064,0.0296,0.04,0.0546,-0.0087,-0.0073,24.94,25.04,46,18,0.006,0.002,0.017,0.007,769,769,77,77,0,0,4,4,,,,,,,,,,,,,,,,,0.0,0.0,0,0,1557.3,1307.3,0.9015,1.1216,0,1,0
2026-09-28T22:23:14.701824+09:00,113136638,cc3d2640,2026-09-28T22:23:14.701824+09:00,2026-09-28T22:23:14.783376+09:00,rail-left-01,rail-right-01,0.6.7-draft,0.6.7-draft,mqtt,mqtt,1406.18,1126.27,0.269,0.02,-0.051,-0.001,0.273,-0.01,10.416,9.74,-0.0642,0.0298,0.0366,0.0557,-0.0103,-0.0056,24.96,25.03,44,17,0.006,0.002,0.017,0.006,770,770,77,77,0,0,4,4,,,,,,,,,,,,,,,,,0.0,0.0,0,0,1557.7,1307.7,0.9015,1.1216,0,1,0
2026-09-28T22:23:14.832069+09:00,113305441,cc3d2640,2026-09-28T22:23:14.832069+09:00,2026-09-28T22:23:14.868440+09:00,rail-left-01,rail-right-01,0.6.7-draft,0.6.7-draft,mqtt,mqtt,1409.56,1126.96,0.261,0.02,0.067,0.054,0.419,0.038,10.453,9.753,-0.0659,0.033,0.0412,0.0558,-0.0048,-0.004,24.97,25.05,42,17,0.005,0.002,0.016,0.006,771,771,78,78,0,0,4,4,,,,,,,,,,,,,,,,,0.0,0.0,0,0,1560.8,1310.8,0.9015,1.1216,0,1,0
2026-09-28T22:23:14.852242+09:00,113325614,cc3d2640,2026-09-28T22:23:14.852242+09:00,2026-09-28T22:23:14.888613+09:00,rail-left-01,rail-right-01,0.6.7-draft,0.6.7-draft,mqtt,mqtt,1409.86,1126.96,0.273,0.023,0.035,0.084,0.405,0.117,10.445,9.695,-0.0671,0.0324,0.0389,0.0554,-0.0088,-0.0072,24.96,25.02,45,18,0.006,0.002,0.017,0.007,772,772,78,78,0,0,4,4,,,,,,,,,,,,,,,,,0.0,0.0,0,0,1561.0,1311.0,0.9015,1.1216,0,1,0
2026-09-28T22:23:14.872192+09:00,113345564,cc3d2640,2026-09-28T22:23:14.872192+09:00,2026-09-28T22:23:14.908563+09:00,rail-left-01,rail-right-01,0.6.7-draft,0.6.7-draft,mqtt,mqtt,1410.16,1126.96,0.273,0.011,0.056,0.054,0.415,0.014,10.46,9.726,-0.0693,0.0324,0.0378,0.0556,-0.0087,-0.006,24.97,25.04,45,14,0.006,0.002,0.017,0.005,773,773,78,78,0,0,4,4,,,,,,,,,,,,,,,,,0.0,0.0,0,0,1561.3,1311.3,0.9015,1.1216,0,1,0
2026-09-28T22:23:14.892244+09:00,113365616,cc3d2640,2026-09-28T22:23:14.892244+09:00,2026-09-28T22:23:14.928615+09:00,rail-left-01,rail-right-01,0.6.7-draft,0.6.7-draft,mqtt,mqtt,1410.41,1126.96,0.258,0.02,0.053,0.066,0.408,0.069,10.438,9.705,-0.0661,0.0329,0.0382,0.0552,-0.0088,-0.0052,24.95,25.03,41,17,0.005,0.002,0.015,0.006,774,774,78,78,0,0,4,4,,,,,,,,,,,,,,,,,0.0,0.0,0,0,1561.5,1311.5,0.9015,1.1216,0,1,0
2026-09-28T22:23:14.912092+09:00,113385464,cc3d2640,2026-09-28T22:23:14.912092+09:00,2026-09-28T22:23:14.948463+09:00,rail-left-01,rail-right-01,0.6.7-draft,0.6.7-draft,mqtt,mqtt,1410.66,1126.96,0.265,0.014,0.04,0.043,0.358,0.054,10.484,9.704,-0.0648,0.0309,0.0388,0.0558,-0.0091,-0.0065,24.95,25.03,43,15,0.005,0.002,0.016,0.006,775,775,78,78,0,0,4,4,,,,,,,,,,,,,,,,,0.0,0.0,0,0,1561.8,1311.8,0.9015,1.1216,0,1,0
2026-09-28T22:23:14.933128+09:00,113406500,cc3d2640,2026-09-28T22:23:14.933128+09:00,2026-09-28T22:23:14.969499+09:00,rail-left-01,rail-right-01,0.6.7-draft,0.6.7-draft,mqtt,mqtt,1410.9,1126.96,0.28,0.02,0.012,0.036,0.409,0.087,10.451,9.728,-0.0646,0.0326,0.0394,0.0554,-0.0089,-0.0059,24.95,25.03,47,17,0.006,0.002,0.018,0.006,776,776,78,78,0,0,4,4,,,,,,,,,,,,,,,,,0.0,0.0,0,0,1562.0,1312.0,0.9015,1.1216,0,1,0
2026-09-28T22:23:14.953233+09:00,113426605,cc3d2640,2026-09-28T22:23:14.953233+09:00,2026-09-28T22:23:14.989604+09:00,rail-left-01,rail-right-01,0.6.7-draft,0.6.7-draft,mqtt,mqtt,1411.1,1126.96,0.273,0.014,0.061,0.062,0.357,0.047,10.471,9.681,-0.0654,0.0324,0.0392,0.055,-0.0079,-0.0065,24.96,25.03,45,15,0.006,0.002,0.017,0.006,777,777,78,78,0,0,4,4,,,,,,,,,,,,,,,,,0.0,0.0,0,0,1562.2,1312.2,0.9015,1.1216,0,1,0
2026-09-28T22:23:14.972168+09:00,113445540,cc3d2640,2026-09-28T22:23:14.972168+09:00,2026-09-28T22:23:15.008539+09:00,rail-left-01,rail-right-01,0.6.7-draft,0.6.7-draft,mqtt,mqtt,1411.3,1126.96,0.269,0.017,0.061,0.069,0.401,0.045,10.449,9.711,-0.0637,0.0329,0.0412,0.0569,-0.0072,-0.0045,24.95,25.01,44,16,0.006,0.002,0.017,0.006,778,778,78,78,0,0,4,4,,,,,,,,,,,,,,,,,0.0,0.0,0,0,1562.3,1312.3,0.9015,1.1216,0,1,0
2026-09-28T22:23:14.992212+09:00,113465584,cc3d2640,2026-09-28T22:23:14.992212+09:00,2026-09-28T22:23:15.028583+09:00,rail-left-01,rail-right-01,0.6.7-draft,0.6.7-draft,mqtt,mqtt,1411.5,1126.96,0.273,0.02,0.032,0.078,0.37,0.048,10.481,9.706,-0.0645,0.0312,0.0388,0.055,-0.0092,-0.0063,24.96,25.03,45,17,0.006,0.002,0.017,0.006,779,779,78,78,0,0,4,4,,,,,,,,,,,,,,,,,0.0,0.0,0,0,1562.5,1312.5,0.9015,1.1216,0,1,0
2026-09-28T22:23:15.012090+09:00,113485462,cc3d2640,2026-09-28T22:23:15.012090+09:00,2026-09-28T22:23:15.048461+09:00,rail-left-01,rail-right-01,0.6.7-draft,0.6.7-draft,mqtt,mqtt,1411.65,1126.96,0.28,0.014,0.035,0.056,0.39,0.091,10.461,9.705,-0.0641,0.0333,0.0397,0.0566,-0.0073,-0.0055,24.94,25.02,47,15,0.006,0.002,0.018,0.006,780,780,78,78,0,0,4,4,,,,,,,,,,,,,,,,,0.0,0.0,0,0,1562.7,1312.7,0.9015,1.1216,0,1,0
2026-09-28T22:23:15.116828+09:00,113573435,cc3d2640,2026-09-28T22:23:15.116828+09:00,2026-09-28T22:23:15.154928+09:00,rail-left-01,rail-right-01,0.6.7-draft,0.6.7-draft,mqtt,mqtt,1412.2,1126.96,0.254,0.017,0.044,0.032,0.391,0.074,10.455,9.704,-0.0666,0.0301,0.038,0.0562,-0.0095,-0.0055,24.96,25.04,40,16,0.005,0.002,0.015,0.006,781,781,79,79,0,0,4,4,,,,,,,,,,,,,,,,,0.0,0.0,0,0,1563.2,1313.2,0.9015,1.1216,0,1,0
2026-09-28T22:23:15.136860+09:00,113593467,cc3d2640,2026-09-28T22:23:15.136860+09:00,2026-09-28T22:23:15.174960+09:00,rail-left-01,rail-right-01,0.6.7-draft,0.6.7-draft,mqtt,mqtt,1412.3,1126.96,0.151,0.011,0.071,0.067,0.388,0.02,10.484,9.695,-0.0661,0.0329,0.0401,0.0564,-0.0079,-0.0056,24.97,25.02,13,14,0.002,0.002,0.005,0.005,782,782,79,79,0,0,4,4,,,,,,,,,,,,,,,,,0.0,0.0,0,0,1563.2,1313.2,0.9015,1.1216,0,1,0
2026-09-28T22:23:15.156907+09:00,113613514,cc3d2640,2026-09-28T22:23:15.156907+09:00,2026-09-28T22:23:15.195006+09:00,rail-left-01,rail-right-01,0.6.7-draft,0.6.7-draft,mqtt,mqtt,1412.35,1126.96,0.143,0.014,0.079,0.097,0.441,0.067,10.418,9.707,-0.0655,0.0316,0.0388,0.0566,-0.0091,-0.0052,24.96,25.04,11,15,0.001,0.002,0.004,0.006,783,783,79,79,0,0,4,4,,,,,,,,,,,,,,,,,0.0,0.0,0,0,1563.3,1313.3,0.9015,1.1216,0,1,0
2026-09-28T22:23:15.176910+09:00,113633517,cc3d2640,2026-09-28T22:23:15.176910+09:00,2026-09-28T22:23:15.215010+09:00,rail-left-01,rail-right-01,0.6.7-draft,0.6.7-draft,mqtt,mqtt,1412.45,1126.96,0.151,0.017,0.025,0.068,0.352,0.049,10.47,9.708,-0.0655,0.0309,0.038,0.0572,-0.0073,-0.0063,24.97,25.04,13,16,0.002,0.002,0.005,0.006,784,784,79,79,0,0,4,4,,,,,,,,,,,,,,,,,0.0,0.0,0,0,1563.4,1313.4,0.9015,1.1216,0,1,0
2026-09-28T22:23:15.196859+09:00,113653466,cc3d2640,2026-09-28T22:23:15.196859+09:00,2026-09-28T22:23:15.234959+09:00,rail-left-01,rail-right-01,0.6.7-draft,0.6.7-draft,mqtt,mqtt,1412.5,1126.96,0.162,0.014,0.089,0.113,0.394,0.066,10.433,9.676,-0.0657,0.033,0.0388,0.0566,-0.0088,-0.0056,24.96,25.03,16,15,0.002,0.002,0.006,0.006,785,785,79,79,0,0,4,4,,,,,,,,,,,,,,,,,0.0,0.0,0,0,1563.4,1313.4,0.9015,1.1216,0,1,0
2026-09-28T22:23:15.217696+09:00,113674303,cc3d2640,2026-09-28T22:23:15.217696+09:00,2026-09-28T22:23:15.255796+09:00,rail-left-01,rail-right-01,0.6.7-draft,0.6.7-draft,mqtt,mqtt,1412.55,1126.96,0.159,0.014,0.022,0.065,0.341,0.02,10.44,9.712,-0.0659,0.0317,0.0378,0.0557,-0.0075,-0.0067,24.96,25.02,15,15,0.002,0.002,0.006,0.006,786,786,79,79,0,0,4,4,,,,,,,,,,,,,,,,,0.0,0.0,0,0,1563.5,1313.5,0.9015,1.1216,0,1,0
2026-09-28T22:23:15.237580+09:00,113694187,cc3d2640,2026-09-28T22:23:15.237580+09:00,2026-09-28T22:23:15.275680+09:00,rail-left-01,rail-right-01,0.6.7-draft,0.6.7-draft,mqtt,mqtt,1412.55,1126.96,0.158,0.015,0.06,0.077,0.376,0.049,10.479,9.689,-0.065,0.0321,0.0384,0.0546,-0.0081,-0.0041,24.97,25.01,14,18,0.002,0.002,0.005,0.007,787,787,79,79,0,0,4,4,,,,,,,,,,,,,,,,,0.0,0.0,0,0,1563.5,1313.5,0.9015,1.1216,0,1,0
2026-09-28T22:23:15.256853+09:00,113713460,cc3d2640,2026-09-28T22:23:15.256853+09:00,2026-09-28T22:23:15.294953+09:00,rail-left-01,rail-right-01,0.6.7-draft,0.6.7-draft,mqtt,mqtt,1412.55,1126.96,0.159,0.014,0.024,0.032,0.389,0.05,10.445,9.726,-0.0653,0.0332,0.039,0.0558,-0.008,-0.0067,24.98,25.02,16,13,0.002,0.002,0.006,0.005,788,788,79,79,0,0,4,4,,,,,,,,,,,,,,,,,0.0,0.0,0,0,1563.5,1313.5,0.9015,1.1216,0,1,0
