time,uptime_us,boot_id,time_left,time_right,left_device_id,right_device_id,left_firmware_version,right_firmware_version,left_source,right_source,left_position_mm,right_position_mm,left_sensor_distance_mm,right_sensor_distance_mm,left_mpu_accel_x,right_mpu_accel_x,left_mpu_accel_y,right_mpu_accel_y,left_mpu_accel_z,right_mpu_accel_z,left_mpu_gyro_x,right_mpu_gyro_x,left_mpu_gyro_y,right_mpu_gyro_y,left_mpu_gyro_z,right_mpu_gyro_z,left_mpu_temp_c,right_mpu_temp_c,left_adc_raw,right_adc_raw,left_adc_voltage_v,right_adc_voltage_v,left_sensor_voltage_v,right_sensor_voltage_v,left_sample_seq,right_sample_seq,left_batch_seq,right_batch_seq,left_dropped_batches,right_dropped_batches,left_status_flags,right_status_flags,left_tilt_deg,right_tilt_deg,left_roll_deg,right_roll_deg,left_delta_mm,right_delta_mm,left_distance_delta_mm,right_distance_delta_mm,left_m_mm,right_m_mm,left_dm_dx,right_dm_dx,left_ddelta_dx,right_ddelta_dx,left_apeak,right_apeak,left_magnitude_mm,right_magnitude_mm,left_abnormal_score,right_abnormal_score,rail_x_mm,rear_wheel_x_mm,encoder_scale_left,encoder_scale_right,sensor_valid,analysis_window,joint_marker
2026-09-28T22:36:00.155433+09:00,47398532,9d29af73,2026-09-28T22:36:00.155433+09:00,2026-09-28T22:36:00.246049+09:00,rail-left-01,rail-right-01,0.6.7-draft,0.6.7-draft,mqtt,mqtt,0.0,0.0,6.212,6.709,-0.013,0.001,0.055,-0.254,10.404,9.706,-0.0645,0.031,0.0382,0.0572,-0.0079,-0.0063,24.96,24.9,15794,19029,1.974,2.379,5.923,7.136,1,1,1,1,0,0,0,0,,-0.02561277,,-0.02561277,,-0.56736649,,-0.56736649,,0.45918917,,0.0,,0.0,,0.62035,0.0,0.38077529,0,0,289.6,39.6,0.8477,1.0788,1,1,0
2026-09-28T22:36:00.175298+09:00,47418396,9d29af73,2026-09-28T22:36:00.175298+09:00,2026-09-28T22:36:00.265913+09:00,rail-left-01,rail-right-01,0.6.7-draft,0.6.7-draft,mqtt,mqtt,0.1,0.1,6.141,6.709,0.013,0.032,0.079,-0.237,10.483,9.789,-0.0649,0.0312,0.0388,0.057,-0.0088,-0.0075,24.99,24.88,15618,19028,1.952,2.379,5.857,7.136,2,2,1,1,0,0,0,0,,0.01836958,,0.01836958,,-0.56736649,,-0.56736649,,0.45918917,,0.0,,0.0,,0.62035,0.0,0.38077529,0,0,289.6,39.6,0.8477,1.0788,1,1,0
2026-09-28T22:36:00.195340+09:00,47438438,9d29af73,2026-09-28T22:36:00.195340+09:00,2026-09-28T22:36:00.285955+09:00,rail-left-01,rail-right-01,0.6.7-draft,0.6.7-draft,mqtt,mqtt,0.35,0.3,6.113,6.707,-0.028,-0.036,0.047,-0.255,10.455,9.761,-0.0646,0.032,0.0388,0.0564,-0.0076,-0.0055,24.99,24.88,15547,19025,1.943,2.378,5.83,7.134,3,3,1,1,0,0,0,0,,-0.03127124,,-0.03127124,,-0.56669983,,-0.56669983,,0.45885584,,-0.00714286,,0.01428571,,0.62035,0.0,0.38075774,0,0,289.8,39.8,0.8477,1.0788,1,1,0
2026-09-28T22:36:00.215395+09:00,47458493,9d29af73,2026-09-28T22:36:00.215395+09:00,2026-09-28T22:36:00.306010+09:00,rail-left-01,rail-right-01,0.6.7-draft,0.6.7-draft,mqtt,mqtt,0.7,0.55,6.112,6.707,0.044,0.05,-1.07,-1.038,10.382,9.657,-0.0646,0.0289,0.0405,0.0637,-0.012,-0.0199,24.97,24.87,15546,19024,1.943,2.378,5.83,7.134,4,4,1,1,0,0,0,0,,0.00507461,,0.00507461,,-0.56636649,,-0.56636649,,0.45868917,,-0.00424028,,0.00848057,,0.62035,0.0,0.38074897,0,0,290.1,40.1,0.8477,1.0788,1,1,0
2026-09-28T22:36:00.236349+09:00,47479448,9d29af73,2026-09-28T22:36:00.236349+09:00,2026-09-28T22:36:00.326966+09:00,rail-left-01,rail-right-01,0.6.7-draft,0.6.7-draft,mqtt,mqtt,1.14,0.89,6.11,6.698,0.029,0.074,-0.461,-0.93,10.56,9.627,-0.0669,0.0344,0.037,0.0473,-0.0041,0.0075,24.99,24.88,15541,19004,1.943,2.376,5.828,7.127,5,5,1,1,0,0,0,0,,0.04063012,,0.04063012,,-0.56436649,,-0.56436649,,0.45768917,,-0.01153668,,0.02307336,,0.62035,0.0,0.38069634,0,0,290.5,40.5,0.8477,1.0788,1,1,0
2026-09-28T22:36:00.256261+09:00,47499359,9d29af73,2026-09-28T22:36:00.256261+09:00,2026-09-28T22:36:00.346877+09:00,rail-left-01,rail-right-01,0.6.7-draft,0.6.7-draft,mqtt,mqtt,1.59,1.29,6.119,6.665,-0.075,-0.124,-0.042,-0.277,10.445,9.785,-0.0646,0.0314,0.0357,0.0488,-0.0073,-0.0007,25.0,24.89,15562,18931,1.945,2.366,5.836,7.099,6,6,1,1,0,0,0,0,,-0.02944985,,-0.02944985,,-0.55753316,,-0.55753316,,0.4542725,,-0.03056707,,0.06113415,,0.62035,0.0,0.38051651,0,0,290.9,40.9,0.8477,1.0788,1,1,0
2026-09-28T22:36:00.275440+09:00,47518539,9d29af73,2026-09-28T22:36:00.275440+09:00,2026-09-28T22:36:00.366056+09:00,rail-left-01,rail-right-01,0.6.7-draft,0.6.7-draft,mqtt,mqtt,2.14,1.69,6.121,6.644,-0.004,0.066,0.014,-0.275,10.519,9.716,-0.0634,0.0268,0.0377,0.0524,-0.0105,-0.0084,24.96,24.92,15569,18884,1.946,2.361,5.838,7.082,7,7,1,1,0,0,0,0,,-0.00248718,,-0.00248718,,-0.54965221,,-0.54965221,,0.45033203,,-0.03869848,,0.07739697,,0.62035,0.0,0.38030912,0,0,291.4,41.4,0.8477,1.0788,1,1,0
2026-09-28T22:36:00.295309+09:00,47538407,9d29af73,2026-09-28T22:36:00.295309+09:00,2026-09-28T22:36:00.385925+09:00,rail-left-01,rail-right-01,0.6.7-draft,0.6.7-draft,mqtt,mqtt,2.73,2.19,6.111,6.614,-0.079,0.018,0.05,-0.176,10.481,9.746,-0.0663,0.03,0.0322,0.0474,-0.0065,-0.0028,24.98,24.88,15542,18819,1.943,2.352,5.828,7.057,8,8,1,1,0,0,0,0,,0.00066394,,0.00066394,,-0.53999149,,-0.53999149,,0.44550167,,-0.0444675,,0.08893499,,0.62035,0.0,0.38005489,0,0,291.9,41.9,0.8477,1.0788,1,1,0
2026-09-28T22:36:00.315341+09:00,47558440,9d29af73,2026-09-28T22:36:00.315341+09:00,2026-09-28T22:36:00.405957+09:00,rail-left-01,rail-right-01,0.6.7-draft,0.6.7-draft,mqtt,mqtt,3.38,2.68,6.112,6.581,-0.035,-0.04,0.186,-0.468,10.439,9.703,-0.0659,0.0308,0.0358,0.0552,-0.0104,-0.0095,24.98,24.89,15546,18746,1.943,2.343,5.83,7.03,9,9,1,1,0,0,0,0,,-0.01522251,,-0.01522251,,-0.52881094,,-0.52881094,,0.43991139,,-0.04897618,,0.09795236,,0.62035,0.0,0.37976067,0,0,292.4,42.4,0.8477,1.0788,1,1,0
2026-09-28T22:36:00.335813+09:00,47578912,9d29af73,2026-09-28T22:36:00.335813+09:00,2026-09-28T22:36:00.426429+09:00,rail-left-01,rail-right-01,0.6.7-draft,0.6.7-draft,mqtt,mqtt,4.13,3.28,6.121,6.568,-0.01,0.067,0.266,-0.154,10.427,9.73,-0.0629,0.0298,0.0369,0.0552,-0.0109,-0.0123,24.98,24.88,15567,18716,1.946,2.34,5.838,7.019,10,10,1,1,0,0,0,0,,0.00250181,,0.00250181,,-0.51856649,,-0.51856649,,0.43478917,,-0.04804409,,0.09608817,,0.62035,0.0,0.37949107,0,0,293.1,43.1,0.8477,1.0788,1,1,0
2026-09-28T22:36:00.477036+09:00,47735401,9d29af73,2026-09-28T22:36:00.477036+09:00,2026-09-28T22:36:00.567783+09:00,rail-left-01,rail-right-01,0.6.7-draft,0.6.7-draft,mqtt,mqtt,10.74,8.65,6.127,6.568,0.022,0.067,0.006,-0.183,10.627,9.851,-0.0685,0.0313,0.0302,0.0493,-0.0085,-0.0049,24.96,24.89,15583,18716,1.948,2.34,5.844,7.019,11,11,2,2,0,0,0,0,-0.00571696,-0.10079995,-0.00571696,-0.10079995,-0.50963922,-0.31722364,-0.50963922,-0.31722364,0.43087099,0.48716536,-0.01564457,0.01594883,0.03366969,0.0561095,0.82035,0.82035,0.37925615,0.37866473,0,0,298.7,48.7,0.8477,1.0788,1,1,0
2026-09-28T22:36:00.497120+09:00,47755485,9d29af73,2026-09-28T22:36:00.497120+09:00,2026-09-28T22:36:00.587867+09:00,rail-left-01,rail-right-01,0.6.7-draft,0.6.7-draft,mqtt,mqtt,11.73,9.45,6.252,6.544,-0.024,-0.068,0.096,-0.322,10.568,9.811,-0.0659,0.0316,0.0357,0.0528,-0.01,-0.0083,24.98,24.89,15893,18662,1.987,2.333,5.96,6.998,12,12,2,2,0,0,0,0,-0.01608256,-0.0995508,-0.01608256,-0.0995508,-0.49178316,-0.30082104,-0.49178316,-0.30082104,0.43281417,0.49228008,-0.00571423,0.0155401,0.04079089,0.05391962,0.82035,0.82035,0.37878625,0.37879933,0,0,299.5,49.5,0.8477,1.0788,1,1,0
2026-09-28T22:36:00.517126+09:00,47775491,9d29af73,2026-09-28T22:36:00.517126+09:00,2026-09-28T22:36:00.607873+09:00,rail-left-01,rail-right-01,0.6.7-draft,0.6.7-draft,mqtt,mqtt,12.68,10.19,6.306,6.548,0.002,0.068,0.024,-0.158,10.465,9.56,-0.0612,0.0322,0.031,0.0494,-0.0073,-0.0028,24.98,24.88,16028,18672,2.003,2.334,6.01,7.002,13,13,2,2,0,0,0,0,-0.02754314,-0.08156722,-0.02754314,-0.08156722,-0.47252034,-0.28601867,-0.47252034,-0.28601867,0.43653532,0.49703699,-0.00022428,0.01519851,0.04571382,0.05201893,0.82035,0.82035,0.37827933,0.37892451,0,0,300.3,50.3,0.8477,1.0788,1,1,0
2026-09-28T22:36:00.537178+09:00,47795543,9d29af73,2026-09-28T22:36:00.537178+09:00,2026-09-28T22:36:00.627925+09:00,rail-left-01,rail-right-01,0.6.7-draft,0.6.7-draft,mqtt,mqtt,13.67,10.99,6.366,6.543,-0.011,-0.032,-0.065,-0.487,10.27,9.708,-0.0577,0.0326,0.032,0.0509,-0.0093,-0.0055,24.97,24.9,16177,18661,2.022,2.333,6.066,6.998,14,14,2,2,0,0,0,0,-0.03991007,-0.07698762,-0.03991007,-0.07698762,-0.45172364,-0.27224149,-0.45172364,-0.27224149,0.44186774,0.50129334,0.00406329,0.01481906,0.05014594,0.05041727,0.82035,0.82035,0.37773205,0.37903652,0,0,301.1,51.1,0.8477,1.0788,1,1,0
2026-09-28T22:36:00.557409+09:00,47815774,9d29af73,2026-09-28T22:36:00.557409+09:00,2026-09-28T22:36:00.648156+09:00,rail-left-01,rail-right-01,0.6.7-draft,0.6.7-draft,mqtt,mqtt,14.67,11.83,6.403,6.525,0.022,-0.007,-0.124,-0.332,10.455,9.791,-0.0614,0.0317,0.0337,0.0516,-0.0091,-0.0085,24.98,24.89,16270,18620,2.034,2.328,6.101,6.983,15,15,2,2,0,0,0,0,-0.05275421,-0.0699563,-0.05275421,-0.0699563,-0.43123316,-0.25884649,-0.43123316,-0.25884649,0.4477225,0.50484917,0.00719532,0.01432158,0.05314957,0.04918587,0.82035,0.82035,0.37762676,0.37913009,0,0,302.0,52.0,0.8477,1.0788,1,1,0
2026-09-28T22:36:00.577376+09:00,47835741,9d29af73,2026-09-28T22:36:00.577376+09:00,2026-09-28T22:36:00.668123+09:00,rail-left-01,rail-right-01,0.6.7-draft,0.6.7-draft,mqtt,mqtt,15.66,12.63,6.452,6.523,0.048,0.109,0.156,-0.336,10.459,9.752,-0.0626,0.0314,0.0366,0.0529,-0.01,-0.0059,24.97,24.88,16391,18616,2.049,2.327,6.147,6.981,16,16,2,2,0,0,0,0,-0.06580727,-0.05084087,-0.06580727,-0.05084087,-0.41024149,-0.24640495,-0.41024149,-0.24640495,0.45437667,0.50809301,0.00991438,0.01385645,0.05585785,0.0480215,0.82035,0.82035,0.37780187,0.37921546,0,0,302.8,52.8,0.8477,1.0788,1,1,0
2026-09-28T22:36:00.597114+09:00,47855479,9d29af73,2026-09-28T22:36:00.597114+09:00,2026-09-28T22:36:00.687862+09:00,rail-left-01,rail-right-01,0.6.7-draft,0.6.7-draft,mqtt,mqtt,16.71,13.42,6.471,6.525,-0.032,-0.044,-0.035,-0.308,10.457,9.664,-0.0648,0.0321,0.0384,0.0545,-0.0073,-0.0051,24.97,24.89,16439,18621,2.055,2.328,6.165,6.983,17,17,2,2,0,0,0,0,-0.07951343,-0.04916828,-0.07951343,-0.04916828,-0.39060179,-0.23495908,-0.39060179,-0.23495908,0.46080682,0.51113361,0.01183708,0.01344128,0.05728592,0.04686836,0.82035,0.82035,0.37797108,0.37929547,0,0,303.7,53.7,0.8477,1.0788,1,1,0
2026-09-28T22:36:00.617176+09:00,47875541,9d29af73,2026-09-28T22:36:00.617176+09:00,2026-09-28T22:36:00.707923+09:00,rail-left-01,rail-right-01,0.6.7-draft,0.6.7-draft,mqtt,mqtt,17.7,14.27,6.498,6.515,0.066,0.146,0.036,-0.279,10.441,9.732,-0.0685,0.0314,0.032,0.052,-0.0077,-0.0061,25.0,24.91,16506,18598,2.063,2.325,6.19,6.974,18,18,2,2,0,0,0,0,-0.09292352,-0.02840495,-0.09292352,-0.02840495,-0.37164427,-0.22397364,-0.37164427,-0.22397364,0.4672725,0.51377845,0.01336969,0.0129947,0.05821887,0.04584076,0.82035,0.82035,0.37814123,0.37936507,0,0,304.6,54.6,0.8477,1.0788,1,1,0
2026-09-28T22:36:00.637153+09:00,47895518,9d29af73,2026-09-28T22:36:00.637153+09:00,2026-09-28T22:36:00.727900+09:00,rail-left-01,rail-right-01,0.6.7-draft,0.6.7-draft,mqtt,mqtt,18.74,15.11,6.536,6.512,-0.115,-0.115,0.198,-0.316,10.475,9.638,-0.0617,0.0349,0.0366,0.0513,-0.0085,-0.0044,24.97,24.89,16600,18593,2.075,2.324,6.225,6.972,19,19,2,2,0,0,0,0,-0.10720725,-0.0345849,-0.10720725,-0.0345849,-0.35268228,-0.21364235,-0.35268228,-0.21364235,0.47405759,0.51618917,0.01476996,0.01256342,0.05908148,0.04484595,0.82035,0.82035,0.37831979,0.37942851,0,0,305.4,55.4,0.8477,1.0788,1,1,0
2026-09-28T22:36:00.657041+09:00,47915407,9d29af73,2026-09-28T22:36:00.657041+09:00,2026-09-28T22:36:00.747789+09:00,rail-left-01,rail-right-01,0.6.7-draft,0.6.7-draft,mqtt,mqtt,19.79,15.91,6.567,6.498,0.042,0.154,-0.093,-0.245,10.507,9.661,-0.061,0.034,0.0325,0.0509,-0.0109,-0.0069,24.98,24.9,16678,18561,2.085,2.32,6.254,6.96,20,20,2,2,0,0,0,0,-0.12117834,-0.01487194,-0.12117834,-0.01487194,-0.33406649,-0.20353316,-0.33406649,-0.20353316,0.48093917,0.51820584,0.01597149,0.01209855,0.05970937,0.04399363,0.82035,0.82035,0.37850088,0.37948158,0,0,306.3,56.3,0.8477,1.0788,1,1,0
2026-09-28T22:36:00.796456+09:00,48057417,9d29af73,2026-09-28T22:36:00.796456+09:00,2026-09-28T22:36:00.887650+09:00,rail-left-01,rail-right-01,0.6.7-draft,0.6.7-draft,mqtt,mqtt,27.44,22.03,6.574,6.484,0.03,0.069,0.114,-0.293,10.457,9.819,-0.0621,0.0289,0.0384,0.0564,-0.0121,-0.0079,24.98,24.92,16695,18530,2.087,2.316,6.261,6.949,21,21,3,3,0,0,0,0,-0.00565797,0.02522774,-0.00565797,0.02522774,-0.19385036,-0.11148844,-0.19385036,-0.11148844,0.5202053,0.54025014,0.01112187,0.00734835,0.0412775,0.02878032,0.82035,0.82035,0.3795342,0.3800617,0,0,312.8,62.8,0.8477,1.0788,1,1,0
2026-09-28T22:36:00.816562+09:00,48077523,9d29af73,2026-09-28T22:36:00.816562+09:00,2026-09-28T22:36:00.907756+09:00,rail-left-01,rail-right-01,0.6.7-draft,0.6.7-draft,mqtt,mqtt,28.54,22.92,6.638,6.51,0.017,0.028,0.157,-0.247,10.434,9.703,-0.0653,0.033,0.0392,0.0589,-0.0087,-0.0084,24.97,24.89,16854,18587,2.107,2.323,6.32,6.97,22,22,3,3,0,0,0,0,0.00168292,0.0327738,0.00168292,0.0327738,-0.18277274,-0.10655697,-0.18277274,-0.10655697,0.52307979,0.54147488,0.01065525,0.00697595,0.03967556,0.02735118,0.82035,0.82035,0.37960985,0.38009393,0,0,313.7,63.7,0.8477,1.0788,1,1,0
2026-09-28T22:36:00.836590+09:00,48097551,9d29af73,2026-09-28T22:36:00.836590+09:00,2026-09-28T22:36:00.927784+09:00,rail-left-01,rail-right-01,0.6.7-draft,0.6.7-draft,mqtt,mqtt,29.68,23.82,6.646,6.522,-0.001,0.034,-0.054,-0.136,10.539,9.725,-0.0645,0.0317,0.0406,0.057,-0.0079,-0.0068,24.98,24.9,16876,18615,2.11,2.327,6.329,6.981,23,23,3,3,0,0,0,0,0.00728823,0.0403576,0.00728823,0.0403576,-0.17212407,-0.10213393,-0.17212407,-0.10213393,0.52590129,0.54278219,0.01028019,0.0066834,0.03832102,0.02605936,0.82035,0.82035,0.3796841,0.38012833,0,0,314.7,64.7,0.8477,1.0788,1,1,0
2026-09-28T22:36:00.856536+09:00,48117497,9d29af73,2026-09-28T22:36:00.856536+09:00,2026-09-28T22:36:00.947730+09:00,rail-left-01,rail-right-01,0.6.7-draft,0.6.7-draft,mqtt,mqtt,30.78,24.71,6.648,6.524,0.093,0.126,0.011,-0.202,10.428,9.833,-0.0678,0.0302,0.0369,0.0557,-0.0068,-0.0053,24.98,24.9,16880,18618,2.11,2.327,6.33,6.982,24,24,3,3,0,0,0,0,0.01172902,0.05347636,0.01172902,0.05347636,-0.16204296,-0.0979574,-0.16204296,-0.0979574,0.52858623,0.5440528,0.00994948,0.00643069,0.03710826,0.02492175,0.82035,0.82035,0.37975475,0.38016177,0,0,315.6,65.6,0.8477,1.0788,1,1,0
2026-09-28T22:36:00.876572+09:00,48137533,9d29af73,2026-09-28T22:36:00.876572+09:00,2026-09-28T22:36:00.967766+09:00,rail-left-01,rail-right-01,0.6.7-draft,0.6.7-draft,mqtt,mqtt,31.87,25.6,6.642,6.532,-0.126,-0.087,0.157,-0.358,10.465,9.643,-0.064,0.032,0.0426,0.0604,-0.0089,-0.0063,24.97,24.9,16865,18636,2.108,2.33,6.324,6.989,25,25,3,3,0,0,0,0,0.01435528,0.05260576,0.01435528,0.05260576,-0.15270935,-0.09414427,-0.15270935,-0.09414427,0.53103203,0.54535584,0.00962356,0.00622215,0.03594772,0.0238824,0.82035,0.82035,0.37981911,0.38019606,0,0,316.6,66.6,0.8477,1.0788,1,1,0
2026-09-28T22:36:00.896525+09:00,48157486,9d29af73,2026-09-28T22:36:00.896525+09:00,2026-09-28T22:36:00.987719+09:00,rail-left-01,rail-right-01,0.6.7-draft,0.6.7-draft,mqtt,mqtt,33.01,26.45,6.624,6.534,0.085,0.055,-0.059,-0.273,10.41,9.762,-0.0687,0.0314,0.0372,0.0549,-0.0076,-0.0064,24.99,24.89,16819,18640,2.102,2.33,6.307,6.99,26,26,3,3,0,0,0,0,0.01610721,0.06054737,0.01610721,0.06054737,-0.14439427,-0.09054041,-0.14439427,-0.09054041,0.53309195,0.54662395,0.00925991,0.00603811,0.03474263,0.02294975,0.82035,0.82035,0.37987332,0.38022943,0,0,317.5,67.5,0.8477,1.0788,1,1,0
2026-09-28T22:36:00.916658+09:00,48177619,9d29af73,2026-09-28T22:36:00.916658+09:00,2026-09-28T22:36:01.007852+09:00,rail-left-01,rail-right-01,0.6.7-draft,0.6.7-draft,mqtt,mqtt,34.11,27.35,6.623,6.523,0.048,0.136,0.005,-0.116,10.549,9.914,-0.0657,0.0309,0.0392,0.0556,-0.0076,-0.0093,24.97,24.89,16817,18617,2.102,2.327,6.306,6.981,27,27,3,3,0,0,0,0,0.01693237,0.07294707,0.01693237,0.07294707,-0.13655568,-0.08685585,-0.13655568,-0.08685585,0.53502701,0.54772108,0.00892592,0.00584951,0.03362581,0.02214923,0.82035,0.82035,0.37992425,0.3802583,0,0,318.5,68.5,0.8477,1.0788,1,1,0
2026-09-28T22:36:00.936598+09:00,48197559,9d29af73,2026-09-28T22:36:00.936598+09:00,2026-09-28T22:36:01.027792+09:00,rail-left-01,rail-right-01,0.6.7-draft,0.6.7-draft,mqtt,mqtt,35.25,28.24,6.61,6.53,0.135,0.053,0.193,-0.551,10.494,9.699,-0.0662,0.0306,0.0453,0.0558,-0.0068,-0.0023,24.99,24.89,16786,18632,2.098,2.329,6.295,6.987,28,28,3,3,0,0,0,0,0.01710545,0.08004247,0.01710545,0.08004247,-0.12947176,-0.08347066,-0.12947176,-0.08347066,0.53668917,0.54884542,0.00857935,0.00568902,0.03250609,0.02139632,0.82035,0.82035,0.37996799,0.38028789,0,0,319.4,69.4,0.8477,1.0788,1,1,0
2026-09-28T22:36:00.956558+09:00,48217519,9d29af73,2026-09-28T22:36:00.956558+09:00,2026-09-28T22:36:01.047752+09:00,rail-left-01,rail-right-01,0.6.7-draft,0.6.7-draft,mqtt,mqtt,36.34,29.13,6.597,6.53,-0.138,-0.081,-0.347,-0.248,10.485,9.79,-0.0675,0.034,0.0398,0.0553,-0.0071,-0.0028,24.97,24.87,16752,18631,2.094,2.329,6.282,6.987,29,29,3,3,0,0,0,0,0.01601252,0.0790463,0.01601252,0.0790463,-0.12308444,-0.08022364,-0.12308444,-0.08022364,0.53809943,0.54992386,0.00822663,0.00554047,0.03139654,0.02070723,0.82035,0.82035,0.3800051,0.38031627,0,0,320.4,70.4,0.8477,1.0788,1,1,0
2026-09-28T22:36:00.976766+09:00,48237728,9d29af73,2026-09-28T22:36:00.976766+09:00,2026-09-28T22:36:01.067961+09:00,rail-left-01,rail-right-01,0.6.7-draft,0.6.7-draft,mqtt,mqtt,37.49,30.08,6.585,6.517,0.092,0.159,0.184,-0.403,10.391,9.528,-0.0637,0.0381,0.0378,0.0493,-0.0065,-0.0017,24.99,24.9,16723,18604,2.09,2.326,6.271,6.977,30,30,3,3,0,0,0,0,0.01444771,0.09190433,0.01444771,0.09190433,-0.11731649,-0.07684649,-0.11731649,-0.07684649,0.53928917,0.55082917,0.00787147,0.00538106,0.03029871,0.02011044,0.82035,0.82035,0.38003641,0.38034009,0,0,321.3,71.3,0.8477,1.0788,1,1,0
2026-09-28T22:36:01.157114+09:00,48375440,9d29af73,2026-09-28T22:36:01.157114+09:00,2026-09-28T22:36:01.243802+09:00,rail-left-01,rail-right-01,0.6.7-draft,0.6.7-draft,mqtt,mqtt,45.29,36.29,6.583,6.499,-0.17,-0.132,-0.085,-0.156,10.756,9.907,-0.0645,0.031,0.0398,0.0553,-0.0084,-0.0069,24.98,24.92,16719,18563,2.09,2.32,6.27,6.961,31,31,4,4,0,0,0,0,0.0937106,0.08224899,0.0937106,0.08224899,-0.073641,-0.06825174,-0.073641,-0.06825174,0.55167936,0.54791048,0.00513905,0.00237942,0.019211,0.01114978,0.94935,0.94935,0.38036247,0.38026328,0,0,327.9,77.9,0.8477,1.0788,1,1,0
2026-09-28T22:36:01.177134+09:00,48395460,9d29af73,2026-09-28T22:36:01.177134+09:00,2026-09-28T22:36:01.263822+09:00,rail-left-01,rail-right-01,0.6.7-draft,0.6.7-draft,mqtt,mqtt,46.44,37.24,6.462,6.519,0.138,0.144,0.32,-0.761,10.572,9.699,-0.0685,0.0344,0.0412,0.0542,-0.0097,-0.0011,24.98,24.87,16417,18607,2.052,2.326,6.156,6.978,32,32,4,4,0,0,0,0,0.09497816,0.09564075,0.09497816,0.09564075,-0.07288572,-0.06783423,-0.07288572,-0.06783423,0.5513334,0.54764885,0.00472415,0.00221083,0.01801008,0.01058442,0.94935,0.94935,0.38035336,0.3802564,0,0,328.9,78.9,0.8477,1.0788,1,1,0
2026-09-28T22:36:01.197266+09:00,48415593,9d29af73,2026-09-28T22:36:01.197266+09:00,2026-09-28T22:36:01.283955+09:00,rail-left-01,rail-right-01,0.6.7-draft,0.6.7-draft,mqtt,mqtt,47.58,38.13,6.471,6.522,-0.18,-0.164,-0.329,-0.122,10.393,9.686,-0.0683,0.0301,0.0361,0.0558,-0.0067,-0.0012,24.98,24.89,16440,18615,2.055,2.327,6.165,6.981,33,33,4,4,0,0,0,0,0.09514381,0.09470968,0.09514381,0.09470968,-0.07198913,-0.0674776,-0.07198913,-0.0674776,0.5510854,0.54741933,0.00437298,0.00206335,0.01697352,0.0100701,0.94935,0.94935,0.38034684,0.38025036,0,0,329.9,79.9,0.8477,1.0788,1,1,0
2026-09-28T22:36:01.217217+09:00,48435543,9d29af73,2026-09-28T22:36:01.217217+09:00,2026-09-28T22:36:01.303905+09:00,rail-left-01,rail-right-01,0.6.7-draft,0.6.7-draft,mqtt,mqtt,48.72,39.08,6.471,6.521,0.178,0.188,-0.048,-0.293,10.427,9.465,-0.0658,0.0374,0.0428,0.0573,-0.0087,0.0001,25.0,24.89,16438,18613,2.055,2.327,6.164,6.98,34,34,4,4,0,0,0,0,0.0949797,0.1096327,0.0949797,0.1096327,-0.07112575,-0.06711649,-0.07112575,-0.06711649,0.55084658,0.54718917,0.00406143,0.00192952,0.01604712,0.00960612,0.94935,0.94935,0.38034055,0.3802443,0,0,330.9,80.9,0.8477,1.0788,1,1,0
2026-09-28T22:36:01.237330+09:00,48455657,9d29af73,2026-09-28T22:36:01.237330+09:00,2026-09-28T22:36:01.324018+09:00,rail-left-01,rail-right-01,0.6.7-draft,0.6.7-draft,mqtt,mqtt,49.87,39.97,6.454,6.529,-0.15,-0.135,0.054,-0.37,10.41,9.724,-0.067,0.0328,0.0382,0.0573,-0.0061,-0.0061,24.97,24.89,16398,18630,2.05,2.329,6.149,6.986,35,35,4,4,0,0,0,0,0.0938978,0.1097808,0.0938978,0.1097808,-0.07060286,-0.06688957,-0.07060286,-0.06688957,0.5504619,0.54702763,0.00375956,0.00181622,0.0151661,0.00916931,0.94935,0.94935,0.38033043,0.38024005,0,0,331.8,81.8,0.8477,1.0788,1,1,0
2026-09-28T22:36:01.257115+09:00,48475441,9d29af73,2026-09-28T22:36:01.257115+09:00,2026-09-28T22:36:01.343803+09:00,rail-left-01,rail-right-01,0.6.7-draft,0.6.7-draft,mqtt,mqtt,51.01,40.87,6.44,6.53,0.16,0.175,0.114,-0.049,10.637,9.695,-0.0666,0.0334,0.0465,0.0601,-0.0085,-0.01,24.98,24.91,16362,18631,2.045,2.329,6.136,6.987,36,36,4,4,0,0,0,0,0.09251376,0.1232818,0.09251376,0.1232818,-0.07034864,-0.06668467,-0.07034864,-0.06668467,0.54996595,0.54687856,0.00347054,0.00171415,0.01433327,0.00876873,0.94935,0.94935,0.38031738,0.38023613,0,0,332.8,82.8,0.8477,1.0788,1,1,0
2026-09-28T22:36:01.277326+09:00,48495652,9d29af73,2026-09-28T22:36:01.277326+09:00,2026-09-28T22:36:01.364014+09:00,rail-left-01,rail-right-01,0.6.7-draft,0.6.7-draft,mqtt,mqtt,52.15,41.81,6.444,6.543,-0.176,-0.144,0.004,-0.202,10.403,9.753,-0.0646,0.032,0.0413,0.0554,-0.0063,-0.0043,24.99,24.89,16372,18660,2.047,2.333,6.14,6.998,37,37,4,4,0,0,0,0,0.09024924,0.12283834,0.09024924,0.12283834,-0.07003316,-0.06667993,-0.07003316,-0.06667993,0.5495225,0.54683096,0.00321559,0.00163215,0.01358798,0.00837823,0.94935,0.94935,0.38030571,0.38023488,0,0,333.8,83.8,0.8477,1.0788,1,1,0
2026-09-28T22:36:01.297289+09:00,48515615,9d29af73,2026-09-28T22:36:01.297289+09:00,2026-09-28T22:36:01.383977+09:00,rail-left-01,rail-right-01,0.6.7-draft,0.6.7-draft,mqtt,mqtt,53.3,42.71,6.436,6.549,0.095,0.11,0.364,-0.171,10.415,9.847,-0.0657,0.0325,0.0378,0.0554,-0.0079,-0.0068,24.97,24.92,16351,18674,2.044,2.334,6.132,7.003,38,38,4,4,0,0,0,0,0.08774418,0.13294292,0.08774418,0.13294292,-0.06986649,-0.06676355,-0.06986649,-0.06676355,0.54902538,0.54682887,0.00297545,0.00156187,0.01288906,0.00800916,0.94935,0.94935,0.38029262,0.38023482,0,0,334.7,84.7,0.8477,1.0788,1,1,0
2026-09-28T22:36:01.317367+09:00,48535693,9d29af73,2026-09-28T22:36:01.317367+09:00,2026-09-28T22:36:01.404055+09:00,rail-left-01,rail-right-01,0.6.7-draft,0.6.7-draft,mqtt,mqtt,54.44,43.6,6.448,6.555,-0.086,-0.145,0.194,-0.201,10.578,9.869,-0.063,0.036,0.0402,0.057,-0.0093,-0.0036,24.99,24.9,16381,18688,2.048,2.336,6.143,7.008,39,39,4,4,0,0,0,0,0.08465732,0.13232369,0.08465732,0.13232369,-0.06950209,-0.06693171,-0.06950209,-0.06693171,0.5486468,0.54687033,0.00277148,0.00150185,0.01227731,0.00765922,0.94935,0.94935,0.38028266,0.38023591,0,0,335.7,85.7,0.8477,1.0788,1,1,0
2026-09-28T22:36:01.337733+09:00,48556059,9d29af73,2026-09-28T22:36:01.337733+09:00,2026-09-28T22:36:01.424421+09:00,rail-left-01,rail-right-01,0.6.7-draft,0.6.7-draft,mqtt,mqtt,55.63,44.55,6.456,6.578,0.177,0.183,0.011,-0.339,10.454,9.725,-0.0638,0.0298,0.0421,0.0596,-0.0137,-0.0091,25.01,24.88,16402,18739,2.05,2.342,6.151,7.027,40,40,4,4,0,0,0,0,0.08150931,1.02206714,0.08150931,1.02206714,-0.06901649,-0.10136649,-0.06901649,-0.10136649,0.5483475,0.56118917,0.00259409,0.0,0.01173125,0.0,0.94935,0.64735,0.38027479,0.40172078,0,0,336.7,86.7,0.8477,1.0788,1,1,0
2026-09-28T22:36:01.478373+09:00,48731605,9d29af73,2026-09-28T22:36:01.478373+09:00,2026-09-28T22:36:01.562065+09:00,rail-left-01,rail-right-01,0.6.7-draft,0.6.7-draft,mqtt,mqtt,65.78,52.55,6.453,6.59,0.15,0.105,-0.063,-0.166,10.515,9.849,-0.0683,0.031,0.0402,0.0609,-0.0072,-0.0073,24.98,24.89,16395,18765,2.049,2.346,6.148,7.037,41,41,5,5,0,0,0,0,0.85642906,0.46338883,0.85642906,0.46338883,-0.10286649,-0.12578316,-0.10286649,-0.12578316,0.56043917,0.54998084,-0.00029557,-0.00267609,-0.00059113,-0.00657919,0.70835,0.74135,0.40170104,0.40142582,0,0,345.3,95.3,0.8477,1.0788,1,1,0
2026-09-28T22:36:01.498486+09:00,48751718,9d29af73,2026-09-28T22:36:01.498486+09:00,2026-09-28T22:36:01.582178+09:00,rail-left-01,rail-right-01,0.6.7-draft,0.6.7-draft,mqtt,mqtt,66.97,53.45,6.479,6.691,-0.067,-0.072,-0.004,-0.208,10.548,9.683,-0.0637,0.0338,0.0429,0.0606,-0.01,-0.0072,24.97,24.91,16459,18989,2.057,2.374,6.172,7.121,42,42,5,5,0,0,0,0,0.77761248,0.40786311,0.77761248,0.40786311,-0.09469983,-0.13659726,-0.09469983,-0.13659726,0.5645225,0.55318917,0.00112134,-0.00042317,0.00224268,-0.01003272,0.74135,0.74135,0.40180849,0.40151025,0,0,346.3,96.3,0.8477,1.0788,1,1,0
2026-09-28T22:36:01.518405+09:00,48771637,9d29af73,2026-09-28T22:36:01.518405+09:00,2026-09-28T22:36:01.602097+09:00,rail-left-01,rail-right-01,0.6.7-draft,0.6.7-draft,mqtt,mqtt,68.11,54.39,6.463,6.704,0.12,0.162,0.138,-0.235,10.463,9.855,-0.0673,0.0332,0.0429,0.06,-0.0076,-0.0067,24.97,24.91,16419,19019,2.052,2.377,6.157,7.132,43,43,5,5,0,0,0,0,0.72643965,0.40749371,0.72643965,0.40749371,-0.09461649,-0.14679506,-0.09461649,-0.14679506,0.56456417,0.55640345,0.00089436,0.00097707,0.00178871,-0.01212129,0.74135,0.74135,0.40180959,0.40159484,0,0,347.3,97.3,0.8477,1.0788,1,1,0
2026-09-28T22:36:01.538571+09:00,48791803,9d29af73,2026-09-28T22:36:01.538571+09:00,2026-09-28T22:36:01.622263+09:00,rail-left-01,rail-right-01,0.6.7-draft,0.6.7-draft,mqtt,mqtt,69.31,55.29,6.451,6.719,-0.15,-0.034,0.09,-0.318,10.432,9.633,-0.0616,0.0298,0.0406,0.0561,-0.0037,-0.0036,24.97,24.91,16390,19051,2.049,2.381,6.146,7.144,44,44,5,5,0,0,0,0,0.68089236,0.3702676,0.68089236,0.3702676,-0.09696649,-0.15663316,-0.09696649,-0.15663316,0.56338917,0.55968917,0.00032947,0.00200101,0.00065894,-0.01362478,0.74135,0.74135,0.40177867,0.4016813,0,0,348.3,98.3,0.8477,1.0788,1,1,0
2026-09-28T22:36:01.558606+09:00,48811838,9d29af73,2026-09-28T22:36:01.558606+09:00,2026-09-28T22:36:01.642298+09:00,rail-left-01,rail-right-01,0.6.7-draft,0.6.7-draft,mqtt,mqtt,70.45,56.18,6.448,6.725,-0.006,0.063,0.107,-0.488,10.348,9.56,-0.062,0.0296,0.0418,0.0625,-0.0077,-0.0069,24.97,24.9,16383,19065,2.048,2.383,6.144,7.149,45,45,5,5,0,0,0,0,0.64124304,0.354984,0.64124304,0.354984,-0.09903316,-0.16561649,-0.09903316,-0.16561649,0.56235584,0.56275167,-0.00010432,0.00272363,-0.00020864,-0.01462052,0.74135,0.74135,0.40175148,0.40176189,0,0,349.3,99.3,0.8477,1.0788,1,1,0
2026-09-28T22:36:01.578599+09:00,48831831,9d29af73,2026-09-28T22:36:01.578599+09:00,2026-09-28T22:36:01.662291+09:00,rail-left-01,rail-right-01,0.6.7-draft,0.6.7-draft,mqtt,mqtt,71.64,57.13,6.413,6.723,-0.063,-0.037,0.068,-0.032,10.54,9.819,-0.0674,0.0329,0.0385,0.0584,-0.0069,-0.0053,24.98,24.9,16296,19061,2.037,2.383,6.111,7.148,46,46,5,5,0,0,0,0,0.6046343,0.3248097,0.6046343,0.3248097,-0.10550935,-0.17342532,-0.10550935,-0.17342532,0.55911774,0.56539505,-0.00136308,0.00319158,-0.00272616,-0.01516016,0.74135,0.74135,0.40166626,0.40183146,0,0,350.3,100.3,0.8477,1.0788,1,1,0
2026-09-28T22:36:01.598534+09:00,48851766,9d29af73,2026-09-28T22:36:01.598534+09:00,2026-09-28T22:36:01.682226+09:00,rail-left-01,rail-right-01,0.6.7-draft,0.6.7-draft,mqtt,mqtt,72.79,58.02,6.413,6.723,0.041,0.069,-0.01,-0.123,10.497,9.682,-0.065,0.0321,0.0376,0.0576,-0.006,-0.0039,24.98,24.88,16295,19061,2.037,2.383,6.111,7.148,47,47,5,5,0,0,0,0,0.57170148,0.3146542,0.57170148,0.3146542,-0.11036649,-0.18036649,-0.11036649,-0.18036649,0.55668917,0.56774472,-0.00215715,0.00351107,-0.0043143,-0.01544574,0.74135,0.74135,0.40160235,0.40189329,0,0,351.3,101.3,0.8477,1.0788,1,1,0
2026-09-28T22:36:01.618480+09:00,48871712,9d29af73,2026-09-28T22:36:01.618480+09:00,2026-09-28T22:36:01.702172+09:00,rail-left-01,rail-right-01,0.6.7-draft,0.6.7-draft,mqtt,mqtt,73.98,58.92,6.405,6.726,-0.019,-0.055,0.11,-0.418,10.538,9.658,-0.0641,0.034,0.0412,0.0569,-0.0084,-0.0021,25.0,24.88,16276,19066,2.035,2.383,6.104,7.15,48,48,5,5,0,0,0,0,0.54045514,0.28701841,0.54045514,0.28701841,-0.11503316,-0.18673491,-0.11503316,-0.18673491,0.55435584,0.56992601,-0.00283108,0.00375166,-0.00566215,-0.01560385,0.74135,0.74135,0.40154095,0.40195069,0,0,352.3,102.3,0.8477,1.0788,1,1,0
2026-09-28T22:36:01.638417+09:00,48891649,9d29af73,2026-09-28T22:36:01.638417+09:00,2026-09-28T22:36:01.722109+09:00,rail-left-01,rail-right-01,0.6.7-draft,0.6.7-draft,mqtt,mqtt,75.12,59.86,6.402,6.733,0.044,0.042,0.031,-0.126,10.344,9.726,-0.0648,0.0306,0.0384,0.0562,-0.0076,-0.0043,24.99,24.9,16268,19083,2.034,2.385,6.101,7.156,49,49,5,5,0,0,0,0,0.51144646,0.27592664,0.51144646,0.27592664,-0.11906649,-0.19281649,-0.11906649,-0.19281649,0.55233917,0.57206417,-0.0032923,0.00396217,-0.00658461,-0.01572233,0.74135,0.74135,0.40148788,0.40200696,0,0,353.2,103.2,0.8477,1.0788,1,1,0
2026-09-28T22:36:01.658498+09:00,48911730,9d29af73,2026-09-28T22:36:01.658498+09:00,2026-09-28T22:36:01.742190+09:00,rail-left-01,rail-right-01,0.6.7-draft,0.6.7-draft,mqtt,mqtt,76.32,60.76,6.404,6.73,-0.019,-0.017,-0.013,-0.302,10.491,9.777,-0.0618,0.0302,0.0393,0.0576,-0.0071,-0.0064,24.97,24.89,16273,19075,2.034,2.384,6.102,7.153,50,50,5,5,0,0,0,0,0.48349217,0.25794115,0.48349217,0.25794115,-0.12218467,-0.19817602,-0.12218467,-0.19817602,0.55078008,0.57392726,-0.00349788,0.00408793,-0.00699576,-0.01569091,0.74135,0.74135,0.40144685,0.40205599,0,0,354.2,104.2,0.8477,1.0788,1,1,0
2026-09-28T22:36:01.843369+09:00,49049408,9d29af73,2026-09-28T22:36:01.843369+09:00,2026-09-28T22:36:01.929265+09:00,rail-left-01,rail-right-01,0.6.7-draft,0.6.7-draft,mqtt,mqtt,84.42,67.02,6.393,6.728,0.025,-0.001,0.007,-0.262,10.245,9.604,-0.0703,0.0313,0.0321,0.0482,-0.004,-0.0016,25.0,24.9,16245,19072,2.031,2.384,6.092,7.152,51,51,6,6,0,0,0,0,0.22735531,-0.00621019,0.22735531,-0.00621019,-0.20354831,-0.20033524,-0.20354831,-0.20033524,0.57537099,0.60401729,0.00388144,0.00553242,-0.01484051,-0.00431298,0.74135,0.84735,0.40209398,0.40284783,0,0,361.1,111.1,0.8477,1.0788,1,1,0
2026-09-28T22:36:01.863506+09:00,49069545,9d29af73,2026-09-28T22:36:01.863506+09:00,2026-09-28T22:36:01.949403+09:00,rail-left-01,rail-right-01,0.6.7-draft,0.6.7-draft,mqtt,mqtt,85.61,67.96,6.494,6.657,-0.01,-0.017,-0.022,-0.354,10.575,9.668,-0.0697,0.0269,0.0309,0.0492,-0.0081,-0.0076,24.98,24.91,16496,18913,2.062,2.364,6.186,7.092,52,52,6,6,0,0,0,0,0.19786581,-0.00965284,0.19786581,-0.00965284,-0.20406214,-0.19754831,-0.20406214,-0.19754831,0.57888482,0.60500735,0.00438509,0.00520982,-0.01279343,-0.003315,0.76835,0.84735,0.40218645,0.40287389,0,0,362.1,112.1,0.8477,1.0788,1,1,0
2026-09-28T22:36:01.883440+09:00,49089479,9d29af73,2026-09-28T22:36:01.883440+09:00,2026-09-28T22:36:01.969337+09:00,rail-left-01,rail-right-01,0.6.7-draft,0.6.7-draft,mqtt,mqtt,86.81,68.86,6.528,6.613,0.044,0.084,0.068,-0.12,10.387,9.604,-0.0644,0.027,0.0284,0.0469,-0.0064,-0.0003,24.98,24.91,16581,18816,2.073,2.352,6.218,7.056,53,53,6,6,0,0,0,0,0.16970878,-0.00440266,0.16970878,-0.00440266,-0.20311649,-0.1936312,-0.20311649,-0.1936312,0.58281417,0.60529211,0.00491436,0.00481033,-0.0108387,-0.00225218,0.76835,0.84735,0.40228985,0.40288138,0,0,363.1,113.1,0.8477,1.0788,1,1,0
2026-09-28T22:36:01.903470+09:00,49109509,9d29af73,2026-09-28T22:36:01.903470+09:00,2026-09-28T22:36:01.989367+09:00,rail-left-01,rail-right-01,0.6.7-draft,0.6.7-draft,mqtt,mqtt,87.95,69.75,6.534,6.558,-0.018,-0.017,-0.047,-0.463,10.366,9.87,-0.064,0.0242,0.032,0.0545,-0.0097,-0.0092,25.0,24.88,16597,18695,2.075,2.337,6.224,7.011,54,54,6,6,0,0,0,0,0.14240987,-0.00766615,0.14240987,-0.00766615,-0.20200649,-0.18836649,-0.20200649,-0.18836649,0.58654917,0.60477488,0.00530871,0.00432636,-0.0092625,-0.00108668,0.76835,0.84735,0.40238814,0.40286777,0,0,364.1,114.1,0.8477,1.0788,1,1,0
2026-09-28T22:36:01.923513+09:00,49129552,9d29af73,2026-09-28T22:36:01.923513+09:00,2026-09-28T22:36:02.009409+09:00,rail-left-01,rail-right-01,0.6.7-draft,0.6.7-draft,mqtt,mqtt,89.14,70.7,6.514,6.528,0.142,0.187,0.107,-0.101,10.546,9.612,-0.067,0.0297,0.0384,0.0537,-0.0056,-0.0057,24.96,24.89,16545,18627,2.068,2.328,6.204,6.985,55,55,6,6,0,0,0,0,0.11645498,0.00542005,0.11645498,0.00542005,-0.20175111,-0.18256094,-0.20175111,-0.18256094,0.58961225,0.60386972,0.00548584,0.00384039,-0.00819396,3.127e-05,0.76835,0.84735,0.40246875,0.40284395,0,0,365.1,115.1,0.8477,1.0788,1,1,0
2026-09-28T22:36:01.943476+09:00,49149515,9d29af73,2026-09-28T22:36:01.943476+09:00,2026-09-28T22:36:02.029372+09:00,rail-left-01,rail-right-01,0.6.7-draft,0.6.7-draft,mqtt,mqtt,90.34,71.59,6.506,6.523,-0.14,-0.145,0.391,-0.409,10.439,9.664,-0.0667,0.0338,0.0382,0.0553,-0.008,-0.0089,24.99,24.9,16527,18617,2.066,2.327,6.198,6.981,56,56,6,6,0,0,0,0,0.09059577,-0.00783623,0.09059577,-0.00783623,-0.20181094,-0.17693406,-0.20181094,-0.17693406,0.59230028,0.60294593,0.00556149,0.0034135,-0.00738416,0.00099162,0.76835,0.84735,0.40253949,0.40281964,0,0,366.1,116.1,0.8477,1.0788,1,1,0
2026-09-28T22:36:01.963397+09:00,49169436,9d29af73,2026-09-28T22:36:01.963397+09:00,2026-09-28T22:36:02.049294+09:00,rail-left-01,rail-right-01,0.6.7-draft,0.6.7-draft,mqtt,mqtt,91.53,72.54,6.515,6.526,0.159,0.171,-0.174,-0.15,10.351,9.766,-0.0661,0.034,0.0382,0.0549,-0.0093,-0.0079,24.97,24.88,16548,18623,2.069,2.328,6.206,6.984,57,57,6,6,0,0,0,0,0.06605504,0.00327736,0.06605504,0.00327736,-0.20154506,-0.17168228,-0.20154506,-0.17168228,0.59495703,0.60211022,0.00563126,0.00305036,-0.00663221,0.00179229,0.76835,0.84735,0.4026094,0.40279765,0,0,367.1,117.1,0.8477,1.0788,1,1,0
2026-09-28T22:36:01.983519+09:00,49189558,9d29af73,2026-09-28T22:36:01.983519+09:00,2026-09-28T22:36:02.069415+09:00,rail-left-01,rail-right-01,0.6.7-draft,0.6.7-draft,mqtt,mqtt,92.72,73.43,6.504,6.506,-0.068,-0.132,0.108,-0.387,10.654,9.698,-0.062,0.0348,0.0388,0.0558,-0.0077,-0.0085,24.99,24.87,16522,18578,2.065,2.322,6.196,6.967,58,58,6,6,0,0,0,0,0.04184253,-0.00827369,0.04184253,-0.00827369,-0.20167684,-0.16618701,-0.20167684,-0.16618701,0.59724089,0.60106096,0.00562253,0.00269318,-0.00607545,0.00255598,0.84735,0.84735,0.4026695,0.40277003,0,0,368.2,118.2,0.8477,1.0788,1,1,0
2026-09-28T22:36:02.003534+09:00,49209573,9d29af73,2026-09-28T22:36:02.003534+09:00,2026-09-28T22:36:02.089431+09:00,rail-left-01,rail-right-01,0.6.7-draft,0.6.7-draft,mqtt,mqtt,93.92,74.38,6.508,6.466,0.08,0.135,-0.124,-0.081,10.503,9.816,-0.063,0.037,0.0294,0.0492,-0.0071,-0.0079,24.99,24.89,16531,18489,2.066,2.311,6.199,6.933,59,59,6,6,0,0,0,0,0.01868982,-0.00027909,0.01868982,-0.00027909,-0.20166649,-0.15996649,-0.20166649,-0.15996649,0.59943917,0.59956417,0.00560595,0.00230203,-0.00556617,0.00336634,0.84735,0.84735,0.40272735,0.40273064,0,0,369.2,119.2,0.8477,1.0788,1,1,0
2026-09-28T22:36:02.023438+09:00,49229477,9d29af73,2026-09-28T22:36:02.023438+09:00,2026-09-28T22:36:02.109335+09:00,rail-left-01,rail-right-01,0.6.7-draft,0.6.7-draft,mqtt,mqtt,95.11,75.27,6.528,6.431,-0.025,-0.047,0.262,-0.159,10.416,9.998,-0.0605,0.0346,0.0385,0.0565,-0.0065,-0.0055,24.97,24.88,16580,18412,2.072,2.302,6.217,6.905,60,60,6,6,0,0,0,0,-0.00401019,-0.00520109,-0.00401019,-0.00520109,-0.20101165,-0.15319576,-0.20101165,-0.15319576,0.6018182,0.59771356,0.00563502,0.00189406,-0.004994,0.00419368,0.84735,0.84735,0.40278996,0.40268194,0,0,370.2,120.2,0.8477,1.0788,1,1,0
2026-09-28T22:36:02.155325+09:00,49417439,9d29af73,2026-09-28T22:36:02.155325+09:00,2026-09-28T22:36:02.200371+09:00,rail-left-01,rail-right-01,0.6.7-draft,0.6.7-draft,mqtt,mqtt,106.3,83.97,6.525,6.433,0.028,0.043,-0.135,-0.332,10.509,9.719,-0.0649,0.0314,0.0376,0.052,-0.0045,-0.0036,24.98,24.89,16574,18416,2.072,2.302,6.215,6.906,61,61,7,7,0,0,0,0,-0.01584656,0.62710424,-0.01584656,0.62710424,-0.14681887,0.11563351,-0.14681887,0.11563351,0.59591536,0.52468917,0.00138324,0.0,0.00500226,0.0,0.84735,0.66535,0.40263462,0.37796458,0,0,379.7,129.7,0.8477,1.0788,1,1,0
2026-09-28T22:36:02.175433+09:00,49437547,9d29af73,2026-09-28T22:36:02.175433+09:00,2026-09-28T22:36:02.220480+09:00,rail-left-01,rail-right-01,0.6.7-draft,0.6.7-draft,mqtt,mqtt,107.49,84.92,6.598,6.389,-0.051,-0.045,0.334,-0.26,10.509,9.711,-0.0626,0.0242,0.0333,0.0481,-0.01,-0.0051,25.0,24.9,16755,18319,2.094,2.29,6.283,6.87,62,62,7,7,0,0,0,0,-0.02699291,0.50233051,-0.02699291,0.50233051,-0.13904091,0.13763351,-0.13904091,0.13763351,0.59504963,0.51368917,0.00111293,-0.04631579,0.00594903,0.09263158,0.84735,0.66535,0.40261184,0.3776751,0,0,380.7,130.7,0.8477,1.0788,1,1,0
2026-09-28T22:36:02.195361+09:00,49457475,9d29af73,2026-09-28T22:36:02.195361+09:00,2026-09-28T22:36:02.240408+09:00,rail-left-01,rail-right-01,0.6.7-draft,0.6.7-draft,mqtt,mqtt,108.68,85.86,6.611,6.352,0.261,0.108,0.06,-0.291,10.452,10.02,-0.0632,0.0334,0.0441,0.0564,-0.0084,-0.0092,24.97,24.91,16788,18238,2.099,2.28,6.295,6.839,63,63,7,7,0,0,0,0,-0.03793426,0.60142238,-0.03793426,0.60142238,-0.13132104,0.15730017,-0.13132104,0.15730017,0.59437099,0.50385584,0.00091134,-0.04286327,0.00676881,0.08572655,0.84735,0.66535,0.40259398,0.37741633,0,0,381.7,131.7,0.8477,1.0788,1,1,0
2026-09-28T22:36:02.215476+09:00,49477590,9d29af73,2026-09-28T22:36:02.215476+09:00,2026-09-28T22:36:02.260523+09:00,rail-left-01,rail-right-01,0.6.7-draft,0.6.7-draft,mqtt,mqtt,109.88,86.76,6.601,6.364,-0.01,-0.03,-0.074,-0.136,10.633,9.659,-0.0637,0.0369,0.0424,0.0505,-0.0092,-0.0088,24.98,24.89,16764,18264,2.095,2.283,6.286,6.849,64,64,7,7,0,0,0,0,-0.04930593,0.55637232,-0.04930593,0.55637232,-0.12416649,0.16413351,-0.12416649,0.16413351,0.59361139,0.50043917,0.00072264,-0.02638036,0.00740646,0.05276071,0.84735,0.66535,0.40257399,0.37732642,0,0,382.7,132.7,0.8477,1.0788,1,1,0
2026-09-28T22:36:02.235357+09:00,49497471,9d29af73,2026-09-28T22:36:02.235357+09:00,2026-09-28T22:36:02.280403+09:00,rail-left-01,rail-right-01,0.6.7-draft,0.6.7-draft,mqtt,mqtt,111.07,87.7,6.6,6.382,-0.044,-0.034,0.348,-0.545,10.216,9.612,-0.0602,0.0332,0.0436,0.0618,-0.0104,-0.0151,24.99,24.89,16761,18303,2.095,2.288,6.285,6.864,65,65,7,7,0,0,0,0,-0.06113265,0.52725729,-0.06113265,0.52725729,-0.11734475,0.16463351,-0.11734475,0.16463351,0.59287395,0.50018917,0.00055964,-0.01375658,0.00792895,0.02751316,0.84735,0.66535,0.40255459,0.37731984,0,0,383.7,133.7,0.8477,1.0788,1,1,0
2026-09-28T22:36:02.255328+09:00,49517442,9d29af73,2026-09-28T22:36:02.255328+09:00,2026-09-28T22:36:02.300375+09:00,rail-left-01,rail-right-01,0.6.7-draft,0.6.7-draft,mqtt,mqtt,112.26,88.65,6.599,6.402,0.059,0.121,-0.062,-0.164,10.409,9.535,-0.0638,0.0337,0.0401,0.055,-0.0044,-0.0044,24.99,24.92,16759,18348,2.095,2.294,6.285,6.881,66,66,7,7,0,0,0,0,-0.07307445,0.58208249,-0.07307445,0.58208249,-0.11083458,0.16163351,-0.11083458,0.16163351,0.59215725,0.50168917,0.00041759,-0.00505046,0.00835813,0.01010092,0.84735,0.66535,0.40253572,0.37735931,0,0,384.7,134.7,0.8477,1.0788,1,1,0
2026-09-28T22:36:02.275475+09:00,49537589,9d29af73,2026-09-28T22:36:02.275475+09:00,2026-09-28T22:36:02.320521+09:00,rail-left-01,rail-right-01,0.6.7-draft,0.6.7-draft,mqtt,mqtt,113.46,89.54,6.59,6.401,0.016,-0.054,-0.074,-0.358,10.447,9.75,-0.0626,0.0338,0.041,0.0586,-0.0073,-0.0059,24.97,24.9,16735,18345,2.092,2.293,6.276,6.879,67,67,7,7,0,0,0,0,-0.0852135,0.5491178,-0.0852135,0.5491178,-0.10478316,0.15963351,-0.10478316,0.15963351,0.59137667,0.50268917,0.00028104,-0.00157721,0.00868719,0.00315442,0.84735,0.66535,0.40251518,0.37738563,0,0,385.7,135.7,0.8477,1.0788,1,1,0
2026-09-28T22:36:02.295432+09:00,49557546,9d29af73,2026-09-28T22:36:02.295432+09:00,2026-09-28T22:36:02.340478+09:00,rail-left-01,rail-right-01,0.6.7-draft,0.6.7-draft,mqtt,mqtt,114.65,90.49,6.559,6.389,-0.035,0.071,0.284,-0.192,10.654,9.723,-0.065,0.0318,0.0425,0.057,-0.0113,-0.0069,24.99,24.89,16659,18319,2.082,2.29,6.247,6.87,68,68,7,7,0,0,0,0,-0.0976324,0.56877917,-0.0976324,0.56877917,-0.09961139,0.15963351,-0.09961139,0.15963351,0.59031162,0.50268917,0.00011872,-0.00105096,0.00887231,0.00210191,0.84735,0.66535,0.40248716,0.37738563,0,0,386.7,136.7,0.8477,1.0788,1,1,0
2026-09-28T22:36:02.315416+09:00,49577530,9d29af73,2026-09-28T22:36:02.315416+09:00,2026-09-28T22:36:02.360462+09:00,rail-left-01,rail-right-01,0.6.7-draft,0.6.7-draft,mqtt,mqtt,115.84,91.43,6.545,6.387,-0.117,-0.087,-0.012,-0.333,10.253,9.692,-0.0633,0.0313,0.0372,0.0526,-0.0092,0.0003,24.99,24.9,16623,18315,2.078,2.289,6.234,6.868,69,69,7,7,0,0,0,0,-0.11040959,0.5343119,-0.11040959,0.5343119,-0.09492649,0.15985573,-0.09492649,0.15985573,0.58914917,0.50257806,-4.197e-05,-0.00087802,0.00898318,0.00175605,0.84735,0.66535,0.40245656,0.3773827,0,0,387.8,137.8,0.8477,1.0788,1,1,0
2026-09-28T22:36:02.335671+09:00,49597785,9d29af73,2026-09-28T22:36:02.335671+09:00,2026-09-28T22:36:02.380718+09:00,rail-left-01,rail-right-01,0.6.7-draft,0.6.7-draft,mqtt,mqtt,117.04,92.38,6.528,6.368,0.178,0.249,0.06,-0.178,10.472,9.6,-0.0667,0.0342,0.0412,0.0572,-0.0109,-0.0093,24.97,24.9,16581,18273,2.073,2.284,6.218,6.852,70,70,7,7,0,0,0,0,-0.12291189,0.60275002,-0.12291189,0.60275002,-0.09075865,0.16193351,-0.09075865,0.16193351,0.58786564,0.50153917,-0.00020472,-0.00185839,0.00902428,0.00371677,0.84735,0.66535,0.40242279,0.37735536,0,0,388.8,138.8,0.8477,1.0788,1,1,0
2026-09-28T22:36:02.428624+09:00,49687454,9d29af73,2026-09-28T22:36:02.428624+09:00,2026-09-28T22:36:02.509750+09:00,rail-left-01,rail-right-01,0.6.7-draft,0.6.7-draft,mqtt,mqtt,122.41,96.55,6.52,6.372,0.175,0.229,-0.011,-0.047,10.384,9.796,-0.0632,0.0334,0.0413,0.057,-0.0112,-0.0073,24.97,24.89,16561,18282,2.07,2.285,6.21,6.856,71,71,8,8,0,0,0,0,0.63859156,0.65447543,0.63859156,0.65447543,0.16290623,0.1068716,0.16290623,0.1068716,0.50032553,0.46440345,-0.0023582,-0.00859504,0.00291865,-0.01311126,0.66535,0.91835,0.37732343,0.37637811,0,0,393.3,143.3,0.8477,1.0788,1,1,0
2026-09-28T22:36:02.448791+09:00,49707620,9d29af73,2026-09-28T22:36:02.448791+09:00,2026-09-28T22:36:02.529916+09:00,rail-left-01,rail-right-01,0.6.7-draft,0.6.7-draft,mqtt,mqtt,123.6,97.5,6.481,6.38,-0.087,-0.107,0.093,-0.396,10.42,9.744,-0.0634,0.0344,0.0424,0.0612,-0.0116,-0.0097,24.99,24.89,16465,18299,2.058,2.287,6.174,6.862,72,72,8,8,0,0,0,0,0.66212713,0.59950672,0.66212713,0.59950672,0.16046684,0.10263351,0.16046684,0.10263351,0.49768917,0.46241644,-0.00383797,-0.00806609,-0.00032182,-0.01277012,0.66535,0.91835,0.37725405,0.37632582,0,0,394.3,144.3,0.8477,1.0788,1,1,0
2026-09-28T22:36:02.468834+09:00,49727663,9d29af73,2026-09-28T22:36:02.468834+09:00,2026-09-28T22:36:02.549959+09:00,rail-left-01,rail-right-01,0.6.7-draft,0.6.7-draft,mqtt,mqtt,124.79,98.44,6.436,6.378,0.072,0.057,0.084,-0.308,10.533,9.691,-0.0648,0.0336,0.0437,0.059,-0.0123,-0.0033,24.98,24.91,16353,18294,2.044,2.287,6.132,6.86,73,73,8,8,0,0,0,0,0.67773458,0.56970079,0.67773458,0.56970079,0.1549412,0.0988509,0.1549412,0.0988509,0.49372763,0.46055873,-0.0055996,-0.00764736,-0.00420928,-0.01240472,0.72635,0.91835,0.3771498,0.37627693,0,0,395.3,145.3,0.8477,1.0788,1,1,0
2026-09-28T22:36:02.488653+09:00,49747483,9d29af73,2026-09-28T22:36:02.488653+09:00,2026-09-28T22:36:02.569779+09:00,rail-left-01,rail-right-01,0.6.7-draft,0.6.7-draft,mqtt,mqtt,125.99,99.39,6.398,6.375,0.034,-0.006,0.013,0.004,10.524,9.831,-0.0661,0.0338,0.0417,0.0594,-0.0095,-0.0072,24.97,24.89,16258,18288,2.032,2.286,6.097,6.858,74,74,8,8,0,0,0,0,0.68709263,0.53492849,0.68709263,0.53492849,0.14749065,0.09550851,0.14749065,0.09550851,0.48897488,0.45879334,-0.0072218,-0.00730871,-0.00783158,-0.01201286,0.72635,0.91835,0.37702473,0.37623047,0,0,396.4,146.4,0.8477,1.0788,1,1,0
2026-09-28T22:36:02.508903+09:00,49767733,9d29af73,2026-09-28T22:36:02.508903+09:00,2026-09-28T22:36:02.590030+09:00,rail-left-01,rail-right-01,0.6.7-draft,0.6.7-draft,mqtt,mqtt,127.23,100.33,6.376,6.377,0.011,-0.049,0.194,-0.318,10.725,9.859,-0.0649,0.0348,0.0414,0.0574,-0.008,-0.0047,24.97,24.91,16202,18292,2.025,2.287,6.076,6.86,75,75,8,8,0,0,0,0,0.69134119,0.49806161,0.69134119,0.49806161,0.13956684,0.09235351,0.13956684,0.09235351,0.4841225,0.45720917,-0.00842202,-0.00699621,-0.01060685,-0.01166962,0.91835,0.91835,0.37689703,0.37618879,0,0,397.4,147.4,0.8477,1.0788,1,1,0
2026-09-28T22:36:02.529326+09:00,49788155,9d29af73,2026-09-28T22:36:02.529326+09:00,2026-09-28T22:36:02.610451+09:00,rail-left-01,rail-right-01,0.6.7-draft,0.6.7-draft,mqtt,mqtt,128.42,101.28,6.376,6.381,0.022,0.05,0.03,-0.324,10.546,9.628,-0.0653,0.0316,0.0417,0.0573,-0.0109,-0.0096,24.96,24.91,16203,18302,2.025,2.288,6.076,6.863,76,76,8,8,0,0,0,0,0.691633,0.47481159,0.691633,0.47481159,0.13263351,0.08928735,0.13263351,0.08928735,0.47987667,0.45582378,-0.00902365,-0.00669256,-0.01216426,-0.01138465,0.91835,0.91835,0.3767853,0.37615233,0,0,398.4,148.4,0.8477,1.0788,1,1,0
2026-09-28T22:36:02.548684+09:00,49807514,9d29af73,2026-09-28T22:36:02.548684+09:00,2026-09-28T22:36:02.629810+09:00,rail-left-01,rail-right-01,0.6.7-draft,0.6.7-draft,mqtt,mqtt,129.62,102.22,6.372,6.384,-0.047,-0.099,-0.059,-0.236,10.597,9.716,-0.0659,0.0333,0.0389,0.0565,-0.0093,-0.0011,24.97,24.91,16193,18309,2.024,2.289,6.072,6.866,77,77,8,8,0,0,0,0,0.6886026,0.43749627,0.6886026,0.43749627,0.12628057,0.08633721,0.12628057,0.08633721,0.4760127,0.45459658,-0.00933168,-0.00640323,-0.01311382,-0.01113395,0.91835,0.91835,0.37668362,0.37612003,0,0,399.4,149.4,0.8477,1.0788,1,1,0
2026-09-28T22:36:02.568683+09:00,49827512,9d29af73,2026-09-28T22:36:02.568683+09:00,2026-09-28T22:36:02.649808+09:00,rail-left-01,rail-right-01,0.6.7-draft,0.6.7-draft,mqtt,mqtt,130.81,103.12,6.372,6.384,-0.062,-0.11,0.102,-0.075,10.445,9.723,-0.0625,0.0298,0.0366,0.053,-0.0173,-0.0108,24.98,24.88,16193,18307,2.024,2.288,6.072,6.865,78,78,8,8,0,0,0,0,0.6828126,0.4017283,0.6828126,0.4017283,0.12063351,0.08359779,0.12063351,0.08359779,0.47257806,0.45345703,-0.00941065,-0.00614252,-0.0135835,-0.01088397,0.91835,0.91835,0.37659323,0.37609005,0,0,400.4,150.4,0.8477,1.0788,1,1,0
2026-09-28T22:36:02.588665+09:00,49847494,9d29af73,2026-09-28T22:36:02.588665+09:00,2026-09-28T22:36:02.669790+09:00,rail-left-01,rail-right-01,0.6.7-draft,0.6.7-draft,mqtt,mqtt,132.0,104.06,6.373,6.382,0.178,0.124,-0.028,-0.333,10.562,9.736,-0.0689,0.0318,0.0432,0.0597,-0.0119,-0.0077,24.97,24.89,16194,18304,2.024,2.288,6.073,6.864,79,79,8,8,0,0,0,0,0.67599533,0.39152611,0.67599533,0.39152611,0.11563351,0.08111627,0.11563351,0.08111627,0.46953127,0.45236158,-0.00933464,-0.00591223,-0.01372246,-0.0106158,0.91835,0.91835,0.37651305,0.37606122,0,0,401.4,151.4,0.8477,1.0788,1,1,0
2026-09-28T22:36:02.608892+09:00,49867722,9d29af73,2026-09-28T22:36:02.608892+09:00,2026-09-28T22:36:02.690018+09:00,rail-left-01,rail-right-01,0.6.7-draft,0.6.7-draft,mqtt,mqtt,133.2,105.0,6.373,6.398,-0.087,-0.013,-0.035,-0.37,10.289,9.577,-0.0625,0.0328,0.0414,0.0537,-0.0087,-0.0061,25.0,24.88,16196,18339,2.025,2.292,6.074,6.877,80,80,8,8,0,0,0,0,0.66694562,0.36886161,0.66694562,0.36886161,0.11113351,0.07826684,0.11113351,0.07826684,0.46678917,0.45160584,-0.00916883,-0.00563147,-0.01366287,-0.01048569,0.91835,0.91835,0.37644089,0.37604133,0,0,402.5,152.5,0.8477,1.0788,1,1,0
2026-09-28T22:36:02.741725+09:00,49998421,9d29af73,2026-09-28T22:36:02.741725+09:00,2026-09-28T22:36:02.778013+09:00,rail-left-01,rail-right-01,0.6.7-draft,0.6.7-draft,mqtt,mqtt,141.05,111.17,6.37,6.398,0.146,0.129,0.296,-0.447,9.785,9.418,-0.0713,0.029,0.0325,0.0541,-0.0063,-0.0073,24.97,24.89,16188,18340,2.024,2.293,6.071,6.878,81,81,9,9,0,0,0,0,0.34391667,0.13675079,0.34391667,0.13675079,0.07550448,0.02858473,0.07550448,0.02858473,0.45085046,0.43196966,-0.00512559,-0.00496943,-0.00996472,-0.01122145,0.91835,0.91835,0.37602145,0.37552459,0,0,409.1,159.1,0.8477,1.0788,1,1,0
2026-09-28T22:36:02.761848+09:00,50018544,9d29af73,2026-09-28T22:36:02.761848+09:00,2026-09-28T22:36:02.798136+09:00,rail-left-01,rail-right-01,0.6.7-draft,0.6.7-draft,mqtt,mqtt,142.24,112.11,6.312,6.428,-0.144,-0.066,-0.036,-0.45,10.52,9.284,-0.0687,0.0358,0.0393,0.0552,-0.0065,-0.0075,24.98,24.91,16044,18406,2.006,2.301,6.017,6.902,82,82,9,9,0,0,0,0,0.31886802,0.12297948,0.31886802,0.12297948,0.07110226,0.02313351,0.07110226,0.02313351,0.44923604,0.43029631,-0.00497792,-0.00488535,-0.01003945,-0.0113667,0.91835,0.91835,0.37597897,0.37548055,0,0,410.1,160.1,0.8477,1.0788,1,1,0
2026-09-28T22:36:02.781889+09:00,50038585,9d29af73,2026-09-28T22:36:02.781889+09:00,2026-09-28T22:36:02.818177+09:00,rail-left-01,rail-right-01,0.6.7-draft,0.6.7-draft,mqtt,mqtt,143.44,113.06,6.332,6.431,0.081,0.077,0.001,-0.14,10.296,10.205,-0.0683,0.033,0.039,0.0582,-0.0019,-0.0029,24.97,24.9,16092,18412,2.012,2.302,6.035,6.905,83,83,9,9,0,0,0,0,0.29455021,0.11953848,0.29455021,0.11953848,0.0675729,0.01786607,0.0675729,0.01786607,0.4480225,0.42873568,-0.00475889,-0.00479898,-0.00988657,-0.01147621,0.91835,0.91835,0.37594703,0.37543948,0,0,411.1,161.1,0.8477,1.0788,1,1,0
2026-09-28T22:36:02.801822+09:00,50058518,9d29af73,2026-09-28T22:36:02.801822+09:00,2026-09-28T22:36:02.838110+09:00,rail-left-01,rail-right-01,0.6.7-draft,0.6.7-draft,mqtt,mqtt,144.68,114.0,6.315,6.438,0.066,-0.032,0.289,-0.109,10.664,9.996,-0.0644,0.0333,0.0416,0.0574,-0.0059,-0.0012,24.99,24.88,16050,18427,2.006,2.303,6.019,6.91,84,84,9,9,0,0,0,0,0.27083813,0.10930101,0.27083813,0.10930101,0.06375115,0.01267896,0.06375115,0.01267896,0.44663035,0.42732553,-0.00462702,-0.004703,-0.00984625,-0.01157453,0.91835,0.91835,0.3759104,0.37540237,0,0,412.2,162.2,0.8477,1.0788,1,1,0
2026-09-28T22:36:02.822052+09:00,50078748,9d29af73,2026-09-28T22:36:02.822052+09:00,2026-09-28T22:36:02.858340+09:00,rail-left-01,rail-right-01,0.6.7-draft,0.6.7-draft,mqtt,mqtt,145.87,114.95,6.297,6.452,0.019,0.05,-0.081,-0.383,10.505,9.669,-0.061,0.0342,0.0445,0.0566,-0.0108,-0.0077,24.98,24.91,16005,18458,2.001,2.307,6.002,6.922,85,85,9,9,0,0,0,0,0.2475057,0.10459212,0.2475057,0.10459212,0.05963351,0.00741129,0.05963351,0.00741129,0.4450606,0.42613361,-0.00456374,-0.0045862,-0.00989642,-0.01169051,0.91835,0.91835,0.37586909,0.37537101,0,0,413.2,163.2,0.8477,1.0788,1,1,0
2026-09-28T22:36:02.842023+09:00,50098719,9d29af73,2026-09-28T22:36:02.842023+09:00,2026-09-28T22:36:02.878311+09:00,rail-left-01,rail-right-01,0.6.7-draft,0.6.7-draft,mqtt,mqtt,147.07,115.89,6.262,6.449,0.008,0.007,0.133,-0.35,10.331,9.564,-0.0604,0.0308,0.0444,0.0576,-0.0063,-0.0041,24.98,24.88,15919,18452,1.99,2.307,5.97,6.92,86,86,9,9,0,0,0,0,0.22453731,0.0973982,0.22453731,0.0973982,0.0547724,0.00243786,0.0547724,0.00243786,0.44309195,0.42496091,-0.00460504,-0.0044839,-0.01012002,-0.01175909,0.91835,0.91835,0.37581728,0.37534015,0,0,414.2,164.2,0.8477,1.0788,1,1,0
2026-09-28T22:36:02.861767+09:00,50118463,9d29af73,2026-09-28T22:36:02.861767+09:00,2026-09-28T22:36:02.898055+09:00,rail-left-01,rail-right-01,0.6.7-draft,0.6.7-draft,mqtt,mqtt,148.26,116.84,6.242,6.453,0.133,0.069,-0.204,-0.265,10.332,9.566,-0.0628,0.0346,0.0432,0.0594,-0.0091,-0.0121,25.0,24.9,15868,18462,1.984,2.308,5.951,6.923,87,87,9,9,0,0,0,0,0.20233479,0.09428975,0.20233479,0.09428975,0.04963351,-0.00240905,0.04963351,-0.00240905,0.44095944,0.42388066,-0.00468156,-0.00438153,-0.01038613,-0.01181289,0.91835,0.91835,0.37576116,0.37531172,0,0,415.2,165.2,0.8477,1.0788,1,1,0
2026-09-28T22:36:02.881805+09:00,50138501,9d29af73,2026-09-28T22:36:02.881805+09:00,2026-09-28T22:36:02.918093+09:00,rail-left-01,rail-right-01,0.6.7-draft,0.6.7-draft,mqtt,mqtt,149.45,117.78,6.227,6.462,-0.126,-0.065,0.289,0.03,10.3,9.73,-0.0616,0.036,0.0409,0.0565,-0.0083,-0.0077,24.97,24.9,15831,18481,1.979,2.31,5.937,6.93,88,88,9,9,0,0,0,0,0.18012586,0.08338714,0.18012586,0.08338714,0.04437035,-0.00724149,0.04437035,-0.00724149,0.4387418,0.42293917,-0.00477112,-0.00427137,-0.01065616,-0.01187079,0.91835,0.91835,0.3757028,0.37528694,0,0,416.2,166.2,0.8477,1.0788,1,1,0
2026-09-28T22:36:02.901766+09:00,50158462,9d29af73,2026-09-28T22:36:02.901766+09:00,2026-09-28T22:36:02.938054+09:00,rail-left-01,rail-right-01,0.6.7-draft,0.6.7-draft,mqtt,mqtt,150.65,118.73,6.204,6.478,0.075,0.12,-0.024,-0.391,10.56,9.619,-0.069,0.0326,0.0401,0.0588,-0.0085,-0.0076,25.0,24.9,15774,18516,1.972,2.315,5.915,6.944,89,89,9,9,0,0,0,0,0.1585385,0.08366782,0.1585385,0.08366782,0.03878735,-0.01220323,0.03878735,-0.01220323,0.43634301,0.42219937,-0.00489086,-0.00414421,-0.01096874,-0.0119532,0.91835,0.91835,0.37563968,0.37526748,0,0,417.3,167.3,0.8477,1.0788,1,1,0
2026-09-28T22:36:02.921814+09:00,50178510,9d29af73,2026-09-28T22:36:02.921814+09:00,2026-09-28T22:36:02.958102+09:00,rail-left-01,rail-right-01,0.6.7-draft,0.6.7-draft,mqtt,mqtt,151.84,119.67,6.207,6.496,-0.086,-0.06,0.135,-0.29,10.435,9.758,-0.0703,0.0356,0.0425,0.0573,-0.0096,-0.0072,24.99,24.87,15781,18556,1.973,2.32,5.918,6.959,90,90,9,9,0,0,0,0,0.13706712,0.07370937,0.13706712,0.07370937,0.03355851,-0.01732649,0.03355851,-0.01732649,0.43410167,0.42166917,-0.00497113,-0.00400032,-0.01118789,-0.01206186,0.91835,0.91835,0.37558069,0.37525352,0,0,418.3,168.3,0.8477,1.0788,1,1,0
2026-09-28T22:36:03.011385+09:00,50265461,9d29af73,2026-09-28T22:36:03.011385+09:00,2026-09-28T22:36:03.054324+09:00,rail-left-01,rail-right-01,0.6.7-draft,0.6.7-draft,mqtt,mqtt,157.11,123.75,6.202,6.5,0.102,0.103,0.12,-0.271,10.562,9.853,-0.0697,0.0309,0.039,0.0586,-0.0107,-0.0064,24.97,24.9,15769,18565,1.971,2.321,5.913,6.962,91,91,10,10,0,0,0,0,0.06161914,-0.05605345,0.06161914,-0.05605345,-0.02234688,-0.0450878,-0.02234688,-0.0450878,0.42111074,0.42580392,-0.00383503,-0.00168592,-0.01208583,-0.00938052,0.91835,0.91835,0.37523883,0.37536233,0,0,422.7,172.7,0.8477,1.0788,1,1,0
2026-09-28T22:36:03.031711+09:00,50285787,9d29af73,2026-09-28T22:36:03.031711+09:00,2026-09-28T22:36:03.074650+09:00,rail-left-01,rail-right-01,0.6.7-draft,0.6.7-draft,mqtt,mqtt,158.3,124.69,6.213,6.558,-0.079,-0.042,0.119,-0.342,10.659,9.692,-0.0729,0.0338,0.0368,0.0505,-0.0097,-0.0031,24.98,24.91,15797,18693,1.975,2.337,5.924,7.01,92,92,10,10,0,0,0,0,0.04909616,-0.06336969,0.04909616,-0.06336969,-0.02696265,-0.04685036,-0.02696265,-0.04685036,0.42067955,0.42723756,-0.00366835,-0.00142529,-0.01205374,-0.00914377,0.91835,0.91835,0.37522748,0.37540006,0,0,423.7,173.7,0.8477,1.0788,1,1,0
2026-09-28T22:36:03.051461+09:00,50305537,9d29af73,2026-09-28T22:36:03.051461+09:00,2026-09-28T22:36:03.094401+09:00,rail-left-01,rail-right-01,0.6.7-draft,0.6.7-draft,mqtt,mqtt,159.5,125.64,6.273,6.567,0.014,0.031,0.06,-0.326,10.318,9.776,-0.0687,0.0337,0.0389,0.0556,-0.0135,-0.0085,24.98,24.89,15947,18713,1.993,2.339,5.98,7.017,93,93,10,10,0,0,0,0,0.03638637,-0.06715298,0.03638637,-0.06715298,-0.03027215,-0.04869983,-0.03027215,-0.04869983,0.42083068,0.42869711,-0.00343304,-0.0011819,-0.01183936,-0.00894068,0.91835,0.91835,0.37523146,0.37543847,0,0,424.8,174.8,0.8477,1.0788,1,1,0
2026-09-28T22:36:03.071414+09:00,50325490,9d29af73,2026-09-28T22:36:03.071414+09:00,2026-09-28T22:36:03.114354+09:00,rail-left-01,rail-right-01,0.6.7-draft,0.6.7-draft,mqtt,mqtt,160.69,126.58,6.28,6.566,0.024,0.077,-0.026,-0.061,10.433,9.783,-0.0685,0.0314,0.0424,0.0612,-0.0099,-0.0084,24.96,24.91,15964,18712,1.996,2.339,5.987,7.017,94,94,10,10,0,0,0,0,0.02350366,-0.06879041,0.02350366,-0.06879041,-0.03332946,-0.05047587,-0.03332946,-0.05047587,0.42104102,0.43010323,-0.00321107,-0.00096292,-0.01161338,-0.00874844,0.91835,0.91835,0.37523699,0.37547547,0,0,425.8,175.8,0.8477,1.0788,1,1,0
2026-09-28T22:36:03.091895+09:00,50345971,9d29af73,2026-09-28T22:36:03.091895+09:00,2026-09-28T22:36:03.134834+09:00,rail-left-01,rail-right-01,0.6.7-draft,0.6.7-draft,mqtt,mqtt,161.93,127.53,6.252,6.58,-0.031,-0.011,0.239,-0.226,10.366,9.658,-0.0702,0.0317,0.0424,0.0613,-0.0084,-0.0095,25.0,24.9,15893,18742,1.987,2.343,5.96,7.028,95,95,10,10,0,0,0,0,0.010354,-0.07423362,0.010354,-0.07423362,-0.03678467,-0.05241265,-0.03678467,-0.05241265,0.42098917,0.43157378,-0.00304469,-0.00075194,-0.01146565,-0.00859227,0.91835,0.91835,0.37523563,0.37551417,0,0,426.8,176.8,0.8477,1.0788,1,1,0
2026-09-28T22:36:03.111952+09:00,50366028,9d29af73,2026-09-28T22:36:03.111952+09:00,2026-09-28T22:36:03.154892+09:00,rail-left-01,rail-right-01,0.6.7-draft,0.6.7-draft,mqtt,mqtt,163.13,128.47,6.283,6.575,-0.051,-0.02,-0.056,0.019,9.986,9.401,-0.0604,0.0301,0.0305,0.0534,-0.0065,-0.0001,24.99,24.89,15970,18731,1.996,2.341,5.989,7.024,96,96,10,10,0,0,0,0,-0.0029321,-0.07998611,-0.0029321,-0.07998611,-0.03956292,-0.05421498,-0.03956292,-0.05421498,0.42121595,0.4329619,-0.00285484,-0.00056442,-0.01124268,-0.00843535,0.91835,0.91835,0.3752416,0.3755507,0,0,427.8,177.8,0.8477,1.0788,1,1,0
2026-09-28T22:36:03.131570+09:00,50385646,9d29af73,2026-09-28T22:36:03.131570+09:00,2026-09-28T22:36:03.174510+09:00,rail-left-01,rail-right-01,0.6.7-draft,0.6.7-draft,mqtt,mqtt,164.32,129.42,6.325,6.572,0.105,-0.013,0.073,-0.413,10.497,9.795,-0.0586,0.0302,0.0356,0.0585,-0.0119,-0.0103,24.97,24.89,16076,18726,2.01,2.341,6.029,7.022,97,97,10,10,0,0,0,0,-0.01606316,-0.08514134,-0.01606316,-0.08514134,-0.04150684,-0.05591873,-0.04150684,-0.05591873,0.4218032,0.43428618,-0.00263275,-0.0003959,-0.01093075,-0.00828114,0.91835,0.91835,0.37525705,0.37558555,0,0,428.8,178.8,0.8477,1.0788,1,1,0
2026-09-28T22:36:03.151507+09:00,50405583,9d29af73,2026-09-28T22:36:03.151507+09:00,2026-09-28T22:36:03.194447+09:00,rail-left-01,rail-right-01,0.6.7-draft,0.6.7-draft,mqtt,mqtt,165.51,130.36,6.364,6.581,0.134,0.034,-0.091,-0.278,10.282,9.876,-0.0689,0.0297,0.0328,0.0545,-0.0055,-0.004,24.98,24.93,16172,18746,2.022,2.343,6.065,7.03,98,98,10,10,0,0,0,0,-0.02895801,-0.08818075,-0.02895801,-0.08818075,-0.04271132,-0.05770473,-0.04271132,-0.05770473,0.42270641,0.4356377,-0.00238687,-0.00023478,-0.01054994,-0.00814858,0.91835,0.91835,0.37528082,0.37562112,0,0,429.9,179.9,0.8477,1.0788,1,1,0
2026-09-28T22:36:03.171467+09:00,50425543,9d29af73,2026-09-28T22:36:03.171467+09:00,2026-09-28T22:36:03.214406+09:00,rail-left-01,rail-right-01,0.6.7-draft,0.6.7-draft,mqtt,mqtt,166.71,131.31,6.391,6.576,-0.041,-0.002,0.26,-0.373,10.551,9.649,-0.0653,0.0309,0.0392,0.0558,-0.0117,-0.0097,24.97,24.89,16241,18734,2.03,2.342,6.09,7.025,99,99,10,10,0,0,0,0,-0.04200343,-0.09266003,-0.04200343,-0.09266003,-0.04341734,-0.05936649,-0.04341734,-0.05936649,0.42380781,0.43691381,-0.00213378,-9.104e-05,-0.01013612,-0.00801373,0.91835,0.91835,0.3753098,0.3756547,0,0,430.9,180.9,0.8477,1.0788,1,1,0
2026-09-28T22:36:03.191728+09:00,50445804,9d29af73,2026-09-28T22:36:03.191728+09:00,2026-09-28T22:36:03.234668+09:00,rail-left-01,rail-right-01,0.6.7-draft,0.6.7-draft,mqtt,mqtt,167.9,132.25,6.383,6.565,-0.138,-0.117,0.196,-0.072,10.543,9.789,-0.0645,0.0337,0.0385,0.0512,-0.0055,-0.0035,24.97,24.9,16220,18710,2.028,2.339,6.083,7.016,100,100,10,10,0,0,0,0,-0.055349,-0.71855488,-0.055349,-0.71855488,-0.04423316,-0.16136649,-0.04423316,-0.16136649,0.42480584,0.51818917,-0.0019112,0.0,-0.00976702,0.0,0.91835,0.73635,0.37533607,0.36848347,0,0,431.9,181.9,0.8477,1.0788,1,1,0
2026-09-28T22:36:03.280691+09:00,50538830,9d29af73,2026-09-28T22:36:03.280691+09:00,2026-09-28T22:36:03.319532+09:00,rail-left-01,rail-right-01,0.6.7-draft,0.6.7-draft,mqtt,mqtt,173.47,136.63,6.383,6.563,-0.005,-0.014,0.124,-0.169,10.411,9.579,-0.0657,0.0264,0.0308,0.0497,-0.006,-0.0031,24.99,24.89,16221,18706,2.028,2.338,6.083,7.015,101,101,11,11,0,0,0,0,-0.77912968,-0.8293904,-0.77912968,-0.8293904,-0.16136649,-0.16461649,-0.16136649,-0.16461649,0.51818917,0.5163975,0.0,0.00137236,0.0,0.00298171,0.73635,0.75135,0.36848347,0.36843753,0,0,436.6,186.6,0.8477,1.0788,1,1,0
2026-09-28T22:36:03.300828+09:00,50558967,9d29af73,2026-09-28T22:36:03.300828+09:00,2026-09-28T22:36:03.339669+09:00,rail-left-01,rail-right-01,0.6.7-draft,0.6.7-draft,mqtt,mqtt,174.66,137.57,6.361,6.485,0.026,-0.011,0.17,-0.128,10.424,9.929,-0.062,0.0225,0.0294,0.0505,-0.0075,-0.0039,25.0,24.92,16165,18533,2.021,2.317,6.062,6.95,102,102,11,11,0,0,0,0,-0.80671264,-0.74421414,-0.80671264,-0.74421414,-0.16869983,-0.15567418,-0.16869983,-0.15567418,0.5145225,0.51472763,-0.00223833,5.422e-05,-0.00447666,0.00751734,0.73635,0.75135,0.36838945,0.36839471,0,0,437.6,187.6,0.8477,1.0788,1,1,0
2026-09-28T22:36:03.320803+09:00,50578942,9d29af73,2026-09-28T22:36:03.320803+09:00,2026-09-28T22:36:03.359644+09:00,rail-left-01,rail-right-01,0.6.7-draft,0.6.7-draft,mqtt,mqtt,175.85,138.56,6.376,6.448,0.261,0.177,-0.06,-0.195,10.502,9.884,-0.065,0.0285,0.0386,0.0541,-0.0107,-0.0169,24.97,24.91,16203,18451,2.025,2.306,6.076,6.919,103,103,11,11,0,0,0,0,-0.82067512,-0.63338704,-0.82067512,-0.63338704,-0.16861649,-0.14536649,-0.16861649,-0.14536649,0.51456417,0.51197488,-0.00154533,-0.00137847,-0.00309066,0.01132303,0.73635,0.75135,0.36839052,0.36832412,0,0,438.6,188.6,0.8477,1.0788,1,1,0
2026-09-28T22:36:03.340732+09:00,50598871,9d29af73,2026-09-28T22:36:03.340732+09:00,2026-09-28T22:36:03.379573+09:00,rail-left-01,rail-right-01,0.6.7-draft,0.6.7-draft,mqtt,mqtt,177.05,139.46,6.382,6.457,-0.215,-0.156,-0.007,-0.463,10.423,9.54,-0.0659,0.0342,0.0461,0.0556,-0.0072,-0.0071,24.99,24.9,16218,18471,2.027,2.309,6.082,6.927,104,104,11,11,0,0,0,0,-0.8403387,-0.59993692,-0.8403387,-0.59993692,-0.16736649,-0.13703316,-0.16736649,-0.13703316,0.51518917,0.50988917,-0.00073261,-0.00211291,-0.00146522,0.01325859,0.73635,0.75135,0.36840654,0.36827064,0,0,439.6,189.6,0.8477,1.0788,1,1,0
2026-09-28T22:36:03.360773+09:00,50618912,9d29af73,2026-09-28T22:36:03.360773+09:00,2026-09-28T22:36:03.399614+09:00,rail-left-01,rail-right-01,0.6.7-draft,0.6.7-draft,mqtt,mqtt,178.24,140.45,6.373,6.451,-0.061,0.035,0.215,-0.328,10.307,9.768,-0.0642,0.0338,0.0369,0.0516,-0.0033,-0.0059,24.99,24.88,16194,18457,2.024,2.307,6.073,6.921,105,105,11,11,0,0,0,0,-0.85890997,-0.53679967,-0.85890997,-0.53679967,-0.16803316,-0.12936649,-0.16803316,-0.12936649,0.51485584,0.50787667,-0.00077346,-0.00265981,-0.00154693,0.01454556,0.73635,0.75135,0.368398,0.36821904,0,0,440.6,190.6,0.8477,1.0788,1,1,0
2026-09-28T22:36:03.380881+09:00,50639020,9d29af73,2026-09-28T22:36:03.380881+09:00,2026-09-28T22:36:03.419722+09:00,rail-left-01,rail-right-01,0.6.7-draft,0.6.7-draft,mqtt,mqtt,179.43,141.4,6.368,6.436,-0.026,-0.012,0.23,-0.054,10.444,9.74,-0.062,0.033,0.0385,0.0598,-0.0061,-0.0052,25.0,24.91,16183,18423,2.023,2.303,6.069,6.909,106,106,11,11,0,0,0,0,-0.87625133,-0.48888998,-0.87625133,-0.48888998,-0.16922364,-0.12171943,-0.16922364,-0.12171943,0.5142606,0.50565976,-0.00099144,-0.00319264,-0.00198287,0.01564217,0.73635,0.75135,0.36838273,0.3681622,0,0,441.7,191.7,0.8477,1.0788,1,1,0
2026-09-28T22:36:03.400713+09:00,50658852,9d29af73,2026-09-28T22:36:03.400713+09:00,2026-09-28T22:36:03.439554+09:00,rail-left-01,rail-right-01,0.6.7-draft,0.6.7-draft,mqtt,mqtt,180.63,142.34,6.356,6.43,0.08,0.141,0.002,-0.261,10.558,9.633,-0.0659,0.033,0.0316,0.0524,-0.0037,0.0004,25.0,24.9,16153,18409,2.019,2.301,6.057,6.903,107,107,11,11,0,0,0,0,-0.89073527,-0.42201199,-0.89073527,-0.42201199,-0.17161649,-0.11458871,-0.17161649,-0.11458871,0.51306417,0.5035225,-0.00156772,-0.00361215,-0.00313544,0.01641058,0.75135,0.75135,0.36835206,0.3681074,0,0,442.7,192.7,0.8477,1.0788,1,1,0
2026-09-28T22:36:03.420838+09:00,50678977,9d29af73,2026-09-28T22:36:03.420838+09:00,2026-09-28T22:36:03.459679+09:00,rail-left-01,rail-right-01,0.6.7-draft,0.6.7-draft,mqtt,mqtt,181.87,143.29,6.364,6.42,0.002,0.001,0.129,-0.341,10.406,9.668,-0.0642,0.0352,0.0377,0.0548,-0.0068,-0.0032,24.99,24.88,16174,18388,2.022,2.299,6.065,6.896,108,108,11,11,0,0,0,0,-0.90461251,-0.38318919,-0.90461251,-0.38318919,-0.17258871,-0.10768228,-0.17258871,-0.10768228,0.51257806,0.50134706,-0.00154561,-0.00398984,-0.00309121,0.01702842,0.75135,0.75135,0.36833959,0.36805162,0,0,443.7,193.7,0.8477,1.0788,1,1,0
2026-09-28T22:36:03.440781+09:00,50698920,9d29af73,2026-09-28T22:36:03.440781+09:00,2026-09-28T22:36:03.479622+09:00,rail-left-01,rail-right-01,0.6.7-draft,0.6.7-draft,mqtt,mqtt,183.01,144.23,6.377,6.406,-0.035,-0.041,0.207,-0.147,10.417,9.79,-0.0566,0.0325,0.0326,0.0472,-0.0056,-0.0005,24.98,24.92,16206,18357,2.026,2.295,6.077,6.884,109,109,11,11,0,0,0,0,-0.91807595,-0.35427886,-0.91807595,-0.35427886,-0.17206649,-0.10076649,-0.17206649,-0.10076649,0.51283917,0.49903917,-0.00106212,-0.00436959,-0.00212423,0.01760724,0.75135,0.75135,0.36834629,0.36799244,0,0,444.7,194.7,0.8477,1.0788,1,1,0
2026-09-28T22:36:03.460654+09:00,50718793,9d29af73,2026-09-28T22:36:03.460654+09:00,2026-09-28T22:36:03.499495+09:00,rail-left-01,rail-right-01,0.6.7-draft,0.6.7-draft,mqtt,mqtt,184.21,145.18,6.416,6.393,0.11,0.165,-0.123,-0.336,10.482,9.843,-0.0573,0.0328,0.0325,0.051,-0.0092,-0.0116,24.98,24.9,16303,18327,2.038,2.291,6.114,6.873,110,110,11,11,0,0,0,0,-0.92971511,-0.30049547,-0.92971511,-0.30049547,-0.16809377,-0.0938903,-0.16809377,-0.0938903,0.51482553,0.49664155,0.00037358,-0.00473787,0.00074715,0.0181341,0.75135,0.75135,0.36839722,0.36793096,0,0,445.7,195.7,0.8477,1.0788,1,1,0
2026-09-28T22:36:03.589552+09:00,50806470,9d29af73,2026-09-28T22:36:03.589552+09:00,2026-09-28T22:36:03.670533+09:00,rail-left-01,rail-right-01,0.6.7-draft,0.6.7-draft,mqtt,mqtt,189.48,149.35,6.443,6.389,-0.068,0.006,-0.032,-0.287,10.622,9.741,-0.0602,0.0346,0.0317,0.0469,-0.0073,-0.0069,24.99,24.89,16370,18320,2.046,2.29,6.139,6.87,111,111,12,12,0,0,0,0,-0.26732918,-0.12597018,-0.26732918,-0.12597018,-0.08641195,-0.00364774,-0.08641195,-0.00364774,0.49507553,0.50151729,-0.00461062,-0.00016605,0.01825932,0.02085399,0.81535,0.83535,0.36789081,0.36805598,0,0,450.2,200.2,0.8477,1.0788,1,1,0
2026-09-28T22:36:03.609693+09:00,50826611,9d29af73,2026-09-28T22:36:03.609693+09:00,2026-09-28T22:36:03.690674+09:00,rail-left-01,rail-right-01,0.6.7-draft,0.6.7-draft,mqtt,mqtt,190.67,150.3,6.524,6.28,0.061,0.032,0.192,-0.283,10.52,9.548,-0.0617,0.0377,0.0386,0.0541,-0.0119,-0.0077,24.98,24.89,16572,18078,2.072,2.26,6.215,6.779,112,112,12,12,0,0,0,0,-0.23885964,-0.12319298,-0.23885964,-0.12319298,-0.07606214,0.00587593,-0.07606214,0.00587593,0.49540656,0.50053765,-0.00381207,-0.00039904,0.01949775,0.02125887,0.81535,0.83535,0.3678993,0.36803086,0,0,451.2,201.2,0.8477,1.0788,1,1,0
2026-09-28T22:36:03.629629+09:00,50846547,9d29af73,2026-09-28T22:36:03.629629+09:00,2026-09-28T22:36:03.710610+09:00,rail-left-01,rail-right-01,0.6.7-draft,0.6.7-draft,mqtt,mqtt,191.81,151.24,6.542,6.266,0.01,-0.013,-0.072,-0.109,10.481,9.639,-0.0636,0.0297,0.0398,0.0574,-0.0099,-0.0111,24.98,24.89,16616,18047,2.077,2.256,6.231,6.768,113,113,12,12,0,0,0,0,-0.21467134,-0.12434302,-0.21467134,-0.12434302,-0.06582483,0.01525115,-0.06582483,0.01525115,0.496085,0.49940976,-0.00307073,-0.00063457,0.02049543,0.02161278,0.81535,0.83535,0.36791669,0.36800194,0,0,452.2,202.2,0.8477,1.0788,1,1,0
2026-09-28T22:36:03.649681+09:00,50866599,9d29af73,2026-09-28T22:36:03.649681+09:00,2026-09-28T22:36:03.730662+09:00,rail-left-01,rail-right-01,0.6.7-draft,0.6.7-draft,mqtt,mqtt,193.06,152.24,6.526,6.267,-0.08,-0.031,0.126,-0.251,10.642,9.764,-0.0665,0.0316,0.0401,0.0533,-0.0112,-0.0104,24.99,24.9,16577,18048,2.072,2.256,6.216,6.768,114,114,12,12,0,0,0,0,-0.19459095,-0.12685398,-0.19459095,-0.12685398,-0.05704649,0.02406208,-0.05704649,0.02406208,0.49638917,0.4983606,-0.00259416,-0.00082206,0.02086572,0.02182521,0.83535,0.83535,0.36792449,0.36797504,0,0,453.2,203.2,0.8477,1.0788,1,1,0
2026-09-28T22:36:03.669741+09:00,50886659,9d29af73,2026-09-28T22:36:03.669741+09:00,2026-09-28T22:36:03.750722+09:00,rail-left-01,rail-right-01,0.6.7-draft,0.6.7-draft,mqtt,mqtt,194.25,153.18,6.535,6.262,0.038,0.085,0.002,-0.292,10.415,9.596,-0.0687,0.0321,0.036,0.0548,-0.0065,-0.0083,25.0,24.86,16599,18037,2.075,2.255,6.225,6.764,115,115,12,12,0,0,0,0,-0.17747852,-0.12008058,-0.17747852,-0.12008058,-0.04859726,0.0325224,-0.04859726,0.0325224,0.49684301,0.49730028,-0.00215737,-0.00099014,0.02110827,0.02196903,0.83535,0.83535,0.36793613,0.36794785,0,0,454.2,204.2,0.8477,1.0788,1,1,0
2026-09-28T22:36:03.689739+09:00,50906657,9d29af73,2026-09-28T22:36:03.689739+09:00,2026-09-28T22:36:03.770720+09:00,rail-left-01,rail-right-01,0.6.7-draft,0.6.7-draft,mqtt,mqtt,195.44,154.13,6.551,6.247,-0.008,-0.028,-0.038,-0.224,10.483,9.65,-0.0675,0.033,0.0398,0.055,-0.0059,-0.0084,24.99,24.89,16638,18005,2.08,2.251,6.239,6.752,116,116,12,12,0,0,0,0,-0.16321243,-0.12237276,-0.16321243,-0.12237276,-0.04018131,0.0409308,-0.04018131,0.0409308,0.49755954,0.49609457,-0.00171518,-0.00117102,0.02133508,0.02211554,0.83535,0.83535,0.3679545,0.36791694,0,0,455.2,205.2,0.8477,1.0788,1,1,0
2026-09-28T22:36:03.709686+09:00,50926604,9d29af73,2026-09-28T22:36:03.709686+09:00,2026-09-28T22:36:03.790667+09:00,rail-left-01,rail-right-01,0.6.7-draft,0.6.7-draft,mqtt,mqtt,196.59,155.07,6.548,6.25,0.067,0.044,0.139,-0.207,10.485,9.79,-0.061,0.0318,0.0368,0.0537,-0.008,-0.0101,24.98,24.9,16632,18011,2.079,2.251,6.237,6.754,117,117,12,12,0,0,0,0,-0.15107717,-0.11915243,-0.15107717,-0.11915243,-0.03247364,0.04881772,-0.03247364,0.04881772,0.49817131,0.4949918,-0.00137038,-0.00131309,0.02136098,0.02216783,0.83535,0.83535,0.36797019,0.36788866,0,0,456.2,206.2,0.8477,1.0788,1,1,0
2026-09-28T22:36:03.729639+09:00,50946557,9d29af73,2026-09-28T22:36:03.729639+09:00,2026-09-28T22:36:03.810620+09:00,rail-left-01,rail-right-01,0.6.7-draft,0.6.7-draft,mqtt,mqtt,197.78,156.02,6.564,6.248,0.029,0.024,0.189,-0.205,10.381,9.867,-0.0644,0.0332,0.039,0.0538,-0.0059,-0.012,25.0,24.88,16671,18006,2.084,2.251,6.252,6.752,118,118,12,12,0,0,0,0,-0.14099111,-0.11754102,-0.14099111,-0.11754102,-0.0247458,0.05635146,-0.0247458,0.05635146,0.49901675,0.49391994,-0.00101085,-0.0014363,0.0214125,0.02216945,0.83535,0.83535,0.36799187,0.36786118,0,0,457.2,207.2,0.8477,1.0788,1,1,0
2026-09-28T22:36:03.749706+09:00,50966624,9d29af73,2026-09-28T22:36:03.749706+09:00,2026-09-28T22:36:03.830687+09:00,rail-left-01,rail-right-01,0.6.7-draft,0.6.7-draft,mqtt,mqtt,198.97,157.01,6.574,6.252,-0.004,0.051,-0.14,-0.351,10.532,9.594,-0.0633,0.0306,0.041,0.0572,-0.0091,-0.012,25.0,24.9,16696,18016,2.087,2.252,6.261,6.756,119,119,12,12,0,0,0,0,-0.13287197,-0.1141031,-0.13287197,-0.1141031,-0.01719983,0.06340851,-0.01719983,0.06340851,0.4999725,0.49295167,-0.00066966,-0.00152949,0.02143061,0.02209924,0.83535,0.83535,0.36801637,0.36783635,0,0,458.2,208.2,0.8477,1.0788,1,1,0
2026-09-28T22:36:03.769771+09:00,50986689,9d29af73,2026-09-28T22:36:03.769771+09:00,2026-09-28T22:36:03.850752+09:00,rail-left-01,rail-right-01,0.6.7-draft,0.6.7-draft,mqtt,mqtt,200.17,157.95,6.57,6.256,-0.044,0.025,-0.038,-0.401,10.484,9.559,-0.0645,0.0296,0.0377,0.0608,-0.0079,-0.0047,24.99,24.92,16685,18024,2.086,2.253,6.257,6.759,120,120,12,12,0,0,0,0,-0.12656113,-0.11264484,-0.12656113,-0.11264484,-0.01026972,0.07002375,-0.01026972,0.07002375,0.50080207,0.49207941,-0.00040214,-0.00159783,0.02130841,0.02197321,0.83535,0.83535,0.36803764,0.36781398,0,0,459.2,209.2,0.8477,1.0788,1,1,0
2026-09-28T22:36:03.895569+09:00,51159445,9d29af73,2026-09-28T22:36:03.895569+09:00,2026-09-28T22:36:03.978979+09:00,rail-left-01,rail-right-01,0.6.7-draft,0.6.7-draft,mqtt,mqtt,210.51,166.21,6.566,6.254,-0.175,-0.145,0.08,-0.375,10.529,9.699,-0.0693,0.0304,0.0425,0.0596,-0.0083,-0.0081,24.97,24.89,16675,18019,2.084,2.252,6.253,6.757,121,121,13,13,0,0,0,0,-0.12012569,-0.20210112,-0.12012569,-0.20210112,0.07622875,0.09130658,0.07622875,0.09130658,0.49120107,0.46731417,-0.00163956,-0.00390849,0.02118138,0.01148163,0.83535,0.83535,0.36779146,0.36717898,0,0,468.0,218.0,0.8477,1.0788,1,1,0
2026-09-28T22:36:03.915695+09:00,51179571,9d29af73,2026-09-28T22:36:03.915695+09:00,2026-09-28T22:36:03.999105+09:00,rail-left-01,rail-right-01,0.6.7-draft,0.6.7-draft,mqtt,mqtt,211.7,167.15,6.471,6.236,0.172,0.133,-0.184,-0.192,10.353,9.612,-0.0667,0.033,0.0416,0.0598,-0.0075,-0.0039,24.97,24.89,16439,17980,2.055,2.248,6.165,6.743,122,122,13,13,0,0,0,0,-0.12768432,-0.18804075,-0.12768432,-0.18804075,0.07993583,0.09140709,0.07993583,0.09140709,0.48925894,0.46450049,-0.00190853,-0.00408067,0.02000167,0.01066121,0.83535,0.83535,0.36774166,0.36710683,0,0,469.0,219.0,0.8477,1.0788,1,1,0
2026-09-28T22:36:03.935615+09:00,51199491,9d29af73,2026-09-28T22:36:03.935615+09:00,2026-09-28T22:36:04.019025+09:00,rail-left-01,rail-right-01,0.6.7-draft,0.6.7-draft,mqtt,mqtt,212.89,168.1,6.458,6.244,-0.043,-0.019,0.165,-0.287,10.448,9.731,-0.0685,0.0342,0.0432,0.0604,-0.0079,-0.0068,24.98,24.89,16408,17998,2.051,2.25,6.153,6.749,123,123,13,13,0,0,0,0,-0.13585381,-0.18255885,-0.13585381,-0.18255885,0.08317896,0.09135573,0.08317896,0.09135573,0.48725735,0.46186509,-0.00215292,-0.00420985,0.0189234,0.00992736,0.83535,0.83535,0.36769034,0.36703926,0,0,470.0,220.0,0.8477,1.0788,1,1,0
2026-09-28T22:36:03.955737+09:00,51219613,9d29af73,2026-09-28T22:36:03.955737+09:00,2026-09-28T22:36:04.039147+09:00,rail-left-01,rail-right-01,0.6.7-draft,0.6.7-draft,mqtt,mqtt,214.09,169.04,6.447,6.26,0.051,0.084,-0.017,-0.177,10.503,9.688,-0.0671,0.0346,0.0396,0.0554,-0.0031,-0.0049,25.0,24.9,16379,18033,2.047,2.254,6.142,6.762,124,124,13,13,0,0,0,0,-0.14429119,-0.17193924,-0.14429119,-0.17193924,0.08603351,0.09101533,0.08603351,0.09101533,0.4852225,0.45947099,-0.00237332,-0.00429388,0.01793457,0.00924265,0.83535,0.83535,0.36763817,0.36697787,0,0,471.0,221.0,0.8477,1.0788,1,1,0
2026-09-28T22:36:03.975600+09:00,51239476,9d29af73,2026-09-28T22:36:03.975600+09:00,2026-09-28T22:36:04.059010+09:00,rail-left-01,rail-right-01,0.6.7-draft,0.6.7-draft,mqtt,mqtt,215.28,169.99,6.431,6.265,0.041,0.03,0.074,-0.31,10.382,9.705,-0.0644,0.0321,0.046,0.0653,-0.0116,-0.0131,24.98,24.89,16339,18043,2.042,2.255,6.127,6.766,125,125,13,13,0,0,0,0,-0.15304666,-0.16444855,-0.15304666,-0.16444855,0.08841612,0.09059779,0.08841612,0.09059779,0.48310221,0.45720703,-0.0025844,-0.00435513,0.01699922,0.00862635,0.83535,0.83535,0.3675838,0.36691982,0,0,472.0,222.0,0.8477,1.0788,1,1,0
2026-09-28T22:36:03.995769+09:00,51259645,9d29af73,2026-09-28T22:36:03.995769+09:00,2026-09-28T22:36:04.079179+09:00,rail-left-01,rail-right-01,0.6.7-draft,0.6.7-draft,mqtt,mqtt,216.47,170.98,6.396,6.28,-0.034,-0.079,0.06,-0.202,10.556,9.719,-0.0649,0.0314,0.0428,0.059,-0.0079,-0.0027,24.99,24.91,16252,18077,2.032,2.26,6.095,6.779,126,126,13,13,0,0,0,0,-0.16222365,-0.16266091,-0.16222365,-0.16266091,0.08995266,0.08993175,0.08995266,0.08993175,0.48069981,0.45515408,-0.00282325,-0.00438554,0.01603758,0.00804234,0.83535,0.83535,0.3675222,0.36686718,0,0,473.1,223.1,0.8477,1.0788,1,1,0
2026-09-28T22:36:04.015746+09:00,51279622,9d29af73,2026-09-28T22:36:04.015746+09:00,2026-09-28T22:36:04.099156+09:00,rail-left-01,rail-right-01,0.6.7-draft,0.6.7-draft,mqtt,mqtt,217.67,171.93,6.389,6.284,0.025,0.013,-0.065,-0.346,10.481,9.819,-0.0628,0.0274,0.0408,0.0602,-0.0105,-0.0108,24.99,24.9,16236,18086,2.03,2.261,6.089,6.782,127,127,13,13,0,0,0,0,-0.17160095,-0.15644178,-0.17160095,-0.15644178,0.09127934,0.08921971,0.09127934,0.08921971,0.47832459,0.45320641,-0.0030336,-0.004403,0.01515746,0.00751175,0.83535,0.83535,0.3674613,0.36681724,0,0,474.1,224.1,0.8477,1.0788,1,1,0
2026-09-28T22:36:04.035612+09:00,51299488,9d29af73,2026-09-28T22:36:04.035612+09:00,2026-09-28T22:36:04.119022+09:00,rail-left-01,rail-right-01,0.6.7-draft,0.6.7-draft,mqtt,mqtt,218.86,172.87,6.346,6.285,0.043,0.05,0.208,-0.045,10.588,9.723,-0.0626,0.0317,0.0449,0.0594,-0.0095,-0.01,24.99,24.89,16128,18089,2.016,2.261,6.048,6.783,128,128,13,13,0,0,0,0,-0.1811479,-0.14863476,-0.1811479,-0.14863476,0.09167432,0.08851486,0.09167432,0.08851486,0.47560754,0.45133324,-0.00328063,-0.0044129,0.01422573,0.0070332,0.83535,0.83535,0.36739163,0.36676921,0,0,475.1,225.1,0.8477,1.0788,1,1,0
2026-09-28T22:36:04.055727+09:00,51319603,9d29af73,2026-09-28T22:36:04.055727+09:00,2026-09-28T22:36:04.139137+09:00,rail-left-01,rail-right-01,0.6.7-draft,0.6.7-draft,mqtt,mqtt,220.05,173.82,6.336,6.302,-0.109,-0.061,0.212,-0.328,10.523,9.505,-0.0666,0.0346,0.0422,0.0558,-0.0073,-0.002,24.98,24.92,16104,18126,2.013,2.266,6.039,6.797,129,129,13,13,0,0,0,0,-0.19114495,-0.1463491,-0.19114495,-0.1463491,0.09185351,0.08755017,0.09185351,0.08755017,0.47289917,0.44966417,-0.00350438,-0.00439994,0.01335973,0.00656616,0.83535,0.83535,0.36732218,0.36672641,0,0,476.1,226.1,0.8477,1.0788,1,1,0
2026-09-28T22:36:04.075926+09:00,51339802,9d29af73,2026-09-28T22:36:04.075926+09:00,2026-09-28T22:36:04.159336+09:00,rail-left-01,rail-right-01,0.6.7-draft,0.6.7-draft,mqtt,mqtt,221.3,174.76,6.312,6.3,0.057,0.048,0.145,-0.241,10.432,9.928,-0.0653,0.0332,0.0401,0.058,-0.0097,-0.0048,24.99,24.9,16043,18122,2.005,2.265,6.016,6.796,130,130,13,13,0,0,0,0,-0.20115292,-0.13910598,-0.20115292,-0.13910598,0.09155508,0.0866499,0.09155508,0.0866499,0.47006172,0.44803343,-0.00372936,-0.00438628,0.0125059,0.00614693,0.83535,0.83535,0.36724943,0.3666846,0,0,477.2,227.2,0.8477,1.0788,1,1,0
2026-09-28T22:36:04.251792+09:00,51467440,9d29af73,2026-09-28T22:36:04.251792+09:00,2026-09-28T22:36:04.289651+09:00,rail-left-01,rail-right-01,0.6.7-draft,0.6.7-draft,mqtt,mqtt,228.95,180.88,6.292,6.304,0.05,-0.024,0.153,-0.348,10.265,9.657,-0.0693,0.0352,0.0453,0.0612,-0.0099,-0.0075,24.99,24.92,15994,18131,1.999,2.266,5.998,6.799,131,131,14,14,0,0,0,0,-0.09407139,-0.233712,-0.09407139,-0.233712,0.01263351,0.00099714,0.01263351,0.00099714,0.34018917,0.33473462,0.0,0.00490719,0.0,0.00911863,0.45835,0.88335,0.42866511,0.42851359,0,0,483.6,233.6,0.8477,1.0788,1,1,0
2026-09-28T22:36:04.271912+09:00,51487560,9d29af73,2026-09-28T22:36:04.271912+09:00,2026-09-28T22:36:04.309771+09:00,rail-left-01,rail-right-01,0.6.7-draft,0.6.7-draft,mqtt,mqtt,230.2,181.82,6.215,6.381,-0.041,0.041,-0.135,-0.204,10.305,9.564,-0.0657,0.0352,0.0405,0.054,-0.0103,-0.0028,24.98,24.9,15802,18302,1.975,2.288,5.926,6.863,132,132,14,14,0,0,0,0,-0.11915773,-0.18357596,-0.11915773,-0.18357596,-0.02586649,-0.00344983,-0.02586649,-0.00344983,0.32093917,0.33923084,-0.0616,0.00640947,-0.1232,0.00299535,0.49835,0.88335,0.42813038,0.42863849,0,0,484.7,234.7,0.8477,1.0788,1,1,0
2026-09-28T22:36:04.291838+09:00,51507486,9d29af73,2026-09-28T22:36:04.291838+09:00,2026-09-28T22:36:04.329697+09:00,rail-left-01,rail-right-01,0.6.7-draft,0.6.7-draft,mqtt,mqtt,231.39,182.76,6.216,6.391,-0.029,-0.066,0.069,-0.394,10.69,9.65,-0.0698,0.0304,0.0374,0.0582,-0.0111,-0.0069,25.01,24.89,15804,18324,1.976,2.291,5.927,6.872,133,133,14,14,0,0,0,0,-0.14245964,-0.16483139,-0.14245964,-0.16483139,-0.03836649,-0.00798188,-0.03836649,-0.00798188,0.31468917,0.34341994,-0.03140324,0.00719044,-0.06280648,-0.00033262,0.88335,0.88335,0.42795677,0.42875485,0,0,485.7,235.7,0.8477,1.0788,1,1,0
2026-09-28T22:36:04.311964+09:00,51527612,9d29af73,2026-09-28T22:36:04.311964+09:00,2026-09-28T22:36:04.349823+09:00,rail-left-01,rail-right-01,0.6.7-draft,0.6.7-draft,mqtt,mqtt,232.63,183.71,6.247,6.408,0.057,0.023,-0.059,-0.487,10.625,9.746,-0.0698,0.0325,0.0384,0.0577,-0.0121,-0.0101,24.98,24.91,15882,18362,1.985,2.295,5.956,6.886,134,134,14,14,0,0,0,0,-0.16280768,-0.13067757,-0.16280768,-0.13067757,-0.03686649,-0.01308078,-0.03686649,-0.01308078,0.31543917,0.34761774,-0.01102714,0.00780613,-0.02205428,-0.0027859,0.88335,0.88335,0.42797761,0.42887145,0,0,486.8,236.8,0.8477,1.0788,1,1,0
2026-09-28T22:36:04.332072+09:00,51547720,9d29af73,2026-09-28T22:36:04.332072+09:00,2026-09-28T22:36:04.369931+09:00,rail-left-01,rail-right-01,0.6.7-draft,0.6.7-draft,mqtt,mqtt,233.82,184.65,6.292,6.418,0.095,0.086,0.109,-0.169,10.449,9.833,-0.065,0.0349,0.0412,0.0542,-0.0073,-0.0007,24.99,24.89,15993,18383,1.999,2.298,5.997,6.894,135,135,14,14,0,0,0,0,-0.18116366,-0.08925634,-0.18116366,-0.08925634,-0.02696649,-0.01816649,-0.02696649,-0.01816649,0.32038917,0.35158917,0.00252595,0.0082286,0.00505189,-0.0045698,0.88335,0.88335,0.42811511,0.42898177,0,0,487.8,237.8,0.8477,1.0788,1,1,0
2026-09-28T22:36:04.352247+09:00,51567895,9d29af73,2026-09-28T22:36:04.352247+09:00,2026-09-28T22:36:04.390106+09:00,rail-left-01,rail-right-01,0.6.7-draft,0.6.7-draft,mqtt,mqtt,235.02,185.65,6.299,6.436,-0.016,0.01,0.019,-0.213,10.489,9.723,-0.0663,0.0358,0.0426,0.058,-0.0033,0.0015,24.97,24.91,16012,18423,2.002,2.303,6.005,6.909,136,136,14,14,0,0,0,0,-0.20048967,-0.0663897,-0.20048967,-0.0663897,-0.01919983,-0.02374149,-0.01919983,-0.02374149,0.3242725,0.35562667,0.00691681,0.00863764,0.01383362,-0.0061704,0.88335,0.88335,0.42822298,0.42909392,0,0,488.8,238.8,0.8477,1.0788,1,1,0
2026-09-28T22:36:04.371882+09:00,51587530,9d29af73,2026-09-28T22:36:04.371882+09:00,2026-09-28T22:36:04.409741+09:00,rail-left-01,rail-right-01,0.6.7-draft,0.6.7-draft,mqtt,mqtt,236.21,186.59,6.302,6.437,-0.018,0.049,0.215,-0.116,10.366,9.674,-0.0606,0.0337,0.0366,0.0517,-0.0029,0.0,24.99,24.9,16018,18425,2.002,2.303,6.007,6.909,137,137,14,14,0,0,0,0,-0.21954745,-0.03961563,-0.21954745,-0.03961563,-0.01322364,-0.02871943,-0.01322364,-0.02871943,0.3272606,0.35921858,0.00803842,0.00884327,0.01607684,-0.0072481,0.88335,0.88335,0.42830598,0.4291937,0,0,489.8,239.8,0.8477,1.0788,1,1,0
2026-09-28T22:36:04.391838+09:00,51607486,9d29af73,2026-09-28T22:36:04.391838+09:00,2026-09-28T22:36:04.429697+09:00,rail-left-01,rail-right-01,0.6.7-draft,0.6.7-draft,mqtt,mqtt,237.4,187.54,6.309,6.443,-0.007,-0.022,0.032,-0.423,10.406,9.523,-0.0645,0.0356,0.0441,0.0633,-0.0036,-0.0065,24.98,24.89,16036,18438,2.005,2.305,6.014,6.914,138,138,14,14,0,0,0,0,-0.23870091,-0.02701356,-0.23870091,-0.02701356,-0.00786649,-0.0334776,-0.00786649,-0.0334776,0.32993917,0.36257806,0.00833372,0.00896853,0.01666744,-0.00808453,0.88335,0.88335,0.42838038,0.42928702,0,0,490.8,240.8,0.8477,1.0788,1,1,0
2026-09-28T22:36:04.411965+09:00,51627613,9d29af73,2026-09-28T22:36:04.411965+09:00,2026-09-28T22:36:04.449824+09:00,rail-left-01,rail-right-01,0.6.7-draft,0.6.7-draft,mqtt,mqtt,238.65,188.48,6.3,6.453,-0.017,-0.037,0.063,-0.25,10.561,9.676,-0.0646,0.0336,0.0394,0.057,-0.0059,-0.0019,24.99,24.91,16014,18460,2.002,2.308,6.005,6.923,139,139,14,14,0,0,0,0,-0.25762113,-0.01806981,-0.25762113,-0.01806981,-0.00469983,-0.03826123,-0.00469983,-0.03826123,0.3315225,0.36584706,0.00739794,0.00907677,0.01479587,-0.00882495,0.88335,0.88335,0.42842436,0.42937782,0,0,491.9,241.9,0.8477,1.0788,1,1,0
2026-09-28T22:36:04.431831+09:00,51647479,9d29af73,2026-09-28T22:36:04.431831+09:00,2026-09-28T22:36:04.469690+09:00,rail-left-01,rail-right-01,0.6.7-draft,0.6.7-draft,mqtt,mqtt,239.84,189.43,6.308,6.466,0.087,0.135,-0.19,-0.163,10.369,9.799,-0.0638,0.032,0.0401,0.059,-0.0087,-0.0072,24.99,24.89,16034,18489,2.004,2.311,6.013,6.933,140,140,14,14,0,0,0,0,-0.27510788,0.01436667,-0.27510788,0.01436667,-0.00136649,-0.04321649,-0.00136649,-0.04321649,0.33318917,0.36911417,0.00688783,0.00919664,0.01377567,-0.00954113,0.88335,0.88335,0.42847066,0.42946858,0,0,492.9,242.9,0.8477,1.0788,1,1,0
2026-09-28T22:36:04.519338+09:00,51777455,9d29af73,2026-09-28T22:36:04.519338+09:00,2026-09-28T22:36:04.600669+09:00,rail-left-01,rail-right-01,0.6.7-draft,0.6.7-draft,mqtt,mqtt,247.7,195.59,6.297,6.474,-0.02,0.0,-0.037,-0.182,10.258,9.732,-0.064,0.0333,0.0382,0.0589,-0.0091,-0.0064,24.97,24.9,16005,18507,2.001,2.313,6.002,6.94,141,141,15,15,0,0,0,0,0.03169584,0.06082489,0.03169584,0.06082489,-0.04822364,-0.12849552,-0.04822364,-0.12849552,0.37180822,0.36546336,0.00845305,0.00112194,-0.00973957,-0.01621988,0.88335,0.90935,0.42954341,0.42936717,0,0,499.5,249.5,0.8477,1.0788,1,1,0
2026-09-28T22:36:04.539522+09:00,51797639,9d29af73,2026-09-28T22:36:04.539522+09:00,2026-09-28T22:36:04.620853+09:00,rail-left-01,rail-right-01,0.6.7-draft,0.6.7-draft,mqtt,mqtt,248.89,196.59,6.197,6.553,-0.034,0.03,0.084,-0.205,10.593,9.859,-0.0608,0.0322,0.0397,0.0601,-0.0107,-0.0069,24.96,24.89,15756,18684,1.97,2.336,5.909,7.007,142,142,15,15,0,0,0,0,0.04478947,0.0633227,0.04478947,0.0633227,-0.05732104,-0.13739774,-0.05732104,-0.13739774,0.37198462,0.36592354,0.00702652,0.00111188,-0.01150616,-0.01660839,0.88335,0.90935,0.42954831,0.42937995,0,0,500.5,250.5,0.8477,1.0788,1,1,0
2026-09-28T22:36:04.559489+09:00,51817606,9d29af73,2026-09-28T22:36:04.559489+09:00,2026-09-28T22:36:04.640820+09:00,rail-left-01,rail-right-01,0.6.7-draft,0.6.7-draft,mqtt,mqtt,250.13,197.53,6.188,6.568,0.041,-0.006,-0.036,-0.158,10.484,9.797,-0.062,0.0297,0.0381,0.0572,-0.0115,-0.0068,24.96,24.89,15735,18716,1.967,2.34,5.901,7.019,143,143,15,15,0,0,0,0,0.05471854,0.06260177,0.05471854,0.06260177,-0.06601867,-0.14621498,-0.06601867,-0.14621498,0.37195004,0.36658311,0.00592903,0.00115087,-0.01272876,-0.01696139,0.88335,0.90935,0.42954735,0.42939827,0,0,501.6,251.6,0.8477,1.0788,1,1,0
2026-09-28T22:36:04.579439+09:00,51837556,9d29af73,2026-09-28T22:36:04.579439+09:00,2026-09-28T22:36:04.660770+09:00,rail-left-01,rail-right-01,0.6.7-draft,0.6.7-draft,mqtt,mqtt,251.33,198.48,6.175,6.569,0.037,0.029,0.198,-0.248,10.502,9.726,-0.0644,0.0318,0.0432,0.0568,-0.0097,-0.0064,24.98,24.89,15703,18719,1.963,2.34,5.889,7.02,144,144,15,15,0,0,0,0,0.06181919,0.06484427,0.06181919,0.06484427,-0.07453316,-0.15454296,-0.07453316,-0.15454296,0.3716475,0.36721858,0.00501842,0.00118184,-0.01366637,-0.01720097,0.88335,0.90935,0.42953895,0.42941592,0,0,502.6,252.6,0.8477,1.0788,1,1,0
2026-09-28T22:36:04.599494+09:00,51857611,9d29af73,2026-09-28T22:36:04.599494+09:00,2026-09-28T22:36:04.680825+09:00,rail-left-01,rail-right-01,0.6.7-draft,0.6.7-draft,mqtt,mqtt,252.57,199.42,6.151,6.574,-0.049,-0.091,0.03,-0.388,10.627,9.697,-0.0612,0.0316,0.0428,0.0601,-0.0099,-0.01,24.98,24.88,15643,18729,1.955,2.341,5.866,7.023,145,145,15,15,0,0,0,0,0.06612733,0.05723515,0.06612733,0.05723515,-0.08332649,-0.16253792,-0.08332649,-0.16253792,0.37088917,0.36788917,0.00416957,0.00121812,-0.01453999,-0.01737889,0.88335,0.90935,0.42951788,0.42943455,0,0,503.7,253.7,0.8477,1.0788,1,1,0
2026-09-28T22:36:04.619652+09:00,51877769,9d29af73,2026-09-28T22:36:04.619652+09:00,2026-09-28T22:36:04.700983+09:00,rail-left-01,rail-right-01,0.6.7-draft,0.6.7-draft,mqtt,mqtt,253.76,200.36,6.147,6.568,-0.038,-0.002,-0.15,-0.236,10.446,9.79,-0.0648,0.0276,0.0364,0.058,-0.0077,-0.0052,24.99,24.91,15632,18716,1.954,2.34,5.862,7.019,146,146,15,15,0,0,0,0,0.06822377,0.05705762,0.06822377,0.05705762,-0.09159726,-0.16992205,-0.09159726,-0.16992205,0.37011225,0.36843917,0.00347942,0.00122937,-0.01515233,-0.01745165,0.88335,0.90935,0.4294963,0.42944983,0,0,504.7,254.7,0.8477,1.0788,1,1,0
2026-09-28T22:36:04.639453+09:00,51897570,9d29af73,2026-09-28T22:36:04.639453+09:00,2026-09-28T22:36:04.720784+09:00,rail-left-01,rail-right-01,0.6.7-draft,0.6.7-draft,mqtt,mqtt,254.96,201.31,6.127,6.57,-0.05,-0.026,0.357,-0.209,10.716,9.627,-0.0616,0.0322,0.0373,0.0526,-0.0104,-0.0051,24.96,24.89,15584,18721,1.948,2.34,5.844,7.02,147,147,15,15,0,0,0,0,0.06838351,0.05505376,0.06838351,0.05505376,-0.09999612,-0.17696109,-0.09999612,-0.17696109,0.3690225,0.36898647,0.0028277,0.00124084,-0.01573234,-0.01748178,0.90935,0.90935,0.42946603,0.42946503,0,0,505.7,255.7,0.8477,1.0788,1,1,0
2026-09-28T22:36:04.659400+09:00,51917517,9d29af73,2026-09-28T22:36:04.659400+09:00,2026-09-28T22:36:04.740731+09:00,rail-left-01,rail-right-01,0.6.7-draft,0.6.7-draft,mqtt,mqtt,256.15,202.25,6.14,6.57,0.051,0.093,-0.044,-0.286,10.382,9.679,-0.0624,0.028,0.0397,0.0568,-0.0093,-0.0097,24.98,24.92,15616,18721,1.952,2.34,5.856,7.02,148,148,15,15,0,0,0,0,0.0672189,0.06205081,0.0672189,0.06205081,-0.10733078,-0.18362965,-0.10733078,-0.18362965,0.36824274,0.36950496,0.00235525,0.00124787,-0.01599304,-0.01746944,0.90935,0.90935,0.42944437,0.42947943,0,0,506.7,256.7,0.8477,1.0788,1,1,0
2026-09-28T22:36:04.679344+09:00,51937461,9d29af73,2026-09-28T22:36:04.679344+09:00,2026-09-28T22:36:04.760675+09:00,rail-left-01,rail-right-01,0.6.7-draft,0.6.7-draft,mqtt,mqtt,257.39,203.2,6.128,6.565,-0.048,-0.043,-0.081,-0.14,10.567,9.841,-0.0648,0.0281,0.037,0.0542,-0.006,-0.0061,24.98,24.89,15585,18710,1.948,2.339,5.844,7.016,149,149,15,15,0,0,0,0,0.06459221,0.0587981,0.06459221,0.0587981,-0.11457339,-0.18982803,-0.11457339,-0.18982803,0.36730986,0.36993276,0.00191411,0.00124046,-0.01621983,-0.01740115,0.90935,0.90935,0.42941846,0.42949132,0,0,507.7,257.7,0.8477,1.0788,1,1,0
2026-09-28T22:36:04.699395+09:00,51957512,9d29af73,2026-09-28T22:36:04.699395+09:00,2026-09-28T22:36:04.780726+09:00,rail-left-01,rail-right-01,0.6.7-draft,0.6.7-draft,mqtt,mqtt,258.58,204.14,6.119,6.562,0.02,0.066,0.086,-0.303,10.494,9.797,-0.062,0.0292,0.0361,0.0546,-0.0089,-0.0083,24.98,24.91,15563,18702,1.945,2.338,5.836,7.013,150,150,15,15,0,0,0,0,0.06096387,0.06339908,0.06096387,0.06339908,-0.12163316,-0.19564149,-0.12163316,-0.19564149,0.36628917,0.37030167,0.00151245,0.00122551,-0.01639934,-0.01729636,0.90935,0.90935,0.42939011,0.42950156,0,0,508.8,258.8,0.8477,1.0788,1,1,0
2026-09-28T22:36:04.829041+09:00,52087443,9d29af73,2026-09-28T22:36:04.829041+09:00,2026-09-28T22:36:04.917692+09:00,rail-left-01,rail-right-01,0.6.7-draft,0.6.7-draft,mqtt,mqtt,266.49,210.36,6.117,6.557,-0.011,-0.004,-0.085,-0.059,10.168,9.829,-0.059,0.0314,0.0378,0.0565,-0.0111,-0.0036,25.01,24.89,15559,18691,1.945,2.336,5.835,7.009,151,151,16,16,0,0,0,0,0.06070195,0.00411211,0.06070195,0.00411211,-0.20122015,-0.23866061,-0.20122015,-0.23866061,0.37062819,0.37624799,0.00118271,0.00129938,-0.01687769,-0.01272608,0.90935,0.90935,0.42951063,0.42966674,0,0,515.5,265.5,0.8477,1.0788,1,1,0
2026-09-28T22:36:04.849199+09:00,52107601,9d29af73,2026-09-28T22:36:04.849199+09:00,2026-09-28T22:36:04.937850+09:00,rail-left-01,rail-right-01,0.6.7-draft,0.6.7-draft,mqtt,mqtt,267.73,211.3,6.025,6.453,0.05,-0.006,0.062,-0.414,10.472,9.772,-0.0625,0.0286,0.0365,0.0528,-0.0115,-0.0107,24.98,24.92,15330,18460,1.916,2.308,5.749,6.923,152,152,16,16,0,0,0,0,0.0572753,-0.00155259,0.0572753,-0.00155259,-0.20872364,-0.2388088,-0.20872364,-0.2388088,0.36984393,0.37600648,0.00094488,0.00118361,-0.01688406,-0.01195078,0.90935,0.90935,0.42948885,0.42966003,0,0,516.5,266.5,0.8477,1.0788,1,1,0
2026-09-28T22:36:04.869126+09:00,52127528,9d29af73,2026-09-28T22:36:04.869126+09:00,2026-09-28T22:36:04.957777+09:00,rail-left-01,rail-right-01,0.6.7-draft,0.6.7-draft,mqtt,mqtt,268.93,212.25,6.066,6.425,-0.036,0.057,0.397,0.017,10.629,9.849,-0.0589,0.0301,0.0294,0.0436,-0.008,-0.0039,24.98,24.9,15432,18400,1.929,2.3,5.787,6.9,153,153,16,16,0,0,0,0,0.05308476,-0.00364353,0.05308476,-0.00364353,-0.21492463,-0.2384231,-0.21492463,-0.2384231,0.36957289,0.37550992,0.00082628,0.00104559,-0.01668288,-0.01119169,0.90935,0.90935,0.42948132,0.42964624,0,0,517.5,267.5,0.8477,1.0788,1,1,0
2026-09-28T22:36:04.889080+09:00,52147482,9d29af73,2026-09-28T22:36:04.889080+09:00,2026-09-28T22:36:04.977731+09:00,rail-left-01,rail-right-01,0.6.7-draft,0.6.7-draft,mqtt,mqtt,270.17,213.19,6.141,6.42,0.036,0.008,-0.068,-0.269,10.285,9.771,-0.059,0.034,0.0338,0.0526,-0.0073,-0.0025,24.98,24.9,15617,18388,1.952,2.299,5.856,6.896,154,154,16,16,0,0,0,0,0.04834133,-0.00822395,0.04834133,-0.00822395,-0.21913922,-0.23795908,-0.21913922,-0.23795908,0.37016644,0.37498546,0.00086597,0.00091775,-0.01618924,-0.01050369,0.90935,0.90935,0.42949781,0.42963167,0,0,518.6,268.6,0.8477,1.0788,1,1,0
2026-09-28T22:36:04.909159+09:00,52167561,9d29af73,2026-09-28T22:36:04.909159+09:00,2026-09-28T22:36:04.997810+09:00,rail-left-01,rail-right-01,0.6.7-draft,0.6.7-draft,mqtt,mqtt,271.36,214.19,6.176,6.412,0.057,-0.017,0.103,-0.26,10.494,9.832,-0.0568,0.0313,0.034,0.0561,-0.0099,-0.0079,24.99,24.9,15706,18371,1.963,2.296,5.89,6.889,155,155,16,16,0,0,0,0,0.04315139,-0.01390215,0.04315139,-0.01390215,-0.22238871,-0.23736649,-0.22238871,-0.23736649,0.3711225,0.37440735,0.00096036,0.00079485,-0.01560899,-0.00986726,0.90935,0.90935,0.42952436,0.42961561,0,0,519.6,269.6,0.8477,1.0788,1,1,0
2026-09-28T22:36:04.929345+09:00,52187747,9d29af73,2026-09-28T22:36:04.929345+09:00,2026-09-28T22:36:05.017996+09:00,rail-left-01,rail-right-01,0.6.7-draft,0.6.7-draft,mqtt,mqtt,272.61,215.13,6.183,6.412,0.037,0.097,0.018,-0.262,10.489,9.65,-0.0596,0.034,0.0398,0.0546,-0.0103,-0.0064,24.99,24.92,15722,18371,1.965,2.296,5.896,6.889,156,156,16,16,0,0,0,0,0.03744807,-0.01365389,0.03744807,-0.01365389,-0.22534475,-0.23679506,-0.22534475,-0.23679506,0.37211308,0.37384988,0.00105143,0.00068532,-0.0150527,-0.00929413,0.90935,0.90935,0.42955188,0.42960013,0,0,520.6,270.6,0.8477,1.0788,1,1,0
2026-09-28T22:36:04.949192+09:00,52207594,9d29af73,2026-09-28T22:36:04.949192+09:00,2026-09-28T22:36:05.037843+09:00,rail-left-01,rail-right-01,0.6.7-draft,0.6.7-draft,mqtt,mqtt,273.8,216.08,6.178,6.405,-0.068,-0.036,0.111,-0.371,10.489,9.574,-0.0658,0.0321,0.0401,0.0557,-0.0129,-0.01,25.0,24.89,15710,18355,1.964,2.294,5.891,6.883,157,157,16,16,0,0,0,0,0.03105902,-0.02005889,0.03105902,-0.02005889,-0.22828139,-0.23612088,-0.22828139,-0.23612088,0.37300832,0.37325057,0.00112034,0.00057983,-0.01455828,-0.00876025,0.90935,0.90935,0.42957675,0.42958348,0,0,521.7,271.7,0.8477,1.0788,1,1,0
2026-09-28T22:36:04.969150+09:00,52227552,9d29af73,2026-09-28T22:36:04.969150+09:00,2026-09-28T22:36:05.057801+09:00,rail-left-01,rail-right-01,0.6.7-draft,0.6.7-draft,mqtt,mqtt,275.04,217.02,6.172,6.382,0.016,0.048,0.081,0.011,10.581,9.84,-0.0637,0.0349,0.0394,0.055,-0.0087,-0.004,24.99,24.92,15696,18304,1.962,2.288,5.886,6.864,158,158,16,16,0,0,0,0,0.02425402,-0.02208747,0.02425402,-0.02208747,-0.23122066,-0.23507339,-0.23122066,-0.23507339,0.37380375,0.37247365,0.00116928,0.00046178,-0.01411761,-0.00822837,0.90935,0.90935,0.42959884,0.4295619,0,0,522.7,272.7,0.8477,1.0788,1,1,0
2026-09-28T22:36:04.989128+09:00,52247530,9d29af73,2026-09-28T22:36:04.989128+09:00,2026-09-28T22:36:05.077779+09:00,rail-left-01,rail-right-01,0.6.7-draft,0.6.7-draft,mqtt,mqtt,276.23,217.96,6.174,6.385,0.114,0.079,0.087,-0.098,10.581,9.85,-0.0636,0.0342,0.0342,0.0561,-0.0067,-0.0049,24.97,24.91,15700,18310,1.963,2.289,5.888,6.866,159,159,16,16,0,0,0,0,0.01735801,-0.02257014,0.01735801,-0.02257014,-0.23399915,-0.23411226,-0.23399915,-0.23411226,0.37458713,0.37174849,0.00121305,0.00035828,-0.01370134,-0.00774917,0.90935,0.90935,0.4296206,0.42954175,0,0,523.7,273.7,0.8477,1.0788,1,1,0
2026-09-28T22:36:05.009192+09:00,52267594,9d29af73,2026-09-28T22:36:05.009192+09:00,2026-09-28T22:36:05.097843+09:00,rail-left-01,rail-right-01,0.6.7-draft,0.6.7-draft,mqtt,mqtt,277.48,218.91,6.186,6.388,-0.097,-0.11,0.116,-0.253,10.546,9.838,-0.063,0.0318,0.0393,0.057,-0.0115,-0.0036,24.99,24.91,15729,18316,1.966,2.289,5.898,6.868,160,160,16,16,0,0,0,0,0.00987467,-0.03189097,0.00987467,-0.03189097,-0.23642649,-0.23323316,-0.23642649,-0.23323316,0.37545917,0.3710725,0.00126613,0.00026743,-0.01327733,-0.00731583,0.90935,0.90935,0.42964483,0.42952298,0,0,524.8,274.8,0.8477,1.0788,1,1,0
2026-09-28T22:36:05.147314+09:00,52406449,9d29af73,2026-09-28T22:36:05.147314+09:00,2026-09-28T22:36:05.230904+09:00,rail-left-01,rail-right-01,0.6.7-draft,0.6.7-draft,mqtt,mqtt,285.88,225.52,6.179,6.395,-0.253,-0.205,0.323,-0.316,10.177,9.618,-0.0614,0.0369,0.0466,0.0581,-0.0172,-0.0061,24.99,24.91,15713,18332,1.964,2.292,5.892,6.875,161,161,17,17,0,0,0,0,-1.00198589,-1.06150437,-1.00198589,-1.06150437,-0.18836649,-0.29209377,-0.18836649,-0.29209377,0.32768917,0.2764619,0.0,-0.00980949,0.0,-0.02082221,0.37035,1.38835,0.4808926,0.47990384,0,0,531.9,281.9,0.8477,1.0788,1,1,0
2026-09-28T22:36:05.167462+09:00,52426597,9d29af73,2026-09-28T22:36:05.167462+09:00,2026-09-28T22:36:05.251052+09:00,rail-left-01,rail-right-01,0.6.7-draft,0.6.7-draft,mqtt,mqtt,287.07,226.47,6.123,6.311,0.124,0.225,0.113,-0.563,10.572,9.582,-0.0596,0.0298,0.0473,0.0606,-0.0141,-0.0101,24.95,24.89,15572,18147,1.947,2.268,5.84,6.805,162,162,17,17,0,0,0,0,-1.01075361,-0.92674636,-1.01075361,-0.92674636,-0.21636649,-0.29261649,-0.21636649,-0.29261649,0.31368917,0.26973084,-0.04705882,-0.01105834,-0.09411765,-0.01412509,0.76535,1.38835,0.48050371,0.47991836,0,0,532.9,282.9,0.8477,1.0788,1,1,0
2026-09-28T22:36:05.187408+09:00,52446543,9d29af73,2026-09-28T22:36:05.187408+09:00,2026-09-28T22:36:05.270999+09:00,rail-left-01,rail-right-01,0.6.7-draft,0.6.7-draft,mqtt,mqtt,288.32,227.46,6.066,6.317,-0.19,-0.163,-0.279,-0.057,11.195,10.151,-0.0723,0.0318,0.0329,0.048,-0.0105,-0.0097,25.0,24.87,15431,18159,1.929,2.27,5.787,6.81,163,163,17,17,0,0,0,0,-1.02755515,-0.89617761,-1.02755515,-0.89617761,-0.24469983,-0.29352034,-0.24469983,-0.29352034,0.2995225,0.26426609,-0.0463055,-0.01126666,-0.092611,-0.01103534,1.38835,1.38835,0.48011019,0.47994347,0,0,534.0,284.0,0.8477,1.0788,1,1,0
2026-09-28T22:36:05.207348+09:00,52466483,9d29af73,2026-09-28T22:36:05.207348+09:00,2026-09-28T22:36:05.290938+09:00,rail-left-01,rail-right-01,0.6.7-draft,0.6.7-draft,mqtt,mqtt,289.51,228.41,6.103,6.31,0.269,0.262,-0.026,-0.223,10.269,9.858,-0.0723,0.0334,0.0361,0.0574,-0.0071,-0.0079,24.99,24.88,15524,18144,1.941,2.268,5.822,6.804,164,164,17,17,0,0,0,0,-1.03422376,-0.7856243,-1.03422376,-0.7856243,-0.24961649,-0.29379506,-0.24961649,-0.29379506,0.29706417,0.25933203,-0.02355116,-0.01131863,-0.04710232,-0.00891111,1.38835,1.38835,0.48004191,0.4799511,0,0,535.0,285.0,0.8477,1.0788,1,1,0
2026-09-28T22:36:05.227446+09:00,52486581,9d29af73,2026-09-28T22:36:05.227446+09:00,2026-09-28T22:36:05.311036+09:00,rail-left-01,rail-right-01,0.6.7-draft,0.6.7-draft,mqtt,mqtt,290.75,229.35,6.12,6.283,-0.262,-0.188,0.363,-0.085,10.479,9.615,-0.0674,0.0286,0.034,0.0537,-0.0057,-0.0047,24.98,24.89,15565,18084,1.946,2.261,5.837,6.782,165,165,17,17,0,0,0,0,-1.04825816,-0.77419018,-1.04825816,-0.77419018,-0.24916649,-0.29223316,-0.24916649,-0.29223316,0.29728917,0.25415584,-0.01132816,-0.01158435,-0.02265633,-0.00670603,1.38835,1.38835,0.48004816,0.47990771,0,0,536.0,286.0,0.8477,1.0788,1,1,0
2026-09-28T22:36:05.247513+09:00,52506648,9d29af73,2026-09-28T22:36:05.247513+09:00,2026-09-28T22:36:05.331103+09:00,rail-left-01,rail-right-01,0.6.7-draft,0.6.7-draft,mqtt,mqtt,292.0,230.29,6.105,6.293,0.17,0.251,-0.077,-0.442,10.422,9.451,-0.0641,0.0334,0.0425,0.0569,-0.002,-0.0015,25.02,24.88,15529,18106,1.941,2.263,5.823,6.79,166,166,17,17,0,0,0,0,-1.05858649,-0.68621629,-1.05858649,-0.68621629,-0.25136649,-0.29149149,-0.25136649,-0.29149149,0.29618917,0.24993917,-0.00796337,-0.01150414,-0.01592675,-0.00540496,1.38835,1.38835,0.4800176,0.47988711,0,0,537.1,287.1,0.8477,1.0788,1,1,0
2026-09-28T22:36:05.267451+09:00,52526587,9d29af73,2026-09-28T22:36:05.267451+09:00,2026-09-28T22:36:05.351042+09:00,rail-left-01,rail-right-01,0.6.7-draft,0.6.7-draft,mqtt,mqtt,293.19,231.24,6.094,6.289,-0.187,-0.186,-0.044,-0.312,10.33,9.784,-0.063,0.0329,0.0376,0.0604,-0.0075,-0.0061,24.99,24.9,15501,18097,1.938,2.262,5.813,6.786,167,167,17,17,0,0,0,0,-1.07192713,-0.68134569,-1.07192713,-0.68134569,-0.25450935,-0.29060179,-0.25450935,-0.29060179,0.29461774,0.24610093,-0.0069145,-0.0113725,-0.013829,-0.00434825,1.38835,1.38835,0.47997395,0.4798624,0,0,538.1,288.1,0.8477,1.0788,1,1,0
2026-09-28T22:36:05.287456+09:00,52546591,9d29af73,2026-09-28T22:36:05.287456+09:00,2026-09-28T22:36:05.371046+09:00,rail-left-01,rail-right-01,0.6.7-draft,0.6.7-draft,mqtt,mqtt,294.38,232.18,6.047,6.284,0.245,0.148,0.144,-0.011,10.398,9.883,-0.0601,0.0317,0.0378,0.059,-0.0068,-0.0056,24.99,24.89,15383,18087,1.923,2.261,5.769,6.783,168,168,17,17,0,0,0,0,-1.0810849,-0.62502757,-1.0810849,-0.62502757,-0.26274149,-0.28953316,-0.26274149,-0.28953316,0.29050167,0.24255028,-0.00911292,-0.01122115,-0.01822584,-0.00344066,1.38835,1.38835,0.47985962,0.47983271,0,0,539.1,289.1,0.8477,1.0788,1,1,0
2026-09-28T22:36:05.307453+09:00,52566588,9d29af73,2026-09-28T22:36:05.307453+09:00,2026-09-28T22:36:05.391043+09:00,rail-left-01,rail-right-01,0.6.7-draft,0.6.7-draft,mqtt,mqtt,295.62,233.18,6.014,6.297,-0.019,-0.01,0.119,-0.299,10.635,9.899,-0.067,0.0305,0.0422,0.0608,-0.0072,-0.0087,24.99,24.9,15302,18114,1.913,2.264,5.738,6.793,169,169,17,17,0,0,0,0,-1.09092843,-0.59786021,-1.09092843,-0.59786021,-0.27281094,-0.28926123,-0.27281094,-0.28926123,0.28546695,0.23971548,-0.01133672,-0.01089274,-0.02267344,-0.00295622,1.38835,1.38835,0.47971976,0.47982516,0,0,540.2,290.2,0.8477,1.0788,1,1,0
2026-09-28T22:36:05.327675+09:00,52586810,9d29af73,2026-09-28T22:36:05.327675+09:00,2026-09-28T22:36:05.411265+09:00,rail-left-01,rail-right-01,0.6.7-draft,0.6.7-draft,mqtt,mqtt,296.87,234.12,5.992,6.304,-0.029,0.03,0.111,-0.243,10.63,9.638,-0.0665,0.0326,0.0449,0.0576,-0.0101,-0.0079,24.99,24.9,15226,18131,1.903,2.266,5.71,6.799,170,170,17,17,0,0,0,0,-1.10144276,-0.56782585,-1.10144276,-0.56782585,-0.28306649,-0.28936649,-0.28306649,-0.28936649,0.28033917,0.23733917,-0.01282315,-0.01050139,-0.02564629,-0.00267541,1.38835,1.38835,0.47965308,0.47982808,0,0,541.2,291.2,0.8477,1.0788,1,1,0
2026-09-28T22:36:05.457015+09:00,52719410,9d29af73,2026-09-28T22:36:05.457015+09:00,2026-09-28T22:36:05.543069+09:00,rail-left-01,rail-right-01,0.6.7-draft,0.6.7-draft,mqtt,mqtt,304.92,240.44,5.985,6.306,0.036,0.02,0.297,-0.059,10.742,9.793,-0.0707,0.0318,0.0329,0.0496,-0.0113,-0.0061,24.99,24.89,15191,18134,1.899,2.267,5.697,6.8,171,171,18,18,0,0,0,0,-0.55155013,-0.50717541,-0.55155013,-0.50717541,-0.28979506,-0.27709063,-0.28979506,-0.27709063,0.2350225,0.22984434,-0.00930989,-0.00373172,-0.00230365,0.00196321,1.38835,1.38835,0.47983999,0.47948709,0,0,548.0,298.0,0.8477,1.0788,1,1,0
2026-09-28T22:36:05.477130+09:00,52739525,9d29af73,2026-09-28T22:36:05.477130+09:00,2026-09-28T22:36:05.563184+09:00,rail-left-01,rail-right-01,0.6.7-draft,0.6.7-draft,mqtt,mqtt,306.12,241.38,5.978,6.313,0.043,0.055,0.056,-0.267,10.477,9.705,-0.0749,0.0352,0.0392,0.051,-0.0088,-0.0053,24.99,24.89,15157,18151,1.895,2.269,5.684,6.807,172,172,18,18,0,0,0,0,-0.53842858,-0.47436457,-0.53842858,-0.47436457,-0.29050286,-0.27443316,-0.29050286,-0.27443316,0.23275735,0.23045584,-0.00852195,-0.00308795,-0.00216313,0.00238692,1.38835,1.38835,0.47985965,0.47941327,0,0,549.1,299.1,0.8477,1.0788,1,1,0
2026-09-28T22:36:05.497069+09:00,52759464,9d29af73,2026-09-28T22:36:05.497069+09:00,2026-09-28T22:36:05.583122+09:00,rail-left-01,rail-right-01,0.6.7-draft,0.6.7-draft,mqtt,mqtt,307.31,242.33,6.003,6.322,-0.025,0.017,0.078,-0.306,10.615,9.535,-0.0687,0.032,0.0392,0.0529,-0.0089,-0.0076,25.0,24.92,15274,18171,1.909,2.271,5.728,6.814,173,173,18,18,0,0,0,0,-0.528298,-0.44701063,-0.528298,-0.44701063,-0.29006214,-0.27223746,-0.29006214,-0.27223746,0.23123265,0.23117304,-0.00773424,-0.00256478,-0.00168814,0.00262525,1.38835,1.38835,0.47984741,0.47935228,0,0,550.1,300.1,0.8477,1.0788,1,1,0
2026-09-28T22:36:05.517170+09:00,52779565,9d29af73,2026-09-28T22:36:05.517170+09:00,2026-09-28T22:36:05.603224+09:00,rail-left-01,rail-right-01,0.6.7-draft,0.6.7-draft,mqtt,mqtt,308.55,243.27,6.027,6.319,0.084,0.08,-0.086,-0.127,10.446,9.853,-0.0678,0.0338,0.0382,0.059,-0.0085,-0.01,25.0,24.9,15335,18164,1.917,2.271,5.751,6.812,174,174,18,18,0,0,0,0,-0.52020586,-0.41606107,-0.52020586,-0.41606107,-0.28865816,-0.27008524,-0.28865816,-0.27008524,0.230335,0.23179854,-0.00695889,-0.00216513,-0.00103105,0.00282015,1.38835,1.38835,0.47980841,0.47929249,0,0,551.1,301.1,0.8477,1.0788,1,1,0
2026-09-28T22:36:05.537680+09:00,52800075,9d29af73,2026-09-28T22:36:05.537680+09:00,2026-09-28T22:36:05.623734+09:00,rail-left-01,rail-right-01,0.6.7-draft,0.6.7-draft,mqtt,mqtt,309.79,244.27,6.022,6.339,-0.116,-0.19,0.146,-0.174,10.549,9.688,-0.0673,0.0364,0.0412,0.0544,0.0021,-0.0001,24.97,24.9,15322,18208,1.915,2.276,5.746,6.828,175,175,18,18,0,0,0,0,-0.51484981,-0.4098376,-0.51484981,-0.4098376,-0.28756649,-0.26866952,-0.28756649,-0.26866952,0.22940917,0.23268917,-0.00636486,-0.00178159,-0.00059454,0.00284253,1.38835,1.38835,0.47977808,0.47925317,0,0,552.2,302.2,0.8477,1.0788,1,1,0
2026-09-28T22:36:05.557672+09:00,52820067,9d29af73,2026-09-28T22:36:05.557672+09:00,2026-09-28T22:36:05.643726+09:00,rail-left-01,rail-right-01,0.6.7-draft,0.6.7-draft,mqtt,mqtt,310.99,245.21,6.041,6.349,0.109,0.133,0.13,-0.262,10.542,9.726,-0.0649,0.0324,0.0376,0.0516,-0.0075,-0.0099,24.99,24.91,15368,18230,1.921,2.279,5.763,6.836,176,176,18,18,0,0,0,0,-0.5107674,-0.37733227,-0.5107674,-0.37733227,-0.28582803,-0.2676312,-0.28582803,-0.2676312,0.22891994,0.23367446,-0.00577735,-0.00144027,-6.488e-05,0.00279682,1.38835,1.38835,0.47972979,0.47922432,0,0,553.2,303.2,0.8477,1.0788,1,1,0
2026-09-28T22:36:05.577064+09:00,52839459,9d29af73,2026-09-28T22:36:05.577064+09:00,2026-09-28T22:36:05.663118+09:00,rail-left-01,rail-right-01,0.6.7-draft,0.6.7-draft,mqtt,mqtt,312.18,246.16,6.058,6.342,0.008,0.078,0.031,-0.274,10.49,9.877,-0.0648,0.032,0.0365,0.0541,-0.0024,-0.0023,25.01,24.91,15412,18215,1.927,2.277,5.78,6.831,177,177,18,18,0,0,0,0,-0.50813652,-0.35120347,-0.50813652,-0.35120347,-0.28358871,-0.26645221,-0.28358871,-0.26645221,0.22878176,0.23450345,-0.00520947,-0.00117539,0.00050561,0.00278881,1.38835,1.38835,0.47966759,0.47919158,0,0,554.2,304.2,0.8477,1.0788,1,1,0
2026-09-28T22:36:05.597184+09:00,52859579,9d29af73,2026-09-28T22:36:05.597184+09:00,2026-09-28T22:36:05.683238+09:00,rail-left-01,rail-right-01,0.6.7-draft,0.6.7-draft,mqtt,mqtt,313.37,247.1,6.095,6.347,-0.051,-0.038,0.102,-0.256,10.441,9.754,-0.0687,0.0352,0.0354,0.0554,-0.0079,-0.0025,25.01,24.89,15503,18225,1.938,2.278,5.814,6.834,178,178,18,18,0,0,0,0,-0.50700922,-0.33545873,-0.50700922,-0.33545873,-0.28018792,-0.2654776,-0.28018792,-0.2654776,0.22931417,0.23535584,-0.00457463,-0.00094066,0.00127183,0.00275175,1.38835,1.38835,0.47957312,0.4791645,0,0,555.2,305.2,0.8477,1.0788,1,1,0
2026-09-28T22:36:05.617118+09:00,52879513,9d29af73,2026-09-28T22:36:05.617118+09:00,2026-09-28T22:36:05.703172+09:00,rail-left-01,rail-right-01,0.6.7-draft,0.6.7-draft,mqtt,mqtt,314.62,248.04,6.111,6.343,-0.037,-0.043,0.023,-0.037,10.432,9.992,-0.0671,0.0332,0.0377,0.0544,-0.0025,-0.0064,25.0,24.9,15542,18216,1.943,2.277,5.828,6.831,179,179,18,18,0,0,0,0,,-0.32100609,,-0.32100609,,-0.26444757,,-0.26444757,,0.23610809,,-0.00075025,,0.00273276,,1.38835,0.0,0.47913589,0,0,556.3,306.3,0.8477,1.0788,1,1,0
2026-09-28T22:36:05.637235+09:00,52899630,9d29af73,2026-09-28T22:36:05.637235+09:00,2026-09-28T22:36:05.723289+09:00,rail-left-01,rail-right-01,0.6.7-draft,0.6.7-draft,mqtt,mqtt,315.86,248.99,6.095,6.347,0.115,0.123,0.226,-0.405,10.708,9.662,-0.0662,0.0338,0.0432,0.0565,-0.0032,-0.0028,24.97,24.9,15503,18226,1.938,2.278,5.814,6.835,180,180,18,18,0,0,0,0,,-0.29494265,,-0.29494265,,-0.26357702,,-0.26357702,,0.23687338,,-0.00057836,,0.00269422,,1.38835,0.0,0.47911171,0,0,557.3,307.3,0.8477,1.0788,1,1,0
2026-09-28T22:36:05.773858+09:00,53031447,9d29af73,2026-09-28T22:36:05.773858+09:00,2026-09-28T22:36:05.849800+09:00,rail-left-01,rail-right-01,0.6.7-draft,0.6.7-draft,mqtt,mqtt,323.86,255.25,6.104,6.352,-0.024,-0.08,0.102,-0.335,10.388,9.695,-0.0679,0.038,0.0402,0.059,-0.0052,-0.0059,25.0,24.89,15526,18238,1.941,2.28,5.822,6.839,181,181,19,19,0,0,0,0,-0.27996455,-0.2362216,-0.27996455,-0.2362216,-0.26252034,-0.26318467,-0.26252034,-0.26318467,0.23771481,0.23884826,-0.00037049,-0.00012961,0.00264643,0.00153042,1.38835,1.38835,0.47908236,0.47910081,0,0,564.1,314.1,0.8477,1.0788,1,1,0
2026-09-28T22:36:05.793950+09:00,53051539,9d29af73,2026-09-28T22:36:05.793950+09:00,2026-09-28T22:36:05.869892+09:00,rail-left-01,rail-right-01,0.6.7-draft,0.6.7-draft,mqtt,mqtt,325.06,256.25,6.098,6.396,0.038,-0.006,-0.007,-0.187,10.505,9.81,-0.0626,0.0322,0.0402,0.061,-0.0084,-0.0077,24.99,24.89,15511,18335,1.939,2.292,5.817,6.876,182,182,19,19,0,0,0,0,-0.26691065,-0.23366963,-0.26691065,-0.23366963,-0.26166649,-0.2660776,-0.26166649,-0.2660776,0.23843917,0.2387225,-0.00021272,-0.00013852,0.00257417,0.00090203,1.38835,1.38835,0.47905864,0.47918117,0,0,565.1,315.1,0.8477,1.0788,1,1,0
2026-09-28T22:36:05.813926+09:00,53071515,9d29af73,2026-09-28T22:36:05.813926+09:00,2026-09-28T22:36:05.889869+09:00,rail-left-01,rail-right-01,0.6.7-draft,0.6.7-draft,mqtt,mqtt,326.3,257.19,6.083,6.413,0.089,0.04,0.174,-0.15,10.544,9.846,-0.0659,0.0314,0.0381,0.0574,-0.0069,-0.0068,24.99,24.89,15473,18373,1.934,2.297,5.802,6.89,183,183,19,19,0,0,0,0,-0.25542689,-0.228339,-0.25542689,-0.228339,-0.26122015,-0.26921432,-0.26122015,-0.26921432,0.23894527,0.23878699,-0.00011172,-0.00011663,0.00244676,0.00033516,1.38835,1.38835,0.47904624,0.4792683,0,0,566.2,316.2,0.8477,1.0788,1,1,0
2026-09-28T22:36:05.834042+09:00,53091631,9d29af73,2026-09-28T22:36:05.834042+09:00,2026-09-28T22:36:05.909984+09:00,rail-left-01,rail-right-01,0.6.7-draft,0.6.7-draft,mqtt,mqtt,327.49,258.14,6.074,6.414,-0.053,-0.029,0.171,-0.176,10.531,9.735,-0.064,0.0324,0.0408,0.0604,-0.0099,-0.0113,24.99,24.89,15451,18374,1.931,2.297,5.794,6.89,184,184,19,19,0,0,0,0,-0.24577828,-0.2274928,-0.24577828,-0.2274928,-0.26100935,-0.27223883,-0.26100935,-0.27223883,0.23932012,0.23885938,-4.381e-05,-9.689e-05,0.00230025,-0.00013493,1.38835,1.38835,0.47904038,0.47935231,0,0,567.2,317.2,0.8477,1.0788,1,1,0
2026-09-28T22:36:05.854042+09:00,53111631,9d29af73,2026-09-28T22:36:05.854042+09:00,2026-09-28T22:36:05.929984+09:00,rail-left-01,rail-right-01,0.6.7-draft,0.6.7-draft,mqtt,mqtt,328.74,259.08,6.058,6.421,0.09,0.12,-0.056,-0.279,10.348,9.576,-0.0685,0.0337,0.0401,0.0602,-0.0091,-0.0051,24.96,24.9,15412,18390,1.927,2.299,5.78,6.896,185,185,19,19,0,0,0,0,-0.23740459,-0.21763535,-0.23740459,-0.21763535,-0.26118045,-0.27528316,-0.26118045,-0.27528316,0.23949149,0.23900167,-1.454e-05,-7.014e-05,0.00211382,-0.00054766,1.38835,1.38835,0.47904514,0.47943688,0,0,568.2,318.2,0.8477,1.0788,1,1,0
2026-09-28T22:36:05.874060+09:00,53131649,9d29af73,2026-09-28T22:36:05.874060+09:00,2026-09-28T22:36:05.950002+09:00,rail-left-01,rail-right-01,0.6.7-draft,0.6.7-draft,mqtt,mqtt,329.93,260.03,6.052,6.415,-0.025,-0.031,0.04,-0.277,10.454,9.742,-0.0621,0.036,0.0365,0.0552,-0.0088,-0.006,24.99,24.9,15397,18377,1.925,2.297,5.774,6.891,186,186,19,19,0,0,0,0,,-0.21715914,,-0.21715914,,-0.27808078,,-0.27808078,,0.23907692,,-5.55e-05,,-0.00088007,,1.38835,0.0,0.47951459,0,0,569.2,319.2,0.8477,1.0788,1,1,0
2026-09-28T22:36:05.894005+09:00,53151594,9d29af73,2026-09-28T22:36:05.894005+09:00,2026-09-28T22:36:05.969947+09:00,rail-left-01,rail-right-01,0.6.7-draft,0.6.7-draft,mqtt,mqtt,331.12,260.97,6.047,6.413,0.047,0.03,0.218,-0.19,10.394,9.681,-0.0609,0.0314,0.0446,0.0621,-0.0104,-0.0071,24.98,24.89,15384,18372,1.923,2.297,5.769,6.89,187,187,19,19,0,0,0,0,,-0.21316504,,-0.21316504,,-0.28072649,,-0.28072649,,0.23912917,,-4.543e-05,,-0.00115835,,1.38835,0.0,0.47958808,0,0,570.2,320.2,0.8477,1.0788,1,1,0
2026-09-28T22:36:05.913972+09:00,53171561,9d29af73,2026-09-28T22:36:05.913972+09:00,2026-09-28T22:36:05.989914+09:00,rail-left-01,rail-right-01,0.6.7-draft,0.6.7-draft,mqtt,mqtt,332.37,261.97,6.018,6.433,-0.086,-0.049,0.073,-0.241,10.424,9.536,-0.0671,0.0312,0.046,0.06,-0.0092,-0.0079,24.98,24.86,15312,18417,1.914,2.302,5.742,6.906,188,188,19,19,0,0,0,0,,-0.2138696,,-0.2138696,,-0.28366061,,-0.28366061,,0.23937544,,-1.294e-05,,-0.00144505,,1.38835,0.0,0.47966959,0,0,571.3,321.3,0.8477,1.0788,1,1,0
2026-09-28T22:36:05.933930+09:00,53191519,9d29af73,2026-09-28T22:36:05.933930+09:00,2026-09-28T22:36:06.009872+09:00,rail-left-01,rail-right-01,0.6.7-draft,0.6.7-draft,mqtt,mqtt,333.56,262.91,5.985,6.437,0.049,0.072,-0.097,-0.29,10.37,9.707,-0.0691,0.0346,0.0457,0.0636,-0.0075,-0.0089,24.99,24.89,15193,18426,1.899,2.303,5.697,6.91,189,189,19,19,0,0,0,0,,-0.20774546,,-0.20774546,,-0.2865588,,-0.2865588,,0.23965071,,1.985e-05,,-0.00170213,,1.38835,0.0,0.47975009,0,0,572.3,322.3,0.8477,1.0788,1,1,0
2026-09-28T22:36:05.954228+09:00,53211817,9d29af73,2026-09-28T22:36:05.954228+09:00,2026-09-28T22:36:06.030170+09:00,rail-left-01,rail-right-01,0.6.7-draft,0.6.7-draft,mqtt,mqtt,334.8,263.85,5.982,6.443,-0.036,0.04,0.215,-0.065,10.015,9.485,-0.0578,0.0333,0.0348,0.053,-0.0047,0.0003,24.97,24.89,15180,18439,1.898,2.305,5.693,6.915,190,190,19,19,0,0,0,0,,-0.20360398,,-0.20360398,,-0.28946083,,-0.28946083,,0.23997219,,5.496e-05,,-0.00193868,,1.38835,0.0,0.4798307,0,0,573.4,323.4,0.8477,1.0788,1,1,0
2026-09-28T22:36:06.088566+09:00,53338447,9d29af73,2026-09-28T22:36:06.088566+09:00,2026-09-28T22:36:06.174715+09:00,rail-left-01,rail-right-01,0.6.7-draft,0.6.7-draft,mqtt,mqtt,342.46,269.92,5.995,6.446,-0.02,-0.014,0.075,-0.256,10.281,9.759,-0.0707,0.0333,0.0384,0.0552,-0.0016,-0.0039,24.99,24.9,15242,18446,1.905,2.306,5.716,6.917,191,191,20,20,0,0,0,0,-0.25571817,,-0.25571817,,-0.42736649,,-0.42736649,,0.26318917,,0.0,,0.0,,0.47435,,0.49207889,0.0,0,0,579.9,329.9,0.8477,1.0788,1,1,0
2026-09-28T22:36:06.108728+09:00,53358609,9d29af73,2026-09-28T22:36:06.108728+09:00,2026-09-28T22:36:06.194877+09:00,rail-left-01,rail-right-01,0.6.7-draft,0.6.7-draft,mqtt,mqtt,343.65,270.87,6.035,6.447,0.132,0.072,0.032,-0.339,10.403,9.791,-0.0678,0.0277,0.0408,0.0602,-0.0072,-0.0072,24.99,24.93,15353,18448,1.919,2.306,5.757,6.918,192,192,20,20,0,0,0,0,-0.26719849,,-0.26719849,,-0.40736649,,-0.40736649,,0.27318917,,0.03361345,,0.06722689,,0.59635,,0.49152333,0.0,0,0,580.9,330.9,0.8477,1.0788,1,1,0
2026-09-28T22:36:06.128610+09:00,53378491,9d29af73,2026-09-28T22:36:06.128610+09:00,2026-09-28T22:36:06.214759+09:00,rail-left-01,rail-right-01,0.6.7-draft,0.6.7-draft,mqtt,mqtt,344.85,271.86,5.999,6.447,-0.068,-0.042,0.212,-0.415,10.744,9.714,-0.0661,0.0273,0.0364,0.0554,-0.0072,-0.0043,25.0,24.89,15264,18447,1.908,2.306,5.724,6.918,193,193,20,20,0,0,0,0,,,,,,,,,,,,,,,,,0.0,0.0,0,0,581.9,331.9,0.8477,1.0788,1,1,0
2026-09-28T22:36:06.148585+09:00,53398466,9d29af73,2026-09-28T22:36:06.148585+09:00,2026-09-28T22:36:06.234734+09:00,rail-left-01,rail-right-01,0.6.7-draft,0.6.7-draft,mqtt,mqtt,346.09,272.8,5.999,6.423,-0.045,0.024,-0.053,-0.069,10.685,9.67,-0.0657,0.0269,0.0344,0.0546,-0.0071,-0.0072,25.01,24.91,15264,18394,1.908,2.299,5.724,6.898,194,194,20,20,0,0,0,0,,,,,,,,,,,,,,,,,0.0,0.0,0,0,582.9,332.9,0.8477,1.0788,1,1,0
2026-09-28T22:36:06.168973+09:00,53418854,9d29af73,2026-09-28T22:36:06.168973+09:00,2026-09-28T22:36:06.255122+09:00,rail-left-01,rail-right-01,0.6.7-draft,0.6.7-draft,mqtt,mqtt,347.28,273.75,6.014,6.378,0.03,0.042,-0.073,-0.235,10.445,9.841,-0.0628,0.0225,0.0294,0.0513,-0.0069,-0.0021,24.98,24.88,15302,18294,1.913,2.287,5.738,6.86,195,195,20,20,0,0,0,0,,-0.35405115,,-0.35405115,,-0.37269983,,-0.37269983,,0.26885584,,-0.00119953,,0.01047367,,0.64135,0.0,0.49056037,0,0,583.9,333.9,0.8477,1.0788,1,1,0
2026-09-28T22:36:06.189014+09:00,53438895,9d29af73,2026-09-28T22:36:06.189014+09:00,2026-09-28T22:36:06.275163+09:00,rail-left-01,rail-right-01,0.6.7-draft,0.6.7-draft,mqtt,mqtt,348.53,274.74,6.006,6.334,0.115,0.08,0.147,-0.025,10.411,9.987,-0.0674,0.0278,0.0357,0.0566,-0.0076,-0.0104,24.99,24.9,15281,18197,1.91,2.275,5.73,6.824,196,196,20,20,0,0,0,0,,-0.25502409,,-0.25502409,,-0.34436649,,-0.34436649,,0.26118917,,-0.00231433,,0.01238845,,0.64135,0.0,0.48977333,0,0,585.0,335.0,0.8477,1.0788,1,1,0
2026-09-28T22:36:06.208631+09:00,53458512,9d29af73,2026-09-28T22:36:06.208631+09:00,2026-09-28T22:36:06.294780+09:00,rail-left-01,rail-right-01,0.6.7-draft,0.6.7-draft,mqtt,mqtt,349.67,275.69,6.003,6.337,-0.159,-0.226,0.344,-0.39,10.454,9.637,-0.0633,0.034,0.0437,0.0541,-0.0016,-0.0051,24.99,24.89,15275,18204,1.909,2.276,5.728,6.826,197,197,20,20,0,0,0,0,,-0.37003277,,-0.37003277,,-0.32796649,,-0.32796649,,0.25688917,,-0.00259028,,0.01270775,,0.64135,0.0,0.48931778,0,0,586.0,336.0,0.8477,1.0788,1,1,0
2026-09-28T22:36:06.228599+09:00,53478480,9d29af73,2026-09-28T22:36:06.228599+09:00,2026-09-28T22:36:06.314748+09:00,rail-left-01,rail-right-01,0.6.7-draft,0.6.7-draft,mqtt,mqtt,350.91,276.63,6.014,6.348,0.181,0.2,-0.233,-0.285,10.495,9.7,-0.0671,0.0288,0.0378,0.0509,-0.0064,-0.0095,24.97,24.88,15302,18228,1.913,2.279,5.738,6.836,198,198,20,20,0,0,0,0,,-0.24437733,,-0.24437733,,-0.31886649,,-0.31886649,,0.25493917,,-0.00254332,,0.01240036,,0.64135,0.0,0.489065,0,0,587.0,337.0,0.8477,1.0788,1,1,0
2026-09-28T22:36:06.248585+09:00,53498466,9d29af73,2026-09-28T22:36:06.248585+09:00,2026-09-28T22:36:06.334734+09:00,rail-left-01,rail-right-01,0.6.7-draft,0.6.7-draft,mqtt,mqtt,352.1,277.58,6.012,6.369,0.107,0.029,0.132,-0.244,10.376,9.736,-0.0612,0.0306,0.0428,0.0605,-0.0065,-0.0075,24.99,24.9,15297,18274,1.912,2.284,5.736,6.853,199,199,20,20,0,0,0,0,,-0.22406516,,-0.22406516,,-0.31536649,,-0.31536649,,0.25504631,,-0.00224263,,0.01158917,,0.64135,0.0,0.48896778,0,0,588.0,338.0,0.8477,1.0788,1,1,0
2026-09-28T22:36:06.268876+09:00,53518757,9d29af73,2026-09-28T22:36:06.268876+09:00,2026-09-28T22:36:06.355025+09:00,rail-left-01,rail-right-01,0.6.7-draft,0.6.7-draft,mqtt,mqtt,353.3,278.57,6.054,6.402,-0.065,-0.034,-0.091,-0.2,10.448,9.65,-0.0654,0.0298,0.0353,0.0568,-0.0063,-0.0045,24.98,24.87,15401,18349,1.925,2.294,5.775,6.881,200,200,20,20,0,0,0,0,,-0.23133562,,-0.23133562,,-0.31686649,,-0.31686649,,0.25718917,,-0.00167589,,0.01024129,,0.64135,0.0,0.48900944,0,0,589.0,339.0,0.8477,1.0788,1,1,0
2026-09-28T22:36:06.452146+09:00,53672446,9d29af73,2026-09-28T22:36:06.452146+09:00,2026-09-28T22:36:06.536125+09:00,rail-left-01,rail-right-01,0.6.7-draft,0.6.7-draft,mqtt,mqtt,362.6,285.93,6.086,6.422,-0.011,-0.03,-0.074,-0.33,10.343,9.855,-0.0632,0.0329,0.0417,0.0605,-0.0079,-0.0061,24.97,24.9,15480,18392,1.935,2.299,5.805,6.897,201,201,21,21,0,0,0,0,,,,,,,,,,,,,,,,,0.0,0.0,0,0,596.9,346.9,0.8477,1.0788,1,1,0
2026-09-28T22:36:06.472301+09:00,53692601,9d29af73,2026-09-28T22:36:06.472301+09:00,2026-09-28T22:36:06.556280+09:00,rail-left-01,rail-right-01,0.6.7-draft,0.6.7-draft,mqtt,mqtt,363.84,286.87,7.544,7.174,0.177,0.122,-0.075,-0.376,10.473,9.766,-0.0662,0.0318,0.04,0.0605,-0.0115,-0.0093,25.0,24.88,19109,20061,2.389,2.508,7.166,7.523,202,202,21,21,0,0,0,0,,,,,,,,,,,,,,,,,0.0,0.0,0,0,598.0,348.0,0.8477,1.0788,1,1,0
2026-09-28T22:36:06.492210+09:00,53712510,9d29af73,2026-09-28T22:36:06.492210+09:00,2026-09-28T22:36:06.576189+09:00,rail-left-01,rail-right-01,0.6.7-draft,0.6.7-draft,mqtt,mqtt,365.03,287.82,7.654,7.222,-0.072,-0.102,-0.028,-0.358,10.418,9.858,-0.0628,0.0312,0.0368,0.0542,-0.0093,-0.0117,24.97,24.89,19383,20167,2.423,2.521,7.269,7.563,203,203,21,21,0,0,0,0,,,,,,,,,,,,,,,,,0.0,0.0,0,0,599.0,349.0,0.8477,1.0788,1,1,0
2026-09-28T22:36:06.512273+09:00,53732573,9d29af73,2026-09-28T22:36:06.512273+09:00,2026-09-28T22:36:06.596252+09:00,rail-left-01,rail-right-01,0.6.7-draft,0.6.7-draft,mqtt,mqtt,366.22,288.81,7.664,7.192,0.153,0.169,0.238,0.013,10.461,9.649,-0.0621,0.0354,0.0416,0.0522,-0.0071,-0.0059,24.99,24.9,19409,20101,2.426,2.513,7.278,7.538,204,204,21,21,0,0,0,0,,,,,,,,,,,,,,,,,0.0,0.0,0,0,600.0,350.0,0.8477,1.0788,1,1,600
2026-09-28T22:36:06.532353+09:00,53752652,9d29af73,2026-09-28T22:36:06.532353+09:00,2026-09-28T22:36:06.616331+09:00,rail-left-01,rail-right-01,0.6.7-draft,0.6.7-draft,mqtt,mqtt,367.47,289.76,7.588,7.102,-0.142,-0.172,0.226,-0.219,10.451,9.412,-0.0649,0.0322,0.0404,0.0534,-0.008,-0.0067,24.99,24.89,19220,19900,2.403,2.488,7.208,7.463,205,205,21,21,0,0,0,0,,,,,,,,,,,,,,,,,0.0,0.0,0,0,601.1,351.1,0.8477,1.0788,1,1,0
2026-09-28T22:36:06.552358+09:00,53772658,9d29af73,2026-09-28T22:36:06.552358+09:00,2026-09-28T22:36:06.636337+09:00,rail-left-01,rail-right-01,0.6.7-draft,0.6.7-draft,mqtt,mqtt,368.66,290.75,7.47,6.965,0.129,0.157,0.04,-0.119,10.369,9.698,-0.0626,0.0337,0.0358,0.0536,-0.008,-0.0095,24.98,24.87,18925,19598,2.366,2.45,7.097,7.349,206,206,21,21,0,0,0,0,,,,,,,,,,,,,,,,,0.0,0.0,0,0,602.1,352.1,0.8477,1.0788,1,1,0
2026-09-28T22:36:06.572395+09:00,53792695,9d29af73,2026-09-28T22:36:06.572395+09:00,2026-09-28T22:36:06.656374+09:00,rail-left-01,rail-right-01,0.6.7-draft,0.6.7-draft,mqtt,mqtt,369.85,291.7,7.367,6.861,-0.017,-0.042,0.01,-0.251,10.455,9.753,-0.064,0.0284,0.0393,0.0592,-0.0083,-0.0149,25.0,24.9,18670,19367,2.334,2.421,7.001,7.263,207,207,21,21,0,0,0,0,,,,,,,,,,,,,,,,,0.0,0.0,0,0,603.1,353.1,0.8477,1.0788,1,1,0
2026-09-28T22:36:06.592361+09:00,53812661,9d29af73,2026-09-28T22:36:06.592361+09:00,2026-09-28T22:36:06.676340+09:00,rail-left-01,rail-right-01,0.6.7-draft,0.6.7-draft,mqtt,mqtt,371.1,292.64,7.187,6.697,0.032,0.107,-0.056,-0.283,10.471,9.635,-0.0642,0.0354,0.0393,0.0534,-0.0059,-0.004,24.98,24.9,18221,19003,2.278,2.375,6.833,7.126,208,208,21,21,0,0,0,0,,,,,,,,,,,,,,,,,0.0,0.0,0,0,604.1,354.1,0.8477,1.0788,1,1,0
2026-09-28T22:36:06.612239+09:00,53832539,9d29af73,2026-09-28T22:36:06.612239+09:00,2026-09-28T22:36:06.696218+09:00,rail-left-01,rail-right-01,0.6.7-draft,0.6.7-draft,mqtt,mqtt,372.29,293.59,7.007,6.536,-0.073,-0.081,0.163,-0.443,10.512,9.723,-0.0634,0.0337,0.0398,0.0605,-0.0088,-0.0071,24.97,24.92,17774,18646,2.222,2.331,6.665,6.992,209,209,21,21,0,0,0,0,,-0.28607557,,-0.28607557,,-0.24336649,,-0.24336649,,0.31107806,,0.0147264,,0.02407918,,0.73535,0.0,0.48884865,0,0,605.1,355.1,0.8477,1.0788,1,1,0
2026-09-28T22:36:06.632455+09:00,53852755,9d29af73,2026-09-28T22:36:06.632455+09:00,2026-09-28T22:36:06.716434+09:00,rail-left-01,rail-right-01,0.6.7-draft,0.6.7-draft,mqtt,mqtt,373.53,294.58,6.86,6.382,0.103,0.018,0.13,-0.104,10.542,9.719,-0.0645,0.0393,0.0368,0.0564,-0.0091,-0.006,24.99,24.89,17408,18303,2.176,2.288,6.528,6.864,210,210,21,21,0,0,0,0,,-0.22325101,,-0.22325101,,-0.16916649,,-0.16916649,,0.34648917,,0.01589741,,0.02900303,,0.73535,0.0,0.4898323,0,0,606.2,356.2,0.8477,1.0788,1,1,0
2026-09-28T22:36:06.761499+09:00,54023424,9d29af73,2026-09-28T22:36:06.761499+09:00,2026-09-28T22:36:06.845373+09:00,rail-left-01,rail-right-01,0.6.7-draft,0.6.7-draft,mqtt,mqtt,383.87,302.78,6.807,6.324,-0.028,-0.019,0.002,-0.121,10.461,9.843,-0.0661,0.0317,0.0414,0.059,-0.0096,-0.0096,24.99,24.89,17275,18175,2.159,2.272,6.478,6.816,211,211,22,22,0,0,0,0,,,,,,,,,,,,,,,,,0.0,0.0,0,0,615.0,365.0,0.8477,1.0788,1,1,0
2026-09-28T22:36:06.781730+09:00,54043655,9d29af73,2026-09-28T22:36:06.781730+09:00,2026-09-28T22:36:06.865604+09:00,rail-left-01,rail-right-01,0.6.7-draft,0.6.7-draft,mqtt,mqtt,385.12,303.73,6.549,6.017,0.071,0.02,-0.092,-0.196,10.412,9.776,-0.067,0.031,0.0413,0.0602,-0.0108,-0.0076,24.99,24.9,16634,17494,2.079,2.187,6.238,6.56,212,212,22,22,0,0,0,0,,,,,,,,,,,,,,,,,0.0,0.0,0,0,616.0,366.0,0.8477,1.0788,1,1,0
2026-09-28T22:36:06.801569+09:00,54063494,9d29af73,2026-09-28T22:36:06.801569+09:00,2026-09-28T22:36:06.885443+09:00,rail-left-01,rail-right-01,0.6.7-draft,0.6.7-draft,mqtt,mqtt,386.31,304.72,6.536,6.023,-0.018,-0.011,0.229,-0.102,10.482,9.674,-0.0658,0.0346,0.0409,0.0546,-0.0097,-0.0056,24.99,24.89,16600,17506,2.075,2.188,6.225,6.565,213,213,22,22,0,0,0,0,,,,,,,,,,,,,,,,,0.0,0.0,0,0,617.0,367.0,0.8477,1.0788,1,1,0
2026-09-28T22:36:06.821534+09:00,54083459,9d29af73,2026-09-28T22:36:06.821534+09:00,2026-09-28T22:36:06.905408+09:00,rail-left-01,rail-right-01,0.6.7-draft,0.6.7-draft,mqtt,mqtt,387.55,305.67,6.528,6.052,0.139,0.051,-0.017,-0.528,10.43,9.446,-0.0648,0.0332,0.0446,0.0592,-0.0095,-0.0091,24.99,24.92,16581,17571,2.073,2.196,6.218,6.589,214,214,22,22,0,0,0,0,,,,,,,,,,,,,,,,,0.0,0.0,0,0,618.1,368.1,0.8477,1.0788,1,1,0
2026-09-28T22:36:06.841769+09:00,54103694,9d29af73,2026-09-28T22:36:06.841769+09:00,2026-09-28T22:36:06.925643+09:00,rail-left-01,rail-right-01,0.6.7-draft,0.6.7-draft,mqtt,mqtt,388.75,306.66,6.493,6.054,-0.097,-0.128,0.083,-0.294,10.613,9.736,-0.0658,0.0356,0.0421,0.0581,-0.0112,-0.0125,24.99,24.87,16493,17576,2.062,2.197,6.185,6.591,215,215,22,22,0,0,0,0,,,,,,,,,,,,,,,,,0.0,0.0,0,0,619.1,369.1,0.8477,1.0788,1,1,0
2026-09-28T22:36:06.862093+09:00,54124018,9d29af73,2026-09-28T22:36:06.862093+09:00,2026-09-28T22:36:06.945967+09:00,rail-left-01,rail-right-01,0.6.7-draft,0.6.7-draft,mqtt,mqtt,389.99,307.61,6.487,6.054,0.067,0.104,-0.085,-0.138,10.282,9.767,-0.0649,0.0342,0.0402,0.0564,-0.0105,-0.0033,24.97,24.88,16479,17575,2.06,2.197,6.18,6.591,216,216,22,22,0,0,0,0,,,,,,,,,,,,,,,,,0.0,0.0,0,0,620.2,370.2,0.8477,1.0788,1,1,0
2026-09-28T22:36:06.881623+09:00,54143548,9d29af73,2026-09-28T22:36:06.881623+09:00,2026-09-28T22:36:06.965497+09:00,rail-left-01,rail-right-01,0.6.7-draft,0.6.7-draft,mqtt,mqtt,391.18,308.55,6.458,6.056,-0.026,-0.049,0.25,-0.323,10.687,9.608,-0.065,0.0304,0.0393,0.0556,-0.0096,-0.0035,25.01,24.9,16407,17580,2.051,2.197,6.153,6.592,217,217,22,22,0,0,0,0,,,,,,,,,,,,,,,,,0.0,0.0,0,0,621.2,371.2,0.8477,1.0788,1,1,0
2026-09-28T22:36:06.901555+09:00,54163480,9d29af73,2026-09-28T22:36:06.901555+09:00,2026-09-28T22:36:06.985429+09:00,rail-left-01,rail-right-01,0.6.7-draft,0.6.7-draft,mqtt,mqtt,392.43,309.5,6.454,6.048,0.178,0.184,-0.073,-0.29,10.47,9.82,-0.0638,0.034,0.0429,0.0564,-0.0113,-0.0133,24.99,24.9,16397,17562,2.05,2.195,6.149,6.586,218,218,22,22,0,0,0,0,,,,,,,,,,,,,,,,,0.0,0.0,0,0,622.2,372.2,0.8477,1.0788,1,1,0
2026-09-28T22:36:06.921677+09:00,54183602,9d29af73,2026-09-28T22:36:06.921677+09:00,2026-09-28T22:36:07.005551+09:00,rail-left-01,rail-right-01,0.6.7-draft,0.6.7-draft,mqtt,mqtt,393.62,310.49,6.436,6.059,-0.075,-0.099,0.072,-0.321,10.38,9.796,-0.0657,0.0372,0.043,0.0585,-0.0049,0.0003,25.01,24.92,16352,17586,2.044,2.198,6.132,6.595,219,219,22,22,0,0,0,0,,,,,,,,,,,,,,,,,0.0,0.0,0,0,623.2,373.2,0.8477,1.0788,1,1,0
2026-09-28T22:36:06.941559+09:00,54203484,9d29af73,2026-09-28T22:36:06.941559+09:00,2026-09-28T22:36:07.025433+09:00,rail-left-01,rail-right-01,0.6.7-draft,0.6.7-draft,mqtt,mqtt,394.81,311.44,6.398,6.041,0.008,0.054,-0.152,-0.285,10.518,9.819,-0.0681,0.0352,0.036,0.0564,-0.0101,-0.0101,24.98,24.91,16258,17546,2.032,2.193,6.097,6.58,220,220,22,22,0,0,0,0,,,,,,,,,,,,,,,,,0.0,0.0,0,0,624.2,374.2,0.8477,1.0788,1,1,0
2026-09-28T22:36:07.088626+09:00,54345535,9d29af73,2026-09-28T22:36:07.088626+09:00,2026-09-28T22:36:07.172613+09:00,rail-left-01,rail-right-01,0.6.7-draft,0.6.7-draft,mqtt,mqtt,403.46,318.25,6.393,6.031,-0.006,-0.016,0.077,-0.269,10.479,9.647,-0.065,0.033,0.0421,0.0613,-0.0132,-0.0079,25.0,24.88,16245,17525,2.031,2.191,6.092,6.572,221,221,23,23,0,0,0,0,,,,,,,,,,,,,,,,,0.0,0.0,0,0,631.6,381.6,0.8477,1.0788,1,1,0
2026-09-28T22:36:07.108742+09:00,54365651,9d29af73,2026-09-28T22:36:07.108742+09:00,2026-09-28T22:36:07.192729+09:00,rail-left-01,rail-right-01,0.6.7-draft,0.6.7-draft,mqtt,mqtt,404.71,319.19,6.337,6.187,-0.019,-0.029,0.017,-0.142,10.575,9.814,-0.0624,0.033,0.0418,0.0593,-0.0088,-0.0057,24.98,24.89,16105,17871,2.013,2.234,6.039,6.702,222,222,23,23,0,0,0,0,,,,,,,,,,,,,,,,,0.0,0.0,0,0,632.6,382.6,0.8477,1.0788,1,1,0
2026-09-28T22:36:07.128747+09:00,54385656,9d29af73,2026-09-28T22:36:07.128747+09:00,2026-09-28T22:36:07.212734+09:00,rail-left-01,rail-right-01,0.6.7-draft,0.6.7-draft,mqtt,mqtt,405.9,320.19,6.335,6.207,-0.01,0.014,0.012,-0.072,10.449,9.851,-0.0622,0.031,0.0398,0.0608,-0.0108,-0.0065,24.99,24.92,16101,17915,2.013,2.239,6.038,6.718,223,223,23,23,0,0,0,0,,,,,,,,,,,,,,,,,0.0,0.0,0,0,633.6,383.6,0.8477,1.0788,1,1,0
2026-09-28T22:36:07.148711+09:00,54405620,9d29af73,2026-09-28T22:36:07.148711+09:00,2026-09-28T22:36:07.232698+09:00,rail-left-01,rail-right-01,0.6.7-draft,0.6.7-draft,mqtt,mqtt,407.14,321.13,6.325,6.222,0.03,-0.011,0.165,-0.2,10.542,10.075,-0.0628,0.0321,0.0424,0.0613,-0.01,-0.0089,24.98,24.9,16075,17949,2.009,2.244,6.028,6.731,224,224,23,23,0,0,0,0,,,,,,,,,,,,,,,,,0.0,0.0,0,0,634.7,384.7,0.8477,1.0788,1,1,0
2026-09-28T22:36:07.168801+09:00,54425710,9d29af73,2026-09-28T22:36:07.168801+09:00,2026-09-28T22:36:07.252788+09:00,rail-left-01,rail-right-01,0.6.7-draft,0.6.7-draft,mqtt,mqtt,408.34,322.07,6.322,6.241,0.002,-0.057,0.059,-0.147,10.531,9.649,-0.0642,0.0348,0.0398,0.0554,-0.0089,-0.0052,24.98,24.89,16067,17991,2.008,2.249,6.025,6.747,225,225,23,23,0,0,0,0,,,,,,,,,,,,,,,,,0.0,0.0,0,0,635.7,385.7,0.8477,1.0788,1,1,0
2026-09-28T22:36:07.188948+09:00,54445858,9d29af73,2026-09-28T22:36:07.188948+09:00,2026-09-28T22:36:07.272936+09:00,rail-left-01,rail-right-01,0.6.7-draft,0.6.7-draft,mqtt,mqtt,409.58,323.07,6.308,6.256,0.05,0.024,0.016,-0.321,10.561,9.589,-0.0621,0.0345,0.0421,0.0582,-0.0112,-0.0076,25.0,24.9,16034,18024,2.004,2.253,6.013,6.759,226,226,23,23,0,0,0,0,,,,,,,,,,,,,,,,,0.0,0.0,0,0,636.8,386.8,0.8477,1.0788,1,1,0
2026-09-28T22:36:07.208716+09:00,54465625,9d29af73,2026-09-28T22:36:07.208716+09:00,2026-09-28T22:36:07.292703+09:00,rail-left-01,rail-right-01,0.6.7-draft,0.6.7-draft,mqtt,mqtt,410.77,324.01,6.301,6.263,0.016,-0.031,-0.026,-0.096,10.552,9.803,-0.0621,0.0336,0.0418,0.062,-0.0113,-0.0095,25.01,24.89,16016,18040,2.002,2.255,6.006,6.765,227,227,23,23,0,0,0,0,,,,,,,,,,,,,,,,,0.0,0.0,0,0,637.8,387.8,0.8477,1.0788,1,1,0
2026-09-28T22:36:07.228647+09:00,54485556,9d29af73,2026-09-28T22:36:07.228647+09:00,2026-09-28T22:36:07.312634+09:00,rail-left-01,rail-right-01,0.6.7-draft,0.6.7-draft,mqtt,mqtt,411.97,324.96,6.293,6.293,-0.012,0.012,0.124,-0.271,10.677,9.772,-0.063,0.0329,0.0386,0.0564,-0.0097,-0.0047,24.99,24.92,15995,18105,1.999,2.263,5.998,6.789,228,228,23,23,0,0,0,0,,,,,,,,,,,,,,,,,0.0,0.0,0,0,638.8,388.8,0.8477,1.0788,1,1,0
2026-09-28T22:36:07.248771+09:00,54505680,9d29af73,2026-09-28T22:36:07.248771+09:00,2026-09-28T22:36:07.332758+09:00,rail-left-01,rail-right-01,0.6.7-draft,0.6.7-draft,mqtt,mqtt,413.21,325.9,6.287,6.303,0.065,0.032,-0.085,-0.342,10.533,9.869,-0.0669,0.0317,0.0434,0.0605,-0.0099,-0.0079,24.99,24.89,15981,18129,1.998,2.266,5.993,6.798,229,229,23,23,0,0,0,0,,,,,,,,,,,,,,,,,0.0,0.0,0,0,639.8,389.8,0.8477,1.0788,1,1,0
2026-09-28T22:36:07.268628+09:00,54525537,9d29af73,2026-09-28T22:36:07.268628+09:00,2026-09-28T22:36:07.352615+09:00,rail-left-01,rail-right-01,0.6.7-draft,0.6.7-draft,mqtt,mqtt,414.4,326.9,6.264,6.318,-0.049,-0.089,0.18,-0.124,10.281,9.772,-0.0608,0.0326,0.0428,0.0625,-0.0093,-0.0064,24.99,24.89,15925,18161,1.991,2.27,5.972,6.81,230,230,23,23,0,0,0,0,,,,,,,,,,,,,,,,,0.0,0.0,0,0,640.8,390.8,0.8477,1.0788,1,1,0
2026-09-28T22:36:07.451839+09:00,54661440,9d29af73,2026-09-28T22:36:07.451839+09:00,2026-09-28T22:36:07.489786+09:00,rail-left-01,rail-right-01,0.6.7-draft,0.6.7-draft,mqtt,mqtt,422.65,333.36,6.264,6.328,-0.054,-0.03,-0.163,0.031,10.306,9.894,-0.0634,0.0341,0.0401,0.0553,-0.0085,-0.0017,24.99,24.87,15924,18184,1.991,2.273,5.972,6.819,231,231,24,24,0,0,0,0,,,,,,,,,,,,,,,,,0.0,0.0,0,0,647.8,397.8,0.8477,1.0788,1,1,0
2026-09-28T22:36:07.471994+09:00,54681595,9d29af73,2026-09-28T22:36:07.471994+09:00,2026-09-28T22:36:07.509940+09:00,rail-left-01,rail-right-01,0.6.7-draft,0.6.7-draft,mqtt,mqtt,423.9,334.36,6.242,6.388,0.04,0.069,0.062,-0.373,10.517,9.749,-0.0653,0.03,0.038,0.0526,-0.0069,-0.0037,25.01,24.9,15868,18317,1.984,2.29,5.951,6.869,232,232,24,24,0,0,0,0,,,,,,,,,,,,,,,,,0.0,0.0,0,0,648.9,398.9,0.8477,1.0788,1,1,0
2026-09-28T22:36:07.491943+09:00,54701544,9d29af73,2026-09-28T22:36:07.491943+09:00,2026-09-28T22:36:07.529890+09:00,rail-left-01,rail-right-01,0.6.7-draft,0.6.7-draft,mqtt,mqtt,425.14,335.3,6.256,6.382,-0.151,-0.074,0.029,-0.207,10.494,9.618,-0.0632,0.0321,0.0397,0.0502,-0.0096,-0.0093,24.99,24.91,15905,18304,1.988,2.288,5.964,6.864,233,233,24,24,0,0,0,0,,,,,,,,,,,,,,,,,0.0,0.0,0,0,649.9,399.9,0.8477,1.0788,1,1,0
2026-09-28T22:36:07.511896+09:00,54721497,9d29af73,2026-09-28T22:36:07.511896+09:00,2026-09-28T22:36:07.549843+09:00,rail-left-01,rail-right-01,0.6.7-draft,0.6.7-draft,mqtt,mqtt,426.33,336.24,6.263,6.388,0.034,0.083,0.066,-0.29,10.52,9.694,-0.067,0.0286,0.0425,0.0564,-0.0127,-0.0083,24.99,24.9,15921,18316,1.99,2.289,5.97,6.868,234,234,24,24,0,0,0,0,,,,,,,,,,,,,,,,,0.0,0.0,0,0,651.0,401.0,0.8477,1.0788,1,1,0
2026-09-28T22:36:07.532035+09:00,54741636,9d29af73,2026-09-28T22:36:07.532035+09:00,2026-09-28T22:36:07.569981+09:00,rail-left-01,rail-right-01,0.6.7-draft,0.6.7-draft,mqtt,mqtt,427.58,337.19,6.289,6.392,-0.045,-0.061,-0.097,-0.198,10.38,9.941,-0.0655,0.0302,0.0349,0.0528,-0.0088,-0.0025,25.01,24.9,15986,18325,1.998,2.291,5.995,6.872,235,235,24,24,0,0,0,0,,,,,,,,,,,,,,,,,0.0,0.0,0,0,652.0,402.0,0.8477,1.0788,1,1,0
2026-09-28T22:36:07.552042+09:00,54761643,9d29af73,2026-09-28T22:36:07.552042+09:00,2026-09-28T22:36:07.589989+09:00,rail-left-01,rail-right-01,0.6.7-draft,0.6.7-draft,mqtt,mqtt,428.77,338.13,6.297,6.399,0.159,0.133,-0.103,-0.375,10.397,9.801,-0.0621,0.0294,0.0388,0.0598,-0.0099,-0.0073,25.0,24.87,16006,18341,2.001,2.293,6.002,6.878,236,236,24,24,0,0,0,0,,,,,,,,,,,,,,,,,0.0,0.0,0,0,653.0,403.0,0.8477,1.0788,1,1,0
2026-09-28T22:36:07.571985+09:00,54781586,9d29af73,2026-09-28T22:36:07.571985+09:00,2026-09-28T22:36:07.609932+09:00,rail-left-01,rail-right-01,0.6.7-draft,0.6.7-draft,mqtt,mqtt,429.96,339.13,6.288,6.393,-0.062,0.025,0.091,-0.051,10.534,9.898,-0.0661,0.0274,0.0336,0.0528,-0.0068,-0.004,24.98,24.89,15983,18327,1.998,2.291,5.994,6.873,237,237,24,24,0,0,0,0,,,,,,,,,,,,,,,,,0.0,0.0,0,0,654.0,404.0,0.8477,1.0788,1,1,0
2026-09-28T22:36:07.592049+09:00,54801650,9d29af73,2026-09-28T22:36:07.592049+09:00,2026-09-28T22:36:07.629996+09:00,rail-left-01,rail-right-01,0.6.7-draft,0.6.7-draft,mqtt,mqtt,431.21,340.07,6.293,6.389,0.171,0.151,0.229,-0.2,10.297,9.665,-0.0632,0.03,0.0398,0.0574,-0.0049,-0.0053,24.99,24.89,15995,18319,1.999,2.29,5.998,6.87,238,238,24,24,0,0,0,0,,,,,,,,,,,,,,,,,0.0,0.0,0,0,655.1,405.1,0.8477,1.0788,1,1,0
2026-09-28T22:36:07.611989+09:00,54821590,9d29af73,2026-09-28T22:36:07.611989+09:00,2026-09-28T22:36:07.649936+09:00,rail-left-01,rail-right-01,0.6.7-draft,0.6.7-draft,mqtt,mqtt,432.4,341.02,6.293,6.389,-0.06,-0.108,-0.001,-0.262,10.483,9.637,-0.0646,0.0297,0.038,0.059,-0.0077,-0.008,24.99,24.9,15997,18319,2.0,2.29,5.999,6.87,239,239,24,24,0,0,0,0,,,,,,,,,,,,,,,,,0.0,0.0,0,0,656.1,406.1,0.8477,1.0788,1,1,0
2026-09-28T22:36:07.632252+09:00,54841853,9d29af73,2026-09-28T22:36:07.632252+09:00,2026-09-28T22:36:07.670199+09:00,rail-left-01,rail-right-01,0.6.7-draft,0.6.7-draft,mqtt,mqtt,433.64,342.01,6.272,6.384,-0.132,-0.086,0.104,-0.308,10.223,9.556,-0.0622,0.0245,0.0416,0.0598,-0.0152,-0.0085,24.97,24.89,15944,18308,1.993,2.289,5.979,6.866,240,240,24,24,0,0,0,0,,,,,,,,,,,,,,,,,0.0,0.0,0,0,657.2,407.2,0.8477,1.0788,1,1,0
2026-09-28T22:36:07.722640+09:00,54978457,9d29af73,2026-09-28T22:36:07.722640+09:00,2026-09-28T22:36:07.766648+09:00,rail-left-01,rail-right-01,0.6.7-draft,0.6.7-draft,mqtt,mqtt,441.95,348.53,6.246,6.376,0.059,0.159,0.013,-0.116,10.596,9.841,-0.0521,0.0288,0.032,0.053,-0.0079,-0.0101,24.99,24.89,15880,18291,1.985,2.286,5.955,6.859,241,241,25,25,0,0,0,0,,,,,,,,,,,,,,,,,0.0,0.0,0,0,664.2,414.2,0.8477,1.0788,1,1,0
2026-09-28T22:36:07.742764+09:00,54998581,9d29af73,2026-09-28T22:36:07.742764+09:00,2026-09-28T22:36:07.786772+09:00,rail-left-01,rail-right-01,0.6.7-draft,0.6.7-draft,mqtt,mqtt,443.14,349.47,6.371,6.316,-0.022,0.0,0.144,-0.401,10.578,9.868,-0.0589,0.0346,0.0358,0.0534,-0.006,-0.0025,24.98,24.91,16191,18157,2.024,2.27,6.072,6.809,242,242,25,25,0,0,0,0,,,,,,,,,,,,,,,,,0.0,0.0,0,0,665.2,415.2,0.8477,1.0788,1,1,0
2026-09-28T22:36:07.762677+09:00,55018494,9d29af73,2026-09-28T22:36:07.762677+09:00,2026-09-28T22:36:07.806685+09:00,rail-left-01,rail-right-01,0.6.7-draft,0.6.7-draft,mqtt,mqtt,444.38,350.41,6.393,6.325,-0.031,0.002,-0.034,-0.238,10.432,9.704,-0.063,0.0304,0.0396,0.0545,-0.0101,-0.0049,25.01,24.91,16246,18176,2.031,2.272,6.092,6.816,243,243,25,25,0,0,0,0,,,,,,,,,,,,,,,,,0.0,0.0,0,0,666.3,416.3,0.8477,1.0788,1,1,0
2026-09-28T22:36:07.782885+09:00,55038702,9d29af73,2026-09-28T22:36:07.782885+09:00,2026-09-28T22:36:07.826893+09:00,rail-left-01,rail-right-01,0.6.7-draft,0.6.7-draft,mqtt,mqtt,445.58,351.41,6.392,6.34,0.025,-0.011,0.142,-0.347,10.444,9.688,-0.0642,0.031,0.0433,0.0602,-0.0108,-0.0084,24.99,24.9,16243,18211,2.03,2.276,6.091,6.829,244,244,25,25,0,0,0,0,,,,,,,,,,,,,,,,,0.0,0.0,0,0,667.3,417.3,0.8477,1.0788,1,1,0
2026-09-28T22:36:07.802772+09:00,55058589,9d29af73,2026-09-28T22:36:07.802772+09:00,2026-09-28T22:36:07.846780+09:00,rail-left-01,rail-right-01,0.6.7-draft,0.6.7-draft,mqtt,mqtt,446.82,352.35,6.41,6.344,-0.08,-0.066,-0.034,-0.219,10.588,9.637,-0.0646,0.0294,0.0372,0.0533,-0.0089,-0.0064,25.0,24.91,16287,18219,2.036,2.277,6.108,6.832,245,245,25,25,0,0,0,0,,,,,,,,,,,,,,,,,0.0,0.0,0,0,668.3,418.3,0.8477,1.0788,1,1,0
2026-09-28T22:36:07.822755+09:00,55078572,9d29af73,2026-09-28T22:36:07.822755+09:00,2026-09-28T22:36:07.866763+09:00,rail-left-01,rail-right-01,0.6.7-draft,0.6.7-draft,mqtt,mqtt,448.01,353.3,6.427,6.334,0.136,0.139,0.214,-0.208,10.343,9.85,-0.0634,0.033,0.0376,0.0557,-0.0091,-0.0023,24.99,24.9,16330,18196,2.041,2.275,6.124,6.824,246,246,25,25,0,0,0,0,,,,,,,,,,,,,,,,,0.0,0.0,0,0,669.3,419.3,0.8477,1.0788,1,1,0
2026-09-28T22:36:07.842697+09:00,55098514,9d29af73,2026-09-28T22:36:07.842697+09:00,2026-09-28T22:36:07.886705+09:00,rail-left-01,rail-right-01,0.6.7-draft,0.6.7-draft,mqtt,mqtt,449.25,354.24,6.434,6.343,-0.092,-0.081,-0.051,-0.066,10.646,9.764,-0.0641,0.0334,0.0414,0.0613,-0.0125,-0.0051,25.02,24.92,16346,18218,2.043,2.277,6.13,6.832,247,247,25,25,0,0,0,0,,,,,,,,,,,,,,,,,0.0,0.0,0,0,670.4,420.4,0.8477,1.0788,1,1,0
2026-09-28T22:36:07.862810+09:00,55118627,9d29af73,2026-09-28T22:36:07.862810+09:00,2026-09-28T22:36:07.906818+09:00,rail-left-01,rail-right-01,0.6.7-draft,0.6.7-draft,mqtt,mqtt,450.45,355.19,6.438,6.358,-0.024,0.099,0.18,-0.388,10.503,9.742,-0.0658,0.0332,0.041,0.0561,-0.0119,-0.0037,24.99,24.9,16358,18251,2.045,2.281,6.134,6.844,248,248,25,25,0,0,0,0,,,,,,,,,,,,,,,,,0.0,0.0,0,0,671.4,421.4,0.8477,1.0788,1,1,0
2026-09-28T22:36:07.882762+09:00,55138579,9d29af73,2026-09-28T22:36:07.882762+09:00,2026-09-28T22:36:07.926770+09:00,rail-left-01,rail-right-01,0.6.7-draft,0.6.7-draft,mqtt,mqtt,451.69,356.13,6.429,6.375,0.019,0.055,0.007,-0.147,10.337,9.626,-0.0601,0.0314,0.0378,0.056,-0.0095,-0.002,24.97,24.92,16334,18287,2.042,2.286,6.125,6.858,249,249,25,25,0,0,0,0,,,,,,,,,,,,,,,,,0.0,0.0,0,0,672.5,422.5,0.8477,1.0788,1,1,0
2026-09-28T22:36:07.902751+09:00,55158568,9d29af73,2026-09-28T22:36:07.902751+09:00,2026-09-28T22:36:07.946759+09:00,rail-left-01,rail-right-01,0.6.7-draft,0.6.7-draft,mqtt,mqtt,452.88,357.08,6.461,6.37,0.037,-0.005,0.174,-0.256,10.28,9.513,-0.0699,0.029,0.034,0.0529,-0.0077,-0.0045,25.01,24.92,16414,18276,2.052,2.285,6.155,6.854,250,250,25,25,0,0,0,0,,,,,,,,,,,,,,,,,0.0,0.0,0,0,673.5,423.5,0.8477,1.0788,1,1,0
2026-09-28T22:36:07.996003+09:00,55255464,9d29af73,2026-09-28T22:36:07.996003+09:00,2026-09-28T22:36:08.077441+09:00,rail-left-01,rail-right-01,0.6.7-draft,0.6.7-draft,mqtt,mqtt,458.75,361.7,6.485,6.374,-0.117,-0.079,0.37,-0.375,10.179,9.827,-0.0657,0.0325,0.0433,0.0601,-0.0168,-0.0132,24.99,24.9,16474,18285,2.059,2.286,6.178,6.857,251,251,26,26,0,0,0,0,,,,,,,,,,,,,,,,,0.0,0.0,0,0,678.4,428.4,0.8477,1.0788,1,1,0
2026-09-28T22:36:08.016136+09:00,55275597,9d29af73,2026-09-28T22:36:08.016136+09:00,2026-09-28T22:36:08.097574+09:00,rail-left-01,rail-right-01,0.6.7-draft,0.6.7-draft,mqtt,mqtt,459.99,362.69,6.597,6.352,0.124,0.126,0.007,-0.034,10.92,9.564,-0.0681,0.0332,0.0348,0.0538,-0.0077,-0.0056,24.99,24.89,16754,18238,2.094,2.28,6.283,6.839,252,252,26,26,0,0,0,0,,,,,,,,,,,,,,,,,0.0,0.0,0,0,679.5,429.5,0.8477,1.0788,1,1,0
2026-09-28T22:36:08.036296+09:00,55295757,9d29af73,2026-09-28T22:36:08.036296+09:00,2026-09-28T22:36:08.117734+09:00,rail-left-01,rail-right-01,0.6.7-draft,0.6.7-draft,mqtt,mqtt,461.19,363.64,6.628,6.343,-0.073,-0.117,-0.038,-0.375,10.369,9.992,-0.069,0.0338,0.0341,0.0517,-0.0087,-0.0035,24.99,24.89,16830,18218,2.104,2.277,6.311,6.832,253,253,26,26,0,0,0,0,,,,,,,,,,,,,,,,,0.0,0.0,0,0,680.5,430.5,0.8477,1.0788,1,1,0
2026-09-28T22:36:08.056128+09:00,55315589,9d29af73,2026-09-28T22:36:08.056128+09:00,2026-09-28T22:36:08.137566+09:00,rail-left-01,rail-right-01,0.6.7-draft,0.6.7-draft,mqtt,mqtt,462.43,364.58,6.63,6.334,0.127,0.071,0.188,-0.096,10.41,9.676,-0.0642,0.0317,0.0389,0.057,-0.0101,-0.0075,25.0,24.89,16836,18197,2.105,2.275,6.314,6.824,254,254,26,26,0,0,0,0,,,,,,,,,,,,,,,,,0.0,0.0,0,0,681.6,431.6,0.8477,1.0788,1,1,0
2026-09-28T22:36:08.076534+09:00,55335995,9d29af73,2026-09-28T22:36:08.076534+09:00,2026-09-28T22:36:08.157972+09:00,rail-left-01,rail-right-01,0.6.7-draft,0.6.7-draft,mqtt,mqtt,463.62,365.58,6.641,6.32,-0.154,-0.073,0.127,-0.225,10.511,9.734,-0.067,0.0306,0.0317,0.053,-0.0088,-0.0051,24.98,24.92,16862,18167,2.108,2.271,6.323,6.813,255,255,26,26,0,0,0,0,,,,,,,,,,,,,,,,,0.0,0.0,0,0,682.6,432.6,0.8477,1.0788,1,1,0
2026-09-28T22:36:08.096677+09:00,55356138,9d29af73,2026-09-28T22:36:08.096677+09:00,2026-09-28T22:36:08.178115+09:00,rail-left-01,rail-right-01,0.6.7-draft,0.6.7-draft,mqtt,mqtt,464.87,366.52,6.644,6.318,0.162,0.193,0.051,-0.242,10.399,9.522,-0.0673,0.0333,0.04,0.0602,-0.0063,-0.0044,24.99,24.9,16869,18162,2.109,2.27,6.326,6.811,256,256,26,26,0,0,0,0,,,,,,,,,,,,,,,,,0.0,0.0,0,0,683.6,433.6,0.8477,1.0788,1,1,0
2026-09-28T22:36:08.116059+09:00,55375520,9d29af73,2026-09-28T22:36:08.116059+09:00,2026-09-28T22:36:08.197497+09:00,rail-left-01,rail-right-01,0.6.7-draft,0.6.7-draft,mqtt,mqtt,466.06,367.47,6.64,6.315,-0.205,-0.229,-0.244,-0.356,10.523,9.689,-0.0674,0.0321,0.0333,0.0526,-0.0068,-0.0024,25.0,24.89,16860,18155,2.108,2.269,6.323,6.808,257,257,26,26,0,0,0,0,,,,,,,,,,,,,,,,,0.0,0.0,0,0,684.6,434.6,0.8477,1.0788,1,1,0
2026-09-28T22:36:08.136020+09:00,55395481,9d29af73,2026-09-28T22:36:08.136020+09:00,2026-09-28T22:36:08.217458+09:00,rail-left-01,rail-right-01,0.6.7-draft,0.6.7-draft,mqtt,mqtt,467.25,368.41,6.654,6.313,0.213,0.113,0.162,-0.266,10.349,9.695,-0.0663,0.0352,0.0372,0.0553,-0.0033,-0.0056,24.99,24.89,16895,18150,2.112,2.269,6.336,6.806,258,258,26,26,0,0,0,0,,,,,,,,,,,,,,,,,0.0,0.0,0,0,685.6,435.6,0.8477,1.0788,1,1,0
2026-09-28T22:36:08.156132+09:00,55415593,9d29af73,2026-09-28T22:36:08.156132+09:00,2026-09-28T22:36:08.237570+09:00,rail-left-01,rail-right-01,0.6.7-draft,0.6.7-draft,mqtt,mqtt,468.5,369.36,6.652,6.297,-0.117,-0.074,0.172,-0.286,10.525,9.686,-0.071,0.037,0.0392,0.0561,-0.0093,-0.0097,24.99,24.9,16889,18116,2.111,2.265,6.333,6.794,259,259,26,26,0,0,0,0,,,,,,,,,,,,,,,,,0.0,0.0,0,0,686.7,436.7,0.8477,1.0788,1,1,0
2026-09-28T22:36:08.176006+09:00,55435467,9d29af73,2026-09-28T22:36:08.176006+09:00,2026-09-28T22:36:08.257444+09:00,rail-left-01,rail-right-01,0.6.7-draft,0.6.7-draft,mqtt,mqtt,469.69,370.35,6.65,6.274,0.072,0.148,0.087,0.044,10.288,9.821,-0.0663,0.037,0.039,0.0501,-0.0047,-0.0011,25.01,24.92,16884,18063,2.111,2.258,6.332,6.774,260,260,26,26,0,0,0,0,,,,,,,,,,,,,,,,,0.0,0.0,0,0,687.7,437.7,0.8477,1.0788,1,1,0
2026-09-28T22:36:08.310286+09:00,55567423,9d29af73,2026-09-28T22:36:08.310286+09:00,2026-09-28T22:36:08.392157+09:00,rail-left-01,rail-right-01,0.6.7-draft,0.6.7-draft,mqtt,mqtt,477.69,376.67,6.645,6.271,0.032,-0.041,0.189,-0.084,10.296,9.645,-0.0626,0.0348,0.0382,0.0573,-0.0109,-0.0072,24.97,24.9,16873,18057,2.109,2.257,6.327,6.771,261,261,27,27,0,0,0,0,,,,,,,,,,,,,,,,,0.0,0.0,0,0,694.5,444.5,0.8477,1.0788,1,1,0
2026-09-28T22:36:08.330409+09:00,55587546,9d29af73,2026-09-28T22:36:08.330409+09:00,2026-09-28T22:36:08.412280+09:00,rail-left-01,rail-right-01,0.6.7-draft,0.6.7-draft,mqtt,mqtt,478.94,377.61,6.609,6.29,-0.096,-0.074,0.277,-0.23,10.406,9.724,-0.0662,0.0338,0.048,0.0601,-0.0035,-0.0036,24.98,24.88,16783,18099,2.098,2.262,6.294,6.787,262,262,27,27,0,0,0,0,,,,,,,,,,,,,,,,,0.0,0.0,0,0,695.6,445.6,0.8477,1.0788,1,1,0
2026-09-28T22:36:08.350348+09:00,55607485,9d29af73,2026-09-28T22:36:08.350348+09:00,2026-09-28T22:36:08.432219+09:00,rail-left-01,rail-right-01,0.6.7-draft,0.6.7-draft,mqtt,mqtt,480.13,378.6,6.598,6.312,0.122,0.151,-0.196,-0.344,10.484,9.574,-0.0646,0.0336,0.0384,0.0545,-0.0047,-0.0065,25.0,24.9,16755,18148,2.094,2.269,6.283,6.806,263,263,27,27,0,0,0,0,,,,,,,,,,,,,,,,,0.0,0.0,0,0,696.6,446.6,0.8477,1.0788,1,1,0
2026-09-28T22:36:08.370457+09:00,55627594,9d29af73,2026-09-28T22:36:08.370457+09:00,2026-09-28T22:36:08.452328+09:00,rail-left-01,rail-right-01,0.6.7-draft,0.6.7-draft,mqtt,mqtt,481.37,379.55,6.588,6.303,-0.028,-0.073,0.02,-0.254,10.531,10.06,-0.0648,0.036,0.0462,0.0589,0.0007,-0.0073,24.99,24.87,16730,18129,2.091,2.266,6.274,6.798,264,264,27,27,0,0,0,0,,,,,,,,,,,,,,,,,0.0,0.0,0,0,697.6,447.6,0.8477,1.0788,1,1,0
2026-09-28T22:36:08.390345+09:00,55647482,9d29af73,2026-09-28T22:36:08.390345+09:00,2026-09-28T22:36:08.472216+09:00,rail-left-01,rail-right-01,0.6.7-draft,0.6.7-draft,mqtt,mqtt,482.57,380.49,6.588,6.326,0.074,0.072,0.292,-0.182,10.604,9.707,-0.0625,0.0352,0.0437,0.0565,-0.0028,-0.0017,24.99,24.88,16730,18180,2.091,2.273,6.274,6.818,265,265,27,27,0,0,0,0,,,,,,,,,,,,,,,,,0.0,0.0,0,0,698.6,448.6,0.8477,1.0788,1,1,0
2026-09-28T22:36:08.410525+09:00,55667662,9d29af73,2026-09-28T22:36:08.410525+09:00,2026-09-28T22:36:08.492396+09:00,rail-left-01,rail-right-01,0.6.7-draft,0.6.7-draft,mqtt,mqtt,483.81,381.49,6.594,6.343,-0.055,-0.04,-0.123,-0.294,10.677,9.838,-0.0653,0.0344,0.0358,0.0505,-0.0056,-0.0039,24.97,24.89,16745,18218,2.093,2.277,6.279,6.832,266,266,27,27,0,0,0,0,,,,,,,,,,,,,,,,,0.0,0.0,0,0,699.7,449.7,0.8477,1.0788,1,1,0
2026-09-28T22:36:08.430451+09:00,55687588,9d29af73,2026-09-28T22:36:08.430451+09:00,2026-09-28T22:36:08.512322+09:00,rail-left-01,rail-right-01,0.6.7-draft,0.6.7-draft,mqtt,mqtt,485.0,382.43,6.616,6.344,0.105,0.11,-0.012,-0.138,10.393,10.036,-0.065,0.0304,0.0372,0.0593,-0.0055,-0.0091,24.99,24.89,16799,18220,2.1,2.278,6.3,6.833,267,267,27,27,0,0,0,0,,,,,,,,,,,,,,,,,0.0,0.0,0,0,700.7,450.7,0.8477,1.0788,1,1,0
2026-09-28T22:36:08.450382+09:00,55707519,9d29af73,2026-09-28T22:36:08.450382+09:00,2026-09-28T22:36:08.532253+09:00,rail-left-01,rail-right-01,0.6.7-draft,0.6.7-draft,mqtt,mqtt,486.19,383.38,6.611,6.36,-0.183,-0.158,0.242,-0.332,10.69,9.653,-0.0657,0.033,0.0396,0.0554,-0.0029,-0.0008,24.99,24.89,16788,18255,2.099,2.282,6.295,6.846,268,268,27,27,0,0,0,0,,,,,,,,,,,,,,,,,0.0,0.0,0,0,701.7,451.7,0.8477,1.0788,1,1,0
2026-09-28T22:36:08.470330+09:00,55727467,9d29af73,2026-09-28T22:36:08.470330+09:00,2026-09-28T22:36:08.552200+09:00,rail-left-01,rail-right-01,0.6.7-draft,0.6.7-draft,mqtt,mqtt,487.44,384.37,6.612,6.369,0.005,0.067,-0.018,-0.292,10.457,9.816,-0.0634,0.0326,0.0406,0.0562,-0.0045,-0.0059,24.99,24.89,16789,18274,2.099,2.284,6.296,6.853,269,269,27,27,0,0,0,0,,,,,,,,,,,,,,,,,0.0,0.0,0,0,702.8,452.8,0.8477,1.0788,1,1,0
2026-09-28T22:36:08.490394+09:00,55747531,9d29af73,2026-09-28T22:36:08.490394+09:00,2026-09-28T22:36:08.572265+09:00,rail-left-01,rail-right-01,0.6.7-draft,0.6.7-draft,mqtt,mqtt,488.63,385.32,6.606,6.372,-0.017,-0.01,-0.013,-0.061,10.374,9.658,-0.0646,0.0338,0.0397,0.0566,-0.006,-0.0068,25.01,24.92,16775,18281,2.097,2.285,6.291,6.855,270,270,27,27,0,0,0,0,,,,,,,,,,,,,,,,,0.0,0.0,0,0,703.8,453.8,0.8477,1.0788,1,1,0
2026-09-28T22:36:08.752150+09:00,55880413,9d29af73,2026-09-28T22:36:08.752150+09:00,2026-09-28T22:36:08.863799+09:00,rail-left-01,rail-right-01,0.6.7-draft,0.6.7-draft,mqtt,mqtt,496.64,391.73,6.614,6.381,0.089,0.089,0.051,-0.113,10.432,9.697,-0.0646,0.0352,0.0401,0.0596,-0.008,-0.008,24.99,24.89,16795,18301,2.099,2.288,6.298,6.863,271,271,28,28,0,0,0,0,,,,,,,,,,,,,,,,,0.0,0.0,0,0,710.6,460.6,0.8477,1.0788,1,1,0
2026-09-28T22:36:08.772272+09:00,55900535,9d29af73,2026-09-28T22:36:08.772272+09:00,2026-09-28T22:36:08.883921+09:00,rail-left-01,rail-right-01,0.6.7-draft,0.6.7-draft,mqtt,mqtt,497.88,392.67,6.616,6.432,-0.198,-0.157,0.108,-0.133,10.609,9.62,-0.0667,0.0346,0.0396,0.0506,-0.0113,-0.004,24.99,24.89,16801,18415,2.1,2.302,6.3,6.906,272,272,28,28,0,0,0,0,,,,,,,,,,,,,,,,,0.0,0.0,0,0,711.6,461.6,0.8477,1.0788,1,1,0
2026-09-28T22:36:08.792199+09:00,55920462,9d29af73,2026-09-28T22:36:08.792199+09:00,2026-09-28T22:36:08.903848+09:00,rail-left-01,rail-right-01,0.6.7-draft,0.6.7-draft,mqtt,mqtt,499.07,393.62,6.624,6.431,0.17,0.174,0.099,-0.335,10.402,9.72,-0.0655,0.0353,0.0397,0.0548,-0.0147,-0.0081,24.97,24.88,16821,18412,2.103,2.302,6.308,6.905,273,273,28,28,0,0,0,0,,,,,,,,,,,,,,,,,0.0,0.0,0,0,712.6,462.6,0.8477,1.0788,1,1,0
2026-09-28T22:36:08.812303+09:00,55940566,9d29af73,2026-09-28T22:36:08.812303+09:00,2026-09-28T22:36:08.923952+09:00,rail-left-01,rail-right-01,0.6.7-draft,0.6.7-draft,mqtt,mqtt,500.27,394.61,6.616,6.443,-0.136,-0.102,-0.187,-0.204,10.655,9.749,-0.0669,0.0342,0.0405,0.0597,-0.0104,-0.0076,24.99,24.9,16800,18438,2.1,2.305,6.3,6.914,274,274,28,28,0,0,0,0,,,,,,,,,,,,,,,,,0.0,0.0,0,0,713.6,463.6,0.8477,1.0788,1,1,0
2026-09-28T22:36:08.832199+09:00,55960463,9d29af73,2026-09-28T22:36:08.832199+09:00,2026-09-28T22:36:08.943848+09:00,rail-left-01,rail-right-01,0.6.7-draft,0.6.7-draft,mqtt,mqtt,501.46,395.56,6.628,6.448,0.084,0.153,0.132,-0.229,10.338,9.815,-0.0624,0.0324,0.0345,0.0538,-0.0089,-0.0053,24.99,24.89,16831,18449,2.104,2.306,6.312,6.918,275,275,28,28,0,0,0,0,,,,,,,,,,,,,,,,,0.0,0.0,0,0,714.6,464.6,0.8477,1.0788,1,1,0
2026-09-28T22:36:08.852340+09:00,55980604,9d29af73,2026-09-28T22:36:08.852340+09:00,2026-09-28T22:36:08.963990+09:00,rail-left-01,rail-right-01,0.6.7-draft,0.6.7-draft,mqtt,mqtt,502.65,396.55,6.625,6.448,-0.054,-0.069,0.068,-0.244,10.561,9.535,-0.0652,0.0342,0.0466,0.0594,-0.0048,-0.0068,24.99,24.9,16822,18449,2.103,2.306,6.308,6.918,276,276,28,28,0,0,0,0,,,,,,,,,,,,,,,,,0.0,0.0,0,0,715.7,465.7,0.8477,1.0788,1,1,0
2026-09-28T22:36:08.872268+09:00,56000531,9d29af73,2026-09-28T22:36:08.872268+09:00,2026-09-28T22:36:08.983917+09:00,rail-left-01,rail-right-01,0.6.7-draft,0.6.7-draft,mqtt,mqtt,503.84,397.5,6.609,6.457,0.044,0.119,0.181,-0.248,10.295,9.59,-0.0686,0.0338,0.0422,0.0598,-0.0027,-0.0025,25.01,24.9,16783,18471,2.098,2.309,6.294,6.927,277,277,28,28,0,0,0,0,,,,,,,,,,,,,,,,,0.0,0.0,0,0,716.7,466.7,0.8477,1.0788,1,1,0
2026-09-28T22:36:08.892219+09:00,56020483,9d29af73,2026-09-28T22:36:08.892219+09:00,2026-09-28T22:36:09.003869+09:00,rail-left-01,rail-right-01,0.6.7-draft,0.6.7-draft,mqtt,mqtt,505.09,398.44,6.577,6.466,-0.057,-0.119,0.341,-0.087,10.618,9.669,-0.0701,0.0332,0.0421,0.0605,-0.0017,-0.0055,24.98,24.92,16704,18490,2.088,2.311,6.264,6.934,278,278,28,28,0,0,0,0,,,,,,,,,,,,,,,,,0.0,0.0,0,0,717.7,467.7,0.8477,1.0788,1,1,0
2026-09-28T22:36:08.912288+09:00,56040551,9d29af73,2026-09-28T22:36:08.912288+09:00,2026-09-28T22:36:09.023937+09:00,rail-left-01,rail-right-01,0.6.7-draft,0.6.7-draft,mqtt,mqtt,506.28,399.44,6.608,6.469,0.083,-0.005,-0.123,0.186,10.72,9.872,-0.0617,0.0341,0.0289,0.0541,-0.0007,-0.0015,24.99,24.92,16781,18496,2.098,2.312,6.293,6.936,279,279,28,28,0,0,0,0,,,,,,,,,,,,,,,,,0.0,0.0,0,0,718.7,468.7,0.8477,1.0788,1,1,0
2026-09-28T22:36:08.932224+09:00,56060487,9d29af73,2026-09-28T22:36:08.932224+09:00,2026-09-28T22:36:09.043873+09:00,rail-left-01,rail-right-01,0.6.7-draft,0.6.7-draft,mqtt,mqtt,507.47,400.38,6.657,6.473,-0.057,0.017,0.044,-0.582,10.398,9.852,-0.0601,0.031,0.0321,0.0512,-0.0076,-0.0049,24.99,24.92,16901,18506,2.113,2.313,6.338,6.94,280,280,28,28,0,0,0,0,,,,,,,,,,,,,,,,,0.0,0.0,0,0,719.7,469.7,0.8477,1.0788,1,1,0
2026-09-28T22:36:09.098042+09:00,56353446,9d29af73,2026-09-28T22:36:09.098042+09:00,2026-09-28T22:36:09.139808+09:00,rail-left-01,rail-right-01,0.6.7-draft,0.6.7-draft,mqtt,mqtt,525.22,414.55,6.672,6.472,0.04,0.013,0.158,-0.272,10.617,9.467,-0.0626,0.0329,0.0366,0.0568,-0.0053,-0.0025,25.0,24.9,16940,18503,2.118,2.313,6.352,6.939,281,281,29,29,0,0,0,0,,,,,,,,,,,,,,,,,0.0,0.0,0,0,734.8,484.8,0.8477,1.0788,1,1,0
2026-09-28T22:36:09.118310+09:00,56373715,9d29af73,2026-09-28T22:36:09.118310+09:00,2026-09-28T22:36:09.160077+09:00,rail-left-01,rail-right-01,0.6.7-draft,0.6.7-draft,mqtt,mqtt,526.42,415.55,6.65,6.335,-0.113,-0.02,0.069,-0.166,10.484,9.629,-0.0596,0.0302,0.0321,0.0506,-0.0077,-0.0048,24.98,24.92,16885,18200,2.111,2.275,6.332,6.825,282,282,29,29,0,0,0,0,,,,,,,,,,,,,,,,,0.0,0.0,0,0,735.8,485.8,0.8477,1.0788,1,1,0
2026-09-28T22:36:09.138230+09:00,56393635,9d29af73,2026-09-28T22:36:09.138230+09:00,2026-09-28T22:36:09.179996+09:00,rail-left-01,rail-right-01,0.6.7-draft,0.6.7-draft,mqtt,mqtt,527.66,416.49,6.738,6.34,0.077,0.038,-0.201,-0.223,10.415,9.858,-0.0644,0.031,0.0293,0.0501,-0.006,-0.0005,25.0,24.89,17104,18211,2.138,2.276,6.414,6.829,283,283,29,29,0,0,0,0,,,,,,,,,,,,,,,,,0.0,0.0,0,0,736.9,486.9,0.8477,1.0788,1,1,0
2026-09-28T22:36:09.158200+09:00,56413604,9d29af73,2026-09-28T22:36:09.158200+09:00,2026-09-28T22:36:09.199966+09:00,rail-left-01,rail-right-01,0.6.7-draft,0.6.7-draft,mqtt,mqtt,528.85,417.48,6.81,6.333,0.014,0.018,-0.001,-0.242,10.543,10.013,-0.0608,0.031,0.0328,0.053,-0.0121,-0.0099,24.97,24.9,17284,18194,2.161,2.274,6.482,6.823,284,284,29,29,0,0,0,0,,,,,,,,,,,,,,,,,0.0,0.0,0,0,737.9,487.9,0.8477,1.0788,1,1,0
2026-09-28T22:36:09.178780+09:00,56434185,9d29af73,2026-09-28T22:36:09.178780+09:00,2026-09-28T22:36:09.220547+09:00,rail-left-01,rail-right-01,0.6.7-draft,0.6.7-draft,mqtt,mqtt,530.1,418.43,6.838,6.344,0.034,0.035,0.105,-0.298,10.472,9.651,-0.0634,0.0272,0.038,0.0549,-0.0088,-0.0085,25.0,24.89,17352,18220,2.169,2.278,6.507,6.833,285,285,29,29,0,0,0,0,,,,,,,,,,,,,,,,,0.0,0.0,0,0,738.9,488.9,0.8477,1.0788,1,1,0
2026-09-28T22:36:09.198731+09:00,56454135,9d29af73,2026-09-28T22:36:09.198731+09:00,2026-09-28T22:36:09.240497+09:00,rail-left-01,rail-right-01,0.6.7-draft,0.6.7-draft,mqtt,mqtt,531.34,419.42,6.845,6.344,0.024,-0.005,0.047,-0.411,10.609,9.639,-0.0633,0.0306,0.0388,0.0556,-0.0089,-0.0097,25.01,24.9,17371,18220,2.171,2.278,6.514,6.833,286,286,29,29,0,0,0,0,,,,,,,,,,,,,,,,,0.0,0.0,0,0,740.0,490.0,0.8477,1.0788,1,1,0
2026-09-28T22:36:09.218166+09:00,56473571,9d29af73,2026-09-28T22:36:09.218166+09:00,2026-09-28T22:36:09.259932+09:00,rail-left-01,rail-right-01,0.6.7-draft,0.6.7-draft,mqtt,mqtt,532.48,420.37,6.857,6.352,-0.01,0.005,-0.01,0.032,10.307,9.68,-0.0616,0.0338,0.0354,0.0573,-0.0064,-0.0037,24.99,24.89,17401,18237,2.175,2.28,6.525,6.839,287,287,29,29,0,0,0,0,,,,,,,,,,,,,,,,,0.0,0.0,0,0,740.9,490.9,0.8477,1.0788,1,1,0
2026-09-28T22:36:09.238091+09:00,56493495,9d29af73,2026-09-28T22:36:09.238091+09:00,2026-09-28T22:36:09.279857+09:00,rail-left-01,rail-right-01,0.6.7-draft,0.6.7-draft,mqtt,mqtt,533.73,421.31,6.888,6.354,0.008,0.034,0.144,-0.309,10.349,9.829,-0.0642,0.0289,0.035,0.0525,-0.0072,-0.0061,25.0,24.92,17476,18242,2.185,2.28,6.554,6.841,288,288,29,29,0,0,0,0,,,,,,,,,,,,,,,,,0.0,0.0,0,0,742.0,492.0,0.8477,1.0788,1,1,0
2026-09-28T22:36:09.258220+09:00,56513625,9d29af73,2026-09-28T22:36:09.258220+09:00,2026-09-28T22:36:09.299987+09:00,rail-left-01,rail-right-01,0.6.7-draft,0.6.7-draft,mqtt,mqtt,534.92,422.26,6.898,6.357,0.05,0.11,-0.134,-0.286,10.485,9.655,-0.0652,0.0305,0.0418,0.0613,-0.0111,-0.0148,25.0,24.89,17501,18247,2.188,2.281,6.563,6.843,289,289,29,29,0,0,0,0,,,,,,,,,,,,,,,,,0.0,0.0,0,0,743.0,493.0,0.8477,1.0788,1,1,0
2026-09-28T22:36:09.278266+09:00,56533671,9d29af73,2026-09-28T22:36:09.278266+09:00,2026-09-28T22:36:09.320033+09:00,rail-left-01,rail-right-01,0.6.7-draft,0.6.7-draft,mqtt,mqtt,536.16,423.25,6.881,6.366,-0.028,-0.055,0.102,-0.314,10.586,9.607,-0.0646,0.0321,0.0393,0.0542,-0.0085,-0.0044,24.99,24.88,17459,18269,2.182,2.284,6.547,6.851,290,290,29,29,0,0,0,0,,,,,,,,,,,,,,,,,0.0,0.0,0,0,744.1,494.1,0.8477,1.0788,1,1,0
2026-09-28T22:36:09.405238+09:00,56628452,9d29af73,2026-09-28T22:36:09.405238+09:00,2026-09-28T22:36:09.491798+09:00,rail-left-01,rail-right-01,0.6.7-draft,0.6.7-draft,mqtt,mqtt,541.88,427.78,6.878,6.366,-0.025,-0.017,0.063,-0.024,10.461,9.858,-0.0596,0.0312,0.0416,0.0592,-0.0112,-0.0113,24.97,24.9,17453,18268,2.182,2.284,6.545,6.851,291,291,30,30,0,0,0,0,,,,,,,,,,,,,,,,,0.0,0.0,0,0,748.9,498.9,0.8477,1.0788,1,1,0
2026-09-28T22:36:09.425354+09:00,56648568,9d29af73,2026-09-28T22:36:09.425354+09:00,2026-09-28T22:36:09.511913+09:00,rail-left-01,rail-right-01,0.6.7-draft,0.6.7-draft,mqtt,mqtt,543.12,428.77,6.871,6.38,0.016,0.022,0.174,-0.36,10.59,9.559,-0.0638,0.0337,0.0396,0.056,-0.0091,-0.004,24.99,24.88,17435,18300,2.179,2.288,6.538,6.863,292,292,30,30,0,0,0,0,,,,,,,,,,,,,,,,,0.0,0.0,0,0,750.0,500.0,0.8477,1.0788,1,1,0
2026-09-28T22:36:09.445267+09:00,56668481,9d29af73,2026-09-28T22:36:09.445267+09:00,2026-09-28T22:36:09.531826+09:00,rail-left-01,rail-right-01,0.6.7-draft,0.6.7-draft,mqtt,mqtt,544.32,429.71,6.86,6.368,-0.013,-0.012,0.035,-0.065,10.602,9.946,-0.0641,0.0337,0.0374,0.0562,-0.0109,-0.0088,24.99,24.92,17407,18272,2.176,2.284,6.528,6.852,293,293,30,30,0,0,0,0,,,,,,,,,,,,,,,,,0.0,0.0,0,0,751.0,501.0,0.8477,1.0788,1,1,0
2026-09-28T22:36:09.465293+09:00,56688507,9d29af73,2026-09-28T22:36:09.465293+09:00,2026-09-28T22:36:09.551852+09:00,rail-left-01,rail-right-01,0.6.7-draft,0.6.7-draft,mqtt,mqtt,545.56,430.71,6.854,6.381,0.066,0.073,0.123,-0.259,10.33,9.923,-0.0678,0.0348,0.0422,0.0584,-0.0084,-0.0039,24.99,24.89,17393,18302,2.174,2.288,6.522,6.863,294,294,30,30,0,0,0,0,,,,,,,,,,,,,,,,,0.0,0.0,0,0,752.0,502.0,0.8477,1.0788,1,1,0
2026-09-28T22:36:09.485359+09:00,56708573,9d29af73,2026-09-28T22:36:09.485359+09:00,2026-09-28T22:36:09.571918+09:00,rail-left-01,rail-right-01,0.6.7-draft,0.6.7-draft,mqtt,mqtt,546.75,431.65,6.841,6.385,-0.042,-0.047,0.008,-0.165,10.511,9.761,-0.0653,0.0302,0.0404,0.0577,-0.0108,-0.0083,24.98,24.9,17359,18310,2.17,2.289,6.51,6.866,295,295,30,30,0,0,0,0,,,,,,,,,,,,,,,,,0.0,0.0,0,0,753.0,503.0,0.8477,1.0788,1,1,0
2026-09-28T22:36:09.505339+09:00,56728553,9d29af73,2026-09-28T22:36:09.505339+09:00,2026-09-28T22:36:09.591898+09:00,rail-left-01,rail-right-01,0.6.7-draft,0.6.7-draft,mqtt,mqtt,547.99,432.6,6.812,6.38,0.079,0.04,0.183,-0.283,10.672,9.829,-0.0641,0.0318,0.0454,0.0641,-0.0108,-0.0107,25.0,24.9,17287,18299,2.161,2.287,6.483,6.862,296,296,30,30,0,0,0,0,,,,,,,,,,,,,,,,,0.0,0.0,0,0,754.1,504.1,0.8477,1.0788,1,1,0
2026-09-28T22:36:09.525251+09:00,56748465,9d29af73,2026-09-28T22:36:09.525251+09:00,2026-09-28T22:36:09.611810+09:00,rail-left-01,rail-right-01,0.6.7-draft,0.6.7-draft,mqtt,mqtt,549.19,433.59,6.803,6.395,-0.067,-0.044,-0.047,-0.251,10.511,9.426,-0.0655,0.0285,0.0421,0.0577,-0.0068,-0.0037,25.0,24.91,17265,18333,2.158,2.292,6.474,6.875,297,297,30,30,0,0,0,0,,,,,,,,,,,,,,,,,0.0,0.0,0,0,755.1,505.1,0.8477,1.0788,1,1,0
2026-09-28T22:36:09.545365+09:00,56768579,9d29af73,2026-09-28T22:36:09.545365+09:00,2026-09-28T22:36:09.631924+09:00,rail-left-01,rail-right-01,0.6.7-draft,0.6.7-draft,mqtt,mqtt,550.43,434.54,6.773,6.399,0.071,0.089,0.176,-0.153,10.363,9.877,-0.0665,0.0282,0.0361,0.0554,-0.0095,-0.0084,24.98,24.91,17190,18341,2.149,2.293,6.446,6.878,298,298,30,30,0,0,0,0,,,,,,,,,,,,,,,,,0.0,0.0,0,0,756.2,506.2,0.8477,1.0788,1,1,0
2026-09-28T22:36:09.565358+09:00,56788572,9d29af73,2026-09-28T22:36:09.565358+09:00,2026-09-28T22:36:09.651917+09:00,rail-left-01,rail-right-01,0.6.7-draft,0.6.7-draft,mqtt,mqtt,551.62,435.53,6.775,6.402,0.022,-0.031,0.108,-0.396,10.426,9.608,-0.0652,0.0325,0.0409,0.0592,-0.0089,-0.0099,24.99,24.92,17196,18347,2.15,2.293,6.449,6.88,299,299,30,30,0,0,0,0,,,,,,,,,,,,,,,,,0.0,0.0,0,0,757.2,507.2,0.8477,1.0788,1,1,0
2026-09-28T22:36:09.585813+09:00,56809027,9d29af73,2026-09-28T22:36:09.585813+09:00,2026-09-28T22:36:09.672372+09:00,rail-left-01,rail-right-01,0.6.7-draft,0.6.7-draft,mqtt,mqtt,552.87,436.48,6.746,6.389,0.018,0.165,0.078,0.038,10.512,9.968,-0.0663,0.0346,0.0361,0.0556,-0.008,-0.0072,24.99,24.9,17124,18319,2.141,2.29,6.422,6.87,300,300,30,30,0,0,0,0,,,,,,,,,,,,,,,,,0.0,0.0,0,0,758.2,508.2,0.8477,1.0788,1,1,0
2026-09-28T22:36:09.744720+09:00,56979454,9d29af73,2026-09-28T22:36:09.744720+09:00,2026-09-28T22:36:09.836670+09:00,rail-left-01,rail-right-01,0.6.7-draft,0.6.7-draft,mqtt,mqtt,563.26,444.73,6.742,6.384,0.113,0.153,-0.174,-0.198,10.549,9.639,-0.064,0.0352,0.0414,0.0566,-0.0107,-0.012,24.97,24.89,17113,18307,2.139,2.288,6.417,6.865,301,301,31,31,0,0,0,0,,,,,,,,,,,,,,,,,0.0,0.0,0,0,767.0,517.0,0.8477,1.0788,1,1,0
2026-09-28T22:36:09.764758+09:00,56999492,9d29af73,2026-09-28T22:36:09.764758+09:00,2026-09-28T22:36:09.856708+09:00,rail-left-01,rail-right-01,0.6.7-draft,0.6.7-draft,mqtt,mqtt,564.5,445.67,6.573,6.333,-0.136,-0.166,0.277,-0.354,10.41,9.531,-0.0685,0.0378,0.0368,0.0554,-0.0077,-0.0011,25.01,24.9,16693,18194,2.087,2.274,6.26,6.823,302,302,31,31,0,0,0,0,,,,,,,,,,,,,,,,,0.0,0.0,0,0,768.1,518.1,0.8477,1.0788,1,1,0
2026-09-28T22:36:09.784753+09:00,57019487,9d29af73,2026-09-28T22:36:09.784753+09:00,2026-09-28T22:36:09.876703+09:00,rail-left-01,rail-right-01,0.6.7-draft,0.6.7-draft,mqtt,mqtt,565.74,446.67,6.559,6.325,0.057,-0.004,0.11,-0.181,10.617,9.817,-0.0632,0.0321,0.0398,0.0597,-0.012,-0.0065,25.0,24.9,16659,18178,2.082,2.272,6.247,6.817,303,303,31,31,0,0,0,0,,,,,,,,,,,,,,,,,0.0,0.0,0,0,769.1,519.1,0.8477,1.0788,1,1,0
2026-09-28T22:36:09.804971+09:00,57039704,9d29af73,2026-09-28T22:36:09.804971+09:00,2026-09-28T22:36:09.896920+09:00,rail-left-01,rail-right-01,0.6.7-draft,0.6.7-draft,mqtt,mqtt,566.94,447.66,6.55,6.343,0.066,0.096,0.086,-0.119,10.236,9.861,-0.0625,0.0352,0.0425,0.0589,-0.0075,-0.0052,25.0,24.9,16637,18218,2.08,2.277,6.239,6.832,304,304,31,31,0,0,0,0,,,,,,,,,,,,,,,,,0.0,0.0,0,0,770.2,520.2,0.8477,1.0788,1,1,0
2026-09-28T22:36:09.824892+09:00,57059626,9d29af73,2026-09-28T22:36:09.824892+09:00,2026-09-28T22:36:09.916842+09:00,rail-left-01,rail-right-01,0.6.7-draft,0.6.7-draft,mqtt,mqtt,568.18,448.61,6.524,6.354,-0.037,-0.054,-0.232,-0.29,10.658,9.675,-0.0616,0.0341,0.0388,0.0578,-0.0089,-0.0064,24.98,24.89,16571,18241,2.071,2.28,6.214,6.84,305,305,31,31,0,0,0,0,,,,,,,,,,,,,,,,,0.0,0.0,0,0,771.2,521.2,0.8477,1.0788,1,1,0
2026-09-28T22:36:09.844892+09:00,57079626,9d29af73,2026-09-28T22:36:09.844892+09:00,2026-09-28T22:36:09.936842+09:00,rail-left-01,rail-right-01,0.6.7-draft,0.6.7-draft,mqtt,mqtt,569.42,449.55,6.523,6.353,0.065,0.096,0.244,-0.342,10.526,9.573,-0.0621,0.0334,0.0414,0.0553,-0.0115,-0.0104,24.99,24.89,16568,18240,2.071,2.28,6.213,6.84,306,306,31,31,0,0,0,0,,,,,,,,,,,,,,,,,0.0,0.0,0,0,772.3,522.3,0.8477,1.0788,1,1,0
2026-09-28T22:36:09.864900+09:00,57099634,9d29af73,2026-09-28T22:36:09.864900+09:00,2026-09-28T22:36:09.956850+09:00,rail-left-01,rail-right-01,0.6.7-draft,0.6.7-draft,mqtt,mqtt,570.62,450.55,6.527,6.372,0.0,-0.063,0.11,-0.31,10.357,9.456,-0.0636,0.0324,0.0445,0.0581,-0.0109,-0.0124,24.98,24.9,16578,18281,2.072,2.285,6.217,6.855,307,307,31,31,0,0,0,0,,,,,,,,,,,,,,,,,0.0,0.0,0,0,773.3,523.3,0.8477,1.0788,1,1,0
2026-09-28T22:36:09.884881+09:00,57119615,9d29af73,2026-09-28T22:36:09.884881+09:00,2026-09-28T22:36:09.976831+09:00,rail-left-01,rail-right-01,0.6.7-draft,0.6.7-draft,mqtt,mqtt,571.86,451.49,6.525,6.377,-0.063,-0.008,0.078,-0.093,10.496,9.902,-0.0658,0.0349,0.0374,0.0565,-0.0075,-0.0049,24.99,24.9,16574,18292,2.072,2.287,6.215,6.86,308,308,31,31,0,0,0,0,,,,,,,,,,,,,,,,,0.0,0.0,0,0,774.3,524.3,0.8477,1.0788,1,1,0
2026-09-28T22:36:09.904857+09:00,57139591,9d29af73,2026-09-28T22:36:09.904857+09:00,2026-09-28T22:36:09.996807+09:00,rail-left-01,rail-right-01,0.6.7-draft,0.6.7-draft,mqtt,mqtt,573.05,452.49,6.525,6.392,-0.004,-0.022,0.063,-0.142,10.551,9.899,-0.0657,0.0328,0.0448,0.059,-0.0136,-0.0111,24.99,24.9,16574,18325,2.072,2.291,6.215,6.872,309,309,31,31,0,0,0,0,,,,,,,,,,,,,,,,,0.0,0.0,0,0,775.3,525.3,0.8477,1.0788,1,1,0
2026-09-28T22:36:09.924881+09:00,57159615,9d29af73,2026-09-28T22:36:09.924881+09:00,2026-09-28T22:36:10.016831+09:00,rail-left-01,rail-right-01,0.6.7-draft,0.6.7-draft,mqtt,mqtt,574.3,453.43,6.526,6.417,0.069,0.146,-0.025,-0.356,10.566,9.748,-0.0686,0.0348,0.0374,0.052,-0.0132,-0.0071,25.0,24.89,16577,18382,2.072,2.298,6.216,6.893,310,310,31,31,0,0,0,0,,,,,,,,,,,,,,,,,0.0,0.0,0,0,776.4,526.4,0.8477,1.0788,1,1,0
2026-09-28T22:36:10.067115+09:00,57324478,9d29af73,2026-09-28T22:36:10.067115+09:00,2026-09-28T22:36:10.105396+09:00,rail-left-01,rail-right-01,0.6.7-draft,0.6.7-draft,mqtt,mqtt,584.39,461.39,6.531,6.424,-0.069,0.036,-0.206,-0.02,10.736,9.93,-0.0678,0.0321,0.0362,0.052,-0.0135,-0.0092,24.99,24.9,16589,18396,2.074,2.3,6.221,6.899,311,311,32,32,0,0,0,0,,,,,,,,,,,,,,,,,0.0,0.0,0,0,784.9,534.9,0.8477,1.0788,1,1,0
2026-09-28T22:36:10.087267+09:00,57344631,9d29af73,2026-09-28T22:36:10.087267+09:00,2026-09-28T22:36:10.125549+09:00,rail-left-01,rail-right-01,0.6.7-draft,0.6.7-draft,mqtt,mqtt,585.63,462.33,6.522,6.503,0.101,0.055,0.175,-0.372,10.218,9.692,-0.0686,0.0321,0.0424,0.0578,-0.0099,-0.0009,24.97,24.92,16567,18572,2.071,2.322,6.213,6.965,312,312,32,32,0,0,0,0,,,,,,,,,,,,,,,,,0.0,0.0,0,0,786.0,536.0,0.8477,1.0788,1,1,0
2026-09-28T22:36:10.107223+09:00,57364586,9d29af73,2026-09-28T22:36:10.107223+09:00,2026-09-28T22:36:10.145504+09:00,rail-left-01,rail-right-01,0.6.7-draft,0.6.7-draft,mqtt,mqtt,586.82,463.32,6.519,6.526,-0.192,-0.08,0.109,-0.275,10.685,9.634,-0.0624,0.0332,0.0409,0.059,-0.0115,-0.0108,24.99,24.9,16559,18623,2.07,2.328,6.21,6.984,313,313,32,32,0,0,0,0,,,,,,,,,,,,,,,,,0.0,0.0,0,0,787.0,537.0,0.8477,1.0788,1,1,0
2026-09-28T22:36:10.127252+09:00,57384616,9d29af73,2026-09-28T22:36:10.127252+09:00,2026-09-28T22:36:10.165534+09:00,rail-left-01,rail-right-01,0.6.7-draft,0.6.7-draft,mqtt,mqtt,588.07,464.27,6.512,6.537,0.152,0.175,-0.129,-0.321,10.236,9.621,-0.0621,0.0322,0.0405,0.0598,-0.0064,-0.0039,24.99,24.9,16540,18647,2.068,2.331,6.203,6.993,314,314,32,32,0,0,0,0,,,,,,,,,,,,,,,,,0.0,0.0,0,0,788.1,538.1,0.8477,1.0788,1,1,0
2026-09-28T22:36:10.147389+09:00,57404753,9d29af73,2026-09-28T22:36:10.147389+09:00,2026-09-28T22:36:10.185671+09:00,rail-left-01,rail-right-01,0.6.7-draft,0.6.7-draft,mqtt,mqtt,589.31,465.26,6.481,6.538,-0.266,-0.236,0.232,-0.035,10.748,9.787,-0.0609,0.0306,0.042,0.0577,-0.0103,-0.0057,25.01,24.91,16463,18650,2.058,2.331,6.174,6.994,315,315,32,32,0,0,0,0,,,,,,,,,,,,,,,,,0.0,0.0,0,0,789.1,539.1,0.8477,1.0788,1,1,0
2026-09-28T22:36:10.167401+09:00,57424765,9d29af73,2026-09-28T22:36:10.167401+09:00,2026-09-28T22:36:10.205683+09:00,rail-left-01,rail-right-01,0.6.7-draft,0.6.7-draft,mqtt,mqtt,590.55,466.21,6.465,6.545,0.208,0.193,0.186,-0.321,10.362,9.793,-0.0624,0.0298,0.0406,0.0582,-0.0112,-0.0069,24.98,24.89,16423,18666,2.053,2.333,6.159,7.0,316,316,32,32,0,0,0,0,,,,,,,,,,,,,,,,,0.0,0.0,0,0,790.2,540.2,0.8477,1.0788,1,1,0
2026-09-28T22:36:10.187157+09:00,57444521,9d29af73,2026-09-28T22:36:10.187157+09:00,2026-09-28T22:36:10.225438+09:00,rail-left-01,rail-right-01,0.6.7-draft,0.6.7-draft,mqtt,mqtt,591.75,467.15,6.46,6.548,-0.154,-0.135,0.075,-0.134,10.531,9.744,-0.0642,0.0297,0.0394,0.0608,-0.0096,-0.0079,24.98,24.9,16413,18671,2.052,2.334,6.155,7.002,317,317,32,32,0,0,0,0,,,,,,,,,,,,,,,,,0.0,0.0,0,0,791.2,541.2,0.8477,1.0788,1,1,0
2026-09-28T22:36:10.207300+09:00,57464664,9d29af73,2026-09-28T22:36:10.207300+09:00,2026-09-28T22:36:10.245582+09:00,rail-left-01,rail-right-01,0.6.7-draft,0.6.7-draft,mqtt,mqtt,592.99,468.1,6.449,6.567,0.168,0.158,0.156,-0.25,10.411,9.64,-0.064,0.0322,0.0417,0.06,-0.0099,-0.0031,24.99,24.93,16384,18715,2.048,2.339,6.144,7.018,318,318,32,32,0,0,0,0,,,,,,,,,,,,,,,,,0.0,0.0,0,0,792.2,542.2,0.8477,1.0788,1,1,0
2026-09-28T22:36:10.227261+09:00,57484624,9d29af73,2026-09-28T22:36:10.227261+09:00,2026-09-28T22:36:10.265542+09:00,rail-left-01,rail-right-01,0.6.7-draft,0.6.7-draft,mqtt,mqtt,594.18,469.09,6.449,6.578,-0.145,-0.144,0.029,-0.302,10.46,9.625,-0.0657,0.0332,0.0392,0.0534,-0.0091,-0.0073,24.98,24.9,16385,18738,2.048,2.342,6.144,7.027,319,319,32,32,0,0,0,0,,,,,,,,,,,,,,,,,0.0,0.0,0,0,793.2,543.2,0.8477,1.0788,1,1,0
2026-09-28T22:36:10.247174+09:00,57504538,9d29af73,2026-09-28T22:36:10.247174+09:00,2026-09-28T22:36:10.285456+09:00,rail-left-01,rail-right-01,0.6.7-draft,0.6.7-draft,mqtt,mqtt,595.43,470.04,6.47,6.575,0.109,0.209,0.006,-0.144,10.364,9.875,-0.0641,0.034,0.0369,0.054,-0.0112,-0.0069,24.98,24.91,16436,18732,2.055,2.342,6.164,7.024,320,320,32,32,0,0,0,0,,,,,,,,,,,,,,,,,0.0,0.0,0,0,794.3,544.3,0.8477,1.0788,1,1,0
2026-09-28T22:36:10.378680+09:00,57593447,9d29af73,2026-09-28T22:36:10.378680+09:00,2026-09-28T22:36:10.463883+09:00,rail-left-01,rail-right-01,0.6.7-draft,0.6.7-draft,mqtt,mqtt,600.89,474.31,6.473,6.578,0.019,-0.065,0.324,-0.196,10.613,9.625,-0.0709,0.0284,0.0304,0.0456,-0.0079,-0.002,25.0,24.9,16443,18739,2.055,2.342,6.166,7.027,321,321,33,33,0,0,0,0,,,,,,,,,,,,,,,,,0.0,0.0,0,0,798.9,548.9,0.8477,1.0788,1,1,0
2026-09-28T22:36:10.398747+09:00,57613514,9d29af73,2026-09-28T22:36:10.398747+09:00,2026-09-28T22:36:10.483950+09:00,rail-left-01,rail-right-01,0.6.7-draft,0.6.7-draft,mqtt,mqtt,602.14,475.26,6.584,6.562,0.078,0.091,0.041,-0.306,10.274,9.682,-0.0695,0.0318,0.0332,0.0489,-0.0081,-0.0048,24.99,24.91,16721,18703,2.09,2.338,6.27,7.014,322,322,33,33,0,0,0,0,,,,,,,,,,,,,,,,,0.0,0.0,0,0,800.0,550.0,0.8477,1.0788,1,1,0
2026-09-28T22:36:10.418709+09:00,57633476,9d29af73,2026-09-28T22:36:10.418709+09:00,2026-09-28T22:36:10.503912+09:00,rail-left-01,rail-right-01,0.6.7-draft,0.6.7-draft,mqtt,mqtt,603.33,476.25,6.626,6.555,0.01,0.008,-0.116,-0.309,10.384,9.542,-0.0703,0.0281,0.0376,0.0574,-0.0105,-0.0064,24.97,24.91,16825,18687,2.103,2.336,6.309,7.008,323,323,33,33,0,0,0,0,,,,,,,,,,,,,,,,,0.0,0.0,0,0,801.0,551.0,0.8477,1.0788,1,1,0
2026-09-28T22:36:10.438835+09:00,57653602,9d29af73,2026-09-28T22:36:10.438835+09:00,2026-09-28T22:36:10.524038+09:00,rail-left-01,rail-right-01,0.6.7-draft,0.6.7-draft,mqtt,mqtt,604.57,477.2,6.62,6.533,0.014,-0.074,0.063,-0.253,10.531,9.838,-0.0659,0.0274,0.0302,0.0486,-0.0089,-0.0045,24.99,24.9,16810,18638,2.101,2.33,6.304,6.989,324,324,33,33,0,0,0,0,,,,,,,,,,,,,,,,,0.0,0.0,0,0,802.1,552.1,0.8477,1.0788,1,1,0
2026-09-28T22:36:10.458717+09:00,57673484,9d29af73,2026-09-28T22:36:10.458717+09:00,2026-09-28T22:36:10.543920+09:00,rail-left-01,rail-right-01,0.6.7-draft,0.6.7-draft,mqtt,mqtt,605.82,478.14,6.634,6.499,-0.029,-0.066,0.23,-0.321,10.517,9.838,-0.0663,0.0199,0.0336,0.053,-0.0111,-0.0101,24.98,24.91,16844,18564,2.105,2.321,6.316,6.962,325,325,33,33,0,0,0,0,,,,,,,,,,,,,,,,,0.0,0.0,0,0,803.1,553.1,0.8477,1.0788,1,1,0
2026-09-28T22:36:10.478686+09:00,57693453,9d29af73,2026-09-28T22:36:10.478686+09:00,2026-09-28T22:36:10.563889+09:00,rail-left-01,rail-right-01,0.6.7-draft,0.6.7-draft,mqtt,mqtt,607.01,479.13,6.648,6.466,0.147,0.174,-0.06,-0.162,10.396,9.91,-0.0678,0.027,0.041,0.053,-0.0063,-0.0044,25.01,24.91,16879,18491,2.11,2.311,6.33,6.934,326,326,33,33,0,0,0,0,,,,,,,,,,,,,,,,,0.0,0.0,0,0,804.1,554.1,0.8477,1.0788,1,1,0
2026-09-28T22:36:10.498723+09:00,57713490,9d29af73,2026-09-28T22:36:10.498723+09:00,2026-09-28T22:36:10.583926+09:00,rail-left-01,rail-right-01,0.6.7-draft,0.6.7-draft,mqtt,mqtt,608.25,480.08,6.642,6.466,0.219,0.083,0.146,-0.236,10.274,9.826,-0.0694,0.0344,0.034,0.0473,-0.0037,0.0036,24.98,24.92,16864,18490,2.108,2.311,6.324,6.934,327,327,33,33,0,0,0,0,,,,,,,,,,,,,,,,,0.0,0.0,0,0,805.2,555.2,0.8477,1.0788,1,1,0
2026-09-28T22:36:10.518866+09:00,57733633,9d29af73,2026-09-28T22:36:10.518866+09:00,2026-09-28T22:36:10.604069+09:00,rail-left-01,rail-right-01,0.6.7-draft,0.6.7-draft,mqtt,mqtt,609.5,481.07,6.708,6.469,-0.169,-0.205,-0.017,-0.166,10.484,9.584,-0.0654,0.0322,0.0396,0.0518,-0.0103,-0.0065,25.01,24.89,17028,18497,2.128,2.312,6.385,6.936,328,328,33,33,0,0,0,0,,,,,,,,,,,,,,,,,0.0,0.0,0,0,806.2,556.2,0.8477,1.0788,1,1,0
2026-09-28T22:36:10.538792+09:00,57753559,9d29af73,2026-09-28T22:36:10.538792+09:00,2026-09-28T22:36:10.623995+09:00,rail-left-01,rail-right-01,0.6.7-draft,0.6.7-draft,mqtt,mqtt,610.69,482.02,6.737,6.467,0.141,0.17,0.225,-0.174,10.421,9.774,-0.0582,0.0312,0.0334,0.0442,-0.0075,-0.0005,25.01,24.9,17101,18493,2.138,2.312,6.413,6.935,329,329,33,33,0,0,0,0,,,,,,,,,,,,,,,,,0.0,0.0,0,0,807.2,557.2,0.8477,1.0788,1,1,0
2026-09-28T22:36:10.558911+09:00,57773678,9d29af73,2026-09-28T22:36:10.558911+09:00,2026-09-28T22:36:10.644114+09:00,rail-left-01,rail-right-01,0.6.7-draft,0.6.7-draft,mqtt,mqtt,611.93,482.96,6.811,6.446,-0.074,0.085,0.067,-0.368,10.441,9.564,-0.0574,0.0304,0.0296,0.0469,-0.004,-0.0057,24.99,24.92,17285,18445,2.161,2.306,6.482,6.917,330,330,33,33,0,0,0,0,,,,,,,,,,,,,,,,,0.0,0.0,0,0,808.3,558.3,0.8477,1.0788,1,1,0
2026-09-28T22:36:10.732024+09:00,57951444,9d29af73,2026-09-28T22:36:10.732024+09:00,2026-09-28T22:36:10.814644+09:00,rail-left-01,rail-right-01,0.6.7-draft,0.6.7-draft,mqtt,mqtt,622.72,491.51,6.837,6.432,0.03,-0.001,0.122,-0.187,10.434,9.793,-0.0597,0.0325,0.0388,0.0589,-0.0077,-0.0083,24.98,24.91,17349,18415,2.169,2.302,6.506,6.906,331,331,34,34,0,0,0,0,,,,,,,,,,,,,,,,,0.0,0.0,0,0,817.4,567.4,0.8477,1.0788,1,1,0
2026-09-28T22:36:10.752165+09:00,57971585,9d29af73,2026-09-28T22:36:10.752165+09:00,2026-09-28T22:36:10.834785+09:00,rail-left-01,rail-right-01,0.6.7-draft,0.6.7-draft,mqtt,mqtt,623.96,492.51,6.93,6.504,0.047,0.085,0.164,-0.229,10.373,9.555,-0.0646,0.0292,0.0377,0.0556,-0.0031,-0.0031,24.99,24.91,17582,18575,2.198,2.322,6.593,6.966,332,332,34,34,0,0,0,0,,,,,,,,,,,,,,,,,0.0,0.0,0,0,818.5,568.5,0.8477,1.0788,1,1,0
2026-09-28T22:36:10.772096+09:00,57991516,9d29af73,2026-09-28T22:36:10.772096+09:00,2026-09-28T22:36:10.854716+09:00,rail-left-01,rail-right-01,0.6.7-draft,0.6.7-draft,mqtt,mqtt,625.16,493.45,6.933,6.504,-0.036,-0.035,0.036,-0.425,10.448,9.742,-0.065,0.0258,0.035,0.055,-0.0033,-0.0047,25.0,24.91,17590,18574,2.199,2.322,6.596,6.965,333,333,34,34,0,0,0,0,,,,,,,,,,,,,,,,,0.0,0.0,0,0,819.5,569.5,0.8477,1.0788,1,1,0
2026-09-28T22:36:10.792241+09:00,58011661,9d29af73,2026-09-28T22:36:10.792241+09:00,2026-09-28T22:36:10.874861+09:00,rail-left-01,rail-right-01,0.6.7-draft,0.6.7-draft,mqtt,mqtt,626.35,494.4,6.935,6.473,0.045,0.099,-0.091,0.048,10.46,10.119,-0.0617,0.027,0.0324,0.0518,-0.006,-0.0067,25.01,24.92,17593,18505,2.199,2.313,6.597,6.939,334,334,34,34,0,0,0,0,,,,,,,,,,,,,,,,,0.0,0.0,0,0,820.5,570.5,0.8477,1.0788,1,1,0
2026-09-28T22:36:10.812190+09:00,58031610,9d29af73,2026-09-28T22:36:10.812190+09:00,2026-09-28T22:36:10.894810+09:00,rail-left-01,rail-right-01,0.6.7-draft,0.6.7-draft,mqtt,mqtt,627.59,495.39,6.928,6.477,0.267,0.128,0.144,-0.291,10.539,9.996,-0.0641,0.035,0.0426,0.0572,-0.0051,-0.008,25.02,24.9,17578,18514,2.197,2.314,6.592,6.943,335,335,34,34,0,0,0,0,,,,,,,,,,,,,,,,,0.0,0.0,0,0,821.6,571.6,0.8477,1.0788,1,1,0
2026-09-28T22:36:10.832344+09:00,58051764,9d29af73,2026-09-28T22:36:10.832344+09:00,2026-09-28T22:36:10.914964+09:00,rail-left-01,rail-right-01,0.6.7-draft,0.6.7-draft,mqtt,mqtt,628.79,496.34,6.916,6.503,-0.049,-0.083,-0.121,-0.111,10.438,9.753,-0.062,0.0322,0.0517,0.0628,-0.0104,-0.0211,24.99,24.92,17547,18571,2.193,2.321,6.58,6.964,336,336,34,34,0,0,0,0,,,,,,,,,,,,,,,,,0.0,0.0,0,0,822.6,572.6,0.8477,1.0788,1,1,0
2026-09-28T22:36:10.852138+09:00,58071558,9d29af73,2026-09-28T22:36:10.852138+09:00,2026-09-28T22:36:10.934758+09:00,rail-left-01,rail-right-01,0.6.7-draft,0.6.7-draft,mqtt,mqtt,629.98,497.28,6.907,6.52,0.05,0.159,0.241,-0.144,10.341,9.524,-0.0644,0.0354,0.0373,0.055,-0.0047,0.002,24.98,24.93,17525,18609,2.191,2.326,6.572,6.978,337,337,34,34,0,0,0,0,,,,,,,,,,,,,,,,,0.0,0.0,0,0,823.6,573.6,0.8477,1.0788,1,1,0
2026-09-28T22:36:10.872092+09:00,58091512,9d29af73,2026-09-28T22:36:10.872092+09:00,2026-09-28T22:36:10.954712+09:00,rail-left-01,rail-right-01,0.6.7-draft,0.6.7-draft,mqtt,mqtt,631.17,498.23,6.902,6.537,-0.062,-0.102,-0.025,-0.458,10.519,9.695,-0.0665,0.0293,0.0428,0.0602,-0.0092,-0.0072,24.99,24.91,17513,18648,2.189,2.331,6.567,6.993,338,338,34,34,0,0,0,0,,,,,,,,,,,,,,,,,0.0,0.0,0,0,824.6,574.6,0.8477,1.0788,1,1,0
2026-09-28T22:36:10.892070+09:00,58111490,9d29af73,2026-09-28T22:36:10.892070+09:00,2026-09-28T22:36:10.974690+09:00,rail-left-01,rail-right-01,0.6.7-draft,0.6.7-draft,mqtt,mqtt,632.42,499.22,6.898,6.541,0.034,-0.007,-0.006,-0.148,10.755,9.853,-0.0652,0.0316,0.0394,0.0568,-0.0099,-0.0051,24.97,24.92,17503,18656,2.188,2.332,6.564,6.996,339,339,34,34,0,0,0,0,,,,,,,,,,,,,,,,,0.0,0.0,0,0,825.7,575.7,0.8477,1.0788,1,1,0
2026-09-28T22:36:10.912115+09:00,58131535,9d29af73,2026-09-28T22:36:10.912115+09:00,2026-09-28T22:36:10.994735+09:00,rail-left-01,rail-right-01,0.6.7-draft,0.6.7-draft,mqtt,mqtt,633.61,500.17,6.889,6.544,-0.092,-0.152,0.123,-0.144,10.628,9.707,-0.0654,0.0285,0.0405,0.056,-0.0096,-0.0069,25.0,24.92,17479,18664,2.185,2.333,6.555,6.999,340,340,34,34,0,0,0,0,,,,,,,,,,,,,,,,,0.0,0.0,0,0,826.7,576.7,0.8477,1.0788,1,1,0
2026-09-28T22:36:11.079614+09:00,58301457,9d29af73,2026-09-28T22:36:11.079614+09:00,2026-09-28T22:36:11.118097+09:00,rail-left-01,rail-right-01,0.6.7-draft,0.6.7-draft,mqtt,mqtt,643.9,508.32,6.897,6.539,0.047,0.023,0.129,-0.29,10.549,9.9,-0.0681,0.0345,0.0368,0.0557,-0.0077,-0.0055,25.0,24.92,17500,18652,2.188,2.332,6.562,6.995,341,341,35,35,0,0,0,0,,,,,,,,,,,,,,,,,0.0,0.0,0,0,835.4,585.4,0.8477,1.0788,1,1,0
2026-09-28T22:36:11.099769+09:00,58321612,9d29af73,2026-09-28T22:36:11.099769+09:00,2026-09-28T22:36:11.138252+09:00,rail-left-01,rail-right-01,0.6.7-draft,0.6.7-draft,mqtt,mqtt,645.14,509.31,6.881,6.581,-0.025,-0.056,0.221,-0.057,10.641,9.815,-0.064,0.0325,0.0385,0.0542,-0.0088,-0.0061,25.0,24.92,17459,18744,2.182,2.343,6.547,7.029,342,342,35,35,0,0,0,0,,,,,,,,,,,,,,,,,0.0,0.0,0,0,836.4,586.4,0.8477,1.0788,1,1,0
2026-09-28T22:36:11.119802+09:00,58341644,9d29af73,2026-09-28T22:36:11.119802+09:00,2026-09-28T22:36:11.158284+09:00,rail-left-01,rail-right-01,0.6.7-draft,0.6.7-draft,mqtt,mqtt,646.34,510.26,6.884,6.594,0.034,0.051,0.116,-0.413,10.448,9.665,-0.0662,0.033,0.0418,0.0569,-0.0097,-0.0064,25.0,24.92,17468,18774,2.184,2.347,6.55,7.04,343,343,35,35,0,0,0,0,,,,,,,,,,,,,,,,,0.0,0.0,0,0,837.5,587.5,0.8477,1.0788,1,1,0
2026-09-28T22:36:11.139760+09:00,58361602,9d29af73,2026-09-28T22:36:11.139760+09:00,2026-09-28T22:36:11.178242+09:00,rail-left-01,rail-right-01,0.6.7-draft,0.6.7-draft,mqtt,mqtt,647.53,511.2,6.875,6.595,0.008,-0.037,-0.014,-0.182,10.409,9.546,-0.062,0.0336,0.0385,0.0558,-0.0084,-0.004,25.0,24.92,17446,18777,2.181,2.347,6.542,7.041,344,344,35,35,0,0,0,0,,,,,,,,,,,,,,,,,0.0,0.0,0,0,838.5,588.5,0.8477,1.0788,1,1,0
2026-09-28T22:36:11.159947+09:00,58381790,9d29af73,2026-09-28T22:36:11.159947+09:00,2026-09-28T22:36:11.198430+09:00,rail-left-01,rail-right-01,0.6.7-draft,0.6.7-draft,mqtt,mqtt,648.77,512.2,6.88,6.581,0.108,0.03,-0.011,-0.226,10.406,9.87,-0.0667,0.0322,0.0345,0.0565,-0.0093,-0.0064,24.99,24.9,17457,18746,2.182,2.343,6.546,7.03,345,345,35,35,0,0,0,0,,,,,,,,,,,,,,,,,0.0,0.0,0,0,839.5,589.5,0.8477,1.0788,1,1,0
2026-09-28T22:36:11.179970+09:00,58401812,9d29af73,2026-09-28T22:36:11.179970+09:00,2026-09-28T22:36:11.218452+09:00,rail-left-01,rail-right-01,0.6.7-draft,0.6.7-draft,mqtt,mqtt,649.97,513.14,6.878,6.582,0.127,0.098,0.37,-0.078,10.313,9.623,-0.0649,0.0358,0.0396,0.0538,-0.0045,-0.002,25.0,24.91,17452,18747,2.182,2.343,6.545,7.03,346,346,35,35,0,0,0,0,,,,,,,,,,,,,,,,,0.0,0.0,0,0,840.5,590.5,0.8477,1.0788,1,1,0
2026-09-28T22:36:11.199724+09:00,58421567,9d29af73,2026-09-28T22:36:11.199724+09:00,2026-09-28T22:36:11.238207+09:00,rail-left-01,rail-right-01,0.6.7-draft,0.6.7-draft,mqtt,mqtt,651.16,514.09,6.868,6.581,-0.018,-0.087,-0.029,-0.297,10.596,9.658,-0.0641,0.0326,0.0441,0.0574,-0.0032,-0.0063,24.99,24.89,17427,18746,2.178,2.343,6.535,7.03,347,347,35,35,0,0,0,0,,,,,,,,,,,,,,,,,0.0,0.0,0,0,841.5,591.5,0.8477,1.0788,1,1,0
2026-09-28T22:36:11.219769+09:00,58441611,9d29af73,2026-09-28T22:36:11.219769+09:00,2026-09-28T22:36:11.258251+09:00,rail-left-01,rail-right-01,0.6.7-draft,0.6.7-draft,mqtt,mqtt,652.4,515.08,6.863,6.579,0.056,0.146,0.11,-0.098,10.447,9.571,-0.0646,0.035,0.0378,0.055,0.0025,-0.0011,24.99,24.91,17415,18740,2.177,2.343,6.531,7.028,348,348,35,35,0,0,0,0,,,,,,,,,,,,,,,,,0.0,0.0,0,0,842.6,592.6,0.8477,1.0788,1,1,0
2026-09-28T22:36:11.239752+09:00,58461595,9d29af73,2026-09-28T22:36:11.239752+09:00,2026-09-28T22:36:11.278235+09:00,rail-left-01,rail-right-01,0.6.7-draft,0.6.7-draft,mqtt,mqtt,653.6,516.03,6.875,6.583,-0.168,-0.249,0.136,-0.237,10.439,9.698,-0.0649,0.0369,0.0364,0.0537,-0.0045,-0.0065,24.97,24.92,17446,18750,2.181,2.344,6.542,7.031,349,349,35,35,0,0,0,0,,,,,,,,,,,,,,,,,0.0,0.0,0,0,843.6,593.6,0.8477,1.0788,1,1,0
2026-09-28T22:36:11.259821+09:00,58481663,9d29af73,2026-09-28T22:36:11.259821+09:00,2026-09-28T22:36:11.298303+09:00,rail-left-01,rail-right-01,0.6.7-draft,0.6.7-draft,mqtt,mqtt,654.79,517.02,6.9,6.575,0.168,0.153,-0.014,-0.196,10.405,9.622,-0.065,0.0377,0.0314,0.0497,-0.0068,-0.006,24.98,24.9,17508,18731,2.189,2.341,6.566,7.024,350,350,35,35,0,0,0,0,,,,,,,,,,,,,,,,,0.0,0.0,0,0,844.6,594.6,0.8477,1.0788,1,1,0
2026-09-28T22:36:11.352006+09:00,58607456,9d29af73,2026-09-28T22:36:11.352006+09:00,2026-09-28T22:36:11.394087+09:00,rail-left-01,rail-right-01,0.6.7-draft,0.6.7-draft,mqtt,mqtt,662.45,523.09,6.903,6.561,0.022,0.038,0.049,-0.269,10.26,9.699,-0.0654,0.0338,0.0382,0.0584,-0.0091,-0.0072,24.98,24.93,17514,18701,2.189,2.338,6.568,7.013,351,351,36,36,0,0,0,0,,,,,,,,,,,,,,,,,0.0,0.0,0,0,851.1,601.1,0.8477,1.0788,1,1,0
2026-09-28T22:36:11.372123+09:00,58627573,9d29af73,2026-09-28T22:36:11.372123+09:00,2026-09-28T22:36:11.414204+09:00,rail-left-01,rail-right-01,0.6.7-draft,0.6.7-draft,mqtt,mqtt,663.69,524.03,6.861,6.594,-0.035,-0.053,0.067,-0.189,10.478,9.708,-0.0655,0.0337,0.035,0.0556,-0.0063,-0.0057,24.97,24.92,17409,18774,2.176,2.347,6.528,7.04,352,352,36,36,0,0,0,0,,,,,,,,,,,,,,,,,0.0,0.0,0,0,852.2,602.2,0.8477,1.0788,1,1,0
2026-09-28T22:36:11.392141+09:00,58647591,9d29af73,2026-09-28T22:36:11.392141+09:00,2026-09-28T22:36:11.434222+09:00,rail-left-01,rail-right-01,0.6.7-draft,0.6.7-draft,mqtt,mqtt,664.88,524.98,6.849,6.581,0.186,0.142,0.274,-0.238,10.508,9.772,-0.0636,0.0328,0.045,0.0604,-0.0108,-0.0121,24.98,24.92,17379,18744,2.172,2.343,6.517,7.029,353,353,36,36,0,0,0,0,,,,,,,,,,,,,,,,,0.0,0.0,0,0,853.2,603.2,0.8477,1.0788,1,1,0
2026-09-28T22:36:11.412085+09:00,58667535,9d29af73,2026-09-28T22:36:11.412085+09:00,2026-09-28T22:36:11.454166+09:00,rail-left-01,rail-right-01,0.6.7-draft,0.6.7-draft,mqtt,mqtt,666.13,525.97,6.835,6.597,-0.122,-0.127,-0.068,-0.254,10.417,9.621,-0.0653,0.0358,0.0452,0.061,-0.0089,-0.0076,25.0,24.91,17345,18781,2.168,2.348,6.504,7.043,354,354,36,36,0,0,0,0,,,,,,,,,,,,,,,,,0.0,0.0,0,0,854.2,604.2,0.8477,1.0788,1,1,0
2026-09-28T22:36:11.432103+09:00,58687553,9d29af73,2026-09-28T22:36:11.432103+09:00,2026-09-28T22:36:11.474184+09:00,rail-left-01,rail-right-01,0.6.7-draft,0.6.7-draft,mqtt,mqtt,667.32,526.91,6.818,6.605,0.072,0.159,0.014,-0.233,10.301,9.639,-0.0617,0.0368,0.0382,0.0561,-0.0079,-0.0032,24.98,24.92,17304,18799,2.163,2.35,6.489,7.05,355,355,36,36,0,0,0,0,,,,,,,,,,,,,,,,,0.0,0.0,0,0,855.2,605.2,0.8477,1.0788,1,1,0
2026-09-28T22:36:11.452084+09:00,58707534,9d29af73,2026-09-28T22:36:11.452084+09:00,2026-09-28T22:36:11.494165+09:00,rail-left-01,rail-right-01,0.6.7-draft,0.6.7-draft,mqtt,mqtt,668.56,527.86,6.807,6.618,-0.016,-0.013,0.225,-0.254,10.256,9.558,-0.0652,0.0325,0.043,0.0609,-0.0091,-0.0125,25.01,24.93,17275,18828,2.159,2.354,6.478,7.061,356,356,36,36,0,0,0,0,,,,,,,,,,,,,,,,,0.0,0.0,0,0,856.3,606.3,0.8477,1.0788,1,1,0
2026-09-28T22:36:11.472262+09:00,58727712,9d29af73,2026-09-28T22:36:11.472262+09:00,2026-09-28T22:36:11.514343+09:00,rail-left-01,rail-right-01,0.6.7-draft,0.6.7-draft,mqtt,mqtt,669.8,528.85,6.81,6.63,-0.013,0.028,0.083,-0.294,10.436,9.567,-0.0628,0.0328,0.0393,0.057,-0.0079,-0.0019,24.99,24.89,17282,18854,2.16,2.357,6.481,7.07,357,357,36,36,0,0,0,0,,,,,,,,,,,,,,,,,0.0,0.0,0,0,857.3,607.3,0.8477,1.0788,1,1,0
2026-09-28T22:36:11.492166+09:00,58747616,9d29af73,2026-09-28T22:36:11.492166+09:00,2026-09-28T22:36:11.534247+09:00,rail-left-01,rail-right-01,0.6.7-draft,0.6.7-draft,mqtt,mqtt,671.0,529.8,6.791,6.634,0.026,0.012,-0.011,-0.241,10.482,9.731,-0.0598,0.0336,0.046,0.0644,-0.0108,-0.0108,25.0,24.92,17236,18863,2.155,2.358,6.464,7.074,358,358,36,36,0,0,0,0,,,,,,,,,,,,,,,,,0.0,0.0,0,0,858.4,608.4,0.8477,1.0788,1,1,0
2026-09-28T22:36:11.512128+09:00,58767578,9d29af73,2026-09-28T22:36:11.512128+09:00,2026-09-28T22:36:11.554209+09:00,rail-left-01,rail-right-01,0.6.7-draft,0.6.7-draft,mqtt,mqtt,672.19,530.74,6.785,6.646,-0.079,-0.055,0.067,-0.189,10.432,9.662,-0.0655,0.0317,0.0385,0.0566,-0.0088,-0.0028,24.99,24.92,17221,18890,2.153,2.361,6.458,7.084,359,359,36,36,0,0,0,0,,,,,,,,,,,,,,,,,0.0,0.0,0,0,859.4,609.4,0.8477,1.0788,1,1,0
2026-09-28T22:36:11.532709+09:00,58788159,9d29af73,2026-09-28T22:36:11.532709+09:00,2026-09-28T22:36:11.574790+09:00,rail-left-01,rail-right-01,0.6.7-draft,0.6.7-draft,mqtt,mqtt,673.48,531.74,6.795,6.656,0.007,-0.023,0.065,-0.315,10.49,9.878,-0.0658,0.0325,0.0357,0.0572,-0.0117,-0.0091,24.97,24.91,17245,18911,2.156,2.364,6.467,7.092,360,360,36,36,0,0,0,0,,,,,,,,,,,,,,,,,0.0,0.0,0,0,860.5,610.5,0.8477,1.0788,1,1,0
2026-09-28T22:36:11.660225+09:00,58882463,9d29af73,2026-09-28T22:36:11.660225+09:00,2026-09-28T22:36:11.742498+09:00,rail-left-01,rail-right-01,0.6.7-draft,0.6.7-draft,mqtt,mqtt,679.25,536.26,6.793,6.656,-0.057,0.004,0.03,-0.146,10.319,9.589,-0.0609,0.0333,0.0372,0.0525,-0.0075,-0.0032,24.96,24.92,17240,18911,2.155,2.364,6.465,7.092,361,361,37,37,0,0,0,0,,,,,,,,,,,,,,,,,0.0,0.0,0,0,865.4,615.4,0.8477,1.0788,1,1,0
2026-09-28T22:36:11.680337+09:00,58902575,9d29af73,2026-09-28T22:36:11.680337+09:00,2026-09-28T22:36:11.762609+09:00,rail-left-01,rail-right-01,0.6.7-draft,0.6.7-draft,mqtt,mqtt,680.44,537.26,6.898,6.658,0.051,0.06,-0.065,-0.256,10.475,9.858,-0.0632,0.0294,0.037,0.0576,-0.0127,-0.0117,24.98,24.91,17502,18916,2.188,2.365,6.563,7.094,362,362,37,37,0,0,0,0,,,,,,,,,,,,,,,,,0.0,0.0,0,0,866.4,616.4,0.8477,1.0788,1,1,0
2026-09-28T22:36:11.700261+09:00,58922499,9d29af73,2026-09-28T22:36:11.700261+09:00,2026-09-28T22:36:11.782533+09:00,rail-left-01,rail-right-01,0.6.7-draft,0.6.7-draft,mqtt,mqtt,681.69,538.2,6.907,6.651,-0.114,-0.141,0.066,-0.369,10.452,9.736,-0.0665,0.0325,0.039,0.0565,-0.0096,-0.0041,24.98,24.9,17525,18900,2.191,2.363,6.572,7.088,363,363,37,37,0,0,0,0,,,,,,,,,,,,,,,,,0.0,0.0,0,0,867.4,617.4,0.8477,1.0788,1,1,0
2026-09-28T22:36:11.720291+09:00,58942529,9d29af73,2026-09-28T22:36:11.720291+09:00,2026-09-28T22:36:11.802563+09:00,rail-left-01,rail-right-01,0.6.7-draft,0.6.7-draft,mqtt,mqtt,682.88,539.14,6.888,6.647,0.129,0.077,-0.215,-0.482,10.473,9.646,-0.0679,0.027,0.0413,0.0565,-0.0079,-0.0059,24.99,24.92,17477,18891,2.185,2.361,6.554,7.084,364,364,37,37,0,0,0,0,,,,,,,,,,,,,,,,,0.0,0.0,0,0,868.4,618.4,0.8477,1.0788,1,1,0
2026-09-28T22:36:11.740351+09:00,58962589,9d29af73,2026-09-28T22:36:11.740351+09:00,2026-09-28T22:36:11.822623+09:00,rail-left-01,rail-right-01,0.6.7-draft,0.6.7-draft,mqtt,mqtt,684.12,540.14,6.832,6.608,-0.063,-0.073,-0.016,-0.478,10.43,9.61,-0.073,0.022,0.0358,0.0537,-0.0068,-0.0021,24.98,24.94,17339,18805,2.167,2.351,6.502,7.052,365,365,37,37,0,0,0,0,,,,,,,,,,,,,,,,,0.0,0.0,0,0,869.5,619.5,0.8477,1.0788,1,1,0
2026-09-28T22:36:11.760326+09:00,58982564,9d29af73,2026-09-28T22:36:11.760326+09:00,2026-09-28T22:36:11.842598+09:00,rail-left-01,rail-right-01,0.6.7-draft,0.6.7-draft,mqtt,mqtt,685.32,541.08,6.77,6.585,-0.038,-0.056,0.34,0.074,10.488,9.418,-0.0637,0.0358,0.0553,0.0578,-0.0135,-0.0149,24.98,24.93,17183,18755,2.148,2.344,6.444,7.033,366,366,37,37,0,0,0,0,,,,,,,,,,,,,,,,,0.0,0.0,0,0,870.5,620.5,0.8477,1.0788,1,1,0
2026-09-28T22:36:11.780236+09:00,59002474,9d29af73,2026-09-28T22:36:11.780236+09:00,2026-09-28T22:36:11.862508+09:00,rail-left-01,rail-right-01,0.6.7-draft,0.6.7-draft,mqtt,mqtt,686.56,542.03,6.773,6.59,-0.124,-0.025,0.218,-0.285,10.634,9.333,-0.0625,0.0344,0.0356,0.052,-0.0093,-0.002,24.97,24.93,17192,18765,2.149,2.346,6.447,7.037,367,367,37,37,0,0,0,0,,,,,,,,,,,,,,,,,0.0,0.0,0,0,871.6,621.6,0.8477,1.0788,1,1,0
2026-09-28T22:36:11.800359+09:00,59022597,9d29af73,2026-09-28T22:36:11.800359+09:00,2026-09-28T22:36:11.882631+09:00,rail-left-01,rail-right-01,0.6.7-draft,0.6.7-draft,mqtt,mqtt,687.75,543.02,6.785,6.585,0.105,0.006,-0.163,-0.451,10.29,9.884,-0.0662,0.03,0.0357,0.0574,-0.0092,-0.0104,24.97,24.92,17220,18753,2.153,2.344,6.458,7.032,368,368,37,37,0,0,0,0,,,,,,,,,,,,,,,,,0.0,0.0,0,0,872.6,622.6,0.8477,1.0788,1,1,0
2026-09-28T22:36:11.820541+09:00,59042779,9d29af73,2026-09-28T22:36:11.820541+09:00,2026-09-28T22:36:11.902813+09:00,rail-left-01,rail-right-01,0.6.7-draft,0.6.7-draft,mqtt,mqtt,689.0,543.97,6.781,6.549,0.026,0.06,-0.01,-0.23,10.336,9.753,-0.0621,0.0265,0.0325,0.0512,-0.0035,-0.0035,24.99,24.93,17212,18674,2.151,2.334,6.455,7.003,369,369,37,37,0,0,0,0,,,,,,,,,,,,,,,,,0.0,0.0,0,0,873.6,623.6,0.8477,1.0788,1,1,0
2026-09-28T22:36:11.840357+09:00,59062595,9d29af73,2026-09-28T22:36:11.840357+09:00,2026-09-28T22:36:11.922629+09:00,rail-left-01,rail-right-01,0.6.7-draft,0.6.7-draft,mqtt,mqtt,690.24,544.96,6.777,6.504,0.044,0.044,-0.008,-0.426,10.393,9.659,-0.065,0.0233,0.032,0.0502,-0.008,-0.0031,25.01,24.92,17200,18575,2.15,2.322,6.45,6.966,370,370,37,37,0,0,0,0,,,,,,,,,,,,,,,,,0.0,0.0,0,0,874.7,624.7,0.8477,1.0788,1,1,0
2026-09-28T22:36:12.017697+09:00,59233424,9d29af73,2026-09-28T22:36:12.017697+09:00,2026-09-28T22:36:12.059208+09:00,rail-left-01,rail-right-01,0.6.7-draft,0.6.7-draft,mqtt,mqtt,700.73,553.17,6.768,6.478,-0.078,-0.053,0.012,-0.156,10.374,9.679,-0.0633,0.0296,0.0373,0.0522,-0.0089,-0.0068,25.0,24.91,17178,18516,2.147,2.315,6.442,6.944,371,371,38,38,0,0,0,0,,,,,,,,,,,,,,,,,0.0,0.0,0,0,883.6,633.6,0.8477,1.0788,1,1,0
2026-09-28T22:36:12.037878+09:00,59253605,9d29af73,2026-09-28T22:36:12.037878+09:00,2026-09-28T22:36:12.079389+09:00,rail-left-01,rail-right-01,0.6.7-draft,0.6.7-draft,mqtt,mqtt,701.97,554.16,6.85,6.416,0.063,0.08,0.256,-0.073,10.55,9.845,-0.0582,0.033,0.0353,0.0506,-0.0073,-0.0036,24.97,24.89,17382,18378,2.173,2.297,6.518,6.892,372,372,38,38,0,0,0,0,,,,,,,,,,,,,,,,,0.0,0.0,0,0,884.6,634.6,0.8477,1.0788,1,1,0
2026-09-28T22:36:12.057824+09:00,59273551,9d29af73,2026-09-28T22:36:12.057824+09:00,2026-09-28T22:36:12.099335+09:00,rail-left-01,rail-right-01,0.6.7-draft,0.6.7-draft,mqtt,mqtt,703.22,555.1,6.86,6.416,0.001,-0.024,0.035,-0.579,10.378,9.707,-0.0593,0.0348,0.0381,0.0576,-0.0072,-0.0117,24.99,24.92,17407,18378,2.176,2.297,6.528,6.892,373,373,38,38,0,0,0,0,,,,,,,,,,,,,,,,,0.0,0.0,0,0,885.7,635.7,0.8477,1.0788,1,1,0
2026-09-28T22:36:12.078257+09:00,59293984,9d29af73,2026-09-28T22:36:12.078257+09:00,2026-09-28T22:36:12.119768+09:00,rail-left-01,rail-right-01,0.6.7-draft,0.6.7-draft,mqtt,mqtt,704.41,556.1,6.864,6.403,0.075,0.05,-0.148,-0.146,10.42,9.878,-0.0622,0.028,0.042,0.0588,-0.01,-0.0107,24.97,24.93,17417,18351,2.177,2.294,6.531,6.882,374,374,38,38,0,0,0,0,,,,,,,,,,,,,,,,,0.0,0.0,0,0,886.7,636.7,0.8477,1.0788,1,1,0
2026-09-28T22:36:12.097782+09:00,59313509,9d29af73,2026-09-28T22:36:12.097782+09:00,2026-09-28T22:36:12.139293+09:00,rail-left-01,rail-right-01,0.6.7-draft,0.6.7-draft,mqtt,mqtt,705.65,557.04,6.84,6.408,0.063,0.06,0.031,-0.29,10.477,9.657,-0.0697,0.0325,0.0446,0.0592,-0.0079,-0.0083,24.99,24.94,17358,18362,2.17,2.295,6.509,6.886,375,375,38,38,0,0,0,0,,,,,,,,,,,,,,,,,0.0,0.0,0,0,887.7,637.7,0.8477,1.0788,1,1,0
2026-09-28T22:36:12.117746+09:00,59333473,9d29af73,2026-09-28T22:36:12.117746+09:00,2026-09-28T22:36:12.159257+09:00,rail-left-01,rail-right-01,0.6.7-draft,0.6.7-draft,mqtt,mqtt,706.89,557.99,6.828,6.412,-0.124,-0.078,-0.024,-0.186,10.372,9.53,-0.0626,0.0316,0.0406,0.0557,-0.01,-0.0061,24.97,24.92,17328,18370,2.166,2.296,6.498,6.889,376,376,38,38,0,0,0,0,,,,,,,,,,,,,,,,,0.0,0.0,0,0,888.8,638.8,0.8477,1.0788,1,1,0
2026-09-28T22:36:12.137889+09:00,59353616,9d29af73,2026-09-28T22:36:12.137889+09:00,2026-09-28T22:36:12.179400+09:00,rail-left-01,rail-right-01,0.6.7-draft,0.6.7-draft,mqtt,mqtt,708.14,558.98,6.815,6.405,0.171,0.105,0.154,-0.283,10.387,9.615,-0.0659,0.031,0.0405,0.0572,-0.0083,-0.0057,24.97,24.9,17296,18354,2.162,2.294,6.486,6.883,377,377,38,38,0,0,0,0,,,,,,,,,,,,,,,,,0.0,0.0,0,0,889.8,639.8,0.8477,1.0788,1,1,0
2026-09-28T22:36:12.157801+09:00,59373528,9d29af73,2026-09-28T22:36:12.157801+09:00,2026-09-28T22:36:12.199312+09:00,rail-left-01,rail-right-01,0.6.7-draft,0.6.7-draft,mqtt,mqtt,709.38,559.93,6.807,6.406,-0.136,-0.071,0.065,-0.176,10.398,9.683,-0.0596,0.0341,0.0381,0.0549,-0.0107,-0.0072,24.98,24.93,17276,18357,2.16,2.295,6.479,6.884,378,378,38,38,0,0,0,0,,,,,,,,,,,,,,,,,0.0,0.0,0,0,890.9,640.9,0.8477,1.0788,1,1,0
2026-09-28T22:36:12.177777+09:00,59393504,9d29af73,2026-09-28T22:36:12.177777+09:00,2026-09-28T22:36:12.219288+09:00,rail-left-01,rail-right-01,0.6.7-draft,0.6.7-draft,mqtt,mqtt,710.62,560.87,6.804,6.401,0.152,0.156,0.162,-0.085,10.315,9.718,-0.0653,0.0313,0.0398,0.0552,-0.0103,-0.0103,25.01,24.91,17269,18345,2.159,2.293,6.476,6.879,379,379,38,38,0,0,0,0,,,,,,,,,,,,,,,,,0.0,0.0,0,0,892.0,642.0,0.8477,1.0788,1,1,0
2026-09-28T22:36:12.197987+09:00,59413714,9d29af73,2026-09-28T22:36:12.197987+09:00,2026-09-28T22:36:12.239498+09:00,rail-left-01,rail-right-01,0.6.7-draft,0.6.7-draft,mqtt,mqtt,711.87,561.87,6.818,6.403,0.006,-0.02,0.148,-0.321,10.481,9.683,-0.065,0.0277,0.0374,0.0518,-0.0093,-0.0113,25.01,24.9,17302,18351,2.163,2.294,6.488,6.882,380,380,38,38,0,0,0,0,,,,,,,,,,,,,,,,,0.0,0.0,0,0,893.0,643.0,0.8477,1.0788,1,1,0
2026-09-28T22:36:12.293958+09:00,59546952,9d29af73,2026-09-28T22:36:12.293958+09:00,2026-09-28T22:36:12.337485+09:00,rail-left-01,rail-right-01,0.6.7-draft,0.6.7-draft,mqtt,mqtt,720.07,568.28,6.824,6.4,-0.048,-0.01,0.004,-0.091,10.508,9.584,-0.0666,0.0316,0.0426,0.0582,-0.0105,-0.0099,24.97,24.92,17319,18344,2.165,2.293,6.495,6.879,381,381,39,39,0,0,0,0,,,,,,,,,,,,,,,,,0.0,0.0,0,0,900.0,650.0,0.8477,1.0788,1,1,0
2026-09-28T22:36:12.313960+09:00,59566954,9d29af73,2026-09-28T22:36:12.313960+09:00,2026-09-28T22:36:12.357487+09:00,rail-left-01,rail-right-01,0.6.7-draft,0.6.7-draft,mqtt,mqtt,721.31,569.22,6.72,6.446,-0.151,-0.074,0.036,-0.038,10.357,9.637,-0.0654,0.0293,0.0381,0.0518,-0.0144,-0.0008,24.99,24.92,17058,18446,2.132,2.306,6.397,6.917,382,382,39,39,0,0,0,0,,,,,,,,,,,,,,,,,0.0,0.0,0,0,901.0,651.0,0.8477,1.0788,1,1,0
2026-09-28T22:36:12.334080+09:00,59587074,9d29af73,2026-09-28T22:36:12.334080+09:00,2026-09-28T22:36:12.377607+09:00,rail-left-01,rail-right-01,0.6.7-draft,0.6.7-draft,mqtt,mqtt,722.56,570.22,6.714,6.453,0.178,0.172,0.038,-0.379,10.306,9.694,-0.0709,0.0298,0.0414,0.0605,-0.014,-0.0119,24.97,24.92,17044,18460,2.131,2.308,6.392,6.923,383,383,39,39,0,0,0,0,,,,,,,,,,,,,,,,,0.0,0.0,0,0,902.1,652.1,0.8477,1.0788,1,1,0
2026-09-28T22:36:12.354024+09:00,59607018,9d29af73,2026-09-28T22:36:12.354024+09:00,2026-09-28T22:36:12.397551+09:00,rail-left-01,rail-right-01,0.6.7-draft,0.6.7-draft,mqtt,mqtt,723.75,571.16,6.705,6.454,-0.103,-0.007,0.044,-0.117,10.41,9.864,-0.0653,0.0313,0.0384,0.0558,-0.0105,-0.0045,24.99,24.9,17021,18464,2.128,2.308,6.383,6.924,384,384,39,39,0,0,0,0,,,,,,,,,,,,,,,,,0.0,0.0,0,0,903.1,653.1,0.8477,1.0788,1,1,0
2026-09-28T22:36:12.374124+09:00,59627118,9d29af73,2026-09-28T22:36:12.374124+09:00,2026-09-28T22:36:12.417651+09:00,rail-left-01,rail-right-01,0.6.7-draft,0.6.7-draft,mqtt,mqtt,724.99,572.16,6.672,6.465,0.059,0.071,0.121,-0.462,10.727,9.735,-0.0689,0.0305,0.0432,0.0636,-0.0088,-0.0064,24.98,24.89,16940,18487,2.118,2.311,6.352,6.933,385,385,39,39,0,0,0,0,,,,,,,,,,,,,,,,,0.0,0.0,0,0,904.1,654.1,0.8477,1.0788,1,1,0
2026-09-28T22:36:12.395062+09:00,59648056,9d29af73,2026-09-28T22:36:12.395062+09:00,2026-09-28T22:36:12.438589+09:00,rail-left-01,rail-right-01,0.6.7-draft,0.6.7-draft,mqtt,mqtt,726.28,573.15,6.647,6.48,0.055,0.037,0.314,-0.116,10.386,9.744,-0.0633,0.0308,0.041,0.0594,-0.0055,-0.0049,24.97,24.93,16878,18520,2.11,2.315,6.329,6.945,386,386,39,39,0,0,0,0,,,,,,,,,,,,,,,,,0.0,0.0,0,0,905.2,655.2,0.8477,1.0788,1,1,0
2026-09-28T22:36:12.415179+09:00,59668173,9d29af73,2026-09-28T22:36:12.415179+09:00,2026-09-28T22:36:12.458706+09:00,rail-left-01,rail-right-01,0.6.7-draft,0.6.7-draft,mqtt,mqtt,727.53,574.15,6.623,6.485,0.034,0.05,0.042,-0.059,10.483,9.686,-0.0645,0.0364,0.0428,0.061,-0.0055,-0.0048,24.97,24.92,16817,18533,2.102,2.317,6.306,6.95,387,387,39,39,0,0,0,0,,,,,,,,,,,,,,,,,0.0,0.0,0,0,906.3,656.3,0.8477,1.0788,1,1,0
2026-09-28T22:36:12.434053+09:00,59687047,9d29af73,2026-09-28T22:36:12.434053+09:00,2026-09-28T22:36:12.477580+09:00,rail-left-01,rail-right-01,0.6.7-draft,0.6.7-draft,mqtt,mqtt,728.72,575.04,6.598,6.493,-0.114,-0.138,0.045,-0.23,10.581,9.835,-0.0655,0.0334,0.0452,0.0576,-0.0096,-0.0057,24.98,24.91,16755,18549,2.094,2.319,6.283,6.956,388,388,39,39,0,0,0,0,,,,,,,,,,,,,,,,,0.0,0.0,0,0,907.3,657.3,0.8477,1.0788,1,1,0
2026-09-28T22:36:12.453983+09:00,59706977,9d29af73,2026-09-28T22:36:12.453983+09:00,2026-09-28T22:36:12.497510+09:00,rail-left-01,rail-right-01,0.6.7-draft,0.6.7-draft,mqtt,mqtt,729.91,575.99,6.564,6.501,0.182,0.194,0.055,-0.327,10.384,9.594,-0.0609,0.0325,0.0473,0.062,-0.0171,-0.0125,24.99,24.91,16670,18567,2.084,2.321,6.251,6.963,389,389,39,39,0,0,0,0,,,,,,,,,,,,,,,,,0.0,0.0,0,0,908.3,658.3,0.8477,1.0788,1,1,0
2026-09-28T22:36:12.474101+09:00,59727095,9d29af73,2026-09-28T22:36:12.474101+09:00,2026-09-28T22:36:12.517628+09:00,rail-left-01,rail-right-01,0.6.7-draft,0.6.7-draft,mqtt,mqtt,731.16,576.98,6.496,6.506,-0.251,-0.183,0.086,-0.299,11.388,9.802,-0.0709,0.0372,0.0333,0.0489,-0.0135,-0.0017,24.99,24.91,16502,18579,2.063,2.322,6.188,6.967,390,390,39,39,0,0,0,0,,,,,,,,,,,,,,,,,0.0,0.0,0,0,909.4,659.4,0.8477,1.0788,1,1,0
2026-09-28T22:36:12.569451+09:00,59826440,9d29af73,2026-09-28T22:36:12.569451+09:00,2026-09-28T22:36:12.609264+09:00,rail-left-01,rail-right-01,0.6.7-draft,0.6.7-draft,mqtt,mqtt,737.32,581.75,6.524,6.501,0.074,0.022,-0.045,-0.226,10.303,9.747,-0.0644,0.0328,0.0441,0.063,-0.0081,-0.0063,24.97,24.93,16571,18568,2.071,2.321,6.214,6.963,391,391,40,40,0,0,0,0,,,,,,,,,,,,,,,,,0.0,0.0,0,0,914.6,664.6,0.8477,1.0788,1,1,0
2026-09-28T22:36:12.589569+09:00,59846558,9d29af73,2026-09-28T22:36:12.589569+09:00,2026-09-28T22:36:12.629382+09:00,rail-left-01,rail-right-01,0.6.7-draft,0.6.7-draft,mqtt,mqtt,738.56,582.75,6.467,6.544,-0.073,-0.011,0.007,-0.135,10.742,9.916,-0.0624,0.0298,0.0382,0.0542,-0.0091,-0.0089,24.97,24.92,16430,18663,2.054,2.333,6.161,6.999,392,392,40,40,0,0,0,0,,,,,,,,,,,,,,,,,0.0,0.0,0,0,915.6,665.6,0.8477,1.0788,1,1,0
2026-09-28T22:36:12.609521+09:00,59866510,9d29af73,2026-09-28T22:36:12.609521+09:00,2026-09-28T22:36:12.649334+09:00,rail-left-01,rail-right-01,0.6.7-draft,0.6.7-draft,mqtt,mqtt,739.81,583.69,6.465,6.549,0.101,0.111,0.504,0.396,10.388,9.947,-0.0649,0.0312,0.0458,0.0638,-0.0057,-0.0093,24.97,24.93,16425,18675,2.053,2.334,6.159,7.003,393,393,40,40,0,0,0,0,,,,,,,,,,,,,,,,,0.0,0.0,0,0,916.7,666.7,0.8477,1.0788,1,1,0
2026-09-28T22:36:12.629647+09:00,59886636,9d29af73,2026-09-28T22:36:12.629647+09:00,2026-09-28T22:36:12.669460+09:00,rail-left-01,rail-right-01,0.6.7-draft,0.6.7-draft,mqtt,mqtt,741.05,584.69,6.451,6.604,-0.164,-0.164,0.267,-0.49,10.448,9.843,-0.065,0.0252,0.0461,0.0641,-0.0099,-0.0036,24.94,24.91,16390,18796,2.049,2.35,6.146,7.049,394,394,40,40,0,0,0,0,,,,,,,,,,,,,,,,,0.0,0.0,0,0,917.7,667.7,0.8477,1.0788,1,1,0
2026-09-28T22:36:12.650041+09:00,59907030,9d29af73,2026-09-28T22:36:12.650041+09:00,2026-09-28T22:36:12.689854+09:00,rail-left-01,rail-right-01,0.6.7-draft,0.6.7-draft,mqtt,mqtt,742.29,585.63,6.421,6.641,0.141,0.199,-0.33,-0.268,10.471,10.033,-0.0614,0.027,0.0477,0.0658,-0.0123,-0.0123,24.99,24.91,16315,18879,2.039,2.36,6.118,7.08,395,395,40,40,0,0,0,0,,,,,,,,,,,,,,,,,0.0,0.0,0,0,918.8,668.8,0.8477,1.0788,1,1,0
2026-09-28T22:36:12.670016+09:00,59927005,9d29af73,2026-09-28T22:36:12.670016+09:00,2026-09-28T22:36:12.709829+09:00,rail-left-01,rail-right-01,0.6.7-draft,0.6.7-draft,mqtt,mqtt,743.54,586.63,6.381,6.679,-0.192,-0.208,0.42,-0.351,10.842,9.937,-0.0657,0.0308,0.0401,0.0576,-0.0079,-0.0085,24.99,24.91,16215,18962,2.027,2.37,6.081,7.111,396,396,40,40,0,0,0,0,,,,,,,,,,,,,,,,,0.0,0.0,0,0,919.9,669.9,0.8477,1.0788,1,1,0
2026-09-28T22:36:12.689580+09:00,59946569,9d29af73,2026-09-28T22:36:12.689580+09:00,2026-09-28T22:36:12.729393+09:00,rail-left-01,rail-right-01,0.6.7-draft,0.6.7-draft,mqtt,mqtt,744.73,587.57,6.403,6.696,0.035,-0.012,0.247,-0.29,10.463,9.577,-0.069,0.0321,0.0401,0.0546,-0.0109,-0.0121,24.97,24.93,16269,19000,2.034,2.375,6.101,7.125,397,397,40,40,0,0,0,0,,,,,,,,,,,,,,,,,0.0,0.0,0,0,920.9,670.9,0.8477,1.0788,1,1,0
2026-09-28T22:36:12.709608+09:00,59966597,9d29af73,2026-09-28T22:36:12.709608+09:00,2026-09-28T22:36:12.749421+09:00,rail-left-01,rail-right-01,0.6.7-draft,0.6.7-draft,mqtt,mqtt,745.97,588.52,6.43,6.692,0.018,0.063,-0.251,-0.092,10.466,9.524,-0.0645,0.035,0.0364,0.054,-0.008,-0.0056,24.98,24.92,16336,18992,2.042,2.374,6.126,7.122,398,398,40,40,0,0,0,0,,,,,,,,,,,,,,,,,0.0,0.0,0,0,921.9,671.9,0.8477,1.0788,1,1,0
2026-09-28T22:36:12.729562+09:00,59986551,9d29af73,2026-09-28T22:36:12.729562+09:00,2026-09-28T22:36:12.769375+09:00,rail-left-01,rail-right-01,0.6.7-draft,0.6.7-draft,mqtt,mqtt,747.22,589.46,6.44,6.694,-0.005,0.019,0.086,-0.605,10.321,9.645,-0.0662,0.0393,0.0401,0.0577,-0.012,-0.0083,24.95,24.91,16362,18995,2.045,2.374,6.136,7.123,399,399,40,40,0,0,0,0,,,,,,,,,,,,,,,,,0.0,0.0,0,0,923.0,673.0,0.8477,1.0788,1,1,0
2026-09-28T22:36:12.749777+09:00,60006766,9d29af73,2026-09-28T22:36:12.749777+09:00,2026-09-28T22:36:12.789590+09:00,rail-left-01,rail-right-01,0.6.7-draft,0.6.7-draft,mqtt,mqtt,748.46,590.45,6.469,6.68,-0.066,-0.117,0.104,0.103,10.501,9.658,-0.0693,0.0356,0.0277,0.0497,-0.0108,-0.0125,24.99,24.92,16434,18965,2.054,2.371,6.163,7.112,400,400,40,40,0,0,0,0,,,,,,,,,,,,,,,,,0.0,0.0,0,0,924.0,674.0,0.8477,1.0788,1,1,0
2026-09-28T22:36:12.882357+09:00,60097419,9d29af73,2026-09-28T22:36:12.882357+09:00,2026-09-28T22:36:12.962480+09:00,rail-left-01,rail-right-01,0.6.7-draft,0.6.7-draft,mqtt,mqtt,754.08,594.78,6.503,6.665,-0.141,-0.084,0.165,0.012,10.533,9.75,-0.0633,0.0332,0.0348,0.0502,-0.0079,0.002,24.99,24.94,16518,18931,2.065,2.366,6.194,7.099,401,401,41,41,0,0,0,0,,,,,,,,,,,,,,,,,0.0,0.0,0,0,928.8,678.8,0.8477,1.0788,1,1,0
2026-09-28T22:36:12.902479+09:00,60117541,9d29af73,2026-09-28T22:36:12.902479+09:00,2026-09-28T22:36:12.982602+09:00,rail-left-01,rail-right-01,0.6.7-draft,0.6.7-draft,mqtt,mqtt,755.32,595.77,6.573,6.648,0.049,0.073,0.029,-0.296,10.745,9.735,-0.0691,0.0318,0.0397,0.0553,-0.0137,-0.0097,24.97,24.91,16693,18894,2.087,2.362,6.26,7.085,402,402,41,41,0,0,0,0,,,,,,,,,,,,,,,,,0.0,0.0,0,0,929.8,679.8,0.8477,1.0788,1,1,0
2026-09-28T22:36:12.922410+09:00,60137472,9d29af73,2026-09-28T22:36:12.922410+09:00,2026-09-28T22:36:13.002533+09:00,rail-left-01,rail-right-01,0.6.7-draft,0.6.7-draft,mqtt,mqtt,756.51,596.72,6.582,6.651,-0.113,-0.074,0.025,-0.427,10.333,9.731,-0.0715,0.0364,0.0386,0.0574,-0.0077,-0.0059,24.97,24.92,16716,18901,2.09,2.363,6.269,7.088,403,403,41,41,0,0,0,0,,,,,,,,,,,,,,,,,0.0,0.0,0,0,930.9,680.9,0.8477,1.0788,1,1,0
2026-09-28T22:36:12.942536+09:00,60157598,9d29af73,2026-09-28T22:36:12.942536+09:00,2026-09-28T22:36:13.022659+09:00,rail-left-01,rail-right-01,0.6.7-draft,0.6.7-draft,mqtt,mqtt,757.76,597.71,6.592,6.654,0.035,0.065,0.041,-0.024,10.505,9.464,-0.0665,0.0341,0.042,0.0585,-0.0103,-0.0079,24.99,24.91,16741,18908,2.093,2.364,6.278,7.091,404,404,41,41,0,0,0,0,,,,,,,,,,,,,,,,,0.0,0.0,0,0,931.9,681.9,0.8477,1.0788,1,1,0
2026-09-28T22:36:12.962507+09:00,60177569,9d29af73,2026-09-28T22:36:12.962507+09:00,2026-09-28T22:36:13.042630+09:00,rail-left-01,rail-right-01,0.6.7-draft,0.6.7-draft,mqtt,mqtt,759.0,598.66,6.589,6.665,-0.103,-0.096,0.123,-0.177,10.327,9.835,-0.0681,0.0338,0.0374,0.0561,-0.0096,-0.0067,24.99,24.91,16732,18931,2.092,2.366,6.274,7.099,405,405,41,41,0,0,0,0,,,,,,,,,,,,,,,,,0.0,0.0,0,0,933.0,683.0,0.8477,1.0788,1,1,0
2026-09-28T22:36:12.982499+09:00,60197561,9d29af73,2026-09-28T22:36:12.982499+09:00,2026-09-28T22:36:13.062622+09:00,rail-left-01,rail-right-01,0.6.7-draft,0.6.7-draft,mqtt,mqtt,760.24,599.6,6.602,6.659,0.133,0.127,-0.054,-0.093,10.592,9.802,-0.0621,0.0297,0.0354,0.0561,-0.0113,-0.0077,24.98,24.91,16766,18917,2.096,2.365,6.287,7.094,406,406,41,41,0,0,0,0,,,,,,,,,,,,,,,,,0.0,0.0,0,0,934.0,684.0,0.8477,1.0788,1,1,0
2026-09-28T22:36:13.002419+09:00,60217481,9d29af73,2026-09-28T22:36:13.002419+09:00,2026-09-28T22:36:13.082542+09:00,rail-left-01,rail-right-01,0.6.7-draft,0.6.7-draft,mqtt,mqtt,761.48,600.6,6.607,6.66,-0.092,-0.067,0.192,-0.344,10.337,9.735,-0.0697,0.0314,0.0388,0.055,-0.0084,-0.0033,24.99,24.89,16778,18921,2.097,2.365,6.292,7.095,407,407,41,41,0,0,0,0,,,,,,,,,,,,,,,,,0.0,0.0,0,0,935.1,685.1,0.8477,1.0788,1,1,0
2026-09-28T22:36:13.022359+09:00,60237421,9d29af73,2026-09-28T22:36:13.022359+09:00,2026-09-28T22:36:13.102482+09:00,rail-left-01,rail-right-01,0.6.7-draft,0.6.7-draft,mqtt,mqtt,762.73,601.54,6.626,6.66,0.111,0.133,0.019,-0.271,10.569,9.527,-0.0674,0.0348,0.039,0.0537,-0.0083,-0.0065,25.0,24.91,16826,18921,2.103,2.365,6.31,7.095,408,408,41,41,0,0,0,0,,,,,,,,,,,,,,,,,0.0,0.0,0,0,936.1,686.1,0.8477,1.0788,1,1,0
2026-09-28T22:36:13.042477+09:00,60257539,9d29af73,2026-09-28T22:36:13.042477+09:00,2026-09-28T22:36:13.122600+09:00,rail-left-01,rail-right-01,0.6.7-draft,0.6.7-draft,mqtt,mqtt,763.97,602.49,6.626,6.655,-0.042,-0.029,0.147,-0.275,10.362,9.7,-0.0654,0.0373,0.0402,0.0545,-0.0075,-0.0003,25.0,24.92,16824,18909,2.103,2.364,6.309,7.091,409,409,41,41,0,0,0,0,,,,,,,,,,,,,,,,,0.0,0.0,0,0,937.2,687.2,0.8477,1.0788,1,1,0
2026-09-28T22:36:13.062564+09:00,60277626,9d29af73,2026-09-28T22:36:13.062564+09:00,2026-09-28T22:36:13.142687+09:00,rail-left-01,rail-right-01,0.6.7-draft,0.6.7-draft,mqtt,mqtt,765.16,603.48,6.632,6.654,-0.004,-0.019,0.03,-0.103,10.446,9.677,-0.0624,0.0301,0.04,0.056,-0.0077,-0.0088,24.98,24.91,16841,18906,2.105,2.363,6.315,7.09,410,410,41,41,0,0,0,0,,,,,,,,,,,,,,,,,0.0,0.0,0,0,938.2,688.2,0.8477,1.0788,1,1,0
2026-09-28T22:36:13.190279+09:00,60451450,9d29af73,2026-09-28T22:36:13.190279+09:00,2026-09-28T22:36:13.275795+09:00,rail-left-01,rail-right-01,0.6.7-draft,0.6.7-draft,mqtt,mqtt,775.9,611.78,6.634,6.658,-0.002,0.011,0.048,-0.195,10.402,9.643,-0.0658,0.0281,0.036,0.0525,-0.0052,-0.0027,24.98,24.91,16845,18915,2.106,2.364,6.317,7.093,411,411,42,42,0,0,0,0,,,,,,,,,,,,,,,,,0.0,0.0,0,0,947.3,697.3,0.8477,1.0788,1,1,0
2026-09-28T22:36:13.210436+09:00,60471606,9d29af73,2026-09-28T22:36:13.210436+09:00,2026-09-28T22:36:13.295951+09:00,rail-left-01,rail-right-01,0.6.7-draft,0.6.7-draft,mqtt,mqtt,777.15,612.73,6.619,6.581,-0.007,-0.013,0.075,-0.269,10.439,9.752,-0.0655,0.0224,0.0328,0.0526,-0.0073,-0.0076,24.99,24.91,16808,18744,2.101,2.343,6.303,7.029,412,412,42,42,0,0,0,0,,,,,,,,,,,,,,,,,0.0,0.0,0,0,948.3,698.3,0.8477,1.0788,1,1,0
2026-09-28T22:36:13.230461+09:00,60491632,9d29af73,2026-09-28T22:36:13.230461+09:00,2026-09-28T22:36:13.315977+09:00,rail-left-01,rail-right-01,0.6.7-draft,0.6.7-draft,mqtt,mqtt,778.34,613.72,6.614,6.54,0.026,-0.024,0.238,-0.235,10.344,9.738,-0.065,0.0241,0.0358,0.0532,-0.0081,-0.0047,24.96,24.93,16795,18654,2.099,2.332,6.298,6.995,413,413,42,42,0,0,0,0,,,,,,,,,,,,,,,,,0.0,0.0,0,0,949.4,699.4,0.8477,1.0788,1,1,0
2026-09-28T22:36:13.250409+09:00,60511580,9d29af73,2026-09-28T22:36:13.250409+09:00,2026-09-28T22:36:13.335925+09:00,rail-left-01,rail-right-01,0.6.7-draft,0.6.7-draft,mqtt,mqtt,779.58,614.67,6.606,6.502,0.153,0.172,0.108,-0.09,10.384,9.704,-0.0653,0.0296,0.0328,0.0508,-0.0052,-0.0029,24.99,24.9,16776,18569,2.097,2.321,6.291,6.963,414,414,42,42,0,0,0,0,,,,,,,,,,,,,,,,,0.0,0.0,0,0,950.4,700.4,0.8477,1.0788,1,1,0
2026-09-28T22:36:13.270456+09:00,60531626,9d29af73,2026-09-28T22:36:13.270456+09:00,2026-09-28T22:36:13.355971+09:00,rail-left-01,rail-right-01,0.6.7-draft,0.6.7-draft,mqtt,mqtt,780.83,615.61,6.631,6.495,-0.011,-0.036,0.031,-0.163,10.26,9.714,-0.0612,0.0306,0.0412,0.0596,-0.0071,-0.0111,24.99,24.91,16837,18555,2.105,2.319,6.314,6.958,415,415,42,42,0,0,0,0,,,,,,,,,,,,,,,,,0.0,0.0,0,0,951.5,701.5,0.8477,1.0788,1,1,0
2026-09-28T22:36:13.290641+09:00,60551812,9d29af73,2026-09-28T22:36:13.290641+09:00,2026-09-28T22:36:13.376157+09:00,rail-left-01,rail-right-01,0.6.7-draft,0.6.7-draft,mqtt,mqtt,782.07,616.61,6.655,6.506,-0.074,-0.06,0.148,-0.177,10.411,9.664,-0.0605,0.0317,0.0322,0.0488,-0.0087,-0.0041,24.99,24.92,16897,18579,2.112,2.322,6.336,6.967,416,416,42,42,0,0,0,0,,,,,,,,,,,,,,,,,0.0,0.0,0,0,952.5,702.5,0.8477,1.0788,1,1,0
2026-09-28T22:36:13.310419+09:00,60571589,9d29af73,2026-09-28T22:36:13.310419+09:00,2026-09-28T22:36:13.395934+09:00,rail-left-01,rail-right-01,0.6.7-draft,0.6.7-draft,mqtt,mqtt,783.26,617.55,6.69,6.504,0.008,0.065,0.08,-0.266,10.61,9.725,-0.0557,0.033,0.0326,0.05,-0.0079,-0.006,24.99,24.92,16984,18575,2.123,2.322,6.369,6.966,417,417,42,42,0,0,0,0,,,,,,,,,,,,,,,,,0.0,0.0,0,0,953.5,703.5,0.8477,1.0788,1,1,0
2026-09-28T22:36:13.330459+09:00,60591629,9d29af73,2026-09-28T22:36:13.330459+09:00,2026-09-28T22:36:13.415974+09:00,rail-left-01,rail-right-01,0.6.7-draft,0.6.7-draft,mqtt,mqtt,784.5,618.5,6.741,6.487,0.031,-0.038,0.056,-0.175,10.617,9.936,-0.0625,0.031,0.0297,0.0528,-0.0039,-0.0053,24.96,24.92,17111,18536,2.139,2.317,6.417,6.951,418,418,42,42,0,0,0,0,,,,,,,,,,,,,,,,,0.0,0.0,0,0,954.6,704.6,0.8477,1.0788,1,1,0
2026-09-28T22:36:13.350407+09:00,60611577,9d29af73,2026-09-28T22:36:13.350407+09:00,2026-09-28T22:36:13.435922+09:00,rail-left-01,rail-right-01,0.6.7-draft,0.6.7-draft,mqtt,mqtt,785.75,619.44,6.795,6.483,-0.069,-0.086,-0.001,-0.381,10.403,9.857,-0.0632,0.0324,0.0369,0.0545,-0.0093,-0.0089,25.02,24.92,17245,18528,2.156,2.316,6.467,6.948,419,419,42,42,0,0,0,0,,,,,,,,,,,,,,,,,0.0,0.0,0,0,955.6,705.6,0.8477,1.0788,1,1,0
2026-09-28T22:36:13.370428+09:00,60631599,9d29af73,2026-09-28T22:36:13.370428+09:00,2026-09-28T22:36:13.455944+09:00,rail-left-01,rail-right-01,0.6.7-draft,0.6.7-draft,mqtt,mqtt,786.94,620.43,6.815,6.489,-0.004,0.041,-0.024,-0.316,10.435,9.656,-0.0628,0.029,0.0368,0.0548,-0.0089,-0.0059,25.0,24.9,17295,18542,2.162,2.318,6.486,6.953,420,420,42,42,0,0,0,0,,,,,,,,,,,,,,,,,0.0,0.0,0,0,956.6,706.6,0.8477,1.0788,1,1,0
2026-09-28T22:36:13.504709+09:00,60765449,9d29af73,2026-09-28T22:36:13.504709+09:00,2026-09-28T22:36:13.586775+09:00,rail-left-01,rail-right-01,0.6.7-draft,0.6.7-draft,mqtt,mqtt,795.19,626.8,6.814,6.488,0.127,0.145,0.08,-0.353,10.478,9.61,-0.061,0.0308,0.0424,0.0568,-0.0048,-0.0016,24.97,24.91,17294,18539,2.162,2.317,6.485,6.952,421,421,43,43,0,0,0,0,,,,,,,,,,,,,,,,,0.0,0.0,0,0,963.6,713.6,0.8477,1.0788,1,1,0
2026-09-28T22:36:13.524775+09:00,60785515,9d29af73,2026-09-28T22:36:13.524775+09:00,2026-09-28T22:36:13.606841+09:00,rail-left-01,rail-right-01,0.6.7-draft,0.6.7-draft,mqtt,mqtt,796.39,627.79,6.844,6.508,-0.01,-0.057,-0.196,-0.303,10.509,9.737,-0.067,0.0329,0.0337,0.0534,-0.0004,0.0088,24.98,24.92,17368,18582,2.171,2.323,6.513,6.968,422,422,43,43,0,0,0,0,,,,,,,,,,,,,,,,,0.0,0.0,0,0,964.7,714.7,0.8477,1.0788,1,1,0
2026-09-28T22:36:13.544753+09:00,60805493,9d29af73,2026-09-28T22:36:13.544753+09:00,2026-09-28T22:36:13.626818+09:00,rail-left-01,rail-right-01,0.6.7-draft,0.6.7-draft,mqtt,mqtt,797.63,628.74,6.859,6.498,0.025,-0.081,0.059,-0.347,10.538,9.851,-0.0645,0.0304,0.0368,0.053,-0.0084,-0.0057,25.0,24.89,17404,18560,2.176,2.32,6.527,6.96,423,423,43,43,0,0,0,0,,,,,,,,,,,,,,,,,0.0,0.0,0,0,965.7,715.7,0.8477,1.0788,1,1,0
2026-09-28T22:36:13.564866+09:00,60825606,9d29af73,2026-09-28T22:36:13.564866+09:00,2026-09-28T22:36:13.646932+09:00,rail-left-01,rail-right-01,0.6.7-draft,0.6.7-draft,mqtt,mqtt,798.87,629.68,6.861,6.471,0.018,0.0,-0.081,-0.001,10.539,9.714,-0.0634,0.025,0.032,0.0486,-0.0021,-0.0007,24.97,24.93,17409,18502,2.176,2.313,6.528,6.938,424,424,43,43,0,0,0,0,,,,,,,,,,,,,,,,,0.0,0.0,0,0,966.8,716.8,0.8477,1.0788,1,1,0
2026-09-28T22:36:13.584880+09:00,60845620,9d29af73,2026-09-28T22:36:13.584880+09:00,2026-09-28T22:36:13.666946+09:00,rail-left-01,rail-right-01,0.6.7-draft,0.6.7-draft,mqtt,mqtt,800.07,630.68,6.869,6.426,0.156,0.111,0.183,-0.296,10.552,10.035,-0.0641,0.0354,0.0417,0.0544,-0.0064,-0.0069,24.98,24.91,17429,18401,2.179,2.3,6.536,6.9,425,425,43,43,0,0,0,0,,,,,,,,,,,,,,,,,0.0,0.0,0,0,967.8,717.8,0.8477,1.0788,1,1,0
2026-09-28T22:36:13.604827+09:00,60865567,9d29af73,2026-09-28T22:36:13.604827+09:00,2026-09-28T22:36:13.686893+09:00,rail-left-01,rail-right-01,0.6.7-draft,0.6.7-draft,mqtt,mqtt,801.31,631.62,6.871,6.436,0.008,-0.042,0.012,-0.165,10.461,9.632,-0.0699,0.0329,0.0453,0.0568,-0.0051,-0.0045,24.98,24.93,17435,18424,2.179,2.303,6.538,6.909,426,426,43,43,0,0,0,0,,,,,,,,,,,,,,,,,0.0,0.0,0,0,968.8,718.8,0.8477,1.0788,1,1,0
2026-09-28T22:36:13.624764+09:00,60885504,9d29af73,2026-09-28T22:36:13.624764+09:00,2026-09-28T22:36:13.706830+09:00,rail-left-01,rail-right-01,0.6.7-draft,0.6.7-draft,mqtt,mqtt,802.55,632.57,6.871,6.45,0.044,0.038,0.04,-0.279,10.475,9.51,-0.0654,0.0318,0.0421,0.0592,-0.006,-0.0101,24.98,24.93,17434,18455,2.179,2.307,6.538,6.921,427,427,43,43,0,0,0,0,,,,,,,,,,,,,,,,,0.0,0.0,0,0,969.9,719.9,0.8477,1.0788,1,1,0
2026-09-28T22:36:13.644745+09:00,60905485,9d29af73,2026-09-28T22:36:13.644745+09:00,2026-09-28T22:36:13.726810+09:00,rail-left-01,rail-right-01,0.6.7-draft,0.6.7-draft,mqtt,mqtt,803.75,633.51,6.878,6.471,0.049,-0.01,0.047,-0.123,10.333,9.487,-0.0671,0.0313,0.0388,0.0588,-0.0008,-0.0055,24.98,24.91,17452,18502,2.182,2.313,6.545,6.938,428,428,43,43,0,0,0,0,,,,,,,,,,,,,,,,,0.0,0.0,0,0,970.9,720.9,0.8477,1.0788,1,1,0
2026-09-28T22:36:13.664891+09:00,60925631,9d29af73,2026-09-28T22:36:13.664891+09:00,2026-09-28T22:36:13.746957+09:00,rail-left-01,rail-right-01,0.6.7-draft,0.6.7-draft,mqtt,mqtt,804.99,634.5,6.875,6.468,-0.004,0.019,0.087,-0.244,10.446,9.797,-0.0638,0.0297,0.0409,0.0593,-0.008,-0.0073,25.0,24.91,17446,18495,2.181,2.312,6.542,6.936,429,429,43,43,0,0,0,0,,,,,,,,,,,,,,,,,0.0,0.0,0,0,971.9,721.9,0.8477,1.0788,1,1,0
2026-09-28T22:36:13.684763+09:00,60945503,9d29af73,2026-09-28T22:36:13.684763+09:00,2026-09-28T22:36:13.766829+09:00,rail-left-01,rail-right-01,0.6.7-draft,0.6.7-draft,mqtt,mqtt,806.23,635.45,6.857,6.476,0.007,-0.026,0.208,-0.2,10.613,9.699,-0.0628,0.0312,0.0418,0.0633,-0.0088,-0.0081,24.97,24.94,17399,18512,2.175,2.314,6.525,6.942,430,430,43,43,0,0,0,0,,,,,,,,,,,,,,,,,0.0,0.0,0,0,973.0,723.0,0.8477,1.0788,1,1,0
2026-09-28T22:36:13.814785+09:00,61074596,9d29af73,2026-09-28T22:36:13.814785+09:00,2026-09-28T22:36:13.867801+09:00,rail-left-01,rail-right-01,0.6.7-draft,0.6.7-draft,mqtt,mqtt,814.14,641.61,6.853,6.483,0.124,0.04,0.115,-0.279,10.427,9.81,-0.0655,0.0321,0.0445,0.0589,-0.008,-0.0071,24.99,24.92,17391,18528,2.174,2.316,6.522,6.948,431,431,44,44,0,0,0,0,,,,,,,,,,,,,,,,,0.0,0.0,0,0,979.7,729.7,0.8477,1.0788,1,1,0
2026-09-28T22:36:13.834969+09:00,61094780,9d29af73,2026-09-28T22:36:13.834969+09:00,2026-09-28T22:36:13.887985+09:00,rail-left-01,rail-right-01,0.6.7-draft,0.6.7-draft,mqtt,mqtt,815.38,642.61,6.734,6.53,-0.028,-0.032,0.196,-0.221,10.83,9.669,-0.0642,0.0337,0.0426,0.0566,-0.0064,-0.0049,24.97,24.9,17093,18631,2.137,2.329,6.41,6.987,432,432,44,44,0,0,0,0,,,,,,,,,,,,,,,,,0.0,0.0,0,0,980.8,730.8,0.8477,1.0788,1,1,0
2026-09-28T22:36:13.854942+09:00,61114753,9d29af73,2026-09-28T22:36:13.854942+09:00,2026-09-28T22:36:13.907958+09:00,rail-left-01,rail-right-01,0.6.7-draft,0.6.7-draft,mqtt,mqtt,816.62,643.55,6.728,6.536,0.023,0.061,0.043,-0.19,10.359,9.669,-0.0662,0.0312,0.0414,0.0605,-0.008,-0.0067,25.0,24.91,17079,18646,2.135,2.331,6.405,6.992,433,433,44,44,0,0,0,0,,,,,,,,,,,,,,,,,0.0,0.0,0,0,981.8,731.8,0.8477,1.0788,1,1,0
2026-09-28T22:36:13.874914+09:00,61134725,9d29af73,2026-09-28T22:36:13.874914+09:00,2026-09-28T22:36:13.927930+09:00,rail-left-01,rail-right-01,0.6.7-draft,0.6.7-draft,mqtt,mqtt,817.87,644.55,6.71,6.545,-0.054,-0.059,0.115,-0.291,10.536,9.766,-0.0614,0.0318,0.0406,0.0557,-0.0089,-0.0049,25.01,24.94,17035,18666,2.129,2.333,6.388,7.0,434,434,44,44,0,0,0,0,,,,,,,,,,,,,,,,,0.0,0.0,0,0,982.9,732.9,0.8477,1.0788,1,1,0
2026-09-28T22:36:13.894954+09:00,61154765,9d29af73,2026-09-28T22:36:13.894954+09:00,2026-09-28T22:36:13.947970+09:00,rail-left-01,rail-right-01,0.6.7-draft,0.6.7-draft,mqtt,mqtt,819.06,645.49,6.687,6.551,0.057,0.024,0.117,-0.344,10.847,9.734,-0.0652,0.0288,0.0408,0.0584,-0.0088,-0.0112,24.98,24.93,16976,18679,2.122,2.335,6.366,7.005,435,435,44,44,0,0,0,0,,,,,,,,,,,,,,,,,0.0,0.0,0,0,983.9,733.9,0.8477,1.0788,1,1,0
2026-09-28T22:36:13.914939+09:00,61174750,9d29af73,2026-09-28T22:36:13.914939+09:00,2026-09-28T22:36:13.967955+09:00,rail-left-01,rail-right-01,0.6.7-draft,0.6.7-draft,mqtt,mqtt,820.3,646.44,6.696,6.571,0.031,0.028,-0.005,-0.231,10.429,9.68,-0.0686,0.0345,0.0433,0.0585,-0.0053,-0.004,25.0,24.93,16999,18722,2.125,2.34,6.375,7.021,436,436,44,44,0,0,0,0,,,,,,,,,,,,,,,,,0.0,0.0,0,0,984.9,734.9,0.8477,1.0788,1,1,0
2026-09-28T22:36:13.934934+09:00,61194745,9d29af73,2026-09-28T22:36:13.934934+09:00,2026-09-28T22:36:13.987950+09:00,rail-left-01,rail-right-01,0.6.7-draft,0.6.7-draft,mqtt,mqtt,821.54,647.38,6.696,6.584,-0.068,-0.024,0.047,-0.241,10.374,9.556,-0.0663,0.0353,0.0397,0.0558,-0.0025,-0.0017,24.97,24.92,16999,18751,2.125,2.344,6.375,7.032,437,437,44,44,0,0,0,0,,,,,,,,,,,,,,,,,0.0,0.0,0,0,986.0,736.0,0.8477,1.0788,1,1,0
2026-09-28T22:36:13.954922+09:00,61214733,9d29af73,2026-09-28T22:36:13.954922+09:00,2026-09-28T22:36:14.007938+09:00,rail-left-01,rail-right-01,0.6.7-draft,0.6.7-draft,mqtt,mqtt,822.74,648.38,6.717,6.588,0.013,0.047,-0.136,-0.265,10.248,9.623,-0.0745,0.0273,0.0348,0.0542,-0.008,-0.0071,24.98,24.91,17052,18760,2.132,2.345,6.394,7.035,438,438,44,44,0,0,0,0,,,,,,,,,,,,,,,,,0.0,0.0,0,0,987.0,737.0,0.8477,1.0788,1,1,0
2026-09-28T22:36:13.974864+09:00,61234675,9d29af73,2026-09-28T22:36:13.974864+09:00,2026-09-28T22:36:14.027880+09:00,rail-left-01,rail-right-01,0.6.7-draft,0.6.7-draft,mqtt,mqtt,823.98,649.32,6.75,6.578,0.099,0.044,0.31,-0.243,10.49,9.931,-0.0675,0.0308,0.033,0.0485,-0.0063,0.0008,24.97,24.92,17134,18739,2.142,2.342,6.425,7.027,439,439,44,44,0,0,0,0,,,,,,,,,,,,,,,,,0.0,0.0,0,0,988.0,738.0,0.8477,1.0788,1,1,0
2026-09-28T22:36:13.994919+09:00,61254730,9d29af73,2026-09-28T22:36:13.994919+09:00,2026-09-28T22:36:14.047935+09:00,rail-left-01,rail-right-01,0.6.7-draft,0.6.7-draft,mqtt,mqtt,825.22,650.27,6.766,6.585,0.069,0.043,0.075,-0.227,10.471,9.712,-0.0646,0.0341,0.043,0.0608,-0.0077,-0.0069,24.97,24.9,17173,18755,2.147,2.344,6.44,7.033,440,440,44,44,0,0,0,0,,,,,,,,,,,,,,,,,0.0,0.0,0,0,989.1,739.1,0.8477,1.0788,1,1,0
2026-09-28T22:36:14.100536+09:00,61356462,9d29af73,2026-09-28T22:36:14.100536+09:00,2026-09-28T22:36:14.193170+09:00,rail-left-01,rail-right-01,0.6.7-draft,0.6.7-draft,mqtt,mqtt,831.44,655.14,6.765,6.588,0.065,0.049,0.092,-0.224,10.572,10.009,-0.0666,0.0382,0.047,0.0568,-0.0033,-0.0063,24.99,24.89,17170,18760,2.146,2.345,6.439,7.035,441,441,45,45,0,0,0,0,,,,,,,,,,,,,,,,,0.0,0.0,0,0,994.4,744.4,0.8477,1.0788,1,1,0
2026-09-28T22:36:14.120620+09:00,61376546,9d29af73,2026-09-28T22:36:14.120620+09:00,2026-09-28T22:36:14.213254+09:00,rail-left-01,rail-right-01,0.6.7-draft,0.6.7-draft,mqtt,mqtt,832.68,656.13,6.771,6.62,-0.019,-0.045,-0.062,-0.255,10.608,9.682,-0.0641,0.0342,0.0429,0.0577,-0.0033,-0.0016,24.99,24.9,17186,18831,2.148,2.354,6.445,7.062,442,442,45,45,0,0,0,0,,,,,,,,,,,,,,,,,0.0,0.0,0,0,995.4,745.4,0.8477,1.0788,1,1,0
2026-09-28T22:36:14.140709+09:00,61396635,9d29af73,2026-09-28T22:36:14.140709+09:00,2026-09-28T22:36:14.233343+09:00,rail-left-01,rail-right-01,0.6.7-draft,0.6.7-draft,mqtt,mqtt,833.92,657.08,6.758,6.618,0.028,0.096,0.174,-0.09,10.5,9.773,-0.0622,0.0298,0.0394,0.0582,-0.0052,-0.0052,24.97,24.94,17153,18828,2.144,2.354,6.432,7.061,443,443,45,45,0,0,0,0,,,,,,,,,,,,,,,,,0.0,0.0,0,0,996.5,746.5,0.8477,1.0788,1,1,0
2026-09-28T22:36:14.160701+09:00,61416627,9d29af73,2026-09-28T22:36:14.160701+09:00,2026-09-28T22:36:14.253335+09:00,rail-left-01,rail-right-01,0.6.7-draft,0.6.7-draft,mqtt,mqtt,835.17,658.07,6.741,6.624,-0.073,-0.066,-0.017,-0.253,10.507,9.613,-0.0659,0.0341,0.0412,0.057,-0.006,-0.0043,24.99,24.93,17111,18840,2.139,2.355,6.417,7.065,444,444,45,45,0,0,0,0,,,,,,,,,,,,,,,,,0.0,0.0,0,0,997.5,747.5,0.8477,1.0788,1,1,0
2026-09-28T22:36:14.180595+09:00,61436521,9d29af73,2026-09-28T22:36:14.180595+09:00,2026-09-28T22:36:14.273229+09:00,rail-left-01,rail-right-01,0.6.7-draft,0.6.7-draft,mqtt,mqtt,836.36,659.02,6.729,6.62,0.085,0.114,0.116,-0.187,10.479,9.749,-0.0632,0.0362,0.0374,0.0569,-0.0065,-0.0023,24.98,24.92,17082,18832,2.135,2.354,6.406,7.062,445,445,45,45,0,0,0,0,,,,,,,,,,,,,,,,,0.0,0.0,0,0,998.5,748.5,0.8477,1.0788,1,1,0
2026-09-28T22:36:14.200598+09:00,61456524,9d29af73,2026-09-28T22:36:14.200598+09:00,2026-09-28T22:36:14.293232+09:00,rail-left-01,rail-right-01,0.6.7-draft,0.6.7-draft,mqtt,mqtt,837.6,659.96,6.707,6.607,-0.089,-0.084,0.074,-0.274,10.643,9.865,-0.0641,0.036,0.0405,0.0601,-0.008,-0.0075,24.98,24.93,17027,18802,2.128,2.35,6.385,7.051,446,446,45,45,0,0,0,0,,,,,,,,,,,,,,,,,0.0,0.0,0,0,999.6,749.6,0.8477,1.0788,1,1,0
2026-09-28T22:36:14.220554+09:00,61476480,9d29af73,2026-09-28T22:36:14.220554+09:00,2026-09-28T22:36:14.313188+09:00,rail-left-01,rail-right-01,0.6.7-draft,0.6.7-draft,mqtt,mqtt,838.85,660.9,6.702,6.612,0.068,0.095,-0.03,-0.081,10.406,9.716,-0.0621,0.0333,0.04,0.056,-0.0099,-0.0005,24.98,24.94,17015,18814,2.127,2.352,6.381,7.055,447,447,45,45,0,0,0,0,,,,,,,,,,,,,,,,,0.0,0.0,0,0,1000.7,750.7,0.8477,1.0788,1,1,0
2026-09-28T22:36:14.240625+09:00,61496551,9d29af73,2026-09-28T22:36:14.240625+09:00,2026-09-28T22:36:14.333259+09:00,rail-left-01,rail-right-01,0.6.7-draft,0.6.7-draft,mqtt,mqtt,840.04,661.9,6.677,6.603,-0.006,-0.01,0.136,-0.265,10.472,9.816,-0.0674,0.031,0.0382,0.0542,-0.0071,-0.0065,24.96,24.92,16953,18793,2.119,2.349,6.357,7.047,448,448,45,45,0,0,0,0,,,,,,,,,,,,,,,,,0.0,0.0,0,0,1001.7,751.7,0.8477,1.0788,1,1,0
2026-09-28T22:36:14.260660+09:00,61516586,9d29af73,2026-09-28T22:36:14.260660+09:00,2026-09-28T22:36:14.353294+09:00,rail-left-01,rail-right-01,0.6.7-draft,0.6.7-draft,mqtt,mqtt,841.28,662.84,6.671,6.61,0.035,0.024,0.022,-0.356,10.515,9.623,-0.0661,0.0349,0.0429,0.057,-0.0067,-0.0083,24.99,24.94,16936,18809,2.117,2.351,6.351,7.053,449,449,45,45,0,0,0,0,,,,,,,,,,,,,,,,,0.0,0.0,0,0,1002.7,752.7,0.8477,1.0788,1,1,0
2026-09-28T22:36:14.280563+09:00,61536489,9d29af73,2026-09-28T22:36:14.280563+09:00,2026-09-28T22:36:14.373197+09:00,rail-left-01,rail-right-01,0.6.7-draft,0.6.7-draft,mqtt,mqtt,842.53,663.79,6.656,6.612,-0.01,-0.012,-0.018,-0.359,10.375,9.687,-0.061,0.0381,0.0417,0.0604,-0.0084,-0.0073,25.0,24.92,16899,18813,2.112,2.352,6.337,7.055,450,450,45,45,0,0,0,0,,,,,,,,,,,,,,,,,0.0,0.0,0,0,1003.8,753.8,0.8477,1.0788,1,1,0
2026-09-28T22:36:14.419465+09:00,61682463,9d29af73,2026-09-28T22:36:14.419465+09:00,2026-09-28T22:36:14.465497+09:00,rail-left-01,rail-right-01,0.6.7-draft,0.6.7-draft,mqtt,mqtt,851.52,670.85,6.638,6.608,-0.051,-0.116,0.034,-0.356,10.657,9.764,-0.0666,0.0353,0.0457,0.06,-0.0059,-0.0029,24.99,24.94,16855,18804,2.107,2.351,6.321,7.052,451,451,46,46,0,0,0,0,,,,,,,,,,,,,,,,,0.0,0.0,0,0,1011.4,761.4,0.8477,1.0788,1,1,0
2026-09-28T22:36:14.439597+09:00,61702595,9d29af73,2026-09-28T22:36:14.439597+09:00,2026-09-28T22:36:14.485629+09:00,rail-left-01,rail-right-01,0.6.7-draft,0.6.7-draft,mqtt,mqtt,852.77,671.79,6.522,6.603,-0.091,-0.017,-0.135,0.061,10.965,9.87,-0.0552,0.0332,0.0302,0.0469,-0.0083,-0.0075,24.98,24.93,16565,18794,2.071,2.349,6.212,7.048,452,452,46,46,0,0,0,0,,,,,,,,,,,,,,,,,0.0,0.0,0,0,1012.5,762.5,0.8477,1.0788,1,1,0
2026-09-28T22:36:14.459605+09:00,61722603,9d29af73,2026-09-28T22:36:14.459605+09:00,2026-09-28T22:36:14.505637+09:00,rail-left-01,rail-right-01,0.6.7-draft,0.6.7-draft,mqtt,mqtt,854.01,672.74,6.559,6.593,0.044,0.016,0.268,-0.341,10.271,9.95,-0.0596,0.0321,0.039,0.056,-0.0081,-0.0041,24.96,24.92,16659,18772,2.082,2.347,6.247,7.04,453,453,46,46,0,0,0,0,,,,,,,,,,,,,,,,,0.0,0.0,0,0,1013.5,763.5,0.8477,1.0788,1,1,0
2026-09-28T22:36:14.479597+09:00,61742595,9d29af73,2026-09-28T22:36:14.479597+09:00,2026-09-28T22:36:14.525629+09:00,rail-left-01,rail-right-01,0.6.7-draft,0.6.7-draft,mqtt,mqtt,855.25,673.73,6.557,6.602,0.057,0.06,-0.141,-0.378,10.767,9.647,-0.0654,0.0338,0.0412,0.0538,-0.008,-0.0095,25.01,24.93,16654,18792,2.082,2.349,6.245,7.047,454,454,46,46,0,0,0,0,,,,,,,,,,,,,,,,,0.0,0.0,0,0,1014.6,764.6,0.8477,1.0788,1,1,0
2026-09-28T22:36:14.499677+09:00,61762675,9d29af73,2026-09-28T22:36:14.499677+09:00,2026-09-28T22:36:14.545709+09:00,rail-left-01,rail-right-01,0.6.7-draft,0.6.7-draft,mqtt,mqtt,856.5,674.68,6.555,6.59,0.014,0.036,-0.054,-0.177,10.123,9.627,-0.0641,0.0301,0.0377,0.06,-0.0032,-0.008,24.97,24.92,16649,18765,2.081,2.346,6.243,7.037,455,455,46,46,0,0,0,0,,,,,,,,,,,,,,,,,0.0,0.0,0,0,1015.6,765.6,0.8477,1.0788,1,1,0
2026-09-28T22:36:14.519696+09:00,61782694,9d29af73,2026-09-28T22:36:14.519696+09:00,2026-09-28T22:36:14.565729+09:00,rail-left-01,rail-right-01,0.6.7-draft,0.6.7-draft,mqtt,mqtt,857.74,675.67,6.522,6.58,-0.163,-0.17,0.433,-0.32,10.484,9.637,-0.063,0.0306,0.0412,0.053,-0.0024,-0.004,25.01,24.92,16567,18742,2.071,2.343,6.213,7.028,456,456,46,46,0,0,0,0,,,,,,,,,,,,,,,,,0.0,0.0,0,0,1016.7,766.7,0.8477,1.0788,1,1,0
2026-09-28T22:36:14.539614+09:00,61802612,9d29af73,2026-09-28T22:36:14.539614+09:00,2026-09-28T22:36:14.585646+09:00,rail-left-01,rail-right-01,0.6.7-draft,0.6.7-draft,mqtt,mqtt,858.98,676.62,6.526,6.584,0.132,0.193,-0.092,-0.251,10.426,9.591,-0.0654,0.0296,0.0393,0.055,-0.0055,-0.0089,24.98,24.93,16575,18751,2.072,2.344,6.216,7.032,457,457,46,46,0,0,0,0,,,,,,,,,,,,,,,,,0.0,0.0,0,0,1017.7,767.7,0.8477,1.0788,1,1,0
2026-09-28T22:36:14.559655+09:00,61822653,9d29af73,2026-09-28T22:36:14.559655+09:00,2026-09-28T22:36:14.605687+09:00,rail-left-01,rail-right-01,0.6.7-draft,0.6.7-draft,mqtt,mqtt,860.23,677.56,6.527,6.577,0.044,0.03,-0.012,-0.211,10.37,9.716,-0.0694,0.0336,0.0385,0.0554,-0.0035,-0.0017,24.98,24.93,16578,18736,2.072,2.342,6.217,7.026,458,458,46,46,0,0,0,0,,,,,,,,,,,,,,,,,0.0,0.0,0,0,1018.8,768.8,0.8477,1.0788,1,1,0
2026-09-28T22:36:14.579629+09:00,61842627,9d29af73,2026-09-28T22:36:14.579629+09:00,2026-09-28T22:36:14.625661+09:00,rail-left-01,rail-right-01,0.6.7-draft,0.6.7-draft,mqtt,mqtt,861.42,678.51,6.512,6.568,-0.019,0.018,0.055,-0.114,10.433,9.838,-0.0662,0.0321,0.0446,0.0585,-0.0092,-0.0077,24.99,24.93,16540,18717,2.068,2.34,6.203,7.019,459,459,46,46,0,0,0,0,,,,,,,,,,,,,,,,,0.0,0.0,0,0,1019.8,769.8,0.8477,1.0788,1,1,0
2026-09-28T22:36:14.599669+09:00,61862667,9d29af73,2026-09-28T22:36:14.599669+09:00,2026-09-28T22:36:14.645701+09:00,rail-left-01,rail-right-01,0.6.7-draft,0.6.7-draft,mqtt,mqtt,862.71,679.5,6.477,6.585,-0.078,-0.073,0.083,-0.239,10.491,9.704,-0.0628,0.0348,0.0457,0.0568,-0.0121,-0.0051,24.99,24.94,16455,18753,2.057,2.344,6.171,7.032,460,460,46,46,0,0,0,0,,,,,,,,,,,,,,,,,0.0,0.0,0,0,1020.9,770.9,0.8477,1.0788,1,1,0
2026-09-28T22:36:14.730354+09:00,61952468,9d29af73,2026-09-28T22:36:14.730354+09:00,2026-09-28T22:36:14.815443+09:00,rail-left-01,rail-right-01,0.6.7-draft,0.6.7-draft,mqtt,mqtt,868.28,683.83,6.47,6.583,-0.188,-0.211,0.107,-0.113,10.506,9.89,-0.0667,0.0232,0.0342,0.0422,-0.0077,-0.0041,24.99,24.92,16436,18749,2.055,2.344,6.164,7.031,461,461,47,47,0,0,0,0,,,,,,,,,,,,,,,,,0.0,0.0,0,0,1025.6,775.6,0.8477,1.0788,1,1,0
2026-09-28T22:36:14.750499+09:00,61972613,9d29af73,2026-09-28T22:36:14.750499+09:00,2026-09-28T22:36:14.835588+09:00,rail-left-01,rail-right-01,0.6.7-draft,0.6.7-draft,mqtt,mqtt,869.52,684.77,6.456,6.434,0.35,0.263,0.249,-0.327,10.537,9.728,-0.0669,0.0329,0.0428,0.0533,-0.0111,-0.0123,25.0,24.92,16402,18418,2.05,2.302,6.151,6.907,462,462,47,47,0,0,0,0,,,,,,,,,,,,,,,,,0.0,0.0,0,0,1026.7,776.7,0.8477,1.0788,1,1,0
2026-09-28T22:36:14.770445+09:00,61992559,9d29af73,2026-09-28T22:36:14.770445+09:00,2026-09-28T22:36:14.855534+09:00,rail-left-01,rail-right-01,0.6.7-draft,0.6.7-draft,mqtt,mqtt,870.77,685.76,6.471,6.43,-0.065,-0.087,-0.205,-0.213,10.347,9.594,-0.0649,0.033,0.0377,0.0524,-0.0081,-0.0033,24.99,24.93,16440,18409,2.055,2.301,6.165,6.903,463,463,47,47,0,0,0,0,,,,,,,,,,,,,,,,,0.0,0.0,0,0,1027.7,777.7,0.8477,1.0788,1,1,0
2026-09-28T22:36:14.790475+09:00,62012589,9d29af73,2026-09-28T22:36:14.790475+09:00,2026-09-28T22:36:14.875564+09:00,rail-left-01,rail-right-01,0.6.7-draft,0.6.7-draft,mqtt,mqtt,872.01,686.71,6.477,6.425,0.212,0.146,0.028,-0.273,10.432,9.687,-0.0593,0.0284,0.0384,0.0565,-0.0125,-0.0093,24.99,24.9,16454,18398,2.057,2.3,6.17,6.899,464,464,47,47,0,0,0,0,,,,,,,,,,,,,,,,,0.0,0.0,0,0,1028.8,778.8,0.8477,1.0788,1,1,0
2026-09-28T22:36:14.810565+09:00,62032678,9d29af73,2026-09-28T22:36:14.810565+09:00,2026-09-28T22:36:14.895653+09:00,rail-left-01,rail-right-01,0.6.7-draft,0.6.7-draft,mqtt,mqtt,873.25,687.65,6.518,6.423,-0.102,-0.102,0.188,-0.177,10.347,9.68,-0.0576,0.0328,0.0294,0.0497,-0.0073,-0.0041,25.0,24.9,16556,18395,2.07,2.299,6.209,6.898,465,465,47,47,0,0,0,0,,,,,,,,,,,,,,,,,0.0,0.0,0,0,1029.8,779.8,0.8477,1.0788,1,1,0
2026-09-28T22:36:14.830825+09:00,62052939,9d29af73,2026-09-28T22:36:14.830825+09:00,2026-09-28T22:36:14.915915+09:00,rail-left-01,rail-right-01,0.6.7-draft,0.6.7-draft,mqtt,mqtt,874.49,688.65,6.564,6.412,0.124,0.162,0.122,-0.371,10.488,9.771,-0.0553,0.0341,0.0324,0.0542,-0.0075,-0.0021,24.99,24.92,16670,18370,2.084,2.296,6.251,6.889,466,466,47,47,0,0,0,0,,,,,,,,,,,,,,,,,0.0,0.0,0,0,1030.9,780.9,0.8477,1.0788,1,1,0
2026-09-28T22:36:14.850473+09:00,62072587,9d29af73,2026-09-28T22:36:14.850473+09:00,2026-09-28T22:36:14.935562+09:00,rail-left-01,rail-right-01,0.6.7-draft,0.6.7-draft,mqtt,mqtt,875.69,689.59,6.574,6.405,-0.017,-0.036,-0.101,-0.336,10.354,9.635,-0.0616,0.0313,0.0349,0.0558,-0.0053,-0.002,24.97,24.92,16695,18354,2.087,2.294,6.261,6.883,467,467,47,47,0,0,0,0,,,,,,,,,,,,,,,,,0.0,0.0,0,0,1031.9,781.9,0.8477,1.0788,1,1,0
2026-09-28T22:36:14.870437+09:00,62092551,9d29af73,2026-09-28T22:36:14.870437+09:00,2026-09-28T22:36:14.955526+09:00,rail-left-01,rail-right-01,0.6.7-draft,0.6.7-draft,mqtt,mqtt,876.93,690.54,6.584,6.385,-0.168,-0.057,-0.065,-0.261,10.453,9.693,-0.059,0.0328,0.0398,0.0522,-0.0151,-0.0097,25.01,24.94,16720,18310,2.09,2.289,6.27,6.866,468,468,47,47,0,0,0,0,,,,,,,,,,,,,,,,,0.0,0.0,0,0,1032.9,782.9,0.8477,1.0788,1,1,0
2026-09-28T22:36:14.890767+09:00,62112881,9d29af73,2026-09-28T22:36:14.890767+09:00,2026-09-28T22:36:14.975856+09:00,rail-left-01,rail-right-01,0.6.7-draft,0.6.7-draft,mqtt,mqtt,878.17,691.53,6.554,6.383,0.123,0.128,0.163,-0.328,10.387,9.778,-0.0572,0.0338,0.0428,0.0572,-0.0079,-0.0036,25.01,24.92,16645,18306,2.081,2.288,6.242,6.865,469,469,47,47,0,0,0,0,,,,,,,,,,,,,,,,,0.0,0.0,0,0,1034.0,784.0,0.8477,1.0788,1,1,0
2026-09-28T22:36:14.910481+09:00,62132595,9d29af73,2026-09-28T22:36:14.910481+09:00,2026-09-28T22:36:14.995570+09:00,rail-left-01,rail-right-01,0.6.7-draft,0.6.7-draft,mqtt,mqtt,879.42,692.48,6.59,6.368,-0.069,-0.056,0.008,-0.277,10.064,9.419,-0.0702,0.0288,0.0316,0.05,-0.0051,-0.0064,25.0,24.92,16736,18273,2.092,2.284,6.276,6.852,470,470,47,47,0,0,0,0,,,,,,,,,,,,,,,,,0.0,0.0,0,0,1035.0,785.0,0.8477,1.0788,1,1,0
2026-09-28T22:36:15.084742+09:00,62303437,9d29af73,2026-09-28T22:36:15.084742+09:00,2026-09-28T22:36:15.124139+09:00,rail-left-01,rail-right-01,0.6.7-draft,0.6.7-draft,mqtt,mqtt,890.06,700.73,6.623,6.36,0.107,0.214,0.174,-0.235,10.661,9.901,-0.0671,0.0333,0.0389,0.0492,-0.0105,-0.0131,24.98,24.91,16817,18255,2.102,2.282,6.306,6.846,471,471,48,48,0,0,0,0,,,,,,,,,,,,,,,,,0.0,0.0,0,0,1044.1,794.1,0.8477,1.0788,1,1,0
2026-09-28T22:36:15.104766+09:00,62323461,9d29af73,2026-09-28T22:36:15.104766+09:00,2026-09-28T22:36:15.144163+09:00,rail-left-01,rail-right-01,0.6.7-draft,0.6.7-draft,mqtt,mqtt,891.3,701.67,6.614,6.344,-0.181,-0.3,0.423,-0.582,10.52,9.837,-0.0654,0.034,0.0418,0.0573,-0.0085,-0.0096,24.99,24.91,16796,18219,2.1,2.277,6.299,6.832,472,472,48,48,0,0,0,0,,,,,,,,,,,,,,,,,0.0,0.0,0,0,1045.1,795.1,0.8477,1.0788,1,1,0
2026-09-28T22:36:15.124907+09:00,62343601,9d29af73,2026-09-28T22:36:15.124907+09:00,2026-09-28T22:36:15.164303+09:00,rail-left-01,rail-right-01,0.6.7-draft,0.6.7-draft,mqtt,mqtt,892.54,702.62,6.606,6.343,0.177,0.206,-0.177,-0.117,10.306,9.685,-0.0682,0.0314,0.0378,0.0554,-0.0113,-0.0108,24.99,24.91,16775,18218,2.097,2.277,6.291,6.832,473,473,48,48,0,0,0,0,,,,,,,,,,,,,,,,,0.0,0.0,0,0,1046.2,796.2,0.8477,1.0788,1,1,0
2026-09-28T22:36:15.144871+09:00,62363565,9d29af73,2026-09-28T22:36:15.144871+09:00,2026-09-28T22:36:15.184267+09:00,rail-left-01,rail-right-01,0.6.7-draft,0.6.7-draft,mqtt,mqtt,893.79,703.61,6.595,6.336,-0.032,0.026,-0.008,-0.101,10.357,9.588,-0.0673,0.0342,0.0412,0.056,-0.0075,-0.006,24.98,24.92,16747,18202,2.093,2.275,6.28,6.826,474,474,48,48,0,0,0,0,,,,,,,,,,,,,,,,,0.0,0.0,0,0,1047.2,797.2,0.8477,1.0788,1,1,0
2026-09-28T22:36:15.164844+09:00,62383538,9d29af73,2026-09-28T22:36:15.164844+09:00,2026-09-28T22:36:15.204240+09:00,rail-left-01,rail-right-01,0.6.7-draft,0.6.7-draft,mqtt,mqtt,895.03,704.56,6.575,6.352,0.032,-0.03,0.309,-0.378,10.488,9.754,-0.0678,0.0302,0.0396,0.0569,-0.0085,-0.0048,25.0,24.91,16698,18237,2.087,2.28,6.262,6.839,475,475,48,48,0,0,0,0,,,,,,,,,,,,,,,,,0.0,0.0,0,0,1048.3,798.3,0.8477,1.0788,1,1,0
2026-09-28T22:36:15.184832+09:00,62403526,9d29af73,2026-09-28T22:36:15.184832+09:00,2026-09-28T22:36:15.224228+09:00,rail-left-01,rail-right-01,0.6.7-draft,0.6.7-draft,mqtt,mqtt,896.27,705.55,6.595,6.35,-0.084,-0.075,0.059,-0.359,10.677,9.725,-0.0745,0.0325,0.0377,0.0518,-0.0103,-0.0083,24.98,24.92,16747,18233,2.093,2.279,6.28,6.837,476,476,48,48,0,0,0,0,,,,,,,,,,,,,,,,,0.0,0.0,0,0,1049.3,799.3,0.8477,1.0788,1,1,0
2026-09-28T22:36:15.204857+09:00,62423551,9d29af73,2026-09-28T22:36:15.204857+09:00,2026-09-28T22:36:15.244253+09:00,rail-left-01,rail-right-01,0.6.7-draft,0.6.7-draft,mqtt,mqtt,897.46,706.5,6.618,6.349,0.066,0.144,0.017,-0.152,10.234,9.778,-0.0686,0.0313,0.033,0.0521,-0.0088,-0.004,25.0,24.94,16806,18230,2.101,2.279,6.302,6.836,477,477,48,48,0,0,0,0,,,,,,,,,,,,,,,,,0.0,0.0,0,0,1050.3,800.3,0.8477,1.0788,1,1,0
2026-09-28T22:36:15.224826+09:00,62443520,9d29af73,2026-09-28T22:36:15.224826+09:00,2026-09-28T22:36:15.264222+09:00,rail-left-01,rail-right-01,0.6.7-draft,0.6.7-draft,mqtt,mqtt,898.71,707.44,6.656,6.344,0.019,-0.042,-0.013,-0.287,10.453,9.685,-0.0671,0.0277,0.0376,0.0548,-0.0105,-0.0089,24.98,24.91,16899,18219,2.112,2.277,6.337,6.832,478,478,48,48,0,0,0,0,,,,,,,,,,,,,,,,,0.0,0.0,0,0,1051.4,801.4,0.8477,1.0788,1,1,0
2026-09-28T22:36:15.244754+09:00,62463449,9d29af73,2026-09-28T22:36:15.244754+09:00,2026-09-28T22:36:15.284151+09:00,rail-left-01,rail-right-01,0.6.7-draft,0.6.7-draft,mqtt,mqtt,899.95,708.44,6.637,6.336,-0.013,0.091,0.279,-0.121,10.564,9.657,-0.0679,0.0338,0.0381,0.0569,-0.0108,-0.0079,24.98,24.9,16853,18201,2.107,2.275,6.32,6.825,479,479,48,48,0,0,0,0,,,,,,,,,,,,,,,,,0.0,0.0,0,0,1052.4,802.4,0.8477,1.0788,1,1,0
2026-09-28T22:36:15.264799+09:00,62483493,9d29af73,2026-09-28T22:36:15.264799+09:00,2026-09-28T22:36:15.304195+09:00,rail-left-01,rail-right-01,0.6.7-draft,0.6.7-draft,mqtt,mqtt,901.19,709.38,6.639,6.336,-0.111,-0.026,0.25,-0.225,10.331,9.663,-0.0675,0.0313,0.0402,0.0549,-0.0103,-0.0039,24.99,24.91,16858,18202,2.107,2.275,6.322,6.826,480,480,48,48,0,0,0,0,,,,,,,,,,,,,,,,,0.0,0.0,0,0,1053.5,803.5,0.8477,1.0788,1,1,0
2026-09-28T22:36:15.351453+09:00,62611445,9d29af73,2026-09-28T22:36:15.351453+09:00,2026-09-28T22:36:15.430108+09:00,rail-left-01,rail-right-01,0.6.7-draft,0.6.7-draft,mqtt,mqtt,909.1,715.59,6.636,6.336,-0.049,0.059,-0.128,-0.213,10.42,9.665,-0.0693,0.0313,0.0384,0.0558,-0.0089,-0.0061,24.97,24.93,16850,18202,2.106,2.275,6.319,6.826,481,481,49,49,0,0,0,0,,,,,,,,,,,,,,,,,0.0,0.0,0,0,1060.2,810.2,0.8477,1.0788,1,1,0
2026-09-28T22:36:15.371490+09:00,62631481,9d29af73,2026-09-28T22:36:15.371490+09:00,2026-09-28T22:36:15.450144+09:00,rail-left-01,rail-right-01,0.6.7-draft,0.6.7-draft,mqtt,mqtt,910.34,716.54,6.609,6.401,0.016,-0.012,0.293,-0.341,10.404,9.753,-0.0702,0.0312,0.0388,0.0574,-0.0053,-0.0064,24.99,24.92,16782,18345,2.098,2.293,6.293,6.879,482,482,49,49,0,0,0,0,,,,,,,,,,,,,,,,,0.0,0.0,0,0,1061.3,811.3,0.8477,1.0788,1,1,0
2026-09-28T22:36:15.391632+09:00,62651623,9d29af73,2026-09-28T22:36:15.391632+09:00,2026-09-28T22:36:15.470286+09:00,rail-left-01,rail-right-01,0.6.7-draft,0.6.7-draft,mqtt,mqtt,911.58,717.53,6.594,6.394,-0.005,-0.032,0.12,-0.219,10.739,9.638,-0.0658,0.035,0.0396,0.0577,-0.0077,-0.0079,24.99,24.92,16746,18330,2.093,2.291,6.28,6.874,483,483,49,49,0,0,0,0,,,,,,,,,,,,,,,,,0.0,0.0,0,0,1062.3,812.3,0.8477,1.0788,1,1,0
2026-09-28T22:36:15.411575+09:00,62671566,9d29af73,2026-09-28T22:36:15.411575+09:00,2026-09-28T22:36:15.490229+09:00,rail-left-01,rail-right-01,0.6.7-draft,0.6.7-draft,mqtt,mqtt,912.78,718.48,6.608,6.408,-0.036,-0.014,-0.059,-0.285,10.226,9.644,-0.063,0.0322,0.0372,0.0585,-0.0103,-0.0033,24.99,24.92,16780,18362,2.098,2.295,6.293,6.886,484,484,49,49,0,0,0,0,,,,,,,,,,,,,,,,,0.0,0.0,0,0,1063.3,813.3,0.8477,1.0788,1,1,0
2026-09-28T22:36:15.431691+09:00,62691682,9d29af73,2026-09-28T22:36:15.431691+09:00,2026-09-28T22:36:15.510345+09:00,rail-left-01,rail-right-01,0.6.7-draft,0.6.7-draft,mqtt,mqtt,914.02,719.47,6.596,6.408,-0.007,0.03,0.043,-0.324,10.775,9.798,-0.0666,0.0329,0.0416,0.0545,-0.0079,-0.004,24.98,24.93,16751,18362,2.094,2.295,6.282,6.886,485,485,49,49,0,0,0,0,,,,,,,,,,,,,,,,,0.0,0.0,0,0,1064.4,814.4,0.8477,1.0788,1,1,0
2026-09-28T22:36:15.451482+09:00,62711473,9d29af73,2026-09-28T22:36:15.451482+09:00,2026-09-28T22:36:15.530136+09:00,rail-left-01,rail-right-01,0.6.7-draft,0.6.7-draft,mqtt,mqtt,915.26,720.42,6.616,6.435,0.006,-0.02,0.03,-0.181,10.376,9.705,-0.0632,0.0304,0.039,0.0574,-0.0079,-0.0083,25.02,24.96,16799,18421,2.1,2.303,6.3,6.908,486,486,49,49,0,0,0,0,,,,,,,,,,,,,,,,,0.0,0.0,0,0,1065.4,815.4,0.8477,1.0788,1,1,0
2026-09-28T22:36:15.471645+09:00,62731636,9d29af73,2026-09-28T22:36:15.471645+09:00,2026-09-28T22:36:15.550299+09:00,rail-left-01,rail-right-01,0.6.7-draft,0.6.7-draft,mqtt,mqtt,916.51,721.36,6.619,6.437,0.14,0.096,0.11,-0.289,10.502,9.74,-0.0646,0.0352,0.0425,0.0576,-0.0061,-0.0092,24.99,24.93,16808,18426,2.101,2.303,6.303,6.91,487,487,49,49,0,0,0,0,,,,,,,,,,,,,,,,,0.0,0.0,0,0,1066.5,816.5,0.8477,1.0788,1,1,0
2026-09-28T22:36:15.491612+09:00,62751603,9d29af73,2026-09-28T22:36:15.491612+09:00,2026-09-28T22:36:15.570266+09:00,rail-left-01,rail-right-01,0.6.7-draft,0.6.7-draft,mqtt,mqtt,917.7,722.36,6.612,6.453,-0.116,-0.092,0.061,-0.344,10.501,9.661,-0.0638,0.036,0.0426,0.0592,-0.006,-0.0035,24.97,24.91,16790,18460,2.099,2.308,6.296,6.923,488,488,49,49,0,0,0,0,,,,,,,,,,,,,,,,,0.0,0.0,0,0,1067.5,817.5,0.8477,1.0788,1,1,0
2026-09-28T22:36:15.511552+09:00,62771543,9d29af73,2026-09-28T22:36:15.511552+09:00,2026-09-28T22:36:15.590206+09:00,rail-left-01,rail-right-01,0.6.7-draft,0.6.7-draft,mqtt,mqtt,918.94,723.3,6.595,6.449,0.002,0.059,-0.105,-0.232,10.42,9.585,-0.0648,0.0297,0.0382,0.0565,-0.0095,-0.0088,25.01,24.94,16749,18453,2.094,2.307,6.281,6.92,489,489,49,49,0,0,0,0,,,,,,,,,,,,,,,,,0.0,0.0,0,0,1068.5,818.5,0.8477,1.0788,1,1,0
2026-09-28T22:36:15.531598+09:00,62791589,9d29af73,2026-09-28T22:36:15.531598+09:00,2026-09-28T22:36:15.610252+09:00,rail-left-01,rail-right-01,0.6.7-draft,0.6.7-draft,mqtt,mqtt,920.19,724.25,6.593,6.455,0.028,0.022,0.074,-0.227,10.396,9.574,-0.0665,0.0346,0.0408,0.061,-0.008,-0.0081,25.01,24.91,16742,18466,2.093,2.308,6.278,6.925,490,490,49,49,0,0,0,0,,,,,,,,,,,,,,,,,0.0,0.0,0,0,1069.6,819.6,0.8477,1.0788,1,1,0
2026-09-28T22:36:15.698474+09:00,62919401,9d29af73,2026-09-28T22:36:15.698474+09:00,2026-09-28T22:36:15.741692+09:00,rail-left-01,rail-right-01,0.6.7-draft,0.6.7-draft,mqtt,mqtt,928.04,730.41,6.591,6.457,0.111,0.045,-0.08,-0.132,10.326,9.754,-0.0645,0.0322,0.0404,0.059,-0.0076,-0.01,24.98,24.92,16738,18471,2.092,2.309,6.277,6.927,491,491,50,50,0,0,0,0,,,,,,,,,,,,,,,,,0.0,0.0,0,0,1076.3,826.3,0.8477,1.0788,1,1,0
2026-09-28T22:36:15.718671+09:00,62939598,9d29af73,2026-09-28T22:36:15.718671+09:00,2026-09-28T22:36:15.761890+09:00,rail-left-01,rail-right-01,0.6.7-draft,0.6.7-draft,mqtt,mqtt,929.28,731.41,6.555,6.53,-0.12,-0.06,0.275,-0.322,10.555,9.628,-0.0675,0.0377,0.0392,0.0549,-0.0065,-0.0051,24.99,24.92,16648,18632,2.081,2.329,6.243,6.987,492,492,50,50,0,0,0,0,,,,,,,,,,,,,,,,,0.0,0.0,0,0,1077.3,827.3,0.8477,1.0788,1,1,0
2026-09-28T22:36:15.738619+09:00,62959546,9d29af73,2026-09-28T22:36:15.738619+09:00,2026-09-28T22:36:15.781838+09:00,rail-left-01,rail-right-01,0.6.7-draft,0.6.7-draft,mqtt,mqtt,930.48,732.35,6.566,6.526,0.037,0.055,0.108,-0.062,10.376,9.746,-0.0633,0.0329,0.0358,0.0557,-0.0067,-0.0076,24.97,24.94,16675,18623,2.084,2.328,6.253,6.984,493,493,50,50,0,0,0,0,,,,,,,,,,,,,,,,,0.0,0.0,0,0,1078.3,828.3,0.8477,1.0788,1,1,0
2026-09-28T22:36:15.758565+09:00,62979492,9d29af73,2026-09-28T22:36:15.758565+09:00,2026-09-28T22:36:15.801784+09:00,rail-left-01,rail-right-01,0.6.7-draft,0.6.7-draft,mqtt,mqtt,931.72,733.34,6.554,6.527,0.196,0.147,0.181,-0.348,10.272,9.77,-0.0699,0.0384,0.0405,0.0578,-0.0061,-0.0057,25.0,24.92,16647,18625,2.081,2.328,6.243,6.984,494,494,50,50,0,0,0,0,,,,,,,,,,,,,,,,,0.0,0.0,0,0,1079.4,829.4,0.8477,1.0788,1,1,0
2026-09-28T22:36:15.778614+09:00,62999541,9d29af73,2026-09-28T22:36:15.778614+09:00,2026-09-28T22:36:15.821833+09:00,rail-left-01,rail-right-01,0.6.7-draft,0.6.7-draft,mqtt,mqtt,932.96,734.29,6.559,6.521,-0.097,-0.127,0.089,-0.172,10.323,9.73,-0.0669,0.0362,0.0381,0.054,-0.004,-0.0053,25.0,24.94,16659,18613,2.082,2.327,6.247,6.98,495,495,50,50,0,0,0,0,,,,,,,,,,,,,,,,,0.0,0.0,0,0,1080.4,830.4,0.8477,1.0788,1,1,0
2026-09-28T22:36:15.798604+09:00,63019531,9d29af73,2026-09-28T22:36:15.798604+09:00,2026-09-28T22:36:15.841822+09:00,rail-left-01,rail-right-01,0.6.7-draft,0.6.7-draft,mqtt,mqtt,934.16,735.28,6.572,6.532,0.16,0.211,0.079,-0.196,10.336,9.57,-0.0638,0.0352,0.0393,0.057,-0.0079,-0.0029,24.99,24.91,16690,18636,2.086,2.33,6.259,6.989,496,496,50,50,0,0,0,0,,,,,,,,,,,,,,,,,0.0,0.0,0,0,1081.4,831.4,0.8477,1.0788,1,1,0
2026-09-28T22:36:15.818605+09:00,63039532,9d29af73,2026-09-28T22:36:15.818605+09:00,2026-09-28T22:36:15.861824+09:00,rail-left-01,rail-right-01,0.6.7-draft,0.6.7-draft,mqtt,mqtt,935.4,736.23,6.561,6.529,-0.164,-0.144,0.122,-0.312,10.685,9.662,-0.0638,0.0324,0.0385,0.054,-0.0077,-0.0073,24.99,24.9,16663,18629,2.083,2.329,6.249,6.986,497,497,50,50,0,0,0,0,,,,,,,,,,,,,,,,,0.0,0.0,0,0,1082.5,832.5,0.8477,1.0788,1,1,0
2026-09-28T22:36:15.838534+09:00,63059461,9d29af73,2026-09-28T22:36:15.838534+09:00,2026-09-28T22:36:15.881753+09:00,rail-left-01,rail-right-01,0.6.7-draft,0.6.7-draft,mqtt,mqtt,936.59,737.17,6.576,6.519,0.158,0.124,0.133,-0.206,10.496,9.706,-0.0636,0.0336,0.0345,0.0556,-0.0063,-0.0033,24.98,24.94,16700,18607,2.088,2.326,6.263,6.978,498,498,50,50,0,0,0,0,,,,,,,,,,,,,,,,,0.0,0.0,0,0,1083.5,833.5,0.8477,1.0788,1,1,0
2026-09-28T22:36:15.858509+09:00,63079436,9d29af73,2026-09-28T22:36:15.858509+09:00,2026-09-28T22:36:15.901728+09:00,rail-left-01,rail-right-01,0.6.7-draft,0.6.7-draft,mqtt,mqtt,937.84,738.17,6.579,6.49,-0.121,-0.08,-0.056,-0.107,10.432,9.707,-0.0638,0.0377,0.0364,0.0549,-0.0053,-0.0053,24.98,24.92,16708,18543,2.089,2.318,6.266,6.954,499,499,50,50,0,0,0,0,,,,,,,,,,,,,,,,,0.0,0.0,0,0,1084.6,834.6,0.8477,1.0788,1,1,0
2026-09-28T22:36:15.879560+09:00,63100487,9d29af73,2026-09-28T22:36:15.879560+09:00,2026-09-28T22:36:15.922779+09:00,rail-left-01,rail-right-01,0.6.7-draft,0.6.7-draft,mqtt,mqtt,939.13,739.16,6.574,6.462,0.086,0.15,0.059,-0.074,10.296,9.724,-0.067,0.0377,0.0322,0.0509,-0.0051,-0.0023,24.99,24.92,16696,18480,2.087,2.31,6.261,6.93,500,500,50,50,0,0,0,0,,,,,,,,,,,,,,,,,0.0,0.0,0,0,1085.7,835.7,0.8477,1.0788,1,1,0
2026-09-28T22:36:15.985984+09:00,63231457,9d29af73,2026-09-28T22:36:15.985984+09:00,2026-09-28T22:36:16.025870+09:00,rail-left-01,rail-right-01,0.6.7-draft,0.6.7-draft,mqtt,mqtt,947.18,745.53,6.577,6.444,0.035,0.063,0.245,-0.28,10.476,9.597,-0.0645,0.0305,0.0398,0.0577,-0.008,-0.0072,24.99,24.93,16703,18442,2.088,2.305,6.264,6.916,501,501,51,51,0,0,0,0,,,,,,,,,,,,,,,,,0.0,0.0,0,0,1092.5,842.5,0.8477,1.0788,1,1,0
2026-09-28T22:36:16.006190+09:00,63251663,9d29af73,2026-09-28T22:36:16.006190+09:00,2026-09-28T22:36:16.046076+09:00,rail-left-01,rail-right-01,0.6.7-draft,0.6.7-draft,mqtt,mqtt,948.43,746.47,6.615,6.411,-0.014,0.017,0.016,-0.235,10.55,9.746,-0.0648,0.0302,0.0326,0.0528,-0.0092,-0.0052,24.97,24.92,16797,18367,2.1,2.296,6.299,6.888,502,502,51,51,0,0,0,0,,,,,,,,,,,,,,,,,0.0,0.0,0,0,1093.5,843.5,0.8477,1.0788,1,1,0
2026-09-28T22:36:16.026136+09:00,63271609,9d29af73,2026-09-28T22:36:16.026136+09:00,2026-09-28T22:36:16.066022+09:00,rail-left-01,rail-right-01,0.6.7-draft,0.6.7-draft,mqtt,mqtt,949.67,747.46,6.632,6.393,0.084,0.069,-0.217,-0.268,10.417,9.9,-0.0658,0.03,0.0382,0.0588,-0.0099,-0.0089,24.99,24.92,16840,18329,2.105,2.291,6.315,6.873,503,503,51,51,0,0,0,0,,,,,,,,,,,,,,,,,0.0,0.0,0,0,1094.6,844.6,0.8477,1.0788,1,1,0
2026-09-28T22:36:16.046096+09:00,63291569,9d29af73,2026-09-28T22:36:16.046096+09:00,2026-09-28T22:36:16.085982+09:00,rail-left-01,rail-right-01,0.6.7-draft,0.6.7-draft,mqtt,mqtt,950.91,748.41,6.621,6.394,0.014,0.026,0.02,-0.312,10.585,9.738,-0.0685,0.0286,0.04,0.054,-0.0057,-0.006,24.97,24.91,16812,18330,2.102,2.291,6.305,6.874,504,504,51,51,0,0,0,0,,,,,,,,,,,,,,,,,0.0,0.0,0,0,1095.6,845.6,0.8477,1.0788,1,1,0
2026-09-28T22:36:16.066334+09:00,63311807,9d29af73,2026-09-28T22:36:16.066334+09:00,2026-09-28T22:36:16.106220+09:00,rail-left-01,rail-right-01,0.6.7-draft,0.6.7-draft,mqtt,mqtt,952.15,749.4,6.631,6.375,-0.03,-0.148,0.122,-0.206,10.375,9.7,-0.0644,0.0282,0.0352,0.0514,-0.0004,-0.0044,24.99,24.92,16837,18289,2.105,2.286,6.314,6.858,505,505,51,51,0,0,0,0,,,,,,,,,,,,,,,,,0.0,0.0,0,0,1096.7,846.7,0.8477,1.0788,1,1,0
2026-09-28T22:36:16.086355+09:00,63331828,9d29af73,2026-09-28T22:36:16.086355+09:00,2026-09-28T22:36:16.126241+09:00,rail-left-01,rail-right-01,0.6.7-draft,0.6.7-draft,mqtt,mqtt,953.4,750.35,6.628,6.335,0.14,0.212,-0.089,-0.266,10.465,9.515,-0.0632,0.028,0.035,0.0486,-0.0012,0.0003,24.99,24.91,16831,18200,2.104,2.275,6.312,6.825,506,506,51,51,0,0,0,0,,,,,,,,,,,,,,,,,0.0,0.0,0,0,1097.8,847.8,0.8477,1.0788,1,1,0
2026-09-28T22:36:16.106012+09:00,63351485,9d29af73,2026-09-28T22:36:16.106012+09:00,2026-09-28T22:36:16.145898+09:00,rail-left-01,rail-right-01,0.6.7-draft,0.6.7-draft,mqtt,mqtt,954.59,751.29,6.618,6.298,-0.102,-0.124,0.02,-0.283,10.458,9.562,-0.0669,0.023,0.0357,0.0552,-0.0055,-0.0043,24.99,24.93,16805,18117,2.101,2.265,6.302,6.794,507,507,51,51,0,0,0,0,,,,,,,,,,,,,,,,,0.0,0.0,0,0,1098.8,848.8,0.8477,1.0788,1,1,0
2026-09-28T22:36:16.126111+09:00,63371584,9d29af73,2026-09-28T22:36:16.126111+09:00,2026-09-28T22:36:16.165997+09:00,rail-left-01,rail-right-01,0.6.7-draft,0.6.7-draft,mqtt,mqtt,955.83,752.29,6.622,6.247,0.233,0.189,-0.211,-0.086,10.372,9.816,-0.0602,0.0302,0.0312,0.0505,-0.0073,-0.0057,24.97,24.91,16815,18003,2.102,2.25,6.306,6.751,508,508,51,51,0,0,0,0,,,,,,,,,,,,,,,,,0.0,0.0,0,0,1099.8,849.8,0.8477,1.0788,1,1,0
2026-09-28T22:36:16.146103+09:00,63391576,9d29af73,2026-09-28T22:36:16.146103+09:00,2026-09-28T22:36:16.185989+09:00,rail-left-01,rail-right-01,0.6.7-draft,0.6.7-draft,mqtt,mqtt,957.08,753.23,6.626,6.222,-0.059,-0.159,0.172,-0.165,10.502,9.911,-0.0584,0.0333,0.0365,0.0588,-0.0071,-0.0085,24.97,24.92,16826,17949,2.103,2.244,6.31,6.731,509,509,51,51,0,0,0,0,,,,,,,,,,,,,,,,,0.0,0.0,0,0,1100.9,850.9,0.8477,1.0788,1,1,0
2026-09-28T22:36:16.166176+09:00,63411649,9d29af73,2026-09-28T22:36:16.166176+09:00,2026-09-28T22:36:16.206062+09:00,rail-left-01,rail-right-01,0.6.7-draft,0.6.7-draft,mqtt,mqtt,958.32,754.23,6.659,6.214,0.095,0.132,0.183,-0.09,10.375,9.64,-0.0576,0.0385,0.031,0.0462,-0.0049,-0.0003,24.99,24.94,16908,17930,2.114,2.241,6.341,6.724,510,510,51,51,0,0,0,0,,,,,,,,,,,,,,,,,0.0,0.0,0,0,1101.9,851.9,0.8477,1.0788,1,1,0
2026-09-28T22:36:16.259340+09:00,63523461,9d29af73,2026-09-28T22:36:16.259340+09:00,2026-09-28T22:36:16.300549+09:00,rail-left-01,rail-right-01,0.6.7-draft,0.6.7-draft,mqtt,mqtt,965.23,759.6,6.686,6.197,0.105,0.119,-0.119,-0.344,10.41,9.592,-0.0613,0.0338,0.0381,0.053,0.0,0.0016,24.97,24.89,16974,17894,2.122,2.237,6.365,6.71,511,511,52,52,0,0,0,0,,,,,,,,,,,,,,,,,0.0,0.0,0,0,1107.8,857.8,0.8477,1.0788,1,1,0
2026-09-28T22:36:16.279703+09:00,63543824,9d29af73,2026-09-28T22:36:16.279703+09:00,2026-09-28T22:36:16.320912+09:00,rail-left-01,rail-right-01,0.6.7-draft,0.6.7-draft,mqtt,mqtt,966.47,760.59,6.74,6.217,0.011,-0.048,-0.019,-0.16,10.55,9.798,-0.0606,0.0294,0.0398,0.0621,-0.0087,-0.008,24.99,24.91,17109,17937,2.139,2.242,6.416,6.726,512,512,52,52,0,0,0,0,,,,,,,,,,,,,,,,,0.0,0.0,0,0,1108.8,858.8,0.8477,1.0788,1,1,0
2026-09-28T22:36:16.299418+09:00,63563539,9d29af73,2026-09-28T22:36:16.299418+09:00,2026-09-28T22:36:16.340627+09:00,rail-left-01,rail-right-01,0.6.7-draft,0.6.7-draft,mqtt,mqtt,967.67,761.53,6.75,6.21,-0.097,0.028,0.189,-0.059,10.543,10.066,-0.0657,0.0305,0.0325,0.052,-0.0103,-0.002,24.98,24.94,17134,17921,2.142,2.24,6.425,6.72,513,513,52,52,0,0,0,0,,,,,,,,,,,,,,,,,0.0,0.0,0,0,1109.9,859.9,0.8477,1.0788,1,1,0
2026-09-28T22:36:16.319400+09:00,63583522,9d29af73,2026-09-28T22:36:16.319400+09:00,2026-09-28T22:36:16.360610+09:00,rail-left-01,rail-right-01,0.6.7-draft,0.6.7-draft,mqtt,mqtt,968.91,762.53,6.75,6.218,0.071,-0.024,0.163,-0.302,10.625,9.893,-0.0658,0.0302,0.0408,0.0649,-0.0112,-0.0105,24.97,24.91,17133,17940,2.142,2.243,6.425,6.727,514,514,52,52,0,0,0,0,,,,,,,,,,,,,,,,,0.0,0.0,0,0,1110.9,860.9,0.8477,1.0788,1,1,0
2026-09-28T22:36:16.340140+09:00,63604261,9d29af73,2026-09-28T22:36:16.340140+09:00,2026-09-28T22:36:16.381349+09:00,rail-left-01,rail-right-01,0.6.7-draft,0.6.7-draft,mqtt,mqtt,970.2,763.52,6.779,6.233,-0.031,-0.017,0.041,-0.129,10.499,9.676,-0.0706,0.0324,0.0309,0.0492,-0.0044,0.0016,25.02,24.92,17205,17972,2.151,2.247,6.452,6.74,515,515,52,52,0,0,0,0,,,,,,,,,,,,,,,,,0.0,0.0,0,0,1112.0,862.0,0.8477,1.0788,1,1,0
2026-09-28T22:36:16.360135+09:00,63624256,9d29af73,2026-09-28T22:36:16.360135+09:00,2026-09-28T22:36:16.401344+09:00,rail-left-01,rail-right-01,0.6.7-draft,0.6.7-draft,mqtt,mqtt,971.45,764.47,6.821,6.251,0.055,0.074,0.072,-0.557,10.362,9.432,-0.0662,0.035,0.0405,0.0553,-0.0088,-0.0028,24.97,24.94,17310,18013,2.164,2.252,6.491,6.755,516,516,52,52,0,0,0,0,,,,,,,,,,,,,,,,,0.0,0.0,0,0,1113.1,863.1,0.8477,1.0788,1,1,0
2026-09-28T22:36:16.379505+09:00,63643626,9d29af73,2026-09-28T22:36:16.379505+09:00,2026-09-28T22:36:16.420714+09:00,rail-left-01,rail-right-01,0.6.7-draft,0.6.7-draft,mqtt,mqtt,972.64,765.41,6.839,6.251,-0.019,0.016,-0.111,-0.115,10.382,9.808,-0.0673,0.031,0.0337,0.0534,-0.0072,-0.0007,24.99,24.94,17356,18012,2.17,2.252,6.509,6.755,517,517,52,52,0,0,0,0,,,,,,,,,,,,,,,,,0.0,0.0,0,0,1114.1,864.1,0.8477,1.0788,1,1,0
2026-09-28T22:36:16.399406+09:00,63663527,9d29af73,2026-09-28T22:36:16.399406+09:00,2026-09-28T22:36:16.440615+09:00,rail-left-01,rail-right-01,0.6.7-draft,0.6.7-draft,mqtt,mqtt,973.83,766.36,6.836,6.246,0.087,0.04,0.169,-0.378,10.357,9.747,-0.0626,0.029,0.0346,0.0529,-0.0076,-0.0047,24.97,24.92,17347,18002,2.168,2.25,6.505,6.751,518,518,52,52,0,0,0,0,,,,,,,,,,,,,,,,,0.0,0.0,0,0,1115.1,865.1,0.8477,1.0788,1,1,0
2026-09-28T22:36:16.419352+09:00,63683473,9d29af73,2026-09-28T22:36:16.419352+09:00,2026-09-28T22:36:16.460561+09:00,rail-left-01,rail-right-01,0.6.7-draft,0.6.7-draft,mqtt,mqtt,975.07,767.35,6.841,6.23,0.037,0.01,-0.06,-0.314,10.49,9.633,-0.0645,0.0246,0.036,0.0552,-0.0063,-0.0047,24.99,24.92,17360,17966,2.17,2.246,6.51,6.737,519,519,52,52,0,0,0,0,,,,,,,,,,,,,,,,,0.0,0.0,0,0,1116.1,866.1,0.8477,1.0788,1,1,0
2026-09-28T22:36:16.439587+09:00,63703708,9d29af73,2026-09-28T22:36:16.439587+09:00,2026-09-28T22:36:16.480796+09:00,rail-left-01,rail-right-01,0.6.7-draft,0.6.7-draft,mqtt,mqtt,976.32,768.3,6.83,6.19,0.123,0.214,-0.054,0.068,10.463,10.323,-0.0699,0.0305,0.0333,0.0512,-0.0051,-0.0051,25.01,24.93,17334,17878,2.167,2.235,6.5,6.704,520,520,52,52,0,0,0,0,,,,,,,,,,,,,,,,,0.0,0.0,0,0,1117.2,867.2,0.8477,1.0788,1,1,0
2026-09-28T22:36:16.527205+09:00,63788411,9d29af73,2026-09-28T22:36:16.527205+09:00,2026-09-28T22:36:16.619082+09:00,rail-left-01,rail-right-01,0.6.7-draft,0.6.7-draft,mqtt,mqtt,981.54,772.42,6.833,6.193,-0.045,-0.068,0.151,-0.345,10.511,9.695,-0.0605,0.0316,0.0384,0.0536,-0.0064,-0.0037,24.99,24.9,17340,17884,2.168,2.236,6.503,6.707,521,521,53,53,0,0,0,0,,,,,,,,,,,,,,,,,0.0,0.0,0,0,1121.6,871.6,0.8477,1.0788,1,1,0
2026-09-28T22:36:16.547395+09:00,63808601,9d29af73,2026-09-28T22:36:16.547395+09:00,2026-09-28T22:36:16.639272+09:00,rail-left-01,rail-right-01,0.6.7-draft,0.6.7-draft,mqtt,mqtt,982.78,773.37,6.8,6.233,0.023,0.019,-0.011,-0.447,10.427,9.549,-0.0649,0.0282,0.0426,0.0638,-0.0075,-0.0087,25.01,24.91,17257,17974,2.157,2.247,6.471,6.74,522,522,53,53,0,0,0,0,,,,,,,,,,,,,,,,,0.0,0.0,0,0,1122.7,872.7,0.8477,1.0788,1,1,0
2026-09-28T22:36:16.567353+09:00,63828558,9d29af73,2026-09-28T22:36:16.567353+09:00,2026-09-28T22:36:16.659229+09:00,rail-left-01,rail-right-01,0.6.7-draft,0.6.7-draft,mqtt,mqtt,983.97,774.31,6.786,6.249,-0.048,-0.054,0.055,-0.277,10.424,9.725,-0.0648,0.03,0.0402,0.058,-0.006,0.0051,24.98,24.9,17223,18008,2.153,2.251,6.459,6.753,523,523,53,53,0,0,0,0,,,,,,,,,,,,,,,,,0.0,0.0,0,0,1123.7,873.7,0.8477,1.0788,1,1,0
2026-09-28T22:36:16.587429+09:00,63848635,9d29af73,2026-09-28T22:36:16.587429+09:00,2026-09-28T22:36:16.679306+09:00,rail-left-01,rail-right-01,0.6.7-draft,0.6.7-draft,mqtt,mqtt,985.22,775.31,6.764,6.254,0.195,0.218,0.01,-0.194,10.506,9.54,-0.0638,0.0332,0.042,0.0542,-0.0043,0.0063,24.98,24.92,17168,18020,2.146,2.253,6.438,6.758,524,524,53,53,0,0,0,0,,,,,,,,,,,,,,,,,0.0,0.0,0,0,1124.7,874.7,0.8477,1.0788,1,1,0
2026-09-28T22:36:16.607475+09:00,63868681,9d29af73,2026-09-28T22:36:16.607475+09:00,2026-09-28T22:36:16.699352+09:00,rail-left-01,rail-right-01,0.6.7-draft,0.6.7-draft,mqtt,mqtt,986.46,776.3,6.765,6.257,-0.119,-0.141,0.011,-0.399,10.258,9.692,-0.0646,0.0294,0.0402,0.0588,-0.0041,-0.0011,25.02,24.91,17172,18027,2.147,2.253,6.44,6.76,525,525,53,53,0,0,0,0,,,,,,,,,,,,,,,,,0.0,0.0,0,0,1125.8,875.8,0.8477,1.0788,1,1,0
2026-09-28T22:36:16.627488+09:00,63888693,9d29af73,2026-09-28T22:36:16.627488+09:00,2026-09-28T22:36:16.719364+09:00,rail-left-01,rail-right-01,0.6.7-draft,0.6.7-draft,mqtt,mqtt,987.7,777.25,6.726,6.25,-0.025,0.041,0.114,-0.36,10.886,9.687,-0.0673,0.0349,0.0424,0.0532,-0.0029,0.0035,25.0,24.93,17073,18011,2.134,2.251,6.402,6.754,526,526,53,53,0,0,0,0,,,,,,,,,,,,,,,,,0.0,0.0,0,0,1126.8,876.8,0.8477,1.0788,1,1,0
2026-09-28T22:36:16.647269+09:00,63908475,9d29af73,2026-09-28T22:36:16.647269+09:00,2026-09-28T22:36:16.739146+09:00,rail-left-01,rail-right-01,0.6.7-draft,0.6.7-draft,mqtt,mqtt,988.9,778.19,6.737,6.252,0.056,0.0,-0.069,-0.114,10.226,9.765,-0.0662,0.0329,0.042,0.0586,-0.0091,-0.0072,24.99,24.92,17101,18014,2.138,2.252,6.413,6.755,527,527,53,53,0,0,0,0,,,,,,,,,,,,,,,,,0.0,0.0,0,0,1127.9,877.9,0.8477,1.0788,1,1,0
2026-09-28T22:36:16.667237+09:00,63928443,9d29af73,2026-09-28T22:36:16.667237+09:00,2026-09-28T22:36:16.759114+09:00,rail-left-01,rail-right-01,0.6.7-draft,0.6.7-draft,mqtt,mqtt,990.14,779.18,6.707,6.248,-0.028,-0.014,0.253,-0.087,10.651,9.758,-0.0636,0.0324,0.046,0.0561,-0.0021,-0.0032,24.98,24.91,17026,18006,2.128,2.251,6.385,6.752,528,528,53,53,0,0,0,0,,,,,,,,,,,,,,,,,0.0,0.0,0,0,1128.9,878.9,0.8477,1.0788,1,1,0
2026-09-28T22:36:16.687230+09:00,63948435,9d29af73,2026-09-28T22:36:16.687230+09:00,2026-09-28T22:36:16.779106+09:00,rail-left-01,rail-right-01,0.6.7-draft,0.6.7-draft,mqtt,mqtt,991.38,780.13,6.683,6.267,0.031,0.098,0.03,-0.26,10.581,9.796,-0.0648,0.029,0.0414,0.0549,-0.0083,-0.0097,24.98,24.92,16966,18049,2.121,2.256,6.362,6.768,529,529,53,53,0,0,0,0,,,,,,,,,,,,,,,,,0.0,0.0,0,0,1130.0,880.0,0.8477,1.0788,1,1,0
2026-09-28T22:36:16.707313+09:00,63968518,9d29af73,2026-09-28T22:36:16.707313+09:00,2026-09-28T22:36:16.799189+09:00,rail-left-01,rail-right-01,0.6.7-draft,0.6.7-draft,mqtt,mqtt,992.63,781.12,6.674,6.28,-0.121,-0.156,0.152,-0.211,10.354,9.595,-0.0602,0.0316,0.0408,0.0557,-0.0057,-0.0056,24.99,24.92,16944,18078,2.118,2.26,6.354,6.779,530,530,53,53,0,0,0,0,,,,,,,,,,,,,,,,,0.0,0.0,0,0,1131.0,881.0,0.8477,1.0788,1,1,0
2026-09-28T22:36:16.850515+09:00,64106445,9d29af73,2026-09-28T22:36:16.850515+09:00,2026-09-28T22:36:16.938720+09:00,rail-left-01,rail-right-01,0.6.7-draft,0.6.7-draft,mqtt,mqtt,1001.13,787.79,6.67,6.283,-0.018,-0.013,0.302,-0.123,10.204,9.475,-0.0673,0.0293,0.0409,0.053,-0.0036,-0.0047,25.01,24.92,16935,18084,2.117,2.261,6.351,6.782,531,531,54,54,0,0,0,0,,,,,,,,,,,,,,,,,0.0,0.0,0,0,1138.2,888.2,0.8477,1.0788,1,1,0
2026-09-28T22:36:16.870677+09:00,64126607,9d29af73,2026-09-28T22:36:16.870677+09:00,2026-09-28T22:36:16.958882+09:00,rail-left-01,rail-right-01,0.6.7-draft,0.6.7-draft,mqtt,mqtt,1002.37,788.73,6.574,6.375,0.097,0.081,0.236,-0.521,10.455,9.859,-0.0584,0.0312,0.0413,0.0612,-0.0084,-0.0079,24.98,24.93,16696,18288,2.087,2.286,6.261,6.858,532,532,54,54,0,0,0,0,,,,,,,,,,,,,,,,,0.0,0.0,0,0,1139.3,889.3,0.8477,1.0788,1,1,0
2026-09-28T22:36:16.890633+09:00,64146563,9d29af73,2026-09-28T22:36:16.890633+09:00,2026-09-28T22:36:16.978838+09:00,rail-left-01,rail-right-01,0.6.7-draft,0.6.7-draft,mqtt,mqtt,1003.61,789.72,6.584,6.394,0.093,0.008,-0.141,0.011,10.521,9.876,-0.0641,0.0354,0.0362,0.0566,-0.0045,0.0027,24.97,24.92,16721,18330,2.09,2.291,6.27,6.874,533,533,54,54,0,0,0,0,,,,,,,,,,,,,,,,,0.0,0.0,0,0,1140.3,890.3,0.8477,1.0788,1,1,0
2026-09-28T22:36:16.910695+09:00,64166625,9d29af73,2026-09-28T22:36:16.910695+09:00,2026-09-28T22:36:16.998900+09:00,rail-left-01,rail-right-01,0.6.7-draft,0.6.7-draft,mqtt,mqtt,1004.81,790.67,6.577,6.401,0.115,0.083,-0.002,-0.3,10.502,10.125,-0.06,0.0348,0.0421,0.0588,-0.0129,-0.0037,24.99,24.92,16704,18345,2.088,2.293,6.264,6.879,534,534,54,54,0,0,0,0,,,,,,,,,,,,,,,,,0.0,0.0,0,0,1141.3,891.3,0.8477,1.0788,1,1,0
2026-09-28T22:36:16.930765+09:00,64186695,9d29af73,2026-09-28T22:36:16.930765+09:00,2026-09-28T22:36:17.018970+09:00,rail-left-01,rail-right-01,0.6.7-draft,0.6.7-draft,mqtt,mqtt,1006.05,791.66,6.569,6.414,0.0,-0.034,-0.081,-0.044,10.467,9.663,-0.0679,0.0289,0.0418,0.0538,-0.0048,-0.002,24.98,24.92,16684,18375,2.086,2.297,6.257,6.891,535,535,54,54,0,0,0,0,,,,,,,,,,,,,,,,,0.0,0.0,0,0,1142.4,892.4,0.8477,1.0788,1,1,0
2026-09-28T22:36:16.950781+09:00,64206711,9d29af73,2026-09-28T22:36:16.950781+09:00,2026-09-28T22:36:17.038986+09:00,rail-left-01,rail-right-01,0.6.7-draft,0.6.7-draft,mqtt,mqtt,1007.29,792.61,6.561,6.434,0.127,0.104,0.265,-0.518,10.506,9.578,-0.0645,0.0352,0.0433,0.0553,-0.0088,-0.0084,24.97,24.92,16662,18420,2.083,2.303,6.248,6.908,536,536,54,54,0,0,0,0,,,,,,,,,,,,,,,,,0.0,0.0,0,0,1143.4,893.4,0.8477,1.0788,1,1,0
2026-09-28T22:36:16.970552+09:00,64226482,9d29af73,2026-09-28T22:36:16.970552+09:00,2026-09-28T22:36:17.058757+09:00,rail-left-01,rail-right-01,0.6.7-draft,0.6.7-draft,mqtt,mqtt,1008.53,793.55,6.575,6.448,-0.018,0.012,-0.199,-0.249,10.137,9.668,-0.0646,0.0298,0.042,0.0588,-0.0065,-0.0012,24.98,24.92,16697,18450,2.087,2.306,6.261,6.919,537,537,54,54,0,0,0,0,,,,,,,,,,,,,,,,,0.0,0.0,0,0,1144.5,894.5,0.8477,1.0788,1,1,0
2026-09-28T22:36:16.990694+09:00,64246624,9d29af73,2026-09-28T22:36:16.990694+09:00,2026-09-28T22:36:17.078899+09:00,rail-left-01,rail-right-01,0.6.7-draft,0.6.7-draft,mqtt,mqtt,1009.78,794.55,6.551,6.462,0.053,-0.022,0.25,-0.28,10.76,9.855,-0.0626,0.0345,0.0446,0.0589,-0.008,-0.0016,24.98,24.94,16638,18481,2.08,2.31,6.239,6.93,538,538,54,54,0,0,0,0,,,,,,,,,,,,,,,,,0.0,0.0,0,0,1145.6,895.6,0.8477,1.0788,1,1,0
2026-09-28T22:36:17.010576+09:00,64266506,9d29af73,2026-09-28T22:36:17.010576+09:00,2026-09-28T22:36:17.098781+09:00,rail-left-01,rail-right-01,0.6.7-draft,0.6.7-draft,mqtt,mqtt,1010.97,795.49,6.529,6.476,0.029,0.079,0.095,0.038,10.418,9.924,-0.0625,0.0316,0.0402,0.0557,-0.0112,-0.0073,24.99,24.92,16584,18511,2.073,2.314,6.219,6.942,539,539,54,54,0,0,0,0,,,,,,,,,,,,,,,,,0.0,0.0,0,0,1146.6,896.6,0.8477,1.0788,1,1,0
2026-09-28T22:36:17.030657+09:00,64286587,9d29af73,2026-09-28T22:36:17.030657+09:00,2026-09-28T22:36:17.118862+09:00,rail-left-01,rail-right-01,0.6.7-draft,0.6.7-draft,mqtt,mqtt,1012.21,796.44,6.509,6.477,0.067,-0.017,0.063,-0.318,10.579,9.706,-0.0678,0.0304,0.0396,0.0561,-0.0089,-0.0053,24.98,24.91,16534,18515,2.067,2.314,6.2,6.943,540,540,54,54,0,0,0,0,,,,,,,,,,,,,,,,,0.0,0.0,0,0,1147.6,897.6,0.8477,1.0788,1,1,0
2026-09-28T22:36:17.161734+09:00,64427445,9d29af73,2026-09-28T22:36:17.161734+09:00,2026-09-28T22:36:17.205649+09:00,rail-left-01,rail-right-01,0.6.7-draft,0.6.7-draft,mqtt,mqtt,1020.96,803.25,6.508,6.479,0.035,-0.016,0.172,-0.241,10.376,9.564,-0.0655,0.033,0.0396,0.0558,-0.0079,-0.0069,24.97,24.89,16531,18519,2.066,2.315,6.199,6.945,541,541,55,55,0,0,0,0,,,,,,,,,,,,,,,,,0.0,0.0,0,0,1155.0,905.0,0.8477,1.0788,1,1,0
2026-09-28T22:36:17.181867+09:00,64447578,9d29af73,2026-09-28T22:36:17.181867+09:00,2026-09-28T22:36:17.225782+09:00,rail-left-01,rail-right-01,0.6.7-draft,0.6.7-draft,mqtt,mqtt,1022.21,804.19,6.473,6.553,0.032,0.048,0.081,-0.163,10.343,9.716,-0.0617,0.0354,0.0408,0.0621,-0.0084,-0.0059,24.99,24.91,16445,18684,2.056,2.336,6.167,7.007,542,542,55,55,0,0,0,0,,,,,,,,,,,,,,,,,0.0,0.0,0,0,1156.1,906.1,0.8477,1.0788,1,1,0
2026-09-28T22:36:17.201782+09:00,64467493,9d29af73,2026-09-28T22:36:17.201782+09:00,2026-09-28T22:36:17.245697+09:00,rail-left-01,rail-right-01,0.6.7-draft,0.6.7-draft,mqtt,mqtt,1023.4,805.19,6.449,6.558,0.043,0.008,0.329,-0.261,10.345,9.552,-0.0681,0.0326,0.044,0.0596,-0.0012,-0.0007,25.0,24.91,16384,18694,2.048,2.337,6.144,7.01,543,543,55,55,0,0,0,0,,,,,,,,,,,,,,,,,0.0,0.0,0,0,1157.1,907.1,0.8477,1.0788,1,1,0
2026-09-28T22:36:17.221783+09:00,64487494,9d29af73,2026-09-28T22:36:17.221783+09:00,2026-09-28T22:36:17.265698+09:00,rail-left-01,rail-right-01,0.6.7-draft,0.6.7-draft,mqtt,mqtt,1024.64,806.13,6.41,6.558,-0.147,-0.071,-0.138,-0.358,10.506,9.846,-0.0667,0.034,0.0466,0.0609,-0.0136,-0.0095,25.0,24.93,16288,18693,2.036,2.337,6.108,7.01,544,544,55,55,0,0,0,0,,,,,,,,,,,,,,,,,0.0,0.0,0,0,1158.1,908.1,0.8477,1.0788,1,1,0
2026-09-28T22:36:17.241829+09:00,64507540,9d29af73,2026-09-28T22:36:17.241829+09:00,2026-09-28T22:36:17.285744+09:00,rail-left-01,rail-right-01,0.6.7-draft,0.6.7-draft,mqtt,mqtt,1025.89,807.13,6.362,6.567,0.213,0.242,0.139,-0.097,9.894,9.713,-0.052,0.0374,0.0357,0.0545,-0.0065,0.0004,24.99,24.94,16167,18714,2.021,2.339,6.063,7.018,545,545,55,55,0,0,0,0,,,,,,,,,,,,,,,,,0.0,0.0,0,0,1159.2,909.2,0.8477,1.0788,1,1,0
2026-09-28T22:36:17.261795+09:00,64527506,9d29af73,2026-09-28T22:36:17.261795+09:00,2026-09-28T22:36:17.305710+09:00,rail-left-01,rail-right-01,0.6.7-draft,0.6.7-draft,mqtt,mqtt,1027.13,808.07,6.434,6.564,-0.028,-0.172,0.188,-0.341,10.01,9.234,-0.0674,0.0324,0.0354,0.0538,-0.0067,-0.006,25.02,24.92,16347,18708,2.043,2.339,6.13,7.016,546,546,55,55,0,0,0,0,,,,,,,,,,,,,,,,,0.0,0.0,0,0,1160.3,910.3,0.8477,1.0788,1,1,0
2026-09-28T22:36:17.282213+09:00,64547924,9d29af73,2026-09-28T22:36:17.282213+09:00,2026-09-28T22:36:17.326128+09:00,rail-left-01,rail-right-01,0.6.7-draft,0.6.7-draft,mqtt,mqtt,1028.37,809.07,6.477,6.561,0.177,0.12,-0.099,-0.211,10.564,9.81,-0.0655,0.0342,0.0322,0.0501,-0.0141,-0.0035,25.03,24.89,16453,18700,2.057,2.338,6.17,7.013,547,547,55,55,0,0,0,0,,,,,,,,,,,,,,,,,0.0,0.0,0,0,1161.3,911.3,0.8477,1.0788,1,1,0
2026-09-28T22:36:17.301792+09:00,64567503,9d29af73,2026-09-28T22:36:17.301792+09:00,2026-09-28T22:36:17.345707+09:00,rail-left-01,rail-right-01,0.6.7-draft,0.6.7-draft,mqtt,mqtt,1029.62,810.01,6.504,6.565,-0.022,0.004,0.141,-0.395,10.093,9.677,-0.0638,0.0338,0.0417,0.057,-0.01,-0.0025,25.0,24.94,16521,18709,2.065,2.339,6.195,7.016,548,548,55,55,0,0,0,0,,,,,,,,,,,,,,,,,0.0,0.0,0,0,1162.4,912.4,0.8477,1.0788,1,1,0
2026-09-28T22:36:17.321833+09:00,64587544,9d29af73,2026-09-28T22:36:17.321833+09:00,2026-09-28T22:36:17.365748+09:00,rail-left-01,rail-right-01,0.6.7-draft,0.6.7-draft,mqtt,mqtt,1030.81,810.95,6.488,6.56,-0.113,-0.169,-0.016,-0.309,10.785,9.595,-0.0641,0.0318,0.0396,0.0517,-0.0012,-0.0044,24.98,24.92,16481,18698,2.06,2.337,6.18,7.012,549,549,55,55,0,0,0,0,,,,,,,,,,,,,,,,,0.0,0.0,0,0,1163.4,913.4,0.8477,1.0788,1,1,0
2026-09-28T22:36:17.342410+09:00,64608121,9d29af73,2026-09-28T22:36:17.342410+09:00,2026-09-28T22:36:17.386325+09:00,rail-left-01,rail-right-01,0.6.7-draft,0.6.7-draft,mqtt,mqtt,1032.1,812.0,6.465,6.538,0.117,0.178,0.101,-0.023,10.318,9.691,-0.0626,0.0366,0.0416,0.0565,-0.0093,-0.0081,24.99,24.94,16425,18650,2.053,2.331,6.159,6.994,550,550,55,55,0,0,0,0,,,,,,,,,,,,,,,,,0.0,0.0,0,0,1164.5,914.5,0.8477,1.0788,1,1,0
2026-09-28T22:36:17.432597+09:00,64694451,9d29af73,2026-09-28T22:36:17.432597+09:00,2026-09-28T22:36:17.471657+09:00,rail-left-01,rail-right-01,0.6.7-draft,0.6.7-draft,mqtt,mqtt,1037.42,816.18,6.449,6.531,0.012,0.022,0.091,-0.442,10.6,9.668,-0.0645,0.034,0.0356,0.0545,-0.0089,-0.0055,24.99,24.93,16385,18634,2.048,2.329,6.144,6.988,551,551,56,56,0,0,0,0,,,,,,,,,,,,,,,,,0.0,0.0,0,0,1169.0,919.0,0.8477,1.0788,1,1,0
2026-09-28T22:36:17.452770+09:00,64714624,9d29af73,2026-09-28T22:36:17.452770+09:00,2026-09-28T22:36:17.491830+09:00,rail-left-01,rail-right-01,0.6.7-draft,0.6.7-draft,mqtt,mqtt,1038.66,817.12,6.387,6.498,0.008,0.006,0.053,-0.238,10.381,9.706,-0.062,0.0278,0.0354,0.0528,-0.0105,-0.0051,24.97,24.92,16230,18561,2.029,2.32,6.086,6.96,552,552,56,56,0,0,0,0,,,,,,,,,,,,,,,,,0.0,0.0,0,0,1170.0,920.0,0.8477,1.0788,1,1,0
2026-09-28T22:36:17.472711+09:00,64734565,9d29af73,2026-09-28T22:36:17.472711+09:00,2026-09-28T22:36:17.511771+09:00,rail-left-01,rail-right-01,0.6.7-draft,0.6.7-draft,mqtt,mqtt,1039.91,818.11,6.393,6.481,-0.032,-0.03,-0.189,-0.151,10.588,9.799,-0.0679,0.0281,0.0362,0.052,-0.0139,-0.0065,24.99,24.92,16244,18523,2.031,2.315,6.092,6.946,553,553,56,56,0,0,0,0,,,,,,,,,,,,,,,,,0.0,0.0,0,0,1171.1,921.1,0.8477,1.0788,1,1,0
2026-09-28T22:36:17.492681+09:00,64754535,9d29af73,2026-09-28T22:36:17.492681+09:00,2026-09-28T22:36:17.531741+09:00,rail-left-01,rail-right-01,0.6.7-draft,0.6.7-draft,mqtt,mqtt,1041.15,819.06,6.39,6.446,-0.116,-0.119,0.217,-0.062,10.447,9.64,-0.0661,0.0274,0.0346,0.0477,-0.0047,-0.0035,25.0,24.93,16238,18445,2.03,2.306,6.089,6.917,554,554,56,56,0,0,0,0,,,,,,,,,,,,,,,,,0.0,0.0,0,0,1172.1,922.1,0.8477,1.0788,1,1,0
2026-09-28T22:36:17.512764+09:00,64774618,9d29af73,2026-09-28T22:36:17.512764+09:00,2026-09-28T22:36:17.551824+09:00,rail-left-01,rail-right-01,0.6.7-draft,0.6.7-draft,mqtt,mqtt,1042.39,820.05,6.384,6.389,0.008,0.113,0.267,-0.205,10.563,9.829,-0.0625,0.0236,0.0332,0.049,-0.0059,-0.0093,24.97,24.94,16222,18318,2.028,2.29,6.083,6.869,555,555,56,56,0,0,0,0,,,,,,,,,,,,,,,,,0.0,0.0,0,0,1173.2,923.2,0.8477,1.0788,1,1,0
2026-09-28T22:36:17.532944+09:00,64794798,9d29af73,2026-09-28T22:36:17.532944+09:00,2026-09-28T22:36:17.572004+09:00,rail-left-01,rail-right-01,0.6.7-draft,0.6.7-draft,mqtt,mqtt,1043.64,821.0,6.411,6.362,0.063,0.13,0.166,-0.345,10.212,9.74,-0.0707,0.0325,0.0333,0.0494,-0.0029,-0.0021,24.98,24.92,16290,18260,2.036,2.283,6.109,6.847,556,556,56,56,0,0,0,0,,,,,,,,,,,,,,,,,0.0,0.0,0,0,1174.3,924.3,0.8477,1.0788,1,1,0
2026-09-28T22:36:17.552770+09:00,64814624,9d29af73,2026-09-28T22:36:17.552770+09:00,2026-09-28T22:36:17.591830+09:00,rail-left-01,rail-right-01,0.6.7-draft,0.6.7-draft,mqtt,mqtt,1044.88,821.99,6.459,6.361,0.054,0.002,-0.145,-0.346,10.424,9.504,-0.0731,0.0322,0.0313,0.0484,-0.0049,-0.0043,24.99,24.93,16409,18258,2.051,2.282,6.153,6.847,557,557,56,56,0,0,0,0,,,,,,,,,,,,,,,,,0.0,0.0,0,0,1175.3,925.3,0.8477,1.0788,1,1,0
2026-09-28T22:36:17.572681+09:00,64834535,9d29af73,2026-09-28T22:36:17.572681+09:00,2026-09-28T22:36:17.611741+09:00,rail-left-01,rail-right-01,0.6.7-draft,0.6.7-draft,mqtt,mqtt,1046.07,822.94,6.537,6.337,0.072,0.107,0.048,0.065,10.216,9.9,-0.061,0.0298,0.0282,0.047,-0.0073,-0.004,25.0,24.89,16604,18204,2.076,2.276,6.227,6.826,558,558,56,56,0,0,0,0,,,,,,,,,,,,,,,,,0.0,0.0,0,0,1176.3,926.3,0.8477,1.0788,1,1,0
2026-09-28T22:36:17.592602+09:00,64854456,9d29af73,2026-09-28T22:36:17.592602+09:00,2026-09-28T22:36:17.631662+09:00,rail-left-01,rail-right-01,0.6.7-draft,0.6.7-draft,mqtt,mqtt,1047.32,823.88,6.618,6.341,0.01,0.024,0.054,-0.394,10.347,9.602,-0.0585,0.0305,0.0346,0.0549,-0.0079,-0.0052,24.98,24.94,16806,18212,2.101,2.277,6.302,6.83,559,559,56,56,0,0,0,0,,,,,,,,,,,,,,,,,0.0,0.0,0,0,1177.4,927.4,0.8477,1.0788,1,1,0
2026-09-28T22:36:17.612760+09:00,64874614,9d29af73,2026-09-28T22:36:17.612760+09:00,2026-09-28T22:36:17.651820+09:00,rail-left-01,rail-right-01,0.6.7-draft,0.6.7-draft,mqtt,mqtt,1048.56,824.88,6.659,6.343,-0.018,-0.037,-0.09,-0.278,10.613,9.635,-0.0609,0.0333,0.0356,0.0518,-0.0096,-0.0061,24.98,24.92,16908,18218,2.114,2.277,6.341,6.832,560,560,56,56,0,0,0,0,,,,,,,,,,,,,,,,,0.0,0.0,0,0,1178.4,928.4,0.8477,1.0788,1,1,0
2026-09-28T22:36:17.737820+09:00,64959440,9d29af73,2026-09-28T22:36:17.737820+09:00,2026-09-28T22:36:17.781387+09:00,rail-left-01,rail-right-01,0.6.7-draft,0.6.7-draft,mqtt,mqtt,1053.78,828.95,6.684,6.336,0.062,0.108,0.128,-0.129,10.503,9.937,-0.0636,0.0304,0.0342,0.0544,-0.01,-0.0095,24.97,24.92,16969,18201,2.121,2.275,6.363,6.825,561,561,57,57,0,0,0,0,,,,,,,,,,,,,,,,,0.0,0.0,0,0,1182.9,932.9,0.8477,1.0788,1,1,0
2026-09-28T22:36:17.757903+09:00,64979523,9d29af73,2026-09-28T22:36:17.757903+09:00,2026-09-28T22:36:17.801469+09:00,rail-left-01,rail-right-01,0.6.7-draft,0.6.7-draft,mqtt,mqtt,1054.97,829.95,6.794,6.314,0.067,0.004,-0.128,-0.236,10.398,9.857,-0.0658,0.0333,0.0377,0.0597,-0.0068,-0.0051,24.98,24.92,17244,18152,2.156,2.269,6.467,6.807,562,562,57,57,0,0,0,0,,,,,,,,,,,,,,,,,0.0,0.0,0,0,1183.9,933.9,0.8477,1.0788,1,1,0
2026-09-28T22:36:17.777891+09:00,64999511,9d29af73,2026-09-28T22:36:17.777891+09:00,2026-09-28T22:36:17.821458+09:00,rail-left-01,rail-right-01,0.6.7-draft,0.6.7-draft,mqtt,mqtt,1056.21,830.89,6.789,6.292,0.085,0.012,0.171,-0.233,10.661,9.928,-0.0644,0.0316,0.0365,0.0524,-0.0092,-0.0056,24.98,24.92,17230,18104,2.154,2.263,6.461,6.789,563,563,57,57,0,0,0,0,,,,,,,,,,,,,,,,,0.0,0.0,0,0,1184.9,934.9,0.8477,1.0788,1,1,0
2026-09-28T22:36:17.797843+09:00,65019463,9d29af73,2026-09-28T22:36:17.797843+09:00,2026-09-28T22:36:17.841410+09:00,rail-left-01,rail-right-01,0.6.7-draft,0.6.7-draft,mqtt,mqtt,1057.46,831.84,6.801,6.288,0.081,0.045,0.117,-0.365,10.398,9.754,-0.0691,0.0324,0.0408,0.0546,-0.0104,-0.0079,24.98,24.93,17260,18095,2.158,2.262,6.472,6.786,564,564,57,57,0,0,0,0,,,,,,,,,,,,,,,,,0.0,0.0,0,0,1186.0,936.0,0.8477,1.0788,1,1,0
2026-09-28T22:36:17.817899+09:00,65039519,9d29af73,2026-09-28T22:36:17.817899+09:00,2026-09-28T22:36:17.861465+09:00,rail-left-01,rail-right-01,0.6.7-draft,0.6.7-draft,mqtt,mqtt,1058.7,832.83,6.808,6.284,-0.055,-0.02,0.029,-0.098,10.619,9.692,-0.0621,0.0345,0.0357,0.0494,-0.0088,-0.0089,24.97,24.93,17277,18085,2.16,2.261,6.479,6.782,565,565,57,57,0,0,0,0,,,,,,,,,,,,,,,,,0.0,0.0,0,0,1187.0,937.0,0.8477,1.0788,1,1,0
2026-09-28T22:36:17.838705+09:00,65060325,9d29af73,2026-09-28T22:36:17.838705+09:00,2026-09-28T22:36:17.882272+09:00,rail-left-01,rail-right-01,0.6.7-draft,0.6.7-draft,mqtt,mqtt,1059.94,833.83,6.841,6.279,-0.03,-0.091,0.073,-0.292,10.337,9.81,-0.0646,0.031,0.0364,0.0549,-0.0104,-0.0059,24.98,24.92,17360,18076,2.17,2.26,6.51,6.779,566,566,57,57,0,0,0,0,,,,,,,,,,,,,,,,,0.0,0.0,0,0,1188.1,938.1,0.8477,1.0788,1,1,0
2026-09-28T22:36:17.857937+09:00,65079557,9d29af73,2026-09-28T22:36:17.857937+09:00,2026-09-28T22:36:17.901504+09:00,rail-left-01,rail-right-01,0.6.7-draft,0.6.7-draft,mqtt,mqtt,1061.14,834.77,6.846,6.287,0.077,0.111,0.152,-0.266,10.529,9.762,-0.0614,0.0302,0.0409,0.0568,-0.0113,-0.0112,24.98,24.91,17372,18093,2.172,2.262,6.515,6.785,567,567,57,57,0,0,0,0,,,,,,,,,,,,,,,,,0.0,0.0,0,0,1189.1,939.1,0.8477,1.0788,1,1,0
2026-09-28T22:36:17.878013+09:00,65099633,9d29af73,2026-09-28T22:36:17.878013+09:00,2026-09-28T22:36:17.921580+09:00,rail-left-01,rail-right-01,0.6.7-draft,0.6.7-draft,mqtt,mqtt,1062.38,835.71,6.866,6.305,-0.032,-0.041,0.073,-0.224,10.625,9.635,-0.0683,0.0333,0.0385,0.0538,-0.0077,-0.0041,24.98,24.93,17422,18132,2.178,2.266,6.533,6.799,568,568,57,57,0,0,0,0,,,,,,,,,,,,,,,,,0.0,0.0,0,0,1190.1,940.1,0.8477,1.0788,1,1,0
2026-09-28T22:36:17.897974+09:00,65119594,9d29af73,2026-09-28T22:36:17.897974+09:00,2026-09-28T22:36:17.941540+09:00,rail-left-01,rail-right-01,0.6.7-draft,0.6.7-draft,mqtt,mqtt,1063.62,836.71,6.89,6.319,0.111,0.102,-0.102,-0.13,10.512,9.896,-0.0637,0.034,0.0396,0.0561,-0.0109,-0.0108,24.98,24.91,17482,18164,2.185,2.271,6.556,6.812,569,569,57,57,0,0,0,0,,,,,,,,,,,,,,,,,0.0,0.0,0,0,1191.2,941.2,0.8477,1.0788,1,1,0
2026-09-28T22:36:17.918003+09:00,65139623,9d29af73,2026-09-28T22:36:17.918003+09:00,2026-09-28T22:36:17.961570+09:00,rail-left-01,rail-right-01,0.6.7-draft,0.6.7-draft,mqtt,mqtt,1064.82,837.65,6.936,6.377,-0.024,-0.105,0.074,-0.308,10.402,9.875,-0.0645,0.033,0.04,0.0613,-0.0084,-0.0087,24.99,24.92,17597,18293,2.2,2.287,6.599,6.86,570,570,57,57,0,0,0,0,,,,,,,,,,,,,,,,,0.0,0.0,0,0,1192.2,942.2,0.8477,1.0788,1,1,0
2026-09-28T22:36:18.055187+09:00,65269443,9d29af73,2026-09-28T22:36:18.055187+09:00,2026-09-28T22:36:18.096913+09:00,rail-left-01,rail-right-01,0.6.7-draft,0.6.7-draft,mqtt,mqtt,1072.77,843.97,6.965,6.416,0.061,0.098,0.057,-0.363,10.445,9.704,-0.0677,0.0344,0.0422,0.0573,-0.0073,-0.0067,25.0,24.94,17669,18379,2.209,2.297,6.626,6.892,571,571,58,58,0,0,0,0,,,,,,,,,,,,,,,,,0.0,0.0,0,0,1198.9,948.9,0.8477,1.0788,1,1,0
2026-09-28T22:36:18.075309+09:00,65289565,9d29af73,2026-09-28T22:36:18.075309+09:00,2026-09-28T22:36:18.117035+09:00,rail-left-01,rail-right-01,0.6.7-draft,0.6.7-draft,mqtt,mqtt,1074.01,844.96,7.783,7.145,0.043,0.057,0.069,-0.034,10.596,9.627,-0.0641,0.0329,0.0432,0.0565,-0.0092,-0.0081,24.97,24.91,19704,19996,2.463,2.5,7.389,7.498,572,572,58,58,0,0,0,0,,,,,,,,,,,,,,,,,0.0,0.0,0,0,1200.0,950.0,0.8477,1.0788,1,1,1200
2026-09-28T22:36:18.095351+09:00,65309607,9d29af73,2026-09-28T22:36:18.095351+09:00,2026-09-28T22:36:18.137077+09:00,rail-left-01,rail-right-01,0.6.7-draft,0.6.7-draft,mqtt,mqtt,1075.26,845.96,7.778,7.116,-0.123,-0.132,0.12,-0.239,10.495,9.591,-0.0659,0.0352,0.039,0.0566,-0.0079,-0.0028,24.98,24.93,19692,19931,2.462,2.491,7.385,7.474,573,573,58,58,0,0,0,0,,,,,,,,,,,,,,,,,0.0,0.0,0,0,1201.1,951.1,0.8477,1.0788,1,1,0
2026-09-28T22:36:18.115327+09:00,65329583,9d29af73,2026-09-28T22:36:18.115327+09:00,2026-09-28T22:36:18.157053+09:00,rail-left-01,rail-right-01,0.6.7-draft,0.6.7-draft,mqtt,mqtt,1076.45,846.9,7.682,7.003,0.097,0.087,0.124,-0.127,10.539,9.789,-0.0637,0.034,0.0409,0.0621,-0.012,-0.0088,24.96,24.91,19454,19681,2.432,2.46,7.295,7.38,574,574,58,58,0,0,0,0,,,,,,,,,,,,,,,,,0.0,0.0,0,0,1202.1,952.1,0.8477,1.0788,1,1,0
2026-09-28T22:36:18.135569+09:00,65349825,9d29af73,2026-09-28T22:36:18.135569+09:00,2026-09-28T22:36:18.177295+09:00,rail-left-01,rail-right-01,0.6.7-draft,0.6.7-draft,mqtt,mqtt,1077.69,847.9,7.501,6.855,-0.072,-0.028,0.071,-0.218,10.683,9.82,-0.0685,0.0317,0.0432,0.059,-0.0091,-0.0027,24.97,24.93,19003,19354,2.375,2.419,7.126,7.258,575,575,58,58,0,0,0,0,,,,,,,,,,,,,,,,,0.0,0.0,0,0,1203.1,953.1,0.8477,1.0788,1,1,0
2026-09-28T22:36:18.155647+09:00,65369903,9d29af73,2026-09-28T22:36:18.155647+09:00,2026-09-28T22:36:18.197373+09:00,rail-left-01,rail-right-01,0.6.7-draft,0.6.7-draft,mqtt,mqtt,1078.94,848.89,7.274,6.685,0.016,0.093,-0.065,-0.224,10.676,9.673,-0.0649,0.0332,0.044,0.0605,-0.0132,-0.01,24.99,24.94,18438,18975,2.305,2.372,6.914,7.116,576,576,58,58,0,0,0,0,,,,,,,,,,,,,,,,,0.0,0.0,0,0,1204.2,954.2,0.8477,1.0788,1,1,0
2026-09-28T22:36:18.175363+09:00,65389619,9d29af73,2026-09-28T22:36:18.175363+09:00,2026-09-28T22:36:18.217089+09:00,rail-left-01,rail-right-01,0.6.7-draft,0.6.7-draft,mqtt,mqtt,1080.13,849.83,7.12,6.574,-0.035,-0.05,0.001,-0.138,10.693,9.819,-0.0678,0.0346,0.0366,0.0514,-0.0096,-0.0009,24.97,24.92,18054,18729,2.257,2.341,6.77,7.023,577,577,58,58,0,0,0,0,,,,,,,,,,,,,,,,,0.0,0.0,0,0,1205.2,955.2,0.8477,1.0788,1,1,0
2026-09-28T22:36:18.195219+09:00,65409475,9d29af73,2026-09-28T22:36:18.195219+09:00,2026-09-28T22:36:18.236945+09:00,rail-left-01,rail-right-01,0.6.7-draft,0.6.7-draft,mqtt,mqtt,1081.32,850.83,6.921,6.395,0.024,0.071,0.122,-0.243,10.305,9.742,-0.067,0.036,0.0396,0.0573,-0.0116,-0.0065,24.97,24.91,17560,18333,2.195,2.292,6.585,6.875,578,578,58,58,0,0,0,0,,,,,,,,,,,,,,,,,0.0,0.0,0,0,1206.2,956.2,0.8477,1.0788,1,1,0
2026-09-28T22:36:18.215355+09:00,65429611,9d29af73,2026-09-28T22:36:18.215355+09:00,2026-09-28T22:36:18.257081+09:00,rail-left-01,rail-right-01,0.6.7-draft,0.6.7-draft,mqtt,mqtt,1082.57,851.77,6.751,6.264,-0.071,-0.023,-0.08,-0.187,10.5,9.529,-0.0659,0.0272,0.0429,0.0604,-0.0075,-0.0091,24.99,24.93,17135,18041,2.142,2.255,6.426,6.765,579,579,58,58,0,0,0,0,,,,,,,,,,,,,,,,,0.0,0.0,0,0,1207.3,957.3,0.8477,1.0788,1,1,0
2026-09-28T22:36:18.235438+09:00,65449694,9d29af73,2026-09-28T22:36:18.235438+09:00,2026-09-28T22:36:18.277164+09:00,rail-left-01,rail-right-01,0.6.7-draft,0.6.7-draft,mqtt,mqtt,1083.81,852.77,6.622,6.172,0.123,0.067,0.256,-0.12,10.459,9.786,-0.067,0.0312,0.0392,0.0576,-0.0067,-0.0087,24.99,24.91,16815,17837,2.102,2.23,6.306,6.689,580,580,58,58,0,0,0,0,,,,,,,,,,,,,,,,,0.0,0.0,0,0,1208.3,958.3,0.8477,1.0788,1,1,0
2026-09-28T22:36:18.330848+09:00,65585482,9d29af73,2026-09-28T22:36:18.330848+09:00,2026-09-28T22:36:18.411414+09:00,rail-left-01,rail-right-01,0.6.7-draft,0.6.7-draft,mqtt,mqtt,1092.11,859.38,6.582,6.14,0.164,0.15,0.133,-0.141,10.502,9.981,-0.065,0.0312,0.0408,0.0629,-0.0092,-0.0121,24.98,24.93,16716,17767,2.09,2.221,6.269,6.663,581,581,59,59,0,0,0,0,,,,,,,,,,,,,,,,,0.0,0.0,0,0,1215.3,965.3,0.8477,1.0788,1,1,0
2026-09-28T22:36:18.350992+09:00,65605626,9d29af73,2026-09-28T22:36:18.350992+09:00,2026-09-28T22:36:18.431558+09:00,rail-left-01,rail-right-01,0.6.7-draft,0.6.7-draft,mqtt,mqtt,1093.35,860.37,6.487,6.15,-0.16,-0.087,0.238,-0.287,10.788,9.758,-0.0618,0.0336,0.0393,0.0577,-0.0037,-0.0032,24.99,24.91,16479,17789,2.06,2.224,6.18,6.671,582,582,59,59,0,0,0,0,,,,,,,,,,,,,,,,,0.0,0.0,0,0,1216.4,966.4,0.8477,1.0788,1,1,0
2026-09-28T22:36:18.370944+09:00,65625578,9d29af73,2026-09-28T22:36:18.370944+09:00,2026-09-28T22:36:18.451510+09:00,rail-left-01,rail-right-01,0.6.7-draft,0.6.7-draft,mqtt,mqtt,1094.6,861.32,6.485,6.176,0.168,0.114,0.059,-0.427,10.467,9.637,-0.0669,0.0324,0.0424,0.0604,-0.0039,-0.0059,24.97,24.94,16475,17846,2.059,2.231,6.178,6.692,583,583,59,59,0,0,0,0,,,,,,,,,,,,,,,,,0.0,0.0,0,0,1217.5,967.5,0.8477,1.0788,1,1,0
2026-09-28T22:36:18.390890+09:00,65645524,9d29af73,2026-09-28T22:36:18.390890+09:00,2026-09-28T22:36:18.471456+09:00,rail-left-01,rail-right-01,0.6.7-draft,0.6.7-draft,mqtt,mqtt,1095.79,862.31,6.487,6.193,-0.067,-0.042,0.024,-0.114,10.487,9.691,-0.0673,0.0344,0.0406,0.0597,-0.0028,-0.0061,25.0,24.94,16479,17884,2.06,2.236,6.18,6.707,584,584,59,59,0,0,0,0,,,,,,,,,,,,,,,,,0.0,0.0,0,0,1218.5,968.5,0.8477,1.0788,1,1,0
2026-09-28T22:36:18.410921+09:00,65665555,9d29af73,2026-09-28T22:36:18.410921+09:00,2026-09-28T22:36:18.491487+09:00,rail-left-01,rail-right-01,0.6.7-draft,0.6.7-draft,mqtt,mqtt,1097.03,863.26,6.51,6.215,0.01,0.119,-0.09,-0.126,10.447,9.669,-0.0659,0.0345,0.035,0.0581,-0.0009,-0.0017,24.98,24.92,16536,17934,2.067,2.242,6.201,6.725,585,585,59,59,0,0,0,0,,,,,,,,,,,,,,,,,0.0,0.0,0,0,1219.5,969.5,0.8477,1.0788,1,1,0
2026-09-28T22:36:18.430890+09:00,65685524,9d29af73,2026-09-28T22:36:18.430890+09:00,2026-09-28T22:36:18.511456+09:00,rail-left-01,rail-right-01,0.6.7-draft,0.6.7-draft,mqtt,mqtt,1098.28,864.25,6.505,6.215,-0.159,-0.184,0.103,-0.341,10.3,9.84,-0.0659,0.033,0.0416,0.0641,-0.0083,-0.0091,24.99,24.91,16525,17932,2.066,2.242,6.197,6.725,586,586,59,59,0,0,0,0,,,,,,,,,,,,,,,,,0.0,0.0,0,0,1220.6,970.6,0.8477,1.0788,1,1,0
2026-09-28T22:36:18.450856+09:00,65705490,9d29af73,2026-09-28T22:36:18.450856+09:00,2026-09-28T22:36:18.531422+09:00,rail-left-01,rail-right-01,0.6.7-draft,0.6.7-draft,mqtt,mqtt,1099.47,865.2,6.507,6.23,0.219,0.183,0.148,-0.01,10.673,9.662,-0.0659,0.034,0.0356,0.056,-0.0037,-0.0004,24.99,24.92,16530,17967,2.066,2.246,6.199,6.738,587,587,59,59,0,0,0,0,,,,,,,,,,,,,,,,,0.0,0.0,0,0,1221.6,971.6,0.8477,1.0788,1,1,0
2026-09-28T22:36:18.470823+09:00,65725457,9d29af73,2026-09-28T22:36:18.470823+09:00,2026-09-28T22:36:18.551389+09:00,rail-left-01,rail-right-01,0.6.7-draft,0.6.7-draft,mqtt,mqtt,1100.71,866.19,6.516,6.246,-0.145,-0.151,0.078,-0.534,10.281,9.896,-0.0655,0.0342,0.0446,0.0602,-0.0116,-0.0072,24.96,24.93,16551,18001,2.069,2.25,6.207,6.75,588,588,59,59,0,0,0,0,,,,,,,,,,,,,,,,,0.0,0.0,0,0,1222.6,972.6,0.8477,1.0788,1,1,0
2026-09-28T22:36:18.490946+09:00,65745580,9d29af73,2026-09-28T22:36:18.490946+09:00,2026-09-28T22:36:18.571512+09:00,rail-left-01,rail-right-01,0.6.7-draft,0.6.7-draft,mqtt,mqtt,1101.96,867.14,6.486,6.262,0.19,0.117,0.023,-0.364,10.338,9.75,-0.0636,0.034,0.0417,0.0606,-0.0084,-0.0032,24.96,24.97,16476,18038,2.059,2.255,6.179,6.764,589,589,59,59,0,0,0,0,,,,,,,,,,,,,,,,,0.0,0.0,0,0,1223.7,973.7,0.8477,1.0788,1,1,0
2026-09-28T22:36:18.510816+09:00,65765450,9d29af73,2026-09-28T22:36:18.510816+09:00,2026-09-28T22:36:18.591382+09:00,rail-left-01,rail-right-01,0.6.7-draft,0.6.7-draft,mqtt,mqtt,1103.15,868.13,6.493,6.284,-0.116,-0.062,-0.089,-0.204,10.341,9.686,-0.0637,0.0308,0.0416,0.0628,-0.01,-0.0088,24.96,24.93,16493,18087,2.062,2.261,6.185,6.783,590,590,59,59,0,0,0,0,,,,,,,,,,,,,,,,,0.0,0.0,0,0,1224.7,974.7,0.8477,1.0788,1,1,0
2026-09-28T22:36:18.682786+09:00,65899486,9d29af73,2026-09-28T22:36:18.682786+09:00,2026-09-28T22:36:18.721328+09:00,rail-left-01,rail-right-01,0.6.7-draft,0.6.7-draft,mqtt,mqtt,1111.4,874.64,6.476,6.29,0.079,0.077,0.207,-0.098,10.435,9.659,-0.0636,0.0312,0.0364,0.0536,-0.0037,-0.0108,24.98,24.92,16451,18099,2.056,2.262,6.169,6.787,591,591,60,60,0,0,0,0,,,,,,,,,,,,,,,,,0.0,0.0,0,0,1231.7,981.7,0.8477,1.0788,1,1,0
2026-09-28T22:36:18.702961+09:00,65919661,9d29af73,2026-09-28T22:36:18.702961+09:00,2026-09-28T22:36:18.741503+09:00,rail-left-01,rail-right-01,0.6.7-draft,0.6.7-draft,mqtt,mqtt,1112.65,875.59,6.437,6.322,0.034,0.053,0.066,-0.221,10.33,9.546,-0.0634,0.0352,0.042,0.0594,-0.0044,-0.0059,24.98,24.92,16355,18170,2.044,2.271,6.133,6.814,592,592,60,60,0,0,0,0,,,,,,,,,,,,,,,,,0.0,0.0,0,0,1232.8,982.8,0.8477,1.0788,1,1,0
2026-09-28T22:36:18.722923+09:00,65939622,9d29af73,2026-09-28T22:36:18.722923+09:00,2026-09-28T22:36:18.761464+09:00,rail-left-01,rail-right-01,0.6.7-draft,0.6.7-draft,mqtt,mqtt,1113.84,876.58,6.417,6.34,-0.098,-0.047,0.048,-0.273,10.439,9.711,-0.063,0.0321,0.0421,0.0572,-0.0061,-0.002,24.97,24.93,16305,18211,2.038,2.276,6.114,6.829,593,593,60,60,0,0,0,0,,,,,,,,,,,,,,,,,0.0,0.0,0,0,1233.8,983.8,0.8477,1.0788,1,1,0
2026-09-28T22:36:18.742883+09:00,65959582,9d29af73,2026-09-28T22:36:18.742883+09:00,2026-09-28T22:36:18.781424+09:00,rail-left-01,rail-right-01,0.6.7-draft,0.6.7-draft,mqtt,mqtt,1115.08,877.53,6.436,6.35,0.132,0.063,-0.03,-0.103,10.366,9.823,-0.064,0.0314,0.0374,0.0552,-0.0047,-0.0075,24.97,24.93,16351,18233,2.044,2.279,6.132,6.837,594,594,60,60,0,0,0,0,,,,,,,,,,,,,,,,,0.0,0.0,0,0,1234.8,984.8,0.8477,1.0788,1,1,0
2026-09-28T22:36:18.762917+09:00,65979616,9d29af73,2026-09-28T22:36:18.762917+09:00,2026-09-28T22:36:18.801458+09:00,rail-left-01,rail-right-01,0.6.7-draft,0.6.7-draft,mqtt,mqtt,1116.32,878.52,6.448,6.354,-0.054,-0.121,0.121,-0.357,10.53,9.797,-0.0621,0.032,0.0352,0.0544,-0.0099,-0.0081,24.98,24.91,16381,18242,2.048,2.28,6.143,6.841,595,595,60,60,0,0,0,0,,,,,,,,,,,,,,,,,0.0,0.0,0,0,1235.9,985.9,0.8477,1.0788,1,1,0
2026-09-28T22:36:18.782907+09:00,65999606,9d29af73,2026-09-28T22:36:18.782907+09:00,2026-09-28T22:36:18.821448+09:00,rail-left-01,rail-right-01,0.6.7-draft,0.6.7-draft,mqtt,mqtt,1117.57,879.52,6.457,6.333,-0.014,-0.006,0.047,-0.114,10.815,9.957,-0.0707,0.0333,0.0276,0.0449,-0.0092,-0.0043,24.99,24.92,16405,18195,2.051,2.274,6.152,6.823,596,596,60,60,0,0,0,0,,,,,,,,,,,,,,,,,0.0,0.0,0,0,1236.9,986.9,0.8477,1.0788,1,1,0
2026-09-28T22:36:18.802977+09:00,66019676,9d29af73,2026-09-28T22:36:18.802977+09:00,2026-09-28T22:36:18.841518+09:00,rail-left-01,rail-right-01,0.6.7-draft,0.6.7-draft,mqtt,mqtt,1118.76,880.46,6.503,6.326,0.101,0.067,0.025,-0.278,10.575,9.529,-0.0695,0.0333,0.0336,0.0517,-0.0073,-0.0041,24.98,24.93,16520,18180,2.065,2.273,6.195,6.818,597,597,60,60,0,0,0,0,,,,,,,,,,,,,,,,,0.0,0.0,0,0,1237.9,987.9,0.8477,1.0788,1,1,0
2026-09-28T22:36:18.822942+09:00,66039642,9d29af73,2026-09-28T22:36:18.822942+09:00,2026-09-28T22:36:18.861484+09:00,rail-left-01,rail-right-01,0.6.7-draft,0.6.7-draft,mqtt,mqtt,1120.0,881.46,6.543,6.307,-0.077,-0.068,0.05,-0.229,10.327,9.668,-0.0663,0.0326,0.0332,0.0534,-0.0089,-0.0076,24.97,24.92,16618,18138,2.077,2.267,6.232,6.802,598,598,60,60,0,0,0,0,,,,,,,,,,,,,,,,,0.0,0.0,0,0,1239.0,989.0,0.8477,1.0788,1,1,0
2026-09-28T22:36:18.842825+09:00,66059525,9d29af73,2026-09-28T22:36:18.842825+09:00,2026-09-28T22:36:18.881367+09:00,rail-left-01,rail-right-01,0.6.7-draft,0.6.7-draft,mqtt,mqtt,1121.25,882.4,6.536,6.285,0.036,0.057,0.15,-0.154,10.387,9.676,-0.0649,0.0285,0.0393,0.0553,-0.0056,-0.0068,24.97,24.93,16602,18089,2.075,2.261,6.226,6.783,599,599,60,60,0,0,0,0,,,,,,,,,,,,,,,,,0.0,0.0,0,0,1240.0,990.0,0.8477,1.0788,1,1,0
2026-09-28T22:36:18.863225+09:00,66079924,9d29af73,2026-09-28T22:36:18.863225+09:00,2026-09-28T22:36:18.901766+09:00,rail-left-01,rail-right-01,0.6.7-draft,0.6.7-draft,mqtt,mqtt,1122.49,883.39,6.538,6.267,-0.081,-0.018,-0.06,-0.196,10.447,9.664,-0.0637,0.0286,0.0378,0.052,-0.0021,-0.006,24.96,24.93,16607,18049,2.076,2.256,6.228,6.768,600,600,60,60,0,0,0,0,,,,,,,,,,,,,,,,,0.0,0.0,0,0,1241.1,991.1,0.8477,1.0788,1,1,0
2026-09-28T22:36:18.944576+09:00,66208612,9d29af73,2026-09-28T22:36:18.944576+09:00,2026-09-28T22:36:19.027067+09:00,rail-left-01,rail-right-01,0.6.7-draft,0.6.7-draft,mqtt,mqtt,1130.34,889.71,6.54,6.251,-0.017,0.0,-0.133,-0.439,10.423,9.662,-0.0601,0.0317,0.0373,0.0529,-0.0092,-0.0101,24.97,24.93,16612,18013,2.077,2.252,6.23,6.755,601,601,61,61,0,0,0,0,,,,,,,,,,,,,,,,,0.0,0.0,0,0,1247.8,997.8,0.8477,1.0788,1,1,0
2026-09-28T22:36:18.964737+09:00,66228773,9d29af73,2026-09-28T22:36:18.964737+09:00,2026-09-28T22:36:19.047228+09:00,rail-left-01,rail-right-01,0.6.7-draft,0.6.7-draft,mqtt,mqtt,1131.59,890.65,6.696,6.008,0.095,0.08,0.081,-0.148,10.333,9.789,-0.0578,0.033,0.0397,0.057,-0.0108,-0.0088,24.97,24.91,17000,17474,2.125,2.184,6.375,6.553,602,602,61,61,0,0,0,0,,,,,,,,,,,,,,,,,0.0,0.0,0,0,1248.8,998.8,0.8477,1.0788,1,1,0
2026-09-28T22:36:18.984683+09:00,66248719,9d29af73,2026-09-28T22:36:18.984683+09:00,2026-09-28T22:36:19.067174+09:00,rail-left-01,rail-right-01,0.6.7-draft,0.6.7-draft,mqtt,mqtt,1132.83,891.65,6.69,6.015,-0.086,-0.104,0.054,-0.248,10.416,9.707,-0.0624,0.0329,0.0389,0.0566,-0.0112,-0.0056,24.97,24.92,16984,17490,2.123,2.186,6.369,6.559,603,603,61,61,0,0,0,0,,,,,,,,,,,,,,,,,0.0,0.0,0,0,1249.9,999.9,0.8477,1.0788,1,1,0
2026-09-28T22:36:19.004628+09:00,66268664,9d29af73,2026-09-28T22:36:19.004628+09:00,2026-09-28T22:36:19.087119+09:00,rail-left-01,rail-right-01,0.6.7-draft,0.6.7-draft,mqtt,mqtt,1134.02,892.64,6.691,6.006,-0.036,0.007,0.145,-0.238,10.515,9.653,-0.0654,0.0306,0.0404,0.0538,-0.0015,-0.0044,24.97,24.92,16987,17469,2.123,2.184,6.37,6.551,604,604,61,61,0,0,0,0,,,,,,,,,,,,,,,,,0.0,0.0,0,0,1250.9,1000.9,0.8477,1.0788,1,1,0
2026-09-28T22:36:19.024687+09:00,66288723,9d29af73,2026-09-28T22:36:19.024687+09:00,2026-09-28T22:36:19.107178+09:00,rail-left-01,rail-right-01,0.6.7-draft,0.6.7-draft,mqtt,mqtt,1135.27,893.59,6.679,6.005,0.15,0.165,0.156,-0.071,10.646,9.71,-0.0626,0.033,0.038,0.053,-0.0093,-0.0045,24.98,24.93,16957,17467,2.12,2.183,6.359,6.55,605,605,61,61,0,0,0,0,,,,,,,,,,,,,,,,,0.0,0.0,0,0,1251.9,1001.9,0.8477,1.0788,1,1,0
2026-09-28T22:36:19.045145+09:00,66309181,9d29af73,2026-09-28T22:36:19.045145+09:00,2026-09-28T22:36:19.127636+09:00,rail-left-01,rail-right-01,0.6.7-draft,0.6.7-draft,mqtt,mqtt,1136.51,894.58,6.691,5.997,-0.126,-0.107,-0.034,-0.236,10.404,9.712,-0.0617,0.0328,0.0369,0.0576,-0.0081,-0.0052,24.97,24.93,16986,17443,2.123,2.18,6.37,6.541,606,606,61,61,0,0,0,0,,,,,,,,,,,,,,,,,0.0,0.0,0,0,1253.0,1003.0,0.8477,1.0788,1,1,0
2026-09-28T22:36:19.064630+09:00,66328666,9d29af73,2026-09-28T22:36:19.064630+09:00,2026-09-28T22:36:19.147121+09:00,rail-left-01,rail-right-01,0.6.7-draft,0.6.7-draft,mqtt,mqtt,1137.7,895.58,6.685,5.995,0.085,0.113,-0.024,-0.227,10.404,9.816,-0.0609,0.0289,0.0412,0.0617,-0.0097,-0.0105,24.97,24.93,16973,17434,2.122,2.179,6.365,6.538,607,607,61,61,0,0,0,0,,,,,,,,,,,,,,,,,0.0,0.0,0,0,1254.0,1004.0,0.8477,1.0788,1,1,0
2026-09-28T22:36:19.084579+09:00,66348615,9d29af73,2026-09-28T22:36:19.084579+09:00,2026-09-28T22:36:19.167070+09:00,rail-left-01,rail-right-01,0.6.7-draft,0.6.7-draft,mqtt,mqtt,1138.95,896.52,6.663,6.007,-0.017,-0.066,0.285,-0.083,10.496,9.738,-0.0645,0.0324,0.0372,0.0592,-0.0056,-0.0036,24.97,24.94,16918,17472,2.115,2.184,6.344,6.552,608,608,61,61,0,0,0,0,,,,,,,,,,,,,,,,,0.0,0.0,0,0,1255.1,1005.1,0.8477,1.0788,1,1,0
2026-09-28T22:36:19.104637+09:00,66368673,9d29af73,2026-09-28T22:36:19.104637+09:00,2026-09-28T22:36:19.187128+09:00,rail-left-01,rail-right-01,0.6.7-draft,0.6.7-draft,mqtt,mqtt,1140.19,897.51,6.67,6.007,-0.051,-0.022,0.152,-0.414,10.525,9.761,-0.0649,0.0344,0.0385,0.0541,-0.0055,-0.0003,24.99,24.92,16935,17472,2.117,2.184,6.351,6.552,609,609,61,61,0,0,0,0,,,,,,,,,,,,,,,,,0.0,0.0,0,0,1256.1,1006.1,0.8477,1.0788,1,1,0
2026-09-28T22:36:19.124691+09:00,66388727,9d29af73,2026-09-28T22:36:19.124691+09:00,2026-09-28T22:36:19.207182+09:00,rail-left-01,rail-right-01,0.6.7-draft,0.6.7-draft,mqtt,mqtt,1141.38,898.46,6.661,6.011,0.208,0.202,-0.075,-0.107,10.32,9.687,-0.0666,0.0338,0.04,0.0561,-0.0036,0.0031,24.99,24.92,16912,17481,2.114,2.185,6.342,6.555,610,610,61,61,0,0,0,0,,,,,,,,,,,,,,,,,0.0,0.0,0,0,1257.1,1007.1,0.8477,1.0788,1,1,0
2026-09-28T22:36:19.256320+09:00,66514451,9d29af73,2026-09-28T22:36:19.256320+09:00,2026-09-28T22:36:19.337165+09:00,rail-left-01,rail-right-01,0.6.7-draft,0.6.7-draft,mqtt,mqtt,1149.14,904.62,6.662,6.016,-0.045,-0.057,0.145,-0.502,10.678,9.723,-0.0652,0.0325,0.0474,0.0601,-0.0128,-0.0043,24.97,24.92,16915,17491,2.114,2.186,6.343,6.559,611,611,62,62,0,0,0,0,,,,,,,,,,,,,,,,,0.0,0.0,0,0,1263.7,1013.7,0.8477,1.0788,1,1,0
2026-09-28T22:36:19.276508+09:00,66534639,9d29af73,2026-09-28T22:36:19.276508+09:00,2026-09-28T22:36:19.357353+09:00,rail-left-01,rail-right-01,0.6.7-draft,0.6.7-draft,mqtt,mqtt,1150.38,905.57,6.578,6.013,-0.016,0.034,-0.081,-0.226,10.807,9.871,-0.0655,0.0318,0.0421,0.054,-0.0109,-0.0031,24.99,24.91,16705,17485,2.088,2.186,6.264,6.557,612,612,62,62,0,0,0,0,,,,,,,,,,,,,,,,,0.0,0.0,0,0,1264.7,1014.7,0.8477,1.0788,1,1,0
2026-09-28T22:36:19.296476+09:00,66554607,9d29af73,2026-09-28T22:36:19.296476+09:00,2026-09-28T22:36:19.377321+09:00,rail-left-01,rail-right-01,0.6.7-draft,0.6.7-draft,mqtt,mqtt,1151.62,906.56,6.577,6.017,-0.06,-0.087,-0.026,-0.037,10.394,9.886,-0.0653,0.0305,0.0402,0.0589,-0.0139,-0.0097,24.98,24.95,16702,17493,2.088,2.187,6.263,6.56,613,613,62,62,0,0,0,0,,,,,,,,,,,,,,,,,0.0,0.0,0,0,1265.8,1015.8,0.8477,1.0788,1,1,0
2026-09-28T22:36:19.316449+09:00,66574580,9d29af73,2026-09-28T22:36:19.316449+09:00,2026-09-28T22:36:19.397294+09:00,rail-left-01,rail-right-01,0.6.7-draft,0.6.7-draft,mqtt,mqtt,1152.87,907.56,6.544,6.021,-0.043,-0.011,0.127,-0.324,10.727,9.646,-0.0614,0.0293,0.0405,0.0576,-0.0093,-0.0029,24.99,24.92,16620,17502,2.078,2.188,6.233,6.563,614,614,62,62,0,0,0,0,,,,,,,,,,,,,,,,,0.0,0.0,0,0,1266.9,1016.9,0.8477,1.0788,1,1,0
2026-09-28T22:36:19.337027+09:00,66595158,9d29af73,2026-09-28T22:36:19.337027+09:00,2026-09-28T22:36:19.417872+09:00,rail-left-01,rail-right-01,0.6.7-draft,0.6.7-draft,mqtt,mqtt,1154.11,908.55,6.546,6.017,-0.006,0.055,0.074,-0.014,10.561,9.943,-0.064,0.0288,0.0386,0.0577,-0.0113,-0.0081,24.99,24.94,16626,17493,2.078,2.187,6.235,6.56,615,615,62,62,0,0,0,0,,,,,,,,,,,,,,,,,0.0,0.0,0,0,1267.9,1017.9,0.8477,1.0788,1,1,0
2026-09-28T22:36:19.357191+09:00,66615322,9d29af73,2026-09-28T22:36:19.357191+09:00,2026-09-28T22:36:19.438036+09:00,rail-left-01,rail-right-01,0.6.7-draft,0.6.7-draft,mqtt,mqtt,1155.35,909.5,6.541,6.032,0.113,0.062,-0.05,-0.359,10.369,9.74,-0.071,0.0337,0.0428,0.0608,-0.0059,0.0004,24.96,24.9,16613,17527,2.077,2.191,6.23,6.573,616,616,62,62,0,0,0,0,,,,,,,,,,,,,,,,,0.0,0.0,0,0,1269.0,1019.0,0.8477,1.0788,1,1,0
2026-09-28T22:36:19.376460+09:00,66634591,9d29af73,2026-09-28T22:36:19.376460+09:00,2026-09-28T22:36:19.457305+09:00,rail-left-01,rail-right-01,0.6.7-draft,0.6.7-draft,mqtt,mqtt,1156.55,910.44,6.531,6.036,-0.117,-0.151,-0.011,-0.158,10.447,9.844,-0.0645,0.03,0.0398,0.0597,-0.0111,-0.0089,24.99,24.91,16589,17536,2.074,2.192,6.221,6.576,617,617,62,62,0,0,0,0,,,,,,,,,,,,,,,,,0.0,0.0,0,0,1270.0,1020.0,0.8477,1.0788,1,1,0
2026-09-28T22:36:19.396399+09:00,66654530,9d29af73,2026-09-28T22:36:19.396399+09:00,2026-09-28T22:36:19.477244+09:00,rail-left-01,rail-right-01,0.6.7-draft,0.6.7-draft,mqtt,mqtt,1157.79,911.44,6.5,6.06,0.113,0.15,0.091,-0.079,10.418,9.687,-0.0648,0.0313,0.0425,0.0581,-0.0056,-0.0021,24.97,24.94,16511,17590,2.064,2.199,6.192,6.596,618,618,62,62,0,0,0,0,,,,,,,,,,,,,,,,,0.0,0.0,0,0,1271.0,1021.0,0.8477,1.0788,1,1,0
2026-09-28T22:36:19.416348+09:00,66674480,9d29af73,2026-09-28T22:36:19.416348+09:00,2026-09-28T22:36:19.497194+09:00,rail-left-01,rail-right-01,0.6.7-draft,0.6.7-draft,mqtt,mqtt,1159.03,912.38,6.475,6.069,-0.081,-0.111,0.254,-0.266,10.379,9.734,-0.062,0.0329,0.0413,0.0525,-0.0035,-0.0012,24.96,24.91,16448,17610,2.056,2.201,6.168,6.604,619,619,62,62,0,0,0,0,,,,,,,,,,,,,,,,,0.0,0.0,0,0,1272.1,1022.1,0.8477,1.0788,1,1,0
2026-09-28T22:36:19.436398+09:00,66694529,9d29af73,2026-09-28T22:36:19.436398+09:00,2026-09-28T22:36:19.517243+09:00,rail-left-01,rail-right-01,0.6.7-draft,0.6.7-draft,mqtt,mqtt,1160.28,913.37,6.466,6.078,0.213,0.293,-0.018,-0.329,10.314,9.615,-0.0663,0.0333,0.045,0.0573,-0.0071,-0.0111,24.99,24.92,16427,17630,2.053,2.204,6.16,6.611,620,620,62,62,0,0,0,0,,,,,,,,,,,,,,,,,0.0,0.0,0,0,1273.1,1023.1,0.8477,1.0788,1,1,0
2026-09-28T22:36:19.563576+09:00,66825556,9d29af73,2026-09-28T22:36:19.563576+09:00,2026-09-28T22:36:19.656985+09:00,rail-left-01,rail-right-01,0.6.7-draft,0.6.7-draft,mqtt,mqtt,1168.43,919.74,6.46,6.087,-0.102,-0.103,0.204,-0.39,10.391,9.657,-0.0685,0.0324,0.0412,0.0549,0.0007,-0.002,24.97,24.92,16412,17648,2.052,2.206,6.155,6.618,621,621,63,63,0,0,0,0,,,,,,,,,,,,,,,,,0.0,0.0,0,0,1280.0,1030.0,0.8477,1.0788,1,1,0
2026-09-28T22:36:19.583730+09:00,66845710,9d29af73,2026-09-28T22:36:19.583730+09:00,2026-09-28T22:36:19.677139+09:00,rail-left-01,rail-right-01,0.6.7-draft,0.6.7-draft,mqtt,mqtt,1169.67,920.73,6.433,6.166,0.178,0.225,0.122,-0.004,10.32,9.588,-0.0644,0.0294,0.045,0.0578,-0.0033,-0.0105,25.0,24.94,16344,17824,2.043,2.228,6.129,6.684,622,622,63,63,0,0,0,0,,,,,,,,,,,,,,,,,0.0,0.0,0,0,1281.1,1031.1,0.8477,1.0788,1,1,0
2026-09-28T22:36:19.603693+09:00,66865672,9d29af73,2026-09-28T22:36:19.603693+09:00,2026-09-28T22:36:19.697101+09:00,rail-left-01,rail-right-01,0.6.7-draft,0.6.7-draft,mqtt,mqtt,1170.87,921.68,6.429,6.198,-0.061,0.012,0.224,-0.242,10.363,9.662,-0.0626,0.0312,0.038,0.0574,0.0005,-0.0017,24.98,24.94,16335,17895,2.042,2.237,6.126,6.711,623,623,63,63,0,0,0,0,,,,,,,,,,,,,,,,,0.0,0.0,0,0,1282.1,1032.1,0.8477,1.0788,1,1,0
2026-09-28T22:36:19.623653+09:00,66885633,9d29af73,2026-09-28T22:36:19.623653+09:00,2026-09-28T22:36:19.717062+09:00,rail-left-01,rail-right-01,0.6.7-draft,0.6.7-draft,mqtt,mqtt,1172.11,922.67,6.44,6.21,-0.133,-0.054,0.14,-0.284,10.272,9.674,-0.0598,0.0325,0.048,0.0561,-0.0096,-0.0001,24.99,24.95,16361,17922,2.045,2.24,6.135,6.721,624,624,63,63,0,0,0,0,,,,,,,,,,,,,,,,,0.0,0.0,0,0,1283.2,1033.2,0.8477,1.0788,1,1,0
2026-09-28T22:36:19.643724+09:00,66905703,9d29af73,2026-09-28T22:36:19.643724+09:00,2026-09-28T22:36:19.737132+09:00,rail-left-01,rail-right-01,0.6.7-draft,0.6.7-draft,mqtt,mqtt,1173.35,923.67,6.403,6.242,0.195,0.136,-0.001,-0.351,10.653,9.643,-0.06,0.0345,0.0485,0.0578,-0.008,0.0028,24.97,24.92,16269,17994,2.034,2.249,6.101,6.748,625,625,63,63,0,0,0,0,,,,,,,,,,,,,,,,,0.0,0.0,0,0,1284.2,1034.2,0.8477,1.0788,1,1,0
2026-09-28T22:36:19.663709+09:00,66925689,9d29af73,2026-09-28T22:36:19.663709+09:00,2026-09-28T22:36:19.757118+09:00,rail-left-01,rail-right-01,0.6.7-draft,0.6.7-draft,mqtt,mqtt,1174.59,924.61,6.407,6.245,-0.084,0.08,0.093,-0.221,9.758,9.716,-0.0747,0.0318,0.037,0.046,0.0001,0.0017,24.99,24.94,16280,18000,2.035,2.25,6.105,6.75,626,626,63,63,0,0,0,0,,,,,,,,,,,,,,,,,0.0,0.0,0,0,1285.3,1035.3,0.8477,1.0788,1,1,0
2026-09-28T22:36:19.683734+09:00,66945714,9d29af73,2026-09-28T22:36:19.683734+09:00,2026-09-28T22:36:19.777143+09:00,rail-left-01,rail-right-01,0.6.7-draft,0.6.7-draft,mqtt,mqtt,1175.84,925.6,6.416,6.244,0.239,0.017,0.071,-0.105,10.293,9.795,-0.0715,0.0362,0.036,0.0645,0.0108,-0.0035,24.97,24.93,16303,17997,2.038,2.25,6.114,6.749,627,627,63,63,0,0,0,0,,,,,,,,,,,,,,,,,0.0,0.0,0,0,1286.3,1036.3,0.8477,1.0788,1,1,0
2026-09-28T22:36:19.703712+09:00,66965691,9d29af73,2026-09-28T22:36:19.703712+09:00,2026-09-28T22:36:19.797120+09:00,rail-left-01,rail-right-01,0.6.7-draft,0.6.7-draft,mqtt,mqtt,1177.08,926.55,6.446,6.241,0.115,0.14,0.103,-0.213,10.536,9.662,-0.0661,0.0348,0.0381,0.053,-0.0056,0.0003,25.0,24.93,16376,17990,2.047,2.249,6.141,6.746,628,628,63,63,0,0,0,0,,,,,,,,,,,,,,,,,0.0,0.0,0,0,1287.4,1037.4,0.8477,1.0788,1,1,0
2026-09-28T22:36:19.723678+09:00,66985658,9d29af73,2026-09-28T22:36:19.723678+09:00,2026-09-28T22:36:19.817087+09:00,rail-left-01,rail-right-01,0.6.7-draft,0.6.7-draft,mqtt,mqtt,1178.27,927.54,6.422,6.249,-0.013,-0.056,0.177,-0.192,10.268,9.821,-0.0636,0.0329,0.0396,0.0586,-0.0064,-0.0013,24.98,24.92,16317,18009,2.04,2.251,6.119,6.753,629,629,63,63,0,0,0,0,,,,,,,,,,,,,,,,,0.0,0.0,0,0,1288.4,1038.4,0.8477,1.0788,1,1,0
2026-09-28T22:36:19.743758+09:00,67005737,9d29af73,2026-09-28T22:36:19.743758+09:00,2026-09-28T22:36:19.837166+09:00,rail-left-01,rail-right-01,0.6.7-draft,0.6.7-draft,mqtt,mqtt,1179.52,928.49,6.407,6.271,-0.016,-0.03,-0.011,-0.186,10.399,9.7,-0.0616,0.0341,0.0446,0.0613,-0.0107,-0.0025,24.99,24.93,16281,18058,2.035,2.257,6.105,6.772,630,630,63,63,0,0,0,0,,,,,,,,,,,,,,,,,0.0,0.0,0,0,1289.4,1039.4,0.8477,1.0788,1,1,0
2026-09-28T22:36:19.931905+09:00,67146443,9d29af73,2026-09-28T22:36:19.931905+09:00,2026-09-28T22:36:20.027666+09:00,rail-left-01,rail-right-01,0.6.7-draft,0.6.7-draft,mqtt,mqtt,1188.22,935.35,6.388,6.277,-0.012,0.02,0.286,-0.218,10.426,9.578,-0.0673,0.0288,0.0453,0.0594,-0.0141,-0.0127,24.99,24.91,16232,18070,2.029,2.259,6.087,6.776,631,631,64,64,0,0,0,0,,,,,,,,,,,,,,,,,0.0,0.0,0,0,1296.8,1046.8,0.8477,1.0788,1,1,0
2026-09-28T22:36:19.952055+09:00,67166593,9d29af73,2026-09-28T22:36:19.952055+09:00,2026-09-28T22:36:20.047816+09:00,rail-left-01,rail-right-01,0.6.7-draft,0.6.7-draft,mqtt,mqtt,1189.46,936.29,6.304,6.409,0.042,0.06,-0.162,-0.318,10.373,9.644,-0.0618,0.0333,0.0392,0.0552,-0.0035,-0.0016,24.98,24.92,16024,18363,2.003,2.295,6.009,6.886,632,632,64,64,0,0,0,0,,,,,,,,,,,,,,,,,0.0,0.0,0,0,1297.9,1047.9,0.8477,1.0788,1,1,0
2026-09-28T22:36:19.972007+09:00,67186545,9d29af73,2026-09-28T22:36:19.972007+09:00,2026-09-28T22:36:20.067768+09:00,rail-left-01,rail-right-01,0.6.7-draft,0.6.7-draft,mqtt,mqtt,1190.7,937.29,6.297,6.421,-0.062,-0.083,0.104,0.016,10.666,9.741,-0.0705,0.0354,0.0426,0.0598,-0.0073,-0.008,25.01,24.96,16006,18391,2.001,2.299,6.002,6.897,633,633,64,64,0,0,0,0,,,,,,,,,,,,,,,,,0.0,0.0,0,0,1298.9,1048.9,0.8477,1.0788,1,1,0
2026-09-28T22:36:19.991991+09:00,67206529,9d29af73,2026-09-28T22:36:19.991991+09:00,2026-09-28T22:36:20.087752+09:00,rail-left-01,rail-right-01,0.6.7-draft,0.6.7-draft,mqtt,mqtt,1191.95,938.23,6.321,6.435,0.054,0.044,-0.005,-0.13,10.581,9.877,-0.079,0.0325,0.0352,0.0504,-0.0092,-0.0033,24.99,24.93,16066,18422,2.008,2.303,6.025,6.908,634,634,64,64,0,0,0,0,,,,,,,,,,,,,,,,,0.0,0.0,0,0,1300.0,1050.0,0.8477,1.0788,1,1,0
2026-09-28T22:36:20.012086+09:00,67226624,9d29af73,2026-09-28T22:36:20.012086+09:00,2026-09-28T22:36:20.107847+09:00,rail-left-01,rail-right-01,0.6.7-draft,0.6.7-draft,mqtt,mqtt,1193.19,939.23,6.344,6.444,-0.043,-0.114,0.409,-0.145,10.876,9.828,-0.0714,0.0325,0.0401,0.0566,-0.0081,-0.0064,24.97,24.92,16123,18442,2.015,2.305,6.046,6.916,635,635,64,64,0,0,0,0,,,,,,,,,,,,,,,,,0.0,0.0,0,0,1301.0,1051.0,0.8477,1.0788,1,1,0
2026-09-28T22:36:20.032244+09:00,67246782,9d29af73,2026-09-28T22:36:20.032244+09:00,2026-09-28T22:36:20.128005+09:00,rail-left-01,rail-right-01,0.6.7-draft,0.6.7-draft,mqtt,mqtt,1194.43,940.22,6.415,6.463,0.042,0.119,-0.113,-0.363,10.882,9.829,-0.0572,0.0353,0.0324,0.0492,-0.006,-0.0011,24.98,24.93,16300,18483,2.038,2.31,6.113,6.931,636,636,64,64,0,0,0,0,,,,,,,,,,,,,,,,,0.0,0.0,0,0,1302.1,1052.1,0.8477,1.0788,1,1,0
2026-09-28T22:36:20.052038+09:00,67266576,9d29af73,2026-09-28T22:36:20.052038+09:00,2026-09-28T22:36:20.147799+09:00,rail-left-01,rail-right-01,0.6.7-draft,0.6.7-draft,mqtt,mqtt,1195.62,941.17,6.448,6.473,-0.023,-0.13,-0.087,-0.37,10.367,9.861,-0.0586,0.0329,0.0361,0.0552,-0.0109,-0.0025,24.98,24.91,16383,18506,2.048,2.313,6.144,6.94,637,637,64,64,0,0,0,0,,,,,,,,,,,,,,,,,0.0,0.0,0,0,1303.1,1053.1,0.8477,1.0788,1,1,0
2026-09-28T22:36:20.072019+09:00,67286557,9d29af73,2026-09-28T22:36:20.072019+09:00,2026-09-28T22:36:20.167780+09:00,rail-left-01,rail-right-01,0.6.7-draft,0.6.7-draft,mqtt,mqtt,1196.87,942.16,6.476,6.489,0.042,0.004,0.018,-0.133,10.475,9.701,-0.0666,0.0318,0.0404,0.0598,-0.0133,-0.0079,24.97,24.93,16451,18541,2.056,2.318,6.169,6.953,638,638,64,64,0,0,0,0,,,,,,,,,,,,,,,,,0.0,0.0,0,0,1304.1,1054.1,0.8477,1.0788,1,1,0
2026-09-28T22:36:20.092065+09:00,67306603,9d29af73,2026-09-28T22:36:20.092065+09:00,2026-09-28T22:36:20.187826+09:00,rail-left-01,rail-right-01,0.6.7-draft,0.6.7-draft,mqtt,mqtt,1198.11,943.11,6.483,6.503,-0.09,-0.101,0.22,-0.032,10.532,9.697,-0.064,0.0321,0.0434,0.057,-0.008,-0.0068,24.99,24.91,16470,18571,2.059,2.321,6.176,6.964,639,639,64,64,0,0,0,0,,,,,,,,,,,,,,,,,0.0,0.0,0,0,1305.2,1055.2,0.8477,1.0788,1,1,0
2026-09-28T22:36:20.112320+09:00,67326858,9d29af73,2026-09-28T22:36:20.112320+09:00,2026-09-28T22:36:20.208081+09:00,rail-left-01,rail-right-01,0.6.7-draft,0.6.7-draft,mqtt,mqtt,1199.35,944.1,6.503,6.503,0.102,0.169,0.067,-0.145,10.28,9.673,-0.067,0.0312,0.034,0.0496,-0.0015,0.0035,24.99,24.91,16520,18571,2.065,2.321,6.195,6.964,640,640,64,64,0,0,0,0,,,,,,,,,,,,,,,,,0.0,0.0,0,0,1306.3,1056.3,0.8477,1.0788,1,1,0
2026-09-28T22:36:20.301052+09:00,67515455,9d29af73,2026-09-28T22:36:20.301052+09:00,2026-09-28T22:36:20.385311+09:00,rail-left-01,rail-right-01,0.6.7-draft,0.6.7-draft,mqtt,mqtt,1210.89,953.3,6.512,6.495,-0.038,-0.029,0.105,-0.171,10.495,9.663,-0.0638,0.0269,0.0349,0.052,-0.0009,-0.0052,24.99,24.91,16542,18555,2.068,2.319,6.203,6.958,641,641,65,65,0,0,0,0,,,,,,,,,,,,,,,,,0.0,0.0,0,0,1316.0,1066.0,0.8477,1.0788,1,1,0
2026-09-28T22:36:20.321221+09:00,67535624,9d29af73,2026-09-28T22:36:20.321221+09:00,2026-09-28T22:36:20.405480+09:00,rail-left-01,rail-right-01,0.6.7-draft,0.6.7-draft,mqtt,mqtt,1212.13,954.29,6.547,6.362,0.048,0.053,0.086,-0.426,10.421,9.576,-0.0657,0.0345,0.0353,0.0536,-0.0059,-0.0031,24.99,24.93,16628,18260,2.079,2.283,6.236,6.847,642,642,65,65,0,0,0,0,,,,,,,,,,,,,,,,,0.0,0.0,0,0,1317.1,1067.1,0.8477,1.0788,1,1,0
2026-09-28T22:36:20.341110+09:00,67555513,9d29af73,2026-09-28T22:36:20.341110+09:00,2026-09-28T22:36:20.425369+09:00,rail-left-01,rail-right-01,0.6.7-draft,0.6.7-draft,mqtt,mqtt,1213.32,955.24,6.563,6.352,-0.08,-0.055,0.042,0.077,10.397,9.708,-0.0565,0.0309,0.028,0.0482,-0.0056,-0.0021,24.99,24.92,16669,18237,2.084,2.28,6.251,6.839,643,643,65,65,0,0,0,0,,,,,,,,,,,,,,,,,0.0,0.0,0,0,1318.1,1068.1,0.8477,1.0788,1,1,0
2026-09-28T22:36:20.361093+09:00,67575496,9d29af73,2026-09-28T22:36:20.361093+09:00,2026-09-28T22:36:20.445352+09:00,rail-left-01,rail-right-01,0.6.7-draft,0.6.7-draft,mqtt,mqtt,1214.57,956.23,6.628,6.334,0.132,0.275,0.071,-0.396,10.32,9.608,-0.0585,0.0329,0.0313,0.0508,-0.0081,-0.0113,24.97,24.93,16829,18197,2.104,2.275,6.311,6.824,644,644,65,65,0,0,0,0,,,,,,,,,,,,,,,,,0.0,0.0,0,0,1319.2,1069.2,0.8477,1.0788,1,1,0
2026-09-28T22:36:20.381668+09:00,67596071,9d29af73,2026-09-28T22:36:20.381668+09:00,2026-09-28T22:36:20.465927+09:00,rail-left-01,rail-right-01,0.6.7-draft,0.6.7-draft,mqtt,mqtt,1215.81,957.23,6.673,6.325,-0.083,-0.065,-0.083,-0.224,10.41,9.724,-0.0577,0.034,0.0349,0.0556,-0.0049,-0.0056,24.99,24.93,16942,18178,2.118,2.272,6.353,6.817,645,645,65,65,0,0,0,0,,,,,,,,,,,,,,,,,0.0,0.0,0,0,1320.2,1070.2,0.8477,1.0788,1,1,0
2026-09-28T22:36:20.401624+09:00,67616027,9d29af73,2026-09-28T22:36:20.401624+09:00,2026-09-28T22:36:20.485883+09:00,rail-left-01,rail-right-01,0.6.7-draft,0.6.7-draft,mqtt,mqtt,1217.0,958.22,6.682,6.324,0.071,0.087,0.135,-0.297,10.461,9.637,-0.0597,0.0329,0.0373,0.0554,-0.0064,-0.002,24.98,24.94,16964,18175,2.121,2.272,6.362,6.816,646,646,65,65,0,0,0,0,,,,,,,,,,,,,,,,,0.0,0.0,0,0,1321.2,1071.2,0.8477,1.0788,1,1,0
2026-09-28T22:36:20.421241+09:00,67635644,9d29af73,2026-09-28T22:36:20.421241+09:00,2026-09-28T22:36:20.505500+09:00,rail-left-01,rail-right-01,0.6.7-draft,0.6.7-draft,mqtt,mqtt,1218.2,959.16,6.681,6.31,-0.007,0.023,0.024,-0.204,10.296,9.783,-0.0648,0.0357,0.034,0.0505,-0.0089,-0.0064,24.98,24.92,16961,18143,2.12,2.268,6.36,6.804,647,647,65,65,0,0,0,0,,,,,,,,,,,,,,,,,0.0,0.0,0,0,1322.2,1072.2,0.8477,1.0788,1,1,0
2026-09-28T22:36:20.441184+09:00,67655587,9d29af73,2026-09-28T22:36:20.441184+09:00,2026-09-28T22:36:20.525443+09:00,rail-left-01,rail-right-01,0.6.7-draft,0.6.7-draft,mqtt,mqtt,1219.44,960.16,6.694,6.287,0.072,0.014,0.111,-0.229,10.385,9.695,-0.0586,0.0376,0.0338,0.0514,-0.0076,-0.008,24.95,24.94,16995,18092,2.124,2.262,6.373,6.785,648,648,65,65,0,0,0,0,,,,,,,,,,,,,,,,,0.0,0.0,0,0,1323.3,1073.3,0.8477,1.0788,1,1,0
2026-09-28T22:36:20.461143+09:00,67675546,9d29af73,2026-09-28T22:36:20.461143+09:00,2026-09-28T22:36:20.545402+09:00,rail-left-01,rail-right-01,0.6.7-draft,0.6.7-draft,mqtt,mqtt,1220.63,961.15,6.721,6.248,0.083,0.084,-0.059,-0.164,10.311,9.953,-0.0605,0.0313,0.0312,0.0534,-0.0095,-0.0072,24.97,24.93,17061,18006,2.133,2.251,6.398,6.752,649,649,65,65,0,0,0,0,,,,,,,,,,,,,,,,,0.0,0.0,0,0,1324.3,1074.3,0.8477,1.0788,1,1,0
2026-09-28T22:36:20.481352+09:00,67695755,9d29af73,2026-09-28T22:36:20.481352+09:00,2026-09-28T22:36:20.565611+09:00,rail-left-01,rail-right-01,0.6.7-draft,0.6.7-draft,mqtt,mqtt,1221.88,962.1,6.721,6.238,0.113,0.068,0.245,-0.388,10.688,9.877,-0.0637,0.0324,0.0456,0.061,-0.0123,-0.0079,24.99,24.92,17062,17985,2.133,2.248,6.398,6.744,650,650,65,65,0,0,0,0,,,,,,,,,,,,,,,,,0.0,0.0,0,0,1325.4,1075.4,0.8477,1.0788,1,1,0
2026-09-28T22:36:20.611768+09:00,67873405,9d29af73,2026-09-28T22:36:20.611768+09:00,2026-09-28T22:36:20.694659+09:00,rail-left-01,rail-right-01,0.6.7-draft,0.6.7-draft,mqtt,mqtt,1232.76,970.8,6.717,6.251,-0.083,-0.045,0.16,-0.261,10.526,9.633,-0.0661,0.0308,0.0426,0.0596,-0.0085,-0.0109,24.98,24.94,17052,18012,2.132,2.252,6.394,6.755,651,651,66,66,0,0,0,0,,,,,,,,,,,,,,,,,0.0,0.0,0,0,1334.6,1084.6,0.8477,1.0788,1,1,0
2026-09-28T22:36:20.631889+09:00,67893526,9d29af73,2026-09-28T22:36:20.631889+09:00,2026-09-28T22:36:20.714780+09:00,rail-left-01,rail-right-01,0.6.7-draft,0.6.7-draft,mqtt,mqtt,1234.01,971.79,6.763,6.204,0.057,0.075,0.166,-0.162,10.542,9.785,-0.0685,0.0326,0.0361,0.0557,-0.0096,-0.0044,24.98,24.95,17165,17909,2.146,2.239,6.437,6.716,652,652,66,66,0,0,0,0,,,,,,,,,,,,,,,,,0.0,0.0,0,0,1335.6,1085.6,0.8477,1.0788,1,1,0
2026-09-28T22:36:20.651827+09:00,67913465,9d29af73,2026-09-28T22:36:20.651827+09:00,2026-09-28T22:36:20.734719+09:00,rail-left-01,rail-right-01,0.6.7-draft,0.6.7-draft,mqtt,mqtt,1235.2,972.79,6.747,6.216,0.096,0.047,0.026,-0.182,10.455,9.791,-0.0681,0.0341,0.0394,0.0618,-0.0072,-0.0039,24.98,24.95,17127,17936,2.141,2.242,6.423,6.726,653,653,66,66,0,0,0,0,,,,,,,,,,,,,,,,,0.0,0.0,0,0,1336.6,1086.6,0.8477,1.0788,1,1,0
2026-09-28T22:36:20.671929+09:00,67933566,9d29af73,2026-09-28T22:36:20.671929+09:00,2026-09-28T22:36:20.754820+09:00,rail-left-01,rail-right-01,0.6.7-draft,0.6.7-draft,mqtt,mqtt,1236.44,973.73,6.734,6.215,-0.126,-0.038,-0.065,-0.189,10.61,9.714,-0.0675,0.0285,0.0376,0.0564,-0.0119,-0.0059,24.99,24.94,17093,17932,2.137,2.242,6.41,6.725,654,654,66,66,0,0,0,0,,,,,,,,,,,,,,,,,0.0,0.0,0,0,1337.7,1087.7,0.8477,1.0788,1,1,0
2026-09-28T22:36:20.691882+09:00,67953519,9d29af73,2026-09-28T22:36:20.691882+09:00,2026-09-28T22:36:20.774773+09:00,rail-left-01,rail-right-01,0.6.7-draft,0.6.7-draft,mqtt,mqtt,1237.64,974.73,6.726,6.227,0.172,0.128,0.054,-0.259,10.3,9.861,-0.0626,0.032,0.0405,0.0606,-0.0109,-0.0069,24.99,24.92,17075,17959,2.134,2.245,6.403,6.735,655,655,66,66,0,0,0,0,,,,,,,,,,,,,,,,,0.0,0.0,0,0,1338.7,1088.7,0.8477,1.0788,1,1,0
2026-09-28T22:36:20.711875+09:00,67973512,9d29af73,2026-09-28T22:36:20.711875+09:00,2026-09-28T22:36:20.794766+09:00,rail-left-01,rail-right-01,0.6.7-draft,0.6.7-draft,mqtt,mqtt,1238.88,975.72,6.709,6.22,0.004,0.142,-0.018,-0.141,10.315,9.621,-0.0737,0.0294,0.0372,0.055,-0.0064,-0.0076,24.99,24.92,17032,17945,2.129,2.243,6.387,6.729,656,656,66,66,0,0,0,0,,,,,,,,,,,,,,,,,0.0,0.0,0,0,1339.8,1089.8,0.8477,1.0788,1,1,0
2026-09-28T22:36:20.731805+09:00,67993442,9d29af73,2026-09-28T22:36:20.731805+09:00,2026-09-28T22:36:20.814696+09:00,rail-left-01,rail-right-01,0.6.7-draft,0.6.7-draft,mqtt,mqtt,1240.12,976.67,6.704,6.21,0.074,0.062,0.33,-0.279,10.38,9.699,-0.0687,0.0332,0.038,0.0584,-0.0035,-0.0049,24.98,24.94,17019,17923,2.127,2.24,6.382,6.721,657,657,66,66,0,0,0,0,,,,,,,,,,,,,,,,,0.0,0.0,0,0,1340.8,1090.8,0.8477,1.0788,1,1,0
2026-09-28T22:36:20.751919+09:00,68013556,9d29af73,2026-09-28T22:36:20.751919+09:00,2026-09-28T22:36:20.834810+09:00,rail-left-01,rail-right-01,0.6.7-draft,0.6.7-draft,mqtt,mqtt,1241.37,977.66,6.693,6.21,0.069,0.0,-0.297,-0.223,10.404,9.766,-0.0654,0.0361,0.0377,0.0597,-0.0049,-0.0055,24.98,24.94,16992,17921,2.124,2.24,6.372,6.72,658,658,66,66,0,0,0,0,,,,,,,,,,,,,,,,,0.0,0.0,0,0,1341.9,1091.9,0.8477,1.0788,1,1,0
2026-09-28T22:36:20.771863+09:00,68033500,9d29af73,2026-09-28T22:36:20.771863+09:00,2026-09-28T22:36:20.854754+09:00,rail-left-01,rail-right-01,0.6.7-draft,0.6.7-draft,mqtt,mqtt,1242.56,978.65,6.663,6.196,0.136,0.14,0.189,-0.043,10.415,9.905,-0.0637,0.033,0.0369,0.0577,-0.0047,-0.0059,25.0,24.9,16916,17890,2.115,2.236,6.344,6.709,659,659,66,66,0,0,0,0,,,,,,,,,,,,,,,,,0.0,0.0,0,0,1342.9,1092.9,0.8477,1.0788,1,1,0
2026-09-28T22:36:20.792348+09:00,68053985,9d29af73,2026-09-28T22:36:20.792348+09:00,2026-09-28T22:36:20.875239+09:00,rail-left-01,rail-right-01,0.6.7-draft,0.6.7-draft,mqtt,mqtt,1243.85,979.65,6.663,6.19,0.08,0.055,0.267,-0.174,10.372,9.755,-0.0685,0.0334,0.0376,0.0577,-0.0032,-0.0017,24.96,24.93,16917,17877,2.115,2.235,6.344,6.704,660,660,66,66,0,0,0,0,,,,,,,,,,,,,,,,,0.0,0.0,0,0,1344.0,1094.0,0.8477,1.0788,1,1,0
2026-09-28T22:36:20.921870+09:00,68182446,9d29af73,2026-09-28T22:36:20.921870+09:00,2026-09-28T22:36:21.012146+09:00,rail-left-01,rail-right-01,0.6.7-draft,0.6.7-draft,mqtt,mqtt,1251.76,985.91,6.655,6.191,0.075,0.081,0.368,-0.279,10.295,9.823,-0.0608,0.0364,0.0397,0.0533,-0.0108,-0.0076,24.96,24.95,16896,17880,2.112,2.235,6.336,6.705,661,661,67,67,0,0,0,0,,,,,,,,,,,,,,,,,0.0,0.0,0,0,1350.7,1100.7,0.8477,1.0788,1,1,0
2026-09-28T22:36:20.942028+09:00,68202604,9d29af73,2026-09-28T22:36:20.942028+09:00,2026-09-28T22:36:21.032304+09:00,rail-left-01,rail-right-01,0.6.7-draft,0.6.7-draft,mqtt,mqtt,1253.0,986.91,6.567,6.214,-0.072,-0.103,-0.078,-0.199,10.424,9.776,-0.067,0.0326,0.0398,0.0604,-0.0069,-0.0061,24.99,24.94,16678,17930,2.085,2.241,6.254,6.724,662,662,67,67,0,0,0,0,,,,,,,,,,,,,,,,,0.0,0.0,0,0,1351.7,1101.7,0.8477,1.0788,1,1,0
2026-09-28T22:36:20.961996+09:00,68222572,9d29af73,2026-09-28T22:36:20.961996+09:00,2026-09-28T22:36:21.052272+09:00,rail-left-01,rail-right-01,0.6.7-draft,0.6.7-draft,mqtt,mqtt,1254.24,987.85,6.568,6.212,0.06,0.053,0.17,-0.181,10.362,9.94,-0.0633,0.0304,0.0341,0.0569,-0.0076,-0.0064,24.99,24.93,16680,17927,2.085,2.241,6.255,6.723,663,663,67,67,0,0,0,0,,,,,,,,,,,,,,,,,0.0,0.0,0,0,1352.8,1102.8,0.8477,1.0788,1,1,0
2026-09-28T22:36:20.981977+09:00,68242553,9d29af73,2026-09-28T22:36:20.981977+09:00,2026-09-28T22:36:21.072253+09:00,rail-left-01,rail-right-01,0.6.7-draft,0.6.7-draft,mqtt,mqtt,1255.49,988.85,6.57,6.231,0.097,0.086,0.205,-0.205,10.587,9.533,-0.0625,0.0333,0.0426,0.0577,-0.0049,-0.0049,24.97,24.94,16686,17968,2.086,2.246,6.257,6.738,664,664,67,67,0,0,0,0,,,,,,,,,,,,,,,,,0.0,0.0,0,0,1353.8,1103.8,0.8477,1.0788,1,1,0
2026-09-28T22:36:21.002101+09:00,68262677,9d29af73,2026-09-28T22:36:21.002101+09:00,2026-09-28T22:36:21.092377+09:00,rail-left-01,rail-right-01,0.6.7-draft,0.6.7-draft,mqtt,mqtt,1256.73,989.84,6.569,6.236,-0.037,-0.02,0.042,-0.146,10.444,9.772,-0.0648,0.0342,0.0384,0.0544,-0.0059,-0.0023,24.98,24.92,16683,17980,2.085,2.248,6.256,6.743,665,665,67,67,0,0,0,0,,,,,,,,,,,,,,,,,0.0,0.0,0,0,1354.9,1104.9,0.8477,1.0788,1,1,0
2026-09-28T22:36:21.022134+09:00,68282710,9d29af73,2026-09-28T22:36:21.022134+09:00,2026-09-28T22:36:21.112410+09:00,rail-left-01,rail-right-01,0.6.7-draft,0.6.7-draft,mqtt,mqtt,1257.92,990.79,6.551,6.257,0.126,0.102,0.049,-0.378,10.251,9.665,-0.0604,0.0361,0.0422,0.0596,-0.0079,-0.0055,24.99,24.93,16639,18026,2.08,2.253,6.24,6.76,666,666,67,67,0,0,0,0,,,,,,,,,,,,,,,,,0.0,0.0,0,0,1355.9,1105.9,0.8477,1.0788,1,1,0
2026-09-28T22:36:21.042028+09:00,68302604,9d29af73,2026-09-28T22:36:21.042028+09:00,2026-09-28T22:36:21.132304+09:00,rail-left-01,rail-right-01,0.6.7-draft,0.6.7-draft,mqtt,mqtt,1259.16,991.78,6.537,6.258,-0.093,-0.001,-0.018,-0.312,10.216,9.747,-0.0674,0.032,0.0381,0.0557,-0.0061,-0.0079,24.98,24.94,16603,18029,2.075,2.254,6.226,6.761,667,667,67,67,0,0,0,0,,,,,,,,,,,,,,,,,0.0,0.0,0,0,1357.0,1107.0,0.8477,1.0788,1,1,0
2026-09-28T22:36:21.061901+09:00,68322477,9d29af73,2026-09-28T22:36:21.061901+09:00,2026-09-28T22:36:21.152177+09:00,rail-left-01,rail-right-01,0.6.7-draft,0.6.7-draft,mqtt,mqtt,1260.41,992.77,6.531,6.253,0.089,0.054,0.334,-0.135,10.73,9.674,-0.0629,0.0333,0.0436,0.0612,-0.0099,-0.0141,24.99,24.93,16589,18017,2.074,2.252,6.221,6.756,668,668,67,67,0,0,0,0,,,,,,,,,,,,,,,,,0.0,0.0,0,0,1358.0,1108.0,0.8477,1.0788,1,1,0
2026-09-28T22:36:21.082051+09:00,68342627,9d29af73,2026-09-28T22:36:21.082051+09:00,2026-09-28T22:36:21.172327+09:00,rail-left-01,rail-right-01,0.6.7-draft,0.6.7-draft,mqtt,mqtt,1261.65,993.72,6.517,6.27,-0.08,-0.036,0.121,-0.19,10.6,9.585,-0.0612,0.0377,0.0397,0.0537,-0.0063,-0.0007,24.97,24.92,16553,18054,2.069,2.257,6.207,6.77,669,669,67,67,0,0,0,0,,,,,,,,,,,,,,,,,0.0,0.0,0,0,1359.1,1109.1,0.8477,1.0788,1,1,0
2026-09-28T22:36:21.102209+09:00,68362785,9d29af73,2026-09-28T22:36:21.102209+09:00,2026-09-28T22:36:21.192485+09:00,rail-left-01,rail-right-01,0.6.7-draft,0.6.7-draft,mqtt,mqtt,1262.89,994.71,6.518,6.274,0.006,0.059,0.051,-0.303,10.594,9.657,-0.0637,0.0313,0.04,0.0561,-0.0109,-0.0085,24.99,24.93,16556,18064,2.07,2.258,6.209,6.774,670,670,67,67,0,0,0,0,,,,,,,,,,,,,,,,,0.0,0.0,0,0,1360.1,1110.1,0.8477,1.0788,1,1,0
2026-09-28T22:36:21.244161+09:00,68500441,9d29af73,2026-09-28T22:36:21.244161+09:00,2026-09-28T22:36:21.333412+09:00,rail-left-01,rail-right-01,0.6.7-draft,0.6.7-draft,mqtt,mqtt,1271.35,1001.43,6.528,6.28,-0.053,-0.045,0.089,-0.141,11.076,9.693,-0.067,0.0324,0.0413,0.0533,-0.0056,-0.0035,24.97,24.95,16582,18078,2.073,2.26,6.218,6.779,671,671,68,68,0,0,0,0,,,,,,,,,,,,,,,,,0.0,0.0,0,0,1367.3,1117.3,0.8477,1.0788,1,1,0
2026-09-28T22:36:21.264312+09:00,68520592,9d29af73,2026-09-28T22:36:21.264312+09:00,2026-09-28T22:36:21.353563+09:00,rail-left-01,rail-right-01,0.6.7-draft,0.6.7-draft,mqtt,mqtt,1272.59,1002.42,6.612,6.35,0.083,0.128,-0.061,-0.134,10.348,9.615,-0.065,0.0344,0.0384,0.0557,-0.0068,-0.0064,25.01,24.94,16789,18233,2.099,2.279,6.296,6.837,672,672,68,68,0,0,0,0,,,,,,,,,,,,,,,,,0.0,0.0,0,0,1368.3,1118.3,0.8477,1.0788,1,1,0
2026-09-28T22:36:21.284254+09:00,68540535,9d29af73,2026-09-28T22:36:21.284254+09:00,2026-09-28T22:36:21.373506+09:00,rail-left-01,rail-right-01,0.6.7-draft,0.6.7-draft,mqtt,mqtt,1273.78,1003.41,6.602,6.368,-0.048,-0.048,0.209,-0.357,10.42,9.707,-0.0629,0.0373,0.0404,0.0593,-0.0065,-0.0032,24.99,24.94,16766,18273,2.096,2.284,6.287,6.852,673,673,68,68,0,0,0,0,,,,,,,,,,,,,,,,,0.0,0.0,0,0,1369.3,1119.3,0.8477,1.0788,1,1,0
2026-09-28T22:36:21.304274+09:00,68560555,9d29af73,2026-09-28T22:36:21.304274+09:00,2026-09-28T22:36:21.393526+09:00,rail-left-01,rail-right-01,0.6.7-draft,0.6.7-draft,mqtt,mqtt,1275.02,1004.36,6.601,6.379,0.073,0.019,-0.029,-0.257,10.548,9.783,-0.0649,0.029,0.0412,0.0621,-0.0088,-0.0129,24.97,24.93,16763,18297,2.095,2.287,6.286,6.861,674,674,68,68,0,0,0,0,,,,,,,,,,,,,,,,,0.0,0.0,0,0,1370.4,1120.4,0.8477,1.0788,1,1,0
2026-09-28T22:36:21.324573+09:00,68580854,9d29af73,2026-09-28T22:36:21.324573+09:00,2026-09-28T22:36:21.413825+09:00,rail-left-01,rail-right-01,0.6.7-draft,0.6.7-draft,mqtt,mqtt,1276.27,1005.35,6.598,6.39,0.081,0.073,0.121,0.011,10.432,9.797,-0.0636,0.0316,0.0389,0.0577,-0.0039,-0.0016,24.99,24.94,16755,18321,2.094,2.29,6.283,6.87,675,675,68,68,0,0,0,0,,,,,,,,,,,,,,,,,0.0,0.0,0,0,1371.5,1121.5,0.8477,1.0788,1,1,0
2026-09-28T22:36:21.344562+09:00,68600843,9d29af73,2026-09-28T22:36:21.344562+09:00,2026-09-28T22:36:21.433814+09:00,rail-left-01,rail-right-01,0.6.7-draft,0.6.7-draft,mqtt,mqtt,1277.51,1006.35,6.585,6.388,-0.025,-0.005,0.229,-0.394,10.54,9.768,-0.0661,0.0308,0.0388,0.0533,-0.0077,-0.0028,24.98,24.94,16722,18317,2.09,2.29,6.271,6.869,676,676,68,68,0,0,0,0,,,,,,,,,,,,,,,,,0.0,0.0,0,0,1372.5,1122.5,0.8477,1.0788,1,1,0
2026-09-28T22:36:21.364323+09:00,68620603,9d29af73,2026-09-28T22:36:21.364323+09:00,2026-09-28T22:36:21.453574+09:00,rail-left-01,rail-right-01,0.6.7-draft,0.6.7-draft,mqtt,mqtt,1278.7,1007.29,6.583,6.396,0.074,-0.013,-0.072,-0.274,10.433,9.756,-0.0625,0.0306,0.04,0.0592,-0.0076,-0.0107,24.98,24.92,16719,18334,2.09,2.292,6.27,6.875,677,677,68,68,0,0,0,0,,,,,,,,,,,,,,,,,0.0,0.0,0,0,1373.5,1123.5,0.8477,1.0788,1,1,0
2026-09-28T22:36:21.384190+09:00,68640471,9d29af73,2026-09-28T22:36:21.384190+09:00,2026-09-28T22:36:21.473442+09:00,rail-left-01,rail-right-01,0.6.7-draft,0.6.7-draft,mqtt,mqtt,1279.95,1008.29,6.58,6.401,0.041,-0.069,0.066,-0.163,10.416,9.95,-0.0608,0.0326,0.0437,0.0604,-0.0101,-0.0065,24.99,24.92,16710,18346,2.089,2.293,6.266,6.88,678,678,68,68,0,0,0,0,,,,,,,,,,,,,,,,,0.0,0.0,0,0,1374.6,1124.6,0.8477,1.0788,1,1,0
2026-09-28T22:36:21.404360+09:00,68660641,9d29af73,2026-09-28T22:36:21.404360+09:00,2026-09-28T22:36:21.493612+09:00,rail-left-01,rail-right-01,0.6.7-draft,0.6.7-draft,mqtt,mqtt,1281.19,1009.23,6.566,6.426,0.084,0.036,-0.001,-0.321,10.675,9.774,-0.0628,0.0293,0.0424,0.0604,-0.0088,-0.0092,24.96,24.92,16675,18401,2.084,2.3,6.253,6.9,679,679,68,68,0,0,0,0,,,,,,,,,,,,,,,,,0.0,0.0,0,0,1375.6,1125.6,0.8477,1.0788,1,1,0
2026-09-28T22:36:21.424406+09:00,68680686,9d29af73,2026-09-28T22:36:21.424406+09:00,2026-09-28T22:36:21.513657+09:00,rail-left-01,rail-right-01,0.6.7-draft,0.6.7-draft,mqtt,mqtt,1282.43,1010.23,6.571,6.435,-0.084,-0.035,0.066,-0.26,10.563,9.764,-0.0597,0.0302,0.0388,0.0538,-0.0067,-0.0051,24.97,24.94,16688,18422,2.086,2.303,6.258,6.908,680,680,68,68,0,0,0,0,,,,,,,,,,,,,,,,,0.0,0.0,0,0,1376.7,1126.7,0.8477,1.0788,1,1,0
2026-09-28T22:36:21.565534+09:00,68821430,9d29af73,2026-09-28T22:36:21.565534+09:00,2026-09-28T22:36:21.654043+09:00,rail-left-01,rail-right-01,0.6.7-draft,0.6.7-draft,mqtt,mqtt,1291.13,1017.09,6.566,6.436,-0.014,-0.002,-0.028,-0.121,10.56,9.736,-0.0661,0.0258,0.0333,0.0534,-0.0071,-0.0084,24.99,24.94,16676,18424,2.085,2.303,6.253,6.909,681,681,69,69,0,0,0,0,,,,,,,,,,,,,,,,,0.0,0.0,0,0,1384.1,1134.1,0.8477,1.0788,1,1,0
2026-09-28T22:36:21.585663+09:00,68841559,9d29af73,2026-09-28T22:36:21.585663+09:00,2026-09-28T22:36:21.674172+09:00,rail-left-01,rail-right-01,0.6.7-draft,0.6.7-draft,mqtt,mqtt,1292.38,1018.03,6.507,6.369,0.099,0.164,0.077,-0.219,10.367,9.761,-0.0593,0.0216,0.0285,0.051,-0.0064,-0.0027,24.98,24.93,16529,18275,2.066,2.284,6.198,6.853,682,682,69,69,0,0,0,0,,,,,,,,,,,,,,,,,0.0,0.0,0,0,1385.1,1135.1,0.8477,1.0788,1,1,0
2026-09-28T22:36:21.605596+09:00,68861492,9d29af73,2026-09-28T22:36:21.605596+09:00,2026-09-28T22:36:21.694105+09:00,rail-left-01,rail-right-01,0.6.7-draft,0.6.7-draft,mqtt,mqtt,1293.62,1019.03,6.51,6.312,-0.055,-0.081,0.158,-0.235,10.586,9.753,-0.0608,0.026,0.0324,0.0494,-0.0063,-0.0057,24.98,24.92,16537,18149,2.067,2.269,6.201,6.806,683,683,69,69,0,0,0,0,,,,,,,,,,,,,,,,,0.0,0.0,0,0,1386.2,1136.2,0.8477,1.0788,1,1,0
2026-09-28T22:36:21.625589+09:00,68881485,9d29af73,2026-09-28T22:36:21.625589+09:00,2026-09-28T22:36:21.714098+09:00,rail-left-01,rail-right-01,0.6.7-draft,0.6.7-draft,mqtt,mqtt,1294.86,1019.97,6.539,6.28,0.153,0.205,0.034,-0.103,10.385,9.594,-0.0556,0.0332,0.0346,0.0442,-0.0036,-0.0091,24.96,24.93,16609,18077,2.076,2.26,6.228,6.779,684,684,69,69,0,0,0,0,,,,,,,,,,,,,,,,,0.0,0.0,0,0,1387.2,1137.2,0.8477,1.0788,1,1,0
2026-09-28T22:36:21.645801+09:00,68901697,9d29af73,2026-09-28T22:36:21.645801+09:00,2026-09-28T22:36:21.734310+09:00,rail-left-01,rail-right-01,0.6.7-draft,0.6.7-draft,mqtt,mqtt,1296.11,1020.96,6.585,6.274,-0.085,-0.019,0.291,-0.148,10.485,9.592,-0.0578,0.0332,0.0345,0.0489,-0.0087,-0.0083,24.96,24.92,16722,18063,2.09,2.258,6.271,6.774,685,685,69,69,0,0,0,0,,,,,,,,,,,,,,,,,0.0,0.0,0,0,1388.3,1138.3,0.8477,1.0788,1,1,0
2026-09-28T22:36:21.665767+09:00,68921663,9d29af73,2026-09-28T22:36:21.665767+09:00,2026-09-28T22:36:21.754276+09:00,rail-left-01,rail-right-01,0.6.7-draft,0.6.7-draft,mqtt,mqtt,1297.35,1021.96,6.622,6.278,0.103,0.078,-0.174,-0.093,10.232,9.771,-0.0597,0.0294,0.0388,0.057,-0.0089,-0.0117,25.01,24.92,16816,18072,2.102,2.259,6.306,6.777,686,686,69,69,0,0,0,0,,,,,,,,,,,,,,,,,0.0,0.0,0,0,1389.3,1139.3,0.8477,1.0788,1,1,0
2026-09-28T22:36:21.685691+09:00,68941587,9d29af73,2026-09-28T22:36:21.685691+09:00,2026-09-28T22:36:21.774200+09:00,rail-left-01,rail-right-01,0.6.7-draft,0.6.7-draft,mqtt,mqtt,1298.59,1022.9,6.629,6.272,0.061,0.013,0.221,-0.274,10.356,9.719,-0.065,0.0305,0.0362,0.0526,-0.0073,-0.0071,24.96,24.93,16832,18059,2.104,2.257,6.312,6.772,687,687,69,69,0,0,0,0,,,,,,,,,,,,,,,,,0.0,0.0,0,0,1390.4,1140.4,0.8477,1.0788,1,1,0
2026-09-28T22:36:21.705620+09:00,68961516,9d29af73,2026-09-28T22:36:21.705620+09:00,2026-09-28T22:36:21.794129+09:00,rail-left-01,rail-right-01,0.6.7-draft,0.6.7-draft,mqtt,mqtt,1299.78,1023.9,6.637,6.274,-0.02,0.001,0.226,-0.399,10.591,9.589,-0.0609,0.0308,0.0469,0.0601,-0.0117,-0.0103,25.0,24.92,16853,18064,2.107,2.258,6.32,6.774,688,688,69,69,0,0,0,0,,,,,,,,,,,,,,,,,0.0,0.0,0,0,1391.4,1141.4,0.8477,1.0788,1,1,0
2026-09-28T22:36:21.725641+09:00,68981537,9d29af73,2026-09-28T22:36:21.725641+09:00,2026-09-28T22:36:21.814150+09:00,rail-left-01,rail-right-01,0.6.7-draft,0.6.7-draft,mqtt,mqtt,1301.03,1024.84,6.618,6.295,0.024,0.023,0.176,-0.195,10.144,9.552,-0.0638,0.0309,0.0396,0.0541,-0.0061,-0.0004,24.99,24.92,16804,18111,2.101,2.264,6.302,6.792,689,689,69,69,0,0,0,0,,,,,,,,,,,,,,,,,0.0,0.0,0,0,1392.4,1142.4,0.8477,1.0788,1,1,0
2026-09-28T22:36:21.745878+09:00,69001774,9d29af73,2026-09-28T22:36:21.745878+09:00,2026-09-28T22:36:21.834387+09:00,rail-left-01,rail-right-01,0.6.7-draft,0.6.7-draft,mqtt,mqtt,1302.32,1025.84,6.626,6.296,-0.012,0.022,-0.199,-0.181,10.567,9.578,-0.0649,0.0304,0.0372,0.0532,-0.0071,-0.0091,24.98,24.93,16826,18112,2.103,2.264,6.31,6.792,690,690,69,69,0,0,0,0,,,,,,,,,,,,,,,,,0.0,0.0,0,0,1393.5,1143.5,0.8477,1.0788,1,1,0
2026-09-28T22:36:21.939161+09:00,69148455,9d29af73,2026-09-28T22:36:21.939161+09:00,2026-09-28T22:36:21.982985+09:00,rail-left-01,rail-right-01,0.6.7-draft,0.6.7-draft,mqtt,mqtt,1311.42,1033.0,6.637,6.286,-0.047,-0.016,0.122,-0.192,10.38,9.705,-0.0645,0.036,0.0368,0.0482,-0.0151,-0.0028,24.99,24.92,16853,18091,2.107,2.261,6.32,6.784,691,691,70,70,0,0,0,0,,,,,,,,,,,,,,,,,0.0,0.0,0,0,1401.3,1151.3,0.8477,1.0788,1,1,0
2026-09-28T22:36:21.959302+09:00,69168596,9d29af73,2026-09-28T22:36:21.959302+09:00,2026-09-28T22:36:22.003126+09:00,rail-left-01,rail-right-01,0.6.7-draft,0.6.7-draft,mqtt,mqtt,1312.66,1033.99,6.618,6.206,0.103,0.053,0.138,-0.372,10.451,9.548,-0.0663,0.0329,0.0348,0.05,-0.0143,-0.0085,24.97,24.92,16805,17913,2.101,2.239,6.302,6.717,692,692,70,70,0,0,0,0,,,,,,,,,,,,,,,,,0.0,0.0,0,0,1402.3,1152.3,0.8477,1.0788,1,1,0
2026-09-28T22:36:21.979319+09:00,69188613,9d29af73,2026-09-28T22:36:21.979319+09:00,2026-09-28T22:36:22.023143+09:00,rail-left-01,rail-right-01,0.6.7-draft,0.6.7-draft,mqtt,mqtt,1313.9,1034.99,6.623,6.134,0.013,0.037,0.036,-0.109,10.46,9.938,-0.0646,0.0277,0.0284,0.0468,-0.0116,-0.006,24.98,24.92,16817,17754,2.102,2.219,6.306,6.658,693,693,70,70,0,0,0,0,,,,,,,,,,,,,,,,,0.0,0.0,0,0,1403.4,1153.4,0.8477,1.0788,1,1,0
2026-09-28T22:36:21.999296+09:00,69208590,9d29af73,2026-09-28T22:36:21.999296+09:00,2026-09-28T22:36:22.043120+09:00,rail-left-01,rail-right-01,0.6.7-draft,0.6.7-draft,mqtt,mqtt,1315.1,1035.93,6.622,6.11,0.18,0.242,0.02,-0.491,10.408,9.568,-0.0628,0.0378,0.0449,0.058,-0.0095,-0.0087,24.97,24.94,16815,17700,2.102,2.213,6.306,6.638,694,694,70,70,0,0,0,0,,,,,,,,,,,,,,,,,0.0,0.0,0,0,1404.4,1154.4,0.8477,1.0788,1,1,0
2026-09-28T22:36:22.019547+09:00,69228841,9d29af73,2026-09-28T22:36:22.019547+09:00,2026-09-28T22:36:22.063371+09:00,rail-left-01,rail-right-01,0.6.7-draft,0.6.7-draft,mqtt,mqtt,1316.39,1036.92,6.598,6.107,0.005,-0.053,-0.105,-0.141,10.43,9.913,-0.0693,0.0345,0.0404,0.0601,-0.0073,-0.0136,24.98,24.92,16756,17694,2.095,2.212,6.284,6.635,695,695,70,70,0,0,0,0,,,,,,,,,,,,,,,,,0.0,0.0,0,0,1405.5,1155.5,0.8477,1.0788,1,1,0
2026-09-28T22:36:22.039558+09:00,69248852,9d29af73,2026-09-28T22:36:22.039558+09:00,2026-09-28T22:36:22.083382+09:00,rail-left-01,rail-right-01,0.6.7-draft,0.6.7-draft,mqtt,mqtt,1317.63,1037.92,6.59,6.128,0.047,0.054,0.245,-0.013,10.503,9.771,-0.0626,0.0344,0.04,0.0562,-0.0065,-0.0016,24.99,24.95,16735,17739,2.092,2.217,6.276,6.652,696,696,70,70,0,0,0,0,,,,,,,,,,,,,,,,,0.0,0.0,0,0,1406.5,1156.5,0.8477,1.0788,1,1,0
2026-09-28T22:36:22.059323+09:00,69268617,9d29af73,2026-09-28T22:36:22.059323+09:00,2026-09-28T22:36:22.103147+09:00,rail-left-01,rail-right-01,0.6.7-draft,0.6.7-draft,mqtt,mqtt,1318.83,1038.86,6.577,6.133,0.093,0.031,0.002,-0.384,10.445,9.657,-0.0657,0.032,0.0392,0.0601,-0.006,-0.0075,24.97,24.94,16704,17752,2.088,2.219,6.264,6.657,697,697,70,70,0,0,0,0,,,,,,,,,,,,,,,,,0.0,0.0,0,0,1407.5,1157.5,0.8477,1.0788,1,1,0
2026-09-28T22:36:22.079321+09:00,69288615,9d29af73,2026-09-28T22:36:22.079321+09:00,2026-09-28T22:36:22.123145+09:00,rail-left-01,rail-right-01,0.6.7-draft,0.6.7-draft,mqtt,mqtt,1320.07,1039.86,6.555,6.118,-0.156,-0.083,0.085,-0.067,10.648,9.864,-0.0601,0.0353,0.0413,0.0573,-0.0132,-0.0088,24.99,24.94,16649,17717,2.081,2.215,6.243,6.644,698,698,70,70,0,0,0,0,,,,,,,,,,,,,,,,,0.0,0.0,0,0,1408.6,1158.6,0.8477,1.0788,1,1,0
2026-09-28T22:36:22.099279+09:00,69308573,9d29af73,2026-09-28T22:36:22.099279+09:00,2026-09-28T22:36:22.143103+09:00,rail-left-01,rail-right-01,0.6.7-draft,0.6.7-draft,mqtt,mqtt,1321.31,1040.85,6.514,6.127,0.138,0.204,0.316,-0.34,10.35,9.649,-0.0586,0.0293,0.0452,0.0616,-0.0089,-0.0036,24.98,24.94,16545,17738,2.068,2.217,6.204,6.652,699,699,70,70,0,0,0,0,,,,,,,,,,,,,,,,,0.0,0.0,0,0,1409.6,1159.6,0.8477,1.0788,1,1,0
2026-09-28T22:36:22.120019+09:00,69329313,9d29af73,2026-09-28T22:36:22.120019+09:00,2026-09-28T22:36:22.163843+09:00,rail-left-01,rail-right-01,0.6.7-draft,0.6.7-draft,mqtt,mqtt,1322.61,1041.85,6.514,6.116,-0.066,-0.127,0.024,-0.218,10.663,9.584,-0.0758,0.0368,0.0386,0.0522,-0.0087,-0.0039,24.99,24.91,16547,17713,2.068,2.214,6.205,6.642,700,700,70,70,0,0,0,0,,,,,,,,,,,,,,,,,0.0,0.0,0,0,1410.7,1160.7,0.8477,1.0788,1,1,0
2026-09-28T22:36:22.213368+09:00,69472449,9d29af73,2026-09-28T22:36:22.213368+09:00,2026-09-28T22:36:22.297820+09:00,rail-left-01,rail-right-01,0.6.7-draft,0.6.7-draft,mqtt,mqtt,1331.46,1048.86,6.52,6.123,-0.092,-0.06,0.242,-0.239,10.455,9.683,-0.0613,0.0338,0.0401,0.055,-0.0088,-0.0028,24.97,24.91,16562,17729,2.07,2.216,6.211,6.648,701,701,71,71,0,0,0,0,,,,,,,,,,,,,,,,,0.0,0.0,0,0,1418.2,1168.2,0.8477,1.0788,1,1,0
2026-09-28T22:36:22.233426+09:00,69492507,9d29af73,2026-09-28T22:36:22.233426+09:00,2026-09-28T22:36:22.317878+09:00,rail-left-01,rail-right-01,0.6.7-draft,0.6.7-draft,mqtt,mqtt,1332.7,1049.8,6.417,6.145,-0.067,-0.071,0.16,-0.324,10.35,9.578,-0.0663,0.0373,0.0388,0.0512,-0.0017,-0.0077,24.98,24.89,16304,17777,2.038,2.222,6.114,6.666,702,702,71,71,0,0,0,0,,,,,,,,,,,,,,,,,0.0,0.0,0,0,1419.3,1169.3,0.8477,1.0788,1,1,0
2026-09-28T22:36:22.253421+09:00,69512502,9d29af73,2026-09-28T22:36:22.253421+09:00,2026-09-28T22:36:22.337873+09:00,rail-left-01,rail-right-01,0.6.7-draft,0.6.7-draft,mqtt,mqtt,1333.94,1050.8,6.413,6.144,-0.007,0.061,0.318,-0.256,10.537,9.635,-0.0679,0.031,0.0441,0.0609,-0.0049,-0.0088,25.0,24.93,16295,17775,2.037,2.222,6.111,6.666,703,703,71,71,0,0,0,0,,,,,,,,,,,,,,,,,0.0,0.0,0,0,1420.3,1170.3,0.8477,1.0788,1,1,0
2026-09-28T22:36:22.273380+09:00,69532461,9d29af73,2026-09-28T22:36:22.273380+09:00,2026-09-28T22:36:22.357832+09:00,rail-left-01,rail-right-01,0.6.7-draft,0.6.7-draft,mqtt,mqtt,1335.18,1051.79,6.416,6.186,-0.03,0.007,-0.29,-0.129,10.496,9.778,-0.0665,0.03,0.0417,0.0549,-0.0049,-0.0033,24.97,24.95,16302,17868,2.038,2.234,6.113,6.701,704,704,71,71,0,0,0,0,,,,,,,,,,,,,,,,,0.0,0.0,0,0,1421.4,1171.4,0.8477,1.0788,1,1,0
2026-09-28T22:36:22.293893+09:00,69552974,9d29af73,2026-09-28T22:36:22.293893+09:00,2026-09-28T22:36:22.378345+09:00,rail-left-01,rail-right-01,0.6.7-draft,0.6.7-draft,mqtt,mqtt,1336.43,1052.73,6.405,6.207,0.043,-0.008,0.235,-0.372,10.55,9.755,-0.0662,0.0293,0.0452,0.0513,-0.0016,0.0031,24.98,24.92,16276,17916,2.035,2.24,6.104,6.719,705,705,71,71,0,0,0,0,,,,,,,,,,,,,,,,,0.0,0.0,0,0,1422.5,1172.5,0.8477,1.0788,1,1,0
2026-09-28T22:36:22.313773+09:00,69572854,9d29af73,2026-09-28T22:36:22.313773+09:00,2026-09-28T22:36:22.398225+09:00,rail-left-01,rail-right-01,0.6.7-draft,0.6.7-draft,mqtt,mqtt,1337.72,1053.73,6.403,6.213,-0.017,-0.041,0.012,-0.233,10.696,9.78,-0.0613,0.032,0.0446,0.0545,-0.0095,-0.0083,24.95,24.92,16269,17928,2.034,2.241,6.101,6.723,706,706,71,71,0,0,0,0,,,,,,,,,,,,,,,,,0.0,0.0,0,0,1423.5,1173.5,0.8477,1.0788,1,1,0
2026-09-28T22:36:22.333565+09:00,69592646,9d29af73,2026-09-28T22:36:22.333565+09:00,2026-09-28T22:36:22.418017+09:00,rail-left-01,rail-right-01,0.6.7-draft,0.6.7-draft,mqtt,mqtt,1338.91,1054.72,6.422,6.226,0.093,0.136,-0.032,-0.257,10.344,9.661,-0.0703,0.0322,0.0328,0.0465,-0.0057,-0.0039,24.98,24.92,16318,17957,2.04,2.245,6.119,6.734,707,707,71,71,0,0,0,0,,,,,,,,,,,,,,,,,0.0,0.0,0,0,1424.6,1174.6,0.8477,1.0788,1,1,0
2026-09-28T22:36:22.353556+09:00,69612637,9d29af73,2026-09-28T22:36:22.353556+09:00,2026-09-28T22:36:22.438008+09:00,rail-left-01,rail-right-01,0.6.7-draft,0.6.7-draft,mqtt,mqtt,1340.16,1055.67,6.504,6.227,-0.09,-0.102,0.101,-0.402,10.355,9.731,-0.0738,0.0301,0.0344,0.0572,-0.008,-0.01,24.98,24.92,16521,17959,2.065,2.245,6.195,6.735,708,708,71,71,0,0,0,0,,,,,,,,,,,,,,,,,0.0,0.0,0,0,1425.6,1175.6,0.8477,1.0788,1,1,0
2026-09-28T22:36:22.373516+09:00,69632597,9d29af73,2026-09-28T22:36:22.373516+09:00,2026-09-28T22:36:22.457968+09:00,rail-left-01,rail-right-01,0.6.7-draft,0.6.7-draft,mqtt,mqtt,1341.4,1056.66,6.538,6.252,0.208,0.255,0.093,-0.212,10.453,9.762,-0.0706,0.0338,0.0372,0.0573,0.0084,-0.0024,24.99,24.92,16607,18014,2.076,2.252,6.228,6.755,709,709,71,71,0,0,0,0,,,,,,,,,,,,,,,,,0.0,0.0,0,0,1426.7,1176.7,0.8477,1.0788,1,1,0
2026-09-28T22:36:22.393556+09:00,69652637,9d29af73,2026-09-28T22:36:22.393556+09:00,2026-09-28T22:36:22.478008+09:00,rail-left-01,rail-right-01,0.6.7-draft,0.6.7-draft,mqtt,mqtt,1342.64,1057.61,6.533,6.263,-0.08,-0.136,-0.006,-0.17,10.483,9.749,-0.0658,0.033,0.0402,0.0566,0.0024,-0.0036,24.98,24.91,16593,18039,2.074,2.255,6.222,6.765,710,710,71,71,0,0,0,0,,,,,,,,,,,,,,,,,0.0,0.0,0,0,1427.7,1177.7,0.8477,1.0788,1,1,0
2026-09-28T22:36:22.529281+09:00,69787420,9d29af73,2026-09-28T22:36:22.529281+09:00,2026-09-28T22:36:22.614655+09:00,rail-left-01,rail-right-01,0.6.7-draft,0.6.7-draft,mqtt,mqtt,1350.9,1064.17,6.532,6.27,0.066,0.126,-0.042,-0.121,10.521,9.538,-0.0663,0.0341,0.0393,0.0604,-0.0061,-0.0073,24.97,24.93,16590,18056,2.074,2.257,6.221,6.771,711,711,72,72,0,0,0,0,,,,,,,,,,,,,,,,,0.0,0.0,0,0,1434.7,1184.7,0.8477,1.0788,1,1,0
2026-09-28T22:36:22.549509+09:00,69807648,9d29af73,2026-09-28T22:36:22.549509+09:00,2026-09-28T22:36:22.634883+09:00,rail-left-01,rail-right-01,0.6.7-draft,0.6.7-draft,mqtt,mqtt,1352.14,1065.16,6.563,6.337,-0.037,-0.032,-0.031,-0.178,10.297,9.801,-0.0699,0.0316,0.035,0.0516,-0.0065,-0.0008,24.99,24.94,16667,18204,2.083,2.276,6.25,6.826,712,712,72,72,0,0,0,0,,,,,,,,,,,,,,,,,0.0,0.0,0,0,1435.8,1185.8,0.8477,1.0788,1,1,0
2026-09-28T22:36:22.569356+09:00,69827495,9d29af73,2026-09-28T22:36:22.569356+09:00,2026-09-28T22:36:22.654730+09:00,rail-left-01,rail-right-01,0.6.7-draft,0.6.7-draft,mqtt,mqtt,1353.38,1066.11,6.572,6.337,0.121,0.11,0.063,-0.183,10.515,9.71,-0.067,0.0326,0.04,0.0592,-0.0076,-0.0087,24.99,24.94,16691,18203,2.086,2.275,6.259,6.826,713,713,72,72,0,0,0,0,,,,,,,,,,,,,,,,,0.0,0.0,0,0,1436.8,1186.8,0.8477,1.0788,1,1,0
2026-09-28T22:36:22.589327+09:00,69847466,9d29af73,2026-09-28T22:36:22.589327+09:00,2026-09-28T22:36:22.674701+09:00,rail-left-01,rail-right-01,0.6.7-draft,0.6.7-draft,mqtt,mqtt,1354.62,1067.1,6.577,6.357,-0.107,-0.05,0.15,-0.305,10.415,9.771,-0.067,0.034,0.0373,0.0568,-0.0093,-0.0071,24.98,24.92,16703,18247,2.088,2.281,6.264,6.843,714,714,72,72,0,0,0,0,,,,,,,,,,,,,,,,,0.0,0.0,0,0,1437.9,1187.9,0.8477,1.0788,1,1,0
2026-09-28T22:36:22.609591+09:00,69867730,9d29af73,2026-09-28T22:36:22.609591+09:00,2026-09-28T22:36:22.694965+09:00,rail-left-01,rail-right-01,0.6.7-draft,0.6.7-draft,mqtt,mqtt,1355.87,1068.1,6.58,6.368,0.15,0.102,-0.163,-0.068,10.646,9.791,-0.0658,0.0329,0.0418,0.0613,-0.0092,-0.0057,24.98,24.94,16710,18273,2.089,2.284,6.266,6.852,715,715,72,72,0,0,0,0,,,,,,,,,,,,,,,,,0.0,0.0,0,0,1438.9,1188.9,0.8477,1.0788,1,1,0
2026-09-28T22:36:22.629604+09:00,69887743,9d29af73,2026-09-28T22:36:22.629604+09:00,2026-09-28T22:36:22.714978+09:00,rail-left-01,rail-right-01,0.6.7-draft,0.6.7-draft,mqtt,mqtt,1357.06,1069.04,6.579,6.397,-0.126,-0.072,0.311,-0.215,10.436,9.737,-0.0669,0.0326,0.0428,0.0528,-0.0057,-0.0001,24.99,24.95,16708,18337,2.089,2.292,6.266,6.876,716,716,72,72,0,0,0,0,,,,,,,,,,,,,,,,,0.0,0.0,0,0,1439.9,1189.9,0.8477,1.0788,1,1,0
2026-09-28T22:36:22.649374+09:00,69907513,9d29af73,2026-09-28T22:36:22.649374+09:00,2026-09-28T22:36:22.734748+09:00,rail-left-01,rail-right-01,0.6.7-draft,0.6.7-draft,mqtt,mqtt,1358.3,1070.04,6.584,6.412,0.062,0.111,-0.032,-0.219,10.426,9.726,-0.0648,0.0298,0.0422,0.0593,-0.0081,-0.0064,24.97,24.94,16721,18369,2.09,2.296,6.27,6.888,717,717,72,72,0,0,0,0,,,,,,,,,,,,,,,,,0.0,0.0,0,0,1441.0,1191.0,0.8477,1.0788,1,1,0
2026-09-28T22:36:22.669378+09:00,69927517,9d29af73,2026-09-28T22:36:22.669378+09:00,2026-09-28T22:36:22.754752+09:00,rail-left-01,rail-right-01,0.6.7-draft,0.6.7-draft,mqtt,mqtt,1359.5,1070.98,6.563,6.425,0.121,0.091,0.059,-0.45,10.396,9.805,-0.0682,0.0344,0.0448,0.056,-0.0052,0.0017,24.96,24.95,16667,18398,2.083,2.3,6.25,6.899,718,718,72,72,0,0,0,0,,,,,,,,,,,,,,,,,0.0,0.0,0,0,1442.0,1192.0,0.8477,1.0788,1,1,0
2026-09-28T22:36:22.689352+09:00,69947491,9d29af73,2026-09-28T22:36:22.689352+09:00,2026-09-28T22:36:22.774726+09:00,rail-left-01,rail-right-01,0.6.7-draft,0.6.7-draft,mqtt,mqtt,1360.74,1071.98,6.534,6.437,-0.154,-0.14,0.116,-0.314,10.889,9.564,-0.0665,0.033,0.0438,0.0586,-0.0036,-0.0001,24.97,24.94,16597,18425,2.075,2.303,6.224,6.909,719,719,72,72,0,0,0,0,,,,,,,,,,,,,,,,,0.0,0.0,0,0,1443.1,1193.1,0.8477,1.0788,1,1,0
2026-09-28T22:36:22.709430+09:00,69967569,9d29af73,2026-09-28T22:36:22.709430+09:00,2026-09-28T22:36:22.794804+09:00,rail-left-01,rail-right-01,0.6.7-draft,0.6.7-draft,mqtt,mqtt,1361.98,1072.92,6.561,6.437,0.023,0.084,-0.14,0.013,10.93,9.819,-0.0582,0.036,0.0316,0.0509,-0.0073,-0.0047,24.99,24.94,16662,18425,2.083,2.303,6.248,6.909,720,720,72,72,0,0,0,0,,,,,,,,,,,,,,,,,0.0,0.0,0,0,1444.1,1194.1,0.8477,1.0788,1,1,0
2026-09-28T22:36:22.894477+09:00,70104417,9d29af73,2026-09-28T22:36:22.894477+09:00,2026-09-28T22:36:22.938540+09:00,rail-left-01,rail-right-01,0.6.7-draft,0.6.7-draft,mqtt,mqtt,1370.33,1079.58,6.596,6.445,-0.037,-0.036,0.03,-0.218,10.264,9.588,-0.0702,0.03,0.037,0.0577,-0.002,-0.0036,24.99,24.92,16751,18443,2.094,2.305,6.282,6.916,721,721,73,73,0,0,0,0,,,,,,,,,,,,,,,,,0.0,0.0,0,0,1451.2,1201.2,0.8477,1.0788,1,1,0
2026-09-28T22:36:22.914590+09:00,70124530,9d29af73,2026-09-28T22:36:22.914590+09:00,2026-09-28T22:36:22.958653+09:00,rail-left-01,rail-right-01,0.6.7-draft,0.6.7-draft,mqtt,mqtt,1371.58,1080.58,6.53,6.492,0.062,0.119,-0.029,-0.352,10.313,9.688,-0.064,0.0297,0.0385,0.0628,-0.0044,-0.0064,24.99,24.94,16585,18547,2.073,2.318,6.219,6.955,722,722,73,73,0,0,0,0,,,,,,,,,,,,,,,,,0.0,0.0,0,0,1452.3,1202.3,0.8477,1.0788,1,1,0
2026-09-28T22:36:22.934520+09:00,70144460,9d29af73,2026-09-28T22:36:22.934520+09:00,2026-09-28T22:36:22.978583+09:00,rail-left-01,rail-right-01,0.6.7-draft,0.6.7-draft,mqtt,mqtt,1372.82,1081.52,6.525,6.502,-0.026,-0.034,0.05,-0.159,10.114,9.732,-0.0641,0.0333,0.0354,0.0601,-0.0087,-0.0105,24.97,24.95,16574,18570,2.072,2.321,6.215,6.964,723,723,73,73,0,0,0,0,,,,,,,,,,,,,,,,,0.0,0.0,0,0,1453.3,1203.3,0.8477,1.0788,1,1,0
2026-09-28T22:36:22.954616+09:00,70164556,9d29af73,2026-09-28T22:36:22.954616+09:00,2026-09-28T22:36:22.998679+09:00,rail-left-01,rail-right-01,0.6.7-draft,0.6.7-draft,mqtt,mqtt,1374.06,1082.52,6.535,6.51,0.134,0.079,0.077,-0.012,10.673,9.782,-0.0663,0.0298,0.0398,0.0596,-0.0111,-0.0039,24.96,24.93,16598,18587,2.075,2.323,6.224,6.97,724,724,73,73,0,0,0,0,,,,,,,,,,,,,,,,,0.0,0.0,0,0,1454.4,1204.4,0.8477,1.0788,1,1,0
2026-09-28T22:36:22.974499+09:00,70184439,9d29af73,2026-09-28T22:36:22.974499+09:00,2026-09-28T22:36:23.018562+09:00,rail-left-01,rail-right-01,0.6.7-draft,0.6.7-draft,mqtt,mqtt,1375.26,1083.46,6.526,6.505,-0.123,-0.04,0.311,-0.383,10.693,9.755,-0.0655,0.0261,0.036,0.0489,-0.006,-0.0035,24.95,24.93,16577,18577,2.072,2.322,6.216,6.966,725,725,73,73,0,0,0,0,,,,,,,,,,,,,,,,,0.0,0.0,0,0,1455.4,1205.4,0.8477,1.0788,1,1,0
2026-09-28T22:36:22.994522+09:00,70204462,9d29af73,2026-09-28T22:36:22.994522+09:00,2026-09-28T22:36:23.038585+09:00,rail-left-01,rail-right-01,0.6.7-draft,0.6.7-draft,mqtt,mqtt,1376.5,1084.45,6.546,6.488,0.096,0.018,0.007,-0.255,10.415,9.567,-0.0665,0.0268,0.0361,0.0494,-0.0037,-0.0032,24.97,24.95,16625,18539,2.078,2.317,6.234,6.952,726,726,73,73,0,0,0,0,,,,,,,,,,,,,,,,,0.0,0.0,0,0,1456.4,1206.4,0.8477,1.0788,1,1,0
2026-09-28T22:36:23.014493+09:00,70224433,9d29af73,2026-09-28T22:36:23.014493+09:00,2026-09-28T22:36:23.058556+09:00,rail-left-01,rail-right-01,0.6.7-draft,0.6.7-draft,mqtt,mqtt,1377.69,1085.45,6.552,6.464,-0.031,-0.023,-0.053,-0.199,10.464,9.71,-0.0625,0.0244,0.0313,0.0484,-0.0032,-0.0045,24.99,24.94,16640,18486,2.08,2.311,6.24,6.932,727,727,73,73,0,0,0,0,,,,,,,,,,,,,,,,,0.0,0.0,0,0,1457.4,1207.4,0.8477,1.0788,1,1,0
2026-09-28T22:36:23.034617+09:00,70244557,9d29af73,2026-09-28T22:36:23.034617+09:00,2026-09-28T22:36:23.078680+09:00,rail-left-01,rail-right-01,0.6.7-draft,0.6.7-draft,mqtt,mqtt,1378.94,1086.39,6.559,6.414,0.142,0.171,0.2,-0.268,10.355,9.918,-0.0678,0.0269,0.0341,0.0548,-0.0052,-0.0063,24.98,24.95,16658,18374,2.082,2.297,6.247,6.89,728,728,73,73,0,0,0,0,,,,,,,,,,,,,,,,,0.0,0.0,0,0,1458.5,1208.5,0.8477,1.0788,1,1,0
2026-09-28T22:36:23.054550+09:00,70264490,9d29af73,2026-09-28T22:36:23.054550+09:00,2026-09-28T22:36:23.098613+09:00,rail-left-01,rail-right-01,0.6.7-draft,0.6.7-draft,mqtt,mqtt,1380.18,1087.39,6.601,6.415,-0.056,-0.092,0.182,-0.06,10.421,9.641,-0.0582,0.03,0.0312,0.0498,-0.0052,-0.0043,24.98,24.95,16762,18376,2.095,2.297,6.286,6.891,729,729,73,73,0,0,0,0,,,,,,,,,,,,,,,,,0.0,0.0,0,0,1459.5,1209.5,0.8477,1.0788,1,1,0
2026-09-28T22:36:23.074685+09:00,70284625,9d29af73,2026-09-28T22:36:23.074685+09:00,2026-09-28T22:36:23.118748+09:00,rail-left-01,rail-right-01,0.6.7-draft,0.6.7-draft,mqtt,mqtt,1381.42,1088.33,6.659,6.411,0.196,0.207,0.102,-0.152,10.495,10.268,-0.0544,0.0348,0.034,0.055,-0.0081,-0.0068,24.97,24.93,16907,18367,2.113,2.296,6.34,6.888,730,730,73,73,0,0,0,0,,,,,,,,,,,,,,,,,0.0,0.0,0,0,1460.6,1210.6,0.8477,1.0788,1,1,0
2026-09-28T22:36:23.212470+09:00,70426465,9d29af73,2026-09-28T22:36:23.212470+09:00,2026-09-28T22:36:23.295835+09:00,rail-left-01,rail-right-01,0.6.7-draft,0.6.7-draft,mqtt,mqtt,1390.17,1095.24,6.684,6.436,0.13,0.098,0.119,-0.249,10.326,9.797,-0.063,0.0338,0.0396,0.0574,-0.0044,-0.0061,24.96,24.92,16969,18423,2.121,2.303,6.363,6.909,731,731,74,74,0,0,0,0,,,,,,,,,,,,,,,,,0.0,0.0,0,0,1468.0,1218.0,0.8477,1.0788,1,1,0
2026-09-28T22:36:23.232631+09:00,70446626,9d29af73,2026-09-28T22:36:23.232631+09:00,2026-09-28T22:36:23.315996+09:00,rail-left-01,rail-right-01,0.6.7-draft,0.6.7-draft,mqtt,mqtt,1391.42,1096.24,6.769,6.585,-0.047,-0.061,0.099,-0.086,10.472,9.632,-0.0646,0.0301,0.0381,0.0569,-0.0043,-0.0061,24.98,24.92,17182,18754,2.148,2.344,6.443,7.033,732,732,74,74,0,0,0,0,,,,,,,,,,,,,,,,,0.0,0.0,0,0,1469.1,1219.1,0.8477,1.0788,1,1,0
2026-09-28T22:36:23.252575+09:00,70466570,9d29af73,2026-09-28T22:36:23.252575+09:00,2026-09-28T22:36:23.335940+09:00,rail-left-01,rail-right-01,0.6.7-draft,0.6.7-draft,mqtt,mqtt,1392.61,1097.18,6.777,6.576,-0.002,-0.008,-0.09,-0.243,10.518,9.694,-0.067,0.0314,0.0349,0.0529,-0.004,-0.0068,24.95,24.94,17201,18733,2.15,2.342,6.45,7.025,733,733,74,74,0,0,0,0,,,,,,,,,,,,,,,,,0.0,0.0,0,0,1470.1,1220.1,0.8477,1.0788,1,1,0
2026-09-28T22:36:23.272543+09:00,70486538,9d29af73,2026-09-28T22:36:23.272543+09:00,2026-09-28T22:36:23.355908+09:00,rail-left-01,rail-right-01,0.6.7-draft,0.6.7-draft,mqtt,mqtt,1393.85,1098.18,6.788,6.566,0.08,0.091,0.255,-0.128,10.639,9.542,-0.0605,0.0322,0.0366,0.0529,-0.0057,-0.0044,24.99,24.94,17228,18712,2.154,2.339,6.461,7.017,734,734,74,74,0,0,0,0,,,,,,,,,,,,,,,,,0.0,0.0,0,0,1471.1,1221.1,0.8477,1.0788,1,1,0
2026-09-28T22:36:23.292763+09:00,70506758,9d29af73,2026-09-28T22:36:23.292763+09:00,2026-09-28T22:36:23.376128+09:00,rail-left-01,rail-right-01,0.6.7-draft,0.6.7-draft,mqtt,mqtt,1395.09,1099.12,6.809,6.562,-0.044,-0.029,-0.023,-0.136,10.357,9.707,-0.0671,0.0334,0.035,0.0541,-0.0047,-0.0052,24.98,24.93,17281,18702,2.16,2.338,6.48,7.013,735,735,74,74,0,0,0,0,,,,,,,,,,,,,,,,,0.0,0.0,0,0,1472.2,1222.2,0.8477,1.0788,1,1,0
2026-09-28T22:36:23.312765+09:00,70526760,9d29af73,2026-09-28T22:36:23.312765+09:00,2026-09-28T22:36:23.396130+09:00,rail-left-01,rail-right-01,0.6.7-draft,0.6.7-draft,mqtt,mqtt,1396.34,1100.12,6.806,6.551,0.045,0.001,-0.014,-0.327,10.446,9.722,-0.0634,0.0297,0.0418,0.0598,-0.0109,-0.0077,24.97,24.91,17273,18678,2.159,2.335,6.477,7.004,736,736,74,74,0,0,0,0,,,,,,,,,,,,,,,,,0.0,0.0,0,0,1473.2,1223.2,0.8477,1.0788,1,1,0
2026-09-28T22:36:23.332663+09:00,70546658,9d29af73,2026-09-28T22:36:23.332663+09:00,2026-09-28T22:36:23.416028+09:00,rail-left-01,rail-right-01,0.6.7-draft,0.6.7-draft,mqtt,mqtt,1397.58,1101.06,6.797,6.55,0.091,0.071,-0.048,-0.138,10.606,9.774,-0.0653,0.0341,0.0396,0.0524,-0.0097,-0.0089,24.95,24.93,17250,18677,2.156,2.335,6.469,7.004,737,737,74,74,0,0,0,0,,,,,,,,,,,,,,,,,0.0,0.0,0,0,1474.3,1224.3,0.8477,1.0788,1,1,0
2026-09-28T22:36:23.352618+09:00,70566613,9d29af73,2026-09-28T22:36:23.352618+09:00,2026-09-28T22:36:23.435983+09:00,rail-left-01,rail-right-01,0.6.7-draft,0.6.7-draft,mqtt,mqtt,1398.82,1102.06,6.795,6.544,-0.044,-0.08,0.013,-0.437,10.469,9.695,-0.0634,0.034,0.0413,0.0556,-0.0101,-0.0108,24.99,24.93,17246,18664,2.156,2.333,6.467,6.999,738,738,74,74,0,0,0,0,,,,,,,,,,,,,,,,,0.0,0.0,0,0,1475.3,1225.3,0.8477,1.0788,1,1,0
2026-09-28T22:36:23.372579+09:00,70586574,9d29af73,2026-09-28T22:36:23.372579+09:00,2026-09-28T22:36:23.455944+09:00,rail-left-01,rail-right-01,0.6.7-draft,0.6.7-draft,mqtt,mqtt,1400.02,1103.0,6.772,6.529,0.062,0.158,-0.029,0.045,10.414,9.886,-0.0646,0.0328,0.0389,0.0586,-0.0089,-0.0097,24.97,24.92,17189,18630,2.149,2.329,6.446,6.986,739,739,74,74,0,0,0,0,,,,,,,,,,,,,,,,,0.0,0.0,0,0,1476.4,1226.4,0.8477,1.0788,1,1,0
2026-09-28T22:36:23.392840+09:00,70606835,9d29af73,2026-09-28T22:36:23.392840+09:00,2026-09-28T22:36:23.476205+09:00,rail-left-01,rail-right-01,0.6.7-draft,0.6.7-draft,mqtt,mqtt,1401.31,1103.99,6.752,6.53,-0.002,-0.059,0.277,-0.323,10.374,9.719,-0.0662,0.0348,0.0381,0.057,-0.0081,-0.0033,25.0,24.93,17138,18631,2.142,2.329,6.427,6.987,740,740,74,74,0,0,0,0,,,,,,,,,,,,,,,,,0.0,0.0,0,0,1477.5,1227.5,0.8477,1.0788,1,1,0
2026-09-28T22:36:23.526472+09:00,70785407,9d29af73,2026-09-28T22:36:23.526472+09:00,2026-09-28T22:36:23.576688+09:00,rail-left-01,rail-right-01,0.6.7-draft,0.6.7-draft,mqtt,mqtt,1412.35,1112.69,6.747,6.527,-0.036,-0.035,0.067,-0.39,10.446,9.821,-0.0697,0.031,0.0413,0.062,-0.0088,-0.0021,25.0,24.95,17127,18625,2.141,2.328,6.423,6.984,741,741,75,75,0,0,0,0,,,,,,,,,,,,,,,,,0.0,0.0,0,0,1486.8,1236.8,0.8477,1.0788,1,1,0
2026-09-28T22:36:23.546863+09:00,70805798,9d29af73,2026-09-28T22:36:23.546863+09:00,2026-09-28T22:36:23.597079+09:00,rail-left-01,rail-right-01,0.6.7-draft,0.6.7-draft,mqtt,mqtt,1413.59,1113.69,6.588,6.463,0.029,0.057,-0.045,-0.247,10.56,9.669,-0.0709,0.0326,0.0357,0.0553,-0.0113,-0.0093,24.99,24.92,16730,18483,2.091,2.31,6.274,6.931,742,742,75,75,0,0,0,0,,,,,,,,,,,,,,,,,0.0,0.0,0,0,1487.9,1237.9,0.8477,1.0788,1,1,0
2026-09-28T22:36:23.566583+09:00,70825519,9d29af73,2026-09-28T22:36:23.566583+09:00,2026-09-28T22:36:23.616800+09:00,rail-left-01,rail-right-01,0.6.7-draft,0.6.7-draft,mqtt,mqtt,1414.83,1114.63,6.617,6.467,0.012,0.111,-0.011,-0.06,10.506,9.754,-0.0677,0.039,0.0372,0.0508,-0.0112,-0.0057,24.97,24.92,16803,18493,2.1,2.312,6.301,6.935,743,743,75,75,0,0,0,0,,,,,,,,,,,,,,,,,0.0,0.0,0,0,1488.9,1238.9,0.8477,1.0788,1,1,0
2026-09-28T22:36:23.586547+09:00,70845483,9d29af73,2026-09-28T22:36:23.586547+09:00,2026-09-28T22:36:23.636764+09:00,rail-left-01,rail-right-01,0.6.7-draft,0.6.7-draft,mqtt,mqtt,1416.08,1115.63,6.624,6.469,0.078,0.042,0.312,-0.262,10.461,9.77,-0.0681,0.0329,0.041,0.057,-0.0097,-0.0047,24.96,24.92,16819,18497,2.102,2.312,6.307,6.936,744,744,75,75,0,0,0,0,,,,,,,,,,,,,,,,,0.0,0.0,0,0,1490.0,1240.0,0.8477,1.0788,1,1,0
2026-09-28T22:36:23.607116+09:00,70866051,9d29af73,2026-09-28T22:36:23.607116+09:00,2026-09-28T22:36:23.657332+09:00,rail-left-01,rail-right-01,0.6.7-draft,0.6.7-draft,mqtt,mqtt,1417.32,1116.62,6.614,6.476,-0.129,-0.102,0.023,-0.239,10.526,9.771,-0.0671,0.0348,0.0404,0.0592,-0.008,-0.0065,24.97,24.94,16795,18512,2.099,2.314,6.298,6.942,745,745,75,75,0,0,0,0,,,,,,,,,,,,,,,,,0.0,0.0,0,0,1491.0,1241.0,0.8477,1.0788,1,1,0
2026-09-28T22:36:23.627077+09:00,70886012,9d29af73,2026-09-28T22:36:23.627077+09:00,2026-09-28T22:36:23.677293+09:00,rail-left-01,rail-right-01,0.6.7-draft,0.6.7-draft,mqtt,mqtt,1418.56,1117.62,6.617,6.478,0.061,0.119,0.053,-0.221,10.439,9.705,-0.0723,0.0326,0.0374,0.054,-0.0023,-0.0052,24.99,24.93,16802,18516,2.1,2.315,6.301,6.944,746,746,75,75,0,0,0,0,,,,,,,,,,,,,,,,,0.0,0.0,0,0,1492.1,1242.1,0.8477,1.0788,1,1,0
2026-09-28T22:36:23.646629+09:00,70905564,9d29af73,2026-09-28T22:36:23.646629+09:00,2026-09-28T22:36:23.696845+09:00,rail-left-01,rail-right-01,0.6.7-draft,0.6.7-draft,mqtt,mqtt,1419.75,1118.56,6.629,6.471,0.026,-0.048,0.05,-0.101,10.384,9.718,-0.0659,0.0293,0.0384,0.0536,-0.0059,-0.0071,24.95,24.93,16833,18501,2.104,2.313,6.312,6.938,747,747,75,75,0,0,0,0,,,,,,,,,,,,,,,,,0.0,0.0,0,0,1493.1,1243.1,0.8477,1.0788,1,1,0
2026-09-28T22:36:23.666617+09:00,70925553,9d29af73,2026-09-28T22:36:23.666617+09:00,2026-09-28T22:36:23.716834+09:00,rail-left-01,rail-right-01,0.6.7-draft,0.6.7-draft,mqtt,mqtt,1421.0,1119.51,6.637,6.476,0.081,0.123,0.154,-0.359,10.399,9.571,-0.0667,0.034,0.0445,0.0592,-0.0088,-0.0085,24.97,24.95,16853,18513,2.107,2.314,6.32,6.942,748,748,75,75,0,0,0,0,,,,,,,,,,,,,,,,,0.0,0.0,0,0,1494.1,1244.1,0.8477,1.0788,1,1,0
2026-09-28T22:36:23.686579+09:00,70945515,9d29af73,2026-09-28T22:36:23.686579+09:00,2026-09-28T22:36:23.736796+09:00,rail-left-01,rail-right-01,0.6.7-draft,0.6.7-draft,mqtt,mqtt,1422.24,1120.5,6.628,6.485,-0.061,-0.016,-0.129,-0.078,10.561,9.622,-0.0626,0.0328,0.0346,0.0569,-0.0063,-0.0048,24.99,24.94,16830,18533,2.104,2.317,6.311,6.95,749,749,75,75,0,0,0,0,,,,,,,,,,,,,,,,,0.0,0.0,0,0,1495.2,1245.2,0.8477,1.0788,1,1,0
2026-09-28T22:36:23.706799+09:00,70965735,9d29af73,2026-09-28T22:36:23.706799+09:00,2026-09-28T22:36:23.757016+09:00,rail-left-01,rail-right-01,0.6.7-draft,0.6.7-draft,mqtt,mqtt,1423.48,1121.49,6.632,6.487,0.14,0.056,0.384,-0.205,10.37,9.864,-0.0636,0.0348,0.0424,0.0578,-0.0071,-0.0035,24.98,24.93,16841,18537,2.105,2.317,6.315,6.951,750,750,75,75,0,0,0,0,,,,,,,,,,,,,,,,,0.0,0.0,0,0,1496.2,1246.2,0.8477,1.0788,1,1,0
2026-09-28T22:36:23.846707+09:00,71064460,9d29af73,2026-09-28T22:36:23.846707+09:00,2026-09-28T22:36:23.931981+09:00,rail-left-01,rail-right-01,0.6.7-draft,0.6.7-draft,mqtt,mqtt,1429.65,1126.27,6.619,6.502,0.207,0.171,0.121,0.101,10.205,10.015,-0.0597,0.0346,0.0382,0.0601,-0.0105,-0.0091,24.98,24.96,16808,18569,2.101,2.321,6.303,6.963,751,751,76,76,0,0,0,0,,,,,,,,,,,,,,,,,0.0,0.0,0,0,1501.5,1251.5,0.8477,1.0788,1,1,0
2026-09-28T22:36:23.866867+09:00,71084620,9d29af73,2026-09-28T22:36:23.866867+09:00,2026-09-28T22:36:23.952141+09:00,rail-left-01,rail-right-01,0.6.7-draft,0.6.7-draft,mqtt,mqtt,1430.89,1127.26,6.562,6.518,0.0,0.025,0.114,-0.17,10.58,9.637,-0.0669,0.0361,0.0406,0.0552,-0.0083,-0.0032,24.99,24.94,16665,18605,2.083,2.326,6.249,6.977,752,752,76,76,0,0,0,0,,,,,,,,,,,,,,,,,0.0,0.0,0,0,1502.5,1252.5,0.8477,1.0788,1,1,0
2026-09-28T22:36:23.886799+09:00,71104552,9d29af73,2026-09-28T22:36:23.886799+09:00,2026-09-28T22:36:23.972073+09:00,rail-left-01,rail-right-01,0.6.7-draft,0.6.7-draft,mqtt,mqtt,1432.13,1128.21,6.561,6.53,-0.002,-0.059,0.231,-0.359,10.435,9.615,-0.0622,0.0338,0.0382,0.0548,-0.0103,-0.0065,25.0,24.93,16664,18632,2.083,2.329,6.249,6.987,753,753,76,76,0,0,0,0,,,,,,,,,,,,,,,,,0.0,0.0,0,0,1503.6,1253.6,0.8477,1.0788,1,1,0
2026-09-28T22:36:23.907080+09:00,71124833,9d29af73,2026-09-28T22:36:23.907080+09:00,2026-09-28T22:36:23.992354+09:00,rail-left-01,rail-right-01,0.6.7-draft,0.6.7-draft,mqtt,mqtt,1433.38,1129.2,6.566,6.532,0.049,0.091,-0.098,-0.182,10.385,9.84,-0.0612,0.032,0.0418,0.0628,-0.0101,-0.0064,24.99,24.91,16675,18637,2.084,2.33,6.253,6.989,754,754,76,76,0,0,0,0,,,,,,,,,,,,,,,,,0.0,0.0,0,0,1504.6,1254.6,0.8477,1.0788,1,1,0
2026-09-28T22:36:23.926859+09:00,71144612,9d29af73,2026-09-28T22:36:23.926859+09:00,2026-09-28T22:36:24.012133+09:00,rail-left-01,rail-right-01,0.6.7-draft,0.6.7-draft,mqtt,mqtt,1434.62,1130.15,6.546,6.549,0.047,0.104,-0.019,-0.353,10.391,9.718,-0.0679,0.0328,0.043,0.0582,-0.0107,-0.0085,24.99,24.92,16625,18674,2.078,2.334,6.234,7.003,755,755,76,76,0,0,0,0,,,,,,,,,,,,,,,,,0.0,0.0,0,0,1505.7,1255.7,0.8477,1.0788,1,1,0
2026-09-28T22:36:23.946861+09:00,71164614,9d29af73,2026-09-28T22:36:23.946861+09:00,2026-09-28T22:36:24.032135+09:00,rail-left-01,rail-right-01,0.6.7-draft,0.6.7-draft,mqtt,mqtt,1435.86,1131.14,6.55,6.55,-0.048,-0.087,0.09,-0.133,10.512,9.782,-0.0605,0.033,0.0401,0.0577,-0.0123,-0.0105,25.0,24.93,16636,18676,2.08,2.335,6.239,7.003,756,756,76,76,0,0,0,0,,,,,,,,,,,,,,,,,0.0,0.0,0,0,1506.7,1256.7,0.8477,1.0788,1,1,0
2026-09-28T22:36:23.966804+09:00,71184557,9d29af73,2026-09-28T22:36:23.966804+09:00,2026-09-28T22:36:24.052078+09:00,rail-left-01,rail-right-01,0.6.7-draft,0.6.7-draft,mqtt,mqtt,1437.11,1132.08,6.546,6.555,0.213,0.189,0.068,-0.199,10.521,9.863,-0.0665,0.0368,0.0393,0.0565,-0.0089,-0.0028,24.96,24.95,16625,18688,2.078,2.336,6.234,7.008,757,757,76,76,0,0,0,0,,,,,,,,,,,,,,,,,0.0,0.0,0,0,1507.8,1257.8,0.8477,1.0788,1,1,0
2026-09-28T22:36:23.986767+09:00,71204520,9d29af73,2026-09-28T22:36:23.986767+09:00,2026-09-28T22:36:24.072041+09:00,rail-left-01,rail-right-01,0.6.7-draft,0.6.7-draft,mqtt,mqtt,1438.35,1133.08,6.532,6.565,-0.182,-0.164,0.072,-0.181,10.641,9.821,-0.061,0.0338,0.04,0.0554,-0.0104,-0.0064,24.98,24.92,16591,18710,2.074,2.339,6.222,7.016,758,758,76,76,0,0,0,0,,,,,,,,,,,,,,,,,0.0,0.0,0,0,1508.9,1258.9,0.8477,1.0788,1,1,0
2026-09-28T22:36:24.006862+09:00,71224615,9d29af73,2026-09-28T22:36:24.006862+09:00,2026-09-28T22:36:24.092136+09:00,rail-left-01,rail-right-01,0.6.7-draft,0.6.7-draft,mqtt,mqtt,1439.64,1134.02,6.534,6.569,0.221,0.235,-0.056,-0.371,10.402,9.738,-0.0657,0.0374,0.0428,0.0604,-0.0101,-0.0053,24.97,24.93,16595,18719,2.074,2.34,6.223,7.02,759,759,76,76,0,0,0,0,,,,,,,,,,,,,,,,,0.0,0.0,0,0,1509.9,1259.9,0.8477,1.0788,1,1,0
2026-09-28T22:36:24.026815+09:00,71244568,9d29af73,2026-09-28T22:36:24.026815+09:00,2026-09-28T22:36:24.112089+09:00,rail-left-01,rail-right-01,0.6.7-draft,0.6.7-draft,mqtt,mqtt,1440.89,1135.02,6.506,6.579,-0.168,-0.178,-0.107,-0.255,10.67,9.597,-0.0638,0.0346,0.042,0.0604,-0.0073,-0.0053,24.95,24.94,16527,18741,2.066,2.343,6.198,7.028,760,760,76,76,0,0,0,0,,,,,,,,,,,,,,,,,0.0,0.0,0,0,1511.0,1261.0,0.8477,1.0788,1,1,0
2026-09-28T22:36:24.159943+09:00,71420418,9d29af73,2026-09-28T22:36:24.159943+09:00,2026-09-28T22:36:24.207931+09:00,rail-left-01,rail-right-01,0.6.7-draft,0.6.7-draft,mqtt,mqtt,1451.92,1143.57,6.499,6.579,0.154,0.136,-0.455,-0.772,10.252,9.455,-0.0269,0.0927,0.0184,0.0393,-0.0041,-0.0073,24.97,24.95,16508,18741,2.064,2.343,6.191,7.028,761,761,77,77,0,0,4,4,,,,,,,,,,,,,,,,,0.0,0.0,0,0,1520.4,1270.4,0.8477,1.0788,1,1,0
2026-09-28T22:36:24.179983+09:00,71440458,9d29af73,2026-09-28T22:36:24.179983+09:00,2026-09-28T22:36:24.227971+09:00,rail-left-01,rail-right-01,0.6.7-draft,0.6.7-draft,mqtt,mqtt,1453.17,1144.56,5.759,5.505,-0.267,-0.245,-0.607,-1.046,10.112,8.82,-0.0104,0.1176,0.0127,0.034,0.0012,-0.0035,24.97,24.92,14086,15073,1.761,1.884,5.282,5.652,762,762,77,77,0,0,4,4,,,,,,,,,,,,,,,,,0.0,0.0,0,0,1521.4,1271.4,0.8477,1.0788,1,1,0
2026-09-28T22:36:24.200129+09:00,71460604,9d29af73,2026-09-28T22:36:24.200129+09:00,2026-09-28T22:36:24.248117+09:00,rail-left-01,rail-right-01,0.6.7-draft,0.6.7-draft,mqtt,mqtt,1454.46,1145.56,5.449,5.038,0.146,0.114,-0.886,-0.995,10.315,8.715,0.0112,0.1499,0.0104,0.024,-0.0012,0.0007,25.0,24.92,12560,12823,1.57,1.603,4.71,4.809,763,763,77,77,0,0,4,4,,,,,,,,,,,,,,,,,0.0,0.0,0,0,1522.5,1272.5,0.8477,1.0788,1,1,0
2026-09-28T22:36:24.220085+09:00,71480560,9d29af73,2026-09-28T22:36:24.220085+09:00,2026-09-28T22:36:24.268073+09:00,rail-left-01,rail-right-01,0.6.7-draft,0.6.7-draft,mqtt,mqtt,1455.75,1146.55,4.929,4.287,-0.089,-0.348,-1.566,-1.848,9.766,7.954,0.0709,0.2262,-0.006,-0.0025,-0.0135,0.0005,24.95,24.92,10009,9207,1.251,1.151,3.753,3.453,764,764,77,77,0,0,4,4,,,,,,,,,,,,,,,,,0.0,0.0,0,0,1523.6,1273.6,0.8477,1.0788,1,1,0
2026-09-28T22:36:24.239959+09:00,71500434,9d29af73,2026-09-28T22:36:24.239959+09:00,2026-09-28T22:36:24.287947+09:00,rail-left-01,rail-right-01,0.6.7-draft,0.6.7-draft,mqtt,mqtt,1456.99,1147.5,3.941,2.403,0.218,0.314,-1.848,-2.266,9.214,6.661,0.1439,0.3329,-0.0621,-0.0662,0.0057,0.0124,24.97,24.92,5304,2093,0.663,0.262,1.989,0.785,765,765,77,77,0,0,4,4,,,,,,,,,,,,,,,,,0.0,0.0,0,0,1524.7,1274.7,0.8477,1.0788,0,1,0
2026-09-28T22:36:24.259936+09:00,71520411,9d29af73,2026-09-28T22:36:24.259936+09:00,2026-09-28T22:36:24.307924+09:00,rail-left-01,rail-right-01,0.6.7-draft,0.6.7-draft,mqtt,mqtt,1458.29,1148.49,1.533,0.026,4.095,1.431,-2.109,2.297,7.622,19.613,0.3116,-0.0068,0.2133,0.3472,0.0225,-0.1176,24.98,24.92,376,19,0.047,0.002,0.141,0.007,766,766,77,77,0,0,4,4,,,,,,,,,,,,,,,,,0.0,0.0,0,0,1525.8,1275.8,0.8477,1.0788,0,1,0
2026-09-28T22:36:24.280064+09:00,71540539,9d29af73,2026-09-28T22:36:24.280064+09:00,2026-09-28T22:36:24.328052+09:00,rail-left-01,rail-right-01,0.6.7-draft,0.6.7-draft,mqtt,mqtt,1459.58,1149.49,1.883,0.004,-1.584,-2.346,3.643,-0.183,4.806,19.613,0.4133,0.037,-0.022,0.1065,0.0721,0.0003,24.97,24.92,468,12,0.059,0.002,0.176,0.004,767,767,77,77,0,0,4,4,,,,,,,,,,,,,,,,,0.0,0.0,0,0,1526.9,1276.9,0.8477,1.0788,0,1,0
2026-09-28T22:36:24.300146+09:00,71560621,9d29af73,2026-09-28T22:36:24.300146+09:00,2026-09-28T22:36:24.348134+09:00,rail-left-01,rail-right-01,0.6.7-draft,0.6.7-draft,mqtt,mqtt,1460.82,1150.43,0.802,0.014,5.717,3.224,1.375,3.072,13.965,14.613,-0.232,0.0405,-0.1282,-0.0137,0.1192,0.089,24.97,24.93,184,15,0.023,0.002,0.069,0.006,768,768,77,77,0,0,4,4,,,,,,,,,,,,,,,,,0.0,0.0,0,0,1527.9,1277.9,0.8477,1.0788,0,1,0
2026-09-28T22:36:24.320072+09:00,71580547,9d29af73,2026-09-28T22:36:24.320072+09:00,2026-09-28T22:36:24.368060+09:00,rail-left-01,rail-right-01,0.6.7-draft,0.6.7-draft,mqtt,mqtt,1462.02,1151.33,1.438,0.014,0.599,0.486,0.049,3.461,13.187,11.29,0.0641,0.02,0.0201,0.0834,-0.008,0.0133,24.97,24.92,351,15,0.044,0.002,0.132,0.006,769,769,77,77,0,0,4,4,,,,,,,,,,,,,,,,,0.0,0.0,0,0,1528.9,1278.9,0.8477,1.0788,0,1,0
2026-09-28T22:36:24.340608+09:00,71601083,9d29af73,2026-09-28T22:36:24.340608+09:00,2026-09-28T22:36:24.388596+09:00,rail-left-01,rail-right-01,0.6.7-draft,0.6.7-draft,mqtt,mqtt,1463.26,1152.17,1.133,0.017,-0.101,-0.156,2.703,2.922,12.649,9.274,0.1203,0.0369,-0.026,0.0823,0.0177,0.0397,24.97,24.94,271,16,0.034,0.002,0.102,0.006,770,770,77,77,0,0,4,4,,,,,,,,,,,,,,,,,0.0,0.0,0,0,1530.0,1280.0,0.8477,1.0788,0,1,0
2026-09-28T22:36:24.479576+09:00,71696491,9d29af73,2026-09-28T22:36:24.479576+09:00,2026-09-28T22:36:24.562515+09:00,rail-left-01,rail-right-01,0.6.7-draft,0.6.7-draft,mqtt,mqtt,1468.43,1155.7,1.183,0.017,0.466,0.284,1.069,0.181,10.536,10.239,-0.0807,0.0309,0.0358,0.0596,0.0205,0.0028,24.96,24.94,284,16,0.036,0.002,0.106,0.006,771,771,78,78,0,0,4,4,,,,,,,,,,,,,,,,,0.0,0.0,0,0,1534.4,1284.4,0.8477,1.0788,0,1,0
2026-09-28T22:36:24.499650+09:00,71716565,9d29af73,2026-09-28T22:36:24.499650+09:00,2026-09-28T22:36:24.582589+09:00,rail-left-01,rail-right-01,0.6.7-draft,0.6.7-draft,mqtt,mqtt,1469.42,1156.35,0.954,0.004,-0.339,-0.209,0.061,0.662,10.688,9.398,-0.1002,0.0316,0.0437,0.0568,0.0008,-0.0032,24.97,24.93,224,12,0.028,0.002,0.084,0.004,772,772,78,78,0,0,4,4,,,,,,,,,,,,,,,,,0.0,0.0,0,0,1535.2,1285.2,0.8477,1.0788,0,1,0
2026-09-28T22:36:24.519690+09:00,71736605,9d29af73,2026-09-28T22:36:24.519690+09:00,2026-09-28T22:36:24.602629+09:00,rail-left-01,rail-right-01,0.6.7-draft,0.6.7-draft,mqtt,mqtt,1470.42,1156.94,0.977,0.014,0.001,0.128,-0.243,0.324,10.889,9.499,-0.0655,0.0317,0.0376,0.0584,-0.0169,-0.0048,24.97,24.92,230,15,0.029,0.002,0.086,0.006,773,773,78,78,0,0,4,4,,,,,,,,,,,,,,,,,0.0,0.0,0,0,1536.0,1286.0,0.8477,1.0788,0,1,0
2026-09-28T22:36:24.539650+09:00,71756565,9d29af73,2026-09-28T22:36:24.539650+09:00,2026-09-28T22:36:24.622589+09:00,rail-left-01,rail-right-01,0.6.7-draft,0.6.7-draft,mqtt,mqtt,1471.36,1157.49,0.973,0.014,-0.034,-0.05,-0.041,-0.561,10.635,9.753,-0.0453,0.0308,0.0433,0.0544,-0.0187,0.004,24.98,24.94,229,15,0.029,0.002,0.086,0.006,774,774,78,78,0,0,4,4,,,,,,,,,,,,,,,,,0.0,0.0,0,0,1536.8,1286.8,0.8477,1.0788,0,1,0
2026-09-28T22:36:24.559639+09:00,71776554,9d29af73,2026-09-28T22:36:24.559639+09:00,2026-09-28T22:36:24.642578+09:00,rail-left-01,rail-right-01,0.6.7-draft,0.6.7-draft,mqtt,mqtt,1472.26,1157.99,0.985,0.011,0.296,0.117,0.729,0.004,10.317,9.856,-0.0496,0.0333,0.0388,0.0533,0.0029,0.0141,24.98,24.97,232,14,0.029,0.002,0.087,0.005,775,775,78,78,0,0,4,4,,,,,,,,,,,,,,,,,0.0,0.0,0,0,1537.6,1287.6,0.8477,1.0788,0,1,0
2026-09-28T22:36:24.579554+09:00,71796469,9d29af73,2026-09-28T22:36:24.579554+09:00,2026-09-28T22:36:24.662493+09:00,rail-left-01,rail-right-01,0.6.7-draft,0.6.7-draft,mqtt,mqtt,1473.15,1158.44,0.981,0.007,-0.008,-0.055,0.909,0.092,10.502,9.418,-0.063,0.0338,0.0394,0.0516,0.0016,-0.0065,24.97,24.92,231,13,0.029,0.002,0.087,0.005,776,776,78,78,0,0,4,4,,,,,,,,,,,,,,,,,0.0,0.0,0,0,1538.4,1288.4,0.8477,1.0788,0,1,0
2026-09-28T22:36:24.599641+09:00,71816556,9d29af73,2026-09-28T22:36:24.599641+09:00,2026-09-28T22:36:24.682580+09:00,rail-left-01,rail-right-01,0.6.7-draft,0.6.7-draft,mqtt,mqtt,1474.05,1158.88,0.947,0.007,0.13,0.114,0.369,0.139,10.463,9.808,-0.0717,0.0318,0.0353,0.0598,-0.0177,-0.0135,24.97,24.93,222,13,0.028,0.002,0.083,0.005,777,777,78,78,0,0,4,4,,,,,,,,,,,,,,,,,0.0,0.0,0,0,1539.1,1289.1,0.8477,1.0788,0,1,0
2026-09-28T22:36:24.619652+09:00,71836567,9d29af73,2026-09-28T22:36:24.619652+09:00,2026-09-28T22:36:24.702591+09:00,rail-left-01,rail-right-01,0.6.7-draft,0.6.7-draft,mqtt,mqtt,1474.89,1159.28,0.954,0.011,0.001,0.024,0.178,-0.051,10.404,9.703,-0.0838,0.0304,0.0424,0.0596,-0.0131,-0.0113,24.95,24.93,224,14,0.028,0.002,0.084,0.005,778,778,78,78,0,0,4,4,,,,,,,,,,,,,,,,,0.0,0.0,0,0,1539.8,1289.8,0.8477,1.0788,0,1,0
2026-09-28T22:36:24.639621+09:00,71856536,9d29af73,2026-09-28T22:36:24.639621+09:00,2026-09-28T22:36:24.722560+09:00,rail-left-01,rail-right-01,0.6.7-draft,0.6.7-draft,mqtt,mqtt,1475.69,1159.68,0.966,0.014,0.031,0.091,0.261,0.035,10.507,9.576,-0.0799,0.0302,0.0421,0.0585,-0.0121,-0.0056,24.98,24.92,227,15,0.028,0.002,0.085,0.006,779,779,78,78,0,0,4,4,,,,,,,,,,,,,,,,,0.0,0.0,0,0,1540.5,1290.5,0.8477,1.0788,0,1,0
2026-09-28T22:36:24.659664+09:00,71876579,9d29af73,2026-09-28T22:36:24.659664+09:00,2026-09-28T22:36:24.742603+09:00,rail-left-01,rail-right-01,0.6.7-draft,0.6.7-draft,mqtt,mqtt,1476.48,1160.03,0.966,0.014,0.03,0.02,0.257,-0.202,10.439,9.811,-0.0608,0.0313,0.0397,0.0541,-0.0113,-0.0043,24.99,24.95,227,15,0.028,0.002,0.085,0.006,780,780,78,78,0,0,4,4,,,,,,,,,,,,,,,,,0.0,0.0,0,0,1541.2,1291.2,0.8477,1.0788,0,1,0
2026-09-28T22:36:24.831082+09:00,72051392,9d29af73,2026-09-28T22:36:24.831082+09:00,2026-09-28T22:36:24.878056+09:00,rail-left-01,rail-right-01,0.6.7-draft,0.6.7-draft,mqtt,mqtt,1482.35,1161.82,0.958,0.017,0.095,0.116,0.474,0.091,10.44,9.698,-0.067,0.0324,0.0384,0.0566,-0.0103,-0.0083,24.99,24.93,225,16,0.028,0.002,0.084,0.006,781,781,79,79,0,0,4,4,,,,,,,,,,,,,,,,,0.0,0.0,0,0,1546.2,1296.2,0.8477,1.0788,0,1,0
2026-09-28T22:36:24.851144+09:00,72071454,9d29af73,2026-09-28T22:36:24.851144+09:00,2026-09-28T22:36:24.898118+09:00,rail-left-01,rail-right-01,0.6.7-draft,0.6.7-draft,mqtt,mqtt,1482.95,1161.92,0.97,0.014,0.045,0.016,0.447,0.152,10.391,9.697,-0.0987,0.0298,0.0416,0.0572,-0.0061,-0.0053,24.99,24.92,228,15,0.029,0.002,0.086,0.006,782,782,79,79,0,0,4,4,,,,,,,,,,,,,,,,,0.0,0.0,0,0,1546.7,1296.7,0.8477,1.0788,0,1,0
2026-09-28T22:36:24.871190+09:00,72091500,9d29af73,2026-09-28T22:36:24.871190+09:00,2026-09-28T22:36:24.918164+09:00,rail-left-01,rail-right-01,0.6.7-draft,0.6.7-draft,mqtt,mqtt,1483.49,1161.97,0.973,0.011,0.035,0.044,0.238,-0.097,10.424,9.688,-0.0841,0.0318,0.0396,0.058,-0.0205,-0.0123,24.98,24.91,229,14,0.029,0.002,0.086,0.005,783,783,79,79,0,0,4,4,,,,,,,,,,,,,,,,,0.0,0.0,0,0,1547.1,1297.1,0.8477,1.0788,0,1,0
2026-09-28T22:36:24.891211+09:00,72111521,9d29af73,2026-09-28T22:36:24.891211+09:00,2026-09-28T22:36:24.938185+09:00,rail-left-01,rail-right-01,0.6.7-draft,0.6.7-draft,mqtt,mqtt,1483.99,1162.02,0.973,0.007,0.062,0.071,0.218,-0.317,10.454,9.722,-0.0532,0.0326,0.0392,0.058,-0.0107,-0.0068,25.0,24.91,229,13,0.029,0.002,0.086,0.005,784,784,79,79,0,0,4,4,,,,,,,,,,,,,,,,,0.0,0.0,0,0,1547.5,1297.5,0.8477,1.0788,0,1,0
2026-09-28T22:36:24.911212+09:00,72131522,9d29af73,2026-09-28T22:36:24.911212+09:00,2026-09-28T22:36:24.958186+09:00,rail-left-01,rail-right-01,0.6.7-draft,0.6.7-draft,mqtt,mqtt,1484.49,1162.02,0.962,0.011,0.032,0.022,0.411,0.14,10.479,9.677,-0.0468,0.0312,0.0384,0.0548,-0.0035,-0.0059,24.98,24.92,226,14,0.028,0.002,0.085,0.005,785,785,79,79,0,0,4,4,,,,,,,,,,,,,,,,,0.0,0.0,0,0,1548.0,1298.0,0.8477,1.0788,0,1,0
2026-09-28T22:36:24.931104+09:00,72151413,9d29af73,2026-09-28T22:36:24.931104+09:00,2026-09-28T22:36:24.978077+09:00,rail-left-01,rail-right-01,0.6.7-draft,0.6.7-draft,mqtt,mqtt,1484.99,1162.02,0.951,0.014,0.072,0.072,0.407,0.03,10.467,9.703,-0.0669,0.032,0.0374,0.0573,-0.0133,-0.0075,25.0,24.91,223,15,0.028,0.002,0.084,0.006,786,786,79,79,0,0,4,4,,,,,,,,,,,,,,,,,0.0,0.0,0,0,1548.4,1298.4,0.8477,1.0788,0,1,0
2026-09-28T22:36:24.951136+09:00,72171446,9d29af73,2026-09-28T22:36:24.951136+09:00,2026-09-28T22:36:24.998110+09:00,rail-left-01,rail-right-01,0.6.7-draft,0.6.7-draft,mqtt,mqtt,1485.43,1162.02,0.973,0.011,0.044,0.043,0.315,0.022,10.451,9.725,-0.0826,0.0318,0.0397,0.0546,-0.0004,-0.004,24.99,24.94,229,14,0.029,0.002,0.086,0.005,787,787,79,79,0,0,4,4,,,,,,,,,,,,,,,,,0.0,0.0,0,0,1548.8,1298.8,0.8477,1.0788,0,1,0
2026-09-28T22:36:24.971155+09:00,72191465,9d29af73,2026-09-28T22:36:24.971155+09:00,2026-09-28T22:36:25.018129+09:00,rail-left-01,rail-right-01,0.6.7-draft,0.6.7-draft,mqtt,mqtt,1485.88,1162.02,0.966,0.014,0.049,0.007,0.226,0.02,10.482,9.695,-0.0683,0.032,0.0384,0.0561,-0.0101,-0.0077,24.98,24.92,227,15,0.028,0.002,0.085,0.006,788,788,79,79,0,0,4,4,,,,,,,,,,,,,,,,,0.0,0.0,0,0,1549.1,1299.1,0.8477,1.0788,0,1,0
2026-09-28T22:36:24.991177+09:00,72211487,9d29af73,2026-09-28T22:36:24.991177+09:00,2026-09-28T22:36:25.038151+09:00,rail-left-01,rail-right-01,0.6.7-draft,0.6.7-draft,mqtt,mqtt,1486.33,1162.02,0.954,0.004,0.059,0.081,0.292,-0.024,10.483,9.718,-0.0474,0.0328,0.0398,0.0557,-0.0104,-0.0061,24.97,24.92,224,12,0.028,0.002,0.084,0.004,789,789,79,79,0,0,4,4,,,,,,,,,,,,,,,,,0.0,0.0,0,0,1549.5,1299.5,0.8477,1.0788,0,1,0
2026-09-28T22:36:25.011181+09:00,72231491,9d29af73,2026-09-28T22:36:25.011181+09:00,2026-09-28T22:36:25.058155+09:00,rail-left-01,rail-right-01,0.6.7-draft,0.6.7-draft,mqtt,mqtt,1486.73,1162.02,0.947,0.011,0.03,0.042,0.47,0.098,10.478,9.703,-0.0581,0.031,0.0374,0.0574,-0.0101,-0.0065,24.97,24.92,222,14,0.028,0.002,0.083,0.005,790,790,79,79,0,0,4,4,,,,,,,,,,,,,,,,,0.0,0.0,0,0,1549.9,1299.9,0.8477,1.0788,0,1,0
2026-09-28T22:36:25.161530+09:00,72366455,9d29af73,2026-09-28T22:36:25.161530+09:00,2026-09-28T22:36:25.242663+09:00,rail-left-01,rail-right-01,0.6.7-draft,0.6.7-draft,mqtt,mqtt,1489.01,1162.02,0.973,0.014,0.031,0.037,0.245,0.005,10.472,9.708,-0.0678,0.0322,0.0386,0.0556,-0.0076,-0.0069,24.99,24.91,229,15,0.029,0.002,0.086,0.006,791,791,80,80,0,0,4,4,,,,,,,,,,,,,,,,,0.0,0.0,0,0,1551.8,1301.8,0.8477,1.0788,0,1,0
2026-09-28T22:36:25.181597+09:00,72386522,9d29af73,2026-09-28T22:36:25.181597+09:00,2026-09-28T22:36:25.262730+09:00,rail-left-01,rail-right-01,0.6.7-draft,0.6.7-draft,mqtt,mqtt,1489.31,1162.02,0.973,0.014,0.028,0.041,0.328,-0.002,10.476,9.724,-0.0505,0.0318,0.0389,0.0557,-0.0127,-0.0064,24.99,24.95,229,15,0.029,0.002,0.086,0.006,792,792,80,80,0,0,4,4,,,,,,,,,,,,,,,,,0.0,0.0,0,0,1552.1,1302.1,0.8477,1.0788,0,1,0
