time,uptime_us,boot_id,time_left,time_right,left_device_id,right_device_id,left_firmware_version,right_firmware_version,left_source,right_source,left_position_mm,right_position_mm,left_sensor_distance_mm,right_sensor_distance_mm,left_mpu_accel_x,right_mpu_accel_x,left_mpu_accel_y,right_mpu_accel_y,left_mpu_accel_z,right_mpu_accel_z,left_mpu_gyro_x,right_mpu_gyro_x,left_mpu_gyro_y,right_mpu_gyro_y,left_mpu_gyro_z,right_mpu_gyro_z,left_mpu_temp_c,right_mpu_temp_c,left_adc_raw,right_adc_raw,left_adc_voltage_v,right_adc_voltage_v,left_sensor_voltage_v,right_sensor_voltage_v,left_sample_seq,right_sample_seq,left_batch_seq,right_batch_seq,left_dropped_batches,right_dropped_batches,left_status_flags,right_status_flags,left_tilt_deg,right_tilt_deg,left_roll_deg,right_roll_deg,left_delta_mm,right_delta_mm,left_distance_delta_mm,right_distance_delta_mm,left_m_mm,right_m_mm,left_dm_dx,right_dm_dx,left_ddelta_dx,right_ddelta_dx,left_apeak,right_apeak,left_magnitude_mm,right_magnitude_mm,left_abnormal_score,right_abnormal_score,rail_x_mm,rear_wheel_x_mm,encoder_scale_left,encoder_scale_right,sensor_valid,analysis_window,joint_marker
2026-09-28T22:37:09.799926+09:00,41387366,75c9d598,2026-09-28T22:37:09.799926+09:00,2026-09-28T22:37:09.886632+09:00,rail-left-01,rail-right-01,0.6.7-draft,0.6.7-draft,mqtt,mqtt,0.05,0.05,6.311,6.6,-0.019,-0.019,-0.51,-0.772,10.5,9.735,-0.0644,0.032,0.038,0.0572,-0.0096,-0.0099,24.99,24.94,16040,18787,2.005,2.348,6.015,7.045,1,1,1,1,0,0,0,0,,0.16615589,,0.16615589,,-0.05536649,,-0.05536649,,0.60618917,,0.0,,0.0,,0.80335,0.0,0.38175691,0,0,299.9,49.9,0.8635,1.0919,1,1,0
2026-09-28T22:37:09.818047+09:00,41405487,75c9d598,2026-09-28T22:37:09.818047+09:00,2026-09-28T22:37:09.904753+09:00,rail-left-01,rail-right-01,0.6.7-draft,0.6.7-draft,mqtt,mqtt,0.25,0.2,6.311,6.599,0.016,0.084,-0.209,-0.271,10.476,9.723,-0.0649,0.0312,0.0356,0.0577,-0.0079,-0.0083,24.96,24.94,16041,18785,2.005,2.348,6.015,7.044,2,2,1,1,0,0,0,0,,0.3113207,,0.3113207,,-0.05486649,,-0.05486649,,0.60593917,,-0.00666667,,0.01333333,,0.80335,0.0,0.3817505,0,0,300.1,50.1,0.8635,1.0919,1,1,0
2026-09-28T22:37:09.837916+09:00,41425356,75c9d598,2026-09-28T22:37:09.837916+09:00,2026-09-28T22:37:09.924622+09:00,rail-left-01,rail-right-01,0.6.7-draft,0.6.7-draft,mqtt,mqtt,0.5,0.4,6.317,6.597,-0.079,-0.048,-0.081,-0.437,10.489,9.711,-0.0634,0.0314,0.0392,0.0545,-0.0107,-0.0049,24.99,24.96,16056,18781,2.007,2.348,6.021,7.043,3,3,1,1,0,0,0,0,,0.23574247,,0.23574247,,-0.05403316,,-0.05403316,,0.6055225,,-0.00864865,,0.0172973,,0.80335,0.0,0.38173981,0,0,300.3,50.3,0.8635,1.0919,1,1,0
2026-09-28T22:37:09.857959+09:00,41445399,75c9d598,2026-09-28T22:37:09.857959+09:00,2026-09-28T22:37:09.944665+09:00,rail-left-01,rail-right-01,0.6.7-draft,0.6.7-draft,mqtt,mqtt,0.85,0.7,6.329,6.6,0.024,0.002,0.096,-0.333,10.476,9.724,-0.0622,0.0316,0.038,0.0558,-0.0108,-0.0092,24.97,24.94,16086,18787,2.011,2.348,6.032,7.045,4,4,1,1,0,0,0,0,,0.23316122,,0.23316122,,-0.05436649,,-0.05436649,,0.60568917,,-0.00021108,,0.00042216,,0.80335,0.0,0.38174409,0,0,300.6,50.6,0.8635,1.0919,1,1,0
2026-09-28T22:37:09.878290+09:00,41465730,75c9d598,2026-09-28T22:37:09.878290+09:00,2026-09-28T22:37:09.964996+09:00,rail-left-01,rail-right-01,0.6.7-draft,0.6.7-draft,mqtt,mqtt,1.29,1.04,6.35,6.605,0.032,0.054,-0.302,-0.464,10.6,9.679,-0.0648,0.0321,0.0364,0.056,-0.0069,-0.0041,24.98,24.94,16137,18798,2.017,2.35,6.051,7.049,5,5,1,1,0,0,0,0,,0.26108106,,0.26108106,,-0.05556649,,-0.05556649,,0.60628917,,0.00525899,,-0.01051798,,0.80335,0.0,0.38175947,0,0,301.0,51.0,0.8635,1.0919,1,1,0
2026-09-28T22:37:09.898461+09:00,41485901,75c9d598,2026-09-28T22:37:09.898461+09:00,2026-09-28T22:37:09.985167+09:00,rail-left-01,rail-right-01,0.6.7-draft,0.6.7-draft,mqtt,mqtt,1.79,1.44,6.391,6.614,-0.067,0.007,-0.122,-0.448,10.505,9.71,-0.0634,0.0306,0.0361,0.0522,-0.0087,-0.0064,24.99,24.92,16240,18819,2.03,2.352,6.09,7.057,6,6,1,1,0,0,0,0,,0.2575127,,0.2575127,,-0.05786649,,-0.05786649,,0.60743917,,0.01025388,,-0.02050776,,0.80335,0.0,0.38178896,0,0,301.4,51.4,0.8635,1.0919,1,1,0
2026-09-28T22:37:09.918008+09:00,41505448,75c9d598,2026-09-28T22:37:09.918008+09:00,2026-09-28T22:37:10.004714+09:00,rail-left-01,rail-right-01,0.6.7-draft,0.6.7-draft,mqtt,mqtt,2.34,1.89,6.42,6.622,0.044,0.057,-0.068,-0.384,10.466,9.681,-0.0634,0.0317,0.0365,0.0538,-0.0077,-0.0068,24.99,24.93,16313,18837,2.039,2.355,6.117,7.064,7,7,1,1,0,0,0,0,,0.27518152,,0.27518152,,-0.06065221,,-0.06065221,,0.60883203,,0.01285835,,-0.02571669,,0.80335,0.0,0.38182467,0,0,301.9,51.9,0.8635,1.0919,1,1,0
2026-09-28T22:37:09.937920+09:00,41525360,75c9d598,2026-09-28T22:37:09.937920+09:00,2026-09-28T22:37:10.024626+09:00,rail-left-01,rail-right-01,0.6.7-draft,0.6.7-draft,mqtt,mqtt,2.98,2.39,6.47,6.629,-0.078,-0.071,-0.103,-0.49,10.382,9.668,-0.0638,0.0309,0.0364,0.0529,-0.0087,-0.0017,24.98,24.97,16436,18851,2.055,2.356,6.164,7.069,8,8,1,1,0,0,0,0,,0.24325615,,0.24325615,,-0.06361649,,-0.06361649,,0.61031417,,0.01383648,,-0.02767297,,0.80335,0.0,0.38186268,0,0,302.5,52.5,0.8635,1.0919,1,1,0
2026-09-28T22:37:09.957953+09:00,41545393,75c9d598,2026-09-28T22:37:09.957953+09:00,2026-09-28T22:37:10.044659+09:00,rail-left-01,rail-right-01,0.6.7-draft,0.6.7-draft,mqtt,mqtt,3.63,2.93,6.506,6.628,-0.104,-0.113,-0.012,-0.506,10.436,9.784,-0.0614,0.031,0.0357,0.0533,-0.0089,-0.004,24.98,24.94,16526,18850,2.066,2.356,6.197,7.069,9,9,1,1,0,0,0,0,,0.20530209,,0.20530209,,-0.06581094,,-0.06581094,,0.61141139,,0.01242701,,-0.02485402,,0.80335,0.0,0.38189081,0,0,303.0,53.0,0.8635,1.0919,1,1,0
2026-09-28T22:37:09.978072+09:00,41565512,75c9d598,2026-09-28T22:37:09.978072+09:00,2026-09-28T22:37:10.064778+09:00,rail-left-01,rail-right-01,0.6.7-draft,0.6.7-draft,mqtt,mqtt,4.33,3.53,6.524,6.625,0.078,0.032,0.134,-0.342,10.61,9.724,-0.0618,0.0336,0.0389,0.0542,-0.0112,-0.0088,24.98,24.95,16571,18842,2.071,2.355,6.214,7.066,10,10,1,1,0,0,0,0,,0.21576664,,0.21576664,,-0.06726649,,-0.06726649,,0.61213917,,0.01017491,,-0.02034981,,0.80335,0.0,0.38190947,0,0,303.6,53.6,0.8635,1.0919,1,1,0
2026-09-28T22:37:10.116670+09:00,41747446,75c9d598,2026-09-28T22:37:10.116670+09:00,2026-09-28T22:37:10.204387+09:00,rail-left-01,rail-right-01,0.6.7-draft,0.6.7-draft,mqtt,mqtt,12.23,9.94,6.534,6.626,0.043,0.089,-0.071,-0.31,10.461,9.893,-0.0658,0.033,0.0405,0.0593,-0.008,-0.0068,24.97,24.95,16597,18844,2.075,2.356,6.224,7.067,11,11,2,2,0,0,0,0,0.19564972,0.0311294,0.19564972,0.0311294,-0.06754831,-0.06336649,-0.06754831,-0.06336649,0.61318917,0.62099869,0.00330073,0.00178016,-0.00309308,0.00026399,0.80335,0.81835,0.3819364,0.38213664,0,0,310.5,60.5,0.8635,1.0919,1,1,0
2026-09-28T22:37:10.136810+09:00,41767586,75c9d598,2026-09-28T22:37:10.136810+09:00,2026-09-28T22:37:10.224527+09:00,rail-left-01,rail-right-01,0.6.7-draft,0.6.7-draft,mqtt,mqtt,13.23,10.74,6.537,6.63,-0.068,-0.028,0.138,-0.316,10.625,9.744,-0.0645,0.033,0.0392,0.0542,-0.0093,-0.0041,24.97,24.93,16603,18853,2.075,2.357,6.226,7.07,12,12,2,2,0,0,0,0,0.17425947,0.03808646,0.17425947,0.03808646,-0.06753316,-0.06441195,-0.06753316,-0.06441195,0.61418917,0.62098462,0.00286693,0.00145862,-0.00161203,-0.0002297,0.81835,0.81835,0.38196204,0.38213628,0,0,311.3,61.3,0.8635,1.0919,1,1,0
2026-09-28T22:37:10.156889+09:00,41787665,75c9d598,2026-09-28T22:37:10.156889+09:00,2026-09-28T22:37:10.244606+09:00,rail-left-01,rail-right-01,0.6.7-draft,0.6.7-draft,mqtt,mqtt,14.22,11.53,6.548,6.641,-0.019,0.012,-0.063,-0.232,10.543,9.602,-0.0624,0.0318,0.0414,0.0546,-0.0083,-0.0085,24.97,24.95,16631,18879,2.079,2.36,6.237,7.08,13,13,2,2,0,0,0,0,0.15238368,0.04945798,0.15238368,0.04945798,-0.06667418,-0.06584475,-0.06667418,-0.06584475,0.6154584,0.62121091,0.00298641,0.00132535,-0.00036133,-0.00073924,0.81835,0.81835,0.38199458,0.38214208,0,0,312.2,62.2,0.8635,1.0919,1,1,0
2026-09-28T22:37:10.176876+09:00,41807652,75c9d598,2026-09-28T22:37:10.176876+09:00,2026-09-28T22:37:10.264593+09:00,rail-left-01,rail-right-01,0.6.7-draft,0.6.7-draft,mqtt,mqtt,15.21,12.33,6.555,6.636,0.051,0.04,-0.031,-0.251,10.397,9.621,-0.065,0.036,0.036,0.0545,-0.0061,-0.0053,24.96,24.95,16648,18868,2.081,2.359,6.243,7.076,14,14,2,2,0,0,0,0,0.13103695,0.06319608,0.13103695,0.06319608,-0.06543792,-0.06694983,-0.06543792,-0.06694983,0.61679631,0.62131417,0.0031423,0.00118742,0.00058262,-0.00102383,0.81835,0.81835,0.38202889,0.38214473,0,0,313.0,63.0,0.8635,1.0919,1,1,0
2026-09-28T22:37:10.197644+09:00,41828420,75c9d598,2026-09-28T22:37:10.197644+09:00,2026-09-28T22:37:10.285361+09:00,rail-left-01,rail-right-01,0.6.7-draft,0.6.7-draft,mqtt,mqtt,16.26,13.23,6.565,6.627,-0.034,0.011,0.098,-0.327,10.366,9.734,-0.062,0.034,0.0376,0.055,-0.0089,-0.0055,24.99,24.92,16673,18848,2.084,2.356,6.252,7.068,15,15,2,2,0,0,0,0,0.10941476,0.07246183,0.10941476,0.07246183,-0.06369983,-0.06760649,-0.06369983,-0.06760649,0.61828917,0.62122917,0.00336374,0.00102059,0.00149998,-0.00111377,0.81835,0.81835,0.38206716,0.38214255,0,0,313.9,63.9,0.8635,1.0919,1,1,0
2026-09-28T22:37:10.217602+09:00,41848378,75c9d598,2026-09-28T22:37:10.217602+09:00,2026-09-28T22:37:10.305319+09:00,rail-left-01,rail-right-01,0.6.7-draft,0.6.7-draft,mqtt,mqtt,17.3,14.02,6.554,6.619,0.043,0.036,0.004,-0.275,10.563,9.884,-0.0665,0.0318,0.035,0.0557,-0.0093,-0.0055,24.99,24.94,16646,18830,2.081,2.354,6.242,7.061,16,16,2,2,0,0,0,0,0.08840203,0.08363708,0.08840203,0.08363708,-0.06286649,-0.06790495,-0.06286649,-0.06790495,0.61925167,0.62099686,0.00325639,0.00084298,0.00166985,-0.00108509,0.81835,0.81835,0.38209184,0.38213659,0,0,314.8,64.8,0.8635,1.0919,1,1,0
2026-09-28T22:37:10.236812+09:00,41867588,75c9d598,2026-09-28T22:37:10.236812+09:00,2026-09-28T22:37:10.324529+09:00,rail-left-01,rail-right-01,0.6.7-draft,0.6.7-draft,mqtt,mqtt,18.3,14.87,6.558,6.61,0.05,0.115,0.013,-0.241,10.569,9.72,-0.065,0.0356,0.039,0.0546,-0.0099,-0.0088,24.98,24.96,16656,18809,2.082,2.351,6.246,7.053,17,17,2,2,0,0,0,0,0.0679534,0.10239394,0.0679534,0.10239394,-0.0618959,-0.06784797,-0.0618959,-0.06784797,0.62021858,0.62061509,0.00319658,0.00065294,0.00187342,-0.00096344,0.81835,0.81835,0.38211664,0.3821268,0,0,315.7,65.7,0.8635,1.0919,1,1,0
2026-09-28T22:37:10.256824+09:00,41887600,75c9d598,2026-09-28T22:37:10.256824+09:00,2026-09-28T22:37:10.344541+09:00,rail-left-01,rail-right-01,0.6.7-draft,0.6.7-draft,mqtt,mqtt,19.34,15.71,6.556,6.61,-0.008,0.031,0.03,-0.379,10.347,9.725,-0.0645,0.0336,0.0397,0.0588,-0.0069,-0.006,24.98,24.94,16651,18809,2.081,2.351,6.244,7.053,18,18,2,2,0,0,0,0,0.04760189,0.11129755,0.04760189,0.11129755,-0.06114427,-0.06779506,-0.06114427,-0.06779506,0.6210225,0.6202606,0.0030871,0.00049853,0.00193833,-0.00086239,0.81835,0.81835,0.38213725,0.38211771,0,0,316.6,66.6,0.8635,1.0919,1,1,0
2026-09-28T22:37:10.276820+09:00,41907596,75c9d598,2026-09-28T22:37:10.276820+09:00,2026-09-28T22:37:10.364537+09:00,rail-left-01,rail-right-01,0.6.7-draft,0.6.7-draft,mqtt,mqtt,20.38,16.56,6.538,6.609,-0.097,-0.057,0.069,-0.394,10.524,9.673,-0.065,0.0325,0.039,0.0589,-0.0089,-0.0056,24.97,24.94,16605,18807,2.076,2.351,6.227,7.053,19,19,2,2,0,0,0,0,0.02692239,0.11098969,0.02692239,0.11098969,-0.06141912,-0.06771132,-0.06141912,-0.06771132,0.62126812,0.61991331,0.00276654,0.00036674,0.00155095,-0.00076811,0.81835,0.81835,0.38214355,0.38210881,0,0,317.5,67.5,0.8635,1.0919,1,1,0
2026-09-28T22:37:10.296870+09:00,41927646,75c9d598,2026-09-28T22:37:10.296870+09:00,2026-09-28T22:37:10.384587+09:00,rail-left-01,rail-right-01,0.6.7-draft,0.6.7-draft,mqtt,mqtt,21.43,17.4,6.523,6.609,0.093,0.084,0.023,-0.294,10.476,9.712,-0.0652,0.0358,0.0389,0.0576,-0.0111,-0.0067,24.98,24.92,16568,18808,2.071,2.351,6.213,7.053,20,20,2,2,0,0,0,0,0.00708925,0.12403446,0.00708925,0.12403446,-0.06241649,-0.06763316,-0.06241649,-0.06763316,0.62111417,0.61958917,0.00234573,0.00025696,0.00093947,-0.00068781,0.81835,0.81835,0.3821396,0.3821005,0,0,318.4,68.4,0.8635,1.0919,1,1,0
2026-09-28T22:37:10.440213+09:00,42067432,75c9d598,2026-09-28T22:37:10.440213+09:00,2026-09-28T22:37:10.481410+09:00,rail-left-01,rail-right-01,0.6.7-draft,0.6.7-draft,mqtt,mqtt,29.04,23.57,6.517,6.612,0.121,0.111,0.072,-0.496,10.433,9.413,-0.0683,0.0346,0.0428,0.058,-0.0065,0.0015,24.98,24.97,16553,18814,2.069,2.352,6.207,7.055,21,21,3,3,0,0,0,0,0.12648127,0.09689036,0.12648127,0.09689036,-0.06775359,-0.10868357,-0.06775359,-0.10868357,0.61918917,0.59631112,0.00010124,-0.00356635,-0.00063614,-0.00673539,0.81835,0.85235,0.38209024,0.38150362,0,0,325.0,75.0,0.8635,1.0919,1,1,0
2026-09-28T22:37:10.460335+09:00,42087554,75c9d598,2026-09-28T22:37:10.460335+09:00,2026-09-28T22:37:10.501532+09:00,rail-left-01,rail-right-01,0.6.7-draft,0.6.7-draft,mqtt,mqtt,30.18,24.46,6.424,6.568,-0.032,-0.024,-0.075,-0.116,10.418,9.71,-0.0675,0.0401,0.0357,0.0496,-0.0021,-0.0025,24.99,24.94,16321,18716,2.04,2.34,6.12,7.019,22,22,3,3,0,0,0,0,0.12709673,0.09391288,0.12709673,0.09391288,-0.07077274,-0.1118903,-0.07077274,-0.1118903,0.61736104,0.59354631,-0.00042806,-0.00382631,-0.00141666,-0.00682174,0.81835,0.85235,0.38204337,0.38143273,0,0,326.0,76.0,0.8635,1.0919,1,1,0
2026-09-28T22:37:10.480340+09:00,42107559,75c9d598,2026-09-28T22:37:10.480340+09:00,2026-09-28T22:37:10.521537+09:00,rail-left-01,rail-right-01,0.6.7-draft,0.6.7-draft,mqtt,mqtt,31.27,25.36,6.437,6.538,0.114,0.13,-0.141,-0.529,10.366,9.876,-0.0641,0.0389,0.0358,0.0565,-0.0069,-0.0051,24.97,24.96,16354,18649,2.044,2.331,6.133,6.993,23,23,3,3,0,0,0,0,0.12660351,0.10108386,0.12660351,0.10108386,-0.07321498,-0.11425021,-0.07321498,-0.11425021,0.61584068,0.59056126,-0.00078355,-0.00410055,-0.00191015,-0.00674694,0.81835,0.85235,0.38200438,0.38135619,0,0,326.9,76.9,0.8635,1.0919,1,1,0
2026-09-28T22:37:10.500293+09:00,42127512,75c9d598,2026-09-28T22:37:10.500293+09:00,2026-09-28T22:37:10.541490+09:00,rail-left-01,rail-right-01,0.6.7-draft,0.6.7-draft,mqtt,mqtt,32.42,26.25,6.389,6.541,-0.097,-0.093,0.255,-0.354,10.544,9.612,-0.062,0.0321,0.049,0.0714,-0.01,-0.0087,24.97,24.95,16235,18657,2.029,2.332,6.088,6.996,24,24,3,3,0,0,0,0,0.12424933,0.09370543,0.12424933,0.09370543,-0.07692532,-0.11657104,-0.07692532,-0.11657104,0.61370387,0.58774599,-0.00123715,-0.00431709,-0.00264365,-0.00668414,0.81835,0.85235,0.38194959,0.38128401,0,0,327.9,77.9,0.8635,1.0919,1,1,0
2026-09-28T22:37:10.520327+09:00,42147546,75c9d598,2026-09-28T22:37:10.520327+09:00,2026-09-28T22:37:10.561524+09:00,rail-left-01,rail-right-01,0.6.7-draft,0.6.7-draft,mqtt,mqtt,33.51,27.2,6.328,6.569,0.05,0.105,-0.051,-0.215,10.648,9.861,-0.0628,0.0334,0.0401,0.0572,-0.0079,-0.0047,24.96,24.94,16084,18718,2.011,2.34,6.032,7.019,25,25,3,3,0,0,0,0,0.1208531,0.09901581,0.1208531,0.09901581,-0.08216649,-0.11941094,-0.08216649,-0.11941094,0.61081774,0.58536695,-0.00180232,-0.00443922,-0.00363365,-0.00672662,0.84135,0.85235,0.38187559,0.38122301,0,0,328.8,78.8,0.8635,1.0919,1,1,0
2026-09-28T22:37:10.540295+09:00,42167514,75c9d598,2026-09-28T22:37:10.540295+09:00,2026-09-28T22:37:10.581492+09:00,rail-left-01,rail-right-01,0.6.7-draft,0.6.7-draft,mqtt,mqtt,34.65,28.09,6.337,6.565,-0.002,-0.035,0.132,-0.085,10.397,9.795,-0.0715,0.0353,0.0381,0.0562,-0.006,-0.0053,24.99,24.95,16105,18709,2.013,2.339,6.039,7.016,26,26,3,3,0,0,0,0,0.11642677,0.09558291,0.11642677,0.09558291,-0.08686649,-0.12204041,-0.08686649,-0.12204041,0.60821695,0.58304786,-0.00223023,-0.00454397,-0.00437457,-0.00673763,0.84135,0.85235,0.3818089,0.38116354,0,0,329.8,79.8,0.8635,1.0919,1,1,0
2026-09-28T22:37:10.560422+09:00,42187641,75c9d598,2026-09-28T22:37:10.560422+09:00,2026-09-28T22:37:10.601619+09:00,rail-left-01,rail-right-01,0.6.7-draft,0.6.7-draft,mqtt,mqtt,35.8,28.99,6.352,6.573,0.032,0.069,0.005,-0.411,10.506,9.479,-0.0677,0.0348,0.0401,0.0588,-0.0073,-0.0081,24.98,24.94,16144,18728,2.018,2.341,6.054,7.023,27,27,3,3,0,0,0,0,0.11116015,0.09857988,0.11116015,0.09857988,-0.09090703,-0.12472819,-0.09090703,-0.12472819,0.60595944,0.58091257,-0.00253375,-0.00461382,-0.0048867,-0.00676418,0.84135,0.85235,0.38175102,0.38110879,0,0,330.8,80.8,0.8635,1.0919,1,1,0
2026-09-28T22:37:10.580351+09:00,42207570,75c9d598,2026-09-28T22:37:10.580351+09:00,2026-09-28T22:37:10.621548+09:00,rail-left-01,rail-right-01,0.6.7-draft,0.6.7-draft,mqtt,mqtt,36.89,29.88,6.341,6.589,-0.028,-0.006,-0.066,-0.184,10.252,9.76,-0.0637,0.0338,0.0398,0.061,-0.0071,-0.0053,24.97,24.95,16115,18762,2.014,2.345,6.043,7.036,28,28,3,3,0,0,0,0,0.10500467,0.09699437,0.10500467,0.09699437,-0.09502439,-0.12763733,-0.09502439,-0.12763733,0.60367601,0.57903292,-0.00280973,-0.00464204,-0.0053599,-0.00682944,0.84135,0.85235,0.38169247,0.38106059,0,0,331.7,81.7,0.8635,1.0919,1,1,0
2026-09-28T22:37:10.600307+09:00,42227526,75c9d598,2026-09-28T22:37:10.600307+09:00,2026-09-28T22:37:10.641504+09:00,rail-left-01,rail-right-01,0.6.7-draft,0.6.7-draft,mqtt,mqtt,38.03,30.83,6.315,6.589,-0.053,-0.049,0.308,-0.344,10.659,9.62,-0.0658,0.0346,0.0406,0.058,-0.0085,-0.0041,24.95,24.97,16050,18762,2.006,2.345,6.019,7.036,29,29,3,3,0,0,0,0,0.09798721,0.09299428,0.09798721,0.09299428,-0.09959726,-0.13042772,-0.09959726,-0.13042772,0.60117635,0.57722998,-0.00310112,-0.00466001,-0.00587687,-0.00687673,0.85235,0.85235,0.38162837,0.38101437,0,0,332.7,82.7,0.8635,1.0919,1,1,0
2026-09-28T22:37:10.620506+09:00,42247725,75c9d598,2026-09-28T22:37:10.620506+09:00,2026-09-28T22:37:10.661703+09:00,rail-left-01,rail-right-01,0.6.7-draft,0.6.7-draft,mqtt,mqtt,39.18,31.72,6.304,6.588,0.014,-0.005,0.085,-0.02,10.634,9.807,-0.0622,0.0348,0.041,0.0569,-0.0069,-0.0056,24.99,24.95,16024,18760,2.003,2.345,6.009,7.035,30,30,3,3,0,0,0,0,0.09038125,0.09163893,0.09038125,0.09163893,-0.10421649,-0.13308649,-0.10421649,-0.13308649,0.59866417,0.57548917,-0.00336736,-0.00467123,-0.00635416,-0.0069065,0.85235,0.85235,0.38156396,0.38096973,0,0,333.7,83.7,0.8635,1.0919,1,1,0
2026-09-28T22:37:10.717053+09:00,42345462,75c9d598,2026-09-28T22:37:10.717053+09:00,2026-09-28T22:37:10.756024+09:00,rail-left-01,rail-right-01,0.6.7-draft,0.6.7-draft,mqtt,mqtt,44.75,36.24,6.305,6.594,-0.017,-0.047,0.172,-0.109,10.427,9.614,-0.0637,0.0298,0.0401,0.0605,-0.0079,-0.0083,24.98,24.94,16027,18774,2.003,2.347,6.01,7.04,31,31,4,4,0,0,0,0,0.08564981,0.00824929,0.08564981,0.00824929,-0.13562139,-0.15192387,-0.13562139,-0.15192387,0.57382642,0.56253343,-0.00464006,-0.00392515,-0.00687262,-0.00576887,0.85235,0.85235,0.38092709,0.38063753,0,0,338.5,88.5,0.8635,1.0919,1,1,0
2026-09-28T22:37:10.737205+09:00,42365614,75c9d598,2026-09-28T22:37:10.737205+09:00,2026-09-28T22:37:10.776176+09:00,rail-left-01,rail-right-01,0.6.7-draft,0.6.7-draft,mqtt,mqtt,45.89,37.14,6.312,6.568,0.035,0.045,-0.071,-0.183,10.4,9.501,-0.0658,0.0308,0.0402,0.0588,-0.0015,0.0012,24.96,24.94,16043,18717,2.005,2.34,6.016,7.019,32,32,4,4,0,0,0,0,0.07907746,0.01215859,0.07907746,0.01215859,-0.13792418,-0.15302778,-0.13792418,-0.15302778,0.57229494,0.56139078,-0.00459473,-0.00387721,-0.00681078,-0.00562501,0.85235,0.85235,0.38088783,0.38060823,0,0,339.5,89.5,0.8635,1.0919,1,1,0
2026-09-28T22:37:10.757195+09:00,42385604,75c9d598,2026-09-28T22:37:10.757195+09:00,2026-09-28T22:37:10.796166+09:00,rail-left-01,rail-right-01,0.6.7-draft,0.6.7-draft,mqtt,mqtt,47.03,38.08,6.309,6.59,-0.087,-0.03,-0.011,-0.329,10.448,9.82,-0.0665,0.0301,0.0404,0.062,-0.0063,-0.0069,24.97,24.94,16036,18765,2.005,2.346,6.014,7.037,33,33,4,4,0,0,0,0,0.07173921,0.01250566,0.07173921,0.01250566,-0.14019668,-0.15444586,-0.14019668,-0.15444586,0.57079294,0.56045901,-0.00455189,-0.0038091,-0.00675415,-0.00553442,0.85235,0.85235,0.38084931,0.38058434,0,0,340.5,90.5,0.8635,1.0919,1,1,0
2026-09-28T22:37:10.777139+09:00,42405548,75c9d598,2026-09-28T22:37:10.777139+09:00,2026-09-28T22:37:10.816110+09:00,rail-left-01,rail-right-01,0.6.7-draft,0.6.7-draft,mqtt,mqtt,48.18,38.98,6.321,6.593,-0.032,0.026,0.036,-0.145,10.476,9.7,-0.0652,0.0316,0.0376,0.0532,-0.0028,-0.0032,24.96,24.95,16066,18772,2.008,2.347,6.025,7.04,34,34,4,4,0,0,0,0,0.06385708,0.01534075,0.06385708,0.01534075,-0.14216279,-0.15586649,-0.14216279,-0.15586649,0.56945769,0.55957979,-0.00449102,-0.00374192,-0.00666164,-0.00545406,0.85235,0.85235,0.38081508,0.3805618,0,0,341.5,91.5,0.8635,1.0919,1,1,0
2026-09-28T22:37:10.797560+09:00,42425969,75c9d598,2026-09-28T22:37:10.797560+09:00,2026-09-28T22:37:10.836531+09:00,rail-left-01,rail-right-01,0.6.7-draft,0.6.7-draft,mqtt,mqtt,49.37,39.97,6.331,6.597,0.008,-0.044,0.004,-0.468,10.53,9.746,-0.0669,0.0324,0.0404,0.0585,-0.0075,-0.0069,24.98,24.93,16091,18780,2.011,2.348,6.034,7.043,35,35,4,4,0,0,0,0,0.05552574,0.01501718,0.05552574,0.01501718,-0.14387558,-0.15730495,-0.14387558,-0.15730495,0.5682619,0.5587584,-0.00441743,-0.00367428,-0.00654388,-0.00538385,0.85235,0.85235,0.38078441,0.38054073,0,0,342.5,92.5,0.8635,1.0919,1,1,0
2026-09-28T22:37:10.817551+09:00,42445960,75c9d598,2026-09-28T22:37:10.817551+09:00,2026-09-28T22:37:10.856522+09:00,rail-left-01,rail-right-01,0.6.7-draft,0.6.7-draft,mqtt,mqtt,50.51,40.87,6.352,6.585,-0.073,-0.016,0.019,-0.03,10.381,9.823,-0.0644,0.03,0.0334,0.0514,-0.0028,0.0003,24.98,24.94,16142,18754,2.018,2.344,6.053,7.033,36,36,4,4,0,0,0,0,0.04672274,0.01590641,0.04672274,0.01590641,-0.14515221,-0.15851801,-0.14515221,-0.15851801,0.56729631,0.55787099,-0.00432007,-0.00362065,-0.00637852,-0.00529525,0.85235,0.85235,0.38075966,0.38051798,0,0,343.5,93.5,0.8635,1.0919,1,1,0
2026-09-28T22:37:10.837149+09:00,42465558,75c9d598,2026-09-28T22:37:10.837149+09:00,2026-09-28T22:37:10.876120+09:00,rail-left-01,rail-right-01,0.6.7-draft,0.6.7-draft,mqtt,mqtt,51.66,41.76,6.36,6.581,0.044,0.089,0.165,-0.221,10.457,9.54,-0.0632,0.0304,0.0397,0.0589,-0.0096,-0.0077,24.97,24.94,16162,18744,2.02,2.343,6.061,7.029,37,37,4,4,0,0,0,0,0.03767544,0.02129046,0.03767544,0.02129046,-0.14624369,-0.15963515,-0.14624369,-0.15963515,0.56643478,0.55698021,-0.00421792,-0.00357262,-0.00620347,-0.00520419,0.85235,0.85235,0.38073757,0.38049514,0,0,344.5,94.5,0.8635,1.0919,1,1,0
2026-09-28T22:37:10.857104+09:00,42485513,75c9d598,2026-09-28T22:37:10.857104+09:00,2026-09-28T22:37:10.896075+09:00,rail-left-01,rail-right-01,0.6.7-draft,0.6.7-draft,mqtt,mqtt,52.8,42.71,6.343,6.582,-0.16,-0.139,0.099,-0.243,10.488,9.669,-0.0642,0.0284,0.0388,0.0538,-0.0065,-0.0019,24.99,24.97,16120,18748,2.015,2.344,6.045,7.031,38,38,4,4,0,0,0,0,0.02803516,0.01690248,0.02803516,0.01690248,-0.14759063,-0.16073414,-0.14759063,-0.16073414,0.56545641,0.55612299,-0.0041402,-0.00352528,-0.0060771,-0.00511879,0.85235,0.85235,0.38071248,0.38047316,0,0,345.5,95.5,0.8635,1.0919,1,1,0
2026-09-28T22:37:10.877114+09:00,42505523,75c9d598,2026-09-28T22:37:10.877114+09:00,2026-09-28T22:37:10.916085+09:00,rail-left-01,rail-right-01,0.6.7-draft,0.6.7-draft,mqtt,mqtt,53.94,43.65,6.347,6.57,0.12,0.098,-0.083,-0.211,10.52,9.895,-0.0626,0.0264,0.0354,0.0569,-0.008,-0.0092,24.99,24.93,16130,18720,2.016,2.34,6.049,7.02,39,39,4,4,0,0,0,0,0.0184109,0.02238894,0.0184109,0.02238894,-0.14882412,-0.16162736,-0.14882412,-0.16162736,0.5645451,0.55520366,-0.00406086,-0.00348878,-0.0059473,-0.00501825,0.85235,0.85235,0.38068911,0.38044959,0,0,346.5,96.5,0.8635,1.0919,1,1,0
2026-09-28T22:37:10.897195+09:00,42525604,75c9d598,2026-09-28T22:37:10.897195+09:00,2026-09-28T22:37:10.936166+09:00,rail-left-01,rail-right-01,0.6.7-draft,0.6.7-draft,mqtt,mqtt,55.14,44.55,6.327,6.564,0.042,0.036,0.148,-0.266,10.388,9.776,-0.0641,0.0292,0.0404,0.0574,-0.0055,-0.0017,25.0,24.94,16081,18708,2.01,2.339,6.03,7.016,40,40,4,4,0,0,0,0,0.00862549,0.02523531,0.00862549,0.02523531,-0.15034983,-0.16240935,-0.15034983,-0.16240935,0.5634975,0.55426774,-0.00400507,-0.00345751,-0.00586451,-0.0049137,0.85235,0.85235,0.38066225,0.38042559,0,0,347.5,97.5,0.8635,1.0919,1,1,0
2026-09-28T22:37:11.022924+09:00,42618453,75c9d598,2026-09-28T22:37:11.022924+09:00,2026-09-28T22:37:11.069511+09:00,rail-left-01,rail-right-01,0.6.7-draft,0.6.7-draft,mqtt,mqtt,60.56,48.87,6.307,6.561,0.123,0.085,0.237,-0.145,10.588,10.011,-0.0633,0.034,0.0396,0.0574,-0.0065,-0.0067,24.98,24.94,16032,18701,2.004,2.338,6.012,7.013,41,41,5,5,0,0,0,0,-0.01219153,-0.16586576,-0.01219153,-0.16586576,-0.23636649,-0.23863922,-0.23636649,-0.23863922,0.47968917,0.47828008,0.0,0.00882366,0.0,0.01817508,0.78135,0.99035,0.39964903,0.3996129,0,0,352.2,102.2,0.8635,1.0919,1,1,0
2026-09-28T22:37:11.043064+09:00,42638593,75c9d598,2026-09-28T22:37:11.043064+09:00,2026-09-28T22:37:11.089651+09:00,rail-left-01,rail-right-01,0.6.7-draft,0.6.7-draft,mqtt,mqtt,61.75,49.82,6.279,6.446,0.012,-0.031,0.098,-0.244,10.751,9.829,-0.0609,0.0322,0.0393,0.0562,-0.0092,-0.0071,24.97,24.94,15960,18445,1.995,2.306,5.985,6.917,42,42,5,5,0,0,0,0,-0.03617782,-0.16192315,-0.03617782,-0.16192315,-0.25036649,-0.22119983,-0.25036649,-0.22119983,0.47268917,0.47718917,-0.02352941,0.00533605,-0.04705882,0.02570964,0.94435,0.99035,0.39946954,0.39958493,0,0,353.2,103.2,0.8635,1.0919,1,1,0
2026-09-28T22:37:11.062998+09:00,42658527,75c9d598,2026-09-28T22:37:11.062998+09:00,2026-09-28T22:37:11.109585+09:00,rail-left-01,rail-right-01,0.6.7-draft,0.6.7-draft,mqtt,mqtt,62.94,50.76,6.274,6.45,0.089,-0.002,-0.017,-0.211,10.523,9.716,-0.0642,0.031,0.04,0.0568,-0.0096,-0.0072,24.99,24.94,15949,18454,1.994,2.307,5.981,6.92,43,43,5,5,0,0,0,0,-0.05672517,-0.15230606,-0.05672517,-0.15230606,-0.25669983,-0.20675111,-0.25669983,-0.20675111,0.4695225,0.47641994,-0.01386555,0.0035794,-0.02773109,0.02867284,0.94435,0.99035,0.39938835,0.39956521,0,0,354.2,104.2,0.8635,1.0919,1,1,0
2026-09-28T22:37:11.082939+09:00,42678468,75c9d598,2026-09-28T22:37:11.082939+09:00,2026-09-28T22:37:11.129526+09:00,rail-left-01,rail-right-01,0.6.7-draft,0.6.7-draft,mqtt,mqtt,64.09,51.71,6.269,6.435,0.032,0.04,0.034,-0.278,10.515,9.793,-0.0642,0.0285,0.0377,0.0548,-0.0089,-0.0073,24.96,24.95,15937,18421,1.992,2.303,5.976,6.908,44,44,5,5,0,0,0,0,-0.07728094,-0.13556958,-0.07728094,-0.13556958,-0.26111649,-0.19329506,-0.26111649,-0.19329506,0.46731417,0.47522488,-0.01012769,0.00220006,-0.02025537,0.03043762,0.94435,0.99035,0.39933172,0.39953456,0,0,355.2,105.2,0.8635,1.0919,1,1,0
2026-09-28T22:37:11.103039+09:00,42698568,75c9d598,2026-09-28T22:37:11.103039+09:00,2026-09-28T22:37:11.149626+09:00,rail-left-01,rail-right-01,0.6.7-draft,0.6.7-draft,mqtt,mqtt,65.28,52.65,6.236,6.426,-0.097,-0.101,0.341,-0.335,10.797,9.584,-0.0659,0.0336,0.0404,0.056,-0.0093,-0.0064,24.98,24.96,15855,18401,1.982,2.3,5.946,6.9,45,45,5,5,0,0,0,0,-0.10068139,-0.14786528,-0.10068139,-0.14786528,-0.27036649,-0.18103316,-0.27036649,-0.18103316,0.46268917,0.47388917,-0.01291604,0.00114246,-0.02583208,0.03137262,0.99035,0.99035,0.39921313,0.39950031,0,0,356.3,106.3,0.8635,1.0919,1,1,0
2026-09-28T22:37:11.123196+09:00,42718725,75c9d598,2026-09-28T22:37:11.123196+09:00,2026-09-28T22:37:11.169783+09:00,rail-left-01,rail-right-01,0.6.7-draft,0.6.7-draft,mqtt,mqtt,66.47,53.6,6.262,6.424,0.011,0.142,-0.108,-0.157,10.533,9.755,-0.0667,0.033,0.0348,0.0517,-0.0053,-0.0035,24.96,24.96,15920,18397,1.99,2.3,5.97,6.899,46,46,5,5,0,0,0,0,-0.12270016,-0.11542836,-0.12270016,-0.11542836,-0.27219983,-0.17017899,-0.27219983,-0.17017899,0.4617725,0.47265792,-0.00869384,0.00038639,-0.01738768,0.03162161,0.99035,0.99035,0.39918963,0.39946874,0,0,357.3,107.3,0.8635,1.0919,1,1,0
2026-09-28T22:37:11.142971+09:00,42738500,75c9d598,2026-09-28T22:37:11.142971+09:00,2026-09-28T22:37:11.189558+09:00,rail-left-01,rail-right-01,0.6.7-draft,0.6.7-draft,mqtt,mqtt,67.62,54.49,6.271,6.424,-0.051,-0.01,0.095,-0.338,10.444,9.816,-0.0648,0.0289,0.038,0.056,-0.0071,-0.0049,24.95,24.94,15942,18396,1.993,2.3,5.978,6.899,47,47,5,5,0,0,0,0,-0.14482067,-0.11212759,-0.14482067,-0.11212759,-0.27222364,-0.16060179,-0.27222364,-0.16060179,0.4617606,0.47157152,-0.00547253,-0.00014689,-0.01094506,0.03143057,0.99035,0.99035,0.39918933,0.39944089,0,0,358.3,108.3,0.8635,1.0919,1,1,0
2026-09-28T22:37:11.162938+09:00,42758467,75c9d598,2026-09-28T22:37:11.162938+09:00,2026-09-28T22:37:11.209525+09:00,rail-left-01,rail-right-01,0.6.7-draft,0.6.7-draft,mqtt,mqtt,68.81,55.44,6.298,6.433,0.014,0.091,-0.065,-0.316,10.482,9.596,-0.0709,0.0298,0.0326,0.0489,-0.0047,-0.0084,24.98,24.98,16008,18417,2.001,2.302,6.003,6.906,48,48,5,5,0,0,0,0,-0.16558803,-0.0932072,-0.16558803,-0.0932072,-0.26886649,-0.15258871,-0.26886649,-0.15258871,0.46343917,0.47085584,-0.00174712,-0.0004286,-0.00349423,0.03073286,0.99035,0.99035,0.39923237,0.39942254,0,0,359.3,109.3,0.8635,1.0919,1,1,0
2026-09-28T22:37:11.183085+09:00,42778614,75c9d598,2026-09-28T22:37:11.183085+09:00,2026-09-28T22:37:11.229672+09:00,rail-left-01,rail-right-01,0.6.7-draft,0.6.7-draft,mqtt,mqtt,70.0,56.38,6.361,6.43,0.111,0.151,0.068,-0.591,10.424,9.516,-0.069,0.0321,0.0356,0.0504,-0.0048,0.0036,24.97,24.93,16166,18410,2.021,2.301,6.062,6.904,49,49,5,5,0,0,0,0,-0.18434081,-0.06717708,-0.18434081,-0.06717708,-0.25925538,-0.14526123,-0.25925538,-0.14526123,0.46824472,0.47013654,0.00368235,-0.0006664,0.0073647,0.02996957,0.99035,0.99035,0.39935558,0.39940409,0,0,360.3,110.3,0.8635,1.0919,1,1,0
2026-09-28T22:37:11.203569+09:00,42799098,75c9d598,2026-09-28T22:37:11.203569+09:00,2026-09-28T22:37:11.250156+09:00,rail-left-01,rail-right-01,0.6.7-draft,0.6.7-draft,mqtt,mqtt,71.2,57.33,6.396,6.428,-0.011,0.005,-0.122,-0.152,10.469,9.761,-0.0663,0.0352,0.0385,0.06,-0.0039,-0.0011,24.97,24.95,16252,18405,2.032,2.301,6.095,6.902,50,50,5,5,0,0,0,0,-0.20315482,-0.0646679,-0.20315482,-0.0646679,-0.24806649,-0.13856649,-0.24806649,-0.13856649,0.47383917,0.46943917,0.00786337,-0.00086102,0.01572673,0.02915003,0.99035,0.99035,0.39949903,0.39938621,0,0,361.4,111.4,0.8635,1.0919,1,1,0
2026-09-28T22:37:11.298426+09:00,42932468,75c9d598,2026-09-28T22:37:11.298426+09:00,2026-09-28T22:37:11.377829+09:00,rail-left-01,rail-right-01,0.6.7-draft,0.6.7-draft,mqtt,mqtt,79.1,63.59,6.404,6.426,0.079,0.067,-0.016,-0.068,10.719,9.738,-0.0612,0.032,0.0477,0.0572,-0.0095,-0.0144,25.01,24.95,16272,18402,2.034,2.3,6.102,6.901,51,51,6,6,0,0,0,0,-0.07219848,-0.16267911,-0.07219848,-0.16267911,-0.1321284,-0.06681811,-0.1321284,-0.06681811,0.46899869,0.47797949,-0.00088628,0.0015035,0.02568892,0.01820417,0.99035,0.99135,0.39937492,0.39960519,0,0,368.2,118.2,0.8635,1.0919,1,1,0
2026-09-28T22:37:11.318581+09:00,42952623,75c9d598,2026-09-28T22:37:11.318581+09:00,2026-09-28T22:37:11.397984+09:00,rail-left-01,rail-right-01,0.6.7-draft,0.6.7-draft,mqtt,mqtt,80.34,64.53,6.4,6.414,-0.224,-0.166,0.353,-0.166,10.798,9.68,-0.0582,0.0354,0.0402,0.0541,-0.006,-0.0005,24.97,24.93,16263,18374,2.033,2.297,6.099,6.89,52,52,6,6,0,0,0,0,-0.08225484,-0.16596665,-0.08225484,-0.16596665,-0.1264574,-0.06189774,-0.1264574,-0.06189774,0.46850735,0.47845479,-0.00093043,0.00145675,0.02320731,0.01742443,0.99135,0.99135,0.39936232,0.39961738,0,0,369.3,119.3,0.8635,1.0919,1,1,0
2026-09-28T22:37:11.338511+09:00,42972552,75c9d598,2026-09-28T22:37:11.338511+09:00,2026-09-28T22:37:11.417913+09:00,rail-left-01,rail-right-01,0.6.7-draft,0.6.7-draft,mqtt,mqtt,81.49,65.48,6.419,6.433,0.077,0.044,0.019,-0.071,10.126,9.808,-0.0569,0.0294,0.037,0.0545,-0.0085,-0.0111,24.97,24.93,16309,18417,2.039,2.302,6.116,6.906,53,53,6,6,0,0,0,0,-0.09286953,-0.15117236,-0.09286953,-0.15117236,-0.12045345,-0.05785134,-0.12045345,-0.05785134,0.46847178,0.47918917,-0.00078965,0.00148409,0.02168449,0.01662254,0.99135,0.99135,0.39936141,0.39963621,0,0,370.3,120.3,0.8635,1.0919,1,1,0
2026-09-28T22:37:11.358486+09:00,42992528,75c9d598,2026-09-28T22:37:11.358486+09:00,2026-09-28T22:37:11.437889+09:00,rail-left-01,rail-right-01,0.6.7-draft,0.6.7-draft,mqtt,mqtt,82.68,66.37,6.468,6.448,0.026,0.073,0.057,-0.358,10.501,9.541,-0.0584,0.0293,0.0352,0.0528,-0.0071,-0.0041,24.99,24.95,16432,18451,2.054,2.306,6.162,6.919,54,54,6,6,0,0,0,0,-0.10411967,-0.13470131,-0.10411967,-0.13470131,-0.11290816,-0.05448414,-0.11290816,-0.05448414,0.46946,0.48010093,-0.00032526,0.00155069,0.02115896,0.01583969,0.99135,0.99135,0.39938675,0.39965959,0,0,371.3,121.3,0.8635,1.0919,1,1,0
2026-09-28T22:37:11.378585+09:00,43012627,75c9d598,2026-09-28T22:37:11.378585+09:00,2026-09-28T22:37:11.457988+09:00,rail-left-01,rail-right-01,0.6.7-draft,0.6.7-draft,mqtt,mqtt,83.92,67.32,6.494,6.453,-0.042,-0.044,0.026,-0.407,10.515,9.7,-0.0596,0.032,0.0365,0.0566,-0.0115,-0.0097,24.97,24.94,16497,18461,2.062,2.308,6.186,6.923,55,55,6,6,0,0,0,0,-0.11620716,-0.12867956,-0.11620716,-0.12867956,-0.10492649,-0.05145221,-0.10492649,-0.05145221,0.47088917,0.48103203,0.00018312,0.0016153,0.02094586,0.01512987,0.99135,0.99135,0.39942339,0.39968346,0,0,372.4,122.4,0.8635,1.0919,1,1,0
2026-09-28T22:37:11.398664+09:00,43032706,75c9d598,2026-09-28T22:37:11.398664+09:00,2026-09-28T22:37:11.478067+09:00,rail-left-01,rail-right-01,0.6.7-draft,0.6.7-draft,mqtt,mqtt,85.12,68.26,6.516,6.448,0.08,0.048,-0.022,-0.171,10.439,9.703,-0.0604,0.0281,0.0361,0.0576,-0.0096,-0.0052,24.98,24.95,16550,18451,2.069,2.306,6.206,6.919,56,56,6,6,0,0,0,0,-0.12844754,-0.11579473,-0.12844754,-0.11579473,-0.09671265,-0.04844983,-0.09671265,-0.04844983,0.47263148,0.48184195,0.00068969,0.00165021,0.02089691,0.01453416,0.99135,0.99135,0.39946807,0.39970423,0,0,373.4,123.4,0.8635,1.0919,1,1,0
2026-09-28T22:37:11.418534+09:00,43052575,75c9d598,2026-09-28T22:37:11.418534+09:00,2026-09-28T22:37:11.497936+09:00,rail-left-01,rail-right-01,0.6.7-draft,0.6.7-draft,mqtt,mqtt,86.26,69.21,6.506,6.447,0.016,-0.006,0.135,-0.266,10.511,9.857,-0.0637,0.0332,0.0402,0.0597,-0.01,-0.0045,24.97,24.93,16526,18447,2.066,2.306,6.197,6.918,57,57,6,6,0,0,0,0,-0.14111388,-0.10775421,-0.14111388,-0.10775421,-0.0894776,-0.04558271,-0.0894776,-0.04558271,0.47405954,0.48259457,0.00101979,0.00167265,0.02062821,0.0140066,0.99135,0.99135,0.39950468,0.39972353,0,0,374.4,124.4,0.8635,1.0919,1,1,0
2026-09-28T22:37:11.438467+09:00,43072508,75c9d598,2026-09-28T22:37:11.438467+09:00,2026-09-28T22:37:11.517869+09:00,rail-left-01,rail-right-01,0.6.7-draft,0.6.7-draft,mqtt,mqtt,87.5,70.15,6.505,6.461,0.034,-0.019,0.086,-0.371,10.472,9.61,-0.0644,0.0282,0.0425,0.0589,-0.0101,-0.0067,24.96,24.93,16524,18479,2.066,2.31,6.196,6.93,58,58,6,6,0,0,0,0,-0.15409041,-0.10104655,-0.15409041,-0.10104655,-0.08279506,-0.04323491,-0.08279506,-0.04323491,0.47536774,0.4834918,0.0012676,0.00172187,0.02028421,0.01346137,0.99135,0.99135,0.39953823,0.39974654,0,0,375.5,125.5,0.8635,1.0919,1,1,0
2026-09-28T22:37:11.458585+09:00,43092626,75c9d598,2026-09-28T22:37:11.458585+09:00,2026-09-28T22:37:11.537987+09:00,rail-left-01,rail-right-01,0.6.7-draft,0.6.7-draft,mqtt,mqtt,88.7,71.1,6.499,6.46,-0.042,-0.017,0.061,-0.177,10.53,9.819,-0.0609,0.0344,0.0409,0.0568,-0.0072,-0.0057,24.98,24.94,16510,18477,2.064,2.31,6.191,6.929,59,59,6,6,0,0,0,0,-0.16756621,-0.09457779,-0.16756621,-0.09457779,-0.07678029,-0.04098188,-0.07678029,-0.04098188,0.47648227,0.48433019,0.00143121,0.00175775,0.01984872,0.01297218,0.99135,0.99135,0.3995668,0.39976803,0,0,376.5,126.5,0.8635,1.0919,1,1,0
2026-09-28T22:37:11.478637+09:00,43112679,75c9d598,2026-09-28T22:37:11.478637+09:00,2026-09-28T22:37:11.558040+09:00,rail-left-01,rail-right-01,0.6.7-draft,0.6.7-draft,mqtt,mqtt,89.89,72.04,6.484,6.467,0.071,0.102,-0.047,-0.245,10.639,9.822,-0.064,0.0306,0.0414,0.0561,-0.0081,-0.006,24.98,24.94,16471,18493,2.059,2.312,6.177,6.935,60,60,6,6,0,0,0,0,-0.18103577,-0.08010258,-0.18103577,-0.08010258,-0.07166649,-0.03901649,-0.07166649,-0.03901649,0.4772725,0.48521417,0.00149427,0.00180015,0.01927625,0.01249529,0.99135,0.99135,0.39958707,0.3997907,0,0,377.5,127.5,0.8635,1.0919,1,1,0
2026-09-28T22:37:11.602477+09:00,43240455,75c9d598,2026-09-28T22:37:11.602477+09:00,2026-09-28T22:37:11.639794+09:00,rail-left-01,rail-right-01,0.6.7-draft,0.6.7-draft,mqtt,mqtt,97.6,78.01,6.485,6.478,0.022,0.017,0.09,-0.413,10.337,9.809,-0.0632,0.031,0.0422,0.0625,-0.0117,-0.0108,24.96,24.94,16474,18517,2.059,2.315,6.178,6.944,61,61,7,7,0,0,0,0,-0.07379001,-0.06286683,-0.07379001,-0.06286683,-0.03712259,-0.0428763,-0.03712259,-0.0428763,0.48606722,0.48266956,0.00181242,0.00045024,0.0117714,0.00505484,0.99135,0.99135,0.39981257,0.39972545,0,0,384.2,134.2,0.8635,1.0919,1,1,0
2026-09-28T22:37:11.622644+09:00,43260622,75c9d598,2026-09-28T22:37:11.622644+09:00,2026-09-28T22:37:11.659961+09:00,rail-left-01,rail-right-01,0.6.7-draft,0.6.7-draft,mqtt,mqtt,98.79,78.95,6.452,6.537,-0.019,0.05,-0.034,-0.231,10.517,9.679,-0.0625,0.033,0.043,0.0606,-0.0084,-0.006,24.98,24.96,16393,18647,2.049,2.331,6.147,6.993,62,62,7,7,0,0,0,0,-0.06903753,-0.05462457,-0.06903753,-0.05462457,-0.03610459,-0.04536649,-0.03610459,-0.04536649,0.48648679,0.4827084,0.00174277,0.00042747,0.0109938,0.00436778,0.99135,0.99135,0.39982333,0.39972645,0,0,385.2,135.2,0.8635,1.0919,1,1,0
2026-09-28T22:37:11.642578+09:00,43280556,75c9d598,2026-09-28T22:37:11.642578+09:00,2026-09-28T22:37:11.679895+09:00,rail-left-01,rail-right-01,0.6.7-draft,0.6.7-draft,mqtt,mqtt,99.98,79.9,6.427,6.542,-0.031,0.054,-0.151,-0.225,10.448,9.677,-0.0659,0.0309,0.0393,0.0578,-0.0072,-0.0039,24.97,24.94,16330,18658,2.041,2.332,6.124,6.997,63,63,7,7,0,0,0,0,-0.06565772,-0.04647866,-0.06565772,-0.04647866,-0.03571533,-0.04785706,-0.03571533,-0.04785706,0.48659615,0.48279294,0.0016275,0.00041389,0.01021205,0.00375398,0.99135,0.99135,0.39982613,0.39972862,0,0,386.2,136.2,0.8635,1.0919,1,1,0
2026-09-28T22:37:11.662542+09:00,43300520,75c9d598,2026-09-28T22:37:11.662542+09:00,2026-09-28T22:37:11.699859+09:00,rail-left-01,rail-right-01,0.6.7-draft,0.6.7-draft,mqtt,mqtt,101.18,80.79,6.409,6.529,-0.02,-0.025,0.065,-0.2,10.497,9.942,-0.063,0.0322,0.0398,0.0565,-0.0121,-0.0048,24.96,24.95,16284,18630,2.036,2.329,6.107,6.986,64,64,7,7,0,0,0,0,-0.06349503,-0.04281921,-0.06349503,-0.04281921,-0.03575286,-0.05001464,-0.03575286,-0.05001464,0.48649599,0.48275398,0.00149084,0.00038518,0.00945737,0.00324764,0.99135,0.99135,0.39982357,0.39972762,0,0,387.3,137.3,0.8635,1.0919,1,1,0
2026-09-28T22:37:11.683385+09:00,43321363,75c9d598,2026-09-28T22:37:11.683385+09:00,2026-09-28T22:37:11.720702+09:00,rail-left-01,rail-right-01,0.6.7-draft,0.6.7-draft,mqtt,mqtt,102.47,81.79,6.395,6.544,0.104,0.124,0.022,-0.123,10.538,9.803,-0.0641,0.0324,0.0432,0.0574,-0.0087,-0.0085,24.97,24.93,16251,18664,2.031,2.333,6.094,6.999,65,65,7,7,0,0,0,0,-0.06220407,-0.03164052,-0.06220407,-0.03164052,-0.03609983,-0.05236649,-0.03609983,-0.05236649,0.48624472,0.4828528,0.00134462,0.00037744,0.00873874,0.00276234,0.99135,0.99135,0.39981712,0.39973015,0,0,388.4,138.4,0.8635,1.0919,1,1,0
2026-09-28T22:37:11.703374+09:00,43341352,75c9d598,2026-09-28T22:37:11.703374+09:00,2026-09-28T22:37:11.740691+09:00,rail-left-01,rail-right-01,0.6.7-draft,0.6.7-draft,mqtt,mqtt,103.66,82.73,6.363,6.549,-0.164,-0.148,0.115,-0.317,10.408,9.722,-0.0629,0.031,0.044,0.0585,-0.0103,-0.0064,24.98,24.93,16171,18673,2.021,2.334,6.064,7.002,66,66,7,7,0,0,0,0,-0.06230968,-0.03456141,-0.06230968,-0.03456141,-0.03712736,-0.05472364,-0.03712736,-0.05472364,0.48565656,0.48299274,0.00116023,0.00037591,0.00799187,0.00231906,0.99135,0.99135,0.39980204,0.39973374,0,0,389.4,139.4,0.8635,1.0919,1,1,0
2026-09-28T22:37:11.722611+09:00,43360589,75c9d598,2026-09-28T22:37:11.722611+09:00,2026-09-28T22:37:11.759928+09:00,rail-left-01,rail-right-01,0.6.7-draft,0.6.7-draft,mqtt,mqtt,104.81,83.63,6.357,6.547,0.041,0.044,0.196,-0.184,10.489,9.635,-0.0641,0.0338,0.0412,0.0584,-0.008,-0.0051,24.98,24.94,16155,18669,2.019,2.334,6.058,7.001,67,67,7,7,0,0,0,0,-0.06313859,-0.02782381,-0.06313859,-0.02782381,-0.03823883,-0.05696298,-0.03823883,-0.05696298,0.48502959,0.48311022,0.00098891,0.00037201,0.00731204,0.0019275,0.99135,0.99135,0.39978597,0.39973675,0,0,390.4,140.4,0.8635,1.0919,1,1,0
2026-09-28T22:37:11.742510+09:00,43380488,75c9d598,2026-09-28T22:37:11.742510+09:00,2026-09-28T22:37:11.779827+09:00,rail-left-01,rail-right-01,0.6.7-draft,0.6.7-draft,mqtt,mqtt,106.0,84.57,6.361,6.558,0.044,0.025,-0.084,-0.205,10.215,9.688,-0.0675,0.0352,0.0381,0.056,-0.0055,-0.0012,24.95,24.94,16165,18695,2.021,2.337,6.062,7.011,68,68,7,7,0,0,0,0,-0.06459525,-0.02226266,-0.06459525,-0.02226266,-0.03922066,-0.05931477,-0.03922066,-0.05931477,0.48447042,0.48331848,0.00084431,0.00037959,0.00671953,0.00155295,0.99135,0.99135,0.39977163,0.39974209,0,0,391.4,141.4,0.8635,1.0919,1,1,0
2026-09-28T22:37:11.762631+09:00,43400609,75c9d598,2026-09-28T22:37:11.762631+09:00,2026-09-28T22:37:11.799948+09:00,rail-left-01,rail-right-01,0.6.7-draft,0.6.7-draft,mqtt,mqtt,107.24,85.52,6.358,6.562,-0.03,-0.028,0.065,-0.247,10.604,9.729,-0.0637,0.0334,0.039,0.0552,-0.0093,-0.0065,24.99,24.93,16159,18704,2.02,2.338,6.06,7.014,69,69,7,7,0,0,0,0,-0.06680341,-0.01944065,-0.06680341,-0.01944065,-0.04022364,-0.06165463,-0.04022364,-0.06165463,0.48390345,0.48355358,0.00071157,0.00039003,0.00617895,0.00120733,0.99135,0.99135,0.39975709,0.39974812,0,0,392.5,142.5,0.8635,1.0919,1,1,0
2026-09-28T22:37:11.782883+09:00,43420861,75c9d598,2026-09-28T22:37:11.782883+09:00,2026-09-28T22:37:11.820200+09:00,rail-left-01,rail-right-01,0.6.7-draft,0.6.7-draft,mqtt,mqtt,108.44,86.46,6.344,6.563,0.079,0.047,0.255,-0.333,10.53,9.73,-0.0618,0.0341,0.0462,0.063,-0.0113,-0.0071,24.99,24.95,16124,18705,2.016,2.338,6.047,7.014,70,70,7,7,0,0,0,0,-0.06953284,-0.01317786,-0.06953284,-0.01317786,-0.04146649,-0.06393316,-0.04146649,-0.06393316,0.48321917,0.48378917,0.00057354,0.00040004,0.00565276,0.0008929,0.99135,0.99135,0.39973954,0.39975416,0,0,393.5,143.5,0.8635,1.0919,1,1,0
2026-09-28T22:37:11.873806+09:00,43506431,75c9d598,2026-09-28T22:37:11.873806+09:00,2026-09-28T22:37:11.909163+09:00,rail-left-01,rail-right-01,0.6.7-draft,0.6.7-draft,mqtt,mqtt,113.61,90.49,6.329,6.572,-0.095,-0.053,0.026,-0.26,10.485,9.92,-0.0649,0.0328,0.0374,0.0572,-0.0119,-0.0056,24.97,24.94,16085,18724,2.011,2.341,6.032,7.022,71,71,8,8,0,0,0,0,0.05928954,-0.11805035,0.05928954,-0.11805035,-0.21336649,-0.32254831,-0.21336649,-0.32254831,0.49018917,0.43641644,0.0,-0.01087724,0.0,-0.02328999,0.67835,0.94535,0.37702073,0.37564194,0,0,398.0,148.0,0.8635,1.0919,1,1,0
2026-09-28T22:37:11.893910+09:00,43526535,75c9d598,2026-09-28T22:37:11.893910+09:00,2026-09-28T22:37:11.929267+09:00,rail-left-01,rail-right-01,0.6.7-draft,0.6.7-draft,mqtt,mqtt,114.8,91.43,6.245,6.57,0.036,-0.02,0.224,-0.223,10.752,9.749,-0.065,0.0357,0.0418,0.0532,-0.0105,-0.0021,24.97,24.92,15876,18721,1.985,2.34,5.954,7.02,72,72,8,8,0,0,0,0,0.03361821,-0.08157069,0.03361821,-0.08157069,-0.25536649,-0.32953316,-0.25536649,-0.32953316,0.46918917,0.43343917,-0.07058824,-0.00988347,-0.14117647,-0.02161117,0.94535,0.94535,0.37648227,0.3755656,0,0,399.0,149.0,0.8635,1.0919,1,1,0
2026-09-28T22:37:11.914454+09:00,43547079,75c9d598,2026-09-28T22:37:11.914454+09:00,2026-09-28T22:37:11.949811+09:00,rail-left-01,rail-right-01,0.6.7-draft,0.6.7-draft,mqtt,mqtt,116.04,92.38,6.248,6.57,0.038,0.103,0.047,-0.431,10.453,9.741,-0.0666,0.0345,0.0352,0.0501,-0.0132,-0.0075,24.96,24.94,15884,18721,1.986,2.34,5.957,7.02,73,73,8,8,0,0,0,0,0.00962645,-0.02391571,0.00962645,-0.02391571,-0.26836649,-0.33544342,-0.26836649,-0.33544342,0.46268917,0.43091994,-0.03308311,-0.00915227,-0.06616621,-0.02026359,0.94535,0.94535,0.3763156,0.37550101,0,0,400.1,150.1,0.8635,1.0919,1,1,0
2026-09-28T22:37:11.933888+09:00,43566513,75c9d598,2026-09-28T22:37:11.933888+09:00,2026-09-28T22:37:11.969245+09:00,rail-left-01,rail-right-01,0.6.7-draft,0.6.7-draft,mqtt,mqtt,117.24,93.32,6.256,6.55,0.101,0.146,-0.037,-0.209,10.417,9.741,-0.0658,0.0402,0.0422,0.0546,-0.0143,-0.0115,24.97,24.94,15903,18676,1.988,2.335,5.964,7.003,74,74,8,8,0,0,0,0,-0.01216854,0.0341948,-0.01216854,0.0341948,-0.27286649,-0.33908078,-0.27286649,-0.33908078,0.46043917,0.42804631,-0.01772463,-0.0089517,-0.03544927,-0.0183059,0.94535,0.94535,0.37625791,0.37542733,0,0,401.1,151.1,0.8635,1.0919,1,1,0
2026-09-28T22:37:11.954108+09:00,43586733,75c9d598,2026-09-28T22:37:11.954108+09:00,2026-09-28T22:37:11.989465+09:00,rail-left-01,rail-right-01,0.6.7-draft,0.6.7-draft,mqtt,mqtt,118.48,94.27,6.248,6.535,-0.119,-0.013,0.007,-0.114,10.379,9.701,-0.059,0.0389,0.039,0.0542,-0.0117,-0.0072,24.94,24.93,15883,18644,1.985,2.331,5.956,6.992,75,75,8,8,0,0,0,0,-0.03759488,0.05460291,-0.03759488,0.05460291,-0.27716649,-0.34123316,-0.27716649,-0.34123316,0.45828917,0.42505584,-0.01233452,-0.00893394,-0.02466905,-0.0162575,0.94535,0.94535,0.37620278,0.37535065,0,0,402.2,152.2,0.8635,1.0919,1,1,0
2026-09-28T22:37:11.974090+09:00,43606715,75c9d598,2026-09-28T22:37:11.974090+09:00,2026-09-28T22:37:12.009447+09:00,rail-left-01,rail-right-01,0.6.7-draft,0.6.7-draft,mqtt,mqtt,119.67,95.26,6.223,6.544,0.159,0.151,0.043,-0.419,10.233,9.743,-0.0678,0.033,0.0418,0.062,-0.0072,-0.0091,24.99,24.91,15823,18664,1.978,2.333,5.934,6.999,76,76,8,8,0,0,0,0,-0.05948145,0.10142156,-0.05948145,0.10142156,-0.28419983,-0.34367899,-0.28419983,-0.34367899,0.4547725,0.42272042,-0.01202414,-0.0086576,-0.02404827,-0.01489955,0.94535,0.94535,0.37611261,0.37529076,0,0,403.2,153.2,0.8635,1.0919,1,1,0
2026-09-28T22:37:11.993925+09:00,43626550,75c9d598,2026-09-28T22:37:11.993925+09:00,2026-09-28T22:37:12.029282+09:00,rail-left-01,rail-right-01,0.6.7-draft,0.6.7-draft,mqtt,mqtt,120.87,96.16,6.219,6.558,-0.087,-0.062,0.02,-0.176,10.341,9.726,-0.0616,0.0338,0.0409,0.0598,-0.0057,-0.0047,24.97,24.93,15812,18695,1.977,2.337,5.93,7.011,77,77,8,8,0,0,0,0,-0.08292875,0.10728539,-0.08292875,0.10728539,-0.28979506,-0.34666061,-0.28979506,-0.34666061,0.45197488,0.42107152,-0.01099465,-0.00817887,-0.0219893,-0.01413971,0.94535,0.94535,0.37604088,0.37524848,0,0,404.3,154.3,0.8635,1.0919,1,1,0
2026-09-28T22:37:12.013976+09:00,43646601,75c9d598,2026-09-28T22:37:12.013976+09:00,2026-09-28T22:37:12.049333+09:00,rail-left-01,rail-right-01,0.6.7-draft,0.6.7-draft,mqtt,mqtt,122.06,97.15,6.197,6.566,0.097,0.069,0.041,-0.372,10.473,9.834,-0.0648,0.034,0.0401,0.058,-0.0072,-0.0068,24.97,24.94,15756,18711,1.97,2.339,5.909,7.017,78,78,8,8,0,0,0,0,-0.10458577,0.13294216,-0.10458577,0.13294216,-0.29674149,-0.34975538,-0.29674149,-0.34975538,0.44850167,0.41982806,-0.01117451,-0.00763942,-0.02234903,-0.01360872,0.94535,0.94535,0.37595182,0.3752166,0,0,405.3,155.3,0.8635,1.0919,1,1,0
2026-09-28T22:37:12.033942+09:00,43666567,75c9d598,2026-09-28T22:37:12.033942+09:00,2026-09-28T22:37:12.069299+09:00,rail-left-01,rail-right-01,0.6.7-draft,0.6.7-draft,mqtt,mqtt,123.25,98.09,6.176,6.561,-0.263,-0.175,0.084,-0.067,10.357,9.641,-0.0598,0.0333,0.0465,0.06,-0.0123,-0.0076,24.97,24.94,15705,18700,1.963,2.338,5.889,7.013,79,79,8,8,0,0,0,0,-0.12965753,0.11965748,-0.12965753,0.11965748,-0.3044776,-0.35226123,-0.3044776,-0.35226123,0.44463361,0.41858391,-0.01168214,-0.00721441,-0.02336429,-0.01296938,0.94535,0.94535,0.37585264,0.3751847,0,0,406.3,156.3,0.8635,1.0919,1,1,0
2026-09-28T22:37:12.053970+09:00,43686595,75c9d598,2026-09-28T22:37:12.053970+09:00,2026-09-28T22:37:12.089327+09:00,rail-left-01,rail-right-01,0.6.7-draft,0.6.7-draft,mqtt,mqtt,124.49,99.04,6.143,6.579,0.133,0.163,0.044,-0.369,10.502,9.723,-0.0556,0.0342,0.0425,0.058,-0.0079,-0.0032,24.98,24.96,15622,18741,1.953,2.343,5.858,7.028,80,80,8,8,0,0,0,0,-0.15229999,0.15559881,-0.15229999,0.15559881,-0.31396649,-0.35541649,-0.31396649,-0.35541649,0.43988917,0.41791417,-0.01278026,-0.00664756,-0.02556053,-0.01271468,0.94535,0.94535,0.37573099,0.37516753,0,0,407.4,157.4,0.8635,1.0919,1,1,0
2026-09-28T22:37:12.137200+09:00,43770451,75c9d598,2026-09-28T22:37:12.137200+09:00,2026-09-28T22:37:12.171687+09:00,rail-left-01,rail-right-01,0.6.7-draft,0.6.7-draft,mqtt,mqtt,129.52,103.02,6.133,6.578,0.105,0.127,0.0,-0.229,10.531,9.72,-0.0626,0.0358,0.0402,0.057,-0.0092,-0.0071,24.95,24.93,15598,18738,1.95,2.342,5.849,7.027,81,81,9,9,0,0,0,0,0.17801223,0.22329493,0.17801223,0.22329493,-0.35874744,-0.38988262,-0.35874744,-0.38988262,0.41707012,0.40676981,-0.00584698,-0.00379358,-0.01198387,-0.00966885,0.94535,0.94535,0.37514588,0.37488177,0,0,411.7,161.7,0.8635,1.0919,1,1,0
2026-09-28T22:37:12.157358+09:00,43790609,75c9d598,2026-09-28T22:37:12.157358+09:00,2026-09-28T22:37:12.191845+09:00,rail-left-01,rail-right-01,0.6.7-draft,0.6.7-draft,mqtt,mqtt,130.76,103.96,6.177,6.581,-0.105,-0.092,0.219,-0.081,10.505,9.568,-0.0632,0.0317,0.047,0.0572,-0.0117,-0.0069,24.98,24.95,15707,18745,1.963,2.343,5.89,7.029,82,82,9,9,0,0,0,0,0.19492487,0.20089288,0.19492487,0.20089288,-0.35977558,-0.39246024,-0.35977558,-0.39246024,0.4173028,0.40589229,-0.00481229,-0.00364569,-0.01050006,-0.00938445,0.94535,0.94535,0.37515185,0.37485927,0,0,412.8,162.8,0.8635,1.0919,1,1,0
2026-09-28T22:37:12.177355+09:00,43810606,75c9d598,2026-09-28T22:37:12.177355+09:00,2026-09-28T22:37:12.211842+09:00,rail-left-01,rail-right-01,0.6.7-draft,0.6.7-draft,mqtt,mqtt,131.95,104.91,6.147,6.587,0.037,0.063,-0.011,-0.271,10.539,9.692,-0.0605,0.029,0.0421,0.06,-0.0115,-0.0092,24.97,24.94,15632,18758,1.954,2.345,5.862,7.034,83,83,9,9,0,0,0,0,0.20799533,0.19333603,0.20799533,0.19333603,-0.36201867,-0.39506346,-0.36201867,-0.39506346,0.41686308,0.40515887,-0.004288,-0.0034913,-0.00985558,-0.00917005,0.94535,0.94535,0.37514058,0.37484047,0,0,413.8,163.8,0.8635,1.0919,1,1,0
2026-09-28T22:37:12.197304+09:00,43830555,75c9d598,2026-09-28T22:37:12.197304+09:00,2026-09-28T22:37:12.231791+09:00,rail-left-01,rail-right-01,0.6.7-draft,0.6.7-draft,mqtt,mqtt,133.15,105.85,6.119,6.58,-0.002,-0.069,0.09,-0.139,10.385,9.669,-0.0653,0.0326,0.0413,0.0561,-0.0084,-0.0029,24.98,24.95,15562,18743,1.945,2.343,5.836,7.029,84,84,9,9,0,0,0,0,0.21764387,0.17513731,0.21764387,0.17513731,-0.36524149,-0.39730767,-0.36524149,-0.39730767,0.41587667,0.40436564,-0.00407764,-0.00337958,-0.0097184,-0.00891565,0.94535,0.94535,0.37511528,0.37482013,0,0,414.9,164.9,0.8635,1.0919,1,1,0
2026-09-28T22:37:12.217436+09:00,43850687,75c9d598,2026-09-28T22:37:12.217436+09:00,2026-09-28T22:37:12.251923+09:00,rail-left-01,rail-right-01,0.6.7-draft,0.6.7-draft,mqtt,mqtt,134.39,106.79,6.092,6.572,0.01,0.028,0.141,-0.221,10.617,9.766,-0.0632,0.03,0.0412,0.056,-0.0123,-0.0063,24.95,24.95,15495,18725,1.937,2.341,5.811,7.022,85,85,9,9,0,0,0,0,0.22439456,0.16591175,0.22439456,0.16591175,-0.36928649,-0.39919506,-0.36928649,-0.39919506,0.41442917,0.40350345,-0.0040693,-0.00330375,-0.00990155,-0.00862581,0.94535,0.94535,0.37507817,0.37479802,0,0,415.9,165.9,0.8635,1.0919,1,1,0
2026-09-28T22:37:12.237419+09:00,43870670,75c9d598,2026-09-28T22:37:12.237419+09:00,2026-09-28T22:37:12.271906+09:00,rail-left-01,rail-right-01,0.6.7-draft,0.6.7-draft,mqtt,mqtt,135.58,107.74,6.077,6.573,-0.045,-0.002,-0.005,-0.36,10.416,9.705,-0.0673,0.0292,0.0382,0.0562,-0.0103,-0.0079,24.98,24.94,15459,18728,1.932,2.341,5.797,7.023,86,86,9,9,0,0,0,0,0.22851428,0.15481121,0.22851428,0.15481121,-0.37359726,-0.40100538,-0.37359726,-0.40100538,0.41280455,0.40270306,-0.00412595,-0.00322783,-0.01015483,-0.00836538,0.94535,0.94535,0.37503651,0.3747775,0,0,417.0,167.0,0.8635,1.0919,1,1,0
2026-09-28T22:37:12.257323+09:00,43890574,75c9d598,2026-09-28T22:37:12.257323+09:00,2026-09-28T22:37:12.291810+09:00,rail-left-01,rail-right-01,0.6.7-draft,0.6.7-draft,mqtt,mqtt,136.77,108.68,6.078,6.567,0.055,0.092,0.068,-0.077,10.536,9.661,-0.0654,0.0356,0.0382,0.0536,-0.0101,-0.0055,24.97,24.94,15460,18713,1.933,2.339,5.798,7.017,87,87,9,9,0,0,0,0,0.23077909,0.15155351,0.23077909,0.15155351,-0.37755168,-0.40255568,-0.37755168,-0.40255568,0.4113188,0.40186484,-0.00413651,-0.00317256,-0.01027225,-0.00808878,0.94535,0.94535,0.37499841,0.37477372,0,0,418.0,168.0,0.8635,1.0919,1,1,0
2026-09-28T22:37:12.277270+09:00,43910521,75c9d598,2026-09-28T22:37:12.277270+09:00,2026-09-28T22:37:12.311757+09:00,rail-left-01,rail-right-01,0.6.7-draft,0.6.7-draft,mqtt,mqtt,137.97,109.63,6.082,6.565,-0.081,-0.085,0.238,-0.254,10.308,9.608,-0.0657,0.0317,0.0438,0.0578,-0.0087,-0.0068,24.97,24.94,15472,18710,1.934,2.339,5.802,7.016,88,88,9,9,0,0,0,0,0.23080874,0.13513006,0.23080874,0.13513006,-0.38108078,-0.40397176,-0.38108078,-0.40397176,0.4100106,0.40104443,-0.00409786,-0.00312286,-0.01025866,-0.00782199,0.94535,0.94535,0.37496487,0.37481003,0,0,419.0,169.0,0.8635,1.0919,1,1,0
2026-09-28T22:37:12.297321+09:00,43930572,75c9d598,2026-09-28T22:37:12.297321+09:00,2026-09-28T22:37:12.331808+09:00,rail-left-01,rail-right-01,0.6.7-draft,0.6.7-draft,mqtt,mqtt,139.21,110.57,6.082,6.569,0.008,0.01,0.053,-0.396,10.342,9.419,-0.0662,0.0325,0.0396,0.0534,-0.0096,-0.0045,24.98,24.94,15472,18718,1.934,2.34,5.802,7.019,89,89,9,9,0,0,0,0,0.22931892,0.1264758,0.22931892,0.1264758,-0.38436649,-0.40541777,-0.38436649,-0.40541777,0.40879262,0.40031737,-0.00404203,-0.00306245,-0.01018575,-0.00759529,0.94535,0.94535,0.37493364,0.37484711,0,0,420.1,170.1,0.8635,1.0919,1,1,0
2026-09-28T22:37:12.317314+09:00,43950565,75c9d598,2026-09-28T22:37:12.317314+09:00,2026-09-28T22:37:12.351801+09:00,rail-left-01,rail-right-01,0.6.7-draft,0.6.7-draft,mqtt,mqtt,140.4,111.57,6.088,6.544,-0.08,-0.078,-0.02,-0.251,10.398,9.768,-0.064,0.0305,0.0354,0.0538,-0.0101,-0.0055,24.96,24.94,15485,18663,1.936,2.333,5.807,6.999,90,90,9,9,0,0,0,0,0.22627626,0.11209136,0.22627626,0.11209136,-0.38723316,-0.40616649,-0.38723316,-0.40616649,0.40775584,0.39931417,-0.00394775,-0.00306393,-0.01001726,-0.00725855,0.94535,0.94535,0.37490706,0.3748663,0,0,421.1,171.1,0.8635,1.0919,1,1,0
2026-09-28T22:37:12.398983+09:00,44033689,75c9d598,2026-09-28T22:37:12.398983+09:00,2026-09-28T22:37:12.480895+09:00,rail-left-01,rail-right-01,0.6.7-draft,0.6.7-draft,mqtt,mqtt,145.43,115.5,6.073,6.526,0.004,-0.072,-0.051,-0.405,10.457,9.498,-0.0711,0.0296,0.0449,0.0604,-0.006,-0.0061,24.97,24.94,15448,18622,1.931,2.328,5.793,6.983,91,91,10,10,0,0,0,0,0.09438651,-0.06416705,0.09438651,-0.06416705,-0.40724454,-0.38079786,-0.40724454,-0.38079786,0.39817697,0.40635584,-0.00306429,-0.00040248,-0.00691073,0.00018688,0.94535,0.94535,0.37489395,0.37487116,0,0,425.5,175.5,0.8635,1.0919,1,1,0
2026-09-28T22:37:12.419070+09:00,44053776,75c9d598,2026-09-28T22:37:12.419070+09:00,2026-09-28T22:37:12.500982+09:00,rail-left-01,rail-right-01,0.6.7-draft,0.6.7-draft,mqtt,mqtt,146.62,116.44,6.125,6.425,0.107,0.175,0.154,0.165,9.838,9.428,-0.057,0.033,0.0352,0.0518,-0.0056,-0.0051,24.97,24.95,15577,18399,1.947,2.3,5.841,6.9,92,92,10,10,0,0,0,0,0.07699482,-0.05331534,0.07699482,-0.05331534,-0.40703316,-0.37602034,-0.40703316,-0.37602034,0.39771298,0.40609301,-0.00292724,-0.0004215,-0.00634084,0.00096414,0.94535,0.94535,0.37488853,0.37486442,0,0,426.5,176.5,0.8635,1.0919,1,1,0
2026-09-28T22:37:12.439037+09:00,44073743,75c9d598,2026-09-28T22:37:12.439037+09:00,2026-09-28T22:37:12.520949+09:00,rail-left-01,rail-right-01,0.6.7-draft,0.6.7-draft,mqtt,mqtt,147.81,117.43,6.207,6.409,-0.277,-0.176,0.181,-0.378,10.321,9.299,-0.0628,0.0336,0.0358,0.0514,-0.0073,-0.0011,24.98,24.94,15782,18364,1.973,2.296,5.918,6.887,93,93,10,10,0,0,0,0,0.05892984,-0.06208197,0.05892984,-0.06208197,-0.40492463,-0.37112121,-0.40492463,-0.37112121,0.39822405,0.40568917,-0.0026122,-0.0004616,-0.00545826,0.00169045,0.94535,0.94535,0.37483446,0.37485407,0,0,427.5,177.5,0.8635,1.0919,1,1,0
2026-09-28T22:37:12.458969+09:00,44093675,75c9d598,2026-09-28T22:37:12.458969+09:00,2026-09-28T22:37:12.540881+09:00,rail-left-01,rail-right-01,0.6.7-draft,0.6.7-draft,mqtt,mqtt,149.01,118.38,6.24,6.404,0.127,0.116,-0.084,-0.444,10.388,9.629,-0.0632,0.0336,0.0349,0.0556,-0.0077,-0.0051,24.95,24.95,15863,18353,1.983,2.294,5.949,6.882,94,94,10,10,0,0,0,0,0.04131009,-0.05489052,0.04131009,-0.05489052,-0.40216195,-0.36631094,-0.40216195,-0.36631094,0.3990869,0.40525398,-0.00226328,-0.00050336,-0.00454373,0.0023407,0.94535,0.94535,0.37476362,0.37484291,0,0,428.6,178.6,0.8635,1.0919,1,1,0
2026-09-28T22:37:12.479000+09:00,44113706,75c9d598,2026-09-28T22:37:12.479000+09:00,2026-09-28T22:37:12.560912+09:00,rail-left-01,rail-right-01,0.6.7-draft,0.6.7-draft,mqtt,mqtt,150.25,119.32,6.265,6.398,-0.091,-0.099,0.074,-0.329,10.361,9.682,-0.0691,0.0316,0.036,0.0528,-0.0035,-0.0041,24.97,24.96,15926,18338,1.991,2.292,5.972,6.877,95,95,10,10,0,0,0,0,0.02357382,-0.05913413,0.02357382,-0.05913413,-0.39896649,-0.36156649,-0.39896649,-0.36156649,0.40018917,0.40478008,-0.0019045,-0.0005478,-0.0036393,0.00292857,0.94535,0.94535,0.37471304,0.37483076,0,0,429.6,179.6,0.8635,1.0919,1,1,0
2026-09-28T22:37:12.499014+09:00,44133720,75c9d598,2026-09-28T22:37:12.499014+09:00,2026-09-28T22:37:12.580926+09:00,rail-left-01,rail-right-01,0.6.7-draft,0.6.7-draft,mqtt,mqtt,151.44,120.27,6.275,6.378,0.194,0.095,0.145,-0.14,10.714,10.08,-0.0654,0.0316,0.0352,0.0513,-0.0061,-0.0048,24.95,24.92,15950,18295,1.994,2.287,5.981,6.861,96,96,10,10,0,0,0,0,0.00644679,-0.05343007,0.00644679,-0.05343007,-0.39569258,-0.35663435,-0.39569258,-0.35663435,0.40135221,0.40414453,-0.0015696,-0.00061265,-0.00280807,0.00349924,0.94535,0.94535,0.37474286,0.37481446,0,0,430.7,180.7,0.8635,1.0919,1,1,0
2026-09-28T22:37:12.518942+09:00,44153649,75c9d598,2026-09-28T22:37:12.518942+09:00,2026-09-28T22:37:12.600855+09:00,rail-left-01,rail-right-01,0.6.7-draft,0.6.7-draft,mqtt,mqtt,152.64,121.21,6.279,6.381,0.041,-0.006,0.14,-0.329,10.52,9.881,-0.0646,0.0322,0.0397,0.0556,-0.0089,-0.0039,24.96,24.94,15961,18302,1.995,2.288,5.985,6.863,97,97,10,10,0,0,0,0,-0.01050561,-0.05288938,-0.01050561,-0.05288938,-0.39247288,-0.3519279,-0.39247288,-0.3519279,0.40250832,0.40355759,-0.00126687,-0.00066605,-0.00206279,0.00399679,0.94535,0.94535,0.37477251,0.37479941,0,0,431.7,181.7,0.8635,1.0919,1,1,0
2026-09-28T22:37:12.539070+09:00,44173777,75c9d598,2026-09-28T22:37:12.539070+09:00,2026-09-28T22:37:12.620983+09:00,rail-left-01,rail-right-01,0.6.7-draft,0.6.7-draft,mqtt,mqtt,153.83,122.21,6.284,6.374,-0.04,0.005,0.091,-0.238,10.476,9.552,-0.0666,0.0278,0.0414,0.0526,-0.0093,-0.0068,24.97,24.94,15974,18285,1.997,2.286,5.99,6.857,98,98,10,10,0,0,0,0,-0.02748312,-0.05182889,-0.02748312,-0.05182889,-0.38928316,-0.34726304,-0.38928316,-0.34726304,0.40366834,0.40293055,-0.00099035,-0.00072155,-0.00138843,0.00445517,0.94535,0.94535,0.37480225,0.37478333,0,0,432.7,182.7,0.8635,1.0919,1,1,0
2026-09-28T22:37:12.559032+09:00,44193738,75c9d598,2026-09-28T22:37:12.559032+09:00,2026-09-28T22:37:12.640944+09:00,rail-left-01,rail-right-01,0.6.7-draft,0.6.7-draft,mqtt,mqtt,155.02,123.15,6.273,6.371,-0.013,0.035,0.163,-0.34,10.534,9.438,-0.0702,0.034,0.0437,0.0572,-0.0093,-0.0099,24.96,24.93,15946,18280,1.993,2.285,5.98,6.855,99,99,10,10,0,0,0,0,-0.04441636,-0.04933428,-0.04441636,-0.04933428,-0.38644812,-0.34270548,-0.38644812,-0.34270548,0.40466876,0.40229934,-0.00076417,-0.00077412,-0.00083065,0.00486941,0.94535,0.94535,0.3748279,0.37476715,0,0,433.8,183.8,0.8635,1.0919,1,1,0
2026-09-28T22:37:12.578888+09:00,44213594,75c9d598,2026-09-28T22:37:12.578888+09:00,2026-09-28T22:37:12.660800+09:00,rail-left-01,rail-right-01,0.6.7-draft,0.6.7-draft,mqtt,mqtt,156.21,124.1,6.272,6.376,-0.002,0.037,-0.069,-0.186,10.391,9.659,-0.0678,0.0314,0.0372,0.0554,-0.0053,-0.0051,24.96,24.95,15945,18290,1.993,2.286,5.979,6.859,100,100,10,10,0,0,0,0,-0.06118686,-0.04684508,-0.06118686,-0.04684508,-0.38374649,-0.33838316,-0.38374649,-0.33838316,0.40561917,0.40173084,-0.00056472,-0.00081523,-0.00034009,0.00522712,0.94535,0.94535,0.37485227,0.37475257,0,0,434.8,184.8,0.8635,1.0919,1,1,0
2026-09-28T22:37:12.749446+09:00,44342467,75c9d598,2026-09-28T22:37:12.749446+09:00,2026-09-28T22:37:12.833883+09:00,rail-left-01,rail-right-01,0.6.7-draft,0.6.7-draft,mqtt,mqtt,163.92,130.26,6.268,6.369,0.028,0.019,0.101,-0.302,10.491,9.706,-0.0622,0.0304,0.0361,0.0546,-0.0057,-0.0035,24.95,24.95,15934,18275,1.992,2.284,5.975,6.853,101,101,11,11,0,0,0,0,-0.04954887,0.04300193,-0.04954887,0.04300193,-0.33426813,0.09963351,-0.33426813,0.09963351,0.40114819,0.45268917,-0.0008552,0.0,0.00554013,0.0,0.94535,0.47335,0.37473763,0.36680099,0,0,441.4,191.4,0.8635,1.0919,1,1,0
2026-09-28T22:37:12.769618+09:00,44362640,75c9d598,2026-09-28T22:37:12.769618+09:00,2026-09-28T22:37:12.854055+09:00,rail-left-01,rail-right-01,0.6.7-draft,0.6.7-draft,mqtt,mqtt,165.11,131.21,6.272,6.34,0.034,-0.044,0.063,-0.406,10.543,9.716,-0.0608,0.0349,0.037,0.055,-0.0072,-0.0076,24.96,24.96,15945,18211,1.993,2.276,5.979,6.829,102,102,11,11,0,0,0,0,-0.05273489,-0.04726759,-0.05273489,-0.04726759,-0.33022133,0.11413351,-0.33022133,0.11413351,0.40061659,0.44543917,-0.00088463,-0.03052632,0.00581818,0.06105263,0.94535,0.47335,0.374724,0.36661974,0,0,442.5,192.5,0.8635,1.0919,1,1,0
2026-09-28T22:37:12.789628+09:00,44382650,75c9d598,2026-09-28T22:37:12.789628+09:00,2026-09-28T22:37:12.874065+09:00,rail-left-01,rail-right-01,0.6.7-draft,0.6.7-draft,mqtt,mqtt,166.31,132.2,6.303,6.336,0.008,0.116,-0.175,-0.092,10.293,9.748,-0.0561,0.032,0.0289,0.0456,-0.0068,-0.0041,24.99,24.94,16021,18202,2.003,2.275,6.008,6.826,103,103,11,11,0,0,0,0,-0.05632746,0.07528976,-0.05632746,0.07528976,-0.32581094,0.12030017,-0.32581094,0.12030017,0.4003479,0.44235584,-0.00087496,-0.01691934,0.00612635,0.03383869,0.94535,0.47335,0.37471711,0.36654266,0,0,443.5,193.5,0.8635,1.0919,1,1,0
2026-09-28T22:37:12.809580+09:00,44402601,75c9d598,2026-09-28T22:37:12.809580+09:00,2026-09-28T22:37:12.894017+09:00,rail-left-01,rail-right-01,0.6.7-draft,0.6.7-draft,mqtt,mqtt,167.5,133.15,6.366,6.33,0.104,0.022,0.176,-0.292,10.396,9.68,-0.0585,0.0326,0.0389,0.0574,-0.01,-0.0079,24.98,24.96,16179,18189,2.022,2.274,6.067,6.821,104,104,11,11,0,0,0,0,-0.06020878,0.0693847,-0.06020878,0.0693847,-0.32055399,0.12488351,-0.32055399,0.12488351,0.40057979,0.44006417,-0.00079795,-0.01250188,0.00652777,0.02500375,0.94535,0.47335,0.37472306,0.36648537,0,0,444.5,194.5,0.8635,1.0919,1,1,0
2026-09-28T22:37:12.829616+09:00,44422637,75c9d598,2026-09-28T22:37:12.829616+09:00,2026-09-28T22:37:12.914052+09:00,rail-left-01,rail-right-01,0.6.7-draft,0.6.7-draft,mqtt,mqtt,168.69,134.09,6.391,6.348,-0.111,-0.077,0.03,-0.298,10.494,9.676,-0.0612,0.0328,0.0362,0.0524,-0.0071,-0.0055,24.93,24.94,16240,18227,2.03,2.278,6.09,6.835,105,105,11,11,0,0,0,0,-0.06469246,0.00899611,-0.06469246,0.00899611,-0.31507418,0.12403351,-0.31507418,0.12403351,0.40099686,0.44048917,-0.00070247,-0.00544947,0.00693019,0.01089894,0.94535,0.47335,0.37473375,0.36649599,0,0,445.6,195.6,0.8635,1.0919,1,1,0
2026-09-28T22:37:12.849630+09:00,44442651,75c9d598,2026-09-28T22:37:12.849630+09:00,2026-09-28T22:37:12.934066+09:00,rail-left-01,rail-right-01,0.6.7-draft,0.6.7-draft,mqtt,mqtt,169.89,135.03,6.407,6.334,0.072,0.092,0.041,-0.236,10.376,9.898,-0.0604,0.0306,0.0374,0.0577,-0.01,-0.0087,24.99,24.95,16281,18197,2.035,2.275,6.105,6.824,106,106,11,11,0,0,0,0,-0.06942859,0.04914274,-0.06942859,0.04914274,-0.30951801,0.12580017,-0.30951801,0.12580017,0.4015225,0.43960584,-0.00060015,-0.00471856,0.00731495,0.00943711,0.94535,0.47335,0.37474723,0.36647391,0,0,446.6,196.6,0.8635,1.0919,1,1,0
2026-09-28T22:37:12.869548+09:00,44462569,75c9d598,2026-09-28T22:37:12.869548+09:00,2026-09-28T22:37:12.953985+09:00,rail-left-01,rail-right-01,0.6.7-draft,0.6.7-draft,mqtt,mqtt,171.08,135.98,6.403,6.339,-0.117,-0.047,0.028,-0.321,10.587,9.632,-0.0632,0.0336,0.0373,0.0544,-0.0093,-0.0069,24.97,24.94,16270,18208,2.034,2.276,6.101,6.828,107,107,11,11,0,0,0,0,-0.07469631,0.02115812,-0.07469631,0.02115812,-0.30418739,0.12634779,-0.30418739,0.12634779,0.4020026,0.43933203,-0.00051105,-0.00339205,0.00764587,0.0067841,0.94535,0.47335,0.37475954,0.36646707,0,0,447.6,197.6,0.8635,1.0919,1,1,0
2026-09-28T22:37:12.889506+09:00,44482527,75c9d598,2026-09-28T22:37:12.889506+09:00,2026-09-28T22:37:12.973943+09:00,rail-left-01,rail-right-01,0.6.7-draft,0.6.7-draft,mqtt,mqtt,172.27,136.97,6.418,6.334,-0.012,0.056,0.13,-0.02,10.287,9.62,-0.0565,0.0304,0.0325,0.0518,-0.0087,-0.0063,24.97,24.93,16306,18197,2.038,2.275,6.115,6.824,108,108,11,11,0,0,0,0,-0.08024086,0.03722802,-0.08024086,0.03722802,-0.29879296,0.12738351,-0.29879296,0.12738351,0.40257887,0.43881417,-0.00041629,-0.0029772,0.00796403,0.0059544,0.94535,0.47335,0.37477431,0.36645412,0,0,448.7,198.7,0.8635,1.0919,1,1,0
2026-09-28T22:37:12.909609+09:00,44502631,75c9d598,2026-09-28T22:37:12.909609+09:00,2026-09-28T22:37:12.994046+09:00,rail-left-01,rail-right-01,0.6.7-draft,0.6.7-draft,mqtt,mqtt,173.47,137.92,6.439,6.315,0.128,0.099,0.175,-0.366,10.297,9.489,-0.0673,0.032,0.0382,0.0565,-0.0065,-0.0087,24.97,24.94,16359,18154,2.045,2.269,6.135,6.808,109,109,11,11,0,0,0,0,-0.08585733,0.06368412,-0.08585733,0.06368412,-0.29325055,0.13030017,-0.29325055,0.13030017,0.40329062,0.43735584,-0.00031149,-0.00391462,0.00828103,0.00782924,0.94535,0.47335,0.37479256,0.36641766,0,0,449.7,199.7,0.8635,1.0919,1,1,0
2026-09-28T22:37:12.929480+09:00,44522501,75c9d598,2026-09-28T22:37:12.929480+09:00,2026-09-28T22:37:13.013916+09:00,rail-left-01,rail-right-01,0.6.7-draft,0.6.7-draft,mqtt,mqtt,174.66,138.86,6.448,6.323,-0.004,0.012,-0.189,-0.327,10.28,9.658,-0.067,0.0342,0.0417,0.0564,-0.0057,-0.0071,24.97,24.94,16382,18173,2.048,2.272,6.143,6.815,110,110,11,11,0,0,0,0,-0.09176557,0.05961467,-0.09176557,0.05961467,-0.28773792,0.13183351,-0.28773792,0.13183351,0.40404631,0.43658917,-0.00020828,-0.00372427,0.00857609,0.00744855,0.94535,0.47335,0.37481194,0.36639849,0,0,450.7,200.7,0.8635,1.0919,1,1,0
2026-09-28T22:37:13.069904+09:00,44698520,75c9d598,2026-09-28T22:37:13.069904+09:00,2026-09-28T22:37:13.153310+09:00,rail-left-01,rail-right-01,0.6.7-draft,0.6.7-draft,mqtt,mqtt,185.15,147.27,6.434,6.32,0.019,-0.042,0.176,-0.514,10.488,9.718,-0.067,0.035,0.0432,0.0625,-0.0108,-0.0101,24.97,24.96,16348,18167,2.044,2.271,6.131,6.813,111,111,12,12,0,0,0,0,0.02914598,-0.18806928,0.02914598,-0.18806928,0.13181533,0.10220494,0.13181533,0.10220494,0.43532553,0.41440345,-0.00238736,-0.00435934,0.0020279,-0.00597642,0.68135,0.88335,0.3663669,0.36584385,0,0,459.8,209.8,0.8635,1.0919,1,1,0
2026-09-28T22:37:13.090012+09:00,44718628,75c9d598,2026-09-28T22:37:13.090012+09:00,2026-09-28T22:37:13.173419+09:00,rail-left-01,rail-right-01,0.6.7-draft,0.6.7-draft,mqtt,mqtt,186.34,148.26,6.441,6.4,-0.005,0.028,-0.308,-0.113,10.392,9.559,-0.0675,0.0301,0.0404,0.062,-0.0051,-0.0053,24.96,24.95,16365,18343,2.046,2.293,6.137,6.879,112,112,12,12,0,0,0,0,0.00024041,-0.17666872,0.00024041,-0.17666872,0.13238351,0.09481533,0.13238351,0.09481533,0.43456417,0.41391644,-0.00191241,-0.00379779,0.00157069,-0.00723368,0.68135,0.88335,0.36634787,0.36583168,0,0,460.8,210.8,0.8635,1.0919,1,1,0
2026-09-28T22:37:13.109939+09:00,44738555,75c9d598,2026-09-28T22:37:13.109939+09:00,2026-09-28T22:37:13.193346+09:00,rail-left-01,rail-right-01,0.6.7-draft,0.6.7-draft,mqtt,mqtt,187.54,149.2,6.424,6.412,-0.073,-0.08,0.067,-0.215,10.362,9.54,-0.0671,0.0329,0.044,0.0602,-0.0112,-0.0051,24.98,24.93,16322,18370,2.04,2.296,6.121,6.889,113,113,12,12,0,0,0,0,-0.028036,-0.17966134,-0.028036,-0.17966134,0.13155658,0.08754655,0.13155658,0.08754655,0.43326609,0.41373265,-0.00202984,-0.00332098,0.00067226,-0.00819733,0.68135,0.88335,0.36631542,0.36582708,0,0,461.8,211.8,0.8635,1.0919,1,1,0
2026-09-28T22:37:13.129968+09:00,44758584,75c9d598,2026-09-28T22:37:13.129968+09:00,2026-09-28T22:37:13.213374+09:00,rail-left-01,rail-right-01,0.6.7-draft,0.6.7-draft,mqtt,mqtt,188.73,150.15,6.407,6.439,0.107,0.043,-0.126,-0.353,10.398,9.687,-0.0654,0.0337,0.0425,0.0601,-0.0101,-0.0048,24.95,24.95,16281,18431,2.035,2.304,6.105,6.912,114,114,12,12,0,0,0,0,-0.05422436,-0.16780652,-0.05422436,-0.16780652,0.12963351,0.07975851,0.12963351,0.07975851,0.43154631,0.41412667,-0.00231842,-0.00282058,-0.00032897,-0.00913262,0.68135,0.88335,0.36627242,0.36583693,0,0,462.9,212.9,0.8635,1.0919,1,1,0
2026-09-28T22:37:13.150007+09:00,44778623,75c9d598,2026-09-28T22:37:13.150007+09:00,2026-09-28T22:37:13.233413+09:00,rail-left-01,rail-right-01,0.6.7-draft,0.6.7-draft,mqtt,mqtt,189.92,151.09,6.391,6.438,0.089,0.121,0.138,-0.176,10.165,9.693,-0.0652,0.0353,0.0408,0.0565,-0.0109,-0.0125,24.97,24.94,16241,18427,2.03,2.303,6.09,6.91,115,115,12,12,0,0,0,0,-0.07873378,-0.14806233,-0.07873378,-0.14806233,0.12690017,0.07263351,0.12690017,0.07263351,0.4295225,0.41446917,-0.00265846,-0.00243708,-0.00132385,-0.00978648,0.68135,0.88335,0.36622183,0.36584549,0,0,463.9,213.9,0.8635,1.0919,1,1,0
2026-09-28T22:37:13.170368+09:00,44798984,75c9d598,2026-09-28T22:37:13.170368+09:00,2026-09-28T22:37:13.253775+09:00,rail-left-01,rail-right-01,0.6.7-draft,0.6.7-draft,mqtt,mqtt,191.12,152.09,6.387,6.452,0.068,0.03,-0.01,-0.271,10.59,9.407,-0.0683,0.0325,0.0473,0.0593,-0.0072,-0.0076,24.95,24.94,16229,18458,2.029,2.307,6.086,6.922,116,116,12,12,0,0,0,0,-0.10222682,-0.13971499,-0.10222682,-0.13971499,0.12425851,0.06551812,0.12425851,0.06551812,0.42762667,0.41505455,-0.00288574,-0.00207109,-0.00203321,-0.01036956,0.78335,0.88335,0.36617443,0.36586013,0,0,464.9,214.9,0.8635,1.0919,1,1,0
2026-09-28T22:37:13.189928+09:00,44818544,75c9d598,2026-09-28T22:37:13.189928+09:00,2026-09-28T22:37:13.273335+09:00,rail-left-01,rail-right-01,0.6.7-draft,0.6.7-draft,mqtt,mqtt,192.31,153.03,6.364,6.448,-0.123,-0.038,0.059,-0.176,10.314,9.81,-0.0621,0.0358,0.0361,0.0553,-0.0068,-0.0032,24.98,24.97,16173,18449,2.022,2.306,6.065,6.918,117,117,12,12,0,0,0,0,-0.12558856,-0.13913063,-0.12558856,-0.13913063,0.12057468,0.05907795,0.12057468,0.05907795,0.4252774,0.4155225,-0.00322795,-0.00178912,-0.002934,-0.01076367,0.78335,0.88335,0.3661157,0.36587183,0,0,466.0,216.0,0.8635,1.0919,1,1,0
2026-09-28T22:37:13.210052+09:00,44838668,75c9d598,2026-09-28T22:37:13.210052+09:00,2026-09-28T22:37:13.293458+09:00,rail-left-01,rail-right-01,0.6.7-draft,0.6.7-draft,mqtt,mqtt,193.5,153.98,6.343,6.448,0.073,0.037,0.28,-0.25,10.357,9.771,-0.067,0.034,0.041,0.0642,-0.0075,-0.0064,24.98,24.96,16121,18449,2.015,2.306,6.045,6.918,118,118,12,12,0,0,0,0,-0.14775699,-0.13103713,-0.14775699,-0.13103713,0.11613351,0.05309779,0.11613351,0.05309779,0.42260584,0.41595703,-0.00361764,-0.00155542,-0.00390326,-0.0110461,0.78335,0.88335,0.36604891,0.36588269,0,0,467.0,217.0,0.8635,1.0919,1,1,0
2026-09-28T22:37:13.230033+09:00,44858649,75c9d598,2026-09-28T22:37:13.230033+09:00,2026-09-28T22:37:13.313440+09:00,rail-left-01,rail-right-01,0.6.7-draft,0.6.7-draft,mqtt,mqtt,194.7,154.92,6.322,6.461,-0.065,-0.049,0.023,-0.099,10.69,9.719,-0.0687,0.0341,0.0384,0.0593,-0.0047,-0.0049,24.95,24.94,16069,18479,2.009,2.31,6.026,6.93,119,119,12,12,0,0,0,0,-0.16957901,-0.13188474,-0.16957901,-0.13188474,0.11105456,0.04708178,0.11105456,0.04708178,0.41966285,0.41658572,-0.00403242,-0.00131662,-0.00490346,-0.01132864,0.88335,0.88335,0.36597534,0.36589841,0,0,468.0,218.0,0.8635,1.0919,1,1,0
2026-09-28T22:37:13.250096+09:00,44878712,75c9d598,2026-09-28T22:37:13.250096+09:00,2026-09-28T22:37:13.333502+09:00,rail-left-01,rail-right-01,0.6.7-draft,0.6.7-draft,mqtt,mqtt,195.89,155.92,6.319,6.465,-0.006,0.043,0.043,-0.244,10.531,9.759,-0.0678,0.0342,0.037,0.0548,-0.0071,-0.0055,24.98,24.94,16062,18487,2.008,2.311,6.023,6.933,120,120,12,12,0,0,0,0,-0.19068181,-0.12400585,-0.19068181,-0.12400585,0.10633351,0.04133351,0.10633351,0.04133351,0.41693917,0.41723917,-0.00433378,-0.00110141,-0.00566146,-0.01155398,0.88335,0.88335,0.36590724,0.36591474,0,0,469.1,219.1,0.8635,1.0919,1,1,0
2026-09-28T22:37:13.380253+09:00,45015453,75c9d598,2026-09-28T22:37:13.380253+09:00,2026-09-28T22:37:13.460870+09:00,rail-left-01,rail-right-01,0.6.7-draft,0.6.7-draft,mqtt,mqtt,204.14,162.43,6.318,6.465,-0.019,0.014,0.227,-0.227,10.689,9.717,-0.0665,0.0368,0.0381,0.0554,-0.0083,-0.0101,24.95,24.97,16058,18488,2.007,2.311,6.022,6.933,121,121,13,13,0,0,0,0,-0.12574954,-0.16710945,-0.12574954,-0.16710945,0.03592383,-0.04778113,0.03592383,-0.04778113,0.41783433,0.40012819,-0.00084762,-0.00255457,-0.01145814,-0.01520708,0.88335,0.88335,0.36592962,0.36548697,0,0,476.2,226.2,0.8635,1.0919,1,1,0
2026-09-28T22:37:13.400399+09:00,45035599,75c9d598,2026-09-28T22:37:13.400399+09:00,2026-09-28T22:37:13.481016+09:00,rail-left-01,rail-right-01,0.6.7-draft,0.6.7-draft,mqtt,mqtt,205.34,163.42,6.187,6.517,-0.044,-0.048,0.093,-0.37,10.393,9.869,-0.0652,0.035,0.0377,0.0582,-0.0099,-0.0067,24.97,24.97,15733,18603,1.967,2.325,5.9,6.976,122,122,13,13,0,0,0,0,-0.12877586,-0.15999414,-0.12877586,-0.15999414,0.02675851,-0.05581887,0.02675851,-0.05581887,0.41634542,0.39912964,-0.00106796,-0.00252291,-0.01218157,-0.01534334,0.88335,0.88335,0.3658924,0.36546201,0,0,477.2,227.2,0.8635,1.0919,1,1,0
2026-09-28T22:37:13.420504+09:00,45055703,75c9d598,2026-09-28T22:37:13.420504+09:00,2026-09-28T22:37:13.501120+09:00,rail-left-01,rail-right-01,0.6.7-draft,0.6.7-draft,mqtt,mqtt,206.53,164.37,6.167,6.525,0.022,0.036,-0.017,-0.205,10.517,9.841,-0.0617,0.0362,0.0406,0.0585,-0.0072,-0.0039,24.94,24.95,15682,18621,1.96,2.328,5.881,6.983,123,123,13,13,0,0,0,0,-0.13274352,-0.14772285,-0.13274352,-0.14772285,0.0175426,-0.06366882,0.0175426,-0.06366882,0.41464371,0.39827056,-0.00129818,-0.00247829,-0.01283174,-0.01546078,0.88335,0.88335,0.36584986,0.36544053,0,0,478.2,228.2,0.8635,1.0919,1,1,0
2026-09-28T22:37:13.440429+09:00,45075629,75c9d598,2026-09-28T22:37:13.440429+09:00,2026-09-28T22:37:13.521046+09:00,rail-left-01,rail-right-01,0.6.7-draft,0.6.7-draft,mqtt,mqtt,207.72,165.31,6.167,6.529,-0.09,-0.077,0.053,-0.187,10.506,9.663,-0.0605,0.037,0.0389,0.0548,-0.0059,-0.0068,24.98,24.95,15682,18629,1.96,2.329,5.881,6.986,124,124,13,13,0,0,0,0,-0.1378477,-0.14320722,-0.1378477,-0.14320722,0.0088688,-0.07125286,0.0088688,-0.07125286,0.41304211,0.39749599,-0.00148041,-0.00243001,-0.0133169,-0.01555042,0.88335,0.88335,0.36580982,0.36542116,0,0,479.3,229.3,0.8635,1.0919,1,1,0
2026-09-28T22:37:13.460649+09:00,45095849,75c9d598,2026-09-28T22:37:13.460649+09:00,2026-09-28T22:37:13.541266+09:00,rail-left-01,rail-right-01,0.6.7-draft,0.6.7-draft,mqtt,mqtt,208.97,166.31,6.156,6.519,0.067,0.084,0.103,-0.333,10.399,9.656,-0.0618,0.0342,0.0397,0.0549,-0.0064,-0.0059,24.99,24.96,15654,18607,1.957,2.326,5.87,6.978,125,125,13,13,0,0,0,0,-0.14347608,-0.12875864,-0.14347608,-0.12875864,0.00037636,-0.0782776,0.00037636,-0.0782776,0.41137488,0.39664472,-0.00165342,-0.0023999,-0.01372979,-0.01557364,0.88335,0.88335,0.36576814,0.36539988,0,0,480.3,230.3,0.8635,1.0919,1,1,0
2026-09-28T22:37:13.480611+09:00,45115810,75c9d598,2026-09-28T22:37:13.480611+09:00,2026-09-28T22:37:13.561227+09:00,rail-left-01,rail-right-01,0.6.7-draft,0.6.7-draft,mqtt,mqtt,210.16,167.25,6.135,6.49,-0.025,0.001,0.175,-0.217,10.341,9.707,-0.0662,0.0364,0.0361,0.0516,-0.0069,-0.0043,24.96,24.93,15603,18544,1.95,2.318,5.851,6.954,126,126,13,13,0,0,0,0,-0.14976846,-0.12006344,-0.14976846,-0.12006344,-0.0082276,-0.08436649,-0.0082276,-0.08436649,0.40950861,0.39551526,-0.00184194,-0.0024122,-0.01413344,-0.01548941,0.88335,0.88335,0.36572148,0.36537165,0,0,481.4,231.4,0.8635,1.0919,1,1,0
2026-09-28T22:37:13.500352+09:00,45135551,75c9d598,2026-09-28T22:37:13.500352+09:00,2026-09-28T22:37:13.580968+09:00,rail-left-01,rail-right-01,0.6.7-draft,0.6.7-draft,mqtt,mqtt,211.35,168.2,6.135,6.468,0.024,0.001,-0.011,-0.273,10.415,9.782,-0.064,0.034,0.0374,0.0544,-0.0084,-0.006,25.0,24.95,15603,18494,1.95,2.312,5.851,6.935,127,127,13,13,0,0,0,0,-0.15650128,-0.11175951,-0.15650128,-0.11175951,-0.01636649,-0.08972819,-0.01636649,-0.08972819,0.40774322,0.39419981,-0.00199576,-0.0024498,-0.01443618,-0.01533573,0.88335,0.88335,0.36567735,0.36533876,0,0,482.4,232.4,0.8635,1.0919,1,1,0
2026-09-28T22:37:13.520286+09:00,45155486,75c9d598,2026-09-28T22:37:13.520286+09:00,2026-09-28T22:37:13.600903+09:00,rail-left-01,rail-right-01,0.6.7-draft,0.6.7-draft,mqtt,mqtt,212.55,169.14,6.111,6.453,0.057,-0.006,0.028,-0.409,10.506,9.741,-0.0606,0.0346,0.0408,0.0598,-0.0101,-0.0072,24.97,24.96,15544,18461,1.943,2.308,5.829,6.923,128,128,13,13,0,0,0,0,-0.16357367,-0.10420153,-0.16357367,-0.10420153,-0.0247086,-0.09455399,-0.0247086,-0.09455399,0.40575496,0.39278292,-0.00217104,-0.00249936,-0.01475673,-0.01514291,0.88335,0.88335,0.36562764,0.36530334,0,0,483.4,233.4,0.8635,1.0919,1,1,0
2026-09-28T22:37:13.540322+09:00,45175521,75c9d598,2026-09-28T22:37:13.540322+09:00,2026-09-28T22:37:13.620938+09:00,rail-left-01,rail-right-01,0.6.7-draft,0.6.7-draft,mqtt,mqtt,213.79,170.09,6.091,6.443,-0.069,-0.077,0.224,-0.13,10.591,9.9,-0.0641,0.0354,0.0384,0.0546,-0.0045,-0.0039,24.97,24.94,15493,18438,1.937,2.305,5.81,6.914,129,129,13,13,0,0,0,0,-0.17125439,-0.10104691,-0.17125439,-0.10104691,-0.03313572,-0.09897874,-0.03313572,-0.09897874,0.40361225,0.39132182,-0.00235516,-0.00255267,-0.01507402,-0.01492965,0.88335,0.88335,0.36557407,0.36526681,0,0,484.5,234.5,0.8635,1.0919,1,1,0
2026-09-28T22:37:13.560574+09:00,45195774,75c9d598,2026-09-28T22:37:13.560574+09:00,2026-09-28T22:37:13.641191+09:00,rail-left-01,rail-right-01,0.6.7-draft,0.6.7-draft,mqtt,mqtt,214.98,171.08,6.111,6.446,0.095,0.09,-0.148,-0.202,10.573,9.962,-0.0629,0.0305,0.0356,0.0558,-0.0113,-0.0087,24.97,24.97,15543,18446,1.943,2.306,5.829,6.917,130,130,13,13,0,0,0,0,-0.17898209,-0.08870269,-0.17898209,-0.08870269,-0.04064149,-0.10328649,-0.04064149,-0.10328649,0.40182667,0.38994917,-0.00247183,-0.00259363,-0.01524061,-0.01472924,0.88335,0.88335,0.36552943,0.36523249,0,0,485.5,235.5,0.8635,1.0919,1,1,0
2026-09-28T22:37:13.733975+09:00,45324413,75c9d598,2026-09-28T22:37:13.733975+09:00,2026-09-28T22:37:13.777939+09:00,rail-left-01,rail-right-01,0.6.7-draft,0.6.7-draft,mqtt,mqtt,222.74,177.25,6.114,6.446,0.019,0.036,0.055,-0.261,10.308,9.477,-0.0669,0.031,0.0357,0.0522,-0.0075,-0.0055,24.96,24.96,15550,18446,1.944,2.306,5.831,6.917,131,131,14,14,0,0,0,0,-0.08451053,-0.13441359,-0.08451053,-0.13441359,-0.10736649,-0.31136649,-0.10736649,-0.31136649,0.38865976,0.32418917,-0.00260562,-0.00339022,-0.01436651,-0.00678044,0.88335,0.75535,0.36520026,0.42825586,0,0,492.2,242.2,0.8635,1.0919,1,1,0
2026-09-28T22:37:13.754092+09:00,45344529,75c9d598,2026-09-28T22:37:13.754092+09:00,2026-09-28T22:37:13.798055+09:00,rail-left-01,rail-right-01,0.6.7-draft,0.6.7-draft,mqtt,mqtt,223.98,178.19,6.188,6.389,-0.012,-0.048,-0.034,-0.408,10.386,9.659,-0.0678,0.0309,0.0362,0.0548,-0.0107,-0.0072,24.95,24.96,15735,18320,1.967,2.29,5.901,6.87,132,132,14,14,0,0,0,0,-0.08138945,-0.14270724,-0.08138945,-0.14270724,-0.10986649,-0.30436649,-0.10986649,-0.30436649,0.38813148,0.31818917,-0.00252071,-0.00618175,-0.01384533,0.00113539,0.88335,0.75535,0.36518705,0.4280937,0,0,493.3,243.3,0.8635,1.0919,1,1,0
2026-09-28T22:37:13.774208+09:00,45364646,75c9d598,2026-09-28T22:37:13.774208+09:00,2026-09-28T22:37:13.818172+09:00,rail-left-01,rail-right-01,0.6.7-draft,0.6.7-draft,mqtt,mqtt,225.17,179.18,6.154,6.347,0.06,0.073,-0.038,-0.259,10.477,9.845,-0.0636,0.0256,0.0333,0.0492,-0.0047,-0.0035,24.98,24.94,15649,18226,1.956,2.278,5.868,6.835,133,133,14,14,0,0,0,0,-0.07906743,-0.09985932,-0.07906743,-0.09985932,-0.11291366,-0.29336649,-0.11291366,-0.29336649,0.38730238,0.31090345,-0.00248261,-0.00859783,-0.0134487,0.00720225,0.88335,0.75535,0.36516632,0.42789679,0,0,494.3,244.3,0.8635,1.0919,1,1,0
2026-09-28T22:37:13.794137+09:00,45384575,75c9d598,2026-09-28T22:37:13.794137+09:00,2026-09-28T22:37:13.838101+09:00,rail-left-01,rail-right-01,0.6.7-draft,0.6.7-draft,mqtt,mqtt,226.37,180.13,6.15,6.295,-0.005,0.019,0.101,-0.438,10.378,9.643,-0.0642,0.022,0.034,0.0522,-0.0064,-0.0049,24.97,24.91,15639,18110,1.955,2.264,5.865,6.791,134,134,14,14,0,0,0,0,-0.07760407,-0.08666798,-0.07760407,-0.08666798,-0.11592205,-0.27861649,-0.11592205,-0.27861649,0.38646695,0.30218917,-0.00245013,-0.01116001,-0.01308967,0.0132171,0.88335,0.75535,0.36514544,0.42766126,0,0,495.4,245.4,0.8635,1.0919,1,1,0
2026-09-28T22:37:13.814008+09:00,45404446,75c9d598,2026-09-28T22:37:13.814008+09:00,2026-09-28T22:37:13.857972+09:00,rail-left-01,rail-right-01,0.6.7-draft,0.6.7-draft,mqtt,mqtt,227.56,181.07,6.138,6.252,0.069,0.085,0.119,-0.148,10.409,9.407,-0.0618,0.032,0.0381,0.0524,-0.0075,-0.0055,24.96,24.96,15610,18016,1.951,2.252,5.854,6.756,135,135,14,14,0,0,0,0,-0.07681785,-0.05535961,-0.07681785,-0.05535961,-0.11903922,-0.26236649,-0.11903922,-0.26236649,0.3855528,0.2930225,-0.00243103,-0.01346902,-0.01278032,0.01856387,0.88335,0.75535,0.36512258,0.42741352,0,0,496.4,246.4,0.8635,1.0919,1,1,0
2026-09-28T22:37:13.833984+09:00,45424421,75c9d598,2026-09-28T22:37:13.833984+09:00,2026-09-28T22:37:13.877947+09:00,rail-left-01,rail-right-01,0.6.7-draft,0.6.7-draft,mqtt,mqtt,228.8,182.07,6.138,6.25,-0.038,-0.06,0.169,-0.132,10.229,9.439,-0.0665,0.0388,0.0414,0.0566,-0.0096,-0.008,24.97,24.96,15611,18010,1.951,2.251,5.854,6.754,136,136,14,14,0,0,0,0,-0.07689,-0.07188131,-0.07689,-0.07188131,-0.12204506,-0.24916649,-0.12204506,-0.24916649,0.38467131,0.28558917,-0.00241091,-0.01463901,-0.01248826,0.02155234,0.88335,0.75535,0.36510055,0.42721262,0,0,497.5,247.5,0.8635,1.0919,1,1,0
2026-09-28T22:37:13.854066+09:00,45444504,75c9d598,2026-09-28T22:37:13.854066+09:00,2026-09-28T22:37:13.898030+09:00,rail-left-01,rail-right-01,0.6.7-draft,0.6.7-draft,mqtt,mqtt,230.0,183.01,6.139,6.242,-0.016,0.071,-0.151,-0.201,10.336,9.657,-0.0645,0.0374,0.0369,0.0532,-0.0084,-0.0067,24.98,24.95,15612,17994,1.952,2.249,5.855,6.748,137,137,14,14,0,0,0,0,-0.1209441,-0.0514355,-0.1209441,-0.0514355,-0.28636649,-0.23763922,-0.28636649,-0.23763922,0.33668917,0.27914371,0.0,-0.01528938,0.0,0.02342758,0.52935,0.75535,0.4285937,0.42703841,0,0,498.5,248.5,0.8635,1.0919,1,1,0
2026-09-28T22:37:13.874024+09:00,45464462,75c9d598,2026-09-28T22:37:13.874024+09:00,2026-09-28T22:37:13.917988+09:00,rail-left-01,rail-right-01,0.6.7-draft,0.6.7-draft,mqtt,mqtt,231.19,183.96,6.121,6.213,-0.105,-0.089,0.121,-0.378,10.488,9.75,-0.0621,0.0273,0.0428,0.0594,-0.01,-0.0051,24.99,24.95,15567,17928,1.946,2.241,5.838,6.723,138,138,14,14,0,0,0,0,-0.14653509,-0.07206591,-0.14653509,-0.07206591,-0.29536649,-0.22561649,-0.29536649,-0.22561649,0.33218917,0.27256417,-0.01512605,-0.01600249,-0.0302521,0.02537389,0.68135,0.75535,0.42847207,0.42686059,0,0,499.5,249.5,0.8635,1.0919,1,1,0
2026-09-28T22:37:13.894134+09:00,45484572,75c9d598,2026-09-28T22:37:13.894134+09:00,2026-09-28T22:37:13.938098+09:00,rail-left-01,rail-right-01,0.6.7-draft,0.6.7-draft,mqtt,mqtt,232.43,184.95,6.112,6.22,0.087,0.129,-0.078,-0.11,10.307,9.718,-0.0606,0.028,0.0374,0.0586,-0.008,-0.0087,24.96,24.93,15546,17943,1.943,2.243,5.83,6.729,139,139,14,14,0,0,0,0,-0.1636044,-0.04218214,-0.1636044,-0.04218214,-0.30136649,-0.21598188,-0.30136649,-0.21598188,0.32918917,0.26726609,-0.01108414,-0.01613146,-0.02216829,0.02611271,0.68135,0.75535,0.42839099,0.4267174,0,0,500.6,250.6,0.8635,1.0919,1,1,0
2026-09-28T22:37:13.913987+09:00,45504425,75c9d598,2026-09-28T22:37:13.913987+09:00,2026-09-28T22:37:13.957951+09:00,rail-left-01,rail-right-01,0.6.7-draft,0.6.7-draft,mqtt,mqtt,233.63,185.9,6.099,6.233,-0.017,-0.051,0.054,-0.17,10.562,9.832,-0.0634,0.033,0.0414,0.0593,-0.0087,-0.0008,24.96,24.97,15512,17973,1.939,2.247,5.817,6.74,140,140,14,14,0,0,0,0,-0.18159825,-0.05281494,-0.18159825,-0.05281494,-0.30761649,-0.20865221,-0.30761649,-0.20865221,0.32606417,0.26318917,-0.01062452,-0.01579511,-0.02124904,0.02587878,0.75535,0.75535,0.42830653,0.42660721,0,0,501.6,251.6,0.8635,1.0919,1,1,0
2026-09-28T22:37:14.045553+09:00,45640443,75c9d598,2026-09-28T22:37:14.045553+09:00,2026-09-28T22:37:14.121173+09:00,rail-left-01,rail-right-01,0.6.7-draft,0.6.7-draft,mqtt,mqtt,241.93,192.41,6.096,6.238,-0.041,-0.059,0.062,-0.292,10.597,9.707,-0.0652,0.0326,0.0413,0.059,-0.0091,-0.0043,24.97,24.94,15505,17983,1.938,2.248,5.814,6.744,141,141,15,15,0,0,0,0,-0.08297244,-0.3016551,-0.08297244,-0.3016551,-0.20249983,-0.19016649,-0.20249983,-0.19016649,0.25955584,0.22834917,-0.01289917,-0.00729514,0.02125276,0.00706901,0.79035,0.96035,0.42650901,0.42566559,0,0,508.8,258.8,0.8635,1.0919,1,1,0
2026-09-28T22:37:14.065679+09:00,45660569,75c9d598,2026-09-28T22:37:14.065679+09:00,2026-09-28T22:37:14.141299+09:00,rail-left-01,rail-right-01,0.6.7-draft,0.6.7-draft,mqtt,mqtt,243.12,193.35,6.024,6.277,0.014,0.061,-0.104,-0.318,10.499,9.791,-0.0634,0.0305,0.0385,0.0565,-0.0084,-0.0065,24.95,24.97,15327,18071,1.916,2.259,5.748,6.777,142,142,15,15,0,0,0,0,-0.1117786,-0.28093839,-0.1117786,-0.28093839,-0.20161649,-0.18859726,-0.20161649,-0.18859726,0.25412667,0.22865071,-0.01235463,-0.00627719,0.0164532,0.00658772,0.79035,0.96035,0.42636228,0.42567374,0,0,509.8,259.8,0.8635,1.0919,1,1,0
2026-09-28T22:37:14.085683+09:00,45680573,75c9d598,2026-09-28T22:37:14.085683+09:00,2026-09-28T22:37:14.161303+09:00,rail-left-01,rail-right-01,0.6.7-draft,0.6.7-draft,mqtt,mqtt,244.37,194.3,5.998,6.269,-0.01,0.018,-0.023,-0.275,10.442,9.656,-0.064,0.0286,0.0402,0.0565,-0.0067,-0.0015,24.97,24.95,15255,18052,1.907,2.257,5.721,6.769,143,143,15,15,0,0,0,0,-0.13958029,-0.26622055,-0.13958029,-0.26622055,-0.20236649,-0.18684797,-0.20236649,-0.18684797,0.24857152,0.22878176,-0.01217171,-0.00552937,0.01280664,0.00627481,0.79035,0.96035,0.42621214,0.42567728,0,0,510.9,260.9,0.8635,1.0919,1,1,0
2026-09-28T22:37:14.105662+09:00,45700552,75c9d598,2026-09-28T22:37:14.105662+09:00,2026-09-28T22:37:14.181282+09:00,rail-left-01,rail-right-01,0.6.7-draft,0.6.7-draft,mqtt,mqtt,245.56,195.29,5.985,6.239,-0.004,0.037,-0.073,-0.447,10.509,9.521,-0.0596,0.0236,0.0322,0.0492,-0.0068,-0.0029,24.96,24.95,15195,17987,1.899,2.248,5.698,6.745,144,144,15,15,0,0,0,0,-0.16617381,-0.25058581,-0.16617381,-0.25058581,-0.20375538,-0.18415221,-0.20375538,-0.18415221,0.2432725,0.22836774,-0.01204088,-0.00505672,0.01007824,0.0062587,0.79035,0.96035,0.42606892,0.42566609,0,0,511.9,261.9,0.8635,1.0919,1,1,0
2026-09-28T22:37:14.125707+09:00,45720597,75c9d598,2026-09-28T22:37:14.125707+09:00,2026-09-28T22:37:14.201327+09:00,rail-left-01,rail-right-01,0.6.7-draft,0.6.7-draft,mqtt,mqtt,246.8,196.24,5.984,6.216,0.038,0.035,0.296,-0.114,10.767,9.385,-0.0602,0.0325,0.0457,0.0552,-0.0112,-0.0124,24.97,24.97,15187,17935,1.898,2.242,5.695,6.726,145,145,15,15,0,0,0,0,-0.19183828,-0.23618743,-0.19183828,-0.23618743,-0.2050507,-0.18084925,-0.2050507,-0.18084925,0.23850496,0.22758572,-0.01182767,-0.00475388,0.00810214,0.00639811,0.96035,0.96035,0.42594007,0.42564495,0,0,513.0,263.0,0.8635,1.0919,1,1,0
2026-09-28T22:37:14.145679+09:00,45740569,75c9d598,2026-09-28T22:37:14.145679+09:00,2026-09-28T22:37:14.221299+09:00,rail-left-01,rail-right-01,0.6.7-draft,0.6.7-draft,mqtt,mqtt,248.04,197.18,5.999,6.238,-0.036,-0.024,0.043,0.053,10.564,9.552,-0.0537,0.0325,0.0393,0.0474,-0.0099,-0.0164,24.96,24.95,15264,17985,1.908,2.248,5.724,6.744,146,146,15,15,0,0,0,0,-0.21686243,-0.22840968,-0.21686243,-0.22840968,-0.20546649,-0.17849983,-0.20546649,-0.17849983,0.23458917,0.2272225,-0.0114422,-0.00441849,0.00685909,0.00633575,0.96035,0.96035,0.42583424,0.42563514,0,0,514.1,264.1,0.8635,1.0919,1,1,0
2026-09-28T22:37:14.165602+09:00,45760492,75c9d598,2026-09-28T22:37:14.165602+09:00,2026-09-28T22:37:14.241222+09:00,rail-left-01,rail-right-01,0.6.7-draft,0.6.7-draft,mqtt,mqtt,249.24,198.13,6.027,6.252,-0.098,0.043,0.42,-0.17,10.349,9.622,-0.0604,0.0345,0.0348,0.0493,-0.0035,-0.0016,24.98,24.94,15333,18015,1.917,2.252,5.75,6.756,147,147,15,15,0,0,0,0,-0.24147143,-0.21498481,-0.24147143,-0.21498481,-0.20450935,-0.17675359,-0.20450935,-0.17675359,0.23171298,0.22710852,-0.01086505,-0.00408585,0.00628562,0.00617513,0.96035,0.96035,0.4257565,0.42563206,0,0,515.1,265.1,0.8635,1.0919,1,1,0
2026-09-28T22:37:14.185611+09:00,45780501,75c9d598,2026-09-28T22:37:14.185611+09:00,2026-09-28T22:37:14.261231+09:00,rail-left-01,rail-right-01,0.6.7-draft,0.6.7-draft,mqtt,mqtt,250.43,199.07,6.084,6.264,0.05,0.066,-0.001,-0.345,10.297,9.582,-0.0592,0.0312,0.0372,0.0545,-0.0075,-0.0111,24.97,24.96,15477,18042,1.935,2.255,5.804,6.766,148,148,15,15,0,0,0,0,-0.26498266,-0.20033854,-0.26498266,-0.20033854,-0.20104831,-0.17549149,-0.20104831,-0.17549149,0.23039371,0.22718917,-0.00998367,-0.00376282,0.00653367,0.00595268,0.96035,0.96035,0.42572085,0.42563424,0,0,516.1,266.1,0.8635,1.0919,1,1,0
2026-09-28T22:37:14.205739+09:00,45800629,75c9d598,2026-09-28T22:37:14.205739+09:00,2026-09-28T22:37:14.281359+09:00,rail-left-01,rail-right-01,0.6.7-draft,0.6.7-draft,mqtt,mqtt,251.67,200.07,6.097,6.261,-0.036,-0.035,-0.101,-0.322,10.56,9.714,-0.0602,0.0316,0.0362,0.0541,-0.0083,-0.0087,24.99,24.95,15509,18035,1.939,2.254,5.816,6.763,149,149,15,15,0,0,0,0,-0.28788574,-0.19529747,-0.28788574,-0.19529747,-0.19732301,-0.17421498,-0.19732301,-0.17421498,0.22947178,0.22721947,-0.0091545,-0.00348932,0.00682985,0.00576595,0.96035,0.96035,0.42569593,0.42563506,0,0,517.2,267.2,0.8635,1.0919,1,1,0
2026-09-28T22:37:14.226162+09:00,45821052,75c9d598,2026-09-28T22:37:14.226162+09:00,2026-09-28T22:37:14.301782+09:00,rail-left-01,rail-right-01,0.6.7-draft,0.6.7-draft,mqtt,mqtt,252.92,201.01,6.107,6.262,0.023,0.016,0.079,-0.394,10.518,9.799,-0.0655,0.0318,0.0372,0.0528,-0.012,-0.0037,24.97,24.96,15532,18037,1.942,2.255,5.825,6.764,150,150,15,15,0,0,0,0,-0.30997469,-0.18631862,-0.30997469,-0.18631862,-0.19349149,-0.17304296,-0.19349149,-0.17304296,0.228835,0.2272627,-0.00838691,-0.00324647,0.00712451,0.00558825,0.96035,0.96035,0.42567872,0.42563622,0,0,518.3,268.3,0.8635,1.0919,1,1,0
2026-09-28T22:37:14.348929+09:00,45983427,75c9d598,2026-09-28T22:37:14.348929+09:00,2026-09-28T22:37:14.434263+09:00,rail-left-01,rail-right-01,0.6.7-draft,0.6.7-draft,mqtt,mqtt,262.81,208.77,6.115,6.255,-0.103,-0.043,0.099,0.176,10.245,9.722,-0.0621,0.0292,0.0421,0.057,-0.0148,-0.0083,24.99,24.94,15553,18021,1.944,2.253,5.832,6.758,151,151,16,16,0,0,0,0,-0.18752925,-0.22918027,-0.18752925,-0.22918027,-0.17170935,-0.18196649,-0.17170935,-0.18196649,0.22741774,0.21826695,-0.00285234,-0.00246154,0.00526813,0.00090182,0.96035,1.12135,0.42564041,0.4253931,0,0,526.8,276.8,0.8635,1.0919,1,1,0
2026-09-28T22:37:14.368934+09:00,46003432,75c9d598,2026-09-28T22:37:14.368934+09:00,2026-09-28T22:37:14.454268+09:00,rail-left-01,rail-right-01,0.6.7-draft,0.6.7-draft,mqtt,mqtt,264.05,209.71,6.11,6.307,0.099,0.104,-0.013,-0.432,10.512,9.641,-0.067,0.0329,0.0405,0.0568,-0.0127,-0.0053,24.98,24.95,15540,18138,1.943,2.267,5.828,6.802,152,152,16,16,0,0,0,0,-0.18950971,-0.21566236,-0.18950971,-0.21566236,-0.17058871,-0.18501867,-0.17058871,-0.18501867,0.22749472,0.2174283,-0.00254804,-0.00240835,0.00496961,0.00036305,0.96035,1.12135,0.4256425,0.42537043,0,0,527.9,277.9,0.8635,1.0919,1,1,0
2026-09-28T22:37:14.389059+09:00,46023557,75c9d598,2026-09-28T22:37:14.389059+09:00,2026-09-28T22:37:14.474393+09:00,rail-left-01,rail-right-01,0.6.7-draft,0.6.7-draft,mqtt,mqtt,265.3,210.71,6.111,6.321,-0.057,-0.02,0.061,-0.241,10.344,9.887,-0.067,0.0313,0.0429,0.0612,-0.0132,-0.0099,24.97,24.97,15543,18168,1.943,2.271,5.829,6.813,153,153,16,16,0,0,0,0,-0.19266792,-0.21018307,-0.19266792,-0.21018307,-0.16950163,-0.18823883,-0.16950163,-0.18823883,0.22758106,0.21677428,-0.00229364,-0.00233777,0.00471977,-0.00013609,0.96035,1.12135,0.42564483,0.42535275,0,0,529.0,279.0,0.8635,1.0919,1,1,0
2026-09-28T22:37:14.409082+09:00,46043580,75c9d598,2026-09-28T22:37:14.409082+09:00,2026-09-28T22:37:14.494416+09:00,rail-left-01,rail-right-01,0.6.7-draft,0.6.7-draft,mqtt,mqtt,266.49,211.65,6.068,6.344,0.014,0.038,0.175,-0.339,10.701,9.799,-0.062,0.0304,0.0408,0.0596,-0.0101,-0.0061,24.96,24.96,15435,18220,1.929,2.278,5.788,6.833,154,154,16,16,0,0,0,0,-0.19662303,-0.2015414,-0.19662303,-0.2015414,-0.16960333,-0.19180399,-0.16960333,-0.19180399,0.22709706,0.21638709,-0.00218531,-0.0022407,0.00429324,-0.00062867,0.96035,1.12135,0.42563175,0.42534229,0,0,530.0,280.0,0.8635,1.0919,1,1,0
2026-09-28T22:37:14.429137+09:00,46063635,75c9d598,2026-09-28T22:37:14.429137+09:00,2026-09-28T22:37:14.514471+09:00,rail-left-01,rail-right-01,0.6.7-draft,0.6.7-draft,mqtt,mqtt,267.73,212.6,6.058,6.347,-0.055,0.0,-0.066,-0.227,10.526,9.872,-0.0682,0.0302,0.0368,0.0584,-0.0076,-0.0051,24.97,24.99,15410,18226,1.926,2.278,5.779,6.835,155,155,16,16,0,0,0,0,-0.20141395,-0.19543331,-0.20141395,-0.19543331,-0.16995624,-0.19528486,-0.16995624,-0.19528486,0.22650968,0.21604631,-0.0021124,-0.00215008,0.00388384,-0.00106013,0.96035,1.12135,0.42561587,0.42533308,0,0,531.1,281.1,0.8635,1.0919,1,1,0
2026-09-28T22:37:14.449158+09:00,46083656,75c9d598,2026-09-28T22:37:14.449158+09:00,2026-09-28T22:37:14.534492+09:00,rail-left-01,rail-right-01,0.6.7-draft,0.6.7-draft,mqtt,mqtt,268.93,213.59,6.015,6.356,0.032,-0.006,0.123,-0.305,10.637,9.802,-0.0642,0.0328,0.045,0.0629,-0.0081,-0.0065,24.96,24.95,15304,18246,1.913,2.281,5.739,6.842,156,156,16,16,0,0,0,0,-0.20681506,-0.18989915,-0.20681506,-0.18989915,-0.17136649,-0.19880649,-0.17136649,-0.19880649,0.22541417,0.21580917,-0.00213695,-0.00205687,0.00335076,-0.00145705,0.96035,1.12135,0.42558626,0.42532667,0,0,532.1,282.1,0.8635,1.0919,1,1,0
2026-09-28T22:37:14.468979+09:00,46103477,75c9d598,2026-09-28T22:37:14.468979+09:00,2026-09-28T22:37:14.554313+09:00,rail-left-01,rail-right-01,0.6.7-draft,0.6.7-draft,mqtt,mqtt,270.12,214.53,6.004,6.376,-0.053,-0.134,-0.066,-0.327,10.532,9.541,-0.0626,0.0317,0.0426,0.0588,-0.0056,-0.0125,24.97,24.96,15276,18291,1.91,2.286,5.729,6.859,157,157,16,16,0,0,0,0,-0.2129323,-0.19168623,-0.2129323,-0.19168623,-0.17297625,-0.20258218,-0.17297625,-0.20258218,0.22423795,0.2157774,-0.00217437,-0.00194835,0.00284967,-0.00185167,0.96035,1.12135,0.42555447,0.42532581,0,0,533.2,283.2,0.8635,1.0919,1,1,0
2026-09-28T22:37:14.489094+09:00,46123592,75c9d598,2026-09-28T22:37:14.489094+09:00,2026-09-28T22:37:14.574428+09:00,rail-left-01,rail-right-01,0.6.7-draft,0.6.7-draft,mqtt,mqtt,271.36,215.48,5.986,6.383,0.204,0.22,0.098,-0.01,10.402,9.668,-0.0613,0.0329,0.0482,0.0644,-0.0156,-0.0171,24.99,24.96,15197,18305,1.9,2.288,5.699,6.864,158,158,16,16,0,0,0,0,-0.21909447,-0.17416663,-0.21909447,-0.17416663,-0.17493792,-0.20634726,-0.17493792,-0.20634726,0.22290345,0.21581417,-0.00223476,-0.00184246,0.00234882,-0.00221342,0.96035,1.12135,0.42551841,0.4253268,0,0,534.2,284.2,0.8635,1.0919,1,1,0
2026-09-28T22:37:14.509025+09:00,46143523,75c9d598,2026-09-28T22:37:14.509025+09:00,2026-09-28T22:37:14.594359+09:00,rail-left-01,rail-right-01,0.6.7-draft,0.6.7-draft,mqtt,mqtt,272.56,216.42,5.948,6.407,-0.248,-0.215,0.221,-0.171,10.928,9.553,-0.0632,0.0317,0.0482,0.0592,-0.0081,-0.002,24.98,24.97,15012,18360,1.877,2.295,5.63,6.885,159,159,16,16,0,0,0,0,-0.22641091,-0.18051574,-0.22641091,-0.18051574,-0.17769207,-0.2104231,-0.17769207,-0.2104231,0.22118917,0.21607596,-0.00234866,-0.00172001,0.00178029,-0.00258495,1.12135,1.12135,0.42547207,0.42533388,0,0,535.3,285.3,0.8635,1.0919,1,1,0
2026-09-28T22:37:14.528907+09:00,46163405,75c9d598,2026-09-28T22:37:14.528907+09:00,2026-09-28T22:37:14.614241+09:00,rail-left-01,rail-right-01,0.6.7-draft,0.6.7-draft,mqtt,mqtt,273.8,217.37,5.964,6.427,0.035,0.097,-0.036,-0.381,10.642,9.832,-0.0689,0.031,0.0332,0.0521,-0.0135,-0.0105,24.98,24.95,15092,18404,1.887,2.301,5.66,6.902,160,160,16,16,0,0,0,0,-0.23387735,-0.17033225,-0.23387735,-0.17033225,-0.1799574,-0.21471834,-0.1799574,-0.21471834,0.21973462,0.21651324,-0.00241578,-0.00158794,0.00133764,-0.00295576,1.12135,1.12135,0.42543276,0.4253457,0,0,536.3,286.3,0.8635,1.0919,1,1,0
2026-09-28T22:37:14.710226+09:00,46296794,75c9d598,2026-09-28T22:37:14.710226+09:00,2026-09-28T22:37:14.791948+09:00,rail-left-01,rail-right-01,0.6.7-draft,0.6.7-draft,mqtt,mqtt,281.9,223.73,5.973,6.431,0.054,0.061,0.072,-0.37,10.381,9.571,-0.0637,0.0324,0.044,0.0601,-0.0091,-0.0044,24.97,24.96,15135,18412,1.892,2.302,5.676,6.905,161,161,17,17,0,0,0,0,-0.16689607,-0.17237871,-0.16689607,-0.17237871,-0.21869377,-0.49706649,-0.21869377,-0.49706649,0.21701644,0.21273917,-0.00142759,0.0059607,-0.00328581,0.0111242,1.12135,1.05035,0.42540463,0.48544167,0,0,543.3,293.3,0.8635,1.0919,1,1,0
2026-09-28T22:37:14.730025+09:00,46316593,75c9d598,2026-09-28T22:37:14.730025+09:00,2026-09-28T22:37:14.811747+09:00,rail-left-01,rail-right-01,0.6.7-draft,0.6.7-draft,mqtt,mqtt,283.15,224.68,5.888,6.51,-0.068,-0.06,0.053,-0.329,10.505,9.831,-0.0665,0.031,0.0368,0.0536,-0.0079,-0.0064,24.98,24.94,14715,18588,1.839,2.324,5.518,6.971,162,162,17,17,0,0,0,0,-0.02744443,-0.20635235,-0.02744443,-0.20635235,-0.51836649,-0.49991195,-0.51836649,-0.49991195,0.20168917,0.21882553,0.0,0.00813816,0.0,0.00518298,0.69835,1.05035,0.48601734,0.48551857,0,0,544.4,294.4,0.8635,1.0919,1,1,0
2026-09-28T22:37:14.749966+09:00,46336533,75c9d598,2026-09-28T22:37:14.749966+09:00,2026-09-28T22:37:14.831687+09:00,rail-left-01,rail-right-01,0.6.7-draft,0.6.7-draft,mqtt,mqtt,284.34,225.62,5.892,6.519,0.207,0.136,0.048,-0.322,10.446,9.79,-0.0652,0.0336,0.0412,0.0573,-0.0104,-0.0115,25.01,24.97,14736,18607,1.842,2.326,5.526,6.978,163,163,17,17,0,0,0,0,-0.03607505,-0.18844749,-0.03607505,-0.18844749,-0.51636649,-0.50303316,-0.51636649,-0.50303316,0.20268917,0.2242725,0.00336134,0.00911796,0.00672269,0.00205434,0.69835,1.05035,0.48596329,0.48560293,0,0,545.4,295.4,0.8635,1.0919,1,1,0
2026-09-28T22:37:14.769912+09:00,46356480,75c9d598,2026-09-28T22:37:14.769912+09:00,2026-09-28T22:37:14.851633+09:00,rail-left-01,rail-right-01,0.6.7-draft,0.6.7-draft,mqtt,mqtt,285.58,226.57,5.89,6.535,-0.133,-0.198,0.111,-0.129,10.446,9.653,-0.0661,0.0338,0.0444,0.0601,-0.0075,-0.0064,24.95,24.96,14725,18643,1.841,2.33,5.522,6.991,164,164,17,17,0,0,0,0,-0.05735696,-0.24662885,-0.05735696,-0.24662885,-0.51636649,-0.50690495,-0.51636649,-0.50690495,0.20268917,0.22949686,0.000806,0.00978761,0.00161199,-0.00028341,0.69835,1.05035,0.48596329,0.48570757,0,0,546.5,296.5,0.8635,1.0919,1,1,0
2026-09-28T22:37:14.790050+09:00,46376617,75c9d598,2026-09-28T22:37:14.790050+09:00,2026-09-28T22:37:14.871771+09:00,rail-left-01,rail-right-01,0.6.7-draft,0.6.7-draft,mqtt,mqtt,286.82,227.56,5.888,6.552,0.128,0.183,-0.013,-0.277,10.566,9.564,-0.0653,0.0361,0.0448,0.0552,-0.0119,-0.0099,24.96,24.94,14716,18681,1.84,2.335,5.519,7.005,165,165,17,17,0,0,0,0,-0.07434808,-0.21877192,-0.07434808,-0.21877192,-0.51686649,-0.51143792,-0.51686649,-0.51143792,0.20243917,0.23458203,-0.00017524,0.01031359,-0.00035049,-0.00224988,0.75935,1.05035,0.4859768,0.48583008,0,0,547.6,297.6,0.8635,1.0919,1,1,0
2026-09-28T22:37:14.810014+09:00,46396582,75c9d598,2026-09-28T22:37:14.810014+09:00,2026-09-28T22:37:14.891736+09:00,rail-left-01,rail-right-01,0.6.7-draft,0.6.7-draft,mqtt,mqtt,288.02,228.51,5.882,6.566,-0.128,-0.119,0.037,-0.183,10.372,9.883,-0.0649,0.0329,0.0445,0.0594,-0.0107,-0.0073,24.94,24.94,14689,18711,1.836,2.339,5.508,7.017,166,166,17,17,0,0,0,0,-0.09488131,-0.25159955,-0.09488131,-0.25159955,-0.51836649,-0.51629983,-0.51836649,-0.51629983,0.20168917,0.23945584,-0.00131247,0.01071703,-0.00262494,-0.00389712,0.75935,1.05035,0.48601734,0.48596149,0,0,548.6,298.6,0.8635,1.0919,1,1,0
2026-09-28T22:37:14.829985+09:00,46416552,75c9d598,2026-09-28T22:37:14.829985+09:00,2026-09-28T22:37:14.911706+09:00,rail-left-01,rail-right-01,0.6.7-draft,0.6.7-draft,mqtt,mqtt,289.26,229.45,5.879,6.575,-0.014,-0.006,0.338,-0.081,10.857,9.799,-0.0642,0.0325,0.0369,0.0509,-0.0092,-0.0051,24.99,24.95,14672,18731,1.834,2.341,5.502,7.024,167,167,17,17,0,0,0,0,-0.114126,-0.26049491,-0.114126,-0.26049491,-0.51986649,-0.52111649,-0.51986649,-0.52111649,0.20093917,0.24400167,-0.00180049,0.01098402,-0.00360098,-0.00521256,1.05035,1.05035,0.48605788,0.48609167,0,0,549.7,299.7,0.8635,1.0919,1,1,0
2026-09-28T22:37:14.849925+09:00,46436493,75c9d598,2026-09-28T22:37:14.849925+09:00,2026-09-28T22:37:14.931646+09:00,rail-left-01,rail-right-01,0.6.7-draft,0.6.7-draft,mqtt,mqtt,290.45,230.39,5.909,6.582,-0.098,-0.053,-0.019,-0.296,10.665,9.728,-0.0689,0.0353,0.0336,0.0474,-0.0073,-0.0063,24.98,24.94,14819,18748,1.852,2.344,5.557,7.031,168,168,17,17,0,0,0,0,-0.1334607,-0.2762878,-0.1334607,-0.2762878,-0.51665221,-0.52577826,-0.51665221,-0.52577826,0.20254631,0.24821858,0.00083584,0.01114106,0.00167168,-0.00626048,1.05035,1.05035,0.48597101,0.48621766,0,0,550.7,300.7,0.8635,1.0919,1,1,0
2026-09-28T22:37:14.869876+09:00,46456443,75c9d598,2026-09-28T22:37:14.869876+09:00,2026-09-28T22:37:14.951597+09:00,rail-left-01,rail-right-01,0.6.7-draft,0.6.7-draft,mqtt,mqtt,291.7,231.34,5.947,6.581,0.091,0.107,0.0,-0.183,10.436,9.771,-0.0687,0.033,0.0374,0.0533,-0.0076,-0.0077,24.97,24.94,15005,18746,1.876,2.343,5.627,7.03,169,169,17,17,0,0,0,0,-0.150365,-0.26503777,-0.150365,-0.26503777,-0.50949149,-0.52986649,-0.50949149,-0.52986649,0.20612667,0.25193917,0.00447053,0.01114515,0.00894106,-0.00696377,1.05035,1.05035,0.48577748,0.48632815,0,0,551.8,301.8,0.8635,1.0919,1,1,0
2026-09-28T22:37:14.889918+09:00,46476486,75c9d598,2026-09-28T22:37:14.889918+09:00,2026-09-28T22:37:14.971640+09:00,rail-left-01,rail-right-01,0.6.7-draft,0.6.7-draft,mqtt,mqtt,292.89,232.28,5.961,6.583,-0.133,-0.104,0.096,-0.265,10.418,9.802,-0.0682,0.0356,0.0425,0.0534,0.0007,-0.002,24.96,24.97,15075,18750,1.884,2.344,5.653,7.031,170,170,17,17,0,0,0,0,-0.16860108,-0.28643247,-0.16860108,-0.28643247,-0.50236649,-0.53362965,-0.50236649,-0.53362965,0.20968917,0.25532075,0.00662999,0.01107274,0.01325998,-0.00747725,1.05035,1.05035,0.48558491,0.48642986,0,0,552.8,302.8,0.8635,1.0919,1,1,0
2026-09-28T22:37:15.059602+09:00,46653434,75c9d598,2026-09-28T22:37:15.059602+09:00,2026-09-28T22:37:15.150182+09:00,rail-left-01,rail-right-01,0.6.7-draft,0.6.7-draft,mqtt,mqtt,303.63,240.74,5.959,6.589,0.16,0.044,0.186,-0.28,10.381,9.524,-0.069,0.0362,0.0352,0.0565,-0.0107,-0.0111,24.97,24.97,15064,18763,1.883,2.345,5.649,7.036,171,171,18,18,0,0,0,0,-0.31124418,-0.48707258,-0.31124418,-0.48707258,-0.53711649,-0.55311649,-0.53711649,-0.55311649,0.25831417,0.27624274,0.00954675,0.00575794,-0.0071468,-0.0047603,1.05035,1.05035,0.4865241,0.48695653,0,0,562.1,312.1,0.8635,1.0919,1,1,0
2026-09-28T22:37:15.079727+09:00,46673559,75c9d598,2026-09-28T22:37:15.079727+09:00,2026-09-28T22:37:15.170307+09:00,rail-left-01,rail-right-01,0.6.7-draft,0.6.7-draft,mqtt,mqtt,304.82,241.73,5.976,6.513,-0.114,-0.065,-0.023,-0.142,10.438,9.568,-0.0671,0.0398,0.0346,0.0494,-0.0057,-0.0007,24.97,24.96,15147,18595,1.893,2.324,5.68,6.973,172,172,18,18,0,0,0,0,-0.33571029,-0.49013821,-0.33571029,-0.49013821,-0.53946173,-0.55153891,-0.53946173,-0.55153891,0.26142726,0.2768271,0.00875811,0.0050712,-0.00656228,-0.0036776,1.05035,1.05035,0.48658748,0.48691389,0,0,563.1,313.1,0.8635,1.0919,1,1,0
2026-09-28T22:37:15.099680+09:00,46693512,75c9d598,2026-09-28T22:37:15.099680+09:00,2026-09-28T22:37:15.190260+09:00,rail-left-01,rail-right-01,0.6.7-draft,0.6.7-draft,mqtt,mqtt,306.02,242.67,5.978,6.487,0.005,0.105,0.292,-0.321,10.268,9.59,-0.0658,0.0264,0.0397,0.054,-0.0127,-0.0081,24.98,24.97,15158,18537,1.895,2.317,5.684,6.951,173,173,18,18,0,0,0,0,-0.35933221,-0.47675819,-0.35933221,-0.47675819,-0.54150286,-0.54919983,-0.54150286,-0.54919983,0.2643028,0.27693917,0.00820041,0.00446222,-0.00610521,-0.00269145,1.05035,1.05035,0.48664265,0.48685068,0,0,564.2,314.2,0.8635,1.0919,1,1,0
2026-09-28T22:37:15.119635+09:00,46713467,75c9d598,2026-09-28T22:37:15.119635+09:00,2026-09-28T22:37:15.210215+09:00,rail-left-01,rail-right-01,0.6.7-draft,0.6.7-draft,mqtt,mqtt,307.21,243.62,5.975,6.477,-0.093,-0.119,0.016,-0.235,10.464,9.783,-0.0614,0.0278,0.0376,0.0545,-0.008,-0.0072,24.98,24.95,15144,18515,1.893,2.314,5.679,6.943,174,174,18,18,0,0,0,0,-0.38257706,-0.48469914,-0.38257706,-0.48469914,-0.54349693,-0.54668907,-0.54349693,-0.54668907,0.26686308,0.27688272,0.00774001,0.00395837,-0.00578961,-0.00187719,1.05035,1.05035,0.48669654,0.48678282,0,0,565.2,315.2,0.8635,1.0919,1,1,0
2026-09-28T22:37:15.139846+09:00,46733678,75c9d598,2026-09-28T22:37:15.139846+09:00,2026-09-28T22:37:15.230426+09:00,rail-left-01,rail-right-01,0.6.7-draft,0.6.7-draft,mqtt,mqtt,308.45,244.61,5.978,6.441,0.037,-0.017,0.109,-0.37,10.446,9.598,-0.0657,0.0269,0.0297,0.05,-0.0076,-0.004,24.99,24.95,15160,18434,1.895,2.304,5.685,6.913,175,175,18,18,0,0,0,0,-0.40467148,-0.48323288,-0.40467148,-0.48323288,-0.54519983,-0.54321024,-0.54519983,-0.54321024,0.2692725,0.27626729,0.00737426,0.00344869,-0.00548796,-0.00102555,1.05035,1.05035,0.48674257,0.4866888,0,0,566.3,316.3,0.8635,1.0919,1,1,0
2026-09-28T22:37:15.159805+09:00,46753637,75c9d598,2026-09-28T22:37:15.159805+09:00,2026-09-28T22:37:15.250385+09:00,rail-left-01,rail-right-01,0.6.7-draft,0.6.7-draft,mqtt,mqtt,309.65,245.56,5.972,6.386,-0.024,-0.048,-0.036,-0.368,10.423,9.675,-0.0659,0.0215,0.0384,0.0542,-0.0056,-0.0067,24.97,24.95,15128,18313,1.891,2.289,5.673,6.867,176,176,18,18,0,0,0,0,-0.42617252,-0.48448213,-0.42617252,-0.48448213,-0.54700649,-0.53827558,-0.54700649,-0.53827558,0.27136917,0.27485584,0.00702697,0.002886,-0.00529394,-4.84e-05,1.05035,1.05035,0.4867914,0.48655543,0,0,567.3,317.3,0.8635,1.0919,1,1,0
2026-09-28T22:37:15.179721+09:00,46773553,75c9d598,2026-09-28T22:37:15.179721+09:00,2026-09-28T22:37:15.270301+09:00,rail-left-01,rail-right-01,0.6.7-draft,0.6.7-draft,mqtt,mqtt,310.84,246.55,5.96,6.357,0.092,0.107,0.178,-0.168,10.387,9.649,-0.0722,0.0321,0.0444,0.0594,-0.0096,-0.0088,24.96,24.96,15068,18249,1.884,2.281,5.651,6.843,177,177,18,18,0,0,0,0,-0.44674558,-0.47266702,-0.44674558,-0.47266702,-0.54913572,-0.53277826,-0.54913572,-0.53277826,0.27307378,0.27310093,0.00666716,0.00235049,-0.00522996,0.00088836,1.05035,1.05035,0.48684894,0.48640685,0,0,568.3,318.3,0.8635,1.0919,1,1,0
2026-09-28T22:37:15.199689+09:00,46793521,75c9d598,2026-09-28T22:37:15.199689+09:00,2026-09-28T22:37:15.290269+09:00,rail-left-01,rail-right-01,0.6.7-draft,0.6.7-draft,mqtt,mqtt,312.03,247.5,5.936,6.351,-0.044,-0.065,0.164,0.011,10.157,9.68,-0.0581,0.0321,0.0336,0.0453,-0.0053,0.0043,24.96,24.99,14955,18234,1.869,2.279,5.608,6.838,178,178,18,18,0,0,0,0,-0.4668045,-0.47552704,-0.4668045,-0.47552704,-0.55199612,-0.52742364,-0.55199612,-0.52742364,0.27420769,0.2713606,0.00625005,0.00189075,-0.00535939,0.0016851,1.05035,1.05035,0.48692625,0.48626213,0,0,569.3,319.3,0.8635,1.0919,1,1,0
2026-09-28T22:37:15.219770+09:00,46813602,75c9d598,2026-09-28T22:37:15.219770+09:00,2026-09-28T22:37:15.310350+09:00,rail-left-01,rail-right-01,0.6.7-draft,0.6.7-draft,mqtt,mqtt,313.27,248.44,5.971,6.32,0.036,0.043,0.153,-0.472,10.169,9.485,-0.061,0.0341,0.0345,0.0524,-0.0103,-0.008,24.96,24.97,15122,18167,1.89,2.271,5.671,6.813,179,179,18,18,0,0,0,0,,-0.46975169,,-0.46975169,,-0.52150538,,-0.52150538,,0.26928639,,0.00143674,,0.00247964,,1.05035,0.0,0.48610218,0,0,570.4,320.4,0.8635,1.0919,1,1,0
2026-09-28T22:37:15.240176+09:00,46834008,75c9d598,2026-09-28T22:37:15.240176+09:00,2026-09-28T22:37:15.330756+09:00,rail-left-01,rail-right-01,0.6.7-draft,0.6.7-draft,mqtt,mqtt,314.47,249.44,5.985,6.323,-0.136,-0.101,-0.047,-0.511,10.426,9.415,-0.062,0.0329,0.0369,0.0578,-0.0095,-0.0079,24.97,24.99,15194,18172,1.899,2.272,5.698,6.815,180,180,18,18,0,0,0,0,,-0.475552,,-0.475552,,-0.51598811,,-0.51598811,,0.26736484,,0.00105569,,0.00313497,,1.05035,0.0,0.48595306,0,0,571.5,321.5,0.8635,1.0919,1,1,0
2026-09-28T22:37:15.384083+09:00,47012439,75c9d598,2026-09-28T22:37:15.384083+09:00,2026-09-28T22:37:15.462728+09:00,rail-left-01,rail-right-01,0.6.7-draft,0.6.7-draft,mqtt,mqtt,325.16,258.04,5.985,6.317,0.012,0.08,-0.159,-0.35,10.566,9.756,-0.0659,0.0328,0.0385,0.0538,-0.0112,-0.0047,24.98,24.97,15192,18159,1.899,2.27,5.697,6.81,181,181,19,19,0,0,0,0,-0.48663569,-0.53226165,-0.48663569,-0.53226165,-0.51076123,-0.49143792,-0.51076123,-0.49143792,0.26554443,0.25943917,0.00062538,-0.00033316,0.00375099,0.00540107,1.05035,1.05035,0.4858118,0.48528954,0,0,580.7,330.7,0.8635,1.0919,1,1,0
2026-09-28T22:37:15.404230+09:00,47032586,75c9d598,2026-09-28T22:37:15.404230+09:00,2026-09-28T22:37:15.482875+09:00,rail-left-01,rail-right-01,0.6.7-draft,0.6.7-draft,mqtt,mqtt,326.4,258.98,5.933,6.284,-0.189,-0.151,0.074,-0.145,10.628,9.948,-0.0663,0.0349,0.0364,0.049,-0.0088,-0.006,24.99,24.97,14937,18086,1.867,2.261,5.601,6.782,182,182,19,19,0,0,0,0,-0.49842376,-0.52297,-0.49842376,-0.52297,-0.50713572,-0.48280835,-0.50713572,-0.48280835,0.26315071,0.25939847,0.00016925,-0.00030363,0.0040106,0.00621613,1.05035,1.05035,0.48571381,0.48505631,0,0,581.8,331.8,0.8635,1.0919,1,1,0
2026-09-28T22:37:15.424206+09:00,47052562,75c9d598,2026-09-28T22:37:15.424206+09:00,2026-09-28T22:37:15.502851+09:00,rail-left-01,rail-right-01,0.6.7-draft,0.6.7-draft,mqtt,mqtt,327.54,259.93,5.947,6.268,0.09,0.156,0.104,-0.126,10.351,9.726,-0.0655,0.032,0.0376,0.0545,-0.0035,-0.0072,24.97,24.99,15008,18050,1.876,2.256,5.628,6.769,183,183,19,19,0,0,0,0,-0.51005656,-0.49421432,-0.51005656,-0.49421432,-0.50334149,-0.4742074,-0.50334149,-0.4742074,0.26105167,0.2591778,-0.00017391,-0.00030717,0.00426719,0.00689749,1.05035,1.05035,0.48561126,0.48482385,0,0,582.7,332.7,0.8635,1.0919,1,1,0
2026-09-28T22:37:15.444150+09:00,47072506,75c9d598,2026-09-28T22:37:15.444150+09:00,2026-09-28T22:37:15.522795+09:00,rail-left-01,rail-right-01,0.6.7-draft,0.6.7-draft,mqtt,mqtt,328.79,260.92,5.949,6.265,-0.077,-0.04,-0.074,-0.188,10.555,9.619,-0.064,0.0314,0.0392,0.0538,-0.0057,-0.0067,24.95,24.97,15014,18045,1.877,2.256,5.63,6.767,184,184,19,19,0,0,0,0,-0.52199793,-0.47914947,-0.52199793,-0.47914947,-0.49968357,-0.46592205,-0.49968357,-0.46592205,0.25907941,0.25893361,-0.00045359,-0.00031415,0.0044769,0.00744247,1.05035,1.05035,0.4855124,0.48459993,0,0,583.8,333.8,0.8635,1.0919,1,1,0
2026-09-28T22:37:15.464553+09:00,47092909,75c9d598,2026-09-28T22:37:15.464553+09:00,2026-09-28T22:37:15.543198+09:00,rail-left-01,rail-right-01,0.6.7-draft,0.6.7-draft,mqtt,mqtt,329.98,261.92,5.951,6.257,0.132,0.151,0.148,-0.176,10.429,9.898,-0.0645,0.0322,0.0325,0.0524,-0.0031,-0.0027,24.97,24.97,15025,18027,1.878,2.253,5.634,6.76,185,185,19,19,0,0,0,0,,-0.45304142,,-0.45304142,,-0.45782301,,-0.45782301,,0.25861308,,-0.00033071,,0.00790026,,1.05035,0.0,0.48438103,0,0,584.8,334.8,0.8635,1.0919,1,1,0
2026-09-28T22:37:15.484634+09:00,47112990,75c9d598,2026-09-28T22:37:15.484634+09:00,2026-09-28T22:37:15.563279+09:00,rail-left-01,rail-right-01,0.6.7-draft,0.6.7-draft,mqtt,mqtt,331.17,262.86,5.97,6.262,-0.166,-0.128,0.235,-0.139,10.244,9.726,-0.0554,0.0321,0.0333,0.0496,-0.0076,-0.0041,24.97,24.96,15119,18038,1.89,2.255,5.67,6.764,186,186,19,19,0,0,0,0,,-0.44486015,,-0.44486015,,-0.450175,,-0.450175,,0.25835938,,-0.00033755,,0.0082578,,1.05035,0.0,0.48417433,0,0,585.9,335.9,0.8635,1.0919,1,1,0
2026-09-28T22:37:15.504160+09:00,47132516,75c9d598,2026-09-28T22:37:15.504160+09:00,2026-09-28T22:37:15.582805+09:00,rail-left-01,rail-right-01,0.6.7-draft,0.6.7-draft,mqtt,mqtt,332.37,263.81,5.994,6.271,0.061,0.083,0.074,-0.447,10.426,9.469,-0.0557,0.0286,0.0346,0.052,-0.0116,-0.01,24.97,24.96,15239,18057,1.905,2.257,5.715,6.771,187,187,19,19,0,0,0,0,,-0.42432535,,-0.42432535,,-0.44303316,,-0.44303316,,0.25821,,-0.00033205,,0.00852778,,1.05035,0.0,0.48398131,0,0,586.9,336.9,0.8635,1.0919,1,1,0
2026-09-28T22:37:15.524096+09:00,47152452,75c9d598,2026-09-28T22:37:15.524096+09:00,2026-09-28T22:37:15.602741+09:00,rail-left-01,rail-right-01,0.6.7-draft,0.6.7-draft,mqtt,mqtt,333.56,264.75,6.045,6.268,-0.031,0.047,-0.012,-0.02,10.378,9.465,-0.0618,0.0361,0.0373,0.0532,-0.0068,-0.008,24.97,24.99,15379,18051,1.922,2.256,5.767,6.769,188,188,19,19,0,0,0,0,,0.43678978,,0.43678978,,-0.10436649,,-0.10436649,,0.24968917,,0.0,,0.0,,0.53535,0.0,0.48721608,0,0,587.9,337.9,0.8635,1.0919,1,1,0
2026-09-28T22:37:15.544221+09:00,47172577,75c9d598,2026-09-28T22:37:15.544221+09:00,2026-09-28T22:37:15.622866+09:00,rail-left-01,rail-right-01,0.6.7-draft,0.6.7-draft,mqtt,mqtt,334.75,265.74,6.082,6.291,-0.083,-0.043,-0.078,-0.287,10.36,9.68,-0.0622,0.0332,0.0372,0.0546,-0.0112,-0.0045,24.97,24.96,15472,18101,1.934,2.263,5.802,6.788,189,189,19,19,0,0,0,0,,0.30567467,,0.30567467,,-0.11586649,,-0.11586649,,0.25543917,,0.02323232,,-0.04646465,,0.53535,0.0,0.48737149,0,0,589.0,339.0,0.8635,1.0919,1,1,0
2026-09-28T22:37:15.564084+09:00,47192440,75c9d598,2026-09-28T22:37:15.564084+09:00,2026-09-28T22:37:15.642729+09:00,rail-left-01,rail-right-01,0.6.7-draft,0.6.7-draft,mqtt,mqtt,335.95,266.69,6.143,6.317,0.104,0.092,-0.023,-0.299,10.342,9.723,-0.0624,0.033,0.0358,0.0548,-0.0133,-0.0091,24.98,24.97,15622,18159,1.953,2.27,5.858,6.81,190,190,19,19,0,0,0,0,,0.39033708,,0.39033708,,-0.12836649,,-0.12836649,,0.26168917,,0.02524353,,-0.05048705,,0.53535,0.0,0.4875404,0,0,590.0,340.0,0.8635,1.0919,1,1,0
2026-09-28T22:37:15.701576+09:00,47326404,75c9d598,2026-09-28T22:37:15.701576+09:00,2026-09-28T22:37:15.743154+09:00,rail-left-01,rail-right-01,0.6.7-draft,0.6.7-draft,mqtt,mqtt,343.95,273.15,6.176,6.337,0.028,0.024,0.072,-0.265,10.488,9.693,-0.0614,0.0322,0.0376,0.0542,-0.0053,-0.0053,24.96,24.98,15706,18203,1.963,2.275,5.89,6.826,191,191,20,20,0,0,0,0,0.3494701,,0.3494701,,-0.12636649,,-0.12636649,,0.26893917,,0.0070394,,0.00020181,,0.68135,,0.48773635,0.0,0,0,596.9,346.9,0.8635,1.0919,1,1,0
2026-09-28T22:37:15.721703+09:00,47346531,75c9d598,2026-09-28T22:37:15.721703+09:00,2026-09-28T22:37:15.763281+09:00,rail-left-01,rail-right-01,0.6.7-draft,0.6.7-draft,mqtt,mqtt,345.14,274.1,7.458,7.114,0.077,0.044,0.154,-0.467,10.477,9.541,-0.0644,0.0346,0.0396,0.0553,-0.0099,-0.0139,24.97,24.95,18897,19927,2.362,2.491,7.086,7.473,192,192,20,20,0,0,0,0,0.31643898,,0.31643898,,0.13123351,,0.13123351,,0.40148917,,0.07866245,,0.14541088,,0.68135,,0.49131878,0.0,0,0,597.9,347.9,0.8635,1.0919,1,1,0
2026-09-28T22:37:15.741645+09:00,47366472,75c9d598,2026-09-28T22:37:15.741645+09:00,2026-09-28T22:37:15.783222+09:00,rail-left-01,rail-right-01,0.6.7-draft,0.6.7-draft,mqtt,mqtt,346.34,275.09,7.6,7.164,-0.01,0.02,-0.05,-0.15,10.373,9.756,-0.0645,0.0346,0.0378,0.055,-0.0067,-0.0064,24.98,24.97,19249,20039,2.406,2.505,7.218,7.515,193,193,20,20,0,0,0,0,0.28625602,0.21672769,0.28625602,0.21672769,0.32663351,0.21206208,0.32663351,0.21206208,0.50168917,0.56718917,0.10266747,0.05591874,0.19459006,-0.00123224,0.68135,0.91335,0.49402689,0.49579716,0,0,599.0,349.0,0.8635,1.0919,1,1,0
2026-09-28T22:37:15.761634+09:00,47386461,75c9d598,2026-09-28T22:37:15.761634+09:00,2026-09-28T22:37:15.803211+09:00,rail-left-01,rail-right-01,0.6.7-draft,0.6.7-draft,mqtt,mqtt,347.53,276.04,7.612,7.138,0.031,0.062,0.086,-0.266,10.445,9.679,-0.0657,0.0318,0.0434,0.0596,-0.0089,-0.0125,24.99,24.99,19279,19981,2.41,2.498,7.23,7.493,194,194,20,20,0,0,0,0,,0.1973608,,0.1973608,,0.12938351,,0.12938351,,0.61468917,,0.04858728,,-0.02491973,,0.91335,0.0,0.49708094,0,0,600.0,350.0,0.8635,1.0919,1,1,600
2026-09-28T22:37:15.781691+09:00,47406519,75c9d598,2026-09-28T22:37:15.781691+09:00,2026-09-28T22:37:15.823269+09:00,rail-left-01,rail-right-01,0.6.7-draft,0.6.7-draft,mqtt,mqtt,348.77,276.98,7.529,7.048,-0.049,-0.026,-0.043,-0.175,10.489,9.631,-0.0634,0.0318,0.0377,0.0568,-0.0079,-0.0069,24.99,24.98,19073,19782,2.384,2.473,7.152,7.418,195,195,20,20,0,0,0,0,,0.15478578,,0.15478578,,0.07507795,,0.07507795,,0.64663361,,0.04403437,,-0.03136994,,0.91335,0.0,0.49794431,0,0,601.1,351.1,0.8635,1.0919,1,1,0
2026-09-28T22:37:15.802190+09:00,47427017,75c9d598,2026-09-28T22:37:15.802190+09:00,2026-09-28T22:37:15.843767+09:00,rail-left-01,rail-right-01,0.6.7-draft,0.6.7-draft,mqtt,mqtt,350.02,277.97,7.365,6.891,0.081,0.074,0.093,-0.414,10.422,9.75,-0.0648,0.0316,0.039,0.058,-0.0083,-0.0105,24.97,24.97,18664,19432,2.333,2.429,6.999,7.287,196,196,20,20,0,0,0,0,,0.14882383,,0.14882383,,0.04733351,,0.04733351,,0.66433917,,0.03963816,,-0.03127776,,0.91335,0.0,0.49842284,0,0,602.2,352.2,0.8635,1.0919,1,1,0
2026-09-28T22:37:15.821744+09:00,47446572,75c9d598,2026-09-28T22:37:15.821744+09:00,2026-09-28T22:37:15.863322+09:00,rail-left-01,rail-right-01,0.6.7-draft,0.6.7-draft,mqtt,mqtt,351.16,278.92,7.225,6.776,-0.043,-0.075,0.166,-0.251,10.517,9.77,-0.0622,0.0358,0.0428,0.0592,-0.0097,-0.0091,24.99,24.95,18317,19178,2.29,2.397,6.869,7.192,197,197,20,20,0,0,0,0,,0.10606086,,0.10606086,,0.03508805,,0.03508805,,0.67359826,,0.03569518,,-0.02906765,,0.91335,0.0,0.49867308,0,0,603.1,353.1,0.8635,1.0919,1,1,0
2026-09-28T22:37:15.841691+09:00,47466519,75c9d598,2026-09-28T22:37:15.841691+09:00,2026-09-28T22:37:15.883269+09:00,rail-left-01,rail-right-01,0.6.7-draft,0.6.7-draft,mqtt,mqtt,352.35,279.86,7.021,6.594,0.107,0.108,-0.098,-0.147,10.324,9.84,-0.0666,0.0312,0.0396,0.0585,-0.0104,-0.0072,24.97,24.97,17809,18774,2.226,2.347,6.678,7.04,198,198,20,20,0,0,0,0,,0.11301404,,0.11301404,,0.04005017,,0.04005017,,0.67373084,,0.03152384,,-0.02480514,,0.91335,0.0,0.49867667,0,0,604.2,354.2,0.8635,1.0919,1,1,0
2026-09-28T22:37:15.861626+09:00,47486453,75c9d598,2026-09-28T22:37:15.861626+09:00,2026-09-28T22:37:15.903203+09:00,rail-left-01,rail-right-01,0.6.7-draft,0.6.7-draft,mqtt,mqtt,353.6,280.86,6.832,6.439,-0.024,-0.081,0.166,-0.244,10.502,9.677,-0.0674,0.0334,0.0466,0.0632,-0.0091,-0.002,25.0,24.98,17338,18431,2.167,2.304,6.502,6.912,199,199,20,20,0,0,0,0,,0.07817537,,0.07817537,,0.05617197,,0.05617197,,0.66788148,,0.02736706,,-0.01965045,,0.91335,0.0,0.49851857,0,0,605.2,355.2,0.8635,1.0919,1,1,0
2026-09-28T22:37:15.881659+09:00,47506486,75c9d598,2026-09-28T22:37:15.881659+09:00,2026-09-28T22:37:15.923236+09:00,rail-left-01,rail-right-01,0.6.7-draft,0.6.7-draft,mqtt,mqtt,354.79,281.8,6.668,6.332,-0.04,-0.06,0.077,-0.284,10.72,9.629,-0.0655,0.0344,0.0388,0.054,-0.0091,-0.0072,24.97,24.94,16930,18192,2.116,2.274,6.349,6.822,200,200,20,20,0,0,0,0,,0.05247975,,0.05247975,,0.07763351,,0.07763351,,0.65904631,,0.02351819,,-0.01449382,,0.91335,0.0,0.49827979,0,0,606.3,356.3,0.8635,1.0919,1,1,0
2026-09-28T22:37:15.974793+09:00,47606453,75c9d598,2026-09-28T22:37:15.974793+09:00,2026-09-28T22:37:16.054043+09:00,rail-left-01,rail-right-01,0.6.7-draft,0.6.7-draft,mqtt,mqtt,360.86,286.63,6.626,6.278,-0.077,0.038,0.004,-0.184,10.405,9.725,-0.0685,0.0338,0.0385,0.056,-0.0043,-0.0049,24.98,24.98,16826,18072,2.103,2.259,6.31,6.777,201,201,21,21,0,0,0,0,0.01518641,,0.01518641,,0.09343351,,0.09343351,,0.64998917,,0.0186105,,-0.00949066,,0.91335,,0.498035,0.0,0,0,611.5,361.5,0.8635,1.0919,1,1,0
2026-09-28T22:37:15.994995+09:00,47626655,75c9d598,2026-09-28T22:37:15.994995+09:00,2026-09-28T22:37:16.074245+09:00,rail-left-01,rail-right-01,0.6.7-draft,0.6.7-draft,mqtt,mqtt,362.05,287.62,6.337,6.185,0.097,0.036,-0.019,-0.316,10.46,9.7,-0.0701,0.0313,0.0408,0.0596,-0.0069,-0.0087,24.99,24.98,16106,17866,2.013,2.233,6.04,6.7,202,202,21,21,0,0,0,0,,,,,,,,,,,,,,,,,0.0,0.0,0,0,612.5,362.5,0.8635,1.0919,1,1,0
2026-09-28T22:37:16.014933+09:00,47646593,75c9d598,2026-09-28T22:37:16.014933+09:00,2026-09-28T22:37:16.094183+09:00,rail-left-01,rail-right-01,0.6.7-draft,0.6.7-draft,mqtt,mqtt,363.29,288.56,6.316,6.203,-0.04,-0.04,0.245,-0.215,10.441,9.626,-0.0653,0.0324,0.0388,0.0556,-0.0079,-0.006,24.97,24.97,16053,17907,2.007,2.238,6.02,6.715,203,203,21,21,0,0,0,0,,,,,,,,,,,,,,,,,0.0,0.0,0,0,613.6,363.6,0.8635,1.0919,1,1,0
2026-09-28T22:37:16.034883+09:00,47666543,75c9d598,2026-09-28T22:37:16.034883+09:00,2026-09-28T22:37:16.114132+09:00,rail-left-01,rail-right-01,0.6.7-draft,0.6.7-draft,mqtt,mqtt,364.48,289.51,6.346,6.212,0.069,0.074,0.026,-0.278,10.288,9.61,-0.0753,0.032,0.0409,0.0605,-0.0123,-0.0127,24.98,24.97,16127,17927,2.016,2.241,6.048,6.723,204,204,21,21,0,0,0,0,,,,,,,,,,,,,,,,,0.0,0.0,0,0,614.6,364.6,0.8635,1.0919,1,1,0
2026-09-28T22:37:16.054910+09:00,47686570,75c9d598,2026-09-28T22:37:16.054910+09:00,2026-09-28T22:37:16.134160+09:00,rail-left-01,rail-right-01,0.6.7-draft,0.6.7-draft,mqtt,mqtt,365.68,290.5,6.371,6.247,0.025,-0.002,-0.132,-0.195,10.592,9.552,-0.0695,0.0341,0.0404,0.0561,-0.0087,-0.0028,24.99,24.98,16191,18005,2.024,2.251,6.072,6.752,205,205,21,21,0,0,0,0,,,,,,,,,,,,,,,,,0.0,0.0,0,0,615.7,365.7,0.8635,1.0919,1,1,0
2026-09-28T22:37:16.074894+09:00,47706554,75c9d598,2026-09-28T22:37:16.074894+09:00,2026-09-28T22:37:16.154144+09:00,rail-left-01,rail-right-01,0.6.7-draft,0.6.7-draft,mqtt,mqtt,366.87,291.45,6.37,6.27,0.071,0.063,0.081,-0.273,10.42,9.951,-0.0661,0.0348,0.0397,0.0578,-0.0101,-0.0055,24.96,24.97,16188,18054,2.024,2.257,6.071,6.77,206,206,21,21,0,0,0,0,,,,,,,,,,,,,,,,,0.0,0.0,0,0,616.7,366.7,0.8635,1.0919,1,1,0
2026-09-28T22:37:16.094890+09:00,47726550,75c9d598,2026-09-28T22:37:16.094890+09:00,2026-09-28T22:37:16.174140+09:00,rail-left-01,rail-right-01,0.6.7-draft,0.6.7-draft,mqtt,mqtt,368.11,292.44,6.367,6.284,-0.008,-0.053,0.085,-0.257,10.41,9.837,-0.0649,0.034,0.0438,0.0602,-0.0089,-0.0089,24.97,24.97,16181,18086,2.023,2.261,6.068,6.782,207,207,21,21,0,0,0,0,,-0.03537681,,-0.03537681,,0.09307101,,0.09307101,,0.63197042,,0.00738963,,-0.0063317,,0.91335,0.0,0.49754801,0,0,617.8,367.8,0.8635,1.0919,1,1,0
2026-09-28T22:37:16.114847+09:00,47746507,75c9d598,2026-09-28T22:37:16.114847+09:00,2026-09-28T22:37:16.194097+09:00,rail-left-01,rail-right-01,0.6.7-draft,0.6.7-draft,mqtt,mqtt,369.31,293.39,6.339,6.302,0.004,0.038,0.001,-0.196,10.715,9.674,-0.0648,0.0316,0.0402,0.0552,-0.0081,-0.004,24.97,24.96,16111,18125,2.014,2.266,6.042,6.797,208,208,21,21,0,0,0,0,,-0.02676903,,-0.02676903,,0.09169233,,0.09169233,,0.61660093,,0.00239986,,-0.00509201,,0.91335,0.0,0.49713261,0,0,618.8,368.8,0.8635,1.0919,1,1,0
2026-09-28T22:37:16.134965+09:00,47766625,75c9d598,2026-09-28T22:37:16.134965+09:00,2026-09-28T22:37:16.214215+09:00,rail-left-01,rail-right-01,0.6.7-draft,0.6.7-draft,mqtt,mqtt,370.55,294.33,6.349,6.317,-0.001,0.011,0.13,-0.328,10.281,9.584,-0.0669,0.0333,0.039,0.0605,-0.0096,-0.0132,24.97,24.97,16135,18160,2.017,2.27,6.051,6.81,209,209,21,21,0,0,0,0,,-0.02337667,,-0.02337667,,0.08963351,,0.08963351,,0.60335584,,-0.00035436,,-0.00451467,,0.91335,0.0,0.49677464,0,0,619.9,369.9,0.8635,1.0919,1,1,0
2026-09-28T22:37:16.154833+09:00,47786493,75c9d598,2026-09-28T22:37:16.154833+09:00,2026-09-28T22:37:16.234083+09:00,rail-left-01,rail-right-01,0.6.7-draft,0.6.7-draft,mqtt,mqtt,371.74,295.33,6.351,6.336,0.001,0.016,0.059,-0.226,10.465,9.653,-0.0642,0.0349,0.0406,0.0554,-0.0057,-0.0024,24.96,24.96,16140,18202,2.018,2.275,6.053,6.826,210,210,21,21,0,0,0,0,,-0.01959812,,-0.01959812,,0.0867914,,0.0867914,,0.59200496,,-0.00203728,,-0.00428029,,0.91335,0.0,0.49646786,0,0,620.9,370.9,0.8635,1.0919,1,1,0
2026-09-28T22:37:16.318448+09:00,47915565,75c9d598,2026-09-28T22:37:16.318448+09:00,2026-09-28T22:37:16.361177+09:00,rail-left-01,rail-right-01,0.6.7-draft,0.6.7-draft,mqtt,mqtt,379.6,301.54,6.357,6.349,0.06,-0.006,0.114,-0.451,10.309,9.614,-0.0659,0.0281,0.0392,0.0566,-0.0111,-0.0104,24.97,24.98,16156,18230,2.02,2.279,6.059,6.836,211,211,22,22,0,0,0,0,,,,,,,,,,,,,,,,,0.0,0.0,0,0,627.7,377.7,0.8635,1.0919,1,1,0
2026-09-28T22:37:16.338486+09:00,47935602,75c9d598,2026-09-28T22:37:16.338486+09:00,2026-09-28T22:37:16.381214+09:00,rail-left-01,rail-right-01,0.6.7-draft,0.6.7-draft,mqtt,mqtt,380.79,302.49,6.299,6.381,0.045,0.0,0.104,-0.124,10.505,9.562,-0.0618,0.0324,0.0432,0.0566,-0.0076,-0.0076,24.97,24.99,16012,18302,2.002,2.288,6.005,6.863,212,212,22,22,0,0,0,0,,,,,,,,,,,,,,,,,0.0,0.0,0,0,628.7,378.7,0.8635,1.0919,1,1,0
2026-09-28T22:37:16.358624+09:00,47955740,75c9d598,2026-09-28T22:37:16.358624+09:00,2026-09-28T22:37:16.401352+09:00,rail-left-01,rail-right-01,0.6.7-draft,0.6.7-draft,mqtt,mqtt,382.04,303.48,6.305,6.389,-0.08,-0.077,0.18,-0.368,10.373,9.573,-0.0663,0.0325,0.0402,0.0572,-0.0115,-0.008,24.97,24.96,16025,18318,2.003,2.29,6.009,6.869,213,213,22,22,0,0,0,0,,,,,,,,,,,,,,,,,0.0,0.0,0,0,629.8,379.8,0.8635,1.0919,1,1,0
2026-09-28T22:37:16.378562+09:00,47975678,75c9d598,2026-09-28T22:37:16.378562+09:00,2026-09-28T22:37:16.421290+09:00,rail-left-01,rail-right-01,0.6.7-draft,0.6.7-draft,mqtt,mqtt,383.28,304.42,6.299,6.386,-0.006,0.014,0.019,-0.227,10.46,9.82,-0.0645,0.0284,0.0385,0.0573,-0.0111,-0.0041,25.0,24.97,16011,18312,2.001,2.289,6.004,6.867,214,214,22,22,0,0,0,0,,,,,,,,,,,,,,,,,0.0,0.0,0,0,630.9,380.9,0.8635,1.0919,1,1,0
2026-09-28T22:37:16.398673+09:00,47995789,75c9d598,2026-09-28T22:37:16.398673+09:00,2026-09-28T22:37:16.441401+09:00,rail-left-01,rail-right-01,0.6.7-draft,0.6.7-draft,mqtt,mqtt,384.47,305.42,6.288,6.397,-0.025,0.001,-0.018,-0.116,10.415,9.607,-0.0598,0.0297,0.0433,0.0593,-0.0104,-0.0055,24.97,24.98,15984,18336,1.998,2.292,5.994,6.876,215,215,22,22,0,0,0,0,,,,,,,,,,,,,,,,,0.0,0.0,0,0,631.9,381.9,0.8635,1.0919,1,1,0
2026-09-28T22:37:16.418457+09:00,48015573,75c9d598,2026-09-28T22:37:16.418457+09:00,2026-09-28T22:37:16.461185+09:00,rail-left-01,rail-right-01,0.6.7-draft,0.6.7-draft,mqtt,mqtt,385.71,306.36,6.27,6.397,0.017,0.007,0.023,-0.336,10.388,9.688,-0.0665,0.0297,0.0396,0.0552,-0.0084,-0.0027,24.96,24.97,15940,18337,1.993,2.292,5.977,6.876,216,216,22,22,0,0,0,0,,,,,,,,,,,,,,,,,0.0,0.0,0,0,633.0,383.0,0.8635,1.0919,1,1,0
2026-09-28T22:37:16.438599+09:00,48035715,75c9d598,2026-09-28T22:37:16.438599+09:00,2026-09-28T22:37:16.481327+09:00,rail-left-01,rail-right-01,0.6.7-draft,0.6.7-draft,mqtt,mqtt,386.91,307.31,6.255,6.384,-0.071,-0.066,0.127,-0.267,10.338,9.814,-0.0622,0.032,0.0381,0.0542,-0.0113,-0.0049,24.97,24.96,15901,18309,1.988,2.289,5.963,6.866,217,217,22,22,0,0,0,0,,,,,,,,,,,,,,,,,0.0,0.0,0,0,634.0,384.0,0.8635,1.0919,1,1,0
2026-09-28T22:37:16.458602+09:00,48055718,75c9d598,2026-09-28T22:37:16.458602+09:00,2026-09-28T22:37:16.501330+09:00,rail-left-01,rail-right-01,0.6.7-draft,0.6.7-draft,mqtt,mqtt,388.15,308.3,6.262,6.358,0.059,0.129,-0.146,-0.116,10.453,9.833,-0.0645,0.03,0.0369,0.0548,-0.0121,-0.0111,24.99,24.98,15920,18251,1.99,2.281,5.97,6.844,218,218,22,22,0,0,0,0,,,,,,,,,,,,,,,,,0.0,0.0,0,0,635.1,385.1,0.8635,1.0919,1,1,0
2026-09-28T22:37:16.478546+09:00,48075662,75c9d598,2026-09-28T22:37:16.478546+09:00,2026-09-28T22:37:16.521274+09:00,rail-left-01,rail-right-01,0.6.7-draft,0.6.7-draft,mqtt,mqtt,389.39,309.25,6.234,6.335,-0.15,-0.114,0.151,-0.232,10.857,9.747,-0.0613,0.029,0.0329,0.0513,-0.0087,-0.0031,24.99,24.96,15850,18199,1.981,2.275,5.944,6.825,219,219,22,22,0,0,0,0,,,,,,,,,,,,,,,,,0.0,0.0,0,0,636.1,386.1,0.8635,1.0919,1,1,0
2026-09-28T22:37:16.498768+09:00,48095884,75c9d598,2026-09-28T22:37:16.498768+09:00,2026-09-28T22:37:16.541496+09:00,rail-left-01,rail-right-01,0.6.7-draft,0.6.7-draft,mqtt,mqtt,390.64,310.24,6.238,6.289,0.086,0.043,0.077,-0.283,10.397,9.829,-0.0645,0.0268,0.0322,0.0538,-0.0101,-0.0097,24.99,25.0,15858,18098,1.982,2.262,5.947,6.787,220,220,22,22,0,0,0,0,,,,,,,,,,,,,,,,,0.0,0.0,0,0,637.2,387.2,0.8635,1.0919,1,1,0
2026-09-28T22:37:16.598793+09:00,48224483,75c9d598,2026-09-28T22:37:16.598793+09:00,2026-09-28T22:37:16.637738+09:00,rail-left-01,rail-right-01,0.6.7-draft,0.6.7-draft,mqtt,mqtt,398.49,316.46,6.228,6.265,0.087,0.107,-0.017,-0.201,10.402,9.805,-0.0632,0.0317,0.0377,0.0581,-0.0111,-0.0096,24.97,24.97,15833,18045,1.979,2.256,5.937,6.767,221,221,23,23,0,0,0,0,,,,,,,,,,,,,,,,,0.0,0.0,0,0,644.0,394.0,0.8635,1.0919,1,1,0
2026-09-28T22:37:16.618851+09:00,48244540,75c9d598,2026-09-28T22:37:16.618851+09:00,2026-09-28T22:37:16.657795+09:00,rail-left-01,rail-right-01,0.6.7-draft,0.6.7-draft,mqtt,mqtt,399.73,317.45,6.181,6.087,-0.123,-0.024,0.178,-0.091,10.332,9.82,-0.0604,0.0365,0.034,0.0514,-0.008,-0.0033,24.99,24.97,15716,17648,1.965,2.206,5.894,6.618,222,222,23,23,0,0,0,0,,,,,,,,,,,,,,,,,0.0,0.0,0,0,645.1,395.1,0.8635,1.0919,1,1,0
2026-09-28T22:37:16.638974+09:00,48264664,75c9d598,2026-09-28T22:37:16.638974+09:00,2026-09-28T22:37:16.677919+09:00,rail-left-01,rail-right-01,0.6.7-draft,0.6.7-draft,mqtt,mqtt,400.98,318.4,6.199,6.078,0.089,0.006,0.308,-0.393,10.418,9.588,-0.0654,0.0313,0.039,0.054,-0.0112,-0.0059,24.99,24.96,15761,17628,1.97,2.204,5.91,6.611,223,223,23,23,0,0,0,0,,,,,,,,,,,,,,,,,0.0,0.0,0,0,646.2,396.2,0.8635,1.0919,1,1,0
2026-09-28T22:37:16.658937+09:00,48284626,75c9d598,2026-09-28T22:37:16.658937+09:00,2026-09-28T22:37:16.697881+09:00,rail-left-01,rail-right-01,0.6.7-draft,0.6.7-draft,mqtt,mqtt,402.17,319.39,6.221,6.082,0.006,-0.017,0.069,-0.289,10.38,9.701,-0.063,0.0334,0.0396,0.0541,-0.0097,-0.0087,24.99,24.96,15816,17637,1.977,2.205,5.931,6.614,224,224,23,23,0,0,0,0,,,,,,,,,,,,,,,,,0.0,0.0,0,0,647.2,397.2,0.8635,1.0919,1,1,0
2026-09-28T22:37:16.679211+09:00,48304901,75c9d598,2026-09-28T22:37:16.679211+09:00,2026-09-28T22:37:16.718156+09:00,rail-left-01,rail-right-01,0.6.7-draft,0.6.7-draft,mqtt,mqtt,403.41,320.33,6.215,6.079,-0.104,0.001,0.099,-0.23,10.489,9.67,-0.0612,0.0322,0.0381,0.0549,-0.0091,-0.0077,24.97,24.95,15802,17632,1.975,2.204,5.926,6.612,225,225,23,23,0,0,0,0,,,,,,,,,,,,,,,,,0.0,0.0,0,0,648.3,398.3,0.8635,1.0919,1,1,0
2026-09-28T22:37:16.699201+09:00,48324891,75c9d598,2026-09-28T22:37:16.699201+09:00,2026-09-28T22:37:16.738146+09:00,rail-left-01,rail-right-01,0.6.7-draft,0.6.7-draft,mqtt,mqtt,404.66,321.33,6.206,6.058,0.081,0.069,-0.057,-0.28,10.518,10.034,-0.0592,0.0292,0.0402,0.0604,-0.0112,-0.0099,24.99,25.0,15780,17584,1.973,2.198,5.918,6.594,226,226,23,23,0,0,0,0,,,,,,,,,,,,,,,,,0.0,0.0,0,0,649.3,399.3,0.8635,1.0919,1,1,0
2026-09-28T22:37:16.718856+09:00,48344546,75c9d598,2026-09-28T22:37:16.718856+09:00,2026-09-28T22:37:16.757800+09:00,rail-left-01,rail-right-01,0.6.7-draft,0.6.7-draft,mqtt,mqtt,405.85,322.27,6.196,6.076,-0.005,-0.059,0.194,-0.306,10.624,9.713,-0.0636,0.0333,0.0425,0.0646,-0.0104,-0.0104,25.0,24.97,15754,17624,1.969,2.203,5.908,6.609,227,227,23,23,0,0,0,0,,,,,,,,,,,,,,,,,0.0,0.0,0,0,650.4,400.4,0.8635,1.0919,1,1,0
2026-09-28T22:37:16.738842+09:00,48364532,75c9d598,2026-09-28T22:37:16.738842+09:00,2026-09-28T22:37:16.777787+09:00,rail-left-01,rail-right-01,0.6.7-draft,0.6.7-draft,mqtt,mqtt,407.09,323.27,6.176,6.088,-0.001,-0.002,0.008,-0.128,10.671,9.729,-0.0665,0.0353,0.0417,0.0617,-0.0091,-0.0024,24.94,24.97,15705,17651,1.963,2.206,5.889,6.619,228,228,23,23,0,0,0,0,,,,,,,,,,,,,,,,,0.0,0.0,0,0,651.4,401.4,0.8635,1.0919,1,1,0
2026-09-28T22:37:16.758932+09:00,48384622,75c9d598,2026-09-28T22:37:16.758932+09:00,2026-09-28T22:37:16.797876+09:00,rail-left-01,rail-right-01,0.6.7-draft,0.6.7-draft,mqtt,mqtt,408.29,324.21,6.167,6.112,-0.061,-0.047,0.048,-0.169,10.417,9.596,-0.0652,0.0302,0.0406,0.0542,-0.0061,-0.0039,24.95,24.98,15682,17705,1.96,2.213,5.881,6.639,229,229,23,23,0,0,0,0,,,,,,,,,,,,,,,,,0.0,0.0,0,0,652.5,402.5,0.8635,1.0919,1,1,0
2026-09-28T22:37:16.778981+09:00,48404671,75c9d598,2026-09-28T22:37:16.778981+09:00,2026-09-28T22:37:16.817926+09:00,rail-left-01,rail-right-01,0.6.7-draft,0.6.7-draft,mqtt,mqtt,409.53,325.21,6.176,6.121,0.045,0.099,-0.038,-0.214,10.392,9.679,-0.0644,0.0324,0.0389,0.053,-0.0039,-0.0043,24.96,24.98,15706,17725,1.963,2.216,5.89,6.647,230,230,23,23,0,0,0,0,,,,,,,,,,,,,,,,,0.0,0.0,0,0,653.5,403.5,0.8635,1.0919,1,1,0
2026-09-28T22:37:16.864883+09:00,48499519,75c9d598,2026-09-28T22:37:16.864883+09:00,2026-09-28T22:37:16.906770+09:00,rail-left-01,rail-right-01,0.6.7-draft,0.6.7-draft,mqtt,mqtt,415.35,329.78,6.172,6.119,-0.083,-0.114,0.223,-0.303,10.563,9.79,-0.0576,0.0362,0.0361,0.0522,-0.0084,-0.0093,24.94,24.98,15694,17719,1.962,2.215,5.885,6.645,231,231,24,24,0,0,0,0,,,,,,,,,,,,,,,,,0.0,0.0,0,0,658.6,408.6,0.8635,1.0919,1,1,0
2026-09-28T22:37:16.885010+09:00,48519646,75c9d598,2026-09-28T22:37:16.885010+09:00,2026-09-28T22:37:16.926897+09:00,rail-left-01,rail-right-01,0.6.7-draft,0.6.7-draft,mqtt,mqtt,416.59,330.78,6.338,6.06,0.103,0.092,-0.091,-0.182,10.453,9.722,-0.0574,0.0385,0.0358,0.051,-0.0077,-0.0041,24.98,24.97,16109,17589,2.014,2.199,6.041,6.596,232,232,24,24,0,0,0,0,,,,,,,,,,,,,,,,,0.0,0.0,0,0,659.6,409.6,0.8635,1.0919,1,1,0
2026-09-28T22:37:16.905115+09:00,48539751,75c9d598,2026-09-28T22:37:16.905115+09:00,2026-09-28T22:37:16.947002+09:00,rail-left-01,rail-right-01,0.6.7-draft,0.6.7-draft,mqtt,mqtt,417.78,331.72,6.36,6.039,-0.043,-0.087,-0.004,-0.504,10.378,9.594,-0.0588,0.0252,0.0413,0.0605,-0.0115,-0.0137,24.96,24.97,16162,17542,2.02,2.193,6.061,6.578,233,233,24,24,0,0,0,0,,,,,,,,,,,,,,,,,0.0,0.0,0,0,660.7,410.7,0.8635,1.0919,1,1,0
2026-09-28T22:37:16.924977+09:00,48559613,75c9d598,2026-09-28T22:37:16.924977+09:00,2026-09-28T22:37:16.966864+09:00,rail-left-01,rail-right-01,0.6.7-draft,0.6.7-draft,mqtt,mqtt,419.03,332.66,6.347,6.071,0.051,0.086,-0.097,-0.11,10.414,9.431,-0.0586,0.0304,0.0478,0.0625,-0.0141,-0.0113,24.97,24.95,16130,17613,2.016,2.202,6.049,6.605,234,234,24,24,0,0,0,0,,,,,,,,,,,,,,,,,0.0,0.0,0,0,661.7,411.7,0.8635,1.0919,1,1,0
2026-09-28T22:37:16.945216+09:00,48579852,75c9d598,2026-09-28T22:37:16.945216+09:00,2026-09-28T22:37:16.987103+09:00,rail-left-01,rail-right-01,0.6.7-draft,0.6.7-draft,mqtt,mqtt,420.27,333.66,6.299,6.094,-0.208,-0.181,0.221,-0.195,11.048,9.644,-0.0641,0.0304,0.0388,0.0561,-0.0109,0.0044,24.98,24.96,16012,17665,2.002,2.208,6.005,6.624,235,235,24,24,0,0,0,0,,,,,,,,,,,,,,,,,0.0,0.0,0,0,662.8,412.8,0.8635,1.0919,1,1,0
2026-09-28T22:37:16.965205+09:00,48599841,75c9d598,2026-09-28T22:37:16.965205+09:00,2026-09-28T22:37:17.007092+09:00,rail-left-01,rail-right-01,0.6.7-draft,0.6.7-draft,mqtt,mqtt,421.46,334.6,6.347,6.089,0.103,0.12,-0.109,-0.189,10.71,10.111,-0.0675,0.0333,0.0309,0.0496,-0.012,-0.0047,24.96,24.96,16130,17654,2.016,2.207,6.049,6.62,236,236,24,24,0,0,0,0,,,,,,,,,,,,,,,,,0.0,0.0,0,0,663.8,413.8,0.8635,1.0919,1,1,0
2026-09-28T22:37:16.984962+09:00,48619598,75c9d598,2026-09-28T22:37:16.984962+09:00,2026-09-28T22:37:17.026849+09:00,rail-left-01,rail-right-01,0.6.7-draft,0.6.7-draft,mqtt,mqtt,422.65,335.6,6.383,6.102,0.026,-0.007,-0.022,-0.365,10.312,10.007,-0.0648,0.0308,0.0366,0.0553,-0.0091,-0.0025,24.98,24.98,16219,17683,2.027,2.21,6.082,6.631,237,237,24,24,0,0,0,0,,,,,,,,,,,,,,,,,0.0,0.0,0,0,664.9,414.9,0.8635,1.0919,1,1,0
2026-09-28T22:37:17.005007+09:00,48639643,75c9d598,2026-09-28T22:37:17.005007+09:00,2026-09-28T22:37:17.046894+09:00,rail-left-01,rail-right-01,0.6.7-draft,0.6.7-draft,mqtt,mqtt,423.9,336.54,6.399,6.096,0.034,0.013,-0.028,-0.263,10.532,9.676,-0.0648,0.0328,0.0433,0.0604,-0.0115,-0.0072,24.97,24.98,16259,17668,2.032,2.209,6.097,6.626,238,238,24,24,0,0,0,0,,,,,,,,,,,,,,,,,0.0,0.0,0,0,665.9,415.9,0.8635,1.0919,1,1,0
2026-09-28T22:37:17.024981+09:00,48659617,75c9d598,2026-09-28T22:37:17.024981+09:00,2026-09-28T22:37:17.066868+09:00,rail-left-01,rail-right-01,0.6.7-draft,0.6.7-draft,mqtt,mqtt,425.14,337.49,6.382,6.115,0.071,0.091,0.269,-0.067,10.345,9.679,-0.0597,0.034,0.0418,0.0576,-0.0081,-0.0048,24.96,24.97,16218,17712,2.027,2.214,6.082,6.642,239,239,24,24,0,0,0,0,,,,,,,,,,,,,,,,,0.0,0.0,0,0,667.0,417.0,0.8635,1.0919,1,1,0
2026-09-28T22:37:17.045029+09:00,48679665,75c9d598,2026-09-28T22:37:17.045029+09:00,2026-09-28T22:37:17.086916+09:00,rail-left-01,rail-right-01,0.6.7-draft,0.6.7-draft,mqtt,mqtt,426.33,338.48,6.377,6.129,-0.122,-0.04,-0.037,-0.224,10.33,9.766,-0.0608,0.0318,0.0462,0.0593,-0.0127,-0.0091,24.96,24.96,16204,17743,2.026,2.218,6.076,6.654,240,240,24,24,0,0,0,0,,,,,,,,,,,,,,,,,0.0,0.0,0,0,668.0,418.0,0.8635,1.0919,1,1,0
2026-09-28T22:37:17.132444+09:00,48770421,75c9d598,2026-09-28T22:37:17.132444+09:00,2026-09-28T22:37:17.220067+09:00,rail-left-01,rail-right-01,0.6.7-draft,0.6.7-draft,mqtt,mqtt,431.9,342.81,6.367,6.142,0.008,0.04,-0.081,-0.243,10.546,9.846,-0.0691,0.0333,0.0389,0.0578,-0.0084,-0.0045,24.96,24.96,16180,17770,2.023,2.221,6.068,6.664,241,241,25,25,0,0,0,0,,,,,,,,,,,,,,,,,0.0,0.0,0,0,672.9,422.9,0.8635,1.0919,1,1,0
2026-09-28T22:37:17.152564+09:00,48790541,75c9d598,2026-09-28T22:37:17.152564+09:00,2026-09-28T22:37:17.240187+09:00,rail-left-01,rail-right-01,0.6.7-draft,0.6.7-draft,mqtt,mqtt,433.15,343.8,6.349,6.197,-0.055,-0.056,0.33,-0.204,10.466,9.71,-0.0621,0.0324,0.0413,0.0556,-0.0103,-0.0051,24.97,24.98,16135,17894,2.017,2.237,6.051,6.71,242,242,25,25,0,0,0,0,,,,,,,,,,,,,,,,,0.0,0.0,0,0,673.9,423.9,0.8635,1.0919,1,1,0
2026-09-28T22:37:17.172640+09:00,48810617,75c9d598,2026-09-28T22:37:17.172640+09:00,2026-09-28T22:37:17.260263+09:00,rail-left-01,rail-right-01,0.6.7-draft,0.6.7-draft,mqtt,mqtt,434.39,344.75,6.35,6.213,0.031,0.072,-0.09,-0.356,10.341,9.505,-0.0674,0.0304,0.0409,0.0566,-0.0129,-0.0093,24.99,24.97,16139,17928,2.017,2.241,6.052,6.723,243,243,25,25,0,0,0,0,,,,,,,,,,,,,,,,,0.0,0.0,0,0,675.0,425.0,0.8635,1.0919,1,1,0
2026-09-28T22:37:17.192594+09:00,48830571,75c9d598,2026-09-28T22:37:17.192594+09:00,2026-09-28T22:37:17.280217+09:00,rail-left-01,rail-right-01,0.6.7-draft,0.6.7-draft,mqtt,mqtt,435.63,345.74,6.342,6.216,-0.03,-0.019,0.002,-0.214,10.542,9.51,-0.0657,0.0324,0.0424,0.0565,-0.0089,-0.0031,24.96,24.96,16118,17935,2.015,2.242,6.044,6.726,244,244,25,25,0,0,0,0,,,,,,,,,,,,,,,,,0.0,0.0,0,0,676.1,426.1,0.8635,1.0919,1,1,0
2026-09-28T22:37:17.212903+09:00,48850880,75c9d598,2026-09-28T22:37:17.212903+09:00,2026-09-28T22:37:17.300526+09:00,rail-left-01,rail-right-01,0.6.7-draft,0.6.7-draft,mqtt,mqtt,436.87,346.69,6.326,6.22,-0.014,-0.014,0.186,-0.266,10.598,9.753,-0.0666,0.0358,0.0386,0.0545,-0.0083,-0.0044,24.97,24.99,16079,17945,2.01,2.243,6.03,6.729,245,245,25,25,0,0,0,0,,,,,,,,,,,,,,,,,0.0,0.0,0,0,677.1,427.1,0.8635,1.0919,1,1,0
2026-09-28T22:37:17.232891+09:00,48870868,75c9d598,2026-09-28T22:37:17.232891+09:00,2026-09-28T22:37:17.320514+09:00,rail-left-01,rail-right-01,0.6.7-draft,0.6.7-draft,mqtt,mqtt,438.07,347.63,6.371,6.235,-0.017,-0.004,0.083,-0.273,10.455,9.762,-0.0713,0.0309,0.0334,0.052,-0.0097,-0.0088,24.98,24.96,16191,17978,2.024,2.247,6.072,6.742,246,246,25,25,0,0,0,0,,,,,,,,,,,,,,,,,0.0,0.0,0,0,678.2,428.2,0.8635,1.0919,1,1,0
2026-09-28T22:37:17.252460+09:00,48890437,75c9d598,2026-09-28T22:37:17.252460+09:00,2026-09-28T22:37:17.340083+09:00,rail-left-01,rail-right-01,0.6.7-draft,0.6.7-draft,mqtt,mqtt,439.31,348.57,6.411,6.235,0.061,0.036,0.077,-0.213,10.509,9.786,-0.0707,0.0344,0.0386,0.0544,-0.0089,-0.0088,24.97,24.96,16290,17977,2.036,2.247,6.109,6.741,247,247,25,25,0,0,0,0,,,,,,,,,,,,,,,,,0.0,0.0,0,0,679.3,429.3,0.8635,1.0919,1,1,0
2026-09-28T22:37:17.272580+09:00,48910557,75c9d598,2026-09-28T22:37:17.272580+09:00,2026-09-28T22:37:17.360203+09:00,rail-left-01,rail-right-01,0.6.7-draft,0.6.7-draft,mqtt,mqtt,440.5,349.57,6.442,6.249,-0.006,0.001,0.102,-0.169,10.616,9.521,-0.067,0.032,0.0433,0.0569,-0.0069,-0.0019,24.98,24.96,16368,18009,2.046,2.251,6.138,6.753,248,248,25,25,0,0,0,0,,,,,,,,,,,,,,,,,0.0,0.0,0,0,680.3,430.3,0.8635,1.0919,1,1,0
2026-09-28T22:37:17.292509+09:00,48930486,75c9d598,2026-09-28T22:37:17.292509+09:00,2026-09-28T22:37:17.380132+09:00,rail-left-01,rail-right-01,0.6.7-draft,0.6.7-draft,mqtt,mqtt,441.75,350.51,6.444,6.277,0.067,0.084,-0.06,-0.341,10.077,9.685,-0.0673,0.0325,0.0421,0.058,-0.0076,-0.0016,24.97,24.94,16371,18070,2.046,2.259,6.139,6.776,249,249,25,25,0,0,0,0,,,,,,,,,,,,,,,,,0.0,0.0,0,0,681.4,431.4,0.8635,1.0919,1,1,0
2026-09-28T22:37:17.312556+09:00,48950533,75c9d598,2026-09-28T22:37:17.312556+09:00,2026-09-28T22:37:17.400179+09:00,rail-left-01,rail-right-01,0.6.7-draft,0.6.7-draft,mqtt,mqtt,442.99,351.46,6.439,6.29,-0.005,0.038,0.174,-0.316,10.435,9.919,-0.0663,0.0336,0.0406,0.0538,-0.0051,-0.0004,24.94,24.98,16359,18100,2.045,2.263,6.135,6.788,250,250,25,25,0,0,0,0,,,,,,,,,,,,,,,,,0.0,0.0,0,0,682.4,432.4,0.8635,1.0919,1,1,0
2026-09-28T22:37:17.456534+09:00,49082584,75c9d598,2026-09-28T22:37:17.456534+09:00,2026-09-28T22:37:17.491701+09:00,rail-left-01,rail-right-01,0.6.7-draft,0.6.7-draft,mqtt,mqtt,451.04,357.82,6.451,6.304,0.05,0.109,0.093,-0.226,10.338,9.639,-0.0655,0.0336,0.0356,0.0549,-0.0079,-0.0071,24.98,24.99,16389,18130,2.049,2.266,6.146,6.799,251,251,26,26,0,0,0,0,,,,,,,,,,,,,,,,,0.0,0.0,0,0,689.4,439.4,0.8635,1.0919,1,1,0
2026-09-28T22:37:17.476696+09:00,49102746,75c9d598,2026-09-28T22:37:17.476696+09:00,2026-09-28T22:37:17.511863+09:00,rail-left-01,rail-right-01,0.6.7-draft,0.6.7-draft,mqtt,mqtt,452.29,358.77,6.502,6.363,-0.108,-0.129,0.169,-0.265,10.402,9.497,-0.0657,0.0324,0.0476,0.0601,0.0001,-0.0076,24.98,24.99,16517,18261,2.065,2.283,6.194,6.848,252,252,26,26,0,0,0,0,,,,,,,,,,,,,,,,,0.0,0.0,0,0,690.5,440.5,0.8635,1.0919,1,1,0
2026-09-28T22:37:17.496684+09:00,49122734,75c9d598,2026-09-28T22:37:17.496684+09:00,2026-09-28T22:37:17.531851+09:00,rail-left-01,rail-right-01,0.6.7-draft,0.6.7-draft,mqtt,mqtt,453.48,359.76,6.5,6.401,0.135,0.123,-0.043,-0.211,10.284,9.595,-0.0666,0.0318,0.0393,0.0561,-0.0032,-0.0063,24.95,24.97,16511,18346,2.064,2.293,6.192,6.88,253,253,26,26,0,0,0,0,,,,,,,,,,,,,,,,,0.0,0.0,0,0,691.5,441.5,0.8635,1.0919,1,1,0
2026-09-28T22:37:17.516660+09:00,49142710,75c9d598,2026-09-28T22:37:17.516660+09:00,2026-09-28T22:37:17.551827+09:00,rail-left-01,rail-right-01,0.6.7-draft,0.6.7-draft,mqtt,mqtt,454.72,360.71,6.512,6.422,-0.108,-0.166,0.11,-0.198,10.472,9.807,-0.0673,0.0322,0.0466,0.0617,-0.0068,-0.0081,24.96,24.95,16540,18393,2.068,2.299,6.203,6.897,254,254,26,26,0,0,0,0,,,,,,,,,,,,,,,,,0.0,0.0,0,0,692.6,442.6,0.8635,1.0919,1,1,0
2026-09-28T22:37:17.536737+09:00,49162787,75c9d598,2026-09-28T22:37:17.536737+09:00,2026-09-28T22:37:17.571904+09:00,rail-left-01,rail-right-01,0.6.7-draft,0.6.7-draft,mqtt,mqtt,455.97,361.65,6.504,6.457,0.144,0.18,-0.092,-0.256,10.386,9.576,-0.0637,0.0308,0.0397,0.055,-0.0041,-0.006,24.96,24.96,16522,18471,2.065,2.309,6.196,6.927,255,255,26,26,0,0,0,0,,,,,,,,,,,,,,,,,0.0,0.0,0,0,693.6,443.6,0.8635,1.0919,1,1,0
2026-09-28T22:37:17.556742+09:00,49182792,75c9d598,2026-09-28T22:37:17.556742+09:00,2026-09-28T22:37:17.591909+09:00,rail-left-01,rail-right-01,0.6.7-draft,0.6.7-draft,mqtt,mqtt,457.16,362.65,6.519,6.465,-0.092,-0.105,-0.007,-0.239,10.529,9.765,-0.0597,0.0337,0.0382,0.0577,-0.0084,-0.0083,24.99,24.98,16558,18488,2.07,2.311,6.209,6.933,256,256,26,26,0,0,0,0,,,,,,,,,,,,,,,,,0.0,0.0,0,0,694.7,444.7,0.8635,1.0919,1,1,0
2026-09-28T22:37:17.576705+09:00,49202755,75c9d598,2026-09-28T22:37:17.576705+09:00,2026-09-28T22:37:17.611872+09:00,rail-left-01,rail-right-01,0.6.7-draft,0.6.7-draft,mqtt,mqtt,458.35,363.59,6.526,6.476,0.208,0.193,0.26,-0.188,10.381,9.846,-0.0645,0.0328,0.0406,0.0588,-0.0048,-0.0033,24.99,24.97,16576,18512,2.072,2.314,6.216,6.942,257,257,26,26,0,0,0,0,,,,,,,,,,,,,,,,,0.0,0.0,0,0,695.7,445.7,0.8635,1.0919,1,1,0
2026-09-28T22:37:17.596662+09:00,49222712,75c9d598,2026-09-28T22:37:17.596662+09:00,2026-09-28T22:37:17.631829+09:00,rail-left-01,rail-right-01,0.6.7-draft,0.6.7-draft,mqtt,mqtt,459.6,364.53,6.535,6.49,-0.158,-0.189,0.075,-0.192,10.512,9.729,-0.063,0.0313,0.043,0.0561,-0.0079,-0.0057,24.96,24.97,16599,18544,2.075,2.318,6.225,6.954,258,258,26,26,0,0,0,0,,,,,,,,,,,,,,,,,0.0,0.0,0,0,696.8,446.8,0.8635,1.0919,1,1,0
2026-09-28T22:37:17.616637+09:00,49242687,75c9d598,2026-09-28T22:37:17.616637+09:00,2026-09-28T22:37:17.651804+09:00,rail-left-01,rail-right-01,0.6.7-draft,0.6.7-draft,mqtt,mqtt,460.79,365.48,6.523,6.506,0.129,0.141,0.041,-0.339,10.452,9.59,-0.0681,0.0328,0.0442,0.0574,-0.004,-0.0047,24.97,24.96,16568,18578,2.071,2.322,6.213,6.967,259,259,26,26,0,0,0,0,,,,,,,,,,,,,,,,,0.0,0.0,0,0,697.8,447.8,0.8635,1.0919,1,1,0
2026-09-28T22:37:17.636747+09:00,49262797,75c9d598,2026-09-28T22:37:17.636747+09:00,2026-09-28T22:37:17.671914+09:00,rail-left-01,rail-right-01,0.6.7-draft,0.6.7-draft,mqtt,mqtt,462.03,366.47,6.526,6.521,-0.124,-0.122,0.095,-0.348,10.4,9.561,-0.0636,0.0344,0.0406,0.0574,-0.0053,-0.0057,24.94,24.95,16577,18613,2.072,2.327,6.216,6.98,260,260,26,26,0,0,0,0,,,,,,,,,,,,,,,,,0.0,0.0,0,0,698.9,448.9,0.8635,1.0919,1,1,0
2026-09-28T22:37:17.726573+09:00,49354466,75c9d598,2026-09-28T22:37:17.726573+09:00,2026-09-28T22:37:17.805772+09:00,rail-left-01,rail-right-01,0.6.7-draft,0.6.7-draft,mqtt,mqtt,467.6,370.85,6.524,6.524,0.101,0.0,0.183,-0.286,10.432,9.541,-0.0633,0.0321,0.0424,0.0612,-0.0084,-0.008,24.98,24.97,16572,18619,2.072,2.327,6.215,6.982,261,261,27,27,0,0,0,0,,,,,,,,,,,,,,,,,0.0,0.0,0,0,703.7,453.7,0.8635,1.0919,1,1,0
2026-09-28T22:37:17.746598+09:00,49374491,75c9d598,2026-09-28T22:37:17.746598+09:00,2026-09-28T22:37:17.825797+09:00,rail-left-01,rail-right-01,0.6.7-draft,0.6.7-draft,mqtt,mqtt,468.79,371.79,6.458,6.562,0.004,-0.059,0.043,-0.093,10.274,9.667,-0.0706,0.0321,0.038,0.058,-0.0072,-0.0076,24.98,24.97,16407,18703,2.051,2.338,6.153,7.014,262,262,27,27,0,0,0,0,,,,,,,,,,,,,,,,,0.0,0.0,0,0,704.7,454.7,0.8635,1.0919,1,1,0
2026-09-28T22:37:17.766730+09:00,49394623,75c9d598,2026-09-28T22:37:17.766730+09:00,2026-09-28T22:37:17.845928+09:00,rail-left-01,rail-right-01,0.6.7-draft,0.6.7-draft,mqtt,mqtt,470.04,372.79,6.46,6.56,0.084,0.104,0.087,-0.109,10.305,9.594,-0.065,0.0301,0.0386,0.0561,-0.0052,0.0,24.97,24.98,16413,18699,2.052,2.337,6.155,7.012,263,263,27,27,0,0,0,0,,,,,,,,,,,,,,,,,0.0,0.0,0,0,705.8,455.8,0.8635,1.0919,1,1,0
2026-09-28T22:37:17.786665+09:00,49414558,75c9d598,2026-09-28T22:37:17.786665+09:00,2026-09-28T22:37:17.865863+09:00,rail-left-01,rail-right-01,0.6.7-draft,0.6.7-draft,mqtt,mqtt,471.23,373.73,6.459,6.553,-0.098,-0.038,-0.01,-0.344,10.295,9.506,-0.0686,0.0337,0.0393,0.058,-0.0067,-0.0051,24.95,24.97,16410,18683,2.051,2.335,6.154,7.006,264,264,27,27,0,0,0,0,,,,,,,,,,,,,,,,,0.0,0.0,0,0,706.8,456.8,0.8635,1.0919,1,1,0
2026-09-28T22:37:17.806769+09:00,49434662,75c9d598,2026-09-28T22:37:17.806769+09:00,2026-09-28T22:37:17.885967+09:00,rail-left-01,rail-right-01,0.6.7-draft,0.6.7-draft,mqtt,mqtt,472.47,374.68,6.461,6.566,-0.038,-0.057,0.172,-0.377,10.514,9.553,-0.0618,0.0318,0.041,0.0601,-0.0093,-0.0053,24.97,24.96,16415,18711,2.052,2.339,6.156,7.017,265,265,27,27,0,0,0,0,,,,,,,,,,,,,,,,,0.0,0.0,0,0,707.9,457.9,0.8635,1.0919,1,1,0
2026-09-28T22:37:17.826549+09:00,49454442,75c9d598,2026-09-28T22:37:17.826549+09:00,2026-09-28T22:37:17.905747+09:00,rail-left-01,rail-right-01,0.6.7-draft,0.6.7-draft,mqtt,mqtt,473.67,375.67,6.473,6.562,0.023,0.002,-0.099,-0.235,10.439,9.799,-0.0681,0.0305,0.0364,0.0536,-0.0103,-0.0079,24.98,24.96,16445,18703,2.056,2.338,6.167,7.014,266,266,27,27,0,0,0,0,,,,,,,,,,,,,,,,,0.0,0.0,0,0,708.9,458.9,0.8635,1.0919,1,1,0
2026-09-28T22:37:17.846652+09:00,49474545,75c9d598,2026-09-28T22:37:17.846652+09:00,2026-09-28T22:37:17.925850+09:00,rail-left-01,rail-right-01,0.6.7-draft,0.6.7-draft,mqtt,mqtt,474.86,376.62,6.478,6.55,0.018,0.031,0.091,-0.151,10.501,9.803,-0.067,0.0266,0.036,0.0525,-0.0072,-0.0009,24.96,24.98,16457,18676,2.057,2.335,6.171,7.003,267,267,27,27,0,0,0,0,,,,,,,,,,,,,,,,,0.0,0.0,0,0,710.0,460.0,0.8635,1.0919,1,1,0
2026-09-28T22:37:17.866607+09:00,49494500,75c9d598,2026-09-28T22:37:17.866607+09:00,2026-09-28T22:37:17.945806+09:00,rail-left-01,rail-right-01,0.6.7-draft,0.6.7-draft,mqtt,mqtt,476.1,377.56,6.5,6.527,-0.139,-0.053,0.048,-0.414,10.493,9.567,-0.0659,0.0254,0.0356,0.048,-0.0085,-0.0093,24.97,24.99,16512,18625,2.064,2.328,6.192,6.984,268,268,27,27,0,0,0,0,,,,,,,,,,,,,,,,,0.0,0.0,0,0,711.0,461.0,0.8635,1.0919,1,1,0
2026-09-28T22:37:17.886722+09:00,49514615,75c9d598,2026-09-28T22:37:17.886722+09:00,2026-09-28T22:37:17.965921+09:00,rail-left-01,rail-right-01,0.6.7-draft,0.6.7-draft,mqtt,mqtt,477.3,378.55,6.493,6.482,0.06,0.108,-0.061,-0.357,10.54,9.523,-0.069,0.0246,0.0326,0.0496,-0.0025,-0.0032,25.0,24.96,16493,18526,2.062,2.316,6.185,6.947,269,269,27,27,0,0,0,0,,,,,,,,,,,,,,,,,0.0,0.0,0,0,712.1,462.1,0.8635,1.0919,1,1,0
2026-09-28T22:37:17.906592+09:00,49534485,75c9d598,2026-09-28T22:37:17.906592+09:00,2026-09-28T22:37:17.985790+09:00,rail-left-01,rail-right-01,0.6.7-draft,0.6.7-draft,mqtt,mqtt,478.54,379.5,6.47,6.441,-0.093,-0.087,0.175,-0.256,10.479,9.768,-0.0711,0.0336,0.0438,0.061,-0.0091,-0.0097,24.99,24.97,16436,18434,2.055,2.304,6.164,6.913,270,270,27,27,0,0,0,0,,,,,,,,,,,,,,,,,0.0,0.0,0,0,713.1,463.1,0.8635,1.0919,1,1,0
2026-09-28T22:37:18.029011+09:00,49667571,75c9d598,2026-09-28T22:37:18.029011+09:00,2026-09-28T22:37:18.110306+09:00,rail-left-01,rail-right-01,0.6.7-draft,0.6.7-draft,mqtt,mqtt,486.59,385.91,6.457,6.446,0.037,-0.023,0.055,-0.2,10.386,9.831,-0.0661,0.0304,0.0394,0.0554,-0.0007,-0.0031,24.98,24.97,16405,18446,2.051,2.306,6.152,6.917,271,271,28,28,0,0,0,0,,,,,,,,,,,,,,,,,0.0,0.0,0,0,720.1,470.1,0.8635,1.0919,1,1,0
2026-09-28T22:37:18.049009+09:00,49687568,75c9d598,2026-09-28T22:37:18.049009+09:00,2026-09-28T22:37:18.130303+09:00,rail-left-01,rail-right-01,0.6.7-draft,0.6.7-draft,mqtt,mqtt,487.84,386.91,6.549,6.402,0.051,0.025,0.02,-0.382,10.512,9.662,-0.0667,0.0296,0.0376,0.0577,-0.0072,-0.0059,24.97,24.96,16634,18348,2.079,2.294,6.238,6.881,272,272,28,28,0,0,0,0,,,,,,,,,,,,,,,,,0.0,0.0,0,0,721.2,471.2,0.8635,1.0919,1,1,0
2026-09-28T22:37:18.068952+09:00,49707511,75c9d598,2026-09-28T22:37:18.068952+09:00,2026-09-28T22:37:18.150246+09:00,rail-left-01,rail-right-01,0.6.7-draft,0.6.7-draft,mqtt,mqtt,489.03,387.85,6.523,6.389,-0.01,-0.081,0.084,-0.317,10.557,9.533,-0.0671,0.0381,0.0373,0.0549,-0.0069,-0.0005,24.98,24.97,16569,18320,2.071,2.29,6.213,6.87,273,273,28,28,0,0,0,0,,,,,,,,,,,,,,,,,0.0,0.0,0,0,722.2,472.2,0.8635,1.0919,1,1,0
2026-09-28T22:37:18.088900+09:00,49727459,75c9d598,2026-09-28T22:37:18.088900+09:00,2026-09-28T22:37:18.170194+09:00,rail-left-01,rail-right-01,0.6.7-draft,0.6.7-draft,mqtt,mqtt,490.27,388.8,6.522,6.364,0.025,0.013,0.006,-0.316,10.313,9.815,-0.065,0.0361,0.0314,0.0518,-0.0088,-0.0065,24.96,24.97,16565,18264,2.071,2.283,6.212,6.849,274,274,28,28,0,0,0,0,,,,,,,,,,,,,,,,,0.0,0.0,0,0,723.3,473.3,0.8635,1.0919,1,1,0
2026-09-28T22:37:18.108946+09:00,49747505,75c9d598,2026-09-28T22:37:18.108946+09:00,2026-09-28T22:37:18.190240+09:00,rail-left-01,rail-right-01,0.6.7-draft,0.6.7-draft,mqtt,mqtt,491.47,389.79,6.543,6.329,0.032,0.075,-0.062,0.038,10.596,10.008,-0.0633,0.0354,0.0354,0.0548,-0.0085,-0.0088,24.99,24.97,16619,18186,2.077,2.273,6.232,6.82,275,275,28,28,0,0,0,0,,,,,,,,,,,,,,,,,0.0,0.0,0,0,724.3,474.3,0.8635,1.0919,1,1,0
2026-09-28T22:37:18.128956+09:00,49767516,75c9d598,2026-09-28T22:37:18.128956+09:00,2026-09-28T22:37:18.210251+09:00,rail-left-01,rail-right-01,0.6.7-draft,0.6.7-draft,mqtt,mqtt,492.71,390.74,6.556,6.335,-0.022,0.093,0.031,-0.212,10.458,9.758,-0.0661,0.0308,0.0394,0.0565,-0.0061,-0.0027,24.98,24.97,16650,18200,2.081,2.275,6.244,6.825,276,276,28,28,0,0,0,0,,,,,,,,,,,,,,,,,0.0,0.0,0,0,725.4,475.4,0.8635,1.0919,1,1,0
2026-09-28T22:37:18.149036+09:00,49787595,75c9d598,2026-09-28T22:37:18.149036+09:00,2026-09-28T22:37:18.230330+09:00,rail-left-01,rail-right-01,0.6.7-draft,0.6.7-draft,mqtt,mqtt,493.9,391.73,6.557,6.335,-0.199,-0.184,0.141,-0.281,10.453,9.56,-0.0655,0.033,0.0397,0.0538,-0.0019,-0.0051,24.97,24.98,16652,18200,2.082,2.275,6.245,6.825,277,277,28,28,0,0,0,0,,,,,,,,,,,,,,,,,0.0,0.0,0,0,726.4,476.4,0.8635,1.0919,1,1,0
2026-09-28T22:37:18.169074+09:00,49807633,75c9d598,2026-09-28T22:37:18.169074+09:00,2026-09-28T22:37:18.250368+09:00,rail-left-01,rail-right-01,0.6.7-draft,0.6.7-draft,mqtt,mqtt,495.14,392.67,6.557,6.328,0.109,0.175,-0.005,-0.231,10.423,9.676,-0.0642,0.0308,0.0426,0.0557,-0.0043,-0.0048,24.99,25.0,16654,18184,2.082,2.273,6.245,6.819,278,278,28,28,0,0,0,0,,,,,,,,,,,,,,,,,0.0,0.0,0,0,727.5,477.5,0.8635,1.0919,1,1,0
2026-09-28T22:37:18.189039+09:00,49827599,75c9d598,2026-09-28T22:37:18.189039+09:00,2026-09-28T22:37:18.270334+09:00,rail-left-01,rail-right-01,0.6.7-draft,0.6.7-draft,mqtt,mqtt,496.34,393.67,6.553,6.33,-0.062,-0.016,-0.055,-0.229,10.521,9.84,-0.0638,0.033,0.0368,0.0549,-0.0031,-0.0009,24.97,24.99,16644,18188,2.081,2.274,6.242,6.821,279,279,28,28,0,0,0,0,,,,,,,,,,,,,,,,,0.0,0.0,0,0,728.5,478.5,0.8635,1.0919,1,1,0
2026-09-28T22:37:18.209460+09:00,49848020,75c9d598,2026-09-28T22:37:18.209460+09:00,2026-09-28T22:37:18.290755+09:00,rail-left-01,rail-right-01,0.6.7-draft,0.6.7-draft,mqtt,mqtt,497.58,394.66,6.56,6.324,0.006,0.026,0.136,-0.345,10.46,9.94,-0.0616,0.0316,0.0345,0.0545,-0.0075,-0.0059,25.02,24.97,16660,18174,2.082,2.272,6.247,6.815,280,280,28,28,0,0,0,0,,,,,,,,,,,,,,,,,0.0,0.0,0,0,729.6,479.6,0.8635,1.0919,1,1,0
2026-09-28T22:37:18.344598+09:00,49972482,75c9d598,2026-09-28T22:37:18.344598+09:00,2026-09-28T22:37:18.421158+09:00,rail-left-01,rail-right-01,0.6.7-draft,0.6.7-draft,mqtt,mqtt,505.14,400.63,6.556,6.32,-0.061,-0.061,0.133,-0.153,10.617,9.869,-0.063,0.0334,0.0346,0.0501,-0.006,-0.0032,24.98,24.98,16651,18166,2.081,2.271,6.244,6.812,281,281,29,29,0,0,0,0,,,,,,,,,,,,,,,,,0.0,0.0,0,0,736.1,486.1,0.8635,1.0919,1,1,0
2026-09-28T22:37:18.364676+09:00,49992560,75c9d598,2026-09-28T22:37:18.364676+09:00,2026-09-28T22:37:18.441236+09:00,rail-left-01,rail-right-01,0.6.7-draft,0.6.7-draft,mqtt,mqtt,506.38,401.62,6.718,6.314,0.016,0.037,0.005,-0.329,10.399,9.746,-0.0614,0.0281,0.0349,0.0541,-0.01,-0.0093,24.97,24.97,17054,18152,2.132,2.269,6.395,6.807,282,282,29,29,0,0,0,0,,,,,,,,,,,,,,,,,0.0,0.0,0,0,737.2,487.2,0.8635,1.0919,1,1,0
2026-09-28T22:37:18.384623+09:00,50012507,75c9d598,2026-09-28T22:37:18.384623+09:00,2026-09-28T22:37:18.461184+09:00,rail-left-01,rail-right-01,0.6.7-draft,0.6.7-draft,mqtt,mqtt,507.57,402.57,6.712,6.31,0.036,0.089,0.026,-0.448,10.33,9.396,-0.0628,0.033,0.0448,0.0628,-0.0101,-0.0044,24.96,24.97,17040,18143,2.13,2.268,6.39,6.804,283,283,29,29,0,0,0,0,,,,,,,,,,,,,,,,,0.0,0.0,0,0,738.2,488.2,0.8635,1.0919,1,1,0
2026-09-28T22:37:18.404738+09:00,50032622,75c9d598,2026-09-28T22:37:18.404738+09:00,2026-09-28T22:37:18.481298+09:00,rail-left-01,rail-right-01,0.6.7-draft,0.6.7-draft,mqtt,mqtt,508.82,403.51,6.693,6.317,0.024,0.014,0.037,-0.205,10.111,9.658,-0.0669,0.032,0.0368,0.0529,-0.0076,-0.0068,24.97,24.99,16993,18159,2.124,2.27,6.372,6.81,284,284,29,29,0,0,0,0,,,,,,,,,,,,,,,,,0.0,0.0,0,0,739.3,489.3,0.8635,1.0919,1,1,0
2026-09-28T22:37:18.425104+09:00,50052988,75c9d598,2026-09-28T22:37:18.425104+09:00,2026-09-28T22:37:18.501664+09:00,rail-left-01,rail-right-01,0.6.7-draft,0.6.7-draft,mqtt,mqtt,510.01,404.51,6.708,6.316,-0.059,-0.059,0.069,-0.133,10.347,9.653,-0.0657,0.0316,0.0384,0.057,-0.0099,-0.0067,24.97,24.99,17029,18156,2.129,2.27,6.386,6.809,285,285,29,29,0,0,0,0,,,,,,,,,,,,,,,,,0.0,0.0,0,0,740.3,490.3,0.8635,1.0919,1,1,0
2026-09-28T22:37:18.444756+09:00,50072640,75c9d598,2026-09-28T22:37:18.444756+09:00,2026-09-28T22:37:18.521317+09:00,rail-left-01,rail-right-01,0.6.7-draft,0.6.7-draft,mqtt,mqtt,511.25,405.45,6.714,6.326,-0.101,-0.02,0.224,-0.35,10.836,9.677,-0.0653,0.0348,0.0357,0.0506,-0.0123,-0.0025,24.98,24.98,17044,18180,2.131,2.273,6.392,6.818,286,286,29,29,0,0,0,0,,,,,,,,,,,,,,,,,0.0,0.0,0,0,741.4,491.4,0.8635,1.0919,1,1,0
2026-09-28T22:37:18.464681+09:00,50092565,75c9d598,2026-09-28T22:37:18.464681+09:00,2026-09-28T22:37:18.541241+09:00,rail-left-01,rail-right-01,0.6.7-draft,0.6.7-draft,mqtt,mqtt,512.45,406.4,6.763,6.325,0.067,0.09,-0.086,-0.221,10.499,9.949,-0.0678,0.0364,0.0313,0.0489,-0.0127,-0.0105,24.98,24.98,17167,18177,2.146,2.272,6.438,6.816,287,287,29,29,0,0,0,0,,,,,,,,,,,,,,,,,0.0,0.0,0,0,742.4,492.4,0.8635,1.0919,1,1,0
2026-09-28T22:37:18.484657+09:00,50112541,75c9d598,2026-09-28T22:37:18.484657+09:00,2026-09-28T22:37:18.561218+09:00,rail-left-01,rail-right-01,0.6.7-draft,0.6.7-draft,mqtt,mqtt,513.64,407.39,6.811,6.326,0.017,-0.06,0.11,-0.309,10.397,9.893,-0.0675,0.0353,0.0396,0.0576,-0.0111,-0.01,24.99,24.95,17285,18180,2.161,2.273,6.482,6.818,288,288,29,29,0,0,0,0,,,,,,,,,,,,,,,,,0.0,0.0,0,0,743.4,493.4,0.8635,1.0919,1,1,0
2026-09-28T22:37:18.504619+09:00,50132503,75c9d598,2026-09-28T22:37:18.504619+09:00,2026-09-28T22:37:18.581179+09:00,rail-left-01,rail-right-01,0.6.7-draft,0.6.7-draft,mqtt,mqtt,514.88,408.34,6.823,6.331,-0.024,0.023,0.059,-0.157,10.452,9.73,-0.0654,0.0321,0.039,0.0552,-0.0088,-0.0108,24.95,24.98,17315,18190,2.164,2.274,6.493,6.821,289,289,29,29,0,0,0,0,,,,,,,,,,,,,,,,,0.0,0.0,0,0,744.5,494.5,0.8635,1.0919,1,1,0
2026-09-28T22:37:18.524648+09:00,50152532,75c9d598,2026-09-28T22:37:18.524648+09:00,2026-09-28T22:37:18.601208+09:00,rail-left-01,rail-right-01,0.6.7-draft,0.6.7-draft,mqtt,mqtt,516.08,409.28,6.817,6.34,-0.079,-0.012,0.22,-0.255,10.434,9.61,-0.0637,0.0349,0.0408,0.0573,-0.0057,-0.0031,24.97,24.98,17301,18210,2.163,2.276,6.488,6.829,290,290,29,29,0,0,0,0,,,,,,,,,,,,,,,,,0.0,0.0,0,0,745.6,495.6,0.8635,1.0919,1,1,0
2026-09-28T22:37:18.647335+09:00,50283426,75c9d598,2026-09-28T22:37:18.647335+09:00,2026-09-28T22:37:18.707666+09:00,rail-left-01,rail-right-01,0.6.7-draft,0.6.7-draft,mqtt,mqtt,524.03,415.59,6.82,6.341,0.187,0.09,-0.04,-0.086,10.403,9.78,-0.0665,0.034,0.0432,0.0624,-0.01,-0.0105,24.99,24.97,17308,18212,2.164,2.277,6.491,6.83,291,291,30,30,0,0,0,0,,,,,,,,,,,,,,,,,0.0,0.0,0,0,752.4,502.4,0.8635,1.0919,1,1,0
2026-09-28T22:37:18.667774+09:00,50303865,75c9d598,2026-09-28T22:37:18.667774+09:00,2026-09-28T22:37:18.728105+09:00,rail-left-01,rail-right-01,0.6.7-draft,0.6.7-draft,mqtt,mqtt,525.27,416.54,6.739,6.369,-0.091,-0.06,0.157,-0.213,10.643,9.767,-0.0665,0.0334,0.0421,0.0586,-0.008,-0.0016,24.98,24.97,17107,18274,2.138,2.284,6.415,6.853,292,292,30,30,0,0,0,0,,,,,,,,,,,,,,,,,0.0,0.0,0,0,753.5,503.5,0.8635,1.0919,1,1,0
2026-09-28T22:37:18.687369+09:00,50323459,75c9d598,2026-09-28T22:37:18.687369+09:00,2026-09-28T22:37:18.747699+09:00,rail-left-01,rail-right-01,0.6.7-draft,0.6.7-draft,mqtt,mqtt,526.47,417.48,6.71,6.378,-0.01,0.008,0.014,-0.214,10.508,9.825,-0.0621,0.0293,0.0406,0.0588,-0.0112,-0.0108,24.97,24.99,17033,18294,2.129,2.287,6.387,6.86,293,293,30,30,0,0,0,0,,,,,,,,,,,,,,,,,0.0,0.0,0,0,754.5,504.5,0.8635,1.0919,1,1,0
2026-09-28T22:37:18.707490+09:00,50343580,75c9d598,2026-09-28T22:37:18.707490+09:00,2026-09-28T22:37:18.767820+09:00,rail-left-01,rail-right-01,0.6.7-draft,0.6.7-draft,mqtt,mqtt,527.71,418.48,6.689,6.393,0.022,-0.01,0.069,-0.221,10.41,9.644,-0.0678,0.0361,0.0453,0.0646,-0.0087,-0.0056,24.99,24.98,16981,18328,2.123,2.291,6.368,6.873,294,294,30,30,0,0,0,0,,,,,,,,,,,,,,,,,0.0,0.0,0,0,755.6,505.6,0.8635,1.0919,1,1,0
2026-09-28T22:37:18.727868+09:00,50363959,75c9d598,2026-09-28T22:37:18.727868+09:00,2026-09-28T22:37:18.788199+09:00,rail-left-01,rail-right-01,0.6.7-draft,0.6.7-draft,mqtt,mqtt,528.95,419.47,6.667,6.415,-0.045,-0.086,0.018,-0.267,10.534,9.773,-0.0655,0.0344,0.0428,0.0596,-0.0077,-0.0077,24.97,24.97,16926,18377,2.116,2.297,6.347,6.891,295,295,30,30,0,0,0,0,,,,,,,,,,,,,,,,,0.0,0.0,0,0,756.7,506.7,0.8635,1.0919,1,1,0
2026-09-28T22:37:18.748080+09:00,50384170,75c9d598,2026-09-28T22:37:18.748080+09:00,2026-09-28T22:37:18.808410+09:00,rail-left-01,rail-right-01,0.6.7-draft,0.6.7-draft,mqtt,mqtt,530.2,420.42,6.655,6.419,0.026,0.048,-0.068,-0.279,10.382,9.924,-0.0699,0.0338,0.0405,0.0598,-0.0071,-0.0064,24.96,24.97,16896,18386,2.112,2.298,6.336,6.895,296,296,30,30,0,0,0,0,,,,,,,,,,,,,,,,,0.0,0.0,0,0,757.7,507.7,0.8635,1.0919,1,1,0
2026-09-28T22:37:18.767393+09:00,50403483,75c9d598,2026-09-28T22:37:18.767393+09:00,2026-09-28T22:37:18.827724+09:00,rail-left-01,rail-right-01,0.6.7-draft,0.6.7-draft,mqtt,mqtt,531.34,421.36,6.637,6.425,-0.038,0.017,0.285,-0.148,10.303,9.559,-0.0628,0.0333,0.0426,0.0565,-0.0072,-0.0069,24.99,24.99,16852,18400,2.107,2.3,6.32,6.9,297,297,30,30,0,0,0,0,,,,,,,,,,,,,,,,,0.0,0.0,0,0,758.7,508.7,0.8635,1.0919,1,1,0
2026-09-28T22:37:18.787340+09:00,50423431,75c9d598,2026-09-28T22:37:18.787340+09:00,2026-09-28T22:37:18.847671+09:00,rail-left-01,rail-right-01,0.6.7-draft,0.6.7-draft,mqtt,mqtt,532.58,422.31,6.612,6.432,-0.032,0.008,-0.128,-0.271,10.574,9.681,-0.0654,0.0358,0.0421,0.0605,-0.0097,-0.0124,24.98,24.96,16790,18414,2.099,2.302,6.296,6.905,298,298,30,30,0,0,0,0,,,,,,,,,,,,,,,,,0.0,0.0,0,0,759.8,509.8,0.8635,1.0919,1,1,0
2026-09-28T22:37:18.807471+09:00,50443561,75c9d598,2026-09-28T22:37:18.807471+09:00,2026-09-28T22:37:18.867801+09:00,rail-left-01,rail-right-01,0.6.7-draft,0.6.7-draft,mqtt,mqtt,533.78,423.3,6.591,6.444,0.02,0.025,0.028,-0.166,10.454,9.701,-0.065,0.0341,0.043,0.0608,-0.0073,-0.0048,24.98,24.97,16739,18440,2.092,2.305,6.277,6.915,299,299,30,30,0,0,0,0,,,,,,,,,,,,,,,,,0.0,0.0,0,0,760.8,510.8,0.8635,1.0919,1,1,0
2026-09-28T22:37:18.827347+09:00,50463438,75c9d598,2026-09-28T22:37:18.827347+09:00,2026-09-28T22:37:18.887678+09:00,rail-left-01,rail-right-01,0.6.7-draft,0.6.7-draft,mqtt,mqtt,535.02,424.25,6.568,6.464,-0.011,0.081,0.117,-0.239,10.499,9.926,-0.0667,0.0334,0.0412,0.0585,-0.0111,-0.0092,24.97,24.96,16681,18486,2.085,2.311,6.255,6.932,300,300,30,30,0,0,0,0,,,,,,,,,,,,,,,,,0.0,0.0,0,0,761.9,511.9,0.8635,1.0919,1,1,0
2026-09-28T22:37:18.940902+09:00,50570555,75c9d598,2026-09-28T22:37:18.940902+09:00,2026-09-28T22:37:19.024840+09:00,rail-left-01,rail-right-01,0.6.7-draft,0.6.7-draft,mqtt,mqtt,541.48,429.42,6.565,6.472,0.025,-0.038,0.146,-0.421,10.438,9.477,-0.0617,0.0342,0.044,0.0581,-0.0105,-0.0052,24.98,25.0,16673,18504,2.084,2.313,6.252,6.939,301,301,31,31,0,0,0,0,,,,,,,,,,,,,,,,,0.0,0.0,0,0,767.5,517.5,0.8635,1.0919,1,1,0
2026-09-28T22:37:18.961037+09:00,50590689,75c9d598,2026-09-28T22:37:18.961037+09:00,2026-09-28T22:37:19.044974+09:00,rail-left-01,rail-right-01,0.6.7-draft,0.6.7-draft,mqtt,mqtt,542.72,430.36,6.499,6.537,-0.019,-0.028,0.026,-0.283,10.5,9.714,-0.0667,0.0296,0.039,0.0592,-0.0081,-0.0041,24.98,24.98,16509,18648,2.064,2.331,6.191,6.993,302,302,31,31,0,0,0,0,,,,,,,,,,,,,,,,,0.0,0.0,0,0,768.6,518.6,0.8635,1.0919,1,1,0
2026-09-28T22:37:18.981022+09:00,50610674,75c9d598,2026-09-28T22:37:18.981022+09:00,2026-09-28T22:37:19.064959+09:00,rail-left-01,rail-right-01,0.6.7-draft,0.6.7-draft,mqtt,mqtt,543.92,431.31,6.49,6.541,-0.062,-0.034,-0.007,-0.229,10.481,9.771,-0.0602,0.0309,0.041,0.0578,-0.0112,-0.0037,24.97,24.98,16487,18656,2.061,2.332,6.183,6.996,303,303,31,31,0,0,0,0,,,,,,,,,,,,,,,,,0.0,0.0,0,0,769.6,519.6,0.8635,1.0919,1,1,0
2026-09-28T22:37:19.000973+09:00,50630626,75c9d598,2026-09-28T22:37:19.000973+09:00,2026-09-28T22:37:19.084911+09:00,rail-left-01,rail-right-01,0.6.7-draft,0.6.7-draft,mqtt,mqtt,545.16,432.3,6.478,6.539,0.056,0.074,0.092,-0.159,10.449,9.81,-0.0626,0.0333,0.0394,0.0562,-0.0091,-0.0059,24.99,24.96,16457,18651,2.057,2.331,6.171,6.994,304,304,31,31,0,0,0,0,,,,,,,,,,,,,,,,,0.0,0.0,0,0,770.7,520.7,0.8635,1.0919,1,1,0
2026-09-28T22:37:19.021007+09:00,50650659,75c9d598,2026-09-28T22:37:19.021007+09:00,2026-09-28T22:37:19.104944+09:00,rail-left-01,rail-right-01,0.6.7-draft,0.6.7-draft,mqtt,mqtt,546.35,433.24,6.463,6.549,-0.047,-0.055,0.226,-0.117,10.274,9.5,-0.058,0.0328,0.0429,0.0602,-0.0115,-0.0065,24.98,24.97,16420,18675,2.053,2.334,6.158,7.003,305,305,31,31,0,0,0,0,,,,,,,,,,,,,,,,,0.0,0.0,0,0,771.7,521.7,0.8635,1.0919,1,1,0
2026-09-28T22:37:19.040979+09:00,50670631,75c9d598,2026-09-28T22:37:19.040979+09:00,2026-09-28T22:37:19.124916+09:00,rail-left-01,rail-right-01,0.6.7-draft,0.6.7-draft,mqtt,mqtt,547.6,434.24,6.458,6.562,0.092,0.026,0.012,-0.274,10.488,9.522,-0.0669,0.0333,0.0408,0.0578,-0.0099,-0.0035,24.98,24.96,16408,18704,2.051,2.338,6.153,7.014,306,306,31,31,0,0,0,0,,,,,,,,,,,,,,,,,0.0,0.0,0,0,772.8,522.8,0.8635,1.0919,1,1,0
2026-09-28T22:37:19.061049+09:00,50690701,75c9d598,2026-09-28T22:37:19.061049+09:00,2026-09-28T22:37:19.144986+09:00,rail-left-01,rail-right-01,0.6.7-draft,0.6.7-draft,mqtt,mqtt,548.79,435.18,6.462,6.558,-0.05,0.016,0.274,-0.16,10.318,9.811,-0.0653,0.0309,0.0368,0.0529,-0.0084,-0.0056,24.99,24.97,16416,18694,2.052,2.337,6.156,7.01,307,307,31,31,0,0,0,0,,,,,,,,,,,,,,,,,0.0,0.0,0,0,773.8,523.8,0.8635,1.0919,1,1,0
2026-09-28T22:37:19.081073+09:00,50710726,75c9d598,2026-09-28T22:37:19.081073+09:00,2026-09-28T22:37:19.165011+09:00,rail-left-01,rail-right-01,0.6.7-draft,0.6.7-draft,mqtt,mqtt,550.03,436.13,6.493,6.572,-0.026,-0.022,0.107,-0.308,10.4,9.679,-0.0648,0.0297,0.0377,0.0592,-0.012,-0.0115,24.98,24.97,16493,18724,2.062,2.341,6.185,7.022,308,308,31,31,0,0,0,0,,,,,,,,,,,,,,,,,0.0,0.0,0,0,774.9,524.9,0.8635,1.0919,1,1,0
2026-09-28T22:37:19.101027+09:00,50730679,75c9d598,2026-09-28T22:37:19.101027+09:00,2026-09-28T22:37:19.184964+09:00,rail-left-01,rail-right-01,0.6.7-draft,0.6.7-draft,mqtt,mqtt,551.23,437.12,6.476,6.57,0.049,-0.037,0.059,-0.4,10.649,9.686,-0.0626,0.0276,0.0377,0.0589,-0.0103,-0.0029,24.99,24.98,16451,18720,2.056,2.34,6.169,7.02,309,309,31,31,0,0,0,0,,,,,,,,,,,,,,,,,0.0,0.0,0,0,775.9,525.9,0.8635,1.0919,1,1,0
2026-09-28T22:37:19.121067+09:00,50750719,75c9d598,2026-09-28T22:37:19.121067+09:00,2026-09-28T22:37:19.205004+09:00,rail-left-01,rail-right-01,0.6.7-draft,0.6.7-draft,mqtt,mqtt,552.47,438.07,6.463,6.577,-0.016,-0.035,-0.135,-0.165,10.428,9.597,-0.0621,0.0304,0.0442,0.0593,-0.0113,-0.006,24.96,24.96,16420,18736,2.053,2.342,6.158,7.026,310,310,31,31,0,0,0,0,,,,,,,,,,,,,,,,,0.0,0.0,0,0,777.0,527.0,0.8635,1.0919,1,1,0
2026-09-28T22:37:19.253439+09:00,50892507,75c9d598,2026-09-28T22:37:19.253439+09:00,2026-09-28T22:37:19.342991+09:00,rail-left-01,rail-right-01,0.6.7-draft,0.6.7-draft,mqtt,mqtt,561.07,444.88,6.457,6.578,0.176,0.061,0.111,-0.303,10.452,9.861,-0.0625,0.0329,0.0405,0.0594,-0.0099,-0.0083,24.98,24.98,16404,18739,2.051,2.342,6.152,7.027,311,311,32,32,0,0,0,0,,,,,,,,,,,,,,,,,0.0,0.0,0,0,784.4,534.4,0.8635,1.0919,1,1,0
2026-09-28T22:37:19.273564+09:00,50912633,75c9d598,2026-09-28T22:37:19.273564+09:00,2026-09-28T22:37:19.363117+09:00,rail-left-01,rail-right-01,0.6.7-draft,0.6.7-draft,mqtt,mqtt,562.31,445.87,6.446,6.466,-0.017,0.002,0.127,-0.34,10.447,9.487,-0.0663,0.0337,0.0409,0.0541,-0.0087,-0.0063,24.99,24.99,16376,18491,2.047,2.311,6.141,6.934,312,312,32,32,0,0,0,0,,,,,,,,,,,,,,,,,0.0,0.0,0,0,785.5,535.5,0.8635,1.0919,1,1,0
2026-09-28T22:37:19.293538+09:00,50932606,75c9d598,2026-09-28T22:37:19.293538+09:00,2026-09-28T22:37:19.383090+09:00,rail-left-01,rail-right-01,0.6.7-draft,0.6.7-draft,mqtt,mqtt,563.51,446.82,6.447,6.466,-0.045,-0.023,0.084,-0.274,10.536,9.524,-0.0629,0.0306,0.0389,0.057,-0.0079,-0.0088,24.97,24.99,16380,18489,2.048,2.311,6.143,6.933,313,313,32,32,0,0,0,0,,,,,,,,,,,,,,,,,0.0,0.0,0,0,786.5,536.5,0.8635,1.0919,1,1,0
2026-09-28T22:37:19.313524+09:00,50952592,75c9d598,2026-09-28T22:37:19.313524+09:00,2026-09-28T22:37:19.403076+09:00,rail-left-01,rail-right-01,0.6.7-draft,0.6.7-draft,mqtt,mqtt,564.75,447.76,6.442,6.456,0.029,0.073,0.073,-0.079,10.271,9.774,-0.0625,0.0306,0.0328,0.0536,-0.0048,-0.0035,24.97,24.97,16366,18468,2.046,2.309,6.137,6.925,314,314,32,32,0,0,0,0,,,,,,,,,,,,,,,,,0.0,0.0,0,0,787.6,537.6,0.8635,1.0919,1,1,0
2026-09-28T22:37:19.333579+09:00,50972647,75c9d598,2026-09-28T22:37:19.333579+09:00,2026-09-28T22:37:19.423131+09:00,rail-left-01,rail-right-01,0.6.7-draft,0.6.7-draft,mqtt,mqtt,565.94,448.76,6.427,6.437,-0.11,-0.153,0.29,-0.294,10.582,9.863,-0.0601,0.0344,0.0409,0.0538,-0.0112,-0.0008,24.99,24.97,16330,18426,2.041,2.303,6.124,6.91,315,315,32,32,0,0,0,0,,,,,,,,,,,,,,,,,0.0,0.0,0,0,788.6,538.6,0.8635,1.0919,1,1,0
2026-09-28T22:37:19.353587+09:00,50992655,75c9d598,2026-09-28T22:37:19.353587+09:00,2026-09-28T22:37:19.443139+09:00,rail-left-01,rail-right-01,0.6.7-draft,0.6.7-draft,mqtt,mqtt,567.19,449.7,6.409,6.444,0.092,0.098,0.144,-0.424,10.315,9.568,-0.0558,0.0309,0.0441,0.0614,-0.0157,-0.0117,24.99,24.98,16285,18440,2.036,2.305,6.107,6.915,316,316,32,32,0,0,0,0,,,,,,,,,,,,,,,,,0.0,0.0,0,0,789.7,539.7,0.8635,1.0919,1,1,0
2026-09-28T22:37:19.373535+09:00,51012603,75c9d598,2026-09-28T22:37:19.373535+09:00,2026-09-28T22:37:19.463087+09:00,rail-left-01,rail-right-01,0.6.7-draft,0.6.7-draft,mqtt,mqtt,568.38,450.65,6.383,6.445,0.018,0.06,0.083,-0.132,10.036,9.797,-0.0706,0.0336,0.0301,0.0498,-0.0031,-0.0051,24.97,24.98,16220,18444,2.028,2.306,6.083,6.917,317,317,32,32,0,0,0,0,,,,,,,,,,,,,,,,,0.0,0.0,0,0,790.7,540.7,0.8635,1.0919,1,1,0
2026-09-28T22:37:19.393517+09:00,51032585,75c9d598,2026-09-28T22:37:19.393517+09:00,2026-09-28T22:37:19.483069+09:00,rail-left-01,rail-right-01,0.6.7-draft,0.6.7-draft,mqtt,mqtt,569.62,451.64,6.444,6.444,-0.074,-0.042,0.128,-0.32,10.81,9.638,-0.069,0.0301,0.0332,0.0505,-0.0071,-0.0095,25.0,24.97,16372,18442,2.047,2.305,6.14,6.916,318,318,32,32,0,0,0,0,,,,,,,,,,,,,,,,,0.0,0.0,0,0,791.8,541.8,0.8635,1.0919,1,1,0
2026-09-28T22:37:19.413760+09:00,51052828,75c9d598,2026-09-28T22:37:19.413760+09:00,2026-09-28T22:37:19.503312+09:00,rail-left-01,rail-right-01,0.6.7-draft,0.6.7-draft,mqtt,mqtt,570.82,452.59,6.484,6.443,0.121,0.077,0.034,-0.116,10.106,9.997,-0.0645,0.0297,0.0361,0.0573,-0.0079,-0.0081,24.98,24.97,16471,18438,2.059,2.305,6.177,6.914,319,319,32,32,0,0,0,0,,,,,,,,,,,,,,,,,0.0,0.0,0,0,792.8,542.8,0.8635,1.0919,1,1,0
2026-09-28T22:37:19.433663+09:00,51072731,75c9d598,2026-09-28T22:37:19.433663+09:00,2026-09-28T22:37:19.523215+09:00,rail-left-01,rail-right-01,0.6.7-draft,0.6.7-draft,mqtt,mqtt,572.06,453.58,6.483,6.461,0.056,0.016,0.008,-0.183,10.792,9.603,-0.0654,0.0312,0.0426,0.0625,-0.008,-0.0075,24.98,24.96,16470,18478,2.059,2.31,6.176,6.929,320,320,32,32,0,0,0,0,,,,,,,,,,,,,,,,,0.0,0.0,0,0,793.9,543.9,0.8635,1.0919,1,1,0
2026-09-28T22:37:19.587919+09:00,51221455,75c9d598,2026-09-28T22:37:19.587919+09:00,2026-09-28T22:37:19.626190+09:00,rail-left-01,rail-right-01,0.6.7-draft,0.6.7-draft,mqtt,mqtt,581.16,460.74,6.471,6.47,-0.013,-0.032,-0.154,-0.249,10.57,9.986,-0.0582,0.0357,0.0346,0.051,-0.0124,-0.0136,24.98,25.0,16440,18498,2.055,2.312,6.165,6.937,321,321,33,33,0,0,0,0,,,,,,,,,,,,,,,,,0.0,0.0,0,0,801.8,551.8,0.8635,1.0919,1,1,0
2026-09-28T22:37:19.608040+09:00,51241576,75c9d598,2026-09-28T22:37:19.608040+09:00,2026-09-28T22:37:19.646311+09:00,rail-left-01,rail-right-01,0.6.7-draft,0.6.7-draft,mqtt,mqtt,582.4,461.73,6.55,6.404,0.134,0.099,-0.108,-0.253,10.46,9.643,-0.0597,0.0382,0.0336,0.0496,-0.0097,-0.0052,24.98,24.99,16635,18352,2.079,2.294,6.238,6.882,322,322,33,33,0,0,0,0,,,,,,,,,,,,,,,,,0.0,0.0,0,0,802.8,552.8,0.8635,1.0919,1,1,0
2026-09-28T22:37:19.627981+09:00,51261517,75c9d598,2026-09-28T22:37:19.627981+09:00,2026-09-28T22:37:19.666252+09:00,rail-left-01,rail-right-01,0.6.7-draft,0.6.7-draft,mqtt,mqtt,583.64,462.68,6.592,6.391,-0.129,-0.095,0.147,-0.384,10.454,9.454,-0.0596,0.0374,0.0374,0.0514,-0.0141,-0.01,24.98,24.97,16741,18323,2.093,2.29,6.278,6.871,323,323,33,33,0,0,0,0,,,,,,,,,,,,,,,,,0.0,0.0,0,0,803.9,553.9,0.8635,1.0919,1,1,0
2026-09-28T22:37:19.647925+09:00,51281461,75c9d598,2026-09-28T22:37:19.647925+09:00,2026-09-28T22:37:19.686196+09:00,rail-left-01,rail-right-01,0.6.7-draft,0.6.7-draft,mqtt,mqtt,584.84,463.62,6.61,6.356,0.035,0.084,-0.036,-0.233,10.485,9.949,-0.0681,0.034,0.0286,0.0486,-0.0103,-0.0085,24.97,24.98,16784,18246,2.098,2.281,6.294,6.842,324,324,33,33,0,0,0,0,,,,,,,,,,,,,,,,,0.0,0.0,0,0,804.9,554.9,0.8635,1.0919,1,1,0
2026-09-28T22:37:19.668057+09:00,51301593,75c9d598,2026-09-28T22:37:19.668057+09:00,2026-09-28T22:37:19.706328+09:00,rail-left-01,rail-right-01,0.6.7-draft,0.6.7-draft,mqtt,mqtt,586.08,464.62,6.662,6.34,-0.072,-0.068,0.238,-0.251,10.588,9.705,-0.0701,0.0345,0.0309,0.0478,-0.0084,-0.0049,24.99,24.97,16915,18210,2.114,2.276,6.343,6.829,325,325,33,33,0,0,0,0,,,,,,,,,,,,,,,,,0.0,0.0,0,0,806.0,556.0,0.8635,1.0919,1,1,0
2026-09-28T22:37:19.688410+09:00,51321946,75c9d598,2026-09-28T22:37:19.688410+09:00,2026-09-28T22:37:19.726681+09:00,rail-left-01,rail-right-01,0.6.7-draft,0.6.7-draft,mqtt,mqtt,587.32,465.56,6.712,6.311,0.098,0.113,0.107,-0.057,10.489,9.956,-0.0667,0.0282,0.0312,0.0513,-0.0079,-0.0045,24.99,24.96,17040,18146,2.13,2.268,6.39,6.805,326,326,33,33,0,0,0,0,,,,,,,,,,,,,,,,,0.0,0.0,0,0,807.1,557.1,0.8635,1.0919,1,1,0
2026-09-28T22:37:19.707984+09:00,51341520,75c9d598,2026-09-28T22:37:19.707984+09:00,2026-09-28T22:37:19.746255+09:00,rail-left-01,rail-right-01,0.6.7-draft,0.6.7-draft,mqtt,mqtt,588.52,466.56,6.725,6.315,0.077,0.072,0.089,-0.182,10.408,9.584,-0.0659,0.0337,0.0398,0.0586,-0.0059,-0.0048,24.97,24.95,17071,18155,2.134,2.269,6.402,6.808,327,327,33,33,0,0,0,0,,,,,,,,,,,,,,,,,0.0,0.0,0,0,808.1,558.1,0.8635,1.0919,1,1,0
2026-09-28T22:37:19.727946+09:00,51361482,75c9d598,2026-09-28T22:37:19.727946+09:00,2026-09-28T22:37:19.766217+09:00,rail-left-01,rail-right-01,0.6.7-draft,0.6.7-draft,mqtt,mqtt,589.76,467.5,6.735,6.319,-0.104,-0.068,-0.035,-0.269,10.424,9.675,-0.0682,0.0316,0.0346,0.0544,-0.0072,-0.0053,24.97,24.95,17096,18163,2.137,2.27,6.411,6.811,328,328,33,33,0,0,0,0,,,,,,,,,,,,,,,,,0.0,0.0,0,0,809.2,559.2,0.8635,1.0919,1,1,0
2026-09-28T22:37:19.747990+09:00,51381526,75c9d598,2026-09-28T22:37:19.747990+09:00,2026-09-28T22:37:19.786261+09:00,rail-left-01,rail-right-01,0.6.7-draft,0.6.7-draft,mqtt,mqtt,591.0,468.45,6.74,6.316,0.055,0.08,0.12,-0.302,10.482,9.716,-0.065,0.035,0.0354,0.0537,-0.0077,-0.0044,24.99,24.98,17110,18157,2.139,2.27,6.416,6.809,329,329,33,33,0,0,0,0,,,,,,,,,,,,,,,,,0.0,0.0,0,0,810.2,560.2,0.8635,1.0919,1,1,0
2026-09-28T22:37:19.768057+09:00,51401593,75c9d598,2026-09-28T22:37:19.768057+09:00,2026-09-28T22:37:19.806328+09:00,rail-left-01,rail-right-01,0.6.7-draft,0.6.7-draft,mqtt,mqtt,592.19,469.44,6.762,6.324,-0.097,-0.062,-0.013,-0.169,10.799,9.571,-0.0658,0.0308,0.0348,0.054,-0.0111,-0.0089,24.98,25.0,17164,18175,2.146,2.272,6.437,6.816,330,330,33,33,0,0,0,0,,,,,,,,,,,,,,,,,0.0,0.0,0,0,811.3,561.3,0.8635,1.0919,1,1,0
2026-09-28T22:37:19.897660+09:00,51488454,75c9d598,2026-09-28T22:37:19.897660+09:00,2026-09-28T22:37:19.980796+09:00,rail-left-01,rail-right-01,0.6.7-draft,0.6.7-draft,mqtt,mqtt,597.51,473.62,6.778,6.328,0.045,0.026,0.189,-0.303,10.46,9.783,-0.0641,0.0349,0.0406,0.0574,-0.0097,-0.0069,24.97,24.97,17204,18184,2.151,2.273,6.451,6.819,331,331,34,34,0,0,0,0,,,,,,,,,,,,,,,,,0.0,0.0,0,0,815.9,565.9,0.8635,1.0919,1,1,0
2026-09-28T22:37:19.917760+09:00,51508554,75c9d598,2026-09-28T22:37:19.917760+09:00,2026-09-28T22:37:20.000896+09:00,rail-left-01,rail-right-01,0.6.7-draft,0.6.7-draft,mqtt,mqtt,598.76,474.61,6.832,6.352,0.055,0.04,-0.087,-0.117,10.392,9.826,-0.0675,0.034,0.0372,0.058,-0.0085,-0.0039,24.98,24.95,17337,18238,2.167,2.28,6.501,6.839,332,332,34,34,0,0,0,0,,,,,,,,,,,,,,,,,0.0,0.0,0,0,816.9,566.9,0.8635,1.0919,1,1,0
2026-09-28T22:37:19.937807+09:00,51528601,75c9d598,2026-09-28T22:37:19.937807+09:00,2026-09-28T22:37:20.020943+09:00,rail-left-01,rail-right-01,0.6.7-draft,0.6.7-draft,mqtt,mqtt,599.95,475.56,6.841,6.363,0.028,-0.007,0.189,-0.226,10.323,9.755,-0.0634,0.0332,0.0386,0.0593,-0.0085,-0.0019,24.98,24.98,17360,18262,2.17,2.283,6.51,6.848,333,333,34,34,0,0,0,0,,,,,,,,,,,,,,,,,0.0,0.0,0,0,818.0,568.0,0.8635,1.0919,1,1,0
2026-09-28T22:37:19.957766+09:00,51548560,75c9d598,2026-09-28T22:37:19.957766+09:00,2026-09-28T22:37:20.040902+09:00,rail-left-01,rail-right-01,0.6.7-draft,0.6.7-draft,mqtt,mqtt,601.19,476.5,6.843,6.366,-0.007,0.028,-0.041,-0.366,10.613,9.823,-0.0685,0.031,0.0374,0.054,-0.0065,-0.0072,24.97,24.98,17364,18268,2.171,2.284,6.512,6.851,334,334,34,34,0,0,0,0,,,,,,,,,,,,,,,,,0.0,0.0,0,0,819.0,569.0,0.8635,1.0919,1,1,0
2026-09-28T22:37:19.978784+09:00,51569578,75c9d598,2026-09-28T22:37:19.978784+09:00,2026-09-28T22:37:20.061920+09:00,rail-left-01,rail-right-01,0.6.7-draft,0.6.7-draft,mqtt,mqtt,602.49,477.54,6.834,6.357,-0.055,-0.029,0.098,-0.283,10.652,9.699,-0.0632,0.0322,0.0388,0.0553,-0.0091,-0.0059,24.98,24.96,17342,18248,2.168,2.281,6.503,6.843,335,335,34,34,0,0,0,0,,,,,,,,,,,,,,,,,0.0,0.0,0,0,820.2,570.2,0.8635,1.0919,1,1,0
2026-09-28T22:37:19.998754+09:00,51589548,75c9d598,2026-09-28T22:37:19.998754+09:00,2026-09-28T22:37:20.081890+09:00,rail-left-01,rail-right-01,0.6.7-draft,0.6.7-draft,mqtt,mqtt,603.68,478.49,6.84,6.343,0.044,0.004,0.117,-0.212,10.291,9.529,-0.0661,0.0409,0.037,0.0516,-0.0052,-0.0025,25.0,24.97,17357,18218,2.17,2.277,6.509,6.832,336,336,34,34,0,0,0,0,,,,,,,,,,,,,,,,,0.0,0.0,0,0,821.2,571.2,0.8635,1.0919,1,1,0
2026-09-28T22:37:20.017820+09:00,51608614,75c9d598,2026-09-28T22:37:20.017820+09:00,2026-09-28T22:37:20.100956+09:00,rail-left-01,rail-right-01,0.6.7-draft,0.6.7-draft,mqtt,mqtt,604.82,479.43,6.842,6.341,0.087,0.025,0.105,-0.22,10.278,9.507,-0.0642,0.0277,0.0452,0.0614,-0.0092,-0.0107,25.01,24.98,17363,18213,2.17,2.277,6.511,6.83,337,337,34,34,0,0,0,0,,,,,,,,,,,,,,,,,0.0,0.0,0,0,822.2,572.2,0.8635,1.0919,1,1,0
2026-09-28T22:37:20.037754+09:00,51628548,75c9d598,2026-09-28T22:37:20.037754+09:00,2026-09-28T22:37:20.120890+09:00,rail-left-01,rail-right-01,0.6.7-draft,0.6.7-draft,mqtt,mqtt,606.02,480.38,6.828,6.369,0.044,-0.01,0.145,-0.124,10.421,9.698,-0.0662,0.0309,0.0425,0.0625,-0.0065,-0.0093,25.0,24.99,17329,18274,2.166,2.284,6.498,6.853,338,338,34,34,0,0,0,0,,,,,,,,,,,,,,,,,0.0,0.0,0,0,823.2,573.2,0.8635,1.0919,1,1,0
2026-09-28T22:37:20.057709+09:00,51648503,75c9d598,2026-09-28T22:37:20.057709+09:00,2026-09-28T22:37:20.140845+09:00,rail-left-01,rail-right-01,0.6.7-draft,0.6.7-draft,mqtt,mqtt,607.26,481.32,6.824,6.4,0.03,0.05,0.019,-0.201,10.572,9.692,-0.0641,0.0332,0.044,0.0608,-0.0063,-0.0028,24.99,25.0,17317,18344,2.165,2.293,6.494,6.879,339,339,34,34,0,0,0,0,,,,,,,,,,,,,,,,,0.0,0.0,0,0,824.3,574.3,0.8635,1.0919,1,1,0
2026-09-28T22:37:20.077920+09:00,51668714,75c9d598,2026-09-28T22:37:20.077920+09:00,2026-09-28T22:37:20.161056+09:00,rail-left-01,rail-right-01,0.6.7-draft,0.6.7-draft,mqtt,mqtt,608.45,482.32,6.817,6.419,0.073,0.023,-0.073,-0.333,10.385,9.68,-0.0683,0.0325,0.0416,0.0584,-0.0071,-0.0035,24.99,24.98,17301,18385,2.163,2.298,6.488,6.894,340,340,34,34,0,0,0,0,,,,,,,,,,,,,,,,,0.0,0.0,0,0,825.3,575.3,0.8635,1.0919,1,1,0
2026-09-28T22:37:20.249244+09:00,51842449,75c9d598,2026-09-28T22:37:20.249244+09:00,2026-09-28T22:37:20.332501+09:00,rail-left-01,rail-right-01,0.6.7-draft,0.6.7-draft,mqtt,mqtt,618.99,490.67,6.812,6.424,0.087,0.078,-0.028,-0.224,10.393,9.54,-0.065,0.0334,0.0418,0.0564,-0.0099,-0.0073,24.96,24.98,17289,18396,2.161,2.3,6.483,6.899,341,341,35,35,0,0,0,0,,,,,,,,,,,,,,,,,0.0,0.0,0,0,834.4,584.4,0.8635,1.0919,1,1,0
2026-09-28T22:37:20.269389+09:00,51862594,75c9d598,2026-09-28T22:37:20.269389+09:00,2026-09-28T22:37:20.352646+09:00,rail-left-01,rail-right-01,0.6.7-draft,0.6.7-draft,mqtt,mqtt,620.19,491.66,6.742,6.518,-0.18,-0.187,0.311,-0.275,10.763,9.619,-0.0638,0.0338,0.0445,0.0581,-0.0069,-0.0059,24.97,25.0,17113,18605,2.139,2.326,6.417,6.977,342,342,35,35,0,0,0,0,,,,,,,,,,,,,,,,,0.0,0.0,0,0,835.5,585.5,0.8635,1.0919,1,1,0
2026-09-28T22:37:20.289328+09:00,51882533,75c9d598,2026-09-28T22:37:20.289328+09:00,2026-09-28T22:37:20.372585+09:00,rail-left-01,rail-right-01,0.6.7-draft,0.6.7-draft,mqtt,mqtt,621.43,492.61,6.752,6.541,0.119,0.151,-0.126,-0.136,10.503,9.851,-0.0682,0.032,0.039,0.0553,-0.0059,-0.0097,24.98,24.97,17139,18657,2.142,2.332,6.427,6.996,343,343,35,35,0,0,0,0,,,,,,,,,,,,,,,,,0.0,0.0,0,0,836.5,586.5,0.8635,1.0919,1,1,0
2026-09-28T22:37:20.309267+09:00,51902472,75c9d598,2026-09-28T22:37:20.309267+09:00,2026-09-28T22:37:20.392524+09:00,rail-left-01,rail-right-01,0.6.7-draft,0.6.7-draft,mqtt,mqtt,622.62,493.55,6.76,6.561,-0.142,-0.153,0.369,-0.239,10.651,9.632,-0.0686,0.0354,0.043,0.0508,0.002,-0.0025,25.01,24.98,17158,18700,2.145,2.338,6.434,7.013,344,344,35,35,0,0,0,0,,,,,,,,,,,,,,,,,0.0,0.0,0,0,837.6,587.6,0.8635,1.0919,1,1,0
2026-09-28T22:37:20.329719+09:00,51922924,75c9d598,2026-09-28T22:37:20.329719+09:00,2026-09-28T22:37:20.412976+09:00,rail-left-01,rail-right-01,0.6.7-draft,0.6.7-draft,mqtt,mqtt,623.82,494.55,6.777,6.573,0.028,0.049,0.0,-0.388,10.46,9.691,-0.0626,0.032,0.0369,0.0513,-0.0007,-0.0096,24.98,24.96,17202,18727,2.15,2.341,6.451,7.023,345,345,35,35,0,0,0,0,,,,,,,,,,,,,,,,,0.0,0.0,0,0,838.6,588.6,0.8635,1.0919,1,1,0
2026-09-28T22:37:20.349471+09:00,51942676,75c9d598,2026-09-28T22:37:20.349471+09:00,2026-09-28T22:37:20.432728+09:00,rail-left-01,rail-right-01,0.6.7-draft,0.6.7-draft,mqtt,mqtt,625.01,495.49,6.795,6.58,0.023,0.037,0.013,-0.183,10.52,9.72,-0.0625,0.0329,0.0408,0.0566,-0.0043,-0.0076,24.99,24.98,17245,18743,2.156,2.343,6.467,7.029,346,346,35,35,0,0,0,0,,,,,,,,,,,,,,,,,0.0,0.0,0,0,839.6,589.6,0.8635,1.0919,1,1,0
2026-09-28T22:37:20.369374+09:00,51962579,75c9d598,2026-09-28T22:37:20.369374+09:00,2026-09-28T22:37:20.452631+09:00,rail-left-01,rail-right-01,0.6.7-draft,0.6.7-draft,mqtt,mqtt,626.2,496.44,6.8,6.586,0.031,0.057,-0.068,-0.379,10.409,9.786,-0.0661,0.0348,0.0385,0.0549,-0.0057,-0.0029,24.99,24.95,17259,18756,2.157,2.345,6.472,7.034,347,347,35,35,0,0,0,0,,,,,,,,,,,,,,,,,0.0,0.0,0,0,840.6,590.6,0.8635,1.0919,1,1,0
2026-09-28T22:37:20.389309+09:00,51982514,75c9d598,2026-09-28T22:37:20.389309+09:00,2026-09-28T22:37:20.472566+09:00,rail-left-01,rail-right-01,0.6.7-draft,0.6.7-draft,mqtt,mqtt,627.44,497.43,6.805,6.594,-0.048,-0.068,0.12,-0.327,10.379,9.843,-0.0628,0.029,0.0437,0.0604,-0.0057,-0.0059,24.99,24.97,17270,18774,2.159,2.347,6.476,7.04,348,348,35,35,0,0,0,0,,,,,,,,,,,,,,,,,0.0,0.0,0,0,841.7,591.7,0.8635,1.0919,1,1,0
2026-09-28T22:37:20.409423+09:00,52002628,75c9d598,2026-09-28T22:37:20.409423+09:00,2026-09-28T22:37:20.492680+09:00,rail-left-01,rail-right-01,0.6.7-draft,0.6.7-draft,mqtt,mqtt,628.64,498.38,6.789,6.614,0.047,0.059,0.23,-0.377,10.451,9.559,-0.0679,0.0326,0.0434,0.0557,-0.0013,-0.0027,24.98,24.97,17230,18819,2.154,2.352,6.461,7.057,349,349,35,35,0,0,0,0,,,,,,,,,,,,,,,,,0.0,0.0,0,0,842.8,592.8,0.8635,1.0919,1,1,0
2026-09-28T22:37:20.429486+09:00,52022691,75c9d598,2026-09-28T22:37:20.429486+09:00,2026-09-28T22:37:20.512743+09:00,rail-left-01,rail-right-01,0.6.7-draft,0.6.7-draft,mqtt,mqtt,629.83,499.37,6.784,6.635,0.053,0.066,-0.048,-0.376,10.488,9.578,-0.0629,0.0334,0.045,0.0564,-0.0009,0.0016,24.99,24.97,17219,18864,2.152,2.358,6.457,7.074,350,350,35,35,0,0,0,0,,,,,,,,,,,,,,,,,0.0,0.0,0,0,843.8,593.8,0.8635,1.0919,1,1,0
2026-09-28T22:37:20.596907+09:00,52194473,75c9d598,2026-09-28T22:37:20.596907+09:00,2026-09-28T22:37:20.679711+09:00,rail-left-01,rail-right-01,0.6.7-draft,0.6.7-draft,mqtt,mqtt,640.17,507.62,6.793,6.636,-0.051,-0.067,0.034,-0.266,10.44,9.579,-0.0666,0.0293,0.035,0.0557,-0.006,-0.0109,24.96,24.98,17241,18868,2.155,2.359,6.465,7.076,351,351,36,36,0,0,0,0,,,,,,,,,,,,,,,,,0.0,0.0,0,0,852.7,602.7,0.8635,1.0919,1,1,0
2026-09-28T22:37:20.617045+09:00,52214611,75c9d598,2026-09-28T22:37:20.617045+09:00,2026-09-28T22:37:20.699849+09:00,rail-left-01,rail-right-01,0.6.7-draft,0.6.7-draft,mqtt,mqtt,641.37,508.62,6.779,6.646,0.012,-0.024,-0.071,-0.414,10.448,9.674,-0.0661,0.0249,0.0376,0.0549,-0.0071,-0.0081,24.98,24.97,17205,18889,2.151,2.361,6.452,7.083,352,352,36,36,0,0,0,0,,,,,,,,,,,,,,,,,0.0,0.0,0,0,853.7,603.7,0.8635,1.0919,1,1,0
2026-09-28T22:37:20.637076+09:00,52234642,75c9d598,2026-09-28T22:37:20.637076+09:00,2026-09-28T22:37:20.719880+09:00,rail-left-01,rail-right-01,0.6.7-draft,0.6.7-draft,mqtt,mqtt,642.61,509.56,6.777,6.637,0.05,0.007,-0.153,-0.397,10.415,9.641,-0.064,0.0244,0.0364,0.0558,-0.0033,-0.0083,24.99,24.97,17201,18870,2.15,2.359,6.45,7.076,353,353,36,36,0,0,0,0,,,,,,,,,,,,,,,,,0.0,0.0,0,0,854.8,604.8,0.8635,1.0919,1,1,0
2026-09-28T22:37:20.657056+09:00,52254622,75c9d598,2026-09-28T22:37:20.657056+09:00,2026-09-28T22:37:20.739860+09:00,rail-left-01,rail-right-01,0.6.7-draft,0.6.7-draft,mqtt,mqtt,643.8,510.56,6.759,6.599,0.059,0.061,0.036,-0.327,10.386,9.701,-0.069,0.0228,0.0324,0.0476,-0.0011,-0.0004,24.99,24.97,17157,18784,2.145,2.348,6.434,7.044,354,354,36,36,0,0,0,0,,,,,,,,,,,,,,,,,0.0,0.0,0,0,855.8,605.8,0.8635,1.0919,1,1,0
2026-09-28T22:37:20.677139+09:00,52274705,75c9d598,2026-09-28T22:37:20.677139+09:00,2026-09-28T22:37:20.759943+09:00,rail-left-01,rail-right-01,0.6.7-draft,0.6.7-draft,mqtt,mqtt,645.04,511.5,6.725,6.563,0.025,-0.002,0.232,0.045,10.455,9.564,-0.0703,0.0288,0.048,0.0652,-0.0093,-0.0107,24.97,24.96,17071,18706,2.134,2.338,6.402,7.015,355,355,36,36,0,0,0,0,,,,,,,,,,,,,,,,,0.0,0.0,0,0,856.9,606.9,0.8635,1.0919,1,1,0
2026-09-28T22:37:20.697144+09:00,52294710,75c9d598,2026-09-28T22:37:20.697144+09:00,2026-09-28T22:37:20.779948+09:00,rail-left-01,rail-right-01,0.6.7-draft,0.6.7-draft,mqtt,mqtt,646.24,512.5,6.723,6.576,-0.107,0.019,0.013,0.022,10.199,9.263,-0.0541,0.031,0.0394,0.0522,-0.0084,0.0011,24.99,24.94,17066,18733,2.133,2.342,6.4,7.025,356,356,36,36,0,0,0,0,,,,,,,,,,,,,,,,,0.0,0.0,0,0,857.9,607.9,0.8635,1.0919,1,1,0
2026-09-28T22:37:20.717078+09:00,52314644,75c9d598,2026-09-28T22:37:20.717078+09:00,2026-09-28T22:37:20.799883+09:00,rail-left-01,rail-right-01,0.6.7-draft,0.6.7-draft,mqtt,mqtt,647.48,513.44,6.751,6.569,0.011,0.032,0.049,-0.327,10.408,9.862,-0.0594,0.0297,0.0342,0.0517,-0.0129,-0.0076,24.97,24.97,17137,18718,2.142,2.34,6.426,7.019,357,357,36,36,0,0,0,0,,,,,,,,,,,,,,,,,0.0,0.0,0,0,859.0,609.0,0.8635,1.0919,1,1,0
2026-09-28T22:37:20.736972+09:00,52334538,75c9d598,2026-09-28T22:37:20.736972+09:00,2026-09-28T22:37:20.819776+09:00,rail-left-01,rail-right-01,0.6.7-draft,0.6.7-draft,mqtt,mqtt,648.67,514.39,6.777,6.574,0.06,0.043,-0.054,-0.151,10.285,9.871,-0.0634,0.0322,0.0382,0.0581,-0.0112,-0.0085,24.98,24.98,17200,18729,2.15,2.341,6.45,7.023,358,358,36,36,0,0,0,0,,,,,,,,,,,,,,,,,0.0,0.0,0,0,860.0,610.0,0.8635,1.0919,1,1,0
2026-09-28T22:37:20.757090+09:00,52354656,75c9d598,2026-09-28T22:37:20.757090+09:00,2026-09-28T22:37:20.839894+09:00,rail-left-01,rail-right-01,0.6.7-draft,0.6.7-draft,mqtt,mqtt,649.92,515.38,6.763,6.579,-0.081,-0.057,0.08,-0.213,10.813,9.536,-0.0679,0.0302,0.0398,0.0562,-0.0084,-0.0035,24.99,24.95,17166,18740,2.146,2.343,6.437,7.028,359,359,36,36,0,0,0,0,,,,,,,,,,,,,,,,,0.0,0.0,0,0,861.1,611.1,0.8635,1.0919,1,1,0
2026-09-28T22:37:20.777454+09:00,52375020,75c9d598,2026-09-28T22:37:20.777454+09:00,2026-09-28T22:37:20.860258+09:00,rail-left-01,rail-right-01,0.6.7-draft,0.6.7-draft,mqtt,mqtt,651.16,516.37,6.754,6.58,-0.025,0.014,0.208,-0.364,10.339,9.663,-0.0637,0.0317,0.0372,0.0554,-0.0073,-0.004,24.98,25.01,17143,18742,2.143,2.343,6.429,7.028,360,360,36,36,0,0,0,0,,,,,,,,,,,,,,,,,0.0,0.0,0,0,862.2,612.2,0.8635,1.0919,1,1,0
2026-09-28T22:37:20.910308+09:00,52546421,75c9d598,2026-09-28T22:37:20.910308+09:00,2026-09-28T22:37:20.990913+09:00,rail-left-01,rail-right-01,0.6.7-draft,0.6.7-draft,mqtt,mqtt,661.6,524.63,6.751,6.576,-0.224,-0.181,0.156,-0.296,10.403,9.536,-0.0673,0.0298,0.0437,0.0532,-0.0017,-0.01,24.96,24.95,17136,18734,2.142,2.342,6.426,7.025,361,361,37,37,0,0,0,0,,,,,,,,,,,,,,,,,0.0,0.0,0,0,871.2,621.2,0.8635,1.0919,1,1,0
2026-09-28T22:37:20.930430+09:00,52566543,75c9d598,2026-09-28T22:37:20.930430+09:00,2026-09-28T22:37:21.011034+09:00,rail-left-01,rail-right-01,0.6.7-draft,0.6.7-draft,mqtt,mqtt,662.84,525.57,6.726,6.557,0.206,0.207,0.087,-0.294,10.44,9.627,-0.0641,0.0312,0.0384,0.0548,-0.0028,-0.0053,25.01,24.98,17073,18691,2.134,2.336,6.402,7.009,362,362,37,37,0,0,0,0,,,,,,,,,,,,,,,,,0.0,0.0,0,0,872.3,622.3,0.8635,1.0919,1,1,0
2026-09-28T22:37:20.950382+09:00,52586495,75c9d598,2026-09-28T22:37:20.950382+09:00,2026-09-28T22:37:21.030986+09:00,rail-left-01,rail-right-01,0.6.7-draft,0.6.7-draft,mqtt,mqtt,664.09,526.57,6.734,6.545,-0.063,-0.04,-0.054,-0.162,10.43,9.833,-0.0618,0.031,0.0369,0.0525,-0.0067,-0.0076,24.98,24.99,17093,18665,2.137,2.333,6.41,6.999,363,363,37,37,0,0,0,0,,,,,,,,,,,,,,,,,0.0,0.0,0,0,873.4,623.4,0.8635,1.0919,1,1,0
2026-09-28T22:37:20.970489+09:00,52606602,75c9d598,2026-09-28T22:37:20.970489+09:00,2026-09-28T22:37:21.051093+09:00,rail-left-01,rail-right-01,0.6.7-draft,0.6.7-draft,mqtt,mqtt,665.28,527.51,6.749,6.544,0.06,0.045,0.146,-0.152,10.495,9.767,-0.0561,0.035,0.0338,0.0485,-0.0105,-0.0056,24.98,24.96,17130,18664,2.141,2.333,6.424,6.999,364,364,37,37,0,0,0,0,,,,,,,,,,,,,,,,,0.0,0.0,0,0,874.4,624.4,0.8635,1.0919,1,1,0
2026-09-28T22:37:20.990362+09:00,52626475,75c9d598,2026-09-28T22:37:20.990362+09:00,2026-09-28T22:37:21.070967+09:00,rail-left-01,rail-right-01,0.6.7-draft,0.6.7-draft,mqtt,mqtt,666.52,528.51,6.82,6.537,-0.062,-0.036,0.007,-0.263,10.398,9.744,-0.0593,0.0308,0.0306,0.0517,-0.0088,-0.0084,25.01,24.97,17308,18648,2.164,2.331,6.491,6.993,365,365,37,37,0,0,0,0,,,,,,,,,,,,,,,,,0.0,0.0,0,0,875.5,625.5,0.8635,1.0919,1,1,0
2026-09-28T22:37:21.010621+09:00,52646734,75c9d598,2026-09-28T22:37:21.010621+09:00,2026-09-28T22:37:21.091225+09:00,rail-left-01,rail-right-01,0.6.7-draft,0.6.7-draft,mqtt,mqtt,667.72,529.45,6.85,6.534,0.117,0.061,0.034,-0.409,10.573,9.68,-0.059,0.0334,0.0381,0.0596,-0.0079,-0.0097,25.0,24.97,17383,18641,2.173,2.33,6.519,6.99,366,366,37,37,0,0,0,0,,,,,,,,,,,,,,,,,0.0,0.0,0,0,876.5,626.5,0.8635,1.0919,1,1,0
2026-09-28T22:37:21.030376+09:00,52666489,75c9d598,2026-09-28T22:37:21.030376+09:00,2026-09-28T22:37:21.110980+09:00,rail-left-01,rail-right-01,0.6.7-draft,0.6.7-draft,mqtt,mqtt,668.96,530.39,6.859,6.537,-0.03,0.034,-0.092,-0.19,10.476,9.664,-0.0649,0.0324,0.0321,0.0521,-0.0067,-0.004,24.97,24.97,17406,18647,2.176,2.331,6.527,6.993,367,367,37,37,0,0,0,0,,,,,,,,,,,,,,,,,0.0,0.0,0,0,877.6,627.6,0.8635,1.0919,1,1,0
2026-09-28T22:37:21.050331+09:00,52686444,75c9d598,2026-09-28T22:37:21.050331+09:00,2026-09-28T22:37:21.130935+09:00,rail-left-01,rail-right-01,0.6.7-draft,0.6.7-draft,mqtt,mqtt,670.15,531.39,6.87,6.521,0.042,0.074,0.067,-0.204,10.372,9.714,-0.0618,0.0328,0.0381,0.0556,-0.0096,-0.0071,24.99,24.99,17433,18613,2.179,2.327,6.537,6.98,368,368,37,37,0,0,0,0,,,,,,,,,,,,,,,,,0.0,0.0,0,0,878.6,628.6,0.8635,1.0919,1,1,0
2026-09-28T22:37:21.070446+09:00,52706559,75c9d598,2026-09-28T22:37:21.070446+09:00,2026-09-28T22:37:21.151050+09:00,rail-left-01,rail-right-01,0.6.7-draft,0.6.7-draft,mqtt,mqtt,671.4,532.33,6.879,6.518,-0.145,-0.063,0.208,-0.271,10.396,9.41,-0.0613,0.0333,0.0352,0.0516,-0.0052,-0.0036,24.97,24.97,17456,18605,2.182,2.326,6.546,6.977,369,369,37,37,0,0,0,0,,,,,,,,,,,,,,,,,0.0,0.0,0,0,879.7,629.7,0.8635,1.0919,1,1,0
2026-09-28T22:37:21.090336+09:00,52726449,75c9d598,2026-09-28T22:37:21.090336+09:00,2026-09-28T22:37:21.170940+09:00,rail-left-01,rail-right-01,0.6.7-draft,0.6.7-draft,mqtt,mqtt,672.59,533.33,6.895,6.504,0.081,0.096,-0.043,-0.212,10.314,9.623,-0.0606,0.0304,0.0349,0.056,-0.0101,-0.0115,24.98,24.98,17494,18574,2.187,2.322,6.56,6.965,370,370,37,37,0,0,0,0,,,,,,,,,,,,,,,,,0.0,0.0,0,0,880.7,630.7,0.8635,1.0919,1,1,0
2026-09-28T22:37:21.219633+09:00,52854444,75c9d598,2026-09-28T22:37:21.219633+09:00,2026-09-28T22:37:21.255969+09:00,rail-left-01,rail-right-01,0.6.7-draft,0.6.7-draft,mqtt,mqtt,680.44,539.49,6.891,6.494,0.042,0.042,-0.03,-0.251,10.441,9.64,-0.0645,0.0346,0.037,0.0569,-0.0064,-0.0067,24.99,24.99,17484,18553,2.186,2.319,6.557,6.957,371,371,38,38,0,0,0,0,,,,,,,,,,,,,,,,,0.0,0.0,0,0,887.5,637.5,0.8635,1.0919,1,1,0
2026-09-28T22:37:21.239786+09:00,52874597,75c9d598,2026-09-28T22:37:21.239786+09:00,2026-09-28T22:37:21.276122+09:00,rail-left-01,rail-right-01,0.6.7-draft,0.6.7-draft,mqtt,mqtt,681.69,540.44,6.831,6.471,0.124,0.067,0.186,-0.201,10.448,9.858,-0.0617,0.0328,0.0409,0.0608,-0.0088,-0.0069,24.99,24.96,17336,18500,2.167,2.312,6.501,6.938,372,372,38,38,0,0,0,0,,,,,,,,,,,,,,,,,0.0,0.0,0,0,888.6,638.6,0.8635,1.0919,1,1,0
2026-09-28T22:37:21.259739+09:00,52894550,75c9d598,2026-09-28T22:37:21.259739+09:00,2026-09-28T22:37:21.296075+09:00,rail-left-01,rail-right-01,0.6.7-draft,0.6.7-draft,mqtt,mqtt,682.93,541.43,6.818,6.48,-0.054,0.031,0.036,-0.209,10.387,9.691,-0.0663,0.0326,0.0396,0.0549,-0.0081,0.0008,24.98,24.98,17303,18521,2.163,2.315,6.489,6.945,373,373,38,38,0,0,0,0,,,,,,,,,,,,,,,,,0.0,0.0,0,0,889.6,639.6,0.8635,1.0919,1,1,0
2026-09-28T22:37:21.279693+09:00,52914504,75c9d598,2026-09-28T22:37:21.279693+09:00,2026-09-28T22:37:21.316029+09:00,rail-left-01,rail-right-01,0.6.7-draft,0.6.7-draft,mqtt,mqtt,684.17,542.38,6.806,6.474,0.024,0.059,0.061,-0.462,10.424,9.813,-0.0645,0.0302,0.0389,0.0572,-0.0119,-0.0085,24.99,24.99,17272,18508,2.159,2.314,6.477,6.941,374,374,38,38,0,0,0,0,,,,,,,,,,,,,,,,,0.0,0.0,0,0,890.7,640.7,0.8635,1.0919,1,1,0
2026-09-28T22:37:21.299769+09:00,52934580,75c9d598,2026-09-28T22:37:21.299769+09:00,2026-09-28T22:37:21.336105+09:00,rail-left-01,rail-right-01,0.6.7-draft,0.6.7-draft,mqtt,mqtt,685.42,543.32,6.787,6.471,-0.006,-0.036,0.049,-0.214,10.338,9.565,-0.0652,0.0356,0.0405,0.06,-0.0107,-0.0083,24.97,24.97,17226,18502,2.153,2.313,6.46,6.938,375,375,38,38,0,0,0,0,,,,,,,,,,,,,,,,,0.0,0.0,0,0,891.8,641.8,0.8635,1.0919,1,1,0
2026-09-28T22:37:21.320033+09:00,52954844,75c9d598,2026-09-28T22:37:21.320033+09:00,2026-09-28T22:37:21.356369+09:00,rail-left-01,rail-right-01,0.6.7-draft,0.6.7-draft,mqtt,mqtt,686.66,544.32,6.767,6.465,0.053,-0.006,0.182,-0.43,10.549,9.633,-0.0653,0.0317,0.0408,0.0582,-0.008,-0.0023,24.98,24.99,17176,18488,2.147,2.311,6.441,6.933,376,376,38,38,0,0,0,0,,,,,,,,,,,,,,,,,0.0,0.0,0,0,892.9,642.9,0.8635,1.0919,1,1,0
2026-09-28T22:37:21.339663+09:00,52974474,75c9d598,2026-09-28T22:37:21.339663+09:00,2026-09-28T22:37:21.375999+09:00,rail-left-01,rail-right-01,0.6.7-draft,0.6.7-draft,mqtt,mqtt,687.85,545.26,6.741,6.472,-0.001,0.044,0.102,-0.394,10.305,9.629,-0.0637,0.0362,0.0454,0.0602,-0.0133,-0.0125,24.99,24.94,17112,18503,2.139,2.313,6.417,6.939,377,377,38,38,0,0,0,0,,,,,,,,,,,,,,,,,0.0,0.0,0,0,893.9,643.9,0.8635,1.0919,1,1,0
2026-09-28T22:37:21.359811+09:00,52994622,75c9d598,2026-09-28T22:37:21.359811+09:00,2026-09-28T22:37:21.396147+09:00,rail-left-01,rail-right-01,0.6.7-draft,0.6.7-draft,mqtt,mqtt,689.1,546.25,6.711,6.481,-0.014,-0.006,-0.04,-0.224,10.331,9.597,-0.0618,0.0326,0.0402,0.0566,-0.0079,-0.004,24.98,24.97,17037,18524,2.13,2.316,6.389,6.946,378,378,38,38,0,0,0,0,,,,,,,,,,,,,,,,,0.0,0.0,0,0,895.0,645.0,0.8635,1.0919,1,1,0
2026-09-28T22:37:21.379788+09:00,53014599,75c9d598,2026-09-28T22:37:21.379788+09:00,2026-09-28T22:37:21.416124+09:00,rail-left-01,rail-right-01,0.6.7-draft,0.6.7-draft,mqtt,mqtt,690.34,547.2,6.691,6.487,0.079,0.069,0.321,-0.335,10.36,9.373,-0.0682,0.0342,0.0465,0.0618,-0.0096,-0.0115,24.97,24.96,16987,18536,2.123,2.317,6.37,6.951,379,379,38,38,0,0,0,0,,,,,,,,,,,,,,,,,0.0,0.0,0,0,896.0,646.0,0.8635,1.0919,1,1,0
2026-09-28T22:37:21.399676+09:00,53034487,75c9d598,2026-09-28T22:37:21.399676+09:00,2026-09-28T22:37:21.436012+09:00,rail-left-01,rail-right-01,0.6.7-draft,0.6.7-draft,mqtt,mqtt,691.53,548.14,6.663,6.505,-0.103,-0.105,0.063,-0.212,10.355,9.631,-0.0622,0.0325,0.0424,0.0593,-0.0084,-0.0039,24.97,24.96,16916,18576,2.115,2.322,6.344,6.966,380,380,38,38,0,0,0,0,,,,,,,,,,,,,,,,,0.0,0.0,0,0,897.1,647.1,0.8635,1.0919,1,1,0
2026-09-28T22:37:21.484018+09:00,53119453,75c9d598,2026-09-28T22:37:21.484018+09:00,2026-09-28T22:37:21.521480+09:00,rail-left-01,rail-right-01,0.6.7-draft,0.6.7-draft,mqtt,mqtt,696.75,552.22,6.648,6.503,0.025,0.001,0.212,-0.025,10.628,9.828,-0.0669,0.0345,0.0438,0.0574,-0.0124,-0.0101,24.98,24.97,16879,18572,2.11,2.322,6.33,6.965,381,381,39,39,0,0,0,0,,,,,,,,,,,,,,,,,0.0,0.0,0,0,901.6,651.6,0.8635,1.0919,1,1,0
2026-09-28T22:37:21.504132+09:00,53139567,75c9d598,2026-09-28T22:37:21.504132+09:00,2026-09-28T22:37:21.541594+09:00,rail-left-01,rail-right-01,0.6.7-draft,0.6.7-draft,mqtt,mqtt,697.99,553.22,6.574,6.555,0.008,0.032,-0.081,-0.257,10.509,9.667,-0.0665,0.032,0.0398,0.058,-0.0099,-0.0067,24.98,24.95,16696,18687,2.087,2.336,6.261,7.008,382,382,39,39,0,0,0,0,,,,,,,,,,,,,,,,,0.0,0.0,0,0,902.6,652.6,0.8635,1.0919,1,1,0
2026-09-28T22:37:21.524126+09:00,53159561,75c9d598,2026-09-28T22:37:21.524126+09:00,2026-09-28T22:37:21.561588+09:00,rail-left-01,rail-right-01,0.6.7-draft,0.6.7-draft,mqtt,mqtt,699.24,554.16,6.541,6.553,-0.035,-0.041,0.17,-0.469,10.495,9.698,-0.0628,0.0366,0.042,0.0588,-0.0095,-0.0044,24.99,24.97,16613,18684,2.077,2.336,6.23,7.007,383,383,39,39,0,0,0,0,,,,,,,,,,,,,,,,,0.0,0.0,0,0,903.7,653.7,0.8635,1.0919,1,1,0
2026-09-28T22:37:21.544081+09:00,53179516,75c9d598,2026-09-28T22:37:21.544081+09:00,2026-09-28T22:37:21.581543+09:00,rail-left-01,rail-right-01,0.6.7-draft,0.6.7-draft,mqtt,mqtt,700.48,555.15,6.511,6.559,0.055,0.119,-0.148,-0.225,10.414,9.501,-0.0617,0.0332,0.043,0.0621,-0.0089,-0.0129,24.97,24.99,16539,18697,2.067,2.337,6.202,7.011,384,384,39,39,0,0,0,0,,,,,,,,,,,,,,,,,0.0,0.0,0,0,904.8,654.8,0.8635,1.0919,1,1,0
2026-09-28T22:37:21.564300+09:00,53199735,75c9d598,2026-09-28T22:37:21.564300+09:00,2026-09-28T22:37:21.601762+09:00,rail-left-01,rail-right-01,0.6.7-draft,0.6.7-draft,mqtt,mqtt,701.72,556.1,6.487,6.565,-0.103,-0.069,0.168,0.012,10.266,9.638,-0.0662,0.0345,0.0433,0.0605,-0.0077,-0.0023,24.98,24.97,16480,18709,2.06,2.339,6.18,7.016,385,385,39,39,0,0,0,0,,,,,,,,,,,,,,,,,0.0,0.0,0,0,905.9,655.9,0.8635,1.0919,1,1,0
2026-09-28T22:37:21.584283+09:00,53219718,75c9d598,2026-09-28T22:37:21.584283+09:00,2026-09-28T22:37:21.621745+09:00,rail-left-01,rail-right-01,0.6.7-draft,0.6.7-draft,mqtt,mqtt,702.97,557.09,6.463,6.577,-0.01,0.014,0.286,-0.281,10.837,9.832,-0.065,0.034,0.0392,0.0553,-0.0099,-0.0032,24.98,24.96,16418,18737,2.052,2.342,6.157,7.026,386,386,39,39,0,0,0,0,,,,,,,,,,,,,,,,,0.0,0.0,0,0,906.9,656.9,0.8635,1.0919,1,1,0
2026-09-28T22:37:21.604035+09:00,53239470,75c9d598,2026-09-28T22:37:21.604035+09:00,2026-09-28T22:37:21.641497+09:00,rail-left-01,rail-right-01,0.6.7-draft,0.6.7-draft,mqtt,mqtt,704.16,558.04,6.469,6.582,-0.018,-0.059,-0.044,-0.186,10.645,9.811,-0.0661,0.0312,0.0409,0.0572,-0.0097,-0.0085,24.97,24.99,16434,18748,2.054,2.344,6.163,7.031,387,387,39,39,0,0,0,0,,,,,,,,,,,,,,,,,0.0,0.0,0,0,908.0,658.0,0.8635,1.0919,1,1,0
2026-09-28T22:37:21.624050+09:00,53259485,75c9d598,2026-09-28T22:37:21.624050+09:00,2026-09-28T22:37:21.661512+09:00,rail-left-01,rail-right-01,0.6.7-draft,0.6.7-draft,mqtt,mqtt,705.4,558.98,6.462,6.594,-0.036,-0.06,0.165,-0.193,10.714,9.694,-0.0659,0.0346,0.046,0.0569,-0.0143,-0.0079,25.0,24.97,16417,18774,2.052,2.347,6.156,7.04,388,388,39,39,0,0,0,0,,,,,,,,,,,,,,,,,0.0,0.0,0,0,909.0,659.0,0.8635,1.0919,1,1,0
2026-09-28T22:37:21.644170+09:00,53279605,75c9d598,2026-09-28T22:37:21.644170+09:00,2026-09-28T22:37:21.681632+09:00,rail-left-01,rail-right-01,0.6.7-draft,0.6.7-draft,mqtt,mqtt,706.65,559.98,6.471,6.604,0.048,0.09,0.028,-0.243,10.3,9.741,-0.0667,0.0361,0.0364,0.0545,-0.0152,-0.01,24.99,24.98,16440,18796,2.055,2.35,6.165,7.049,389,389,39,39,0,0,0,0,,,,,,,,,,,,,,,,,0.0,0.0,0,0,910.1,660.1,0.8635,1.0919,1,1,0
2026-09-28T22:37:21.664024+09:00,53299459,75c9d598,2026-09-28T22:37:21.664024+09:00,2026-09-28T22:37:21.701486+09:00,rail-left-01,rail-right-01,0.6.7-draft,0.6.7-draft,mqtt,mqtt,707.89,560.92,6.496,6.608,0.026,-0.013,-0.005,-0.358,10.373,9.699,-0.065,0.032,0.0412,0.0554,-0.0113,-0.0063,25.01,24.98,16502,18805,2.063,2.351,6.188,7.052,390,390,39,39,0,0,0,0,,,,,,,,,,,,,,,,,0.0,0.0,0,0,911.2,661.2,0.8635,1.0919,1,1,0
2026-09-28T22:37:21.748693+09:00,53385480,75c9d598,2026-09-28T22:37:21.748693+09:00,2026-09-28T22:37:21.829544+09:00,rail-left-01,rail-right-01,0.6.7-draft,0.6.7-draft,mqtt,mqtt,713.16,565.05,6.495,6.609,-0.026,-0.001,0.512,-0.042,10.397,9.778,-0.0602,0.0248,0.047,0.0655,-0.0075,0.0033,25.01,24.97,16498,18808,2.062,2.351,6.187,7.053,391,391,40,40,0,0,0,0,,,,,,,,,,,,,,,,,0.0,0.0,0,0,915.7,665.7,0.8635,1.0919,1,1,0
2026-09-28T22:37:21.768837+09:00,53405624,75c9d598,2026-09-28T22:37:21.768837+09:00,2026-09-28T22:37:21.849688+09:00,rail-left-01,rail-right-01,0.6.7-draft,0.6.7-draft,mqtt,mqtt,714.4,566.04,6.414,6.688,-0.06,-0.011,-0.243,-0.461,10.463,9.748,-0.0613,0.0257,0.0492,0.0653,-0.0091,-0.0071,24.97,24.97,16297,18982,2.037,2.373,6.111,7.118,392,392,40,40,0,0,0,0,,,,,,,,,,,,,,,,,0.0,0.0,0,0,916.8,666.8,0.8635,1.0919,1,1,0
2026-09-28T22:37:21.788765+09:00,53425552,75c9d598,2026-09-28T22:37:21.788765+09:00,2026-09-28T22:37:21.869616+09:00,rail-left-01,rail-right-01,0.6.7-draft,0.6.7-draft,mqtt,mqtt,715.64,566.99,6.356,6.72,-0.263,-0.195,-0.116,-0.424,10.952,9.657,-0.0584,0.028,0.0461,0.0584,-0.0096,-0.004,24.96,24.98,16153,19053,2.019,2.382,6.057,7.145,393,393,40,40,0,0,0,0,,,,,,,,,,,,,,,,,0.0,0.0,0,0,917.9,667.9,0.8635,1.0919,1,1,0
2026-09-28T22:37:21.808743+09:00,53445530,75c9d598,2026-09-28T22:37:21.808743+09:00,2026-09-28T22:37:21.889594+09:00,rail-left-01,rail-right-01,0.6.7-draft,0.6.7-draft,mqtt,mqtt,716.84,567.93,6.385,6.735,0.042,0.048,-0.227,-0.17,10.518,9.808,-0.0681,0.0301,0.0324,0.0528,-0.0128,-0.0117,24.98,24.96,16225,19087,2.028,2.386,6.084,7.158,394,394,40,40,0,0,0,0,,,,,,,,,,,,,,,,,0.0,0.0,0,0,918.9,668.9,0.8635,1.0919,1,1,0
2026-09-28T22:37:21.829030+09:00,53465817,75c9d598,2026-09-28T22:37:21.829030+09:00,2026-09-28T22:37:21.909881+09:00,rail-left-01,rail-right-01,0.6.7-draft,0.6.7-draft,mqtt,mqtt,718.08,568.93,6.418,6.741,-0.138,-0.128,-0.007,-0.233,10.661,9.632,-0.0717,0.0328,0.0357,0.0566,-0.0069,-0.0084,24.97,24.97,16308,19100,2.039,2.388,6.116,7.163,395,395,40,40,0,0,0,0,,,,,,,,,,,,,,,,,0.0,0.0,0,0,920.0,670.0,0.8635,1.0919,1,1,0
2026-09-28T22:37:21.849061+09:00,53485848,75c9d598,2026-09-28T22:37:21.849061+09:00,2026-09-28T22:37:21.929912+09:00,rail-left-01,rail-right-01,0.6.7-draft,0.6.7-draft,mqtt,mqtt,719.32,569.87,6.44,6.727,0.016,0.059,0.037,-0.17,10.372,9.701,-0.0663,0.0346,0.0338,0.0554,-0.0111,-0.0099,24.95,24.97,16362,19069,2.045,2.384,6.136,7.151,396,396,40,40,0,0,0,0,,,,,,,,,,,,,,,,,0.0,0.0,0,0,921.1,671.1,0.8635,1.0919,1,1,0
2026-09-28T22:37:21.868827+09:00,53505614,75c9d598,2026-09-28T22:37:21.868827+09:00,2026-09-28T22:37:21.949678+09:00,rail-left-01,rail-right-01,0.6.7-draft,0.6.7-draft,mqtt,mqtt,720.57,570.87,6.435,6.721,-0.025,0.001,-0.049,-0.432,10.338,9.729,-0.0628,0.0292,0.0404,0.0609,-0.0103,-0.0085,24.98,24.96,16349,19056,2.044,2.382,6.131,7.146,397,397,40,40,0,0,0,0,,,,,,,,,,,,,,,,,0.0,0.0,0,0,922.1,672.1,0.8635,1.0919,1,1,0
2026-09-28T22:37:21.888792+09:00,53525579,75c9d598,2026-09-28T22:37:21.888792+09:00,2026-09-28T22:37:21.969643+09:00,rail-left-01,rail-right-01,0.6.7-draft,0.6.7-draft,mqtt,mqtt,721.81,571.81,6.386,6.71,0.067,0.09,0.164,-0.233,10.604,9.852,-0.0585,0.0302,0.0352,0.0532,-0.0073,-0.0048,24.98,25.0,16228,19032,2.029,2.379,6.086,7.137,398,398,40,40,0,0,0,0,,,,,,,,,,,,,,,,,0.0,0.0,0,0,923.2,673.2,0.8635,1.0919,1,1,0
2026-09-28T22:37:21.908866+09:00,53545653,75c9d598,2026-09-28T22:37:21.908866+09:00,2026-09-28T22:37:21.989717+09:00,rail-left-01,rail-right-01,0.6.7-draft,0.6.7-draft,mqtt,mqtt,723.0,572.75,6.368,6.698,-0.019,-0.067,0.037,-0.423,10.584,9.735,-0.0649,0.03,0.0421,0.0597,-0.0096,-0.0093,24.97,24.97,16182,19005,2.023,2.376,6.068,7.127,399,399,40,40,0,0,0,0,,,,,,,,,,,,,,,,,0.0,0.0,0,0,924.2,674.2,0.8635,1.0919,1,1,0
2026-09-28T22:37:21.929239+09:00,53566026,75c9d598,2026-09-28T22:37:21.929239+09:00,2026-09-28T22:37:22.010090+09:00,rail-left-01,rail-right-01,0.6.7-draft,0.6.7-draft,mqtt,mqtt,724.3,573.75,6.341,6.678,-0.144,-0.056,0.02,-0.208,10.792,9.695,-0.0657,0.0284,0.0385,0.0521,-0.0104,-0.0048,24.99,24.97,16115,18961,2.014,2.37,6.043,7.11,400,400,40,40,0,0,0,0,,,,,,,,,,,,,,,,,0.0,0.0,0,0,925.4,675.4,0.8635,1.0919,1,1,0
2026-09-28T22:37:22.053832+09:00,53692531,75c9d598,2026-09-28T22:37:22.053832+09:00,2026-09-28T22:37:22.130501+09:00,rail-left-01,rail-right-01,0.6.7-draft,0.6.7-draft,mqtt,mqtt,732.1,579.86,6.34,6.661,-0.122,-0.103,0.085,-0.17,10.463,9.766,-0.0675,0.0337,0.0326,0.0532,-0.0025,-0.0003,24.99,24.96,16112,18923,2.014,2.365,6.042,7.096,401,401,41,41,0,0,0,0,,,,,,,,,,,,,,,,,0.0,0.0,0,0,932.1,682.1,0.8635,1.0919,1,1,0
2026-09-28T22:37:22.073985+09:00,53712684,75c9d598,2026-09-28T22:37:22.073985+09:00,2026-09-28T22:37:22.150654+09:00,rail-left-01,rail-right-01,0.6.7-draft,0.6.7-draft,mqtt,mqtt,733.34,580.86,6.38,6.534,-0.13,-0.107,0.401,-0.346,10.646,9.736,-0.0722,0.0329,0.0366,0.0513,-0.0121,-0.0069,24.99,24.98,16213,18641,2.027,2.33,6.08,6.99,402,402,41,41,0,0,0,0,,,,,,,,,,,,,,,,,0.0,0.0,0,0,933.2,683.2,0.8635,1.0919,1,1,0
2026-09-28T22:37:22.093939+09:00,53732638,75c9d598,2026-09-28T22:37:22.093939+09:00,2026-09-28T22:37:22.170608+09:00,rail-left-01,rail-right-01,0.6.7-draft,0.6.7-draft,mqtt,mqtt,734.59,581.8,6.448,6.544,0.016,0.078,-0.196,-0.163,10.421,9.823,-0.0697,0.031,0.0324,0.0486,-0.0113,-0.0083,24.98,24.98,16381,18662,2.048,2.333,6.143,6.998,403,403,41,41,0,0,0,0,,,,,,,,,,,,,,,,,0.0,0.0,0,0,934.2,684.2,0.8635,1.0919,1,1,0
2026-09-28T22:37:22.113914+09:00,53752613,75c9d598,2026-09-28T22:37:22.113914+09:00,2026-09-28T22:37:22.190583+09:00,rail-left-01,rail-right-01,0.6.7-draft,0.6.7-draft,mqtt,mqtt,735.83,582.8,6.481,6.536,0.044,0.011,0.004,-0.303,10.503,9.876,-0.0662,0.0285,0.0362,0.054,-0.008,-0.0047,24.98,24.96,16465,18645,2.058,2.331,6.174,6.992,404,404,41,41,0,0,0,0,,,,,,,,,,,,,,,,,0.0,0.0,0,0,935.3,685.3,0.8635,1.0919,1,1,0
2026-09-28T22:37:22.134234+09:00,53772933,75c9d598,2026-09-28T22:37:22.134234+09:00,2026-09-28T22:37:22.210903+09:00,rail-left-01,rail-right-01,0.6.7-draft,0.6.7-draft,mqtt,mqtt,737.07,583.74,6.49,6.538,0.063,0.11,0.18,-0.229,10.444,9.553,-0.0658,0.0312,0.0382,0.0556,-0.0056,-0.0061,24.98,24.99,16486,18649,2.061,2.331,6.182,6.993,405,405,41,41,0,0,0,0,,,,,,,,,,,,,,,,,0.0,0.0,0,0,936.4,686.4,0.8635,1.0919,1,1,0
2026-09-28T22:37:22.154217+09:00,53792916,75c9d598,2026-09-28T22:37:22.154217+09:00,2026-09-28T22:37:22.230886+09:00,rail-left-01,rail-right-01,0.6.7-draft,0.6.7-draft,mqtt,mqtt,738.32,584.74,6.509,6.529,-0.004,-0.006,0.047,-0.122,10.354,9.692,-0.0648,0.028,0.0337,0.054,-0.0053,-0.0035,24.97,24.97,16534,18629,2.067,2.329,6.2,6.986,406,406,41,41,0,0,0,0,,,,,,,,,,,,,,,,,0.0,0.0,0,0,937.5,687.5,0.8635,1.0919,1,1,0
2026-09-28T22:37:22.174091+09:00,53812790,75c9d598,2026-09-28T22:37:22.174091+09:00,2026-09-28T22:37:22.250760+09:00,rail-left-01,rail-right-01,0.6.7-draft,0.6.7-draft,mqtt,mqtt,739.56,585.68,6.52,6.531,0.048,0.007,0.196,-0.087,10.29,9.546,-0.0655,0.031,0.0424,0.0636,-0.0089,-0.0071,24.97,24.97,16561,18634,2.07,2.329,6.21,6.988,407,407,41,41,0,0,0,0,,,,,,,,,,,,,,,,,0.0,0.0,0,0,938.5,688.5,0.8635,1.0919,1,1,0
2026-09-28T22:37:22.193950+09:00,53832649,75c9d598,2026-09-28T22:37:22.193950+09:00,2026-09-28T22:37:22.270619+09:00,rail-left-01,rail-right-01,0.6.7-draft,0.6.7-draft,mqtt,mqtt,740.8,586.63,6.526,6.549,-0.024,-0.025,0.071,-0.302,10.481,9.748,-0.0721,0.031,0.0369,0.0574,-0.0063,0.0012,24.97,24.96,16576,18675,2.072,2.334,6.216,7.003,408,408,41,41,0,0,0,0,,,,,,,,,,,,,,,,,0.0,0.0,0,0,939.6,689.6,0.8635,1.0919,1,1,0
2026-09-28T22:37:22.213878+09:00,53852577,75c9d598,2026-09-28T22:37:22.213878+09:00,2026-09-28T22:37:22.290547+09:00,rail-left-01,rail-right-01,0.6.7-draft,0.6.7-draft,mqtt,mqtt,742.0,587.62,6.537,6.556,0.016,0.075,0.05,-0.233,10.386,9.744,-0.0663,0.0333,0.0364,0.0562,-0.0045,-0.0045,24.99,24.95,16603,18690,2.075,2.336,6.226,7.009,409,409,41,41,0,0,0,0,,,,,,,,,,,,,,,,,0.0,0.0,0,0,940.6,690.6,0.8635,1.0919,1,1,0
2026-09-28T22:37:22.234154+09:00,53872853,75c9d598,2026-09-28T22:37:22.234154+09:00,2026-09-28T22:37:22.310823+09:00,rail-left-01,rail-right-01,0.6.7-draft,0.6.7-draft,mqtt,mqtt,743.29,588.56,6.54,6.561,-0.026,-0.061,-0.002,-0.4,10.624,9.65,-0.0673,0.0306,0.0397,0.056,-0.0048,-0.0035,24.97,24.95,16610,18700,2.076,2.338,6.229,7.013,410,410,41,41,0,0,0,0,,,,,,,,,,,,,,,,,0.0,0.0,0,0,941.8,691.8,0.8635,1.0919,1,1,0
2026-09-28T22:37:22.361663+09:00,53995438,75c9d598,2026-09-28T22:37:22.361663+09:00,2026-09-28T22:37:22.440444+09:00,rail-left-01,rail-right-01,0.6.7-draft,0.6.7-draft,mqtt,mqtt,750.85,594.53,6.542,6.559,0.034,0.15,-0.15,-0.184,10.427,9.596,-0.0614,0.0344,0.0346,0.0526,-0.0056,-0.0065,24.99,24.96,16617,18696,2.077,2.337,6.231,7.011,411,411,42,42,0,0,0,0,,,,,,,,,,,,,,,,,0.0,0.0,0,0,948.3,698.3,0.8635,1.0919,1,1,0
2026-09-28T22:37:22.381817+09:00,54015592,75c9d598,2026-09-28T22:37:22.381817+09:00,2026-09-28T22:37:22.460598+09:00,rail-left-01,rail-right-01,0.6.7-draft,0.6.7-draft,mqtt,mqtt,752.09,595.48,6.744,6.539,-0.048,-0.083,0.042,-0.242,10.263,9.805,-0.0622,0.0329,0.0341,0.052,-0.0075,-0.0049,24.98,24.99,17119,18652,2.14,2.332,6.42,6.995,412,412,42,42,0,0,0,0,,,,,,,,,,,,,,,,,0.0,0.0,0,0,949.4,699.4,0.8635,1.0919,1,1,0
2026-09-28T22:37:22.401769+09:00,54035544,75c9d598,2026-09-28T22:37:22.401769+09:00,2026-09-28T22:37:22.480550+09:00,rail-left-01,rail-right-01,0.6.7-draft,0.6.7-draft,mqtt,mqtt,753.28,596.47,6.754,6.526,0.054,-0.007,-0.002,-0.263,10.57,9.925,-0.0648,0.0329,0.0378,0.0569,-0.0109,-0.0119,24.98,24.96,17144,18623,2.143,2.328,6.429,6.984,413,413,42,42,0,0,0,0,,,,,,,,,,,,,,,,,0.0,0.0,0,0,950.4,700.4,0.8635,1.0919,1,1,0
2026-09-28T22:37:22.421835+09:00,54055610,75c9d598,2026-09-28T22:37:22.421835+09:00,2026-09-28T22:37:22.500616+09:00,rail-left-01,rail-right-01,0.6.7-draft,0.6.7-draft,mqtt,mqtt,754.52,597.41,6.755,6.523,-0.08,-0.095,0.215,-0.279,10.574,9.552,-0.063,0.0305,0.0426,0.0541,-0.0059,-0.0003,24.96,24.99,17145,18617,2.143,2.327,6.429,6.981,414,414,42,42,0,0,0,0,,,,,,,,,,,,,,,,,0.0,0.0,0,0,951.5,701.5,0.8635,1.0919,1,1,0
2026-09-28T22:37:22.442151+09:00,54075926,75c9d598,2026-09-28T22:37:22.442151+09:00,2026-09-28T22:37:22.520932+09:00,rail-left-01,rail-right-01,0.6.7-draft,0.6.7-draft,mqtt,mqtt,755.77,598.41,6.745,6.512,0.099,0.092,0.026,-0.12,10.581,9.867,-0.064,0.0313,0.0348,0.057,-0.0075,-0.0081,24.99,24.97,17120,18592,2.14,2.324,6.42,6.972,415,415,42,42,0,0,0,0,,,,,,,,,,,,,,,,,0.0,0.0,0,0,952.5,702.5,0.8635,1.0919,1,1,0
2026-09-28T22:37:22.462167+09:00,54095942,75c9d598,2026-09-28T22:37:22.462167+09:00,2026-09-28T22:37:22.540948+09:00,rail-left-01,rail-right-01,0.6.7-draft,0.6.7-draft,mqtt,mqtt,757.01,599.35,6.757,6.518,-0.023,-0.049,0.005,-0.19,10.451,9.813,-0.0654,0.0345,0.0377,0.0568,-0.0053,-0.0025,24.99,24.98,17150,18606,2.144,2.326,6.431,6.977,416,416,42,42,0,0,0,0,,,,,,,,,,,,,,,,,0.0,0.0,0,0,953.6,703.6,0.8635,1.0919,1,1,0
2026-09-28T22:37:22.481744+09:00,54115519,75c9d598,2026-09-28T22:37:22.481744+09:00,2026-09-28T22:37:22.560525+09:00,rail-left-01,rail-right-01,0.6.7-draft,0.6.7-draft,mqtt,mqtt,758.2,600.3,6.757,6.518,0.056,0.053,0.004,-0.321,10.432,9.876,-0.0625,0.0272,0.0418,0.0588,-0.0085,-0.0055,24.98,24.97,17150,18606,2.144,2.326,6.431,6.977,417,417,42,42,0,0,0,0,,,,,,,,,,,,,,,,,0.0,0.0,0,0,954.6,704.6,0.8635,1.0919,1,1,0
2026-09-28T22:37:22.501703+09:00,54135478,75c9d598,2026-09-28T22:37:22.501703+09:00,2026-09-28T22:37:22.580484+09:00,rail-left-01,rail-right-01,0.6.7-draft,0.6.7-draft,mqtt,mqtt,759.45,601.29,6.731,6.534,0.029,0.03,0.146,-0.326,10.421,9.679,-0.0636,0.0322,0.0404,0.0549,-0.0079,-0.0032,24.98,24.98,17087,18640,2.136,2.33,6.408,6.99,418,418,42,42,0,0,0,0,,,,,,,,,,,,,,,,,0.0,0.0,0,0,955.7,705.7,0.8635,1.0919,1,1,0
2026-09-28T22:37:22.521818+09:00,54155593,75c9d598,2026-09-28T22:37:22.521818+09:00,2026-09-28T22:37:22.600599+09:00,rail-left-01,rail-right-01,0.6.7-draft,0.6.7-draft,mqtt,mqtt,760.64,602.24,6.74,6.541,0.042,0.028,0.117,-0.23,10.525,9.589,-0.0612,0.032,0.0406,0.056,-0.0097,-0.0084,24.99,24.97,17109,18656,2.139,2.332,6.416,6.996,419,419,42,42,0,0,0,0,,,,,,,,,,,,,,,,,0.0,0.0,0,0,956.7,706.7,0.8635,1.0919,1,1,0
2026-09-28T22:37:22.542164+09:00,54175939,75c9d598,2026-09-28T22:37:22.542164+09:00,2026-09-28T22:37:22.620945+09:00,rail-left-01,rail-right-01,0.6.7-draft,0.6.7-draft,mqtt,mqtt,761.88,603.23,6.732,6.534,0.03,0.059,-0.035,-0.196,10.171,9.547,-0.0644,0.0377,0.0368,0.0553,-0.0052,-0.0045,24.99,24.96,17090,18641,2.136,2.33,6.409,6.99,420,420,42,42,0,0,0,0,,,,,,,,,,,,,,,,,0.0,0.0,0,0,957.8,707.8,0.8635,1.0919,1,1,0
2026-09-28T22:37:22.671721+09:00,54306670,75c9d598,2026-09-28T22:37:22.671721+09:00,2026-09-28T22:37:22.710691+09:00,rail-left-01,rail-right-01,0.6.7-draft,0.6.7-draft,mqtt,mqtt,769.89,609.55,6.734,6.527,-0.01,0.034,-0.036,-0.231,10.348,9.736,-0.0673,0.0348,0.0332,0.0548,-0.0087,-0.0059,24.98,24.96,17095,18625,2.137,2.328,6.411,6.984,421,421,43,43,0,0,0,0,,,,,,,,,,,,,,,,,0.0,0.0,0,0,964.7,714.7,0.8635,1.0919,1,1,0
2026-09-28T22:37:22.691607+09:00,54326555,75c9d598,2026-09-28T22:37:22.691607+09:00,2026-09-28T22:37:22.730576+09:00,rail-left-01,rail-right-01,0.6.7-draft,0.6.7-draft,mqtt,mqtt,771.08,610.49,6.74,6.473,0.004,-0.03,0.119,-0.347,10.475,9.76,-0.0648,0.0374,0.0337,0.0494,-0.0077,-0.0027,24.99,24.96,17109,18505,2.139,2.313,6.416,6.939,422,422,43,43,0,0,0,0,,,,,,,,,,,,,,,,,0.0,0.0,0,0,965.8,715.8,0.8635,1.0919,1,1,0
2026-09-28T22:37:22.711539+09:00,54346488,75c9d598,2026-09-28T22:37:22.711539+09:00,2026-09-28T22:37:22.750509+09:00,rail-left-01,rail-right-01,0.6.7-draft,0.6.7-draft,mqtt,mqtt,772.32,611.48,6.743,6.443,0.048,0.078,0.072,-0.196,10.344,9.58,-0.0657,0.0368,0.0398,0.0561,-0.0027,-0.0044,24.98,24.99,17115,18438,2.139,2.305,6.418,6.914,423,423,43,43,0,0,0,0,,,,,,,,,,,,,,,,,0.0,0.0,0,0,966.8,716.8,0.8635,1.0919,1,1,0
2026-09-28T22:37:22.731714+09:00,54366662,75c9d598,2026-09-28T22:37:22.731714+09:00,2026-09-28T22:37:22.770683+09:00,rail-left-01,rail-right-01,0.6.7-draft,0.6.7-draft,mqtt,mqtt,773.52,612.48,6.744,6.435,-0.001,-0.028,-0.084,-0.323,10.469,9.626,-0.0663,0.0341,0.0374,0.06,-0.0089,-0.0119,24.97,24.99,17119,18422,2.14,2.303,6.42,6.908,424,424,43,43,0,0,0,0,,,,,,,,,,,,,,,,,0.0,0.0,0,0,967.9,717.9,0.8635,1.0919,1,1,0
2026-09-28T22:37:22.751846+09:00,54386795,75c9d598,2026-09-28T22:37:22.751846+09:00,2026-09-28T22:37:22.790816+09:00,rail-left-01,rail-right-01,0.6.7-draft,0.6.7-draft,mqtt,mqtt,774.76,613.42,6.73,6.421,0.014,0.038,0.273,0.011,10.537,9.687,-0.064,0.0346,0.0396,0.0556,-0.0027,0.0015,24.97,24.99,17083,18389,2.135,2.299,6.406,6.896,425,425,43,43,0,0,0,0,,,,,,,,,,,,,,,,,0.0,0.0,0,0,968.9,718.9,0.8635,1.0919,1,1,0
2026-09-28T22:37:22.771853+09:00,54406801,75c9d598,2026-09-28T22:37:22.771853+09:00,2026-09-28T22:37:22.810822+09:00,rail-left-01,rail-right-01,0.6.7-draft,0.6.7-draft,mqtt,mqtt,775.95,614.42,6.723,6.434,-0.074,-0.068,0.248,-0.308,10.41,9.64,-0.0682,0.0322,0.0418,0.0562,-0.0124,-0.0065,24.99,24.95,17066,18418,2.133,2.302,6.4,6.907,426,426,43,43,0,0,0,0,,,,,,,,,,,,,,,,,0.0,0.0,0,0,970.0,720.0,0.8635,1.0919,1,1,0
2026-09-28T22:37:22.791589+09:00,54426538,75c9d598,2026-09-28T22:37:22.791589+09:00,2026-09-28T22:37:22.830559+09:00,rail-left-01,rail-right-01,0.6.7-draft,0.6.7-draft,mqtt,mqtt,777.15,615.36,6.721,6.441,0.084,0.077,-0.086,-0.26,10.375,9.538,-0.0677,0.0333,0.0426,0.0604,-0.0071,-0.0065,24.97,24.98,17062,18434,2.133,2.304,6.398,6.913,427,427,43,43,0,0,0,0,,,,,,,,,,,,,,,,,0.0,0.0,0,0,971.0,721.0,0.8635,1.0919,1,1,0
2026-09-28T22:37:22.811550+09:00,54446498,75c9d598,2026-09-28T22:37:22.811550+09:00,2026-09-28T22:37:22.850519+09:00,rail-left-01,rail-right-01,0.6.7-draft,0.6.7-draft,mqtt,mqtt,778.34,616.36,6.701,6.43,0.026,0.004,0.001,-0.198,10.272,10.007,-0.0674,0.038,0.0396,0.0572,-0.0029,-0.0048,24.95,24.97,17011,18411,2.126,2.301,6.379,6.904,428,428,43,43,0,0,0,0,,,,,,,,,,,,,,,,,0.0,0.0,0,0,972.0,722.0,0.8635,1.0919,1,1,0
2026-09-28T22:37:22.831674+09:00,54466622,75c9d598,2026-09-28T22:37:22.831674+09:00,2026-09-28T22:37:22.870643+09:00,rail-left-01,rail-right-01,0.6.7-draft,0.6.7-draft,mqtt,mqtt,779.58,617.3,6.691,6.448,0.093,0.104,0.107,-0.358,10.427,9.74,-0.0642,0.0329,0.0442,0.061,-0.0068,-0.0077,24.99,24.99,16988,18451,2.124,2.306,6.371,6.919,429,429,43,43,0,0,0,0,,,,,,,,,,,,,,,,,0.0,0.0,0,0,973.1,723.1,0.8635,1.0919,1,1,0
2026-09-28T22:37:22.851741+09:00,54486690,75c9d598,2026-09-28T22:37:22.851741+09:00,2026-09-28T22:37:22.890711+09:00,rail-left-01,rail-right-01,0.6.7-draft,0.6.7-draft,mqtt,mqtt,780.78,618.3,6.682,6.449,-0.163,-0.148,0.12,-0.132,10.398,9.667,-0.0661,0.0306,0.0368,0.0536,-0.0059,-0.0043,24.97,24.98,16965,18453,2.121,2.307,6.362,6.92,430,430,43,43,0,0,0,0,,,,,,,,,,,,,,,,,0.0,0.0,0,0,974.1,724.1,0.8635,1.0919,1,1,0
2026-09-28T22:37:22.941117+09:00,54572465,75c9d598,2026-09-28T22:37:22.941117+09:00,2026-09-28T22:37:23.018943+09:00,rail-left-01,rail-right-01,0.6.7-draft,0.6.7-draft,mqtt,mqtt,786.0,622.42,6.687,6.448,-0.022,0.011,0.187,-0.123,10.374,9.744,-0.0657,0.0317,0.0372,0.0517,-0.0039,-0.0008,24.97,24.98,16976,18449,2.122,2.306,6.366,6.918,431,431,44,44,0,0,0,0,,,,,,,,,,,,,,,,,0.0,0.0,0,0,978.6,728.6,0.8635,1.0919,1,1,0
2026-09-28T22:37:22.961173+09:00,54592521,75c9d598,2026-09-28T22:37:22.961173+09:00,2026-09-28T22:37:23.038999+09:00,rail-left-01,rail-right-01,0.6.7-draft,0.6.7-draft,mqtt,mqtt,787.24,623.42,6.678,6.458,0.116,0.12,0.097,-0.255,10.441,9.653,-0.0674,0.0344,0.0422,0.0574,-0.0059,-0.0065,24.99,24.98,16954,18473,2.119,2.309,6.358,6.927,432,432,44,44,0,0,0,0,,,,,,,,,,,,,,,,,0.0,0.0,0,0,979.7,729.7,0.8635,1.0919,1,1,0
2026-09-28T22:37:22.981177+09:00,54612525,75c9d598,2026-09-28T22:37:22.981177+09:00,2026-09-28T22:37:23.059003+09:00,rail-left-01,rail-right-01,0.6.7-draft,0.6.7-draft,mqtt,mqtt,788.43,624.36,6.674,6.468,-0.051,-0.024,0.147,-0.048,10.46,9.797,-0.0666,0.0352,0.0386,0.0538,-0.0044,-0.0043,24.97,24.98,16944,18494,2.118,2.312,6.354,6.935,433,433,44,44,0,0,0,0,,,,,,,,,,,,,,,,,0.0,0.0,0,0,980.7,730.7,0.8635,1.0919,1,1,0
2026-09-28T22:37:23.001145+09:00,54632493,75c9d598,2026-09-28T22:37:23.001145+09:00,2026-09-28T22:37:23.078971+09:00,rail-left-01,rail-right-01,0.6.7-draft,0.6.7-draft,mqtt,mqtt,789.68,625.36,6.685,6.475,-0.002,0.023,-0.025,-0.365,10.505,9.544,-0.0663,0.0365,0.0393,0.0569,-0.0085,-0.0075,24.98,24.99,16972,18510,2.122,2.314,6.365,6.941,434,434,44,44,0,0,0,0,,,,,,,,,,,,,,,,,0.0,0.0,0,0,981.8,731.8,0.8635,1.0919,1,1,0
2026-09-28T22:37:23.021219+09:00,54652567,75c9d598,2026-09-28T22:37:23.021219+09:00,2026-09-28T22:37:23.099045+09:00,rail-left-01,rail-right-01,0.6.7-draft,0.6.7-draft,mqtt,mqtt,790.87,626.35,6.663,6.466,-0.102,-0.004,0.168,-0.235,10.494,9.78,-0.0648,0.0408,0.0368,0.0524,-0.0037,-0.006,24.98,24.98,16916,18490,2.115,2.311,6.344,6.934,435,435,44,44,0,0,0,0,,,,,,,,,,,,,,,,,0.0,0.0,0,0,982.8,732.8,0.8635,1.0919,1,1,0
2026-09-28T22:37:23.041216+09:00,54672564,75c9d598,2026-09-28T22:37:23.041216+09:00,2026-09-28T22:37:23.119042+09:00,rail-left-01,rail-right-01,0.6.7-draft,0.6.7-draft,mqtt,mqtt,792.11,627.3,6.67,6.479,-0.006,-0.001,0.146,-0.436,10.335,9.694,-0.0625,0.0284,0.0416,0.0597,-0.004,-0.0056,24.98,24.97,16934,18519,2.117,2.315,6.35,6.945,436,436,44,44,0,0,0,0,,,,,,,,,,,,,,,,,0.0,0.0,0,0,983.9,733.9,0.8635,1.0919,1,1,0
2026-09-28T22:37:23.061224+09:00,54692572,75c9d598,2026-09-28T22:37:23.061224+09:00,2026-09-28T22:37:23.139050+09:00,rail-left-01,rail-right-01,0.6.7-draft,0.6.7-draft,mqtt,mqtt,793.3,628.29,6.675,6.495,0.024,0.024,0.145,-0.141,10.369,9.859,-0.0604,0.0284,0.0414,0.0569,-0.0088,-0.0064,24.99,24.96,16946,18554,2.118,2.319,6.355,6.958,437,437,44,44,0,0,0,0,,,,,,,,,,,,,,,,,0.0,0.0,0,0,984.9,734.9,0.8635,1.0919,1,1,0
2026-09-28T22:37:23.081182+09:00,54712530,75c9d598,2026-09-28T22:37:23.081182+09:00,2026-09-28T22:37:23.159008+09:00,rail-left-01,rail-right-01,0.6.7-draft,0.6.7-draft,mqtt,mqtt,794.55,629.23,6.665,6.518,0.012,-0.035,0.107,-0.19,10.439,9.787,-0.0648,0.0304,0.0397,0.0568,-0.0072,-0.0029,24.99,24.96,16923,18605,2.115,2.326,6.346,6.977,438,438,44,44,0,0,0,0,,,,,,,,,,,,,,,,,0.0,0.0,0,0,986.0,736.0,0.8635,1.0919,1,1,0
2026-09-28T22:37:23.101133+09:00,54732481,75c9d598,2026-09-28T22:37:23.101133+09:00,2026-09-28T22:37:23.178959+09:00,rail-left-01,rail-right-01,0.6.7-draft,0.6.7-draft,mqtt,mqtt,795.74,630.18,6.673,6.527,-0.029,-0.007,-0.007,-0.324,10.5,9.652,-0.0652,0.0318,0.0414,0.056,-0.0025,-0.0048,24.96,24.98,16942,18626,2.118,2.328,6.353,6.985,439,439,44,44,0,0,0,0,,,,,,,,,,,,,,,,,0.0,0.0,0,0,987.0,737.0,0.8635,1.0919,1,1,0
2026-09-28T22:37:23.121182+09:00,54752530,75c9d598,2026-09-28T22:37:23.121182+09:00,2026-09-28T22:37:23.199008+09:00,rail-left-01,rail-right-01,0.6.7-draft,0.6.7-draft,mqtt,mqtt,796.98,631.17,6.657,6.533,0.041,0.051,0.068,-0.352,10.438,9.662,-0.0633,0.036,0.0438,0.0576,-0.0051,-0.0036,24.99,25.01,16901,18638,2.113,2.33,6.338,6.989,440,440,44,44,0,0,0,0,,,,,,,,,,,,,,,,,0.0,0.0,0,0,988.1,738.1,0.8635,1.0919,1,1,0
2026-09-28T22:37:23.246195+09:00,54880450,75c9d598,2026-09-28T22:37:23.246195+09:00,2026-09-28T22:37:23.327302+09:00,rail-left-01,rail-right-01,0.6.7-draft,0.6.7-draft,mqtt,mqtt,804.74,637.39,6.653,6.538,-0.038,-0.011,0.148,-0.156,10.615,9.792,-0.0687,0.0329,0.037,0.0544,-0.0055,-0.0057,25.0,24.96,16891,18650,2.111,2.331,6.334,6.994,441,441,45,45,0,0,0,0,,,,,,,,,,,,,,,,,0.0,0.0,0,0,994.8,744.8,0.8635,1.0919,1,1,0
2026-09-28T22:37:23.266237+09:00,54900492,75c9d598,2026-09-28T22:37:23.266237+09:00,2026-09-28T22:37:23.347344+09:00,rail-left-01,rail-right-01,0.6.7-draft,0.6.7-draft,mqtt,mqtt,805.93,638.33,6.577,6.553,0.028,0.007,0.024,-0.356,10.461,9.631,-0.067,0.0324,0.0382,0.0558,-0.0067,-0.0067,24.98,24.98,16703,18683,2.088,2.335,6.264,7.006,442,442,45,45,0,0,0,0,,,,,,,,,,,,,,,,,0.0,0.0,0,0,995.8,745.8,0.8635,1.0919,1,1,0
2026-09-28T22:37:23.286370+09:00,54920624,75c9d598,2026-09-28T22:37:23.286370+09:00,2026-09-28T22:37:23.367476+09:00,rail-left-01,rail-right-01,0.6.7-draft,0.6.7-draft,mqtt,mqtt,807.18,639.33,6.587,6.545,0.057,0.077,-0.017,-0.304,10.309,9.761,-0.0719,0.0326,0.0368,0.0525,-0.0064,-0.0091,24.98,24.96,16727,18665,2.091,2.333,6.273,6.999,443,443,45,45,0,0,0,0,,,,,,,,,,,,,,,,,0.0,0.0,0,0,996.9,746.9,0.8635,1.0919,1,1,0
2026-09-28T22:37:23.306324+09:00,54940579,75c9d598,2026-09-28T22:37:23.306324+09:00,2026-09-28T22:37:23.387431+09:00,rail-left-01,rail-right-01,0.6.7-draft,0.6.7-draft,mqtt,mqtt,808.37,640.27,6.633,6.555,0.004,-0.012,-0.006,-0.198,10.434,9.641,-0.0702,0.0325,0.0388,0.0558,-0.0081,-0.0063,24.99,24.96,16843,18687,2.105,2.336,6.316,7.008,444,444,45,45,0,0,0,0,,,,,,,,,,,,,,,,,0.0,0.0,0,0,998.0,748.0,0.8635,1.0919,1,1,0
2026-09-28T22:37:23.326203+09:00,54960457,75c9d598,2026-09-28T22:37:23.326203+09:00,2026-09-28T22:37:23.407309+09:00,rail-left-01,rail-right-01,0.6.7-draft,0.6.7-draft,mqtt,mqtt,809.61,641.27,6.648,6.561,-0.007,0.005,0.096,-0.283,10.356,9.639,-0.0675,0.0304,0.0366,0.0561,-0.0095,-0.0036,25.0,24.97,16879,18700,2.11,2.338,6.33,7.013,445,445,45,45,0,0,0,0,,,,,,,,,,,,,,,,,0.0,0.0,0,0,999.0,749.0,0.8635,1.0919,1,1,0
2026-09-28T22:37:23.346189+09:00,54980443,75c9d598,2026-09-28T22:37:23.346189+09:00,2026-09-28T22:37:23.427295+09:00,rail-left-01,rail-right-01,0.6.7-draft,0.6.7-draft,mqtt,mqtt,810.81,642.21,6.64,6.543,-0.011,-0.023,0.153,-0.262,10.532,9.728,-0.0641,0.0285,0.035,0.0552,-0.0087,-0.0035,24.96,24.97,16861,18660,2.108,2.333,6.323,6.998,446,446,45,45,0,0,0,0,,,,,,,,,,,,,,,,,0.0,0.0,0,0,1000.1,750.1,0.8635,1.0919,1,1,0
2026-09-28T22:37:23.366336+09:00,55000590,75c9d598,2026-09-28T22:37:23.366336+09:00,2026-09-28T22:37:23.447442+09:00,rail-left-01,rail-right-01,0.6.7-draft,0.6.7-draft,mqtt,mqtt,812.0,643.21,6.638,6.527,0.035,0.092,0.038,-0.327,10.378,9.694,-0.0655,0.026,0.037,0.0536,-0.0056,0.0009,24.99,24.99,16854,18625,2.107,2.328,6.32,6.984,447,447,45,45,0,0,0,0,,,,,,,,,,,,,,,,,0.0,0.0,0,0,1001.1,751.1,0.8635,1.0919,1,1,0
2026-09-28T22:37:23.386289+09:00,55020543,75c9d598,2026-09-28T22:37:23.386289+09:00,2026-09-28T22:37:23.467395+09:00,rail-left-01,rail-right-01,0.6.7-draft,0.6.7-draft,mqtt,mqtt,813.24,644.15,6.616,6.485,-0.038,-0.014,-0.209,-0.492,10.461,9.841,-0.0709,0.023,0.0328,0.0501,-0.0065,-0.0028,24.97,24.98,16801,18531,2.1,2.316,6.3,6.949,448,448,45,45,0,0,0,0,,,,,,,,,,,,,,,,,0.0,0.0,0,0,1002.2,752.2,0.8635,1.0919,1,1,0
2026-09-28T22:37:23.406276+09:00,55040531,75c9d598,2026-09-28T22:37:23.406276+09:00,2026-09-28T22:37:23.487383+09:00,rail-left-01,rail-right-01,0.6.7-draft,0.6.7-draft,mqtt,mqtt,814.43,645.14,6.59,6.434,0.013,-0.01,0.247,-0.091,10.955,9.942,-0.0663,0.0265,0.0398,0.0548,-0.006,-0.0081,24.98,24.96,16736,18418,2.092,2.302,6.276,6.907,449,449,45,45,0,0,0,0,,,,,,,,,,,,,,,,,0.0,0.0,0,0,1003.2,753.2,0.8635,1.0919,1,1,0
2026-09-28T22:37:23.426799+09:00,55061053,75c9d598,2026-09-28T22:37:23.426799+09:00,2026-09-28T22:37:23.507905+09:00,rail-left-01,rail-right-01,0.6.7-draft,0.6.7-draft,mqtt,mqtt,815.73,646.14,6.621,6.439,-0.026,-0.049,-0.032,-0.132,10.586,9.984,-0.055,0.0286,0.0309,0.0508,-0.0064,-0.0059,24.97,24.97,16812,18430,2.102,2.304,6.305,6.911,450,450,45,45,0,0,0,0,,,,,,,,,,,,,,,,,0.0,0.0,0,0,1004.3,754.3,0.8635,1.0919,1,1,0
2026-09-28T22:37:23.559197+09:00,55193472,75c9d598,2026-09-28T22:37:23.559197+09:00,2026-09-28T22:37:23.637633+09:00,rail-left-01,rail-right-01,0.6.7-draft,0.6.7-draft,mqtt,mqtt,823.78,652.55,6.644,6.434,0.128,0.065,-0.005,-0.242,10.398,9.698,-0.0632,0.0317,0.04,0.0588,-0.0048,-0.0065,24.99,24.97,16869,18419,2.109,2.302,6.326,6.907,451,451,46,46,0,0,0,0,,,,,,,,,,,,,,,,,0.0,0.0,0,0,1011.3,761.3,0.8635,1.0919,1,1,0
2026-09-28T22:37:23.579318+09:00,55213593,75c9d598,2026-09-28T22:37:23.579318+09:00,2026-09-28T22:37:23.657754+09:00,rail-left-01,rail-right-01,0.6.7-draft,0.6.7-draft,mqtt,mqtt,824.98,653.55,6.55,6.409,-0.026,-0.002,0.151,-0.286,10.36,9.561,-0.0659,0.0346,0.0432,0.054,-0.0068,-0.0069,24.98,24.98,16635,18363,2.079,2.295,6.238,6.886,452,452,46,46,0,0,0,0,,,,,,,,,,,,,,,,,0.0,0.0,0,0,1012.3,762.3,0.8635,1.0919,1,1,0
2026-09-28T22:37:23.599252+09:00,55233527,75c9d598,2026-09-28T22:37:23.599252+09:00,2026-09-28T22:37:23.677688+09:00,rail-left-01,rail-right-01,0.6.7-draft,0.6.7-draft,mqtt,mqtt,826.22,654.49,6.553,6.413,-0.074,0.006,0.145,-0.075,10.191,9.574,-0.0581,0.0266,0.0384,0.0533,-0.0099,-0.0071,24.98,24.97,16643,18372,2.08,2.297,6.241,6.89,453,453,46,46,0,0,0,0,,,,,,,,,,,,,,,,,0.0,0.0,0,0,1013.4,763.4,0.8635,1.0919,1,1,0
2026-09-28T22:37:23.619186+09:00,55253461,75c9d598,2026-09-28T22:37:23.619186+09:00,2026-09-28T22:37:23.697622+09:00,rail-left-01,rail-right-01,0.6.7-draft,0.6.7-draft,mqtt,mqtt,827.41,655.49,6.552,6.418,0.04,-0.034,0.042,-0.266,10.405,9.628,-0.0594,0.0313,0.0438,0.0624,-0.0133,-0.0105,24.98,24.96,16641,18384,2.08,2.298,6.24,6.894,454,454,46,46,0,0,0,0,,,,,,,,,,,,,,,,,0.0,0.0,0,0,1014.4,764.4,0.8635,1.0919,1,1,0
2026-09-28T22:37:23.639220+09:00,55273495,75c9d598,2026-09-28T22:37:23.639220+09:00,2026-09-28T22:37:23.717656+09:00,rail-left-01,rail-right-01,0.6.7-draft,0.6.7-draft,mqtt,mqtt,828.65,656.43,6.529,6.43,0.017,0.062,0.004,-0.381,10.427,9.571,-0.0662,0.0286,0.0426,0.0598,-0.0101,-0.0045,24.99,24.97,16583,18410,2.073,2.301,6.219,6.904,455,455,46,46,0,0,0,0,,,,,,,,,,,,,,,,,0.0,0.0,0,0,1015.5,765.5,0.8635,1.0919,1,1,0
2026-09-28T22:37:23.659184+09:00,55293459,75c9d598,2026-09-28T22:37:23.659184+09:00,2026-09-28T22:37:23.737620+09:00,rail-left-01,rail-right-01,0.6.7-draft,0.6.7-draft,mqtt,mqtt,829.85,657.42,6.512,6.441,-0.132,-0.122,0.03,-0.363,10.529,9.679,-0.0629,0.0302,0.0445,0.0588,-0.0076,-0.0065,24.98,24.97,16541,18434,2.068,2.304,6.203,6.913,456,456,46,46,0,0,0,0,,,,,,,,,,,,,,,,,0.0,0.0,0,0,1016.5,766.5,0.8635,1.0919,1,1,0
2026-09-28T22:37:23.679427+09:00,55313702,75c9d598,2026-09-28T22:37:23.679427+09:00,2026-09-28T22:37:23.757863+09:00,rail-left-01,rail-right-01,0.6.7-draft,0.6.7-draft,mqtt,mqtt,831.09,658.37,6.513,6.441,0.084,0.104,-0.045,-0.09,10.374,9.798,-0.065,0.0318,0.0418,0.0553,-0.0072,-0.0085,24.99,24.99,16544,18434,2.068,2.304,6.204,6.913,457,457,46,46,0,0,0,0,,,,,,,,,,,,,,,,,0.0,0.0,0,0,1017.6,767.6,0.8635,1.0919,1,1,0
2026-09-28T22:37:23.699255+09:00,55333530,75c9d598,2026-09-28T22:37:23.699255+09:00,2026-09-28T22:37:23.777691+09:00,rail-left-01,rail-right-01,0.6.7-draft,0.6.7-draft,mqtt,mqtt,832.33,659.36,6.505,6.441,-0.059,-0.071,0.083,-0.176,10.569,9.665,-0.0621,0.029,0.0426,0.0576,-0.0095,-0.0051,24.97,24.97,16524,18434,2.066,2.304,6.196,6.913,458,458,46,46,0,0,0,0,,,,,,,,,,,,,,,,,0.0,0.0,0,0,1018.6,768.6,0.8635,1.0919,1,1,0
2026-09-28T22:37:23.719207+09:00,55353482,75c9d598,2026-09-28T22:37:23.719207+09:00,2026-09-28T22:37:23.797643+09:00,rail-left-01,rail-right-01,0.6.7-draft,0.6.7-draft,mqtt,mqtt,833.53,660.31,6.505,6.443,-0.002,-0.001,0.05,-0.285,10.622,9.731,-0.0614,0.0308,0.0378,0.0546,-0.0116,-0.0085,24.98,24.99,16524,18439,2.066,2.305,6.196,6.915,459,459,46,46,0,0,0,0,,,,,,,,,,,,,,,,,0.0,0.0,0,0,1019.7,769.7,0.8635,1.0919,1,1,0
2026-09-28T22:37:23.739512+09:00,55373787,75c9d598,2026-09-28T22:37:23.739512+09:00,2026-09-28T22:37:23.817948+09:00,rail-left-01,rail-right-01,0.6.7-draft,0.6.7-draft,mqtt,mqtt,834.77,661.3,6.54,6.447,0.073,0.069,0.129,0.041,10.449,9.659,-0.0564,0.0325,0.0374,0.0525,-0.0113,-0.0103,24.96,24.99,16610,18447,2.076,2.306,6.229,6.918,460,460,46,46,0,0,0,0,,,,,,,,,,,,,,,,,0.0,0.0,0,0,1020.8,770.8,0.8635,1.0919,1,1,0
2026-09-28T22:37:23.902163+09:00,55499483,75c9d598,2026-09-28T22:37:23.902163+09:00,2026-09-28T22:37:23.944476+09:00,rail-left-01,rail-right-01,0.6.7-draft,0.6.7-draft,mqtt,mqtt,842.53,667.37,6.563,6.449,0.109,-0.017,0.102,-0.332,10.455,9.723,-0.0645,0.0297,0.0393,0.0561,-0.0095,-0.0075,24.99,25.01,16667,18452,2.083,2.307,6.25,6.92,461,461,47,47,0,0,0,0,,,,,,,,,,,,,,,,,0.0,0.0,0,0,1027.5,777.5,0.8635,1.0919,1,1,0
2026-09-28T22:37:23.922280+09:00,55519600,75c9d598,2026-09-28T22:37:23.922280+09:00,2026-09-28T22:37:23.964593+09:00,rail-left-01,rail-right-01,0.6.7-draft,0.6.7-draft,mqtt,mqtt,843.72,668.36,6.618,6.475,0.022,0.116,-0.044,-0.186,10.465,9.846,-0.0678,0.0316,0.0385,0.0556,-0.0092,-0.0056,24.99,24.97,16806,18510,2.101,2.314,6.302,6.941,462,462,47,47,0,0,0,0,,,,,,,,,,,,,,,,,0.0,0.0,0,0,1028.5,778.5,0.8635,1.0919,1,1,0
2026-09-28T22:37:23.942225+09:00,55539545,75c9d598,2026-09-28T22:37:23.942225+09:00,2026-09-28T22:37:23.984538+09:00,rail-left-01,rail-right-01,0.6.7-draft,0.6.7-draft,mqtt,mqtt,844.96,669.31,6.614,6.474,-0.03,0.02,0.068,-0.164,10.373,9.777,-0.0658,0.0305,0.0373,0.0537,-0.0072,-0.0015,24.97,24.99,16796,18508,2.1,2.314,6.299,6.941,463,463,47,47,0,0,0,0,,,,,,,,,,,,,,,,,0.0,0.0,0,0,1029.6,779.6,0.8635,1.0919,1,1,0
2026-09-28T22:37:23.962238+09:00,55559558,75c9d598,2026-09-28T22:37:23.962238+09:00,2026-09-28T22:37:24.004551+09:00,rail-left-01,rail-right-01,0.6.7-draft,0.6.7-draft,mqtt,mqtt,846.2,670.25,6.614,6.472,0.034,-0.032,0.016,-0.442,10.469,9.75,-0.0636,0.0322,0.0414,0.0588,-0.0103,-0.0072,24.99,24.96,16795,18503,2.099,2.313,6.298,6.939,464,464,47,47,0,0,0,0,,,,,,,,,,,,,,,,,0.0,0.0,0,0,1030.6,780.6,0.8635,1.0919,1,1,0
2026-09-28T22:37:23.982669+09:00,55579989,75c9d598,2026-09-28T22:37:23.982669+09:00,2026-09-28T22:37:24.024982+09:00,rail-left-01,rail-right-01,0.6.7-draft,0.6.7-draft,mqtt,mqtt,847.45,671.25,6.589,6.474,-0.024,-0.032,0.031,-0.339,10.655,9.658,-0.062,0.0324,0.0404,0.0574,-0.0081,-0.0064,24.97,24.97,16732,18507,2.092,2.313,6.274,6.94,465,465,47,47,0,0,0,0,,,,,,,,,,,,,,,,,0.0,0.0,0,0,1031.7,781.7,0.8635,1.0919,1,1,0
2026-09-28T22:37:24.002656+09:00,55599976,75c9d598,2026-09-28T22:37:24.002656+09:00,2026-09-28T22:37:24.044968+09:00,rail-left-01,rail-right-01,0.6.7-draft,0.6.7-draft,mqtt,mqtt,848.69,672.24,6.581,6.481,-0.037,-0.026,0.007,-0.253,10.452,9.635,-0.059,0.0317,0.0386,0.06,-0.0087,-0.0063,24.98,24.99,16714,18523,2.089,2.315,6.268,6.946,466,466,47,47,0,0,0,0,,,,,,,,,,,,,,,,,0.0,0.0,0,0,1032.8,782.8,0.8635,1.0919,1,1,0
2026-09-28T22:37:24.022269+09:00,55619589,75c9d598,2026-09-28T22:37:24.022269+09:00,2026-09-28T22:37:24.064582+09:00,rail-left-01,rail-right-01,0.6.7-draft,0.6.7-draft,mqtt,mqtt,849.88,673.19,6.592,6.488,-0.044,0.0,-0.012,-0.042,10.403,9.826,-0.0632,0.0354,0.0404,0.0558,-0.0112,-0.0039,24.97,24.97,16740,18539,2.093,2.317,6.278,6.952,467,467,47,47,0,0,0,0,,,,,,,,,,,,,,,,,0.0,0.0,0,0,1033.8,783.8,0.8635,1.0919,1,1,0
2026-09-28T22:37:24.042231+09:00,55639551,75c9d598,2026-09-28T22:37:24.042231+09:00,2026-09-28T22:37:24.084544+09:00,rail-left-01,rail-right-01,0.6.7-draft,0.6.7-draft,mqtt,mqtt,851.13,674.13,6.593,6.5,0.089,0.113,-0.019,-0.324,10.527,9.801,-0.0666,0.0356,0.0376,0.0554,-0.0076,-0.0029,24.97,24.97,16743,18566,2.093,2.321,6.279,6.962,468,468,47,47,0,0,0,0,,,,,,,,,,,,,,,,,0.0,0.0,0,0,1034.9,784.9,0.8635,1.0919,1,1,0
2026-09-28T22:37:24.062171+09:00,55659491,75c9d598,2026-09-28T22:37:24.062171+09:00,2026-09-28T22:37:24.104484+09:00,rail-left-01,rail-right-01,0.6.7-draft,0.6.7-draft,mqtt,mqtt,852.37,675.07,6.594,6.501,-0.12,-0.09,0.067,-0.372,10.517,9.772,-0.0655,0.0338,0.0394,0.0572,-0.008,-0.0084,24.98,24.98,16745,18567,2.093,2.321,6.279,6.963,469,469,47,47,0,0,0,0,,,,,,,,,,,,,,,,,0.0,0.0,0,0,1036.0,786.0,0.8635,1.0919,1,1,0
2026-09-28T22:37:24.082210+09:00,55679530,75c9d598,2026-09-28T22:37:24.082210+09:00,2026-09-28T22:37:24.124523+09:00,rail-left-01,rail-right-01,0.6.7-draft,0.6.7-draft,mqtt,mqtt,853.61,676.07,6.588,6.503,-0.11,-0.08,0.16,-0.008,10.303,9.629,-0.0637,0.035,0.0449,0.0568,-0.0156,-0.0052,24.99,24.96,16731,18573,2.091,2.322,6.274,6.965,470,470,47,47,0,0,0,0,,,,,,,,,,,,,,,,,0.0,0.0,0,0,1037.0,787.0,0.8635,1.0919,1,1,0
2026-09-28T22:37:24.190464+09:00,55806702,75c9d598,2026-09-28T22:37:24.190464+09:00,2026-09-28T22:37:24.226484+09:00,rail-left-01,rail-right-01,0.6.7-draft,0.6.7-draft,mqtt,mqtt,861.47,682.18,6.587,6.505,0.069,0.089,0.13,-0.31,10.506,9.623,-0.0659,0.0376,0.0466,0.0605,-0.0137,-0.008,24.99,24.97,16727,18577,2.091,2.322,6.273,6.966,471,471,48,48,0,0,0,0,,,,,,,,,,,,,,,,,0.0,0.0,0,0,1043.8,793.8,0.8635,1.0919,1,1,0
2026-09-28T22:37:24.210256+09:00,55826494,75c9d598,2026-09-28T22:37:24.210256+09:00,2026-09-28T22:37:24.246276+09:00,rail-left-01,rail-right-01,0.6.7-draft,0.6.7-draft,mqtt,mqtt,862.71,683.13,6.442,6.501,-0.049,-0.053,0.104,-0.308,10.338,9.625,-0.0602,0.036,0.0444,0.0604,-0.0129,-0.0083,24.99,24.96,16367,18568,2.046,2.321,6.138,6.963,472,472,48,48,0,0,0,0,,,,,,,,,,,,,,,,,0.0,0.0,0,0,1044.9,794.9,0.8635,1.0919,1,1,0
2026-09-28T22:37:24.230378+09:00,55846616,75c9d598,2026-09-28T22:37:24.230378+09:00,2026-09-28T22:37:24.266398+09:00,rail-left-01,rail-right-01,0.6.7-draft,0.6.7-draft,mqtt,mqtt,863.95,684.12,6.41,6.482,0.113,0.045,0.12,-0.262,9.96,9.564,-0.0774,0.0386,0.0341,0.0532,-0.0089,-0.0067,25.0,24.97,16288,18525,2.036,2.316,6.108,6.947,473,473,48,48,0,0,0,0,,,,,,,,,,,,,,,,,0.0,0.0,0,0,1046.0,796.0,0.8635,1.0919,1,1,0
2026-09-28T22:37:24.250326+09:00,55866564,75c9d598,2026-09-28T22:37:24.250326+09:00,2026-09-28T22:37:24.286346+09:00,rail-left-01,rail-right-01,0.6.7-draft,0.6.7-draft,mqtt,mqtt,865.2,685.07,6.438,6.464,-0.001,0.054,0.189,-0.059,10.544,9.889,-0.0683,0.0373,0.0329,0.0512,-0.0089,-0.0009,24.99,24.99,16357,18485,2.045,2.311,6.134,6.932,474,474,48,48,0,0,0,0,,,,,,,,,,,,,,,,,0.0,0.0,0,0,1047.0,797.0,0.8635,1.0919,1,1,0
2026-09-28T22:37:24.270433+09:00,55886671,75c9d598,2026-09-28T22:37:24.270433+09:00,2026-09-28T22:37:24.306453+09:00,rail-left-01,rail-right-01,0.6.7-draft,0.6.7-draft,mqtt,mqtt,866.44,686.06,6.451,6.472,0.067,0.031,0.117,-0.449,10.181,9.935,-0.0663,0.0305,0.0433,0.0629,-0.0131,-0.0061,25.0,24.99,16390,18504,2.049,2.313,6.146,6.939,475,475,48,48,0,0,0,0,,,,,,,,,,,,,,,,,0.0,0.0,0,0,1048.1,798.1,0.8635,1.0919,1,1,0
2026-09-28T22:37:24.290214+09:00,55906452,75c9d598,2026-09-28T22:37:24.290214+09:00,2026-09-28T22:37:24.326234+09:00,rail-left-01,rail-right-01,0.6.7-draft,0.6.7-draft,mqtt,mqtt,867.68,687.01,6.415,6.48,0.044,-0.017,-0.036,-0.038,10.848,9.9,-0.0641,0.0356,0.0408,0.0562,-0.0072,-0.0068,24.99,24.97,16299,18520,2.037,2.315,6.112,6.945,476,476,48,48,0,0,0,0,,,,,,,,,,,,,,,,,0.0,0.0,0,0,1049.2,799.2,0.8635,1.0919,1,1,0
2026-09-28T22:37:24.310310+09:00,55926548,75c9d598,2026-09-28T22:37:24.310310+09:00,2026-09-28T22:37:24.346330+09:00,rail-left-01,rail-right-01,0.6.7-draft,0.6.7-draft,mqtt,mqtt,868.93,688.0,6.397,6.489,-0.11,-0.042,0.236,-0.262,10.264,9.754,-0.062,0.0364,0.0452,0.0598,-0.0103,-0.0024,24.97,24.98,16256,18541,2.032,2.318,6.096,6.953,477,477,48,48,0,0,0,0,,,,,,,,,,,,,,,,,0.0,0.0,0,0,1050.3,800.3,0.8635,1.0919,1,1,0
2026-09-28T22:37:24.330279+09:00,55946517,75c9d598,2026-09-28T22:37:24.330279+09:00,2026-09-28T22:37:24.366299+09:00,rail-left-01,rail-right-01,0.6.7-draft,0.6.7-draft,mqtt,mqtt,870.17,688.95,6.352,6.495,-0.051,-0.025,0.237,-0.36,10.4,9.615,-0.0628,0.032,0.0457,0.0624,-0.0129,-0.0056,24.97,24.97,16142,18554,2.018,2.319,6.053,6.958,478,478,48,48,0,0,0,0,,,,,,,,,,,,,,,,,0.0,0.0,0,0,1051.3,801.3,0.8635,1.0919,1,1,0
2026-09-28T22:37:24.350232+09:00,55966470,75c9d598,2026-09-28T22:37:24.350232+09:00,2026-09-28T22:37:24.386252+09:00,rail-left-01,rail-right-01,0.6.7-draft,0.6.7-draft,mqtt,mqtt,871.41,689.89,6.322,6.512,0.024,-0.006,0.018,-0.218,10.408,9.731,-0.0655,0.0338,0.041,0.0585,-0.0101,-0.0056,25.0,24.97,16069,18593,2.009,2.324,6.026,6.972,479,479,48,48,0,0,0,0,,,,,,,,,,,,,,,,,0.0,0.0,0,0,1052.4,802.4,0.8635,1.0919,1,1,0
2026-09-28T22:37:24.370257+09:00,55986495,75c9d598,2026-09-28T22:37:24.370257+09:00,2026-09-28T22:37:24.406277+09:00,rail-left-01,rail-right-01,0.6.7-draft,0.6.7-draft,mqtt,mqtt,872.65,690.89,6.296,6.514,0.121,0.043,0.0,-0.109,10.539,9.762,-0.0657,0.0368,0.0406,0.0605,-0.008,-0.0084,25.0,24.98,16004,18596,2.001,2.325,6.002,6.974,480,480,48,48,0,0,0,0,,,,,,,,,,,,,,,,,0.0,0.0,0,0,1053.5,803.5,0.8635,1.0919,1,1,0
2026-09-28T22:37:24.457076+09:00,56088447,75c9d598,2026-09-28T22:37:24.457076+09:00,2026-09-28T22:37:24.496541+09:00,rail-left-01,rail-right-01,0.6.7-draft,0.6.7-draft,mqtt,mqtt,878.97,695.81,6.28,6.513,-0.038,-0.079,-0.095,-0.354,10.542,9.695,-0.0648,0.032,0.0428,0.0597,-0.0135,-0.0085,24.99,24.97,15963,18595,1.995,2.324,5.986,6.973,481,481,49,49,0,0,0,0,,,,,,,,,,,,,,,,,0.0,0.0,0,0,1058.9,808.9,0.8635,1.0919,1,1,0
2026-09-28T22:37:24.477188+09:00,56108559,75c9d598,2026-09-28T22:37:24.477188+09:00,2026-09-28T22:37:24.516654+09:00,rail-left-01,rail-right-01,0.6.7-draft,0.6.7-draft,mqtt,mqtt,880.21,696.8,6.286,6.56,0.004,0.012,0.134,-0.031,10.757,9.798,-0.0706,0.0329,0.0324,0.0494,-0.0097,-0.0036,24.96,24.97,15978,18699,1.997,2.337,5.992,7.012,482,482,49,49,0,0,0,0,,,,,,,,,,,,,,,,,0.0,0.0,0,0,1060.0,810.0,0.8635,1.0919,1,1,0
2026-09-28T22:37:24.497162+09:00,56128533,75c9d598,2026-09-28T22:37:24.497162+09:00,2026-09-28T22:37:24.536627+09:00,rail-left-01,rail-right-01,0.6.7-draft,0.6.7-draft,mqtt,mqtt,881.41,697.75,6.335,6.551,-0.024,0.001,-0.02,-0.318,10.411,9.734,-0.0729,0.0286,0.0338,0.0525,-0.0109,-0.0035,24.99,24.97,16100,18679,2.013,2.335,6.038,7.005,483,483,49,49,0,0,0,0,,,,,,,,,,,,,,,,,0.0,0.0,0,0,1061.0,811.0,0.8635,1.0919,1,1,0
2026-09-28T22:37:24.517128+09:00,56148499,75c9d598,2026-09-28T22:37:24.517128+09:00,2026-09-28T22:37:24.556593+09:00,rail-left-01,rail-right-01,0.6.7-draft,0.6.7-draft,mqtt,mqtt,882.65,698.69,6.385,6.555,0.023,0.043,-0.056,-0.297,10.427,9.572,-0.0681,0.0309,0.0378,0.0566,-0.0096,-0.0095,24.97,24.98,16224,18688,2.028,2.336,6.084,7.008,484,484,49,49,0,0,0,0,,,,,,,,,,,,,,,,,0.0,0.0,0,0,1062.1,812.1,0.8635,1.0919,1,1,0
2026-09-28T22:37:24.537163+09:00,56168534,75c9d598,2026-09-28T22:37:24.537163+09:00,2026-09-28T22:37:24.576628+09:00,rail-left-01,rail-right-01,0.6.7-draft,0.6.7-draft,mqtt,mqtt,883.89,699.69,6.409,6.552,-0.04,0.067,0.083,-0.03,10.403,9.543,-0.0657,0.0346,0.0396,0.0554,-0.0089,-0.0035,24.99,24.99,16286,18680,2.036,2.335,6.107,7.005,485,485,49,49,0,0,0,0,,,,,,,,,,,,,,,,,0.0,0.0,0,0,1063.2,813.2,0.8635,1.0919,1,1,0
2026-09-28T22:37:24.557144+09:00,56188515,75c9d598,2026-09-28T22:37:24.557144+09:00,2026-09-28T22:37:24.596610+09:00,rail-left-01,rail-right-01,0.6.7-draft,0.6.7-draft,mqtt,mqtt,885.13,700.63,6.409,6.56,-0.053,-0.007,0.085,-0.376,10.569,9.671,-0.0678,0.0318,0.0377,0.0556,-0.0069,-0.0044,24.98,24.98,16286,18698,2.036,2.337,6.107,7.012,486,486,49,49,0,0,0,0,,,,,,,,,,,,,,,,,0.0,0.0,0,0,1064.2,814.2,0.8635,1.0919,1,1,0
2026-09-28T22:37:24.577233+09:00,56208604,75c9d598,2026-09-28T22:37:24.577233+09:00,2026-09-28T22:37:24.616698+09:00,rail-left-01,rail-right-01,0.6.7-draft,0.6.7-draft,mqtt,mqtt,886.38,701.62,6.424,6.554,0.035,0.041,-0.139,-0.214,10.333,9.92,-0.0652,0.034,0.0305,0.0502,-0.0073,-0.0067,24.98,24.95,16321,18685,2.04,2.336,6.12,7.007,487,487,49,49,0,0,0,0,,,,,,,,,,,,,,,,,0.0,0.0,0,0,1065.3,815.3,0.8635,1.0919,1,1,0
2026-09-28T22:37:24.597246+09:00,56228617,75c9d598,2026-09-28T22:37:24.597246+09:00,2026-09-28T22:37:24.636712+09:00,rail-left-01,rail-right-01,0.6.7-draft,0.6.7-draft,mqtt,mqtt,887.57,702.57,6.438,6.54,0.025,-0.022,0.107,-0.259,10.806,9.886,-0.0682,0.0326,0.0369,0.0562,-0.0119,-0.0092,24.98,24.97,16357,18653,2.045,2.332,6.134,6.995,488,488,49,49,0,0,0,0,,,,,,,,,,,,,,,,,0.0,0.0,0,0,1066.3,816.3,0.8635,1.0919,1,1,0
2026-09-28T22:37:24.617198+09:00,56248569,75c9d598,2026-09-28T22:37:24.617198+09:00,2026-09-28T22:37:24.656663+09:00,rail-left-01,rail-right-01,0.6.7-draft,0.6.7-draft,mqtt,mqtt,888.81,703.56,6.458,6.528,-0.056,-0.013,0.231,-0.108,10.311,9.601,-0.0677,0.0321,0.0318,0.0508,-0.0083,-0.0016,24.98,24.99,16408,18628,2.051,2.329,6.153,6.986,489,489,49,49,0,0,0,0,,,,,,,,,,,,,,,,,0.0,0.0,0,0,1067.4,817.4,0.8635,1.0919,1,1,0
2026-09-28T22:37:24.637432+09:00,56268803,75c9d598,2026-09-28T22:37:24.637432+09:00,2026-09-28T22:37:24.676898+09:00,rail-left-01,rail-right-01,0.6.7-draft,0.6.7-draft,mqtt,mqtt,890.06,704.56,6.475,6.521,0.011,0.007,0.165,-0.413,10.531,9.44,-0.0653,0.033,0.0414,0.0556,-0.0096,-0.0043,24.98,24.98,16450,18613,2.056,2.327,6.169,6.98,490,490,49,49,0,0,0,0,,,,,,,,,,,,,,,,,0.0,0.0,0,0,1068.5,818.5,0.8635,1.0919,1,1,0
2026-09-28T22:37:24.734909+09:00,56360458,75c9d598,2026-09-28T22:37:24.734909+09:00,2026-09-28T22:37:24.815000+09:00,rail-left-01,rail-right-01,0.6.7-draft,0.6.7-draft,mqtt,mqtt,895.67,708.98,6.468,6.518,-0.014,0.038,-0.014,-0.294,10.581,9.475,-0.0669,0.0266,0.0338,0.0516,-0.004,-0.0025,24.97,24.99,16432,18605,2.054,2.326,6.162,6.977,491,491,50,50,0,0,0,0,,,,,,,,,,,,,,,,,0.0,0.0,0,0,1073.3,823.3,0.8635,1.0919,1,1,0
2026-09-28T22:37:24.755005+09:00,56380555,75c9d598,2026-09-28T22:37:24.755005+09:00,2026-09-28T22:37:24.835097+09:00,rail-left-01,rail-right-01,0.6.7-draft,0.6.7-draft,mqtt,mqtt,896.92,709.98,6.489,6.4,-0.035,-0.022,0.068,-0.378,10.236,9.674,-0.0666,0.0277,0.027,0.0486,-0.0063,0.0011,24.99,24.98,16483,18343,2.06,2.293,6.181,6.879,492,492,50,50,0,0,0,0,,,,,,,,,,,,,,,,,0.0,0.0,0,0,1074.4,824.4,0.8635,1.0919,1,1,0
2026-09-28T22:37:24.774971+09:00,56400520,75c9d598,2026-09-28T22:37:24.774971+09:00,2026-09-28T22:37:24.855062+09:00,rail-left-01,rail-right-01,0.6.7-draft,0.6.7-draft,mqtt,mqtt,898.11,710.92,6.505,6.334,0.075,0.042,-0.047,-0.31,10.664,9.918,-0.0661,0.0289,0.0361,0.0524,-0.0081,-0.0069,24.97,24.99,16524,18197,2.066,2.275,6.196,6.824,493,493,50,50,0,0,0,0,,,,,,,,,,,,,,,,,0.0,0.0,0,0,1075.5,825.5,0.8635,1.0919,1,1,0
2026-09-28T22:37:24.794939+09:00,56420488,75c9d598,2026-09-28T22:37:24.794939+09:00,2026-09-28T22:37:24.875030+09:00,rail-left-01,rail-right-01,0.6.7-draft,0.6.7-draft,mqtt,mqtt,899.35,711.92,6.516,6.315,0.012,0.059,0.087,-0.028,10.4,9.94,-0.0669,0.033,0.0384,0.0581,-0.006,-0.0089,24.98,24.97,16551,18154,2.069,2.269,6.207,6.808,494,494,50,50,0,0,0,0,,,,,,,,,,,,,,,,,0.0,0.0,0,0,1076.5,826.5,0.8635,1.0919,1,1,0
2026-09-28T22:37:24.815334+09:00,56440883,75c9d598,2026-09-28T22:37:24.815334+09:00,2026-09-28T22:37:24.895425+09:00,rail-left-01,rail-right-01,0.6.7-draft,0.6.7-draft,mqtt,mqtt,900.6,712.91,6.513,6.324,0.108,0.022,0.049,-0.245,10.637,9.747,-0.0622,0.0306,0.0416,0.0561,-0.008,-0.0055,24.97,24.97,16544,18175,2.068,2.272,6.204,6.816,495,495,50,50,0,0,0,0,,,,,,,,,,,,,,,,,0.0,0.0,0,0,1077.6,827.6,0.8635,1.0919,1,1,0
2026-09-28T22:37:24.835320+09:00,56460869,75c9d598,2026-09-28T22:37:24.835320+09:00,2026-09-28T22:37:24.915411+09:00,rail-left-01,rail-right-01,0.6.7-draft,0.6.7-draft,mqtt,mqtt,901.79,713.85,6.522,6.319,-0.004,-0.044,0.074,-0.18,10.427,9.711,-0.0634,0.0296,0.0376,0.0569,-0.0065,-0.0053,24.99,24.99,16567,18164,2.071,2.271,6.213,6.812,496,496,50,50,0,0,0,0,,,,,,,,,,,,,,,,,0.0,0.0,0,0,1078.6,828.6,0.8635,1.0919,1,1,0
2026-09-28T22:37:24.855081+09:00,56480631,75c9d598,2026-09-28T22:37:24.855081+09:00,2026-09-28T22:37:24.935173+09:00,rail-left-01,rail-right-01,0.6.7-draft,0.6.7-draft,mqtt,mqtt,903.03,714.85,6.522,6.314,0.028,0.108,0.018,-0.187,10.609,9.688,-0.0653,0.0314,0.0408,0.0581,-0.0096,-0.0073,24.96,24.95,16565,18152,2.071,2.269,6.212,6.807,497,497,50,50,0,0,0,0,,,,,,,,,,,,,,,,,0.0,0.0,0,0,1079.7,829.7,0.8635,1.0919,1,1,0
2026-09-28T22:37:24.875017+09:00,56500566,75c9d598,2026-09-28T22:37:24.875017+09:00,2026-09-28T22:37:24.955108+09:00,rail-left-01,rail-right-01,0.6.7-draft,0.6.7-draft,mqtt,mqtt,904.23,715.79,6.525,6.311,-0.113,-0.019,-0.001,-0.28,10.391,9.805,-0.0662,0.0337,0.0354,0.0544,-0.0071,-0.0012,24.99,24.96,16574,18145,2.072,2.268,6.215,6.804,498,498,50,50,0,0,0,0,,,,,,,,,,,,,,,,,0.0,0.0,0,0,1080.7,830.7,0.8635,1.0919,1,1,0
2026-09-28T22:37:24.894975+09:00,56520524,75c9d598,2026-09-28T22:37:24.894975+09:00,2026-09-28T22:37:24.975066+09:00,rail-left-01,rail-right-01,0.6.7-draft,0.6.7-draft,mqtt,mqtt,905.42,716.79,6.533,6.304,0.071,0.041,0.209,-0.226,10.464,9.703,-0.0641,0.0294,0.0364,0.0558,-0.0077,-0.0088,24.99,24.97,16594,18130,2.074,2.266,6.223,6.799,499,499,50,50,0,0,0,0,,,,,,,,,,,,,,,,,0.0,0.0,0,0,1081.8,831.8,0.8635,1.0919,1,1,0
2026-09-28T22:37:24.915166+09:00,56540715,75c9d598,2026-09-28T22:37:24.915166+09:00,2026-09-28T22:37:24.995257+09:00,rail-left-01,rail-right-01,0.6.7-draft,0.6.7-draft,mqtt,mqtt,906.66,717.73,6.524,6.287,-0.023,0.001,-0.083,-0.236,10.554,9.646,-0.0648,0.0336,0.0377,0.0537,-0.0067,-0.0031,24.97,24.98,16570,18093,2.071,2.262,6.214,6.785,500,500,50,50,0,0,0,0,,,,,,,,,,,,,,,,,0.0,0.0,0,0,1082.8,832.8,0.8635,1.0919,1,1,0
2026-09-28T22:37:25.044841+09:00,56677450,75c9d598,2026-09-28T22:37:25.044841+09:00,2026-09-28T22:37:25.126734+09:00,rail-left-01,rail-right-01,0.6.7-draft,0.6.7-draft,mqtt,mqtt,914.92,724.4,6.519,6.278,0.056,0.0,0.014,-0.055,10.239,9.603,-0.0593,0.0261,0.0336,0.0506,-0.0087,-0.0055,24.98,24.97,16558,18073,2.07,2.259,6.209,6.777,501,501,51,51,0,0,0,0,,,,,,,,,,,,,,,,,0.0,0.0,0,0,1090.0,840.0,0.8635,1.0919,1,1,0
2026-09-28T22:37:25.064967+09:00,56697576,75c9d598,2026-09-28T22:37:25.064967+09:00,2026-09-28T22:37:25.146860+09:00,rail-left-01,rail-right-01,0.6.7-draft,0.6.7-draft,mqtt,mqtt,916.16,725.39,6.496,6.246,-0.01,0.043,0.127,-0.456,10.343,9.559,-0.0628,0.0252,0.0288,0.0476,-0.0061,-0.0021,24.96,24.99,16502,18002,2.063,2.25,6.188,6.751,502,502,51,51,0,0,0,0,,,,,,,,,,,,,,,,,0.0,0.0,0,0,1091.0,841.0,0.8635,1.0919,1,1,0
2026-09-28T22:37:25.084902+09:00,56717511,75c9d598,2026-09-28T22:37:25.084902+09:00,2026-09-28T22:37:25.166795+09:00,rail-left-01,rail-right-01,0.6.7-draft,0.6.7-draft,mqtt,mqtt,917.4,726.38,6.538,6.219,0.0,0.092,0.225,-0.262,10.196,9.318,-0.0614,0.036,0.0322,0.0486,-0.0084,-0.0103,24.98,24.97,16605,17941,2.076,2.243,6.227,6.728,503,503,51,51,0,0,0,0,,,,,,,,,,,,,,,,,0.0,0.0,0,0,1092.1,842.1,0.8635,1.0919,1,1,0
2026-09-28T22:37:25.104920+09:00,56737529,75c9d598,2026-09-28T22:37:25.104920+09:00,2026-09-28T22:37:25.186813+09:00,rail-left-01,rail-right-01,0.6.7-draft,0.6.7-draft,mqtt,mqtt,918.59,727.33,6.626,6.234,-0.011,0.032,-0.041,-0.159,10.221,9.586,-0.057,0.0358,0.032,0.0517,-0.0048,-0.0079,24.98,24.98,16826,17975,2.103,2.247,6.31,6.741,504,504,51,51,0,0,0,0,,,,,,,,,,,,,,,,,0.0,0.0,0,0,1093.1,843.1,0.8635,1.0919,1,1,0
2026-09-28T22:37:25.124977+09:00,56757586,75c9d598,2026-09-28T22:37:25.124977+09:00,2026-09-28T22:37:25.206870+09:00,rail-left-01,rail-right-01,0.6.7-draft,0.6.7-draft,mqtt,mqtt,919.84,728.32,6.665,6.246,0.02,0.062,0.014,-0.312,10.563,9.857,-0.059,0.0309,0.0354,0.054,-0.0072,-0.0055,24.99,24.95,16923,18001,2.115,2.25,6.346,6.75,505,505,51,51,0,0,0,0,,,,,,,,,,,,,,,,,0.0,0.0,0,0,1094.2,844.2,0.8635,1.0919,1,1,0
2026-09-28T22:37:25.144951+09:00,56777560,75c9d598,2026-09-28T22:37:25.144951+09:00,2026-09-28T22:37:25.226844+09:00,rail-left-01,rail-right-01,0.6.7-draft,0.6.7-draft,mqtt,mqtt,921.03,729.27,6.702,6.251,0.005,-0.054,0.038,-0.242,10.529,9.893,-0.0646,0.0313,0.0348,0.0552,-0.0076,-0.0049,24.99,24.96,17013,18013,2.127,2.252,6.38,6.755,506,506,51,51,0,0,0,0,,,,,,,,,,,,,,,,,0.0,0.0,0,0,1095.2,845.2,0.8635,1.0919,1,1,0
2026-09-28T22:37:25.164858+09:00,56797467,75c9d598,2026-09-28T22:37:25.164858+09:00,2026-09-28T22:37:25.246751+09:00,rail-left-01,rail-right-01,0.6.7-draft,0.6.7-draft,mqtt,mqtt,922.27,730.26,6.708,6.249,0.095,0.01,-0.024,-0.311,10.582,9.919,-0.0637,0.0316,0.0388,0.0604,-0.0111,-0.0113,24.98,24.98,17029,18008,2.129,2.251,6.386,6.753,507,507,51,51,0,0,0,0,,,,,,,,,,,,,,,,,0.0,0.0,0,0,1096.3,846.3,0.8635,1.0919,1,1,0
2026-09-28T22:37:25.184979+09:00,56817588,75c9d598,2026-09-28T22:37:25.184979+09:00,2026-09-28T22:37:25.266872+09:00,rail-left-01,rail-right-01,0.6.7-draft,0.6.7-draft,mqtt,mqtt,923.47,731.21,6.704,6.258,-0.101,-0.044,0.15,-0.14,10.325,9.813,-0.0644,0.0306,0.0368,0.055,-0.0005,0.0027,24.98,24.97,17018,18028,2.127,2.254,6.382,6.761,508,508,51,51,0,0,0,0,,,,,,,,,,,,,,,,,0.0,0.0,0,0,1097.4,847.4,0.8635,1.0919,1,1,0
2026-09-28T22:37:25.205034+09:00,56837643,75c9d598,2026-09-28T22:37:25.205034+09:00,2026-09-28T22:37:25.286927+09:00,rail-left-01,rail-right-01,0.6.7-draft,0.6.7-draft,mqtt,mqtt,924.71,732.2,6.714,6.244,0.164,0.126,0.12,-0.041,10.423,10.014,-0.0601,0.0306,0.0394,0.0578,-0.0088,-0.0073,24.97,24.97,17045,17998,2.131,2.25,6.392,6.749,509,509,51,51,0,0,0,0,,,,,,,,,,,,,,,,,0.0,0.0,0,0,1098.4,848.4,0.8635,1.0919,1,1,0
2026-09-28T22:37:25.225088+09:00,56857697,75c9d598,2026-09-28T22:37:25.225088+09:00,2026-09-28T22:37:25.306981+09:00,rail-left-01,rail-right-01,0.6.7-draft,0.6.7-draft,mqtt,mqtt,925.95,733.15,6.72,6.264,-0.03,-0.113,0.119,-0.354,10.573,9.714,-0.0653,0.0296,0.0416,0.0538,-0.0099,-0.0061,24.97,24.97,17060,18041,2.133,2.255,6.398,6.765,510,510,51,51,0,0,0,0,,,,,,,,,,,,,,,,,0.0,0.0,0,0,1099.5,849.5,0.8635,1.0919,1,1,0
2026-09-28T22:37:25.408376+09:00,56994443,75c9d598,2026-09-28T22:37:25.408376+09:00,2026-09-28T22:37:25.485999+09:00,rail-left-01,rail-right-01,0.6.7-draft,0.6.7-draft,mqtt,mqtt,934.31,739.76,6.727,6.271,-0.004,0.054,0.061,-0.15,10.478,9.838,-0.0679,0.0309,0.0401,0.0593,-0.0103,-0.0072,24.99,24.99,17077,18057,2.135,2.257,6.404,6.771,511,511,52,52,0,0,0,0,,,,,,,,,,,,,,,,,0.0,0.0,0,0,1106.7,856.7,0.8635,1.0919,1,1,0
2026-09-28T22:37:25.428497+09:00,57014564,75c9d598,2026-09-28T22:37:25.428497+09:00,2026-09-28T22:37:25.506119+09:00,rail-left-01,rail-right-01,0.6.7-draft,0.6.7-draft,mqtt,mqtt,935.55,740.75,6.741,6.328,-0.067,-0.092,0.241,-0.138,10.806,9.797,-0.0661,0.0322,0.0392,0.0565,-0.0063,-0.006,24.98,24.97,17111,18184,2.139,2.273,6.417,6.819,512,512,52,52,0,0,0,0,,,,,,,,,,,,,,,,,0.0,0.0,0,0,1107.8,857.8,0.8635,1.0919,1,1,0
2026-09-28T22:37:25.448421+09:00,57034488,75c9d598,2026-09-28T22:37:25.448421+09:00,2026-09-28T22:37:25.526044+09:00,rail-left-01,rail-right-01,0.6.7-draft,0.6.7-draft,mqtt,mqtt,936.74,741.7,6.748,6.339,0.09,0.065,-0.056,-0.186,10.426,9.682,-0.0652,0.0337,0.0374,0.056,-0.0051,-0.0055,25.01,24.96,17128,18209,2.141,2.276,6.423,6.828,513,513,52,52,0,0,0,0,,,,,,,,,,,,,,,,,0.0,0.0,0,0,1108.8,858.8,0.8635,1.0919,1,1,0
2026-09-28T22:37:25.468573+09:00,57054640,75c9d598,2026-09-28T22:37:25.468573+09:00,2026-09-28T22:37:25.546195+09:00,rail-left-01,rail-right-01,0.6.7-draft,0.6.7-draft,mqtt,mqtt,937.98,742.69,6.736,6.341,-0.035,0.001,-0.041,-0.436,10.418,9.565,-0.0654,0.0317,0.044,0.0614,-0.0072,-0.0049,24.97,24.96,17098,18213,2.137,2.277,6.412,6.83,514,514,52,52,0,0,0,0,,,,,,,,,,,,,,,,,0.0,0.0,0,0,1109.9,859.9,0.8635,1.0919,1,1,0
2026-09-28T22:37:25.488573+09:00,57074640,75c9d598,2026-09-28T22:37:25.488573+09:00,2026-09-28T22:37:25.566195+09:00,rail-left-01,rail-right-01,0.6.7-draft,0.6.7-draft,mqtt,mqtt,939.23,743.64,6.713,6.329,-0.111,-0.032,0.041,-0.251,10.375,9.635,-0.0644,0.0324,0.0378,0.0528,-0.0015,-0.0048,24.99,24.97,17042,18186,2.13,2.273,6.391,6.82,515,515,52,52,0,0,0,0,,,,,,,,,,,,,,,,,0.0,0.0,0,0,1111.0,861.0,0.8635,1.0919,1,1,0
2026-09-28T22:37:25.508536+09:00,57094603,75c9d598,2026-09-28T22:37:25.508536+09:00,2026-09-28T22:37:25.586159+09:00,rail-left-01,rail-right-01,0.6.7-draft,0.6.7-draft,mqtt,mqtt,940.42,744.63,6.706,6.331,0.194,0.156,0.093,-0.317,10.518,9.541,-0.0636,0.0316,0.0426,0.0568,-0.0052,-0.0075,24.98,24.97,17023,18190,2.128,2.274,6.384,6.821,516,516,52,52,0,0,0,0,,,,,,,,,,,,,,,,,0.0,0.0,0,0,1112.0,862.0,0.8635,1.0919,1,1,0
2026-09-28T22:37:25.528455+09:00,57114522,75c9d598,2026-09-28T22:37:25.528455+09:00,2026-09-28T22:37:25.606078+09:00,rail-left-01,rail-right-01,0.6.7-draft,0.6.7-draft,mqtt,mqtt,941.66,745.58,6.693,6.337,-0.057,-0.093,-0.019,-0.077,10.429,9.572,-0.065,0.0316,0.0426,0.0641,-0.0076,-0.0091,24.99,24.99,16992,18203,2.124,2.275,6.372,6.826,517,517,52,52,0,0,0,0,,,,,,,,,,,,,,,,,0.0,0.0,0,0,1113.1,863.1,0.8635,1.0919,1,1,0
2026-09-28T22:37:25.548410+09:00,57134477,75c9d598,2026-09-28T22:37:25.548410+09:00,2026-09-28T22:37:25.626033+09:00,rail-left-01,rail-right-01,0.6.7-draft,0.6.7-draft,mqtt,mqtt,942.86,746.57,6.674,6.341,0.001,0.065,0.283,-0.166,10.3,9.504,-0.0653,0.0366,0.041,0.0549,-0.0023,0.0025,25.01,25.0,16945,18212,2.118,2.277,6.354,6.83,518,518,52,52,0,0,0,0,,,,,,,,,,,,,,,,,0.0,0.0,0,0,1114.1,864.1,0.8635,1.0919,1,1,0
2026-09-28T22:37:25.568465+09:00,57154532,75c9d598,2026-09-28T22:37:25.568465+09:00,2026-09-28T22:37:25.646088+09:00,rail-left-01,rail-right-01,0.6.7-draft,0.6.7-draft,mqtt,mqtt,944.1,747.51,6.673,6.354,0.049,0.005,-0.026,-0.324,10.381,9.701,-0.0646,0.0316,0.0429,0.0605,-0.0099,-0.0084,24.99,24.99,16941,18241,2.118,2.28,6.353,6.84,519,519,52,52,0,0,0,0,,,,,,,,,,,,,,,,,0.0,0.0,0,0,1115.2,865.2,0.8635,1.0919,1,1,0
2026-09-28T22:37:25.588698+09:00,57174765,75c9d598,2026-09-28T22:37:25.588698+09:00,2026-09-28T22:37:25.666321+09:00,rail-left-01,rail-right-01,0.6.7-draft,0.6.7-draft,mqtt,mqtt,945.34,748.51,6.646,6.375,-0.051,-0.037,-0.093,-0.229,10.585,9.686,-0.0663,0.0286,0.041,0.0544,-0.0071,-0.0051,24.96,24.97,16874,18287,2.109,2.286,6.328,6.858,520,520,52,52,0,0,0,0,,,,,,,,,,,,,,,,,0.0,0.0,0,0,1116.2,866.2,0.8635,1.0919,1,1,0
2026-09-28T22:37:25.718165+09:00,57348437,75c9d598,2026-09-28T22:37:25.718165+09:00,2026-09-28T22:37:25.751608+09:00,rail-left-01,rail-right-01,0.6.7-draft,0.6.7-draft,mqtt,mqtt,955.98,756.96,6.646,6.377,0.016,0.035,0.122,-0.254,10.5,9.694,-0.0681,0.0404,0.0345,0.0526,-0.0053,-0.0072,25.0,24.98,16874,18293,2.109,2.287,6.328,6.86,521,521,53,53,0,0,0,0,,,,,,,,,,,,,,,,,0.0,0.0,0,0,1125.4,875.4,0.8635,1.0919,1,1,0
2026-09-28T22:37:25.738242+09:00,57368514,75c9d598,2026-09-28T22:37:25.738242+09:00,2026-09-28T22:37:25.771685+09:00,rail-left-01,rail-right-01,0.6.7-draft,0.6.7-draft,mqtt,mqtt,957.23,757.91,6.651,6.356,-0.026,0.031,0.08,-0.174,10.367,9.77,-0.0669,0.0392,0.0348,0.0534,-0.0091,-0.0068,24.98,24.98,16887,18246,2.111,2.281,6.333,6.842,522,522,53,53,0,0,0,0,,,,,,,,,,,,,,,,,0.0,0.0,0,0,1126.5,876.5,0.8635,1.0919,1,1,0
2026-09-28T22:37:25.758204+09:00,57388476,75c9d598,2026-09-28T22:37:25.758204+09:00,2026-09-28T22:37:25.791647+09:00,rail-left-01,rail-right-01,0.6.7-draft,0.6.7-draft,mqtt,mqtt,958.42,758.9,6.641,6.336,0.03,-0.016,0.093,-0.237,10.584,9.899,-0.0653,0.0366,0.0377,0.0542,-0.0048,-0.0076,24.99,24.98,16862,18202,2.108,2.275,6.323,6.826,523,523,53,53,0,0,0,0,,,,,,,,,,,,,,,,,0.0,0.0,0,0,1127.5,877.5,0.8635,1.0919,1,1,0
2026-09-28T22:37:25.778321+09:00,57408593,75c9d598,2026-09-28T22:37:25.778321+09:00,2026-09-28T22:37:25.811764+09:00,rail-left-01,rail-right-01,0.6.7-draft,0.6.7-draft,mqtt,mqtt,959.66,759.89,6.644,6.335,-0.007,0.013,0.117,-0.3,10.515,9.613,-0.0626,0.0356,0.0365,0.0545,-0.0065,-0.0071,24.97,24.97,16870,18200,2.109,2.275,6.326,6.825,524,524,53,53,0,0,0,0,,,,,,,,,,,,,,,,,0.0,0.0,0,0,1128.6,878.6,0.8635,1.0919,1,1,0
2026-09-28T22:37:25.798201+09:00,57428473,75c9d598,2026-09-28T22:37:25.798201+09:00,2026-09-28T22:37:25.831644+09:00,rail-left-01,rail-right-01,0.6.7-draft,0.6.7-draft,mqtt,mqtt,960.86,760.84,6.653,6.322,0.077,0.05,-0.103,-0.196,10.5,9.919,-0.0649,0.0328,0.0341,0.0537,-0.0076,-0.0081,24.97,24.98,16892,18171,2.112,2.271,6.335,6.814,525,525,53,53,0,0,0,0,,,,,,,,,,,,,,,,,0.0,0.0,0,0,1129.6,879.6,0.8635,1.0919,1,1,0
2026-09-28T22:37:25.818207+09:00,57448479,75c9d598,2026-09-28T22:37:25.818207+09:00,2026-09-28T22:37:25.851650+09:00,rail-left-01,rail-right-01,0.6.7-draft,0.6.7-draft,mqtt,mqtt,962.05,761.83,6.675,6.328,0.005,-0.023,0.184,-0.182,10.39,9.832,-0.0641,0.0341,0.0422,0.0581,-0.0051,-0.0063,24.96,24.99,16946,18183,2.118,2.273,6.355,6.819,526,526,53,53,0,0,0,0,,,,,,,,,,,,,,,,,0.0,0.0,0,0,1130.7,880.7,0.8635,1.0919,1,1,0
2026-09-28T22:37:25.838345+09:00,57468617,75c9d598,2026-09-28T22:37:25.838345+09:00,2026-09-28T22:37:25.871788+09:00,rail-left-01,rail-right-01,0.6.7-draft,0.6.7-draft,mqtt,mqtt,963.29,762.83,6.675,6.338,0.018,0.041,-0.183,-0.336,10.512,9.762,-0.0644,0.0318,0.0414,0.0568,-0.002,-0.0059,24.99,24.98,16946,18207,2.118,2.276,6.355,6.828,527,527,53,53,0,0,0,0,,,,,,,,,,,,,,,,,0.0,0.0,0,0,1131.7,881.7,0.8635,1.0919,1,1,0
2026-09-28T22:37:25.858283+09:00,57488555,75c9d598,2026-09-28T22:37:25.858283+09:00,2026-09-28T22:37:25.891726+09:00,rail-left-01,rail-right-01,0.6.7-draft,0.6.7-draft,mqtt,mqtt,964.48,763.77,6.653,6.333,0.063,0.007,0.229,-0.198,10.579,9.823,-0.0665,0.0361,0.0372,0.0536,-0.0001,-0.0052,24.96,24.98,16892,18194,2.112,2.274,6.335,6.823,528,528,53,53,0,0,0,0,,,,,,,,,,,,,,,,,0.0,0.0,0,0,1132.8,882.8,0.8635,1.0919,1,1,0
2026-09-28T22:37:25.878229+09:00,57508501,75c9d598,2026-09-28T22:37:25.878229+09:00,2026-09-28T22:37:25.911672+09:00,rail-left-01,rail-right-01,0.6.7-draft,0.6.7-draft,mqtt,mqtt,965.73,764.77,6.652,6.341,0.044,0.02,0.063,-0.219,10.345,9.589,-0.0632,0.0332,0.0446,0.0621,-0.0048,-0.0076,24.99,25.0,16890,18213,2.111,2.277,6.334,6.83,529,529,53,53,0,0,0,0,,,,,,,,,,,,,,,,,0.0,0.0,0,0,1133.8,883.8,0.8635,1.0919,1,1,0
2026-09-28T22:37:25.898269+09:00,57528541,75c9d598,2026-09-28T22:37:25.898269+09:00,2026-09-28T22:37:25.931712+09:00,rail-left-01,rail-right-01,0.6.7-draft,0.6.7-draft,mqtt,mqtt,966.92,765.71,6.63,6.351,-0.032,0.006,0.041,-0.25,10.499,9.694,-0.067,0.0338,0.0376,0.0558,-0.0023,-0.0032,24.97,24.98,16835,18235,2.104,2.279,6.313,6.838,530,530,53,53,0,0,0,0,,,,,,,,,,,,,,,,,0.0,0.0,0,0,1134.9,884.9,0.8635,1.0919,1,1,0
2026-09-28T22:37:25.978609+09:00,57614518,75c9d598,2026-09-28T22:37:25.978609+09:00,2026-09-28T22:37:26.058842+09:00,rail-left-01,rail-right-01,0.6.7-draft,0.6.7-draft,mqtt,mqtt,972.14,769.89,6.633,6.351,-0.013,0.05,0.116,-0.06,10.731,9.948,-0.0646,0.0324,0.0346,0.0512,-0.0057,-0.0021,24.98,24.99,16842,18235,2.105,2.279,6.316,6.838,531,531,54,54,0,0,0,0,,,,,,,,,,,,,,,,,0.0,0.0,0,0,1139.4,889.4,0.8635,1.0919,1,1,0
2026-09-28T22:37:25.998722+09:00,57634631,75c9d598,2026-09-28T22:37:25.998722+09:00,2026-09-28T22:37:26.078955+09:00,rail-left-01,rail-right-01,0.6.7-draft,0.6.7-draft,mqtt,mqtt,973.33,770.88,6.563,6.338,0.006,0.004,0.162,-0.156,10.269,9.771,-0.0624,0.0284,0.0378,0.0581,-0.0065,-0.0075,24.97,24.98,16669,18205,2.084,2.276,6.251,6.827,532,532,54,54,0,0,0,0,,,,,,,,,,,,,,,,,0.0,0.0,0,0,1140.4,890.4,0.8635,1.0919,1,1,0
2026-09-28T22:37:26.018687+09:00,57654596,75c9d598,2026-09-28T22:37:26.018687+09:00,2026-09-28T22:37:26.098920+09:00,rail-left-01,rail-right-01,0.6.7-draft,0.6.7-draft,mqtt,mqtt,974.58,771.88,6.546,6.326,0.03,0.037,0.057,-0.171,10.531,9.874,-0.0622,0.0326,0.039,0.0554,-0.0057,-0.0033,24.98,24.99,16625,18180,2.078,2.273,6.234,6.818,533,533,54,54,0,0,0,0,,,,,,,,,,,,,,,,,0.0,0.0,0,0,1141.5,891.5,0.8635,1.0919,1,1,0
2026-09-28T22:37:26.038690+09:00,57674599,75c9d598,2026-09-28T22:37:26.038690+09:00,2026-09-28T22:37:26.118923+09:00,rail-left-01,rail-right-01,0.6.7-draft,0.6.7-draft,mqtt,mqtt,975.82,772.82,6.522,6.325,-0.006,0.005,0.242,-0.431,10.558,9.797,-0.0659,0.037,0.0389,0.0564,-0.0092,-0.0077,24.97,25.01,16565,18176,2.071,2.272,6.212,6.816,534,534,54,54,0,0,0,0,,,,,,,,,,,,,,,,,0.0,0.0,0,0,1142.6,892.6,0.8635,1.0919,1,1,0
2026-09-28T22:37:26.058716+09:00,57694625,75c9d598,2026-09-28T22:37:26.058716+09:00,2026-09-28T22:37:26.138949+09:00,rail-left-01,rail-right-01,0.6.7-draft,0.6.7-draft,mqtt,mqtt,977.01,773.82,6.513,6.311,-0.018,-0.008,-0.168,-0.174,10.526,9.881,-0.0657,0.0353,0.037,0.0549,-0.0075,-0.0083,24.96,24.97,16543,18146,2.068,2.268,6.204,6.805,535,535,54,54,0,0,0,0,,,,,,,,,,,,,,,,,0.0,0.0,0,0,1143.6,893.6,0.8635,1.0919,1,1,0
2026-09-28T22:37:26.078680+09:00,57714589,75c9d598,2026-09-28T22:37:26.078680+09:00,2026-09-28T22:37:26.158913+09:00,rail-left-01,rail-right-01,0.6.7-draft,0.6.7-draft,mqtt,mqtt,978.26,774.76,6.497,6.297,-0.008,0.049,0.236,-0.287,10.465,9.646,-0.0652,0.0234,0.0376,0.0542,-0.0067,-0.0011,24.94,24.97,16504,18116,2.063,2.265,6.189,6.794,536,536,54,54,0,0,0,0,,,,,,,,,,,,,,,,,0.0,0.0,0,0,1144.7,894.7,0.8635,1.0919,1,1,0
2026-09-28T22:37:26.098773+09:00,57734682,75c9d598,2026-09-28T22:37:26.098773+09:00,2026-09-28T22:37:26.179006+09:00,rail-left-01,rail-right-01,0.6.7-draft,0.6.7-draft,mqtt,mqtt,979.45,775.75,6.501,6.297,-0.02,-0.044,0.101,-0.387,10.394,9.604,-0.0638,0.022,0.0406,0.059,-0.0111,-0.0096,24.97,24.99,16514,18116,2.064,2.265,6.193,6.794,537,537,54,54,0,0,0,0,,,,,,,,,,,,,,,,,0.0,0.0,0,0,1145.7,895.7,0.8635,1.0919,1,1,0
2026-09-28T22:37:26.118703+09:00,57754612,75c9d598,2026-09-28T22:37:26.118703+09:00,2026-09-28T22:37:26.198936+09:00,rail-left-01,rail-right-01,0.6.7-draft,0.6.7-draft,mqtt,mqtt,980.69,776.75,6.465,6.283,0.055,0.065,-0.017,-0.304,10.394,9.51,-0.0707,0.0244,0.038,0.0544,-0.0056,-0.0019,24.98,24.99,16423,18083,2.053,2.26,6.159,6.781,538,538,54,54,0,0,0,0,,,,,,,,,,,,,,,,,0.0,0.0,0,0,1146.8,896.8,0.8635,1.0919,1,1,0
2026-09-28T22:37:26.138739+09:00,57774648,75c9d598,2026-09-28T22:37:26.138739+09:00,2026-09-28T22:37:26.218972+09:00,rail-left-01,rail-right-01,0.6.7-draft,0.6.7-draft,mqtt,mqtt,981.89,777.69,6.425,6.238,-0.096,-0.124,0.119,-0.289,11.003,9.747,-0.0636,0.0242,0.0366,0.0528,-0.0028,-0.0037,24.97,24.98,16325,17983,2.041,2.248,6.122,6.744,539,539,54,54,0,0,0,0,,,,,,,,,,,,,,,,,0.0,0.0,0,0,1147.8,897.8,0.8635,1.0919,1,1,0
2026-09-28T22:37:26.158796+09:00,57794705,75c9d598,2026-09-28T22:37:26.158796+09:00,2026-09-28T22:37:26.239029+09:00,rail-left-01,rail-right-01,0.6.7-draft,0.6.7-draft,mqtt,mqtt,983.13,778.69,6.45,6.216,0.108,0.132,0.175,-0.129,10.546,9.798,-0.0562,0.0312,0.0289,0.0464,-0.0101,-0.0068,24.96,24.99,16386,17936,2.048,2.242,6.145,6.726,540,540,54,54,0,0,0,0,,,,,,,,,,,,,,,,,0.0,0.0,0,0,1148.9,898.9,0.8635,1.0919,1,1,0
2026-09-28T22:37:26.284916+09:00,57921433,75c9d598,2026-09-28T22:37:26.284916+09:00,2026-09-28T22:37:26.325545+09:00,rail-left-01,rail-right-01,0.6.7-draft,0.6.7-draft,mqtt,mqtt,990.89,784.85,6.475,6.208,-0.024,0.089,-0.123,-0.172,10.543,9.752,-0.0662,0.0342,0.0428,0.0574,-0.0104,-0.0071,24.99,24.97,16450,17918,2.056,2.24,6.169,6.719,541,541,55,55,0,0,0,0,,,,,,,,,,,,,,,,,0.0,0.0,0,0,1155.6,905.6,0.8635,1.0919,1,1,0
2026-09-28T22:37:26.305024+09:00,57941541,75c9d598,2026-09-28T22:37:26.305024+09:00,2026-09-28T22:37:26.345653+09:00,rail-left-01,rail-right-01,0.6.7-draft,0.6.7-draft,mqtt,mqtt,992.13,785.85,6.411,6.225,0.089,0.065,0.083,-0.293,10.289,9.889,-0.069,0.03,0.0392,0.0564,-0.0043,-0.0015,24.99,24.99,16289,17956,2.036,2.245,6.108,6.734,542,542,55,55,0,0,0,0,,,,,,,,,,,,,,,,,0.0,0.0,0,0,1156.6,906.6,0.8635,1.0919,1,1,0
2026-09-28T22:37:26.325102+09:00,57961619,75c9d598,2026-09-28T22:37:26.325102+09:00,2026-09-28T22:37:26.365731+09:00,rail-left-01,rail-right-01,0.6.7-draft,0.6.7-draft,mqtt,mqtt,993.37,786.79,6.413,6.213,-0.014,-0.002,-0.054,-0.007,10.485,9.777,-0.065,0.0309,0.0446,0.0565,-0.0129,-0.0189,24.96,24.98,16295,17929,2.037,2.241,6.111,6.723,543,543,55,55,0,0,0,0,,,,,,,,,,,,,,,,,0.0,0.0,0,0,1157.7,907.7,0.8635,1.0919,1,1,0
2026-09-28T22:37:26.344932+09:00,57981449,75c9d598,2026-09-28T22:37:26.344932+09:00,2026-09-28T22:37:26.385561+09:00,rail-left-01,rail-right-01,0.6.7-draft,0.6.7-draft,mqtt,mqtt,994.61,787.79,6.392,6.234,-0.093,-0.087,0.259,-0.205,10.732,9.802,-0.0641,0.033,0.0409,0.0518,-0.0071,0.0024,24.95,24.99,16243,17975,2.03,2.247,6.091,6.741,544,544,55,55,0,0,0,0,,,,,,,,,,,,,,,,,0.0,0.0,0,0,1158.8,908.8,0.8635,1.0919,1,1,0
2026-09-28T22:37:26.365000+09:00,58001517,75c9d598,2026-09-28T22:37:26.365000+09:00,2026-09-28T22:37:26.405629+09:00,rail-left-01,rail-right-01,0.6.7-draft,0.6.7-draft,mqtt,mqtt,995.81,788.73,6.392,6.23,0.109,0.074,0.164,-0.385,10.223,9.75,-0.0618,0.0289,0.0414,0.0604,-0.0125,-0.0108,24.97,24.98,16243,17967,2.03,2.246,6.091,6.738,545,545,55,55,0,0,0,0,,,,,,,,,,,,,,,,,0.0,0.0,0,0,1159.8,909.8,0.8635,1.0919,1,1,0
2026-09-28T22:37:26.384986+09:00,58021503,75c9d598,2026-09-28T22:37:26.384986+09:00,2026-09-28T22:37:26.425615+09:00,rail-left-01,rail-right-01,0.6.7-draft,0.6.7-draft,mqtt,mqtt,997.05,789.72,6.373,6.234,-0.073,-0.038,0.067,-0.233,10.533,9.553,-0.0666,0.0333,0.0412,0.056,-0.0095,-0.0035,24.98,24.96,16196,17975,2.025,2.247,6.074,6.741,546,546,55,55,0,0,0,0,,,,,,,,,,,,,,,,,0.0,0.0,0,0,1160.9,910.9,0.8635,1.0919,1,1,0
2026-09-28T22:37:26.405104+09:00,58041621,75c9d598,2026-09-28T22:37:26.405104+09:00,2026-09-28T22:37:26.445733+09:00,rail-left-01,rail-right-01,0.6.7-draft,0.6.7-draft,mqtt,mqtt,998.29,790.67,6.371,6.232,-0.132,-0.044,0.151,-0.207,10.37,9.561,-0.064,0.0288,0.0404,0.053,-0.0064,-0.0057,24.96,24.99,16191,17970,2.024,2.246,6.072,6.739,547,547,55,55,0,0,0,0,,,,,,,,,,,,,,,,,0.0,0.0,0,0,1162.0,912.0,0.8635,1.0919,1,1,0
2026-09-28T22:37:26.425214+09:00,58061731,75c9d598,2026-09-28T22:37:26.425214+09:00,2026-09-28T22:37:26.465843+09:00,rail-left-01,rail-right-01,0.6.7-draft,0.6.7-draft,mqtt,mqtt,999.54,791.66,6.372,6.233,0.085,0.054,-0.023,-0.401,10.366,9.602,-0.0665,0.0333,0.041,0.0544,-0.0049,-0.0044,24.97,24.99,16193,17974,2.024,2.247,6.072,6.74,548,548,55,55,0,0,0,0,,,,,,,,,,,,,,,,,0.0,0.0,0,0,1163.0,913.0,0.8635,1.0919,1,1,0
2026-09-28T22:37:26.444949+09:00,58081466,75c9d598,2026-09-28T22:37:26.444949+09:00,2026-09-28T22:37:26.485578+09:00,rail-left-01,rail-right-01,0.6.7-draft,0.6.7-draft,mqtt,mqtt,1000.78,792.61,6.384,6.233,-0.115,-0.101,0.192,-0.02,10.166,9.579,-0.0597,0.03,0.0474,0.0566,-0.0155,-0.0056,24.97,24.98,16223,17973,2.028,2.247,6.084,6.74,549,549,55,55,0,0,0,0,,,,,,,,,,,,,,,,,0.0,0.0,0,0,1164.1,914.1,0.8635,1.0919,1,1,0
2026-09-28T22:37:26.465711+09:00,58102228,75c9d598,2026-09-28T22:37:26.465711+09:00,2026-09-28T22:37:26.506340+09:00,rail-left-01,rail-right-01,0.6.7-draft,0.6.7-draft,mqtt,mqtt,1002.07,793.65,6.391,6.252,0.192,0.184,0.147,-0.328,10.767,9.615,-0.0618,0.0313,0.0386,0.0498,-0.0123,-0.0033,24.98,25.02,16239,18016,2.03,2.252,6.09,6.756,550,550,55,55,0,0,0,0,,,,,,,,,,,,,,,,,0.0,0.0,0,0,1165.2,915.2,0.8635,1.0919,1,1,0
2026-09-28T22:37:26.549336+09:00,58188453,75c9d598,2026-09-28T22:37:26.549336+09:00,2026-09-28T22:37:26.586456+09:00,rail-left-01,rail-right-01,0.6.7-draft,0.6.7-draft,mqtt,mqtt,1007.34,797.83,6.428,6.252,-0.084,-0.048,0.059,-0.206,10.397,9.841,-0.0614,0.0336,0.0362,0.0544,-0.0063,-0.0021,24.98,24.98,16332,18016,2.042,2.252,6.125,6.756,551,551,56,56,0,0,0,0,,,,,,,,,,,,,,,,,0.0,0.0,0,0,1169.8,919.8,0.8635,1.0919,1,1,0
2026-09-28T22:37:26.569495+09:00,58208612,75c9d598,2026-09-28T22:37:26.569495+09:00,2026-09-28T22:37:26.606615+09:00,rail-left-01,rail-right-01,0.6.7-draft,0.6.7-draft,mqtt,mqtt,1008.58,798.77,6.564,6.265,-0.035,-0.09,0.352,0.104,10.363,9.784,-0.0586,0.0293,0.0421,0.0529,-0.0113,-0.0009,24.99,24.98,16671,18043,2.084,2.255,6.252,6.766,552,552,56,56,0,0,0,0,,,,,,,,,,,,,,,,,0.0,0.0,0,0,1170.8,920.8,0.8635,1.0919,1,1,0
2026-09-28T22:37:26.589447+09:00,58228564,75c9d598,2026-09-28T22:37:26.589447+09:00,2026-09-28T22:37:26.626567+09:00,rail-left-01,rail-right-01,0.6.7-draft,0.6.7-draft,mqtt,mqtt,1009.83,799.77,6.57,6.273,0.119,0.141,0.199,-0.515,10.336,9.565,-0.0589,0.0305,0.045,0.061,-0.0143,-0.0092,24.98,25.01,16686,18062,2.086,2.258,6.257,6.773,553,553,56,56,0,0,0,0,,,,,,,,,,,,,,,,,0.0,0.0,0,0,1171.9,921.9,0.8635,1.0919,1,1,0
2026-09-28T22:37:26.609430+09:00,58248547,75c9d598,2026-09-28T22:37:26.609430+09:00,2026-09-28T22:37:26.646550+09:00,rail-left-01,rail-right-01,0.6.7-draft,0.6.7-draft,mqtt,mqtt,1011.02,800.71,6.529,6.281,-0.212,-0.186,-0.132,-0.189,11.329,9.662,-0.0695,0.0322,0.0406,0.051,-0.0129,-0.0023,24.98,24.98,16584,18079,2.073,2.26,6.219,6.78,554,554,56,56,0,0,0,0,,,,,,,,,,,,,,,,,0.0,0.0,0,0,1173.0,923.0,0.8635,1.0919,1,1,0
2026-09-28T22:37:26.629675+09:00,58268792,75c9d598,2026-09-28T22:37:26.629675+09:00,2026-09-28T22:37:26.666795+09:00,rail-left-01,rail-right-01,0.6.7-draft,0.6.7-draft,mqtt,mqtt,1012.26,801.71,6.558,6.261,0.066,0.182,0.163,-0.035,10.394,10.214,-0.0678,0.0286,0.0313,0.0545,-0.0179,-0.0129,24.98,24.95,16656,18034,2.082,2.254,6.246,6.763,555,555,56,56,0,0,0,0,,,,,,,,,,,,,,,,,0.0,0.0,0,0,1174.0,924.0,0.8635,1.0919,1,1,0
2026-09-28T22:37:26.649724+09:00,58288841,75c9d598,2026-09-28T22:37:26.649724+09:00,2026-09-28T22:37:26.686844+09:00,rail-left-01,rail-right-01,0.6.7-draft,0.6.7-draft,mqtt,mqtt,1013.51,802.7,6.589,6.278,0.074,0.044,0.097,-0.114,10.299,9.91,-0.0686,0.0284,0.043,0.0573,-0.0073,-0.0065,24.98,24.96,16733,18072,2.092,2.259,6.275,6.777,556,556,56,56,0,0,0,0,,,,,,,,,,,,,,,,,0.0,0.0,0,0,1175.1,925.1,0.8635,1.0919,1,1,0
2026-09-28T22:37:26.669743+09:00,58308860,75c9d598,2026-09-28T22:37:26.669743+09:00,2026-09-28T22:37:26.706863+09:00,rail-left-01,rail-right-01,0.6.7-draft,0.6.7-draft,mqtt,mqtt,1014.7,803.65,6.591,6.283,-0.164,-0.166,0.14,-0.376,11.101,9.834,-0.0629,0.0316,0.0404,0.0582,-0.0121,-0.0115,24.98,24.97,16737,18083,2.092,2.26,6.276,6.781,557,557,56,56,0,0,0,0,,,,,,,,,,,,,,,,,0.0,0.0,0,0,1176.1,926.1,0.8635,1.0919,1,1,0
2026-09-28T22:37:26.689487+09:00,58328604,75c9d598,2026-09-28T22:37:26.689487+09:00,2026-09-28T22:37:26.726607+09:00,rail-left-01,rail-right-01,0.6.7-draft,0.6.7-draft,mqtt,mqtt,1015.94,804.59,6.579,6.299,0.172,0.107,-0.043,-0.126,10.418,9.882,-0.0605,0.0314,0.0408,0.0612,-0.0108,-0.012,24.98,24.99,16707,18119,2.088,2.265,6.265,6.795,558,558,56,56,0,0,0,0,,,,,,,,,,,,,,,,,0.0,0.0,0,0,1177.2,927.2,0.8635,1.0919,1,1,0
2026-09-28T22:37:26.709406+09:00,58348523,75c9d598,2026-09-28T22:37:26.709406+09:00,2026-09-28T22:37:26.746526+09:00,rail-left-01,rail-right-01,0.6.7-draft,0.6.7-draft,mqtt,mqtt,1017.19,805.59,6.561,6.31,0.019,0.056,-0.16,-0.292,10.432,9.767,-0.0617,0.0321,0.0404,0.0617,-0.01,-0.0132,24.97,24.99,16662,18144,2.083,2.268,6.248,6.804,559,559,56,56,0,0,0,0,,,,,,,,,,,,,,,,,0.0,0.0,0,0,1178.3,928.3,0.8635,1.0919,1,1,0
2026-09-28T22:37:26.729946+09:00,58369063,75c9d598,2026-09-28T22:37:26.729946+09:00,2026-09-28T22:37:26.767066+09:00,rail-left-01,rail-right-01,0.6.7-draft,0.6.7-draft,mqtt,mqtt,1018.43,806.58,6.53,6.325,0.028,-0.03,0.231,-0.184,10.603,9.767,-0.0674,0.033,0.0436,0.0578,-0.0101,-0.0071,24.96,25.0,16587,18178,2.073,2.272,6.22,6.817,560,560,56,56,0,0,0,0,,,,,,,,,,,,,,,,,0.0,0.0,0,0,1179.4,929.4,0.8635,1.0919,1,1,0
2026-09-28T22:37:26.854388+09:00,58450446,75c9d598,2026-09-28T22:37:26.854388+09:00,2026-09-28T22:37:26.897162+09:00,rail-left-01,rail-right-01,0.6.7-draft,0.6.7-draft,mqtt,mqtt,1023.45,810.51,6.53,6.34,-0.067,0.014,0.045,-0.151,10.399,9.855,-0.0675,0.0304,0.0438,0.0589,-0.0121,-0.0093,24.99,24.98,16586,18211,2.073,2.276,6.22,6.829,561,561,57,57,0,0,0,0,,,,,,,,,,,,,,,,,0.0,0.0,0,0,1183.7,933.7,0.8635,1.0919,1,1,0
2026-09-28T22:37:26.874456+09:00,58470514,75c9d598,2026-09-28T22:37:26.874456+09:00,2026-09-28T22:37:26.917230+09:00,rail-left-01,rail-right-01,0.6.7-draft,0.6.7-draft,mqtt,mqtt,1024.64,811.5,6.535,6.436,-0.026,0.062,0.13,-0.353,10.515,9.707,-0.0689,0.0306,0.0401,0.0546,-0.0132,-0.0097,24.96,24.97,16599,18424,2.075,2.303,6.225,6.909,562,562,57,57,0,0,0,0,,,,,,,,,,,,,,,,,0.0,0.0,0,0,1184.7,934.7,0.8635,1.0919,1,1,0
2026-09-28T22:37:26.894509+09:00,58490567,75c9d598,2026-09-28T22:37:26.894509+09:00,2026-09-28T22:37:26.937283+09:00,rail-left-01,rail-right-01,0.6.7-draft,0.6.7-draft,mqtt,mqtt,1025.89,812.45,6.567,6.501,0.013,0.002,-0.006,-0.248,10.427,9.856,-0.065,0.0284,0.043,0.0606,-0.0095,-0.0065,24.97,24.97,16677,18568,2.085,2.321,6.254,6.963,563,563,57,57,0,0,0,0,,,,,,,,,,,,,,,,,0.0,0.0,0,0,1185.8,935.8,0.8635,1.0919,1,1,0
2026-09-28T22:37:26.914471+09:00,58510529,75c9d598,2026-09-28T22:37:26.914471+09:00,2026-09-28T22:37:26.957245+09:00,rail-left-01,rail-right-01,0.6.7-draft,0.6.7-draft,mqtt,mqtt,1027.13,813.44,6.625,6.607,-0.119,-0.042,0.256,-0.397,10.512,9.486,-0.0663,0.0332,0.0429,0.0576,-0.0103,-0.0051,24.97,24.97,16822,18802,2.103,2.35,6.308,7.051,564,564,57,57,0,0,0,0,,,,,,,,,,,,,,,,,0.0,0.0,0,0,1186.9,936.9,0.8635,1.0919,1,1,0
2026-09-28T22:37:26.934517+09:00,58530575,75c9d598,2026-09-28T22:37:26.934517+09:00,2026-09-28T22:37:26.977291+09:00,rail-left-01,rail-right-01,0.6.7-draft,0.6.7-draft,mqtt,mqtt,1028.37,814.39,6.758,6.73,0.025,-0.014,-0.057,-0.25,10.303,9.535,-0.077,0.0322,0.0374,0.0564,-0.0083,-0.0071,24.97,24.97,17154,19075,2.144,2.384,6.433,7.153,565,565,57,57,0,0,0,0,,,,,,,,,,,,,,,,,0.0,0.0,0,0,1187.9,937.9,0.8635,1.0919,1,1,0
2026-09-28T22:37:26.954609+09:00,58550667,75c9d598,2026-09-28T22:37:26.954609+09:00,2026-09-28T22:37:26.997383+09:00,rail-left-01,rail-right-01,0.6.7-draft,0.6.7-draft,mqtt,mqtt,1029.62,815.38,6.964,6.874,0.042,0.053,0.035,-0.339,10.333,9.579,-0.0725,0.034,0.0386,0.0544,-0.0097,-0.0064,24.97,24.96,17666,19395,2.208,2.424,6.625,7.273,566,566,57,57,0,0,0,0,,,,,,,,,,,,,,,,,0.0,0.0,0,0,1189.0,939.0,0.8635,1.0919,1,1,0
2026-09-28T22:37:26.974601+09:00,58570659,75c9d598,2026-09-28T22:37:26.974601+09:00,2026-09-28T22:37:27.017375+09:00,rail-left-01,rail-right-01,0.6.7-draft,0.6.7-draft,mqtt,mqtt,1030.81,816.32,7.105,6.973,0.017,0.065,0.007,-0.384,10.239,9.719,-0.067,0.0277,0.0378,0.0561,-0.0101,-0.0081,24.97,24.97,18018,19615,2.252,2.452,6.757,7.356,567,567,57,57,0,0,0,0,,,,,,,,,,,,,,,,,0.0,0.0,0,0,1190.0,940.0,0.8635,1.0919,1,1,0
2026-09-28T22:37:26.994447+09:00,58590505,75c9d598,2026-09-28T22:37:26.994447+09:00,2026-09-28T22:37:27.037221+09:00,rail-left-01,rail-right-01,0.6.7-draft,0.6.7-draft,mqtt,mqtt,1032.05,817.32,7.316,7.124,0.154,0.104,0.054,-0.078,10.631,9.732,-0.0629,0.0349,0.0398,0.06,-0.0087,-0.0147,24.95,24.99,18543,19950,2.318,2.494,6.954,7.481,568,568,57,57,0,0,0,0,,,,,,,,,,,,,,,,,0.0,0.0,0,0,1191.1,941.1,0.8635,1.0919,1,1,0
2026-09-28T22:37:27.014408+09:00,58610466,75c9d598,2026-09-28T22:37:27.014408+09:00,2026-09-28T22:37:27.057182+09:00,rail-left-01,rail-right-01,0.6.7-draft,0.6.7-draft,mqtt,mqtt,1033.24,818.26,7.5,7.243,-0.123,-0.065,0.017,-0.186,10.518,9.609,-0.0685,0.0374,0.0417,0.056,-0.006,-0.0001,24.94,24.97,19001,20213,2.375,2.527,7.125,7.58,569,569,57,57,0,0,0,0,,,,,,,,,,,,,,,,,0.0,0.0,0,0,1192.1,942.1,0.8635,1.0919,1,1,0
2026-09-28T22:37:27.034825+09:00,58630883,75c9d598,2026-09-28T22:37:27.034825+09:00,2026-09-28T22:37:27.077599+09:00,rail-left-01,rail-right-01,0.6.7-draft,0.6.7-draft,mqtt,mqtt,1034.49,819.26,7.613,7.304,0.034,0.019,0.159,-0.219,10.617,9.84,-0.0682,0.0344,0.0421,0.0585,-0.0089,-0.0033,24.97,24.96,19282,20350,2.41,2.544,7.231,7.631,570,570,57,57,0,0,0,0,,,,,,,,,,,,,,,,,0.0,0.0,0,0,1193.2,943.2,0.8635,1.0919,1,1,0
2026-09-28T22:37:27.130510+09:00,58759481,75c9d598,2026-09-28T22:37:27.130510+09:00,2026-09-28T22:37:27.210906+09:00,rail-left-01,rail-right-01,0.6.7-draft,0.6.7-draft,mqtt,mqtt,1042.34,825.52,7.645,7.312,0.045,0.012,0.2,-0.399,10.458,9.598,-0.0669,0.0358,0.0378,0.0581,-0.0075,-0.0039,24.97,24.99,19361,20367,2.42,2.546,7.26,7.638,571,571,58,58,0,0,0,0,,,,,,,,,,,,,,,,,0.0,0.0,0,0,1200.0,950.0,0.8635,1.0919,1,1,1200
2026-09-28T22:37:27.150629+09:00,58779600,75c9d598,2026-09-28T22:37:27.150629+09:00,2026-09-28T22:37:27.231025+09:00,rail-left-01,rail-right-01,0.6.7-draft,0.6.7-draft,mqtt,mqtt,1043.59,826.47,6.648,6.577,-0.006,-0.014,0.025,-0.142,10.469,9.697,-0.0644,0.0372,0.0358,0.0529,-0.0071,-0.0049,24.99,24.96,16879,18736,2.11,2.342,6.33,7.026,572,572,58,58,0,0,0,0,,,,,,,,,,,,,,,,,0.0,0.0,0,0,1201.1,951.1,0.8635,1.0919,1,1,0
2026-09-28T22:37:27.170695+09:00,58799666,75c9d598,2026-09-28T22:37:27.170695+09:00,2026-09-28T22:37:27.251091+09:00,rail-left-01,rail-right-01,0.6.7-draft,0.6.7-draft,mqtt,mqtt,1044.83,827.46,6.548,6.486,-0.037,0.068,-0.005,-0.186,10.475,9.674,-0.067,0.0352,0.0402,0.0561,-0.0087,-0.0053,24.97,24.98,16632,18534,2.079,2.317,6.237,6.95,573,573,58,58,0,0,0,0,,,,,,,,,,,,,,,,,0.0,0.0,0,0,1202.2,952.2,0.8635,1.0919,1,1,0
2026-09-28T22:37:27.190551+09:00,58819522,75c9d598,2026-09-28T22:37:27.190551+09:00,2026-09-28T22:37:27.270947+09:00,rail-left-01,rail-right-01,0.6.7-draft,0.6.7-draft,mqtt,mqtt,1046.02,828.46,6.464,6.438,0.026,-0.004,-0.055,-0.353,10.519,9.857,-0.0673,0.0348,0.0378,0.0582,-0.0064,-0.0049,24.97,24.96,16421,18428,2.053,2.304,6.158,6.911,574,574,58,58,0,0,0,0,,,,,,,,,,,,,,,,,0.0,0.0,0,0,1203.2,953.2,0.8635,1.0919,1,1,0
2026-09-28T22:37:27.210962+09:00,58839934,75c9d598,2026-09-28T22:37:27.210962+09:00,2026-09-28T22:37:27.291359+09:00,rail-left-01,rail-right-01,0.6.7-draft,0.6.7-draft,mqtt,mqtt,1047.27,829.45,6.419,6.405,-0.011,-0.004,0.026,-0.168,10.35,9.663,-0.0642,0.0314,0.0358,0.0552,-0.0088,-0.0068,24.97,24.96,16309,18355,2.039,2.294,6.116,6.883,575,575,58,58,0,0,0,0,,,,,,,,,,,,,,,,,0.0,0.0,0,0,1204.3,954.3,0.8635,1.0919,1,1,0
2026-09-28T22:37:27.230949+09:00,58859920,75c9d598,2026-09-28T22:37:27.230949+09:00,2026-09-28T22:37:27.311345+09:00,rail-left-01,rail-right-01,0.6.7-draft,0.6.7-draft,mqtt,mqtt,1048.46,830.39,6.391,6.374,-0.057,-0.037,0.147,-0.285,10.556,9.55,-0.0649,0.035,0.0381,0.0542,-0.0081,-0.0041,24.98,24.96,16241,18286,2.03,2.286,6.09,6.857,576,576,58,58,0,0,0,0,,,,,,,,,,,,,,,,,0.0,0.0,0,0,1205.3,955.3,0.8635,1.0919,1,1,0
2026-09-28T22:37:27.250584+09:00,58879555,75c9d598,2026-09-28T22:37:27.250584+09:00,2026-09-28T22:37:27.330980+09:00,rail-left-01,rail-right-01,0.6.7-draft,0.6.7-draft,mqtt,mqtt,1049.65,831.34,6.378,6.354,0.043,0.048,0.15,-0.194,10.612,9.754,-0.0646,0.0394,0.0341,0.0498,-0.0065,-0.0039,24.98,24.97,16207,18242,2.026,2.28,6.078,6.841,577,577,58,58,0,0,0,0,,,,,,,,,,,,,,,,,0.0,0.0,0,0,1206.3,956.3,0.8635,1.0919,1,1,0
2026-09-28T22:37:27.270552+09:00,58899523,75c9d598,2026-09-28T22:37:27.270552+09:00,2026-09-28T22:37:27.350948+09:00,rail-left-01,rail-right-01,0.6.7-draft,0.6.7-draft,mqtt,mqtt,1050.89,832.33,6.372,6.319,-0.041,-0.03,-0.062,-0.201,10.396,9.942,-0.0673,0.0412,0.0349,0.0532,-0.0084,-0.0051,24.97,24.98,16193,18164,2.024,2.271,6.072,6.812,578,578,58,58,0,0,0,0,,,,,,,,,,,,,,,,,0.0,0.0,0,0,1207.4,957.4,0.8635,1.0919,1,1,0
2026-09-28T22:37:27.290523+09:00,58919494,75c9d598,2026-09-28T22:37:27.290523+09:00,2026-09-28T22:37:27.370919+09:00,rail-left-01,rail-right-01,0.6.7-draft,0.6.7-draft,mqtt,mqtt,1052.09,833.33,6.371,6.309,0.028,0.057,0.144,-0.159,10.551,9.567,-0.0616,0.03,0.04,0.0561,-0.0071,-0.0076,24.97,24.96,16190,18141,2.024,2.268,6.071,6.803,579,579,58,58,0,0,0,0,,,,,,,,,,,,,,,,,0.0,0.0,0,0,1208.4,958.4,0.8635,1.0919,1,1,0
2026-09-28T22:37:27.310831+09:00,58939802,75c9d598,2026-09-28T22:37:27.310831+09:00,2026-09-28T22:37:27.391227+09:00,rail-left-01,rail-right-01,0.6.7-draft,0.6.7-draft,mqtt,mqtt,1053.33,834.32,6.38,6.322,-0.019,-0.018,0.121,-0.263,10.29,9.487,-0.0644,0.0297,0.0398,0.0552,-0.0071,-0.006,24.97,24.97,16213,18171,2.027,2.271,6.08,6.814,580,580,58,58,0,0,0,0,,,,,,,,,,,,,,,,,0.0,0.0,0,0,1209.5,959.5,0.8635,1.0919,1,1,0
2026-09-28T22:37:27.442648+09:00,59073442,75c9d598,2026-09-28T22:37:27.442648+09:00,2026-09-28T22:37:27.482350+09:00,rail-left-01,rail-right-01,0.6.7-draft,0.6.7-draft,mqtt,mqtt,1061.44,840.84,6.373,6.322,-0.01,0.063,-0.093,-0.308,10.503,9.74,-0.0655,0.0276,0.0318,0.0486,-0.0077,-0.0039,24.99,24.95,16196,18171,2.025,2.271,6.074,6.814,581,581,59,59,0,0,0,0,,,,,,,,,,,,,,,,,0.0,0.0,0,0,1216.5,966.5,0.8635,1.0919,1,1,0
2026-09-28T22:37:27.462685+09:00,59093479,75c9d598,2026-09-28T22:37:27.462685+09:00,2026-09-28T22:37:27.502386+09:00,rail-left-01,rail-right-01,0.6.7-draft,0.6.7-draft,mqtt,mqtt,1062.68,841.78,6.329,6.222,0.023,-0.023,0.219,-0.12,10.396,9.882,-0.0622,0.0274,0.0324,0.0502,-0.0044,-0.0023,24.97,24.97,16085,17948,2.011,2.243,6.032,6.731,582,582,59,59,0,0,0,0,,,,,,,,,,,,,,,,,0.0,0.0,0,0,1217.6,967.6,0.8635,1.0919,1,1,0
2026-09-28T22:37:27.482822+09:00,59113616,75c9d598,2026-09-28T22:37:27.482822+09:00,2026-09-28T22:37:27.522524+09:00,rail-left-01,rail-right-01,0.6.7-draft,0.6.7-draft,mqtt,mqtt,1063.92,842.77,6.338,6.165,-0.06,0.034,0.096,-0.369,10.503,9.765,-0.0666,0.0241,0.0316,0.0496,-0.0092,-0.0057,24.98,24.96,16107,17822,2.013,2.228,6.04,6.683,583,583,59,59,0,0,0,0,,,,,,,,,,,,,,,,,0.0,0.0,0,0,1218.6,968.6,0.8635,1.0919,1,1,0
2026-09-28T22:37:27.502762+09:00,59133556,75c9d598,2026-09-28T22:37:27.502762+09:00,2026-09-28T22:37:27.542464+09:00,rail-left-01,rail-right-01,0.6.7-draft,0.6.7-draft,mqtt,mqtt,1065.11,843.77,6.355,6.126,0.09,0.096,-0.057,-0.097,10.381,9.829,-0.0685,0.0285,0.0318,0.0497,-0.0068,-0.0059,25.0,24.96,16151,17735,2.019,2.217,6.057,6.651,584,584,59,59,0,0,0,0,,,,,,,,,,,,,,,,,0.0,0.0,0,0,1219.7,969.7,0.8635,1.0919,1,1,0
2026-09-28T22:37:27.522876+09:00,59153670,75c9d598,2026-09-28T22:37:27.522876+09:00,2026-09-28T22:37:27.562577+09:00,rail-left-01,rail-right-01,0.6.7-draft,0.6.7-draft,mqtt,mqtt,1066.36,844.76,6.381,6.108,-0.026,-0.013,0.23,-0.165,10.476,9.789,-0.0634,0.0325,0.0374,0.0569,-0.0071,-0.0049,24.97,24.98,16214,17696,2.027,2.212,6.08,6.636,585,585,59,59,0,0,0,0,,,,,,,,,,,,,,,,,0.0,0.0,0,0,1220.7,970.7,0.8635,1.0919,1,1,0
2026-09-28T22:37:27.542654+09:00,59173448,75c9d598,2026-09-28T22:37:27.542654+09:00,2026-09-28T22:37:27.582355+09:00,rail-left-01,rail-right-01,0.6.7-draft,0.6.7-draft,mqtt,mqtt,1067.55,845.71,6.381,6.123,0.023,0.072,-0.063,-0.407,10.505,9.592,-0.0636,0.0292,0.0376,0.0542,-0.0053,-0.006,24.98,24.96,16214,17729,2.027,2.216,6.08,6.648,586,586,59,59,0,0,0,0,,,,,,,,,,,,,,,,,0.0,0.0,0,0,1221.8,971.8,0.8635,1.0919,1,1,0
2026-09-28T22:37:27.562768+09:00,59193562,75c9d598,2026-09-28T22:37:27.562768+09:00,2026-09-28T22:37:27.602470+09:00,rail-left-01,rail-right-01,0.6.7-draft,0.6.7-draft,mqtt,mqtt,1068.74,846.7,6.392,6.123,0.056,-0.03,0.06,-0.238,10.378,9.639,-0.0671,0.0344,0.037,0.0558,-0.0057,-0.0041,24.95,24.98,16242,17728,2.03,2.216,6.091,6.648,587,587,59,59,0,0,0,0,,,,,,,,,,,,,,,,,0.0,0.0,0,0,1222.8,972.8,0.8635,1.0919,1,1,0
2026-09-28T22:37:27.582750+09:00,59213544,75c9d598,2026-09-28T22:37:27.582750+09:00,2026-09-28T22:37:27.622451+09:00,rail-left-01,rail-right-01,0.6.7-draft,0.6.7-draft,mqtt,mqtt,1069.99,847.65,6.399,6.104,0.057,0.04,0.006,-0.311,10.384,9.792,-0.0618,0.0314,0.0368,0.0578,-0.0104,-0.0111,24.96,24.97,16260,17687,2.033,2.211,6.097,6.633,588,588,59,59,0,0,0,0,,,,,,,,,,,,,,,,,0.0,0.0,0,0,1223.9,973.9,0.8635,1.0919,1,1,0
2026-09-28T22:37:27.602708+09:00,59233502,75c9d598,2026-09-28T22:37:27.602708+09:00,2026-09-28T22:37:27.642409+09:00,rail-left-01,rail-right-01,0.6.7-draft,0.6.7-draft,mqtt,mqtt,1071.18,848.64,6.411,6.114,-0.007,0.066,0.014,-0.141,10.406,9.772,-0.0667,0.0348,0.0362,0.0517,-0.0025,0.0012,24.98,24.95,16290,17708,2.036,2.214,6.109,6.641,589,589,59,59,0,0,0,0,,,,,,,,,,,,,,,,,0.0,0.0,0,0,1224.9,974.9,0.8635,1.0919,1,1,0
2026-09-28T22:37:27.622748+09:00,59253542,75c9d598,2026-09-28T22:37:27.622748+09:00,2026-09-28T22:37:27.662450+09:00,rail-left-01,rail-right-01,0.6.7-draft,0.6.7-draft,mqtt,mqtt,1072.42,849.64,6.424,6.098,-0.013,-0.121,0.049,-0.314,10.466,9.614,-0.0618,0.0312,0.0369,0.0506,-0.0091,-0.004,24.99,24.98,16323,17674,2.04,2.209,6.121,6.628,590,590,59,59,0,0,0,0,,,,,,,,,,,,,,,,,0.0,0.0,0,0,1226.0,976.0,0.8635,1.0919,1,1,0
2026-09-28T22:37:27.714368+09:00,59345456,75c9d598,2026-09-28T22:37:27.714368+09:00,2026-09-28T22:37:27.793824+09:00,rail-left-01,rail-right-01,0.6.7-draft,0.6.7-draft,mqtt,mqtt,1077.99,854.11,6.422,6.085,-0.117,-0.104,0.034,-0.056,10.519,9.977,-0.0632,0.0318,0.0425,0.0566,0.0027,0.0007,25.0,24.99,16318,17645,2.04,2.206,6.119,6.617,591,591,60,60,0,0,0,0,,,,,,,,,,,,,,,,,0.0,0.0,0,0,1230.8,980.8,0.8635,1.0919,1,1,0
2026-09-28T22:37:27.734527+09:00,59365615,75c9d598,2026-09-28T22:37:27.734527+09:00,2026-09-28T22:37:27.813983+09:00,rail-left-01,rail-right-01,0.6.7-draft,0.6.7-draft,mqtt,mqtt,1079.23,855.05,6.425,6.102,0.272,0.273,-0.004,-0.372,10.564,9.722,-0.0675,0.0337,0.0382,0.0526,0.0009,0.0015,24.98,24.95,16324,17682,2.041,2.21,6.122,6.631,592,592,60,60,0,0,0,0,,,,,,,,,,,,,,,,,0.0,0.0,0,0,1231.9,981.9,0.8635,1.0919,1,1,0
2026-09-28T22:37:27.754544+09:00,59385632,75c9d598,2026-09-28T22:37:27.754544+09:00,2026-09-28T22:37:27.834000+09:00,rail-left-01,rail-right-01,0.6.7-draft,0.6.7-draft,mqtt,mqtt,1080.43,856.05,6.413,6.092,-0.117,-0.113,0.202,-0.245,10.754,9.77,-0.0673,0.0322,0.0336,0.0538,-0.002,-0.0028,24.97,24.97,16295,17660,2.037,2.208,6.111,6.623,593,593,60,60,0,0,0,0,,,,,,,,,,,,,,,,,0.0,0.0,0,0,1232.9,982.9,0.8635,1.0919,1,1,0
2026-09-28T22:37:27.774435+09:00,59405523,75c9d598,2026-09-28T22:37:27.774435+09:00,2026-09-28T22:37:27.853891+09:00,rail-left-01,rail-right-01,0.6.7-draft,0.6.7-draft,mqtt,mqtt,1081.62,856.99,6.44,6.075,0.072,0.097,-0.067,-0.077,10.558,9.807,-0.0641,0.0321,0.0282,0.0505,-0.0031,-0.0019,24.97,24.97,16361,17623,2.045,2.203,6.135,6.609,594,594,60,60,0,0,0,0,,,,,,,,,,,,,,,,,0.0,0.0,0,0,1233.9,983.9,0.8635,1.0919,1,1,0
2026-09-28T22:37:27.794874+09:00,59425962,75c9d598,2026-09-28T22:37:27.794874+09:00,2026-09-28T22:37:27.874330+09:00,rail-left-01,rail-right-01,0.6.7-draft,0.6.7-draft,mqtt,mqtt,1082.91,858.04,6.47,6.028,-0.176,-0.128,-0.209,-0.334,10.388,9.801,-0.0622,0.0273,0.0301,0.0504,-0.0053,0.0007,24.97,24.97,16436,17518,2.055,2.19,6.164,6.569,595,595,60,60,0,0,0,0,,,,,,,,,,,,,,,,,0.0,0.0,0,0,1235.0,985.0,0.8635,1.0919,1,1,0
2026-09-28T22:37:27.814860+09:00,59445948,75c9d598,2026-09-28T22:37:27.814860+09:00,2026-09-28T22:37:27.894316+09:00,rail-left-01,rail-right-01,0.6.7-draft,0.6.7-draft,mqtt,mqtt,1084.11,858.98,6.533,5.999,0.151,0.19,-0.026,-0.306,10.805,9.607,-0.0573,0.0296,0.0376,0.0456,-0.0097,-0.0135,24.98,24.96,16594,17452,2.074,2.182,6.223,6.545,596,596,60,60,0,0,0,0,,,,,,,,,,,,,,,,,0.0,0.0,0,0,1236.1,986.1,0.8635,1.0919,1,1,0
2026-09-28T22:37:27.834450+09:00,59465538,75c9d598,2026-09-28T22:37:27.834450+09:00,2026-09-28T22:37:27.913906+09:00,rail-left-01,rail-right-01,0.6.7-draft,0.6.7-draft,mqtt,mqtt,1085.3,859.93,6.575,6.012,-0.057,-0.057,0.145,-0.121,10.23,9.459,-0.0569,0.0334,0.0426,0.0544,-0.0068,-0.008,24.99,24.99,16698,17483,2.087,2.185,6.262,6.556,597,597,60,60,0,0,0,0,,,,,,,,,,,,,,,,,0.0,0.0,0,0,1237.1,987.1,0.8635,1.0919,1,1,0
2026-09-28T22:37:27.854403+09:00,59485491,75c9d598,2026-09-28T22:37:27.854403+09:00,2026-09-28T22:37:27.933859+09:00,rail-left-01,rail-right-01,0.6.7-draft,0.6.7-draft,mqtt,mqtt,1086.49,860.92,6.611,6.036,-0.016,0.085,0.399,-0.488,10.531,9.238,-0.0617,0.0349,0.042,0.055,-0.0088,-0.0035,24.97,24.98,16788,17536,2.099,2.192,6.295,6.576,598,598,60,60,0,0,0,0,,,,,,,,,,,,,,,,,0.0,0.0,0,0,1238.1,988.1,0.8635,1.0919,1,1,0
2026-09-28T22:37:27.874433+09:00,59505521,75c9d598,2026-09-28T22:37:27.874433+09:00,2026-09-28T22:37:27.953889+09:00,rail-left-01,rail-right-01,0.6.7-draft,0.6.7-draft,mqtt,mqtt,1087.69,861.87,6.624,6.053,-0.075,-0.099,-0.202,-0.419,10.183,9.505,-0.0628,0.032,0.041,0.0568,-0.0075,-0.0089,24.94,24.97,16820,17574,2.103,2.197,6.308,6.59,599,599,60,60,0,0,0,0,,,,,,,,,,,,,,,,,0.0,0.0,0,0,1239.2,989.2,0.8635,1.0919,1,1,0
2026-09-28T22:37:27.894475+09:00,59525563,75c9d598,2026-09-28T22:37:27.894475+09:00,2026-09-28T22:37:27.973931+09:00,rail-left-01,rail-right-01,0.6.7-draft,0.6.7-draft,mqtt,mqtt,1088.93,862.86,6.617,6.049,-0.019,0.059,0.241,-0.008,10.326,9.657,-0.062,0.0333,0.0382,0.0578,-0.0019,-0.0009,24.96,24.97,16803,17564,2.1,2.196,6.301,6.587,600,600,60,60,0,0,0,0,,,,,,,,,,,,,,,,,0.0,0.0,0,0,1240.2,990.2,0.8635,1.0919,1,1,0
2026-09-28T22:37:28.065182+09:00,59657406,75c9d598,2026-09-28T22:37:28.065182+09:00,2026-09-28T22:37:28.148861+09:00,rail-left-01,rail-right-01,0.6.7-draft,0.6.7-draft,mqtt,mqtt,1096.98,869.27,6.61,6.05,0.163,0.144,0.002,-0.124,10.162,9.748,-0.0602,0.0326,0.0389,0.0573,-0.0076,-0.0081,24.96,24.96,16786,17567,2.098,2.196,6.295,6.588,601,601,61,61,0,0,0,0,,,,,,,,,,,,,,,,,0.0,0.0,0,0,1247.2,997.2,0.8635,1.0919,1,1,0
2026-09-28T22:37:28.085312+09:00,59677536,75c9d598,2026-09-28T22:37:28.085312+09:00,2026-09-28T22:37:28.168991+09:00,rail-left-01,rail-right-01,0.6.7-draft,0.6.7-draft,mqtt,mqtt,1098.18,870.27,6.608,6.057,0.014,-0.069,0.16,-0.435,10.524,9.565,-0.0614,0.0378,0.041,0.058,-0.0059,-0.0005,24.98,24.99,16781,17582,2.098,2.198,6.293,6.593,602,602,61,61,0,0,0,0,,,,,,,,,,,,,,,,,0.0,0.0,0,0,1248.2,998.2,0.8635,1.0919,1,1,0
2026-09-28T22:37:28.105303+09:00,59697527,75c9d598,2026-09-28T22:37:28.105303+09:00,2026-09-28T22:37:28.188982+09:00,rail-left-01,rail-right-01,0.6.7-draft,0.6.7-draft,mqtt,mqtt,1099.42,871.21,6.592,6.055,-0.063,-0.019,-0.008,-0.196,10.232,9.555,-0.0686,0.0305,0.0433,0.0589,-0.0087,-0.0061,24.97,24.99,16741,17577,2.093,2.197,6.278,6.591,603,603,61,61,0,0,0,0,,,,,,,,,,,,,,,,,0.0,0.0,0,0,1249.3,999.3,0.8635,1.0919,1,1,0
2026-09-28T22:37:28.125282+09:00,59717506,75c9d598,2026-09-28T22:37:28.125282+09:00,2026-09-28T22:37:28.208961+09:00,rail-left-01,rail-right-01,0.6.7-draft,0.6.7-draft,mqtt,mqtt,1100.61,872.21,6.593,6.074,0.036,0.093,-0.14,-0.085,10.511,9.697,-0.0661,0.0357,0.0386,0.0561,-0.0089,-0.0069,24.97,24.99,16743,17620,2.093,2.203,6.279,6.608,604,604,61,61,0,0,0,0,,,,,,,,,,,,,,,,,0.0,0.0,0,0,1250.3,1000.3,0.8635,1.0919,1,1,0
2026-09-28T22:37:28.145339+09:00,59737563,75c9d598,2026-09-28T22:37:28.145339+09:00,2026-09-28T22:37:28.229018+09:00,rail-left-01,rail-right-01,0.6.7-draft,0.6.7-draft,mqtt,mqtt,1101.86,873.2,6.603,6.08,-0.089,-0.087,0.166,-0.25,10.579,9.886,-0.069,0.0337,0.036,0.0556,-0.0093,-0.0027,24.98,24.97,16768,17633,2.096,2.204,6.288,6.612,605,605,61,61,0,0,0,0,,,,,,,,,,,,,,,,,0.0,0.0,0,0,1251.4,1001.4,0.8635,1.0919,1,1,0
2026-09-28T22:37:28.165315+09:00,59757539,75c9d598,2026-09-28T22:37:28.165315+09:00,2026-09-28T22:37:28.248994+09:00,rail-left-01,rail-right-01,0.6.7-draft,0.6.7-draft,mqtt,mqtt,1103.1,874.15,6.63,6.096,0.023,0.008,-0.077,-0.293,10.647,9.723,-0.0715,0.0312,0.034,0.051,-0.0069,-0.0072,24.97,24.99,16834,17668,2.104,2.209,6.313,6.626,606,606,61,61,0,0,0,0,,,,,,,,,,,,,,,,,0.0,0.0,0,0,1252.5,1002.5,0.8635,1.0919,1,1,0
2026-09-28T22:37:28.185234+09:00,59777458,75c9d598,2026-09-28T22:37:28.185234+09:00,2026-09-28T22:37:28.268913+09:00,rail-left-01,rail-right-01,0.6.7-draft,0.6.7-draft,mqtt,mqtt,1104.29,875.14,6.653,6.09,-0.114,-0.02,-0.113,-0.308,10.465,9.825,-0.0677,0.0353,0.0342,0.0508,-0.0028,-0.0029,24.96,24.97,16893,17655,2.112,2.207,6.335,6.621,607,607,61,61,0,0,0,0,,,,,,,,,,,,,,,,,0.0,0.0,0,0,1253.5,1003.5,0.8635,1.0919,1,1,0
2026-09-28T22:37:28.205351+09:00,59797575,75c9d598,2026-09-28T22:37:28.205351+09:00,2026-09-28T22:37:28.289030+09:00,rail-left-01,rail-right-01,0.6.7-draft,0.6.7-draft,mqtt,mqtt,1105.54,876.09,6.66,6.085,0.189,0.145,-0.036,-0.322,10.478,9.802,-0.0667,0.032,0.044,0.0597,-0.0088,-0.0075,24.99,24.97,16910,17645,2.114,2.206,6.341,6.617,608,608,61,61,0,0,0,0,,,,,,,,,,,,,,,,,0.0,0.0,0,0,1254.6,1004.6,0.8635,1.0919,1,1,0
2026-09-28T22:37:28.225361+09:00,59817585,75c9d598,2026-09-28T22:37:28.225361+09:00,2026-09-28T22:37:28.309040+09:00,rail-left-01,rail-right-01,0.6.7-draft,0.6.7-draft,mqtt,mqtt,1106.78,877.08,6.646,6.103,-0.153,-0.092,-0.053,-0.049,10.681,9.822,-0.0637,0.0309,0.0393,0.0597,-0.0049,-0.0075,25.0,24.97,16875,17685,2.109,2.211,6.328,6.632,609,609,61,61,0,0,0,0,,,,,,,,,,,,,,,,,0.0,0.0,0,0,1255.6,1005.6,0.8635,1.0919,1,1,0
2026-09-28T22:37:28.245385+09:00,59837609,75c9d598,2026-09-28T22:37:28.245385+09:00,2026-09-28T22:37:28.329064+09:00,rail-left-01,rail-right-01,0.6.7-draft,0.6.7-draft,mqtt,mqtt,1107.97,878.07,6.634,6.11,0.187,0.109,0.186,-0.2,10.515,9.855,-0.0634,0.0309,0.0436,0.0629,-0.0075,-0.0035,24.97,24.99,16846,17699,2.106,2.212,6.317,6.637,610,610,61,61,0,0,0,0,,,,,,,,,,,,,,,,,0.0,0.0,0,0,1256.7,1006.7,0.8635,1.0919,1,1,0
2026-09-28T22:37:28.419072+09:00,60011420,75c9d598,2026-09-28T22:37:28.419072+09:00,2026-09-28T22:37:28.455738+09:00,rail-left-01,rail-right-01,0.6.7-draft,0.6.7-draft,mqtt,mqtt,1118.61,886.48,6.632,6.133,0.013,0.03,-0.086,-0.324,10.409,9.85,-0.0665,0.0324,0.0414,0.0572,-0.0061,0.0009,24.97,24.98,16840,17751,2.105,2.219,6.315,6.657,611,611,62,62,0,0,0,0,,,,,,,,,,,,,,,,,0.0,0.0,0,0,1265.9,1015.9,0.8635,1.0919,1,1,0
2026-09-28T22:37:28.439103+09:00,60031451,75c9d598,2026-09-28T22:37:28.439103+09:00,2026-09-28T22:37:28.475769+09:00,rail-left-01,rail-right-01,0.6.7-draft,0.6.7-draft,mqtt,mqtt,1119.85,887.47,6.5,6.261,-0.06,0.017,0.214,0.006,10.497,9.713,-0.0641,0.0316,0.0401,0.0584,-0.0087,-0.0111,24.98,24.98,16511,18034,2.064,2.254,6.192,6.763,612,612,62,62,0,0,0,0,,,,,,,,,,,,,,,,,0.0,0.0,0,0,1266.9,1016.9,0.8635,1.0919,1,1,0
2026-09-28T22:37:28.459225+09:00,60051573,75c9d598,2026-09-28T22:37:28.459225+09:00,2026-09-28T22:37:28.495891+09:00,rail-left-01,rail-right-01,0.6.7-draft,0.6.7-draft,mqtt,mqtt,1121.1,888.47,6.497,6.286,0.063,0.03,0.18,-0.236,10.544,9.686,-0.0645,0.0332,0.0416,0.0585,-0.0073,-0.0056,24.96,24.99,16505,18090,2.063,2.261,6.189,6.784,613,613,62,62,0,0,0,0,,,,,,,,,,,,,,,,,0.0,0.0,0,0,1268.0,1018.0,0.8635,1.0919,1,1,0
2026-09-28T22:37:28.479261+09:00,60071609,75c9d598,2026-09-28T22:37:28.479261+09:00,2026-09-28T22:37:28.515927+09:00,rail-left-01,rail-right-01,0.6.7-draft,0.6.7-draft,mqtt,mqtt,1122.29,889.41,6.491,6.298,0.032,0.026,0.146,-0.136,10.567,9.686,-0.0596,0.036,0.0425,0.0556,-0.0081,-0.006,24.98,24.97,16489,18118,2.061,2.265,6.183,6.794,614,614,62,62,0,0,0,0,,,,,,,,,,,,,,,,,0.0,0.0,0,0,1269.0,1019.0,0.8635,1.0919,1,1,0
2026-09-28T22:37:28.499486+09:00,60091834,75c9d598,2026-09-28T22:37:28.499486+09:00,2026-09-28T22:37:28.536152+09:00,rail-left-01,rail-right-01,0.6.7-draft,0.6.7-draft,mqtt,mqtt,1123.53,890.4,6.483,6.316,0.001,-0.002,-0.048,-0.29,10.523,9.61,-0.064,0.0354,0.0402,0.0557,-0.0057,-0.0032,24.99,24.97,16468,18157,2.059,2.27,6.175,6.809,615,615,62,62,0,0,0,0,,,,,,,,,,,,,,,,,0.0,0.0,0,0,1270.1,1020.1,0.8635,1.0919,1,1,0
2026-09-28T22:37:28.519457+09:00,60111805,75c9d598,2026-09-28T22:37:28.519457+09:00,2026-09-28T22:37:28.556123+09:00,rail-left-01,rail-right-01,0.6.7-draft,0.6.7-draft,mqtt,mqtt,1124.78,891.4,6.494,6.318,-0.041,-0.04,-0.078,-0.201,10.457,9.819,-0.062,0.0336,0.0393,0.0561,-0.0072,-0.006,24.98,24.97,16496,18162,2.062,2.27,6.186,6.811,616,616,62,62,0,0,0,0,,,,,,,,,,,,,,,,,0.0,0.0,0,0,1271.2,1021.2,0.8635,1.0919,1,1,0
2026-09-28T22:37:28.539153+09:00,60131501,75c9d598,2026-09-28T22:37:28.539153+09:00,2026-09-28T22:37:28.575819+09:00,rail-left-01,rail-right-01,0.6.7-draft,0.6.7-draft,mqtt,mqtt,1125.97,892.34,6.483,6.32,0.083,0.098,0.2,-0.195,10.372,9.784,-0.0671,0.0318,0.0426,0.0574,-0.0019,-0.0061,24.97,24.97,16468,18165,2.059,2.271,6.175,6.812,617,617,62,62,0,0,0,0,,,,,,,,,,,,,,,,,0.0,0.0,0,0,1272.2,1022.2,0.8635,1.0919,1,1,0
2026-09-28T22:37:28.559091+09:00,60151439,75c9d598,2026-09-28T22:37:28.559091+09:00,2026-09-28T22:37:28.595757+09:00,rail-left-01,rail-right-01,0.6.7-draft,0.6.7-draft,mqtt,mqtt,1127.21,893.29,6.472,6.341,0.016,-0.024,0.109,-0.298,10.499,9.606,-0.0637,0.0302,0.0412,0.0541,-0.0044,-0.0052,25.0,24.96,16442,18212,2.055,2.277,6.166,6.83,618,618,62,62,0,0,0,0,,,,,,,,,,,,,,,,,0.0,0.0,0,0,1273.3,1023.3,0.8635,1.0919,1,1,0
2026-09-28T22:37:28.579205+09:00,60171553,75c9d598,2026-09-28T22:37:28.579205+09:00,2026-09-28T22:37:28.615871+09:00,rail-left-01,rail-right-01,0.6.7-draft,0.6.7-draft,mqtt,mqtt,1128.41,894.28,6.464,6.348,0.116,0.043,0.272,-0.316,10.399,9.549,-0.0661,0.0368,0.0418,0.0598,-0.0081,-0.0075,24.97,24.98,16421,18227,2.053,2.278,6.158,6.835,619,619,62,62,0,0,0,0,,,,,,,,,,,,,,,,,0.0,0.0,0,0,1274.3,1024.3,0.8635,1.0919,1,1,0
2026-09-28T22:37:28.599082+09:00,60191430,75c9d598,2026-09-28T22:37:28.599082+09:00,2026-09-28T22:37:28.635748+09:00,rail-left-01,rail-right-01,0.6.7-draft,0.6.7-draft,mqtt,mqtt,1129.65,895.23,6.442,6.364,-0.024,-0.044,-0.099,-0.261,10.55,9.792,-0.0637,0.031,0.0449,0.0613,-0.0061,-0.0073,24.98,24.96,16368,18264,2.046,2.283,6.138,6.849,620,620,62,62,0,0,0,0,,,,,,,,,,,,,,,,,0.0,0.0,0,0,1275.4,1025.4,0.8635,1.0919,1,1,0
2026-09-28T22:37:28.688199+09:00,60318458,75c9d598,2026-09-28T22:37:28.688199+09:00,2026-09-28T22:37:28.780309+09:00,rail-left-01,rail-right-01,0.6.7-draft,0.6.7-draft,mqtt,mqtt,1137.45,901.44,6.431,6.375,0.034,-0.008,0.315,-0.156,10.924,9.833,-0.0638,0.0317,0.0377,0.0568,-0.0092,-0.0097,24.97,24.98,16340,18288,2.043,2.286,6.128,6.858,621,621,63,63,0,0,0,0,,,,,,,,,,,,,,,,,0.0,0.0,0,0,1282.1,1032.1,0.8635,1.0919,1,1,0
2026-09-28T22:37:28.708216+09:00,60338476,75c9d598,2026-09-28T22:37:28.708216+09:00,2026-09-28T22:37:28.800327+09:00,rail-left-01,rail-right-01,0.6.7-draft,0.6.7-draft,mqtt,mqtt,1138.7,902.39,6.354,6.347,0.074,0.097,-0.199,-0.218,10.424,10.126,-0.0648,0.0342,0.0356,0.0546,-0.0063,-0.0036,24.96,24.98,16147,18226,2.018,2.278,6.055,6.835,622,622,63,63,0,0,0,0,,,,,,,,,,,,,,,,,0.0,0.0,0,0,1283.2,1033.2,0.8635,1.0919,1,1,0
2026-09-28T22:37:28.728354+09:00,60358613,75c9d598,2026-09-28T22:37:28.728354+09:00,2026-09-28T22:37:28.820464+09:00,rail-left-01,rail-right-01,0.6.7-draft,0.6.7-draft,mqtt,mqtt,1139.94,903.38,6.356,6.338,0.03,-0.008,0.032,-0.351,10.327,9.877,-0.0691,0.0332,0.0421,0.0604,-0.0113,-0.0084,24.96,24.99,16152,18206,2.019,2.276,6.057,6.827,623,623,63,63,0,0,0,0,,,,,,,,,,,,,,,,,0.0,0.0,0,0,1284.3,1034.3,0.8635,1.0919,1,1,0
2026-09-28T22:37:28.748241+09:00,60378501,75c9d598,2026-09-28T22:37:28.748241+09:00,2026-09-28T22:37:28.840352+09:00,rail-left-01,rail-right-01,0.6.7-draft,0.6.7-draft,mqtt,mqtt,1141.18,904.33,6.354,6.336,-0.049,-0.065,-0.114,-0.291,10.66,9.637,-0.0594,0.0321,0.0389,0.0525,-0.0135,-0.01,24.97,24.97,16148,18201,2.019,2.275,6.056,6.825,624,624,63,63,0,0,0,0,,,,,,,,,,,,,,,,,0.0,0.0,0,0,1285.4,1035.4,0.8635,1.0919,1,1,0
2026-09-28T22:37:28.768312+09:00,60398571,75c9d598,2026-09-28T22:37:28.768312+09:00,2026-09-28T22:37:28.860422+09:00,rail-left-01,rail-right-01,0.6.7-draft,0.6.7-draft,mqtt,mqtt,1142.38,905.32,6.331,6.301,0.067,0.079,0.186,-0.059,10.202,9.618,-0.0625,0.0306,0.0378,0.055,-0.0105,-0.0073,24.99,24.99,16091,18124,2.011,2.266,6.034,6.797,625,625,63,63,0,0,0,0,,,,,,,,,,,,,,,,,0.0,0.0,0,0,1286.4,1036.4,0.8635,1.0919,1,1,0
2026-09-28T22:37:28.788524+09:00,60418783,75c9d598,2026-09-28T22:37:28.788524+09:00,2026-09-28T22:37:28.880634+09:00,rail-left-01,rail-right-01,0.6.7-draft,0.6.7-draft,mqtt,mqtt,1143.67,906.31,6.29,6.244,-0.02,-0.04,0.184,-0.078,10.491,9.524,-0.0669,0.0326,0.04,0.055,-0.0085,-0.0015,24.97,24.97,15988,17997,1.999,2.25,5.996,6.749,626,626,63,63,0,0,0,0,,,,,,,,,,,,,,,,,0.0,0.0,0,0,1287.5,1037.5,0.8635,1.0919,1,1,0
2026-09-28T22:37:28.808378+09:00,60438638,75c9d598,2026-09-28T22:37:28.808378+09:00,2026-09-28T22:37:28.900489+09:00,rail-left-01,rail-right-01,0.6.7-draft,0.6.7-draft,mqtt,mqtt,1144.86,907.26,6.262,6.205,-0.152,-0.126,0.148,-0.316,10.942,9.692,-0.0662,0.0281,0.0317,0.0466,-0.0073,-0.0009,24.97,24.97,15918,17910,1.99,2.239,5.969,6.716,627,627,63,63,0,0,0,0,,,,,,,,,,,,,,,,,0.0,0.0,0,0,1288.5,1038.5,0.8635,1.0919,1,1,0
2026-09-28T22:37:28.828363+09:00,60458622,75c9d598,2026-09-28T22:37:28.828363+09:00,2026-09-28T22:37:28.920473+09:00,rail-left-01,rail-right-01,0.6.7-draft,0.6.7-draft,mqtt,mqtt,1146.11,908.25,6.298,6.134,0.019,0.057,-0.146,-0.025,10.722,10.112,-0.0557,0.029,0.0244,0.0441,-0.0117,-0.0087,24.95,24.99,16008,17754,2.001,2.219,6.003,6.658,628,628,63,63,0,0,0,0,,,,,,,,,,,,,,,,,0.0,0.0,0,0,1289.6,1039.6,0.8635,1.0919,1,1,0
2026-09-28T22:37:28.848346+09:00,60478605,75c9d598,2026-09-28T22:37:28.848346+09:00,2026-09-28T22:37:28.940456+09:00,rail-left-01,rail-right-01,0.6.7-draft,0.6.7-draft,mqtt,mqtt,1147.35,909.25,6.34,6.112,0.089,0.045,0.174,-0.327,10.232,9.789,-0.0585,0.0314,0.0348,0.053,-0.0105,-0.0024,24.98,24.96,16112,17705,2.014,2.213,6.042,6.639,629,629,63,63,0,0,0,0,,,,,,,,,,,,,,,,,0.0,0.0,0,0,1290.7,1040.7,0.8635,1.0919,1,1,0
2026-09-28T22:37:28.868407+09:00,60498666,75c9d598,2026-09-28T22:37:28.868407+09:00,2026-09-28T22:37:28.960517+09:00,rail-left-01,rail-right-01,0.6.7-draft,0.6.7-draft,mqtt,mqtt,1148.59,910.19,6.36,6.111,-0.121,-0.121,0.068,-0.128,10.13,9.622,-0.0624,0.0313,0.0437,0.0569,-0.0169,-0.0067,24.97,24.99,16163,17703,2.02,2.213,6.061,6.639,630,630,63,63,0,0,0,0,,,,,,,,,,,,,,,,,0.0,0.0,0,0,1291.8,1041.8,0.8635,1.0919,1,1,0
2026-09-28T22:37:29.049841+09:00,60643409,75c9d598,2026-09-28T22:37:29.049841+09:00,2026-09-28T22:37:29.133273+09:00,rail-left-01,rail-right-01,0.6.7-draft,0.6.7-draft,mqtt,mqtt,1157.44,917.3,6.352,6.108,0.051,0.042,0.019,-0.335,10.27,9.504,-0.0584,0.0361,0.042,0.0573,-0.0137,-0.0072,24.96,24.97,16143,17696,2.018,2.212,6.054,6.636,631,631,64,64,0,0,0,0,,,,,,,,,,,,,,,,,0.0,0.0,0,0,1299.4,1049.4,0.8635,1.0919,1,1,0
2026-09-28T22:37:29.069958+09:00,60663526,75c9d598,2026-09-28T22:37:29.069958+09:00,2026-09-28T22:37:29.153390+09:00,rail-left-01,rail-right-01,0.6.7-draft,0.6.7-draft,mqtt,mqtt,1158.68,918.25,6.246,6.105,-0.212,-0.141,-0.053,-0.182,11.292,9.588,-0.0673,0.0289,0.0417,0.0528,-0.014,-0.0052,24.96,24.97,15880,17690,1.985,2.211,5.955,6.634,632,632,64,64,0,0,0,0,,,,,,,,,,,,,,,,,0.0,0.0,0,0,1300.5,1050.5,0.8635,1.0919,1,1,0
2026-09-28T22:37:29.089888+09:00,60683456,75c9d598,2026-09-28T22:37:29.089888+09:00,2026-09-28T22:37:29.173320+09:00,rail-left-01,rail-right-01,0.6.7-draft,0.6.7-draft,mqtt,mqtt,1159.93,919.24,6.266,6.105,-0.066,0.074,0.116,-0.086,10.171,9.843,-0.0681,0.0316,0.0338,0.05,-0.0144,-0.0095,24.96,24.98,15928,17688,1.991,2.211,5.973,6.633,633,633,64,64,0,0,0,0,,,,,,,,,,,,,,,,,0.0,0.0,0,0,1301.5,1051.5,0.8635,1.0919,1,1,0
2026-09-28T22:37:29.109998+09:00,60703566,75c9d598,2026-09-28T22:37:29.109998+09:00,2026-09-28T22:37:29.193430+09:00,rail-left-01,rail-right-01,0.6.7-draft,0.6.7-draft,mqtt,mqtt,1161.12,920.24,6.305,6.111,-0.018,0.026,0.133,-0.156,10.509,9.455,-0.0681,0.0306,0.0409,0.0517,-0.0031,-0.0064,24.99,24.97,16026,17703,2.003,2.213,6.01,6.639,634,634,64,64,0,0,0,0,,,,,,,,,,,,,,,,,0.0,0.0,0,0,1302.6,1052.6,0.8635,1.0919,1,1,0
2026-09-28T22:37:29.129918+09:00,60723486,75c9d598,2026-09-28T22:37:29.129918+09:00,2026-09-28T22:37:29.213350+09:00,rail-left-01,rail-right-01,0.6.7-draft,0.6.7-draft,mqtt,mqtt,1162.36,921.18,6.299,6.098,-0.022,0.097,0.104,-0.32,10.666,9.542,-0.0628,0.0361,0.0318,0.0462,-0.0085,-0.0089,24.99,24.98,16012,17674,2.002,2.209,6.005,6.628,635,635,64,64,0,0,0,0,,,,,,,,,,,,,,,,,0.0,0.0,0,0,1303.6,1053.6,0.8635,1.0919,1,1,0
2026-09-28T22:37:29.150017+09:00,60743585,75c9d598,2026-09-28T22:37:29.150017+09:00,2026-09-28T22:37:29.233449+09:00,rail-left-01,rail-right-01,0.6.7-draft,0.6.7-draft,mqtt,mqtt,1163.61,922.17,6.308,6.067,0.127,0.002,0.25,-0.162,10.376,9.884,-0.0594,0.0292,0.0405,0.0597,-0.0079,-0.0117,24.96,24.99,16033,17604,2.004,2.201,6.012,6.602,636,636,64,64,0,0,0,0,,,,,,,,,,,,,,,,,0.0,0.0,0,0,1304.7,1054.7,0.8635,1.0919,1,1,0
2026-09-28T22:37:29.169956+09:00,60763524,75c9d598,2026-09-28T22:37:29.169956+09:00,2026-09-28T22:37:29.253388+09:00,rail-left-01,rail-right-01,0.6.7-draft,0.6.7-draft,mqtt,mqtt,1164.8,923.17,6.3,6.087,-0.007,0.071,-0.111,-0.115,10.606,9.683,-0.053,0.0289,0.035,0.0514,-0.0091,-0.006,24.96,24.97,16013,17649,2.002,2.206,6.005,6.618,637,637,64,64,0,0,0,0,,,,,,,,,,,,,,,,,0.0,0.0,0,0,1305.7,1055.7,0.8635,1.0919,1,1,0
2026-09-28T22:37:29.189908+09:00,60783476,75c9d598,2026-09-28T22:37:29.189908+09:00,2026-09-28T22:37:29.273340+09:00,rail-left-01,rail-right-01,0.6.7-draft,0.6.7-draft,mqtt,mqtt,1166.04,924.11,6.337,6.098,0.048,0.042,0.127,-0.605,10.457,10.093,-0.0545,0.0264,0.032,0.0528,-0.0187,-0.0197,24.97,24.97,16106,17673,2.013,2.209,6.04,6.627,638,638,64,64,0,0,0,0,,,,,,,,,,,,,,,,,0.0,0.0,0,0,1306.8,1056.8,0.8635,1.0919,1,1,0
2026-09-28T22:37:29.209859+09:00,60803427,75c9d598,2026-09-28T22:37:29.209859+09:00,2026-09-28T22:37:29.293291+09:00,rail-left-01,rail-right-01,0.6.7-draft,0.6.7-draft,mqtt,mqtt,1167.24,925.11,6.365,6.116,0.187,0.148,0.0,-0.119,10.599,9.711,-0.0616,0.0309,0.042,0.0521,-0.0103,-0.0089,24.97,24.97,16176,17713,2.022,2.214,6.066,6.642,639,639,64,64,0,0,0,0,,,,,,,,,,,,,,,,,0.0,0.0,0,0,1307.9,1057.9,0.8635,1.0919,1,1,0
2026-09-28T22:37:29.230481+09:00,60824049,75c9d598,2026-09-28T22:37:29.230481+09:00,2026-09-28T22:37:29.313913+09:00,rail-left-01,rail-right-01,0.6.7-draft,0.6.7-draft,mqtt,mqtt,1168.53,926.1,6.392,6.121,-0.261,-0.144,0.172,-0.45,10.567,9.488,-0.062,0.0314,0.037,0.0537,-0.0104,-0.0048,24.97,24.96,16243,17725,2.03,2.216,6.091,6.647,640,640,64,64,0,0,0,0,,,,,,,,,,,,,,,,,0.0,0.0,0,0,1309.0,1059.0,0.8635,1.0919,1,1,0
2026-09-28T22:37:29.412676+09:00,60999403,75c9d598,2026-09-28T22:37:29.412676+09:00,2026-09-28T22:37:29.494195+09:00,rail-left-01,rail-right-01,0.6.7-draft,0.6.7-draft,mqtt,mqtt,1179.27,934.65,6.397,6.123,0.056,0.099,0.022,-0.314,10.37,9.726,-0.0671,0.0325,0.0378,0.0562,-0.0099,-0.0067,24.97,24.98,16255,17728,2.032,2.216,6.096,6.648,641,641,65,65,0,0,0,0,,,,,,,,,,,,,,,,,0.0,0.0,0,0,1318.2,1068.2,0.8635,1.0919,1,1,0
2026-09-28T22:37:29.432797+09:00,61019524,75c9d598,2026-09-28T22:37:29.432797+09:00,2026-09-28T22:37:29.514316+09:00,rail-left-01,rail-right-01,0.6.7-draft,0.6.7-draft,mqtt,mqtt,1180.51,935.65,6.59,6.174,-0.025,0.016,-0.032,-0.016,10.449,9.76,-0.067,0.0312,0.0377,0.0581,-0.0061,-0.0055,24.97,24.95,16736,17842,2.092,2.23,6.276,6.691,642,642,65,65,0,0,0,0,,,,,,,,,,,,,,,,,0.0,0.0,0,0,1319.3,1069.3,0.8635,1.0919,1,1,0
2026-09-28T22:37:29.452824+09:00,61039551,75c9d598,2026-09-28T22:37:29.452824+09:00,2026-09-28T22:37:29.534343+09:00,rail-left-01,rail-right-01,0.6.7-draft,0.6.7-draft,mqtt,mqtt,1181.75,936.59,6.603,6.187,0.066,0.092,0.209,-0.214,10.445,9.814,-0.0657,0.0356,0.0368,0.054,-0.0085,-0.0036,24.94,24.97,16768,17871,2.096,2.234,6.288,6.702,643,643,65,65,0,0,0,0,,,,,,,,,,,,,,,,,0.0,0.0,0,0,1320.4,1070.4,0.8635,1.0919,1,1,0
2026-09-28T22:37:29.472940+09:00,61059667,75c9d598,2026-09-28T22:37:29.472940+09:00,2026-09-28T22:37:29.554459+09:00,rail-left-01,rail-right-01,0.6.7-draft,0.6.7-draft,mqtt,mqtt,1182.95,937.59,6.604,6.201,-0.102,-0.071,-0.083,-0.23,10.792,9.827,-0.0667,0.0317,0.0361,0.0549,-0.0091,-0.0064,24.96,24.97,16771,17902,2.096,2.238,6.289,6.713,644,644,65,65,0,0,0,0,,,,,,,,,,,,,,,,,0.0,0.0,0,0,1321.4,1071.4,0.8635,1.0919,1,1,0
2026-09-28T22:37:29.492950+09:00,61079677,75c9d598,2026-09-28T22:37:29.492950+09:00,2026-09-28T22:37:29.574469+09:00,rail-left-01,rail-right-01,0.6.7-draft,0.6.7-draft,mqtt,mqtt,1184.19,938.58,6.624,6.211,0.098,0.151,0.113,-0.381,10.481,9.737,-0.0723,0.0336,0.0396,0.0578,-0.0099,-0.0064,24.98,24.98,16821,17925,2.103,2.241,6.308,6.722,645,645,65,65,0,0,0,0,,,,,,,,,,,,,,,,,0.0,0.0,0,0,1322.5,1072.5,0.8635,1.0919,1,1,0
2026-09-28T22:37:29.512924+09:00,61099651,75c9d598,2026-09-28T22:37:29.512924+09:00,2026-09-28T22:37:29.594443+09:00,rail-left-01,rail-right-01,0.6.7-draft,0.6.7-draft,mqtt,mqtt,1185.43,939.53,6.628,6.216,-0.107,-0.124,-0.124,-0.226,10.472,9.71,-0.0661,0.0322,0.0393,0.0568,-0.0051,-0.0029,24.97,24.95,16831,17936,2.104,2.242,6.312,6.726,646,646,65,65,0,0,0,0,,,,,,,,,,,,,,,,,0.0,0.0,0,0,1323.6,1073.6,0.8635,1.0919,1,1,0
2026-09-28T22:37:29.532841+09:00,61119568,75c9d598,2026-09-28T22:37:29.532841+09:00,2026-09-28T22:37:29.614360+09:00,rail-left-01,rail-right-01,0.6.7-draft,0.6.7-draft,mqtt,mqtt,1186.63,940.52,6.623,6.217,0.174,0.201,0.204,-0.166,10.266,9.928,-0.0681,0.029,0.038,0.0562,-0.0107,-0.0093,24.97,24.97,16817,17938,2.102,2.242,6.306,6.727,647,647,65,65,0,0,0,0,,,,,,,,,,,,,,,,,0.0,0.0,0,0,1324.6,1074.6,0.8635,1.0919,1,1,0
2026-09-28T22:37:29.552852+09:00,61139579,75c9d598,2026-09-28T22:37:29.552852+09:00,2026-09-28T22:37:29.634371+09:00,rail-left-01,rail-right-01,0.6.7-draft,0.6.7-draft,mqtt,mqtt,1187.87,941.47,6.615,6.238,0.028,-0.024,0.008,-0.327,10.44,9.658,-0.0687,0.0296,0.0437,0.0632,-0.0075,-0.0084,24.99,24.96,16798,17984,2.1,2.248,6.299,6.744,648,648,65,65,0,0,0,0,,,,,,,,,,,,,,,,,0.0,0.0,0,0,1325.7,1075.7,0.8635,1.0919,1,1,0
2026-09-28T22:37:29.572872+09:00,61159599,75c9d598,2026-09-28T22:37:29.572872+09:00,2026-09-28T22:37:29.654391+09:00,rail-left-01,rail-right-01,0.6.7-draft,0.6.7-draft,mqtt,mqtt,1189.06,942.46,6.608,6.256,0.074,0.117,0.148,-0.487,10.43,9.475,-0.071,0.0304,0.038,0.0518,-0.0053,0.0064,24.95,24.97,16779,18025,2.097,2.253,6.292,6.759,649,649,65,65,0,0,0,0,,,,,,,,,,,,,,,,,0.0,0.0,0,0,1326.7,1076.7,0.8635,1.0919,1,1,0
2026-09-28T22:37:29.592907+09:00,61179634,75c9d598,2026-09-28T22:37:29.592907+09:00,2026-09-28T22:37:29.674426+09:00,rail-left-01,rail-right-01,0.6.7-draft,0.6.7-draft,mqtt,mqtt,1190.3,943.4,6.616,6.266,-0.115,-0.051,-0.032,-0.473,10.374,9.458,-0.0703,0.0354,0.043,0.0601,-0.0067,-0.0031,24.96,24.97,16801,18047,2.1,2.256,6.3,6.768,650,650,65,65,0,0,0,0,,,,,,,,,,,,,,,,,0.0,0.0,0,0,1327.8,1077.8,0.8635,1.0919,1,1,0
2026-09-28T22:37:29.727229+09:00,61356434,75c9d598,2026-09-28T22:37:29.727229+09:00,2026-09-28T22:37:29.767258+09:00,rail-left-01,rail-right-01,0.6.7-draft,0.6.7-draft,mqtt,mqtt,1201.09,952.06,6.606,6.27,-0.146,-0.066,0.164,-0.225,10.276,9.77,-0.0669,0.0316,0.0457,0.0657,-0.0108,-0.0087,24.98,24.97,16776,18054,2.097,2.257,6.291,6.77,651,651,66,66,0,0,0,0,,,,,,,,,,,,,,,,,0.0,0.0,0,0,1337.1,1087.1,0.8635,1.0919,1,1,0
2026-09-28T22:37:29.747269+09:00,61376474,75c9d598,2026-09-28T22:37:29.747269+09:00,2026-09-28T22:37:29.787298+09:00,rail-left-01,rail-right-01,0.6.7-draft,0.6.7-draft,mqtt,mqtt,1202.29,953.0,6.451,6.412,0.066,0.067,0.055,-0.068,10.815,9.76,-0.0638,0.0352,0.038,0.0546,-0.008,-0.0095,24.98,24.99,16390,18370,2.049,2.296,6.146,6.889,652,652,66,66,0,0,0,0,,,,,,,,,,,,,,,,,0.0,0.0,0,0,1338.1,1088.1,0.8635,1.0919,1,1,0
2026-09-28T22:37:29.767399+09:00,61396604,75c9d598,2026-09-28T22:37:29.767399+09:00,2026-09-28T22:37:29.807428+09:00,rail-left-01,rail-right-01,0.6.7-draft,0.6.7-draft,mqtt,mqtt,1203.48,953.99,6.446,6.422,0.011,0.016,0.411,-0.225,10.311,9.789,-0.0617,0.0326,0.0429,0.0618,-0.0083,-0.0071,24.97,24.97,16377,18392,2.047,2.299,6.141,6.897,653,653,66,66,0,0,0,0,,,,,,,,,,,,,,,,,0.0,0.0,0,0,1339.2,1089.2,0.8635,1.0919,1,1,0
2026-09-28T22:37:29.787340+09:00,61416545,75c9d598,2026-09-28T22:37:29.787340+09:00,2026-09-28T22:37:29.827369+09:00,rail-left-01,rail-right-01,0.6.7-draft,0.6.7-draft,mqtt,mqtt,1204.72,954.94,6.418,6.442,-0.001,0.019,-0.056,-0.213,10.715,9.584,-0.0626,0.0328,0.0405,0.054,-0.0063,-0.0021,24.98,24.97,16308,18436,2.039,2.305,6.116,6.914,654,654,66,66,0,0,0,0,,,,,,,,,,,,,,,,,0.0,0.0,0,0,1340.2,1090.2,0.8635,1.0919,1,1,0
2026-09-28T22:37:29.807215+09:00,61436420,75c9d598,2026-09-28T22:37:29.807215+09:00,2026-09-28T22:37:29.847244+09:00,rail-left-01,rail-right-01,0.6.7-draft,0.6.7-draft,mqtt,mqtt,1205.92,955.93,6.431,6.457,0.02,0.008,-0.035,-0.296,10.208,9.797,-0.0614,0.0332,0.0402,0.057,-0.004,-0.0028,24.97,24.97,16339,18469,2.042,2.309,6.127,6.926,655,655,66,66,0,0,0,0,,,,,,,,,,,,,,,,,0.0,0.0,0,0,1341.3,1091.3,0.8635,1.0919,1,1,0
2026-09-28T22:37:29.827350+09:00,61456555,75c9d598,2026-09-28T22:37:29.827350+09:00,2026-09-28T22:37:29.867379+09:00,rail-left-01,rail-right-01,0.6.7-draft,0.6.7-draft,mqtt,mqtt,1207.11,956.88,6.432,6.472,-0.018,-0.011,0.133,-0.476,10.427,9.732,-0.0686,0.0342,0.0406,0.059,-0.0081,-0.0083,24.97,24.98,16342,18503,2.043,2.313,6.128,6.939,656,656,66,66,0,0,0,0,,,,,,,,,,,,,,,,,0.0,0.0,0,0,1342.3,1092.3,0.8635,1.0919,1,1,0
2026-09-28T22:37:29.847334+09:00,61476539,75c9d598,2026-09-28T22:37:29.847334+09:00,2026-09-28T22:37:29.887363+09:00,rail-left-01,rail-right-01,0.6.7-draft,0.6.7-draft,mqtt,mqtt,1208.35,957.87,6.426,6.48,0.103,0.029,0.154,-0.122,10.579,9.76,-0.0645,0.0328,0.04,0.0594,-0.0039,-0.0041,24.97,24.95,16327,18521,2.041,2.315,6.123,6.945,657,657,66,66,0,0,0,0,,,,,,,,,,,,,,,,,0.0,0.0,0,0,1343.4,1093.4,0.8635,1.0919,1,1,0
2026-09-28T22:37:29.867318+09:00,61496523,75c9d598,2026-09-28T22:37:29.867318+09:00,2026-09-28T22:37:29.907347+09:00,rail-left-01,rail-right-01,0.6.7-draft,0.6.7-draft,mqtt,mqtt,1209.55,958.82,6.428,6.503,0.02,-0.005,0.029,-0.315,10.37,9.59,-0.0679,0.0312,0.0366,0.056,-0.0048,-0.0072,24.99,24.96,16333,18573,2.042,2.322,6.125,6.965,658,658,66,66,0,0,0,0,,,,,,,,,,,,,,,,,0.0,0.0,0,0,1344.4,1094.4,0.8635,1.0919,1,1,0
2026-09-28T22:37:29.887286+09:00,61516491,75c9d598,2026-09-28T22:37:29.887286+09:00,2026-09-28T22:37:29.927315+09:00,rail-left-01,rail-right-01,0.6.7-draft,0.6.7-draft,mqtt,mqtt,1210.74,959.81,6.428,6.506,0.026,-0.011,0.036,-0.097,10.387,9.782,-0.0624,0.0302,0.0413,0.0609,-0.0059,-0.006,24.99,24.98,16333,18578,2.042,2.322,6.125,6.967,659,659,66,66,0,0,0,0,,,,,,,,,,,,,,,,,0.0,0.0,0,0,1345.4,1095.4,0.8635,1.0919,1,1,0
2026-09-28T22:37:29.907349+09:00,61536554,75c9d598,2026-09-28T22:37:29.907349+09:00,2026-09-28T22:37:29.947378+09:00,rail-left-01,rail-right-01,0.6.7-draft,0.6.7-draft,mqtt,mqtt,1211.98,960.81,6.434,6.517,0.05,0.095,-0.029,-0.135,10.402,9.711,-0.0654,0.0312,0.0373,0.0542,-0.0071,0.0004,24.99,24.98,16348,18604,2.044,2.326,6.131,6.977,660,660,66,66,0,0,0,0,,,,,,,,,,,,,,,,,0.0,0.0,0,0,1346.5,1096.5,0.8635,1.0919,1,1,0
2026-09-28T22:37:29.993246+09:00,61629463,75c9d598,2026-09-28T22:37:29.993246+09:00,2026-09-28T22:37:30.072246+09:00,rail-left-01,rail-right-01,0.6.7-draft,0.6.7-draft,mqtt,mqtt,1217.6,965.28,6.448,6.518,0.069,0.078,0.048,-0.298,10.424,9.675,-0.0641,0.0316,0.0394,0.0582,-0.0107,-0.0112,24.99,24.95,16382,18606,2.048,2.326,6.143,6.977,661,661,67,67,0,0,0,0,,,,,,,,,,,,,,,,,0.0,0.0,0,0,1351.3,1101.3,0.8635,1.0919,1,1,0
2026-09-28T22:37:30.013425+09:00,61649641,75c9d598,2026-09-28T22:37:30.013425+09:00,2026-09-28T22:37:30.092424+09:00,rail-left-01,rail-right-01,0.6.7-draft,0.6.7-draft,mqtt,mqtt,1218.84,966.27,6.473,6.538,0.017,0.02,-0.023,-0.122,10.301,9.669,-0.0691,0.0328,0.0364,0.0568,-0.0043,-0.0017,24.96,24.96,16445,18650,2.056,2.331,6.167,6.994,662,662,67,67,0,0,0,0,,,,,,,,,,,,,,,,,0.0,0.0,0,0,1352.4,1102.4,0.8635,1.0919,1,1,0
2026-09-28T22:37:30.033307+09:00,61669524,75c9d598,2026-09-28T22:37:30.033307+09:00,2026-09-28T22:37:30.112307+09:00,rail-left-01,rail-right-01,0.6.7-draft,0.6.7-draft,mqtt,mqtt,1220.09,967.27,6.472,6.527,0.007,-0.03,0.182,-0.13,10.205,9.766,-0.0618,0.0301,0.0414,0.0581,-0.0081,-0.0013,24.97,24.96,16442,18626,2.055,2.328,6.166,6.985,663,663,67,67,0,0,0,0,,,,,,,,,,,,,,,,,0.0,0.0,0,0,1353.5,1103.5,0.8635,1.0919,1,1,0
2026-09-28T22:37:30.053293+09:00,61689509,75c9d598,2026-09-28T22:37:30.053293+09:00,2026-09-28T22:37:30.132292+09:00,rail-left-01,rail-right-01,0.6.7-draft,0.6.7-draft,mqtt,mqtt,1221.28,968.21,6.478,6.537,0.02,0.022,-0.156,-0.479,10.594,9.568,-0.0682,0.0298,0.0374,0.0538,-0.0116,-0.0079,24.98,24.97,16456,18647,2.057,2.331,6.171,6.993,664,664,67,67,0,0,0,0,,,,,,,,,,,,,,,,,0.0,0.0,0,0,1354.5,1104.5,0.8635,1.0919,1,1,0
2026-09-28T22:37:30.073529+09:00,61709745,75c9d598,2026-09-28T22:37:30.073529+09:00,2026-09-28T22:37:30.152528+09:00,rail-left-01,rail-right-01,0.6.7-draft,0.6.7-draft,mqtt,mqtt,1222.52,969.21,6.462,6.522,0.016,-0.018,0.152,-0.32,10.572,9.807,-0.0621,0.0329,0.0369,0.0521,-0.0084,-0.0015,24.97,24.98,16416,18614,2.052,2.327,6.156,6.98,665,665,67,67,0,0,0,0,,,,,,,,,,,,,,,,,0.0,0.0,0,0,1355.6,1105.6,0.8635,1.0919,1,1,0
2026-09-28T22:37:30.093539+09:00,61729755,75c9d598,2026-09-28T22:37:30.093539+09:00,2026-09-28T22:37:30.172538+09:00,rail-left-01,rail-right-01,0.6.7-draft,0.6.7-draft,mqtt,mqtt,1223.77,970.2,6.473,6.507,0.043,-0.012,0.031,-0.359,10.347,9.531,-0.0665,0.0286,0.0388,0.0546,-0.0083,-0.0088,24.97,24.97,16444,18581,2.056,2.323,6.167,6.968,666,666,67,67,0,0,0,0,,,,,,,,,,,,,,,,,0.0,0.0,0,0,1356.7,1106.7,0.8635,1.0919,1,1,0
2026-09-28T22:37:30.113304+09:00,61749520,75c9d598,2026-09-28T22:37:30.113304+09:00,2026-09-28T22:37:30.192303+09:00,rail-left-01,rail-right-01,0.6.7-draft,0.6.7-draft,mqtt,mqtt,1224.96,971.15,6.473,6.494,-0.05,0.017,0.237,-0.036,10.295,9.646,-0.0622,0.0273,0.0332,0.05,-0.0045,-0.0001,24.96,24.97,16443,18553,2.055,2.319,6.166,6.957,667,667,67,67,0,0,0,0,,,,,,,,,,,,,,,,,0.0,0.0,0,0,1357.7,1107.7,0.8635,1.0919,1,1,0
2026-09-28T22:37:30.133337+09:00,61769554,75c9d598,2026-09-28T22:37:30.133337+09:00,2026-09-28T22:37:30.212337+09:00,rail-left-01,rail-right-01,0.6.7-draft,0.6.7-draft,mqtt,mqtt,1226.2,972.09,6.487,6.452,-0.02,0.013,0.005,-0.326,10.539,9.534,-0.0645,0.0228,0.0344,0.0533,-0.0068,-0.0071,24.98,24.97,16479,18458,2.06,2.307,6.18,6.922,668,668,67,67,0,0,0,0,,,,,,,,,,,,,,,,,0.0,0.0,0,0,1358.8,1108.8,0.8635,1.0919,1,1,0
2026-09-28T22:37:30.153324+09:00,61789540,75c9d598,2026-09-28T22:37:30.153324+09:00,2026-09-28T22:37:30.232323+09:00,rail-left-01,rail-right-01,0.6.7-draft,0.6.7-draft,mqtt,mqtt,1227.39,973.09,6.487,6.402,0.002,-0.03,0.089,-0.284,10.458,9.596,-0.0646,0.0266,0.0296,0.0488,-0.0011,-0.0001,24.98,24.97,16480,18348,2.06,2.294,6.18,6.881,669,669,67,67,0,0,0,0,,,,,,,,,,,,,,,,,0.0,0.0,0,0,1359.8,1109.8,0.8635,1.0919,1,1,0
2026-09-28T22:37:30.173587+09:00,61809803,75c9d598,2026-09-28T22:37:30.173587+09:00,2026-09-28T22:37:30.252586+09:00,rail-left-01,rail-right-01,0.6.7-draft,0.6.7-draft,mqtt,mqtt,1228.64,974.08,6.493,6.349,0.083,0.127,0.014,-0.219,10.501,9.716,-0.0689,0.0318,0.0318,0.0497,0.0009,-0.0036,24.96,24.98,16495,18230,2.062,2.279,6.186,6.836,670,670,67,67,0,0,0,0,,,,,,,,,,,,,,,,,0.0,0.0,0,0,1360.9,1110.9,0.8635,1.0919,1,1,0
2026-09-28T22:37:30.339312+09:00,61934458,75c9d598,2026-09-28T22:37:30.339312+09:00,2026-09-28T22:37:30.422203+09:00,rail-left-01,rail-right-01,0.6.7-draft,0.6.7-draft,mqtt,mqtt,1236.29,980.15,6.499,6.339,0.016,0.045,0.093,-0.269,10.458,9.712,-0.0602,0.0384,0.0306,0.0473,-0.0027,0.0013,24.98,24.96,16509,18209,2.064,2.276,6.191,6.828,671,671,68,68,0,0,0,0,,,,,,,,,,,,,,,,,0.0,0.0,0,0,1367.5,1117.5,0.8635,1.0919,1,1,0
2026-09-28T22:37:30.359461+09:00,61954607,75c9d598,2026-09-28T22:37:30.359461+09:00,2026-09-28T22:37:30.442352+09:00,rail-left-01,rail-right-01,0.6.7-draft,0.6.7-draft,mqtt,mqtt,1237.54,981.14,6.53,6.233,-0.062,-0.04,0.196,-0.402,10.36,9.506,-0.0634,0.0278,0.04,0.0596,-0.0111,-0.0112,24.95,24.99,16585,17972,2.073,2.247,6.219,6.74,672,672,68,68,0,0,0,0,,,,,,,,,,,,,,,,,0.0,0.0,0,0,1368.6,1118.6,0.8635,1.0919,1,1,0
2026-09-28T22:37:30.379331+09:00,61974477,75c9d598,2026-09-28T22:37:30.379331+09:00,2026-09-28T22:37:30.462222+09:00,rail-left-01,rail-right-01,0.6.7-draft,0.6.7-draft,mqtt,mqtt,1238.78,982.13,6.514,6.237,-0.016,0.028,-0.15,-0.142,10.422,9.736,-0.0675,0.0317,0.0392,0.0572,-0.0067,-0.0053,24.98,24.99,16545,17982,2.068,2.248,6.204,6.743,673,673,68,68,0,0,0,0,,,,,,,,,,,,,,,,,0.0,0.0,0,0,1369.6,1119.6,0.8635,1.0919,1,1,0
2026-09-28T22:37:30.399319+09:00,61994465,75c9d598,2026-09-28T22:37:30.399319+09:00,2026-09-28T22:37:30.482210+09:00,rail-left-01,rail-right-01,0.6.7-draft,0.6.7-draft,mqtt,mqtt,1240.02,983.08,6.498,6.236,-0.038,-0.041,0.389,-0.34,10.523,9.612,-0.0652,0.0338,0.037,0.0613,-0.0093,-0.006,24.97,24.99,16506,17979,2.063,2.247,6.19,6.742,674,674,68,68,0,0,0,0,,,,,,,,,,,,,,,,,0.0,0.0,0,0,1370.7,1120.7,0.8635,1.0919,1,1,0
2026-09-28T22:37:30.419567+09:00,62014713,75c9d598,2026-09-28T22:37:30.419567+09:00,2026-09-28T22:37:30.502458+09:00,rail-left-01,rail-right-01,0.6.7-draft,0.6.7-draft,mqtt,mqtt,1241.27,984.07,6.489,6.238,-0.026,0.035,-0.034,-0.09,10.42,9.687,-0.067,0.0349,0.0388,0.0598,-0.0028,0.0003,24.96,24.96,16483,17985,2.06,2.248,6.181,6.744,675,675,68,68,0,0,0,0,,,,,,,,,,,,,,,,,0.0,0.0,0,0,1371.8,1121.8,0.8635,1.0919,1,1,0
2026-09-28T22:37:30.439572+09:00,62034718,75c9d598,2026-09-28T22:37:30.439572+09:00,2026-09-28T22:37:30.522463+09:00,rail-left-01,rail-right-01,0.6.7-draft,0.6.7-draft,mqtt,mqtt,1242.46,985.07,6.472,6.253,0.032,0.053,0.136,-0.369,10.513,9.633,-0.0592,0.0349,0.0393,0.0544,-0.0028,-0.0013,24.98,24.97,16441,18017,2.055,2.252,6.165,6.756,676,676,68,68,0,0,0,0,,,,,,,,,,,,,,,,,0.0,0.0,0,0,1372.8,1122.8,0.8635,1.0919,1,1,0
2026-09-28T22:37:30.459540+09:00,62054686,75c9d598,2026-09-28T22:37:30.459540+09:00,2026-09-28T22:37:30.542431+09:00,rail-left-01,rail-right-01,0.6.7-draft,0.6.7-draft,mqtt,mqtt,1243.7,986.06,6.468,6.247,0.016,0.007,0.035,-0.317,10.309,9.774,-0.0644,0.0338,0.034,0.0516,-0.0037,-0.0023,24.97,24.96,16431,18005,2.054,2.251,6.162,6.752,677,677,68,68,0,0,0,0,,,,,,,,,,,,,,,,,0.0,0.0,0,0,1373.9,1123.9,0.8635,1.0919,1,1,0
2026-09-28T22:37:30.479434+09:00,62074580,75c9d598,2026-09-28T22:37:30.479434+09:00,2026-09-28T22:37:30.562325+09:00,rail-left-01,rail-right-01,0.6.7-draft,0.6.7-draft,mqtt,mqtt,1244.95,987.01,6.497,6.221,0.045,0.007,0.036,-0.196,10.672,9.877,-0.0569,0.03,0.0313,0.0478,-0.0064,-0.006,24.96,24.94,16505,17947,2.063,2.243,6.189,6.73,678,678,68,68,0,0,0,0,,,,,,,,,,,,,,,,,0.0,0.0,0,0,1375.0,1125.0,0.8635,1.0919,1,1,0
2026-09-28T22:37:30.499394+09:00,62094540,75c9d598,2026-09-28T22:37:30.499394+09:00,2026-09-28T22:37:30.582285+09:00,rail-left-01,rail-right-01,0.6.7-draft,0.6.7-draft,mqtt,mqtt,1246.14,988.0,6.54,6.183,0.017,-0.071,0.038,-0.111,10.721,9.889,-0.0549,0.0233,0.0261,0.0417,-0.0037,-0.0031,24.99,24.97,16611,17862,2.076,2.233,6.229,6.698,679,679,68,68,0,0,0,0,,,,,,,,,,,,,,,,,0.0,0.0,0,0,1376.0,1126.0,0.8635,1.0919,1,1,0
2026-09-28T22:37:30.520335+09:00,62115481,75c9d598,2026-09-28T22:37:30.520335+09:00,2026-09-28T22:37:30.603226+09:00,rail-left-01,rail-right-01,0.6.7-draft,0.6.7-draft,mqtt,mqtt,1247.43,989.0,6.597,6.176,0.164,0.279,0.206,-0.255,10.366,9.459,-0.0604,0.0377,0.0362,0.0501,-0.0081,-0.0096,24.97,24.97,16752,17847,2.094,2.231,6.282,6.693,680,680,68,68,0,0,0,0,,,,,,,,,,,,,,,,,0.0,0.0,0,0,1377.1,1127.1,0.8635,1.0919,1,1,0
2026-09-28T22:37:30.651395+09:00,62288418,75c9d598,2026-09-28T22:37:30.651395+09:00,2026-09-28T22:37:30.732983+09:00,rail-left-01,rail-right-01,0.6.7-draft,0.6.7-draft,mqtt,mqtt,1258.07,997.45,6.621,6.174,0.066,0.091,-0.09,-0.164,10.444,9.726,-0.0641,0.0352,0.038,0.0549,-0.0079,-0.0056,24.98,24.98,16813,17843,2.102,2.23,6.305,6.691,681,681,69,69,0,0,0,0,,,,,,,,,,,,,,,,,0.0,0.0,0,0,1386.3,1136.3,0.8635,1.0919,1,1,0
2026-09-28T22:37:30.671706+09:00,62308729,75c9d598,2026-09-28T22:37:30.671706+09:00,2026-09-28T22:37:30.753294+09:00,rail-left-01,rail-right-01,0.6.7-draft,0.6.7-draft,mqtt,mqtt,1259.26,998.44,6.74,6.185,-0.043,0.018,0.214,-0.078,10.426,9.861,-0.0618,0.0349,0.0393,0.0526,-0.0071,-0.0049,24.97,24.99,17108,17867,2.139,2.233,6.416,6.7,682,682,69,69,0,0,0,0,,,,,,,,,,,,,,,,,0.0,0.0,0,0,1387.3,1137.3,0.8635,1.0919,1,1,0
2026-09-28T22:37:30.691540+09:00,62328563,75c9d598,2026-09-28T22:37:30.691540+09:00,2026-09-28T22:37:30.773128+09:00,rail-left-01,rail-right-01,0.6.7-draft,0.6.7-draft,mqtt,mqtt,1260.51,999.39,6.747,6.194,0.117,0.095,0.095,-0.236,10.406,9.65,-0.0632,0.0336,0.0428,0.0577,-0.0076,-0.0081,24.99,24.98,17125,17887,2.141,2.236,6.422,6.708,683,683,69,69,0,0,0,0,,,,,,,,,,,,,,,,,0.0,0.0,0,0,1388.4,1138.4,0.8635,1.0919,1,1,0
2026-09-28T22:37:30.711487+09:00,62348510,75c9d598,2026-09-28T22:37:30.711487+09:00,2026-09-28T22:37:30.793075+09:00,rail-left-01,rail-right-01,0.6.7-draft,0.6.7-draft,mqtt,mqtt,1261.75,1000.38,6.728,6.2,-0.099,-0.081,0.165,-0.377,10.624,9.665,-0.0669,0.0332,0.0397,0.0564,-0.0081,-0.0045,24.99,24.99,17078,17899,2.135,2.237,6.404,6.712,684,684,69,69,0,0,0,0,,,,,,,,,,,,,,,,,0.0,0.0,0,0,1389.5,1139.5,0.8635,1.0919,1,1,0
2026-09-28T22:37:30.732107+09:00,62369130,75c9d598,2026-09-28T22:37:30.732107+09:00,2026-09-28T22:37:30.813696+09:00,rail-left-01,rail-right-01,0.6.7-draft,0.6.7-draft,mqtt,mqtt,1262.99,1001.38,6.718,6.205,-0.024,0.008,-0.067,-0.231,10.391,9.795,-0.0645,0.0296,0.0373,0.0576,-0.0095,-0.0077,24.96,24.98,17055,17910,2.132,2.239,6.396,6.716,685,685,69,69,0,0,0,0,,,,,,,,,,,,,,,,,0.0,0.0,0,0,1390.5,1140.5,0.8635,1.0919,1,1,0
2026-09-28T22:37:30.752176+09:00,62389199,75c9d598,2026-09-28T22:37:30.752176+09:00,2026-09-28T22:37:30.833764+09:00,rail-left-01,rail-right-01,0.6.7-draft,0.6.7-draft,mqtt,mqtt,1264.24,1002.37,6.706,6.213,0.163,0.201,-0.053,-0.102,10.386,9.731,-0.0644,0.0333,0.0414,0.0588,-0.0057,-0.0049,24.98,24.98,17025,17929,2.128,2.241,6.384,6.723,686,686,69,69,0,0,0,0,,,,,,,,,,,,,,,,,0.0,0.0,0,0,1391.6,1141.6,0.8635,1.0919,1,1,0
2026-09-28T22:37:30.771575+09:00,62408598,75c9d598,2026-09-28T22:37:30.771575+09:00,2026-09-28T22:37:30.853164+09:00,rail-left-01,rail-right-01,0.6.7-draft,0.6.7-draft,mqtt,mqtt,1265.43,1003.31,6.689,6.214,-0.087,-0.102,0.195,-0.357,10.464,9.738,-0.0667,0.0341,0.0413,0.0593,-0.0089,-0.0064,24.99,24.96,16981,17930,2.123,2.241,6.368,6.724,687,687,69,69,0,0,0,0,,,,,,,,,,,,,,,,,0.0,0.0,0,0,1392.6,1142.6,0.8635,1.0919,1,1,0
2026-09-28T22:37:30.791513+09:00,62428536,75c9d598,2026-09-28T22:37:30.791513+09:00,2026-09-28T22:37:30.873101+09:00,rail-left-01,rail-right-01,0.6.7-draft,0.6.7-draft,mqtt,mqtt,1266.62,1004.26,6.67,6.223,-0.018,0.049,-0.002,-0.241,10.399,9.474,-0.063,0.0324,0.0413,0.0572,-0.0044,-0.0037,24.97,24.97,16934,17951,2.117,2.244,6.35,6.732,688,688,69,69,0,0,0,0,,,,,,,,,,,,,,,,,0.0,0.0,0,0,1393.7,1143.7,0.8635,1.0919,1,1,0
2026-09-28T22:37:30.811480+09:00,62448503,75c9d598,2026-09-28T22:37:30.811480+09:00,2026-09-28T22:37:30.893068+09:00,rail-left-01,rail-right-01,0.6.7-draft,0.6.7-draft,mqtt,mqtt,1267.87,1005.25,6.662,6.218,-0.008,0.01,0.114,-0.376,10.416,9.512,-0.0661,0.0322,0.0361,0.0533,-0.0073,-0.0032,24.97,24.98,16914,17939,2.114,2.242,6.343,6.727,689,689,69,69,0,0,0,0,,,,,,,,,,,,,,,,,0.0,0.0,0,0,1394.8,1144.8,0.8635,1.0919,1,1,0
2026-09-28T22:37:30.831704+09:00,62468727,75c9d598,2026-09-28T22:37:30.831704+09:00,2026-09-28T22:37:30.913292+09:00,rail-left-01,rail-right-01,0.6.7-draft,0.6.7-draft,mqtt,mqtt,1269.11,1006.25,6.655,6.199,0.095,-0.026,0.023,-0.251,10.524,9.918,-0.065,0.0332,0.0432,0.0578,-0.0072,-0.0059,24.99,25.01,16896,17897,2.112,2.237,6.336,6.711,690,690,69,69,0,0,0,0,,,,,,,,,,,,,,,,,0.0,0.0,0,0,1395.8,1145.8,0.8635,1.0919,1,1,0
2026-09-28T22:37:31.012770+09:00,62601395,75c9d598,2026-09-28T22:37:31.012770+09:00,2026-09-28T22:37:31.095094+09:00,rail-left-01,rail-right-01,0.6.7-draft,0.6.7-draft,mqtt,mqtt,1277.21,1012.71,6.646,6.205,-0.091,-0.061,0.117,-0.263,10.664,9.686,-0.0644,0.0342,0.0416,0.0556,-0.0033,0.0004,24.99,24.98,16876,17910,2.11,2.239,6.329,6.716,691,691,70,70,0,0,0,0,,,,,,,,,,,,,,,,,0.0,0.0,0,0,1402.8,1152.8,0.8635,1.0919,1,1,0
2026-09-28T22:37:31.032909+09:00,62621534,75c9d598,2026-09-28T22:37:31.032909+09:00,2026-09-28T22:37:31.115233+09:00,rail-left-01,rail-right-01,0.6.7-draft,0.6.7-draft,mqtt,mqtt,1278.46,1013.71,6.512,6.264,0.122,0.09,0.116,-0.195,10.376,10.044,-0.064,0.0337,0.0413,0.0573,-0.0055,-0.0065,24.94,24.97,16540,18042,2.068,2.255,6.203,6.766,692,692,70,70,0,0,0,0,,,,,,,,,,,,,,,,,0.0,0.0,0,0,1403.9,1153.9,0.8635,1.0919,1,1,0
2026-09-28T22:37:31.052839+09:00,62641464,75c9d598,2026-09-28T22:37:31.052839+09:00,2026-09-28T22:37:31.135163+09:00,rail-left-01,rail-right-01,0.6.7-draft,0.6.7-draft,mqtt,mqtt,1279.65,1014.65,6.489,6.287,0.092,0.081,-0.014,-0.221,10.581,9.708,-0.0646,0.0313,0.0436,0.0604,-0.0051,-0.0077,24.98,24.95,16483,18092,2.06,2.262,6.181,6.785,693,693,70,70,0,0,0,0,,,,,,,,,,,,,,,,,0.0,0.0,0,0,1404.9,1154.9,0.8635,1.0919,1,1,0
2026-09-28T22:37:31.072794+09:00,62661419,75c9d598,2026-09-28T22:37:31.072794+09:00,2026-09-28T22:37:31.155118+09:00,rail-left-01,rail-right-01,0.6.7-draft,0.6.7-draft,mqtt,mqtt,1280.89,1015.64,6.474,6.29,-0.087,-0.045,0.206,-0.159,10.291,9.817,-0.0655,0.0318,0.0373,0.0554,-0.0059,-0.0011,24.98,24.97,16446,18099,2.056,2.262,6.167,6.787,694,694,70,70,0,0,0,0,,,,,,,,,,,,,,,,,0.0,0.0,0,0,1406.0,1156.0,0.8635,1.0919,1,1,0
2026-09-28T22:37:31.093073+09:00,62681698,75c9d598,2026-09-28T22:37:31.093073+09:00,2026-09-28T22:37:31.175397+09:00,rail-left-01,rail-right-01,0.6.7-draft,0.6.7-draft,mqtt,mqtt,1282.13,1016.64,6.448,6.304,0.105,0.013,0.128,-0.286,10.702,9.711,-0.0622,0.0337,0.0424,0.0593,-0.0068,-0.0061,24.97,24.97,16382,18130,2.048,2.266,6.143,6.799,695,695,70,70,0,0,0,0,,,,,,,,,,,,,,,,,0.0,0.0,0,0,1407.1,1157.1,0.8635,1.0919,1,1,0
2026-09-28T22:37:31.113054+09:00,62701679,75c9d598,2026-09-28T22:37:31.113054+09:00,2026-09-28T22:37:31.195378+09:00,rail-left-01,rail-right-01,0.6.7-draft,0.6.7-draft,mqtt,mqtt,1283.38,1017.63,6.45,6.298,0.025,0.032,-0.006,-0.053,10.451,9.886,-0.0653,0.0344,0.0362,0.0516,-0.0064,-0.0029,24.96,24.95,16386,18117,2.048,2.265,6.145,6.794,696,696,70,70,0,0,0,0,,,,,,,,,,,,,,,,,0.0,0.0,0,0,1408.1,1158.1,0.8635,1.0919,1,1,0
2026-09-28T22:37:31.132785+09:00,62721410,75c9d598,2026-09-28T22:37:31.132785+09:00,2026-09-28T22:37:31.215109+09:00,rail-left-01,rail-right-01,0.6.7-draft,0.6.7-draft,mqtt,mqtt,1284.57,1018.58,6.434,6.298,0.038,0.016,0.192,-0.174,10.561,9.695,-0.0628,0.0314,0.0509,0.0638,-0.0088,-0.0085,24.96,24.96,16347,18118,2.043,2.265,6.13,6.794,697,697,70,70,0,0,0,0,,,,,,,,,,,,,,,,,0.0,0.0,0,0,1409.2,1159.2,0.8635,1.0919,1,1,0
2026-09-28T22:37:31.152906+09:00,62741531,75c9d598,2026-09-28T22:37:31.152906+09:00,2026-09-28T22:37:31.235229+09:00,rail-left-01,rail-right-01,0.6.7-draft,0.6.7-draft,mqtt,mqtt,1285.81,1019.57,6.414,6.329,0.001,0.028,0.187,-0.092,10.467,9.597,-0.0644,0.036,0.0392,0.0536,-0.0065,-0.004,24.97,24.99,16297,18185,2.037,2.273,6.111,6.819,698,698,70,70,0,0,0,0,,,,,,,,,,,,,,,,,0.0,0.0,0,0,1410.2,1160.2,0.8635,1.0919,1,1,0
2026-09-28T22:37:31.172852+09:00,62761477,75c9d598,2026-09-28T22:37:31.172852+09:00,2026-09-28T22:37:31.255176+09:00,rail-left-01,rail-right-01,0.6.7-draft,0.6.7-draft,mqtt,mqtt,1287.06,1020.52,6.431,6.343,0.029,0.072,-0.035,-0.267,10.582,9.679,-0.0667,0.0353,0.0372,0.053,-0.0065,-0.0084,24.96,24.98,16339,18217,2.042,2.277,6.127,6.831,699,699,70,70,0,0,0,0,,,,,,,,,,,,,,,,,0.0,0.0,0,0,1411.3,1161.3,0.8635,1.0919,1,1,0
2026-09-28T22:37:31.192785+09:00,62781410,75c9d598,2026-09-28T22:37:31.192785+09:00,2026-09-28T22:37:31.275109+09:00,rail-left-01,rail-right-01,0.6.7-draft,0.6.7-draft,mqtt,mqtt,1288.3,1021.51,6.451,6.36,-0.065,0.011,-0.061,-0.269,10.332,9.594,-0.0653,0.0348,0.0392,0.0578,-0.0083,-0.0044,24.95,24.98,16389,18255,2.049,2.282,6.146,6.846,700,700,70,70,0,0,0,0,,,,,,,,,,,,,,,,,0.0,0.0,0,0,1412.4,1162.4,0.8635,1.0919,1,1,0
2026-09-28T22:37:31.319053+09:00,62958402,75c9d598,2026-09-28T22:37:31.319053+09:00,2026-09-28T22:37:31.396744+09:00,rail-left-01,rail-right-01,0.6.7-draft,0.6.7-draft,mqtt,mqtt,1299.19,1030.11,6.45,6.366,0.05,0.071,-0.057,-0.265,10.519,9.756,-0.0621,0.028,0.0385,0.0548,-0.0084,-0.0088,24.95,24.97,16388,18268,2.049,2.284,6.146,6.851,701,701,71,71,0,0,0,0,,,,,,,,,,,,,,,,,0.0,0.0,0,0,1421.8,1171.8,0.8635,1.0919,1,1,0
2026-09-28T22:37:31.339174+09:00,62978523,75c9d598,2026-09-28T22:37:31.339174+09:00,2026-09-28T22:37:31.416865+09:00,rail-left-01,rail-right-01,0.6.7-draft,0.6.7-draft,mqtt,mqtt,1300.43,1031.06,6.364,6.453,0.037,0.054,0.317,-0.267,10.602,9.724,-0.0648,0.0305,0.0384,0.056,-0.008,-0.0065,24.96,24.96,16174,18461,2.022,2.308,6.065,6.923,702,702,71,71,0,0,0,0,,,,,,,,,,,,,,,,,0.0,0.0,0,0,1422.9,1172.9,0.8635,1.0919,1,1,0
2026-09-28T22:37:31.359194+09:00,62998543,75c9d598,2026-09-28T22:37:31.359194+09:00,2026-09-28T22:37:31.436884+09:00,rail-left-01,rail-right-01,0.6.7-draft,0.6.7-draft,mqtt,mqtt,1301.67,1032.05,6.358,6.454,0.006,0.011,0.096,-0.219,10.366,9.606,-0.0649,0.0308,0.0398,0.0573,-0.0068,-0.0057,24.97,24.96,16157,18463,2.02,2.308,6.059,6.924,703,703,71,71,0,0,0,0,,,,,,,,,,,,,,,,,0.0,0.0,0,0,1423.9,1173.9,0.8635,1.0919,1,1,0
2026-09-28T22:37:31.379149+09:00,63018498,75c9d598,2026-09-28T22:37:31.379149+09:00,2026-09-28T22:37:31.456840+09:00,rail-left-01,rail-right-01,0.6.7-draft,0.6.7-draft,mqtt,mqtt,1302.87,1033.0,6.34,6.45,-0.036,-0.023,-0.084,-0.472,10.507,9.748,-0.0646,0.0312,0.0384,0.059,-0.0083,-0.0067,24.97,24.96,16113,18454,2.014,2.307,6.042,6.92,704,704,71,71,0,0,0,0,,,,,,,,,,,,,,,,,0.0,0.0,0,0,1425.0,1175.0,0.8635,1.0919,1,1,0
2026-09-28T22:37:31.399178+09:00,63038527,75c9d598,2026-09-28T22:37:31.399178+09:00,2026-09-28T22:37:31.476869+09:00,rail-left-01,rail-right-01,0.6.7-draft,0.6.7-draft,mqtt,mqtt,1304.11,1033.99,6.321,6.45,-0.006,-0.037,0.166,-0.113,10.168,9.718,-0.061,0.0322,0.0476,0.06,-0.0124,-0.0024,24.97,24.96,16066,18455,2.008,2.307,6.025,6.921,705,705,71,71,0,0,0,0,,,,,,,,,,,,,,,,,0.0,0.0,0,0,1426.1,1176.1,0.8635,1.0919,1,1,0
2026-09-28T22:37:31.419410+09:00,63058759,75c9d598,2026-09-28T22:37:31.419410+09:00,2026-09-28T22:37:31.497101+09:00,rail-left-01,rail-right-01,0.6.7-draft,0.6.7-draft,mqtt,mqtt,1305.35,1034.99,6.283,6.473,-0.007,0.093,0.16,-0.328,10.534,9.583,-0.06,0.0298,0.0468,0.063,-0.0157,-0.01,24.97,24.96,15970,18506,1.996,2.313,5.989,6.94,706,706,71,71,0,0,0,0,,,,,,,,,,,,,,,,,0.0,0.0,0,0,1427.1,1177.1,0.8635,1.0919,1,1,0
2026-09-28T22:37:31.439293+09:00,63078642,75c9d598,2026-09-28T22:37:31.439293+09:00,2026-09-28T22:37:31.516984+09:00,rail-left-01,rail-right-01,0.6.7-draft,0.6.7-draft,mqtt,mqtt,1306.55,1035.93,6.236,6.477,-0.031,0.042,0.023,-0.198,10.679,9.797,-0.075,0.0286,0.0342,0.0472,-0.0075,-0.0064,24.98,24.97,15853,18515,1.982,2.314,5.945,6.943,707,707,71,71,0,0,0,0,,,,,,,,,,,,,,,,,0.0,0.0,0,0,1428.2,1178.2,0.8635,1.0919,1,1,0
2026-09-28T22:37:31.459179+09:00,63098528,75c9d598,2026-09-28T22:37:31.459179+09:00,2026-09-28T22:37:31.536870+09:00,rail-left-01,rail-right-01,0.6.7-draft,0.6.7-draft,mqtt,mqtt,1307.79,1036.92,6.249,6.457,-0.095,-0.171,0.411,-0.267,10.857,9.738,-0.0734,0.0266,0.0321,0.0524,-0.0028,-0.0052,24.98,24.98,15886,18470,1.986,2.309,5.957,6.926,708,708,71,71,0,0,0,0,,,,,,,,,,,,,,,,,0.0,0.0,0,0,1429.2,1179.2,0.8635,1.0919,1,1,0
2026-09-28T22:37:31.479124+09:00,63118473,75c9d598,2026-09-28T22:37:31.479124+09:00,2026-09-28T22:37:31.556815+09:00,rail-left-01,rail-right-01,0.6.7-draft,0.6.7-draft,mqtt,mqtt,1309.03,1037.87,6.311,6.42,0.032,0.124,-0.099,-0.104,10.758,9.835,-0.0586,0.026,0.0215,0.0384,-0.0048,-0.0075,24.95,24.96,16041,18387,2.005,2.298,6.015,6.895,709,709,71,71,0,0,0,0,,,,,,,,,,,,,,,,,0.0,0.0,0,0,1430.3,1180.3,0.8635,1.0919,1,1,0
2026-09-28T22:37:31.499518+09:00,63138867,75c9d598,2026-09-28T22:37:31.499518+09:00,2026-09-28T22:37:31.577209+09:00,rail-left-01,rail-right-01,0.6.7-draft,0.6.7-draft,mqtt,mqtt,1310.28,1038.86,6.356,6.368,0.081,0.048,0.025,-0.286,10.204,9.774,-0.0618,0.0232,0.0292,0.0508,-0.0057,-0.0059,24.99,24.97,16152,18273,2.019,2.284,6.057,6.852,710,710,71,71,0,0,0,0,,,,,,,,,,,,,,,,,0.0,0.0,0,0,1431.4,1181.4,0.8635,1.0919,1,1,0
2026-09-28T22:37:31.669867+09:00,63261427,75c9d598,2026-09-28T22:37:31.669867+09:00,2026-09-28T22:37:31.751996+09:00,rail-left-01,rail-right-01,0.6.7-draft,0.6.7-draft,mqtt,mqtt,1317.83,1044.83,6.36,6.344,0.077,0.062,0.224,-0.135,10.503,9.691,-0.0679,0.0286,0.0373,0.0554,-0.0056,-0.0056,24.95,24.97,16164,18219,2.021,2.277,6.062,6.832,711,711,72,72,0,0,0,0,,,,,,,,,,,,,,,,,0.0,0.0,0,0,1437.9,1187.9,0.8635,1.0919,1,1,0
2026-09-28T22:37:31.690013+09:00,63281573,75c9d598,2026-09-28T22:37:31.690013+09:00,2026-09-28T22:37:31.772143+09:00,rail-left-01,rail-right-01,0.6.7-draft,0.6.7-draft,mqtt,mqtt,1319.03,1045.82,6.246,6.357,0.004,0.03,0.232,-0.265,10.362,9.631,-0.0653,0.0349,0.0396,0.0533,-0.0087,-0.0063,24.99,24.98,15879,18249,1.985,2.281,5.955,6.843,712,712,72,72,0,0,0,0,,,,,,,,,,,,,,,,,0.0,0.0,0,0,1438.9,1188.9,0.8635,1.0919,1,1,0
2026-09-28T22:37:31.709967+09:00,63301527,75c9d598,2026-09-28T22:37:31.709967+09:00,2026-09-28T22:37:31.792097+09:00,rail-left-01,rail-right-01,0.6.7-draft,0.6.7-draft,mqtt,mqtt,1320.27,1046.82,6.255,6.34,-0.023,0.001,0.029,-0.263,10.344,9.639,-0.0654,0.0305,0.0349,0.0514,-0.0103,-0.0089,24.97,24.95,15902,18210,1.988,2.276,5.963,6.829,713,713,72,72,0,0,0,0,,,,,,,,,,,,,,,,,0.0,0.0,0,0,1440.0,1190.0,0.8635,1.0919,1,1,0
2026-09-28T22:37:31.729940+09:00,63321500,75c9d598,2026-09-28T22:37:31.729940+09:00,2026-09-28T22:37:31.812070+09:00,rail-left-01,rail-right-01,0.6.7-draft,0.6.7-draft,mqtt,mqtt,1321.51,1047.76,6.268,6.326,0.153,0.116,-0.08,-0.169,10.314,9.934,-0.0645,0.0376,0.0356,0.0574,-0.0096,-0.0096,24.97,24.98,15935,18179,1.992,2.272,5.976,6.817,714,714,72,72,0,0,0,0,,,,,,,,,,,,,,,,,0.0,0.0,0,0,1441.1,1191.1,0.8635,1.0919,1,1,0
2026-09-28T22:37:31.750365+09:00,63341925,75c9d598,2026-09-28T22:37:31.750365+09:00,2026-09-28T22:37:31.832494+09:00,rail-left-01,rail-right-01,0.6.7-draft,0.6.7-draft,mqtt,mqtt,1322.75,1048.76,6.247,6.324,-0.056,-0.067,0.204,-0.113,10.604,9.887,-0.0655,0.0318,0.0381,0.0521,-0.0099,-0.008,24.98,24.97,15881,18175,1.985,2.272,5.955,6.816,715,715,72,72,0,0,0,0,,,,,,,,,,,,,,,,,0.0,0.0,0,0,1442.1,1192.1,0.8635,1.0919,1,1,0
2026-09-28T22:37:31.770326+09:00,63361886,75c9d598,2026-09-28T22:37:31.770326+09:00,2026-09-28T22:37:31.852456+09:00,rail-left-01,rail-right-01,0.6.7-draft,0.6.7-draft,mqtt,mqtt,1324.0,1049.75,6.286,6.314,-0.109,-0.056,0.159,-0.297,10.482,9.84,-0.0731,0.0316,0.0332,0.0432,-0.0067,-0.0044,24.98,24.97,15979,18152,1.997,2.269,5.992,6.807,716,716,72,72,0,0,0,0,,,,,,,,,,,,,,,,,0.0,0.0,0,0,1443.2,1193.2,0.8635,1.0919,1,1,0
2026-09-28T22:37:31.790006+09:00,63381566,75c9d598,2026-09-28T22:37:31.790006+09:00,2026-09-28T22:37:31.872136+09:00,rail-left-01,rail-right-01,0.6.7-draft,0.6.7-draft,mqtt,mqtt,1325.19,1050.7,6.326,6.312,0.089,0.066,0.134,-0.318,10.497,9.629,-0.0687,0.0336,0.0354,0.0514,-0.0073,-0.0057,24.93,24.97,16079,18149,2.01,2.269,6.03,6.806,717,717,72,72,0,0,0,0,,,,,,,,,,,,,,,,,0.0,0.0,0,0,1444.3,1194.3,0.8635,1.0919,1,1,0
2026-09-28T22:37:31.809898+09:00,63401458,75c9d598,2026-09-28T22:37:31.809898+09:00,2026-09-28T22:37:31.892028+09:00,rail-left-01,rail-right-01,0.6.7-draft,0.6.7-draft,mqtt,mqtt,1326.43,1051.69,6.376,6.306,0.005,0.053,-0.116,-0.274,10.539,9.692,-0.0638,0.0352,0.0354,0.0512,-0.0079,-0.0061,24.98,24.95,16202,18135,2.025,2.267,6.076,6.801,718,718,72,72,0,0,0,0,,,,,,,,,,,,,,,,,0.0,0.0,0,0,1445.3,1195.3,0.8635,1.0919,1,1,0
2026-09-28T22:37:31.830032+09:00,63421592,75c9d598,2026-09-28T22:37:31.830032+09:00,2026-09-28T22:37:31.912162+09:00,rail-left-01,rail-right-01,0.6.7-draft,0.6.7-draft,mqtt,mqtt,1327.63,1052.68,6.399,6.279,0.043,0.037,0.277,-0.059,10.406,9.862,-0.0537,0.036,0.0278,0.044,-0.0095,-0.0043,24.96,24.95,16260,18076,2.033,2.26,6.097,6.779,719,719,72,72,0,0,0,0,,,,,,,,,,,,,,,,,0.0,0.0,0,0,1446.4,1196.4,0.8635,1.0919,1,1,0
2026-09-28T22:37:31.850248+09:00,63441808,75c9d598,2026-09-28T22:37:31.850248+09:00,2026-09-28T22:37:31.932378+09:00,rail-left-01,rail-right-01,0.6.7-draft,0.6.7-draft,mqtt,mqtt,1328.87,1053.63,6.483,6.241,-0.044,-0.055,0.04,-0.195,10.285,9.68,-0.0592,0.037,0.0288,0.0456,-0.0095,-0.0041,24.96,24.99,16469,17991,2.059,2.249,6.176,6.747,720,720,72,72,0,0,0,0,,,,,,,,,,,,,,,,,0.0,0.0,0,0,1447.4,1197.4,0.8635,1.0919,1,1,0
2026-09-28T22:37:32.026038+09:00,63615450,75c9d598,2026-09-28T22:37:32.026038+09:00,2026-09-28T22:37:32.106840+09:00,rail-left-01,rail-right-01,0.6.7-draft,0.6.7-draft,mqtt,mqtt,1339.51,1062.13,6.519,6.224,-0.04,-0.032,-0.025,0.048,10.465,9.536,-0.0606,0.0301,0.0268,0.0481,-0.0036,-0.0027,24.97,24.95,16558,17954,2.07,2.244,6.209,6.733,721,721,73,73,0,0,0,0,,,,,,,,,,,,,,,,,0.0,0.0,0,0,1456.6,1206.6,0.8635,1.0919,1,1,0
2026-09-28T22:37:32.046191+09:00,63635604,75c9d598,2026-09-28T22:37:32.046191+09:00,2026-09-28T22:37:32.126994+09:00,rail-left-01,rail-right-01,0.6.7-draft,0.6.7-draft,mqtt,mqtt,1340.7,1063.13,6.69,6.374,0.127,0.12,0.059,-0.383,10.216,9.625,-0.0608,0.0306,0.0364,0.0562,-0.0081,-0.006,24.98,24.97,16985,18286,2.123,2.286,6.369,6.857,722,722,73,73,0,0,0,0,,,,,,,,,,,,,,,,,0.0,0.0,0,0,1457.6,1207.6,0.8635,1.0919,1,1,0
2026-09-28T22:37:32.066140+09:00,63655553,75c9d598,2026-09-28T22:37:32.066140+09:00,2026-09-28T22:37:32.146943+09:00,rail-left-01,rail-right-01,0.6.7-draft,0.6.7-draft,mqtt,mqtt,1341.9,1064.07,6.706,6.375,0.01,0.002,-0.044,-0.292,10.391,9.689,-0.0655,0.0314,0.0357,0.0533,-0.0065,-0.0068,24.98,24.98,17024,18287,2.128,2.286,6.384,6.858,723,723,73,73,0,0,0,0,,,,,,,,,,,,,,,,,0.0,0.0,0,0,1458.7,1208.7,0.8635,1.0919,1,1,0
2026-09-28T22:37:32.086114+09:00,63675527,75c9d598,2026-09-28T22:37:32.086114+09:00,2026-09-28T22:37:32.166917+09:00,rail-left-01,rail-right-01,0.6.7-draft,0.6.7-draft,mqtt,mqtt,1343.14,1065.06,6.713,6.367,0.063,0.061,0.12,-0.317,10.361,9.549,-0.063,0.033,0.039,0.0566,-0.0087,-0.0049,24.99,24.99,17041,18271,2.13,2.284,6.39,6.852,724,724,73,73,0,0,0,0,,,,,,,,,,,,,,,,,0.0,0.0,0,0,1459.8,1209.8,0.8635,1.0919,1,1,0
2026-09-28T22:37:32.106346+09:00,63695759,75c9d598,2026-09-28T22:37:32.106346+09:00,2026-09-28T22:37:32.187149+09:00,rail-left-01,rail-right-01,0.6.7-draft,0.6.7-draft,mqtt,mqtt,1344.33,1066.01,6.706,6.373,0.008,-0.026,0.136,-0.156,10.574,9.366,-0.0663,0.0328,0.0417,0.0582,-0.0092,-0.0077,24.95,24.97,17024,18283,2.128,2.285,6.384,6.856,725,725,73,73,0,0,0,0,,,,,,,,,,,,,,,,,0.0,0.0,0,0,1460.8,1210.8,0.8635,1.0919,1,1,0
2026-09-28T22:37:32.126415+09:00,63715828,75c9d598,2026-09-28T22:37:32.126415+09:00,2026-09-28T22:37:32.207218+09:00,rail-left-01,rail-right-01,0.6.7-draft,0.6.7-draft,mqtt,mqtt,1345.58,1067.0,6.701,6.379,0.014,0.004,0.061,-0.072,10.35,9.778,-0.0645,0.0372,0.0396,0.0584,-0.0048,-0.0013,24.97,24.96,17011,18297,2.126,2.287,6.379,6.861,726,726,73,73,0,0,0,0,,,,,,,,,,,,,,,,,0.0,0.0,0,0,1461.9,1211.9,0.8635,1.0919,1,1,0
2026-09-28T22:37:32.146203+09:00,63735616,75c9d598,2026-09-28T22:37:32.146203+09:00,2026-09-28T22:37:32.227006+09:00,rail-left-01,rail-right-01,0.6.7-draft,0.6.7-draft,mqtt,mqtt,1346.77,1068.0,6.689,6.386,0.026,0.056,-0.156,-0.481,10.319,9.633,-0.0694,0.0362,0.0385,0.0582,-0.0089,-0.0085,24.98,24.97,16983,18313,2.123,2.289,6.369,6.867,727,727,73,73,0,0,0,0,,,,,,,,,,,,,,,,,0.0,0.0,0,0,1462.9,1212.9,0.8635,1.0919,1,1,0
2026-09-28T22:37:32.166182+09:00,63755595,75c9d598,2026-09-28T22:37:32.166182+09:00,2026-09-28T22:37:32.246985+09:00,rail-left-01,rail-right-01,0.6.7-draft,0.6.7-draft,mqtt,mqtt,1347.96,1068.94,6.677,6.38,-0.034,-0.036,-0.006,-0.124,10.285,9.764,-0.0636,0.0364,0.0344,0.0561,-0.0089,-0.0096,24.96,24.98,16951,18300,2.119,2.288,6.357,6.863,728,728,73,73,0,0,0,0,,,,,,,,,,,,,,,,,0.0,0.0,0,0,1463.9,1213.9,0.8635,1.0919,1,1,0
2026-09-28T22:37:32.186166+09:00,63775579,75c9d598,2026-09-28T22:37:32.186166+09:00,2026-09-28T22:37:32.266969+09:00,rail-left-01,rail-right-01,0.6.7-draft,0.6.7-draft,mqtt,mqtt,1349.2,1069.94,6.663,6.366,0.079,0.099,0.293,-0.163,10.58,9.632,-0.0652,0.0304,0.0461,0.0617,-0.0092,-0.0031,24.95,24.99,16917,18268,2.115,2.284,6.344,6.851,729,729,73,73,0,0,0,0,,,,,,,,,,,,,,,,,0.0,0.0,0,0,1465.0,1215.0,0.8635,1.0919,1,1,0
2026-09-28T22:37:32.206297+09:00,63795710,75c9d598,2026-09-28T22:37:32.206297+09:00,2026-09-28T22:37:32.287100+09:00,rail-left-01,rail-right-01,0.6.7-draft,0.6.7-draft,mqtt,mqtt,1350.4,1070.93,6.632,6.387,-0.051,-0.042,-0.104,-0.35,10.406,9.56,-0.0667,0.0268,0.0453,0.0612,-0.0087,-0.0051,24.97,24.97,16840,18315,2.105,2.289,6.315,6.868,730,730,73,73,0,0,0,0,,,,,,,,,,,,,,,,,0.0,0.0,0,0,1466.0,1216.0,0.8635,1.0919,1,1,0
2026-09-28T22:37:32.340736+09:00,63969458,75c9d598,2026-09-28T22:37:32.340736+09:00,2026-09-28T22:37:32.386485+09:00,rail-left-01,rail-right-01,0.6.7-draft,0.6.7-draft,mqtt,mqtt,1360.89,1079.38,6.62,6.393,-0.092,-0.108,0.05,-0.17,10.422,9.652,-0.0702,0.0354,0.0392,0.0576,-0.0057,-0.0029,24.96,24.97,16811,18327,2.101,2.291,6.304,6.873,731,731,74,74,0,0,0,0,,,,,,,,,,,,,,,,,0.0,0.0,0,0,1475.1,1225.1,0.8635,1.0919,1,1,0
2026-09-28T22:37:32.360902+09:00,63989624,75c9d598,2026-09-28T22:37:32.360902+09:00,2026-09-28T22:37:32.406651+09:00,rail-left-01,rail-right-01,0.6.7-draft,0.6.7-draft,mqtt,mqtt,1362.13,1080.38,6.499,6.5,0.062,0.147,0.017,-0.215,10.406,9.618,-0.0659,0.033,0.0425,0.0564,-0.0059,-0.0052,24.96,24.99,16510,18565,2.064,2.321,6.191,6.962,732,732,74,74,0,0,0,0,,,,,,,,,,,,,,,,,0.0,0.0,0,0,1476.2,1226.2,0.8635,1.0919,1,1,0
2026-09-28T22:37:32.380764+09:00,64009486,75c9d598,2026-09-28T22:37:32.380764+09:00,2026-09-28T22:37:32.426513+09:00,rail-left-01,rail-right-01,0.6.7-draft,0.6.7-draft,mqtt,mqtt,1363.32,1081.37,6.481,6.508,0.108,0.06,0.068,-0.201,10.497,9.685,-0.0687,0.034,0.042,0.0588,-0.0047,-0.0053,24.98,24.96,16465,18583,2.058,2.323,6.174,6.969,733,733,74,74,0,0,0,0,,,,,,,,,,,,,,,,,0.0,0.0,0,0,1477.2,1227.2,0.8635,1.0919,1,1,0
2026-09-28T22:37:32.400753+09:00,64029475,75c9d598,2026-09-28T22:37:32.400753+09:00,2026-09-28T22:37:32.446502+09:00,rail-left-01,rail-right-01,0.6.7-draft,0.6.7-draft,mqtt,mqtt,1364.52,1082.32,6.481,6.524,-0.159,-0.079,0.085,-0.198,10.415,9.584,-0.0683,0.0314,0.0432,0.0566,-0.0087,-0.004,24.95,24.98,16463,18618,2.058,2.327,6.174,6.982,734,734,74,74,0,0,0,0,,,,,,,,,,,,,,,,,0.0,0.0,0,0,1478.2,1228.2,0.8635,1.0919,1,1,0
2026-09-28T22:37:32.421050+09:00,64049771,75c9d598,2026-09-28T22:37:32.421050+09:00,2026-09-28T22:37:32.466799+09:00,rail-left-01,rail-right-01,0.6.7-draft,0.6.7-draft,mqtt,mqtt,1365.76,1083.31,6.46,6.543,0.122,0.077,0.211,-0.263,10.317,9.657,-0.062,0.0336,0.0442,0.0584,-0.0087,-0.0055,24.97,24.96,16413,18660,2.052,2.333,6.155,6.998,735,735,74,74,0,0,0,0,,,,,,,,,,,,,,,,,0.0,0.0,0,0,1479.3,1229.3,0.8635,1.0919,1,1,0
2026-09-28T22:37:32.441219+09:00,64069940,75c9d598,2026-09-28T22:37:32.441219+09:00,2026-09-28T22:37:32.486968+09:00,rail-left-01,rail-right-01,0.6.7-draft,0.6.7-draft,mqtt,mqtt,1367.0,1084.31,6.464,6.56,-0.087,-0.036,-0.054,-0.104,10.494,9.619,-0.0681,0.0324,0.0409,0.0556,-0.0012,-0.0032,24.97,24.97,16421,18699,2.053,2.337,6.158,7.012,736,736,74,74,0,0,0,0,,,,,,,,,,,,,,,,,0.0,0.0,0,0,1480.4,1230.4,0.8635,1.0919,1,1,0
2026-09-28T22:37:32.460898+09:00,64089620,75c9d598,2026-09-28T22:37:32.460898+09:00,2026-09-28T22:37:32.506647+09:00,rail-left-01,rail-right-01,0.6.7-draft,0.6.7-draft,mqtt,mqtt,1368.15,1085.25,6.457,6.563,0.016,0.045,0.218,-0.057,10.354,9.765,-0.0609,0.0336,0.0446,0.0544,-0.0136,-0.006,24.94,24.96,16405,18705,2.051,2.338,6.152,7.014,737,737,74,74,0,0,0,0,,,,,,,,,,,,,,,,,0.0,0.0,0,0,1481.4,1231.4,0.8635,1.0919,1,1,0
2026-09-28T22:37:32.480943+09:00,64109665,75c9d598,2026-09-28T22:37:32.480943+09:00,2026-09-28T22:37:32.526692+09:00,rail-left-01,rail-right-01,0.6.7-draft,0.6.7-draft,mqtt,mqtt,1369.39,1086.24,6.482,6.587,0.045,0.061,0.098,-0.244,10.531,9.566,-0.0663,0.0338,0.0401,0.0537,-0.0112,-0.0053,24.95,24.96,16466,18758,2.058,2.345,6.175,7.034,738,738,74,74,0,0,0,0,,,,,,,,,,,,,,,,,0.0,0.0,0,0,1482.4,1232.4,0.8635,1.0919,1,1,0
2026-09-28T22:37:32.500770+09:00,64129491,75c9d598,2026-09-28T22:37:32.500770+09:00,2026-09-28T22:37:32.546519+09:00,rail-left-01,rail-right-01,0.6.7-draft,0.6.7-draft,mqtt,mqtt,1370.58,1087.19,6.502,6.595,-0.014,0.004,-0.242,-0.353,10.411,9.807,-0.0709,0.0345,0.038,0.0545,-0.0091,-0.0075,24.99,24.98,16516,18775,2.065,2.347,6.194,7.041,739,739,74,74,0,0,0,0,,,,,,,,,,,,,,,,,0.0,0.0,0,0,1483.5,1233.5,0.8635,1.0919,1,1,0
2026-09-28T22:37:32.520838+09:00,64149560,75c9d598,2026-09-28T22:37:32.520838+09:00,2026-09-28T22:37:32.566587+09:00,rail-left-01,rail-right-01,0.6.7-draft,0.6.7-draft,mqtt,mqtt,1371.83,1088.18,6.512,6.613,0.067,0.109,0.224,-0.114,10.354,9.734,-0.0657,0.0309,0.0405,0.0594,-0.0096,-0.0076,24.98,24.98,16541,18817,2.068,2.352,6.203,7.056,740,740,74,74,0,0,0,0,,,,,,,,,,,,,,,,,0.0,0.0,0,0,1484.5,1234.5,0.8635,1.0919,1,1,0
2026-09-28T22:37:32.660166+09:00,64248484,75c9d598,2026-09-28T22:37:32.660166+09:00,2026-09-28T22:37:32.699045+09:00,rail-left-01,rail-right-01,0.6.7-draft,0.6.7-draft,mqtt,mqtt,1377.84,1093.01,6.516,6.627,-0.146,-0.16,-0.002,-0.152,10.472,9.713,-0.0629,0.0309,0.0334,0.0526,-0.0069,-0.0055,24.98,24.98,16550,18847,2.069,2.356,6.206,7.068,741,741,75,75,0,0,0,0,,,,,,,,,,,,,,,,,0.0,0.0,0,0,1489.7,1239.7,0.8635,1.0919,1,1,0
2026-09-28T22:37:32.680276+09:00,64268594,75c9d598,2026-09-28T22:37:32.680276+09:00,2026-09-28T22:37:32.719155+09:00,rail-left-01,rail-right-01,0.6.7-draft,0.6.7-draft,mqtt,mqtt,1379.09,1093.95,6.539,6.628,0.283,0.178,0.375,-0.344,10.421,9.525,-0.0683,0.0305,0.0417,0.0569,-0.0048,-0.0036,24.99,24.98,16608,18850,2.076,2.356,6.228,7.069,742,742,75,75,0,0,0,0,,,,,,,,,,,,,,,,,0.0,0.0,0,0,1490.8,1240.8,0.8635,1.0919,1,1,0
2026-09-28T22:37:32.700187+09:00,64288505,75c9d598,2026-09-28T22:37:32.700187+09:00,2026-09-28T22:37:32.739066+09:00,rail-left-01,rail-right-01,0.6.7-draft,0.6.7-draft,mqtt,mqtt,1380.28,1094.95,6.544,6.641,-0.215,-0.184,-0.04,-0.237,10.529,9.662,-0.0633,0.0325,0.0404,0.0548,-0.0087,-0.0029,24.96,24.97,16620,18879,2.078,2.36,6.233,7.08,743,743,75,75,0,0,0,0,,,,,,,,,,,,,,,,,0.0,0.0,0,0,1491.8,1241.8,0.8635,1.0919,1,1,0
2026-09-28T22:37:32.720429+09:00,64308747,75c9d598,2026-09-28T22:37:32.720429+09:00,2026-09-28T22:37:32.759308+09:00,rail-left-01,rail-right-01,0.6.7-draft,0.6.7-draft,mqtt,mqtt,1381.52,1095.89,6.539,6.645,0.231,0.174,-0.072,-0.318,10.427,9.764,-0.0625,0.0309,0.0384,0.0588,-0.0104,-0.0109,24.94,24.98,16609,18888,2.076,2.361,6.228,7.083,744,744,75,75,0,0,0,0,,,,,,,,,,,,,,,,,0.0,0.0,0,0,1492.9,1242.9,0.8635,1.0919,1,1,0
2026-09-28T22:37:32.740317+09:00,64328635,75c9d598,2026-09-28T22:37:32.740317+09:00,2026-09-28T22:37:32.779196+09:00,rail-left-01,rail-right-01,0.6.7-draft,0.6.7-draft,mqtt,mqtt,1382.76,1096.88,6.53,6.647,-0.067,-0.19,0.195,0.11,10.661,9.894,-0.0659,0.0274,0.0417,0.0621,-0.0061,-0.0067,24.98,24.96,16586,18891,2.073,2.361,6.22,7.084,745,745,75,75,0,0,0,0,,,,,,,,,,,,,,,,,0.0,0.0,0,0,1494.0,1244.0,0.8635,1.0919,1,1,0
2026-09-28T22:37:32.760320+09:00,64348638,75c9d598,2026-09-28T22:37:32.760320+09:00,2026-09-28T22:37:32.799199+09:00,rail-left-01,rail-right-01,0.6.7-draft,0.6.7-draft,mqtt,mqtt,1383.96,1097.83,6.526,6.654,0.163,0.206,0.205,-0.15,10.499,9.813,-0.0596,0.029,0.0377,0.0548,-0.0089,-0.0052,24.97,24.97,16575,18908,2.072,2.364,6.216,7.091,746,746,75,75,0,0,0,0,,,,,,,,,,,,,,,,,0.0,0.0,0,0,1495.0,1245.0,0.8635,1.0919,1,1,0
2026-09-28T22:37:32.780308+09:00,64368626,75c9d598,2026-09-28T22:37:32.780308+09:00,2026-09-28T22:37:32.819187+09:00,rail-left-01,rail-right-01,0.6.7-draft,0.6.7-draft,mqtt,mqtt,1385.2,1098.82,6.511,6.655,-0.044,-0.074,0.019,-0.318,10.428,9.735,-0.0667,0.0304,0.0418,0.0628,-0.0081,-0.0063,24.96,24.98,16538,18909,2.067,2.364,6.202,7.091,747,747,75,75,0,0,0,0,,,,,,,,,,,,,,,,,0.0,0.0,0,0,1496.1,1246.1,0.8635,1.0919,1,1,0
2026-09-28T22:37:32.800280+09:00,64388598,75c9d598,2026-09-28T22:37:32.800280+09:00,2026-09-28T22:37:32.839159+09:00,rail-left-01,rail-right-01,0.6.7-draft,0.6.7-draft,mqtt,mqtt,1386.44,1099.77,6.499,6.66,0.004,0.04,-0.031,-0.22,10.259,9.645,-0.0634,0.0276,0.0374,0.0572,-0.0065,-0.0041,24.97,24.97,16509,18920,2.064,2.365,6.191,7.095,748,748,75,75,0,0,0,0,,,,,,,,,,,,,,,,,0.0,0.0,0,0,1497.1,1247.1,0.8635,1.0919,1,1,0
2026-09-28T22:37:32.820325+09:00,64408643,75c9d598,2026-09-28T22:37:32.820325+09:00,2026-09-28T22:37:32.859204+09:00,rail-left-01,rail-right-01,0.6.7-draft,0.6.7-draft,mqtt,mqtt,1387.64,1100.76,6.495,6.652,0.007,0.002,-0.12,-0.251,10.514,9.756,-0.0637,0.0285,0.0389,0.0593,-0.0071,-0.0123,24.97,24.96,16500,18903,2.062,2.363,6.188,7.089,749,749,75,75,0,0,0,0,,,,,,,,,,,,,,,,,0.0,0.0,0,0,1498.2,1248.2,0.8635,1.0919,1,1,0
2026-09-28T22:37:32.840368+09:00,64428686,75c9d598,2026-09-28T22:37:32.840368+09:00,2026-09-28T22:37:32.879247+09:00,rail-left-01,rail-right-01,0.6.7-draft,0.6.7-draft,mqtt,mqtt,1388.88,1101.76,6.49,6.644,0.124,0.101,0.283,-0.121,10.406,9.758,-0.0641,0.0281,0.0344,0.0516,-0.0068,-0.0043,24.97,24.97,16486,18885,2.061,2.361,6.182,7.082,750,750,75,75,0,0,0,0,,,,,,,,,,,,,,,,,0.0,0.0,0,0,1499.3,1249.3,0.8635,1.0919,1,1,0
2026-09-28T22:37:32.922344+09:00,64561791,75c9d598,2026-09-28T22:37:32.922344+09:00,2026-09-28T22:37:33.002794+09:00,rail-left-01,rail-right-01,0.6.7-draft,0.6.7-draft,mqtt,mqtt,1397.13,1108.17,6.495,6.64,0.142,0.168,0.042,-0.348,10.353,9.586,-0.0513,0.0586,0.0225,0.0394,-0.0031,-0.0028,24.95,24.99,16500,18876,2.062,2.36,6.188,7.079,751,751,76,76,0,0,4,4,,,,,,,,,,,,,,,,,0.0,0.0,0,0,1506.4,1256.4,0.8635,1.0919,1,1,0
2026-09-28T22:37:32.942098+09:00,64581545,75c9d598,2026-09-28T22:37:32.942098+09:00,2026-09-28T22:37:33.022548+09:00,rail-left-01,rail-right-01,0.6.7-draft,0.6.7-draft,mqtt,mqtt,1398.33,1109.16,6.283,5.988,-0.086,-0.068,-0.223,-0.224,10.325,9.637,-0.0452,0.0682,0.0269,0.047,-0.0051,-0.0112,24.94,24.99,15972,17397,1.997,2.175,5.99,6.524,752,752,76,76,0,0,4,4,,,,,,,,,,,,,,,,,0.0,0.0,0,0,1507.4,1257.4,0.8635,1.0919,1,1,0
2026-09-28T22:37:32.962215+09:00,64601662,75c9d598,2026-09-28T22:37:32.962215+09:00,2026-09-28T22:37:33.042665+09:00,rail-left-01,rail-right-01,0.6.7-draft,0.6.7-draft,mqtt,mqtt,1399.62,1110.16,6.122,5.855,0.06,0.087,-0.176,-0.308,10.353,9.561,-0.0342,0.0765,0.0213,0.0408,-0.0035,-0.0024,24.96,25.0,15570,16759,1.946,2.095,5.839,6.285,753,753,76,76,0,0,4,4,,,,,,,,,,,,,,,,,0.0,0.0,0,0,1508.5,1258.5,0.8635,1.0919,1,1,0
2026-09-28T22:37:32.982211+09:00,64621658,75c9d598,2026-09-28T22:37:32.982211+09:00,2026-09-28T22:37:33.062661+09:00,rail-left-01,rail-right-01,0.6.7-draft,0.6.7-draft,mqtt,mqtt,1400.86,1111.1,5.937,5.679,0.023,0.051,-0.338,-0.644,10.21,9.503,-0.0297,0.0915,0.0241,0.0432,-0.0021,-0.0076,24.95,24.97,14956,15911,1.87,1.989,5.609,5.967,754,754,76,76,0,0,4,4,,,,,,,,,,,,,,,,,0.0,0.0,0,0,1509.6,1259.6,0.8635,1.0919,1,1,0
2026-09-28T22:37:33.002110+09:00,64641557,75c9d598,2026-09-28T22:37:33.002110+09:00,2026-09-28T22:37:33.082560+09:00,rail-left-01,rail-right-01,0.6.7-draft,0.6.7-draft,mqtt,mqtt,1402.1,1112.1,5.73,5.41,-0.08,-0.05,-0.609,-1.052,10.041,9.206,-0.01,0.1136,0.0124,0.0312,0.0023,-0.0043,24.96,24.97,13941,14617,1.743,1.827,5.228,5.481,755,755,76,76,0,0,4,4,,,,,,,,,,,,,,,,,0.0,0.0,0,0,1510.7,1260.7,0.8635,1.0919,1,1,0
2026-09-28T22:37:33.022093+09:00,64661539,75c9d598,2026-09-28T22:37:33.022093+09:00,2026-09-28T22:37:33.102542+09:00,rail-left-01,rail-right-01,0.6.7-draft,0.6.7-draft,mqtt,mqtt,1403.35,1113.09,5.391,4.945,0.063,-0.019,-0.65,-1.252,10.248,9.142,0.0125,0.1535,0.0151,0.0377,0.002,-0.0036,24.96,24.98,12278,12377,1.535,1.547,4.604,4.641,756,756,76,76,0,0,4,4,,,,,,,,,,,,,,,,,0.0,0.0,0,0,1511.7,1261.7,0.8635,1.0919,1,1,0
2026-09-28T22:37:33.042191+09:00,64681637,75c9d598,2026-09-28T22:37:33.042191+09:00,2026-09-28T22:37:33.122640+09:00,rail-left-01,rail-right-01,0.6.7-draft,0.6.7-draft,mqtt,mqtt,1404.59,1114.04,5.088,4.493,-0.5,-0.242,-1.48,-1.561,9.864,7.639,0.0517,0.2308,-0.0262,-0.0148,0.0099,0.0213,24.97,24.97,10792,10202,1.349,1.275,4.047,3.826,757,757,76,76,0,0,4,4,,,,,,,,,,,,,,,,,0.0,0.0,0,0,1512.8,1262.8,0.8635,1.0919,1,1,0
2026-09-28T22:37:33.062134+09:00,64701580,75c9d598,2026-09-28T22:37:33.062134+09:00,2026-09-28T22:37:33.142583+09:00,rail-left-01,rail-right-01,0.6.7-draft,0.6.7-draft,mqtt,mqtt,1405.83,1115.03,4.318,2.799,-0.03,0.277,-1.952,-1.888,8.967,5.126,0.1564,0.3159,-0.0354,-0.0597,0.0087,0.0029,24.96,24.99,7013,3514,0.877,0.439,2.63,1.318,758,758,76,76,0,0,4,4,,,,,,,,,,,,,,,,,0.0,0.0,0,0,1513.9,1263.9,0.8635,1.0919,1,1,0
2026-09-28T22:37:33.082217+09:00,64721664,75c9d598,2026-09-28T22:37:33.082217+09:00,2026-09-28T22:37:33.162667+09:00,rail-left-01,rail-right-01,0.6.7-draft,0.6.7-draft,mqtt,mqtt,1407.13,1116.03,2.045,0.011,3.883,0.01,-1.213,3.291,5.183,19.613,0.2767,0.0461,0.1108,0.3816,0.0268,-0.0862,24.96,24.98,609,14,0.076,0.002,0.228,0.005,759,759,76,76,0,0,4,4,,,,,,,,,,,,,,,,,0.0,0.0,0,0,1515.0,1265.0,0.8635,1.0919,0,1,0
2026-09-28T22:37:33.102274+09:00,64741720,75c9d598,2026-09-28T22:37:33.102274+09:00,2026-09-28T22:37:33.182723+09:00,rail-left-01,rail-right-01,0.6.7-draft,0.6.7-draft,mqtt,mqtt,1408.32,1116.97,1.129,0.011,-0.231,0.542,2.96,1.596,16.241,19.178,0.4435,0.1572,-0.1486,0.042,-0.0111,0.0983,24.95,24.99,270,14,0.034,0.002,0.101,0.005,760,760,76,76,0,0,4,4,,,,,,,,,,,,,,,,,0.0,0.0,0,0,1516.0,1266.0,0.8635,1.0919,0,1,0
2026-09-28T22:37:33.278991+09:00,64865449,75c9d598,2026-09-28T22:37:33.278991+09:00,2026-09-28T22:37:33.359805+09:00,rail-left-01,rail-right-01,0.6.7-draft,0.6.7-draft,mqtt,mqtt,1415.13,1121.89,0.418,0.017,-0.163,-0.289,1.071,1.389,10.363,10.035,-0.0218,0.0373,0.0469,0.0574,0.0268,0.0248,24.96,24.98,83,16,0.01,0.002,0.031,0.006,761,761,77,77,0,0,4,4,,,,,,,,,,,,,,,,,0.0,0.0,0,0,1521.9,1271.9,0.8635,1.0919,0,1,0
2026-09-28T22:37:33.299085+09:00,64885543,75c9d598,2026-09-28T22:37:33.299085+09:00,2026-09-28T22:37:33.379899+09:00,rail-left-01,rail-right-01,0.6.7-draft,0.6.7-draft,mqtt,mqtt,1416.13,1122.54,0.84,0.011,0.111,0.074,1.323,0.482,10.265,9.692,-0.1002,0.0298,0.0454,0.069,-0.0288,-0.012,24.98,24.97,194,14,0.024,0.002,0.073,0.005,762,762,77,77,0,0,4,4,,,,,,,,,,,,,,,,,0.0,0.0,0,0,1522.8,1272.8,0.8635,1.0919,0,1,0
2026-09-28T22:37:33.319143+09:00,64905601,75c9d598,2026-09-28T22:37:33.319143+09:00,2026-09-28T22:37:33.399957+09:00,rail-left-01,rail-right-01,0.6.7-draft,0.6.7-draft,mqtt,mqtt,1417.12,1123.19,0.81,0.007,-0.108,0.012,0.34,-0.395,10.758,9.685,-0.0501,0.0325,0.0406,0.0687,-0.0266,-0.0121,24.98,24.98,186,13,0.023,0.002,0.07,0.005,763,763,77,77,0,0,4,4,,,,,,,,,,,,,,,,,0.0,0.0,0,0,1523.6,1273.6,0.8635,1.0919,0,1,0
2026-09-28T22:37:33.339189+09:00,64925647,75c9d598,2026-09-28T22:37:33.339189+09:00,2026-09-28T22:37:33.420003+09:00,rail-left-01,rail-right-01,0.6.7-draft,0.6.7-draft,mqtt,mqtt,1418.06,1123.78,0.802,0.011,-0.15,-0.055,0.51,-0.771,10.552,9.793,-0.0789,0.0306,0.0404,0.0521,-0.0164,-0.0157,24.97,24.96,184,14,0.023,0.002,0.069,0.005,764,764,77,77,0,0,4,4,,,,,,,,,,,,,,,,,0.0,0.0,0,0,1524.5,1274.5,0.8635,1.0919,0,1,0
2026-09-28T22:37:33.359080+09:00,64945538,75c9d598,2026-09-28T22:37:33.359080+09:00,2026-09-28T22:37:33.439894+09:00,rail-left-01,rail-right-01,0.6.7-draft,0.6.7-draft,mqtt,mqtt,1418.96,1124.33,0.775,0.007,0.081,0.099,0.111,-0.385,10.4,9.816,-0.0512,0.0338,0.044,0.0513,0.0095,0.0012,24.97,24.96,177,13,0.022,0.002,0.066,0.005,765,765,77,77,0,0,4,4,,,,,,,,,,,,,,,,,0.0,0.0,0,0,1525.2,1275.2,0.8635,1.0919,0,1,0
2026-09-28T22:37:33.379020+09:00,64965478,75c9d598,2026-09-28T22:37:33.379020+09:00,2026-09-28T22:37:33.459834+09:00,rail-left-01,rail-right-01,0.6.7-draft,0.6.7-draft,mqtt,mqtt,1419.8,1124.88,0.779,0.007,-0.073,-0.049,0.728,0.098,10.228,9.555,-0.0609,0.0348,0.0417,0.0461,0.0104,0.0047,24.96,24.97,178,13,0.022,0.002,0.067,0.005,766,766,77,77,0,0,4,4,,,,,,,,,,,,,,,,,0.0,0.0,0,0,1526.0,1276.0,0.8635,1.0919,0,1,0
2026-09-28T22:37:33.399094+09:00,64985552,75c9d598,2026-09-28T22:37:33.399094+09:00,2026-09-28T22:37:33.479908+09:00,rail-left-01,rail-right-01,0.6.7-draft,0.6.7-draft,mqtt,mqtt,1420.65,1125.32,0.783,0.011,0.138,0.081,0.439,0.289,10.2,9.583,-0.0625,0.0344,0.0385,0.0609,-0.0135,-0.0093,24.97,24.97,179,14,0.022,0.002,0.067,0.005,767,767,77,77,0,0,4,4,,,,,,,,,,,,,,,,,0.0,0.0,0,0,1526.7,1276.7,0.8635,1.0919,0,1,0
2026-09-28T22:37:33.419001+09:00,65005459,75c9d598,2026-09-28T22:37:33.419001+09:00,2026-09-28T22:37:33.499815+09:00,rail-left-01,rail-right-01,0.6.7-draft,0.6.7-draft,mqtt,mqtt,1421.49,1125.82,0.764,0.007,-0.089,-0.022,0.394,-0.184,10.208,9.689,-0.0662,0.0341,0.0354,0.0542,-0.0128,-0.0099,24.96,24.96,174,13,0.022,0.002,0.065,0.005,768,768,77,77,0,0,4,4,,,,,,,,,,,,,,,,,0.0,0.0,0,0,1527.4,1277.4,0.8635,1.0919,0,1,0
2026-09-28T22:37:33.439203+09:00,65025661,75c9d598,2026-09-28T22:37:33.439203+09:00,2026-09-28T22:37:33.520017+09:00,rail-left-01,rail-right-01,0.6.7-draft,0.6.7-draft,mqtt,mqtt,1422.29,1126.22,0.756,0.011,0.051,0.059,0.303,-0.171,10.275,9.682,-0.0598,0.0349,0.0354,0.0589,-0.0123,-0.0051,24.94,24.97,172,14,0.022,0.002,0.065,0.005,769,769,77,77,0,0,4,4,,,,,,,,,,,,,,,,,0.0,0.0,0,0,1528.1,1278.1,0.8635,1.0919,0,1,0
2026-09-28T22:37:33.459109+09:00,65045567,75c9d598,2026-09-28T22:37:33.459109+09:00,2026-09-28T22:37:33.539923+09:00,rail-left-01,rail-right-01,0.6.7-draft,0.6.7-draft,mqtt,mqtt,1423.04,1126.62,0.684,0.007,-0.084,0.055,0.306,0.085,10.481,9.741,-0.0644,0.0354,0.0346,0.054,-0.0053,-0.0007,24.98,24.99,153,13,0.019,0.002,0.057,0.005,770,770,77,77,0,0,4,4,,,,,,,,,,,,,,,,,0.0,0.0,0,0,1528.8,1278.8,0.8635,1.0919,0,1,0
2026-09-28T22:37:33.628472+09:00,65222431,75c9d598,2026-09-28T22:37:33.628472+09:00,2026-09-28T22:37:33.707625+09:00,rail-left-01,rail-right-01,0.6.7-draft,0.6.7-draft,mqtt,mqtt,1428.8,1129.0,0.665,0.011,0.04,0.004,0.436,0.075,10.446,9.7,-0.0621,0.0308,0.0385,0.0546,-0.0065,-0.0049,24.96,24.96,148,14,0.019,0.002,0.056,0.005,771,771,78,78,0,0,4,4,,,,,,,,,,,,,,,,,0.0,0.0,0,0,1533.7,1283.7,0.8635,1.0919,0,1,0
2026-09-28T22:37:33.648607+09:00,65242566,75c9d598,2026-09-28T22:37:33.648607+09:00,2026-09-28T22:37:33.727760+09:00,rail-left-01,rail-right-01,0.6.7-draft,0.6.7-draft,mqtt,mqtt,1429.35,1129.15,0.798,0.017,0.077,0.091,0.181,0.03,10.513,9.774,-0.0642,0.0324,0.0402,0.057,-0.0061,-0.0063,24.96,24.98,183,16,0.023,0.002,0.069,0.006,772,772,78,78,0,0,4,4,,,,,,,,,,,,,,,,,0.0,0.0,0,0,1534.2,1284.2,0.8635,1.0919,0,1,0
2026-09-28T22:37:33.668504+09:00,65262463,75c9d598,2026-09-28T22:37:33.668504+09:00,2026-09-28T22:37:33.747657+09:00,rail-left-01,rail-right-01,0.6.7-draft,0.6.7-draft,mqtt,mqtt,1429.85,1129.25,0.791,0.02,0.005,0.026,0.364,-0.041,10.561,9.732,-0.0614,0.0326,0.0397,0.0538,-0.0049,-0.0055,24.97,24.95,181,17,0.023,0.002,0.068,0.006,773,773,78,78,0,0,4,4,,,,,,,,,,,,,,,,,0.0,0.0,0,0,1534.6,1284.6,0.8635,1.0919,0,1,0
2026-09-28T22:37:33.688563+09:00,65282522,75c9d598,2026-09-28T22:37:33.688563+09:00,2026-09-28T22:37:33.767716+09:00,rail-left-01,rail-right-01,0.6.7-draft,0.6.7-draft,mqtt,mqtt,1430.34,1129.35,0.802,0.014,0.091,0.068,0.281,0.03,10.477,9.738,-0.0638,0.0324,0.039,0.0564,-0.0037,-0.0053,24.97,24.97,184,15,0.023,0.002,0.069,0.006,774,774,78,78,0,0,4,4,,,,,,,,,,,,,,,,,0.0,0.0,0,0,1535.1,1285.1,0.8635,1.0919,0,1,0
2026-09-28T22:37:33.708617+09:00,65302576,75c9d598,2026-09-28T22:37:33.708617+09:00,2026-09-28T22:37:33.787770+09:00,rail-left-01,rail-right-01,0.6.7-draft,0.6.7-draft,mqtt,mqtt,1430.84,1129.45,0.81,0.017,-0.001,0.034,0.346,0.096,10.471,9.686,-0.0644,0.0316,0.0392,0.0561,-0.0068,-0.0065,24.97,24.98,186,16,0.023,0.002,0.07,0.006,775,775,78,78,0,0,4,4,,,,,,,,,,,,,,,,,0.0,0.0,0,0,1535.5,1285.5,0.8635,1.0919,0,1,0
2026-09-28T22:37:33.728913+09:00,65322872,75c9d598,2026-09-28T22:37:33.728913+09:00,2026-09-28T22:37:33.808066+09:00,rail-left-01,rail-right-01,0.6.7-draft,0.6.7-draft,mqtt,mqtt,1431.29,1129.5,0.802,0.017,0.071,0.053,0.371,0.04,10.409,9.697,-0.0618,0.0318,0.0381,0.0578,-0.0135,-0.0087,24.96,24.97,184,16,0.023,0.002,0.069,0.006,776,776,78,78,0,0,4,4,,,,,,,,,,,,,,,,,0.0,0.0,0,0,1535.9,1285.9,0.8635,1.0919,0,1,0
2026-09-28T22:37:33.748523+09:00,65342482,75c9d598,2026-09-28T22:37:33.748523+09:00,2026-09-28T22:37:33.827676+09:00,rail-left-01,rail-right-01,0.6.7-draft,0.6.7-draft,mqtt,mqtt,1431.74,1129.55,0.802,0.011,0.049,0.079,0.305,-0.091,10.432,9.726,-0.0661,0.0328,0.0406,0.0576,-0.0097,-0.0067,24.98,24.98,184,14,0.023,0.002,0.069,0.005,777,777,78,78,0,0,4,4,,,,,,,,,,,,,,,,,0.0,0.0,0,0,1536.3,1286.3,0.8635,1.0919,0,1,0
2026-09-28T22:37:33.768560+09:00,65362519,75c9d598,2026-09-28T22:37:33.768560+09:00,2026-09-28T22:37:33.847713+09:00,rail-left-01,rail-right-01,0.6.7-draft,0.6.7-draft,mqtt,mqtt,1432.13,1129.55,0.798,0.017,0.048,0.057,0.399,-0.036,10.433,9.689,-0.0659,0.032,0.0401,0.0552,-0.0059,-0.0033,25.0,24.98,183,16,0.023,0.002,0.069,0.006,778,778,78,78,0,0,4,4,,,,,,,,,,,,,,,,,0.0,0.0,0,0,1536.6,1286.6,0.8635,1.0919,0,1,0
2026-09-28T22:37:33.788522+09:00,65382481,75c9d598,2026-09-28T22:37:33.788522+09:00,2026-09-28T22:37:33.867675+09:00,rail-left-01,rail-right-01,0.6.7-draft,0.6.7-draft,mqtt,mqtt,1432.53,1129.6,0.794,0.02,0.01,0.079,0.373,0.041,10.429,9.708,-0.0598,0.0332,0.038,0.0544,-0.0089,-0.0068,24.97,24.98,182,17,0.023,0.002,0.068,0.006,779,779,78,78,0,0,4,4,,,,,,,,,,,,,,,,,0.0,0.0,0,0,1536.9,1286.9,0.8635,1.0919,0,1,0
2026-09-28T22:37:33.808483+09:00,65402442,75c9d598,2026-09-28T22:37:33.808483+09:00,2026-09-28T22:37:33.887636+09:00,rail-left-01,rail-right-01,0.6.7-draft,0.6.7-draft,mqtt,mqtt,1432.93,1129.6,0.806,0.017,0.053,0.083,0.358,-0.014,10.411,9.732,-0.0642,0.0316,0.0396,0.0566,-0.0076,-0.0057,24.96,24.97,185,16,0.023,0.002,0.069,0.006,780,780,78,78,0,0,4,4,,,,,,,,,,,,,,,,,0.0,0.0,0,0,1537.3,1287.3,0.8635,1.0919,0,1,0
2026-09-28T22:37:33.987121+09:00,65569436,75c9d598,2026-09-28T22:37:33.987121+09:00,2026-09-28T22:37:34.077175+09:00,rail-left-01,rail-right-01,0.6.7-draft,0.6.7-draft,mqtt,mqtt,1435.42,1129.6,0.787,0.007,0.053,0.049,0.362,0.005,10.465,9.723,-0.0678,0.0322,0.0396,0.0558,-0.0073,-0.0044,24.95,24.99,180,13,0.023,0.002,0.068,0.005,781,781,79,79,0,0,4,4,,,,,,,,,,,,,,,,,0.0,0.0,0,0,1539.4,1289.4,0.8635,1.0919,0,1,0
2026-09-28T22:37:34.007156+09:00,65589471,75c9d598,2026-09-28T22:37:34.007156+09:00,2026-09-28T22:37:34.097210+09:00,rail-left-01,rail-right-01,0.6.7-draft,0.6.7-draft,mqtt,mqtt,1435.61,1129.6,0.673,0.014,0.034,0.059,0.3,-0.019,10.464,9.713,-0.0648,0.0328,0.0382,0.057,-0.0084,-0.0068,24.95,24.97,150,15,0.019,0.002,0.056,0.006,782,782,79,79,0,0,4,4,,,,,,,,,,,,,,,,,0.0,0.0,0,0,1539.6,1289.6,0.8635,1.0919,0,1,0
2026-09-28T22:37:34.027182+09:00,65609497,75c9d598,2026-09-28T22:37:34.027182+09:00,2026-09-28T22:37:34.117236+09:00,rail-left-01,rail-right-01,0.6.7-draft,0.6.7-draft,mqtt,mqtt,1435.86,1129.6,0.673,0.014,0.044,0.068,0.305,-0.001,10.465,9.692,-0.062,0.0314,0.0377,0.0565,-0.008,-0.0051,24.95,24.97,150,15,0.019,0.002,0.056,0.006,783,783,79,79,0,0,4,4,,,,,,,,,,,,,,,,,0.0,0.0,0,0,1539.8,1289.8,0.8635,1.0919,0,1,0
2026-09-28T22:37:34.047208+09:00,65629523,75c9d598,2026-09-28T22:37:34.047208+09:00,2026-09-28T22:37:34.137262+09:00,rail-left-01,rail-right-01,0.6.7-draft,0.6.7-draft,mqtt,mqtt,1436.06,1129.6,0.669,0.014,0.022,0.042,0.359,0.001,10.421,9.674,-0.0648,0.0318,0.0377,0.0553,-0.0096,-0.0051,24.96,24.97,149,15,0.019,0.002,0.056,0.006,784,784,79,79,0,0,4,4,,,,,,,,,,,,,,,,,0.0,0.0,0,0,1540.0,1290.0,0.8635,1.0919,0,1,0
2026-09-28T22:37:34.067248+09:00,65649563,75c9d598,2026-09-28T22:37:34.067248+09:00,2026-09-28T22:37:34.157302+09:00,rail-left-01,rail-right-01,0.6.7-draft,0.6.7-draft,mqtt,mqtt,1436.21,1129.6,0.657,0.014,0.057,0.077,0.317,0.02,10.473,9.725,-0.0673,0.0328,0.0382,0.0565,-0.0079,-0.0049,24.97,24.98,146,15,0.018,0.002,0.055,0.006,785,785,79,79,0,0,4,4,,,,,,,,,,,,,,,,,0.0,0.0,0,0,1540.1,1290.1,0.8635,1.0919,0,1,0
2026-09-28T22:37:34.088092+09:00,65670407,75c9d598,2026-09-28T22:37:34.088092+09:00,2026-09-28T22:37:34.178146+09:00,rail-left-01,rail-right-01,0.6.7-draft,0.6.7-draft,mqtt,mqtt,1436.41,1129.6,0.673,0.014,0.035,0.054,0.293,0.025,10.458,9.718,-0.0625,0.0322,0.0386,0.0568,-0.0085,-0.0061,24.97,24.95,150,15,0.019,0.002,0.056,0.006,786,786,79,79,0,0,4,4,,,,,,,,,,,,,,,,,0.0,0.0,0,0,1540.3,1290.3,0.8635,1.0919,0,1,0
2026-09-28T22:37:34.107969+09:00,65690284,75c9d598,2026-09-28T22:37:34.107969+09:00,2026-09-28T22:37:34.198023+09:00,rail-left-01,rail-right-01,0.6.7-draft,0.6.7-draft,mqtt,mqtt,1436.56,1129.6,0.676,0.011,0.057,0.077,0.389,-0.004,10.445,9.74,-0.0597,0.0318,0.039,0.0545,-0.01,-0.0045,24.94,24.98,151,14,0.019,0.002,0.057,0.005,787,787,79,79,0,0,4,4,,,,,,,,,,,,,,,,,0.0,0.0,0,0,1540.4,1290.4,0.8635,1.0919,0,1,0
2026-09-28T22:37:34.127257+09:00,65709572,75c9d598,2026-09-28T22:37:34.127257+09:00,2026-09-28T22:37:34.217311+09:00,rail-left-01,rail-right-01,0.6.7-draft,0.6.7-draft,mqtt,mqtt,1436.71,1129.6,0.676,0.011,0.037,0.013,0.344,0.002,10.464,9.691,-0.0659,0.0317,0.0388,0.0564,-0.0087,-0.0051,24.95,24.96,151,14,0.019,0.002,0.057,0.005,788,788,79,79,0,0,4,4,,,,,,,,,,,,,,,,,0.0,0.0,0,0,1540.6,1290.6,0.8635,1.0919,0,1,0
2026-09-28T22:37:34.147291+09:00,65729606,75c9d598,2026-09-28T22:37:34.147291+09:00,2026-09-28T22:37:34.237345+09:00,rail-left-01,rail-right-01,0.6.7-draft,0.6.7-draft,mqtt,mqtt,1436.81,1129.6,0.665,0.014,0.032,0.068,0.329,0.01,10.472,9.704,-0.0681,0.0318,0.0398,0.0556,-0.008,-0.0073,24.95,24.95,148,15,0.019,0.002,0.056,0.006,789,789,79,79,0,0,4,4,,,,,,,,,,,,,,,,,0.0,0.0,0,0,1540.6,1290.6,0.8635,1.0919,0,1,0
2026-09-28T22:37:34.167189+09:00,65749504,75c9d598,2026-09-28T22:37:34.167189+09:00,2026-09-28T22:37:34.257243+09:00,rail-left-01,rail-right-01,0.6.7-draft,0.6.7-draft,mqtt,mqtt,1436.96,1129.6,0.673,0.017,0.012,0.078,0.344,0.006,10.414,9.71,-0.0624,0.0312,0.0396,0.0553,-0.0077,-0.0055,24.97,24.97,150,16,0.019,0.002,0.056,0.006,790,790,79,79,0,0,4,4,,,,,,,,,,,,,,,,,0.0,0.0,0,0,1540.8,1290.8,0.8635,1.0919,0,1,0
2026-09-28T22:37:34.305839+09:00,65941420,75c9d598,2026-09-28T22:37:34.305839+09:00,2026-09-28T22:37:34.393970+09:00,rail-left-01,rail-right-01,0.6.7-draft,0.6.7-draft,mqtt,mqtt,1437.5,1129.6,0.676,0.011,0.043,0.048,0.345,0.002,10.467,9.676,-0.0665,0.0313,0.039,0.0561,-0.0079,-0.0063,24.97,24.97,151,14,0.019,0.002,0.057,0.005,791,791,80,80,0,0,4,4,,,,,,,,,,,,,,,,,0.0,0.0,0,0,1541.2,1291.2,0.8635,1.0919,0,1,0
2026-09-28T22:37:34.326031+09:00,65961612,75c9d598,2026-09-28T22:37:34.326031+09:00,2026-09-28T22:37:34.414162+09:00,rail-left-01,rail-right-01,0.6.7-draft,0.6.7-draft,mqtt,mqtt,1437.5,1129.6,0.69,0.011,0.032,0.067,0.336,-0.001,10.467,9.726,-0.0644,0.0332,0.0374,0.0565,-0.0085,-0.0068,24.96,24.95,187,16,0.023,0.002,0.07,0.006,792,792,80,80,0,0,4,4,,,,,,,,,,,,,,,,,0.0,0.0,0,0,1541.2,1291.2,0.8635,1.0919,0,1,0
2026-09-28T22:37:34.345882+09:00,65981463,75c9d598,2026-09-28T22:37:34.345882+09:00,2026-09-28T22:37:34.434013+09:00,rail-left-01,rail-right-01,0.6.7-draft,0.6.7-draft,mqtt,mqtt,1437.5,1129.6,0.703,0.012,0.045,0.048,0.348,0.005,10.5,9.703,-0.0633,0.0326,0.0374,0.0578,-0.0084,-0.0064,24.96,24.97,188,17,0.024,0.002,0.071,0.006,793,793,80,80,0,0,4,4,,,,,,,,,,,,,,,,,0.0,0.0,0,0,1541.2,1291.2,0.8635,1.0919,0,1,0
2026-09-28T22:37:34.365889+09:00,66001470,75c9d598,2026-09-28T22:37:34.365889+09:00,2026-09-28T22:37:34.454020+09:00,rail-left-01,rail-right-01,0.6.7-draft,0.6.7-draft,mqtt,mqtt,1437.5,1129.6,0.716,0.012,0.023,0.047,0.341,0.0,10.466,9.741,-0.0666,0.0325,0.0394,0.0552,-0.0076,-0.0051,24.99,24.96,193,14,0.024,0.002,0.072,0.005,794,794,80,80,0,0,4,4,,,,,,,,,,,,,,,,,0.0,0.0,0,0,1541.2,1291.2,0.8635,1.0919,0,1,0
2026-09-28T22:37:34.385900+09:00,66021481,75c9d598,2026-09-28T22:37:34.385900+09:00,2026-09-28T22:37:34.474031+09:00,rail-left-01,rail-right-01,0.6.7-draft,0.6.7-draft,mqtt,mqtt,1437.5,1129.6,0.726,0.012,0.057,0.057,0.303,-0.007,10.444,9.71,-0.0648,0.0324,0.0386,0.057,-0.008,-0.0076,24.97,24.95,187,16,0.023,0.002,0.07,0.006,795,795,80,80,0,0,4,4,,,,,,,,,,,,,,,,,0.0,0.0,0,0,1541.2,1291.2,0.8635,1.0919,0,1,0
2026-09-28T22:37:34.406753+09:00,66042334,75c9d598,2026-09-28T22:37:34.406753+09:00,2026-09-28T22:37:34.494884+09:00,rail-left-01,rail-right-01,0.6.7-draft,0.6.7-draft,mqtt,mqtt,1437.5,1129.6,0.735,0.013,0.054,0.065,0.341,0.005,10.455,9.707,-0.0618,0.032,0.0388,0.0572,-0.0065,-0.006,24.98,24.96,189,16,0.024,0.002,0.071,0.006,796,796,80,80,0,0,4,4,,,,,,,,,,,,,,,,,0.0,0.0,0,0,1541.2,1291.2,0.8635,1.0919,0,1,0
2026-09-28T22:37:34.427386+09:00,66062967,75c9d598,2026-09-28T22:37:34.427386+09:00,2026-09-28T22:37:34.515517+09:00,rail-left-01,rail-right-01,0.6.7-draft,0.6.7-draft,mqtt,mqtt,1437.5,1129.6,0.744,0.013,0.066,0.041,0.378,0.018,10.49,9.717,-0.0628,0.0337,0.04,0.0562,-0.0083,-0.0081,24.96,24.99,188,16,0.024,0.002,0.071,0.006,797,797,80,80,0,0,4,4,,,,,,,,,,,,,,,,,0.0,0.0,0,0,1541.2,1291.2,0.8635,1.0919,0,1,0
2026-09-28T22:37:34.445985+09:00,66081566,75c9d598,2026-09-28T22:37:34.445985+09:00,2026-09-28T22:37:34.534116+09:00,rail-left-01,rail-right-01,0.6.7-draft,0.6.7-draft,mqtt,mqtt,1437.5,1129.6,0.752,0.014,0.051,0.045,0.339,0.026,10.459,9.717,-0.0666,0.0314,0.039,0.0568,-0.0091,-0.0059,24.97,24.97,192,17,0.024,0.002,0.072,0.006,798,798,80,80,0,0,4,4,,,,,,,,,,,,,,,,,0.0,0.0,0,0,1541.2,1291.2,0.8635,1.0919,0,1,0
2026-09-28T22:37:34.465985+09:00,66101566,75c9d598,2026-09-28T22:37:34.465985+09:00,2026-09-28T22:37:34.554116+09:00,rail-left-01,rail-right-01,0.6.7-draft,0.6.7-draft,mqtt,mqtt,1437.5,1129.6,0.76,0.014,0.043,0.055,0.327,-0.006,10.477,9.725,-0.065,0.0321,0.039,0.0545,-0.008,-0.0051,24.96,24.97,192,16,0.024,0.002,0.072,0.006,799,799,80,80,0,0,4,4,,,,,,,,,,,,,,,,,0.0,0.0,0,0,1541.2,1291.2,0.8635,1.0919,0,1,0
2026-09-28T22:37:34.485975+09:00,66121556,75c9d598,2026-09-28T22:37:34.485975+09:00,2026-09-28T22:37:34.574106+09:00,rail-left-01,rail-right-01,0.6.7-draft,0.6.7-draft,mqtt,mqtt,1437.5,1129.6,0.768,0.015,0.044,0.041,0.358,-0.008,10.472,9.697,-0.0622,0.0314,0.0384,0.057,-0.0084,-0.0061,24.97,24.97,194,17,0.024,0.002,0.073,0.006,800,800,80,80,0,0,4,4,,,,,,,,,,,,,,,,,0.0,0.0,0,0,1541.2,1291.2,0.8635,1.0919,0,1,0
2026-09-28T22:37:34.641228+09:00,66262428,75c9d598,2026-09-28T22:37:34.641228+09:00,2026-09-28T22:37:34.676228+09:00,rail-left-01,rail-right-01,0.6.7-draft,0.6.7-draft,mqtt,mqtt,1437.5,1129.6,0.776,0.015,0.065,0.042,0.316,-0.001,10.473,9.726,-0.0626,0.0317,0.0381,0.0561,-0.0083,-0.0065,24.95,24.94,194,16,0.024,0.002,0.073,0.006,801,801,81,81,0,0,4,4,,,,,,,,,,,,,,,,,0.0,0.0,0,0,1541.2,1291.2,0.8635,1.0919,0,1,0
2026-09-28T22:37:34.661250+09:00,66282450,75c9d598,2026-09-28T22:37:34.661250+09:00,2026-09-28T22:37:34.696250+09:00,rail-left-01,rail-right-01,0.6.7-draft,0.6.7-draft,mqtt,mqtt,1437.5,1129.6,0.783,0.015,0.042,0.041,0.335,0.01,10.473,9.706,-0.063,0.032,0.0396,0.0576,-0.0081,-0.006,24.96,24.99,197,16,0.025,0.002,0.074,0.006,802,802,81,81,0,0,4,4,,,,,,,,,,,,,,,,,0.0,0.0,0,0,1541.2,1291.2,0.8635,1.0919,0,1,0
2026-09-28T22:37:34.681270+09:00,66302470,75c9d598,2026-09-28T22:37:34.681270+09:00,2026-09-28T22:37:34.716270+09:00,rail-left-01,rail-right-01,0.6.7-draft,0.6.7-draft,mqtt,mqtt,1437.5,1129.6,0.789,0.016,0.026,0.047,0.356,0.007,10.452,9.762,-0.0673,0.0309,0.0396,0.0564,-0.0079,-0.0057,24.97,24.98,194,17,0.024,0.002,0.073,0.006,803,803,81,81,0,0,4,4,,,,,,,,,,,,,,,,,0.0,0.0,0,0,1541.2,1291.2,0.8635,1.0919,0,1,0
2026-09-28T22:37:34.701348+09:00,66322548,75c9d598,2026-09-28T22:37:34.701348+09:00,2026-09-28T22:37:34.736348+09:00,rail-left-01,rail-right-01,0.6.7-draft,0.6.7-draft,mqtt,mqtt,1437.5,1129.6,0.795,0.015,0.031,0.048,0.341,-0.022,10.447,9.75,-0.0653,0.0332,0.0396,0.0556,-0.0084,-0.0052,24.97,24.94,196,15,0.025,0.002,0.074,0.006,804,804,81,81,0,0,4,4,,,,,,,,,,,,,,,,,0.0,0.0,0,0,1541.2,1291.2,0.8635,1.0919,0,1,0
2026-09-28T22:37:34.721255+09:00,66342455,75c9d598,2026-09-28T22:37:34.721255+09:00,2026-09-28T22:37:34.756255+09:00,rail-left-01,rail-right-01,0.6.7-draft,0.6.7-draft,mqtt,mqtt,1437.5,1129.6,0.799,0.016,0.03,0.065,0.335,0.013,10.454,9.714,-0.0625,0.0313,0.0384,0.057,-0.0077,-0.0071,24.97,24.97,192,16,0.024,0.002,0.072,0.006,805,805,81,81,0,0,4,4,,,,,,,,,,,,,,,,,0.0,0.0,0,0,1541.2,1291.2,0.8635,1.0919,0,1,0
2026-09-28T22:37:34.741431+09:00,66362631,75c9d598,2026-09-28T22:37:34.741431+09:00,2026-09-28T22:37:34.776431+09:00,rail-left-01,rail-right-01,0.6.7-draft,0.6.7-draft,mqtt,mqtt,1437.5,1129.6,0.802,0.015,0.057,0.089,0.375,0.011,10.452,9.748,-0.0644,0.0322,0.0389,0.0565,-0.0099,-0.0047,24.97,24.96,193,14,0.024,0.002,0.072,0.005,806,806,81,81,0,0,4,4,,,,,,,,,,,,,,,,,0.0,0.0,0,0,1541.2,1291.2,0.8635,1.0919,0,1,0
