time,uptime_us,boot_id,time_left,time_right,left_device_id,right_device_id,left_firmware_version,right_firmware_version,left_source,right_source,left_position_mm,right_position_mm,left_sensor_distance_mm,right_sensor_distance_mm,left_mpu_accel_x,right_mpu_accel_x,left_mpu_accel_y,right_mpu_accel_y,left_mpu_accel_z,right_mpu_accel_z,left_mpu_gyro_x,right_mpu_gyro_x,left_mpu_gyro_y,right_mpu_gyro_y,left_mpu_gyro_z,right_mpu_gyro_z,left_mpu_temp_c,right_mpu_temp_c,left_adc_raw,right_adc_raw,left_adc_voltage_v,right_adc_voltage_v,left_sensor_voltage_v,right_sensor_voltage_v,left_sample_seq,right_sample_seq,left_batch_seq,right_batch_seq,left_dropped_batches,right_dropped_batches,left_status_flags,right_status_flags,left_tilt_deg,right_tilt_deg,left_roll_deg,right_roll_deg,left_delta_mm,right_delta_mm,left_distance_delta_mm,right_distance_delta_mm,left_m_mm,right_m_mm,left_dm_dx,right_dm_dx,left_ddelta_dx,right_ddelta_dx,left_apeak,right_apeak,left_magnitude_mm,right_magnitude_mm,left_abnormal_score,right_abnormal_score
2026-09-28T22:34:46.240016+09:00,28101445,eb6c2af2,2026-09-28T22:34:46.240016+09:00,2026-09-28T22:34:46.331638+09:00,rail-left-01,rail-right-01,0.6.7-draft,0.6.7-draft,mqtt,mqtt,0,0,6.693,6.565,-0.018,-0.03,0.011,-0.209,10.368,9.671,-0.0641,0.032,0.037,0.0597,-0.0085,-0.0067,25.12,24.98,16992,18710,2.124,2.339,6.372,7.016,1,1,1,1,0,0,0,0,,-0.29313599,,-0.29313599,,-0.04236649,,-0.04236649,,0.57768917,,0,,0,,0.65435,0,0.38098378,0,0
2026-09-28T22:34:46.260106+09:00,28121535,eb6c2af2,2026-09-28T22:34:46.260106+09:00,2026-09-28T22:34:46.351728+09:00,rail-left-01,rail-right-01,0.6.7-draft,0.6.7-draft,mqtt,mqtt,0.15,0.1,6.683,6.56,0.004,0.017,-0.245,-0.781,10.444,9.748,-0.0641,0.0298,0.0393,0.0629,-0.0121,-0.0111,25.12,24.99,16966,18698,2.121,2.337,6.362,7.012,2,2,1,1,0,0,0,0,,-0.22595232,,-0.22595232,,-0.03986649,,-0.03986649,,0.57643917,,-0.05,,0.1,,0.65435,0,0.38095,0,0
2026-09-28T22:34:46.279984+09:00,28141413,eb6c2af2,2026-09-28T22:34:46.279984+09:00,2026-09-28T22:34:46.371606+09:00,rail-left-01,rail-right-01,0.6.7-draft,0.6.7-draft,mqtt,mqtt,0.35,0.25,6.481,6.565,0.051,0.05,-0.206,-0.567,10.446,9.706,-0.0622,0.032,0.0385,0.0574,-0.0099,-0.0055,25.12,25.01,16465,18709,2.058,2.339,6.174,7.016,3,3,1,1,0,0,0,0,,-0.17241637,,-0.17241637,,-0.04069983,,-0.04069983,,0.57685584,,0.00263158,,-0.00526316,,0.65435,0,0.38096126,0,0
2026-09-28T22:34:46.300038+09:00,28161467,eb6c2af2,2026-09-28T22:34:46.300038+09:00,2026-09-28T22:34:46.391660+09:00,rail-left-01,rail-right-01,0.6.7-draft,0.6.7-draft,mqtt,mqtt,0.7,0.5,6.494,6.565,0.037,0.034,-0.23,-0.49,10.477,9.68,-0.0649,0.0318,0.0406,0.0569,-0.0085,-0.0052,25.15,25.01,16497,18710,2.062,2.339,6.186,7.016,4,4,1,1,0,0,0,0,,-0.1570484,,-0.1570484,,-0.04111649,,-0.04111649,,0.57706417,,0.00396476,,-0.00792952,,0.65435,0,0.38096689,0,0
2026-09-28T22:34:46.320072+09:00,28181501,eb6c2af2,2026-09-28T22:34:46.320072+09:00,2026-09-28T22:34:46.411694+09:00,rail-left-01,rail-right-01,0.6.7-draft,0.6.7-draft,mqtt,mqtt,1.09,0.85,6.503,6.569,0.034,0.016,-0.086,-0.405,10.421,9.724,-0.0658,0.033,0.0413,0.0554,-0.0071,-0.0024,25.14,25.01,16520,18719,2.065,2.34,6.195,7.02,5,5,1,1,0,0,0,0,,-0.1579979,,-0.1579979,,-0.04216649,,-0.04216649,,0.57758917,,0.0069379,,-0.0138758,,0.65435,0,0.38098108,0,0
2026-09-28T22:34:46.340079+09:00,28201508,eb6c2af2,2026-09-28T22:34:46.340079+09:00,2026-09-28T22:34:46.431701+09:00,rail-left-01,rail-right-01,0.6.7-draft,0.6.7-draft,mqtt,mqtt,1.54,1.24,6.509,6.575,-0.031,0.007,0.142,-0.375,10.507,9.71,-0.0634,0.0321,0.0426,0.0542,-0.0115,-0.0076,25.13,25.02,16534,18731,2.067,2.341,6.2,7.024,6,6,1,1,0,0,0,0,,-0.16291034,,-0.16291034,,-0.04386649,,-0.04386649,,0.57843917,,0.0095359,,-0.0190718,,0.65435,0,0.38100405,0,0
2026-09-28T22:34:46.359989+09:00,28221418,eb6c2af2,2026-09-28T22:34:46.359989+09:00,2026-09-28T22:34:46.451611+09:00,rail-left-01,rail-right-01,0.6.7-draft,0.6.7-draft,mqtt,mqtt,2.09,1.69,6.507,6.584,0.01,0.016,-0.036,-0.47,10.409,9.726,-0.0644,0.0313,0.0432,0.0574,-0.0101,-0.0059,25.1,25.04,16529,18751,2.066,2.344,6.198,7.032,7,7,1,1,0,0,0,0,,-0.16274885,,-0.16274885,,-0.04636649,,-0.04636649,,0.57968917,,0.01215763,,-0.02431526,,0.65435,0,0.38103784,0,0
2026-09-28T22:34:46.380072+09:00,28241501,eb6c2af2,2026-09-28T22:34:46.380072+09:00,2026-09-28T22:34:46.471694+09:00,rail-left-01,rail-right-01,0.6.7-draft,0.6.7-draft,mqtt,mqtt,2.68,2.19,6.506,6.589,-0.142,-0.083,-0.14,-0.448,10.499,9.786,-0.0616,0.032,0.039,0.0558,-0.0109,-0.0063,25.1,24.99,16527,18763,2.066,2.345,6.198,7.036,8,8,1,1,0,0,0,0,,-0.19758604,,-0.19758604,,-0.04886649,,-0.04886649,,0.58093917,,0.0125861,,-0.0251722,,0.65435,0,0.38107162,0,0
2026-09-28T22:34:46.400123+09:00,28261552,eb6c2af2,2026-09-28T22:34:46.400123+09:00,2026-09-28T22:34:46.491745+09:00,rail-left-01,rail-right-01,0.6.7-draft,0.6.7-draft,mqtt,mqtt,3.33,2.73,6.528,6.587,0.168,0.105,-0.086,-0.344,10.385,9.73,-0.0608,0.0325,0.04,0.0601,-0.0116,-0.0077,25.12,25.01,16580,18759,2.072,2.345,6.217,7.035,9,9,1,1,0,0,0,0,,-0.16554248,,-0.16554248,,-0.05058871,,-0.05058871,,0.58180028,,0.01078989,,-0.02157978,,0.65435,0,0.38109489,0,0
2026-09-28T22:34:46.420211+09:00,28281640,eb6c2af2,2026-09-28T22:34:46.420211+09:00,2026-09-28T22:34:46.511833+09:00,rail-left-01,rail-right-01,0.6.7-draft,0.6.7-draft,mqtt,mqtt,4.03,3.28,6.502,6.585,-0.073,0.073,-0.012,-0.335,10.461,9.705,-0.0699,0.0346,0.0365,0.0517,-0.0101,-0.0073,25.1,24.99,16516,18754,2.065,2.344,6.194,7.033,10,10,1,1,0,0,0,0,,-0.14898823,,-0.14898823,,-0.05176649,,-0.05176649,,0.58238917,,0.00876313,,-0.01752627,,0.65435,0,0.38111081,0,0
2026-09-28T22:34:46.603570+09:00,28467090,eb6c2af2,2026-09-28T22:34:46.603570+09:00,2026-09-28T22:34:46.694075+09:00,rail-left-01,rail-right-01,0.6.7-draft,0.6.7-draft,mqtt,mqtt,12.13,9.79,6.502,6.585,-0.019,-0.008,0.048,-0.124,10.709,9.841,-0.0678,0.0365,0.0441,0.0581,-0.0131,-0.0044,25.12,25.01,16516,18754,2.065,2.344,6.194,7.033,11,11,2,2,0,0,0,0,-0.1652194,-0.29931197,-0.1652194,-0.29931197,-0.05273013,-0.0508903,-0.05273013,-0.0508903,0.58287099,0.58837964,0.00193306,0.00140353,-0.00386612,0.00021274,0.90235,0.90235,0.38112383,0.38127271,0,0
2026-09-28T22:34:46.623524+09:00,28487044,eb6c2af2,2026-09-28T22:34:46.623524+09:00,2026-09-28T22:34:46.714029+09:00,rail-left-01,rail-right-01,0.6.7-draft,0.6.7-draft,mqtt,mqtt,13.08,10.59,6.521,6.653,0.002,-0.008,0.077,-0.375,10.488,9.723,-0.0642,0.0338,0.0432,0.0604,-0.0115,-0.0051,25.13,25.02,16563,18904,2.07,2.363,6.211,7.089,12,12,2,2,0,0,0,0,-0.18136458,-0.2970497,-0.18136458,-0.2970497,-0.05194983,-0.05368467,-0.05194983,-0.05368467,0.58406417,0.5903028,0.00235621,0.00196866,-0.00116131,-0.00100933,0.90235,0.90235,0.38115608,0.38132469,0,0
2026-09-28T22:34:46.643820+09:00,28507340,eb6c2af2,2026-09-28T22:34:46.643820+09:00,2026-09-28T22:34:46.734325+09:00,rail-left-01,rail-right-01,0.6.7-draft,0.6.7-draft,mqtt,mqtt,14.12,11.44,6.514,6.66,-0.023,0.069,0.017,-0.273,10.463,9.681,-0.0681,0.0309,0.0414,0.0581,-0.0116,-0.0068,25.12,25.03,16546,18920,2.068,2.365,6.205,7.095,13,13,2,2,0,0,0,0,-0.19752408,-0.28549353,-0.19752408,-0.28549353,-0.05182803,-0.05654041,-0.05182803,-0.05654041,0.58480455,0.59221091,0.00219333,0.0023895,-0.00067511,-0.00193268,0.90235,0.90235,0.38117609,0.38137626,0,0
2026-09-28T22:34:46.663638+09:00,28527158,eb6c2af2,2026-09-28T22:34:46.663638+09:00,2026-09-28T22:34:46.754143+09:00,rail-left-01,rail-right-01,0.6.7-draft,0.6.7-draft,mqtt,mqtt,15.11,12.23,6.507,6.663,-0.002,0.001,0.119,-0.239,10.364,9.657,-0.064,0.0312,0.0393,0.0577,-0.0116,-0.0051,25.12,25.03,16530,18928,2.066,2.366,6.199,7.098,14,14,2,2,0,0,0,0,-0.21330676,-0.28296277,-0.21330676,-0.28296277,-0.05222364,-0.05928316,-0.05222364,-0.05928316,0.58518917,0.5940225,0.00189269,0.00269434,-0.0007722,-0.00261602,0.90235,0.90235,0.38118649,0.38142522,0,0
2026-09-28T22:34:46.683656+09:00,28547176,eb6c2af2,2026-09-28T22:34:46.683656+09:00,2026-09-28T22:34:46.774161+09:00,rail-left-01,rail-right-01,0.6.7-draft,0.6.7-draft,mqtt,mqtt,16.16,13.03,6.514,6.674,0.004,0.043,-0.192,-0.431,10.317,9.683,-0.0642,0.03,0.0398,0.0614,-0.0124,-0.0093,25.13,25.03,16546,18952,2.068,2.369,6.205,7.107,15,15,2,2,0,0,0,0,-0.22870919,-0.27584945,-0.22870919,-0.27584945,-0.05209983,-0.06224649,-0.05209983,-0.06224649,0.58575584,0.59590917,0.00182372,0.00297497,-0.00053284,-0.00324558,0.90235,0.90235,0.3812018,0.38147621,0,0
2026-09-28T22:34:46.703860+09:00,28567380,eb6c2af2,2026-09-28T22:34:46.703860+09:00,2026-09-28T22:34:46.794365+09:00,rail-left-01,rail-right-01,0.6.7-draft,0.6.7-draft,mqtt,mqtt,17.2,13.87,6.509,6.688,-0.002,0.006,0.02,-0.128,10.481,9.609,-0.0624,0.0346,0.0376,0.0568,-0.0116,-0.0039,25.12,25.04,16533,18983,2.067,2.373,6.2,7.119,16,16,2,2,0,0,0,0,-0.24372348,-0.27335651,-0.24372348,-0.27335651,-0.05230399,-0.06552034,-0.05230399,-0.06552034,0.58609542,0.59791994,0.00166602,0.00325459,-0.00054283,-0.00386988,0.90235,0.90235,0.38121098,0.38153056,0,0
2026-09-28T22:34:46.723876+09:00,28587396,eb6c2af2,2026-09-28T22:34:46.723876+09:00,2026-09-28T22:34:46.814381+09:00,rail-left-01,rail-right-01,0.6.7-draft,0.6.7-draft,mqtt,mqtt,18.25,14.72,6.525,6.694,-0.055,-0.002,0.221,-0.332,10.421,9.771,-0.0663,0.0342,0.0389,0.0602,-0.0124,-0.0077,25.14,25.03,16574,18996,2.072,2.375,6.215,7.123,17,17,2,2,0,0,0,0,-0.25873196,-0.27182394,-0.25873196,-0.27182394,-0.05154296,-0.0687739,-0.05154296,-0.0687739,0.58686564,0.59989287,0.00176761,0.00349032,-0.00007957,-0.0044039,0.90235,0.90235,0.3812318,0.38158388,0,0
2026-09-28T22:34:46.743572+09:00,28607092,eb6c2af2,2026-09-28T22:34:46.743572+09:00,2026-09-28T22:34:46.834077+09:00,rail-left-01,rail-right-01,0.6.7-draft,0.6.7-draft,mqtt,mqtt,19.29,15.56,6.523,6.711,0.03,0.019,0.091,-0.338,10.434,9.783,-0.0638,0.0306,0.0438,0.0652,-0.0115,-0.0088,25.1,25.04,16568,19034,2.071,2.379,6.213,7.138,18,18,2,2,0,0,0,0,-0.27328567,-0.26827545,-0.27328567,-0.26827545,-0.0509776,-0.07240221,-0.0509776,-0.07240221,0.58749472,0.60202845,0.00178906,0.00374548,0.00019064,-0.00497449,0.90235,0.90235,0.3812488,0.3816416,0,0
2026-09-28T22:34:46.763704+09:00,28627224,eb6c2af2,2026-09-28T22:34:46.763704+09:00,2026-09-28T22:34:46.854209+09:00,rail-left-01,rail-right-01,0.6.7-draft,0.6.7-draft,mqtt,mqtt,20.33,16.41,6.502,6.733,-0.002,0.013,-0.136,-0.271,10.682,9.75,-0.0632,0.0324,0.0414,0.0613,-0.0092,-0.0099,25.12,25.01,16517,19082,2.065,2.385,6.194,7.156,19,19,2,2,0,0,0,0,-0.28755683,-0.26556731,-0.28755683,-0.26556731,-0.05157702,-0.07653891,-0.05157702,-0.07653891,0.58750496,0.60439607,0.00154569,0.00403564,-0.00009355,-0.00561318,0.90235,0.90235,0.38124907,0.38170559,0,0
2026-09-28T22:34:46.783650+09:00,28647170,eb6c2af2,2026-09-28T22:34:46.783650+09:00,2026-09-28T22:34:46.874155+09:00,rail-left-01,rail-right-01,0.6.7-draft,0.6.7-draft,mqtt,mqtt,21.43,17.25,6.52,6.748,-0.08,-0.044,0.075,-0.308,10.482,9.631,-0.0686,0.0345,0.0385,0.0568,-0.0088,-0.006,25.11,25,16560,19115,2.07,2.389,6.21,7.168,20,20,2,2,0,0,0,0,-0.30187291,-0.26848952,-0.30187291,-0.26848952,-0.05121649,-0.08089983,-0.05121649,-0.08089983,0.58796417,0.60685584,0.00153287,0.00432216,0.00006631,-0.00624277,0.90235,0.90235,0.38126149,0.38177207,0,0
2026-09-28T22:34:46.985085+09:00,28844416,eb6c2af2,2026-09-28T22:34:46.985085+09:00,2026-09-28T22:34:47.038210+09:00,rail-left-01,rail-right-01,0.6.7-draft,0.6.7-draft,mqtt,mqtt,32.32,25.95,6.526,6.753,0.01,0.01,-0.079,-0.408,10.459,9.722,-0.0673,0.0294,0.0413,0.0609,-0.0072,-0.0093,25.12,25.01,16576,19126,2.072,2.391,6.216,7.172,21,21,3,3,0,0,0,0,-0.28186639,-0.38863958,-0.28186639,-0.38863958,-0.08478585,-0.08853722,-0.08478585,-0.08853722,0.60925368,0.63926234,0.0044345,0.00592726,-0.00654401,-0.00287642,0.90235,0.90235,0.38183688,0.38264792,0,0
2026-09-28T22:34:47.005233+09:00,28864564,eb6c2af2,2026-09-28T22:34:47.005233+09:00,2026-09-28T22:34:47.058358+09:00,rail-left-01,rail-right-01,0.6.7-draft,0.6.7-draft,mqtt,mqtt,33.46,26.85,6.621,6.782,0.012,0.104,-0.032,-0.204,10.41,9.568,-0.0634,0.0293,0.0392,0.0552,-0.0051,-0.0052,25.12,25.01,16812,19191,2.102,2.399,6.305,7.197,22,22,3,3,0,0,0,0,-0.2953555,-0.36746365,-0.2953555,-0.36746365,-0.08546024,-0.08965221,-0.08546024,-0.08965221,0.61298604,0.64185584,0.00492906,0.00588535,-0.00584718,-0.00282809,0.90235,0.90235,0.38193775,0.38271802,0,0
2026-09-28T22:34:47.025192+09:00,28884523,eb6c2af2,2026-09-28T22:34:47.025192+09:00,2026-09-28T22:34:47.078317+09:00,rail-left-01,rail-right-01,0.6.7-draft,0.6.7-draft,mqtt,mqtt,34.6,27.74,6.629,6.784,-0.099,-0.091,0.195,-0.433,10.25,9.686,-0.0671,0.0324,0.0378,0.0604,-0.0075,-0.0047,25.11,25.01,16833,19195,2.104,2.399,6.312,7.198,23,23,3,3,0,0,0,0,-0.30925269,-0.36024112,-0.30925269,-0.36024112,-0.08585134,-0.09076184,-0.08585134,-0.09076184,0.61661341,0.64435196,0.00530478,0.0058445,-0.00523896,-0.00279207,0.90235,0.90235,0.38203579,0.38278548,0,0
2026-09-28T22:34:47.045235+09:00,28904566,eb6c2af2,2026-09-28T22:34:47.045235+09:00,2026-09-28T22:34:47.098360+09:00,rail-left-01,rail-right-01,0.6.7-draft,0.6.7-draft,mqtt,mqtt,35.75,28.64,6.636,6.786,0.038,0.089,0.126,-0.212,10.505,9.68,-0.0642,0.0296,0.0381,0.0589,-0.0068,-0.0047,25.1,25.03,16851,19200,2.106,2.4,6.319,7.2,24,24,3,3,0,0,0,0,-0.32303799,-0.34170647,-0.32303799,-0.34170647,-0.08601355,-0.09186649,-0.08601355,-0.09186649,0.62013035,0.64675735,0.00559521,0.00580443,-0.00470077,-0.00276526,0.90235,0.90235,0.38213084,0.38285049,0,0
2026-09-28T22:34:47.065316+09:00,28924647,eb6c2af2,2026-09-28T22:34:47.065316+09:00,2026-09-28T22:34:47.118441+09:00,rail-left-01,rail-right-01,0.6.7-draft,0.6.7-draft,mqtt,mqtt,36.89,29.58,6.635,6.775,-0.053,-0.02,-0.032,-0.012,10.374,9.801,-0.0678,0.0314,0.0356,0.0574,-0.0067,-0.0017,25.09,25.04,16847,19176,2.106,2.397,6.318,7.191,25,25,3,3,0,0,0,0,-0.3369439,-0.33090727,-0.3369439,-0.33090727,-0.08619506,-0.0926776,-0.08619506,-0.0926776,0.62343203,0.64893361,0.00579819,0.00574095,-0.00426801,-0.00269809,0.90235,0.90235,0.38222008,0.38290931,0,0
2026-09-28T22:34:47.085304+09:00,28944635,eb6c2af2,2026-09-28T22:34:47.085304+09:00,2026-09-28T22:34:47.138429+09:00,rail-left-01,rail-right-01,0.6.7-draft,0.6.7-draft,mqtt,mqtt,38.03,30.48,6.629,6.778,0.071,0.063,-0.031,-0.296,10.502,9.646,-0.0646,0.032,0.0394,0.057,-0.0072,-0.0031,25.12,25.02,16832,19182,2.104,2.398,6.312,7.193,26,26,3,3,0,0,0,0,-0.35060193,-0.31541044,-0.35060193,-0.31541044,-0.08653316,-0.09351867,-0.08653316,-0.09351867,0.62646695,0.65104786,0.00592208,0.00568353,-0.00394374,-0.00264728,0.90235,0.90235,0.3823021,0.38296645,0,0
2026-09-28T22:34:47.105256+09:00,28964587,eb6c2af2,2026-09-28T22:34:47.105256+09:00,2026-09-28T22:34:47.158381+09:00,rail-left-01,rail-right-01,0.6.7-draft,0.6.7-draft,mqtt,mqtt,39.18,31.37,6.625,6.772,-0.063,-0.054,0.057,-0.5,10.543,9.701,-0.0648,0.0281,0.038,0.0552,-0.0108,-0.0068,25.1,25.03,16823,19168,2.103,2.396,6.309,7.188,27,27,3,3,0,0,0,0,-0.36438577,-0.3076714,-0.36438577,-0.3076714,-0.08696109,-0.09419628,-0.08696109,-0.09419628,0.62928376,0.65300832,0.00599249,0.00561682,-0.00368975,-0.00258097,0.90235,0.90235,0.38237823,0.38301944,0,0
2026-09-28T22:34:47.125210+09:00,28984541,eb6c2af2,2026-09-28T22:34:47.125210+09:00,2026-09-28T22:34:47.178335+09:00,rail-left-01,rail-right-01,0.6.7-draft,0.6.7-draft,mqtt,mqtt,40.32,32.27,6.628,6.753,0.11,0.109,0.048,-0.081,10.44,9.853,-0.0659,0.0308,0.0368,0.0589,-0.0089,-0.0081,25.11,25,16829,19126,2.104,2.391,6.311,7.172,28,28,3,3,0,0,0,0,-0.37773875,-0.29068183,-0.37773875,-0.29068183,-0.08728754,-0.09444983,-0.08728754,-0.09444983,0.6319918,0.65468917,0.00604056,0.00552315,-0.00345371,-0.00246327,0.90235,0.90235,0.38245142,0.38306486,0,0
2026-09-28T22:34:47.145272+09:00,29004603,eb6c2af2,2026-09-28T22:34:47.145272+09:00,2026-09-28T22:34:47.198397+09:00,rail-left-01,rail-right-01,0.6.7-draft,0.6.7-draft,mqtt,mqtt,41.47,33.21,6.622,6.741,-0.032,-0.036,0.005,-0.2,10.6,9.74,-0.0653,0.0268,0.0369,0.057,-0.0076,-0.0061,25.12,25,16815,19100,2.102,2.388,6.306,7.163,29,29,3,3,0,0,0,0,-0.39108509,-0.28272303,-0.39108509,-0.28272303,-0.08775111,-0.09444812,-0.08775111,-0.09444812,0.63448404,0.65617896,0.00604919,0.00541715,-0.0032762,-0.00232338,0.90235,0.90235,0.38251878,0.38310513,0,0
2026-09-28T22:34:47.165698+09:00,29025029,eb6c2af2,2026-09-28T22:34:47.165698+09:00,2026-09-28T22:34:47.218823+09:00,rail-left-01,rail-right-01,0.6.7-draft,0.6.7-draft,mqtt,mqtt,42.66,34.11,6.626,6.729,0.071,0.095,-0.018,-0.371,10.455,9.662,-0.0666,0.0286,0.0356,0.0538,-0.0071,-0.0044,25.13,25.02,16824,19073,2.103,2.384,6.309,7.152,30,30,3,3,0,0,0,0,-0.40410585,-0.267613,-0.40410585,-0.267613,-0.08809149,-0.09420649,-0.08809149,-0.09420649,0.63690167,0.65748917,0.00604917,0.00530154,-0.00309914,-0.00216567,0.90235,0.90235,0.38258412,0.38314054,0,0
2026-09-28T22:34:47.320814+09:00,29174559,eb6c2af2,2026-09-28T22:34:47.320814+09:00,2026-09-28T22:34:47.411782+09:00,rail-left-01,rail-right-01,0.6.7-draft,0.6.7-draft,mqtt,mqtt,51.31,41.02,6.622,6.714,0.227,0.212,0.101,-0.126,10.256,10.003,-0.0625,0.0344,0.0364,0.0605,-0.0104,-0.0059,25.09,25.02,16815,19040,2.102,2.38,6.306,7.14,31,31,4,4,0,0,0,0,-0.25698896,0.83495961,-0.25698896,0.83495961,-0.09405277,-0.08736649,-0.09405277,-0.08736649,0.65870878,0.70418917,0.00510795,0,-0.0019872,0,0.90235,0.56935,0.3831735,0.40554639,0,0
2026-09-28T22:34:47.340931+09:00,29194676,eb6c2af2,2026-09-28T22:34:47.340931+09:00,2026-09-28T22:34:47.431899+09:00,rail-left-01,rail-right-01,0.6.7-draft,0.6.7-draft,mqtt,mqtt,52.45,41.96,6.61,6.563,0.043,-0.038,0.069,-0.293,10.37,9.753,-0.0671,0.0316,0.0396,0.0569,-0.0064,-0.0061,25.13,25.02,16786,18706,2.098,2.338,6.295,7.015,32,32,4,4,0,0,0,0,-0.24767902,0.48437078,-0.24767902,0.48437078,-0.09413572,-0.01186649,-0.09413572,-0.01186649,0.65976609,0.66643917,0.00491789,-0.1606383,-0.00186543,0.3212766,0.90235,0.56935,0.38320208,0.40452612,0,0
2026-09-28T22:34:47.360904+09:00,29214649,eb6c2af2,2026-09-28T22:34:47.360904+09:00,2026-09-28T22:34:47.451872+09:00,rail-left-01,rail-right-01,0.6.7-draft,0.6.7-draft,mqtt,mqtt,53.65,42.86,6.619,6.554,-0.098,-0.022,0.182,-0.327,10.679,9.646,-0.0675,0.0336,0.0425,0.0561,0.0019,-0.0072,25.1,25,16807,18686,2.101,2.336,6.303,7.007,33,33,4,4,0,0,0,0,-0.23989085,0.38300812,-0.23989085,0.38300812,-0.09404574,0.01630017,-0.09404574,0.01630017,0.66086841,0.65235584,0.00475824,-0.08750197,-0.00173383,0.17500394,0.90235,0.56935,0.38323187,0.40414549,0,0
2026-09-28T22:34:47.380865+09:00,29234610,eb6c2af2,2026-09-28T22:34:47.380865+09:00,2026-09-28T22:34:47.471833+09:00,rail-left-01,rail-right-01,0.6.7-draft,0.6.7-draft,mqtt,mqtt,54.79,43.8,6.612,6.553,0.018,0.067,0.139,-0.267,10.165,9.689,-0.0694,0.0337,0.0365,0.0548,0.0008,-0.0017,25.13,25.02,16790,18683,2.099,2.335,6.296,7.006,34,34,4,4,0,0,0,0,-0.23319589,0.39576334,-0.23319589,0.39576334,-0.09408871,0.03063351,-0.09408871,0.03063351,0.66186509,0.64518917,0.00460429,-0.05336831,-0.00163467,0.10673663,0.90235,0.56935,0.38325881,0.4039518,0,0
2026-09-28T22:34:47.401703+09:00,29255448,eb6c2af2,2026-09-28T22:34:47.401703+09:00,2026-09-28T22:34:47.492671+09:00,rail-left-01,rail-right-01,0.6.7-draft,0.6.7-draft,mqtt,mqtt,55.98,44.75,6.614,6.529,-0.012,-0.072,0.016,-0.189,10.451,9.542,-0.0662,0.0314,0.0338,0.0553,-0.0012,-0.0047,25.1,25,16796,18629,2.1,2.329,6.299,6.986,35,35,4,4,0,0,0,0,-0.22757364,0.32408979,-0.22757364,0.32408979,-0.09409377,0.04403351,-0.09409377,0.04403351,0.66284371,0.63848917,0.00446559,-0.04084128,-0.00154094,0.08168256,0.90235,0.56935,0.38328526,0.40377072,0,0
2026-09-28T22:34:47.421691+09:00,29275436,eb6c2af2,2026-09-28T22:34:47.421691+09:00,2026-09-28T22:34:47.512659+09:00,rail-left-01,rail-right-01,0.6.7-draft,0.6.7-draft,mqtt,mqtt,57.18,45.69,6.594,6.498,-0.042,0.014,0.195,-0.464,10.403,9.479,-0.069,0.0374,0.0362,0.0586,-0.006,-0.0009,25.12,25,16745,18560,2.093,2.32,6.279,6.96,36,36,4,4,0,0,0,0,-0.22298537,0.31768865,-0.22298537,0.31768865,-0.09445578,0.05813351,-0.09445578,0.05813351,0.66360881,0.63143917,0.00431506,-0.03619038,-0.00150133,0.07238076,0.90235,0.56935,0.38330594,0.40358018,0,0
2026-09-28T22:34:47.440912+09:00,29294657,eb6c2af2,2026-09-28T22:34:47.440912+09:00,2026-09-28T22:34:47.531880+09:00,rail-left-01,rail-right-01,0.6.7-draft,0.6.7-draft,mqtt,mqtt,58.27,46.59,6.589,6.478,0.11,0.067,0.079,-0.079,10.373,9.531,-0.0697,0.0318,0.0389,0.0628,-0.0037,-0.0024,25.12,25.02,16732,18517,2.092,2.315,6.274,6.944,37,37,4,4,0,0,0,0,-0.21905881,0.3348008,-0.21905881,0.3348008,-0.09489281,0.07106208,-0.09489281,0.07106208,0.6643032,0.62497488,0.00417179,-0.03310988,-0.00147529,0.06621976,0.90235,0.56935,0.3833247,0.40340547,0,0
2026-09-28T22:34:47.460930+09:00,29314675,eb6c2af2,2026-09-28T22:34:47.460930+09:00,2026-09-28T22:34:47.551898+09:00,rail-left-01,rail-right-01,0.6.7-draft,0.6.7-draft,mqtt,mqtt,59.46,47.53,6.594,6.488,0.048,0,-0.153,-0.354,10.378,9.799,-0.0658,0.0328,0.0361,0.0589,-0.0079,-0.0011,25.14,25.02,16745,18539,2.093,2.317,6.279,6.952,38,38,4,4,0,0,0,0,-0.21585151,0.32312488,-0.21585151,0.32312488,-0.09522856,0.07950851,-0.09522856,0.07950851,0.66501675,0.62075167,0.00404441,-0.0281333,-0.00144013,0.0562666,0.90235,0.56935,0.38334399,0.40329132,0,0
2026-09-28T22:34:47.480888+09:00,29334633,eb6c2af2,2026-09-28T22:34:47.480888+09:00,2026-09-28T22:34:47.571856+09:00,rail-left-01,rail-right-01,0.6.7-draft,0.6.7-draft,mqtt,mqtt,60.61,48.48,6.595,6.498,0.012,0.055,-0.018,-0.278,10.283,9.561,-0.061,0.0322,0.0366,0.0564,-0.0084,-0.0056,25.13,25.02,16749,18562,2.094,2.32,6.281,6.961,39,39,4,4,0,0,0,0,-0.2133739,0.33192558,-0.2133739,0.33192558,-0.09553598,0.08496684,-0.09553598,0.08496684,0.66571459,0.6180225,0.00392712,-0.02316873,-0.00140516,0.04633745,0.90235,0.56935,0.38336285,0.40321756,0,0
2026-09-28T22:34:47.501271+09:00,29355016,eb6c2af2,2026-09-28T22:34:47.501271+09:00,2026-09-28T22:34:47.592239+09:00,rail-left-01,rail-right-01,0.6.7-draft,0.6.7-draft,mqtt,mqtt,61.8,49.42,6.606,6.483,0.085,0.066,0.099,-0.238,10.376,9.64,-0.0642,0.0321,0.0385,0.0558,-0.008,-0.0033,25.14,25.04,16774,18528,2.097,2.316,6.29,6.948,40,40,4,4,0,0,0,0,-0.21146049,0.34195594,-0.21146049,0.34195594,-0.09564983,0.09083351,-0.09564983,0.09083351,0.66648084,0.61508917,0.00382783,-0.02025287,-0.00135159,0.04050575,0.90235,0.56935,0.38338356,0.40313828,0,0
2026-09-28T22:34:47.646086+09:00,29548444,eb6c2af2,2026-09-28T22:34:47.646086+09:00,2026-09-28T22:34:47.692935+09:00,rail-left-01,rail-right-01,0.6.7-draft,0.6.7-draft,mqtt,mqtt,73.14,58.47,6.603,6.478,0.107,0.03,0.127,-0.121,10.404,9.825,-0.0634,0.033,0.0346,0.0617,-0.0005,-0.0015,25.12,25.02,16767,18516,2.096,2.315,6.288,6.944,41,41,5,5,0,0,0,0,0.32499682,0.15398757,0.32499682,0.15398757,0.09536078,0.21958589,0.09536078,0.21958589,0.6125528,0.65157012,-0.00769031,0.00540777,0.01479887,0.02126828,0.59735,0.82035,0.40306973,0.40412426,0,0
2026-09-28T22:34:47.666236+09:00,29568594,eb6c2af2,2026-09-28T22:34:47.666236+09:00,2026-09-28T22:34:47.713085+09:00,rail-left-01,rail-right-01,0.6.7-draft,0.6.7-draft,mqtt,mqtt,74.28,59.36,6.794,6.416,0.013,-0.01,0.054,-0.139,10.467,9.779,-0.0658,0.0304,0.029,0.053,0.0008,0.0019,25.13,25.01,17244,18378,2.156,2.297,6.467,6.892,42,42,5,5,0,0,0,0,0.30716802,0.14814591,0.30716802,0.14814591,0.11505017,0.2285426,0.11505017,0.2285426,0.6183975,0.65187099,-0.00055028,0.00461365,0.02162643,0.02041992,0.66035,0.82035,0.4032277,0.40413239,0,0
2026-09-28T22:34:47.686182+09:00,29588540,eb6c2af2,2026-09-28T22:34:47.686182+09:00,2026-09-28T22:34:47.733031+09:00,rail-left-01,rail-right-01,0.6.7-draft,0.6.7-draft,mqtt,mqtt,75.47,60.31,6.828,6.415,0.099,0.065,-0.075,-0.581,10.511,9.725,-0.0645,0.0345,0.0378,0.0573,-0.0091,-0.0087,25.11,25.01,17327,18376,2.166,2.297,6.498,6.891,43,43,5,5,0,0,0,0,0.28918244,0.15206846,0.28918244,0.15206846,0.13432582,0.23676394,0.13432582,0.23676394,0.62465071,0.65212395,0.00278598,0.00403924,0.0249948,0.01973987,0.70435,0.82035,0.4033967,0.40413922,0,0
2026-09-28T22:34:47.706176+09:00,29608534,eb6c2af2,2026-09-28T22:34:47.706176+09:00,2026-09-28T22:34:47.753025+09:00,rail-left-01,rail-right-01,0.6.7-draft,0.6.7-draft,mqtt,mqtt,76.67,61.25,6.837,6.41,0.104,0.03,0.026,-0.02,10.302,9.783,-0.0689,0.0316,0.0397,0.0598,-0.0077,-0.0097,25.14,25,17351,18366,2.169,2.296,6.507,6.887,44,44,5,5,0,0,0,0,0.2711492,0.15150928,0.2711492,0.15150928,0.15149065,0.24450851,0.15149065,0.24450851,0.63033203,0.65225167,0.00455211,0.00358072,0.02650989,0.01920631,0.70435,0.82035,0.40355025,0.40414268,0,0
2026-09-28T22:34:47.726221+09:00,29628579,eb6c2af2,2026-09-28T22:34:47.726221+09:00,2026-09-28T22:34:47.773070+09:00,rail-left-01,rail-right-01,0.6.7-draft,0.6.7-draft,mqtt,mqtt,77.81,62.2,6.831,6.415,0.029,0.001,0.206,-0.289,10.513,9.633,-0.0644,0.0317,0.0382,0.0592,-0.0049,-0.0049,25.11,25.01,17335,18377,2.167,2.297,6.501,6.891,45,45,5,5,0,0,0,0,0.25266019,0.14772945,0.25266019,0.14772945,0.16596684,0.25143351,0.16596684,0.25143351,0.63505584,0.65246917,0.00544566,0.00324349,0.02687253,0.0186798,0.70635,0.82035,0.40367792,0.40414855,0,0
2026-09-28T22:34:47.746232+09:00,29648590,eb6c2af2,2026-09-28T22:34:47.746232+09:00,2026-09-28T22:34:47.793081+09:00,rail-left-01,rail-right-01,0.6.7-draft,0.6.7-draft,mqtt,mqtt,79,63.14,6.824,6.411,-0.122,-0.05,0.012,-0.255,10.482,9.693,-0.0634,0.0358,0.039,0.0572,-0.0091,-0.0056,25.11,25.02,17318,18368,2.165,2.296,6.494,6.888,46,46,5,5,0,0,0,0,0.23284771,0.13865879,0.23284771,0.13865879,0.17819601,0.25797966,0.17819601,0.25797966,0.63897042,0.65259301,0.00587885,0.00295421,0.02662179,0.01823397,0.70635,0.82035,0.40378372,0.4041519,0,0
2026-09-28T22:34:47.766182+09:00,29668540,eb6c2af2,2026-09-28T22:34:47.766182+09:00,2026-09-28T22:34:47.813031+09:00,rail-left-01,rail-right-01,0.6.7-draft,0.6.7-draft,mqtt,mqtt,80.2,64.04,6.817,6.409,0.067,0.078,0.101,-0.3,10.54,9.603,-0.0622,0.0326,0.0396,0.0594,-0.008,-0.0065,25.14,25.02,17300,18364,2.163,2.296,6.488,6.887,47,47,5,5,0,0,0,0,0.2132794,0.14377983,0.2132794,0.14377983,0.18857468,0.26411499,0.18857468,0.26411499,0.64221858,0.65267065,0.00604638,0.00270815,0.02602804,0.01783558,0.73335,0.82035,0.40387151,0.404154,0,0
2026-09-28T22:34:47.786136+09:00,29688494,eb6c2af2,2026-09-28T22:34:47.786136+09:00,2026-09-28T22:34:47.832985+09:00,rail-left-01,rail-right-01,0.6.7-draft,0.6.7-draft,mqtt,mqtt,81.39,64.98,6.818,6.403,-0.017,-0.006,0.016,-0.056,10.439,9.822,-0.0592,0.035,0.0373,0.0592,-0.0071,-0.0049,25.11,25.01,17302,18351,2.163,2.294,6.488,6.882,48,48,5,5,0,0,0,0,0.19355308,0.13995603,0.19355308,0.13995603,0.19785573,0.27002636,0.19785573,0.27002636,0.64513361,0.6526356,0.00611569,0.00248029,0.02536709,0.0174973,0.73335,0.82035,0.4039503,0.40415305,0,0
2026-09-28T22:34:47.806105+09:00,29708463,eb6c2af2,2026-09-28T22:34:47.806105+09:00,2026-09-28T22:34:47.852954+09:00,rail-left-01,rail-right-01,0.6.7-draft,0.6.7-draft,mqtt,mqtt,82.58,65.93,6.808,6.41,0.047,0.037,0.166,-0.326,10.627,9.771,-0.0613,0.0344,0.0386,0.0584,-0.0084,-0.0019,25.11,24.98,17279,18366,2.16,2.296,6.48,6.887,49,49,5,5,0,0,0,0,0.17410239,0.14059717,0.17410239,0.14059717,0.20563351,0.27528868,0.20563351,0.27528868,0.64747864,0.65272365,0.0060401,0.00230753,0.02450979,0.01712312,0.82035,0.82035,0.40401367,0.40415543,0,0
2026-09-28T22:34:47.826217+09:00,29728575,eb6c2af2,2026-09-28T22:34:47.826217+09:00,2026-09-28T22:34:47.873066+09:00,rail-left-01,rail-right-01,0.6.7-draft,0.6.7-draft,mqtt,mqtt,83.78,66.82,6.812,6.416,0.019,0.01,-0.09,-0.268,10.466,9.595,-0.0657,0.034,0.0394,0.0593,-0.0099,-0.006,25.12,25.01,17287,18380,2.161,2.298,6.483,6.893,50,50,5,5,0,0,0,0,0.15476889,0.13867147,0.15476889,0.13867147,0.21283351,0.28000017,0.21283351,0.28000017,0.64968917,0.65290584,0.00596097,0.00217544,0.0237155,0.01673236,0.82035,0.82035,0.40407342,0.40416036,0,0
2026-09-28T22:34:47.961290+09:00,29829443,eb6c2af2,2026-09-28T22:34:47.961290+09:00,2026-09-28T22:34:48.011913+09:00,rail-left-01,rail-right-01,0.6.7-draft,0.6.7-draft,mqtt,mqtt,89.79,71.54,6.813,6.424,-0.065,0.001,0.201,-0.28,10.436,9.95,-0.0663,0.034,0.0356,0.0569,-0.0085,-0.0017,25.11,25,17290,18397,2.161,2.3,6.484,6.899,51,51,6,6,0,0,0,0,0.12589605,0.01104431,0.12589605,0.01104431,0.28443996,0.28943839,0.28443996,0.28943839,0.65309239,0.64090868,0.00200615,-0.00049464,0.01602945,0.00821543,0.82035,1.06735,0.4041654,0.40383611,0,0
2026-09-28T22:34:47.981406+09:00,29849559,eb6c2af2,2026-09-28T22:34:47.981406+09:00,2026-09-28T22:34:48.032029+09:00,rail-left-01,rail-right-01,0.6.7-draft,0.6.7-draft,mqtt,mqtt,90.98,72.49,6.731,6.404,0.172,0.102,0.019,-0.22,10.408,9.767,-0.0653,0.0333,0.0452,0.0638,-0.0087,-0.0079,25.12,25,17086,18353,2.136,2.294,6.407,6.882,52,52,6,6,0,0,0,0,0.11305107,0.03051963,0.11305107,0.03051963,0.28603976,0.28968113,0.28603976,0.28968113,0.65198604,0.63964155,0.00161992,-0.0006527,0.01492102,0.00771727,0.82035,1.06735,0.4041355,0.40380186,0,0
2026-09-28T22:34:48.001336+09:00,29869489,eb6c2af2,2026-09-28T22:34:48.001336+09:00,2026-09-28T22:34:48.051959+09:00,rail-left-01,rail-right-01,0.6.7-draft,0.6.7-draft,mqtt,mqtt,92.18,73.43,6.688,6.413,-0.103,-0.073,0.06,-0.176,10.874,9.658,-0.067,0.0346,0.0405,0.0556,-0.0084,-0.0057,25.14,25,16980,18373,2.123,2.297,6.368,6.89,53,53,6,6,0,0,0,0,0.09935291,0.03765593,0.09935291,0.03765593,0.28623957,0.28970328,0.28623957,0.28970328,0.65029523,0.63853801,0.00118037,-0.00077228,0.01372832,0.00724693,1.06735,1.06735,0.4040898,0.40377204,0,0
2026-09-28T22:34:48.021450+09:00,29889603,eb6c2af2,2026-09-28T22:34:48.021450+09:00,2026-09-28T22:34:48.072073+09:00,rail-left-01,rail-right-01,0.6.7-draft,0.6.7-draft,mqtt,mqtt,93.37,74.38,6.697,6.422,0.062,0.041,0.184,-0.202,10.313,9.631,-0.0666,0.0309,0.038,0.0572,-0.0085,-0.0047,25.13,25.03,17001,18392,2.125,2.299,6.375,6.897,54,54,6,6,0,0,0,0,0.08549655,0.051833,0.08549655,0.051833,0.28669233,0.28951987,0.28669233,0.28951987,0.64883623,0.6375869,0.00083525,-0.00086042,0.01274345,0.00679988,1.06735,1.06735,0.40405037,0.40374633,0,0
2026-09-28T22:34:48.041315+09:00,29909468,eb6c2af2,2026-09-28T22:34:48.041315+09:00,2026-09-28T22:34:48.091938+09:00,rail-left-01,rail-right-01,0.6.7-draft,0.6.7-draft,mqtt,mqtt,94.61,75.27,6.686,6.425,0.022,0.028,-0.057,-0.139,10.411,9.404,-0.0674,0.034,0.0453,0.061,-0.0073,-0.0065,25.13,25.03,16974,18400,2.122,2.3,6.365,6.9,55,55,6,6,0,0,0,0,0.07130213,0.0647178,0.07130213,0.0647178,0.28680494,0.28927795,0.28680494,0.28927795,0.64730345,0.63671139,0.00051654,-0.00093156,0.01182564,0.00639213,1.06735,1.06735,0.40400894,0.40372267,0,0
2026-09-28T22:34:48.061520+09:00,29929673,eb6c2af2,2026-09-28T22:34:48.061520+09:00,2026-09-28T22:34:48.112143+09:00,rail-left-01,rail-right-01,0.6.7-draft,0.6.7-draft,mqtt,mqtt,95.81,76.22,6.7,6.441,-0.047,-0.002,0.166,-0.475,10.206,9.506,-0.0739,0.0345,0.034,0.0544,-0.006,-0.0012,25.12,25.02,17010,18435,2.126,2.304,6.379,6.913,56,56,6,6,0,0,0,0,0.05678267,0.07510974,0.05678267,0.07510974,0.28730017,0.28869873,0.28730017,0.28869873,0.64605028,0.63604786,0.00027689,-0.00096991,0.01107971,0.00597925,1.06735,1.06735,0.40397507,0.40370473,0,0
2026-09-28T22:34:48.081303+09:00,29949456,eb6c2af2,2026-09-28T22:34:48.081303+09:00,2026-09-28T22:34:48.131926+09:00,rail-left-01,rail-right-01,0.6.7-draft,0.6.7-draft,mqtt,mqtt,97,77.16,6.719,6.437,0.075,0.079,-0.183,-0.317,10.382,9.87,-0.0727,0.0341,0.038,0.0588,-0.0065,-0.0053,25.12,25,17056,18425,2.132,2.303,6.396,6.909,57,57,6,6,0,0,0,0,0.0423295,0.08968842,0.0423295,0.08968842,0.28828216,0.28822925,0.28828216,0.28822925,0.6451216,0.63537002,0.00011207,-0.00100802,0.01049581,0.00561759,1.06735,1.06735,0.40394997,0.40368641,0,0
2026-09-28T22:34:48.101422+09:00,29969575,eb6c2af2,2026-09-28T22:34:48.101422+09:00,2026-09-28T22:34:48.152045+09:00,rail-left-01,rail-right-01,0.6.7-draft,0.6.7-draft,mqtt,mqtt,98.19,78.11,6.715,6.443,-0.107,-0.078,0.431,-0.145,10.558,9.893,-0.0666,0.033,0.0392,0.0606,-0.0072,-0.0041,25.13,25.01,17046,18439,2.131,2.305,6.392,6.915,58,58,6,6,0,0,0,0,0.02740665,0.09447595,0.02740665,0.09447595,0.28910719,0.28765434,0.28910719,0.28765434,0.64418917,0.63478292,-0.00003803,-0.00103281,0.00995226,0.00527353,1.06735,1.06735,0.40392477,0.40367055,0,0
2026-09-28T22:34:48.121362+09:00,29989515,eb6c2af2,2026-09-28T22:34:48.121362+09:00,2026-09-28T22:34:48.171985+09:00,rail-left-01,rail-right-01,0.6.7-draft,0.6.7-draft,mqtt,mqtt,99.39,79.05,6.709,6.442,0.005,0.072,-0.057,-0.247,10.457,9.822,-0.0654,0.0333,0.0372,0.0565,-0.0085,-0.0031,25.11,25.01,17031,18437,2.129,2.305,6.387,6.914,59,59,6,6,0,0,0,0,0.01244797,0.10769921,0.01244797,0.10769921,0.28973607,0.2871233,0.28973607,0.2871233,0.64322763,0.63420958,-0.00017944,-0.00105498,0.00943559,0.00496268,1.06735,1.06735,0.40389878,0.40365505,0,0
2026-09-28T22:34:48.141471+09:00,30009624,eb6c2af2,2026-09-28T22:34:48.141471+09:00,2026-09-28T22:34:48.192094+09:00,rail-left-01,rail-right-01,0.6.7-draft,0.6.7-draft,mqtt,mqtt,100.63,79.95,6.683,6.437,0.192,0.08,0.006,-0.341,10.551,9.665,-0.0683,0.033,0.0486,0.0637,-0.008,-0.0064,25.13,25.01,16966,18426,2.121,2.303,6.362,6.91,60,60,6,6,0,0,0,0,-0.002164,0.12096224,-0.002164,0.12096224,0.28968351,0.28671351,0.28968351,0.28671351,0.64198917,0.63360917,-0.0003499,-0.00107969,0.00886853,0.00469087,1.06735,1.06735,0.40386531,0.40363882,0,0
2026-09-28T22:34:48.284367+09:00,30148450,eb6c2af2,2026-09-28T22:34:48.284367+09:00,2026-09-28T22:34:48.333278+09:00,rail-left-01,rail-right-01,0.6.7-draft,0.6.7-draft,mqtt,mqtt,108.98,86.51,6.671,6.452,-0.029,-0.006,0.119,-0.368,10.372,9.656,-0.0634,0.0349,0.0421,0.0577,-0.0111,-0.0107,25.1,24.99,16937,18458,2.117,2.307,6.351,6.922,61,61,7,7,0,0,0,0,0.12437641,0.49317539,0.12437641,0.49317539,0.28608449,0.05363351,0.28608449,0.05363351,0.63291466,0.51268917,-0.00110989,0,0.00431761,0,1.06735,0.51935,0.40362005,0.37768195,0,0
2026-09-28T22:34:48.304484+09:00,30168567,eb6c2af2,2026-09-28T22:34:48.304484+09:00,2026-09-28T22:34:48.353395+09:00,rail-left-01,rail-right-01,0.6.7-draft,0.6.7-draft,mqtt,mqtt,110.18,87.45,6.559,6.494,-0.092,-0.074,0.116,-0.235,10.417,9.639,-0.0614,0.0344,0.0441,0.0585,-0.0087,-0.0015,25.11,25,16659,18552,2.082,2.319,6.247,6.957,62,62,7,7,0,0,0,0,0.12626579,0.39581653,0.12626579,0.39581653,0.28332582,0.03263351,0.28332582,0.03263351,0.63116994,0.52318917,-0.00127866,0.04468085,0.00369671,-0.0893617,1.06735,0.51935,0.4035729,0.37796574,0,0
2026-09-28T22:34:48.324425+09:00,30188508,eb6c2af2,2026-09-28T22:34:48.324425+09:00,2026-09-28T22:34:48.373336+09:00,rail-left-01,rail-right-01,0.6.7-draft,0.6.7-draft,mqtt,mqtt,111.37,88.35,6.553,6.508,0.026,0.054,-0.049,-0.28,10.405,9.7,-0.0636,0.033,0.0364,0.058,-0.01,-0.0065,25.12,24.99,16644,18583,2.081,2.323,6.242,6.969,63,63,7,7,0,0,0,0,0.12710418,0.48512383,0.12710418,0.48512383,0.28055804,0.02096684,0.28055804,0.02096684,0.62943445,0.5290225,-0.00143241,0.03054024,0.0031312,-0.06108049,1.06735,0.51935,0.40352599,0.3781234,0,0
2026-09-28T22:34:48.344544+09:00,30208627,eb6c2af2,2026-09-28T22:34:48.344544+09:00,2026-09-28T22:34:48.393455+09:00,rail-left-01,rail-right-01,0.6.7-draft,0.6.7-draft,mqtt,mqtt,112.61,89.29,6.539,6.5,0.025,-0.04,0.153,-0.324,10.652,10.013,-0.0654,0.0313,0.0401,0.0609,-0.0092,-0.0037,25.11,25,16609,18566,2.076,2.321,6.228,6.962,64,64,7,7,0,0,0,0,0.1269363,0.46102927,0.1269363,0.46102927,0.27763351,0.01713351,0.27763351,0.01713351,0.62763361,0.53093917,-0.00158263,0.01710391,0.00259395,-0.03420781,1.06735,0.51935,0.40347732,0.3781752,0,0
2026-09-28T22:34:48.364458+09:00,30228541,eb6c2af2,2026-09-28T22:34:48.364458+09:00,2026-09-28T22:34:48.413369+09:00,rail-left-01,rail-right-01,0.6.7-draft,0.6.7-draft,mqtt,mqtt,113.81,90.24,6.53,6.516,0.145,0.11,-0.031,-0.158,10.503,9.883,-0.0645,0.0338,0.0384,0.0592,-0.0075,-0.0063,25.13,24.99,16585,18601,2.073,2.325,6.219,6.975,65,65,7,7,0,0,0,0,0.12611898,0.53211767,0.12611898,0.53211767,0.27465169,0.01163351,0.27465169,0.01163351,0.62581644,0.53368917,-0.00172389,0.0143936,0.00209351,-0.02878719,1.06735,0.51935,0.40342821,0.37824952,0,0
2026-09-28T22:34:48.384488+09:00,30248571,eb6c2af2,2026-09-28T22:34:48.384488+09:00,2026-09-28T22:34:48.433399+09:00,rail-left-01,rail-right-01,0.6.7-draft,0.6.7-draft,mqtt,mqtt,115,91.18,6.529,6.523,-0.037,-0.041,0.069,-0.224,10.359,9.9,-0.0644,0.034,0.0422,0.0581,-0.008,-0.0047,25.12,24.99,16584,18616,2.073,2.327,6.219,6.981,66,66,7,7,0,0,0,0,0.12431576,0.50811218,0.12431576,0.50811218,0.27175851,0.00680017,0.27175851,0.00680017,0.62405524,0.53610584,-0.0018487,0.01262911,0.00164258,-0.02525822,1.06735,0.51935,0.40338061,0.37831484,0,0
2026-09-28T22:34:48.404543+09:00,30268626,eb6c2af2,2026-09-28T22:34:48.404543+09:00,2026-09-28T22:34:48.453454+09:00,rail-left-01,rail-right-01,0.6.7-draft,0.6.7-draft,mqtt,mqtt,116.19,92.13,6.507,6.529,0.014,0.04,0.049,-0.498,10.599,9.703,-0.0658,0.0296,0.0456,0.0621,-0.0123,-0.0108,25.1,24.99,16528,18629,2.066,2.329,6.198,6.986,67,67,7,7,0,0,0,0,0.1216794,0.52460974,0.1216794,0.52460974,0.26858088,0.00249065,0.26858088,0.00249065,0.62216285,0.5382606,-0.00198072,0.01131463,0.00119182,-0.02262926,1.06735,0.51935,0.40332946,0.37837307,0,0
2026-09-28T22:34:48.424472+09:00,30288555,eb6c2af2,2026-09-28T22:34:48.424472+09:00,2026-09-28T22:34:48.473383+09:00,rail-left-01,rail-right-01,0.6.7-draft,0.6.7-draft,mqtt,mqtt,117.43,93.07,6.492,6.542,0.035,0.036,-0.139,-0.055,10.47,9.525,-0.0621,0.0338,0.0408,0.0616,-0.0067,-0.0103,25.13,24.99,16492,18659,2.062,2.332,6.185,6.997,68,68,7,7,0,0,0,0,0.11837814,0.53623884,0.11837814,0.53623884,0.2652542,-0.00236649,0.2652542,-0.00236649,0.62020641,0.54068917,-0.00211183,0.01098309,0.00075535,-0.02196618,1.06735,0.51935,0.40327659,0.37843871,0,0
2026-09-28T22:34:48.444424+09:00,30308507,eb6c2af2,2026-09-28T22:34:48.444424+09:00,2026-09-28T22:34:48.493335+09:00,rail-left-01,rail-right-01,0.6.7-draft,0.6.7-draft,mqtt,mqtt,118.63,94.02,6.485,6.549,-0.15,-0.113,0.196,-0.317,10.569,9.813,-0.0649,0.0269,0.036,0.0568,-0.01,-0.0033,25.12,24.99,16473,18673,2.059,2.334,6.177,7.002,69,69,7,7,0,0,0,0,0.11417646,0.49720401,0.11417646,0.49720401,0.26192164,-0.00692205,0.26192164,-0.00692205,0.61825697,0.54296695,-0.00223429,0.01058436,0.00034767,-0.02116872,1.06735,0.51935,0.4032239,0.37850027,0,0
2026-09-28T22:34:48.464665+09:00,30328748,eb6c2af2,2026-09-28T22:34:48.464665+09:00,2026-09-28T22:34:48.513576+09:00,rail-left-01,rail-right-01,0.6.7-draft,0.6.7-draft,mqtt,mqtt,119.82,94.96,6.485,6.547,0.178,0.124,0.053,-0.069,10.326,9.815,-0.0622,0.0297,0.0376,0.0554,-0.0081,-0.0064,25.14,24.99,16475,18670,2.059,2.334,6.178,7.001,70,70,7,7,0,0,0,0,0.10973737,0.53338813,0.10973737,0.53338813,0.25870017,-0.01036649,0.25870017,-0.01036649,0.6163725,0.54468917,-0.0023426,0.00968751,-0.00002139,-0.01937503,1.06735,0.51935,0.40317297,0.37854682,0,0
2026-09-28T22:34:48.606037+09:00,30469560,eb6c2af2,2026-09-28T22:34:48.606037+09:00,2026-09-28T22:34:48.707114+09:00,rail-left-01,rail-right-01,0.6.7-draft,0.6.7-draft,mqtt,mqtt,128.42,101.52,6.49,6.552,-0.047,-0.016,0.194,-0.178,10.256,9.64,-0.0646,0.025,0.0352,0.0488,-0.006,-0.0039,25.1,25,16487,18680,2.061,2.335,6.183,7.005,71,71,8,8,0,0,0,0,0.52417946,0.36003134,0.52417946,0.36003134,-0.01273013,-0.09017602,-0.01273013,-0.09017602,0.54632553,0.5212606,0.00505631,-0.00424391,-0.00906469,-0.01535833,0.51935,0.67235,0.37859104,0.37791361,0,0
2026-09-28T22:34:48.626161+09:00,30489684,eb6c2af2,2026-09-28T22:34:48.626161+09:00,2026-09-28T22:34:48.727238+09:00,rail-left-01,rail-right-01,0.6.7-draft,0.6.7-draft,mqtt,mqtt,129.67,102.47,6.377,6.519,-0.029,0.007,0.187,-0.342,10.333,9.317,-0.0632,0.0229,0.0381,0.0542,-0.0111,-0.0105,25.13,24.99,16205,18607,2.026,2.326,6.077,6.978,72,72,8,8,0,0,0,0,0.51166527,0.35080582,0.51166527,0.35080582,-0.02411649,-0.09332104,-0.02411649,-0.09332104,0.54298084,0.51907553,0.00046701,-0.0042909,-0.01398548,-0.01398152,0.52635,0.67235,0.37850065,0.37785456,0,0
2026-09-28T22:34:48.646114+09:00,30509637,eb6c2af2,2026-09-28T22:34:48.646114+09:00,2026-09-28T22:34:48.747191+09:00,rail-left-01,rail-right-01,0.6.7-draft,0.6.7-draft,mqtt,mqtt,130.86,103.41,6.352,6.466,-0.025,0.065,0.014,-0.061,10.463,9.736,-0.0648,0.0261,0.0312,0.0492,-0.0084,-0.0083,25.13,25,16143,18489,2.018,2.311,6.054,6.933,73,73,8,8,0,0,0,0,0.49713633,0.3494224,0.49713633,0.3494224,-0.03567418,-0.09388823,-0.03567418,-0.09388823,0.53918917,0.5159283,-0.00189731,-0.00463664,-0.01665511,-0.01225981,0.65635,0.67235,0.37839817,0.3777695,0,0
2026-09-28T22:34:48.666104+09:00,30529627,eb6c2af2,2026-09-28T22:34:48.666104+09:00,2026-09-28T22:34:48.767181+09:00,rail-left-01,rail-right-01,0.6.7-draft,0.6.7-draft,mqtt,mqtt,132.1,104.36,6.358,6.441,0.048,0.044,0.164,-0.417,10.446,9.749,-0.0669,0.0344,0.0378,0.0572,-0.0105,-0.0101,25.12,24.99,16157,18435,2.02,2.304,6.059,6.913,74,74,8,8,0,0,0,0,0.48146638,0.34565523,0.48146638,0.34565523,-0.04515221,-0.09336649,-0.04515221,-0.09336649,0.53615345,0.5125225,-0.00295609,-0.00500564,-0.0174396,-0.01065329,0.65635,0.67235,0.37831612,0.37767745,0,0
2026-09-28T22:34:48.686659+09:00,30550182,eb6c2af2,2026-09-28T22:34:48.686659+09:00,2026-09-28T22:34:48.787736+09:00,rail-left-01,rail-right-01,0.6.7-draft,0.6.7-draft,mqtt,mqtt,133.34,105.3,6.379,6.433,-0.11,-0.18,0.17,-0.198,10.37,9.736,-0.065,0.0309,0.0333,0.0597,-0.012,-0.0091,25.11,24.99,16211,18417,2.026,2.302,6.079,6.906,75,75,8,8,0,0,0,0,0.46391457,0.3166772,0.46391457,0.3166772,-0.05196649,-0.09256649,-0.05196649,-0.09256649,0.5342225,0.50922917,-0.00321613,-0.00530149,-0.01697084,-0.0093062,0.65635,0.67235,0.37826394,0.37758844,0,0
2026-09-28T22:34:48.706657+09:00,30570180,eb6c2af2,2026-09-28T22:34:48.706657+09:00,2026-09-28T22:34:48.807734+09:00,rail-left-01,rail-right-01,0.6.7-draft,0.6.7-draft,mqtt,mqtt,134.59,106.25,6.366,6.418,0.16,0.205,0.133,-0.256,10.479,9.596,-0.0641,0.0316,0.038,0.0578,-0.0087,0.0019,25.11,25.01,16177,18384,2.022,2.298,6.066,6.894,76,76,8,8,0,0,0,0,0.44674373,0.33229422,0.44674373,0.33229422,-0.05874149,-0.09125111,-0.05874149,-0.09125111,0.53212667,0.50590071,-0.0034936,-0.00557739,-0.0167313,-0.00807992,0.67235,0.67235,0.37820729,0.37749848,0,0
2026-09-28T22:34:48.726049+09:00,30589572,eb6c2af2,2026-09-28T22:34:48.726049+09:00,2026-09-28T22:34:48.827126+09:00,rail-left-01,rail-right-01,0.6.7-draft,0.6.7-draft,mqtt,mqtt,135.73,107.19,6.35,6.419,-0.051,-0.107,-0.028,-0.162,10.357,9.803,-0.0621,0.0301,0.0416,0.0609,-0.0081,-0.0061,25.12,25,16139,18385,2.017,2.298,6.052,6.894,77,77,8,8,0,0,0,0,0.42858137,0.31367889,0.42858137,0.31367889,-0.06566061,-0.0900702,-0.06566061,-0.0900702,0.52980682,0.50283732,-0.00380963,-0.00577034,-0.01670953,-0.00708193,0.67235,0.67235,0.37814459,0.37741569,0,0
2026-09-28T22:34:48.746181+09:00,30609704,eb6c2af2,2026-09-28T22:34:48.746181+09:00,2026-09-28T22:34:48.847258+09:00,rail-left-01,rail-right-01,0.6.7-draft,0.6.7-draft,mqtt,mqtt,136.97,108.14,6.331,6.419,0.144,0.206,-0.001,-0.447,10.475,9.84,-0.0614,0.0314,0.0396,0.0597,-0.0132,-0.0097,25.11,24.97,16090,18386,2.011,2.298,6.034,6.895,78,78,8,8,0,0,0,0,0.41084152,0.32807724,0.41084152,0.32807724,-0.07286649,-0.08897364,-0.07286649,-0.08897364,0.52721695,0.49999274,-0.00417004,-0.00590518,-0.01685947,-0.00624802,0.67235,0.67235,0.3780746,0.37733881,0,0
2026-09-28T22:34:48.766124+09:00,30629647,eb6c2af2,2026-09-28T22:34:48.766124+09:00,2026-09-28T22:34:48.867201+09:00,rail-left-01,rail-right-01,0.6.7-draft,0.6.7-draft,mqtt,mqtt,138.22,109.03,6.324,6.426,-0.093,-0.066,-0.056,-0.347,10.436,9.542,-0.0616,0.0317,0.0397,0.0541,-0.0047,-0.0019,25.12,25,16073,18402,2.009,2.3,6.027,6.901,79,79,8,8,0,0,0,0,0.39217555,0.31488005,0.39217555,0.31488005,-0.07968228,-0.08819408,-0.07968228,-0.08819408,0.52471548,0.49746503,-0.00444892,-0.00597145,-0.01690818,-0.00559506,0.67235,0.67235,0.37800699,0.37727049,0,0
2026-09-28T22:34:48.786101+09:00,30649624,eb6c2af2,2026-09-28T22:34:48.786101+09:00,2026-09-28T22:34:48.887178+09:00,rail-left-01,rail-right-01,0.6.7-draft,0.6.7-draft,mqtt,mqtt,139.41,109.98,6.339,6.429,0.047,0.069,0.028,-0.323,10.381,9.723,-0.0629,0.0316,0.0392,0.0518,-0.0127,-0.0088,25.13,24.97,16111,18408,2.014,2.301,6.042,6.903,80,80,8,8,0,0,0,0,0.37359715,0.3154038,0.37359715,0.3154038,-0.08506649,-0.08756649,-0.08506649,-0.08756649,0.52283917,0.49515584,-0.004499,-0.00599734,-0.01655381,-0.00505373,0.67235,0.67235,0.37795628,0.37720808,0,0
2026-09-28T22:34:48.933400+09:00,30842498,eb6c2af2,2026-09-28T22:34:48.933400+09:00,2026-09-28T22:34:49.018621+09:00,rail-left-01,rail-right-01,0.6.7-draft,0.6.7-draft,mqtt,mqtt,151.14,119.08,6.344,6.434,0.169,0.163,0.186,-0.363,10.447,9.694,-0.0562,0.037,0.0376,0.0525,-0.0121,-0.0077,25.15,25,16122,18420,2.015,2.303,6.046,6.908,81,81,9,9,0,0,0,0,0.30902945,0.22481892,0.30902945,0.22481892,-0.08681811,-0.06297625,-0.08681811,-0.06297625,0.49307627,0.48716478,-0.00569939,-0.0028948,-0.00412814,0.00146749,0.67235,0.76235,0.37715188,0.37699211,0,0
2026-09-28T22:34:48.953562+09:00,30862660,eb6c2af2,2026-09-28T22:34:48.953562+09:00,2026-09-28T22:34:49.038783+09:00,rail-left-01,rail-right-01,0.6.7-draft,0.6.7-draft,mqtt,mqtt,152.39,120.02,6.28,6.308,-0.067,-0.043,0.224,-0.274,9.85,9.374,-0.0663,0.0318,0.0272,0.0472,-0.0049,-0.0095,25.11,25,15964,18139,1.996,2.267,5.987,6.802,82,82,9,9,0,0,0,0,0.30154722,0.21164063,0.30154722,0.21164063,-0.08811649,-0.05872364,-0.08811649,-0.05872364,0.49012667,0.48508203,-0.00569973,-0.00299431,-0.00392322,0.00205476,0.67235,0.76235,0.37707216,0.37693581,0,0
2026-09-28T22:34:48.973499+09:00,30882597,eb6c2af2,2026-09-28T22:34:48.973499+09:00,2026-09-28T22:34:49.058720+09:00,rail-left-01,rail-right-01,0.6.7-draft,0.6.7-draft,mqtt,mqtt,153.58,120.96,6.405,6.278,0.144,0.067,-0.104,-0.375,10.569,9.509,-0.0613,0.0366,0.0332,0.0509,-0.0092,-0.0089,25.09,25.01,16276,18072,2.035,2.259,6.104,6.777,83,83,9,9,0,0,0,0,0.29372166,0.20645237,0.29372166,0.20645237,-0.08554831,-0.05397114,-0.08554831,-0.05397114,0.48924977,0.48274731,-0.00525054,-0.00312586,-0.00290009,0.00264295,0.76235,0.76235,0.37704846,0.37687271,0,0
2026-09-28T22:34:48.993469+09:00,30902567,eb6c2af2,2026-09-28T22:34:48.993469+09:00,2026-09-28T22:34:49.078690+09:00,rail-left-01,rail-right-01,0.6.7-draft,0.6.7-draft,mqtt,mqtt,154.82,121.91,6.47,6.269,0.051,-0.012,-0.066,-0.097,10.235,10.053,-0.059,0.0369,0.0321,0.0542,-0.0132,-0.006,25.11,25,16436,18052,2.055,2.257,6.164,6.769,84,84,9,9,0,0,0,0,0.28533912,0.19650141,0.28533912,0.19650141,-0.08121943,-0.04923013,-0.08121943,-0.04923013,0.48938035,0.48041644,-0.00468107,-0.00324567,-0.00169327,0.00315913,0.76235,0.76235,0.37705199,0.37680972,0,0
2026-09-28T22:34:49.013503+09:00,30922601,eb6c2af2,2026-09-28T22:34:49.013503+09:00,2026-09-28T22:34:49.098724+09:00,rail-left-01,rail-right-01,0.6.7-draft,0.6.7-draft,mqtt,mqtt,156.02,122.85,6.483,6.262,0.12,0.14,0.384,-0.166,10.463,9.724,-0.0609,0.0288,0.0364,0.056,-0.0103,-0.0025,25.1,24.99,16470,18038,2.059,2.255,6.176,6.764,85,85,9,9,0,0,0,0,0.27662586,0.19647893,0.27662586,0.19647893,-0.07676649,-0.04454427,-0.07676649,-0.04454427,0.48968917,0.47811139,-0.00417678,-0.00335299,-0.00065668,0.00361198,0.76235,0.76235,0.37706033,0.37674742,0,0
2026-09-28T22:34:49.033504+09:00,30942602,eb6c2af2,2026-09-28T22:34:49.033504+09:00,2026-09-28T22:34:49.118725+09:00,rail-left-01,rail-right-01,0.6.7-draft,0.6.7-draft,mqtt,mqtt,157.21,123.8,6.466,6.269,-0.16,-0.072,0.113,-0.393,10.455,9.57,-0.0581,0.0352,0.0446,0.0596,-0.014,-0.0059,25.12,25,16427,18053,2.053,2.257,6.16,6.77,86,86,9,9,0,0,0,0,0.26666624,0.18333266,0.26666624,0.18333266,-0.07303316,-0.04021432,-0.07303316,-0.04021432,0.48974472,0.47598265,-0.00380022,-0.00342942,0.00009542,0.00397245,0.76235,0.76235,0.37706183,0.37668989,0,0
2026-09-28T22:34:49.053544+09:00,30962642,eb6c2af2,2026-09-28T22:34:49.053544+09:00,2026-09-28T22:34:49.138765+09:00,rail-left-01,rail-right-01,0.6.7-draft,0.6.7-draft,mqtt,mqtt,158.45,124.74,6.445,6.274,0.099,0.08,-0.095,-0.134,10.378,9.685,-0.0596,0.0353,0.0398,0.0574,-0.0115,-0.004,25.09,24.99,16374,18063,2.047,2.258,6.14,6.774,87,87,9,9,0,0,0,0,0.25646251,0.17997554,0.25646251,0.17997554,-0.0700692,-0.036175,-0.0700692,-0.036175,0.48951349,0.47399768,-0.00352968,-0.00348376,0.00061281,0.00426371,0.76235,0.76235,0.37705558,0.37663624,0,0
2026-09-28T22:34:49.073506+09:00,30982604,eb6c2af2,2026-09-28T22:34:49.073506+09:00,2026-09-28T22:34:49.158727+09:00,rail-left-01,rail-right-01,0.6.7-draft,0.6.7-draft,mqtt,mqtt,159.65,125.69,6.426,6.26,0.019,0.008,-0.025,-0.217,10.406,9.924,-0.0608,0.0274,0.0366,0.0588,-0.0109,-0.0119,25.11,25,16326,18032,2.041,2.254,6.122,6.762,88,88,9,9,0,0,0,0,0.24588161,0.17254391,0.24588161,0.17254391,-0.06776123,-0.03201233,-0.06776123,-0.03201233,0.48904443,0.47194959,-0.00333759,-0.00354507,0.00095676,0.00454831,0.76235,0.76235,0.37704291,0.37658088,0,0
2026-09-28T22:34:49.093664+09:00,31002762,eb6c2af2,2026-09-28T22:34:49.093664+09:00,2026-09-28T22:34:49.178885+09:00,rail-left-01,rail-right-01,0.6.7-draft,0.6.7-draft,mqtt,mqtt,160.89,126.63,6.417,6.272,0.095,0.124,0.209,-0.312,10.533,9.653,-0.0632,0.035,0.0385,0.0585,-0.0088,-0.0059,25.09,25,16305,18059,2.038,2.257,6.114,6.772,89,89,9,9,0,0,0,0,0.23516368,0.17209787,0.23516368,0.17209787,-0.06580239,-0.02826445,-0.06580239,-0.02826445,0.48848404,0.47010754,-0.003186,-0.00357956,0.00120628,0.00476203,0.76235,0.76235,0.37702776,0.3765311,0,0
2026-09-28T22:34:49.113659+09:00,31022757,eb6c2af2,2026-09-28T22:34:49.113659+09:00,2026-09-28T22:34:49.198880+09:00,rail-left-01,rail-right-01,0.6.7-draft,0.6.7-draft,mqtt,mqtt,162.08,127.58,6.403,6.268,-0.071,-0.099,-0.001,-0.345,10.499,9.737,-0.0673,0.031,0.0374,0.0562,-0.0095,-0.0099,25.12,24.99,16270,18050,2.034,2.256,6.101,6.769,90,90,9,9,0,0,0,0,0.2239134,0.15902946,0.2239134,0.15902946,-0.06429149,-0.02458649,-0.06429149,-0.02458649,0.48777667,0.46829917,-0.00307737,-0.00361066,0.00136032,0.00495446,0.76235,0.76235,0.37700864,0.37648222,0,0
2026-09-28T22:34:49.249492+09:00,31155443,eb6c2af2,2026-09-28T22:34:49.249492+09:00,2026-09-28T22:34:49.334253+09:00,rail-left-01,rail-right-01,0.6.7-draft,0.6.7-draft,mqtt,mqtt,170.19,133.84,6.409,6.262,-0.089,-0.071,0.057,-0.357,10.318,9.711,-0.0741,0.036,0.0388,0.0542,-0.0117,-0.0119,25.12,25.01,16285,18037,2.036,2.255,6.107,6.764,91,91,10,10,0,0,0,0,0.14053988,-0.8534466,0.14053988,-0.8534466,-0.02093512,0.2875224,-0.02093512,0.2875224,0.46662054,0.44496695,-0.0035965,0.00033118,0.00511326,0.00205937,0.76235,0.81035,0.37643686,0.36658372,0,0
2026-09-28T22:34:49.269644+09:00,31175595,eb6c2af2,2026-09-28T22:34:49.269644+09:00,2026-09-28T22:34:49.354405+09:00,rail-left-01,rail-right-01,0.6.7-draft,0.6.7-draft,mqtt,mqtt,171.38,134.79,6.518,6.27,-0.026,0.035,0.198,-0.351,10.604,9.546,-0.0687,0.0368,0.0361,0.054,-0.0092,-0.0064,25.11,24.99,16556,18056,2.07,2.257,6.209,6.771,92,92,10,10,0,0,0,0,0.12209817,-0.75636337,0.12209817,-0.75636337,-0.01532803,0.28703351,-0.01532803,0.28703351,0.46605455,0.44498917,-0.00344591,0.00022367,0.0055092,0.00093722,0.79735,0.81035,0.37642156,0.3665843,0,0
2026-09-28T22:34:49.289578+09:00,31195529,eb6c2af2,2026-09-28T22:34:49.289578+09:00,2026-09-28T22:34:49.374339+09:00,rail-left-01,rail-right-01,0.6.7-draft,0.6.7-draft,mqtt,mqtt,172.57,135.73,6.532,6.246,0.045,0.045,0.09,0.199,10.609,9.869,-0.0645,0.0337,0.0404,0.0582,-0.0104,-0.0097,25.11,25,16591,18001,2.074,2.25,6.222,6.75,93,93,10,10,0,0,0,0,-0.8459312,-0.6745397,-0.8459312,-0.6745397,0.28463351,0.28881533,0.28463351,0.28881533,0.44418917,0.44391644,0,-0.00046038,0,0.00171981,0.80235,0.81035,0.36656325,0.36655607,0,0
2026-09-28T22:34:49.309520+09:00,31215471,eb6c2af2,2026-09-28T22:34:49.309520+09:00,2026-09-28T22:34:49.394281+09:00,rail-left-01,rail-right-01,0.6.7-draft,0.6.7-draft,mqtt,mqtt,173.82,136.68,6.52,6.268,0.095,0.054,-0.006,-0.166,10.55,9.719,-0.0681,0.0306,0.0405,0.0604,-0.0047,-0.0032,25.12,24.97,16562,18050,2.07,2.256,6.211,6.769,94,94,10,10,0,0,0,0,-0.85648807,-0.60413543,-0.85648807,-0.60413543,0.27863351,0.28846684,0.27863351,0.28846684,0.44118917,0.44393917,-0.0096,-0.00035006,-0.0192,0.00117507,0.80235,0.81035,0.3664843,0.36655667,0,0
2026-09-28T22:34:49.329596+09:00,31235547,eb6c2af2,2026-09-28T22:34:49.329596+09:00,2026-09-28T22:34:49.414357+09:00,rail-left-01,rail-right-01,0.6.7-draft,0.6.7-draft,mqtt,mqtt,175.01,137.62,6.526,6.283,-0.085,-0.087,0.134,-0.505,10.386,9.658,-0.065,0.0265,0.0386,0.0596,-0.0107,-0.0141,25.1,24.99,16577,18083,2.072,2.26,6.216,6.781,95,95,10,10,0,0,0,0,-0.87306419,-0.57540323,-0.87306419,-0.57540323,0.27863351,0.28701812,0.27863351,0.28701812,0.44118917,0.44453532,-0.00251898,-0.00001649,-0.00503795,0.00030596,0.80235,0.81035,0.3664843,0.36657236,0,0
2026-09-28T22:34:49.350095+09:00,31256046,eb6c2af2,2026-09-28T22:34:49.350095+09:00,2026-09-28T22:34:49.434856+09:00,rail-left-01,rail-right-01,0.6.7-draft,0.6.7-draft,mqtt,mqtt,176.25,138.56,6.525,6.295,0.114,0.135,-0.035,-0.26,10.617,9.618,-0.0715,0.0342,0.0398,0.0564,-0.0044,-0.0012,25.12,25,16573,18110,2.072,2.264,6.215,6.791,96,96,10,10,0,0,0,0,-0.88555306,-0.50557163,-0.88555306,-0.50557163,0.27838351,0.28491922,0.27838351,0.28491922,0.44106417,0.44547488,-0.00124845,0.00038077,-0.0024969,-0.00062378,0.81035,0.81035,0.36648101,0.36659709,0,0
2026-09-28T22:34:49.369621+09:00,31275572,eb6c2af2,2026-09-28T22:34:49.369621+09:00,2026-09-28T22:34:49.454382+09:00,rail-left-01,rail-right-01,0.6.7-draft,0.6.7-draft,mqtt,mqtt,177.44,139.51,6.547,6.304,-0.113,-0.104,0.047,-0.336,10.244,9.677,-0.0693,0.0337,0.0362,0.0592,-0.0064,-0.0037,25.12,24.98,16629,18130,2.079,2.266,6.236,6.799,97,97,10,10,0,0,0,0,-0.90062639,-0.49045046,-0.90062639,-0.49045046,0.28263351,0.28250017,0.28263351,0.28250017,0.44318917,0.44658917,0.00284434,0.00076841,0.00568868,-0.00149393,0.81035,0.81035,0.36653693,0.36662641,0,0
2026-09-28T22:34:49.389548+09:00,31295499,eb6c2af2,2026-09-28T22:34:49.389548+09:00,2026-09-28T22:34:49.474309+09:00,rail-left-01,rail-right-01,0.6.7-draft,0.6.7-draft,mqtt,mqtt,178.64,140.45,6.547,6.298,0.077,0.103,0.001,-0.059,10.502,9.978,-0.0642,0.0352,0.0401,0.0574,-0.0063,-0.0041,25.1,24.98,16629,18118,2.079,2.265,6.236,6.794,98,98,10,10,0,0,0,0,-0.91374624,-0.44070496,-0.91374624,-0.44070496,0.28546684,0.28075851,0.28546684,0.28075851,0.44460584,0.44737667,0.00362961,0.00096689,0.00725922,-0.00195934,0.81035,0.81035,0.36657422,0.36664713,0,0
2026-09-28T22:34:49.409657+09:00,31315608,eb6c2af2,2026-09-28T22:34:49.409657+09:00,2026-09-28T22:34:49.494418+09:00,rail-left-01,rail-right-01,0.6.7-draft,0.6.7-draft,mqtt,mqtt,179.88,141.4,6.547,6.32,0.119,0.075,0.012,-0.315,10.508,9.616,-0.0682,0.0334,0.0425,0.0585,-0.0093,-0.0095,25.12,24.99,16629,18166,2.079,2.271,6.236,6.812,99,99,10,10,0,0,0,0,-0.9252044,-0.40118707,-0.9252044,-0.40118707,0.28749065,0.27792763,0.28749065,0.27792763,0.44561774,0.44871858,0.00351562,0.00133906,0.00703123,-0.00275407,0.81035,0.81035,0.36660084,0.36668245,0,0
2026-09-28T22:34:49.429516+09:00,31335467,eb6c2af2,2026-09-28T22:34:49.429516+09:00,2026-09-28T22:34:49.514277+09:00,rail-left-01,rail-right-01,0.6.7-draft,0.6.7-draft,mqtt,mqtt,181.12,142.34,6.532,6.329,0.006,0.001,0.146,-0.103,10.466,9.779,-0.0695,0.0336,0.0424,0.0586,-0.0079,-0.0049,25.1,25,16591,18185,2.074,2.273,6.222,6.819,100,100,10,10,0,0,0,0,-0.93705528,-0.3777983,-0.93705528,-0.3777983,0.28713351,0.27491129,0.28713351,0.27491129,0.44543917,0.45016139,0.0021367,0.00169648,0.00427341,-0.00350638,0.81035,0.81035,0.36659615,0.36672041,0,0
2026-09-28T22:34:49.612501+09:00,31470499,eb6c2af2,2026-09-28T22:34:49.612501+09:00,2026-09-28T22:34:49.700542+09:00,rail-left-01,rail-right-01,0.6.7-draft,0.6.7-draft,mqtt,mqtt,189.33,148.66,6.528,6.336,0.001,0.034,0.152,-0.255,10.546,9.677,-0.0663,0.0334,0.04,0.0578,-0.0057,-0.0027,25.09,24.99,16580,18202,2.072,2.275,6.217,6.826,101,101,11,11,0,0,0,0,-0.37698682,-0.42897045,-0.37698682,-0.42897045,0.27200193,0.23615075,0.27200193,0.23615075,0.45134706,0.45005124,0.00185512,0.00020654,-0.00405085,-0.00705431,0.81035,0.81035,0.36675162,0.36671752,0,0
2026-09-28T22:34:49.632612+09:00,31490610,eb6c2af2,2026-09-28T22:34:49.632612+09:00,2026-09-28T22:34:49.720653+09:00,rail-left-01,rail-right-01,0.6.7-draft,0.6.7-draft,mqtt,mqtt,190.52,149.6,6.512,6.415,0.029,-0.01,-0.069,-0.271,10.369,9.923,-0.0634,0.0334,0.0408,0.062,-0.0083,-0.0065,25.11,24.98,16540,18376,2.068,2.297,6.203,6.891,102,102,11,11,0,0,0,0,-0.37814362,-0.43129427,-0.37814362,-0.43129427,0.26858351,0.23100017,0.26858351,0.23100017,0.45201417,0.4513725,0.00176423,0.00050559,-0.00464741,-0.00752197,0.81035,0.81035,0.36676917,0.36675229,0,0
2026-09-28T22:34:49.652685+09:00,31510683,eb6c2af2,2026-09-28T22:34:49.652685+09:00,2026-09-28T22:34:49.740726+09:00,rail-left-01,rail-right-01,0.6.7-draft,0.6.7-draft,mqtt,mqtt,191.71,150.55,6.487,6.428,0.083,0.056,-0.122,-0.473,10.55,9.722,-0.0671,0.0356,0.043,0.0617,-0.0101,-0.0095,25.11,24.98,16478,18406,2.06,2.301,6.179,6.902,103,103,11,11,0,0,0,0,-0.3806945,-0.42746792,-0.3806945,-0.42746792,0.26430017,0.22576254,0.26430017,0.22576254,0.4520225,0.4528182,0.00147331,0.00078288,-0.00541416,-0.00795294,0.81035,0.81035,0.36676939,0.36679033,0,0
2026-09-28T22:34:49.672639+09:00,31530637,eb6c2af2,2026-09-28T22:34:49.672639+09:00,2026-09-28T22:34:49.760680+09:00,rail-left-01,rail-right-01,0.6.7-draft,0.6.7-draft,mqtt,mqtt,192.96,151.49,6.486,6.44,-0.079,-0.041,0.03,-0.127,10.491,9.707,-0.0634,0.0322,0.0449,0.0596,-0.0068,-0.0113,25.12,25,16476,18432,2.059,2.304,6.179,6.912,104,104,11,11,0,0,0,0,-0.3852311,-0.43267025,-0.3852311,-0.43267025,0.26036078,0.22047726,0.26036078,0.22047726,0.45200735,0.45436104,0.0012515,0.00104019,-0.00590753,-0.00834959,0.81035,0.81035,0.36676899,0.36683093,0,0
2026-09-28T22:34:49.693002+09:00,31551000,eb6c2af2,2026-09-28T22:34:49.693002+09:00,2026-09-28T22:34:49.781043+09:00,rail-left-01,rail-right-01,0.6.7-draft,0.6.7-draft,mqtt,mqtt,194.2,152.44,6.473,6.454,0.062,0.065,0.204,-0.281,10.392,9.723,-0.0658,0.0362,0.0438,0.0554,-0.0009,-0.0024,25.11,24.99,16443,18464,2.055,2.308,6.166,6.924,105,105,11,11,0,0,0,0,-0.39074678,-0.42824409,-0.39074678,-0.42824409,0.25619873,0.21508805,0.25619873,0.21508805,0.45171091,0.4560225,0.00099602,0.00128809,-0.00638566,-0.00873175,0.81035,0.81035,0.36676119,0.36687465,0,0
2026-09-28T22:34:49.713179+09:00,31571177,eb6c2af2,2026-09-28T22:34:49.713179+09:00,2026-09-28T22:34:49.801220+09:00,rail-left-01,rail-right-01,0.6.7-draft,0.6.7-draft,mqtt,mqtt,195.39,153.43,6.462,6.465,0.055,0.11,-0.157,-0.006,10.576,9.799,-0.0636,0.033,0.0421,0.0577,-0.0055,-0.0064,25.11,24.99,16416,18487,2.052,2.311,6.156,6.933,106,106,11,11,0,0,0,0,-0.39705167,-0.42022908,-0.39705167,-0.42022908,0.25192517,0.20969233,0.25192517,0.20969233,0.45121,0.45774799,0.00073444,0.00151963,-0.00682568,-0.00908405,0.81035,0.81035,0.36674801,0.36692006,0,0
2026-09-28T22:34:49.732568+09:00,31590566,eb6c2af2,2026-09-28T22:34:49.732568+09:00,2026-09-28T22:34:49.820609+09:00,rail-left-01,rail-right-01,0.6.7-draft,0.6.7-draft,mqtt,mqtt,196.59,154.33,6.47,6.477,-0.122,-0.026,0.306,-0.384,10.43,9.738,-0.0622,0.0322,0.0424,0.055,-0.0052,-0.0008,25.1,24.99,16437,18515,2.055,2.314,6.164,6.943,107,107,11,11,0,0,0,0,-0.40471525,-0.42392609,-0.40471525,-0.42392609,0.24831351,0.20426208,0.24831351,0.20426208,0.45090917,0.45954631,0.00057269,0.00174016,-0.00703256,-0.00941866,0.81035,0.81035,0.36674009,0.36696739,0,0
2026-09-28T22:34:49.752516+09:00,31610514,eb6c2af2,2026-09-28T22:34:49.752516+09:00,2026-09-28T22:34:49.840557+09:00,rail-left-01,rail-right-01,0.6.7-draft,0.6.7-draft,mqtt,mqtt,197.78,155.27,6.462,6.495,0.041,0.081,-0.133,-0.315,10.493,9.746,-0.0641,0.0321,0.0417,0.0618,-0.0075,-0.0108,25.1,24.97,16416,18554,2.052,2.319,6.156,6.958,108,108,11,11,0,0,0,0,-0.41286554,-0.41881726,-0.41286554,-0.41881726,0.24467197,0.19863351,0.24467197,0.19863351,0.45047763,0.46149472,0.00040418,0.0019664,-0.00723114,-0.00976768,0.81035,0.81035,0.36672874,0.36701866,0,0
2026-09-28T22:34:49.772633+09:00,31630631,eb6c2af2,2026-09-28T22:34:49.772633+09:00,2026-09-28T22:34:49.860674+09:00,rail-left-01,rail-right-01,0.6.7-draft,0.6.7-draft,mqtt,mqtt,199.02,156.21,6.467,6.513,0.089,0.063,0.213,-0.445,10.391,9.591,-0.0634,0.0357,0.0434,0.0549,-0.0017,0.0025,25.11,24.98,16430,18595,2.054,2.324,6.161,6.973,109,109,11,11,0,0,0,0,-0.42125551,-0.41545355,-0.42125551,-0.41545355,0.24148536,0.1928227,0.24148536,0.1928227,0.45017065,0.46358106,0.00029036,0.00219649,-0.00730379,-0.01012705,0.81035,0.81035,0.36672066,0.36707356,0,0
2026-09-28T22:34:49.792509+09:00,31650507,eb6c2af2,2026-09-28T22:34:49.792509+09:00,2026-09-28T22:34:49.880550+09:00,rail-left-01,rail-right-01,0.6.7-draft,0.6.7-draft,mqtt,mqtt,200.22,157.16,6.476,6.521,-0.164,-0.163,0.075,-0.369,10.068,9.491,-0.0669,0.0338,0.0438,0.0532,-0.0005,0.0004,25.1,25.01,16452,18613,2.057,2.327,6.17,6.98,110,110,11,11,0,0,0,0,-0.43081844,-0.42972632,-0.43081844,-0.42972632,0.23884779,0.18710719,0.23884779,0.18710719,0.45004631,0.46566285,0.00023473,0.00240707,-0.00725071,-0.01044967,0.81035,0.81035,0.36671739,0.36712835,0,0
2026-09-28T22:34:49.966827+09:00,31836464,eb6c2af2,2026-09-28T22:34:49.966827+09:00,2026-09-28T22:34:50.005654+09:00,rail-left-01,rail-right-01,0.6.7-draft,0.6.7-draft,mqtt,mqtt,211.4,165.91,6.47,6.521,0.042,0.099,-0.034,-0.345,10.567,9.451,-0.0625,0.0297,0.0398,0.0616,-0.0071,-0.0076,25.09,24.96,16436,18611,2.055,2.326,6.164,6.979,111,111,12,12,0,0,0,0,-0.44803925,-0.5843501,-0.44803925,-0.5843501,0.18153094,0.12179677,0.18153094,0.12179677,0.46756096,0.47403611,0.00255406,0.00194236,-0.0105284,-0.01168035,0.81035,0.86335,0.3671783,0.3673487,0,0
2026-09-28T22:34:49.986976+09:00,31856613,eb6c2af2,2026-09-28T22:34:49.986976+09:00,2026-09-28T22:34:50.025803+09:00,rail-left-01,rail-right-01,0.6.7-draft,0.6.7-draft,mqtt,mqtt,212.65,166.85,6.406,6.551,-0.158,-0.047,-0.03,-0.286,10.215,9.671,-0.0641,0.0277,0.0313,0.057,-0.0085,-0.0095,25.12,24.99,16277,18678,2.035,2.335,6.104,7.004,112,112,12,12,0,0,0,0,-0.46640464,-0.57896305,-0.46640464,-0.57896305,0.17463351,0.11733351,0.17463351,0.11733351,0.46856417,0.47523917,0.00250612,0.0019786,-0.01087251,-0.01149312,0.81035,0.86335,0.3672047,0.36738036,0,0
2026-09-28T22:34:50.006940+09:00,31876577,eb6c2af2,2026-09-28T22:34:50.006940+09:00,2026-09-28T22:34:50.045767+09:00,rail-left-01,rail-right-01,0.6.7-draft,0.6.7-draft,mqtt,mqtt,213.84,167.8,6.378,6.535,0.006,-0.012,0.462,-0.113,10.639,9.802,-0.0637,0.0297,0.0382,0.0537,-0.0124,-0.0049,25.08,24.98,16208,18642,2.026,2.33,6.078,6.991,113,113,12,12,0,0,0,0,-0.48441114,-0.57179466,-0.48441114,-0.57179466,0.16738961,0.113359,0.16738961,0.113359,0.46917697,0.47623819,0.00239769,0.00198496,-0.01124758,-0.01127575,0.83235,0.86335,0.36722082,0.36740665,0,0
2026-09-28T22:34:50.026922+09:00,31896559,eb6c2af2,2026-09-28T22:34:50.026922+09:00,2026-09-28T22:34:50.065749+09:00,rail-left-01,rail-right-01,0.6.7-draft,0.6.7-draft,mqtt,mqtt,215.03,168.74,6.396,6.53,-0.004,-0.01,0.073,-0.247,10.339,9.703,-0.0654,0.0262,0.0386,0.0537,-0.0113,-0.0089,25.1,24.99,16253,18632,2.032,2.329,6.095,6.987,114,114,12,12,0,0,0,0,-0.50210255,-0.56481229,-0.50210255,-0.56481229,0.16091922,0.10963351,0.16091922,0.10963351,0.46997488,0.47715071,0.00234006,0.00198164,-0.01145317,-0.01106309,0.83235,0.86335,0.36724182,0.36743066,0,0
2026-09-28T22:34:50.047007+09:00,31916644,eb6c2af2,2026-09-28T22:34:50.047007+09:00,2026-09-28T22:34:50.085834+09:00,rail-left-01,rail-right-01,0.6.7-draft,0.6.7-draft,mqtt,mqtt,216.22,169.69,6.373,6.513,0.078,0.141,-0.013,-0.391,10.67,9.595,-0.0719,0.0248,0.0384,0.0549,-0.0065,-0.0079,25.1,25,16194,18595,2.024,2.324,6.073,6.973,115,115,12,12,0,0,0,0,-0.51926405,-0.54992499,-0.51926405,-0.54992499,0.1542149,0.10636936,0.1542149,0.10636936,0.47046824,0.47786841,0.00224227,0.00195606,-0.01168693,-0.01082554,0.86335,0.86335,0.3672548,0.36744955,0,0
2026-09-28T22:34:50.066994+09:00,31936631,eb6c2af2,2026-09-28T22:34:50.066994+09:00,2026-09-28T22:34:50.105821+09:00,rail-left-01,rail-right-01,0.6.7-draft,0.6.7-draft,mqtt,mqtt,217.47,170.63,6.36,6.474,-0.061,-0.048,0.017,-0.312,10.258,9.749,-0.0709,0.025,0.0357,0.0549,-0.0065,-0.0057,25.08,24.99,16163,18507,2.02,2.313,6.061,6.94,116,116,12,12,0,0,0,0,-0.53624231,-0.54560465,-0.53624231,-0.54560465,0.14751987,0.10394832,0.14751987,0.10394832,0.47079144,0.47819843,0.00213121,0.00188733,-0.01190472,-0.01051815,0.86335,0.86335,0.36726331,0.36745823,0,0
2026-09-28T22:34:50.086922+09:00,31956559,eb6c2af2,2026-09-28T22:34:50.086922+09:00,2026-09-28T22:34:50.125749+09:00,rail-left-01,rail-right-01,0.6.7-draft,0.6.7-draft,mqtt,mqtt,218.66,171.58,6.326,6.438,0.162,0.16,0.372,0.005,10.252,9.932,-0.0557,0.0282,0.0278,0.0488,-0.0043,-0.0001,25.11,25,16078,18428,2.01,2.304,6.029,6.911,117,117,12,12,0,0,0,0,-0.55237811,-0.53069921,-0.55237811,-0.53069921,0.14036684,0.10226987,0.14036684,0.10226987,0.4707225,0.47818917,0.00197478,0.00178622,-0.01218129,-0.01015974,0.86335,0.86335,0.3672615,0.36745799,0,0
2026-09-28T22:34:50.106935+09:00,31976572,eb6c2af2,2026-09-28T22:34:50.106935+09:00,2026-09-28T22:34:50.145762+09:00,rail-left-01,rail-right-01,0.6.7-draft,0.6.7-draft,mqtt,mqtt,219.85,172.52,6.383,6.421,0.035,-0.032,0.335,-0.291,10.372,9.584,-0.0606,0.0313,0.0381,0.0576,-0.0067,-0.0096,25.12,24.97,16220,18391,2.028,2.299,6.083,6.897,118,118,12,12,0,0,0,0,-0.56815926,-0.52610159,-0.56815926,-0.52610159,0.13476394,0.10095494,0.13476394,0.10095494,0.47127613,0.47802845,0.00192784,0.0016777,-0.01221334,-0.00979828,0.86335,0.86335,0.36727607,0.36745376,0,0
2026-09-28T22:34:50.126920+09:00,31996557,eb6c2af2,2026-09-28T22:34:50.126920+09:00,2026-09-28T22:34:50.165747+09:00,rail-left-01,rail-right-01,0.6.7-draft,0.6.7-draft,mqtt,mqtt,221.05,173.47,6.412,6.429,0.095,0.138,-0.02,-0.183,10.455,9.661,-0.0636,0.0329,0.0398,0.0597,-0.0043,-0.0095,25.12,24.99,16293,18407,2.037,2.301,6.11,6.903,119,119,12,12,0,0,0,0,-0.58347261,-0.51310192,-0.58347261,-0.51310192,0.13001649,0.09954579,0.13001649,0.09954579,0.4721147,0.47794355,0.00192755,0.00158746,-0.01213128,-0.00948338,0.86335,0.86335,0.36729813,0.36745152,0,0
2026-09-28T22:34:50.147571+09:00,32017208,eb6c2af2,2026-09-28T22:34:50.147571+09:00,2026-09-28T22:34:50.186398+09:00,rail-left-01,rail-right-01,0.6.7-draft,0.6.7-draft,mqtt,mqtt,222.29,174.46,6.429,6.439,-0.063,-0.012,-0.068,-0.174,10.337,9.711,-0.067,0.031,0.0374,0.0577,-0.0043,-0.0037,25.12,24.98,16335,18429,2.042,2.304,6.126,6.911,120,120,12,12,0,0,0,0,-0.59869567,-0.50795091,-0.59869567,-0.50795091,0.12582101,0.09801282,0.12582101,0.09801282,0.47309542,0.47794779,0.00194827,0.00151461,-0.01198938,-0.00921161,0.86335,0.86335,0.36732394,0.36745164,0,0
2026-09-28T22:34:50.233317+09:00,32141512,eb6c2af2,2026-09-28T22:34:50.233317+09:00,2026-09-28T22:34:50.273823+09:00,rail-left-01,rail-right-01,0.6.7-draft,0.6.7-draft,mqtt,mqtt,229.85,180.33,6.433,6.438,0.172,0.206,0.11,-0.165,10.366,9.815,-0.0632,0.0274,0.0358,0.0578,-0.0072,-0.0029,25.08,24.98,16344,18427,2.043,2.303,6.129,6.91,121,121,13,13,0,0,0,0,-0.31218125,-0.37922882,-0.31218125,-0.37922882,0.01463351,-0.07763922,0.01463351,-0.07763922,0.48018917,0.4339619,0,-0.00043513,0,-0.00069825,0.55935,0.79235,0.4326176,0.43129682,0,0
2026-09-28T22:34:50.253448+09:00,32161643,eb6c2af2,2026-09-28T22:34:50.253448+09:00,2026-09-28T22:34:50.293954+09:00,rail-left-01,rail-right-01,0.6.7-draft,0.6.7-draft,mqtt,mqtt,231.04,181.27,6.34,6.42,-0.16,-0.113,0.334,-0.405,10.38,9.614,-0.0654,0.0317,0.0358,0.0596,-0.0065,0.0015,25.1,24.99,16112,18388,2.014,2.299,6.042,6.896,122,122,13,13,0,0,0,0,-0.34154993,-0.35967345,-0.34154993,-0.35967345,-0.03186649,-0.07219983,-0.03186649,-0.07219983,0.45693917,0.43510584,-0.07815126,0.00050175,-0.15630252,0.00330854,0.57335,0.79235,0.43195331,0.4313295,0,0
2026-09-28T22:34:50.273445+09:00,32181640,eb6c2af2,2026-09-28T22:34:50.273445+09:00,2026-09-28T22:34:50.313951+09:00,rail-left-01,rail-right-01,0.6.7-draft,0.6.7-draft,mqtt,mqtt,232.28,182.22,6.355,6.43,0.141,0.187,-0.13,-0.229,10.372,9.627,-0.0633,0.0337,0.0384,0.0632,-0.0091,-0.0059,25.11,24.99,16151,18409,2.019,2.301,6.057,6.903,123,123,13,13,0,0,0,0,-0.35951246,-0.27775039,-0.35951246,-0.27775039,-0.04236649,-0.06836649,-0.04236649,-0.06836649,0.45168917,0.4364584,-0.03178945,0.00114883,-0.0635789,0.00467471,0.57335,0.79235,0.43180331,0.43136815,0,0
2026-09-28T22:34:50.293411+09:00,32201606,eb6c2af2,2026-09-28T22:34:50.293411+09:00,2026-09-28T22:34:50.333917+09:00,rail-left-01,rail-right-01,0.6.7-draft,0.6.7-draft,mqtt,mqtt,233.48,183.16,6.328,6.432,-0.012,-0.056,-0.159,-0.311,10.588,9.797,-0.0649,0.0356,0.0442,0.0617,-0.0084,-0.0035,25.1,24.98,16084,18415,2.011,2.302,6.032,6.906,124,124,13,13,0,0,0,0,-0.37935979,-0.25670715,-0.37935979,-0.25670715,-0.05436649,-0.06522364,-0.05436649,-0.06522364,0.44568917,0.43768917,-0.02461645,0.00152817,-0.0492329,0.00529235,0.78135,0.79235,0.43163188,0.43140331,0,0
2026-09-28T22:34:50.313438+09:00,32221633,eb6c2af2,2026-09-28T22:34:50.313438+09:00,2026-09-28T22:34:50.353944+09:00,rail-left-01,rail-right-01,0.6.7-draft,0.6.7-draft,mqtt,mqtt,234.72,184.11,6.32,6.438,-0.162,-0.123,0.03,-0.249,10.453,9.728,-0.0648,0.0312,0.0408,0.0518,0.0007,0.0012,25.12,24.97,16064,18427,2.008,2.303,6.024,6.91,125,125,13,13,0,0,0,0,-0.40256289,-0.25105603,-0.40256289,-0.25105603,-0.06316649,-0.06289983,-0.06316649,-0.06289983,0.44128917,0.43895584,-0.01946182,0.00183301,-0.03892364,0.00542377,0.78135,0.79235,0.43150617,0.4314395,0,0
2026-09-28T22:34:50.333414+09:00,32241609,eb6c2af2,2026-09-28T22:34:50.333414+09:00,2026-09-28T22:34:50.373920+09:00,rail-left-01,rail-right-01,0.6.7-draft,0.6.7-draft,mqtt,mqtt,235.91,185.05,6.294,6.427,0.144,0.146,0.104,-0.223,10.575,9.622,-0.063,0.0322,0.0449,0.0581,-0.0065,-0.0087,25.08,24.99,15999,18403,2,2.3,6,6.901,126,126,13,13,0,0,0,0,-0.42188258,-0.1985311,-0.42188258,-0.1985311,-0.07336649,-0.06017899,-0.07336649,-0.06017899,0.43618917,0.43972042,-0.018341,0.00187247,-0.03668201,0.00573018,0.78135,0.79235,0.43136046,0.43146135,0,0
2026-09-28T22:34:50.353374+09:00,32261569,eb6c2af2,2026-09-28T22:34:50.353374+09:00,2026-09-28T22:34:50.393880+09:00,rail-left-01,rail-right-01,0.6.7-draft,0.6.7-draft,mqtt,mqtt,237.16,186,6.293,6.415,-0.079,-0.066,-0.067,-0.157,10.47,9.571,-0.0659,0.029,0.0341,0.0504,-0.0076,-0.0017,25.11,24.97,15995,18376,1.999,2.297,5.998,6.891,127,127,13,13,0,0,0,0,-0.44146694,-0.18752119,-0.44146694,-0.18752119,-0.08079506,-0.05707237,-0.08079506,-0.05707237,0.43247488,0.44004211,-0.01600154,0.00174281,-0.03200308,0.00615769,0.78135,0.79235,0.43125433,0.43147054,0,0
2026-09-28T22:34:50.373380+09:00,32281575,eb6c2af2,2026-09-28T22:34:50.373380+09:00,2026-09-28T22:34:50.413886+09:00,rail-left-01,rail-right-01,0.6.7-draft,0.6.7-draft,mqtt,mqtt,238.35,186.94,6.299,6.372,-0.002,0.055,0.023,-0.186,10.449,10.045,-0.0585,0.0296,0.0296,0.048,-0.0085,-0.006,25.11,24.98,16012,18281,2.002,2.285,6.005,6.855,128,128,13,13,0,0,0,0,-0.45967205,-0.15906331,-0.45967205,-0.15906331,-0.08561649,-0.05192205,-0.08561649,-0.05192205,0.43006417,0.43913361,-0.01332454,0.00119116,-0.02664907,0.00729076,0.78135,0.79235,0.43118546,0.43144458,0,0
2026-09-28T22:34:50.393327+09:00,32301522,eb6c2af2,2026-09-28T22:34:50.393327+09:00,2026-09-28T22:34:50.433833+09:00,rail-left-01,rail-right-01,0.6.7-draft,0.6.7-draft,mqtt,mqtt,239.59,187.89,6.311,6.358,0.034,0.035,0.254,-0.047,10.485,9.749,-0.057,0.0353,0.0332,0.0518,-0.0072,-0.0041,25.1,24.98,16042,18251,2.005,2.281,6.016,6.844,129,129,13,13,0,0,0,0,-0.47661306,-0.13631629,-0.47661306,-0.13631629,-0.08803316,-0.04657702,-0.08803316,-0.04657702,0.42885584,0.43795233,-0.01050496,0.00063654,-0.02100992,0.00833694,0.78135,0.79235,0.43115093,0.43141083,0,0
2026-09-28T22:34:50.413554+09:00,32321749,eb6c2af2,2026-09-28T22:34:50.413554+09:00,2026-09-28T22:34:50.454060+09:00,rail-left-01,rail-right-01,0.6.7-draft,0.6.7-draft,mqtt,mqtt,240.84,188.83,6.387,6.36,0.062,0.043,0.17,-0.342,10.599,9.852,-0.0632,0.0368,0.0344,0.053,-0.0104,-0.0105,25.1,24.99,16229,18255,2.029,2.282,6.086,6.846,130,130,13,13,0,0,0,0,-0.49236669,-0.11479214,-0.49236669,-0.11479214,-0.08236649,-0.04186649,-0.08236649,-0.04186649,0.43168917,0.43693917,-0.00506649,0.00022314,-0.01013298,0.00903857,0.79235,0.79235,0.43123188,0.43138188,0,0
2026-09-28T22:34:50.545301+09:00,32410453,eb6c2af2,2026-09-28T22:34:50.545301+09:00,2026-09-28T22:34:50.597532+09:00,rail-left-01,rail-right-01,0.6.7-draft,0.6.7-draft,mqtt,mqtt,246.25,193.06,6.414,6.364,0.035,0.004,-0.06,-0.069,10.42,9.633,-0.0602,0.0354,0.0321,0.0537,-0.0081,-0.0063,25.12,24.99,16298,18264,2.037,2.283,6.112,6.849,131,131,14,14,0,0,0,0,-0.10815508,-0.11485622,-0.10815508,-0.11485622,-0.03631887,0.0470206,-0.03631887,0.0470206,0.43666536,0.45880207,0.00007324,0.00378534,0.00976875,0.01729357,0.79235,0.80835,0.43137406,0.43200654,0,0
2026-09-28T22:34:50.565416+09:00,32430568,eb6c2af2,2026-09-28T22:34:50.565416+09:00,2026-09-28T22:34:50.617647+09:00,rail-left-01,rail-right-01,0.6.7-draft,0.6.7-draft,mqtt,mqtt,247.5,194,6.591,6.289,0.028,0.03,0.142,-0.183,10.521,10.242,-0.0629,0.0364,0.0345,0.0554,-0.0095,-0.0033,25.07,24.98,16739,18097,2.092,2.262,6.277,6.786,132,132,14,14,0,0,0,0,-0.10401688,-0.10033686,-0.10401688,-0.10033686,-0.02323013,0.05388351,-0.02323013,0.05388351,0.44043917,0.45872042,0.00146924,0.00339448,0.01316751,0.01730582,0.79235,0.80835,0.43148188,0.43200421,0,0
2026-09-28T22:34:50.585333+09:00,32450485,eb6c2af2,2026-09-28T22:34:50.585333+09:00,2026-09-28T22:34:50.637564+09:00,rail-left-01,rail-right-01,0.6.7-draft,0.6.7-draft,mqtt,mqtt,248.69,194.95,6.586,6.286,0.055,0.047,-0.065,-0.302,10.473,9.813,-0.0662,0.0301,0.0412,0.0617,-0.0088,-0.0075,25.11,24.98,16726,18090,2.091,2.261,6.272,6.784,133,133,14,14,0,0,0,0,-0.10199728,-0.08502573,-0.10199728,-0.08502573,-0.01149693,0.06042139,-0.01149693,0.06042139,0.44377613,0.45859826,0.00241716,0.0030593,0.01540624,0.01727848,0.79235,0.80835,0.43157723,0.43200072,0,0
2026-09-28T22:34:50.605433+09:00,32470585,eb6c2af2,2026-09-28T22:34:50.605433+09:00,2026-09-28T22:34:50.657664+09:00,rail-left-01,rail-right-01,0.6.7-draft,0.6.7-draft,mqtt,mqtt,249.93,195.89,6.579,6.287,-0.063,-0.037,0.001,-0.39,10.615,9.803,-0.0659,0.0341,0.0389,0.0548,-0.0076,-0.0041,25.1,24.97,16707,18092,2.088,2.262,6.265,6.785,134,134,14,14,0,0,0,0,-0.10226312,-0.07756009,-0.10226312,-0.07756009,-0.00103316,0.06654527,-0.00103316,0.06654527,0.44668917,0.45849799,0.00305235,0.0027802,0.01684259,0.01719631,0.80835,0.80835,0.43166046,0.43199785,0,0
2026-09-28T22:34:50.625499+09:00,32490651,eb6c2af2,2026-09-28T22:34:50.625499+09:00,2026-09-28T22:34:50.677730+09:00,rail-left-01,rail-right-01,0.6.7-draft,0.6.7-draft,mqtt,mqtt,251.13,196.83,6.568,6.289,0.122,0.098,-0.059,-0.273,10.512,9.887,-0.0625,0.035,0.0389,0.0558,-0.0107,-0.0065,25.09,24.99,16680,18097,2.085,2.262,6.255,6.786,135,135,14,14,0,0,0,0,-0.10365559,-0.05973405,-0.10365559,-0.05973405,0.00815351,0.07226208,0.00815351,0.07226208,0.44914917,0.45843203,0.0034449,0.00254777,0.01767524,0.01706689,0.80835,0.80835,0.43173074,0.43199597,0,0
2026-09-28T22:34:50.645659+09:00,32510811,eb6c2af2,2026-09-28T22:34:50.645659+09:00,2026-09-28T22:34:50.697890+09:00,rail-left-01,rail-right-01,0.6.7-draft,0.6.7-draft,mqtt,mqtt,252.37,197.78,6.553,6.297,-0.032,-0.077,0.054,-0.314,10.574,9.705,-0.0626,0.0318,0.0414,0.0568,-0.0084,-0.0079,25.12,24.99,16644,18114,2.081,2.264,6.242,6.793,136,136,14,14,0,0,0,0,-0.10670625,-0.05650419,-0.10670625,-0.05650419,0.01605658,0.07743906,0.01605658,0.07743906,0.45113148,0.45848084,0.00364231,0.00236925,0.01803263,0.01686679,0.80835,0.80835,0.43178738,0.43199736,0,0
2026-09-28T22:34:50.665475+09:00,32530627,eb6c2af2,2026-09-28T22:34:50.665475+09:00,2026-09-28T22:34:50.717706+09:00,rail-left-01,rail-right-01,0.6.7-draft,0.6.7-draft,mqtt,mqtt,253.61,198.72,6.559,6.301,0.029,0.011,0.144,-0.152,10.369,9.507,-0.0609,0.0334,0.0382,0.0601,-0.0092,-0.008,25.11,24.96,16659,18124,2.082,2.266,6.247,6.797,137,137,14,14,0,0,0,0,-0.110829,-0.04664379,-0.110829,-0.04664379,0.02359647,0.0822281,0.02359647,0.0822281,0.45307806,0.45858106,0.00380562,0.00222316,0.0182615,0.01663387,0.80835,0.80835,0.431843,0.43200022,0,0
2026-09-28T22:34:50.685335+09:00,32550487,eb6c2af2,2026-09-28T22:34:50.685335+09:00,2026-09-28T22:34:50.737566+09:00,rail-left-01,rail-right-01,0.6.7-draft,0.6.7-draft,mqtt,mqtt,254.81,199.67,6.554,6.303,0.017,0.075,0.044,-0.102,10.564,9.54,-0.0653,0.0376,0.0377,0.0566,-0.0072,-0.0003,25.09,24.99,16647,18129,2.081,2.266,6.243,6.798,138,138,14,14,0,0,0,0,-0.11590263,-0.0325155,-0.11590263,-0.0325155,0.03041922,0.08671246,0.03041922,0.08671246,0.45479631,0.45870233,0.00389079,0.00209826,0.01829329,0.01638523,0.80835,0.80835,0.43189209,0.43200369,0,0
2026-09-28T22:34:50.705479+09:00,32570631,eb6c2af2,2026-09-28T22:34:50.705479+09:00,2026-09-28T22:34:50.757710+09:00,rail-left-01,rail-right-01,0.6.7-draft,0.6.7-draft,mqtt,mqtt,256.05,200.61,6.558,6.293,0,0.011,0.103,-0.351,10.338,9.943,-0.065,0.0334,0.0358,0.0578,-0.0113,-0.0076,25.1,24.98,16655,18106,2.082,2.263,6.246,6.79,139,139,14,14,0,0,0,0,-0.12182432,-0.02394396,-0.12182432,-0.02394396,0.03690937,0.09122325,0.03690937,0.09122325,0.45646503,0.45868917,0.00395616,0.00196235,0.01825438,0.0161825,0.80835,0.80835,0.43193977,0.43200331,0,0
2026-09-28T22:34:50.725614+09:00,32590766,eb6c2af2,2026-09-28T22:34:50.725614+09:00,2026-09-28T22:34:50.777845+09:00,rail-left-01,rail-right-01,0.6.7-draft,0.6.7-draft,mqtt,mqtt,257.29,201.56,6.535,6.297,0.097,0.062,0.014,-0.14,10.562,9.74,-0.0629,0.0336,0.0424,0.0618,-0.0075,-0.0048,25.09,24.99,16599,18115,2.075,2.264,6.225,6.793,140,140,14,14,0,0,0,0,-0.12823634,-0.01212744,-0.12823634,-0.01212744,0.04220017,0.09540851,0.04220017,0.09540851,0.45763917,0.45872667,0.00389483,0.0018495,0.01794005,0.01595404,0.80835,0.80835,0.43197331,0.43200438,0,0
2026-09-28T22:34:50.869284+09:00,32736592,eb6c2af2,2026-09-28T22:34:50.869284+09:00,2026-09-28T22:34:50.965397+09:00,rail-left-01,rail-right-01,0.6.7-draft,0.6.7-draft,mqtt,mqtt,266.19,208.47,6.528,6.303,0.056,0.138,0.051,-0.141,10.481,9.679,-0.067,0.0372,0.0416,0.0589,-0.0113,-0.0043,25.1,24.99,16581,18129,2.073,2.266,6.218,6.798,141,141,15,15,0,0,0,0,-0.00957308,-0.02966499,-0.00957308,-0.02966499,0.09921887,0.06198645,0.09921887,0.06198645,0.45867697,0.42484603,0.00166438,-0.00362716,0.01528855,0.00226424,0.80835,0.93635,0.43200296,0.43103637,0,0
2026-09-28T22:34:50.889687+09:00,32756995,eb6c2af2,2026-09-28T22:34:50.889687+09:00,2026-09-28T22:34:50.985800+09:00,rail-left-01,rail-right-01,0.6.7-draft,0.6.7-draft,mqtt,mqtt,267.43,209.41,6.331,6.334,-0.012,0.048,0.037,-0.103,10.496,9.764,-0.0658,0.0328,0.0402,0.0593,-0.008,-0.0075,25.07,24.97,16091,18197,2.011,2.275,6.034,6.824,142,142,15,15,0,0,0,0,-0.0084585,-0.02920331,-0.0084585,-0.02920331,0.09815732,0.05632582,0.09815732,0.05632582,0.45628441,0.42151609,0.00102133,-0.00390611,0.01372505,0.0012093,0.80835,0.93635,0.43193461,0.43094123,0,0
2026-09-28T22:34:50.909416+09:00,32776724,eb6c2af2,2026-09-28T22:34:50.909416+09:00,2026-09-28T22:34:51.005529+09:00,rail-left-01,rail-right-01,0.6.7-draft,0.6.7-draft,mqtt,mqtt,268.68,210.36,6.298,6.343,-0.056,-0.093,0.075,-0.316,10.605,9.791,-0.0671,0.0336,0.0384,0.057,-0.0095,-0.0019,25.09,24.98,16008,18217,2.001,2.277,6.003,6.831,143,143,15,15,0,0,0,0,-0.00868076,-0.03627423,-0.00868076,-0.03627423,0.09637769,0.05070898,0.09637769,0.05070898,0.4536194,0.41839672,0.00041101,-0.00412671,0.01224157,0.00027886,0.80835,0.93635,0.43185846,0.4308521,0,0
2026-09-28T22:34:50.929448+09:00,32796756,eb6c2af2,2026-09-28T22:34:50.929448+09:00,2026-09-28T22:34:51.025561+09:00,rail-left-01,rail-right-01,0.6.7-draft,0.6.7-draft,mqtt,mqtt,269.92,211.3,6.259,6.333,0.069,0.119,0.163,-0.102,10.663,9.564,-0.064,0.035,0.0442,0.0617,-0.0077,-0.0092,25.09,24.97,15912,18195,1.989,2.274,5.967,6.823,144,144,15,15,0,0,0,0,-0.00988434,-0.03195198,-0.00988434,-0.03195198,0.0937926,0.04548536,0.0937926,0.04548536,0.45063235,0.41530028,-0.00018393,-0.00432547,0.01080158,-0.00049812,0.85635,0.93635,0.43177312,0.43076363,0,0
2026-09-28T22:34:50.949862+09:00,32817170,eb6c2af2,2026-09-28T22:34:50.949862+09:00,2026-09-28T22:34:51.045975+09:00,rail-left-01,rail-right-01,0.6.7-draft,0.6.7-draft,mqtt,mqtt,271.16,212.25,6.232,6.339,-0.171,-0.104,0.133,-0.277,10.466,9.614,-0.0646,0.0329,0.0382,0.0581,-0.0072,-0.0008,25.09,24.97,15845,18208,1.981,2.276,5.942,6.828,145,145,15,15,0,0,0,0,-0.01249873,-0.03935039,-0.01249873,-0.03935039,0.0907224,0.0403426,0.0907224,0.0403426,0.44747806,0.41237099,-0.00074019,-0.00448568,0.00945,-0.00118939,0.85635,0.93635,0.431683,0.43067994,0,0
2026-09-28T22:34:50.969827+09:00,32837135,eb6c2af2,2026-09-28T22:34:50.969827+09:00,2026-09-28T22:34:51.065940+09:00,rail-left-01,rail-right-01,0.6.7-draft,0.6.7-draft,mqtt,mqtt,272.41,213.19,6.186,6.342,0.189,0.15,-0.012,-0.218,10.453,9.744,-0.0657,0.0322,0.0433,0.0658,-0.01,-0.0144,25.1,24.95,15729,18214,1.966,2.277,5.898,6.83,146,146,15,15,0,0,0,0,-0.01555518,-0.03359146,-0.01555518,-0.03359146,0.08678568,0.03532994,0.08678568,0.03532994,0.44396091,0.4095731,-0.00129947,-0.00461745,0.00810185,-0.00180139,0.85635,0.93635,0.43158251,0.4306,0,0
2026-09-28T22:34:50.989379+09:00,32856687,eb6c2af2,2026-09-28T22:34:50.989379+09:00,2026-09-28T22:34:51.085492+09:00,rail-left-01,rail-right-01,0.6.7-draft,0.6.7-draft,mqtt,mqtt,273.6,214.14,6.162,6.349,-0.226,-0.195,0.205,-0.296,10.743,9.782,-0.0674,0.0336,0.0389,0.057,-0.0087,-0.0015,25.09,24.98,15669,18230,1.959,2.279,5.876,6.836,147,147,15,15,0,0,0,0,-0.01988122,-0.0451493,-0.01988122,-0.0451493,0.08250585,0.03037035,0.08250585,0.03037035,0.4403381,0.40693478,-0.00181921,-0.00472069,0.00684277,-0.0023556,0.93635,0.93635,0.431479,0.43052462,0,0
2026-09-28T22:34:51.009314+09:00,32876622,eb6c2af2,2026-09-28T22:34:51.009314+09:00,2026-09-28T22:34:51.105427+09:00,rail-left-01,rail-right-01,0.6.7-draft,0.6.7-draft,mqtt,mqtt,274.84,215.08,6.132,6.358,0.195,0.154,-0.019,-0.305,10.453,9.936,-0.0629,0.0362,0.0473,0.0584,-0.0091,-0.0065,25.11,24.98,15595,18251,1.949,2.281,5.848,6.844,148,148,15,15,0,0,0,0,-0.024518,-0.03934142,-0.024518,-0.03934142,0.07777934,0.02542661,0.07777934,0.02542661,0.43655375,0.40446503,-0.00231562,-0.0047976,0.00563804,-0.00286466,0.93635,0.93635,0.43137087,0.43045405,0,0
2026-09-28T22:34:51.029439+09:00,32896747,eb6c2af2,2026-09-28T22:34:51.029439+09:00,2026-09-28T22:34:51.125552+09:00,rail-left-01,rail-right-01,0.6.7-draft,0.6.7-draft,mqtt,mqtt,276.09,216.03,6.101,6.377,0.123,0.006,-0.055,-0.243,10.356,9.724,-0.0677,0.0352,0.0424,0.0593,-0.008,-0.0064,25.08,25,15519,18292,1.94,2.287,5.82,6.86,149,149,15,15,0,0,0,0,-0.02953619,-0.04078834,-0.02953619,-0.04078834,0.0726131,0.02032842,0.0726131,0.02032842,0.43260754,0.40224002,-0.00279285,-0.00484161,0.00447853,-0.00335567,0.93635,0.93635,0.43125812,0.43039048,0,0
2026-09-28T22:34:51.049698+09:00,32917006,eb6c2af2,2026-09-28T22:34:51.049698+09:00,2026-09-28T22:34:51.145811+09:00,rail-left-01,rail-right-01,0.6.7-draft,0.6.7-draft,mqtt,mqtt,277.33,216.97,6.081,6.372,-0.05,0.004,0.081,-0.054,10.491,9.598,-0.0633,0.034,0.0405,0.0566,-0.0123,-0.0081,25.11,24.99,15469,18281,1.934,2.285,5.801,6.855,150,150,15,15,0,0,0,0,-0.03525779,-0.04229514,-0.03525779,-0.04229514,0.06725351,0.01548351,0.06725351,0.01548351,0.42861917,0.4000475,-0.00323574,-0.00488149,0.00339425,-0.00378249,0.93635,0.93635,0.43114417,0.43032784,0,0
2026-09-28T22:34:51.190852+09:00,33102411,eb6c2af2,2026-09-28T22:34:51.190852+09:00,2026-09-28T22:34:51.230536+09:00,rail-left-01,rail-right-01,0.6.7-draft,0.6.7-draft,mqtt,mqtt,288.76,225.77,6.061,6.368,-0.133,-0.145,0.086,-0.05,10.264,9.614,-0.0606,0.0321,0.0388,0.056,-0.0103,-0.0103,25.11,24.99,15419,18272,1.927,2.284,5.782,6.852,151,151,16,16,0,0,0,0,-0.48508204,-0.58567981,-0.48508204,-0.58567981,-0.29036649,-0.35661649,-0.29036649,-0.35661649,0.26068917,0.22706417,0,-0.00550747,0,-0.01018088,0.45735,0.85435,0.47980275,0.4816956,0,0
2026-09-28T22:34:51.210969+09:00,33122527,eb6c2af2,2026-09-28T22:34:51.210969+09:00,2026-09-28T22:34:51.250652+09:00,rail-left-01,rail-right-01,0.6.7-draft,0.6.7-draft,mqtt,mqtt,290.01,226.72,5.995,6.441,0.124,0.165,0.024,-0.369,10.463,9.637,-0.0682,0.0332,0.0353,0.0498,-0.0141,-0.008,25.08,25,15240,18435,1.905,2.304,5.715,6.913,152,152,16,16,0,0,0,0,-0.49408809,-0.4616838,-0.49408809,-0.4616838,-0.32336649,-0.37214427,-0.32336649,-0.37214427,0.24418917,0.2270225,-0.0528,-0.00317385,-0.1056,-0.01373889,0.65635,0.85435,0.4807456,0.48213926,0,0
2026-09-28T22:34:51.230912+09:00,33142470,eb6c2af2,2026-09-28T22:34:51.230912+09:00,2026-09-28T22:34:51.270595+09:00,rail-left-01,rail-right-01,0.6.7-draft,0.6.7-draft,mqtt,mqtt,291.25,227.66,5.997,6.438,-0.014,-0.066,0.066,-0.247,10.276,9.626,-0.0638,0.0334,0.0408,0.0568,-0.0092,-0.0093,25.09,25,15253,18428,1.907,2.304,5.72,6.911,153,153,16,16,0,0,0,0,-0.50886399,-0.43017279,-0.50886399,-0.43017279,-0.33369983,-0.38426649,-0.33369983,-0.38426649,0.2390225,0.22683917,-0.02573923,-0.0023525,-0.05147846,-0.01462121,0.65635,0.85435,0.48104084,0.4824856,0,0
2026-09-28T22:34:51.251024+09:00,33162582,eb6c2af2,2026-09-28T22:34:51.251024+09:00,2026-09-28T22:34:51.290707+09:00,rail-left-01,rail-right-01,0.6.7-draft,0.6.7-draft,mqtt,mqtt,292.49,228.65,6.012,6.456,0.151,0.142,-0.098,-0.341,10.361,9.534,-0.0629,0.0309,0.0429,0.062,-0.0108,-0.0116,25.09,24.99,15296,18468,1.912,2.309,5.736,6.925,154,154,16,16,0,0,0,0,-0.52052359,-0.34876125,-0.52052359,-0.34876125,-0.33511649,-0.39582104,-0.33511649,-0.39582104,0.23831417,0.22750735,-0.01169505,-0.00163453,-0.02339011,-0.01538774,0.65635,0.85435,0.48108132,0.48281573,0,0
2026-09-28T22:34:51.270889+09:00,33182448,eb6c2af2,2026-09-28T22:34:51.270889+09:00,2026-09-28T22:34:51.310573+09:00,rail-left-01,rail-right-01,0.6.7-draft,0.6.7-draft,mqtt,mqtt,293.69,229.6,5.988,6.451,-0.175,-0.128,0.311,-0.231,10.661,9.849,-0.0628,0.0293,0.0312,0.0525,-0.008,-0.0059,25.11,25,15206,18457,1.901,2.307,5.702,6.921,155,155,16,16,0,0,0,0,-0.53658168,-0.34674935,-0.53658168,-0.34674935,-0.34076649,-0.40503316,-0.34076649,-0.40503316,0.23548917,0.22785584,-0.01047779,-0.00125516,-0.02095558,-0.0155332,0.85435,0.85435,0.48124275,0.48307894,0,0
2026-09-28T22:34:51.290896+09:00,33202455,eb6c2af2,2026-09-28T22:34:51.290896+09:00,2026-09-28T22:34:51.330580+09:00,rail-left-01,rail-right-01,0.6.7-draft,0.6.7-draft,mqtt,mqtt,294.93,230.54,5.994,6.441,0.271,0.247,0.013,-0.13,10.28,9.542,-0.0636,0.0298,0.0402,0.0594,-0.0075,-0.0077,25.08,24.97,15239,18434,1.905,2.304,5.715,6.913,156,156,16,16,0,0,0,0,-0.5472431,-0.26051787,-0.5472431,-0.26051787,-0.34353316,-0.4120588,-0.34353316,-0.4120588,0.23410584,0.22776609,-0.00792488,-0.001102,-0.01584977,-0.01526217,0.85435,0.85435,0.48132179,0.48327967,0,0
2026-09-28T22:34:51.310884+09:00,33222442,eb6c2af2,2026-09-28T22:34:51.310884+09:00,2026-09-28T22:34:51.350567+09:00,rail-left-01,rail-right-01,0.6.7-draft,0.6.7-draft,mqtt,mqtt,296.17,231.49,5.983,6.432,-0.171,-0.145,-0.135,-0.462,10.491,9.536,-0.0662,0.0353,0.0413,0.0606,-0.0083,-0.0092,25.09,24.99,15181,18415,1.898,2.302,5.693,6.906,157,157,16,16,0,0,0,0,-0.56187631,-0.2690455,-0.56187631,-0.2690455,-0.34708078,-0.41743792,-0.34708078,-0.41743792,0.23233203,0.22736774,-0.00711077,-0.00106927,-0.01422154,-0.01477312,0.85435,0.85435,0.48142316,0.48343336,0,0
2026-09-28T22:34:51.330993+09:00,33242552,eb6c2af2,2026-09-28T22:34:51.330993+09:00,2026-09-28T22:34:51.370677+09:00,rail-left-01,rail-right-01,0.6.7-draft,0.6.7-draft,mqtt,mqtt,297.41,232.43,5.97,6.423,-0.073,-0.062,0.086,-0.151,10.112,9.397,-0.0604,0.0294,0.0448,0.0614,-0.014,-0.0056,25.09,24.98,15121,18394,1.89,2.299,5.67,6.898,158,158,16,16,0,0,0,0,,-0.26020557,,-0.26020557,,-0.42149983,,-0.42149983,,0.2267225,,-0.0011116,,-0.01415362,,0.85435,0,0.48354941,0,0
2026-09-28T22:34:51.350967+09:00,33262525,eb6c2af2,2026-09-28T22:34:51.350967+09:00,2026-09-28T22:34:51.390650+09:00,rail-left-01,rail-right-01,0.6.7-draft,0.6.7-draft,mqtt,mqtt,298.61,233.38,5.946,6.428,0.06,0.17,0.099,-0.257,10.404,9.796,-0.06,0.0345,0.0466,0.0612,-0.0148,-0.0099,25.09,24.99,15003,18405,1.875,2.301,5.626,6.902,159,159,16,16,0,0,0,0,,-0.21015912,,-0.21015912,,-0.42536649,,-0.42536649,,0.22631417,,-0.00109803,,-0.0136607,,0.85435,0,0.48365989,0,0
2026-09-28T22:34:51.370995+09:00,33282554,eb6c2af2,2026-09-28T22:34:51.370995+09:00,2026-09-28T22:34:51.410679+09:00,rail-left-01,rail-right-01,0.6.7-draft,0.6.7-draft,mqtt,mqtt,299.85,234.37,5.924,6.43,0.016,0.06,0.33,-0.219,9.919,9.865,-0.0727,0.0326,0.0297,0.0482,-0.0023,-0.0057,25.11,24.98,14893,18410,1.862,2.301,5.585,6.904,160,160,16,16,0,0,0,0,,-0.18484976,,-0.18484976,,-0.4288959,,-0.4288959,,0.2260127,,-0.00106617,,-0.01321226,,0.85435,0,0.48376073,0,0
2026-09-28T22:34:51.505150+09:00,33369820,eb6c2af2,2026-09-28T22:34:51.505150+09:00,2026-09-28T22:34:51.595101+09:00,rail-left-01,rail-right-01,0.6.7-draft,0.6.7-draft,mqtt,mqtt,305.22,238.5,5.942,6.433,-0.044,-0.016,0.041,-0.205,10.374,9.753,-0.0638,0.0258,0.0348,0.0521,-0.0087,-0.0081,25.07,24.99,14984,18416,1.873,2.302,5.619,6.906,161,161,17,17,0,0,0,0,-0.17837967,-0.19218517,-0.17837967,-0.19218517,-0.43103316,-0.44771265,-0.43103316,-0.44771265,0.22624472,0.22482378,-0.00084642,-0.00055235,-0.01192278,-0.00746768,0.85435,0.92935,0.48382179,0.48429835,0,0
2026-09-28T22:34:51.525039+09:00,33389709,eb6c2af2,2026-09-28T22:34:51.525039+09:00,2026-09-28T22:34:51.614990+09:00,rail-left-01,rail-right-01,0.6.7-draft,0.6.7-draft,mqtt,mqtt,306.46,239.44,5.932,6.3,0.104,0.025,0.113,-0.172,10.736,9.693,-0.0621,0.0296,0.0464,0.0624,-0.0105,-0.0115,25.09,24.97,14934,18121,1.867,2.265,5.6,6.795,162,162,17,17,0,0,0,0,-0.17426293,-0.17396195,-0.17426293,-0.17396195,-0.43347176,-0.44414427,-0.43347176,-0.44414427,0.22618917,0.22235584,-0.0007521,-0.00105389,-0.0110367,-0.00583086,0.92935,0.92935,0.48389147,0.4841964,0,0
2026-09-28T22:34:51.545043+09:00,33409713,eb6c2af2,2026-09-28T22:34:51.545043+09:00,2026-09-28T22:34:51.634994+09:00,rail-left-01,rail-right-01,0.6.7-draft,0.6.7-draft,mqtt,mqtt,307.71,240.39,5.924,6.313,-0.095,-0.06,-0.025,-0.008,10.672,9.515,-0.064,0.0301,0.0404,0.0608,-0.0105,-0.0109,25.11,24.99,14892,18150,1.862,2.269,5.585,6.806,163,163,17,17,0,0,0,0,-0.17299407,-0.16560867,-0.17299407,-0.16560867,-0.43606649,-0.44129506,-0.43606649,-0.44129506,0.22593917,0.22029631,-0.00072677,-0.00138791,-0.01039365,-0.00464476,0.92935,0.92935,0.4839656,0.48411499,0,0
2026-09-28T22:34:51.565017+09:00,33429687,eb6c2af2,2026-09-28T22:34:51.565017+09:00,2026-09-28T22:34:51.654968+09:00,rail-left-01,rail-right-01,0.6.7-draft,0.6.7-draft,mqtt,mqtt,308.9,241.33,5.912,6.306,0.09,0.043,0.214,-0.207,10.489,9.807,-0.0622,0.0302,0.0358,0.0573,-0.0079,0.004,25.11,24.97,14834,18134,1.854,2.267,5.563,6.8,164,164,17,17,0,0,0,0,-0.17300228,-0.14787064,-0.17300228,-0.14787064,-0.43898554,-0.43840098,-0.43898554,-0.43840098,0.22542726,0.21825813,-0.0007713,-0.0016719,-0.00997166,-0.00364275,0.92935,0.92935,0.48404901,0.4840323,0,0
2026-09-28T22:34:51.585230+09:00,33449900,eb6c2af2,2026-09-28T22:34:51.585230+09:00,2026-09-28T22:34:51.675181+09:00,rail-left-01,rail-right-01,0.6.7-draft,0.6.7-draft,mqtt,mqtt,310.19,242.33,5.917,6.312,0.026,0.063,-0.048,-0.278,10.271,9.652,-0.0669,0.029,0.0378,0.0598,-0.0069,-0.0073,25.1,25,14857,18149,1.857,2.269,5.571,6.806,165,165,17,17,0,0,0,0,-0.17444736,-0.12933644,-0.17444736,-0.12933644,-0.44141195,-0.43589983,-0.44141195,-0.43589983,0.22507553,0.21645584,-0.00077451,-0.00187708,-0.00952183,-0.00285912,0.92935,0.92935,0.48411833,0.48396084,0,0
2026-09-28T22:34:51.605212+09:00,33469882,eb6c2af2,2026-09-28T22:34:51.605212+09:00,2026-09-28T22:34:51.695163+09:00,rail-left-01,rail-right-01,0.6.7-draft,0.6.7-draft,mqtt,mqtt,311.39,243.27,5.925,6.317,0.01,0.068,0.057,-0.32,10.499,9.661,-0.0662,0.0316,0.0368,0.0558,-0.0096,-0.0061,25.07,25.01,14898,18159,1.862,2.27,5.587,6.81,166,166,17,17,0,0,0,0,-0.17712981,-0.11154691,-0.17712981,-0.11154691,-0.44327954,-0.43372133,-0.44327954,-0.43372133,0.2249283,0.21485046,-0.0007337,-0.00202534,-0.00903301,-0.00223816,0.92935,0.92935,0.48417169,0.4838986,0,0
2026-09-28T22:34:51.624977+09:00,33489647,eb6c2af2,2026-09-28T22:34:51.624977+09:00,2026-09-28T22:34:51.714928+09:00,rail-left-01,rail-right-01,0.6.7-draft,0.6.7-draft,mqtt,mqtt,312.63,244.22,5.925,6.319,-0.102,-0.066,0.049,-0.177,10.515,9.531,-0.0638,0.0318,0.0438,0.0542,-0.012,-0.0071,25.07,24.97,14899,18164,1.862,2.271,5.587,6.812,167,167,17,17,0,0,0,0,-0.18148963,-0.10672441,-0.18148963,-0.10672441,-0.44499149,-0.43174149,-0.44499149,-0.43174149,0.22479334,0.21337667,-0.00069677,-0.00213787,-0.00858917,-0.00172677,0.92935,0.92935,0.4842206,0.48384203,0,0
2026-09-28T22:34:51.645074+09:00,33509744,eb6c2af2,2026-09-28T22:34:51.645074+09:00,2026-09-28T22:34:51.735025+09:00,rail-left-01,rail-right-01,0.6.7-draft,0.6.7-draft,mqtt,mqtt,313.87,245.16,5.933,6.308,0.18,0.142,-0.129,-0.16,10.387,9.786,-0.0642,0.0318,0.0369,0.0522,-0.0129,-0.0065,25.06,24.98,14936,18140,1.867,2.268,5.601,6.803,168,168,17,17,0,0,0,0,-0.18589981,-0.08446316,-0.18589981,-0.08446316,-0.44624649,-0.42954831,-0.44624649,-0.42954831,0.22482917,0.21182553,-0.00062931,-0.00225574,-0.00811528,-0.00123555,0.92935,0.92935,0.48425646,0.48377937,0,0
2026-09-28T22:34:51.665040+09:00,33529710,eb6c2af2,2026-09-28T22:34:51.665040+09:00,2026-09-28T22:34:51.754991+09:00,rail-left-01,rail-right-01,0.6.7-draft,0.6.7-draft,mqtt,mqtt,315.11,246.11,5.936,6.316,0.038,-0.092,0.002,-0.206,10.447,9.761,-0.0632,0.0313,0.045,0.0632,-0.0135,-0.0149,25.06,24.99,14951,18157,1.869,2.27,5.607,6.809,169,169,17,17,0,0,0,0,,-0.08289106,,-0.08289106,,-0.42771943,,-0.42771943,,0.21048329,,-0.00233136,,-0.00085377,,0.92935,0,0.48372712,0,0
2026-09-28T22:34:51.685664+09:00,33550333,eb6c2af2,2026-09-28T22:34:51.685664+09:00,2026-09-28T22:34:51.775614+09:00,rail-left-01,rail-right-01,0.6.7-draft,0.6.7-draft,mqtt,mqtt,316.36,247.1,5.928,6.312,0.081,0.236,0.005,-0.172,10.562,9.792,-0.0735,0.028,0.0346,0.0496,-0.0083,-0.0059,25.08,25,14915,18149,1.864,2.269,5.593,6.806,170,170,17,17,0,0,0,0,,-0.05502927,,-0.05502927,,-0.42588078,,-0.42588078,,0.2091606,,-0.00240022,,-0.00050545,,0.92935,0,0.48367458,0,0
2026-09-28T22:34:51.867970+09:00,33731458,eb6c2af2,2026-09-28T22:34:51.867970+09:00,2026-09-28T22:34:51.909127+09:00,rail-left-01,rail-right-01,0.6.7-draft,0.6.7-draft,mqtt,mqtt,327.49,255.7,5.942,6.307,0.047,0.091,0.001,-0.407,10.391,9.686,-0.0652,0.0326,0.0364,0.0561,-0.0088,-0.0112,25.09,24.97,14983,18137,1.873,2.267,5.619,6.801,171,171,18,18,0,0,0,0,,,,,,,,,,,,,,,,,0,0,0,0
2026-09-28T22:34:51.888154+09:00,33751642,eb6c2af2,2026-09-28T22:34:51.888154+09:00,2026-09-28T22:34:51.929312+09:00,rail-left-01,rail-right-01,0.6.7-draft,0.6.7-draft,mqtt,mqtt,328.74,256.65,6.26,6.295,-0.012,-0.071,0.201,-0.413,10.451,9.477,-0.0657,0.0317,0.0429,0.0616,-0.0077,-0.0071,25.06,24.98,15913,18111,1.989,2.264,5.967,6.792,172,172,18,18,0,0,0,0,,,,,,,,,,,,,,,,,0,0,0,0
2026-09-28T22:34:51.908089+09:00,33771576,eb6c2af2,2026-09-28T22:34:51.908089+09:00,2026-09-28T22:34:51.949246+09:00,rail-left-01,rail-right-01,0.6.7-draft,0.6.7-draft,mqtt,mqtt,329.93,257.59,6.276,6.309,-0.032,-0.011,-0.041,-0.129,10.308,9.65,-0.0678,0.0264,0.0349,0.0549,-0.0077,-0.0101,25.06,24.99,15953,18141,1.994,2.268,5.982,6.803,173,173,18,18,0,0,0,0,,,,,,,,,,,,,,,,,0,0,0,0
2026-09-28T22:34:51.928041+09:00,33791529,eb6c2af2,2026-09-28T22:34:51.928041+09:00,2026-09-28T22:34:51.969198+09:00,rail-left-01,rail-right-01,0.6.7-draft,0.6.7-draft,mqtt,mqtt,331.17,258.58,6.295,6.322,0.029,0.146,0.184,-0.206,10.244,9.645,-0.0663,0.0338,0.0361,0.0614,-0.0063,-0.0041,25.07,24.98,16002,18171,2,2.271,6.001,6.814,174,174,18,18,0,0,0,0,,-0.05327348,,-0.05327348,,-0.40761649,,-0.40761649,,0.21645306,,0.00021488,,0.00475904,,0.92935,0,0.48315275,0,0
2026-09-28T22:34:51.949014+09:00,33812501,eb6c2af2,2026-09-28T22:34:51.949014+09:00,2026-09-28T22:34:51.990170+09:00,rail-left-01,rail-right-01,0.6.7-draft,0.6.7-draft,mqtt,mqtt,332.42,259.58,6.303,6.318,-0.093,-0.051,-0.002,-0.494,10.551,9.772,-0.0671,0.0325,0.0334,0.0526,-0.006,-0.0071,25.08,24.99,16021,18161,2.003,2.27,6.008,6.81,175,175,18,18,0,0,0,0,,-0.0606128,,-0.0606128,,-0.39023136,,-0.39023136,,0.22329728,,0.00177188,,0.00793045,,0.92935,0,0.48265603,0,0
2026-09-28T22:34:51.969026+09:00,33832513,eb6c2af2,2026-09-28T22:34:51.969026+09:00,2026-09-28T22:34:52.010183+09:00,rail-left-01,rail-right-01,0.6.7-draft,0.6.7-draft,mqtt,mqtt,333.66,260.52,6.312,6.295,0.031,-0.034,0.353,-0.226,10.87,10.077,-0.062,0.0366,0.0402,0.0578,-0.0087,-0.0092,25.08,24.98,16044,18110,2.006,2.264,6.017,6.791,176,176,18,18,0,0,0,0,,-0.06618247,,-0.06618247,,-0.37315597,,-0.37315597,,0.22947864,,0.00273924,,0.01013522,,0.92935,0,0.48216816,0,0
2026-09-28T22:34:51.988069+09:00,33851556,eb6c2af2,2026-09-28T22:34:51.988069+09:00,2026-09-28T22:34:52.029225+09:00,rail-left-01,rail-right-01,0.6.7-draft,0.6.7-draft,mqtt,mqtt,334.8,261.42,6.332,6.308,0.119,0.113,-0.126,-0.066,10.507,10.096,-0.0674,0.034,0.0306,0.0542,-0.0073,-0.0041,25.08,24.99,16093,18139,2.012,2.267,6.035,6.802,177,177,18,18,0,0,0,0,,-0.06089034,,-0.06089034,,-0.35728957,,-0.35728957,,0.23550968,,0.00344857,,0.01161763,,0.92935,0,0.48171484,0,0
2026-09-28T22:34:52.008003+09:00,33871491,eb6c2af2,2026-09-28T22:34:52.008003+09:00,2026-09-28T22:34:52.049160+09:00,rail-left-01,rail-right-01,0.6.7-draft,0.6.7-draft,mqtt,mqtt,336.05,262.36,6.38,6.298,-0.006,-0.042,0.063,-0.218,10.49,9.943,-0.0628,0.0281,0.0369,0.0577,-0.0091,-0.0103,25.11,24.99,16212,18118,2.026,2.265,6.08,6.794,178,178,18,18,0,0,0,0,,-0.29666172,,-0.29666172,,0.25563351,,0.25563351,,0.45968917,,0,,0,,0.52935,0,0.4929173,0,0
2026-09-28T22:34:52.028136+09:00,33891624,eb6c2af2,2026-09-28T22:34:52.028136+09:00,2026-09-28T22:34:52.069294+09:00,rail-left-01,rail-right-01,0.6.7-draft,0.6.7-draft,mqtt,mqtt,337.24,263.31,6.43,6.304,0.013,0.138,-0.116,-0.389,10.731,9.4,-0.0663,0.0326,0.0404,0.0546,-0.0049,-0.0028,25.09,24.96,16338,18131,2.042,2.266,6.127,6.799,179,179,18,18,0,0,0,0,,-0.03946476,,-0.03946476,,0.25263351,,0.25263351,,0.46118917,,0.00631579,,-0.01263158,,0.52935,0,0.49296015,0,0
2026-09-28T22:34:52.048068+09:00,33911555,eb6c2af2,2026-09-28T22:34:52.048068+09:00,2026-09-28T22:34:52.089224+09:00,rail-left-01,rail-right-01,0.6.7-draft,0.6.7-draft,mqtt,mqtt,338.43,264.3,6.533,6.334,-0.063,-0.102,-0.308,-0.421,10.336,9.462,-0.0616,0.0346,0.0398,0.0593,-0.0089,-0.0103,25.08,24.99,16594,18197,2.074,2.275,6.223,6.824,180,180,18,18,0,0,0,0,,-0.18547718,,-0.18547718,,0.24163351,,0.24163351,,0.46668917,,0.01863908,,-0.03727817,,0.52935,0,0.4931173,0,0
2026-09-28T22:34:52.148812+09:00,34048453,eb6c2af2,2026-09-28T22:34:52.148812+09:00,2026-09-28T22:34:52.192449+09:00,rail-left-01,rail-right-01,0.6.7-draft,0.6.7-draft,mqtt,mqtt,346.74,270.87,6.606,6.358,0.053,0.006,0.086,-0.229,10.436,9.578,-0.0634,0.0318,0.0436,0.0605,-0.0056,-0.0055,25.07,25.01,16775,18251,2.097,2.281,6.291,6.844,181,181,19,19,0,0,0,0,,,,,,,,,,,,,,,,,0,0,0,0
2026-09-28T22:34:52.168980+09:00,34068621,eb6c2af2,2026-09-28T22:34:52.168980+09:00,2026-09-28T22:34:52.212617+09:00,rail-left-01,rail-right-01,0.6.7-draft,0.6.7-draft,mqtt,mqtt,347.93,271.81,7.732,7.08,0.04,0.002,0.038,-0.215,10.315,9.558,-0.067,0.0305,0.0404,0.0592,-0.006,-0.0085,25.07,24.99,19578,19852,2.447,2.482,7.342,7.445,182,182,19,19,0,0,0,0,,,,,,,,,,,,,,,,,0,0,0,0
2026-09-28T22:34:52.188909+09:00,34088550,eb6c2af2,2026-09-28T22:34:52.188909+09:00,2026-09-28T22:34:52.232546+09:00,rail-left-01,rail-right-01,0.6.7-draft,0.6.7-draft,mqtt,mqtt,349.12,272.75,7.697,7.121,0.004,0.055,0.144,-0.078,10.381,9.795,-0.0641,0.0354,0.039,0.0585,-0.004,-0.0028,25.08,24.95,19492,19944,2.437,2.493,7.31,7.479,183,183,19,19,0,0,0,0,,,,,,,,,,,,,,,,,0,0,0,0
2026-09-28T22:34:52.208887+09:00,34108528,eb6c2af2,2026-09-28T22:34:52.208887+09:00,2026-09-28T22:34:52.252524+09:00,rail-left-01,rail-right-01,0.6.7-draft,0.6.7-draft,mqtt,mqtt,350.31,273.7,7.594,7.115,-0.025,-0.024,0.119,-0.335,10.388,9.454,-0.067,0.033,0.0401,0.0605,-0.0043,-0.0048,25.06,24.98,19235,19929,2.404,2.491,7.213,7.473,184,184,19,19,0,0,0,0,,,,,,,,,,,,,,,,,0,0,0,0
2026-09-28T22:34:52.229191+09:00,34128832,eb6c2af2,2026-09-28T22:34:52.229191+09:00,2026-09-28T22:34:52.272828+09:00,rail-left-01,rail-right-01,0.6.7-draft,0.6.7-draft,mqtt,mqtt,351.56,274.69,7.425,7.04,0,-0.05,-0.037,-0.396,10.483,9.597,-0.0661,0.031,0.0412,0.0626,-0.0065,-0.0071,25.08,24.99,18815,19764,2.352,2.471,7.056,7.412,185,185,19,19,0,0,0,0,,,,,,,,,,,,,,,,,0,0,0,0
2026-09-28T22:34:52.249212+09:00,34148853,eb6c2af2,2026-09-28T22:34:52.249212+09:00,2026-09-28T22:34:52.292849+09:00,rail-left-01,rail-right-01,0.6.7-draft,0.6.7-draft,mqtt,mqtt,352.8,275.64,7.242,6.923,0.06,0.09,0.045,-0.177,10.382,9.675,-0.0677,0.0341,0.0396,0.059,-0.0045,-0.0064,25.07,24.98,18358,19504,2.295,2.438,6.884,7.314,186,186,19,19,0,0,0,0,,,,,,,,,,,,,,,,,0,0,0,0
2026-09-28T22:34:52.268953+09:00,34168594,eb6c2af2,2026-09-28T22:34:52.268953+09:00,2026-09-28T22:34:52.312590+09:00,rail-left-01,rail-right-01,0.6.7-draft,0.6.7-draft,mqtt,mqtt,353.94,276.58,7.132,6.833,0.007,-0.034,0.026,-0.413,10.312,9.886,-0.0703,0.0312,0.0392,0.0606,-0.0069,-0.0083,25.06,25,18085,19305,2.261,2.413,6.782,7.239,187,187,19,19,0,0,0,0,,,,,,,,,,,,,,,,,0,0,0,0
2026-09-28T22:34:52.288899+09:00,34188540,eb6c2af2,2026-09-28T22:34:52.288899+09:00,2026-09-28T22:34:52.332536+09:00,rail-left-01,rail-right-01,0.6.7-draft,0.6.7-draft,mqtt,mqtt,355.19,277.58,6.966,6.659,0.04,0.081,0.086,-0.178,10.469,9.789,-0.065,0.0364,0.0428,0.0552,-0.0061,-0.0089,25.08,24.98,17672,18917,2.209,2.365,6.627,7.094,188,188,19,19,0,0,0,0,,,,,,,,,,,,,,,,,0,0,0,0
2026-09-28T22:34:52.308841+09:00,34208482,eb6c2af2,2026-09-28T22:34:52.308841+09:00,2026-09-28T22:34:52.352478+09:00,rail-left-01,rail-right-01,0.6.7-draft,0.6.7-draft,mqtt,mqtt,356.38,278.52,6.835,6.505,0.004,-0.065,0.122,-0.389,10.669,9.712,-0.0675,0.0361,0.0413,0.056,-0.0085,-0.0052,25.09,24.98,17345,18577,2.168,2.322,6.504,6.966,189,189,19,19,0,0,0,0,,-0.34955859,,-0.34955859,,0.24788351,,0.24788351,,0.51806417,,0.01196647,,0.00137203,,0.57535,0,0.49458515,0,0
2026-09-28T22:34:52.328929+09:00,34228570,eb6c2af2,2026-09-28T22:34:52.328929+09:00,2026-09-28T22:34:52.372566+09:00,rail-left-01,rail-right-01,0.6.7-draft,0.6.7-draft,mqtt,mqtt,357.62,279.47,6.751,6.362,0.007,-0.055,0.087,-0.3,10.382,9.726,-0.0624,0.0304,0.0365,0.0613,-0.0101,-0.0091,25.1,24.97,17136,18259,2.142,2.282,6.426,6.847,190,190,19,19,0,0,0,0,,-0.30700108,,-0.30700108,,0.28023351,,0.28023351,,0.53458917,,0.00970045,,0.00557229,,0.57535,0,0.4950573,0,0
2026-09-28T22:34:52.456642+09:00,34329583,eb6c2af2,2026-09-28T22:34:52.456642+09:00,2026-09-28T22:34:52.538556+09:00,rail-left-01,rail-right-01,0.6.7-draft,0.6.7-draft,mqtt,mqtt,363.74,284.29,6.72,6.309,0.072,0.048,0.152,-0.087,10.788,9.839,-0.0654,0.0305,0.0428,0.0564,-0.0085,-0.0008,25.06,24.99,17058,18141,2.132,2.268,6.397,6.803,191,191,20,20,0,0,0,0,,,,,,,,,,,,,,,,,0,0,0,0
2026-09-28T22:34:52.476765+09:00,34349706,eb6c2af2,2026-09-28T22:34:52.476765+09:00,2026-09-28T22:34:52.558679+09:00,rail-left-01,rail-right-01,0.6.7-draft,0.6.7-draft,mqtt,mqtt,364.93,285.23,6.601,6.146,0.011,-0.008,0.12,-0.329,10.387,9.834,-0.067,0.0313,0.0454,0.0593,-0.0072,-0.0101,25.08,25,16763,17779,2.095,2.222,6.286,6.667,192,192,20,20,0,0,0,0,,,,,,,,,,,,,,,,,0,0,0,0
2026-09-28T22:34:52.496773+09:00,34369714,eb6c2af2,2026-09-28T22:34:52.496773+09:00,2026-09-28T22:34:52.578687+09:00,rail-left-01,rail-right-01,0.6.7-draft,0.6.7-draft,mqtt,mqtt,366.13,286.23,6.597,6.172,0.147,0.145,-0.032,-0.111,10.356,9.676,-0.065,0.0334,0.0412,0.0572,-0.0021,-0.0048,25.07,24.97,16754,17837,2.094,2.23,6.283,6.689,193,193,20,20,0,0,0,0,,,,,,,,,,,,,,,,,0,0,0,0
2026-09-28T22:34:52.516734+09:00,34389675,eb6c2af2,2026-09-28T22:34:52.516734+09:00,2026-09-28T22:34:52.598648+09:00,rail-left-01,rail-right-01,0.6.7-draft,0.6.7-draft,mqtt,mqtt,367.37,287.17,6.602,6.184,-0.134,-0.127,0.121,-0.363,10.596,9.801,-0.0645,0.034,0.0394,0.0565,-0.004,-0.0041,25.09,24.97,16766,17864,2.096,2.233,6.287,6.699,194,194,20,20,0,0,0,0,,,,,,,,,,,,,,,,,0,0,0,0
2026-09-28T22:34:52.536786+09:00,34409727,eb6c2af2,2026-09-28T22:34:52.536786+09:00,2026-09-28T22:34:52.618700+09:00,rail-left-01,rail-right-01,0.6.7-draft,0.6.7-draft,mqtt,mqtt,368.56,288.12,6.618,6.2,0.171,0.153,-0.318,-0.247,10.376,9.791,-0.0645,0.0342,0.0376,0.0572,-0.0033,-0.0073,25.08,24.97,16804,17899,2.101,2.237,6.302,6.712,195,195,20,20,0,0,0,0,,,,,,,,,,,,,,,,,0,0,0,0
2026-09-28T22:34:52.556785+09:00,34429726,eb6c2af2,2026-09-28T22:34:52.556785+09:00,2026-09-28T22:34:52.638699+09:00,rail-left-01,rail-right-01,0.6.7-draft,0.6.7-draft,mqtt,mqtt,369.8,289.06,6.635,6.22,-0.102,-0.115,0.175,-0.199,10.356,9.59,-0.0675,0.0325,0.0384,0.0596,-0.0057,-0.0101,25.07,24.99,16847,17943,2.106,2.243,6.318,6.729,196,196,20,20,0,0,0,0,,,,,,,,,,,,,,,,,0,0,0,0
2026-09-28T22:34:52.576780+09:00,34449721,eb6c2af2,2026-09-28T22:34:52.576780+09:00,2026-09-28T22:34:52.658694+09:00,rail-left-01,rail-right-01,0.6.7-draft,0.6.7-draft,mqtt,mqtt,371,290.01,6.641,6.231,0.072,0.086,0.235,-0.266,10.392,9.519,-0.0677,0.0333,0.0436,0.0556,0.0011,-0.0028,25.09,24.97,16862,17968,2.108,2.246,6.323,6.738,197,197,20,20,0,0,0,0,,,,,,,,,,,,,,,,,0,0,0,0
2026-09-28T22:34:52.596747+09:00,34469688,eb6c2af2,2026-09-28T22:34:52.596747+09:00,2026-09-28T22:34:52.678661+09:00,rail-left-01,rail-right-01,0.6.7-draft,0.6.7-draft,mqtt,mqtt,372.19,291,6.634,6.256,0.068,0.044,0.093,-0.073,10.374,9.651,-0.0679,0.0318,0.0418,0.0598,0.0021,-0.0052,25.08,24.97,16846,18024,2.106,2.253,6.317,6.759,198,198,20,20,0,0,0,0,,,,,,,,,,,,,,,,,0,0,0,0
2026-09-28T22:34:52.616696+09:00,34489637,eb6c2af2,2026-09-28T22:34:52.616696+09:00,2026-09-28T22:34:52.698610+09:00,rail-left-01,rail-right-01,0.6.7-draft,0.6.7-draft,mqtt,mqtt,373.43,291.95,6.646,6.28,-0.044,0.014,0.001,-0.237,10.344,9.77,-0.0628,0.0345,0.0398,0.0618,-0.0027,-0.006,25.07,24.98,16874,18078,2.109,2.26,6.328,6.779,199,199,20,20,0,0,0,0,,,,,,,,,,,,,,,,,0,0,0,0
2026-09-28T22:34:52.637793+09:00,34510734,eb6c2af2,2026-09-28T22:34:52.637793+09:00,2026-09-28T22:34:52.719707+09:00,rail-left-01,rail-right-01,0.6.7-draft,0.6.7-draft,mqtt,mqtt,374.73,292.94,6.628,6.293,-0.005,-0.042,-0.002,-0.382,10.488,9.77,-0.0677,0.0341,0.0396,0.0576,-0.0037,-0.0041,25.08,24.99,16831,18107,2.104,2.263,6.312,6.79,200,200,20,20,0,0,0,0,,,,,,,,,,,,,,,,,0,0,0,0
2026-09-28T22:34:52.818695+09:00,34675456,eb6c2af2,2026-09-28T22:34:52.818695+09:00,2026-09-28T22:34:52.862492+09:00,rail-left-01,rail-right-01,0.6.7-draft,0.6.7-draft,mqtt,mqtt,384.72,300.8,6.622,6.292,-0.044,-0.024,0.019,-0.248,10.366,9.79,-0.0652,0.0332,0.0364,0.0552,-0.0083,0,25.08,24.97,16814,18104,2.102,2.263,6.305,6.789,201,201,21,21,0,0,0,0,,,,,,,,,,,,,,,,,0,0,0,0
2026-09-28T22:34:52.838841+09:00,34695601,eb6c2af2,2026-09-28T22:34:52.838841+09:00,2026-09-28T22:34:52.882637+09:00,rail-left-01,rail-right-01,0.6.7-draft,0.6.7-draft,mqtt,mqtt,385.96,301.74,6.54,6.32,0.02,0.051,0.011,-0.385,10.463,9.749,-0.0644,0.03,0.0445,0.0594,-0.0132,-0.0079,25.08,24.98,16611,18167,2.076,2.271,6.229,6.813,202,202,21,21,0,0,0,0,,,,,,,,,,,,,,,,,0,0,0,0
2026-09-28T22:34:52.858784+09:00,34715544,eb6c2af2,2026-09-28T22:34:52.858784+09:00,2026-09-28T22:34:52.902580+09:00,rail-left-01,rail-right-01,0.6.7-draft,0.6.7-draft,mqtt,mqtt,387.16,302.68,6.511,6.331,-0.054,-0.047,-0.024,-0.135,10.682,9.736,-0.0637,0.0268,0.0357,0.0572,-0.0092,-0.0065,25.07,24.97,16539,18191,2.067,2.274,6.202,6.822,203,203,21,21,0,0,0,0,,,,,,,,,,,,,,,,,0,0,0,0
2026-09-28T22:34:52.878828+09:00,34735588,eb6c2af2,2026-09-28T22:34:52.878828+09:00,2026-09-28T22:34:52.922624+09:00,rail-left-01,rail-right-01,0.6.7-draft,0.6.7-draft,mqtt,mqtt,388.4,303.63,6.52,6.321,0.123,0.091,0.226,-0.445,10.677,9.746,-0.0693,0.0293,0.0386,0.054,-0.006,-0.0007,25.08,24.98,16561,18168,2.07,2.271,6.21,6.813,204,204,21,21,0,0,0,0,,,,,,,,,,,,,,,,,0,0,0,0
2026-09-28T22:34:52.898916+09:00,34755677,eb6c2af2,2026-09-28T22:34:52.898916+09:00,2026-09-28T22:34:52.942713+09:00,rail-left-01,rail-right-01,0.6.7-draft,0.6.7-draft,mqtt,mqtt,389.59,304.57,6.524,6.31,-0.061,-0.01,-0.201,-0.196,10.475,9.969,-0.0693,0.0306,0.0386,0.0562,-0.0047,-0.0028,25.08,24.95,16570,18144,2.071,2.268,6.214,6.804,205,205,21,21,0,0,0,0,,,,,,,,,,,,,,,,,0,0,0,0
2026-09-28T22:34:52.918928+09:00,34775688,eb6c2af2,2026-09-28T22:34:52.918928+09:00,2026-09-28T22:34:52.962724+09:00,rail-left-01,rail-right-01,0.6.7-draft,0.6.7-draft,mqtt,mqtt,390.84,305.57,6.515,6.283,0.008,0.047,-0.024,-0.233,10.351,9.908,-0.077,0.0256,0.0338,0.0509,0.0001,-0.0024,25.09,24.99,16549,18083,2.069,2.26,6.206,6.781,206,206,21,21,0,0,0,0,,,,,,,,,,,,,,,,,0,0,0,0
2026-09-28T22:34:52.938841+09:00,34795601,eb6c2af2,2026-09-28T22:34:52.938841+09:00,2026-09-28T22:34:52.982637+09:00,rail-left-01,rail-right-01,0.6.7-draft,0.6.7-draft,mqtt,mqtt,392.03,306.51,6.569,6.256,-0.067,-0.08,-0.029,-0.119,10.557,9.402,-0.0624,0.0269,0.0236,0.0452,-0.0015,-0.0011,25.07,24.95,16682,18024,2.085,2.253,6.256,6.759,207,207,21,21,0,0,0,0,,,,,,,,,,,,,,,,,0,0,0,0
2026-09-28T22:34:52.958835+09:00,34815595,eb6c2af2,2026-09-28T22:34:52.958835+09:00,2026-09-28T22:34:53.002631+09:00,rail-left-01,rail-right-01,0.6.7-draft,0.6.7-draft,mqtt,mqtt,393.27,307.46,6.647,6.194,0.128,0.111,0.192,-0.405,10.466,9.815,-0.0609,0.0233,0.0268,0.0493,-0.0088,-0.0083,25.08,24.97,16878,17886,2.11,2.236,6.329,6.707,208,208,21,21,0,0,0,0,,,,,,,,,,,,,,,,,0,0,0,0
2026-09-28T22:34:52.978766+09:00,34835526,eb6c2af2,2026-09-28T22:34:52.978766+09:00,2026-09-28T22:34:53.022562+09:00,rail-left-01,rail-right-01,0.6.7-draft,0.6.7-draft,mqtt,mqtt,394.46,308.4,6.67,6.169,0.019,0.017,-0.028,-0.135,10.244,9.673,-0.0648,0.0256,0.0369,0.0582,-0.0063,-0.0072,25.09,24.97,16934,17832,2.117,2.229,6.35,6.687,209,209,21,21,0,0,0,0,,,,,,,,,,,,,,,,,0,0,0,0
2026-09-28T22:34:52.998928+09:00,34855688,eb6c2af2,2026-09-28T22:34:52.998928+09:00,2026-09-28T22:34:53.042724+09:00,rail-left-01,rail-right-01,0.6.7-draft,0.6.7-draft,mqtt,mqtt,395.71,309.35,6.67,6.175,-0.013,-0.022,0.145,-0.194,10.539,9.481,-0.064,0.0349,0.0434,0.058,-0.0101,-0.0064,25.08,24.99,16934,17844,2.117,2.231,6.35,6.692,210,210,21,21,0,0,0,0,,,,,,,,,,,,,,,,,0,0,0,0
2026-09-28T22:34:53.141010+09:00,34999423,eb6c2af2,2026-09-28T22:34:53.141010+09:00,2026-09-28T22:34:53.185803+09:00,rail-left-01,rail-right-01,0.6.7-draft,0.6.7-draft,mqtt,mqtt,404.41,316.21,6.666,6.179,0.05,0.06,0.013,-0.333,10.421,9.578,-0.061,0.0278,0.0368,0.0585,-0.0111,-0.0035,25.08,24.98,16924,17853,2.116,2.232,6.347,6.695,211,211,22,22,0,0,0,0,,,,,,,,,,,,,,,,,0,0,0,0
2026-09-28T22:34:53.161155+09:00,35019568,eb6c2af2,2026-09-28T22:34:53.161155+09:00,2026-09-28T22:34:53.205948+09:00,rail-left-01,rail-right-01,0.6.7-draft,0.6.7-draft,mqtt,mqtt,405.65,317.15,6.597,6.227,-0.004,-0.072,0.08,-0.333,10.44,9.705,-0.0641,0.0316,0.043,0.0689,-0.014,-0.0091,25.07,24.98,16752,17960,2.094,2.245,6.282,6.735,212,212,22,22,0,0,0,0,,,,,,,,,,,,,,,,,0,0,0,0
2026-09-28T22:34:53.181111+09:00,35039524,eb6c2af2,2026-09-28T22:34:53.181111+09:00,2026-09-28T22:34:53.225904+09:00,rail-left-01,rail-right-01,0.6.7-draft,0.6.7-draft,mqtt,mqtt,406.84,318.15,6.582,6.245,-0.153,-0.092,-0.013,-0.034,10.435,9.796,-0.0657,0.0332,0.0376,0.0554,-0.0039,0.0035,25.09,24.97,16716,18000,2.09,2.25,6.269,6.75,213,213,22,22,0,0,0,0,,,,,,,,,,,,,,,,,0,0,0,0
2026-09-28T22:34:53.201212+09:00,35059625,eb6c2af2,2026-09-28T22:34:53.201212+09:00,2026-09-28T22:34:53.246005+09:00,rail-left-01,rail-right-01,0.6.7-draft,0.6.7-draft,mqtt,mqtt,408.09,319.09,6.563,6.258,0.217,0.142,0.198,-0.304,10.775,9.94,-0.0634,0.0302,0.0448,0.059,-0.0085,-0.0056,25.08,24.97,16669,18029,2.084,2.254,6.251,6.761,214,214,22,22,0,0,0,0,,,,,,,,,,,,,,,,,0,0,0,0
2026-09-28T22:34:53.221254+09:00,35079667,eb6c2af2,2026-09-28T22:34:53.221254+09:00,2026-09-28T22:34:53.266047+09:00,rail-left-01,rail-right-01,0.6.7-draft,0.6.7-draft,mqtt,mqtt,409.28,320.04,6.576,6.276,-0.087,-0.102,0.004,-0.115,10.466,9.772,-0.0655,0.0312,0.0414,0.0565,-0.0048,-0.0045,25.09,24.96,16700,18069,2.088,2.259,6.263,6.776,215,215,22,22,0,0,0,0,,,,,,,,,,,,,,,,,0,0,0,0
2026-09-28T22:34:53.241225+09:00,35099638,eb6c2af2,2026-09-28T22:34:53.241225+09:00,2026-09-28T22:34:53.286018+09:00,rail-left-01,rail-right-01,0.6.7-draft,0.6.7-draft,mqtt,mqtt,410.52,320.98,6.571,6.276,0.14,0.15,-0.022,-0.069,10.581,9.765,-0.0609,0.0312,0.0416,0.057,-0.0059,-0.0036,25.09,24.96,16689,18068,2.086,2.259,6.258,6.776,216,216,22,22,0,0,0,0,,,,,,,,,,,,,,,,,0,0,0,0
2026-09-28T22:34:53.261135+09:00,35119548,eb6c2af2,2026-09-28T22:34:53.261135+09:00,2026-09-28T22:34:53.305928+09:00,rail-left-01,rail-right-01,0.6.7-draft,0.6.7-draft,mqtt,mqtt,411.72,321.93,6.562,6.283,-0.117,-0.123,0.148,-0.256,10.803,9.779,-0.0562,0.0262,0.0294,0.0484,-0.0059,-0.0069,25.1,24.97,16665,18083,2.083,2.26,6.249,6.781,217,217,22,22,0,0,0,0,,,,,,,,,,,,,,,,,0,0,0,0
2026-09-28T22:34:53.281111+09:00,35139524,eb6c2af2,2026-09-28T22:34:53.281111+09:00,2026-09-28T22:34:53.325904+09:00,rail-left-01,rail-right-01,0.6.7-draft,0.6.7-draft,mqtt,mqtt,412.96,322.87,6.62,6.266,0.024,0.024,0.024,-0.372,10.478,9.561,-0.0572,0.0248,0.0277,0.05,-0.0071,-0.0096,25.07,24.99,16810,18046,2.101,2.256,6.304,6.767,218,218,22,22,0,0,0,0,,,,,,,,,,,,,,,,,0,0,0,0
2026-09-28T22:34:53.301087+09:00,35159500,eb6c2af2,2026-09-28T22:34:53.301087+09:00,2026-09-28T22:34:53.345880+09:00,rail-left-01,rail-right-01,0.6.7-draft,0.6.7-draft,mqtt,mqtt,414.15,323.82,6.656,6.238,0,0.031,0.314,-0.267,10.461,9.406,-0.0605,0.0337,0.0425,0.0505,-0.0089,-0.0119,25.09,24.96,16900,17985,2.113,2.248,6.338,6.744,219,219,22,22,0,0,0,0,,,,,,,,,,,,,,,,,0,0,0,0
2026-09-28T22:34:53.321495+09:00,35179908,eb6c2af2,2026-09-28T22:34:53.321495+09:00,2026-09-28T22:34:53.366288+09:00,rail-left-01,rail-right-01,0.6.7-draft,0.6.7-draft,mqtt,mqtt,415.4,324.81,6.688,6.263,-0.028,0.022,-0.041,-0.175,10.281,9.485,-0.0604,0.0333,0.0396,0.0582,-0.0053,-0.0089,25.08,24.96,16979,18039,2.122,2.255,6.367,6.765,220,220,22,22,0,0,0,0,,,,,,,,,,,,,,,,,0,0,0,0
2026-09-28T22:34:53.454268+09:00,35322454,eb6c2af2,2026-09-28T22:34:53.454268+09:00,2026-09-28T22:34:53.492426+09:00,rail-left-01,rail-right-01,0.6.7-draft,0.6.7-draft,mqtt,mqtt,424.1,331.57,6.693,6.266,0.022,-0.024,0.054,-0.358,10.372,9.377,-0.065,0.032,0.0432,0.059,-0.0073,-0.0013,25.07,24.94,16992,18046,2.124,2.256,6.372,6.767,221,221,23,23,0,0,0,0,,,,,,,,,,,,,,,,,0,0,0,0
2026-09-28T22:34:53.474437+09:00,35342623,eb6c2af2,2026-09-28T22:34:53.474437+09:00,2026-09-28T22:34:53.512595+09:00,rail-left-01,rail-right-01,0.6.7-draft,0.6.7-draft,mqtt,mqtt,425.34,332.52,6.679,6.289,-0.055,-0.051,0.085,-0.044,10.422,9.714,-0.059,0.0345,0.0405,0.0561,-0.0131,-0.0075,25.08,24.97,16956,18098,2.12,2.262,6.359,6.787,222,222,23,23,0,0,0,0,,,,,,,,,,,,,,,,,0,0,0,0
2026-09-28T22:34:53.494456+09:00,35362642,eb6c2af2,2026-09-28T22:34:53.494456+09:00,2026-09-28T22:34:53.532614+09:00,rail-left-01,rail-right-01,0.6.7-draft,0.6.7-draft,mqtt,mqtt,426.58,333.46,6.673,6.301,0.117,0.093,0.152,-0.069,10.319,9.694,-0.0633,0.0314,0.0386,0.0558,-0.0077,-0.0069,25.05,24.99,16943,18123,2.118,2.265,6.354,6.796,223,223,23,23,0,0,0,0,,,,,,,,,,,,,,,,,0,0,0,0
2026-09-28T22:34:53.514371+09:00,35382557,eb6c2af2,2026-09-28T22:34:53.514371+09:00,2026-09-28T22:34:53.552529+09:00,rail-left-01,rail-right-01,0.6.7-draft,0.6.7-draft,mqtt,mqtt,427.78,334.41,6.694,6.305,-0.126,-0.045,0.277,-0.512,10.404,9.625,-0.0679,0.035,0.0372,0.0549,-0.0099,-0.008,25.09,24.98,16995,18133,2.124,2.267,6.373,6.8,224,224,23,23,0,0,0,0,,,,,,,,,,,,,,,,,0,0,0,0
2026-09-28T22:34:53.534627+09:00,35402813,eb6c2af2,2026-09-28T22:34:53.534627+09:00,2026-09-28T22:34:53.572785+09:00,rail-left-01,rail-right-01,0.6.7-draft,0.6.7-draft,mqtt,mqtt,429.02,335.4,6.707,6.304,0.047,0.032,-0.063,-0.259,10.429,9.604,-0.067,0.0353,0.0388,0.0558,-0.0093,-0.0044,25.08,24.99,17027,18131,2.128,2.266,6.385,6.799,225,225,23,23,0,0,0,0,,,,,,,,,,,,,,,,,0,0,0,0
2026-09-28T22:34:53.554637+09:00,35422822,eb6c2af2,2026-09-28T22:34:53.554637+09:00,2026-09-28T22:34:53.592794+09:00,rail-left-01,rail-right-01,0.6.7-draft,0.6.7-draft,mqtt,mqtt,430.26,336.34,6.695,6.306,0.02,0.04,0.108,-0.311,10.479,9.746,-0.0606,0.0358,0.0409,0.0601,-0.0108,-0.0052,25.1,24.98,16997,18136,2.125,2.267,6.374,6.801,226,226,23,23,0,0,0,0,,,,,,,,,,,,,,,,,0,0,0,0
2026-09-28T22:34:53.574423+09:00,35442609,eb6c2af2,2026-09-28T22:34:53.574423+09:00,2026-09-28T22:34:53.612581+09:00,rail-left-01,rail-right-01,0.6.7-draft,0.6.7-draft,mqtt,mqtt,431.5,337.29,6.681,6.306,-0.024,-0.055,-0.031,-0.138,10.387,9.796,-0.0609,0.032,0.0396,0.0601,-0.0117,-0.0093,25.08,24.98,16962,18136,2.12,2.267,6.361,6.801,227,227,23,23,0,0,0,0,,,,,,,,,,,,,,,,,0,0,0,0
2026-09-28T22:34:53.594445+09:00,35462630,eb6c2af2,2026-09-28T22:34:53.594445+09:00,2026-09-28T22:34:53.632602+09:00,rail-left-01,rail-right-01,0.6.7-draft,0.6.7-draft,mqtt,mqtt,432.7,338.23,6.649,6.306,0.057,0.026,0.2,-0.481,10.588,9.591,-0.0675,0.0326,0.045,0.0614,-0.012,-0.0069,25.07,24.97,16883,18134,2.11,2.267,6.331,6.8,228,228,23,23,0,0,0,0,,,,,,,,,,,,,,,,,0,0,0,0
2026-09-28T22:34:53.614403+09:00,35482589,eb6c2af2,2026-09-28T22:34:53.614403+09:00,2026-09-28T22:34:53.652561+09:00,rail-left-01,rail-right-01,0.6.7-draft,0.6.7-draft,mqtt,mqtt,433.94,339.18,6.64,6.314,-0.065,-0.036,-0.072,-0.071,10.423,9.714,-0.0673,0.0356,0.042,0.0577,-0.01,-0.0035,25.09,24.99,16859,18152,2.107,2.269,6.322,6.807,229,229,23,23,0,0,0,0,,,,,,,,,,,,,,,,,0,0,0,0
2026-09-28T22:34:53.634631+09:00,35502817,eb6c2af2,2026-09-28T22:34:53.634631+09:00,2026-09-28T22:34:53.672789+09:00,rail-left-01,rail-right-01,0.6.7-draft,0.6.7-draft,mqtt,mqtt,435.18,340.12,6.629,6.31,0.099,0.104,0.128,-0.146,10.433,9.67,-0.0667,0.0368,0.0361,0.056,-0.0097,-0.0051,25.08,24.98,16832,18143,2.104,2.268,6.312,6.804,230,230,23,23,0,0,0,0,,,,,,,,,,,,,,,,,0,0,0,0
2026-09-28T22:34:53.758709+09:00,35629457,eb6c2af2,2026-09-28T22:34:53.758709+09:00,2026-09-28T22:34:53.798871+09:00,rail-left-01,rail-right-01,0.6.7-draft,0.6.7-draft,mqtt,mqtt,442.99,346.14,6.628,6.298,-0.04,-0.025,-0.023,-0.03,10.515,9.87,-0.0646,0.0364,0.0418,0.0634,-0.0075,-0.0043,25.06,24.94,16831,18117,2.104,2.265,6.312,6.794,231,231,24,24,0,0,0,0,,,,,,,,,,,,,,,,,0,0,0,0
2026-09-28T22:34:53.778840+09:00,35649588,eb6c2af2,2026-09-28T22:34:53.778840+09:00,2026-09-28T22:34:53.819002+09:00,rail-left-01,rail-right-01,0.6.7-draft,0.6.7-draft,mqtt,mqtt,444.23,347.13,6.527,6.315,-0.01,-0.066,0.048,-0.397,10.455,9.787,-0.0658,0.0334,0.0369,0.0601,-0.0064,0.0001,25.08,24.98,16579,18155,2.072,2.269,6.217,6.808,232,232,24,24,0,0,0,0,,,,,,,,,,,,,,,,,0,0,0,0
2026-09-28T22:34:53.798820+09:00,35669568,eb6c2af2,2026-09-28T22:34:53.798820+09:00,2026-09-28T22:34:53.838982+09:00,rail-left-01,rail-right-01,0.6.7-draft,0.6.7-draft,mqtt,mqtt,445.48,348.08,6.491,6.3,-0.056,0.103,0.105,-0.119,10.702,9.656,-0.0636,0.0349,0.0448,0.0596,-0.0149,-0.0119,25.09,24.98,16488,18122,2.061,2.265,6.183,6.796,233,233,24,24,0,0,0,0,,,,,,,,,,,,,,,,,0,0,0,0
2026-09-28T22:34:53.818811+09:00,35689559,eb6c2af2,2026-09-28T22:34:53.818811+09:00,2026-09-28T22:34:53.858973+09:00,rail-left-01,rail-right-01,0.6.7-draft,0.6.7-draft,mqtt,mqtt,446.72,349.02,6.43,6.319,0.026,-0.08,0.085,-0.369,10.285,9.47,-0.0568,0.0313,0.0456,0.0649,-0.008,-0.0003,25.06,24.99,16338,18164,2.042,2.271,6.127,6.812,234,234,24,24,0,0,0,0,,,,,,,,,,,,,,,,,0,0,0,0
2026-09-28T22:34:53.839031+09:00,35709779,eb6c2af2,2026-09-28T22:34:53.839031+09:00,2026-09-28T22:34:53.879193+09:00,rail-left-01,rail-right-01,0.6.7-draft,0.6.7-draft,mqtt,mqtt,447.96,349.97,6.442,6.32,-0.005,-0.008,-0.055,-0.201,10.882,9.61,-0.0698,0.0374,0.0384,0.0541,-0.0125,-0.0065,25.07,24.95,16367,18166,2.046,2.271,6.138,6.812,235,235,24,24,0,0,0,0,,,,,,,,,,,,,,,,,0,0,0,0
2026-09-28T22:34:53.859018+09:00,35729766,eb6c2af2,2026-09-28T22:34:53.859018+09:00,2026-09-28T22:34:53.899180+09:00,rail-left-01,rail-right-01,0.6.7-draft,0.6.7-draft,mqtt,mqtt,449.2,350.96,6.466,6.325,0.019,0.03,0.084,-0.178,10.309,10.189,-0.0685,0.0354,0.0356,0.0565,-0.0107,-0.0011,25.08,24.98,16427,18176,2.053,2.272,6.16,6.816,236,236,24,24,0,0,0,0,,,,,,,,,,,,,,,,,0,0,0,0
2026-09-28T22:34:53.878785+09:00,35749533,eb6c2af2,2026-09-28T22:34:53.878785+09:00,2026-09-28T22:34:53.918947+09:00,rail-left-01,rail-right-01,0.6.7-draft,0.6.7-draft,mqtt,mqtt,450.4,351.91,6.471,6.331,0.081,0.101,0.189,-0.101,10.461,9.94,-0.064,0.0325,0.0433,0.0612,-0.0124,-0.0059,25.09,25,16439,18191,2.055,2.274,6.165,6.822,237,237,24,24,0,0,0,0,,,,,,,,,,,,,,,,,0,0,0,0
2026-09-28T22:34:53.898873+09:00,35769621,eb6c2af2,2026-09-28T22:34:53.898873+09:00,2026-09-28T22:34:53.939035+09:00,rail-left-01,rail-right-01,0.6.7-draft,0.6.7-draft,mqtt,mqtt,451.64,352.85,6.446,6.352,0.05,0.022,-0.13,-0.268,10.448,9.647,-0.0658,0.0382,0.0446,0.0598,-0.0067,-0.0003,25.08,24.99,16376,18238,2.047,2.28,6.141,6.839,238,238,24,24,0,0,0,0,,,,,,,,,,,,,,,,,0,0,0,0
2026-09-28T22:34:53.918825+09:00,35789573,eb6c2af2,2026-09-28T22:34:53.918825+09:00,2026-09-28T22:34:53.958987+09:00,rail-left-01,rail-right-01,0.6.7-draft,0.6.7-draft,mqtt,mqtt,452.88,353.8,6.419,6.355,-0.044,-0.044,0.074,-0.108,10.405,9.699,-0.0616,0.0306,0.0436,0.057,-0.0109,-0.0081,25.08,24.96,16310,18244,2.039,2.281,6.116,6.842,239,239,24,24,0,0,0,0,,,,,,,,,,,,,,,,,0,0,0,0
2026-09-28T22:34:53.939060+09:00,35809808,eb6c2af2,2026-09-28T22:34:53.939060+09:00,2026-09-28T22:34:53.979222+09:00,rail-left-01,rail-right-01,0.6.7-draft,0.6.7-draft,mqtt,mqtt,454.13,354.74,6.391,6.37,0.012,0.001,0.01,-0.299,10.631,9.725,-0.0629,0.0337,0.0457,0.0622,-0.0097,-0.0059,25.09,24.97,16240,18278,2.03,2.285,6.09,6.854,240,240,24,24,0,0,0,0,,,,,,,,,,,,,,,,,0,0,0,0
2026-09-28T22:34:54.035117+09:00,35936417,eb6c2af2,2026-09-28T22:34:54.035117+09:00,2026-09-28T22:34:54.120111+09:00,rail-left-01,rail-right-01,0.6.7-draft,0.6.7-draft,mqtt,mqtt,461.98,360.76,6.38,6.379,-0.001,0.002,0.18,-0.115,10.402,9.7,-0.0629,0.0309,0.0352,0.0549,-0.0101,-0.0087,25.07,24.95,16212,18297,2.026,2.287,6.08,6.861,241,241,25,25,0,0,0,0,,,,,,,,,,,,,,,,,0,0,0,0
2026-09-28T22:34:54.055254+09:00,35956554,eb6c2af2,2026-09-28T22:34:54.055254+09:00,2026-09-28T22:34:54.140248+09:00,rail-left-01,rail-right-01,0.6.7-draft,0.6.7-draft,mqtt,mqtt,463.23,361.75,6.395,6.424,0.059,0.066,0.239,-0.35,10.476,9.655,-0.0641,0.0325,0.0401,0.0553,-0.0092,-0.006,25.1,24.99,16250,18397,2.031,2.3,6.094,6.899,242,242,25,25,0,0,0,0,,,,,,,,,,,,,,,,,0,0,0,0
2026-09-28T22:34:54.075247+09:00,35976547,eb6c2af2,2026-09-28T22:34:54.075247+09:00,2026-09-28T22:34:54.160241+09:00,rail-left-01,rail-right-01,0.6.7-draft,0.6.7-draft,mqtt,mqtt,464.47,362.69,6.412,6.441,-0.083,-0.087,0.103,-0.26,10.481,9.524,-0.0694,0.032,0.0389,0.0544,-0.0079,-0.0076,25.09,24.97,16293,18435,2.037,2.304,6.11,6.913,243,243,25,25,0,0,0,0,,,,,,,,,,,,,,,,,0,0,0,0
2026-09-28T22:34:54.095205+09:00,35996505,eb6c2af2,2026-09-28T22:34:54.095205+09:00,2026-09-28T22:34:54.180199+09:00,rail-left-01,rail-right-01,0.6.7-draft,0.6.7-draft,mqtt,mqtt,465.71,363.64,6.492,6.45,0.071,0.061,-0.004,-0.261,10.244,9.75,-0.0691,0.0358,0.032,0.0497,-0.0107,-0.0044,25.08,24.95,16491,18455,2.061,2.307,6.184,6.921,244,244,25,25,0,0,0,0,,,,,,,,,,,,,,,,,0,0,0,0
2026-09-28T22:34:54.115607+09:00,36016907,eb6c2af2,2026-09-28T22:34:54.115607+09:00,2026-09-28T22:34:54.200601+09:00,rail-left-01,rail-right-01,0.6.7-draft,0.6.7-draft,mqtt,mqtt,466.95,364.63,6.523,6.444,0.026,-0.049,0.043,-0.13,10.556,9.905,-0.0666,0.0352,0.0374,0.0533,-0.0095,-0.008,25.08,24.99,16569,18442,2.071,2.305,6.213,6.916,245,245,25,25,0,0,0,0,,,,,,,,,,,,,,,,,0,0,0,0
2026-09-28T22:34:54.135575+09:00,36036875,eb6c2af2,2026-09-28T22:34:54.135575+09:00,2026-09-28T22:34:54.220569+09:00,rail-left-01,rail-right-01,0.6.7-draft,0.6.7-draft,mqtt,mqtt,468.2,365.58,6.54,6.454,0.089,0.117,-0.001,-0.292,10.482,9.646,-0.0673,0.0308,0.0374,0.0577,-0.0099,-0.0105,25.09,24.97,16611,18464,2.076,2.308,6.229,6.924,246,246,25,25,0,0,0,0,,,,,,,,,,,,,,,,,0,0,0,0
2026-09-28T22:34:54.155230+09:00,36056530,eb6c2af2,2026-09-28T22:34:54.155230+09:00,2026-09-28T22:34:54.240224+09:00,rail-left-01,rail-right-01,0.6.7-draft,0.6.7-draft,mqtt,mqtt,469.39,366.47,6.544,6.45,-0.187,-0.183,0.205,-0.412,10.42,9.802,-0.0697,0.0317,0.0368,0.0562,-0.01,-0.0043,25.08,24.97,16620,18455,2.078,2.307,6.233,6.921,247,247,25,25,0,0,0,0,,,,,,,,,,,,,,,,,0,0,0,0
2026-09-28T22:34:54.175286+09:00,36076586,eb6c2af2,2026-09-28T22:34:54.175286+09:00,2026-09-28T22:34:54.260280+09:00,rail-left-01,rail-right-01,0.6.7-draft,0.6.7-draft,mqtt,mqtt,470.63,367.47,6.548,6.432,0.229,0.287,0.016,-0.029,10.252,9.716,-0.0622,0.033,0.0384,0.0542,-0.0103,-0.0036,25.07,24.97,16632,18414,2.079,2.302,6.237,6.905,248,248,25,25,0,0,0,0,,,,,,,,,,,,,,,,,0,0,0,0
2026-09-28T22:34:54.195235+09:00,36096535,eb6c2af2,2026-09-28T22:34:54.195235+09:00,2026-09-28T22:34:54.280229+09:00,rail-left-01,rail-right-01,0.6.7-draft,0.6.7-draft,mqtt,mqtt,471.88,368.41,6.563,6.428,-0.119,-0.166,-0.06,-0.549,10.366,9.573,-0.0722,0.03,0.0381,0.0573,-0.0069,-0.0085,25.06,24.97,16668,18405,2.084,2.301,6.251,6.902,249,249,25,25,0,0,0,0,,,,,,,,,,,,,,,,,0,0,0,0
2026-09-28T22:34:54.215458+09:00,36116758,eb6c2af2,2026-09-28T22:34:54.215458+09:00,2026-09-28T22:34:54.300452+09:00,rail-left-01,rail-right-01,0.6.7-draft,0.6.7-draft,mqtt,mqtt,473.12,369.36,6.574,6.43,0.13,0.138,0.236,-0.008,10.513,9.661,-0.0658,0.0285,0.0362,0.0521,-0.0105,-0.0071,25.07,24.98,16695,18411,2.087,2.301,6.261,6.904,250,250,25,25,0,0,0,0,,,,,,,,,,,,,,,,,0,0,0,0
2026-09-28T22:34:54.349734+09:00,36257674,eb6c2af2,2026-09-28T22:34:54.349734+09:00,2026-09-28T22:34:54.453788+09:00,rail-left-01,rail-right-01,0.6.7-draft,0.6.7-draft,mqtt,mqtt,481.77,376.12,6.585,6.429,0.129,0.139,0.073,-0.15,10.494,9.946,-0.0646,0.0265,0.0342,0.0552,-0.0085,-0.0117,25.08,24.96,16724,18408,2.091,2.301,6.272,6.903,251,251,26,26,0,0,0,0,,,,,,,,,,,,,,,,,0,0,0,0
2026-09-28T22:34:54.369653+09:00,36277593,eb6c2af2,2026-09-28T22:34:54.369653+09:00,2026-09-28T22:34:54.473707+09:00,rail-left-01,rail-right-01,0.6.7-draft,0.6.7-draft,mqtt,mqtt,483.01,377.06,6.663,6.296,-0.044,-0.059,0.241,-0.158,10.36,9.603,-0.065,0.0312,0.0369,0.0586,-0.0065,-0.0088,25.08,24.98,16916,18113,2.115,2.264,6.344,6.792,252,252,26,26,0,0,0,0,,,,,,,,,,,,,,,,,0,0,0,0
2026-09-28T22:34:54.389581+09:00,36297521,eb6c2af2,2026-09-28T22:34:54.389581+09:00,2026-09-28T22:34:54.493635+09:00,rail-left-01,rail-right-01,0.6.7-draft,0.6.7-draft,mqtt,mqtt,484.21,378.01,6.687,6.299,-0.141,-0.134,0.164,-0.47,10.477,9.72,-0.0638,0.0313,0.0337,0.0588,-0.0071,0.0004,25.07,25,16978,18120,2.122,2.265,6.367,6.795,253,253,26,26,0,0,0,0,,,,,,,,,,,,,,,,,0,0,0,0
2026-09-28T22:34:54.409517+09:00,36317457,eb6c2af2,2026-09-28T22:34:54.409517+09:00,2026-09-28T22:34:54.513571+09:00,rail-left-01,rail-right-01,0.6.7-draft,0.6.7-draft,mqtt,mqtt,485.45,378.95,6.687,6.283,0.208,0.193,-0.077,-0.181,10.494,9.926,-0.0621,0.0353,0.0336,0.057,-0.0049,0.0016,25.06,24.98,16977,18084,2.122,2.261,6.366,6.782,254,254,26,26,0,0,0,0,,,,,,,,,,,,,,,,,0,0,0,0
2026-09-28T22:34:54.429539+09:00,36337479,eb6c2af2,2026-09-28T22:34:54.429539+09:00,2026-09-28T22:34:54.533593+09:00,rail-left-01,rail-right-01,0.6.7-draft,0.6.7-draft,mqtt,mqtt,486.64,379.95,6.682,6.276,-0.164,-0.168,0.075,-0.329,10.602,9.764,-0.062,0.027,0.0409,0.0596,-0.0067,-0.0072,25.09,24.98,16964,18069,2.121,2.259,6.362,6.776,255,255,26,26,0,0,0,0,,,,,,,,,,,,,,,,,0,0,0,0
2026-09-28T22:34:54.449483+09:00,36357423,eb6c2af2,2026-09-28T22:34:54.449483+09:00,2026-09-28T22:34:54.553537+09:00,rail-left-01,rail-right-01,0.6.7-draft,0.6.7-draft,mqtt,mqtt,487.89,380.89,6.697,6.291,0.16,0.193,-0.016,-0.194,10.428,9.446,-0.0645,0.0304,0.0378,0.055,-0.0088,-0.0084,25.06,24.97,17001,18102,2.125,2.263,6.375,6.788,256,256,26,26,0,0,0,0,,,,,,,,,,,,,,,,,0,0,0,0
2026-09-28T22:34:54.469644+09:00,36377584,eb6c2af2,2026-09-28T22:34:54.469644+09:00,2026-09-28T22:34:54.573698+09:00,rail-left-01,rail-right-01,0.6.7-draft,0.6.7-draft,mqtt,mqtt,489.13,381.84,6.7,6.287,-0.03,-0.04,0.005,-0.245,10.388,9.629,-0.0663,0.0301,0.0388,0.0585,-0.0065,-0.0064,25.09,24.95,17009,18093,2.126,2.262,6.378,6.785,257,257,26,26,0,0,0,0,,,,,,,,,,,,,,,,,0,0,0,0
2026-09-28T22:34:54.489606+09:00,36397546,eb6c2af2,2026-09-28T22:34:54.489606+09:00,2026-09-28T22:34:54.593660+09:00,rail-left-01,rail-right-01,0.6.7-draft,0.6.7-draft,mqtt,mqtt,490.32,382.83,6.681,6.278,0.104,0.092,0.079,-0.26,10.575,9.691,-0.0646,0.0336,0.0437,0.0557,-0.0072,-0.0084,25.08,24.97,16963,18072,2.12,2.259,6.361,6.777,258,258,26,26,0,0,0,0,,,,,,,,,,,,,,,,,0,0,0,0
2026-09-28T22:34:54.509558+09:00,36417498,eb6c2af2,2026-09-28T22:34:54.509558+09:00,2026-09-28T22:34:54.613612+09:00,rail-left-01,rail-right-01,0.6.7-draft,0.6.7-draft,mqtt,mqtt,491.56,383.78,6.677,6.284,-0.096,-0.178,-0.061,-0.371,10.397,9.817,-0.0621,0.0328,0.0366,0.059,-0.0083,-0.0095,25.09,24.96,16951,18085,2.119,2.261,6.357,6.782,259,259,26,26,0,0,0,0,,,,,,,,,,,,,,,,,0,0,0,0
2026-09-28T22:34:54.529587+09:00,36437527,eb6c2af2,2026-09-28T22:34:54.529587+09:00,2026-09-28T22:34:54.633641+09:00,rail-left-01,rail-right-01,0.6.7-draft,0.6.7-draft,mqtt,mqtt,492.81,384.72,6.667,6.27,0.127,0.05,0.201,-0.285,10.622,9.96,-0.065,0.0294,0.0398,0.0578,-0.0091,-0.01,25.07,24.98,16926,18054,2.116,2.257,6.347,6.77,260,260,26,26,0,0,0,0,,,,,,,,,,,,,,,,,0,0,0,0
2026-09-28T22:34:54.725498+09:00,36590450,eb6c2af2,2026-09-28T22:34:54.725498+09:00,2026-09-28T22:34:54.769179+09:00,rail-left-01,rail-right-01,0.6.7-draft,0.6.7-draft,mqtt,mqtt,502.06,392.08,6.659,6.277,-0.035,-0.04,-0.05,-0.3,10.257,9.699,-0.0658,0.031,0.037,0.0566,-0.0121,-0.012,25.08,24.98,16906,18070,2.113,2.259,6.34,6.776,261,261,27,27,0,0,0,0,,,,,,,,,,,,,,,,,0,0,0,0
2026-09-28T22:34:54.745619+09:00,36610571,eb6c2af2,2026-09-28T22:34:54.745619+09:00,2026-09-28T22:34:54.789300+09:00,rail-left-01,rail-right-01,0.6.7-draft,0.6.7-draft,mqtt,mqtt,503.3,393.02,6.892,6.304,0.016,0.062,-0.036,-0.199,10.512,9.688,-0.0633,0.033,0.0388,0.0576,-0.0075,-0.0085,25.06,24.97,17486,18130,2.186,2.266,6.557,6.799,262,262,27,27,0,0,0,0,,,,,,,,,,,,,,,,,0,0,0,0
2026-09-28T22:34:54.765543+09:00,36630495,eb6c2af2,2026-09-28T22:34:54.765543+09:00,2026-09-28T22:34:54.809224+09:00,rail-left-01,rail-right-01,0.6.7-draft,0.6.7-draft,mqtt,mqtt,504.49,393.97,6.9,6.326,-0.04,-0.004,0.299,-0.196,10.324,9.638,-0.0641,0.0328,0.0353,0.0569,-0.0044,-0.0035,25.07,24.98,17507,18179,2.188,2.272,6.565,6.817,263,263,27,27,0,0,0,0,,,,,,,,,,,,,,,,,0,0,0,0
2026-09-28T22:34:54.785664+09:00,36650616,eb6c2af2,2026-09-28T22:34:54.785664+09:00,2026-09-28T22:34:54.829346+09:00,rail-left-01,rail-right-01,0.6.7-draft,0.6.7-draft,mqtt,mqtt,505.73,394.96,6.907,6.32,-0.02,0.075,-0.093,-0.315,10.38,9.762,-0.0638,0.029,0.0365,0.0589,-0.0073,-0.0071,25.07,24.95,17524,18166,2.191,2.271,6.571,6.812,264,264,27,27,0,0,0,0,,,,,,,,,,,,,,,,,0,0,0,0
2026-09-28T22:34:54.805540+09:00,36670492,eb6c2af2,2026-09-28T22:34:54.805540+09:00,2026-09-28T22:34:54.849221+09:00,rail-left-01,rail-right-01,0.6.7-draft,0.6.7-draft,mqtt,mqtt,506.93,395.91,6.898,6.342,0.126,0.024,0.14,-0.17,10.679,9.774,-0.0632,0.0314,0.0404,0.0606,-0.0047,-0.0061,25.07,24.98,17502,18215,2.188,2.277,6.563,6.831,265,265,27,27,0,0,0,0,,,,,,,,,,,,,,,,,0,0,0,0
2026-09-28T22:34:54.825782+09:00,36690734,eb6c2af2,2026-09-28T22:34:54.825782+09:00,2026-09-28T22:34:54.869463+09:00,rail-left-01,rail-right-01,0.6.7-draft,0.6.7-draft,mqtt,mqtt,508.17,396.85,6.918,6.35,0.035,0.007,0.043,-0.096,10.509,9.901,-0.0642,0.0286,0.0354,0.0558,-0.0057,-0.0076,25.07,24.97,17551,18232,2.194,2.279,6.582,6.837,266,266,27,27,0,0,0,0,,,,,,,,,,,,,,,,,0,0,0,0
2026-09-28T22:34:54.845575+09:00,36710527,eb6c2af2,2026-09-28T22:34:54.845575+09:00,2026-09-28T22:34:54.889256+09:00,rail-left-01,rail-right-01,0.6.7-draft,0.6.7-draft,mqtt,mqtt,509.36,397.8,6.918,6.345,-0.078,-0.168,0.28,-0.368,10.588,9.77,-0.0645,0.0338,0.0426,0.0549,-0.0157,-0.0101,25.1,24.94,17552,18221,2.194,2.278,6.582,6.833,267,267,27,27,0,0,0,0,,,,,,,,,,,,,,,,,0,0,0,0
2026-09-28T22:34:54.865516+09:00,36730468,eb6c2af2,2026-09-28T22:34:54.865516+09:00,2026-09-28T22:34:54.909197+09:00,rail-left-01,rail-right-01,0.6.7-draft,0.6.7-draft,mqtt,mqtt,510.56,398.79,6.927,6.351,0.109,0.129,-0.049,-0.285,10.505,9.458,-0.0625,0.033,0.0424,0.0548,-0.0095,-0.002,25.08,24.95,17575,18235,2.197,2.279,6.591,6.838,268,268,27,27,0,0,0,0,,,,,,,,,,,,,,,,,0,0,0,0
2026-09-28T22:34:54.885630+09:00,36750582,eb6c2af2,2026-09-28T22:34:54.885630+09:00,2026-09-28T22:34:54.929312+09:00,rail-left-01,rail-right-01,0.6.7-draft,0.6.7-draft,mqtt,mqtt,511.8,399.73,6.931,6.346,-0.041,-0.011,0.092,-0.314,10.136,9.725,-0.065,0.0302,0.0321,0.055,-0.0075,-0.0068,25.04,24.99,17584,18223,2.198,2.278,6.594,6.834,269,269,27,27,0,0,0,0,,,,,,,,,,,,,,,,,0,0,0,0
2026-09-28T22:34:54.905874+09:00,36770826,eb6c2af2,2026-09-28T22:34:54.905874+09:00,2026-09-28T22:34:54.949555+09:00,rail-left-01,rail-right-01,0.6.7-draft,0.6.7-draft,mqtt,mqtt,513.04,400.73,6.949,6.337,0.183,0.152,-0.049,-0.162,10.467,9.651,-0.0669,0.0353,0.0378,0.0556,-0.0048,-0.0044,25.07,24.96,17630,18203,2.204,2.275,6.611,6.826,270,270,27,27,0,0,0,0,,,,,,,,,,,,,,,,,0,0,0,0
2026-09-28T22:34:54.996391+09:00,36906454,eb6c2af2,2026-09-28T22:34:54.996391+09:00,2026-09-28T22:34:55.040704+09:00,rail-left-01,rail-right-01,0.6.7-draft,0.6.7-draft,mqtt,mqtt,521.3,407.24,6.947,6.33,0.028,-0.001,0.054,-0.221,10.519,9.849,-0.0646,0.0358,0.0406,0.0561,-0.0095,-0.0049,25.07,24.97,17623,18188,2.203,2.274,6.609,6.821,271,271,28,28,0,0,0,0,,,,,,,,,,,,,,,,,0,0,0,0
2026-09-28T22:34:55.016524+09:00,36926587,eb6c2af2,2026-09-28T22:34:55.016524+09:00,2026-09-28T22:34:55.060837+09:00,rail-left-01,rail-right-01,0.6.7-draft,0.6.7-draft,mqtt,mqtt,522.54,408.19,6.936,6.389,0.038,0,0.269,-0.364,10.518,9.839,-0.0636,0.0329,0.0398,0.0542,-0.0061,-0.0057,25.09,24.97,17597,18318,2.2,2.29,6.599,6.869,272,272,28,28,0,0,0,0,,,,,,,,,,,,,,,,,0,0,0,0
2026-09-28T22:34:55.036446+09:00,36946510,eb6c2af2,2026-09-28T22:34:55.036446+09:00,2026-09-28T22:34:55.080760+09:00,rail-left-01,rail-right-01,0.6.7-draft,0.6.7-draft,mqtt,mqtt,523.73,409.13,6.937,6.386,0.072,0.139,-0.09,-0.3,10.466,9.589,-0.0638,0.0337,0.0416,0.0618,-0.0076,-0.0108,25.09,24.99,17600,18312,2.2,2.289,6.6,6.867,273,273,28,28,0,0,0,0,,,,,,,,,,,,,,,,,0,0,0,0
2026-09-28T22:34:55.056567+09:00,36966631,eb6c2af2,2026-09-28T22:34:55.056567+09:00,2026-09-28T22:34:55.100881+09:00,rail-left-01,rail-right-01,0.6.7-draft,0.6.7-draft,mqtt,mqtt,524.98,410.13,6.913,6.37,-0.034,-0.04,0.192,0.067,10.439,9.856,-0.0641,0.0334,0.0429,0.061,-0.0072,-0.0039,25.07,24.98,17539,18276,2.192,2.285,6.577,6.854,274,274,28,28,0,0,0,0,,,,,,,,,,,,,,,,,0,0,0,0
2026-09-28T22:34:55.076581+09:00,36986645,eb6c2af2,2026-09-28T22:34:55.076581+09:00,2026-09-28T22:34:55.120895+09:00,rail-left-01,rail-right-01,0.6.7-draft,0.6.7-draft,mqtt,mqtt,526.22,411.07,6.89,6.378,0.126,0.017,0.231,-0.431,10.342,9.64,-0.0671,0.0344,0.0389,0.0568,-0.0087,-0.0003,25.07,24.99,17481,18295,2.185,2.287,6.555,6.861,275,275,28,28,0,0,0,0,,,,,,,,,,,,,,,,,0,0,0,0
2026-09-28T22:34:55.096850+09:00,37006914,eb6c2af2,2026-09-28T22:34:55.096850+09:00,2026-09-28T22:34:55.141164+09:00,rail-left-01,rail-right-01,0.6.7-draft,0.6.7-draft,mqtt,mqtt,527.46,412.06,6.884,6.374,-0.056,-0.007,-0.212,-0.448,10.46,9.473,-0.0659,0.0317,0.0412,0.0617,-0.0085,-0.0099,25.07,24.99,17467,18285,2.183,2.286,6.55,6.857,276,276,28,28,0,0,0,0,,,,,,,,,,,,,,,,,0,0,0,0
2026-09-28T22:34:55.116474+09:00,37026538,eb6c2af2,2026-09-28T22:34:55.116474+09:00,2026-09-28T22:34:55.160788+09:00,rail-left-01,rail-right-01,0.6.7-draft,0.6.7-draft,mqtt,mqtt,528.65,413.01,6.865,6.371,-0.006,0.031,0.266,-0.073,10.313,9.413,-0.0641,0.0404,0.0414,0.0524,-0.0053,-0.0008,25.07,24.97,17421,18280,2.178,2.285,6.533,6.855,277,277,28,28,0,0,0,0,,,,,,,,,,,,,,,,,0,0,0,0
2026-09-28T22:34:55.136524+09:00,37046587,eb6c2af2,2026-09-28T22:34:55.136524+09:00,2026-09-28T22:34:55.180837+09:00,rail-left-01,rail-right-01,0.6.7-draft,0.6.7-draft,mqtt,mqtt,529.9,413.95,6.867,6.37,0.073,0.024,-0.018,-0.193,10.276,9.687,-0.0658,0.0373,0.0381,0.0554,-0.0099,-0.0059,25.07,24.96,17426,18277,2.178,2.285,6.535,6.854,278,278,28,28,0,0,0,0,,,,,,,,,,,,,,,,,0,0,0,0
2026-09-28T22:34:55.156516+09:00,37066579,eb6c2af2,2026-09-28T22:34:55.156516+09:00,2026-09-28T22:34:55.200829+09:00,rail-left-01,rail-right-01,0.6.7-draft,0.6.7-draft,mqtt,mqtt,531.14,414.95,6.853,6.343,-0.014,0.008,0.237,-0.129,10.509,10.078,-0.0593,0.0418,0.0401,0.0534,-0.0075,-0.0059,25.07,24.96,17390,18217,2.174,2.277,6.521,6.831,279,279,28,28,0,0,0,0,,,,,,,,,,,,,,,,,0,0,0,0
2026-09-28T22:34:55.176625+09:00,37086689,eb6c2af2,2026-09-28T22:34:55.176625+09:00,2026-09-28T22:34:55.220939+09:00,rail-left-01,rail-right-01,0.6.7-draft,0.6.7-draft,mqtt,mqtt,532.33,415.89,6.853,6.334,0.013,0.054,0.194,-0.277,10.406,9.597,-0.0646,0.0364,0.0401,0.0542,-0.0068,-0.0052,25.08,24.97,17389,18197,2.174,2.275,6.521,6.824,280,280,28,28,0,0,0,0,,,,,,,,,,,,,,,,,0,0,0,0
2026-09-28T22:34:55.266229+09:00,37177461,eb6c2af2,2026-09-28T22:34:55.266229+09:00,2026-09-28T22:34:55.348599+09:00,rail-left-01,rail-right-01,0.6.7-draft,0.6.7-draft,mqtt,mqtt,537.95,420.27,6.855,6.332,-0.077,-0.032,-0.235,-0.328,10.728,9.553,-0.0669,0.0354,0.0356,0.0537,-0.0044,-0.0068,25.08,24.97,17394,18192,2.174,2.274,6.523,6.822,281,281,29,29,0,0,0,0,,,,,,,,,,,,,,,,,0,0,0,0
2026-09-28T22:34:55.286295+09:00,37197527,eb6c2af2,2026-09-28T22:34:55.286295+09:00,2026-09-28T22:34:55.368665+09:00,rail-left-01,rail-right-01,0.6.7-draft,0.6.7-draft,mqtt,mqtt,539.19,421.21,6.876,6.352,-0.101,-0.068,0.221,-0.305,10.417,9.606,-0.071,0.0342,0.0416,0.0556,-0.0072,-0.0081,25.07,24.98,17448,18237,2.181,2.28,6.543,6.839,282,282,29,29,0,0,0,0,,,,,,,,,,,,,,,,,0,0,0,0
2026-09-28T22:34:55.306279+09:00,37217511,eb6c2af2,2026-09-28T22:34:55.306279+09:00,2026-09-28T22:34:55.388648+09:00,rail-left-01,rail-right-01,0.6.7-draft,0.6.7-draft,mqtt,mqtt,540.44,422.21,6.902,6.376,0.079,0.045,0.061,-0.042,10.294,9.749,-0.0663,0.033,0.0374,0.0549,-0.0044,-0.0048,25.07,24.97,17511,18290,2.189,2.286,6.567,6.859,283,283,29,29,0,0,0,0,,,,,,,,,,,,,,,,,0,0,0,0
2026-09-28T22:34:55.326408+09:00,37237640,eb6c2af2,2026-09-28T22:34:55.326408+09:00,2026-09-28T22:34:55.408778+09:00,rail-left-01,rail-right-01,0.6.7-draft,0.6.7-draft,mqtt,mqtt,541.63,423.15,6.921,6.381,0.035,0.081,0.057,-0.233,10.552,9.698,-0.0612,0.0346,0.043,0.0549,-0.0072,-0.0072,25.07,24.96,17559,18302,2.195,2.288,6.585,6.863,284,284,29,29,0,0,0,0,,,,,,,,,,,,,,,,,0,0,0,0
2026-09-28T22:34:55.346499+09:00,37257731,eb6c2af2,2026-09-28T22:34:55.346499+09:00,2026-09-28T22:34:55.428869+09:00,rail-left-01,rail-right-01,0.6.7-draft,0.6.7-draft,mqtt,mqtt,542.87,424.1,6.933,6.405,-0.011,0.043,-0.022,-0.269,10.387,9.667,-0.0633,0.0337,0.0405,0.0585,-0.0043,-0.0064,25.07,24.97,17590,18355,2.199,2.294,6.596,6.883,285,285,29,29,0,0,0,0,,,,,,,,,,,,,,,,,0,0,0,0
2026-09-28T22:34:55.366315+09:00,37277547,eb6c2af2,2026-09-28T22:34:55.366315+09:00,2026-09-28T22:34:55.448685+09:00,rail-left-01,rail-right-01,0.6.7-draft,0.6.7-draft,mqtt,mqtt,544.12,425.09,6.935,6.416,-0.013,-0.053,0.02,-0.176,10.623,9.638,-0.065,0.036,0.0401,0.0612,-0.0076,-0.0073,25.06,24.96,17593,18378,2.199,2.297,6.597,6.892,286,286,29,29,0,0,0,0,,,,,,,,,,,,,,,,,0,0,0,0
2026-09-28T22:34:55.386404+09:00,37297636,eb6c2af2,2026-09-28T22:34:55.386404+09:00,2026-09-28T22:34:55.468774+09:00,rail-left-01,rail-right-01,0.6.7-draft,0.6.7-draft,mqtt,mqtt,545.36,426.04,6.945,6.42,-0.038,-0.026,0.051,-0.177,10.415,9.646,-0.0687,0.0372,0.0409,0.0541,-0.0021,-0.0044,25.08,24.95,17619,18387,2.202,2.298,6.607,6.895,287,287,29,29,0,0,0,0,,,,,,,,,,,,,,,,,0,0,0,0
2026-09-28T22:34:55.406411+09:00,37317643,eb6c2af2,2026-09-28T22:34:55.406411+09:00,2026-09-28T22:34:55.488781+09:00,rail-left-01,rail-right-01,0.6.7-draft,0.6.7-draft,mqtt,mqtt,546.6,426.98,6.932,6.431,0.072,0.055,0.065,-0.306,10.442,9.777,-0.0646,0.0302,0.0433,0.0617,-0.0039,-0.012,25.1,24.98,17587,18412,2.198,2.302,6.595,6.905,288,288,29,29,0,0,0,0,,,,,,,,,,,,,,,,,0,0,0,0
2026-09-28T22:34:55.426355+09:00,37337587,eb6c2af2,2026-09-28T22:34:55.426355+09:00,2026-09-28T22:34:55.508725+09:00,rail-left-01,rail-right-01,0.6.7-draft,0.6.7-draft,mqtt,mqtt,547.8,427.97,6.922,6.444,-0.086,-0.04,0.103,-0.283,10.514,9.665,-0.0632,0.0358,0.0373,0.0556,-0.0051,-0.0027,25.09,24.98,17563,18441,2.195,2.305,6.586,6.915,289,289,29,29,0,0,0,0,,,,,,,,,,,,,,,,,0,0,0,0
2026-09-28T22:34:55.446377+09:00,37357609,eb6c2af2,2026-09-28T22:34:55.446377+09:00,2026-09-28T22:34:55.528747+09:00,rail-left-01,rail-right-01,0.6.7-draft,0.6.7-draft,mqtt,mqtt,549.04,428.92,6.916,6.454,0.098,0.04,0.034,-0.353,10.455,9.527,-0.0655,0.0348,0.0453,0.062,-0.0071,-0.0071,25.09,24.96,17548,18464,2.194,2.308,6.581,6.924,290,290,29,29,0,0,0,0,,,,,,,,,,,,,,,,,0,0,0,0
2026-09-28T22:34:55.619005+09:00,37485408,eb6c2af2,2026-09-28T22:34:55.619005+09:00,2026-09-28T22:34:55.666805+09:00,rail-left-01,rail-right-01,0.6.7-draft,0.6.7-draft,mqtt,mqtt,556.89,435.08,6.908,6.46,-0.043,-0.018,0.122,-0.256,10.451,9.771,-0.0657,0.0325,0.0422,0.0554,-0.0097,-0.0051,25.06,24.98,17527,18476,2.191,2.31,6.573,6.929,291,291,30,30,0,0,0,0,,,,,,,,,,,,,,,,,0,0,0,0
2026-09-28T22:34:55.639289+09:00,37505692,eb6c2af2,2026-09-28T22:34:55.639289+09:00,2026-09-28T22:34:55.687089+09:00,rail-left-01,rail-right-01,0.6.7-draft,0.6.7-draft,mqtt,mqtt,558.14,436.03,6.834,6.511,0.018,0.036,0.066,-0.296,10.44,9.68,-0.0621,0.0292,0.0408,0.0604,-0.0088,-0.0111,25.07,24.97,17344,18589,2.168,2.324,6.504,6.971,292,292,30,30,0,0,0,0,,,,,,,,,,,,,,,,,0,0,0,0
2026-09-28T22:34:55.659089+09:00,37525492,eb6c2af2,2026-09-28T22:34:55.659089+09:00,2026-09-28T22:34:55.706889+09:00,rail-left-01,rail-right-01,0.6.7-draft,0.6.7-draft,mqtt,mqtt,559.33,436.97,6.813,6.517,-0.107,-0.103,0.178,-0.299,10.579,9.718,-0.0633,0.0321,0.0406,0.0616,-0.0089,-0.0055,25.06,24.97,17291,18602,2.161,2.325,6.484,6.976,293,293,30,30,0,0,0,0,,,,,,,,,,,,,,,,,0,0,0,0
2026-09-28T22:34:55.679173+09:00,37545576,eb6c2af2,2026-09-28T22:34:55.679173+09:00,2026-09-28T22:34:55.726973+09:00,rail-left-01,rail-right-01,0.6.7-draft,0.6.7-draft,mqtt,mqtt,560.57,437.97,6.8,6.525,0.08,0.102,0.04,-0.11,10.508,9.778,-0.0637,0.0298,0.038,0.0605,-0.0116,-0.0076,25.08,24.99,17259,18621,2.157,2.328,6.472,6.983,294,294,30,30,0,0,0,0,,,,,,,,,,,,,,,,,0,0,0,0
2026-09-28T22:34:55.699764+09:00,37566167,eb6c2af2,2026-09-28T22:34:55.699764+09:00,2026-09-28T22:34:55.747564+09:00,rail-left-01,rail-right-01,0.6.7-draft,0.6.7-draft,mqtt,mqtt,561.87,438.96,6.796,6.524,-0.101,-0.093,0.243,-0.22,10.293,9.834,-0.0655,0.0313,0.0381,0.0562,-0.0068,-0.0041,25.06,24.97,17247,18618,2.156,2.327,6.468,6.982,295,295,30,30,0,0,0,0,,,,,,,,,,,,,,,,,0,0,0,0
2026-09-28T22:34:55.719737+09:00,37586140,eb6c2af2,2026-09-28T22:34:55.719737+09:00,2026-09-28T22:34:55.767537+09:00,rail-left-01,rail-right-01,0.6.7-draft,0.6.7-draft,mqtt,mqtt,563.11,439.91,6.786,6.534,0.104,0.097,0.017,-0.305,10.376,9.61,-0.0653,0.0302,0.0429,0.0586,-0.0057,-0.0084,25.07,24.98,17223,18640,2.153,2.33,6.459,6.99,296,296,30,30,0,0,0,0,,,,,,,,,,,,,,,,,0,0,0,0
2026-09-28T22:34:55.739178+09:00,37605581,eb6c2af2,2026-09-28T22:34:55.739178+09:00,2026-09-28T22:34:55.786979+09:00,rail-left-01,rail-right-01,0.6.7-draft,0.6.7-draft,mqtt,mqtt,564.3,440.85,6.768,6.527,-0.014,-0.035,-0.05,-0.315,10.374,9.668,-0.0694,0.0309,0.0384,0.0588,-0.0053,-0.0068,25.08,24.97,17178,18626,2.147,2.328,6.442,6.985,297,297,30,30,0,0,0,0,,,,,,,,,,,,,,,,,0,0,0,0
2026-09-28T22:34:55.759153+09:00,37625556,eb6c2af2,2026-09-28T22:34:55.759153+09:00,2026-09-28T22:34:55.806953+09:00,rail-left-01,rail-right-01,0.6.7-draft,0.6.7-draft,mqtt,mqtt,565.55,441.8,6.728,6.507,-0.061,-0.059,0.315,-0.115,11.162,9.77,-0.061,0.0297,0.0372,0.055,-0.0012,-0.0075,25.1,24.96,17080,18580,2.135,2.323,6.405,6.968,298,298,30,30,0,0,0,0,,,,,,,,,,,,,,,,,0,0,0,0
2026-09-28T22:34:55.779097+09:00,37645500,eb6c2af2,2026-09-28T22:34:55.779097+09:00,2026-09-28T22:34:55.826897+09:00,rail-left-01,rail-right-01,0.6.7-draft,0.6.7-draft,mqtt,mqtt,566.74,442.79,6.753,6.503,0.111,0.089,0.056,0.008,10.369,9.894,-0.0589,0.0277,0.0277,0.0488,-0.0052,-0.0076,25.08,24.98,17142,18571,2.143,2.321,6.428,6.964,299,299,30,30,0,0,0,0,,,,,,,,,,,,,,,,,0,0,0,0
2026-09-28T22:34:55.799133+09:00,37665536,eb6c2af2,2026-09-28T22:34:55.799133+09:00,2026-09-28T22:34:55.846933+09:00,rail-left-01,rail-right-01,0.6.7-draft,0.6.7-draft,mqtt,mqtt,567.98,443.74,6.781,6.487,0.038,-0.006,0.034,-0.573,10.311,9.602,-0.058,0.0258,0.0374,0.0565,-0.0049,-0.0069,25.07,24.99,17211,18537,2.151,2.317,6.454,6.951,300,300,30,30,0,0,0,0,,,,,,,,,,,,,,,,,0,0,0,0
2026-09-28T22:34:55.904305+09:00,37807458,eb6c2af2,2026-09-28T22:34:55.904305+09:00,2026-09-28T22:34:55.957168+09:00,rail-left-01,rail-right-01,0.6.7-draft,0.6.7-draft,mqtt,mqtt,576.78,450.6,6.779,6.476,0.098,0.114,-0.008,0.049,10.391,9.946,-0.0653,0.0302,0.0361,0.0548,-0.0075,0.0023,25.08,24.95,17205,18511,2.151,2.314,6.452,6.942,301,301,31,31,0,0,0,0,,,,,,,,,,,,,,,,,0,0,0,0
2026-09-28T22:34:55.924326+09:00,37827479,eb6c2af2,2026-09-28T22:34:55.924326+09:00,2026-09-28T22:34:55.977189+09:00,rail-left-01,rail-right-01,0.6.7-draft,0.6.7-draft,mqtt,mqtt,578.02,451.54,6.717,6.405,0.005,-0.017,0.177,-0.48,10.596,9.851,-0.0596,0.031,0.0397,0.0561,-0.0063,0.0009,25.05,24.99,17051,18355,2.131,2.294,6.394,6.883,302,302,31,31,0,0,0,0,,,,,,,,,,,,,,,,,0,0,0,0
2026-09-28T22:34:55.944473+09:00,37847626,eb6c2af2,2026-09-28T22:34:55.944473+09:00,2026-09-28T22:34:55.997336+09:00,rail-left-01,rail-right-01,0.6.7-draft,0.6.7-draft,mqtt,mqtt,579.27,452.54,6.724,6.402,0.007,0.028,-0.134,-0.2,10.384,9.827,-0.0602,0.0316,0.0393,0.0573,-0.0096,-0.0069,25.08,24.97,17069,18349,2.134,2.294,6.401,6.881,303,303,31,31,0,0,0,0,,,,,,,,,,,,,,,,,0,0,0,0
2026-09-28T22:34:55.964444+09:00,37867597,eb6c2af2,2026-09-28T22:34:55.964444+09:00,2026-09-28T22:34:56.017307+09:00,rail-left-01,rail-right-01,0.6.7-draft,0.6.7-draft,mqtt,mqtt,580.51,453.48,6.699,6.405,-0.051,-0.031,0.263,-0.387,10.499,9.495,-0.0667,0.0324,0.0437,0.0568,-0.0105,0.0005,25.08,24.96,17006,18355,2.126,2.294,6.377,6.883,304,304,31,31,0,0,0,0,,,,,,,,,,,,,,,,,0,0,0,0
2026-09-28T22:34:55.984330+09:00,37887483,eb6c2af2,2026-09-28T22:34:55.984330+09:00,2026-09-28T22:34:56.037193+09:00,rail-left-01,rail-right-01,0.6.7-draft,0.6.7-draft,mqtt,mqtt,581.75,454.42,6.704,6.395,-0.235,-0.211,-0.032,0.002,10.394,9.621,-0.0667,0.031,0.0361,0.0516,-0.0005,0.0004,25.1,24.98,17018,18333,2.127,2.292,6.382,6.875,305,305,31,31,0,0,0,0,,,,,,,,,,,,,,,,,0,0,0,0
2026-09-28T22:34:56.004350+09:00,37907503,eb6c2af2,2026-09-28T22:34:56.004350+09:00,2026-09-28T22:34:56.057213+09:00,rail-left-01,rail-right-01,0.6.7-draft,0.6.7-draft,mqtt,mqtt,583,455.42,6.7,6.402,0.17,0.124,0.456,-0.423,10.355,9.553,-0.065,0.0306,0.0405,0.0609,-0.0049,-0.0016,25.07,24.96,17010,18348,2.126,2.294,6.379,6.881,306,306,31,31,0,0,0,0,,,,,,,,,,,,,,,,,0,0,0,0
2026-09-28T22:34:56.024417+09:00,37927570,eb6c2af2,2026-09-28T22:34:56.024417+09:00,2026-09-28T22:34:56.077280+09:00,rail-left-01,rail-right-01,0.6.7-draft,0.6.7-draft,mqtt,mqtt,584.24,456.36,6.7,6.412,-0.092,-0.141,-0.045,-0.091,10.616,9.743,-0.0645,0.0321,0.0402,0.0546,-0.0083,-0.0001,25.07,24.97,17010,18371,2.126,2.296,6.379,6.889,307,307,31,31,0,0,0,0,,,,,,,,,,,,,,,,,0,0,0,0
2026-09-28T22:34:56.044388+09:00,37947541,eb6c2af2,2026-09-28T22:34:56.044388+09:00,2026-09-28T22:34:56.097251+09:00,rail-left-01,rail-right-01,0.6.7-draft,0.6.7-draft,mqtt,mqtt,585.48,457.36,6.708,6.433,0.225,0.235,0.063,-0.438,10.551,9.694,-0.0657,0.0345,0.0398,0.052,-0.0121,-0.0051,25.06,24.96,17029,18417,2.129,2.302,6.386,6.906,308,308,31,31,0,0,0,0,,,,,,,,,,,,,,,,,0,0,0,0
2026-09-28T22:34:56.064363+09:00,37967516,eb6c2af2,2026-09-28T22:34:56.064363+09:00,2026-09-28T22:34:56.117226+09:00,rail-left-01,rail-right-01,0.6.7-draft,0.6.7-draft,mqtt,mqtt,586.68,458.3,6.762,6.437,-0.115,-0.154,-0.09,0.022,10.336,9.674,-0.0586,0.0266,0.035,0.0522,-0.0103,-0.0085,25.07,24.98,17164,18426,2.146,2.303,6.437,6.91,309,309,31,31,0,0,0,0,,,,,,,,,,,,,,,,,0,0,0,0
2026-09-28T22:34:56.084434+09:00,37987587,eb6c2af2,2026-09-28T22:34:56.084434+09:00,2026-09-28T22:34:56.137297+09:00,rail-left-01,rail-right-01,0.6.7-draft,0.6.7-draft,mqtt,mqtt,587.92,459.3,6.814,6.45,0.163,0.251,0.059,-0.36,10.47,9.497,-0.0548,0.0294,0.0352,0.0538,-0.0128,-0.0108,25.07,24.96,17293,18455,2.162,2.307,6.485,6.921,310,310,31,31,0,0,0,0,,,,,,,,,,,,,,,,,0,0,0,0
2026-09-28T22:34:56.183564+09:00,38093456,eb6c2af2,2026-09-28T22:34:56.183564+09:00,2026-09-28T22:34:56.267698+09:00,rail-left-01,rail-right-01,0.6.7-draft,0.6.7-draft,mqtt,mqtt,594.48,464.37,6.825,6.45,-0.133,-0.129,0.069,-0.345,10.693,9.577,-0.0573,0.0333,0.0497,0.0624,-0.0107,-0.0043,25.07,24.94,17321,18455,2.165,2.307,6.495,6.921,311,311,32,32,0,0,0,0,,,,,,,,,,,,,,,,,0,0,0,0
2026-09-28T22:34:56.203687+09:00,38113579,eb6c2af2,2026-09-28T22:34:56.203687+09:00,2026-09-28T22:34:56.287821+09:00,rail-left-01,rail-right-01,0.6.7-draft,0.6.7-draft,mqtt,mqtt,595.72,465.31,6.858,6.493,-0.086,-0.035,-0.211,-0.283,10.754,10.052,-0.0717,0.0293,0.032,0.0566,-0.0172,-0.0085,25.08,24.96,17402,18549,2.175,2.319,6.526,6.956,312,312,32,32,0,0,0,0,,,,,,,,,,,,,,,,,0,0,0,0
2026-09-28T22:34:56.223677+09:00,38133569,eb6c2af2,2026-09-28T22:34:56.223677+09:00,2026-09-28T22:34:56.307811+09:00,rail-left-01,rail-right-01,0.6.7-draft,0.6.7-draft,mqtt,mqtt,596.92,466.31,6.876,6.491,0.107,0.03,0.294,-0.075,10.269,9.638,-0.0671,0.0309,0.0373,0.0566,-0.012,0.0004,25.06,24.96,17447,18545,2.181,2.318,6.543,6.954,313,313,32,32,0,0,0,0,,,,,,,,,,,,,,,,,0,0,0,0
2026-09-28T22:34:56.243601+09:00,38153493,eb6c2af2,2026-09-28T22:34:56.243601+09:00,2026-09-28T22:34:56.327735+09:00,rail-left-01,rail-right-01,0.6.7-draft,0.6.7-draft,mqtt,mqtt,598.16,467.25,6.881,6.489,-0.119,-0.09,0.089,-0.335,10.505,9.464,-0.0637,0.0294,0.0376,0.061,-0.0099,-0.0033,25.09,24.98,17460,18541,2.183,2.318,6.548,6.953,314,314,32,32,0,0,0,0,,,,,,,,,,,,,,,,,0,0,0,0
2026-09-28T22:34:56.263649+09:00,38173541,eb6c2af2,2026-09-28T22:34:56.263649+09:00,2026-09-28T22:34:56.347783+09:00,rail-left-01,rail-right-01,0.6.7-draft,0.6.7-draft,mqtt,mqtt,599.4,468.25,6.871,6.491,0.019,0.089,0.157,-0.315,10.354,9.482,-0.0601,0.0346,0.0408,0.0594,-0.0084,-0.0016,25.06,25,17436,18545,2.18,2.318,6.539,6.954,315,315,32,32,0,0,0,0,,,,,,,,,,,,,,,,,0,0,0,0
2026-09-28T22:34:56.283618+09:00,38193510,eb6c2af2,2026-09-28T22:34:56.283618+09:00,2026-09-28T22:34:56.367752+09:00,rail-left-01,rail-right-01,0.6.7-draft,0.6.7-draft,mqtt,mqtt,600.65,469.19,6.861,6.498,-0.124,-0.066,-0.028,-0.223,10.454,9.749,-0.0586,0.0272,0.0406,0.0568,-0.0092,-0.006,25.05,24.99,17409,18561,2.176,2.32,6.528,6.96,316,316,32,32,0,0,0,0,,,,,,,,,,,,,,,,,0,0,0,0
2026-09-28T22:34:56.303706+09:00,38213598,eb6c2af2,2026-09-28T22:34:56.303706+09:00,2026-09-28T22:34:56.387840+09:00,rail-left-01,rail-right-01,0.6.7-draft,0.6.7-draft,mqtt,mqtt,601.89,470.14,6.854,6.507,0.054,0.099,0.068,-0.272,10.681,9.619,-0.062,0.0309,0.0437,0.0596,-0.0104,-0.0087,25.09,24.95,17393,18580,2.174,2.323,6.522,6.968,317,317,32,32,0,0,0,0,,,,,,,,,,,,,,,,,0,0,0,0
2026-09-28T22:34:56.323719+09:00,38233611,eb6c2af2,2026-09-28T22:34:56.323719+09:00,2026-09-28T22:34:56.407853+09:00,rail-left-01,rail-right-01,0.6.7-draft,0.6.7-draft,mqtt,mqtt,603.13,471.13,6.845,6.522,-0.089,-0.02,-0.017,-0.163,10.398,9.705,-0.0646,0.0341,0.0416,0.0604,-0.0108,-0.0067,25.08,24.98,17371,18614,2.171,2.327,6.514,6.98,318,318,32,32,0,0,0,0,,,,,,,,,,,,,,,,,0,0,0,0
2026-09-28T22:34:56.343676+09:00,38253568,eb6c2af2,2026-09-28T22:34:56.343676+09:00,2026-09-28T22:34:56.427810+09:00,rail-left-01,rail-right-01,0.6.7-draft,0.6.7-draft,mqtt,mqtt,604.33,472.07,6.828,6.532,0.062,0.057,0.103,-0.274,10.487,9.657,-0.0641,0.034,0.043,0.0574,-0.0093,-0.0028,25.07,24.98,17328,18637,2.166,2.33,6.498,6.989,319,319,32,32,0,0,0,0,,,,,,,,,,,,,,,,,0,0,0,0
2026-09-28T22:34:56.364076+09:00,38273968,eb6c2af2,2026-09-28T22:34:56.364076+09:00,2026-09-28T22:34:56.448210+09:00,rail-left-01,rail-right-01,0.6.7-draft,0.6.7-draft,mqtt,mqtt,605.62,473.07,6.833,6.542,-0.054,-0.102,0.097,-0.468,10.32,9.766,-0.0662,0.034,0.0396,0.0581,-0.01,-0.0028,25.07,24.98,17341,18659,2.168,2.332,6.503,6.997,320,320,32,32,0,0,0,0,,,,,,,,,,,,,,,,,0,0,0,0
2026-09-28T22:34:56.500753+09:00,38408445,eb6c2af2,2026-09-28T22:34:56.500753+09:00,2026-09-28T22:34:56.592838+09:00,rail-left-01,rail-right-01,0.6.7-draft,0.6.7-draft,mqtt,mqtt,613.92,479.53,6.838,6.55,0.047,0.096,0.079,-0.22,10.429,9.895,-0.0699,0.0341,0.0357,0.0545,-0.0108,-0.0061,25.07,25,17352,18676,2.169,2.335,6.507,7.003,321,321,33,33,0,0,0,0,,,,,,,,,,,,,,,,,0,0,0,0
2026-09-28T22:34:56.520809+09:00,38428501,eb6c2af2,2026-09-28T22:34:56.520809+09:00,2026-09-28T22:34:56.612894+09:00,rail-left-01,rail-right-01,0.6.7-draft,0.6.7-draft,mqtt,mqtt,615.16,480.48,6.869,6.588,0.03,-0.047,0.159,-0.2,10.423,9.776,-0.0675,0.034,0.0402,0.0617,-0.0108,-0.0085,25.05,24.97,17429,18761,2.179,2.345,6.536,7.035,322,322,33,33,0,0,0,0,,,,,,,,,,,,,,,,,0,0,0,0
2026-09-28T22:34:56.540801+09:00,38448492,eb6c2af2,2026-09-28T22:34:56.540801+09:00,2026-09-28T22:34:56.632886+09:00,rail-left-01,rail-right-01,0.6.7-draft,0.6.7-draft,mqtt,mqtt,616.41,481.47,6.857,6.594,-0.06,-0.107,0.226,-0.225,10.641,9.673,-0.0703,0.0326,0.0389,0.0628,-0.0076,-0.0023,25.06,24.94,17401,18774,2.175,2.347,6.525,7.04,323,323,33,33,0,0,0,0,,,,,,,,,,,,,,,,,0,0,0,0
2026-09-28T22:34:56.560935+09:00,38468627,eb6c2af2,2026-09-28T22:34:56.560935+09:00,2026-09-28T22:34:56.653021+09:00,rail-left-01,rail-right-01,0.6.7-draft,0.6.7-draft,mqtt,mqtt,617.65,482.42,6.851,6.595,0.071,0.114,-0.12,-0.218,10.368,9.71,-0.0689,0.0372,0.0385,0.0548,-0.0096,-0.0032,25.07,24.94,17385,18776,2.173,2.347,6.519,7.041,324,324,33,33,0,0,0,0,,,,,,,,,,,,,,,,,0,0,0,0
2026-09-28T22:34:56.580837+09:00,38488528,eb6c2af2,2026-09-28T22:34:56.580837+09:00,2026-09-28T22:34:56.672922+09:00,rail-left-01,rail-right-01,0.6.7-draft,0.6.7-draft,mqtt,mqtt,618.84,483.36,6.846,6.597,-0.032,-0.01,-0.081,-0.205,10.538,9.764,-0.069,0.034,0.042,0.0628,-0.0097,-0.0083,25.08,24.96,17372,18781,2.172,2.348,6.515,7.043,325,325,33,33,0,0,0,0,,,,,,,,,,,,,,,,,0,0,0,0
2026-09-28T22:34:56.601253+09:00,38508944,eb6c2af2,2026-09-28T22:34:56.601253+09:00,2026-09-28T22:34:56.693338+09:00,rail-left-01,rail-right-01,0.6.7-draft,0.6.7-draft,mqtt,mqtt,620.09,484.36,6.854,6.598,-0.048,-0.014,0.3,-0.105,10.487,9.765,-0.0707,0.031,0.0318,0.0542,-0.0083,-0.0023,25.06,24.96,17393,18782,2.174,2.348,6.522,7.043,326,326,33,33,0,0,0,0,,,,,,,,,,,,,,,,,0,0,0,0
2026-09-28T22:34:56.620944+09:00,38528635,eb6c2af2,2026-09-28T22:34:56.620944+09:00,2026-09-28T22:34:56.713029+09:00,rail-left-01,rail-right-01,0.6.7-draft,0.6.7-draft,mqtt,mqtt,621.33,485.3,6.856,6.593,0.135,0.129,0.104,-0.178,10.43,9.474,-0.0686,0.0358,0.044,0.0597,-0.0101,-0.0035,25.05,24.96,17397,18772,2.175,2.347,6.524,7.04,327,327,33,33,0,0,0,0,,,,,,,,,,,,,,,,,0,0,0,0
2026-09-28T22:34:56.640881+09:00,38548572,eb6c2af2,2026-09-28T22:34:56.640881+09:00,2026-09-28T22:34:56.732966+09:00,rail-left-01,rail-right-01,0.6.7-draft,0.6.7-draft,mqtt,mqtt,622.57,486.29,6.851,6.605,-0.189,-0.163,-0.016,-0.397,10.502,9.649,-0.0678,0.0342,0.0368,0.0561,-0.0092,-0.0016,25.07,24.98,17386,18799,2.173,2.35,6.52,7.05,328,328,33,33,0,0,0,0,,,,,,,,,,,,,,,,,0,0,0,0
2026-09-28T22:34:56.660832+09:00,38568524,eb6c2af2,2026-09-28T22:34:56.660832+09:00,2026-09-28T22:34:56.752918+09:00,rail-left-01,rail-right-01,0.6.7-draft,0.6.7-draft,mqtt,mqtt,623.77,487.24,6.851,6.6,0.253,0.17,-0.069,-0.3,10.404,9.792,-0.0673,0.0377,0.0409,0.061,-0.01,-0.0077,25.07,24.99,17386,18787,2.173,2.348,6.52,7.045,329,329,33,33,0,0,0,0,,,,,,,,,,,,,,,,,0,0,0,0
2026-09-28T22:34:56.681051+09:00,38588743,eb6c2af2,2026-09-28T22:34:56.681051+09:00,2026-09-28T22:34:56.773137+09:00,rail-left-01,rail-right-01,0.6.7-draft,0.6.7-draft,mqtt,mqtt,625.01,488.23,6.843,6.591,-0.176,-0.198,0.098,-0.286,10.394,9.726,-0.0706,0.0372,0.036,0.056,-0.0073,-0.0059,25.06,24.98,17366,18767,2.171,2.346,6.512,7.038,330,330,33,33,0,0,0,0,,,,,,,,,,,,,,,,,0,0,0,0
2026-09-28T22:34:56.825349+09:00,38729444,eb6c2af2,2026-09-28T22:34:56.825349+09:00,2026-09-28T22:34:56.864627+09:00,rail-left-01,rail-right-01,0.6.7-draft,0.6.7-draft,mqtt,mqtt,633.66,495,6.847,6.58,0.031,0.04,-0.135,-0.201,10.432,9.579,-0.0657,0.0377,0.0404,0.0584,-0.0051,-0.0039,25.05,24.95,17376,18743,2.172,2.343,6.516,7.029,331,331,34,34,0,0,0,0,,,,,,,,,,,,,,,,,0,0,0,0
2026-09-28T22:34:56.845528+09:00,38749623,eb6c2af2,2026-09-28T22:34:56.845528+09:00,2026-09-28T22:34:56.884806+09:00,rail-left-01,rail-right-01,0.6.7-draft,0.6.7-draft,mqtt,mqtt,634.9,495.99,6.862,6.612,-0.006,-0.049,0.248,-0.08,10.58,9.993,-0.0661,0.0333,0.0377,0.0558,-0.0089,-0.0095,25.07,24.96,17412,18814,2.177,2.352,6.53,7.055,332,332,34,34,0,0,0,0,,,,,,,,,,,,,,,,,0,0,0,0
2026-09-28T22:34:56.865458+09:00,38769553,eb6c2af2,2026-09-28T22:34:56.865458+09:00,2026-09-28T22:34:56.904737+09:00,rail-left-01,rail-right-01,0.6.7-draft,0.6.7-draft,mqtt,mqtt,636.15,496.93,6.875,6.62,0.036,0.028,0.14,-0.338,10.527,9.785,-0.0636,0.0342,0.0386,0.0582,-0.0081,-0.0025,25.05,24.95,17446,18831,2.181,2.354,6.542,7.062,333,333,34,34,0,0,0,0,,,,,,,,,,,,,,,,,0,0,0,0
2026-09-28T22:34:56.885433+09:00,38789528,eb6c2af2,2026-09-28T22:34:56.885433+09:00,2026-09-28T22:34:56.924711+09:00,rail-left-01,rail-right-01,0.6.7-draft,0.6.7-draft,mqtt,mqtt,637.34,497.93,6.868,6.624,-0.049,-0.089,0.053,-0.302,10.576,9.658,-0.0617,0.034,0.0401,0.06,-0.0081,-0.0072,25.07,24.95,17428,18841,2.179,2.355,6.536,7.065,334,334,34,34,0,0,0,0,,,,,,,,,,,,,,,,,0,0,0,0
2026-09-28T22:34:56.905656+09:00,38809751,eb6c2af2,2026-09-28T22:34:56.905656+09:00,2026-09-28T22:34:56.944934+09:00,rail-left-01,rail-right-01,0.6.7-draft,0.6.7-draft,mqtt,mqtt,638.58,498.87,6.871,6.618,0.121,0.129,0.072,-0.067,10.396,9.771,-0.0625,0.0329,0.039,0.0576,-0.0093,-0.0059,25.03,24.97,17435,18828,2.179,2.354,6.538,7.061,335,335,34,34,0,0,0,0,,,,,,,,,,,,,,,,,0,0,0,0
2026-09-28T22:34:56.925809+09:00,38829904,eb6c2af2,2026-09-28T22:34:56.925809+09:00,2026-09-28T22:34:56.965088+09:00,rail-left-01,rail-right-01,0.6.7-draft,0.6.7-draft,mqtt,mqtt,639.82,499.87,6.866,6.638,-0.01,-0.026,-0.031,-0.208,10.387,9.574,-0.0645,0.0334,0.0448,0.0616,-0.0071,-0.0031,25.08,24.96,17423,18871,2.178,2.359,6.534,7.077,336,336,34,34,0,0,0,0,,,,,,,,,,,,,,,,,0,0,0,0
2026-09-28T22:34:56.945453+09:00,38849547,eb6c2af2,2026-09-28T22:34:56.945453+09:00,2026-09-28T22:34:56.984730+09:00,rail-left-01,rail-right-01,0.6.7-draft,0.6.7-draft,mqtt,mqtt,641.02,500.81,6.852,6.641,0.025,-0.014,0.146,-0.192,10.142,9.679,-0.0644,0.0326,0.037,0.0524,-0.0085,-0.0069,25.07,24.96,17388,18879,2.174,2.36,6.521,7.08,337,337,34,34,0,0,0,0,,,,,,,,,,,,,,,,,0,0,0,0
2026-09-28T22:34:56.965401+09:00,38869496,eb6c2af2,2026-09-28T22:34:56.965401+09:00,2026-09-28T22:34:57.004679+09:00,rail-left-01,rail-right-01,0.6.7-draft,0.6.7-draft,mqtt,mqtt,642.21,501.76,6.857,6.644,0.022,-0.006,0.146,-0.35,10.501,9.681,-0.0637,0.0321,0.0457,0.0612,-0.0083,-0.0079,25.08,24.97,17401,18884,2.175,2.361,6.525,7.082,338,338,34,34,0,0,0,0,,,,,,,,,,,,,,,,,0,0,0,0
2026-09-28T22:34:56.985359+09:00,38889454,eb6c2af2,2026-09-28T22:34:56.985359+09:00,2026-09-28T22:34:57.024637+09:00,rail-left-01,rail-right-01,0.6.7-draft,0.6.7-draft,mqtt,mqtt,643.45,502.7,6.847,6.664,0.042,0.028,-0.013,-0.147,10.616,9.664,-0.0621,0.0332,0.0368,0.0566,-0.0067,-0.0097,25.08,24.97,17375,18929,2.172,2.366,6.516,7.098,339,339,34,34,0,0,0,0,,,,,,,,,,,,,,,,,0,0,0,0
2026-09-28T22:34:57.005400+09:00,38909495,eb6c2af2,2026-09-28T22:34:57.005400+09:00,2026-09-28T22:34:57.044678+09:00,rail-left-01,rail-right-01,0.6.7-draft,0.6.7-draft,mqtt,mqtt,644.65,503.7,6.852,6.657,-0.045,-0.083,0.133,-0.208,10.355,9.771,-0.0621,0.0322,0.0358,0.057,-0.0077,0.0019,25.07,24.98,17387,18914,2.173,2.364,6.52,7.093,340,340,34,34,0,0,0,0,,,,,,,,,,,,,,,,,0,0,0,0
2026-09-28T22:34:57.140742+09:00,39000547,eb6c2af2,2026-09-28T22:34:57.140742+09:00,2026-09-28T22:34:57.223468+09:00,rail-left-01,rail-right-01,0.6.7-draft,0.6.7-draft,mqtt,mqtt,650.17,508.07,6.85,6.648,0.045,0.02,-0.031,-0.232,10.473,9.664,-0.0654,0.0325,0.0384,0.0577,-0.0109,-0.008,25.07,24.96,17383,18894,2.173,2.362,6.519,7.085,341,341,35,35,0,0,0,0,,,,,,,,,,,,,,,,,0,0,0,0
2026-09-28T22:34:57.160873+09:00,39020678,eb6c2af2,2026-09-28T22:34:57.160873+09:00,2026-09-28T22:34:57.243599+09:00,rail-left-01,rail-right-01,0.6.7-draft,0.6.7-draft,mqtt,mqtt,651.36,509.07,6.876,6.629,-0.022,-0.067,0.115,-0.176,10.49,9.77,-0.0658,0.032,0.0385,0.0598,-0.0076,-0.0047,25.05,24.98,17448,18852,2.181,2.357,6.543,7.07,342,342,35,35,0,0,0,0,,,,,,,,,,,,,,,,,0,0,0,0
2026-09-28T22:34:57.180805+09:00,39040610,eb6c2af2,2026-09-28T22:34:57.180805+09:00,2026-09-28T22:34:57.263531+09:00,rail-left-01,rail-right-01,0.6.7-draft,0.6.7-draft,mqtt,mqtt,652.55,510.01,6.875,6.62,-0.014,0.012,-0.03,-0.298,10.527,9.703,-0.0654,0.0277,0.0352,0.0544,-0.0047,-0.0071,25.06,24.97,17445,18832,2.181,2.354,6.542,7.062,343,343,35,35,0,0,0,0,,,,,,,,,,,,,,,,,0,0,0,0
2026-09-28T22:34:57.200861+09:00,39060666,eb6c2af2,2026-09-28T22:34:57.200861+09:00,2026-09-28T22:34:57.283587+09:00,rail-left-01,rail-right-01,0.6.7-draft,0.6.7-draft,mqtt,mqtt,653.8,511,6.883,6.604,-0.019,-0.045,0.038,-0.463,10.384,9.527,-0.0625,0.0278,0.037,0.0504,0.0013,-0.0013,25.06,24.97,17465,18796,2.183,2.35,6.549,7.049,344,344,35,35,0,0,0,0,,,,,,,,,,,,,,,,,0,0,0,0
2026-09-28T22:34:57.220901+09:00,39080706,eb6c2af2,2026-09-28T22:34:57.220901+09:00,2026-09-28T22:34:57.303627+09:00,rail-left-01,rail-right-01,0.6.7-draft,0.6.7-draft,mqtt,mqtt,654.99,511.95,6.882,6.56,0.069,0.049,0.005,-0.418,10.555,9.719,-0.0659,0.0264,0.0286,0.0461,-0.0013,-0.0045,25.06,24.95,17462,18699,2.183,2.337,6.548,7.012,345,345,35,35,0,0,0,0,,,,,,,,,,,,,,,,,0,0,0,0
2026-09-28T22:34:57.240865+09:00,39100670,eb6c2af2,2026-09-28T22:34:57.240865+09:00,2026-09-28T22:34:57.323591+09:00,rail-left-01,rail-right-01,0.6.7-draft,0.6.7-draft,mqtt,mqtt,656.18,512.94,6.902,6.499,0.078,0.004,-0.166,0.16,10.476,10.104,-0.064,0.0288,0.033,0.0522,-0.0067,-0.0088,25.06,24.97,17513,18563,2.189,2.32,6.567,6.961,346,346,35,35,0,0,0,0,,,,,,,,,,,,,,,,,0,0,0,0
2026-09-28T22:34:57.260774+09:00,39120579,eb6c2af2,2026-09-28T22:34:57.260774+09:00,2026-09-28T22:34:57.343500+09:00,rail-left-01,rail-right-01,0.6.7-draft,0.6.7-draft,mqtt,mqtt,657.42,513.89,6.909,6.501,0.044,0.032,0.05,-0.206,10.551,9.859,-0.0648,0.033,0.0361,0.0558,-0.0117,-0.0147,25.08,24.96,17530,18568,2.191,2.321,6.574,6.963,347,347,35,35,0,0,0,0,,,,,,,,,,,,,,,,,0,0,0,0
2026-09-28T22:34:57.280822+09:00,39140627,eb6c2af2,2026-09-28T22:34:57.280822+09:00,2026-09-28T22:34:57.363548+09:00,rail-left-01,rail-right-01,0.6.7-draft,0.6.7-draft,mqtt,mqtt,658.62,514.88,6.914,6.496,-0.056,-0.117,0.37,-0.436,10.529,9.93,-0.0621,0.0313,0.035,0.0584,-0.0111,0.0007,25.06,24.96,17542,18557,2.193,2.32,6.578,6.959,348,348,35,35,0,0,0,0,,,,,,,,,,,,,,,,,0,0,0,0
2026-09-28T22:34:57.300794+09:00,39160599,eb6c2af2,2026-09-28T22:34:57.300794+09:00,2026-09-28T22:34:57.383520+09:00,rail-left-01,rail-right-01,0.6.7-draft,0.6.7-draft,mqtt,mqtt,659.81,515.83,6.923,6.481,0.175,0.236,-0.099,-0.045,10.561,9.703,-0.0653,0.034,0.0358,0.0552,-0.0075,0.0008,25.05,24.95,17565,18523,2.196,2.315,6.587,6.946,349,349,35,35,0,0,0,0,,,,,,,,,,,,,,,,,0,0,0,0
2026-09-28T22:34:57.320826+09:00,39180631,eb6c2af2,2026-09-28T22:34:57.320826+09:00,2026-09-28T22:34:57.403552+09:00,rail-left-01,rail-right-01,0.6.7-draft,0.6.7-draft,mqtt,mqtt,661.05,516.82,6.929,6.48,-0.03,-0.069,0.074,-0.241,10.264,9.845,-0.0655,0.0318,0.0408,0.062,-0.0084,-0.0044,25.06,24.99,17580,18522,2.197,2.315,6.592,6.946,350,350,35,35,0,0,0,0,,,,,,,,,,,,,,,,,0,0,0,0
2026-09-28T22:34:57.494182+09:00,39359436,eb6c2af2,2026-09-28T22:34:57.494182+09:00,2026-09-28T22:34:57.582435+09:00,rail-left-01,rail-right-01,0.6.7-draft,0.6.7-draft,mqtt,mqtt,671.94,525.47,6.922,6.485,-0.092,-0.022,0.049,-0.289,10.384,9.834,-0.0581,0.0305,0.0362,0.0546,-0.0077,-0.0101,25.07,24.99,17563,18533,2.195,2.317,6.586,6.95,351,351,36,36,0,0,0,0,,,,,,,,,,,,,,,,,0,0,0,0
2026-09-28T22:34:57.514236+09:00,39379490,eb6c2af2,2026-09-28T22:34:57.514236+09:00,2026-09-28T22:34:57.602489+09:00,rail-left-01,rail-right-01,0.6.7-draft,0.6.7-draft,mqtt,mqtt,673.14,526.42,7.025,6.407,0.099,0.03,-0.029,-0.283,10.63,9.843,-0.0626,0.032,0.0366,0.059,-0.0104,-0.0125,25.09,24.99,17817,18358,2.227,2.295,6.681,6.884,352,352,36,36,0,0,0,0,,,,,,,,,,,,,,,,,0,0,0,0
2026-09-28T22:34:57.534337+09:00,39399591,eb6c2af2,2026-09-28T22:34:57.534337+09:00,2026-09-28T22:34:57.622590+09:00,rail-left-01,rail-right-01,0.6.7-draft,0.6.7-draft,mqtt,mqtt,674.38,527.41,7.021,6.384,0.036,-0.017,0.096,-0.363,10.617,9.789,-0.0663,0.0293,0.0408,0.0568,-0.0096,-0.0056,25.07,24.98,17809,18309,2.226,2.289,6.678,6.866,353,353,36,36,0,0,0,0,,,,,,,,,,,,,,,,,0,0,0,0
2026-09-28T22:34:57.554275+09:00,39419529,eb6c2af2,2026-09-28T22:34:57.554275+09:00,2026-09-28T22:34:57.642528+09:00,rail-left-01,rail-right-01,0.6.7-draft,0.6.7-draft,mqtt,mqtt,675.57,528.36,7.012,6.392,0.024,0.078,-0.065,-0.166,10.449,9.573,-0.0618,0.0313,0.0421,0.0576,-0.0083,-0.0113,25.07,24.98,17785,18326,2.223,2.291,6.669,6.872,354,354,36,36,0,0,0,0,,,,,,,,,,,,,,,,,0,0,0,0
2026-09-28T22:34:57.574387+09:00,39439641,eb6c2af2,2026-09-28T22:34:57.574387+09:00,2026-09-28T22:34:57.662640+09:00,rail-left-01,rail-right-01,0.6.7-draft,0.6.7-draft,mqtt,mqtt,676.81,529.35,7.017,6.386,-0.02,-0.007,-0.035,-0.176,10.25,9.556,-0.0642,0.0322,0.0341,0.0502,-0.0051,-0.0036,25.05,24.99,17799,18313,2.225,2.289,6.675,6.867,355,355,36,36,0,0,0,0,,,,,,,,,,,,,,,,,0,0,0,0
2026-09-28T22:34:57.594208+09:00,39459462,eb6c2af2,2026-09-28T22:34:57.594208+09:00,2026-09-28T22:34:57.682461+09:00,rail-left-01,rail-right-01,0.6.7-draft,0.6.7-draft,mqtt,mqtt,678.06,530.29,7.012,6.387,0.034,-0.017,0.194,-0.438,10.321,9.553,-0.0624,0.0325,0.0414,0.0633,-0.0085,-0.0095,25.05,24.97,17786,18314,2.223,2.289,6.67,6.868,356,356,36,36,0,0,0,0,,,,,,,,,,,,,,,,,0,0,0,0
2026-09-28T22:34:57.614325+09:00,39479579,eb6c2af2,2026-09-28T22:34:57.614325+09:00,2026-09-28T22:34:57.702578+09:00,rail-left-01,rail-right-01,0.6.7-draft,0.6.7-draft,mqtt,mqtt,679.25,531.29,6.998,6.392,-0.075,-0.049,0.201,-0.134,10.7,9.62,-0.0655,0.0325,0.0341,0.0538,-0.0064,-0.0021,25.06,24.96,17751,18326,2.219,2.291,6.657,6.872,357,357,36,36,0,0,0,0,,,,,,,,,,,,,,,,,0,0,0,0
2026-09-28T22:34:57.634268+09:00,39499522,eb6c2af2,2026-09-28T22:34:57.634268+09:00,2026-09-28T22:34:57.722521+09:00,rail-left-01,rail-right-01,0.6.7-draft,0.6.7-draft,mqtt,mqtt,680.49,532.23,7.007,6.379,0.048,0.053,0.12,-0.101,10.394,10.18,-0.064,0.034,0.0368,0.061,-0.0117,-0.0093,25.07,24.98,17773,18296,2.222,2.287,6.665,6.861,358,358,36,36,0,0,0,0,,,,,,,,,,,,,,,,,0,0,0,0
2026-09-28T22:34:57.654305+09:00,39519559,eb6c2af2,2026-09-28T22:34:57.654305+09:00,2026-09-28T22:34:57.742558+09:00,rail-left-01,rail-right-01,0.6.7-draft,0.6.7-draft,mqtt,mqtt,681.74,533.23,7.004,6.397,0.059,0.053,-0.043,-0.189,10.622,9.948,-0.059,0.0321,0.0421,0.0602,-0.0101,-0.0068,25.06,24.98,17766,18337,2.221,2.292,6.662,6.876,359,359,36,36,0,0,0,0,,,,,,,,,,,,,,,,,0,0,0,0
2026-09-28T22:34:57.674525+09:00,39539779,eb6c2af2,2026-09-28T22:34:57.674525+09:00,2026-09-28T22:34:57.762778+09:00,rail-left-01,rail-right-01,0.6.7-draft,0.6.7-draft,mqtt,mqtt,682.98,534.22,6.987,6.399,0.028,0.02,0.001,-0.229,10.487,9.773,-0.0681,0.0298,0.0346,0.0541,-0.0076,-0.0064,25.08,24.97,17723,18342,2.215,2.293,6.646,6.878,360,360,36,36,0,0,0,0,,,,,,,,,,,,,,,,,0,0,0,0
2026-09-28T22:34:57.820518+09:00,39718444,eb6c2af2,2026-09-28T22:34:57.820518+09:00,2026-09-28T22:34:57.866064+09:00,rail-left-01,rail-right-01,0.6.7-draft,0.6.7-draft,mqtt,mqtt,693.97,542.82,7.003,6.398,0.13,0.147,-0.083,-0.39,10.349,9.531,-0.064,0.0326,0.048,0.0638,-0.0101,-0.0125,25.08,24.98,17764,18338,2.22,2.292,6.661,6.877,361,361,37,37,0,0,0,0,,,,,,,,,,,,,,,,,0,0,0,0
2026-09-28T22:34:57.840674+09:00,39738599,eb6c2af2,2026-09-28T22:34:57.840674+09:00,2026-09-28T22:34:57.886219+09:00,rail-left-01,rail-right-01,0.6.7-draft,0.6.7-draft,mqtt,mqtt,695.21,543.77,7.022,6.471,-0.134,-0.136,0.193,-0.165,10.469,9.725,-0.063,0.0308,0.0414,0.0605,-0.0077,-0.0044,25.05,24.96,17812,18502,2.227,2.313,6.68,6.938,362,362,37,37,0,0,0,0,,,,,,,,,,,,,,,,,0,0,0,0
2026-09-28T22:34:57.860726+09:00,39758651,eb6c2af2,2026-09-28T22:34:57.860726+09:00,2026-09-28T22:34:57.906271+09:00,rail-left-01,rail-right-01,0.6.7-draft,0.6.7-draft,mqtt,mqtt,696.4,544.76,7.015,6.487,0.138,0.151,-0.004,-0.26,10.442,9.752,-0.0665,0.0348,0.0432,0.0598,-0.01,-0.0064,25.06,24.97,17794,18536,2.224,2.317,6.673,6.951,363,363,37,37,0,0,0,0,,,,,,,,,,,,,,,,,0,0,0,0
2026-09-28T22:34:57.880562+09:00,39778487,eb6c2af2,2026-09-28T22:34:57.880562+09:00,2026-09-28T22:34:57.926107+09:00,rail-left-01,rail-right-01,0.6.7-draft,0.6.7-draft,mqtt,mqtt,697.65,545.71,6.985,6.494,-0.158,-0.116,0.223,-0.144,10.742,9.821,-0.0665,0.0326,0.0412,0.0534,-0.0069,-0.0023,25.06,24.99,17719,18553,2.215,2.319,6.645,6.957,364,364,37,37,0,0,0,0,,,,,,,,,,,,,,,,,0,0,0,0
2026-09-28T22:34:57.900777+09:00,39798703,eb6c2af2,2026-09-28T22:34:57.900777+09:00,2026-09-28T22:34:57.946323+09:00,rail-left-01,rail-right-01,0.6.7-draft,0.6.7-draft,mqtt,mqtt,698.89,546.7,6.975,6.484,0.069,0.026,0.011,-0.303,10.484,9.925,-0.0657,0.0298,0.0385,0.062,-0.0125,-0.0089,25.07,24.98,17693,18530,2.212,2.316,6.635,6.949,365,365,37,37,0,0,0,0,,,,,,,,,,,,,,,,,0,0,0,0
2026-09-28T22:34:57.920766+09:00,39818691,eb6c2af2,2026-09-28T22:34:57.920766+09:00,2026-09-28T22:34:57.966311+09:00,rail-left-01,rail-right-01,0.6.7-draft,0.6.7-draft,mqtt,mqtt,700.13,547.65,6.942,6.491,-0.018,-0.063,0.254,-0.25,10.677,9.707,-0.0632,0.0364,0.0458,0.0585,-0.0085,0.0009,25.06,24.98,17612,18546,2.202,2.318,6.605,6.955,366,366,37,37,0,0,0,0,,,,,,,,,,,,,,,,,0,0,0,0
2026-09-28T22:34:57.940684+09:00,39838609,eb6c2af2,2026-09-28T22:34:57.940684+09:00,2026-09-28T22:34:57.986229+09:00,rail-left-01,rail-right-01,0.6.7-draft,0.6.7-draft,mqtt,mqtt,701.38,548.64,6.935,6.489,0.061,0.111,-0.036,-0.148,10.55,9.817,-0.0646,0.0288,0.0374,0.0566,-0.0088,-0.0105,25.07,24.99,17593,18542,2.199,2.318,6.597,6.953,367,367,37,37,0,0,0,0,,,,,,,,,,,,,,,,,0,0,0,0
2026-09-28T22:34:57.960693+09:00,39858618,eb6c2af2,2026-09-28T22:34:57.960693+09:00,2026-09-28T22:34:58.006238+09:00,rail-left-01,rail-right-01,0.6.7-draft,0.6.7-draft,mqtt,mqtt,702.57,549.59,6.916,6.488,-0.022,-0.014,0.081,-0.181,10.5,9.801,-0.0613,0.0336,0.0456,0.0582,-0.0068,-0.0061,25.07,24.96,17547,18538,2.193,2.317,6.58,6.952,368,368,37,37,0,0,0,0,,,,,,,,,,,,,,,,,0,0,0,0
2026-09-28T22:34:57.980678+09:00,39878604,eb6c2af2,2026-09-28T22:34:57.980678+09:00,2026-09-28T22:34:58.026224+09:00,rail-left-01,rail-right-01,0.6.7-draft,0.6.7-draft,mqtt,mqtt,703.81,550.58,6.907,6.505,0.072,0.05,0.123,-0.146,10.416,9.568,-0.065,0.0329,0.042,0.0552,-0.0083,-0.0091,25.06,24.97,17524,18577,2.191,2.322,6.571,6.966,369,369,37,37,0,0,0,0,,,,,,,,,,,,,,,,,0,0,0,0
2026-09-28T22:34:58.000713+09:00,39898639,eb6c2af2,2026-09-28T22:34:58.000713+09:00,2026-09-28T22:34:58.046259+09:00,rail-left-01,rail-right-01,0.6.7-draft,0.6.7-draft,mqtt,mqtt,705.05,551.52,6.906,6.506,0.096,0.034,0.051,-0.262,10.436,9.819,-0.0669,0.0342,0.0429,0.0608,-0.0071,-0.0097,25.08,24.98,17522,18579,2.19,2.322,6.571,6.967,370,370,37,37,0,0,0,0,,,,,,,,,,,,,,,,,0,0,0,0
2026-09-28T22:34:58.091891+09:00,40003462,eb6c2af2,2026-09-28T22:34:58.091891+09:00,2026-09-28T22:34:58.137303+09:00,rail-left-01,rail-right-01,0.6.7-draft,0.6.7-draft,mqtt,mqtt,711.52,556.6,6.896,6.522,0.012,0.048,0.011,-0.148,10.67,9.7,-0.0649,0.0353,0.0388,0.0522,-0.0025,-0.0037,25.07,24.95,17498,18615,2.187,2.327,6.562,6.981,371,371,38,38,0,0,0,0,,,,,,,,,,,,,,,,,0,0,0,0
2026-09-28T22:34:58.111966+09:00,40023537,eb6c2af2,2026-09-28T22:34:58.111966+09:00,2026-09-28T22:34:58.157378+09:00,rail-left-01,rail-right-01,0.6.7-draft,0.6.7-draft,mqtt,mqtt,712.76,557.59,6.834,6.549,-0.012,-0.001,0.05,-0.362,10.568,9.795,-0.0609,0.0376,0.0421,0.0581,-0.0055,-0.0081,25.04,24.96,17343,18675,2.168,2.334,6.504,7.003,372,372,38,38,0,0,0,0,,,,,,,,,,,,,,,,,0,0,0,0
2026-09-28T22:34:58.131961+09:00,40043532,eb6c2af2,2026-09-28T22:34:58.131961+09:00,2026-09-28T22:34:58.177373+09:00,rail-left-01,rail-right-01,0.6.7-draft,0.6.7-draft,mqtt,mqtt,714,558.53,6.831,6.562,-0.025,-0.006,0.284,-0.267,10.537,9.667,-0.0614,0.0358,0.0409,0.0584,-0.0053,-0.0031,25.06,24.97,17336,18702,2.167,2.338,6.501,7.013,373,373,38,38,0,0,0,0,,,,,,,,,,,,,,,,,0,0,0,0
2026-09-28T22:34:58.152008+09:00,40063579,eb6c2af2,2026-09-28T22:34:58.152008+09:00,2026-09-28T22:34:58.197420+09:00,rail-left-01,rail-right-01,0.6.7-draft,0.6.7-draft,mqtt,mqtt,715.25,559.53,6.83,6.558,0.067,0.102,-0.233,-0.144,10.382,9.89,-0.063,0.0352,0.0414,0.0564,-0.0067,-0.0076,25.08,24.99,17332,18695,2.167,2.337,6.5,7.011,374,374,38,38,0,0,0,0,,,,,,,,,,,,,,,,,0,0,0,0
2026-09-28T22:34:58.172085+09:00,40083656,eb6c2af2,2026-09-28T22:34:58.172085+09:00,2026-09-28T22:34:58.217497+09:00,rail-left-01,rail-right-01,0.6.7-draft,0.6.7-draft,mqtt,mqtt,716.49,560.47,6.81,6.564,-0.08,-0.01,0.152,-0.086,10.587,9.807,-0.0652,0.037,0.0422,0.0557,-0.0028,-0.0083,25.07,24.97,17282,18708,2.16,2.339,6.481,7.016,375,375,38,38,0,0,0,0,,,,,,,,,,,,,,,,,0,0,0,0
2026-09-28T22:34:58.192060+09:00,40103631,eb6c2af2,2026-09-28T22:34:58.192060+09:00,2026-09-28T22:34:58.237472+09:00,rail-left-01,rail-right-01,0.6.7-draft,0.6.7-draft,mqtt,mqtt,717.73,561.47,6.794,6.557,-0.063,-0.062,0.214,-0.26,10.531,9.691,-0.0657,0.0381,0.0408,0.0548,-0.0024,-0.0031,25.06,24.99,17243,18691,2.155,2.336,6.466,7.009,376,376,38,38,0,0,0,0,,,,,,,,,,,,,,,,,0,0,0,0
2026-09-28T22:34:58.211975+09:00,40123546,eb6c2af2,2026-09-28T22:34:58.211975+09:00,2026-09-28T22:34:58.257387+09:00,rail-left-01,rail-right-01,0.6.7-draft,0.6.7-draft,mqtt,mqtt,718.98,562.41,6.779,6.546,0.078,0.097,0.17,-0.226,10.415,9.609,-0.0648,0.0401,0.0394,0.05,-0.0037,-0.0045,25.09,25,17205,18667,2.151,2.333,6.452,7,377,377,38,38,0,0,0,0,,,,,,,,,,,,,,,,,0,0,0,0
2026-09-28T22:34:58.231931+09:00,40143502,eb6c2af2,2026-09-28T22:34:58.231931+09:00,2026-09-28T22:34:58.277343+09:00,rail-left-01,rail-right-01,0.6.7-draft,0.6.7-draft,mqtt,mqtt,720.22,563.41,6.777,6.526,0.007,0.047,-0.081,-0.34,10.317,9.543,-0.0638,0.0376,0.0442,0.06,-0.0043,-0.0084,25.07,24.98,17201,18624,2.15,2.328,6.45,6.984,378,378,38,38,0,0,0,0,,,,,,,,,,,,,,,,,0,0,0,0
2026-09-28T22:34:58.252099+09:00,40163670,eb6c2af2,2026-09-28T22:34:58.252099+09:00,2026-09-28T22:34:58.297511+09:00,rail-left-01,rail-right-01,0.6.7-draft,0.6.7-draft,mqtt,mqtt,721.46,564.35,6.74,6.52,-0.042,-0.049,0.126,-0.209,10.508,9.726,-0.0662,0.0366,0.0356,0.0534,-0.0059,-0.004,25.06,24.97,17110,18610,2.139,2.326,6.416,6.979,379,379,38,38,0,0,0,0,,,,,,,,,,,,,,,,,0,0,0,0
2026-09-28T22:34:58.272152+09:00,40183723,eb6c2af2,2026-09-28T22:34:58.272152+09:00,2026-09-28T22:34:58.317564+09:00,rail-left-01,rail-right-01,0.6.7-draft,0.6.7-draft,mqtt,mqtt,722.7,565.35,6.737,6.515,0.115,0.059,0.069,-0.287,10.509,9.765,-0.0679,0.0314,0.0394,0.06,-0.0095,-0.0141,25.06,25,17102,18599,2.138,2.325,6.413,6.975,380,380,38,38,0,0,0,0,,,,,,,,,,,,,,,,,0,0,0,0
2026-09-28T22:34:58.379137+09:00,40275460,eb6c2af2,2026-09-28T22:34:58.379137+09:00,2026-09-28T22:34:58.423262+09:00,rail-left-01,rail-right-01,0.6.7-draft,0.6.7-draft,mqtt,mqtt,728.37,569.77,6.743,6.526,-0.159,-0.141,0.183,-0.292,10.331,9.762,-0.0667,0.031,0.0362,0.0557,-0.0077,-0.0073,25.04,24.97,17116,18623,2.14,2.328,6.419,6.984,381,381,39,39,0,0,0,0,,,,,,,,,,,,,,,,,0,0,0,0
2026-09-28T22:34:58.399292+09:00,40295615,eb6c2af2,2026-09-28T22:34:58.399292+09:00,2026-09-28T22:34:58.443417+09:00,rail-left-01,rail-right-01,0.6.7-draft,0.6.7-draft,mqtt,mqtt,729.67,570.77,6.67,6.531,0.186,0.177,0.089,0.448,10.512,9.98,-0.0659,0.0264,0.0425,0.0686,-0.0104,-0.0172,25.05,24.97,16934,18635,2.117,2.329,6.35,6.988,382,382,39,39,0,0,0,0,,,,,,,,,,,,,,,,,0,0,0,0
2026-09-28T22:34:58.419216+09:00,40315539,eb6c2af2,2026-09-28T22:34:58.419216+09:00,2026-09-28T22:34:58.463341+09:00,rail-left-01,rail-right-01,0.6.7-draft,0.6.7-draft,mqtt,mqtt,730.91,571.71,6.651,6.586,-0.022,-0.022,0.272,-0.384,10.325,9.771,-0.0602,0.0261,0.0505,0.0655,-0.0089,-0.002,25.07,24.99,16886,18757,2.111,2.345,6.332,7.034,383,383,39,39,0,0,0,0,,,,,,,,,,,,,,,,,0,0,0,0
2026-09-28T22:34:58.439184+09:00,40335507,eb6c2af2,2026-09-28T22:34:58.439184+09:00,2026-09-28T22:34:58.483309+09:00,rail-left-01,rail-right-01,0.6.7-draft,0.6.7-draft,mqtt,mqtt,732.1,572.7,6.614,6.642,-0.023,0.005,0.535,-0.345,10.537,9.91,-0.0698,0.0256,0.0412,0.0582,-0.0064,-0.0089,25.07,24.98,16794,18881,2.099,2.36,6.298,7.08,384,384,39,39,0,0,0,0,,,,,,,,,,,,,,,,,0,0,0,0
2026-09-28T22:34:58.459244+09:00,40355567,eb6c2af2,2026-09-28T22:34:58.459244+09:00,2026-09-28T22:34:58.503369+09:00,rail-left-01,rail-right-01,0.6.7-draft,0.6.7-draft,mqtt,mqtt,733.39,573.65,6.641,6.669,-0.051,-0.068,0.157,-0.163,10.325,9.676,-0.0693,0.0264,0.0377,0.0561,-0.0072,-0.0035,25.06,24.98,16862,18940,2.108,2.368,6.323,7.102,385,385,39,39,0,0,0,0,,,,,,,,,,,,,,,,,0,0,0,0
2026-09-28T22:34:58.479540+09:00,40375863,eb6c2af2,2026-09-28T22:34:58.479540+09:00,2026-09-28T22:34:58.523665+09:00,rail-left-01,rail-right-01,0.6.7-draft,0.6.7-draft,mqtt,mqtt,734.64,574.64,6.656,6.686,0.096,0.098,-0.174,-0.318,10.387,9.491,-0.0674,0.0286,0.042,0.0582,-0.0077,-0.0075,25.07,24.96,16899,18977,2.112,2.372,6.337,7.116,386,386,39,39,0,0,0,0,,,,,,,,,,,,,,,,,0,0,0,0
2026-09-28T22:34:58.499155+09:00,40395478,eb6c2af2,2026-09-28T22:34:58.499155+09:00,2026-09-28T22:34:58.543280+09:00,rail-left-01,rail-right-01,0.6.7-draft,0.6.7-draft,mqtt,mqtt,735.83,575.59,6.648,6.688,-0.084,-0.084,-0.041,-0.64,10.333,9.493,-0.0636,0.0328,0.0422,0.0574,-0.0053,-0.0017,25.05,24.96,16879,18982,2.11,2.373,6.33,7.118,387,387,39,39,0,0,0,0,,,,,,,,,,,,,,,,,0,0,0,0
2026-09-28T22:34:58.519299+09:00,40415622,eb6c2af2,2026-09-28T22:34:58.519299+09:00,2026-09-28T22:34:58.563424+09:00,rail-left-01,rail-right-01,0.6.7-draft,0.6.7-draft,mqtt,mqtt,737.07,576.53,6.616,6.677,0.084,0.091,-0.018,-0.209,10.555,9.675,-0.0706,0.0337,0.0418,0.065,-0.0115,-0.0163,25.07,24.96,16800,18957,2.1,2.37,6.3,7.109,388,388,39,39,0,0,0,0,,,,,,,,,,,,,,,,,0,0,0,0
2026-09-28T22:34:58.539263+09:00,40435586,eb6c2af2,2026-09-28T22:34:58.539263+09:00,2026-09-28T22:34:58.583388+09:00,rail-left-01,rail-right-01,0.6.7-draft,0.6.7-draft,mqtt,mqtt,738.32,577.53,6.584,6.666,-0.095,-0.031,0.399,0.211,10.226,9.92,-0.056,0.0381,0.0285,0.0426,-0.0061,0.0053,25.09,24.97,16721,18934,2.09,2.367,6.27,7.1,389,389,39,39,0,0,0,0,,,,,,,,,,,,,,,,,0,0,0,0
2026-09-28T22:34:58.559149+09:00,40455472,eb6c2af2,2026-09-28T22:34:58.559149+09:00,2026-09-28T22:34:58.603274+09:00,rail-left-01,rail-right-01,0.6.7-draft,0.6.7-draft,mqtt,mqtt,739.56,578.47,6.627,6.625,0.135,0.044,0.121,-0.324,10.588,9.971,-0.0574,0.0302,0.0346,0.0537,-0.0135,-0.0099,25.06,24.96,16827,18843,2.103,2.355,6.31,7.066,390,390,39,39,0,0,0,0,,,,,,,,,,,,,,,,,0,0,0,0
2026-09-28T22:34:58.656025+09:00,40559432,eb6c2af2,2026-09-28T22:34:58.656025+09:00,2026-09-28T22:34:58.738279+09:00,rail-left-01,rail-right-01,0.6.7-draft,0.6.7-draft,mqtt,mqtt,746.02,583.49,6.643,6.621,0.047,0.007,0.019,-0.223,10.49,9.934,-0.0645,0.0249,0.0378,0.0545,-0.008,-0.0105,25.06,24.97,16867,18834,2.108,2.354,6.325,7.063,391,391,40,40,0,0,0,0,,,,,,,,,,,,,,,,,0,0,0,0
2026-09-28T22:34:58.676084+09:00,40579491,eb6c2af2,2026-09-28T22:34:58.676084+09:00,2026-09-28T22:34:58.758338+09:00,rail-left-01,rail-right-01,0.6.7-draft,0.6.7-draft,mqtt,mqtt,747.32,584.44,6.625,6.522,0.024,0.012,0.116,-0.165,10.502,9.776,-0.0652,0.0312,0.0436,0.0612,-0.0055,-0.0072,25.07,24.97,16822,18614,2.103,2.327,6.308,6.98,392,392,40,40,0,0,0,0,,,,,,,,,,,,,,,,,0,0,0,0
2026-09-28T22:34:58.696077+09:00,40599484,eb6c2af2,2026-09-28T22:34:58.696077+09:00,2026-09-28T22:34:58.778331+09:00,rail-left-01,rail-right-01,0.6.7-draft,0.6.7-draft,mqtt,mqtt,748.56,585.43,6.573,6.53,0.037,0.053,0.209,-0.069,10.37,9.693,-0.0665,0.0325,0.0438,0.0638,-0.006,-0.0061,25.08,24.98,16693,18633,2.087,2.329,6.26,6.987,393,393,40,40,0,0,0,0,,,,,,,,,,,,,,,,,0,0,0,0
2026-09-28T22:34:58.716047+09:00,40619454,eb6c2af2,2026-09-28T22:34:58.716047+09:00,2026-09-28T22:34:58.798301+09:00,rail-left-01,rail-right-01,0.6.7-draft,0.6.7-draft,mqtt,mqtt,749.8,586.38,6.542,6.53,-0.127,-0.067,0.103,-0.107,10.568,9.681,-0.0636,0.0288,0.0417,0.06,-0.01,-0.0089,25.07,25.01,16616,18633,2.077,2.329,6.231,6.987,394,394,40,40,0,0,0,0,,,,,,,,,,,,,,,,,0,0,0,0
2026-09-28T22:34:58.736121+09:00,40639528,eb6c2af2,2026-09-28T22:34:58.736121+09:00,2026-09-28T22:34:58.818375+09:00,rail-left-01,rail-right-01,0.6.7-draft,0.6.7-draft,mqtt,mqtt,751.04,587.37,6.535,6.526,0.012,0.051,0.103,0.117,10.345,9.802,-0.0618,0.032,0.039,0.0525,-0.0119,-0.0009,25.07,24.98,16598,18623,2.075,2.328,6.224,6.984,395,395,40,40,0,0,0,0,,,,,,,,,,,,,,,,,0,0,0,0
2026-09-28T22:34:58.756132+09:00,40659539,eb6c2af2,2026-09-28T22:34:58.756132+09:00,2026-09-28T22:34:58.838386+09:00,rail-left-01,rail-right-01,0.6.7-draft,0.6.7-draft,mqtt,mqtt,752.29,588.32,6.523,6.534,0.079,0.06,0.192,-0.407,10.572,9.651,-0.0649,0.0321,0.0393,0.0574,-0.0128,-0.0095,25.09,24.97,16569,18640,2.071,2.33,6.213,6.99,396,396,40,40,0,0,0,0,,,,,,,,,,,,,,,,,0,0,0,0
2026-09-28T22:34:58.776175+09:00,40679582,eb6c2af2,2026-09-28T22:34:58.776175+09:00,2026-09-28T22:34:58.858429+09:00,rail-left-01,rail-right-01,0.6.7-draft,0.6.7-draft,mqtt,mqtt,753.53,589.26,6.531,6.53,-0.057,-0.056,-0.043,-0.354,10.525,9.804,-0.0697,0.0304,0.0357,0.0557,-0.0085,-0.0081,25.08,24.99,16589,18632,2.074,2.329,6.221,6.987,397,397,40,40,0,0,0,0,,,,,,,,,,,,,,,,,0,0,0,0
2026-09-28T22:34:58.796171+09:00,40699578,eb6c2af2,2026-09-28T22:34:58.796171+09:00,2026-09-28T22:34:58.878425+09:00,rail-left-01,rail-right-01,0.6.7-draft,0.6.7-draft,mqtt,mqtt,754.77,590.26,6.53,6.524,-0.03,-0.007,0.032,-0.449,10.558,9.663,-0.0662,0.0301,0.0384,0.06,-0.0027,-0.0087,25.05,24.99,16585,18619,2.073,2.327,6.219,6.982,398,398,40,40,0,0,0,0,,,,,,,,,,,,,,,,,0,0,0,0
2026-09-28T22:34:58.816140+09:00,40719547,eb6c2af2,2026-09-28T22:34:58.816140+09:00,2026-09-28T22:34:58.898394+09:00,rail-left-01,rail-right-01,0.6.7-draft,0.6.7-draft,mqtt,mqtt,756.02,591.2,6.522,6.524,-0.077,-0.002,0.011,-0.092,10.396,9.665,-0.0674,0.0314,0.0412,0.0557,-0.0003,-0.0023,25.06,24.94,16565,18618,2.071,2.327,6.212,6.982,399,399,40,40,0,0,0,0,,,,,,,,,,,,,,,,,0,0,0,0
2026-09-28T22:34:58.836209+09:00,40739616,eb6c2af2,2026-09-28T22:34:58.836209+09:00,2026-09-28T22:34:58.918463+09:00,rail-left-01,rail-right-01,0.6.7-draft,0.6.7-draft,mqtt,mqtt,757.31,592.19,6.532,6.517,0.135,0.119,-0.067,-0.038,10.303,9.571,-0.063,0.0297,0.0354,0.0626,-0.0041,-0.0021,25.07,24.98,16592,18602,2.074,2.325,6.222,6.976,400,400,40,40,0,0,0,0,,,,,,,,,,,,,,,,,0,0,0,0
2026-09-28T22:34:58.970227+09:00,40874448,eb6c2af2,2026-09-28T22:34:58.970227+09:00,2026-09-28T22:34:59.015565+09:00,rail-left-01,rail-right-01,0.6.7-draft,0.6.7-draft,mqtt,mqtt,765.71,598.66,6.535,6.512,0.032,-0.023,0.065,-0.573,10.722,9.595,-0.064,0.0248,0.0345,0.047,-0.0084,-0.002,25.06,24.93,16598,18593,2.075,2.324,6.224,6.972,401,401,41,41,0,0,0,0,,,,,,,,,,,,,,,,,0,0,0,0
2026-09-28T22:34:58.990338+09:00,40894559,eb6c2af2,2026-09-28T22:34:58.990338+09:00,2026-09-28T22:34:59.035676+09:00,rail-left-01,rail-right-01,0.6.7-draft,0.6.7-draft,mqtt,mqtt,766.95,599.6,6.848,6.487,0.25,0.239,0.099,0.189,10.287,10.341,-0.0685,0.0372,0.0282,0.053,0.0059,-0.0001,25.04,24.99,17377,18537,2.172,2.317,6.516,6.951,402,402,41,41,0,0,0,0,,,,,,,,,,,,,,,,,0,0,0,0
2026-09-28T22:34:59.010288+09:00,40914509,eb6c2af2,2026-09-28T22:34:59.010288+09:00,2026-09-28T22:34:59.055626+09:00,rail-left-01,rail-right-01,0.6.7-draft,0.6.7-draft,mqtt,mqtt,768.2,600.6,6.916,6.478,-0.126,-0.049,0.16,-0.321,10.598,9.774,-0.0667,0.035,0.0372,0.057,0.0004,-0.0049,25.07,24.97,17548,18517,2.194,2.315,6.581,6.944,403,403,41,41,0,0,0,0,,,,,,,,,,,,,,,,,0,0,0,0
2026-09-28T22:34:59.030232+09:00,40934453,eb6c2af2,2026-09-28T22:34:59.030232+09:00,2026-09-28T22:34:59.075570+09:00,rail-left-01,rail-right-01,0.6.7-draft,0.6.7-draft,mqtt,mqtt,769.44,601.54,6.924,6.488,-0.002,0.055,-0.051,-0.294,10.301,9.601,-0.0682,0.0352,0.042,0.0572,-0.0099,-0.0113,25.07,24.98,17566,18539,2.196,2.317,6.587,6.952,404,404,41,41,0,0,0,0,,,,,,,,,,,,,,,,,0,0,0,0
2026-09-28T22:34:59.050262+09:00,40954483,eb6c2af2,2026-09-28T22:34:59.050262+09:00,2026-09-28T22:34:59.095600+09:00,rail-left-01,rail-right-01,0.6.7-draft,0.6.7-draft,mqtt,mqtt,770.73,602.49,6.917,6.497,0.062,0.043,0.078,-0.116,10.379,9.549,-0.0685,0.0348,0.0378,0.0557,-0.0045,-0.002,25.06,24.98,17549,18558,2.194,2.32,6.581,6.959,405,405,41,41,0,0,0,0,,,,,,,,,,,,,,,,,0,0,0,0
2026-09-28T22:34:59.070237+09:00,40974458,eb6c2af2,2026-09-28T22:34:59.070237+09:00,2026-09-28T22:34:59.115575+09:00,rail-left-01,rail-right-01,0.6.7-draft,0.6.7-draft,mqtt,mqtt,771.98,603.43,6.917,6.498,-0.128,-0.154,0.195,-0.496,10.414,9.582,-0.0646,0.0305,0.0372,0.0581,-0.0097,-0.0028,25.07,24.98,17550,18560,2.194,2.32,6.581,6.96,406,406,41,41,0,0,0,0,,,,,,,,,,,,,,,,,0,0,0,0
2026-09-28T22:34:59.090320+09:00,40994541,eb6c2af2,2026-09-28T22:34:59.090320+09:00,2026-09-28T22:34:59.135658+09:00,rail-left-01,rail-right-01,0.6.7-draft,0.6.7-draft,mqtt,mqtt,773.22,604.42,6.92,6.499,0.192,0.162,-0.018,-0.091,10.539,9.635,-0.0659,0.0322,0.0376,0.0618,-0.0073,-0.0035,25.07,24.97,17557,18564,2.195,2.321,6.584,6.962,407,407,41,41,0,0,0,0,,,,,,,,,,,,,,,,,0,0,0,0
2026-09-28T22:34:59.110430+09:00,41014651,eb6c2af2,2026-09-28T22:34:59.110430+09:00,2026-09-28T22:34:59.155768+09:00,rail-left-01,rail-right-01,0.6.7-draft,0.6.7-draft,mqtt,mqtt,774.46,605.37,6.943,6.495,-0.223,-0.215,0.087,-0.253,10.406,9.783,-0.0621,0.0306,0.0321,0.0518,-0.0069,0.0009,25.08,24.96,17613,18554,2.202,2.319,6.605,6.958,408,408,41,41,0,0,0,0,,,,,,,,,,,,,,,,,0,0,0,0
2026-09-28T22:34:59.130269+09:00,41034490,eb6c2af2,2026-09-28T22:34:59.130269+09:00,2026-09-28T22:34:59.175607+09:00,rail-left-01,rail-right-01,0.6.7-draft,0.6.7-draft,mqtt,mqtt,775.7,606.31,6.95,6.494,0.231,0.17,0.3,-0.237,10.467,9.482,-0.0662,0.0297,0.0421,0.0613,-0.0096,-0.0091,25.04,25,17632,18552,2.204,2.319,6.612,6.957,409,409,41,41,0,0,0,0,,,,,,,,,,,,,,,,,0,0,0,0
2026-09-28T22:34:59.150667+09:00,41054888,eb6c2af2,2026-09-28T22:34:59.150667+09:00,2026-09-28T22:34:59.196005+09:00,rail-left-01,rail-right-01,0.6.7-draft,0.6.7-draft,mqtt,mqtt,776.95,607.31,6.958,6.509,-0.139,-0.091,0.025,-0.26,10.339,9.647,-0.0642,0.0286,0.0378,0.0601,-0.008,-0.0076,25.07,24.97,17652,18586,2.207,2.323,6.62,6.97,410,410,41,41,0,0,0,0,,,,,,,,,,,,,,,,,0,0,0,0
2026-09-28T22:34:59.238974+09:00,41152460,eb6c2af2,2026-09-28T22:34:59.238974+09:00,2026-09-28T22:34:59.322272+09:00,rail-left-01,rail-right-01,0.6.7-draft,0.6.7-draft,mqtt,mqtt,783.01,611.98,6.948,6.506,0.034,0.056,-0.115,-0.243,10.434,9.669,-0.0657,0.0312,0.0429,0.0609,-0.0111,-0.0115,25.05,25.01,17626,18579,2.203,2.322,6.61,6.967,411,411,42,42,0,0,0,0,,,,,,,,,,,,,,,,,0,0,0,0
2026-09-28T22:34:59.259118+09:00,41172604,eb6c2af2,2026-09-28T22:34:59.259118+09:00,2026-09-28T22:34:59.342416+09:00,rail-left-01,rail-right-01,0.6.7-draft,0.6.7-draft,mqtt,mqtt,784.26,612.98,6.85,6.565,-0.085,-0.056,0.035,-0.129,10.355,9.723,-0.0665,0.0316,0.0406,0.0553,-0.0112,-0.004,25.06,24.95,17382,18710,2.173,2.339,6.518,7.016,412,412,42,42,0,0,0,0,,,,,,,,,,,,,,,,,0,0,0,0
2026-09-28T22:34:59.279153+09:00,41192639,eb6c2af2,2026-09-28T22:34:59.279153+09:00,2026-09-28T22:34:59.362451+09:00,rail-left-01,rail-right-01,0.6.7-draft,0.6.7-draft,mqtt,mqtt,785.45,613.92,6.819,6.568,-0.008,-0.059,0.338,-0.263,10.72,9.691,-0.0622,0.0338,0.043,0.0598,-0.0124,-0.006,25.06,24.97,17306,18717,2.163,2.34,6.49,7.019,413,413,42,42,0,0,0,0,,,,,,,,,,,,,,,,,0,0,0,0
2026-09-28T22:34:59.299138+09:00,41212624,eb6c2af2,2026-09-28T22:34:59.299138+09:00,2026-09-28T22:34:59.382436+09:00,rail-left-01,rail-right-01,0.6.7-draft,0.6.7-draft,mqtt,mqtt,786.69,614.87,6.8,6.581,0.037,0.056,-0.041,-0.056,10.38,9.655,-0.0658,0.0326,0.0425,0.0585,-0.0099,-0.0004,25.06,24.97,17257,18745,2.157,2.343,6.471,7.029,414,414,42,42,0,0,0,0,,,,,,,,,,,,,,,,,0,0,0,0
2026-09-28T22:34:59.319207+09:00,41232693,eb6c2af2,2026-09-28T22:34:59.319207+09:00,2026-09-28T22:34:59.402505+09:00,rail-left-01,rail-right-01,0.6.7-draft,0.6.7-draft,mqtt,mqtt,787.94,615.86,6.775,6.601,0.067,0.062,0.049,-0.499,10.497,9.707,-0.0642,0.0352,0.0462,0.0636,-0.0095,-0.0053,25.05,24.98,17196,18790,2.15,2.349,6.449,7.046,415,415,42,42,0,0,0,0,,,,,,,,,,,,,,,,,0,0,0,0
2026-09-28T22:34:59.339219+09:00,41252705,eb6c2af2,2026-09-28T22:34:59.339219+09:00,2026-09-28T22:34:59.422517+09:00,rail-left-01,rail-right-01,0.6.7-draft,0.6.7-draft,mqtt,mqtt,789.18,616.8,6.757,6.609,-0.084,-0.017,-0.116,-0.248,10.501,9.758,-0.0654,0.0285,0.0405,0.0581,-0.01,-0.0039,25.06,24.97,17150,18808,2.144,2.351,6.431,7.053,416,416,42,42,0,0,0,0,,,,,,,,,,,,,,,,,0,0,0,0
2026-09-28T22:34:59.359020+09:00,41272506,eb6c2af2,2026-09-28T22:34:59.359020+09:00,2026-09-28T22:34:59.442318+09:00,rail-left-01,rail-right-01,0.6.7-draft,0.6.7-draft,mqtt,mqtt,790.37,617.75,6.739,6.615,0.078,0.03,0.119,-0.303,10.673,9.771,-0.0698,0.027,0.0394,0.0572,-0.0077,-0.0085,25.08,24.98,17106,18820,2.138,2.353,6.415,7.058,417,417,42,42,0,0,0,0,,,,,,,,,,,,,,,,,0,0,0,0
2026-09-28T22:34:59.379082+09:00,41292568,eb6c2af2,2026-09-28T22:34:59.379082+09:00,2026-09-28T22:34:59.462380+09:00,rail-left-01,rail-right-01,0.6.7-draft,0.6.7-draft,mqtt,mqtt,791.61,618.74,6.723,6.61,-0.026,-0.066,0.142,-0.226,10.542,9.592,-0.0658,0.0356,0.0429,0.0588,-0.0043,-0.0059,25.07,24.99,17067,18809,2.133,2.351,6.4,7.053,418,418,42,42,0,0,0,0,,,,,,,,,,,,,,,,,0,0,0,0
2026-09-28T22:34:59.399079+09:00,41312565,eb6c2af2,2026-09-28T22:34:59.399079+09:00,2026-09-28T22:34:59.482377+09:00,rail-left-01,rail-right-01,0.6.7-draft,0.6.7-draft,mqtt,mqtt,792.86,619.69,6.709,6.622,-0.127,-0.071,0.174,-0.406,10.594,9.693,-0.0679,0.0336,0.0392,0.0582,-0.0081,-0.0029,25.06,24.98,17032,18835,2.129,2.354,6.387,7.063,419,419,42,42,0,0,0,0,,,,,,,,,,,,,,,,,0,0,0,0
2026-09-28T22:34:59.419145+09:00,41332631,eb6c2af2,2026-09-28T22:34:59.419145+09:00,2026-09-28T22:34:59.502443+09:00,rail-left-01,rail-right-01,0.6.7-draft,0.6.7-draft,mqtt,mqtt,794.1,620.68,6.695,6.621,0.138,0.206,-0.063,-0.275,10.366,9.823,-0.0678,0.0302,0.0389,0.058,-0.006,-0.0028,25.02,25,16997,18834,2.125,2.354,6.374,7.063,420,420,42,42,0,0,0,0,,,,,,,,,,,,,,,,,0,0,0,0
2026-09-28T22:34:59.561653+09:00,41462443,eb6c2af2,2026-09-28T22:34:59.561653+09:00,2026-09-28T22:34:59.651186+09:00,rail-left-01,rail-right-01,0.6.7-draft,0.6.7-draft,mqtt,mqtt,802.06,626.95,6.685,6.625,-0.026,-0.138,0.051,-0.504,10.475,9.43,-0.0654,0.0341,0.0429,0.0642,-0.0075,-0.0076,25.07,24.96,16972,18842,2.122,2.355,6.365,7.066,421,421,43,43,0,0,0,0,,,,,,,,,,,,,,,,,0,0,0,0
2026-09-28T22:34:59.581804+09:00,41482594,eb6c2af2,2026-09-28T22:34:59.581804+09:00,2026-09-28T22:34:59.671337+09:00,rail-left-01,rail-right-01,0.6.7-draft,0.6.7-draft,mqtt,mqtt,803.3,627.89,6.649,6.654,-0.077,0.05,0.03,0.107,10.356,9.776,-0.0662,0.0352,0.037,0.0524,-0.0073,0.0011,25.08,24.98,16883,18908,2.11,2.364,6.331,7.091,422,422,43,43,0,0,0,0,,,,,,,,,,,,,,,,,0,0,0,0
2026-09-28T22:34:59.601852+09:00,41502642,eb6c2af2,2026-09-28T22:34:59.601852+09:00,2026-09-28T22:34:59.691385+09:00,rail-left-01,rail-right-01,0.6.7-draft,0.6.7-draft,mqtt,mqtt,804.54,628.89,6.648,6.649,0.056,0.03,-0.02,-0.263,10.586,10.023,-0.0646,0.0321,0.0372,0.0538,-0.0056,-0.0048,25.04,24.98,16880,18896,2.11,2.362,6.33,7.086,423,423,43,43,0,0,0,0,,,,,,,,,,,,,,,,,0,0,0,0
2026-09-28T22:34:59.621831+09:00,41522621,eb6c2af2,2026-09-28T22:34:59.621831+09:00,2026-09-28T22:34:59.711364+09:00,rail-left-01,rail-right-01,0.6.7-draft,0.6.7-draft,mqtt,mqtt,805.73,629.83,6.668,6.653,-0.006,-0.042,-0.025,-0.321,10.466,9.869,-0.0646,0.0333,0.0404,0.056,-0.0061,-0.0073,25.05,24.98,16929,18904,2.116,2.363,6.348,7.089,424,424,43,43,0,0,0,0,,,,,,,,,,,,,,,,,0,0,0,0
2026-09-28T22:34:59.642046+09:00,41542836,eb6c2af2,2026-09-28T22:34:59.642046+09:00,2026-09-28T22:34:59.731579+09:00,rail-left-01,rail-right-01,0.6.7-draft,0.6.7-draft,mqtt,mqtt,806.98,630.83,6.647,6.642,0.083,0.073,0.114,-0.238,10.572,9.872,-0.0682,0.0349,0.0369,0.0528,-0.0029,-0.0028,25.05,24.98,16878,18881,2.11,2.36,6.329,7.08,425,425,43,43,0,0,0,0,,,,,,,,,,,,,,,,,0,0,0,0
2026-09-28T22:34:59.662106+09:00,41562896,eb6c2af2,2026-09-28T22:34:59.662106+09:00,2026-09-28T22:34:59.751639+09:00,rail-left-01,rail-right-01,0.6.7-draft,0.6.7-draft,mqtt,mqtt,808.22,631.77,6.665,6.643,-0.074,-0.025,0.116,-0.166,10.408,9.519,-0.0657,0.0352,0.0418,0.0548,-0.0047,-0.0055,25.07,24.96,16923,18882,2.115,2.36,6.346,7.081,426,426,43,43,0,0,0,0,,,,,,,,,,,,,,,,,0,0,0,0
2026-09-28T22:34:59.681683+09:00,41582473,eb6c2af2,2026-09-28T22:34:59.681683+09:00,2026-09-28T22:34:59.771216+09:00,rail-left-01,rail-right-01,0.6.7-draft,0.6.7-draft,mqtt,mqtt,809.41,632.71,6.659,6.646,0.11,0.157,-0.018,-0.188,10.439,9.707,-0.0661,0.0349,0.0433,0.0566,-0.0069,-0.0073,25.05,25,16906,18890,2.113,2.361,6.34,7.084,427,427,43,43,0,0,0,0,,,,,,,,,,,,,,,,,0,0,0,0
2026-09-28T22:34:59.701762+09:00,41602552,eb6c2af2,2026-09-28T22:34:59.701762+09:00,2026-09-28T22:34:59.791295+09:00,rail-left-01,rail-right-01,0.6.7-draft,0.6.7-draft,mqtt,mqtt,810.66,633.71,6.642,6.654,-0.067,-0.117,0.17,-0.383,10.265,9.734,-0.0616,0.0353,0.0372,0.051,-0.0027,-0.0012,25.07,25,16865,18908,2.108,2.364,6.324,7.091,428,428,43,43,0,0,0,0,,,,,,,,,,,,,,,,,0,0,0,0
2026-09-28T22:34:59.721711+09:00,41622501,eb6c2af2,2026-09-28T22:34:59.721711+09:00,2026-09-28T22:34:59.811244+09:00,rail-left-01,rail-right-01,0.6.7-draft,0.6.7-draft,mqtt,mqtt,811.9,634.65,6.661,6.659,0.019,0.091,-0.031,-0.224,10.512,9.54,-0.0671,0.0369,0.0389,0.0577,-0.0071,-0.0092,25.07,24.97,16912,18917,2.114,2.365,6.342,7.094,429,429,43,43,0,0,0,0,,,,,,,,,,,,,,,,,0,0,0,0
2026-09-28T22:34:59.741746+09:00,41642536,eb6c2af2,2026-09-28T22:34:59.741746+09:00,2026-09-28T22:34:59.831279+09:00,rail-left-01,rail-right-01,0.6.7-draft,0.6.7-draft,mqtt,mqtt,813.09,635.65,6.674,6.647,-0.11,-0.037,0.159,-0.177,10.339,9.726,-0.0652,0.0386,0.031,0.0513,-0.0067,-0.0041,25.07,24.97,16944,18891,2.118,2.361,6.354,7.084,430,430,43,43,0,0,0,0,,,,,,,,,,,,,,,,,0,0,0,0
2026-09-28T22:34:59.880200+09:00,41788414,eb6c2af2,2026-09-28T22:34:59.880200+09:00,2026-09-28T22:34:59.971445+09:00,rail-left-01,rail-right-01,0.6.7-draft,0.6.7-draft,mqtt,mqtt,822.04,642.71,6.696,6.634,-0.062,0.028,-0.044,-0.163,10.508,9.679,-0.0653,0.0365,0.0378,0.0578,-0.0089,-0.0059,25.05,24.97,16998,18862,2.125,2.358,6.374,7.073,431,431,44,44,0,0,0,0,,,,,,,,,,,,,,,,,0,0,0,0
2026-09-28T22:34:59.900401+09:00,41808615,eb6c2af2,2026-09-28T22:34:59.900401+09:00,2026-09-28T22:34:59.991646+09:00,rail-left-01,rail-right-01,0.6.7-draft,0.6.7-draft,mqtt,mqtt,823.28,643.7,6.655,6.624,0.023,0.016,0.087,-0.243,10.387,9.943,-0.0653,0.0302,0.0361,0.0564,-0.0075,-0.0047,25.07,24.97,16896,18840,2.112,2.355,6.336,7.065,432,432,44,44,0,0,0,0,,,,,,,,,,,,,,,,,0,0,0,0
2026-09-28T22:34:59.920348+09:00,41828562,eb6c2af2,2026-09-28T22:34:59.920348+09:00,2026-09-28T22:35:00.011593+09:00,rail-left-01,rail-right-01,0.6.7-draft,0.6.7-draft,mqtt,mqtt,824.53,644.65,6.635,6.609,0.08,0.018,0.078,-0.071,10.439,9.835,-0.0637,0.033,0.0365,0.0512,-0.0045,-0.0025,25.06,24.97,16848,18808,2.106,2.351,6.318,7.053,433,433,44,44,0,0,0,0,,,,,,,,,,,,,,,,,0,0,0,0
2026-09-28T22:34:59.940305+09:00,41848519,eb6c2af2,2026-09-28T22:34:59.940305+09:00,2026-09-28T22:35:00.031550+09:00,rail-left-01,rail-right-01,0.6.7-draft,0.6.7-draft,mqtt,mqtt,825.77,645.59,6.641,6.599,-0.004,0.02,0.134,-0.362,10.457,9.608,-0.0629,0.0314,0.0406,0.057,-0.0097,-0.0099,25.04,24.96,16863,18786,2.108,2.348,6.324,7.045,434,434,44,44,0,0,0,0,,,,,,,,,,,,,,,,,0,0,0,0
2026-09-28T22:34:59.960340+09:00,41868554,eb6c2af2,2026-09-28T22:34:59.960340+09:00,2026-09-28T22:35:00.051585+09:00,rail-left-01,rail-right-01,0.6.7-draft,0.6.7-draft,mqtt,mqtt,827.01,646.59,6.625,6.588,0.014,0.013,0.12,-0.083,10.63,9.543,-0.0653,0.0306,0.0392,0.0534,-0.0081,-0.006,25.07,24.99,16822,18760,2.103,2.345,6.308,7.035,435,435,44,44,0,0,0,0,,,,,,,,,,,,,,,,,0,0,0,0
2026-09-28T22:34:59.980317+09:00,41888531,eb6c2af2,2026-09-28T22:34:59.980317+09:00,2026-09-28T22:35:00.071562+09:00,rail-left-01,rail-right-01,0.6.7-draft,0.6.7-draft,mqtt,mqtt,828.26,647.53,6.625,6.585,-0.045,-0.002,0.13,-0.071,10.36,9.82,-0.0652,0.0332,0.0401,0.0576,-0.0067,-0.0037,25.07,24.96,16822,18754,2.103,2.344,6.308,7.033,436,436,44,44,0,0,0,0,,,,,,,,,,,,,,,,,0,0,0,0
2026-09-28T22:35:00.000528+09:00,41908742,eb6c2af2,2026-09-28T22:35:00.000528+09:00,2026-09-28T22:35:00.091773+09:00,rail-left-01,rail-right-01,0.6.7-draft,0.6.7-draft,mqtt,mqtt,829.45,648.53,6.622,6.594,0.025,0.054,0.068,-0.213,10.376,9.639,-0.0617,0.0329,0.0414,0.056,-0.0077,-0.006,25.08,24.99,16814,18773,2.102,2.347,6.305,7.04,437,437,44,44,0,0,0,0,,,,,,,,,,,,,,,,,0,0,0,0
2026-09-28T22:35:00.020341+09:00,41928555,eb6c2af2,2026-09-28T22:35:00.020341+09:00,2026-09-28T22:35:00.111586+09:00,rail-left-01,rail-right-01,0.6.7-draft,0.6.7-draft,mqtt,mqtt,830.69,649.47,6.601,6.594,0.008,-0.011,0.075,-0.414,10.335,9.577,-0.0687,0.0272,0.0369,0.0548,-0.0077,-0.0085,25.08,24.95,16763,18773,2.095,2.347,6.286,7.04,438,438,44,44,0,0,0,0,,,,,,,,,,,,,,,,,0,0,0,0
2026-09-28T22:35:00.040254+09:00,41948468,eb6c2af2,2026-09-28T22:35:00.040254+09:00,2026-09-28T22:35:00.131499+09:00,rail-left-01,rail-right-01,0.6.7-draft,0.6.7-draft,mqtt,mqtt,831.94,650.46,6.622,6.59,0.043,-0.041,0.013,-0.29,10.402,9.481,-0.0657,0.0285,0.0349,0.051,-0.0055,-0.0045,25.05,24.96,16816,18764,2.102,2.345,6.306,7.036,439,439,44,44,0,0,0,0,,,,,,,,,,,,,,,,,0,0,0,0
2026-09-28T22:35:00.060455+09:00,41968669,eb6c2af2,2026-09-28T22:35:00.060455+09:00,2026-09-28T22:35:00.151700+09:00,rail-left-01,rail-right-01,0.6.7-draft,0.6.7-draft,mqtt,mqtt,833.18,651.41,6.645,6.561,-0.025,0.024,0.03,-0.262,10.552,9.595,-0.0652,0.0293,0.0312,0.0486,-0.0083,-0.0033,25.07,24.97,16872,18700,2.109,2.338,6.327,7.013,440,440,44,44,0,0,0,0,,,,,,,,,,,,,,,,,0,0,0,0
2026-09-28T22:35:00.235390+09:00,42108436,eb6c2af2,2026-09-28T22:35:00.235390+09:00,2026-09-28T22:35:00.283099+09:00,rail-left-01,rail-right-01,0.6.7-draft,0.6.7-draft,mqtt,mqtt,841.83,658.17,6.67,6.537,0.084,0.102,-0.035,-0.327,10.445,9.629,-0.0659,0.032,0.0426,0.0577,-0.0091,-0.0083,25.07,24.96,16934,18648,2.117,2.331,6.35,6.993,441,441,45,45,0,0,0,0,,,,,,,,,,,,,,,,,0,0,0,0
2026-09-28T22:35:00.255567+09:00,42128613,eb6c2af2,2026-09-28T22:35:00.255567+09:00,2026-09-28T22:35:00.303276+09:00,rail-left-01,rail-right-01,0.6.7-draft,0.6.7-draft,mqtt,mqtt,843.07,659.16,6.702,6.422,-0.037,-0.059,0.116,-0.245,10.326,9.638,-0.0629,0.0321,0.0341,0.05,-0.0041,-0.0021,25.07,24.99,17013,18393,2.127,2.299,6.38,6.897,442,442,45,45,0,0,0,0,,,,,,,,,,,,,,,,,0,0,0,0
2026-09-28T22:35:00.275518+09:00,42148564,eb6c2af2,2026-09-28T22:35:00.275518+09:00,2026-09-28T22:35:00.323227+09:00,rail-left-01,rail-right-01,0.6.7-draft,0.6.7-draft,mqtt,mqtt,844.32,660.11,6.721,6.4,0.126,0.072,0.062,-0.115,10.408,9.661,-0.0608,0.0324,0.0413,0.0548,-0.0116,-0.0149,25.1,24.97,17061,18344,2.133,2.293,6.398,6.879,443,443,45,45,0,0,0,0,,,,,,,,,,,,,,,,,0,0,0,0
2026-09-28T22:35:00.295472+09:00,42168518,eb6c2af2,2026-09-28T22:35:00.295472+09:00,2026-09-28T22:35:00.343181+09:00,rail-left-01,rail-right-01,0.6.7-draft,0.6.7-draft,mqtt,mqtt,845.56,661.1,6.729,6.4,-0.183,-0.109,0.364,0.031,10.646,9.707,-0.059,0.0325,0.0316,0.0445,-0.0069,-0.0023,25.07,24.95,17082,18343,2.135,2.293,6.406,6.879,444,444,45,45,0,0,0,0,,,,,,,,,,,,,,,,,0,0,0,0
2026-09-28T22:35:00.315526+09:00,42188572,eb6c2af2,2026-09-28T22:35:00.315526+09:00,2026-09-28T22:35:00.363235+09:00,rail-left-01,rail-right-01,0.6.7-draft,0.6.7-draft,mqtt,mqtt,846.8,662.05,6.796,6.38,0.075,0.041,0.121,-0.267,10.362,9.869,-0.0573,0.0309,0.032,0.0493,-0.0084,-0.0089,25.08,24.97,17247,18298,2.156,2.287,6.468,6.862,445,445,45,45,0,0,0,0,,,,,,,,,,,,,,,,,0,0,0,0
2026-09-28T22:35:00.335532+09:00,42208578,eb6c2af2,2026-09-28T22:35:00.335532+09:00,2026-09-28T22:35:00.383241+09:00,rail-left-01,rail-right-01,0.6.7-draft,0.6.7-draft,mqtt,mqtt,848.04,663.04,6.835,6.375,0.117,0.114,0.028,-0.084,10.455,9.749,-0.0572,0.0353,0.0377,0.0533,-0.0031,-0.002,25.08,24.98,17346,18287,2.168,2.286,6.505,6.858,446,446,45,45,0,0,0,0,,,,,,,,,,,,,,,,,0,0,0,0
2026-09-28T22:35:00.355562+09:00,42228608,eb6c2af2,2026-09-28T22:35:00.355562+09:00,2026-09-28T22:35:00.403270+09:00,rail-left-01,rail-right-01,0.6.7-draft,0.6.7-draft,mqtt,mqtt,849.29,663.99,6.844,6.371,-0.038,-0.041,0.044,-0.425,10.344,9.786,-0.0637,0.0304,0.0353,0.0541,-0.0063,-0.0055,25.07,24.98,17368,18280,2.171,2.285,6.513,6.855,447,447,45,45,0,0,0,0,,,,,,,,,,,,,,,,,0,0,0,0
2026-09-28T22:35:00.375503+09:00,42248549,eb6c2af2,2026-09-28T22:35:00.375503+09:00,2026-09-28T22:35:00.423212+09:00,rail-left-01,rail-right-01,0.6.7-draft,0.6.7-draft,mqtt,mqtt,850.53,664.98,6.857,6.363,0.117,0.061,-0.04,-0.199,10.416,9.75,-0.0617,0.0329,0.0426,0.0581,-0.0085,-0.0099,25.06,24.97,17400,18261,2.175,2.283,6.525,6.848,448,448,45,45,0,0,0,0,,,,,,,,,,,,,,,,,0,0,0,0
2026-09-28T22:35:00.395476+09:00,42268522,eb6c2af2,2026-09-28T22:35:00.395476+09:00,2026-09-28T22:35:00.443185+09:00,rail-left-01,rail-right-01,0.6.7-draft,0.6.7-draft,mqtt,mqtt,851.72,665.93,6.845,6.367,-0.002,-0.034,0.093,-0.227,10.445,9.568,-0.0662,0.0308,0.0398,0.0541,-0.0064,-0.004,25.07,24.99,17371,18270,2.171,2.284,6.514,6.851,449,449,45,45,0,0,0,0,,,,,,,,,,,,,,,,,0,0,0,0
2026-09-28T22:35:00.415723+09:00,42288769,eb6c2af2,2026-09-28T22:35:00.415723+09:00,2026-09-28T22:35:00.463432+09:00,rail-left-01,rail-right-01,0.6.7-draft,0.6.7-draft,mqtt,mqtt,853.02,666.92,6.85,6.363,0.014,0.02,0.128,-0.3,10.442,9.504,-0.0604,0.031,0.0396,0.0553,-0.0095,-0.008,25.07,24.97,17383,18262,2.173,2.283,6.519,6.848,450,450,45,45,0,0,0,0,,,,,,,,,,,,,,,,,0,0,0,0
2026-09-28T22:35:00.517420+09:00,42420461,eb6c2af2,2026-09-28T22:35:00.517420+09:00,2026-09-28T22:35:00.560889+09:00,rail-left-01,rail-right-01,0.6.7-draft,0.6.7-draft,mqtt,mqtt,861.17,673.33,6.848,6.357,-0.019,-0.029,0.129,-0.31,10.422,9.598,-0.0597,0.0368,0.0422,0.0569,-0.01,-0.0029,25.06,24.97,17377,18247,2.172,2.281,6.516,6.843,451,451,46,46,0,0,0,0,,,,,,,,,,,,,,,,,0,0,0,0
2026-09-28T22:35:00.537579+09:00,42440620,eb6c2af2,2026-09-28T22:35:00.537579+09:00,2026-09-28T22:35:00.581048+09:00,rail-left-01,rail-right-01,0.6.7-draft,0.6.7-draft,mqtt,mqtt,862.46,674.33,6.81,6.338,0.062,0.051,-0.047,-0.148,10.372,9.62,-0.0637,0.0321,0.0398,0.0552,-0.0108,-0.0065,25.07,24.97,17283,18206,2.16,2.276,6.481,6.827,452,452,46,46,0,0,0,0,,,,,,,,,,,,,,,,,0,0,0,0
2026-09-28T22:35:00.557512+09:00,42460553,eb6c2af2,2026-09-28T22:35:00.557512+09:00,2026-09-28T22:35:00.600980+09:00,rail-left-01,rail-right-01,0.6.7-draft,0.6.7-draft,mqtt,mqtt,863.71,675.27,6.789,6.328,-0.028,-0.002,0.025,-0.403,10.495,9.639,-0.0622,0.0281,0.0433,0.0581,-0.0092,-0.0071,25.08,24.94,17230,18184,2.154,2.273,6.461,6.819,453,453,46,46,0,0,0,0,,,,,,,,,,,,,,,,,0,0,0,0
2026-09-28T22:35:00.577502+09:00,42480543,eb6c2af2,2026-09-28T22:35:00.577502+09:00,2026-09-28T22:35:00.620971+09:00,rail-left-01,rail-right-01,0.6.7-draft,0.6.7-draft,mqtt,mqtt,864.95,676.27,6.766,6.338,-0.031,-0.115,0.099,-0.305,10.545,9.602,-0.065,0.0325,0.042,0.0596,-0.01,-0.0063,25.08,24.99,17173,18206,2.147,2.276,6.44,6.827,454,454,46,46,0,0,0,0,,,,,,,,,,,,,,,,,0,0,0,0
2026-09-28T22:35:00.597585+09:00,42500626,eb6c2af2,2026-09-28T22:35:00.597585+09:00,2026-09-28T22:35:00.641053+09:00,rail-left-01,rail-right-01,0.6.7-draft,0.6.7-draft,mqtt,mqtt,866.19,677.21,6.751,6.337,0.054,0.038,-0.047,-0.29,10.659,9.716,-0.0622,0.0332,0.036,0.0573,-0.0101,-0.0013,25.07,24.98,17137,18203,2.142,2.275,6.426,6.826,455,455,46,46,0,0,0,0,,,,,,,,,,,,,,,,,0,0,0,0
2026-09-28T22:35:00.617742+09:00,42520783,eb6c2af2,2026-09-28T22:35:00.617742+09:00,2026-09-28T22:35:00.661211+09:00,rail-left-01,rail-right-01,0.6.7-draft,0.6.7-draft,mqtt,mqtt,867.43,678.21,6.742,6.321,-0.018,-0.028,-0.093,-0.25,10.47,10.094,-0.0649,0.0309,0.0397,0.0592,-0.0084,-0.0036,25.07,24.96,17113,18169,2.139,2.271,6.417,6.813,456,456,46,46,0,0,0,0,,,,,,,,,,,,,,,,,0,0,0,0
2026-09-28T22:35:00.637554+09:00,42540595,eb6c2af2,2026-09-28T22:35:00.637554+09:00,2026-09-28T22:35:00.681022+09:00,rail-left-01,rail-right-01,0.6.7-draft,0.6.7-draft,mqtt,mqtt,868.68,679.15,6.722,6.327,0.043,0.012,0.172,-0.093,10.56,9.858,-0.0644,0.0332,0.0402,0.0582,-0.0049,-0.0068,25.06,24.97,17063,18182,2.133,2.273,6.399,6.818,457,457,46,46,0,0,0,0,,,,,,,,,,,,,,,,,0,0,0,0
2026-09-28T22:35:00.657598+09:00,42560639,eb6c2af2,2026-09-28T22:35:00.657598+09:00,2026-09-28T22:35:00.701067+09:00,rail-left-01,rail-right-01,0.6.7-draft,0.6.7-draft,mqtt,mqtt,869.92,680.15,6.713,6.318,-0.006,-0.079,0.166,-0.165,10.657,9.868,-0.064,0.0304,0.0381,0.0565,-0.0089,-0.0065,25.07,24.98,17042,18162,2.13,2.27,6.391,6.811,458,458,46,46,0,0,0,0,,,,,,,,,,,,,,,,,0,0,0,0
2026-09-28T22:35:00.677564+09:00,42580605,eb6c2af2,2026-09-28T22:35:00.677564+09:00,2026-09-28T22:35:00.721032+09:00,rail-left-01,rail-right-01,0.6.7-draft,0.6.7-draft,mqtt,mqtt,871.21,681.09,6.713,6.329,0.093,-0.008,0.187,-0.296,10.476,9.726,-0.0697,0.0317,0.0405,0.059,-0.0104,-0.004,25.07,24.98,17042,18186,2.13,2.273,6.391,6.82,459,459,46,46,0,0,0,0,,,,,,,,,,,,,,,,,0,0,0,0
2026-09-28T22:35:00.697609+09:00,42600650,eb6c2af2,2026-09-28T22:35:00.697609+09:00,2026-09-28T22:35:00.741078+09:00,rail-left-01,rail-right-01,0.6.7-draft,0.6.7-draft,mqtt,mqtt,872.46,682.08,6.709,6.334,0.008,0.144,0.086,-0.087,10.376,9.764,-0.0634,0.0334,0.0388,0.0554,-0.0096,-0.0011,25.07,24.98,17031,18196,2.129,2.275,6.387,6.824,460,460,46,46,0,0,0,0,,,,,,,,,,,,,,,,,0,0,0,0
2026-09-28T22:35:00.804179+09:00,42700455,eb6c2af2,2026-09-28T22:35:00.804179+09:00,2026-09-28T22:35:00.889428+09:00,rail-left-01,rail-right-01,0.6.7-draft,0.6.7-draft,mqtt,mqtt,878.72,686.91,6.706,6.339,0.104,0.141,-0.206,0.156,10.246,9.646,-0.0649,0.0336,0.0358,0.0549,-0.0039,-0.0035,25.07,24.97,17023,18209,2.128,2.276,6.384,6.828,461,461,47,47,0,0,0,0,,,,,,,,,,,,,,,,,0,0,0,0
2026-09-28T22:35:00.824299+09:00,42720575,eb6c2af2,2026-09-28T22:35:00.824299+09:00,2026-09-28T22:35:00.909548+09:00,rail-left-01,rail-right-01,0.6.7-draft,0.6.7-draft,mqtt,mqtt,879.96,687.85,6.608,6.394,-0.075,-0.109,0.269,-0.509,10.509,9.801,-0.0648,0.0306,0.0418,0.0628,-0.0111,-0.0081,25.06,24.98,16779,18331,2.097,2.291,6.292,6.874,462,462,47,47,0,0,0,0,,,,,,,,,,,,,,,,,0,0,0,0
2026-09-28T22:35:00.844303+09:00,42740579,eb6c2af2,2026-09-28T22:35:00.844303+09:00,2026-09-28T22:35:00.929552+09:00,rail-left-01,rail-right-01,0.6.7-draft,0.6.7-draft,mqtt,mqtt,881.21,688.85,6.606,6.402,-0.093,-0.01,0.071,0.002,10.503,9.576,-0.0667,0.0336,0.0382,0.0541,-0.01,0.0003,25.07,24.97,16774,18347,2.097,2.293,6.29,6.88,463,463,47,47,0,0,0,0,,,,,,,,,,,,,,,,,0,0,0,0
2026-09-28T22:35:00.864420+09:00,42760696,eb6c2af2,2026-09-28T22:35:00.864420+09:00,2026-09-28T22:35:00.949669+09:00,rail-left-01,rail-right-01,0.6.7-draft,0.6.7-draft,mqtt,mqtt,882.45,689.79,6.618,6.412,0.136,0.096,0.12,-0.504,10.382,9.707,-0.0657,0.0313,0.0408,0.0577,-0.0108,-0.0051,25.06,24.97,16805,18369,2.101,2.296,6.302,6.888,464,464,47,47,0,0,0,0,,,,,,,,,,,,,,,,,0,0,0,0
2026-09-28T22:35:00.884388+09:00,42780664,eb6c2af2,2026-09-28T22:35:00.884388+09:00,2026-09-28T22:35:00.969637+09:00,rail-left-01,rail-right-01,0.6.7-draft,0.6.7-draft,mqtt,mqtt,883.74,690.79,6.591,6.421,0.008,0.023,0.016,-0.078,10.42,9.621,-0.0592,0.0334,0.0448,0.0597,-0.0103,-0.0063,25.08,24.97,16738,18389,2.092,2.299,6.277,6.896,465,465,47,47,0,0,0,0,,,,,,,,,,,,,,,,,0,0,0,0
2026-09-28T22:35:00.904379+09:00,42800655,eb6c2af2,2026-09-28T22:35:00.904379+09:00,2026-09-28T22:35:00.989628+09:00,rail-left-01,rail-right-01,0.6.7-draft,0.6.7-draft,mqtt,mqtt,884.99,691.73,6.586,6.441,-0.014,0.019,0.073,-0.232,10.436,9.714,-0.0665,0.0318,0.0406,0.0581,-0.0075,-0.0056,25.08,25,16726,18434,2.091,2.304,6.272,6.913,466,466,47,47,0,0,0,0,,,,,,,,,,,,,,,,,0,0,0,0
2026-09-28T22:35:00.924342+09:00,42820617,eb6c2af2,2026-09-28T22:35:00.924342+09:00,2026-09-28T22:35:01.009590+09:00,rail-left-01,rail-right-01,0.6.7-draft,0.6.7-draft,mqtt,mqtt,886.23,692.72,6.572,6.442,0.089,0.043,0.256,-0.08,10.514,9.691,-0.0604,0.036,0.0422,0.0569,-0.0057,-0.0089,25.06,24.98,16690,18436,2.086,2.305,6.259,6.914,467,467,47,47,0,0,0,0,,,,,,,,,,,,,,,,,0,0,0,0
2026-09-28T22:35:00.944266+09:00,42840542,eb6c2af2,2026-09-28T22:35:00.944266+09:00,2026-09-28T22:35:01.029515+09:00,rail-left-01,rail-right-01,0.6.7-draft,0.6.7-draft,mqtt,mqtt,887.47,693.67,6.558,6.456,-0.091,-0.136,-0.057,-0.497,10.476,9.562,-0.0628,0.0341,0.0433,0.0577,-0.0103,-0.0071,25.07,24.99,16655,18468,2.082,2.309,6.246,6.925,468,468,47,47,0,0,0,0,,,,,,,,,,,,,,,,,0,0,0,0
2026-09-28T22:35:00.964227+09:00,42860503,eb6c2af2,2026-09-28T22:35:00.964227+09:00,2026-09-28T22:35:01.049476+09:00,rail-left-01,rail-right-01,0.6.7-draft,0.6.7-draft,mqtt,mqtt,888.71,694.61,6.52,6.458,-0.111,-0.078,0.09,-0.253,10.532,9.689,-0.0601,0.0306,0.0424,0.0593,-0.0111,-0.0055,25.07,24.97,16560,18472,2.07,2.309,6.21,6.927,469,469,47,47,0,0,0,0,,,,,,,,,,,,,,,,,0,0,0,0
2026-09-28T22:35:00.984450+09:00,42880726,eb6c2af2,2026-09-28T22:35:00.984450+09:00,2026-09-28T22:35:01.069699+09:00,rail-left-01,rail-right-01,0.6.7-draft,0.6.7-draft,mqtt,mqtt,890.01,695.61,6.489,6.467,0.017,0.004,0.377,0.018,11.089,9.64,-0.0625,0.0372,0.0388,0.0481,-0.0081,-0.0033,25.07,24.97,16485,18492,2.061,2.312,6.182,6.935,470,470,47,47,0,0,0,0,,,,,,,,,,,,,,,,,0,0,0,0
2026-09-28T22:35:01.121966+09:00,43026446,eb6c2af2,2026-09-28T22:35:01.121966+09:00,2026-09-28T22:35:01.165465+09:00,rail-left-01,rail-right-01,0.6.7-draft,0.6.7-draft,mqtt,mqtt,899.11,702.67,6.521,6.466,0.023,0.103,0.105,-0.029,10.439,9.737,-0.0637,0.0368,0.0384,0.0532,-0.0076,-0.0023,25.06,24.99,16563,18489,2.07,2.311,6.211,6.933,471,471,48,48,0,0,0,0,,,,,,,,,,,,,,,,,0,0,0,0
2026-09-28T22:35:01.142036+09:00,43046516,eb6c2af2,2026-09-28T22:35:01.142036+09:00,2026-09-28T22:35:01.185535+09:00,rail-left-01,rail-right-01,0.6.7-draft,0.6.7-draft,mqtt,mqtt,900.35,703.61,6.474,6.536,-0.02,-0.057,-0.002,-0.535,10.745,9.925,-0.0669,0.0328,0.0384,0.058,-0.0112,-0.0115,25.06,24.97,16447,18645,2.056,2.331,6.168,6.992,472,472,48,48,0,0,0,0,,,,,,,,,,,,,,,,,0,0,0,0
2026-09-28T22:35:01.161999+09:00,43066479,eb6c2af2,2026-09-28T22:35:01.161999+09:00,2026-09-28T22:35:01.205498+09:00,rail-left-01,rail-right-01,0.6.7-draft,0.6.7-draft,mqtt,mqtt,901.59,704.56,6.482,6.539,0.051,0.03,0.041,-0.204,10.444,9.841,-0.0667,0.0349,0.0362,0.0562,-0.0095,-0.0064,25.05,24.95,16466,18651,2.058,2.331,6.175,6.994,473,473,48,48,0,0,0,0,,,,,,,,,,,,,,,,,0,0,0,0
2026-09-28T22:35:01.182115+09:00,43086595,eb6c2af2,2026-09-28T22:35:01.182115+09:00,2026-09-28T22:35:01.225614+09:00,rail-left-01,rail-right-01,0.6.7-draft,0.6.7-draft,mqtt,mqtt,902.83,705.55,6.48,6.533,0.057,0.025,0.188,0.005,10.386,9.861,-0.0661,0.036,0.044,0.0578,-0.0087,-0.0019,25.07,24.99,16462,18638,2.058,2.33,6.173,6.989,474,474,48,48,0,0,0,0,,,,,,,,,,,,,,,,,0,0,0,0
2026-09-28T22:35:01.201972+09:00,43106452,eb6c2af2,2026-09-28T22:35:01.201972+09:00,2026-09-28T22:35:01.245471+09:00,rail-left-01,rail-right-01,0.6.7-draft,0.6.7-draft,mqtt,mqtt,904.13,706.5,6.467,6.543,-0.016,-0.014,0.037,-0.308,10.466,9.703,-0.0669,0.0344,0.0409,0.0545,-0.0111,-0.0065,25.05,24.99,16428,18661,2.054,2.333,6.161,6.998,475,475,48,48,0,0,0,0,,,,,,,,,,,,,,,,,0,0,0,0
2026-09-28T22:35:01.222019+09:00,43126499,eb6c2af2,2026-09-28T22:35:01.222019+09:00,2026-09-28T22:35:01.265518+09:00,rail-left-01,rail-right-01,0.6.7-draft,0.6.7-draft,mqtt,mqtt,905.37,707.49,6.466,6.551,0.071,0.01,-0.062,-0.321,10.418,9.669,-0.0625,0.032,0.0404,0.0614,-0.0119,-0.0093,25.08,25,16427,18678,2.053,2.335,6.16,7.004,476,476,48,48,0,0,0,0,,,,,,,,,,,,,,,,,0,0,0,0
2026-09-28T22:35:01.242125+09:00,43146605,eb6c2af2,2026-09-28T22:35:01.242125+09:00,2026-09-28T22:35:01.285624+09:00,rail-left-01,rail-right-01,0.6.7-draft,0.6.7-draft,mqtt,mqtt,906.61,708.44,6.45,6.55,-0.104,-0.115,0.196,-0.256,10.679,9.558,-0.0673,0.035,0.0348,0.0501,-0.0097,-0.0011,25.09,24.99,16388,18677,2.049,2.335,6.146,7.004,477,477,48,48,0,0,0,0,,,,,,,,,,,,,,,,,0,0,0,0
2026-09-28T22:35:01.262058+09:00,43166538,eb6c2af2,2026-09-28T22:35:01.262058+09:00,2026-09-28T22:35:01.305557+09:00,rail-left-01,rail-right-01,0.6.7-draft,0.6.7-draft,mqtt,mqtt,907.86,709.43,6.486,6.524,0.019,0.089,0.084,-0.095,10.487,9.807,-0.0714,0.0366,0.0329,0.0456,-0.0135,-0.0072,25.04,24.99,16476,18618,2.059,2.327,6.179,6.982,478,478,48,48,0,0,0,0,,,,,,,,,,,,,,,,,0,0,0,0
2026-09-28T22:35:01.281998+09:00,43186478,eb6c2af2,2026-09-28T22:35:01.281998+09:00,2026-09-28T22:35:01.325497+09:00,rail-left-01,rail-right-01,0.6.7-draft,0.6.7-draft,mqtt,mqtt,909.1,710.37,6.542,6.49,-0.041,-0.006,0.085,-0.098,10.315,9.874,-0.0733,0.0376,0.0324,0.0465,-0.012,0,25.09,24.99,16615,18543,2.077,2.318,6.231,6.954,479,479,48,48,0,0,0,0,,,,,,,,,,,,,,,,,0,0,0,0
2026-09-28T22:35:01.302040+09:00,43206520,eb6c2af2,2026-09-28T22:35:01.302040+09:00,2026-09-28T22:35:01.345539+09:00,rail-left-01,rail-right-01,0.6.7-draft,0.6.7-draft,mqtt,mqtt,910.34,711.37,6.553,6.465,0.042,0.023,0.035,-0.221,10.546,9.793,-0.0653,0.0338,0.0364,0.0548,-0.0107,-0.0065,25.07,24.97,16644,18487,2.081,2.311,6.242,6.933,480,480,48,48,0,0,0,0,,,,,,,,,,,,,,,,,0,0,0,0
2026-09-28T22:35:01.398351+09:00,43303450,eb6c2af2,2026-09-28T22:35:01.398351+09:00,2026-09-28T22:35:01.453993+09:00,rail-left-01,rail-right-01,0.6.7-draft,0.6.7-draft,mqtt,mqtt,916.41,716.04,6.56,6.459,0.193,0.14,0.041,-0.209,10.041,9.96,-0.0584,0.0322,0.0306,0.0552,-0.0096,-0.0084,25.05,24.99,16660,18475,2.082,2.309,6.247,6.928,481,481,49,49,0,0,0,0,,,,,,,,,,,,,,,,,0,0,0,0
2026-09-28T22:35:01.418515+09:00,43323614,eb6c2af2,2026-09-28T22:35:01.418515+09:00,2026-09-28T22:35:01.474157+09:00,rail-left-01,rail-right-01,0.6.7-draft,0.6.7-draft,mqtt,mqtt,917.65,717.04,6.63,6.435,-0.057,-0.04,-0.208,-0.178,10.807,9.932,-0.065,0.0318,0.0369,0.054,-0.01,-0.0055,25.04,25.01,16835,18421,2.104,2.303,6.313,6.908,482,482,49,49,0,0,0,0,,,,,,,,,,,,,,,,,0,0,0,0
2026-09-28T22:35:01.438504+09:00,43343603,eb6c2af2,2026-09-28T22:35:01.438504+09:00,2026-09-28T22:35:01.494146+09:00,rail-left-01,rail-right-01,0.6.7-draft,0.6.7-draft,mqtt,mqtt,918.89,717.98,6.651,6.436,0.041,0.072,0.029,-0.426,10.385,9.899,-0.0654,0.0293,0.0348,0.053,-0.0101,-0.0113,25.06,24.98,16886,18424,2.111,2.303,6.332,6.909,483,483,49,49,0,0,0,0,,,,,,,,,,,,,,,,,0,0,0,0
2026-09-28T22:35:01.458550+09:00,43363649,eb6c2af2,2026-09-28T22:35:01.458550+09:00,2026-09-28T22:35:01.514192+09:00,rail-left-01,rail-right-01,0.6.7-draft,0.6.7-draft,mqtt,mqtt,920.14,718.98,6.656,6.423,-0.024,-0.083,0.135,-0.217,10.685,9.694,-0.0678,0.0272,0.0366,0.0548,-0.0092,-0.0087,25.05,24.99,16900,18395,2.113,2.299,6.338,6.898,484,484,49,49,0,0,0,0,,,,,,,,,,,,,,,,,0,0,0,0
2026-09-28T22:35:01.478702+09:00,43383801,eb6c2af2,2026-09-28T22:35:01.478702+09:00,2026-09-28T22:35:01.534344+09:00,rail-left-01,rail-right-01,0.6.7-draft,0.6.7-draft,mqtt,mqtt,921.38,719.92,6.665,6.421,0.074,0.068,0.224,-0.272,10.291,9.573,-0.0654,0.0336,0.0393,0.0512,-0.0009,-0.0007,25.06,24.98,16921,18389,2.115,2.299,6.345,6.896,485,485,49,49,0,0,0,0,,,,,,,,,,,,,,,,,0,0,0,0
2026-09-28T22:35:01.498735+09:00,43403834,eb6c2af2,2026-09-28T22:35:01.498735+09:00,2026-09-28T22:35:01.554377+09:00,rail-left-01,rail-right-01,0.6.7-draft,0.6.7-draft,mqtt,mqtt,922.62,720.91,6.672,6.403,-0.051,-0.004,-0.03,-0.324,10.586,9.595,-0.0661,0.031,0.038,0.0545,-0.0063,-0.0068,25.05,24.97,16939,18350,2.117,2.294,6.352,6.881,486,486,49,49,0,0,0,0,,,,,,,,,,,,,,,,,0,0,0,0
2026-09-28T22:35:01.518526+09:00,43423625,eb6c2af2,2026-09-28T22:35:01.518526+09:00,2026-09-28T22:35:01.574168+09:00,rail-left-01,rail-right-01,0.6.7-draft,0.6.7-draft,mqtt,mqtt,923.86,721.86,6.679,6.379,0.006,0.03,-0.059,-0.175,10.287,9.826,-0.0675,0.0272,0.0328,0.0484,-0.0075,0.0007,25.08,24.99,16958,18296,2.12,2.287,6.359,6.861,487,487,49,49,0,0,0,0,,,,,,,,,,,,,,,,,0,0,0,0
2026-09-28T22:35:01.538557+09:00,43443656,eb6c2af2,2026-09-28T22:35:01.538557+09:00,2026-09-28T22:35:01.594199+09:00,rail-left-01,rail-right-01,0.6.7-draft,0.6.7-draft,mqtt,mqtt,925.11,722.8,6.662,6.336,0.053,-0.042,0.119,-0.424,10.66,9.677,-0.0673,0.0213,0.0353,0.0564,-0.0088,-0.008,25.08,24.99,16914,18201,2.114,2.275,6.343,6.825,488,488,49,49,0,0,0,0,,,,,,,,,,,,,,,,,0,0,0,0
2026-09-28T22:35:01.558532+09:00,43463631,eb6c2af2,2026-09-28T22:35:01.558532+09:00,2026-09-28T22:35:01.614174+09:00,rail-left-01,rail-right-01,0.6.7-draft,0.6.7-draft,mqtt,mqtt,926.35,723.8,6.651,6.279,0.007,0.068,0.026,-0.034,10.505,9.959,-0.0675,0.0258,0.03,0.0525,-0.0089,-0.0048,25.07,24.96,16888,18075,2.111,2.259,6.333,6.778,489,489,49,49,0,0,0,0,,,,,,,,,,,,,,,,,0,0,0,0
2026-09-28T22:35:01.578580+09:00,43483679,eb6c2af2,2026-09-28T22:35:01.578580+09:00,2026-09-28T22:35:01.634222+09:00,rail-left-01,rail-right-01,0.6.7-draft,0.6.7-draft,mqtt,mqtt,927.59,724.74,6.645,6.245,0.063,0.051,0.174,-0.345,10.493,9.768,-0.0686,0.0344,0.036,0.0532,-0.0075,0,25.07,24.99,16873,18000,2.109,2.25,6.327,6.75,490,490,49,49,0,0,0,0,,,,,,,,,,,,,,,,,0,0,0,0
2026-09-28T22:35:01.720261+09:00,43589477,eb6c2af2,2026-09-28T22:35:01.720261+09:00,2026-09-28T22:35:01.760815+09:00,rail-left-01,rail-right-01,0.6.7-draft,0.6.7-draft,mqtt,mqtt,934.11,729.91,6.651,6.231,-0.129,-0.116,0.044,-0.183,10.445,9.65,-0.0654,0.0321,0.0386,0.0528,-0.0039,-0.0035,25.06,24.96,16887,17969,2.111,2.246,6.333,6.738,491,491,50,50,0,0,0,0,,,,,,,,,,,,,,,,,0,0,0,0
2026-09-28T22:35:01.740379+09:00,43609595,eb6c2af2,2026-09-28T22:35:01.740379+09:00,2026-09-28T22:35:01.780933+09:00,rail-left-01,rail-right-01,0.6.7-draft,0.6.7-draft,mqtt,mqtt,935.35,730.86,6.626,6.249,0.099,0.141,0.042,-0.369,10.444,9.669,-0.0609,0.0308,0.0377,0.0602,-0.0075,-0.0055,25.04,24.99,16824,18009,2.103,2.251,6.309,6.753,492,492,50,50,0,0,0,0,,,,,,,,,,,,,,,,,0,0,0,0
2026-09-28T22:35:01.760314+09:00,43629530,eb6c2af2,2026-09-28T22:35:01.760314+09:00,2026-09-28T22:35:01.800868+09:00,rail-left-01,rail-right-01,0.6.7-draft,0.6.7-draft,mqtt,mqtt,936.59,731.85,6.642,6.241,-0.098,-0.016,0.119,0.097,10.036,9.541,-0.0553,0.0308,0.0326,0.0517,-0.0045,-0.0004,25.07,25,16866,17990,2.108,2.249,6.325,6.746,493,493,50,50,0,0,0,0,,,,,,,,,,,,,,,,,0,0,0,0
2026-09-28T22:35:01.780307+09:00,43649524,eb6c2af2,2026-09-28T22:35:01.780307+09:00,2026-09-28T22:35:01.820861+09:00,rail-left-01,rail-right-01,0.6.7-draft,0.6.7-draft,mqtt,mqtt,937.84,732.8,6.694,6.237,0.049,0.001,0.285,-0.093,10.548,9.525,-0.0574,0.029,0.0317,0.0574,-0.0091,-0.0021,25.06,24.98,16995,17981,2.124,2.248,6.373,6.743,494,494,50,50,0,0,0,0,,,,,,,,,,,,,,,,,0,0,0,0
2026-09-28T22:35:01.800379+09:00,43669595,eb6c2af2,2026-09-28T22:35:01.800379+09:00,2026-09-28T22:35:01.840933+09:00,rail-left-01,rail-right-01,0.6.7-draft,0.6.7-draft,mqtt,mqtt,939.08,733.79,6.733,6.235,-0.045,0.007,0.071,-0.057,10.445,9.691,-0.0606,0.0316,0.0324,0.0565,-0.0089,0.0024,25.07,24.97,17092,17977,2.137,2.247,6.41,6.741,495,495,50,50,0,0,0,0,,,,,,,,,,,,,,,,,0,0,0,0
2026-09-28T22:35:01.820340+09:00,43689557,eb6c2af2,2026-09-28T22:35:01.820340+09:00,2026-09-28T22:35:01.860895+09:00,rail-left-01,rail-right-01,0.6.7-draft,0.6.7-draft,mqtt,mqtt,940.27,734.74,6.745,6.248,0.053,-0.007,0.182,-0.395,10.627,9.748,-0.0646,0.032,0.0373,0.0576,-0.0103,-0.0044,25.09,24.97,17122,18007,2.14,2.251,6.421,6.753,496,496,50,50,0,0,0,0,,,,,,,,,,,,,,,,,0,0,0,0
2026-09-28T22:35:01.840429+09:00,43709645,eb6c2af2,2026-09-28T22:35:01.840429+09:00,2026-09-28T22:35:01.880983+09:00,rail-left-01,rail-right-01,0.6.7-draft,0.6.7-draft,mqtt,mqtt,941.51,735.73,6.765,6.256,-0.024,-0.013,-0.158,-0.3,10.56,9.914,-0.0646,0.0346,0.0376,0.0584,-0.0079,-0.002,25.08,24.97,17171,18023,2.146,2.253,6.439,6.759,497,497,50,50,0,0,0,0,,,,,,,,,,,,,,,,,0,0,0,0
2026-09-28T22:35:01.860353+09:00,43729569,eb6c2af2,2026-09-28T22:35:01.860353+09:00,2026-09-28T22:35:01.900907+09:00,rail-left-01,rail-right-01,0.6.7-draft,0.6.7-draft,mqtt,mqtt,942.76,736.68,6.767,6.265,0.037,0.068,-0.105,-0.369,10.698,9.934,-0.0644,0.0329,0.0364,0.0529,-0.0095,-0.0065,25.07,25,17177,18043,2.147,2.255,6.441,6.766,498,498,50,50,0,0,0,0,,,,,,,,,,,,,,,,,0,0,0,0
2026-09-28T22:35:01.880381+09:00,43749598,eb6c2af2,2026-09-28T22:35:01.880381+09:00,2026-09-28T22:35:01.920936+09:00,rail-left-01,rail-right-01,0.6.7-draft,0.6.7-draft,mqtt,mqtt,944,737.67,6.802,6.261,0.099,0.077,-0.181,-0.229,10.484,10.014,-0.0644,0.0301,0.0314,0.0492,-0.0045,-0.0051,25.06,24.99,17264,18034,2.158,2.254,6.474,6.763,499,499,50,50,0,0,0,0,,,,,,,,,,,,,,,,,0,0,0,0
2026-09-28T22:35:01.900705+09:00,43769921,eb6c2af2,2026-09-28T22:35:01.900705+09:00,2026-09-28T22:35:01.941259+09:00,rail-left-01,rail-right-01,0.6.7-draft,0.6.7-draft,mqtt,mqtt,945.24,738.61,6.843,6.257,-0.022,-0.013,0.107,-0.289,10.476,9.7,-0.0652,0.0277,0.0377,0.0537,-0.0069,-0.0087,25.07,24.97,17366,18026,2.171,2.253,6.512,6.76,500,500,50,50,0,0,0,0,,,,,,,,,,,,,,,,,0,0,0,0
2026-09-28T22:35:01.986605+09:00,43896662,eb6c2af2,2026-09-28T22:35:01.986605+09:00,2026-09-28T22:35:02.073587+09:00,rail-left-01,rail-right-01,0.6.7-draft,0.6.7-draft,mqtt,mqtt,953,744.73,6.849,6.252,-0.024,-0.063,0.028,-0.279,10.454,9.813,-0.063,0.0274,0.0348,0.0572,-0.0096,-0.0011,25.08,24.99,17380,18014,2.173,2.252,6.518,6.755,501,501,51,51,0,0,0,0,,,,,,,,,,,,,,,,,0,0,0,0
2026-09-28T22:35:02.006730+09:00,43916787,eb6c2af2,2026-09-28T22:35:02.006730+09:00,2026-09-28T22:35:02.093712+09:00,rail-left-01,rail-right-01,0.6.7-draft,0.6.7-draft,mqtt,mqtt,954.24,745.72,6.862,6.261,0.051,0.006,-0.026,-0.323,10.72,9.762,-0.0634,0.0282,0.038,0.0606,-0.0092,-0.0057,25.07,24.99,17412,18036,2.177,2.255,6.53,6.764,502,502,51,51,0,0,0,0,,,,,,,,,,,,,,,,,0,0,0,0
2026-09-28T22:35:02.026683+09:00,43936740,eb6c2af2,2026-09-28T22:35:02.026683+09:00,2026-09-28T22:35:02.113665+09:00,rail-left-01,rail-right-01,0.6.7-draft,0.6.7-draft,mqtt,mqtt,955.49,746.67,6.863,6.263,0.023,-0.029,0.122,-0.272,10.554,9.968,-0.0673,0.0326,0.0336,0.0544,-0.0048,0.01,25.07,25,17415,18040,2.177,2.255,6.531,6.765,503,503,51,51,0,0,0,0,,,,,,,,,,,,,,,,,0,0,0,0
2026-09-28T22:35:02.046688+09:00,43956745,eb6c2af2,2026-09-28T22:35:02.046688+09:00,2026-09-28T22:35:02.133670+09:00,rail-left-01,rail-right-01,0.6.7-draft,0.6.7-draft,mqtt,mqtt,956.73,747.61,6.87,6.262,0.073,0.081,0.029,-0.097,10.362,9.889,-0.0681,0.0321,0.038,0.0557,-0.0029,-0.0024,25.08,24.96,17433,18038,2.179,2.255,6.537,6.764,504,504,51,51,0,0,0,0,,,,,,,,,,,,,,,,,0,0,0,0
2026-09-28T22:35:02.066921+09:00,43976978,eb6c2af2,2026-09-28T22:35:02.066921+09:00,2026-09-28T22:35:02.153903+09:00,rail-left-01,rail-right-01,0.6.7-draft,0.6.7-draft,mqtt,mqtt,957.97,748.61,6.857,6.252,-0.029,0.001,0.059,-0.195,10.575,9.92,-0.0673,0.031,0.0361,0.0557,-0.0024,-0.0005,25.07,24.98,17400,18016,2.175,2.252,6.525,6.756,505,505,51,51,0,0,0,0,,,,,,,,,,,,,,,,,0,0,0,0
2026-09-28T22:35:02.086894+09:00,43996951,eb6c2af2,2026-09-28T22:35:02.086894+09:00,2026-09-28T22:35:02.173876+09:00,rail-left-01,rail-right-01,0.6.7-draft,0.6.7-draft,mqtt,mqtt,959.21,749.6,6.855,6.252,0.073,0.041,0.035,-0.262,10.514,9.752,-0.067,0.0333,0.0378,0.0557,-0.0039,-0.0044,25.08,24.98,17394,18015,2.174,2.252,6.523,6.756,506,506,51,51,0,0,0,0,,,,,,,,,,,,,,,,,0,0,0,0
2026-09-28T22:35:02.106898+09:00,44016955,eb6c2af2,2026-09-28T22:35:02.106898+09:00,2026-09-28T22:35:02.193880+09:00,rail-left-01,rail-right-01,0.6.7-draft,0.6.7-draft,mqtt,mqtt,960.41,750.55,6.853,6.25,0.026,-0.012,0.124,-0.224,10.534,9.754,-0.069,0.0322,0.0402,0.0612,-0.0053,-0.0045,25.08,24.97,17389,18011,2.174,2.251,6.521,6.754,507,507,51,51,0,0,0,0,,,,,,,,,,,,,,,,,0,0,0,0
2026-09-28T22:35:02.126726+09:00,44036783,eb6c2af2,2026-09-28T22:35:02.126726+09:00,2026-09-28T22:35:02.213708+09:00,rail-left-01,rail-right-01,0.6.7-draft,0.6.7-draft,mqtt,mqtt,961.65,751.49,6.844,6.262,0.008,0.063,0.074,-0.23,10.394,9.768,-0.0657,0.0318,0.043,0.0636,-0.0067,-0.0056,25.05,24.99,17367,18037,2.171,2.255,6.513,6.764,508,508,51,51,0,0,0,0,,,,,,,,,,,,,,,,,0,0,0,0
2026-09-28T22:35:02.146727+09:00,44056784,eb6c2af2,2026-09-28T22:35:02.146727+09:00,2026-09-28T22:35:02.233709+09:00,rail-left-01,rail-right-01,0.6.7-draft,0.6.7-draft,mqtt,mqtt,962.89,752.49,6.825,6.274,0.022,0.025,0.166,0.084,10.356,9.692,-0.0671,0.0328,0.0381,0.0564,-0.0047,-0.0012,25.06,24.99,17321,18063,2.165,2.258,6.495,6.774,509,509,51,51,0,0,0,0,,,,,,,,,,,,,,,,,0,0,0,0
2026-09-28T22:35:02.167137+09:00,44077194,eb6c2af2,2026-09-28T22:35:02.167137+09:00,2026-09-28T22:35:02.254119+09:00,rail-left-01,rail-right-01,0.6.7-draft,0.6.7-draft,mqtt,mqtt,964.14,753.48,6.823,6.277,0.084,-0.01,0.117,-0.199,10.444,9.762,-0.0655,0.0298,0.0434,0.062,-0.0097,-0.0057,25.08,24.99,17315,18070,2.164,2.259,6.493,6.776,510,510,51,51,0,0,0,0,,,,,,,,,,,,,,,,,0,0,0,0
2026-09-28T22:35:02.357333+09:00,44213443,eb6c2af2,2026-09-28T22:35:02.357333+09:00,2026-09-28T22:35:02.402390+09:00,rail-left-01,rail-right-01,0.6.7-draft,0.6.7-draft,mqtt,mqtt,972.59,760.04,6.81,6.286,-0.045,-0.042,0.289,-0.03,10.251,9.627,-0.0673,0.032,0.0446,0.0578,-0.0108,-0.0087,25.08,24.99,17282,18091,2.16,2.261,6.481,6.784,511,511,52,52,0,0,0,0,,,,,,,,,,,,,,,,,0,0,0,0
2026-09-28T22:35:02.377453+09:00,44233563,eb6c2af2,2026-09-28T22:35:02.377453+09:00,2026-09-28T22:35:02.422510+09:00,rail-left-01,rail-right-01,0.6.7-draft,0.6.7-draft,mqtt,mqtt,973.83,760.99,6.659,6.386,0.02,0.008,0.214,-0.334,10.418,9.64,-0.0614,0.0322,0.0405,0.0605,-0.0069,-0.0023,25.07,24.98,16908,18313,2.114,2.289,6.341,6.867,512,512,52,52,0,0,0,0,,,,,,,,,,,,,,,,,0,0,0,0
2026-09-28T22:35:02.397416+09:00,44253526,eb6c2af2,2026-09-28T22:35:02.397416+09:00,2026-09-28T22:35:02.442473+09:00,rail-left-01,rail-right-01,0.6.7-draft,0.6.7-draft,mqtt,mqtt,975.07,761.98,6.638,6.383,0.116,0.139,-0.022,-0.181,10.367,9.947,-0.0666,0.0341,0.0414,0.058,-0.0059,-0.0036,25.07,24.98,16856,18305,2.107,2.288,6.321,6.864,513,513,52,52,0,0,0,0,,,,,,,,,,,,,,,,,0,0,0,0
2026-09-28T22:35:02.417417+09:00,44273527,eb6c2af2,2026-09-28T22:35:02.417417+09:00,2026-09-28T22:35:02.462474+09:00,rail-left-01,rail-right-01,0.6.7-draft,0.6.7-draft,mqtt,mqtt,976.32,762.93,6.626,6.404,0.051,-0.005,-0.136,-0.224,10.475,9.804,-0.0655,0.0318,0.0445,0.0612,-0.0083,-0.0091,25.07,25.01,16825,18353,2.103,2.294,6.309,6.882,514,514,52,52,0,0,0,0,,,,,,,,,,,,,,,,,0,0,0,0
2026-09-28T22:35:02.437830+09:00,44293940,eb6c2af2,2026-09-28T22:35:02.437830+09:00,2026-09-28T22:35:02.482887+09:00,rail-left-01,rail-right-01,0.6.7-draft,0.6.7-draft,mqtt,mqtt,977.56,763.92,6.59,6.414,-0.019,0.043,-0.054,-0.067,10.496,9.711,-0.063,0.0316,0.0454,0.0596,-0.0075,-0.0077,25.06,25.01,16736,18374,2.092,2.297,6.276,6.89,515,515,52,52,0,0,0,0,,,,,,,,,,,,,,,,,0,0,0,0
2026-09-28T22:35:02.457808+09:00,44313918,eb6c2af2,2026-09-28T22:35:02.457808+09:00,2026-09-28T22:35:02.502865+09:00,rail-left-01,rail-right-01,0.6.7-draft,0.6.7-draft,mqtt,mqtt,978.8,764.92,6.582,6.427,-0.041,-0.077,0.095,-0.275,10.36,9.561,-0.0653,0.0298,0.0358,0.0589,-0.0071,-0.0021,25.1,24.99,16715,18403,2.089,2.3,6.268,6.901,516,516,52,52,0,0,0,0,,,,,,,,,,,,,,,,,0,0,0,0
2026-09-28T22:35:02.477398+09:00,44333508,eb6c2af2,2026-09-28T22:35:02.477398+09:00,2026-09-28T22:35:02.522455+09:00,rail-left-01,rail-right-01,0.6.7-draft,0.6.7-draft,mqtt,mqtt,980,765.86,6.591,6.442,0.08,0.096,0.047,-0.537,10.485,9.555,-0.0681,0.034,0.0408,0.0614,-0.0095,-0.0065,25.09,25.01,16737,18437,2.092,2.305,6.276,6.914,517,517,52,52,0,0,0,0,,,,,,,,,,,,,,,,,0,0,0,0
2026-09-28T22:35:02.497533+09:00,44353643,eb6c2af2,2026-09-28T22:35:02.497533+09:00,2026-09-28T22:35:02.542590+09:00,rail-left-01,rail-right-01,0.6.7-draft,0.6.7-draft,mqtt,mqtt,981.24,766.8,6.597,6.457,-0.162,-0.108,-0.008,0.017,10.587,10.053,-0.0713,0.0332,0.027,0.0498,-0.0057,-0.0004,25.08,24.99,16752,18470,2.094,2.309,6.282,6.926,518,518,52,52,0,0,0,0,,,,,,,,,,,,,,,,,0,0,0,0
2026-09-28T22:35:02.517442+09:00,44373552,eb6c2af2,2026-09-28T22:35:02.517442+09:00,2026-09-28T22:35:02.562499+09:00,rail-left-01,rail-right-01,0.6.7-draft,0.6.7-draft,mqtt,mqtt,982.48,767.75,6.652,6.456,0.177,0.164,0.139,-0.211,10.372,10.118,-0.0693,0.0308,0.0358,0.0536,-0.0077,-0.0088,25.07,24.99,16890,18467,2.111,2.308,6.334,6.925,519,519,52,52,0,0,0,0,,,,,,,,,,,,,,,,,0,0,0,0
2026-09-28T22:35:02.537678+09:00,44393788,eb6c2af2,2026-09-28T22:35:02.537678+09:00,2026-09-28T22:35:02.582735+09:00,rail-left-01,rail-right-01,0.6.7-draft,0.6.7-draft,mqtt,mqtt,983.73,768.74,6.679,6.468,-0.056,-0.107,-0.014,-0.053,10.5,9.782,-0.0652,0.0326,0.0408,0.0561,-0.006,0.0015,25.07,24.99,16957,18495,2.12,2.312,6.359,6.936,520,520,52,52,0,0,0,0,,,,,,,,,,,,,,,,,0,0,0,0
2026-09-28T22:35:02.677084+09:00,44539456,eb6c2af2,2026-09-28T22:35:02.677084+09:00,2026-09-28T22:35:02.762795+09:00,rail-left-01,rail-right-01,0.6.7-draft,0.6.7-draft,mqtt,mqtt,992.67,775.8,6.68,6.474,0.012,-0.011,0.229,-0.36,10.438,9.716,-0.0632,0.034,0.0441,0.0624,-0.0097,-0.0091,25.08,25,16959,18507,2.12,2.313,6.36,6.94,521,521,53,53,0,0,0,0,,,,,,,,,,,,,,,,,0,0,0,0
2026-09-28T22:35:02.697135+09:00,44559507,eb6c2af2,2026-09-28T22:35:02.697135+09:00,2026-09-28T22:35:02.782846+09:00,rail-left-01,rail-right-01,0.6.7-draft,0.6.7-draft,mqtt,mqtt,993.92,776.75,6.666,6.523,0.024,-0.035,0.02,-0.122,10.475,9.679,-0.0648,0.035,0.0384,0.0577,-0.0048,-0.0045,25.08,25.01,16924,18617,2.116,2.327,6.347,6.981,522,522,53,53,0,0,0,0,,,,,,,,,,,,,,,,,0,0,0,0
2026-09-28T22:35:02.717171+09:00,44579543,eb6c2af2,2026-09-28T22:35:02.717171+09:00,2026-09-28T22:35:02.802882+09:00,rail-left-01,rail-right-01,0.6.7-draft,0.6.7-draft,mqtt,mqtt,995.16,777.74,6.675,6.518,-0.034,0.012,0.181,-0.47,10.36,9.847,-0.0632,0.0365,0.0384,0.0592,-0.0095,-0.0043,25.09,24.99,16947,18606,2.118,2.326,6.355,6.977,523,523,53,53,0,0,0,0,,,,,,,,,,,,,,,,,0,0,0,0
2026-09-28T22:35:02.737160+09:00,44599532,eb6c2af2,2026-09-28T22:35:02.737160+09:00,2026-09-28T22:35:02.822871+09:00,rail-left-01,rail-right-01,0.6.7-draft,0.6.7-draft,mqtt,mqtt,996.35,778.74,6.641,6.517,-0.038,-0.051,-0.12,-0.043,10.798,9.882,-0.0617,0.0326,0.0372,0.0576,-0.0076,-0.0068,25.08,24.99,16862,18604,2.108,2.326,6.323,6.977,524,524,53,53,0,0,0,0,,,,,,,,,,,,,,,,,0,0,0,0
2026-09-28T22:35:02.757415+09:00,44619787,eb6c2af2,2026-09-28T22:35:02.757415+09:00,2026-09-28T22:35:02.843126+09:00,rail-left-01,rail-right-01,0.6.7-draft,0.6.7-draft,mqtt,mqtt,997.6,779.68,6.642,6.512,0.022,-0.044,0.205,-0.256,10.493,9.856,-0.0637,0.031,0.0334,0.0552,-0.0096,-0.0055,25.07,24.98,16865,18593,2.108,2.324,6.324,6.972,525,525,53,53,0,0,0,0,,,,,,,,,,,,,,,,,0,0,0,0
2026-09-28T22:35:02.777437+09:00,44639809,eb6c2af2,2026-09-28T22:35:02.777437+09:00,2026-09-28T22:35:02.863148+09:00,rail-left-01,rail-right-01,0.6.7-draft,0.6.7-draft,mqtt,mqtt,998.84,780.68,6.609,6.515,0.049,0.089,0.025,-0.377,10.554,9.662,-0.0685,0.0353,0.0437,0.0606,-0.0076,-0.0057,25.08,24.99,16782,18598,2.098,2.325,6.293,6.974,526,526,53,53,0,0,0,0,,,,,,,,,,,,,,,,,0,0,0,0
2026-09-28T22:35:02.797228+09:00,44659600,eb6c2af2,2026-09-28T22:35:02.797228+09:00,2026-09-28T22:35:02.882939+09:00,rail-left-01,rail-right-01,0.6.7-draft,0.6.7-draft,mqtt,mqtt,1000.08,781.62,6.608,6.521,-0.132,-0.075,-0.063,-0.153,10.258,9.629,-0.0652,0.036,0.038,0.0572,-0.0053,-0.0019,25.08,25,16780,18611,2.098,2.326,6.293,6.979,527,527,53,53,0,0,0,0,,,,,,,,,,,,,,,,,0,0,0,0
2026-09-28T22:35:02.817244+09:00,44679616,eb6c2af2,2026-09-28T22:35:02.817244+09:00,2026-09-28T22:35:02.902955+09:00,rail-left-01,rail-right-01,0.6.7-draft,0.6.7-draft,mqtt,mqtt,1001.28,782.62,6.591,6.517,0.067,0.048,0.028,-0.371,10.493,9.796,-0.0625,0.0361,0.0401,0.0564,-0.0099,-0.0083,25.06,25.01,16739,18603,2.092,2.325,6.277,6.976,528,528,53,53,0,0,0,0,,,,,,,,,,,,,,,,,0,0,0,0
2026-09-28T22:35:02.837243+09:00,44699615,eb6c2af2,2026-09-28T22:35:02.837243+09:00,2026-09-28T22:35:02.922954+09:00,rail-left-01,rail-right-01,0.6.7-draft,0.6.7-draft,mqtt,mqtt,1002.52,783.56,6.577,6.499,-0.012,0.038,-0.001,0.04,10.566,9.634,-0.065,0.0366,0.0364,0.0546,-0.0085,-0.0113,25.06,24.99,16704,18564,2.088,2.321,6.264,6.962,529,529,53,53,0,0,0,0,,,,,,,,,,,,,,,,,0,0,0,0
2026-09-28T22:35:02.857496+09:00,44719868,eb6c2af2,2026-09-28T22:35:02.857496+09:00,2026-09-28T22:35:02.943207+09:00,rail-left-01,rail-right-01,0.6.7-draft,0.6.7-draft,mqtt,mqtt,1003.76,784.55,6.575,6.472,-0.007,-0.01,0.317,-0.346,10.46,9.924,-0.0637,0.0348,0.0322,0.0533,-0.0056,0.002,25.06,25.01,16699,18503,2.087,2.313,6.262,6.939,530,530,53,53,0,0,0,0,,,,,,,,,,,,,,,,,0,0,0,0
2026-09-28T22:35:03.025971+09:00,44899531,eb6c2af2,2026-09-28T22:35:03.025971+09:00,2026-09-28T22:35:03.110913+09:00,rail-left-01,rail-right-01,0.6.7-draft,0.6.7-draft,mqtt,mqtt,1014.85,793.3,6.571,6.458,-0.018,-0.04,-0.04,-0.329,10.422,9.436,-0.0644,0.0268,0.0328,0.0497,-0.0068,-0.0036,25.1,24.99,16687,18472,2.086,2.309,6.258,6.927,531,531,54,54,0,0,0,0,,,,,,,,,,,,,,,,,0,0,0,0
2026-09-28T22:35:03.046114+09:00,44919674,eb6c2af2,2026-09-28T22:35:03.046114+09:00,2026-09-28T22:35:03.131056+09:00,rail-left-01,rail-right-01,0.6.7-draft,0.6.7-draft,mqtt,mqtt,1016.14,794.3,6.531,6.325,0.086,-0.001,0.205,-0.17,10.467,9.74,-0.0645,0.0246,0.0389,0.0554,-0.0128,-0.0087,25.05,25,16588,18178,2.074,2.272,6.221,6.817,532,532,54,54,0,0,0,0,,,,,,,,,,,,,,,,,0,0,0,0
2026-09-28T22:35:03.066071+09:00,44939631,eb6c2af2,2026-09-28T22:35:03.066071+09:00,2026-09-28T22:35:03.151013+09:00,rail-left-01,rail-right-01,0.6.7-draft,0.6.7-draft,mqtt,mqtt,1017.34,795.24,6.514,6.302,-0.098,-0.02,0.259,-0.107,10.291,9.541,-0.0653,0.0334,0.0429,0.0569,-0.0145,-0.0056,25.06,24.98,16546,18127,2.068,2.266,6.205,6.798,533,533,54,54,0,0,0,0,,,,,,,,,,,,,,,,,0,0,0,0
2026-09-28T22:35:03.086074+09:00,44959634,eb6c2af2,2026-09-28T22:35:03.086074+09:00,2026-09-28T22:35:03.171016+09:00,rail-left-01,rail-right-01,0.6.7-draft,0.6.7-draft,mqtt,mqtt,1018.58,796.24,6.507,6.309,-0.016,0.014,0.277,-0.437,10.594,9.577,-0.0678,0.0301,0.0332,0.0566,-0.0099,-0.0031,25.08,24.98,16528,18142,2.066,2.268,6.198,6.803,534,534,54,54,0,0,0,0,,,,,,,,,,,,,,,,,0,0,0,0
2026-09-28T22:35:03.106220+09:00,44979780,eb6c2af2,2026-09-28T22:35:03.106220+09:00,2026-09-28T22:35:03.191162+09:00,rail-left-01,rail-right-01,0.6.7-draft,0.6.7-draft,mqtt,mqtt,1019.87,797.18,6.504,6.292,-0.007,-0.077,0.117,-0.016,10.557,9.878,-0.0637,0.0292,0.0354,0.0552,-0.0059,0.0009,25.07,24.98,16521,18104,2.065,2.263,6.195,6.789,535,535,54,54,0,0,0,0,,,,,,,,,,,,,,,,,0,0,0,0
2026-09-28T22:35:03.126244+09:00,44999804,eb6c2af2,2026-09-28T22:35:03.126244+09:00,2026-09-28T22:35:03.211186+09:00,rail-left-01,rail-right-01,0.6.7-draft,0.6.7-draft,mqtt,mqtt,1021.11,798.18,6.504,6.297,0.081,0.113,0.121,-0.315,10.501,9.695,-0.0621,0.0314,0.0405,0.0574,-0.0048,-0.0024,25.07,24.97,16521,18116,2.065,2.265,6.195,6.794,536,536,54,54,0,0,0,0,,,,,,,,,,,,,,,,,0,0,0,0
2026-09-28T22:35:03.146243+09:00,45019803,eb6c2af2,2026-09-28T22:35:03.146243+09:00,2026-09-28T22:35:03.231185+09:00,rail-left-01,rail-right-01,0.6.7-draft,0.6.7-draft,mqtt,mqtt,1022.31,799.12,6.503,6.293,-0.038,-0.004,-0.09,-0.298,10.465,9.764,-0.061,0.0358,0.0378,0.054,-0.0088,-0.0055,25.06,24.97,16518,18106,2.065,2.263,6.194,6.79,537,537,54,54,0,0,0,0,,,,,,,,,,,,,,,,,0,0,0,0
2026-09-28T22:35:03.166083+09:00,45039643,eb6c2af2,2026-09-28T22:35:03.166083+09:00,2026-09-28T22:35:03.251025+09:00,rail-left-01,rail-right-01,0.6.7-draft,0.6.7-draft,mqtt,mqtt,1023.55,800.12,6.514,6.293,0.03,0.032,0.321,-0.114,10.529,9.707,-0.0601,0.0313,0.0333,0.0462,-0.0065,-0.0061,25.07,24.99,16545,18106,2.068,2.263,6.204,6.79,538,538,54,54,0,0,0,0,,,,,,,,,,,,,,,,,0,0,0,0
2026-09-28T22:35:03.186128+09:00,45059688,eb6c2af2,2026-09-28T22:35:03.186128+09:00,2026-09-28T22:35:03.271070+09:00,rail-left-01,rail-right-01,0.6.7-draft,0.6.7-draft,mqtt,mqtt,1024.79,801.06,6.576,6.282,0.051,0.08,-0.029,-0.223,10.388,9.801,-0.0588,0.0325,0.0329,0.0444,0.0007,-0.0023,25.05,25,16701,18081,2.088,2.26,6.263,6.78,539,539,54,54,0,0,0,0,,,,,,,,,,,,,,,,,0,0,0,0
2026-09-28T22:35:03.206482+09:00,45080042,eb6c2af2,2026-09-28T22:35:03.206482+09:00,2026-09-28T22:35:03.291424+09:00,rail-left-01,rail-right-01,0.6.7-draft,0.6.7-draft,mqtt,mqtt,1026.09,802.06,6.618,6.268,0.096,0.085,-0.075,-0.457,10.333,9.687,-0.0586,0.0344,0.0377,0.0505,-0.0104,-0.0112,25.06,24.98,16804,18050,2.101,2.256,6.302,6.769,540,540,54,54,0,0,0,0,,,,,,,,,,,,,,,,,0,0,0,0
2026-09-28T22:35:03.382554+09:00,45247405,eb6c2af2,2026-09-28T22:35:03.382554+09:00,2026-09-28T22:35:03.465870+09:00,rail-left-01,rail-right-01,0.6.7-draft,0.6.7-draft,mqtt,mqtt,1036.48,810.11,6.638,6.269,0.274,0.33,-0.035,-0.408,10.363,9.768,-0.0608,0.0325,0.0406,0.051,-0.0135,-0.0063,25.06,24.98,16855,18053,2.107,2.257,6.321,6.77,541,541,55,55,0,0,0,0,,,,,,,,,,,,,,,,,0,0,0,0
2026-09-28T22:35:03.402701+09:00,45267552,eb6c2af2,2026-09-28T22:35:03.402701+09:00,2026-09-28T22:35:03.486017+09:00,rail-left-01,rail-right-01,0.6.7-draft,0.6.7-draft,mqtt,mqtt,1037.72,811.1,6.624,6.234,-0.309,-0.358,0.154,-0.215,11.364,9.798,-0.0673,0.0316,0.041,0.052,-0.0113,-0.0067,25.07,24.98,16820,17975,2.103,2.247,6.308,6.741,542,542,55,55,0,0,0,0,,,,,,,,,,,,,,,,,0,0,0,0
2026-09-28T22:35:03.422755+09:00,45287606,eb6c2af2,2026-09-28T22:35:03.422755+09:00,2026-09-28T22:35:03.506071+09:00,rail-left-01,rail-right-01,0.6.7-draft,0.6.7-draft,mqtt,mqtt,1038.96,812.1,6.669,6.226,0.166,0.217,0.081,-0.162,10.374,10.013,-0.0673,0.0302,0.0316,0.0508,-0.0172,-0.0125,25.06,24.97,16931,17957,2.116,2.245,6.349,6.734,543,543,55,55,0,0,0,0,,,,,,,,,,,,,,,,,0,0,0,0
2026-09-28T22:35:03.442714+09:00,45307565,eb6c2af2,2026-09-28T22:35:03.442714+09:00,2026-09-28T22:35:03.526030+09:00,rail-left-01,rail-right-01,0.6.7-draft,0.6.7-draft,mqtt,mqtt,1040.21,813.04,6.706,6.234,0.004,-0.077,0.157,-0.328,10.205,9.646,-0.0693,0.0309,0.0405,0.0589,-0.0057,-0.002,25.07,24.96,17025,17975,2.128,2.247,6.384,6.741,544,544,55,55,0,0,0,0,,,,,,,,,,,,,,,,,0,0,0,0
2026-09-28T22:35:03.463121+09:00,45327972,eb6c2af2,2026-09-28T22:35:03.463121+09:00,2026-09-28T22:35:03.546437+09:00,rail-left-01,rail-right-01,0.6.7-draft,0.6.7-draft,mqtt,mqtt,1041.5,814.04,6.689,6.234,-0.047,0.049,0.11,-0.353,10.74,9.664,-0.0659,0.033,0.042,0.0588,-0.0103,-0.0101,25.07,24.98,16982,17975,2.123,2.247,6.368,6.741,545,545,55,55,0,0,0,0,,,,,,,,,,,,,,,,,0,0,0,0
2026-09-28T22:35:03.483080+09:00,45347931,eb6c2af2,2026-09-28T22:35:03.483080+09:00,2026-09-28T22:35:03.566396+09:00,rail-left-01,rail-right-01,0.6.7-draft,0.6.7-draft,mqtt,mqtt,1042.69,814.98,6.673,6.245,0.089,0.078,-0.097,-0.11,10.108,9.659,-0.0613,0.0356,0.0413,0.0594,-0.0055,-0.0024,25.08,25.01,16943,17999,2.118,2.25,6.354,6.75,546,546,55,55,0,0,0,0,,,,,,,,,,,,,,,,,0,0,0,0
2026-09-28T22:35:03.502706+09:00,45367557,eb6c2af2,2026-09-28T22:35:03.502706+09:00,2026-09-28T22:35:03.586022+09:00,rail-left-01,rail-right-01,0.6.7-draft,0.6.7-draft,mqtt,mqtt,1043.93,815.98,6.66,6.238,0.005,-0.035,0,-0.277,10.398,9.805,-0.0618,0.0312,0.0398,0.0593,-0.0097,-0.0053,25.06,24.99,16909,17985,2.114,2.248,6.341,6.744,547,547,55,55,0,0,0,0,,,,,,,,,,,,,,,,,0,0,0,0
2026-09-28T22:35:03.522657+09:00,45387508,eb6c2af2,2026-09-28T22:35:03.522657+09:00,2026-09-28T22:35:03.605973+09:00,rail-left-01,rail-right-01,0.6.7-draft,0.6.7-draft,mqtt,mqtt,1045.18,816.92,6.614,6.236,-0.037,-0.013,0.372,-0.389,10.799,9.916,-0.0657,0.0346,0.0392,0.0565,-0.0132,-0.008,25.08,24.97,16794,17980,2.099,2.248,6.298,6.743,548,548,55,55,0,0,0,0,,,,,,,,,,,,,,,,,0,0,0,0
2026-09-28T22:35:03.542608+09:00,45407459,eb6c2af2,2026-09-28T22:35:03.542608+09:00,2026-09-28T22:35:03.625924+09:00,rail-left-01,rail-right-01,0.6.7-draft,0.6.7-draft,mqtt,mqtt,1046.42,817.92,6.608,6.228,0.077,0.162,-0.017,-0.078,10.368,9.861,-0.0653,0.0325,0.0353,0.0556,-0.0111,-0.0029,25.07,24.96,16781,17962,2.098,2.245,6.293,6.736,549,549,55,55,0,0,0,0,,,,,,,,,,,,,,,,,0,0,0,0
2026-09-28T22:35:03.562832+09:00,45427683,eb6c2af2,2026-09-28T22:35:03.562832+09:00,2026-09-28T22:35:03.646148+09:00,rail-left-01,rail-right-01,0.6.7-draft,0.6.7-draft,mqtt,mqtt,1047.66,818.86,6.592,6.217,-0.057,-0.115,0.007,-0.333,10.543,9.829,-0.0642,0.0309,0.0388,0.0596,-0.0085,-0.0041,25.06,24.99,16741,17937,2.093,2.242,6.278,6.726,550,550,55,55,0,0,0,0,,,,,,,,,,,,,,,,,0,0,0,0
2026-09-28T22:35:03.735612+09:00,45602445,eb6c2af2,2026-09-28T22:35:03.735612+09:00,2026-09-28T22:35:03.821735+09:00,rail-left-01,rail-right-01,0.6.7-draft,0.6.7-draft,mqtt,mqtt,1058.55,827.36,6.59,6.215,0.029,0.103,-0.101,-0.023,10.396,9.579,-0.0678,0.0322,0.0398,0.0612,-0.0063,-0.0111,25.08,24.98,16735,17932,2.092,2.242,6.276,6.725,551,551,56,56,0,0,0,0,,,,,,,,,,,,,,,,,0,0,0,0
2026-09-28T22:35:03.755771+09:00,45622604,eb6c2af2,2026-09-28T22:35:03.755771+09:00,2026-09-28T22:35:03.841894+09:00,rail-left-01,rail-right-01,0.6.7-draft,0.6.7-draft,mqtt,mqtt,1059.79,828.36,7.057,6.518,-0.093,-0.048,0.296,-0.107,10.605,9.73,-0.0663,0.0321,0.0365,0.055,-0.0071,0.0015,25.08,24.99,17897,18605,2.237,2.326,6.711,6.977,552,552,56,56,0,0,0,0,,,,,,,,,,,,,,,,,0,0,0,0
2026-09-28T22:35:03.775717+09:00,45642550,eb6c2af2,2026-09-28T22:35:03.775717+09:00,2026-09-28T22:35:03.861840+09:00,rail-left-01,rail-right-01,0.6.7-draft,0.6.7-draft,mqtt,mqtt,1061.04,829.3,7.259,6.669,0.138,0.129,0.008,-0.363,10.427,9.606,-0.0671,0.0358,0.0377,0.0564,-0.0091,-0.0011,25.06,24.97,18400,18940,2.3,2.368,6.9,7.102,553,553,56,56,0,0,0,0,,,,,,,,,,,,,,,,,0,0,0,0
2026-09-28T22:35:03.795707+09:00,45662540,eb6c2af2,2026-09-28T22:35:03.795707+09:00,2026-09-28T22:35:03.881830+09:00,rail-left-01,rail-right-01,0.6.7-draft,0.6.7-draft,mqtt,mqtt,1062.23,830.3,7.436,6.818,-0.177,-0.13,-0.158,-0.306,10.794,9.783,-0.0701,0.0285,0.0349,0.0542,-0.0085,-0.0096,25.06,24.97,18841,19271,2.355,2.409,7.065,7.227,554,554,56,56,0,0,0,0,,,,,,,,,,,,,,,,,0,0,0,0
2026-09-28T22:35:03.815777+09:00,45682610,eb6c2af2,2026-09-28T22:35:03.815777+09:00,2026-09-28T22:35:03.901900+09:00,rail-left-01,rail-right-01,0.6.7-draft,0.6.7-draft,mqtt,mqtt,1063.47,831.24,7.634,6.98,0.148,0.177,0.023,-0.048,10.302,9.682,-0.0659,0.0346,0.0386,0.0562,-0.0083,-0.0083,25.05,24.98,19335,19631,2.417,2.454,7.251,7.362,555,555,56,56,0,0,0,0,,,,,,,,,,,,,,,,,0,0,0,0
2026-09-28T22:35:03.836032+09:00,45702865,eb6c2af2,2026-09-28T22:35:03.836032+09:00,2026-09-28T22:35:03.922155+09:00,rail-left-01,rail-right-01,0.6.7-draft,0.6.7-draft,mqtt,mqtt,1064.77,832.23,7.748,7.107,-0.323,-0.251,0.397,-0.256,10.578,9.753,-0.0658,0.0268,0.0424,0.0533,0.0016,-0.0084,25.08,24.97,19619,19912,2.452,2.489,7.357,7.467,556,556,56,56,0,0,0,0,,,,,,,,,,,,,,,,,0,0,0,0
2026-09-28T22:35:03.855662+09:00,45722495,eb6c2af2,2026-09-28T22:35:03.855662+09:00,2026-09-28T22:35:03.941785+09:00,rail-left-01,rail-right-01,0.6.7-draft,0.6.7-draft,mqtt,mqtt,1065.96,833.18,7.784,7.166,0.285,0.315,0.048,-0.236,10.49,9.469,-0.0686,0.0333,0.0436,0.0577,-0.0015,-0.0104,25.07,24.99,19707,20044,2.463,2.506,7.39,7.517,557,557,56,56,0,0,0,0,,,,,,,,,,,,,,,,,0,0,0,0
2026-09-28T22:35:03.875645+09:00,45742478,eb6c2af2,2026-09-28T22:35:03.875645+09:00,2026-09-28T22:35:03.961768+09:00,rail-left-01,rail-right-01,0.6.7-draft,0.6.7-draft,mqtt,mqtt,1067.2,834.17,7.769,7.207,-0.184,-0.132,-0.15,-0.383,10.319,9.596,-0.0663,0.0328,0.0385,0.0566,0.0009,-0.0032,25.07,24.99,19670,20133,2.459,2.517,7.376,7.55,558,558,56,56,0,0,0,0,,,,,,,,,,,,,,,,,0,0,0,0
2026-09-28T22:35:03.895975+09:00,45762808,eb6c2af2,2026-09-28T22:35:03.895975+09:00,2026-09-28T22:35:03.982098+09:00,rail-left-01,rail-right-01,0.6.7-draft,0.6.7-draft,mqtt,mqtt,1068.45,835.12,7.671,7.158,0.235,0.25,0.091,-0.225,10.325,9.883,-0.0648,0.0361,0.0344,0.0554,-0.0053,-0.0065,25.04,24.99,19426,20025,2.428,2.503,7.285,7.509,559,559,56,56,0,0,0,0,,,,,,,,,,,,,,,,,0,0,0,0
2026-09-28T22:35:03.915812+09:00,45782645,eb6c2af2,2026-09-28T22:35:03.915812+09:00,2026-09-28T22:35:04.001935+09:00,rail-left-01,rail-right-01,0.6.7-draft,0.6.7-draft,mqtt,mqtt,1069.69,836.11,7.486,7.056,-0.176,-0.163,0.163,-0.176,10.367,9.864,-0.0682,0.0333,0.0442,0.0569,0.0036,-0.0047,25.05,24.99,18965,19798,2.371,2.475,7.112,7.424,560,560,56,56,0,0,0,0,,,,,,,,,,,,,,,,,0,0,0,0
2026-09-28T22:35:04.091608+09:00,45957560,eb6c2af2,2026-09-28T22:35:04.091608+09:00,2026-09-28T22:35:04.193813+09:00,rail-left-01,rail-right-01,0.6.7-draft,0.6.7-draft,mqtt,mqtt,1080.43,844.56,7.38,6.992,0.038,0.057,0.174,-0.344,10.517,9.701,-0.0617,0.0345,0.0434,0.0594,-0.0065,-0.0024,25.05,24.98,18703,19656,2.338,2.457,7.014,7.371,561,561,57,57,0,0,0,0,,,,,,,,,,,,,,,,,0,0,0,0
2026-09-28T22:35:04.111742+09:00,45977694,eb6c2af2,2026-09-28T22:35:04.111742+09:00,2026-09-28T22:35:04.213947+09:00,rail-left-01,rail-right-01,0.6.7-draft,0.6.7-draft,mqtt,mqtt,1081.67,845.51,6.503,6.287,0.08,0.045,0.05,0.056,10.342,9.84,-0.0649,0.0357,0.0425,0.0605,-0.0087,-0.0067,25.06,24.97,16519,18093,2.065,2.262,6.195,6.785,562,562,57,57,0,0,0,0,,,,,,,,,,,,,,,,,0,0,0,0
2026-09-28T22:35:04.131711+09:00,45997663,eb6c2af2,2026-09-28T22:35:04.131711+09:00,2026-09-28T22:35:04.233916+09:00,rail-left-01,rail-right-01,0.6.7-draft,0.6.7-draft,mqtt,mqtt,1082.86,846.5,6.498,6.296,-0.045,0.05,0.16,-0.285,10.313,9.847,-0.0632,0.033,0.0408,0.0606,-0.0088,-0.0048,25.06,24.98,16506,18112,2.063,2.264,6.19,6.792,563,563,57,57,0,0,0,0,,,,,,,,,,,,,,,,,0,0,0,0
2026-09-28T22:35:04.151828+09:00,46017780,eb6c2af2,2026-09-28T22:35:04.151828+09:00,2026-09-28T22:35:04.254033+09:00,rail-left-01,rail-right-01,0.6.7-draft,0.6.7-draft,mqtt,mqtt,1084.11,847.45,6.472,6.309,0.047,-0.023,0.134,-0.423,10.555,9.564,-0.0671,0.0286,0.0404,0.061,-0.0084,-0.0067,25.06,24.99,16441,18142,2.055,2.268,6.165,6.803,564,564,57,57,0,0,0,0,,,,,,,,,,,,,,,,,0,0,0,0
2026-09-28T22:35:04.172075+09:00,46038027,eb6c2af2,2026-09-28T22:35:04.172075+09:00,2026-09-28T22:35:04.274280+09:00,rail-left-01,rail-right-01,0.6.7-draft,0.6.7-draft,mqtt,mqtt,1085.35,848.44,6.475,6.324,0.029,0.103,0.03,-0.212,10.543,9.518,-0.0645,0.0301,0.0414,0.0572,-0.0051,-0.0057,25.07,25,16448,18174,2.056,2.272,6.168,6.815,565,565,57,57,0,0,0,0,,,,,,,,,,,,,,,,,0,0,0,0
2026-09-28T22:35:04.192097+09:00,46058049,eb6c2af2,2026-09-28T22:35:04.192097+09:00,2026-09-28T22:35:04.294302+09:00,rail-left-01,rail-right-01,0.6.7-draft,0.6.7-draft,mqtt,mqtt,1086.59,849.44,6.474,6.334,-0.056,-0.012,0.008,-0.135,10.366,9.559,-0.0666,0.0344,0.0402,0.0581,-0.0051,-0.0008,25.05,24.98,16446,18198,2.056,2.275,6.167,6.824,566,566,57,57,0,0,0,0,,,,,,,,,,,,,,,,,0,0,0,0
2026-09-28T22:35:04.211681+09:00,46077633,eb6c2af2,2026-09-28T22:35:04.211681+09:00,2026-09-28T22:35:04.313886+09:00,rail-left-01,rail-right-01,0.6.7-draft,0.6.7-draft,mqtt,mqtt,1087.79,850.38,6.457,6.329,0.01,0.065,0.066,-0.158,10.499,9.772,-0.0671,0.0362,0.0412,0.0552,-0.0085,-0.0035,25.04,24.97,16405,18185,2.051,2.273,6.152,6.819,567,567,57,57,0,0,0,0,,,,,,,,,,,,,,,,,0,0,0,0
2026-09-28T22:35:04.231905+09:00,46097857,eb6c2af2,2026-09-28T22:35:04.231905+09:00,2026-09-28T22:35:04.334110+09:00,rail-left-01,rail-right-01,0.6.7-draft,0.6.7-draft,mqtt,mqtt,1089.03,851.38,6.422,6.322,-0.107,-0.199,0.411,-0.123,11.146,9.872,-0.0601,0.0325,0.033,0.0501,-0.0049,-0.002,25.06,24.99,16317,18170,2.04,2.271,6.119,6.814,568,568,57,57,0,0,0,0,,,,,,,,,,,,,,,,,0,0,0,0
2026-09-28T22:35:04.251691+09:00,46117643,eb6c2af2,2026-09-28T22:35:04.251691+09:00,2026-09-28T22:35:04.353896+09:00,rail-left-01,rail-right-01,0.6.7-draft,0.6.7-draft,mqtt,mqtt,1090.22,852.32,6.467,6.322,0.014,0.025,-0.11,-0.223,10.721,9.894,-0.0582,0.0336,0.0289,0.0538,-0.0129,-0.0132,25.08,24.99,16428,18171,2.054,2.271,6.161,6.814,569,569,57,57,0,0,0,0,,,,,,,,,,,,,,,,,0,0,0,0
2026-09-28T22:35:04.271759+09:00,46137711,eb6c2af2,2026-09-28T22:35:04.271759+09:00,2026-09-28T22:35:04.373964+09:00,rail-left-01,rail-right-01,0.6.7-draft,0.6.7-draft,mqtt,mqtt,1091.42,853.31,6.51,6.302,0.062,0.006,0.08,0.007,10.464,10.094,-0.0663,0.0328,0.0297,0.0549,-0.0055,-0.0005,25.05,25,16535,18126,2.067,2.266,6.201,6.797,570,570,57,57,0,0,0,0,,,,,,,,,,,,,,,,,0,0,0,0
2026-09-28T22:35:04.468216+09:00,46331406,eb6c2af2,2026-09-28T22:35:04.468216+09:00,2026-09-28T22:35:04.564791+09:00,rail-left-01,rail-right-01,0.6.7-draft,0.6.7-draft,mqtt,mqtt,1103.3,862.76,6.534,6.306,0.117,0.177,0.05,-0.327,10.502,9.603,-0.0693,0.0293,0.0344,0.0532,-0.0097,-0.0081,25.07,24.99,16597,18135,2.075,2.267,6.224,6.801,571,571,58,58,0,0,0,0,,,,,,,,,,,,,,,,,0,0,0,0
2026-09-28T22:35:04.488333+09:00,46351523,eb6c2af2,2026-09-28T22:35:04.488333+09:00,2026-09-28T22:35:04.584908+09:00,rail-left-01,rail-right-01,0.6.7-draft,0.6.7-draft,mqtt,mqtt,1104.54,863.71,6.534,5.998,-0.074,-0.091,0.14,-0.119,10.399,9.959,-0.063,0.033,0.0376,0.0545,-0.0039,-0.0027,25.04,24.97,16595,17448,2.074,2.181,6.223,6.543,572,572,58,58,0,0,0,0,,,,,,,,,,,,,,,,,0,0,0,0
2026-09-28T22:35:04.508352+09:00,46371542,eb6c2af2,2026-09-28T22:35:04.508352+09:00,2026-09-28T22:35:04.604926+09:00,rail-left-01,rail-right-01,0.6.7-draft,0.6.7-draft,mqtt,mqtt,1105.73,864.7,6.528,5.999,0.026,0.099,0.151,-0.17,10.481,9.646,-0.0638,0.0336,0.0409,0.0577,-0.0007,-0.0069,25.07,24.98,16582,17452,2.073,2.182,6.218,6.545,573,573,58,58,0,0,0,0,,,,,,,,,,,,,,,,,0,0,0,0
2026-09-28T22:35:04.528311+09:00,46391501,eb6c2af2,2026-09-28T22:35:04.528311+09:00,2026-09-28T22:35:04.624886+09:00,rail-left-01,rail-right-01,0.6.7-draft,0.6.7-draft,mqtt,mqtt,1106.98,865.69,6.525,6,-0.114,-0.063,-0.011,-0.196,10.544,9.78,-0.0658,0.0305,0.0349,0.0577,-0.0007,-0.008,25.05,24.97,16573,17457,2.072,2.182,6.215,6.546,574,574,58,58,0,0,0,0,,,,,,,,,,,,,,,,,0,0,0,0
2026-09-28T22:35:04.548878+09:00,46412068,eb6c2af2,2026-09-28T22:35:04.548878+09:00,2026-09-28T22:35:04.645453+09:00,rail-left-01,rail-right-01,0.6.7-draft,0.6.7-draft,mqtt,mqtt,1108.22,866.69,6.537,5.996,0.09,0.049,0.096,-0.144,10.511,9.869,-0.0648,0.0297,0.0374,0.0569,-0.0047,-0.0055,25.08,24.96,16604,17438,2.076,2.18,6.227,6.539,575,575,58,58,0,0,0,0,,,,,,,,,,,,,,,,,0,0,0,0
2026-09-28T22:35:04.568724+09:00,46431914,eb6c2af2,2026-09-28T22:35:04.568724+09:00,2026-09-28T22:35:04.665299+09:00,rail-left-01,rail-right-01,0.6.7-draft,0.6.7-draft,mqtt,mqtt,1109.46,867.63,6.548,6.009,-0.018,-0.012,0.175,-0.357,10.645,9.65,-0.0616,0.0349,0.0376,0.0544,-0.0052,-0.0027,25.04,24.98,16632,17475,2.079,2.184,6.237,6.553,576,576,58,58,0,0,0,0,,,,,,,,,,,,,,,,,0,0,0,0
2026-09-28T22:35:04.588289+09:00,46451479,eb6c2af2,2026-09-28T22:35:04.588289+09:00,2026-09-28T22:35:04.684864+09:00,rail-left-01,rail-right-01,0.6.7-draft,0.6.7-draft,mqtt,mqtt,1110.66,868.58,6.591,6.007,0.035,0.029,-0.036,-0.151,10.398,9.607,-0.0594,0.0338,0.0284,0.047,-0.0064,-0.0028,25.08,24.98,16737,17472,2.092,2.184,6.276,6.552,577,577,58,58,0,0,0,0,,,,,,,,,,,,,,,,,0,0,0,0
2026-09-28T22:35:04.608225+09:00,46471415,eb6c2af2,2026-09-28T22:35:04.608225+09:00,2026-09-28T22:35:04.704800+09:00,rail-left-01,rail-right-01,0.6.7-draft,0.6.7-draft,mqtt,mqtt,1111.9,869.57,6.65,5.995,0.129,0.097,-0.085,-0.33,10.381,9.831,-0.0568,0.031,0.0334,0.0572,-0.0088,-0.0075,25.08,25,16884,17433,2.111,2.179,6.332,6.537,578,578,58,58,0,0,0,0,,,,,,,,,,,,,,,,,0,0,0,0
2026-09-28T22:35:04.628323+09:00,46491513,eb6c2af2,2026-09-28T22:35:04.628323+09:00,2026-09-28T22:35:04.724898+09:00,rail-left-01,rail-right-01,0.6.7-draft,0.6.7-draft,mqtt,mqtt,1113.14,870.52,6.674,5.993,0.013,0.065,0.187,-0.231,10.452,9.764,-0.0612,0.0308,0.036,0.0554,-0.0059,-0.0047,25.05,24.97,16944,17420,2.118,2.178,6.354,6.533,579,579,58,58,0,0,0,0,,,,,,,,,,,,,,,,,0,0,0,0
2026-09-28T22:35:04.648519+09:00,46511709,eb6c2af2,2026-09-28T22:35:04.648519+09:00,2026-09-28T22:35:04.745094+09:00,rail-left-01,rail-right-01,0.6.7-draft,0.6.7-draft,mqtt,mqtt,1114.39,871.51,6.693,5.987,0.04,0.03,0.038,-0.302,10.494,9.771,-0.0618,0.0317,0.0352,0.0581,-0.0071,-0.0043,25.09,24.98,16993,17395,2.124,2.174,6.372,6.523,580,580,58,58,0,0,0,0,,,,,,,,,,,,,,,,,0,0,0,0
2026-09-28T22:35:04.794899+09:00,46701443,eb6c2af2,2026-09-28T22:35:04.794899+09:00,2026-09-28T22:35:04.834373+09:00,rail-left-01,rail-right-01,0.6.7-draft,0.6.7-draft,mqtt,mqtt,1126.02,880.76,6.697,5.985,0.067,0.048,0.18,-0.053,10.373,9.767,-0.0687,0.0356,0.0381,0.053,-0.0044,-0.0005,25.07,25.01,17002,17383,2.125,2.173,6.376,6.519,581,581,59,59,0,0,0,0,,,,,,,,,,,,,,,,,0,0,0,0
2026-09-28T22:35:04.814965+09:00,46721509,eb6c2af2,2026-09-28T22:35:04.814965+09:00,2026-09-28T22:35:04.854439+09:00,rail-left-01,rail-right-01,0.6.7-draft,0.6.7-draft,mqtt,mqtt,1127.26,881.7,6.704,6.008,0.047,0.014,0.051,-0.329,10.558,9.679,-0.0665,0.0312,0.0418,0.061,-0.0101,-0.0123,25.05,24.99,17020,17473,2.128,2.184,6.383,6.552,582,582,59,59,0,0,0,0,,,,,,,,,,,,,,,,,0,0,0,0
2026-09-28T22:35:04.834957+09:00,46741501,eb6c2af2,2026-09-28T22:35:04.834957+09:00,2026-09-28T22:35:04.874431+09:00,rail-left-01,rail-right-01,0.6.7-draft,0.6.7-draft,mqtt,mqtt,1128.46,882.7,6.708,6.021,-0.141,-0.147,0.066,-0.204,10.568,9.698,-0.0673,0.0298,0.0358,0.054,-0.0079,0.0041,25.05,24.98,17029,17503,2.129,2.188,6.386,6.564,583,583,59,59,0,0,0,0,,,,,,,,,,,,,,,,,0,0,0,0
2026-09-28T22:35:04.855215+09:00,46761759,eb6c2af2,2026-09-28T22:35:04.855215+09:00,2026-09-28T22:35:04.894689+09:00,rail-left-01,rail-right-01,0.6.7-draft,0.6.7-draft,mqtt,mqtt,1129.7,883.64,6.736,6.019,0.061,0.098,-0.119,-0.193,10.482,9.568,-0.0699,0.0309,0.0364,0.0554,-0.0109,-0.0108,25.07,24.97,17099,17498,2.137,2.187,6.412,6.562,584,584,59,59,0,0,0,0,,,,,,,,,,,,,,,,,0,0,0,0
2026-09-28T22:35:04.875045+09:00,46781589,eb6c2af2,2026-09-28T22:35:04.875045+09:00,2026-09-28T22:35:04.914519+09:00,rail-left-01,rail-right-01,0.6.7-draft,0.6.7-draft,mqtt,mqtt,1130.94,884.64,6.756,6.013,-0.042,-0.02,0.219,-0.238,10.323,9.693,-0.0673,0.0297,0.0352,0.0546,-0.0083,-0.0021,25.06,25,17149,17484,2.144,2.186,6.431,6.557,585,585,59,59,0,0,0,0,,,,,,,,,,,,,,,,,0,0,0,0
2026-09-28T22:35:04.895024+09:00,46801568,eb6c2af2,2026-09-28T22:35:04.895024+09:00,2026-09-28T22:35:04.934498+09:00,rail-left-01,rail-right-01,0.6.7-draft,0.6.7-draft,mqtt,mqtt,1132.18,885.63,6.757,6.017,0.132,0.109,0.024,-0.293,10.454,9.509,-0.0678,0.0349,0.0462,0.0584,-0.0057,-0.0037,25.08,24.98,17150,17494,2.144,2.187,6.431,6.56,586,586,59,59,0,0,0,0,,,,,,,,,,,,,,,,,0,0,0,0
2026-09-28T22:35:04.914974+09:00,46821518,eb6c2af2,2026-09-28T22:35:04.914974+09:00,2026-09-28T22:35:04.954448+09:00,rail-left-01,rail-right-01,0.6.7-draft,0.6.7-draft,mqtt,mqtt,1133.38,886.58,6.747,6.028,-0.01,-0.008,-0.078,-0.268,10.557,9.683,-0.0693,0.0305,0.0416,0.0594,-0.0072,-0.0035,25.07,24.99,17125,17518,2.141,2.19,6.422,6.569,587,587,59,59,0,0,0,0,,,,,,,,,,,,,,,,,0,0,0,0
2026-09-28T22:35:04.934986+09:00,46841530,eb6c2af2,2026-09-28T22:35:04.934986+09:00,2026-09-28T22:35:04.974460+09:00,rail-left-01,rail-right-01,0.6.7-draft,0.6.7-draft,mqtt,mqtt,1134.62,887.57,6.72,6.03,-0.013,0.022,0.248,-0.073,10.536,9.858,-0.0636,0.0312,0.043,0.0562,-0.0095,-0.0084,25.05,24.98,17060,17523,2.133,2.19,6.398,6.571,588,588,59,59,0,0,0,0,,,,,,,,,,,,,,,,,0,0,0,0
2026-09-28T22:35:04.954932+09:00,46861476,eb6c2af2,2026-09-28T22:35:04.954932+09:00,2026-09-28T22:35:04.994406+09:00,rail-left-01,rail-right-01,0.6.7-draft,0.6.7-draft,mqtt,mqtt,1135.86,888.52,6.728,6.045,0.077,0.035,0,-0.127,10.433,9.64,-0.0671,0.0313,0.0414,0.0566,-0.0084,-0.0061,25.05,24.99,17079,17556,2.135,2.195,6.405,6.584,589,589,59,59,0,0,0,0,,,,,,,,,,,,,,,,,0,0,0,0
2026-09-28T22:35:04.974975+09:00,46881519,eb6c2af2,2026-09-28T22:35:04.974975+09:00,2026-09-28T22:35:05.014449+09:00,rail-left-01,rail-right-01,0.6.7-draft,0.6.7-draft,mqtt,mqtt,1137.11,889.51,6.71,6.045,0.048,0.034,0.176,-0.29,10.631,9.79,-0.0673,0.034,0.0436,0.0609,-0.0093,-0.0068,25.07,24.99,17034,17555,2.129,2.194,6.388,6.583,590,590,59,59,0,0,0,0,,,,,,,,,,,,,,,,,0,0,0,0
2026-09-28T22:35:05.107527+09:00,46972411,eb6c2af2,2026-09-28T22:35:05.107527+09:00,2026-09-28T22:35:05.192788+09:00,rail-left-01,rail-right-01,0.6.7-draft,0.6.7-draft,mqtt,mqtt,1142.67,893.88,6.698,6.054,0.037,0.079,0.25,-0.541,10.748,9.692,-0.0666,0.032,0.0468,0.06,-0.0083,-0.0027,25.05,24.95,17004,17576,2.126,2.197,6.377,6.591,591,591,60,60,0,0,0,0,,,,,,,,,,,,,,,,,0,0,0,0
2026-09-28T22:35:05.127654+09:00,46992538,eb6c2af2,2026-09-28T22:35:05.127654+09:00,2026-09-28T22:35:05.212916+09:00,rail-left-01,rail-right-01,0.6.7-draft,0.6.7-draft,mqtt,mqtt,1143.92,894.88,6.588,6.129,0.03,-0.004,-0.256,0.043,10.465,9.596,-0.0654,0.0362,0.041,0.0574,0,0.0057,25.08,24.96,16731,17743,2.091,2.218,6.274,6.654,592,592,60,60,0,0,0,0,,,,,,,,,,,,,,,,,0,0,0,0
2026-09-28T22:35:05.147700+09:00,47012584,eb6c2af2,2026-09-28T22:35:05.147700+09:00,2026-09-28T22:35:05.232962+09:00,rail-left-01,rail-right-01,0.6.7-draft,0.6.7-draft,mqtt,mqtt,1145.16,895.82,6.565,6.125,-0.116,-0.049,0.086,-0.469,10.477,9.816,-0.064,0.034,0.0377,0.0538,-0.0083,-0.0001,25.05,24.97,16673,17734,2.084,2.217,6.252,6.65,593,593,60,60,0,0,0,0,,,,,,,,,,,,,,,,,0,0,0,0
2026-09-28T22:35:05.167691+09:00,47032574,eb6c2af2,2026-09-28T22:35:05.167691+09:00,2026-09-28T22:35:05.252952+09:00,rail-left-01,rail-right-01,0.6.7-draft,0.6.7-draft,mqtt,mqtt,1146.4,896.82,6.544,6.119,0.034,0.055,0.11,-0.028,10.564,9.977,-0.0666,0.034,0.0425,0.0594,-0.0081,-0.0079,25.08,24.99,16622,17721,2.078,2.215,6.233,6.645,594,594,60,60,0,0,0,0,,,,,,,,,,,,,,,,,0,0,0,0
2026-09-28T22:35:05.188046+09:00,47052930,eb6c2af2,2026-09-28T22:35:05.188046+09:00,2026-09-28T22:35:05.273308+09:00,rail-left-01,rail-right-01,0.6.7-draft,0.6.7-draft,mqtt,mqtt,1147.65,897.81,6.534,6.132,-0.08,-0.12,0.425,-0.065,10.536,9.911,-0.0678,0.0322,0.0382,0.0606,-0.0089,-0.0023,25.06,24.97,16595,17748,2.074,2.219,6.223,6.656,595,595,60,60,0,0,0,0,,,,,,,,,,,,,,,,,0,0,0,0
2026-09-28T22:35:05.208049+09:00,47072932,eb6c2af2,2026-09-28T22:35:05.208049+09:00,2026-09-28T22:35:05.293310+09:00,rail-left-01,rail-right-01,0.6.7-draft,0.6.7-draft,mqtt,mqtt,1148.89,898.76,6.502,6.138,0.08,0.111,0.069,-0.188,10.615,9.863,-0.062,0.0333,0.0394,0.0578,-0.0069,-0.0008,25.07,24.99,16516,17763,2.065,2.22,6.194,6.661,596,596,60,60,0,0,0,0,,,,,,,,,,,,,,,,,0,0,0,0
2026-09-28T22:35:05.227622+09:00,47092506,eb6c2af2,2026-09-28T22:35:05.227622+09:00,2026-09-28T22:35:05.312883+09:00,rail-left-01,rail-right-01,0.6.7-draft,0.6.7-draft,mqtt,mqtt,1150.08,899.75,6.487,6.158,-0.012,0.005,-0.042,-0.322,10.518,9.829,-0.0662,0.0349,0.0401,0.0606,-0.0065,-0.0051,25.06,24.97,16480,17806,2.06,2.226,6.18,6.677,597,597,60,60,0,0,0,0,,,,,,,,,,,,,,,,,0,0,0,0
2026-09-28T22:35:05.247556+09:00,47112439,eb6c2af2,2026-09-28T22:35:05.247556+09:00,2026-09-28T22:35:05.332817+09:00,rail-left-01,rail-right-01,0.6.7-draft,0.6.7-draft,mqtt,mqtt,1151.33,900.7,6.478,6.17,-0.038,-0.045,-0.006,-0.164,10.424,9.887,-0.0634,0.0345,0.0374,0.055,-0.0092,-0.0033,25.03,24.99,16457,17833,2.057,2.229,6.171,6.687,598,598,60,60,0,0,0,0,,,,,,,,,,,,,,,,,0,0,0,0
2026-09-28T22:35:05.267719+09:00,47132603,eb6c2af2,2026-09-28T22:35:05.267719+09:00,2026-09-28T22:35:05.352980+09:00,rail-left-01,rail-right-01,0.6.7-draft,0.6.7-draft,mqtt,mqtt,1152.57,901.69,6.467,6.186,0.029,0.008,0.384,-0.271,10.433,9.759,-0.0636,0.0272,0.0386,0.0593,-0.0097,-0.0076,25.06,24.97,16430,17868,2.054,2.234,6.161,6.701,599,599,60,60,0,0,0,0,,,,,,,,,,,,,,,,,0,0,0,0
2026-09-28T22:35:05.287787+09:00,47152670,eb6c2af2,2026-09-28T22:35:05.287787+09:00,2026-09-28T22:35:05.373048+09:00,rail-left-01,rail-right-01,0.6.7-draft,0.6.7-draft,mqtt,mqtt,1153.81,902.64,6.471,6.209,0.034,0.014,0.054,-0.298,10.347,9.519,-0.0652,0.0329,0.0452,0.0593,-0.0071,-0.004,25.07,24.99,16438,17919,2.055,2.24,6.164,6.72,600,600,60,60,0,0,0,0,,,,,,,,,,,,,,,,,0,0,0,0
2026-09-28T22:35:05.469415+09:00,47336442,eb6c2af2,2026-09-28T22:35:05.469415+09:00,2026-09-28T22:35:05.557024+09:00,rail-left-01,rail-right-01,0.6.7-draft,0.6.7-draft,mqtt,mqtt,1165.2,911.53,6.455,6.22,0.123,0.123,0.025,-0.097,10.491,9.975,-0.0648,0.0321,0.0374,0.058,-0.0108,-0.006,25.06,24.96,16400,17945,2.05,2.243,6.15,6.729,601,601,61,61,0,0,0,0,,,,,,,,,,,,,,,,,0,0,0,0
2026-09-28T22:35:05.489520+09:00,47356546,eb6c2af2,2026-09-28T22:35:05.489520+09:00,2026-09-28T22:35:05.577128+09:00,rail-left-01,rail-right-01,0.6.7-draft,0.6.7-draft,mqtt,mqtt,1166.44,912.53,6.381,6.379,0.023,0,0.261,-0.524,10.591,9.708,-0.0686,0.0318,0.0416,0.0576,-0.0069,-0.0027,25.03,24.97,16216,18297,2.027,2.287,6.081,6.861,602,602,61,61,0,0,0,0,,,,,,,,,,,,,,,,,0,0,0,0
2026-09-28T22:35:05.509556+09:00,47376583,eb6c2af2,2026-09-28T22:35:05.509556+09:00,2026-09-28T22:35:05.597165+09:00,rail-left-01,rail-right-01,0.6.7-draft,0.6.7-draft,mqtt,mqtt,1167.68,913.47,6.398,6.402,-0.02,-0.016,-0.083,-0.168,10.478,9.649,-0.0648,0.0326,0.0405,0.0613,-0.0112,-0.0099,25.08,25,16257,18349,2.032,2.294,6.096,6.881,603,603,61,61,0,0,0,0,,,,,,,,,,,,,,,,,0,0,0,0
2026-09-28T22:35:05.529513+09:00,47396539,eb6c2af2,2026-09-28T22:35:05.529513+09:00,2026-09-28T22:35:05.617121+09:00,rail-left-01,rail-right-01,0.6.7-draft,0.6.7-draft,mqtt,mqtt,1168.93,914.47,6.373,6.408,0.054,0.047,0.04,-0.102,10.5,9.999,-0.0659,0.036,0.0422,0.0622,-0.0097,-0.0043,25.05,24.99,16196,18361,2.025,2.295,6.074,6.885,604,604,61,61,0,0,0,0,,,,,,,,,,,,,,,,,0,0,0,0
2026-09-28T22:35:05.549561+09:00,47416588,eb6c2af2,2026-09-28T22:35:05.549561+09:00,2026-09-28T22:35:05.637170+09:00,rail-left-01,rail-right-01,0.6.7-draft,0.6.7-draft,mqtt,mqtt,1170.17,915.41,6.342,6.421,-0.019,-0.016,0.287,-0.014,10.289,9.977,-0.0621,0.0317,0.0376,0.0554,-0.0081,-0.0032,25.09,25,16119,18390,2.015,2.299,6.045,6.896,605,605,61,61,0,0,0,0,,,,,,,,,,,,,,,,,0,0,0,0
2026-09-28T22:35:05.569615+09:00,47436641,eb6c2af2,2026-09-28T22:35:05.569615+09:00,2026-09-28T22:35:05.657223+09:00,rail-left-01,rail-right-01,0.6.7-draft,0.6.7-draft,mqtt,mqtt,1171.41,916.41,6.336,6.427,0.079,0.043,0.051,-0.351,10.424,9.635,-0.0678,0.0297,0.0404,0.056,-0.008,-0.0039,25.07,24.97,16103,18403,2.013,2.3,6.039,6.901,606,606,61,61,0,0,0,0,,,,,,,,,,,,,,,,,0,0,0,0
2026-09-28T22:35:05.589574+09:00,47456600,eb6c2af2,2026-09-28T22:35:05.589574+09:00,2026-09-28T22:35:05.677182+09:00,rail-left-01,rail-right-01,0.6.7-draft,0.6.7-draft,mqtt,mqtt,1172.66,917.35,6.334,6.434,0.062,0.014,0.189,-0.321,10.382,9.542,-0.0645,0.0349,0.0424,0.0565,-0.0071,-0.0044,25.06,24.99,16098,18418,2.012,2.302,6.037,6.907,607,607,61,61,0,0,0,0,,,,,,,,,,,,,,,,,0,0,0,0
2026-09-28T22:35:05.609519+09:00,47476545,eb6c2af2,2026-09-28T22:35:05.609519+09:00,2026-09-28T22:35:05.697127+09:00,rail-left-01,rail-right-01,0.6.7-draft,0.6.7-draft,mqtt,mqtt,1173.9,918.3,6.342,6.451,-0.035,-0.025,-0.156,-0.245,10.329,9.628,-0.0654,0.0337,0.0422,0.0572,-0.012,-0.0092,25.05,24.98,16117,18456,2.015,2.307,6.044,6.921,608,608,61,61,0,0,0,0,,,,,,,,,,,,,,,,,0,0,0,0
2026-09-28T22:35:05.629474+09:00,47496500,eb6c2af2,2026-09-28T22:35:05.629474+09:00,2026-09-28T22:35:05.717082+09:00,rail-left-01,rail-right-01,0.6.7-draft,0.6.7-draft,mqtt,mqtt,1175.14,919.29,6.348,6.458,-0.01,0.017,-0.103,-0.204,10.019,9.662,-0.0625,0.0286,0.0442,0.053,-0.0169,-0.0059,25.05,24.99,16134,18472,2.017,2.309,6.05,6.927,609,609,61,61,0,0,0,0,,,,,,,,,,,,,,,,,0,0,0,0
2026-09-28T22:35:05.650115+09:00,47517141,eb6c2af2,2026-09-28T22:35:05.650115+09:00,2026-09-28T22:35:05.737723+09:00,rail-left-01,rail-right-01,0.6.7-draft,0.6.7-draft,mqtt,mqtt,1176.43,920.29,6.349,6.477,0.172,0.166,0.121,-0.365,10.423,9.5,-0.0663,0.0328,0.0438,0.0565,-0.0145,-0.0107,25.03,24.99,16136,18514,2.017,2.314,6.051,6.943,610,610,61,61,0,0,0,0,,,,,,,,,,,,,,,,,0,0,0,0
2026-09-28T22:35:05.783118+09:00,47693500,eb6c2af2,2026-09-28T22:35:05.783118+09:00,2026-09-28T22:35:05.863793+09:00,rail-left-01,rail-right-01,0.6.7-draft,0.6.7-draft,mqtt,mqtt,1187.37,928.79,6.361,6.483,0.11,0.032,0.022,-0.187,10.675,9.412,-0.0687,0.0304,0.0318,0.0485,-0.0104,-0.0008,25.06,24.96,16165,18528,2.021,2.316,6.062,6.948,611,611,62,62,0,0,0,0,,,,,,,,,,,,,,,,,0,0,0,0
2026-09-28T22:35:05.803262+09:00,47713644,eb6c2af2,2026-09-28T22:35:05.803262+09:00,2026-09-28T22:35:05.883937+09:00,rail-left-01,rail-right-01,0.6.7-draft,0.6.7-draft,mqtt,mqtt,1188.61,929.78,6.383,6.387,-0.096,-0.055,-0.129,-0.286,10.189,9.681,-0.0645,0.0257,0.0325,0.0486,-0.0132,-0.0095,25.07,24.99,16219,18315,2.027,2.289,6.082,6.868,612,612,62,62,0,0,0,0,,,,,,,,,,,,,,,,,0,0,0,0
2026-09-28T22:35:05.823209+09:00,47733591,eb6c2af2,2026-09-28T22:35:05.823209+09:00,2026-09-28T22:35:05.903884+09:00,rail-left-01,rail-right-01,0.6.7-draft,0.6.7-draft,mqtt,mqtt,1189.86,930.73,6.362,6.323,0.066,0.111,0.095,-0.096,10.368,9.62,-0.0625,0.0289,0.0333,0.0501,-0.0101,-0.0073,25.06,25,16168,18173,2.021,2.272,6.063,6.815,613,613,62,62,0,0,0,0,,,,,,,,,,,,,,,,,0,0,0,0
2026-09-28T22:35:05.843214+09:00,47753596,eb6c2af2,2026-09-28T22:35:05.843214+09:00,2026-09-28T22:35:05.923889+09:00,rail-left-01,rail-right-01,0.6.7-draft,0.6.7-draft,mqtt,mqtt,1191.05,931.72,6.354,6.266,-0.049,0.056,0.151,-0.133,10.576,9.513,-0.0558,0.0373,0.0394,0.0573,-0.0111,-0.0087,25.07,24.96,16147,18047,2.018,2.256,6.055,6.768,614,614,62,62,0,0,0,0,,,,,,,,,,,,,,,,,0,0,0,0
2026-09-28T22:35:05.863682+09:00,47774064,eb6c2af2,2026-09-28T22:35:05.863682+09:00,2026-09-28T22:35:05.944357+09:00,rail-left-01,rail-right-01,0.6.7-draft,0.6.7-draft,mqtt,mqtt,1192.34,932.71,6.344,6.244,-0.139,-0.138,0.259,-0.153,10.684,9.692,-0.0598,0.0302,0.0396,0.0584,-0.0121,0.0039,25.06,24.99,16123,17998,2.015,2.25,6.046,6.749,615,615,62,62,0,0,0,0,,,,,,,,,,,,,,,,,0,0,0,0
2026-09-28T22:35:05.883698+09:00,47794080,eb6c2af2,2026-09-28T22:35:05.883698+09:00,2026-09-28T22:35:05.964373+09:00,rail-left-01,rail-right-01,0.6.7-draft,0.6.7-draft,mqtt,mqtt,1193.59,933.66,6.375,6.236,0.083,0.11,0.18,-0.065,10.43,9.758,-0.0572,0.032,0.0266,0.0464,-0.0079,0.0071,25.05,24.98,16201,17979,2.025,2.247,6.075,6.742,616,616,62,62,0,0,0,0,,,,,,,,,,,,,,,,,0,0,0,0
2026-09-28T22:35:05.903269+09:00,47813651,eb6c2af2,2026-09-28T22:35:05.903269+09:00,2026-09-28T22:35:05.983944+09:00,rail-left-01,rail-right-01,0.6.7-draft,0.6.7-draft,mqtt,mqtt,1194.78,934.65,6.407,6.235,0.045,0.045,-0.126,-0.294,10.343,9.697,-0.0544,0.0329,0.0366,0.0537,-0.0087,-0.0076,25.04,24.99,16281,17977,2.035,2.247,6.105,6.741,617,617,62,62,0,0,0,0,,,,,,,,,,,,,,,,,0,0,0,0
2026-09-28T22:35:05.923215+09:00,47833597,eb6c2af2,2026-09-28T22:35:05.923215+09:00,2026-09-28T22:35:06.003890+09:00,rail-left-01,rail-right-01,0.6.7-draft,0.6.7-draft,mqtt,mqtt,1196.02,935.6,6.456,6.227,0.107,0.157,0.057,-0.299,10.356,9.847,-0.0613,0.0317,0.0354,0.052,-0.0088,-0.0076,25.04,24.97,16402,17960,2.05,2.245,6.151,6.735,618,618,62,62,0,0,0,0,,,,,,,,,,,,,,,,,0,0,0,0
2026-09-28T22:35:05.943211+09:00,47853593,eb6c2af2,2026-09-28T22:35:05.943211+09:00,2026-09-28T22:35:06.023886+09:00,rail-left-01,rail-right-01,0.6.7-draft,0.6.7-draft,mqtt,mqtt,1197.27,936.59,6.498,6.232,0.014,0.026,-0.091,-0.326,10.566,9.675,-0.0659,0.0314,0.0349,0.0512,-0.0051,-0.0027,25.07,24.98,16507,17970,2.063,2.246,6.19,6.739,619,619,62,62,0,0,0,0,,,,,,,,,,,,,,,,,0,0,0,0
2026-09-28T22:35:05.963463+09:00,47873845,eb6c2af2,2026-09-28T22:35:05.963463+09:00,2026-09-28T22:35:06.044139+09:00,rail-left-01,rail-right-01,0.6.7-draft,0.6.7-draft,mqtt,mqtt,1198.51,937.54,6.517,6.218,-0.01,-0.019,0.12,-0.243,10.511,9.736,-0.0628,0.0345,0.0402,0.0526,-0.0141,-0.0079,25.05,24.98,16553,17940,2.069,2.243,6.207,6.727,620,620,62,62,0,0,0,0,,,,,,,,,,,,,,,,,0,0,0,0
2026-09-28T22:35:06.094327+09:00,48003449,eb6c2af2,2026-09-28T22:35:06.094327+09:00,2026-09-28T22:35:06.145765+09:00,rail-left-01,rail-right-01,0.6.7-draft,0.6.7-draft,mqtt,mqtt,1206.51,943.8,6.516,6.222,0.104,0.12,-0.001,-0.195,10.38,9.651,-0.0657,0.0312,0.0382,0.0542,-0.0092,-0.0079,25.07,24.98,16551,17948,2.069,2.243,6.207,6.731,621,621,63,63,0,0,0,0,,,,,,,,,,,,,,,,,0,0,0,0
2026-09-28T22:35:06.114441+09:00,48023563,eb6c2af2,2026-09-28T22:35:06.114441+09:00,2026-09-28T22:35:06.165879+09:00,rail-left-01,rail-right-01,0.6.7-draft,0.6.7-draft,mqtt,mqtt,1207.76,944.8,6.674,6.198,-0.099,-0.075,0.3,-0.254,10.475,9.729,-0.0659,0.03,0.04,0.0521,-0.0107,-0.0048,25.04,24.98,16945,17895,2.118,2.237,6.354,6.711,622,622,63,63,0,0,0,0,,,,,,,,,,,,,,,,,0,0,0,0
2026-09-28T22:35:06.134597+09:00,48043719,eb6c2af2,2026-09-28T22:35:06.134597+09:00,2026-09-28T22:35:06.186035+09:00,rail-left-01,rail-right-01,0.6.7-draft,0.6.7-draft,mqtt,mqtt,1209,945.74,6.701,6.209,0.193,0.165,-0.065,-0.339,10.347,9.694,-0.0654,0.0313,0.0393,0.0569,-0.0097,-0.0084,25.08,24.99,17012,17919,2.127,2.24,6.38,6.72,623,623,63,63,0,0,0,0,,,,,,,,,,,,,,,,,0,0,0,0
2026-09-28T22:35:06.154490+09:00,48063612,eb6c2af2,2026-09-28T22:35:06.154490+09:00,2026-09-28T22:35:06.205928+09:00,rail-left-01,rail-right-01,0.6.7-draft,0.6.7-draft,mqtt,mqtt,1210.24,946.74,6.701,6.203,0,-0.018,-0.102,-0.263,10.137,9.687,-0.0715,0.0325,0.0349,0.0565,-0.0077,-0.0093,25.08,24.98,17011,17906,2.126,2.238,6.379,6.715,624,624,63,63,0,0,0,0,,,,,,,,,,,,,,,,,0,0,0,0
2026-09-28T22:35:06.174371+09:00,48083493,eb6c2af2,2026-09-28T22:35:06.174371+09:00,2026-09-28T22:35:06.225809+09:00,rail-left-01,rail-right-01,0.6.7-draft,0.6.7-draft,mqtt,mqtt,1211.48,947.68,6.714,6.193,0.018,0.023,0.348,-0.053,10.59,9.546,-0.069,0.0314,0.0449,0.0594,-0.0099,-0.0112,25.07,24.97,17045,17885,2.131,2.236,6.392,6.707,625,625,63,63,0,0,0,0,,,,,,,,,,,,,,,,,0,0,0,0
2026-09-28T22:35:06.194327+09:00,48103449,eb6c2af2,2026-09-28T22:35:06.194327+09:00,2026-09-28T22:35:06.245765+09:00,rail-left-01,rail-right-01,0.6.7-draft,0.6.7-draft,mqtt,mqtt,1212.73,948.67,6.72,6.2,0.034,0.053,-0.008,-0.214,10.517,9.565,-0.0661,0.0377,0.036,0.0537,-0.008,0.0001,25.07,24.98,17060,17900,2.133,2.238,6.398,6.713,626,626,63,63,0,0,0,0,,,,,,,,,,,,,,,,,0,0,0,0
2026-09-28T22:35:06.214425+09:00,48123547,eb6c2af2,2026-09-28T22:35:06.214425+09:00,2026-09-28T22:35:06.265863+09:00,rail-left-01,rail-right-01,0.6.7-draft,0.6.7-draft,mqtt,mqtt,1213.92,949.62,6.728,6.191,0.092,0.083,-0.15,-0.199,10.209,9.638,-0.069,0.034,0.0361,0.0577,-0.0084,-0.0071,25.05,24.96,17080,17879,2.135,2.235,6.405,6.705,627,627,63,63,0,0,0,0,,,,,,,,,,,,,,,,,0,0,0,0
2026-09-28T22:35:06.234386+09:00,48143508,eb6c2af2,2026-09-28T22:35:06.234386+09:00,2026-09-28T22:35:06.285824+09:00,rail-left-01,rail-right-01,0.6.7-draft,0.6.7-draft,mqtt,mqtt,1215.16,950.61,6.722,6.186,-0.028,-0.018,0.286,-0.187,10.4,9.436,-0.0659,0.0361,0.0406,0.0569,-0.0093,-0.0023,25.05,24.99,17064,17869,2.133,2.234,6.399,6.701,628,628,63,63,0,0,0,0,,,,,,,,,,,,,,,,,0,0,0,0
2026-09-28T22:35:06.254363+09:00,48163485,eb6c2af2,2026-09-28T22:35:06.254363+09:00,2026-09-28T22:35:06.305801+09:00,rail-left-01,rail-right-01,0.6.7-draft,0.6.7-draft,mqtt,mqtt,1216.41,951.56,6.738,6.191,0.008,0.001,-0.047,-0.172,10.58,9.513,-0.0685,0.0306,0.035,0.0558,-0.0093,-0.0059,25.07,24.99,17103,17879,2.138,2.235,6.414,6.705,629,629,63,63,0,0,0,0,,,,,,,,,,,,,,,,,0,0,0,0
2026-09-28T22:35:06.274594+09:00,48183716,eb6c2af2,2026-09-28T22:35:06.274594+09:00,2026-09-28T22:35:06.326032+09:00,rail-left-01,rail-right-01,0.6.7-draft,0.6.7-draft,mqtt,mqtt,1217.65,952.55,6.738,6.184,0.017,0.098,-0.012,-0.306,10.399,9.831,-0.0642,0.0333,0.0392,0.0617,-0.0099,-0.0077,25.05,25.01,17104,17865,2.138,2.233,6.414,6.699,630,630,63,63,0,0,0,0,,,,,,,,,,,,,,,,,0,0,0,0
2026-09-28T22:35:06.384993+09:00,48281583,eb6c2af2,2026-09-28T22:35:06.384993+09:00,2026-09-28T22:35:06.463350+09:00,rail-left-01,rail-right-01,0.6.7-draft,0.6.7-draft,mqtt,mqtt,1223.67,957.28,6.732,6.188,0.019,0.073,0.124,-0.249,10.681,9.667,-0.0641,0.0342,0.0397,0.0573,-0.0047,-0.0048,25.07,24.99,17090,17874,2.136,2.234,6.409,6.703,631,631,64,64,0,0,0,0,,,,,,,,,,,,,,,,,0,0,0,0
2026-09-28T22:35:06.405114+09:00,48301704,eb6c2af2,2026-09-28T22:35:06.405114+09:00,2026-09-28T22:35:06.483471+09:00,rail-left-01,rail-right-01,0.6.7-draft,0.6.7-draft,mqtt,mqtt,1224.91,958.27,6.696,6.158,0.004,0.045,-0.054,-0.146,10.478,9.961,-0.0618,0.0328,0.0382,0.0572,-0.0084,-0.0032,25.07,24.96,17000,17806,2.125,2.226,6.375,6.677,632,632,64,64,0,0,0,0,,,,,,,,,,,,,,,,,0,0,0,0
2026-09-28T22:35:06.425052+09:00,48321642,eb6c2af2,2026-09-28T22:35:06.425052+09:00,2026-09-28T22:35:06.503409+09:00,rail-left-01,rail-right-01,0.6.7-draft,0.6.7-draft,mqtt,mqtt,1226.15,959.26,6.675,6.164,-0.001,-0.078,0.163,-0.412,10.513,9.904,-0.0646,0.0308,0.0398,0.058,-0.006,-0.0061,25.07,24.97,16948,17819,2.118,2.227,6.356,6.682,633,633,64,64,0,0,0,0,,,,,,,,,,,,,,,,,0,0,0,0
2026-09-28T22:35:06.445004+09:00,48341594,eb6c2af2,2026-09-28T22:35:06.445004+09:00,2026-09-28T22:35:06.523362+09:00,rail-left-01,rail-right-01,0.6.7-draft,0.6.7-draft,mqtt,mqtt,1227.35,960.21,6.682,6.183,0.072,0.115,0.054,-0.095,10.627,9.72,-0.0653,0.0318,0.0426,0.0622,-0.0107,-0.0123,25.06,24.97,16965,17863,2.121,2.233,6.362,6.699,634,634,64,64,0,0,0,0,,,,,,,,,,,,,,,,,0,0,0,0
2026-09-28T22:35:06.465079+09:00,48361669,eb6c2af2,2026-09-28T22:35:06.465079+09:00,2026-09-28T22:35:06.543436+09:00,rail-left-01,rail-right-01,0.6.7-draft,0.6.7-draft,mqtt,mqtt,1228.59,961.2,6.662,6.2,-0.086,-0.06,0.102,-0.074,10.558,9.685,-0.0642,0.0325,0.0398,0.0593,-0.0059,-0.0016,25.06,24.99,16914,17899,2.114,2.237,6.343,6.712,635,635,64,64,0,0,0,0,,,,,,,,,,,,,,,,,0,0,0,0
2026-09-28T22:35:06.485184+09:00,48381774,eb6c2af2,2026-09-28T22:35:06.485184+09:00,2026-09-28T22:35:06.563542+09:00,rail-left-01,rail-right-01,0.6.7-draft,0.6.7-draft,mqtt,mqtt,1229.83,962.15,6.651,6.21,0.098,0.146,0.051,-0.271,10.379,9.58,-0.0634,0.0368,0.0412,0.0558,-0.0075,-0.0008,25.05,24.98,16887,17923,2.111,2.24,6.333,6.721,636,636,64,64,0,0,0,0,,,,,,,,,,,,,,,,,0,0,0,0
2026-09-28T22:35:06.505114+09:00,48401704,eb6c2af2,2026-09-28T22:35:06.505114+09:00,2026-09-28T22:35:06.583471+09:00,rail-left-01,rail-right-01,0.6.7-draft,0.6.7-draft,mqtt,mqtt,1231.02,963.14,6.644,6.209,-0.044,-0.102,-0.365,-0.271,10.479,9.752,-0.0686,0.033,0.0425,0.065,-0.0079,-0.0104,25.08,24.99,16869,17920,2.109,2.24,6.326,6.72,637,637,64,64,0,0,0,0,,,,,,,,,,,,,,,,,0,0,0,0
2026-09-28T22:35:06.525048+09:00,48421638,eb6c2af2,2026-09-28T22:35:06.525048+09:00,2026-09-28T22:35:06.603405+09:00,rail-left-01,rail-right-01,0.6.7-draft,0.6.7-draft,mqtt,mqtt,1232.27,964.09,6.633,6.197,0.069,0.067,0.291,0.03,10.501,9.78,-0.0621,0.03,0.037,0.0601,-0.0113,-0.0076,25.04,25,16843,17894,2.105,2.237,6.316,6.71,638,638,64,64,0,0,0,0,,,,,,,,,,,,,,,,,0,0,0,0
2026-09-28T22:35:06.545176+09:00,48441766,eb6c2af2,2026-09-28T22:35:06.545176+09:00,2026-09-28T22:35:06.623533+09:00,rail-left-01,rail-right-01,0.6.7-draft,0.6.7-draft,mqtt,mqtt,1233.51,965.08,6.614,6.201,-0.087,-0.074,0.298,-0.35,10.684,9.754,-0.0679,0.0372,0.039,0.05,0.0032,0.0021,25.05,24.99,16796,17903,2.1,2.238,6.299,6.714,639,639,64,64,0,0,0,0,,,,,,,,,,,,,,,,,0,0,0,0
2026-09-28T22:35:06.565287+09:00,48461877,eb6c2af2,2026-09-28T22:35:06.565287+09:00,2026-09-28T22:35:06.643644+09:00,rail-left-01,rail-right-01,0.6.7-draft,0.6.7-draft,mqtt,mqtt,1234.7,966.08,6.628,6.197,0.09,0.148,-0.077,-0.251,10.309,9.676,-0.0624,0.0298,0.039,0.056,-0.0032,-0.0061,25.06,24.97,16829,17892,2.104,2.237,6.311,6.71,640,640,64,64,0,0,0,0,,,,,,,,,,,,,,,,,0,0,0,0
2026-09-28T22:35:06.691729+09:00,48601444,eb6c2af2,2026-09-28T22:35:06.691729+09:00,2026-09-28T22:35:06.732051+09:00,rail-left-01,rail-right-01,0.6.7-draft,0.6.7-draft,mqtt,mqtt,1243.25,972.84,6.628,6.2,0.101,0.144,-0.012,-0.023,10.567,9.853,-0.0642,0.0349,0.0381,0.053,-0.0028,-0.0013,25.04,24.99,16831,17900,2.104,2.238,6.312,6.713,641,641,65,65,0,0,0,0,,,,,,,,,,,,,,,,,0,0,0,0
2026-09-28T22:35:06.711833+09:00,48621547,eb6c2af2,2026-09-28T22:35:06.711833+09:00,2026-09-28T22:35:06.752154+09:00,rail-left-01,rail-right-01,0.6.7-draft,0.6.7-draft,mqtt,mqtt,1244.5,973.83,6.67,6.286,-0.101,-0.095,-0.012,-0.413,10.283,9.869,-0.0648,0.0336,0.0397,0.0628,-0.0079,-0.0117,25.05,24.99,16935,18090,2.117,2.261,6.351,6.784,642,642,65,65,0,0,0,0,,,,,,,,,,,,,,,,,0,0,0,0
2026-09-28T22:35:06.731770+09:00,48641485,eb6c2af2,2026-09-28T22:35:06.731770+09:00,2026-09-28T22:35:06.772092+09:00,rail-left-01,rail-right-01,0.6.7-draft,0.6.7-draft,mqtt,mqtt,1245.69,974.78,6.662,6.304,0.189,0.193,0,-0.089,10.404,9.665,-0.0669,0.0354,0.0365,0.0577,-0.0052,-0.0036,25.04,24.99,16915,18131,2.114,2.266,6.343,6.799,643,643,65,65,0,0,0,0,,,,,,,,,,,,,,,,,0,0,0,0
2026-09-28T22:35:06.752028+09:00,48661743,eb6c2af2,2026-09-28T22:35:06.752028+09:00,2026-09-28T22:35:06.792350+09:00,rail-left-01,rail-right-01,0.6.7-draft,0.6.7-draft,mqtt,mqtt,1246.93,975.77,6.657,6.314,-0.2,-0.23,0.297,-0.188,10.599,9.675,-0.067,0.031,0.0418,0.0565,-0.0088,-0.0024,25.04,24.99,16903,18152,2.113,2.269,6.339,6.807,644,644,65,65,0,0,0,0,,,,,,,,,,,,,,,,,0,0,0,0
2026-09-28T22:35:06.771964+09:00,48681679,eb6c2af2,2026-09-28T22:35:06.771964+09:00,2026-09-28T22:35:06.812286+09:00,rail-left-01,rail-right-01,0.6.7-draft,0.6.7-draft,mqtt,mqtt,1248.18,976.77,6.654,6.334,0.218,0.327,0.013,-0.22,10.561,9.632,-0.0661,0.0358,0.0397,0.0558,-0.0121,-0.01,25.05,24.98,16895,18198,2.112,2.275,6.336,6.824,645,645,65,65,0,0,0,0,,,,,,,,,,,,,,,,,0,0,0,0
2026-09-28T22:35:06.791958+09:00,48701673,eb6c2af2,2026-09-28T22:35:06.791958+09:00,2026-09-28T22:35:06.832280+09:00,rail-left-01,rail-right-01,0.6.7-draft,0.6.7-draft,mqtt,mqtt,1249.42,977.71,6.658,6.35,-0.154,-0.18,0.136,-0.181,10.227,9.851,-0.0614,0.031,0.0412,0.062,-0.0092,-0.0041,25.04,24.98,16904,18233,2.113,2.279,6.339,6.837,646,646,65,65,0,0,0,0,,,,,,,,,,,,,,,,,0,0,0,0
2026-09-28T22:35:06.811886+09:00,48721601,eb6c2af2,2026-09-28T22:35:06.811886+09:00,2026-09-28T22:35:06.852208+09:00,rail-left-01,rail-right-01,0.6.7-draft,0.6.7-draft,mqtt,mqtt,1250.61,978.65,6.657,6.362,0.278,0.226,0.11,-0.19,10.568,9.58,-0.0622,0.0342,0.0409,0.0582,-0.0097,-0.0067,25.02,24.99,16903,18260,2.113,2.283,6.339,6.847,647,647,65,65,0,0,0,0,,,,,,,,,,,,,,,,,0,0,0,0
2026-09-28T22:35:06.831828+09:00,48741543,eb6c2af2,2026-09-28T22:35:06.831828+09:00,2026-09-28T22:35:06.872150+09:00,rail-left-01,rail-right-01,0.6.7-draft,0.6.7-draft,mqtt,mqtt,1251.86,979.65,6.66,6.377,-0.087,-0.103,0.075,-0.117,10.412,9.643,-0.0662,0.0326,0.0426,0.0616,-0.0087,-0.0045,25.06,24.98,16909,18292,2.114,2.287,6.341,6.86,648,648,65,65,0,0,0,0,,,,,,,,,,,,,,,,,0,0,0,0
2026-09-28T22:35:06.851887+09:00,48761601,eb6c2af2,2026-09-28T22:35:06.851887+09:00,2026-09-28T22:35:06.892208+09:00,rail-left-01,rail-right-01,0.6.7-draft,0.6.7-draft,mqtt,mqtt,1253.1,980.59,6.642,6.393,0.119,0.158,0.014,-0.192,10.641,9.796,-0.0634,0.0342,0.0409,0.0616,-0.0063,-0.0039,25.04,24.98,16865,18327,2.108,2.291,6.324,6.873,649,649,65,65,0,0,0,0,,,,,,,,,,,,,,,,,0,0,0,0
2026-09-28T22:35:06.872505+09:00,48782220,eb6c2af2,2026-09-28T22:35:06.872505+09:00,2026-09-28T22:35:06.912827+09:00,rail-left-01,rail-right-01,0.6.7-draft,0.6.7-draft,mqtt,mqtt,1254.34,981.64,6.636,6.407,-0.075,-0.102,0.072,-0.121,10.384,9.868,-0.0649,0.0354,0.0392,0.0593,-0.0007,-0.0028,25.05,24.96,16850,18359,2.106,2.295,6.319,6.885,650,650,65,65,0,0,0,0,,,,,,,,,,,,,,,,,0,0,0,0
2026-09-28T22:35:06.962096+09:00,48871623,eb6c2af2,2026-09-28T22:35:06.962096+09:00,2026-09-28T22:35:07.051878+09:00,rail-left-01,rail-right-01,0.6.7-draft,0.6.7-draft,mqtt,mqtt,1259.86,985.96,6.639,6.415,0.005,-0.037,-0.128,-0.229,10.047,9.919,-0.0565,0.0285,0.0342,0.0557,-0.01,-0.0107,25.03,25,16857,18377,2.107,2.297,6.321,6.891,651,651,66,66,0,0,0,0,,,,,,,,,,,,,,,,,0,0,0,0
2026-09-28T22:35:06.982225+09:00,48891752,eb6c2af2,2026-09-28T22:35:06.982225+09:00,2026-09-28T22:35:07.072007+09:00,rail-left-01,rail-right-01,0.6.7-draft,0.6.7-draft,mqtt,mqtt,1261.1,986.91,6.661,6.444,0.253,0.199,0.035,-0.506,10.613,9.679,-0.0621,0.032,0.0394,0.0588,-0.0068,-0.0064,25.06,24.99,16912,18440,2.114,2.305,6.342,6.915,652,652,66,66,0,0,0,0,,,,,,,,,,,,,,,,,0,0,0,0
2026-09-28T22:35:07.002164+09:00,48911691,eb6c2af2,2026-09-28T22:35:07.002164+09:00,2026-09-28T22:35:07.091946+09:00,rail-left-01,rail-right-01,0.6.7-draft,0.6.7-draft,mqtt,mqtt,1262.3,987.85,6.67,6.456,-0.104,-0.084,-0.201,-0.316,10.513,9.649,-0.0645,0.0337,0.0416,0.0558,-0.0081,-0.0057,25.04,24.99,16935,18468,2.117,2.309,6.351,6.925,653,653,66,66,0,0,0,0,,,,,,,,,,,,,,,,,0,0,0,0
2026-09-28T22:35:07.022110+09:00,48931637,eb6c2af2,2026-09-28T22:35:07.022110+09:00,2026-09-28T22:35:07.111892+09:00,rail-left-01,rail-right-01,0.6.7-draft,0.6.7-draft,mqtt,mqtt,1263.54,988.85,6.653,6.462,-0.03,-0.049,0.181,-0.225,10.429,9.738,-0.0625,0.0338,0.0456,0.0641,-0.0088,-0.0069,25.04,24.96,16893,18481,2.112,2.31,6.335,6.93,654,654,66,66,0,0,0,0,,,,,,,,,,,,,,,,,0,0,0,0
2026-09-28T22:35:07.042168+09:00,48951695,eb6c2af2,2026-09-28T22:35:07.042168+09:00,2026-09-28T22:35:07.131950+09:00,rail-left-01,rail-right-01,0.6.7-draft,0.6.7-draft,mqtt,mqtt,1264.78,989.79,6.644,6.457,0.085,0.17,-0.142,0.247,10.369,9.742,-0.0638,0.0337,0.0366,0.0508,-0.0023,0.004,25.06,24.98,16869,18471,2.109,2.309,6.326,6.927,655,655,66,66,0,0,0,0,,,,,,,,,,,,,,,,,0,0,0,0
2026-09-28T22:35:07.062148+09:00,48971675,eb6c2af2,2026-09-28T22:35:07.062148+09:00,2026-09-28T22:35:07.151930+09:00,rail-left-01,rail-right-01,0.6.7-draft,0.6.7-draft,mqtt,mqtt,1265.98,990.79,6.637,6.457,-0.032,-0.065,0.291,-0.503,10.507,9.725,-0.0638,0.0324,0.0394,0.057,-0.0089,-0.0059,25.06,24.97,16852,18471,2.107,2.309,6.32,6.927,656,656,66,66,0,0,0,0,,,,,,,,,,,,,,,,,0,0,0,0
2026-09-28T22:35:07.082140+09:00,48991667,eb6c2af2,2026-09-28T22:35:07.082140+09:00,2026-09-28T22:35:07.171922+09:00,rail-left-01,rail-right-01,0.6.7-draft,0.6.7-draft,mqtt,mqtt,1267.22,991.73,6.627,6.444,0.056,0.042,-0.028,-0.081,10.738,9.839,-0.0662,0.0324,0.0413,0.0542,-0.0063,-0.0032,25.05,24.98,16828,18442,2.104,2.305,6.311,6.916,657,657,66,66,0,0,0,0,,,,,,,,,,,,,,,,,0,0,0,0
2026-09-28T22:35:07.102262+09:00,49011789,eb6c2af2,2026-09-28T22:35:07.102262+09:00,2026-09-28T22:35:07.192044+09:00,rail-left-01,rail-right-01,0.6.7-draft,0.6.7-draft,mqtt,mqtt,1268.46,992.72,6.606,6.447,0.044,0.037,-0.057,-0.334,10.353,9.679,-0.0654,0.0306,0.0405,0.0608,-0.0088,-0.006,25.05,24.99,16774,18447,2.097,2.306,6.29,6.918,658,658,66,66,0,0,0,0,,,,,,,,,,,,,,,,,0,0,0,0
2026-09-28T22:35:07.122254+09:00,49031781,eb6c2af2,2026-09-28T22:35:07.122254+09:00,2026-09-28T22:35:07.212036+09:00,rail-left-01,rail-right-01,0.6.7-draft,0.6.7-draft,mqtt,mqtt,1269.71,993.67,6.575,6.434,-0.034,-0.013,0.092,-0.153,10.41,9.795,-0.0609,0.0313,0.0382,0.0606,-0.0093,-0.0076,25.06,24.99,16699,18420,2.087,2.303,6.262,6.908,659,659,66,66,0,0,0,0,,,,,,,,,,,,,,,,,0,0,0,0
2026-09-28T22:35:07.142720+09:00,49052247,eb6c2af2,2026-09-28T22:35:07.142720+09:00,2026-09-28T22:35:07.232502+09:00,rail-left-01,rail-right-01,0.6.7-draft,0.6.7-draft,mqtt,mqtt,1270.95,994.66,6.577,6.425,0.037,0.048,0.256,0.132,10.442,9.737,-0.065,0.028,0.0342,0.0544,-0.008,-0.0043,25.04,24.98,16704,18398,2.088,2.3,6.264,6.899,660,660,66,66,0,0,0,0,,,,,,,,,,,,,,,,,0,0,0,0
2026-09-28T22:35:07.283770+09:00,49189439,eb6c2af2,2026-09-28T22:35:07.283770+09:00,2026-09-28T22:35:07.366266+09:00,rail-left-01,rail-right-01,0.6.7-draft,0.6.7-draft,mqtt,mqtt,1279.45,1001.38,6.585,6.42,0.007,-0.035,0.038,-0.001,10.43,9.623,-0.0586,0.0296,0.0302,0.0529,-0.0081,-0.0069,25.04,24.97,16724,18387,2.091,2.298,6.272,6.895,661,661,67,67,0,0,0,0,,,,,,,,,,,,,,,,,0,0,0,0
2026-09-28T22:35:07.303925+09:00,49209594,eb6c2af2,2026-09-28T22:35:07.303925+09:00,2026-09-28T22:35:07.386420+09:00,rail-left-01,rail-right-01,0.6.7-draft,0.6.7-draft,mqtt,mqtt,1280.69,1002.32,6.761,6.246,0.114,0.141,0.077,-0.238,10.203,9.876,-0.0593,0.0324,0.0293,0.0537,-0.0093,-0.0053,25.07,24.97,17162,18001,2.145,2.25,6.436,6.75,662,662,67,67,0,0,0,0,,,,,,,,,,,,,,,,,0,0,0,0
2026-09-28T22:35:07.323873+09:00,49229542,eb6c2af2,2026-09-28T22:35:07.323873+09:00,2026-09-28T22:35:07.406369+09:00,rail-left-01,rail-right-01,0.6.7-draft,0.6.7-draft,mqtt,mqtt,1281.89,1003.31,6.794,6.238,0.083,0.087,0,-0.284,10.393,9.584,-0.0613,0.0361,0.0342,0.0545,-0.0059,-0.0047,25.05,24.96,17243,17983,2.155,2.248,6.466,6.744,663,663,67,67,0,0,0,0,,,,,,,,,,,,,,,,,0,0,0,0
2026-09-28T22:35:07.343822+09:00,49249491,eb6c2af2,2026-09-28T22:35:07.343822+09:00,2026-09-28T22:35:07.426317+09:00,rail-left-01,rail-right-01,0.6.7-draft,0.6.7-draft,mqtt,mqtt,1283.13,1004.26,6.812,6.22,0.02,0.002,0.084,-0.401,10.394,9.671,-0.0663,0.0382,0.0328,0.0501,-0.0081,-0.0073,25.03,24.96,17288,17945,2.161,2.243,6.483,6.729,664,664,67,67,0,0,0,0,,,,,,,,,,,,,,,,,0,0,0,0
2026-09-28T22:35:07.364505+09:00,49270174,eb6c2af2,2026-09-28T22:35:07.364505+09:00,2026-09-28T22:35:07.447001+09:00,rail-left-01,rail-right-01,0.6.7-draft,0.6.7-draft,mqtt,mqtt,1284.37,1005.25,6.828,6.185,-0.008,-0.02,0.002,-0.251,10.568,9.638,-0.0597,0.0361,0.0317,0.0532,-0.0089,-0.0099,25.07,24.98,17328,17867,2.166,2.233,6.498,6.7,665,665,67,67,0,0,0,0,,,,,,,,,,,,,,,,,0,0,0,0
2026-09-28T22:35:07.384360+09:00,49290029,eb6c2af2,2026-09-28T22:35:07.384360+09:00,2026-09-28T22:35:07.466855+09:00,rail-left-01,rail-right-01,0.6.7-draft,0.6.7-draft,mqtt,mqtt,1285.61,1006.25,6.848,6.145,0.037,0.091,0.105,-0.043,10.44,9.847,-0.0577,0.0341,0.0341,0.0529,-0.0097,-0.0031,25.04,24.98,17377,17778,2.172,2.222,6.516,6.667,666,666,67,67,0,0,0,0,,,,,,,,,,,,,,,,,0,0,0,0
2026-09-28T22:35:07.403951+09:00,49309620,eb6c2af2,2026-09-28T22:35:07.403951+09:00,2026-09-28T22:35:07.486447+09:00,rail-left-01,rail-right-01,0.6.7-draft,0.6.7-draft,mqtt,mqtt,1286.81,1007.19,6.853,6.135,0.061,0.093,0.029,-0.239,10.445,9.731,-0.0646,0.0342,0.0332,0.0568,-0.0089,-0.0024,25.07,25.01,17391,17755,2.174,2.219,6.522,6.658,667,667,67,67,0,0,0,0,,,,,,,,,,,,,,,,,0,0,0,0
2026-09-28T22:35:07.423894+09:00,49329563,eb6c2af2,2026-09-28T22:35:07.423894+09:00,2026-09-28T22:35:07.506390+09:00,rail-left-01,rail-right-01,0.6.7-draft,0.6.7-draft,mqtt,mqtt,1288.05,1008.19,6.851,6.105,-0.068,-0.091,0.289,-0.45,10.503,9.944,-0.0633,0.034,0.0389,0.0609,-0.0109,-0.0028,25.04,24.97,17386,17690,2.173,2.211,6.52,6.634,668,668,67,67,0,0,0,0,,,,,,,,,,,,,,,,,0,0,0,0
2026-09-28T22:35:07.443844+09:00,49349513,eb6c2af2,2026-09-28T22:35:07.443844+09:00,2026-09-28T22:35:07.526340+09:00,rail-left-01,rail-right-01,0.6.7-draft,0.6.7-draft,mqtt,mqtt,1289.29,1009.13,6.825,6.114,0.034,0.023,-0.117,-0.037,10.455,9.708,-0.0649,0.0338,0.0397,0.059,-0.0015,0.0013,25.05,25.02,17320,17710,2.165,2.214,6.495,6.641,669,669,67,67,0,0,0,0,,,,,,,,,,,,,,,,,0,0,0,0
2026-09-28T22:35:07.463978+09:00,49369647,eb6c2af2,2026-09-28T22:35:07.463978+09:00,2026-09-28T22:35:07.546473+09:00,rail-left-01,rail-right-01,0.6.7-draft,0.6.7-draft,mqtt,mqtt,1290.54,1010.13,6.816,6.12,0.024,0.024,0.119,-0.341,10.482,9.898,-0.0632,0.036,0.0401,0.0582,-0.0076,-0.0017,25.02,24.97,17297,17722,2.162,2.215,6.486,6.646,670,670,67,67,0,0,0,0,,,,,,,,,,,,,,,,,0,0,0,0
2026-09-28T22:35:07.641015+09:00,49508430,eb6c2af2,2026-09-28T22:35:07.641015+09:00,2026-09-28T22:35:07.725053+09:00,rail-left-01,rail-right-01,0.6.7-draft,0.6.7-draft,mqtt,mqtt,1299.09,1016.89,6.811,6.121,0.049,0.085,0.02,-0.135,10.421,9.992,-0.0629,0.0358,0.0393,0.0558,-0.012,-0.0075,25.07,24.96,17285,17725,2.161,2.216,6.482,6.647,671,671,68,68,0,0,0,0,,,,,,,,,,,,,,,,,0,0,0,0
2026-09-28T22:35:07.661113+09:00,49528528,eb6c2af2,2026-09-28T22:35:07.661113+09:00,2026-09-28T22:35:07.745152+09:00,rail-left-01,rail-right-01,0.6.7-draft,0.6.7-draft,mqtt,mqtt,1300.33,1017.88,6.738,6.105,0.095,0.09,0.169,-0.199,10.445,9.635,-0.0661,0.0324,0.0413,0.0598,-0.0079,-0.0055,25.05,24.94,17105,17688,2.138,2.211,6.414,6.633,672,672,68,68,0,0,0,0,,,,,,,,,,,,,,,,,0,0,0,0
2026-09-28T22:35:07.681035+09:00,49548450,eb6c2af2,2026-09-28T22:35:07.681035+09:00,2026-09-28T22:35:07.765073+09:00,rail-left-01,rail-right-01,0.6.7-draft,0.6.7-draft,mqtt,mqtt,1301.52,1018.83,6.738,6.109,-0.077,-0.068,-0.023,-0.28,10.342,9.761,-0.0646,0.032,0.0378,0.0557,-0.0108,-0.0005,25.02,24.98,17104,17698,2.138,2.212,6.414,6.637,673,673,68,68,0,0,0,0,,,,,,,,,,,,,,,,,0,0,0,0
2026-09-28T22:35:07.701160+09:00,49568575,eb6c2af2,2026-09-28T22:35:07.701160+09:00,2026-09-28T22:35:07.785199+09:00,rail-left-01,rail-right-01,0.6.7-draft,0.6.7-draft,mqtt,mqtt,1302.82,1019.82,6.706,6.104,0.221,0.169,0.146,-0.236,10.366,9.553,-0.0671,0.0329,0.0402,0.0606,-0.0069,-0.0064,25.04,24.96,17023,17687,2.128,2.211,6.384,6.633,674,674,68,68,0,0,0,0,,,,,,,,,,,,,,,,,0,0,0,0
2026-09-28T22:35:07.721345+09:00,49588760,eb6c2af2,2026-09-28T22:35:07.721345+09:00,2026-09-28T22:35:07.805384+09:00,rail-left-01,rail-right-01,0.6.7-draft,0.6.7-draft,mqtt,mqtt,1304.06,1020.82,6.685,6.082,-0.177,-0.127,0.062,-0.328,10.548,9.597,-0.062,0.0336,0.0369,0.0532,-0.0059,-0.0036,25.05,24.97,16971,17638,2.121,2.205,6.364,6.614,675,675,68,68,0,0,0,0,,,,,,,,,,,,,,,,,0,0,0,0
2026-09-28T22:35:07.741352+09:00,49608768,eb6c2af2,2026-09-28T22:35:07.741352+09:00,2026-09-28T22:35:07.825392+09:00,rail-left-01,rail-right-01,0.6.7-draft,0.6.7-draft,mqtt,mqtt,1305.25,1021.76,6.659,6.064,0.33,0.296,0.202,-0.071,10.277,9.542,-0.0648,0.0312,0.0468,0.0598,-0.0084,-0.0077,25.07,24.98,16908,17598,2.114,2.2,6.341,6.599,676,676,68,68,0,0,0,0,,,,,,,,,,,,,,,,,0,0,0,0
2026-09-28T22:35:07.761121+09:00,49628536,eb6c2af2,2026-09-28T22:35:07.761121+09:00,2026-09-28T22:35:07.845159+09:00,rail-left-01,rail-right-01,0.6.7-draft,0.6.7-draft,mqtt,mqtt,1306.5,1022.75,6.644,6.083,-0.147,-0.204,-0.139,-0.289,10.478,9.552,-0.0649,0.0277,0.05,0.0629,-0.0073,-0.0055,25.05,24.98,16869,17641,2.109,2.205,6.326,6.615,677,677,68,68,0,0,0,0,,,,,,,,,,,,,,,,,0,0,0,0
2026-09-28T22:35:07.781068+09:00,49648483,eb6c2af2,2026-09-28T22:35:07.781068+09:00,2026-09-28T22:35:07.865106+09:00,rail-left-01,rail-right-01,0.6.7-draft,0.6.7-draft,mqtt,mqtt,1307.74,1023.7,6.622,6.106,0.235,0.212,0.153,-0.19,10.444,9.529,-0.0658,0.0301,0.0444,0.0578,-0.0099,-0.0055,25.05,24.98,16814,17692,2.102,2.212,6.305,6.635,678,678,68,68,0,0,0,0,,,,,,,,,,,,,,,,,0,0,0,0
2026-09-28T22:35:07.801024+09:00,49668439,eb6c2af2,2026-09-28T22:35:07.801024+09:00,2026-09-28T22:35:07.885063+09:00,rail-left-01,rail-right-01,0.6.7-draft,0.6.7-draft,mqtt,mqtt,1308.98,1024.69,6.591,6.125,-0.067,-0.113,-0.104,-0.31,10.477,9.552,-0.0641,0.0296,0.048,0.0605,-0.01,-0.0081,25.07,24.98,16737,17733,2.092,2.217,6.276,6.65,679,679,68,68,0,0,0,0,,,,,,,,,,,,,,,,,0,0,0,0
2026-09-28T22:35:07.821283+09:00,49688698,eb6c2af2,2026-09-28T22:35:07.821283+09:00,2026-09-28T22:35:07.905321+09:00,rail-left-01,rail-right-01,0.6.7-draft,0.6.7-draft,mqtt,mqtt,1310.23,1025.69,6.573,6.134,0.092,0.138,0.169,-0.183,10.321,9.527,-0.0648,0.0338,0.0428,0.0554,-0.0088,-0.0036,25.04,24.99,16694,17753,2.087,2.219,6.26,6.657,680,680,68,68,0,0,0,0,,,,,,,,,,,,,,,,,0,0,0,0
2026-09-28T22:35:07.990642+09:00,49861438,eb6c2af2,2026-09-28T22:35:07.990642+09:00,2026-09-28T22:35:08.028739+09:00,rail-left-01,rail-right-01,0.6.7-draft,0.6.7-draft,mqtt,mqtt,1320.91,1034.09,6.563,6.137,0.024,0.073,0.047,-0.231,10.669,9.712,-0.064,0.0326,0.042,0.0602,-0.0112,-0.0096,25.04,24.96,16667,17759,2.083,2.22,6.25,6.66,681,681,69,69,0,0,0,0,,,,,,,,,,,,,,,,,0,0,0,0
2026-09-28T22:35:08.010768+09:00,49881564,eb6c2af2,2026-09-28T22:35:08.010768+09:00,2026-09-28T22:35:08.048865+09:00,rail-left-01,rail-right-01,0.6.7-draft,0.6.7-draft,mqtt,mqtt,1322.16,1035.08,6.401,6.236,-0.162,-0.147,0.204,-0.128,10.347,9.761,-0.0625,0.032,0.0378,0.0548,-0.0097,-0.0003,25.05,24.98,16266,17979,2.033,2.247,6.1,6.742,682,682,69,69,0,0,0,0,,,,,,,,,,,,,,,,,0,0,0,0
2026-09-28T22:35:08.030753+09:00,49901549,eb6c2af2,2026-09-28T22:35:08.030753+09:00,2026-09-28T22:35:08.068850+09:00,rail-left-01,rail-right-01,0.6.7-draft,0.6.7-draft,mqtt,mqtt,1323.4,1036.03,6.407,6.242,0.127,0.17,0.042,-0.16,10.737,9.829,-0.0646,0.0346,0.0392,0.0513,-0.0136,-0.0075,25.03,24.96,16279,17994,2.035,2.249,6.105,6.748,683,683,69,69,0,0,0,0,,,,,,,,,,,,,,,,,0,0,0,0
2026-09-28T22:35:08.050722+09:00,49921518,eb6c2af2,2026-09-28T22:35:08.050722+09:00,2026-09-28T22:35:08.088819+09:00,rail-left-01,rail-right-01,0.6.7-draft,0.6.7-draft,mqtt,mqtt,1324.64,1037.02,6.409,6.259,-0.028,-0.006,-0.084,-0.332,10.484,9.893,-0.0687,0.0337,0.0406,0.0554,-0.0105,-0.0053,25.05,24.97,16284,18030,2.036,2.254,6.107,6.761,684,684,69,69,0,0,0,0,,,,,,,,,,,,,,,,,0,0,0,0
2026-09-28T22:35:08.070935+09:00,49941731,eb6c2af2,2026-09-28T22:35:08.070935+09:00,2026-09-28T22:35:08.109032+09:00,rail-left-01,rail-right-01,0.6.7-draft,0.6.7-draft,mqtt,mqtt,1325.94,1037.97,6.413,6.274,0.055,0.092,0.034,-0.044,10.378,9.746,-0.0629,0.0308,0.0406,0.0617,-0.0096,-0.0101,25.05,24.98,16295,18064,2.037,2.258,6.111,6.774,685,685,69,69,0,0,0,0,,,,,,,,,,,,,,,,,0,0,0,0
2026-09-28T22:35:08.090909+09:00,49961705,eb6c2af2,2026-09-28T22:35:08.090909+09:00,2026-09-28T22:35:08.129006+09:00,rail-left-01,rail-right-01,0.6.7-draft,0.6.7-draft,mqtt,mqtt,1327.18,1038.96,6.382,6.278,-0.001,0.028,0.073,-0.333,10.7,10.114,-0.0678,0.0364,0.0341,0.0572,-0.0069,-0.0011,25.04,24.98,16218,18073,2.027,2.259,6.082,6.777,686,686,69,69,0,0,0,0,,,,,,,,,,,,,,,,,0,0,0,0
2026-09-28T22:35:08.110819+09:00,49981615,eb6c2af2,2026-09-28T22:35:08.110819+09:00,2026-09-28T22:35:08.148916+09:00,rail-left-01,rail-right-01,0.6.7-draft,0.6.7-draft,mqtt,mqtt,1328.37,1039.91,6.379,6.292,-0.03,0.006,0.242,-0.293,10.585,9.856,-0.0628,0.0292,0.0404,0.0605,-0.0073,-0.0075,25.03,24.96,16211,18103,2.026,2.263,6.079,6.789,687,687,69,69,0,0,0,0,,,,,,,,,,,,,,,,,0,0,0,0
2026-09-28T22:35:08.130816+09:00,50001612,eb6c2af2,2026-09-28T22:35:08.130816+09:00,2026-09-28T22:35:08.168913+09:00,rail-left-01,rail-right-01,0.6.7-draft,0.6.7-draft,mqtt,mqtt,1329.62,1040.9,6.375,6.316,0.026,0.08,-0.071,-0.109,10.555,9.815,-0.0622,0.0312,0.0389,0.0557,-0.004,-0.0005,25.05,24.98,16200,18156,2.025,2.27,6.075,6.809,688,688,69,69,0,0,0,0,,,,,,,,,,,,,,,,,0,0,0,0
2026-09-28T22:35:08.150756+09:00,50021552,eb6c2af2,2026-09-28T22:35:08.150756+09:00,2026-09-28T22:35:08.188853+09:00,rail-left-01,rail-right-01,0.6.7-draft,0.6.7-draft,mqtt,mqtt,1330.86,1041.85,6.365,6.325,-0.084,-0.15,0.317,-0.309,10.453,9.662,-0.0596,0.0326,0.0458,0.0546,-0.0131,0.0051,25.03,24.96,16176,18178,2.022,2.272,6.066,6.817,689,689,69,69,0,0,0,0,,,,,,,,,,,,,,,,,0,0,0,0
2026-09-28T22:35:08.171234+09:00,50042030,eb6c2af2,2026-09-28T22:35:08.171234+09:00,2026-09-28T22:35:08.209331+09:00,rail-left-01,rail-right-01,0.6.7-draft,0.6.7-draft,mqtt,mqtt,1332.15,1042.84,6.36,6.338,0.069,0.159,-0.183,-0.13,10.445,9.542,-0.0588,0.0312,0.0474,0.0566,-0.0113,-0.0027,25.04,24.99,16164,18206,2.021,2.276,6.062,6.827,690,690,69,69,0,0,0,0,,,,,,,,,,,,,,,,,0,0,0,0
2026-09-28T22:35:08.259933+09:00,50168456,eb6c2af2,2026-09-28T22:35:08.259933+09:00,2026-09-28T22:35:08.307821+09:00,rail-left-01,rail-right-01,0.6.7-draft,0.6.7-draft,mqtt,mqtt,1340.01,1049.01,6.34,6.337,-0.134,-0.073,0.209,0.007,10.594,9.699,-0.0605,0.0313,0.0485,0.0597,-0.0115,-0.0111,25.06,24.97,16112,18204,2.014,2.276,6.042,6.826,691,691,70,70,0,0,0,0,,,,,,,,,,,,,,,,,0,0,0,0
2026-09-28T22:35:08.280099+09:00,50188622,eb6c2af2,2026-09-28T22:35:08.280099+09:00,2026-09-28T22:35:08.327987+09:00,rail-left-01,rail-right-01,0.6.7-draft,0.6.7-draft,mqtt,mqtt,1341.25,1049.95,6.319,6.425,0.084,0.079,0.123,-0.2,10.408,9.632,-0.062,0.0318,0.0425,0.0594,-0.0112,-0.0091,25.03,24.97,16060,18399,2.008,2.3,6.023,6.9,692,692,70,70,0,0,0,0,,,,,,,,,,,,,,,,,0,0,0,0
2026-09-28T22:35:08.300120+09:00,50208643,eb6c2af2,2026-09-28T22:35:08.300120+09:00,2026-09-28T22:35:08.348008+09:00,rail-left-01,rail-right-01,0.6.7-draft,0.6.7-draft,mqtt,mqtt,1342.49,1050.94,6.31,6.436,-0.074,-0.111,0.218,-0.164,10.373,9.87,-0.0624,0.0286,0.0397,0.0624,-0.0115,-0.0076,25.06,24.96,16038,18423,2.005,2.303,6.014,6.909,693,693,70,70,0,0,0,0,,,,,,,,,,,,,,,,,0,0,0,0
2026-09-28T22:35:08.320108+09:00,50228631,eb6c2af2,2026-09-28T22:35:08.320108+09:00,2026-09-28T22:35:08.367996+09:00,rail-left-01,rail-right-01,0.6.7-draft,0.6.7-draft,mqtt,mqtt,1343.74,1051.89,6.308,6.459,0.113,0.162,0.017,-0.42,10.445,9.495,-0.0686,0.0316,0.0396,0.0585,-0.0081,-0.0083,25.03,24.96,16034,18475,2.004,2.309,6.013,6.928,694,694,70,70,0,0,0,0,,,,,,,,,,,,,,,,,0,0,0,0
2026-09-28T22:35:08.340359+09:00,50248882,eb6c2af2,2026-09-28T22:35:08.340359+09:00,2026-09-28T22:35:08.388247+09:00,rail-left-01,rail-right-01,0.6.7-draft,0.6.7-draft,mqtt,mqtt,1345.03,1052.88,6.322,6.472,-0.134,-0.11,-0.123,-0.178,10.287,9.737,-0.0673,0.0321,0.0364,0.0572,-0.0087,-0.0095,25.04,24.95,16068,18504,2.009,2.313,6.026,6.939,695,695,70,70,0,0,0,0,,,,,,,,,,,,,,,,,0,0,0,0
2026-09-28T22:35:08.360757+09:00,50269280,eb6c2af2,2026-09-28T22:35:08.360757+09:00,2026-09-28T22:35:08.408645+09:00,rail-left-01,rail-right-01,0.6.7-draft,0.6.7-draft,mqtt,mqtt,1346.27,1053.88,6.31,6.477,0.162,0.102,0.136,-0.105,10.508,9.738,-0.0634,0.0321,0.044,0.0609,-0.0116,-0.0072,25.03,24.99,16039,18515,2.005,2.314,6.015,6.943,696,696,70,70,0,0,0,0,,,,,,,,,,,,,,,,,0,0,0,0
2026-09-28T22:35:08.379985+09:00,50288508,eb6c2af2,2026-09-28T22:35:08.379985+09:00,2026-09-28T22:35:08.427873+09:00,rail-left-01,rail-right-01,0.6.7-draft,0.6.7-draft,mqtt,mqtt,1347.46,1054.82,6.318,6.496,-0.077,-0.066,0.092,-0.275,10.418,9.683,-0.0648,0.0317,0.0438,0.0556,-0.0112,-0.0061,25.02,24.97,16058,18557,2.007,2.32,6.022,6.959,697,697,70,70,0,0,0,0,,,,,,,,,,,,,,,,,0,0,0,0
2026-09-28T22:35:08.400002+09:00,50308525,eb6c2af2,2026-09-28T22:35:08.400002+09:00,2026-09-28T22:35:08.447889+09:00,rail-left-01,rail-right-01,0.6.7-draft,0.6.7-draft,mqtt,mqtt,1348.71,1055.77,6.318,6.517,0.142,0.122,-0.231,-0.35,10.402,9.735,-0.0641,0.0328,0.0433,0.0538,-0.0073,-0.0055,25.05,24.99,16059,18603,2.007,2.325,6.022,6.976,698,698,70,70,0,0,0,0,,,,,,,,,,,,,,,,,0,0,0,0
2026-09-28T22:35:08.419971+09:00,50328494,eb6c2af2,2026-09-28T22:35:08.419971+09:00,2026-09-28T22:35:08.467858+09:00,rail-left-01,rail-right-01,0.6.7-draft,0.6.7-draft,mqtt,mqtt,1349.95,1056.76,6.324,6.521,-0.159,-0.12,0.233,-0.186,10.813,9.73,-0.0682,0.0366,0.033,0.0469,-0.0099,-0.0055,25.02,25,16074,18611,2.009,2.326,6.028,6.979,699,699,70,70,0,0,0,0,,,,,,,,,,,,,,,,,0,0,0,0
2026-09-28T22:35:08.440195+09:00,50348718,eb6c2af2,2026-09-28T22:35:08.440195+09:00,2026-09-28T22:35:08.488083+09:00,rail-left-01,rail-right-01,0.6.7-draft,0.6.7-draft,mqtt,mqtt,1351.19,1057.71,6.397,6.534,0.04,0.032,0.028,-0.368,10.299,9.729,-0.0707,0.028,0.032,0.0556,-0.0108,-0.0099,25.05,25.01,16256,18641,2.032,2.33,6.096,6.99,700,700,70,70,0,0,0,0,,,,,,,,,,,,,,,,,0,0,0,0
2026-09-28T22:35:08.541264+09:00,50444450,eb6c2af2,2026-09-28T22:35:08.541264+09:00,2026-09-28T22:35:08.625724+09:00,rail-left-01,rail-right-01,0.6.7-draft,0.6.7-draft,mqtt,mqtt,1357.11,1062.38,6.437,6.537,-0.086,-0.096,0.37,-0.15,10.657,9.834,-0.0645,0.0334,0.0397,0.0581,-0.0064,-0.0043,25.06,25.02,16354,18648,2.044,2.331,6.133,6.993,701,701,71,71,0,0,0,0,,,,,,,,,,,,,,,,,0,0,0,0
2026-09-28T22:35:08.561398+09:00,50464584,eb6c2af2,2026-09-28T22:35:08.561398+09:00,2026-09-28T22:35:08.645858+09:00,rail-left-01,rail-right-01,0.6.7-draft,0.6.7-draft,mqtt,mqtt,1358.35,1063.32,6.501,6.552,0.107,0.074,-0.145,-0.157,10.481,9.768,-0.0686,0.0336,0.0377,0.0558,-0.0097,-0.0021,25.06,24.96,16513,18680,2.064,2.335,6.192,7.005,702,702,71,71,0,0,0,0,,,,,,,,,,,,,,,,,0,0,0,0
2026-09-28T22:35:08.581319+09:00,50484505,eb6c2af2,2026-09-28T22:35:08.581319+09:00,2026-09-28T22:35:08.665779+09:00,rail-left-01,rail-right-01,0.6.7-draft,0.6.7-draft,mqtt,mqtt,1359.6,1064.32,6.516,6.562,-0.017,-0.042,-0.05,-0.16,10.379,9.741,-0.0682,0.0302,0.038,0.0557,-0.01,-0.0053,25.06,24.99,16551,18703,2.069,2.338,6.207,7.014,703,703,71,71,0,0,0,0,,,,,,,,,,,,,,,,,0,0,0,0
2026-09-28T22:35:08.601443+09:00,50504629,eb6c2af2,2026-09-28T22:35:08.601443+09:00,2026-09-28T22:35:08.685903+09:00,rail-left-01,rail-right-01,0.6.7-draft,0.6.7-draft,mqtt,mqtt,1360.84,1065.26,6.518,6.551,0.048,0.111,0.195,-0.296,10.527,9.629,-0.0645,0.0282,0.0309,0.0473,-0.0065,-0.0033,25.06,24.97,16555,18679,2.069,2.335,6.208,7.005,704,704,71,71,0,0,0,0,,,,,,,,,,,,,,,,,0,0,0,0
2026-09-28T22:35:08.621593+09:00,50524779,eb6c2af2,2026-09-28T22:35:08.621593+09:00,2026-09-28T22:35:08.706053+09:00,rail-left-01,rail-right-01,0.6.7-draft,0.6.7-draft,mqtt,mqtt,1362.08,1066.26,6.555,6.523,-0.012,0.016,-0.029,-0.358,10.451,9.766,-0.0628,0.0261,0.03,0.0488,-0.0067,-0.0049,25.06,24.96,16648,18617,2.081,2.327,6.243,6.981,705,705,71,71,0,0,0,0,,,,,,,,,,,,,,,,,0,0,0,0
2026-09-28T22:35:08.641692+09:00,50544878,eb6c2af2,2026-09-28T22:35:08.641692+09:00,2026-09-28T22:35:08.726152+09:00,rail-left-01,rail-right-01,0.6.7-draft,0.6.7-draft,mqtt,mqtt,1363.32,1067.2,6.597,6.487,-0.042,0.004,0.115,-0.095,10.499,9.631,-0.0637,0.0244,0.0238,0.0389,-0.0056,-0.0016,25.05,24.99,16753,18536,2.094,2.317,6.282,6.951,706,706,71,71,0,0,0,0,,,,,,,,,,,,,,,,,0,0,0,0
2026-09-28T22:35:08.661286+09:00,50564472,eb6c2af2,2026-09-28T22:35:08.661286+09:00,2026-09-28T22:35:08.745746+09:00,rail-left-01,rail-right-01,0.6.7-draft,0.6.7-draft,mqtt,mqtt,1364.57,1068.15,6.651,6.456,0.101,0.104,0.073,-0.093,10.356,9.821,-0.0589,0.0274,0.0285,0.0465,-0.0079,-0.0089,25.03,24.96,16888,18467,2.111,2.308,6.333,6.925,707,707,71,71,0,0,0,0,,,,,,,,,,,,,,,,,0,0,0,0
2026-09-28T22:35:08.681405+09:00,50584591,eb6c2af2,2026-09-28T22:35:08.681405+09:00,2026-09-28T22:35:08.765865+09:00,rail-left-01,rail-right-01,0.6.7-draft,0.6.7-draft,mqtt,mqtt,1365.76,1069.14,6.706,6.434,0.041,-0.017,0.135,-0.002,10.471,9.79,-0.0638,0.0321,0.0316,0.0577,-0.0051,-0.0045,25.04,24.98,17024,18419,2.128,2.302,6.384,6.907,708,708,71,71,0,0,0,0,,,,,,,,,,,,,,,,,0,0,0,0
2026-09-28T22:35:08.701361+09:00,50604547,eb6c2af2,2026-09-28T22:35:08.701361+09:00,2026-09-28T22:35:08.785821+09:00,rail-left-01,rail-right-01,0.6.7-draft,0.6.7-draft,mqtt,mqtt,1367,1070.14,6.749,6.432,-0.098,-0.014,0.048,-0.363,10.392,9.662,-0.0634,0.0306,0.0286,0.0541,-0.0053,0.0057,25.03,24.97,17132,18414,2.141,2.302,6.424,6.905,709,709,71,71,0,0,0,0,,,,,,,,,,,,,,,,,0,0,0,0
2026-09-28T22:35:08.721424+09:00,50624610,eb6c2af2,2026-09-28T22:35:08.721424+09:00,2026-09-28T22:35:08.805884+09:00,rail-left-01,rail-right-01,0.6.7-draft,0.6.7-draft,mqtt,mqtt,1368.25,1071.08,6.746,6.414,0.273,0.283,-0.035,-0.219,10.552,9.723,-0.0658,0.031,0.0386,0.0524,-0.0052,-0.0027,25.05,24.96,17123,18375,2.14,2.297,6.421,6.891,710,710,71,71,0,0,0,0,,,,,,,,,,,,,,,,,0,0,0,0
2026-09-28T22:35:08.855791+09:00,50765427,eb6c2af2,2026-09-28T22:35:08.855791+09:00,2026-09-28T22:35:08.898381+09:00,rail-left-01,rail-right-01,0.6.7-draft,0.6.7-draft,mqtt,mqtt,1376.9,1077.94,6.752,6.416,-0.109,-0.201,0.074,-0.323,10.448,9.613,-0.0645,0.0322,0.0378,0.0622,-0.0115,-0.0095,25.04,25,17139,18379,2.142,2.297,6.427,6.892,711,711,72,72,0,0,0,0,,,,,,,,,,,,,,,,,0,0,0,0
2026-09-28T22:35:08.875981+09:00,50785617,eb6c2af2,2026-09-28T22:35:08.875981+09:00,2026-09-28T22:35:08.918571+09:00,rail-left-01,rail-right-01,0.6.7-draft,0.6.7-draft,mqtt,mqtt,1378.14,1078.89,6.781,6.36,0.263,0.402,-0.029,0.268,10.388,10.226,-0.0606,0.051,0.0382,0.0534,-0.0051,0.0023,25.03,24.99,17210,18254,2.151,2.282,6.454,6.845,712,712,72,72,0,0,0,0,,,,,,,,,,,,,,,,,0,0,0,0
2026-09-28T22:35:08.895920+09:00,50805556,eb6c2af2,2026-09-28T22:35:08.895920+09:00,2026-09-28T22:35:08.938510+09:00,rail-left-01,rail-right-01,0.6.7-draft,0.6.7-draft,mqtt,mqtt,1379.38,1079.88,6.771,6.393,0.042,-0.054,0.085,-0.462,10.485,10.065,-0.0662,0.0474,0.0454,0.0624,-0.0072,-0.0043,25.05,24.98,17187,18327,2.148,2.291,6.445,6.873,713,713,72,72,0,0,0,0,,,,,,,,,,,,,,,,,0,0,0,0
2026-09-28T22:35:08.915903+09:00,50825539,eb6c2af2,2026-09-28T22:35:08.915903+09:00,2026-09-28T22:35:08.958493+09:00,rail-left-01,rail-right-01,0.6.7-draft,0.6.7-draft,mqtt,mqtt,1380.63,1080.83,6.773,6.443,0.037,0.047,-0.022,-0.273,10.479,9.586,-0.0636,0.0373,0.0493,0.0626,-0.01,-0.0071,25.02,24.98,17190,18438,2.149,2.305,6.446,6.914,714,714,72,72,0,0,0,0,,,,,,,,,,,,,,,,,0,0,0,0
2026-09-28T22:35:08.936153+09:00,50845789,eb6c2af2,2026-09-28T22:35:08.936153+09:00,2026-09-28T22:35:08.978743+09:00,rail-left-01,rail-right-01,0.6.7-draft,0.6.7-draft,mqtt,mqtt,1381.87,1081.82,6.732,6.484,0.016,-0.026,-0.142,-0.267,10.305,9.55,-0.0727,0.0357,0.047,0.0663,-0.0085,-0.0056,25.02,24.97,17088,18530,2.136,2.316,6.408,6.949,715,715,72,72,0,0,0,0,,,,,,,,,,,,,,,,,0,0,0,0
2026-09-28T22:35:08.956126+09:00,50865762,eb6c2af2,2026-09-28T22:35:08.956126+09:00,2026-09-28T22:35:08.998716+09:00,rail-left-01,rail-right-01,0.6.7-draft,0.6.7-draft,mqtt,mqtt,1383.11,1082.81,6.699,6.481,-0.193,-0.081,0.611,0.02,10.776,9.813,-0.056,0.0348,0.037,0.0462,-0.0107,-0.0024,25.04,24.99,17006,18524,2.126,2.316,6.377,6.946,716,716,72,72,0,0,0,0,,,,,,,,,,,,,,,,,0,0,0,0
2026-09-28T22:35:08.975863+09:00,50885499,eb6c2af2,2026-09-28T22:35:08.975863+09:00,2026-09-28T22:35:09.018453+09:00,rail-left-01,rail-right-01,0.6.7-draft,0.6.7-draft,mqtt,mqtt,1384.31,1083.76,6.724,6.479,0.148,0.146,-0.084,-0.339,10.402,9.697,-0.0614,0.0297,0.0378,0.0556,-0.0113,-0.0089,25.02,24.99,17069,18519,2.134,2.315,6.401,6.945,717,717,72,72,0,0,0,0,,,,,,,,,,,,,,,,,0,0,0,0
2026-09-28T22:35:08.995809+09:00,50905445,eb6c2af2,2026-09-28T22:35:08.995809+09:00,2026-09-28T22:35:09.038399+09:00,rail-left-01,rail-right-01,0.6.7-draft,0.6.7-draft,mqtt,mqtt,1385.55,1084.75,6.745,6.47,-0.086,-0.017,-0.186,-0.114,10.654,9.814,-0.0636,0.0314,0.0388,0.0564,-0.0104,-0.0123,25.06,24.98,17122,18499,2.14,2.312,6.421,6.937,718,718,72,72,0,0,0,0,,,,,,,,,,,,,,,,,0,0,0,0
2026-09-28T22:35:09.015998+09:00,50925634,eb6c2af2,2026-09-28T22:35:09.015998+09:00,2026-09-28T22:35:09.058588+09:00,rail-left-01,rail-right-01,0.6.7-draft,0.6.7-draft,mqtt,mqtt,1386.74,1085.7,6.739,6.471,0.019,0.067,0.211,-0.152,10.742,9.717,-0.0694,0.0365,0.0346,0.0528,-0.0071,-0.0016,25.01,24.98,17106,18502,2.138,2.313,6.415,6.938,719,719,72,72,0,0,0,0,,,,,,,,,,,,,,,,,0,0,0,0
2026-09-28T22:35:09.036256+09:00,50945892,eb6c2af2,2026-09-28T22:35:09.036256+09:00,2026-09-28T22:35:09.078846+09:00,rail-left-01,rail-right-01,0.6.7-draft,0.6.7-draft,mqtt,mqtt,1388.03,1086.69,6.751,6.451,-0.092,-0.054,0.165,-0.05,10.422,9.96,-0.0667,0.0285,0.0366,0.0592,-0.0076,-0.0085,25.06,24.97,17135,18456,2.142,2.307,6.426,6.921,720,720,72,72,0,0,0,0,,,,,,,,,,,,,,,,,0,0,0,0
2026-09-28T22:35:09.136284+09:00,51039464,eb6c2af2,2026-09-28T22:35:09.136284+09:00,2026-09-28T22:35:09.222941+09:00,rail-left-01,rail-right-01,0.6.7-draft,0.6.7-draft,mqtt,mqtt,1393.75,1091.27,6.75,6.454,-0.02,-0.013,0.114,-0.183,10.359,9.583,-0.0673,0.0297,0.0348,0.0516,-0.0021,-0.0031,25.04,24.96,17134,18464,2.142,2.308,6.425,6.924,721,721,73,73,0,0,0,0,,,,,,,,,,,,,,,,,0,0,0,0
2026-09-28T22:35:09.156311+09:00,51059491,eb6c2af2,2026-09-28T22:35:09.156311+09:00,2026-09-28T22:35:09.242968+09:00,rail-left-01,rail-right-01,0.6.7-draft,0.6.7-draft,mqtt,mqtt,1395,1092.21,6.706,6.443,-0.014,0.04,0.072,-0.245,10.327,9.625,-0.0678,0.0304,0.0469,0.0569,-0.0147,-0.006,25.04,24.96,17023,18439,2.128,2.305,6.384,6.915,722,722,73,73,0,0,0,0,,,,,,,,,,,,,,,,,0,0,0,0
2026-09-28T22:35:09.176419+09:00,51079599,eb6c2af2,2026-09-28T22:35:09.176419+09:00,2026-09-28T22:35:09.263076+09:00,rail-left-01,rail-right-01,0.6.7-draft,0.6.7-draft,mqtt,mqtt,1396.24,1093.21,6.704,6.459,-0.101,-0.01,-0.06,-0.267,10.42,9.432,-0.0657,0.0278,0.0394,0.0549,-0.0056,-0.008,25.05,24.98,17020,18475,2.128,2.309,6.383,6.928,723,723,73,73,0,0,0,0,,,,,,,,,,,,,,,,,0,0,0,0
2026-09-28T22:35:09.196339+09:00,51099520,eb6c2af2,2026-09-28T22:35:09.196339+09:00,2026-09-28T22:35:09.282997+09:00,rail-left-01,rail-right-01,0.6.7-draft,0.6.7-draft,mqtt,mqtt,1397.48,1094.15,6.697,6.463,0.097,0.162,0.16,-0.205,10.611,9.808,-0.0671,0.0336,0.0368,0.0508,-0.0064,-0.0056,25.04,24.98,17002,18484,2.125,2.311,6.376,6.932,724,724,73,73,0,0,0,0,,,,,,,,,,,,,,,,,0,0,0,0
2026-09-28T22:35:09.216505+09:00,51119685,eb6c2af2,2026-09-28T22:35:09.216505+09:00,2026-09-28T22:35:09.303162+09:00,rail-left-01,rail-right-01,0.6.7-draft,0.6.7-draft,mqtt,mqtt,1398.72,1095.14,6.699,6.462,-0.051,-0.083,0.323,-0.25,10.54,9.826,-0.0665,0.0321,0.0401,0.0592,-0.0067,-0.0052,25.05,24.97,17006,18482,2.126,2.31,6.377,6.931,725,725,73,73,0,0,0,0,,,,,,,,,,,,,,,,,0,0,0,0
2026-09-28T22:35:09.236375+09:00,51139555,eb6c2af2,2026-09-28T22:35:09.236375+09:00,2026-09-28T22:35:09.323032+09:00,rail-left-01,rail-right-01,0.6.7-draft,0.6.7-draft,mqtt,mqtt,1399.92,1096.09,6.697,6.469,0.079,0.153,-0.124,-0.223,10.453,9.583,-0.0637,0.0348,0.0396,0.0581,-0.0057,-0.0016,25.03,24.95,17001,18497,2.125,2.312,6.375,6.936,726,726,73,73,0,0,0,0,,,,,,,,,,,,,,,,,0,0,0,0
2026-09-28T22:35:09.256297+09:00,51159478,eb6c2af2,2026-09-28T22:35:09.256297+09:00,2026-09-28T22:35:09.342955+09:00,rail-left-01,rail-right-01,0.6.7-draft,0.6.7-draft,mqtt,mqtt,1401.16,1097.08,6.687,6.466,0.011,-0.018,-0.068,-0.365,10.471,9.658,-0.0679,0.0377,0.0417,0.0601,-0.0061,-0.0091,25.06,24.98,16978,18491,2.122,2.311,6.367,6.934,727,727,73,73,0,0,0,0,,,,,,,,,,,,,,,,,0,0,0,0
2026-09-28T22:35:09.276429+09:00,51179609,eb6c2af2,2026-09-28T22:35:09.276429+09:00,2026-09-28T22:35:09.363086+09:00,rail-left-01,rail-right-01,0.6.7-draft,0.6.7-draft,mqtt,mqtt,1402.4,1098.03,6.685,6.47,-0.061,-0.055,0.2,-0.165,10.454,9.756,-0.0662,0.032,0.034,0.0605,-0.0071,-0.0083,25.03,24.97,16971,18498,2.121,2.312,6.364,6.937,728,728,73,73,0,0,0,0,,,,,,,,,,,,,,,,,0,0,0,0
2026-09-28T22:35:09.296380+09:00,51199561,eb6c2af2,2026-09-28T22:35:09.296380+09:00,2026-09-28T22:35:09.383037+09:00,rail-left-01,rail-right-01,0.6.7-draft,0.6.7-draft,mqtt,mqtt,1403.65,1099.02,6.68,6.469,0.093,0.045,0.188,0.025,10.526,9.758,-0.0663,0.0344,0.0389,0.057,0,-0.002,25.05,24.99,16959,18497,2.12,2.312,6.36,6.936,729,729,73,73,0,0,0,0,,,,,,,,,,,,,,,,,0,0,0,0
2026-09-28T22:35:09.316363+09:00,51219543,eb6c2af2,2026-09-28T22:35:09.316363+09:00,2026-09-28T22:35:09.403020+09:00,rail-left-01,rail-right-01,0.6.7-draft,0.6.7-draft,mqtt,mqtt,1404.89,1099.97,6.69,6.468,-0.047,-0.017,0.031,-0.296,10.561,9.785,-0.0614,0.0324,0.0365,0.0544,-0.0061,-0.0059,25.03,24.98,16985,18494,2.123,2.312,6.369,6.935,730,730,73,73,0,0,0,0,,,,,,,,,,,,,,,,,0,0,0,0
2026-09-28T22:35:09.451491+09:00,51360450,eb6c2af2,2026-09-28T22:35:09.451491+09:00,2026-09-28T22:35:09.501891+09:00,rail-left-01,rail-right-01,0.6.7-draft,0.6.7-draft,mqtt,mqtt,1413.59,1106.83,6.698,6.466,-0.05,-0.034,0.004,-0.244,10.451,9.698,-0.0653,0.0318,0.0404,0.0548,-0.0049,-0.0044,25.02,24.99,17003,18489,2.125,2.311,6.376,6.933,731,731,74,74,0,0,0,0,,,,,,,,,,,,,,,,,0,0,0,0
2026-09-28T22:35:09.471570+09:00,51380529,eb6c2af2,2026-09-28T22:35:09.471570+09:00,2026-09-28T22:35:09.521970+09:00,rail-left-01,rail-right-01,0.6.7-draft,0.6.7-draft,mqtt,mqtt,1414.83,1107.77,6.675,6.489,-0.006,-0.018,0.084,-0.142,10.406,9.845,-0.0669,0.0316,0.0372,0.0566,-0.0071,-0.004,25.04,24.97,16947,18542,2.118,2.318,6.355,6.953,732,732,74,74,0,0,0,0,,,,,,,,,,,,,,,,,0,0,0,0
2026-09-28T22:35:09.491534+09:00,51400493,eb6c2af2,2026-09-28T22:35:09.491534+09:00,2026-09-28T22:35:09.541934+09:00,rail-left-01,rail-right-01,0.6.7-draft,0.6.7-draft,mqtt,mqtt,1416.03,1108.77,6.683,6.5,0.116,0.151,0.081,-0.168,10.568,9.744,-0.0662,0.0352,0.042,0.0578,-0.0097,-0.004,25.03,24.97,16966,18566,2.121,2.321,6.362,6.962,733,733,74,74,0,0,0,0,,,,,,,,,,,,,,,,,0,0,0,0
2026-09-28T22:35:09.511666+09:00,51420625,eb6c2af2,2026-09-28T22:35:09.511666+09:00,2026-09-28T22:35:09.562066+09:00,rail-left-01,rail-right-01,0.6.7-draft,0.6.7-draft,mqtt,mqtt,1417.32,1109.71,6.659,6.52,-0.041,-0.067,0.002,-0.346,10.445,9.716,-0.0621,0.0348,0.0453,0.0622,-0.0077,-0.0063,25.01,24.94,16906,18610,2.113,2.326,6.34,6.979,734,734,74,74,0,0,0,0,,,,,,,,,,,,,,,,,0,0,0,0
2026-09-28T22:35:09.531591+09:00,51440550,eb6c2af2,2026-09-28T22:35:09.531591+09:00,2026-09-28T22:35:09.581991+09:00,rail-left-01,rail-right-01,0.6.7-draft,0.6.7-draft,mqtt,mqtt,1418.51,1110.71,6.641,6.521,0.054,0.004,0.035,-0.107,10.326,9.787,-0.0646,0.0342,0.037,0.0573,-0.0068,-0.0045,25.04,24.97,16862,18612,2.108,2.327,6.323,6.98,735,735,74,74,0,0,0,0,,,,,,,,,,,,,,,,,0,0,0,0
2026-09-28T22:35:09.551617+09:00,51460576,eb6c2af2,2026-09-28T22:35:09.551617+09:00,2026-09-28T22:35:09.602017+09:00,rail-left-01,rail-right-01,0.6.7-draft,0.6.7-draft,mqtt,mqtt,1419.75,1111.65,6.628,6.529,0.043,0.053,0.087,-0.099,10.444,9.618,-0.0649,0.0333,0.0428,0.0624,-0.0083,-0.0072,25.04,24.96,16829,18629,2.104,2.329,6.311,6.986,736,736,74,74,0,0,0,0,,,,,,,,,,,,,,,,,0,0,0,0
2026-09-28T22:35:09.571567+09:00,51480526,eb6c2af2,2026-09-28T22:35:09.571567+09:00,2026-09-28T22:35:09.621967+09:00,rail-left-01,rail-right-01,0.6.7-draft,0.6.7-draft,mqtt,mqtt,1421,1112.65,6.603,6.529,-0.08,0.048,0.223,-0.081,10.67,9.91,-0.0661,0.0385,0.0337,0.0476,-0.0069,-0.0011,25.05,24.97,16768,18629,2.096,2.329,6.288,6.986,737,737,74,74,0,0,0,0,,,,,,,,,,,,,,,,,0,0,0,0
2026-09-28T22:35:09.591540+09:00,51500499,eb6c2af2,2026-09-28T22:35:09.591540+09:00,2026-09-28T22:35:09.641940+09:00,rail-left-01,rail-right-01,0.6.7-draft,0.6.7-draft,mqtt,mqtt,1422.24,1113.59,6.611,6.535,0.152,0.117,0.121,-0.286,10.394,9.801,-0.0654,0.0317,0.0405,0.0632,-0.0095,-0.0103,25.05,24.97,16787,18643,2.098,2.33,6.295,6.991,738,738,74,74,0,0,0,0,,,,,,,,,,,,,,,,,0,0,0,0
2026-09-28T22:35:09.611993+09:00,51520952,eb6c2af2,2026-09-28T22:35:09.611993+09:00,2026-09-28T22:35:09.662393+09:00,rail-left-01,rail-right-01,0.6.7-draft,0.6.7-draft,mqtt,mqtt,1423.48,1114.58,6.61,6.553,-0.062,-0.072,0.036,-0.176,10.609,9.803,-0.0665,0.032,0.0394,0.0586,-0.0095,-0.0076,25.02,24.95,16786,18682,2.098,2.335,6.295,7.006,739,739,74,74,0,0,0,0,,,,,,,,,,,,,,,,,0,0,0,0
2026-09-28T22:35:09.631798+09:00,51540757,eb6c2af2,2026-09-28T22:35:09.631798+09:00,2026-09-28T22:35:09.682198+09:00,rail-left-01,rail-right-01,0.6.7-draft,0.6.7-draft,mqtt,mqtt,1424.78,1115.53,6.642,6.563,0.113,0.045,0.229,-0.158,10.376,9.661,-0.0707,0.0354,0.0346,0.0533,-0.0093,-0.0052,25.06,24.96,16865,18706,2.108,2.338,6.324,7.015,740,740,74,74,0,0,0,0,,,,,,,,,,,,,,,,,0,0,0,0
2026-09-28T22:35:09.775287+09:00,51640479,eb6c2af2,2026-09-28T22:35:09.775287+09:00,2026-09-28T22:35:09.858435+09:00,rail-left-01,rail-right-01,0.6.7-draft,0.6.7-draft,mqtt,mqtt,1430.94,1120.4,6.673,6.572,0.096,0.073,0.159,-0.199,10.357,9.846,-0.0634,0.0333,0.0337,0.0542,-0.0061,-0.0003,25.05,24.96,16941,18724,2.118,2.341,6.353,7.022,741,741,75,75,0,0,0,0,,,,,,,,,,,,,,,,,0,0,0,0
2026-09-28T22:35:09.795406+09:00,51660598,eb6c2af2,2026-09-28T22:35:09.795406+09:00,2026-09-28T22:35:09.878554+09:00,rail-left-01,rail-right-01,0.6.7-draft,0.6.7-draft,mqtt,mqtt,1432.18,1121.35,6.742,6.605,-0.006,0.02,-0.153,-0.399,10.467,9.638,-0.0629,0.0306,0.0414,0.0581,-0.0103,-0.0068,25.02,24.95,17113,18799,2.139,2.35,6.417,7.05,742,742,75,75,0,0,0,0,,,,,,,,,,,,,,,,,0,0,0,0
2026-09-28T22:35:09.815336+09:00,51680528,eb6c2af2,2026-09-28T22:35:09.815336+09:00,2026-09-28T22:35:09.898484+09:00,rail-left-01,rail-right-01,0.6.7-draft,0.6.7-draft,mqtt,mqtt,1433.43,1122.29,6.739,6.601,0.013,0.087,-0.217,-0.133,10.373,9.746,-0.0645,0.0332,0.0377,0.0602,-0.0088,-0.0113,25.04,24.95,17106,18790,2.138,2.349,6.415,7.046,743,743,75,75,0,0,0,0,,,,,,,,,,,,,,,,,0,0,0,0
2026-09-28T22:35:09.835421+09:00,51700613,eb6c2af2,2026-09-28T22:35:09.835421+09:00,2026-09-28T22:35:09.918569+09:00,rail-left-01,rail-right-01,0.6.7-draft,0.6.7-draft,mqtt,mqtt,1434.72,1123.28,6.733,6.601,-0.073,-0.035,0.328,-0.417,10.613,9.7,-0.0626,0.0309,0.0438,0.0537,-0.0067,-0.0011,25.03,24.93,17092,18789,2.137,2.349,6.41,7.046,744,744,75,75,0,0,0,0,,,,,,,,,,,,,,,,,0,0,0,0
2026-09-28T22:35:09.855286+09:00,51720478,eb6c2af2,2026-09-28T22:35:09.855286+09:00,2026-09-28T22:35:09.938434+09:00,rail-left-01,rail-right-01,0.6.7-draft,0.6.7-draft,mqtt,mqtt,1435.91,1124.23,6.724,6.607,0.017,0.063,0.134,0.056,10.461,9.843,-0.0628,0.0316,0.0406,0.0566,-0.0109,-0.0077,25.01,24.96,17070,18802,2.134,2.35,6.401,7.051,745,745,75,75,0,0,0,0,,,,,,,,,,,,,,,,,0,0,0,0
2026-09-28T22:35:09.875491+09:00,51740683,eb6c2af2,2026-09-28T22:35:09.875491+09:00,2026-09-28T22:35:09.958639+09:00,rail-left-01,rail-right-01,0.6.7-draft,0.6.7-draft,mqtt,mqtt,1437.21,1125.22,6.717,6.619,0.002,0.024,0.031,-0.214,10.58,9.598,-0.0661,0.033,0.0432,0.0538,-0.0061,-0.0055,25.04,24.97,17052,18830,2.132,2.354,6.394,7.061,746,746,75,75,0,0,0,0,,,,,,,,,,,,,,,,,0,0,0,0
2026-09-28T22:35:09.895439+09:00,51760631,eb6c2af2,2026-09-28T22:35:09.895439+09:00,2026-09-28T22:35:09.978587+09:00,rail-left-01,rail-right-01,0.6.7-draft,0.6.7-draft,mqtt,mqtt,1438.45,1126.17,6.701,6.617,-0.007,0.045,-0.181,-0.345,10.449,9.631,-0.0649,0.0329,0.0412,0.0573,-0.0071,-0.0088,25.05,24.95,17011,18826,2.126,2.353,6.379,7.06,747,747,75,75,0,0,0,0,,,,,,,,,,,,,,,,,0,0,0,0
2026-09-28T22:35:09.915327+09:00,51780519,eb6c2af2,2026-09-28T22:35:09.915327+09:00,2026-09-28T22:35:09.998475+09:00,rail-left-01,rail-right-01,0.6.7-draft,0.6.7-draft,mqtt,mqtt,1439.69,1127.16,6.652,6.594,-0.11,-0.102,0.341,-0.237,10.567,9.664,-0.0658,0.0384,0.0332,0.05,-0.0031,0.0021,25.04,24.97,16890,18773,2.111,2.347,6.334,7.04,748,748,75,75,0,0,0,0,,,,,,,,,,,,,,,,,0,0,0,0
2026-09-28T22:35:09.935463+09:00,51800655,eb6c2af2,2026-09-28T22:35:09.935463+09:00,2026-09-28T22:35:10.018611+09:00,rail-left-01,rail-right-01,0.6.7-draft,0.6.7-draft,mqtt,mqtt,1440.93,1128.11,6.641,6.542,0.059,0.127,-0.126,-0.218,10.351,9.657,-0.0629,0.0417,0.0298,0.0532,-0.0073,-0.0081,25.04,24.92,16862,18658,2.108,2.332,6.323,6.997,749,749,75,75,0,0,0,0,,,,,,,,,,,,,,,,,0,0,0,0
2026-09-28T22:35:09.955501+09:00,51820693,eb6c2af2,2026-09-28T22:35:09.955501+09:00,2026-09-28T22:35:10.038649+09:00,rail-left-01,rail-right-01,0.6.7-draft,0.6.7-draft,mqtt,mqtt,1442.18,1129.1,6.612,6.453,-0.016,0.038,0.114,-0.253,10.411,9.622,-0.0562,0.0502,0.0301,0.0453,-0.0059,0.0015,25.02,24.95,16790,18460,2.099,2.308,6.296,6.923,750,750,75,75,0,0,0,0,,,,,,,,,,,,,,,,,0,0,0,0
2026-09-28T22:35:10.084852+09:00,51995448,eb6c2af2,2026-09-28T22:35:10.084852+09:00,2026-09-28T22:35:10.161902+09:00,rail-left-01,rail-right-01,0.6.7-draft,0.6.7-draft,mqtt,mqtt,1453.22,1137.65,6.598,6.406,-0.025,0.408,-1.663,-1.875,7.649,8.475,0.1451,0.3548,-0.0425,-0.0096,-0.0035,0.0088,25.06,24.94,16756,18357,2.095,2.295,6.284,6.884,751,751,76,76,0,0,4,4,,,,,,,,,,,,,,,,,0,0,0,0
2026-09-28T22:35:10.105002+09:00,52015598,eb6c2af2,2026-09-28T22:35:10.105002+09:00,2026-09-28T22:35:10.182052+09:00,rail-left-01,rail-right-01,0.6.7-draft,0.6.7-draft,mqtt,mqtt,1454.51,1138.65,2.082,0.004,2.604,-0.47,-1.069,2.88,5.939,19.613,0.324,0.0289,0.1214,0.2755,0.0055,-0.1376,25.03,24.96,702,12,0.088,0.002,0.263,0.004,752,752,76,76,0,0,4,4,,,,,,,,,,,,,,,,,0,0,0,0
2026-09-28T22:35:10.125093+09:00,52035689,eb6c2af2,2026-09-28T22:35:10.125093+09:00,2026-09-28T22:35:10.202143+09:00,rail-left-01,rail-right-01,0.6.7-draft,0.6.7-draft,mqtt,mqtt,1455.8,1139.59,1.445,0.007,1.173,2.902,3.821,-3.269,2.569,19.613,0.3311,-0.01,-0.0767,-0.0834,0.1625,-0.0043,25.03,24.97,353,13,0.044,0.002,0.132,0.005,753,753,76,76,0,0,4,4,,,,,,,,,,,,,,,,,0,0,0,0
2026-09-28T22:35:10.145031+09:00,52055627,eb6c2af2,2026-09-28T22:35:10.145031+09:00,2026-09-28T22:35:10.222081+09:00,rail-left-01,rail-right-01,0.6.7-draft,0.6.7-draft,mqtt,mqtt,1457.04,1140.54,1.464,0.014,2.173,0.28,2.82,3.901,18.979,17.374,-0.2767,0.0642,-0.0933,0.0866,0.1011,0.1234,25.02,24.95,358,15,0.045,0.002,0.134,0.006,754,754,76,76,0,0,4,4,,,,,,,,,,,,,,,,,0,0,0,0
2026-09-28T22:35:10.165794+09:00,52076390,eb6c2af2,2026-09-28T22:35:10.165794+09:00,2026-09-28T22:35:10.242844+09:00,rail-left-01,rail-right-01,0.6.7-draft,0.6.7-draft,mqtt,mqtt,1458.29,1141.43,1.529,0.014,1.369,0.585,-0.188,3.128,10.831,12.869,-0.0482,0.0221,-0.0513,0.1049,0.033,0.0781,25.03,24.95,375,15,0.047,0.002,0.141,0.006,755,755,76,76,0,0,4,4,,,,,,,,,,,,,,,,,0,0,0,0
2026-09-28T22:35:10.185722+09:00,52096318,eb6c2af2,2026-09-28T22:35:10.185722+09:00,2026-09-28T22:35:10.262772+09:00,rail-left-01,rail-right-01,0.6.7-draft,0.6.7-draft,mqtt,mqtt,1459.48,1142.33,1.232,0.017,0.022,0.487,2.404,1.386,9.808,9.668,0.0882,0.0294,-0.0088,0.0879,0.0422,0.0662,25.06,24.94,297,16,0.037,0.002,0.111,0.006,756,756,76,76,0,0,4,4,,,,,,,,,,,,,,,,,0,0,0,0
2026-09-28T22:35:10.204896+09:00,52115492,eb6c2af2,2026-09-28T22:35:10.204896+09:00,2026-09-28T22:35:10.281946+09:00,rail-left-01,rail-right-01,0.6.7-draft,0.6.7-draft,mqtt,mqtt,1460.57,1143.07,0.928,0.014,0.134,0.201,2.128,1.9,12.36,8.508,-0.1897,0.0381,0.0317,0.0657,0.022,0.0493,25.06,24.98,217,15,0.027,0.002,0.081,0.006,757,757,76,76,0,0,4,4,,,,,,,,,,,,,,,,,0,0,0,0
2026-09-28T22:35:10.224974+09:00,52135570,eb6c2af2,2026-09-28T22:35:10.224974+09:00,2026-09-28T22:35:10.302024+09:00,rail-left-01,rail-right-01,0.6.7-draft,0.6.7-draft,mqtt,mqtt,1461.67,1143.87,1.065,0.017,-0.595,-0.225,1.373,1.549,11.339,10.457,-0.0322,0.0322,0.0246,0.0457,0.034,0.0513,25.05,24.97,253,16,0.032,0.002,0.095,0.006,758,758,76,76,0,0,4,4,,,,,,,,,,,,,,,,,0,0,0,0
2026-09-28T22:35:10.244996+09:00,52155592,eb6c2af2,2026-09-28T22:35:10.244996+09:00,2026-09-28T22:35:10.322046+09:00,rail-left-01,rail-right-01,0.6.7-draft,0.6.7-draft,mqtt,mqtt,1462.76,1144.61,1.019,0.014,-0.268,-0.317,1.064,1.311,9.987,10.72,0.0099,0.0333,0.0108,0.0654,0.0171,0.0252,25.04,24.93,241,15,0.03,0.002,0.09,0.006,759,759,76,76,0,0,4,4,,,,,,,,,,,,,,,,,0,0,0,0
2026-09-28T22:35:10.265074+09:00,52175670,eb6c2af2,2026-09-28T22:35:10.265074+09:00,2026-09-28T22:35:10.342124+09:00,rail-left-01,rail-right-01,0.6.7-draft,0.6.7-draft,mqtt,mqtt,1463.81,1145.31,0.947,0.011,0.37,0.311,0.745,0.633,10.751,10.23,-0.1392,0.0237,0.034,0.065,-0.0063,0.0153,25.04,24.93,222,14,0.028,0.002,0.083,0.005,760,760,76,76,0,0,4,4,,,,,,,,,,,,,,,,,0,0,0,0
2026-09-28T22:35:10.389457+09:00,52298432,eb6c2af2,2026-09-28T22:35:10.389457+09:00,2026-09-28T22:35:10.471422+09:00,rail-left-01,rail-right-01,0.6.7-draft,0.6.7-draft,mqtt,mqtt,1469.67,1148.84,0.939,0.017,-0.254,-0.226,0.294,-0.013,10.491,9.851,-0.0533,0.032,0.0382,0.0565,-0.0176,-0.0125,25.03,24.94,220,16,0.028,0.002,0.083,0.006,761,761,77,77,0,0,4,4,,,,,,,,,,,,,,,,,0,0,0,0
2026-09-28T22:35:10.409541+09:00,52318516,eb6c2af2,2026-09-28T22:35:10.409541+09:00,2026-09-28T22:35:10.491506+09:00,rail-left-01,rail-right-01,0.6.7-draft,0.6.7-draft,mqtt,mqtt,1470.52,1149.29,0.92,0.011,0.406,0.376,0.402,-0.273,10.464,9.645,-0.0641,0.0332,0.0408,0.055,-0.0149,-0.0061,25.04,24.95,215,14,0.027,0.002,0.081,0.005,762,762,77,77,0,0,4,4,,,,,,,,,,,,,,,,,0,0,0,0
2026-09-28T22:35:10.429614+09:00,52338589,eb6c2af2,2026-09-28T22:35:10.429614+09:00,2026-09-28T22:35:10.511579+09:00,rail-left-01,rail-right-01,0.6.7-draft,0.6.7-draft,mqtt,mqtt,1471.36,1149.73,0.756,0.011,-0.165,-0.147,0.26,-0.096,10.464,9.549,-0.0735,0.0342,0.0404,0.053,0.0049,0.0035,25.04,24.96,172,14,0.022,0.002,0.065,0.005,763,763,77,77,0,0,4,4,,,,,,,,,,,,,,,,,0,0,0,0
2026-09-28T22:35:10.449585+09:00,52358560,eb6c2af2,2026-09-28T22:35:10.449585+09:00,2026-09-28T22:35:10.531551+09:00,rail-left-01,rail-right-01,0.6.7-draft,0.6.7-draft,mqtt,mqtt,1472.16,1150.08,0.84,0.011,0.178,0.175,0.366,0.2,10.375,9.658,-0.0502,0.0317,0.0364,0.0542,-0.0069,-0.0053,25.04,24.95,194,14,0.024,0.002,0.073,0.005,764,764,77,77,0,0,4,4,,,,,,,,,,,,,,,,,0,0,0,0
2026-09-28T22:35:10.469717+09:00,52378692,eb6c2af2,2026-09-28T22:35:10.469717+09:00,2026-09-28T22:35:10.551683+09:00,rail-left-01,rail-right-01,0.6.7-draft,0.6.7-draft,mqtt,mqtt,1472.95,1150.43,0.726,0.014,-0.043,-0.037,0.475,0.093,10.311,9.65,-0.0498,0.0328,0.0406,0.0598,-0.0124,-0.0124,25.03,24.94,164,15,0.021,0.002,0.062,0.006,765,765,77,77,0,0,4,4,,,,,,,,,,,,,,,,,0,0,0,0
2026-09-28T22:35:10.489662+09:00,52398637,eb6c2af2,2026-09-28T22:35:10.489662+09:00,2026-09-28T22:35:10.571628+09:00,rail-left-01,rail-right-01,0.6.7-draft,0.6.7-draft,mqtt,mqtt,1473.7,1150.78,0.695,0.017,0.079,0.156,0.368,-0.314,10.406,9.567,-0.0899,0.0317,0.0406,0.055,-0.0101,-0.0072,25.02,24.96,156,16,0.02,0.002,0.058,0.006,766,766,77,77,0,0,4,4,,,,,,,,,,,,,,,,,0,0,0,0
2026-09-28T22:35:10.509519+09:00,52418494,eb6c2af2,2026-09-28T22:35:10.509519+09:00,2026-09-28T22:35:10.591484+09:00,rail-left-01,rail-right-01,0.6.7-draft,0.6.7-draft,mqtt,mqtt,1474.44,1151.08,0.707,0.017,0.072,0.049,0.232,0.095,10.398,9.597,-0.0823,0.0322,0.0422,0.0557,0.0075,0.0011,25.05,24.96,159,16,0.02,0.002,0.06,0.006,767,767,77,77,0,0,4,4,,,,,,,,,,,,,,,,,0,0,0,0
2026-09-28T22:35:10.529595+09:00,52438570,eb6c2af2,2026-09-28T22:35:10.529595+09:00,2026-09-28T22:35:10.611560+09:00,rail-left-01,rail-right-01,0.6.7-draft,0.6.7-draft,mqtt,mqtt,1475.14,1151.33,0.688,0.014,-0.103,-0.024,0.25,-0.11,10.32,9.708,-0.0397,0.0321,0.0346,0.0569,-0.0171,-0.0097,25.04,24.94,154,15,0.019,0.002,0.058,0.006,768,768,77,77,0,0,4,4,,,,,,,,,,,,,,,,,0,0,0,0
2026-09-28T22:35:10.549572+09:00,52458547,eb6c2af2,2026-09-28T22:35:10.549572+09:00,2026-09-28T22:35:10.631537+09:00,rail-left-01,rail-right-01,0.6.7-draft,0.6.7-draft,mqtt,mqtt,1475.84,1151.52,0.695,0.011,0.232,0.184,0.339,-0.406,10.483,9.662,-0.0417,0.0333,0.0388,0.0553,0.0013,-0.0015,25.03,24.97,156,14,0.02,0.002,0.058,0.005,769,769,77,77,0,0,4,4,,,,,,,,,,,,,,,,,0,0,0,0
2026-09-28T22:35:10.569657+09:00,52478632,eb6c2af2,2026-09-28T22:35:10.569657+09:00,2026-09-28T22:35:10.651622+09:00,rail-left-01,rail-right-01,0.6.7-draft,0.6.7-draft,mqtt,mqtt,1476.48,1151.77,0.707,0.014,-0.141,-0.169,0.393,0.199,10.481,9.714,-0.0613,0.0341,0.0408,0.0565,0.0143,0.0127,25.05,24.96,159,15,0.02,0.002,0.06,0.006,770,770,77,77,0,0,4,4,,,,,,,,,,,,,,,,,0,0,0,0
2026-09-28T22:35:10.700684+09:00,52608436,eb6c2af2,2026-09-28T22:35:10.700684+09:00,2026-09-28T22:35:10.807588+09:00,rail-left-01,rail-right-01,0.6.7-draft,0.6.7-draft,mqtt,mqtt,1480.26,1152.47,0.714,0.011,0.019,0.011,0.224,0.019,10.451,9.706,-0.0629,0.033,0.0404,0.054,0.0007,-0.0021,25.04,24.96,161,14,0.02,0.002,0.06,0.005,771,771,78,78,0,0,4,4,,,,,,,,,,,,,,,,,0,0,0,0
2026-09-28T22:35:10.720732+09:00,52628484,eb6c2af2,2026-09-28T22:35:10.720732+09:00,2026-09-28T22:35:10.827636+09:00,rail-left-01,rail-right-01,0.6.7-draft,0.6.7-draft,mqtt,mqtt,1480.76,1152.52,0.692,0.011,0.042,0.071,0.399,0.035,10.415,9.722,-0.0417,0.0332,0.0377,0.0553,-0.0107,-0.0063,25.06,24.95,155,14,0.019,0.002,0.058,0.005,772,772,78,78,0,0,4,4,,,,,,,,,,,,,,,,,0,0,0,0
2026-09-28T22:35:10.740790+09:00,52648542,eb6c2af2,2026-09-28T22:35:10.740790+09:00,2026-09-28T22:35:10.847694+09:00,rail-left-01,rail-right-01,0.6.7-draft,0.6.7-draft,mqtt,mqtt,1481.21,1152.52,0.692,0.017,0.072,0.051,0.455,0.017,10.461,9.686,-0.0582,0.0309,0.0384,0.0582,-0.0087,-0.0072,25.07,24.96,155,16,0.019,0.002,0.058,0.006,773,773,78,78,0,0,4,4,,,,,,,,,,,,,,,,,0,0,0,0
2026-09-28T22:35:10.760724+09:00,52668476,eb6c2af2,2026-09-28T22:35:10.760724+09:00,2026-09-28T22:35:10.867628+09:00,rail-left-01,rail-right-01,0.6.7-draft,0.6.7-draft,mqtt,mqtt,1481.7,1152.52,0.676,0.007,0.061,0.083,0.396,0.049,10.455,9.694,-0.0819,0.0301,0.0388,0.0576,-0.0056,-0.0063,25.04,24.95,151,13,0.019,0.002,0.057,0.005,774,774,78,78,0,0,4,4,,,,,,,,,,,,,,,,,0,0,0,0
2026-09-28T22:35:10.780710+09:00,52688462,eb6c2af2,2026-09-28T22:35:10.780710+09:00,2026-09-28T22:35:10.887614+09:00,rail-left-01,rail-right-01,0.6.7-draft,0.6.7-draft,mqtt,mqtt,1482.15,1152.52,0.688,0.017,0.034,0.031,0.32,0.004,10.385,9.723,-0.0746,0.0321,0.0396,0.0565,-0.0096,-0.0053,25.04,24.95,154,16,0.019,0.002,0.058,0.006,775,775,78,78,0,0,4,4,,,,,,,,,,,,,,,,,0,0,0,0
2026-09-28T22:35:10.801765+09:00,52709517,eb6c2af2,2026-09-28T22:35:10.801765+09:00,2026-09-28T22:35:10.908669+09:00,rail-left-01,rail-right-01,0.6.7-draft,0.6.7-draft,mqtt,mqtt,1482.55,1152.52,0.68,0.014,0.043,0.071,0.284,-0.113,10.439,9.708,-0.0565,0.0306,0.0392,0.0553,-0.0137,-0.008,25.04,24.94,152,15,0.019,0.002,0.057,0.006,776,776,78,78,0,0,4,4,,,,,,,,,,,,,,,,,0,0,0,0
2026-09-28T22:35:10.821676+09:00,52729428,eb6c2af2,2026-09-28T22:35:10.821676+09:00,2026-09-28T22:35:10.928580+09:00,rail-left-01,rail-right-01,0.6.7-draft,0.6.7-draft,mqtt,mqtt,1482.95,1152.52,0.68,0.014,0.054,0.062,0.39,0.017,10.434,9.722,-0.0565,0.0328,0.0396,0.0558,-0.0056,-0.0052,25.05,24.97,152,15,0.019,0.002,0.057,0.006,777,777,78,78,0,0,4,4,,,,,,,,,,,,,,,,,0,0,0,0
2026-09-28T22:35:10.840831+09:00,52748583,eb6c2af2,2026-09-28T22:35:10.840831+09:00,2026-09-28T22:35:10.947735+09:00,rail-left-01,rail-right-01,0.6.7-draft,0.6.7-draft,mqtt,mqtt,1483.34,1152.52,0.692,0.011,0.044,0.055,0.407,0.072,10.416,9.707,-0.0698,0.0312,0.0396,0.0566,-0.0092,-0.0055,25.06,24.93,155,14,0.019,0.002,0.058,0.005,778,778,78,78,0,0,4,4,,,,,,,,,,,,,,,,,0,0,0,0
2026-09-28T22:35:10.860733+09:00,52768485,eb6c2af2,2026-09-28T22:35:10.860733+09:00,2026-09-28T22:35:10.967637+09:00,rail-left-01,rail-right-01,0.6.7-draft,0.6.7-draft,mqtt,mqtt,1483.69,1152.52,0.684,0.014,0.073,0.084,0.283,-0.026,10.47,9.699,-0.0738,0.0314,0.0389,0.0562,-0.0056,-0.0065,25.05,24.94,153,15,0.019,0.002,0.057,0.006,779,779,78,78,0,0,4,4,,,,,,,,,,,,,,,,,0,0,0,0
2026-09-28T22:35:10.880851+09:00,52788603,eb6c2af2,2026-09-28T22:35:10.880851+09:00,2026-09-28T22:35:10.987755+09:00,rail-left-01,rail-right-01,0.6.7-draft,0.6.7-draft,mqtt,mqtt,1484.04,1152.52,0.84,0.014,0.03,0.041,0.272,-0.001,10.47,9.704,-0.0612,0.0326,0.0397,0.0557,-0.0061,-0.0056,25.04,24.94,194,15,0.024,0.002,0.073,0.006,780,780,78,78,0,0,4,4,,,,,,,,,,,,,,,,,0,0,0,0
2026-09-28T22:35:11.056248+09:00,52947485,eb6c2af2,2026-09-28T22:35:11.056248+09:00,2026-09-28T22:35:11.100538+09:00,rail-left-01,rail-right-01,0.6.7-draft,0.6.7-draft,mqtt,mqtt,1486.23,1152.52,0.825,0.011,0.049,0.072,0.291,0.004,10.471,9.701,-0.0694,0.0325,0.0388,0.056,-0.0049,-0.0073,25.02,24.97,190,14,0.024,0.002,0.071,0.005,781,781,79,79,0,0,4,4,,,,,,,,,,,,,,,,,0,0,0,0
2026-09-28T22:35:11.076350+09:00,52967587,eb6c2af2,2026-09-28T22:35:11.076350+09:00,2026-09-28T22:35:11.120640+09:00,rail-left-01,rail-right-01,0.6.7-draft,0.6.7-draft,mqtt,mqtt,1486.43,1152.52,0.695,0.017,0.037,0.074,0.327,-0.01,10.465,9.677,-0.0594,0.0326,0.0396,0.0558,-0.0085,-0.0067,25.07,24.96,156,16,0.02,0.002,0.058,0.006,782,782,79,79,0,0,4,4,,,,,,,,,,,,,,,,,0,0,0,0
2026-09-28T22:35:11.096389+09:00,52987626,eb6c2af2,2026-09-28T22:35:11.096389+09:00,2026-09-28T22:35:11.140679+09:00,rail-left-01,rail-right-01,0.6.7-draft,0.6.7-draft,mqtt,mqtt,1486.63,1152.52,0.695,0.014,0.045,0.037,0.403,0.038,10.432,9.716,-0.0594,0.0328,0.0373,0.0577,-0.0093,-0.0071,25.03,24.93,156,15,0.02,0.002,0.058,0.006,783,783,79,79,0,0,4,4,,,,,,,,,,,,,,,,,0,0,0,0
2026-09-28T22:35:11.116404+09:00,53007642,eb6c2af2,2026-09-28T22:35:11.116404+09:00,2026-09-28T22:35:11.160695+09:00,rail-left-01,rail-right-01,0.6.7-draft,0.6.7-draft,mqtt,mqtt,1486.78,1152.52,0.692,0.017,0.057,0.045,0.384,0.043,10.448,9.728,-0.0679,0.0316,0.0378,0.0552,-0.0089,-0.0049,25.04,24.98,155,16,0.019,0.002,0.058,0.006,784,784,79,79,0,0,4,4,,,,,,,,,,,,,,,,,0,0,0,0
2026-09-28T22:35:11.136680+09:00,53027918,eb6c2af2,2026-09-28T22:35:11.136680+09:00,2026-09-28T22:35:11.180971+09:00,rail-left-01,rail-right-01,0.6.7-draft,0.6.7-draft,mqtt,mqtt,1486.92,1152.52,0.684,0.014,0.038,0.038,0.309,0.01,10.485,9.725,-0.0709,0.0316,0.0397,0.0564,-0.0055,-0.0065,25.05,24.95,153,15,0.019,0.002,0.057,0.006,785,785,79,79,0,0,4,4,,,,,,,,,,,,,,,,,0,0,0,0
2026-09-28T22:35:11.156627+09:00,53047864,eb6c2af2,2026-09-28T22:35:11.156627+09:00,2026-09-28T22:35:11.200917+09:00,rail-left-01,rail-right-01,0.6.7-draft,0.6.7-draft,mqtt,mqtt,1487.07,1152.52,0.832,0.017,0.024,0.036,0.31,0.018,10.491,9.728,-0.063,0.0317,0.0384,0.0548,-0.0097,-0.0063,25.04,24.96,192,16,0.024,0.002,0.072,0.006,786,786,79,79,0,0,4,4,,,,,,,,,,,,,,,,,0,0,0,0
2026-09-28T22:35:11.176369+09:00,53067606,eb6c2af2,2026-09-28T22:35:11.176369+09:00,2026-09-28T22:35:11.220659+09:00,rail-left-01,rail-right-01,0.6.7-draft,0.6.7-draft,mqtt,mqtt,1487.22,1152.52,0.836,0.017,0.022,0.048,0.346,0.025,10.475,9.723,-0.0593,0.0334,0.0392,0.0572,-0.0089,-0.0063,25.05,24.95,193,16,0.024,0.002,0.072,0.006,787,787,79,79,0,0,4,4,,,,,,,,,,,,,,,,,0,0,0,0
2026-09-28T22:35:11.196417+09:00,53087654,eb6c2af2,2026-09-28T22:35:11.196417+09:00,2026-09-28T22:35:11.240707+09:00,rail-left-01,rail-right-01,0.6.7-draft,0.6.7-draft,mqtt,mqtt,1487.32,1152.52,0.829,0.014,0.047,0.047,0.376,0.01,10.433,9.714,-0.0658,0.0318,0.0393,0.0566,-0.008,-0.0063,25.03,24.96,191,15,0.024,0.002,0.072,0.006,788,788,79,79,0,0,4,4,,,,,,,,,,,,,,,,,0,0,0,0
